Valencia2020 C12 pn: per nucleon, W in GeV^-1; converted from MeV^-1
6 12 MEC_Valencia2020_pn 121 121
0 0.0000 0.0100 0 0.0000 0.0100
 0 0 0 0 0
 0 0 0 0 0
 0 0 0 0 0
 0 0 0 0 0
 0 0 0 0 0
 0 0 0 0 0
 0 0 0 0 0
 0 0 0 0 0
 0 0 0 0 0
 0 0 0 0 0
 0 0 0 0 0
 0 0 0 0 0
 0 0 0 0 0
 0 0 0 0 0
 0 0 0 0 0
 0 0 0 0 0
 0 0 0 0 0
 0 0 0 0 0
 0 0 0 0 0
 0 0 0 0 0
 0 0 0 0 0
 0 0 0 0 0
 0 0 0 0 0
 0 0 0 0 0
 0 0 0 0 0
 0 0 0 0 0
 0 0 0 0 0
 0 0 0 0 0
 0 0 0 0 0
 0 0 0 0 0
 0 0 0 0 0
 0 0 0 0 0
 0 0 0 0 0
 0 0 0 0 0
 0 0 0 0 0
 0 0 0 0 0
 0 0 0 0 0
 0 0 0 0 0
 0 0 0 0 0
 0 0 0 0 0
 0 0 0 0 0
 0 0 0 0 0
 0 0 0 0 0
 0 0 0 0 0
 0 0 0 0 0
 0 0 0 0 0
 0 0 0 0 0
 0 0 0 0 0
 0 0 0 0 0
 0 0 0 0 0
 0 0 0 0 0
 0 0 0 0 0
 0 0 0 0 0
 0 0 0 0 0
 0 0 0 0 0
 0 0 0 0 0
 0 0 0 0 0
 0 0 0 0 0
 0 0 0 0 0
 0 0 0 0 0
 0 0 0 0 0
 0 0 0 0 0
 0 0 0 0 0
 0 0 0 0 0
 0 0 0 0 0
 0 0 0 0 0
 0 0 0 0 0
 0 0 0 0 0
 0 0 0 0 0
 0 0 0 0 0
 0 0 0 0 0
 0 0 0 0 0
 0 0 0 0 0
 0 0 0 0 0
 0 0 0 0 0
 0 0 0 0 0
 0 0 0 0 0
 0 0 0 0 0
 0 0 0 0 0
 0 0 0 0 0
 0 0 0 0 0
 0 0 0 0 0
 0 0 0 0 0
 0 0 0 0 0
 0 0 0 0 0
 0 0 0 0 0
 0 0 0 0 0
 0 0 0 0 0
 0 0 0 0 0
 0 0 0 0 0
 0 0 0 0 0
 0 0 0 0 0
 0 0 0 0 0
 0 0 0 0 0
 0 0 0 0 0
 0 0 0 0 0
 0 0 0 0 0
 0 0 0 0 0
 0 0 0 0 0
 0 0 0 0 0
 0 0 0 0 0
 0 0 0 0 0
 0 0 0 0 0
 0 0 0 0 0
 0 0 0 0 0
 0 0 0 0 0
 0 0 0 0 0
 0 0 0 0 0
 0 0 0 0 0
 0 0 0 0 0
 0 0 0 0 0
 0 0 0 0 0
 0 0 0 0 0
 0 0 0 0 0
 0 0 0 0 0
 0 0 0 0 0
 0 0 0 0 0
 0 0 0 0 0
 0 0 0 0 0
 0 0 0 0 0
 0 0 0 0 0
 0 0 0 0 0
 -0.000607866 -6.57627e-05 0.00225584 -4.99271e-05 0.00219067
 -0.00160709 -0.000142206 0.00446986 -0.000326991 0.00404832
 -0.00265083 -0.000249644 0.00668848 -0.000812406 0.00555069
 -0.00336726 -0.000321439 0.00856917 -0.00145889 0.00642878
 -0.00410677 -0.000392177 0.0106052 -0.00230295 0.00698815
 -0.00465966 -0.000444659 0.0123809 -0.00326437 0.00724336
 -0.00515932 -0.000488088 0.0143547 -0.00435116 0.00721807
 -0.00530751 -0.000530727 0.0154516 -0.005309 0.00680178
 -0.00545538 -0.000563558 0.0164053 -0.00629577 0.00628351
 -0.00523417 -0.000575122 0.0164729 -0.00691466 0.00545726
 -0.00512274 -0.000584145 0.0165591 -0.0075492 0.00477383
 -0.0047456 -0.0005745 0.0161711 -0.00787432 0.00396212
 -0.00448246 -0.000575519 0.0156417 -0.00815115 0.00330529
 -0.00408626 -0.000544069 0.0147273 -0.00815187 0.00264741
 -0.00357409 -0.000515501 0.0134792 -0.00786191 0.00200762
 -0.00320923 -0.000478488 0.0124377 -0.00759174 0.0015194
 -0.00286978 -0.000453033 0.0114495 -0.00731842 0.00114024
 -0.00252347 -0.000422548 0.0106085 -0.0070378 0.000823158
 -0.00222391 -0.000388729 0.00950367 -0.00653989 0.000533372
 -0.00180777 -0.000338691 0.00807369 -0.00575752 0.000273021
 -0.00156463 -0.000302844 0.00730818 -0.00538259 0.000106041
 -0.0012747 -0.000267622 0.00634602 -0.00480663 -3.91606e-05
 -0.00105215 -0.000237787 0.00548713 -0.00427929 -0.000148049
 -0.000862542 -0.000203598 0.00491082 -0.00393078 -0.000207956
 -0.000687744 -0.000175393 0.00414517 -0.00339436 -0.000275313
 -0.000540833 -0.000153503 0.00365349 -0.00306009 -0.000301756
 -0.000455893 -0.000133689 0.00308431 -0.00264594 -0.000335016
 -0.000346645 -0.000110796 0.00270003 -0.0023547 -0.000338391
 -0.000258614 -9.37808e-05 0.00227962 -0.00202507 -0.000341043
 -0.00021343 -8.00455e-05 0.00198326 -0.00178806 -0.00033471
 -0.000149857 -6.52175e-05 0.0017058 -0.00155954 -0.000332453
 -0.000107146 -5.56463e-05 0.00147043 -0.00136347 -0.000319371
 -8.05488e-05 -4.61232e-05 0.00125337 -0.00117754 -0.000298797
 -5.36386e-05 -3.81336e-05 0.00107865 -0.0010232 -0.000274703
 -3.18483e-05 -3.13748e-05 0.000923133 -0.000882125 -0.000266226
 -1.66935e-05 -2.45247e-05 0.00079191 -0.00076622 -0.000242275
 -7.39018e-06 -2.09873e-05 0.000691978 -0.000675779 -0.000223459
 3.15169e-06 -1.62149e-05 0.000583214 -0.000571908 -0.000203515
 7.7557e-06 -1.31356e-05 0.000506461 -0.000500181 -0.000179053
 1.27977e-05 -1.03126e-05 0.000430226 -0.000427673 -0.000169037
 1.57478e-05 -7.44623e-06 0.000372829 -0.000370545 -0.000148573
 2.00139e-05 -5.73692e-06 0.000318653 -0.000318546 -0.000135313
 2.16373e-05 -4.10068e-06 0.000272832 -0.000273328 -0.000116731
 2.249e-05 -2.75447e-06 0.000237147 -0.000238762 -0.000103547
 2.36542e-05 -1.38003e-06 0.000202211 -0.000203553 -9.23717e-05
 2.32269e-05 -7.3221e-07 0.000175004 -0.000175324 -7.98536e-05
 2.27772e-05 -3.10341e-07 0.000151808 -0.000151455 -6.75773e-05
 2.24773e-05 2.46852e-07 0.00012893 -0.000129088 -5.69938e-05
 2.18978e-05 6.67819e-07 0.000109869 -0.000109627 -4.67845e-05
 2.15642e-05 9.55758e-07 9.42992e-05 -9.40792e-05 -4.02267e-05
 2.09834e-05 1.20832e-06 8.2848e-05 -8.16427e-05 -3.42048e-05
 1.97717e-05 1.45736e-06 6.90427e-05 -6.79044e-05 -2.79291e-05
 1.91367e-05 1.44507e-06 5.99902e-05 -5.86028e-05 -2.20396e-05
 1.82828e-05 1.57247e-06 5.0408e-05 -4.88938e-05 -1.93485e-05
 1.72927e-05 1.61913e-06 4.24127e-05 -4.08858e-05 -1.4809e-05
 1.63131e-05 1.59703e-06 3.55047e-05 -3.37449e-05 -1.09718e-05
 1.54576e-05 1.59376e-06 3.01737e-05 -2.85395e-05 -9.19242e-06
 1.45091e-05 1.52307e-06 2.53488e-05 -2.36093e-05 -7.04398e-06
 1.3483e-05 1.38094e-06 2.132e-05 -1.9663e-05 -5.3069e-06
 1.25387e-05 1.34354e-06 1.79499e-05 -1.64873e-05 -4.07492e-06
 1.15728e-05 1.22275e-06 1.49242e-05 -1.34322e-05 -3.08825e-06
 1.07675e-05 1.16597e-06 1.26432e-05 -1.12331e-05 -2.31896e-06
 9.76242e-06 1.08986e-06 1.05119e-05 -9.20358e-06 -1.96143e-06
 9.111e-06 9.78342e-07 8.9e-06 -7.76068e-06 -1.30486e-06
 8.25171e-06 8.61608e-07 7.31905e-06 -6.2856e-06 -8.80025e-07
 7.46706e-06 8.00602e-07 6.00157e-06 -5.05436e-06 -7.79822e-07
 6.90185e-06 7.24348e-07 5.14877e-06 -4.27314e-06 -5.59504e-07
 6.09515e-06 6.47328e-07 4.15926e-06 -3.39758e-06 -4.76616e-07
 5.54488e-06 5.64828e-07 3.46908e-06 -2.79991e-06 -3.32032e-07
 5.10895e-06 5.13668e-07 2.92156e-06 -2.32915e-06 -1.99112e-07
 4.57087e-06 4.5462e-07 2.41333e-06 -1.89565e-06 -1.31441e-07
 4.11089e-06 4.05167e-07 2.00436e-06 -1.56517e-06 -7.20588e-08
 3.54286e-06 3.40991e-07 1.61786e-06 -1.26093e-06 -6.39115e-08
 3.25218e-06 3.11649e-07 1.36545e-06 -1.03404e-06 -5.31952e-08
 2.82679e-06 2.5824e-07 1.08707e-06 -8.15019e-07 -2.48794e-10
 2.48491e-06 2.23533e-07 8.98825e-07 -6.75912e-07 2.67505e-08
 2.27292e-06 2.04047e-07 7.54633e-07 -5.62429e-07 -3.42837e-09
 2.01117e-06 1.77662e-07 6.28295e-07 -4.68227e-07 1.6202e-09
 1.73355e-06 1.47984e-07 5.01254e-07 -3.67893e-07 1.39602e-08
 1.53818e-06 1.29927e-07 4.21048e-07 -3.10226e-07 1.69039e-08
 1.34856e-06 1.13217e-07 3.41787e-07 -2.52273e-07 1.01838e-08
 1.1327e-06 9.46617e-08 2.7041e-07 -2.01005e-07 6.34323e-09
 9.84342e-07 8.16722e-08 2.16248e-07 -1.62551e-07 4.49643e-10
 8.58142e-07 6.73588e-08 1.78395e-07 -1.31941e-07 8.86142e-09
 7.41779e-07 5.87158e-08 1.4491e-07 -1.06537e-07 5.53815e-09
 6.21043e-07 4.78671e-08 1.15191e-07 -8.87908e-08 5.92806e-09
 5.19864e-07 3.94718e-08 8.99258e-08 -6.9043e-08 3.52897e-09
 4.50551e-07 3.37631e-08 7.36439e-08 -5.60059e-08 3.10886e-09
 3.61871e-07 2.66861e-08 5.58745e-08 -4.29564e-08 9.12217e-10
 3.05341e-07 2.16932e-08 4.48618e-08 -3.53869e-08 3.49987e-09
 2.54049e-07 1.80683e-08 3.62117e-08 -2.89238e-08 1.37823e-09
 1.9811e-07 1.40937e-08 2.70295e-08 -2.22921e-08 -6.20423e-10
 1.60727e-07 1.11054e-08 2.11893e-08 -1.80266e-08 -9.87783e-11
 1.36878e-07 9.12733e-09 1.73002e-08 -1.49239e-08 4.93743e-10
 1.08994e-07 7.41865e-09 1.32867e-08 -1.17046e-08 -1.07995e-09
 9.01458e-08 5.84069e-09 1.04977e-08 -9.41208e-09 -5.92443e-13
 6.77071e-08 4.41515e-09 7.729e-09 -7.0714e-09 -5.26604e-10
 5.24791e-08 3.14686e-09 5.77528e-09 -5.34998e-09 4.97416e-10
 3.88763e-08 2.46919e-09 4.16741e-09 -4.03066e-09 -5.23583e-10
 2.92344e-08 1.62817e-09 3.11938e-09 -3.06639e-09 5.32352e-10
 2.05336e-08 1.12278e-09 2.12922e-09 -2.11893e-09 3.10687e-10
 1.39162e-08 7.87557e-10 1.41517e-09 -1.43227e-09 4.69194e-12
 9.45325e-09 5.21425e-10 9.49517e-10 -9.894e-10 -5.7626e-12
 6.08717e-09 3.11036e-10 6.06985e-10 -6.46222e-10 9.333e-11
 3.6672e-09 1.87317e-10 3.64191e-10 -3.93893e-10 3.14087e-11
 1.75737e-09 7.99249e-11 1.73082e-10 -1.88823e-10 5.54332e-11
 8.37342e-10 3.91526e-11 8.2363e-11 -9.24242e-11 1.48011e-11
 4.6735e-10 2.04932e-11 4.56737e-11 -5.19785e-11 1.21927e-11
 1.16623e-10 4.77296e-12 1.15177e-11 -1.33794e-11 4.03931e-12
 3.70539e-11 1.50026e-12 3.63504e-12 -4.31007e-12 1.12895e-12
 2.22958e-12 8.5885e-14 2.21789e-13 -2.65144e-13 7.17823e-14
 2.22123e-15 4.31334e-16 2.12843e-16 -2.83442e-16 -1.88524e-15
 0 0 0 0 0
 0 0 0 0 0
 0 0 0 0 0
 0 0 0 0 0
 0 0 0 0 0
 0 0 0 0 0
 0 0 0 0 0
 0 0 0 0 0
 0 0 0 0 0
 0 0 0 0 0
 0.00255853 -0.000141819 0.00293771 -7.40307e-05 0.00247686
 0.00197739 -0.000346967 0.00575398 -0.000542035 0.00461288
 0.00085465 -0.000680143 0.00851567 -0.00130118 0.00601538
 -0.000213982 -0.000937258 0.0118317 -0.0024727 0.0073345
 -0.00150889 -0.00125332 0.0154635 -0.00393379 0.00823886
 -0.00282342 -0.00154627 0.0196787 -0.00596445 0.0090015
 -0.00429706 -0.00179687 0.0233179 -0.0081634 0.00905825
 -0.00558912 -0.00203773 0.026702 -0.0105517 0.00865558
 -0.00702328 -0.00227176 0.0309632 -0.0134483 0.00851033
 -0.00738917 -0.00238972 0.0324121 -0.0153247 0.00743536
 -0.008857 -0.00253519 0.0357302 -0.0181395 0.00676339
 -0.00915283 -0.00258688 0.0363762 -0.019686 0.00550252
 -0.00966575 -0.00267936 0.0378144 -0.0216398 0.00471277
 -0.0101371 -0.00275913 0.0381547 -0.0229128 0.00359743
 -0.0102953 -0.00269125 0.038039 -0.0238343 0.0027248
 -0.009991 -0.00260813 0.0370401 -0.0243442 0.00181992
 -0.00994425 -0.00252412 0.0364086 -0.0247261 0.00101243
 -0.00927358 -0.00235433 0.0342957 -0.0242068 0.000210985
 -0.00861967 -0.00222552 0.0321913 -0.0234462 -0.000310205
 -0.00818784 -0.00209279 0.0309633 -0.023154 -0.000839525
 -0.00722255 -0.00187361 0.0281775 -0.0216995 -0.00126326
 -0.00655302 -0.00172053 0.0258334 -0.0204918 -0.00159971
 -0.00587915 -0.00156014 0.0239887 -0.0195438 -0.0019003
 -0.00553109 -0.00140908 0.0220988 -0.0183877 -0.00201888
 -0.00471726 -0.00123465 0.0196071 -0.0166695 -0.00216942
 -0.00403305 -0.00108361 0.0178737 -0.015435 -0.00212733
 -0.00357412 -0.000950158 0.0157406 -0.0138508 -0.0022386
 -0.00298157 -0.000811902 0.0142249 -0.0127289 -0.0022069
 -0.00258417 -0.000707044 0.0125933 -0.011462 -0.00213582
 -0.0021791 -0.000609323 0.0112189 -0.0103405 -0.00206782
 -0.00173791 -0.000511735 0.0097125 -0.009081 -0.0020871
 -0.00146188 -0.000432948 0.00860808 -0.00814538 -0.0018675
 -0.00113413 -0.000362736 0.00744221 -0.00709176 -0.00187288
 -0.000901508 -0.000306477 0.00653545 -0.00629863 -0.00173174
 -0.000680488 -0.000247445 0.00573059 -0.00556153 -0.00154995
 -0.000517122 -0.000201524 0.00505533 -0.00493493 -0.00144383
 -0.000360998 -0.000162698 0.0043812 -0.00430955 -0.00130179
 -0.000238667 -0.000129732 0.00372302 -0.00368209 -0.00121435
 -0.000133713 -0.000104555 0.0032512 -0.00322676 -0.00109937
 -7.6372e-05 -8.05367e-05 0.00281938 -0.00281076 -0.00101007
 -1.99243e-05 -6.28447e-05 0.00244753 -0.00244227 -0.000913633
 3.30031e-05 -4.58068e-05 0.00209318 -0.00209752 -0.000807468
 7.31072e-05 -3.37855e-05 0.00181942 -0.00182837 -0.000698532
 9.28033e-05 -2.12325e-05 0.0015704 -0.00157442 -0.000645484
 0.000117729 -1.29344e-05 0.00138346 -0.001385 -0.000551
 0.000126288 -5.59816e-06 0.00118203 -0.00118252 -0.000479522
 0.000134992 6.97655e-08 0.00102288 -0.00102163 -0.000394302
 0.000139652 2.82568e-06 0.000875817 -0.000870867 -0.000353935
 0.000140726 6.0297e-06 0.000743093 -0.000737693 -0.000295497
 0.000144435 8.97642e-06 0.000657042 -0.000648475 -0.000243014
 0.000139827 1.09568e-05 0.000551844 -0.000540567 -0.000199267
 0.00013547 1.26219e-05 0.000465289 -0.000452508 -0.000166799
 0.000131988 1.36248e-05 0.000395585 -0.00038243 -0.000145381
 0.000130427 1.34661e-05 0.000341443 -0.000328429 -0.000113033
 0.000123421 1.42184e-05 0.000283937 -0.000270442 -9.10017e-05
 0.000117346 1.3218e-05 0.000239911 -0.000225524 -7.07249e-05
 0.000109712 1.28589e-05 0.000199462 -0.000186957 -5.67103e-05
 0.000103125 1.2446e-05 0.000168088 -0.000155888 -4.39363e-05
 9.68367e-05 1.17317e-05 0.000142082 -0.000129544 -3.49804e-05
 8.91192e-05 1.08715e-05 0.000118712 -0.000107788 -2.68207e-05
 8.18145e-05 9.97692e-06 9.79767e-05 -8.73283e-05 -1.92361e-05
 7.6867e-05 9.53025e-06 8.38042e-05 -7.34144e-05 -1.5357e-05
 7.04419e-05 8.68608e-06 6.9176e-05 -6.02864e-05 -1.12459e-05
 6.46172e-05 7.91136e-06 5.83038e-05 -4.96188e-05 -8.43533e-06
 5.90326e-05 7.11523e-06 4.92012e-05 -4.15422e-05 -6.45223e-06
 5.28488e-05 6.22118e-06 4.03386e-05 -3.35939e-05 -4.36334e-06
 4.85901e-05 5.70284e-06 3.3242e-05 -2.70244e-05 -3.13078e-06
 4.33818e-05 4.96519e-06 2.78799e-05 -2.27781e-05 -2.05928e-06
 3.98314e-05 4.42895e-06 2.34885e-05 -1.86427e-05 -1.17467e-06
 3.51523e-05 3.97827e-06 1.90258e-05 -1.50371e-05 -1.17664e-06
 3.18523e-05 3.46139e-06 1.59992e-05 -1.2439e-05 -3.31114e-07
 2.84558e-05 3.11015e-06 1.31804e-05 -1.02243e-05 -4.6015e-07
 2.55657e-05 2.69599e-06 1.10414e-05 -8.42458e-06 -4.04159e-09
 2.24597e-05 2.35281e-06 8.92025e-06 -6.80375e-06 -1.14142e-07
 1.98058e-05 2.01801e-06 7.31662e-06 -5.44068e-06 2.61987e-08
 1.76827e-05 1.7613e-06 6.05217e-06 -4.50484e-06 1.83684e-07
 1.57717e-05 1.52951e-06 4.96083e-06 -3.65713e-06 2.62226e-07
 1.34907e-05 1.30012e-06 3.98952e-06 -2.95463e-06 2.66449e-07
 1.16982e-05 1.11632e-06 3.21493e-06 -2.32498e-06 1.96343e-07
 1.03223e-05 9.79842e-07 2.67195e-06 -1.97086e-06 1.22935e-07
 8.92367e-06 8.17985e-07 2.16162e-06 -1.57582e-06 2.03743e-07
 7.58139e-06 6.8502e-07 1.71711e-06 -1.26668e-06 1.68687e-07
 6.64779e-06 5.97652e-07 1.42782e-06 -1.07483e-06 1.17359e-07
 5.67482e-06 4.98624e-07 1.13247e-06 -8.43442e-07 1.21165e-07
 4.93655e-06 4.25866e-07 9.31192e-07 -7.02892e-07 9.489e-08
 4.15505e-06 3.50906e-07 7.51268e-07 -5.71936e-07 8.61067e-08
 3.48501e-06 2.89969e-07 5.88046e-07 -4.46143e-07 7.26027e-08
 2.92293e-06 2.36236e-07 4.66657e-07 -3.65697e-07 7.07048e-08
 2.45298e-06 1.8972e-07 3.76884e-07 -2.94496e-07 8.93958e-08
 1.98432e-06 1.51354e-07 2.91728e-07 -2.35308e-07 6.14848e-08
 1.63995e-06 1.28534e-07 2.30199e-07 -1.8947e-07 2.34591e-08
 1.37328e-06 1.02519e-07 1.8475e-07 -1.54066e-07 3.48281e-08
 1.13446e-06 8.29674e-08 1.45924e-07 -1.23008e-07 2.95594e-08
 8.8285e-07 6.25986e-08 1.11779e-07 -9.83483e-08 2.29466e-08
 6.80743e-07 4.8522e-08 8.25147e-08 -7.33831e-08 1.29155e-08
 5.71776e-07 3.90719e-08 6.78361e-08 -6.19954e-08 1.59771e-08
 4.44794e-07 2.98617e-08 5.16334e-08 -4.82357e-08 1.10168e-08
 3.48247e-07 2.24448e-08 3.93791e-08 -3.76221e-08 1.07019e-08
 2.4057e-07 1.54282e-08 2.6258e-08 -2.5598e-08 6.57357e-09
 1.79949e-07 1.10976e-08 1.96198e-08 -1.96018e-08 5.87803e-09
 1.31357e-07 7.85943e-09 1.41193e-08 -1.43476e-08 4.42757e-09
 9.07383e-08 5.37839e-09 9.60142e-09 -1.00024e-08 2.86003e-09
 6.15287e-08 3.42998e-09 6.40878e-09 -6.82653e-09 2.5183e-09
 3.96648e-08 2.23682e-09 4.17389e-09 -4.52942e-09 1.24138e-09
 2.73945e-08 1.45112e-09 2.83178e-09 -3.11887e-09 1.1312e-09
 1.69357e-08 8.45125e-10 1.73366e-09 -1.94179e-09 8.44367e-10
 8.43017e-09 4.27268e-10 8.68858e-10 -9.882e-10 3.36667e-10
 4.45718e-09 2.11803e-10 4.56532e-10 -5.32408e-10 2.14753e-10
 2.50133e-09 1.21215e-10 2.58092e-10 -3.04182e-10 9.19575e-11
 9.14167e-10 4.35868e-11 9.45675e-11 -1.12697e-10 3.19482e-11
 3.21457e-10 1.50505e-11 3.32489e-11 -4.00804e-11 9.99033e-12
 9.39292e-11 4.38345e-12 9.75208e-12 -1.18827e-11 2.4852e-12
 8.72783e-12 4.0117e-13 9.08667e-13 -1.12214e-12 1.7291e-13
 1.93569e-13 9.12625e-15 2.04747e-14 -2.55668e-14 -4.48474e-16
 0 0 0 0 0
 0 0 0 0 0
 0 0 0 0 0
 0 0 0 0 0
 0 0 0 0 0
 0 0 0 0 0
 0 0 0 0 0
 0 0 0 0 0
 0.0124894 0.000535456 -0.00127522 -0.000144235 -0.00203876
 0.0122285 0.000242307 0.000839558 -0.000620005 -0.000417034
 0.0119094 -0.000114524 0.00365309 -0.00140498 0.000731377
 0.0111754 -0.00056544 0.00728903 -0.00259735 0.00167335
 0.00975142 -0.00121 0.0107246 -0.00412517 0.00239132
 0.00856 -0.00165534 0.0146856 -0.0060794 0.00246417
 0.00704202 -0.00210648 0.0184748 -0.00841908 0.00235477
 0.00630563 -0.0024169 0.0225414 -0.0112095 0.00232055
 0.0043829 -0.00300643 0.0279684 -0.0149145 0.00198057
 0.00256894 -0.00332195 0.0310922 -0.0178115 0.0015585
 0.00114019 -0.003664 0.0343548 -0.0205973 0.000640359
 -0.00133747 -0.00411518 0.0388342 -0.0242975 1.53581e-05
 -0.00321923 -0.00440316 0.0425177 -0.0276638 -0.000599343
 -0.00570841 -0.0047309 0.0444313 -0.0299708 -0.00173408
 -0.00694597 -0.00480769 0.046842 -0.0328068 -0.00226838
 -0.0077656 -0.00484364 0.0476881 -0.0343601 -0.00308904
 -0.00938858 -0.00488527 0.0494677 -0.0367118 -0.0037656
 -0.00964317 -0.00474841 0.0487075 -0.0372392 -0.00424504
 -0.00996192 -0.00461129 0.0484549 -0.0380649 -0.00472021
 -0.0101069 -0.00441818 0.0472662 -0.0378739 -0.00520184
 -0.0102781 -0.0042388 0.047304 -0.0386726 -0.00530436
 -0.00995883 -0.00399485 0.0447983 -0.0374614 -0.00581893
 -0.00950433 -0.00367459 0.0425651 -0.0363693 -0.00587783
 -0.00915667 -0.00335918 0.0404765 -0.0351165 -0.00607565
 -0.00856608 -0.00307216 0.0382028 -0.0337341 -0.00589982
 -0.00795308 -0.00283241 0.0354058 -0.0318842 -0.00597363
 -0.00732729 -0.00248363 0.0331588 -0.0301747 -0.00560376
 -0.00640135 -0.00221544 0.0299697 -0.0277118 -0.0055905
 -0.0057682 -0.00193855 0.0274643 -0.0256879 -0.0053873
 -0.00514255 -0.00169453 0.0254883 -0.0240138 -0.00506506
 -0.0043959 -0.00144445 0.0226357 -0.0216507 -0.00490171
 -0.00385057 -0.00125103 0.0205428 -0.0198116 -0.00464648
 -0.00317886 -0.00105869 0.0181998 -0.0176891 -0.00424424
 -0.00271844 -0.000891275 0.0165234 -0.0161741 -0.00396162
 -0.00225848 -0.00074759 0.0147137 -0.0144754 -0.00370434
 -0.00178336 -0.000612246 0.0132214 -0.0130276 -0.0032923
 -0.0014807 -0.00052008 0.0116684 -0.0115369 -0.00300595
 -0.00105829 -0.000414568 0.0103438 -0.0102697 -0.00280257
 -0.000804239 -0.000338448 0.00908317 -0.00904242 -0.00255022
 -0.000535547 -0.000263711 0.00801242 -0.00799835 -0.00227328
 -0.000310104 -0.000199595 0.00703498 -0.00704998 -0.00199929
 -0.000137473 -0.000147917 0.00609858 -0.00608822 -0.001756
 2.82722e-06 -0.000108084 0.00537312 -0.00538342 -0.00161745
 0.000103763 -7.6181e-05 0.00466897 -0.00464578 -0.00135367
 0.000195399 -4.2834e-05 0.00406807 -0.00406648 -0.00121477
 0.00026343 -2.61596e-05 0.00351908 -0.00350846 -0.00106827
 0.000307994 -7.73968e-06 0.00305935 -0.00303055 -0.000911817
 0.000349776 1.3326e-05 0.00261874 -0.00258668 -0.000754462
 0.000380589 2.00897e-05 0.00226497 -0.00223707 -0.000671631
 0.000390298 3.09366e-05 0.00193636 -0.00189469 -0.000551519
 0.000394728 3.44611e-05 0.00165629 -0.00160511 -0.000457878
 0.000391926 4.13137e-05 0.00139378 -0.00134693 -0.000403158
 0.000380722 4.19243e-05 0.00115778 -0.00111216 -0.000313535
 0.000372903 4.56408e-05 0.000979975 -0.000930017 -0.000273948
 0.000358095 4.4569e-05 0.000827437 -0.000779597 -0.000227317
 0.000343343 4.32786e-05 0.0006896 -0.000645086 -0.000172669
 0.00031974 4.09418e-05 0.000575387 -0.00053388 -0.000140229
 0.000300734 4.03547e-05 0.0004773 -0.000437688 -0.000116584
 0.00028193 3.76343e-05 0.000404219 -0.000366816 -8.31475e-05
 0.000263008 3.51302e-05 0.000338098 -0.00030206 -6.65602e-05
 0.000242577 3.22384e-05 0.000281228 -0.00024833 -5.17212e-05
 0.000221991 2.9262e-05 0.00023341 -0.000203059 -3.6519e-05
 0.000204393 2.73339e-05 0.000196229 -0.000168153 -3.19108e-05
 0.000189678 2.48697e-05 0.000165783 -0.000140869 -2.24922e-05
 0.000172102 2.20017e-05 0.000135837 -0.000113235 -1.29012e-05
 0.000154889 1.98187e-05 0.000113946 -9.411e-05 -9.81525e-06
 0.000142816 1.80932e-05 9.62133e-05 -7.88109e-05 -7.53159e-06
 0.000126299 1.56523e-05 7.73185e-05 -6.23137e-05 -4.70049e-06
 0.000111989 1.35863e-05 6.34136e-05 -5.00535e-05 -2.85988e-06
 0.000102619 1.25405e-05 5.37427e-05 -4.19242e-05 -2.49597e-06
 9.29658e-05 1.09098e-05 4.48309e-05 -3.47636e-05 -6.75761e-08
 8.21535e-05 9.34958e-06 3.67192e-05 -2.81072e-05 1.05656e-06
 7.33189e-05 8.43383e-06 3.04065e-05 -2.30305e-05 4.41866e-07
 6.46202e-05 7.22784e-06 2.48159e-05 -1.85887e-05 9.4725e-07
 5.71583e-05 6.29959e-06 2.05707e-05 -1.54312e-05 1.02303e-06
 5.0209e-05 5.45614e-06 1.64919e-05 -1.21014e-05 1.10133e-06
 4.51019e-05 4.80706e-06 1.39201e-05 -1.02363e-05 1.18302e-06
 3.87695e-05 4.08679e-06 1.11497e-05 -8.13754e-06 1.09653e-06
 3.49604e-05 3.57594e-06 9.42783e-06 -6.93793e-06 1.23668e-06
 2.98819e-05 2.99838e-06 7.51612e-06 -5.48487e-06 1.04697e-06
 2.57149e-05 2.55621e-06 6.13498e-06 -4.56474e-06 7.58748e-07
 2.19735e-05 2.15876e-06 4.94558e-06 -3.69471e-06 6.27828e-07
 1.87231e-05 1.79557e-06 3.95591e-06 -2.976e-06 6.66477e-07
 1.62624e-05 1.49778e-06 3.18513e-06 -2.38017e-06 7.27125e-07
 1.38068e-05 1.26489e-06 2.61855e-06 -1.99722e-06 5.67817e-07
 1.14078e-05 1.03322e-06 2.03473e-06 -1.55417e-06 4.31086e-07
 9.81717e-06 8.78508e-07 1.67503e-06 -1.29973e-06 3.52069e-07
 8.25063e-06 7.12544e-07 1.32515e-06 -1.05245e-06 3.49326e-07
 6.90518e-06 5.88248e-07 1.05701e-06 -8.48167e-07 2.91037e-07
 5.69897e-06 4.64483e-07 8.37175e-07 -6.75889e-07 2.90171e-07
 4.66932e-06 3.7893e-07 6.62697e-07 -5.53309e-07 2.02524e-07
 3.88459e-06 3.09406e-07 5.33012e-07 -4.56046e-07 1.7858e-07
 3.12989e-06 2.45985e-07 4.11978e-07 -3.58961e-07 1.34897e-07
 2.52882e-06 1.90329e-07 3.22929e-07 -2.86495e-07 1.27185e-07
 1.99476e-06 1.50546e-07 2.47899e-07 -2.26143e-07 8.48383e-08
 1.52673e-06 1.11753e-07 1.86056e-07 -1.72663e-07 6.76828e-08
 1.20203e-06 8.63867e-08 1.43383e-07 -1.36988e-07 5.64176e-08
 9.29383e-07 6.63282e-08 1.07411e-07 -1.04262e-07 3.76143e-08
 7.06864e-07 4.91512e-08 8.06508e-08 -8.04287e-08 3.02467e-08
 5.2253e-07 3.54956e-08 5.87898e-08 -6.00091e-08 2.276e-08
 4.15021e-07 2.70628e-08 4.58717e-08 -4.74107e-08 2.03905e-08
 2.84847e-07 1.84589e-08 3.12616e-08 -3.32703e-08 1.27162e-08
 2.10112e-07 1.33345e-08 2.2873e-08 -2.46674e-08 9.04442e-09
 1.41289e-07 8.59508e-09 1.52928e-08 -1.68311e-08 6.86871e-09
 9.7e-08 5.82709e-09 1.03951e-08 -1.16677e-08 4.46441e-09
 6.01757e-08 3.47475e-09 6.44783e-09 -7.29081e-09 3.00942e-09
 3.9773e-08 2.26978e-09 4.28656e-09 -4.92958e-09 1.81929e-09
 2.44484e-08 1.38129e-09 2.59858e-09 -3.06715e-09 1.03542e-09
 1.45303e-08 7.97643e-10 1.56053e-09 -1.85568e-09 6.08707e-10
 6.05262e-09 3.31829e-10 6.55469e-10 -7.87686e-10 2.16315e-10
 3.33523e-09 1.8033e-10 3.62609e-10 -4.40037e-10 1.03983e-10
 1.48193e-09 7.94393e-11 1.59438e-10 -1.96311e-10 3.95127e-11
 4.58477e-10 2.38678e-11 4.95252e-11 -6.15018e-11 1.18998e-11
 1.00054e-10 5.74432e-12 1.09608e-11 -1.372e-11 -1.63292e-12
 1.13371e-11 6.19667e-13 1.25077e-12 -1.58378e-12 7.18278e-15
 1.23042e-14 1.58684e-15 1.28545e-15 -1.66724e-15 -7.44003e-15
 0 0 0 0 0
 0 0 0 0 0
 0 0 0 0 0
 0 0 0 0 0
 0 0 0 0 0
 0 0 0 0 0
 0.0270793 0.0026764 -0.0113457 -0.000539898 -0.0115374
 0.0275611 0.0026343 -0.00866658 -0.000864183 -0.0102043
 0.0286367 0.00232661 -0.00680936 -0.00137137 -0.00904642
 0.0277168 0.00174683 -0.00375928 -0.00222895 -0.00854492
 0.0268917 0.00112818 -0.000696823 -0.00365812 -0.00810318
 0.0264854 0.000595856 0.00286982 -0.00540506 -0.00764847
 0.025964 9.768e-05 0.00678355 -0.00762354 -0.00735514
 0.0239474 -0.000934683 0.0116057 -0.0103156 -0.0071888
 0.0214901 -0.00158867 0.0154912 -0.0130129 -0.00791776
 0.0199115 -0.00213395 0.0198117 -0.0160682 -0.00859717
 0.0169741 -0.00293909 0.0245291 -0.0197587 -0.00833608
 0.0123142 -0.00365082 0.0304111 -0.0241503 -0.0085765
 0.0118624 -0.00408451 0.0336293 -0.0275084 -0.00923467
 0.00817658 -0.0046165 0.0377052 -0.0308217 -0.00937075
 0.00562448 -0.00512015 0.0426461 -0.0349738 -0.00979283
 0.00297446 -0.00541168 0.04491 -0.0376348 -0.0100812
 0.000593756 -0.00573064 0.0474937 -0.0401447 -0.0105708
 -0.000746528 -0.00582612 0.0498584 -0.0426522 -0.0107008
 -0.00313792 -0.00596595 0.0518487 -0.0448893 -0.0105704
 -0.00428752 -0.00593659 0.0527842 -0.046119 -0.0105799
 -0.00690241 -0.00589575 0.0540605 -0.0478501 -0.0107616
 -0.00648277 -0.00548792 0.0530055 -0.0475987 -0.0109343
 -0.00736673 -0.00542498 0.0526732 -0.0479374 -0.0108149
 -0.00779774 -0.00504705 0.0511537 -0.0471062 -0.0106605
 -0.00827059 -0.00480395 0.0514162 -0.0472636 -0.0101986
 -0.00768498 -0.00433319 0.0479182 -0.0450563 -0.00955792
 -0.0074207 -0.00403097 0.0465057 -0.0441047 -0.00921083
 -0.00725722 -0.00362608 0.0434561 -0.0414688 -0.00881342
 -0.00689425 -0.00320763 0.0417931 -0.0402002 -0.00828582
 -0.00625533 -0.00288477 0.039078 -0.0377437 -0.00778614
 -0.00562346 -0.00254733 0.0360097 -0.0351242 -0.00737915
 -0.00490627 -0.00221084 0.0334463 -0.032669 -0.00690247
 -0.00474099 -0.00197267 0.0310458 -0.0306942 -0.00642415
 -0.00412167 -0.00167637 0.0285348 -0.0281957 -0.00600124
 -0.00330822 -0.00137869 0.0254362 -0.0253408 -0.00547062
 -0.00292108 -0.00117293 0.0235044 -0.0233685 -0.00487914
 -0.00239286 -0.000984158 0.0214026 -0.0213526 -0.00448637
 -0.00185295 -0.000796658 0.0189781 -0.0189689 -0.00410707
 -0.00145433 -0.000655238 0.0171673 -0.0171903 -0.00370528
 -0.00112973 -0.000506386 0.0155195 -0.0154481 -0.00331291
 -0.000744438 -0.000402824 0.0136183 -0.0135895 -0.00309803
 -0.000452857 -0.000307515 0.0120913 -0.012027 -0.0025678
 -0.000193291 -0.000220883 0.0108207 -0.010783 -0.00216584
 3.05209e-05 -0.000157439 0.00965525 -0.0095915 -0.00192648
 0.000200447 -0.00010327 0.00834367 -0.00828763 -0.00171938
 0.000361866 -5.67927e-05 0.00724717 -0.0071815 -0.0014933
 0.000496243 -1.22752e-05 0.00622781 -0.00613069 -0.00130744
 0.000579367 1.38963e-05 0.00544222 -0.00534484 -0.00117609
 0.000661154 4.39513e-05 0.00460356 -0.00449958 -0.000969308
 0.000721797 5.84145e-05 0.00402993 -0.00391578 -0.000811827
 0.000729498 7.12864e-05 0.00338283 -0.00326142 -0.000676572
 0.000774476 8.90508e-05 0.00288635 -0.00277155 -0.000581626
 0.000756344 9.24525e-05 0.0023986 -0.00228614 -0.00050632
 0.000730434 9.33317e-05 0.00199313 -0.00188701 -0.000400571
 0.000713269 9.38608e-05 0.0016864 -0.00159095 -0.000322482
 0.000705072 9.55908e-05 0.00143959 -0.00133989 -0.000276807
 0.000640502 8.91958e-05 0.00116146 -0.00107027 -0.000221792
 0.00061052 8.37292e-05 0.000983533 -0.000898033 -0.000164618
 0.000569822 8.05019e-05 0.000813729 -0.000729692 -0.000138584
 0.000530961 7.54903e-05 0.000686903 -0.000609259 -0.000104343
 0.000493045 6.85384e-05 0.000568616 -0.000496037 -7.49581e-05
 0.000452107 6.34576e-05 0.000472776 -0.000409297 -6.17492e-05
 0.000419167 5.91022e-05 0.000396868 -0.000339225 -4.55467e-05
 0.000375377 5.20668e-05 0.000325481 -0.000274015 -3.22251e-05
 0.000342945 4.68842e-05 0.000273228 -0.000228163 -2.16763e-05
 0.000316948 4.29061e-05 0.000228942 -0.000187865 -1.25848e-05
 0.000279383 3.73863e-05 0.000184965 -0.000149371 -7.70542e-06
 0.000251678 3.29236e-05 0.000151061 -0.000119761 -3.33209e-06
 0.000232232 2.98791e-05 0.00013146 -0.000104104 1.49355e-06
 0.00020598 2.64343e-05 0.000106449 -8.31267e-05 -5.30335e-07
 0.000188879 2.3953e-05 8.94217e-05 -6.88948e-05 2.50117e-06
 0.000167181 2.06632e-05 7.33994e-05 -5.60961e-05 3.81931e-06
 0.000143935 1.76619e-05 5.90547e-05 -4.51663e-05 2.84671e-06
 0.000129767 1.53732e-05 4.89707e-05 -3.62467e-05 4.92513e-06
 0.000115164 1.3519e-05 4.08271e-05 -3.03961e-05 4.2685e-06
 0.000102343 1.1777e-05 3.39168e-05 -2.55347e-05 4.39311e-06
 8.98458e-05 1.03823e-05 2.75718e-05 -2.04458e-05 2.85154e-06
 7.82637e-05 8.788e-06 2.25157e-05 -1.66372e-05 3.29902e-06
 6.86308e-05 7.56344e-06 1.8536e-05 -1.37482e-05 3.09585e-06
 5.8195e-05 6.27026e-06 1.46202e-05 -1.08079e-05 2.76276e-06
 5.08377e-05 5.38867e-06 1.21298e-05 -9.09675e-06 2.42634e-06
 4.35066e-05 4.47155e-06 9.82925e-06 -7.39186e-06 2.47657e-06
 3.71203e-05 3.78566e-06 7.80415e-06 -5.83858e-06 1.88269e-06
 3.28363e-05 3.27732e-06 6.53558e-06 -4.95922e-06 1.89419e-06
 2.83938e-05 2.78033e-06 5.3161e-06 -4.06003e-06 1.61534e-06
 2.33775e-05 2.23033e-06 4.18722e-06 -3.29318e-06 1.40606e-06
 1.9791e-05 1.86228e-06 3.39069e-06 -2.69292e-06 1.18826e-06
 1.6851e-05 1.55992e-06 2.74233e-06 -2.2174e-06 9.89883e-07
 1.38093e-05 1.26797e-06 2.15551e-06 -1.77287e-06 7.57103e-07
 1.14732e-05 1.04037e-06 1.72141e-06 -1.44727e-06 5.96256e-07
 9.15225e-06 8.03809e-07 1.3297e-06 -1.13542e-06 5.25544e-07
 8.03543e-06 6.9355e-07 1.13232e-06 -9.86617e-07 4.46874e-07
 6.41026e-06 5.49881e-07 8.68292e-07 -7.7626e-07 3.31586e-07
 5.09806e-06 4.2451e-07 6.70847e-07 -6.11798e-07 2.78133e-07
 4.0793e-06 3.33684e-07 5.20093e-07 -4.86642e-07 2.16812e-07
 3.20864e-06 2.57873e-07 4.05036e-07 -3.86981e-07 1.71682e-07
 2.71079e-06 2.10736e-07 3.2938e-07 -3.20562e-07 1.56402e-07
 2.10478e-06 1.6263e-07 2.54127e-07 -2.51696e-07 1.103e-07
 1.48031e-06 1.13839e-07 1.74862e-07 -1.78448e-07 6.99871e-08
 1.22743e-06 9.1245e-08 1.42569e-07 -1.47701e-07 6.24036e-08
 9.1205e-07 6.64922e-08 1.04403e-07 -1.10953e-07 4.58034e-08
 6.73993e-07 4.82308e-08 7.64608e-08 -8.27028e-08 3.43568e-08
 5.34196e-07 3.77937e-08 5.99865e-08 -6.59507e-08 2.4834e-08
 3.34882e-07 2.30016e-08 3.73362e-08 -4.14023e-08 1.65128e-08
 2.48582e-07 1.67753e-08 2.77972e-08 -3.13923e-08 1.1605e-08
 1.68246e-07 1.12403e-08 1.86456e-08 -2.15931e-08 7.02698e-09
 1.20398e-07 7.89845e-09 1.32948e-08 -1.55213e-08 5.12682e-09
 7.82822e-08 4.93846e-09 8.65892e-09 -1.0231e-08 3.63786e-09
 4.93961e-08 3.12868e-09 5.47957e-09 -6.56664e-09 1.8184e-09
 2.55137e-08 1.58323e-09 2.81053e-09 -3.41006e-09 9.50417e-10
 1.62798e-08 9.93758e-10 1.81331e-09 -2.22667e-09 5.57115e-10
 8.36133e-09 5.04221e-10 9.38425e-10 -1.15801e-09 2.53498e-10
 3.47239e-09 2.04288e-10 3.91557e-10 -4.89432e-10 1.05728e-10
 1.23395e-09 7.35359e-11 1.39143e-10 -1.75857e-10 1.68716e-11
 3.89626e-10 2.31234e-11 4.45767e-11 -5.63293e-11 4.31927e-12
 9.54358e-11 5.71225e-12 1.08442e-11 -1.3845e-11 -7.31302e-14
 1.28318e-11 7.94563e-13 1.475e-12 -1.90092e-12 -3.10857e-13
 0 0 0 0 0
 0 0 0 0 0
 0 0 0 0 0
 0 0 0 0 0
 0 0 0 0 0
 0.0513143 0.00834925 -0.0242366 -0.00185809 -0.0224803
 0.0522757 0.00863333 -0.0232854 -0.00178394 -0.0213531
 0.0525097 0.00847117 -0.0214932 -0.00182063 -0.0206849
 0.0525162 0.00793463 -0.0196628 -0.00228302 -0.0195072
 0.0506801 0.0068852 -0.0162872 -0.00284339 -0.0181968
 0.0498395 0.00610347 -0.0118682 -0.00417122 -0.0180214
 0.0473391 0.00489372 -0.00897017 -0.00571548 -0.0179149
 0.0457384 0.00390692 -0.004491 -0.00786429 -0.0170446
 0.0435114 0.00272618 0.000175887 -0.0105575 -0.0166983
 0.0410166 0.00176417 0.00524278 -0.0133385 -0.0166082
 0.0377573 0.000746076 0.00924975 -0.0165254 -0.0166152
 0.0346717 -0.000202331 0.0147206 -0.0196938 -0.0170458
 0.0307812 -0.00117947 0.0194562 -0.0234576 -0.0168982
 0.0266612 -0.00217102 0.0243884 -0.0275888 -0.0167264
 0.0227165 -0.0029904 0.0305723 -0.0317332 -0.0167172
 0.0197693 -0.00361858 0.034426 -0.0349498 -0.0162272
 0.0154525 -0.00431672 0.0380607 -0.0384376 -0.0163613
 0.0125566 -0.00487927 0.0426941 -0.0417794 -0.0159883
 0.0105671 -0.00512658 0.0442776 -0.043839 -0.0157489
 0.00794438 -0.00530623 0.0480676 -0.0471733 -0.0154368
 0.00412736 -0.00561373 0.050371 -0.0490099 -0.0152447
 0.00306423 -0.00545807 0.0518516 -0.0503784 -0.0141031
 -0.000367016 -0.0057399 0.0540017 -0.0528652 -0.0144675
 -0.00205108 -0.00564885 0.0558612 -0.0545397 -0.0138679
 -0.00227771 -0.00527275 0.0554197 -0.0541586 -0.0132473
 -0.00326621 -0.00505572 0.0549632 -0.0538313 -0.0123065
 -0.0039602 -0.00471412 0.0544079 -0.0532449 -0.0116591
 -0.00415511 -0.0042979 0.0532098 -0.0521963 -0.0108421
 -0.00409388 -0.00396681 0.0511814 -0.0501411 -0.0101445
 -0.00406969 -0.0035296 0.0486337 -0.0480851 -0.00974025
 -0.00414558 -0.00321813 0.046241 -0.0458885 -0.00903533
 -0.00462716 -0.00291993 0.0451589 -0.0450568 -0.00818695
 -0.00370967 -0.00253214 0.041944 -0.0417744 -0.00744592
 -0.00344499 -0.00214972 0.0389288 -0.0389008 -0.00689443
 -0.00305359 -0.00186217 0.0357227 -0.0357603 -0.0064176
 -0.00274376 -0.00158854 0.0329363 -0.0330102 -0.00569805
 -0.00221352 -0.00133853 0.0299555 -0.0299583 -0.00521305
 -0.00192828 -0.00112149 0.0283141 -0.0283625 -0.00475376
 -0.00155452 -0.000919683 0.0258931 -0.0258087 -0.00414289
 -0.00109028 -0.000702316 0.0230131 -0.0229546 -0.00366785
 -0.000793454 -0.000566829 0.0208786 -0.0208561 -0.0033822
 -0.000386343 -0.000426459 0.0185867 -0.0184988 -0.00285742
 -8.98308e-05 -0.000310785 0.0166078 -0.0164802 -0.00269321
 0.00012546 -0.000213058 0.0148765 -0.0147193 -0.00222568
 0.000423013 -0.000120067 0.0130683 -0.0128745 -0.00199996
 0.000624178 -6.05901e-05 0.0114064 -0.0112208 -0.00168966
 0.000781163 -1.62354e-06 0.0101389 -0.00991692 -0.0014704
 0.000884925 3.59665e-05 0.00874533 -0.00855367 -0.00127263
 0.000975717 6.16836e-05 0.00751144 -0.00728998 -0.00101922
 0.00106737 9.32625e-05 0.00647467 -0.00625153 -0.000923117
 0.00111275 0.000113682 0.00557344 -0.00536734 -0.000770037
 0.00114663 0.000133048 0.00477275 -0.00456994 -0.000634932
 0.00117524 0.000145868 0.00403588 -0.0038393 -0.000510624
 0.00114249 0.000148686 0.00336029 -0.00317489 -0.000448455
 0.00111997 0.000150357 0.00282759 -0.00265068 -0.000375513
 0.0010794 0.000145358 0.0023971 -0.00222136 -0.000284316
 0.00103743 0.000143355 0.00197065 -0.00181423 -0.000225737
 0.0009752 0.000138199 0.00165476 -0.00149967 -0.000182227
 0.000922992 0.000133426 0.00137075 -0.0012314 -0.000135679
 0.000857683 0.000124774 0.00113482 -0.00101063 -0.000114407
 0.000788246 0.000111409 0.000940292 -0.000828347 -7.61142e-05
 0.000733078 0.00010551 0.000779834 -0.000674905 -5.68308e-05
 0.000677715 9.66892e-05 0.000657426 -0.000562567 -3.57069e-05
 0.000606206 8.66933e-05 0.000537439 -0.000455125 -2.24557e-05
 0.000549237 7.71526e-05 0.000440627 -0.000369268 -1.13628e-05
 0.000513002 7.27352e-05 0.000373338 -0.000307412 -6.59494e-06
 0.000462756 6.4089e-05 0.000309638 -0.000250849 2.4516e-06
 0.000416748 5.69173e-05 0.000255807 -0.000205044 7.13201e-06
 0.000376544 5.13597e-05 0.000212423 -0.000169384 5.67914e-06
 0.000341149 4.5694e-05 0.000176563 -0.00013901 1.13115e-05
 0.00030325 3.99857e-05 0.00014537 -0.000113157 1.16494e-05
 0.000269761 3.47849e-05 0.000120465 -9.2465e-05 1.21019e-05
 0.000242295 3.10886e-05 9.86525e-05 -7.50101e-05 1.14873e-05
 0.000215208 2.70996e-05 8.23257e-05 -6.2325e-05 1.08968e-05
 0.000186616 2.32112e-05 6.65509e-05 -5.00756e-05 9.59683e-06
 0.000166727 2.02623e-05 5.53235e-05 -4.15337e-05 9.84258e-06
 0.00014405 1.74339e-05 4.44989e-05 -3.35896e-05 7.84567e-06
 0.000129057 1.52663e-05 3.76356e-05 -2.82832e-05 7.80564e-06
 0.000111109 1.28447e-05 3.0284e-05 -2.28285e-05 7.01329e-06
 9.85283e-05 1.12635e-05 2.53976e-05 -1.91325e-05 6.19013e-06
 8.40425e-05 9.43658e-06 2.03858e-05 -1.55119e-05 5.34698e-06
 7.29506e-05 8.09944e-06 1.66639e-05 -1.28112e-05 4.55918e-06
 6.45492e-05 6.98565e-06 1.3905e-05 -1.06404e-05 4.37732e-06
 5.34843e-05 5.66333e-06 1.08015e-05 -8.37217e-06 3.6822e-06
 4.41966e-05 4.65329e-06 8.483e-06 -6.66458e-06 2.9265e-06
 3.98421e-05 4.08807e-06 7.27439e-06 -5.79421e-06 2.65484e-06
 3.3583e-05 3.38826e-06 5.8841e-06 -4.80109e-06 2.24907e-06
 2.84107e-05 2.83323e-06 4.77365e-06 -3.96319e-06 1.86948e-06
 2.38669e-05 2.33179e-06 3.81587e-06 -3.19917e-06 1.58992e-06
 1.96863e-05 1.89177e-06 3.04254e-06 -2.61392e-06 1.33248e-06
 1.59932e-05 1.51922e-06 2.36819e-06 -2.0621e-06 9.79317e-07
 1.34288e-05 1.26347e-06 1.92388e-06 -1.71673e-06 7.74738e-07
 1.11386e-05 1.01513e-06 1.56561e-06 -1.42469e-06 6.99091e-07
 9.13175e-06 8.17499e-07 1.24272e-06 -1.15482e-06 5.7968e-07
 7.35292e-06 6.53013e-07 9.63367e-07 -9.19717e-07 4.31568e-07
 5.8663e-06 5.10299e-07 7.60207e-07 -7.40259e-07 3.44533e-07
 4.71397e-06 4.03653e-07 5.93265e-07 -5.89682e-07 2.78759e-07
 3.72412e-06 3.14068e-07 4.60221e-07 -4.65343e-07 2.09258e-07
 2.94414e-06 2.44486e-07 3.59524e-07 -3.69276e-07 1.58682e-07
 2.27471e-06 1.86239e-07 2.72429e-07 -2.86358e-07 1.19686e-07
 1.82125e-06 1.45524e-07 2.16594e-07 -2.31645e-07 9.67433e-08
 1.29475e-06 1.02262e-07 1.51145e-07 -1.64483e-07 6.55933e-08
 1.01768e-06 7.92832e-08 1.19068e-07 -1.31454e-07 4.84687e-08
 7.31469e-07 5.58748e-08 8.4815e-08 -9.57225e-08 3.47845e-08
 5.47582e-07 4.16032e-08 6.29453e-08 -7.23164e-08 2.30577e-08
 3.68801e-07 2.75113e-08 4.24128e-08 -4.92699e-08 1.50767e-08
 2.71177e-07 1.97242e-08 3.11894e-08 -3.66762e-08 1.12238e-08
 1.88348e-07 1.35586e-08 2.15232e-08 -2.56392e-08 7.27108e-09
 1.14048e-07 8.08272e-09 1.3036e-08 -1.56533e-08 4.21937e-09
 7.28898e-08 5.04541e-09 8.364e-09 -1.01849e-08 2.63162e-09
 4.6043e-08 3.19539e-09 5.3112e-09 -6.49625e-09 1.34647e-09
 2.51611e-08 1.72311e-09 2.88414e-09 -3.58195e-09 6.55964e-10
 1.36827e-08 9.26633e-10 1.59034e-09 -1.98443e-09 3.15586e-10
 7.95908e-09 5.21504e-10 9.43783e-10 -1.18058e-09 2.0272e-10
 3.22945e-09 2.1268e-10 3.7731e-10 -4.79695e-10 4.69792e-11
 1.20175e-09 7.80632e-11 1.42059e-10 -1.81856e-10 8.04808e-12
 0 0 0 0 0
 0 0 0 0 0
 0 0 0 0 0
 0 0 0 0 0
 0 0 0 0 0
 0 0 0 0 0
 0.070879 0.0141894 -0.0360192 -0.00311808 -0.0294709
 0.0746257 0.0156518 -0.0350592 -0.00315282 -0.0282912
 0.0762687 0.0164057 -0.0340186 -0.00305593 -0.029122
 0.0752897 0.0158282 -0.0329382 -0.00287592 -0.026154
 0.0766584 0.01574 -0.0304869 -0.00294905 -0.0256741
 0.075694 0.0147063 -0.0281532 -0.0034921 -0.0250887
 0.0730547 0.0132603 -0.0233073 -0.00433949 -0.0240812
 0.0706983 0.011959 -0.0209495 -0.00544889 -0.0231523
 0.0668567 0.0100901 -0.0169827 -0.00720304 -0.0227279
 0.0628044 0.00862467 -0.0121748 -0.00968925 -0.0220565
 0.0611674 0.00730517 -0.00765209 -0.0117461 -0.0220957
 0.0580811 0.00598624 -0.00227622 -0.0142988 -0.0221402
 0.0508902 0.00425612 0.00393121 -0.0180339 -0.0214294
 0.0481122 0.00305363 0.00960442 -0.0215471 -0.0207047
 0.0433672 0.00177962 0.0143046 -0.0249043 -0.0197297
 0.0380105 0.000188997 0.0200581 -0.0296398 -0.0194663
 0.0352491 -0.000563949 0.0234631 -0.032204 -0.0185563
 0.0296273 -0.00148621 0.0287843 -0.0355157 -0.0185348
 0.0258078 -0.00229048 0.0335369 -0.0398263 -0.0182658
 0.0209523 -0.00304415 0.0387129 -0.0430934 -0.0169266
 0.0170639 -0.00374955 0.0439932 -0.0474821 -0.0170249
 0.0135952 -0.00402865 0.0471396 -0.0493784 -0.0161589
 0.0110058 -0.00434188 0.0504703 -0.0523424 -0.0156413
 0.0088985 -0.00441677 0.0528246 -0.054211 -0.0145132
 0.00647646 -0.00445508 0.0534592 -0.0551768 -0.013855
 0.00443775 -0.00445132 0.0557462 -0.0564672 -0.0131338
 0.00275878 -0.00425412 0.0570933 -0.0575202 -0.0119387
 0.00233032 -0.00398651 0.0563715 -0.0571439 -0.0114949
 0.000655324 -0.00394139 0.0556392 -0.0559514 -0.0112784
 -2.48734e-05 -0.00355384 0.0544207 -0.0550668 -0.00993717
 -0.000271817 -0.00323168 0.0524345 -0.0527933 -0.0091725
 -0.000753261 -0.0028892 0.0508327 -0.0511223 -0.008677
 -0.000722454 -0.00257084 0.0491608 -0.0493772 -0.00775103
 -0.00122973 -0.00228349 0.0461557 -0.0464387 -0.0072724
 -0.00091725 -0.00190809 0.0435259 -0.04371 -0.00655396
 -0.000961583 -0.00167512 0.0410238 -0.0410243 -0.00579538
 -0.000924717 -0.00143496 0.0379242 -0.0379368 -0.00545346
 -0.000498632 -0.00114831 0.0356594 -0.0356385 -0.0046854
 -0.000528795 -0.000962025 0.032507 -0.0324559 -0.00434962
 -0.000194687 -0.000761358 0.029847 -0.0296603 -0.00374044
 4.77004e-05 -0.00060257 0.0272514 -0.0271458 -0.00345141
 0.000309565 -0.00045743 0.0243578 -0.0241181 -0.00290365
 0.000542843 -0.000301174 0.0221241 -0.0218857 -0.00261103
 0.000786018 -0.000187642 0.0199913 -0.0196773 -0.00232362
 0.000876558 -0.000117403 0.0175215 -0.0172272 -0.00193607
 0.00101443 -4.71141e-05 0.0156106 -0.0153412 -0.00174964
 0.00122706 3.76008e-05 0.0136214 -0.0133267 -0.00141366
 0.0013348 8.51183e-05 0.0121894 -0.0118728 -0.00121109
 0.00138447 0.000111637 0.0106098 -0.0103157 -0.00109427
 0.00146924 0.000145357 0.00932783 -0.0090115 -0.000881842
 0.00149975 0.000163371 0.00797941 -0.00764617 -0.000744157
 0.00151823 0.000177188 0.00688787 -0.00656958 -0.000620501
 0.00155894 0.000196697 0.00597473 -0.00565948 -0.000517962
 0.00155117 0.000202149 0.00494992 -0.00468773 -0.000471772
 0.00153822 0.000210263 0.00419707 -0.0039306 -0.000340858
 0.00146015 0.000202456 0.00351398 -0.00326348 -0.000265241
 0.00143327 0.000206324 0.00295815 -0.00272688 -0.000209967
 0.00137336 0.000198356 0.00246324 -0.00224782 -0.00015946
 0.00130753 0.000193564 0.00204897 -0.00185208 -0.000121688
 0.00120888 0.000180045 0.00170284 -0.00152002 -7.89045e-05
 0.00113181 0.000167599 0.00141073 -0.001244 -6.37708e-05
 0.00105296 0.000155628 0.0011786 -0.0010303 -4.17228e-05
 0.000970083 0.000145271 0.00097205 -0.000834583 -2.29323e-05
 0.000892517 0.000132313 0.000816512 -0.000695828 -1.46372e-06
 0.000805327 0.000119059 0.000667431 -0.000564103 7.32413e-06
 0.000743258 0.000108039 0.000561834 -0.00046619 1.42157e-05
 0.000672649 9.79742e-05 0.000465387 -0.000381487 1.53959e-05
 0.000617929 8.84508e-05 0.000388301 -0.000314782 2.14815e-05
 0.000547449 7.74348e-05 0.000316288 -0.000254994 2.49775e-05
 0.000494021 6.92231e-05 0.000263576 -0.000209686 2.37496e-05
 0.000439813 6.11681e-05 0.000215509 -0.000170707 2.37897e-05
 0.000391798 5.36509e-05 0.000179406 -0.000140137 2.03384e-05
 0.000354962 4.76588e-05 0.000150524 -0.000116566 2.29192e-05
 0.000309815 4.13665e-05 0.000121887 -9.432e-05 1.92652e-05
 0.000278382 3.64013e-05 0.000101313 -7.81179e-05 1.84057e-05
 0.000243389 3.15242e-05 8.25309e-05 -6.33834e-05 1.57763e-05
 0.000211261 2.70227e-05 6.6361e-05 -5.07882e-05 1.44171e-05
 0.000185692 2.33184e-05 5.52583e-05 -4.23731e-05 1.28139e-05
 0.000162477 2.00902e-05 4.52447e-05 -3.48e-05 1.09072e-05
 0.000145725 1.76021e-05 3.79087e-05 -2.8904e-05 1.06393e-05
 0.000125349 1.50266e-05 3.07774e-05 -2.38334e-05 8.63642e-06
 0.000109567 1.28547e-05 2.54121e-05 -1.98129e-05 8.16888e-06
 9.37467e-05 1.08482e-05 2.04577e-05 -1.60424e-05 6.88127e-06
 8.1413e-05 9.34e-06 1.69466e-05 -1.34891e-05 5.66661e-06
 7.08166e-05 7.98938e-06 1.39967e-05 -1.136e-05 4.91637e-06
 5.82918e-05 6.42291e-06 1.09749e-05 -8.92592e-06 4.08708e-06
 4.92387e-05 5.36654e-06 8.7925e-06 -7.2432e-06 3.3263e-06
 4.30733e-05 4.63057e-06 7.40912e-06 -6.27117e-06 2.91764e-06
 3.56102e-05 3.77498e-06 5.90452e-06 -5.05004e-06 2.32723e-06
 3.0115e-05 3.14303e-06 4.75022e-06 -4.15943e-06 1.95657e-06
 2.57805e-05 2.63079e-06 3.93484e-06 -3.51714e-06 1.72346e-06
 2.09143e-05 2.10101e-06 3.08819e-06 -2.80274e-06 1.38768e-06
 1.74063e-05 1.73832e-06 2.48196e-06 -2.30302e-06 1.06357e-06
 1.43369e-05 1.39771e-06 1.99739e-06 -1.89802e-06 8.95492e-07
 1.1754e-05 1.12865e-06 1.59745e-06 -1.5397e-06 7.24692e-07
 9.46892e-06 8.90042e-07 1.25587e-06 -1.23768e-06 5.77578e-07
 7.6942e-06 7.19442e-07 9.96675e-07 -1.00865e-06 4.41177e-07
 6.16723e-06 5.64966e-07 7.90398e-07 -8.09428e-07 3.52145e-07
 4.81304e-06 4.34934e-07 6.05873e-07 -6.33939e-07 2.70239e-07
 3.85191e-06 3.42291e-07 4.75198e-07 -5.04974e-07 2.04372e-07
 3.01792e-06 2.6307e-07 3.67626e-07 -3.97475e-07 1.59241e-07
 2.35795e-06 2.04973e-07 2.85256e-07 -3.15309e-07 1.14619e-07
 1.7695e-06 1.49831e-07 2.11703e-07 -2.36637e-07 8.70908e-08
 1.29688e-06 1.08812e-07 1.54618e-07 -1.75912e-07 5.94031e-08
 9.96342e-07 8.19118e-08 1.17977e-07 -1.35912e-07 4.57813e-08
 7.36716e-07 6.02137e-08 8.62875e-08 -1.00818e-07 3.06853e-08
 5.42925e-07 4.36496e-08 6.35075e-08 -7.5163e-08 2.18921e-08
 3.66325e-07 2.9193e-08 4.35126e-08 -5.21125e-08 1.38641e-08
 2.50786e-07 1.96028e-08 2.9894e-08 -3.60349e-08 8.76792e-09
 1.69456e-07 1.3106e-08 2.00227e-08 -2.45667e-08 5.4725e-09
 1.07387e-07 8.17511e-09 1.26393e-08 -1.55131e-08 3.22915e-09
 7.20458e-08 5.41237e-09 8.58108e-09 -1.06409e-08 2.01946e-09
 4.12782e-08 3.05827e-09 4.94033e-09 -6.18134e-09 1.05047e-09
 2.1638e-08 1.58246e-09 2.61001e-09 -3.28309e-09 3.80252e-10
 1.21257e-08 8.74517e-10 1.48029e-09 -1.87401e-09 2.2932e-10
 0 0 0 0 0
 0 0 0 0 0
 0 0 0 0 0
 0 0 0 0 0
 0 0 0 0 0
 0 0 0 0 0
 0 0 0 0 0
 0.0810653 0.0178771 -0.0397408 -0.00371824 -0.0321932
 0.0854658 0.0199501 -0.039529 -0.00381178 -0.0318842
 0.0904183 0.0217013 -0.0409084 -0.00380519 -0.0298167
 0.0944 0.0232089 -0.0414942 -0.00369351 -0.0286064
 0.0940775 0.0231587 -0.0394473 -0.00351522 -0.0276382
 0.0943917 0.0228921 -0.0385638 -0.00327469 -0.0272508
 0.0929692 0.0218531 -0.0363213 -0.00338622 -0.0245038
 0.0897683 0.0204876 -0.0318908 -0.00429993 -0.0248156
 0.089175 0.0191883 -0.0286245 -0.0050865 -0.0239393
 0.0836058 0.016978 -0.0244036 -0.00627452 -0.0223533
 0.0815341 0.0154906 -0.0208822 -0.00789784 -0.0230507
 0.0768006 0.0131239 -0.0150471 -0.00993483 -0.0224018
 0.0722157 0.0115919 -0.0101662 -0.0124273 -0.0212002
 0.0683692 0.00996658 -0.00524537 -0.0150382 -0.0209249
 0.0624908 0.0079088 0.000307995 -0.018826 -0.020894
 0.0560961 0.00609371 0.00563232 -0.0217237 -0.0194924
 0.0502762 0.00449503 0.0121661 -0.0266965 -0.0196247
 0.0466942 0.00315071 0.0171888 -0.0292545 -0.0189492
 0.0418277 0.00224964 0.0220854 -0.0329366 -0.0175038
 0.0352985 0.000524663 0.0286306 -0.0376017 -0.0178596
 0.0314562 -0.000172683 0.0334738 -0.0411413 -0.0168882
 0.0273673 -0.000978817 0.0373342 -0.0439777 -0.0162105
 0.0240218 -0.00154196 0.0419751 -0.0477309 -0.0155756
 0.0203138 -0.00207918 0.0469833 -0.0509157 -0.0145306
 0.0171365 -0.00243875 0.0485229 -0.0525691 -0.014145
 0.0147836 -0.00257838 0.0519348 -0.0550962 -0.0130239
 0.011526 -0.00297053 0.0535489 -0.0564282 -0.0122328
 0.00984825 -0.00273888 0.0557056 -0.0572189 -0.0106764
 0.00787911 -0.00279367 0.0546483 -0.0565487 -0.0107972
 0.00634673 -0.00271593 0.0559606 -0.0574421 -0.00963692
 0.00454677 -0.00268383 0.0548073 -0.0558885 -0.00942267
 0.00410437 -0.00240224 0.054485 -0.0551942 -0.00837883
 0.00323682 -0.00216969 0.0522832 -0.0531364 -0.00750631
 0.00286698 -0.00195996 0.0500362 -0.0507085 -0.00704857
 0.00195091 -0.00174524 0.0492719 -0.0495697 -0.00634934
 0.00179243 -0.00149151 0.0459822 -0.0461494 -0.00563038
 0.00166712 -0.00127801 0.0436189 -0.0437107 -0.00527667
 0.00121892 -0.00111985 0.040967 -0.0409377 -0.00495561
 0.00118502 -0.000859492 0.0377018 -0.0376018 -0.0042817
 0.00120368 -0.000661738 0.0347002 -0.0345375 -0.00374128
 0.00120875 -0.000555716 0.0321755 -0.0319521 -0.003352
 0.00137906 -0.000389461 0.0291401 -0.0288686 -0.00309852
 0.00140809 -0.000272276 0.0266285 -0.0262669 -0.00265963
 0.00160083 -0.000130915 0.0239747 -0.0236349 -0.0023584
 0.00146317 -7.55448e-05 0.0219482 -0.0215216 -0.00188048
 0.00161396 1.78525e-05 0.0193501 -0.0189222 -0.00162543
 0.00170138 5.99385e-05 0.0174834 -0.0170832 -0.00141962
 0.00178873 0.000104029 0.0154468 -0.0150064 -0.00140547
 0.00185023 0.000171449 0.0136213 -0.0132045 -0.00102867
 0.00190701 0.000197953 0.0119251 -0.011476 -0.000914917
 0.0019975 0.000223823 0.0106055 -0.0101788 -0.000785209
 0.0019755 0.000233311 0.009221 -0.008816 -0.000637708
 0.00195704 0.00025527 0.00783439 -0.0074424 -0.000549758
 0.0019445 0.000262728 0.00674321 -0.00637533 -0.000408037
 0.00191133 0.000271211 0.00567491 -0.0053183 -0.000337043
 0.00188428 0.000273833 0.00485008 -0.00450866 -0.000230305
 0.00179734 0.000261595 0.00408736 -0.00378072 -0.000193588
 0.00171757 0.000254156 0.00338487 -0.00310039 -0.000143155
 0.00165113 0.000248384 0.00282652 -0.00256077 -0.000100838
 0.00154869 0.0002361 0.0023475 -0.00210475 -6.44703e-05
 0.00145223 0.000225059 0.00193928 -0.0017266 -3.51468e-05
 0.00136634 0.000210187 0.00163114 -0.00143733 -1.10969e-05
 0.00126379 0.000193931 0.00134663 -0.00117192 -6.97421e-07
 0.00116453 0.000178749 0.00111887 -0.000967225 1.06823e-05
 0.00108229 0.000165275 0.000942383 -0.000799164 2.63952e-05
 0.000976833 0.000148904 0.000762613 -0.000642335 3.05006e-05
 0.000884992 0.000134584 0.000637548 -0.000529811 3.2933e-05
 0.000811917 0.00012132 0.000530623 -0.000436383 3.77233e-05
 0.000737979 0.000109483 0.000444744 -0.000363295 3.89207e-05
 0.000661979 9.737e-05 0.000365769 -0.000295065 3.52403e-05
 0.000587251 8.522e-05 0.000298992 -0.000238979 3.46417e-05
 0.000532665 7.68154e-05 0.000251804 -0.000200289 3.39605e-05
 0.000468739 6.67814e-05 0.000206222 -0.000163751 3.10945e-05
 0.000418872 5.87412e-05 0.000169342 -0.000133215 2.90148e-05
 0.000372828 5.1464e-05 0.000142146 -0.000112026 2.64745e-05
 0.000326646 4.44844e-05 0.000114864 -9.01217e-05 2.42457e-05
 0.000292553 3.94843e-05 9.54275e-05 -7.44452e-05 2.12006e-05
 0.000259105 3.44908e-05 7.97875e-05 -6.28027e-05 1.91062e-05
 0.000225484 2.95557e-05 6.46525e-05 -5.07574e-05 1.71103e-05
 0.000197652 2.56824e-05 5.32563e-05 -4.18544e-05 1.40283e-05
 0.000173132 2.19597e-05 4.39875e-05 -3.4576e-05 1.26308e-05
 0.000148037 1.86975e-05 3.53316e-05 -2.81297e-05 1.06949e-05
 0.000132516 1.6384e-05 2.96402e-05 -2.37517e-05 9.75025e-06
 0.000114352 1.39171e-05 2.42481e-05 -1.95997e-05 8.41533e-06
 9.75917e-05 1.17663e-05 1.96652e-05 -1.62197e-05 6.97238e-06
 8.41383e-05 9.9395e-06 1.61313e-05 -1.34445e-05 6.10399e-06
 6.97072e-05 8.12312e-06 1.27835e-05 -1.08324e-05 4.89464e-06
 6.07567e-05 7.00441e-06 1.06614e-05 -9.1925e-06 4.11919e-06
 5.18421e-05 5.84153e-06 8.7605e-06 -7.64934e-06 3.6497e-06
 4.35506e-05 4.86785e-06 7.06682e-06 -6.27685e-06 2.8577e-06
 3.6021e-05 3.94523e-06 5.66506e-06 -5.14728e-06 2.45576e-06
 3.08797e-05 3.35141e-06 4.66756e-06 -4.31415e-06 1.9744e-06
 2.53861e-05 2.71589e-06 3.72137e-06 -3.50126e-06 1.59549e-06
 2.0663e-05 2.17401e-06 2.96802e-06 -2.8581e-06 1.28364e-06
 1.78643e-05 1.8564e-06 2.46936e-06 -2.42502e-06 1.05569e-06
 1.42524e-05 1.45491e-06 1.92087e-06 -1.92398e-06 8.50708e-07
 1.15188e-05 1.16587e-06 1.53119e-06 -1.55359e-06 6.36983e-07
 9.171e-06 9.12458e-07 1.19344e-06 -1.23842e-06 5.07773e-07
 7.39422e-06 7.27444e-07 9.51958e-07 -1.00992e-06 3.90701e-07
 5.86559e-06 5.64264e-07 7.48894e-07 -8.06298e-07 3.11692e-07
 4.90092e-06 4.63684e-07 6.14359e-07 -6.72868e-07 2.58088e-07
 3.80056e-06 3.55407e-07 4.72189e-07 -5.24766e-07 1.91306e-07
 2.90009e-06 2.67307e-07 3.58869e-07 -4.0484e-07 1.39608e-07
 2.23913e-06 2.02824e-07 2.74067e-07 -3.13611e-07 1.06025e-07
 1.68304e-06 1.5142e-07 2.03062e-07 -2.34385e-07 7.28336e-08
 1.24252e-06 1.10272e-07 1.51912e-07 -1.77846e-07 5.13351e-08
 9.40725e-07 8.24397e-08 1.13821e-07 -1.34938e-07 3.6366e-08
 6.52356e-07 5.66347e-08 7.86185e-08 -9.4145e-08 2.30919e-08
 4.92135e-07 4.19194e-08 5.95612e-08 -7.23104e-08 1.73574e-08
 3.49627e-07 2.92947e-08 4.2814e-08 -5.20954e-08 1.18014e-08
 2.20137e-07 1.82834e-08 2.66845e-08 -3.28927e-08 6.61123e-09
 1.51027e-07 1.24368e-08 1.85315e-08 -2.30563e-08 3.68332e-09
 9.11675e-08 7.40443e-09 1.12006e-08 -1.40011e-08 2.18087e-09
 5.83762e-08 4.65074e-09 7.237e-09 -9.104e-09 1.19257e-09
 0 0 0 0 0
 0 0 0 0 0
 0 0 0 0 0
 0 0 0 0 0
 0 0 0 0 0
 0 0 0 0 0
 0 0 0 0 0
 0 0 0 0 0
 0.0879508 0.0211336 -0.0387769 -0.00408185 -0.0315458
 0.0912483 0.0228807 -0.0397393 -0.00438908 -0.0292027
 0.0949025 0.0246574 -0.0414873 -0.00440167 -0.0293852
 0.0970742 0.0257007 -0.0408531 -0.00424112 -0.0276334
 0.101303 0.0272706 -0.0419271 -0.00404363 -0.0264749
 0.104355 0.0282618 -0.0425828 -0.00365594 -0.0251055
 0.104182 0.0278284 -0.0405398 -0.00342578 -0.0242848
 0.104299 0.0274839 -0.0397795 -0.00320998 -0.0232445
 0.10103 0.0259313 -0.0366677 -0.00360967 -0.0217323
 0.0989433 0.0245711 -0.0330841 -0.00402363 -0.0205651
 0.0961525 0.0227826 -0.029845 -0.00474857 -0.0197747
 0.0899292 0.0203043 -0.0254817 -0.00673028 -0.0208368
 0.0861717 0.0180562 -0.0195498 -0.00833217 -0.0194564
 0.0826647 0.0167057 -0.0151128 -0.0102282 -0.0187955
 0.0769932 0.0144158 -0.0105824 -0.012743 -0.0188511
 0.0706517 0.0120594 -0.00488315 -0.0162508 -0.0182437
 0.0663455 0.0104585 0.000138574 -0.0185482 -0.0180488
 0.0593355 0.00818717 0.00666299 -0.0227283 -0.0176553
 0.0562352 0.00718876 0.0115861 -0.0267872 -0.0169552
 0.0513921 0.00574137 0.0170324 -0.0295575 -0.01617
 0.0455397 0.00408678 0.0228156 -0.0340188 -0.0159171
 0.0410077 0.00307988 0.0271546 -0.0371926 -0.0148038
 0.0354633 0.00180906 0.0338488 -0.0421018 -0.0145129
 0.0308707 0.000989392 0.0384925 -0.045633 -0.0137174
 0.0265509 8.50042e-05 0.0423257 -0.0482089 -0.0129398
 0.023542 -0.000426106 0.0461265 -0.0510007 -0.0120101
 0.0193594 -0.00112078 0.0487784 -0.0526262 -0.0121264
 0.0176391 -0.00112152 0.0494142 -0.0530987 -0.0104955
 0.0146982 -0.00142802 0.0528827 -0.0554756 -0.0106637
 0.0123863 -0.0015595 0.0540182 -0.056254 -0.00948875
 0.0110759 -0.00152197 0.0539107 -0.0558724 -0.00899225
 0.0088795 -0.00150567 0.0541968 -0.0555304 -0.00760867
 0.00728965 -0.00152549 0.0533078 -0.0542916 -0.00755764
 0.00647719 -0.00144421 0.0521445 -0.053299 -0.00692168
 0.00594747 -0.00120368 0.0505367 -0.0510417 -0.00638177
 0.00467522 -0.0011421 0.0494416 -0.0496727 -0.00579601
 0.0041319 -0.000971225 0.0469068 -0.0469072 -0.00522732
 0.00361884 -0.0007956 0.0452022 -0.0452127 -0.00445992
 0.00315387 -0.000734738 0.0421151 -0.0420858 -0.00425299
 0.00292458 -0.000568124 0.0391022 -0.0389272 -0.00373951
 0.00269827 -0.000422153 0.0366615 -0.0363687 -0.00316433
 0.00274031 -0.000244515 0.0329904 -0.0326458 -0.00286398
 0.00251658 -0.000170492 0.0307505 -0.0302978 -0.00247288
 0.00239969 -8.04008e-05 0.0282351 -0.0277731 -0.00214942
 0.002338 1.54252e-05 0.0256816 -0.0251604 -0.00197684
 0.00232216 5.00596e-05 0.0229235 -0.0224138 -0.00166187
 0.00229901 0.000107957 0.0207617 -0.0202115 -0.00154559
 0.00235963 0.000180259 0.018095 -0.017568 -0.00126857
 0.00237606 0.000232933 0.0165598 -0.0160025 -0.0009944
 0.00240016 0.000262084 0.0144547 -0.0139547 -0.000914083
 0.00237351 0.000278526 0.0124643 -0.0119732 -0.000766094
 0.00243494 0.000310927 0.0113119 -0.0107875 -0.00063845
 0.00236835 0.000310369 0.00978067 -0.00929092 -0.000515718
 0.00235727 0.000331782 0.00844867 -0.00798748 -0.000368352
 0.00227276 0.000317642 0.00729681 -0.00686388 -0.000349317
 0.00224699 0.000333083 0.00620045 -0.00579664 -0.000224107
 0.00219545 0.000327153 0.00527358 -0.00487377 -0.000182735
 0.00206883 0.000317323 0.0043932 -0.00404046 -0.000144517
 0.00200098 0.000313736 0.00371556 -0.00338581 -7.04598e-05
 0.00190495 0.000301736 0.00310485 -0.00280815 -4.97956e-05
 0.00179349 0.000281737 0.00256861 -0.00230239 -2.52855e-05
 0.00167202 0.00026752 0.00214357 -0.00190659 -3.77433e-06
 0.00157327 0.000250243 0.00178842 -0.00156694 2.59315e-05
 0.00146223 0.000235817 0.00149744 -0.00130353 3.68987e-05
 0.0013376 0.000214767 0.00122622 -0.00105685 3.43467e-05
 0.00124461 0.000199202 0.00102865 -0.000877333 4.82048e-05
 0.00111983 0.000175282 0.000846233 -0.000712723 5.00115e-05
 0.00102561 0.000161343 0.000701887 -0.000586064 5.24128e-05
 0.000933875 0.000145916 0.000579297 -0.000479252 5.36678e-05
 0.000832624 0.00012885 0.000483145 -0.000396645 4.81377e-05
 0.000753798 0.000115623 0.000394576 -0.000321106 4.79301e-05
 0.000678867 0.000102378 0.000331007 -0.000267172 4.55672e-05
 0.000603736 9.05708e-05 0.000272329 -0.000218644 4.21027e-05
 0.000541921 8.0004e-05 0.000226512 -0.000180926 3.80237e-05
 0.000488196 7.13926e-05 0.000188496 -0.000150894 3.56959e-05
 0.000434072 6.28874e-05 0.000156121 -0.000124448 3.23103e-05
 0.000387032 5.50726e-05 0.000129812 -0.000102804 2.84021e-05
 0.000335812 4.70483e-05 0.00010541 -8.392e-05 2.52714e-05
 0.000301428 4.19163e-05 8.83542e-05 -7.04046e-05 2.28615e-05
 0.000265972 3.65085e-05 7.30131e-05 -5.87609e-05 1.97572e-05
 0.000225104 3.04739e-05 5.84157e-05 -4.73632e-05 1.62879e-05
 0.000198655 2.64166e-05 4.89837e-05 -3.97091e-05 1.44454e-05
 0.000171981 2.25739e-05 3.96302e-05 -3.24582e-05 1.28401e-05
 0.00014756 1.9184e-05 3.27166e-05 -2.71903e-05 1.05334e-05
 0.00013381 1.71025e-05 2.79505e-05 -2.3274e-05 9.48425e-06
 0.000112999 1.42956e-05 2.22005e-05 -1.89028e-05 7.85758e-06
 9.61042e-05 1.19603e-05 1.81094e-05 -1.55958e-05 6.57437e-06
 8.35667e-05 1.02767e-05 1.49345e-05 -1.30673e-05 5.6312e-06
 6.94039e-05 8.404e-06 1.20353e-05 -1.06468e-05 4.6512e-06
 5.95775e-05 7.0902e-06 9.93125e-06 -8.95083e-06 4.01133e-06
 4.92618e-05 5.76745e-06 7.92153e-06 -7.30969e-06 3.2498e-06
 4.24823e-05 4.9289e-06 6.6307e-06 -6.20932e-06 2.68183e-06
 3.49521e-05 4.01362e-06 5.30684e-06 -5.08093e-06 2.15865e-06
 3.06051e-05 3.45785e-06 4.42255e-06 -4.31872e-06 1.86866e-06
 2.50512e-05 2.77939e-06 3.60648e-06 -3.58722e-06 1.48972e-06
 2.05192e-05 2.24637e-06 2.85365e-06 -2.88895e-06 1.21912e-06
 1.66602e-05 1.80079e-06 2.28404e-06 -2.3498e-06 9.36025e-07
 1.35175e-05 1.44408e-06 1.80369e-06 -1.89043e-06 7.29524e-07
 1.0819e-05 1.14237e-06 1.42932e-06 -1.52816e-06 5.70585e-07
 8.93883e-06 9.28658e-07 1.16262e-06 -1.25778e-06 4.64009e-07
 6.88346e-06 7.0671e-07 8.79192e-07 -9.704e-07 3.41328e-07
 5.41108e-06 5.46732e-07 6.86302e-07 -7.63551e-07 2.57396e-07
 4.45958e-06 4.46026e-07 5.67547e-07 -6.43702e-07 2.02813e-07
 3.41822e-06 3.36114e-07 4.26024e-07 -4.90395e-07 1.49304e-07
 2.63916e-06 2.56264e-07 3.28552e-07 -3.83065e-07 1.09626e-07
 2.00555e-06 1.93041e-07 2.49139e-07 -2.93195e-07 7.84192e-08
 1.49272e-06 1.41389e-07 1.85166e-07 -2.20678e-07 5.58362e-08
 1.10978e-06 1.03927e-07 1.37783e-07 -1.65942e-07 3.90734e-08
 8.58783e-07 7.94036e-08 1.07873e-07 -1.30416e-07 2.82243e-08
 6.02707e-07 5.46409e-08 7.55329e-08 -9.23133e-08 2.02572e-08
 4.08911e-07 3.69022e-08 5.12933e-08 -6.32018e-08 1.10822e-08
 2.6711e-07 2.37746e-08 3.36184e-08 -4.17444e-08 6.38587e-09
 1.93549e-07 1.70392e-08 2.41694e-08 -3.02362e-08 4.49449e-09
 0 0 0 0 0
 0 0 0 0 0
 0 0 0 0 0
 0 0 0 0 0
 0 0 0 0 0
 0 0 0 0 0
 0 0 0 0 0
 0 0 0 0 0
 0 0 0 0 0
 0.0948858 0.0252077 -0.0379037 -0.00478824 -0.0277197
 0.0959592 0.0259692 -0.038295 -0.00484982 -0.0264531
 0.0975975 0.0270931 -0.0385773 -0.00484763 -0.0252006
 0.0997425 0.0280423 -0.0385573 -0.00484235 -0.0237762
 0.10167 0.0286897 -0.039755 -0.00461551 -0.0233032
 0.101808 0.0290403 -0.0393438 -0.00423664 -0.0223622
 0.104222 0.0300034 -0.0395598 -0.00383781 -0.0208329
 0.106628 0.0305449 -0.039704 -0.00328417 -0.019367
 0.10682 0.0301272 -0.0388247 -0.00297292 -0.0182353
 0.104485 0.0290533 -0.0364683 -0.00316427 -0.0182792
 0.103175 0.0279463 -0.0328211 -0.00332198 -0.0184128
 0.0995225 0.0258313 -0.0307618 -0.0039134 -0.0182137
 0.0978208 0.0245159 -0.0273961 -0.00491188 -0.0175522
 0.0910667 0.0219259 -0.0210647 -0.00669744 -0.0161336
 0.0882308 0.020243 -0.018371 -0.00782768 -0.0170417
 0.0836808 0.0184501 -0.0143624 -0.0101581 -0.0165774
 0.0771392 0.0158257 -0.00767572 -0.0135547 -0.0154153
 0.0699743 0.0132132 -0.00227418 -0.0167373 -0.0153644
 0.0665691 0.0117815 0.00311092 -0.0200517 -0.0147388
 0.0604123 0.00972508 0.00843042 -0.0230088 -0.0150125
 0.0548449 0.00807421 0.014578 -0.027234 -0.0144186
 0.0499886 0.00654553 0.0190822 -0.0305019 -0.0141501
 0.0457078 0.00550094 0.0240908 -0.0343091 -0.0128446
 0.0398826 0.00403709 0.0286593 -0.0372291 -0.0120724
 0.0357997 0.00286994 0.0337633 -0.0417555 -0.0122199
 0.0317258 0.00219532 0.0379564 -0.0448162 -0.0114202
 0.0280483 0.00126928 0.0426575 -0.0474467 -0.0110812
 0.0248985 0.000902033 0.0445925 -0.0494587 -0.0101505
 0.0221018 0.000296816 0.0480908 -0.0516692 -0.0100535
 0.0194823 6.87448e-05 0.0482492 -0.0514456 -0.00928192
 0.0163487 -0.000285757 0.0514131 -0.0538149 -0.00870225
 0.0139702 -0.000485662 0.0519296 -0.0540117 -0.00790988
 0.0120622 -0.000672002 0.0522384 -0.0535727 -0.00743547
 0.0102657 -0.000732717 0.0520593 -0.0530721 -0.0071597
 0.00892025 -0.000678705 0.0517601 -0.0523618 -0.00608688
 0.00768912 -0.000650355 0.051315 -0.0517581 -0.00566332
 0.00703007 -0.000555539 0.0487007 -0.0489368 -0.00541347
 0.00612649 -0.000510525 0.046655 -0.0465506 -0.00465911
 0.00515285 -0.000432596 0.0441634 -0.0441141 -0.00406136
 0.00467212 -0.000346893 0.0424337 -0.042131 -0.00380277
 0.00416353 -0.000236193 0.0404258 -0.0399198 -0.00312968
 0.00393768 -0.000153859 0.0367241 -0.0363453 -0.00284623
 0.00366075 -4.79241e-05 0.0336308 -0.0330401 -0.0024798
 0.0035364 2.92573e-05 0.0310219 -0.0304756 -0.0023018
 0.00329271 0.000105755 0.0290573 -0.0284515 -0.00188787
 0.00320704 0.000149027 0.0255767 -0.0249572 -0.00171471
 0.00321479 0.000270067 0.0234218 -0.0227813 -0.0013379
 0.0030495 0.000260493 0.0211488 -0.020492 -0.00125658
 0.00298244 0.000305376 0.0190439 -0.0183962 -0.00106895
 0.00298429 0.000350088 0.0169351 -0.016305 -0.000907208
 0.00288032 0.000352163 0.0151165 -0.0144798 -0.000700934
 0.00281497 0.000373831 0.0133778 -0.0127736 -0.000632987
 0.00287333 0.000409955 0.0117163 -0.011117 -0.000452748
 0.00271737 0.000392229 0.0102729 -0.00972317 -0.000405157
 0.0026467 0.000391915 0.00878442 -0.00827803 -0.000352232
 0.00259314 0.000392594 0.00764647 -0.0071753 -0.000270269
 0.00255424 0.000394792 0.00655106 -0.00610327 -0.000172994
 0.00243268 0.000374461 0.00561957 -0.00520707 -0.000128933
 0.00230887 0.000368241 0.00466595 -0.00428954 -8.72883e-05
 0.00222258 0.000355897 0.00395252 -0.00360045 -4.19495e-05
 0.00212208 0.000344901 0.00328013 -0.00296384 1.2802e-06
 0.00200736 0.000330156 0.00274912 -0.00247052 1.55252e-05
 0.00185588 0.000306746 0.0022552 -0.00200932 1.92687e-05
 0.00172586 0.000285547 0.00188181 -0.00165611 5.14727e-05
 0.0016175 0.000268743 0.00158305 -0.00138082 5.49043e-05
 0.00146041 0.000242047 0.00127607 -0.00110243 5.85666e-05
 0.00136653 0.000225592 0.0010896 -0.000934175 6.54751e-05
 0.00127713 0.000210102 0.000915933 -0.000775663 6.21945e-05
 0.00111883 0.000182323 0.00073972 -0.000622152 6.07934e-05
 0.00103328 0.000167489 0.000624122 -0.000521035 5.95153e-05
 0.000917908 0.0001473 0.000506022 -0.000419094 5.72427e-05
 0.000829704 0.000131622 0.000419972 -0.000345309 5.17109e-05
 0.00075227 0.000118271 0.000350619 -0.000286907 5.10538e-05
 0.000683304 0.000106257 0.000295044 -0.000240517 4.70364e-05
 0.000609116 9.34483e-05 0.000240932 -0.000194701 4.42302e-05
 0.000538351 8.19135e-05 0.000198413 -0.00016034 3.88516e-05
 0.000484269 7.26551e-05 0.000167663 -0.000135558 3.62522e-05
 0.000422649 6.28077e-05 0.000136967 -0.000111198 3.10323e-05
 0.000379288 5.54648e-05 0.000114753 -9.32442e-05 2.80768e-05
 0.000327078 4.72209e-05 9.31617e-05 -7.58361e-05 2.45314e-05
 0.000287818 4.12292e-05 7.62664e-05 -6.25993e-05 2.07984e-05
 0.000254956 3.5958e-05 6.46407e-05 -5.34841e-05 1.82843e-05
 0.000222532 3.10129e-05 5.23212e-05 -4.37189e-05 1.605e-05
 0.000195923 2.68364e-05 4.46286e-05 -3.7673e-05 1.40595e-05
 0.000171268 2.30738e-05 3.65876e-05 -3.11638e-05 1.23716e-05
 0.000145737 1.94689e-05 2.97887e-05 -2.56412e-05 1.01185e-05
 0.000123986 1.63492e-05 2.41201e-05 -2.10996e-05 8.5725e-06
 0.000107645 1.40082e-05 2.00884e-05 -1.78122e-05 7.28738e-06
 9.37342e-05 1.2047e-05 1.6646e-05 -1.49889e-05 6.21977e-06
 7.88987e-05 1.00153e-05 1.35232e-05 -1.24575e-05 5.05562e-06
 6.69543e-05 8.36933e-06 1.10519e-05 -1.03132e-05 4.15677e-06
 5.73263e-05 7.07532e-06 9.23367e-06 -8.7695e-06 3.56197e-06
 4.72019e-05 5.71998e-06 7.27967e-06 -7.03867e-06 2.89391e-06
 3.99357e-05 4.80108e-06 5.98348e-06 -5.92277e-06 2.36348e-06
 3.33847e-05 3.95829e-06 4.85741e-06 -4.87006e-06 1.94152e-06
 2.72594e-05 3.19203e-06 3.87695e-06 -3.96953e-06 1.54507e-06
 2.29159e-05 2.64758e-06 3.21368e-06 -3.35093e-06 1.23939e-06
 1.91358e-05 2.18291e-06 2.65229e-06 -2.7917e-06 1.01019e-06
 1.55476e-05 1.75591e-06 2.10611e-06 -2.25675e-06 7.78124e-07
 1.26118e-05 1.39595e-06 1.67606e-06 -1.83035e-06 6.31295e-07
 1.01541e-05 1.11311e-06 1.33983e-06 -1.48409e-06 4.95215e-07
 7.9508e-06 8.599e-07 1.03872e-06 -1.16916e-06 3.76391e-07
 6.31853e-06 6.73392e-07 8.24872e-07 -9.35758e-07 2.84859e-07
 5.07657e-06 5.37139e-07 6.53364e-07 -7.52959e-07 2.14582e-07
 4.04238e-06 4.20741e-07 5.2096e-07 -6.06642e-07 1.69473e-07
 2.99634e-06 3.08298e-07 3.81242e-07 -4.49685e-07 1.14577e-07
 2.32029e-06 2.36014e-07 2.98965e-07 -3.5529e-07 8.43358e-08
 1.74261e-06 1.74728e-07 2.24016e-07 -2.68875e-07 6.20564e-08
 1.33866e-06 1.3321e-07 1.7115e-07 -2.07502e-07 4.43547e-08
 9.2095e-07 9.01908e-08 1.17426e-07 -1.44318e-07 2.76412e-08
 6.95589e-07 6.72037e-08 9.00908e-08 -1.10555e-07 1.94737e-08
 5.02299e-07 4.80811e-08 6.52374e-08 -8.07252e-08 1.35722e-08
 0 0 0 0 0
 0 0 0 0 0
 0 0 0 0 0
 0 0 0 0 0
 0 0 0 0 0
 0 0 0 0 0
 0 0 0 0 0
 0 0 0 0 0
 0 0 0 0 0
 0 0 0 0 0
 0.099455 0.0292563 -0.034018 -0.00541067 -0.0229543
 0.099305 0.0294573 -0.0348531 -0.00542832 -0.0220049
 0.09851 0.0294204 -0.0359709 -0.00560202 -0.0210832
 0.0991508 0.0295372 -0.0346745 -0.00549898 -0.0205535
 0.0989142 0.0296382 -0.0346357 -0.00523717 -0.0188426
 0.100643 0.0300308 -0.0344969 -0.00495856 -0.0187094
 0.101667 0.0304999 -0.0359262 -0.00441053 -0.0173343
 0.102812 0.0311692 -0.0357273 -0.00415567 -0.0165598
 0.103483 0.0311699 -0.0356103 -0.00326678 -0.0151788
 0.104203 0.0311296 -0.033532 -0.00290017 -0.0159538
 0.102763 0.0299443 -0.0330818 -0.00256217 -0.0152641
 0.100392 0.0291621 -0.0300357 -0.00315164 -0.0140211
 0.0990975 0.0279073 -0.0279494 -0.00344813 -0.0148073
 0.0955875 0.0263244 -0.0245795 -0.00411039 -0.0134038
 0.0915567 0.0244623 -0.0217009 -0.00544106 -0.013282
 0.0875592 0.0221358 -0.0190648 -0.00669726 -0.0134928
 0.0829677 0.0200902 -0.013382 -0.00939258 -0.0136414
 0.0771179 0.0179469 -0.00798757 -0.0120893 -0.0128867
 0.071514 0.0155147 -0.00308253 -0.0151967 -0.0127838
 0.0682818 0.0141205 0.00167811 -0.0172323 -0.0124838
 0.0621648 0.0121429 0.00649753 -0.0208963 -0.0118954
 0.0572834 0.0103097 0.0124008 -0.0252557 -0.01179
 0.0520388 0.00882958 0.0166497 -0.0286057 -0.0115827
 0.0469608 0.00696486 0.0226497 -0.0323803 -0.0117556
 0.0415534 0.00550052 0.0273434 -0.0357831 -0.0109966
 0.037091 0.00426319 0.031727 -0.039313 -0.0108441
 0.033807 0.00361024 0.0368251 -0.0431013 -0.00995458
 0.0304481 0.00282894 0.0402868 -0.0457438 -0.0100722
 0.0255027 0.00183747 0.0440641 -0.0482513 -0.0092365
 0.0236813 0.00141434 0.0463584 -0.0496723 -0.00859425
 0.0205402 0.0008672 0.0484136 -0.0509218 -0.0083785
 0.0177544 0.000592277 0.0491208 -0.0512069 -0.00720718
 0.0156473 0.000274302 0.0508574 -0.0525427 -0.00702843
 0.0140387 0.000136542 0.0506757 -0.0516409 -0.00618828
 0.0116573 -0.000170971 0.0504118 -0.0512911 -0.00635958
 0.010785 -7.69923e-05 0.0502102 -0.0507203 -0.00549787
 0.00935967 -0.000173472 0.0491947 -0.0495237 -0.00512804
 0.00800612 -0.000179311 0.0480549 -0.0481319 -0.00452066
 0.00733038 -0.000128773 0.0454181 -0.0452989 -0.00417534
 0.00654252 -4.30245e-06 0.043495 -0.0431713 -0.00329992
 0.00580723 -3.12384e-05 0.041643 -0.0412528 -0.00323025
 0.00532799 4.74883e-05 0.0394281 -0.0389568 -0.00286334
 0.00504401 0.000105866 0.0364538 -0.0359754 -0.00273711
 0.00463368 0.00015827 0.0336428 -0.0330067 -0.00239637
 0.00422222 0.000206206 0.0311082 -0.0303395 -0.00186881
 0.00393853 0.000250929 0.0288418 -0.0280522 -0.00175438
 0.00395708 0.000315437 0.0258967 -0.0251558 -0.00146528
 0.00377973 0.000353463 0.0240302 -0.0232852 -0.00130051
 0.00369612 0.000413582 0.0214446 -0.0207167 -0.00100736
 0.00355637 0.000439508 0.019375 -0.0186689 -0.000848275
 0.00341843 0.000447686 0.0170678 -0.0163294 -0.000732889
 0.00330352 0.000454074 0.0151978 -0.0145171 -0.000585006
 0.00322452 0.000457299 0.0134273 -0.0127987 -0.000544259
 0.00321515 0.000480288 0.0118472 -0.0112473 -0.000412858
 0.00307382 0.000476304 0.0102678 -0.00970625 -0.00029359
 0.00299378 0.000476347 0.00896675 -0.00841725 -0.000184305
 0.00290498 0.00046992 0.00780742 -0.00728928 -0.00016328
 0.0027682 0.000453657 0.00669742 -0.00621901 -0.000128463
 0.00270238 0.000441763 0.00567862 -0.00525488 -5.65684e-05
 0.00254407 0.000425557 0.00480537 -0.00442442 -4.64657e-05
 0.00243463 0.00041221 0.00406128 -0.00370871 5.68727e-06
 0.00228235 0.000390142 0.0033647 -0.00304392 2.45157e-05
 0.00215965 0.000369637 0.00280631 -0.00251337 3.34497e-05
 0.00202849 0.000345025 0.00236387 -0.00210294 5.20326e-05
 0.0018658 0.00031916 0.00195006 -0.00171944 6.81134e-05
 0.00172909 0.000295911 0.00160969 -0.00140649 6.81158e-05
 0.00159861 0.00027354 0.00134004 -0.00116356 6.74407e-05
 0.00145877 0.000249284 0.00111891 -0.000960433 7.32178e-05
 0.00133067 0.000227076 0.00091855 -0.000781663 6.88087e-05
 0.00123295 0.000208895 0.000781023 -0.000663644 7.39089e-05
 0.0011093 0.000185721 0.000634747 -0.000532586 6.54214e-05
 0.00101116 0.000168347 0.000535247 -0.000446706 6.43502e-05
 0.000895125 0.000147145 0.000436377 -0.000362972 5.85358e-05
 0.000826289 0.000134385 0.000371084 -0.000306762 5.68157e-05
 0.000736276 0.000118512 0.000304063 -0.000250091 5.08015e-05
 0.000644639 0.000102919 0.000249223 -0.000204874 4.37775e-05
 0.000584659 9.22892e-05 0.000207755 -0.000170893 4.19024e-05
 0.000518044 8.05488e-05 0.000174075 -0.000143701 3.66569e-05
 0.000452844 6.96948e-05 0.00014367 -0.000118821 3.22272e-05
 0.000405738 6.16657e-05 0.000118371 -9.77208e-05 2.91478e-05
 0.000358604 5.39831e-05 9.81575e-05 -8.18482e-05 2.52632e-05
 0.000317226 4.70728e-05 8.20745e-05 -6.90448e-05 2.18462e-05
 0.000278702 4.09643e-05 6.76563e-05 -5.73363e-05 1.93676e-05
 0.000239204 3.46543e-05 5.53211e-05 -4.75023e-05 1.65672e-05
 0.000212757 3.05044e-05 4.61802e-05 -3.98549e-05 1.45895e-05
 0.000176908 2.49768e-05 3.6852e-05 -3.23445e-05 1.2127e-05
 0.000155362 2.17551e-05 3.07112e-05 -2.73763e-05 1.00717e-05
 0.000138384 1.90263e-05 2.63819e-05 -2.36964e-05 9.01917e-06
 0.000118119 1.60636e-05 2.13576e-05 -1.95068e-05 7.53302e-06
 9.755e-05 1.31148e-05 1.7077e-05 -1.59093e-05 5.968e-06
 8.5745e-05 1.13622e-05 1.43686e-05 -1.36379e-05 5.39951e-06
 7.16772e-05 9.3885e-06 1.16614e-05 -1.1222e-05 4.25607e-06
 6.08037e-05 7.87416e-06 9.63808e-06 -9.43125e-06 3.62794e-06
 5.17523e-05 6.60385e-06 7.95115e-06 -7.92753e-06 2.94783e-06
 4.4955e-05 5.66913e-06 6.73182e-06 -6.81741e-06 2.53707e-06
 3.69077e-05 4.58808e-06 5.41624e-06 -5.5784e-06 1.97108e-06
 2.97003e-05 3.65677e-06 4.22386e-06 -4.41978e-06 1.53003e-06
 2.56469e-05 3.10981e-06 3.61726e-06 -3.84288e-06 1.29348e-06
 2.07705e-05 2.48891e-06 2.87643e-06 -3.10168e-06 1.04929e-06
 1.67468e-05 1.98033e-06 2.28552e-06 -2.5118e-06 8.12675e-07
 1.35544e-05 1.58334e-06 1.80894e-06 -2.02106e-06 6.26313e-07
 1.11408e-05 1.28511e-06 1.48572e-06 -1.67101e-06 5.00068e-07
 8.81325e-06 1.00215e-06 1.17718e-06 -1.34663e-06 3.77906e-07
 7.18527e-06 8.08858e-07 9.43483e-07 -1.09258e-06 2.88026e-07
 5.5449e-06 6.14688e-07 7.2765e-07 -8.51458e-07 2.28551e-07
 4.34916e-06 4.78104e-07 5.73869e-07 -6.78633e-07 1.63663e-07
 3.42097e-06 3.70303e-07 4.49414e-07 -5.35458e-07 1.26667e-07
 2.55264e-06 2.7291e-07 3.34509e-07 -4.02971e-07 8.72208e-08
 1.90809e-06 2.02115e-07 2.48845e-07 -3.02133e-07 5.87526e-08
 1.50848e-06 1.57823e-07 1.96918e-07 -2.4114e-07 4.44865e-08
 1.10095e-06 1.13938e-07 1.45249e-07 -1.78422e-07 3.2037e-08
 0 0 0 0 0
 0 0 0 0 0
 0 0 0 0 0
 0 0 0 0 0
 0 0 0 0 0
 0 0 0 0 0
 0 0 0 0 0
 0 0 0 0 0
 0 0 0 0 0
 0 0 0 0 0
 0 0 0 0 0
 0.105531 0.0340872 -0.0315934 -0.00593821 -0.0172893
 0.101486 0.0327611 -0.0286168 -0.00633103 -0.0167095
 0.0996108 0.0320516 -0.0305507 -0.00621707 -0.0167438
 0.0984292 0.0313651 -0.0309145 -0.00625867 -0.0160464
 0.0969033 0.0305902 -0.0303558 -0.00596782 -0.0161798
 0.0974817 0.0304953 -0.0307715 -0.00566387 -0.0157173
 0.0972617 0.0303589 -0.0298935 -0.00527372 -0.0144215
 0.0974825 0.0306012 -0.0312278 -0.00468971 -0.0133808
 0.0990183 0.0310959 -0.0309173 -0.00430117 -0.0124739
 0.100411 0.0315462 -0.030252 -0.00347329 -0.0122369
 0.0994042 0.0311361 -0.0295554 -0.00282527 -0.012027
 0.0983258 0.0305307 -0.0285507 -0.00262868 -0.0112329
 0.098865 0.0302581 -0.0279207 -0.00237027 -0.0114654
 0.0955058 0.0284237 -0.0254263 -0.00273978 -0.0115298
 0.0930492 0.0272113 -0.0224282 -0.00343521 -0.009948
 0.0892408 0.0252089 -0.0199691 -0.00498119 -0.0107943
 0.0834042 0.0227911 -0.0148764 -0.00635983 -0.0104314
 0.0796702 0.0210138 -0.0116728 -0.00847383 -0.0107087
 0.0755852 0.0189969 -0.00793689 -0.0108339 -0.011156
 0.0705963 0.0170389 -0.00220786 -0.0138091 -0.0104718
 0.0652989 0.0148429 0.00267603 -0.0166757 -0.0108163
 0.0597136 0.0128487 0.00705274 -0.0201808 -0.0103864
 0.0562075 0.0113531 0.0119515 -0.0231231 -0.0104784
 0.0518768 0.00969142 0.0156979 -0.0261143 -0.0100747
 0.0471511 0.00842892 0.0211849 -0.0300762 -0.0095755
 0.042755 0.00706384 0.0267636 -0.033848 -0.00884
 0.0382291 0.00572359 0.0299735 -0.0369595 -0.0094865
 0.0342203 0.00451163 0.034346 -0.0400652 -0.00891875
 0.0319217 0.00406766 0.0378763 -0.0425594 -0.00820989
 0.0276194 0.00301103 0.0404631 -0.0442637 -0.00787455
 0.0240064 0.00227331 0.0446756 -0.0476788 -0.00737139
 0.0219064 0.00167474 0.045407 -0.0476324 -0.00729972
 0.0188677 0.00119008 0.0478214 -0.0495972 -0.00721533
 0.0170881 0.00101538 0.0495227 -0.0509392 -0.00598896
 0.0148436 0.0006793 0.0498112 -0.050805 -0.00565752
 0.0130569 0.000596692 0.0492141 -0.0497905 -0.00506815
 0.0117911 0.000520498 0.0486361 -0.0488305 -0.00460195
 0.0103288 0.000365267 0.0481405 -0.0481161 -0.00421005
 0.00960658 0.000356848 0.0460483 -0.0458406 -0.00402758
 0.00824042 0.000292138 0.0446218 -0.0442936 -0.0034258
 0.00753968 0.000285569 0.0427498 -0.0422722 -0.00315611
 0.00695216 0.000303128 0.0400216 -0.0395765 -0.00280349
 0.00624293 0.000263588 0.0383575 -0.0377245 -0.00273173
 0.00574229 0.000339703 0.0358192 -0.035074 -0.00210249
 0.00545024 0.000399448 0.0328318 -0.0321443 -0.00181111
 0.00495911 0.000390508 0.0307785 -0.0299887 -0.00169705
 0.00481167 0.000489445 0.0280165 -0.0272144 -0.00142923
 0.00448043 0.000480663 0.0256275 -0.024792 -0.00123987
 0.00426804 0.000487731 0.0232943 -0.0225075 -0.00112408
 0.00416973 0.000535239 0.021355 -0.0205588 -0.000827362
 0.00395187 0.00054732 0.018835 -0.0180478 -0.000746474
 0.00383809 0.000541228 0.0168258 -0.0160948 -0.000706349
 0.00375627 0.000582621 0.0150713 -0.0143833 -0.000441201
 0.00361498 0.000562885 0.0135347 -0.0128251 -0.000410712
 0.00349676 0.000563175 0.0118887 -0.0112432 -0.000265299
 0.00338951 0.000558688 0.0102522 -0.00966375 -0.000215855
 0.00318626 0.000534644 0.00878583 -0.0082519 -0.000158084
 0.00314598 0.000529815 0.00770142 -0.00718382 -0.000135584
 0.00301672 0.00052138 0.00669522 -0.00621847 -4.7084e-05
 0.00288307 0.000497108 0.00571843 -0.00528448 -2.6228e-05
 0.00274585 0.000478704 0.00482023 -0.00443356 -7.39817e-06
 0.00257486 0.000451303 0.00403395 -0.00368494 2.38615e-05
 0.00243866 0.000431731 0.00340115 -0.00308022 3.83326e-05
 0.00228251 0.000405583 0.00283371 -0.00254616 6.08303e-05
 0.00217058 0.000386023 0.00237672 -0.00211417 6.5885e-05
 0.00200109 0.000356707 0.00196415 -0.00173549 7.95707e-05
 0.00183584 0.000326277 0.0016257 -0.00142542 7.87618e-05
 0.00169278 0.000300538 0.00135538 -0.00117817 8.12503e-05
 0.00155197 0.000273415 0.00112062 -0.000966833 7.81626e-05
 0.00143634 0.000253127 0.00093845 -0.000805273 8.28648e-05
 0.0012977 0.000225943 0.000777178 -0.000660638 7.71363e-05
 0.00117487 0.000204252 0.000642098 -0.000540919 7.10095e-05
 0.00106762 0.000183089 0.000540783 -0.000455756 6.81782e-05
 0.000960283 0.000162799 0.000447597 -0.000376296 6.24391e-05
 0.00086335 0.000145382 0.000368831 -0.000308697 5.73244e-05
 0.000781878 0.000130463 0.000311426 -0.000260649 5.22917e-05
 0.000683881 0.00011289 0.000252638 -0.000211053 4.65199e-05
 0.000621549 0.000101519 0.00021532 -0.000180057 4.31189e-05
 0.000551758 8.91392e-05 0.000179063 -0.000150307 3.83194e-05
 0.000478563 7.63684e-05 0.000144439 -0.00012176 3.24158e-05
 0.000438201 6.92378e-05 0.000122813 -0.000104305 2.97897e-05
 0.000378643 5.89731e-05 0.000100528 -8.55575e-05 2.55068e-05
 0.00034066 5.25234e-05 8.47233e-05 -7.28474e-05 2.33119e-05
 0.000297384 4.52846e-05 7.14488e-05 -6.19075e-05 1.94601e-05
 0.000257623 3.87264e-05 5.7962e-05 -5.09107e-05 1.74253e-05
 0.000223801 3.32709e-05 4.70378e-05 -4.18312e-05 1.46403e-05
 0.000193743 2.83973e-05 3.94593e-05 -3.52717e-05 1.24182e-05
 0.000165854 2.40761e-05 3.20881e-05 -2.92814e-05 1.03097e-05
 0.000145683 2.08873e-05 2.69889e-05 -2.50007e-05 9.12867e-06
 0.000125189 1.76936e-05 2.24363e-05 -2.10211e-05 7.71762e-06
 0.000107519 1.50103e-05 1.87222e-05 -1.78597e-05 6.35121e-06
 9.39233e-05 1.29542e-05 1.56153e-05 -1.51654e-05 5.54403e-06
 7.77764e-05 1.05823e-05 1.26935e-05 -1.25227e-05 4.49151e-06
 6.79673e-05 9.157e-06 1.06778e-05 -1.07613e-05 3.82451e-06
 5.48388e-05 7.29187e-06 8.43983e-06 -8.57908e-06 3.03666e-06
 4.59932e-05 6.04292e-06 6.87599e-06 -7.14447e-06 2.47724e-06
 3.91865e-05 5.06592e-06 5.7365e-06 -6.03758e-06 2.05829e-06
 3.35285e-05 4.30387e-06 4.79992e-06 -5.15308e-06 1.69629e-06
 2.6685e-05 3.38143e-06 3.79728e-06 -4.12294e-06 1.3012e-06
 2.23531e-05 2.80259e-06 3.12781e-06 -3.44296e-06 1.05367e-06
 1.84166e-05 2.28045e-06 2.54011e-06 -2.84524e-06 8.353e-07
 1.44754e-05 1.77332e-06 1.97983e-06 -2.25457e-06 6.16664e-07
 1.21707e-05 1.46761e-06 1.66987e-06 -1.90237e-06 5.1133e-07
 9.20492e-06 1.10043e-06 1.23811e-06 -1.43932e-06 3.66082e-07
 7.70792e-06 9.08625e-07 1.04072e-06 -1.22097e-06 3.04263e-07
 5.86322e-06 6.83814e-07 7.85137e-07 -9.30492e-07 2.08747e-07
 4.79794e-06 5.5261e-07 6.40316e-07 -7.65398e-07 1.70706e-07
 3.67312e-06 4.1919e-07 4.90973e-07 -5.91299e-07 1.19769e-07
 2.85731e-06 3.22092e-07 3.82196e-07 -4.62128e-07 8.99667e-08
 2.12224e-06 2.36588e-07 2.86708e-07 -3.49018e-07 6.15374e-08
 0 0 0 0 0
 0 0 0 0 0
 0 0 0 0 0
 0 0 0 0 0
 0 0 0 0 0
 0 0 0 0 0
 0 0 0 0 0
 0 0 0 0 0
 0 0 0 0 0
 0 0 0 0 0
 0 0 0 0 0
 0 0 0 0 0
 0.109704 0.038988 -0.0274241 -0.00656694 -0.0101968
 0.104712 0.0366699 -0.0266318 -0.00674957 -0.00995825
 0.101332 0.0351738 -0.0266187 -0.00690497 -0.0104281
 0.0979508 0.0332828 -0.0269372 -0.00678899 -0.0120341
 0.09476 0.0318221 -0.0258352 -0.00674332 -0.0115484
 0.0949458 0.0314348 -0.0268904 -0.00627389 -0.0105483
 0.0935825 0.0306241 -0.0257794 -0.00609917 -0.0111015
 0.093925 0.0306583 -0.0260724 -0.00557554 -0.0104391
 0.0931133 0.0301053 -0.0251547 -0.00506825 -0.010774
 0.0939108 0.0304702 -0.0252754 -0.00432828 -0.0107133
 0.0944117 0.0307937 -0.0260622 -0.00364046 -0.00971908
 0.0944 0.0309682 -0.0258666 -0.00295811 -0.00938542
 0.094335 0.0306612 -0.0250408 -0.00251242 -0.00881683
 0.0927158 0.0296613 -0.023331 -0.00232297 -0.00893292
 0.0900983 0.0284707 -0.021647 -0.0029454 -0.00864983
 0.0868167 0.0269542 -0.0185333 -0.00377856 -0.00855517
 0.0843958 0.0253149 -0.0166703 -0.0042038 -0.00772561
 0.0801789 0.0233132 -0.0122575 -0.0067074 -0.00834042
 0.0772556 0.0218377 -0.0103784 -0.00730646 -0.00856675
 0.0723939 0.0195316 -0.00535918 -0.0100892 -0.009144
 0.067779 0.0174447 -0.00190766 -0.0124059 -0.00873442
 0.0630567 0.0155958 0.0028716 -0.0156102 -0.00882758
 0.0575408 0.0134361 0.00860183 -0.0195836 -0.00886317
 0.0540947 0.0120173 0.0116186 -0.0221813 -0.00886483
 0.0495723 0.010354 0.0180023 -0.0265915 -0.00847492
 0.0465268 0.0092025 0.0203164 -0.0277899 -0.00843033
 0.0416622 0.00765282 0.0255657 -0.0318045 -0.00765333
 0.0376552 0.0065069 0.0283004 -0.0338228 -0.0080411
 0.0343057 0.00553172 0.0332118 -0.037627 -0.00737026
 0.0303639 0.00443567 0.0376507 -0.0409691 -0.00722838
 0.0281183 0.00378281 0.0391138 -0.0418558 -0.00741234
 0.0242285 0.00277408 0.0425573 -0.045248 -0.00683457
 0.0214389 0.00221239 0.0442457 -0.0461159 -0.00662687
 0.0196846 0.00199535 0.0454841 -0.0466202 -0.00585876
 0.0178785 0.00160034 0.0467209 -0.0476402 -0.00554503
 0.0160197 0.0012374 0.0473553 -0.0479866 -0.00509213
 0.013386 0.000898667 0.0484218 -0.0484285 -0.00475901
 0.0119587 0.000717541 0.0483513 -0.0482968 -0.00434197
 0.0107489 0.000677433 0.0458404 -0.0457957 -0.00391088
 0.0101683 0.000720943 0.0444309 -0.0439798 -0.00342622
 0.00894733 0.000606308 0.0432109 -0.0426608 -0.00309348
 0.00814485 0.000570626 0.042001 -0.0413528 -0.00279075
 0.00733048 0.000534453 0.0390371 -0.0383378 -0.00233226
 0.00689109 0.000552828 0.0362705 -0.0356169 -0.00224536
 0.00622527 0.000509198 0.0345063 -0.0336591 -0.00209929
 0.00569184 0.000522088 0.0323475 -0.0315927 -0.00177349
 0.00549038 0.000590943 0.0301474 -0.0292074 -0.00156132
 0.00517364 0.000600306 0.0276929 -0.0268609 -0.00125187
 0.00490417 0.000621302 0.0246398 -0.023821 -0.00106976
 0.00477769 0.000652402 0.0225113 -0.0216803 -0.000925533
 0.00459861 0.000685298 0.0206878 -0.019861 -0.00064997
 0.00437558 0.000663203 0.0185146 -0.0177471 -0.000636084
 0.00427272 0.000652309 0.0165033 -0.0157246 -0.000598592
 0.00395216 0.000631122 0.0145157 -0.0137952 -0.000394983
 0.00388826 0.000642236 0.0129914 -0.0123096 -0.000315334
 0.00376401 0.00063633 0.0114666 -0.0108344 -0.000234865
 0.00360364 0.000620455 0.0100871 -0.00950067 -0.000168609
 0.00346149 0.0006088 0.00878417 -0.00821126 -9.46042e-05
 0.00325401 0.000573883 0.00750505 -0.00700076 -8.22964e-05
 0.00316698 0.00056399 0.00650825 -0.00605566 -1.20676e-05
 0.00301349 0.000541837 0.0055686 -0.00514107 1.66218e-05
 0.00286301 0.000518169 0.00471657 -0.00433854 2.40112e-05
 0.00267013 0.000485257 0.00395544 -0.0036184 3.11982e-05
 0.00254906 0.000467248 0.00334988 -0.003035 5.35585e-05
 0.00237141 0.000434822 0.00275682 -0.00248357 6.67276e-05
 0.00222358 0.000408332 0.00232529 -0.00207767 8.02147e-05
 0.00207854 0.000383006 0.00193082 -0.00171019 8.82917e-05
 0.00195863 0.000359971 0.00162662 -0.00143008 8.54108e-05
 0.0017719 0.000325202 0.00132898 -0.00115823 7.65357e-05
 0.0016252 0.000296357 0.00112502 -0.000977542 7.99385e-05
 0.0014975 0.000271357 0.00093825 -0.000812071 7.63802e-05
 0.00136208 0.000245433 0.000776655 -0.000666648 8.13626e-05
 0.00120299 0.000215205 0.000634859 -0.000542883 6.87661e-05
 0.00112818 0.000199638 0.000544127 -0.000462354 6.90803e-05
 0.00101448 0.000177997 0.000445483 -0.000376689 6.18496e-05
 0.000888892 0.000153851 0.000365695 -0.000309636 5.52309e-05
 0.000807985 0.00013879 0.000305194 -0.000258692 5.15405e-05
 0.000720064 0.000122921 0.000255383 -0.000217097 4.82417e-05
 0.000634002 0.000106909 0.000210415 -0.000179282 4.12338e-05
 0.000577715 9.66308e-05 0.000178915 -0.000152507 3.83966e-05
 0.000501908 8.27638e-05 0.000147281 -0.00012682 3.22767e-05
 0.000450871 7.37792e-05 0.000121826 -0.000104842 2.95187e-05
 0.000394045 6.37282e-05 0.000101548 -8.84833e-05 2.55579e-05
 0.000348308 5.57639e-05 8.45108e-05 -7.42153e-05 2.22745e-05
 0.000307371 4.85679e-05 7.13952e-05 -6.34751e-05 1.91628e-05
 0.000266989 4.16685e-05 5.81151e-05 -5.222e-05 1.69551e-05
 0.00023384 3.60853e-05 4.87682e-05 -4.42349e-05 1.44885e-05
 0.000202871 3.08887e-05 4.02954e-05 -3.72713e-05 1.25832e-05
 0.00017555 2.64463e-05 3.32013e-05 -3.10558e-05 1.08168e-05
 0.000152498 2.26212e-05 2.80032e-05 -2.66007e-05 9.05175e-06
 0.000131307 1.92508e-05 2.33036e-05 -2.25584e-05 7.72605e-06
 0.000113021 1.64206e-05 1.92373e-05 -1.88443e-05 6.34583e-06
 9.44383e-05 1.35492e-05 1.56837e-05 -1.56198e-05 5.20312e-06
 8.17394e-05 1.16198e-05 1.31199e-05 -1.33015e-05 4.43735e-06
 6.87041e-05 9.60733e-06 1.07858e-05 -1.10698e-05 3.63288e-06
 5.93989e-05 8.22623e-06 9.12592e-06 -9.52333e-06 3.0698e-06
 4.71743e-05 6.46212e-06 7.10404e-06 -7.53947e-06 2.31115e-06
 4.09389e-05 5.54655e-06 5.99515e-06 -6.47007e-06 1.99107e-06
 3.39277e-05 4.53362e-06 4.93472e-06 -5.39111e-06 1.61617e-06
 2.83541e-05 3.74432e-06 4.06392e-06 -4.50398e-06 1.31867e-06
 2.32041e-05 3.03051e-06 3.2802e-06 -3.68318e-06 1.03329e-06
 1.89802e-05 2.45185e-06 2.64215e-06 -2.99792e-06 7.96229e-07
 1.51989e-05 1.93919e-06 2.12155e-06 -2.43351e-06 6.2682e-07
 1.25331e-05 1.58409e-06 1.71437e-06 -2.00109e-06 4.8967e-07
 1.03479e-05 1.28817e-06 1.42893e-06 -1.67121e-06 4.13518e-07
 8.22579e-06 1.01664e-06 1.12638e-06 -1.33177e-06 2.96678e-07
 6.07306e-06 7.404e-07 8.30591e-07 -9.92325e-07 2.08854e-07
 5.10624e-06 6.16103e-07 6.97818e-07 -8.39217e-07 1.64953e-07
 3.83683e-06 4.58106e-07 5.25255e-07 -6.36386e-07 1.11124e-07
 0 0 0 0 0
 0 0 0 0 0
 0 0 0 0 0
 0 0 0 0 0
 0 0 0 0 0
 0 0 0 0 0
 0 0 0 0 0
 0 0 0 0 0
 0 0 0 0 0
 0 0 0 0 0
 0 0 0 0 0
 0 0 0 0 0
 0 0 0 0 0
 0.115606 0.0449403 -0.0224429 -0.00748052 -0.00291687
 0.108086 0.041303 -0.0235151 -0.00771855 -0.0039321
 0.100704 0.0376173 -0.0213347 -0.00750393 -0.00574485
 0.0965142 0.0353662 -0.0218776 -0.00759002 -0.00648608
 0.0943608 0.0337703 -0.0224222 -0.007506 -0.00720622
 0.091935 0.0321933 -0.0213595 -0.00704357 -0.00800582
 0.0894742 0.0307463 -0.0215852 -0.00684116 -0.00835525
 0.0887725 0.0301809 -0.0209077 -0.00649871 -0.00822618
 0.0877308 0.0298273 -0.021161 -0.00592678 -0.00730064
 0.0879608 0.0297263 -0.0199614 -0.00543763 -0.00687582
 0.0882675 0.0298517 -0.0222531 -0.00456002 -0.00758306
 0.0882658 0.0299667 -0.0212542 -0.00377347 -0.00719579
 0.0877992 0.0295396 -0.0211677 -0.00324063 -0.00720469
 0.0868225 0.0293035 -0.0209316 -0.00277787 -0.00693701
 0.0866092 0.0289356 -0.0195582 -0.00250688 -0.00633468
 0.0839517 0.0275023 -0.0177828 -0.00276272 -0.00653273
 0.0821345 0.0266427 -0.0156313 -0.00347806 -0.00648582
 0.0788248 0.0249369 -0.0134408 -0.00441241 -0.00660989
 0.0758282 0.0232837 -0.00988158 -0.00613462 -0.00642378
 0.0719484 0.0213838 -0.00756547 -0.00747267 -0.00638884
 0.0684961 0.0195742 -0.00325106 -0.00991858 -0.00692422
 0.0631938 0.0173781 0.000915317 -0.0132383 -0.00741965
 0.0604657 0.0157928 0.00477804 -0.0152123 -0.00745862
 0.0551571 0.0136797 0.00964017 -0.0185349 -0.00779362
 0.0514212 0.0123403 0.0131695 -0.021277 -0.00718447
 0.0479173 0.0110466 0.015801 -0.0232287 -0.00710578
 0.0434163 0.00931208 0.0205795 -0.0271454 -0.00696782
 0.0395099 0.00783079 0.0247057 -0.0301824 -0.00737692
 0.0358898 0.00673342 0.0296597 -0.0338092 -0.00681993
 0.0329083 0.00589177 0.0314661 -0.0354838 -0.00643682
 0.0294824 0.00487854 0.0345468 -0.0376078 -0.00670637
 0.0272149 0.00423135 0.0383156 -0.0406652 -0.00595543
 0.0246544 0.00353498 0.0408048 -0.0429148 -0.0059472
 0.0210684 0.00249347 0.0424812 -0.0437489 -0.00580837
 0.0195515 0.00235565 0.0443304 -0.0452906 -0.00525462
 0.0172077 0.0017796 0.0453276 -0.0459431 -0.00531673
 0.0155042 0.00162254 0.0458983 -0.04601 -0.00440025
 0.0143507 0.00143727 0.0456974 -0.0456787 -0.00393161
 0.0125555 0.00120932 0.0451312 -0.0450519 -0.00349078
 0.0114756 0.00109945 0.045091 -0.0445766 -0.00325735
 0.0101346 0.000883867 0.0431646 -0.0426479 -0.00311786
 0.0093555 0.000882525 0.0419348 -0.0414429 -0.00272316
 0.00845842 0.000763173 0.0396818 -0.0389792 -0.00259202
 0.0076769 0.00070962 0.0376873 -0.0368569 -0.00225984
 0.00724487 0.000754248 0.0357796 -0.0349262 -0.00190205
 0.00661045 0.000734095 0.0335164 -0.0325857 -0.00165867
 0.00615825 0.00071496 0.0308092 -0.0298818 -0.00150476
 0.0060535 0.000780374 0.0281581 -0.0272663 -0.00120988
 0.00557751 0.00072472 0.0262772 -0.0253456 -0.00107578
 0.00520663 0.000722923 0.0240792 -0.0232221 -0.0009396
 0.00514364 0.000798262 0.0221534 -0.0212598 -0.000596099
 0.00479182 0.00074285 0.0198208 -0.0189749 -0.000564733
 0.004712 0.000766438 0.0178398 -0.0170625 -0.000521785
 0.00447864 0.000753779 0.0157928 -0.0150273 -0.000328641
 0.00426988 0.000720083 0.0140209 -0.0133155 -0.000366054
 0.0041136 0.000728133 0.0126104 -0.0119332 -0.000231579
 0.00397393 0.000708893 0.0110702 -0.010453 -0.000132197
 0.00377997 0.000674877 0.00968408 -0.00911817 -0.000143586
 0.00363383 0.000666928 0.00832052 -0.00778347 -9.64792e-05
 0.00348756 0.000650042 0.00737179 -0.00685472 -1.53502e-05
 0.00335039 0.000621926 0.00630389 -0.00585678 1.28852e-05
 0.00313708 0.000587379 0.00540462 -0.00500906 3.32387e-05
 0.00295373 0.000551143 0.00456576 -0.00421074 5.40175e-05
 0.00278126 0.000518923 0.00388351 -0.00354582 6.07638e-05
 0.00261324 0.000493908 0.00322873 -0.00293544 7.8805e-05
 0.00244399 0.000463128 0.00266489 -0.00239932 8.60017e-05
 0.00229347 0.000436805 0.00228192 -0.00204502 9.04933e-05
 0.00213588 0.000404282 0.00186494 -0.00165559 8.61375e-05
 0.00197333 0.000373263 0.00156968 -0.0013859 8.63367e-05
 0.00180914 0.000342796 0.00129543 -0.00113835 9.00233e-05
 0.00166901 0.000312946 0.00108682 -0.000949633 8.28776e-05
 0.00152086 0.000283676 0.000901358 -0.000783328 8.18084e-05
 0.00138128 0.000255991 0.000752543 -0.000651492 7.77941e-05
 0.00125616 0.000231202 0.000627401 -0.000541828 7.17042e-05
 0.00115185 0.000210003 0.000526985 -0.000452518 7.04032e-05
 0.00102102 0.000184236 0.000435382 -0.000374084 6.0574e-05
 0.0009314 0.000167284 0.000366667 -0.000313967 5.67611e-05
 0.000839 0.000149407 0.00030638 -0.000262797 5.30462e-05
 0.000736998 0.000129645 0.000254057 -0.000218951 4.59812e-05
 0.000664447 0.000115769 0.000211985 -0.000183188 4.21024e-05
 0.000588954 0.000101641 0.000174874 -0.000152049 3.81903e-05
 0.000522931 8.91658e-05 0.000146452 -0.000128415 3.32771e-05
 0.000472767 7.98844e-05 0.000125228 -0.000110538 3.00508e-05
 0.000399302 6.67992e-05 9.93042e-05 -8.842e-05 2.44648e-05
 0.000354414 5.84632e-05 8.36358e-05 -7.53929e-05 2.16884e-05
 0.00031917 5.20321e-05 7.09164e-05 -6.44431e-05 1.9805e-05
 0.000272707 4.39997e-05 5.83713e-05 -5.36414e-05 1.63024e-05
 0.000241102 3.83465e-05 4.91616e-05 -4.59185e-05 1.47263e-05
 0.000208093 3.27838e-05 4.09279e-05 -3.86294e-05 1.21827e-05
 0.000184039 2.86924e-05 3.43822e-05 -3.29748e-05 1.04724e-05
 0.000158473 2.43685e-05 2.89851e-05 -2.81522e-05 8.946e-06
 0.000132336 2.01347e-05 2.33132e-05 -2.31313e-05 7.24776e-06
 0.000113537 1.71441e-05 1.9036e-05 -1.9186e-05 6.07219e-06
 0.000101526 1.51268e-05 1.67237e-05 -1.70188e-05 5.48075e-06
 8.15336e-05 1.19842e-05 1.29368e-05 -1.34475e-05 4.23461e-06
 7.04994e-05 1.02494e-05 1.10517e-05 -1.15834e-05 3.61488e-06
 6.13798e-05 8.84542e-06 9.43425e-06 -1.00173e-05 3.03169e-06
 5.05197e-05 7.16921e-06 7.66897e-06 -8.27882e-06 2.44745e-06
 4.142e-05 5.81851e-06 6.11861e-06 -6.72947e-06 1.84679e-06
 3.55925e-05 4.94148e-06 5.24592e-06 -5.81129e-06 1.57961e-06
 2.95598e-05 4.06845e-06 4.23564e-06 -4.77024e-06 1.23633e-06
 2.38607e-05 3.24504e-06 3.39204e-06 -3.86981e-06 9.7655e-07
 2.02306e-05 2.71953e-06 2.86561e-06 -3.29456e-06 8.08485e-07
 1.62395e-05 2.15471e-06 2.26976e-06 -2.64133e-06 6.2749e-07
 1.32916e-05 1.74542e-06 1.87183e-06 -2.19206e-06 5.09557e-07
 1.05392e-05 1.36879e-06 1.48046e-06 -1.745e-06 3.98367e-07
 8.70425e-06 1.11563e-06 1.22132e-06 -1.45281e-06 3.09937e-07
 6.42341e-06 8.16573e-07 8.89233e-07 -1.06956e-06 2.03232e-07
 0 0 0 0 0
 0 0 0 0 0
 0 0 0 0 0
 0 0 0 0 0
 0 0 0 0 0
 0 0 0 0 0
 0 0 0 0 0
 0 0 0 0 0
 0 0 0 0 0
 0 0 0 0 0
 0 0 0 0 0
 0 0 0 0 0
 0 0 0 0 0
 0 0 0 0 0
 0.121988 0.0513577 -0.0180232 -0.00821392 0.0044859
 0.110737 0.045655 -0.0181812 -0.00822083 0.0026769
 0.10299 0.0411658 -0.0178842 -0.00835308 -0.00042368
 0.0951592 0.0369625 -0.0179901 -0.00809802 -0.00281457
 0.0925633 0.0351632 -0.0174297 -0.00829612 -0.00305581
 0.0884583 0.0326928 -0.0170808 -0.00785393 -0.00513631
 0.0861175 0.031131 -0.0171288 -0.00759472 -0.00460867
 0.084605 0.0300872 -0.0164969 -0.00724172 -0.00612344
 0.0833958 0.0294342 -0.0167397 -0.0069207 -0.00639328
 0.0815616 0.0285451 -0.0164601 -0.00621798 -0.00594289
 0.0816263 0.0284302 -0.0169528 -0.00542826 -0.0057559
 0.0822511 0.0286442 -0.0174532 -0.00469203 -0.00556729
 0.0824169 0.0289257 -0.0168218 -0.00400973 -0.00501651
 0.0815769 0.0286014 -0.0165818 -0.00338007 -0.00512336
 0.0813139 0.0286248 -0.016792 -0.00266941 -0.00433908
 0.0807691 0.027988 -0.015839 -0.00257786 -0.0052687
 0.0777241 0.026664 -0.0135523 -0.00279727 -0.0046145
 0.0757813 0.0256258 -0.0126558 -0.00363492 -0.00502421
 0.0740062 0.0244169 -0.00928525 -0.00497954 -0.00519491
 0.0698748 0.0223352 -0.0066329 -0.00646795 -0.0052463
 0.0667562 0.0206377 -0.00316006 -0.00790821 -0.00528455
 0.0629354 0.0189613 -0.000221324 -0.00997083 -0.00528378
 0.0601847 0.0174393 0.00309494 -0.0125252 -0.00633646
 0.0554021 0.0154501 0.00647736 -0.0150974 -0.00615677
 0.0525941 0.0139437 0.00903783 -0.0170794 -0.00619641
 0.0480713 0.0120573 0.0140845 -0.0210301 -0.00645075
 0.0446644 0.0107588 0.0167816 -0.0228126 -0.00658307
 0.040105 0.00916683 0.0220986 -0.0272232 -0.00611592
 0.0380333 0.00812619 0.0254353 -0.0294158 -0.00643119
 0.0344589 0.00705141 0.0284257 -0.0322492 -0.00584865
 0.0302542 0.00557854 0.03196 -0.0348646 -0.00613373
 0.0285103 0.0052242 0.0352962 -0.037666 -0.00536576
 0.0256581 0.00413507 0.0371722 -0.0387585 -0.00566312
 0.0225818 0.00360817 0.0402209 -0.0415648 -0.00493549
 0.0207482 0.00308503 0.0424349 -0.0431483 -0.00473701
 0.0187753 0.00263649 0.0432831 -0.0436637 -0.00447528
 0.0167216 0.00215116 0.043064 -0.0435532 -0.00399878
 0.0153563 0.00186627 0.0449015 -0.044975 -0.00397489
 0.014226 0.0017675 0.0434444 -0.0432542 -0.00335302
 0.0127782 0.00157965 0.0427275 -0.0424052 -0.00310919
 0.011571 0.00124331 0.04204 -0.0415649 -0.0031008
 0.0101852 0.00115619 0.0412092 -0.0403499 -0.00253624
 0.00920725 0.00104625 0.0394522 -0.0387264 -0.00228693
 0.00876083 0.00103637 0.0377202 -0.0369441 -0.00207113
 0.00820583 0.000941767 0.0360448 -0.0352317 -0.00201878
 0.00748525 0.000913642 0.0336451 -0.0327975 -0.00166912
 0.006997 0.000939525 0.0315815 -0.0306401 -0.00139503
 0.00660818 0.000893567 0.0298601 -0.0288327 -0.00134473
 0.00626189 0.000948625 0.0276128 -0.0265967 -0.000946792
 0.00600447 0.000936692 0.0247405 -0.0238316 -0.000876742
 0.00556697 0.000881408 0.0228467 -0.0219208 -0.000732175
 0.00535382 0.000870533 0.0209176 -0.0200165 -0.000619608
 0.00523362 0.000898792 0.0189861 -0.0181568 -0.000524301
 0.00483869 0.000829756 0.0167087 -0.015931 -0.000460488
 0.00480232 0.000853233 0.0153922 -0.0146201 -0.000324725
 0.00451577 0.000831194 0.0135494 -0.012825 -0.000175199
 0.00429276 0.000786258 0.0120801 -0.0114278 -0.000184142
 0.0041786 0.000790602 0.0106888 -0.0100693 -0.000106149
 0.00392313 0.000729255 0.00930592 -0.00873975 -0.000100397
 0.00371674 0.000703046 0.00803264 -0.00753199 -3.82617e-05
 0.00356366 0.000681718 0.00695366 -0.00648125 1.3383e-05
 0.00340913 0.000654491 0.0060802 -0.00564444 3.23014e-05
 0.00323493 0.000630315 0.00516157 -0.00476854 5.89193e-05
 0.00304233 0.000591219 0.00438563 -0.00403649 7.07687e-05
 0.00288208 0.000560663 0.00371393 -0.00339839 9.60817e-05
 0.00272641 0.000533257 0.00310513 -0.00282872 9.72408e-05
 0.00253628 0.000495446 0.00258747 -0.00233829 8.17989e-05
 0.00234418 0.000457896 0.00217743 -0.00195519 8.47733e-05
 0.00215235 0.000419797 0.00178248 -0.00159358 9.478e-05
 0.00199658 0.000389805 0.00149841 -0.00132578 0.000105204
 0.00187011 0.000362732 0.00126428 -0.00111578 9.15858e-05
 0.00170087 0.000329458 0.00104511 -0.000914258 8.99283e-05
 0.00155339 0.000298296 0.000884383 -0.000770737 8.62958e-05
 0.00142497 0.000271984 0.000748517 -0.000650799 8.16271e-05
 0.00128499 0.000243612 0.000614281 -0.000532373 7.12502e-05
 0.00116734 0.000219597 0.000512592 -0.000443619 6.6579e-05
 0.00105855 0.000197548 0.000427242 -0.000371655 6.37564e-05
 0.000945658 0.000175401 0.000352289 -0.000305887 5.79545e-05
 0.000860233 0.000157871 0.000302716 -0.000263197 5.34069e-05
 0.000754708 0.000136732 0.000247257 -0.000215501 4.62682e-05
 0.000673797 0.000121003 0.000205005 -0.000180459 4.07397e-05
 0.000596178 0.000106025 0.000171765 -0.000151746 3.67433e-05
 0.00053306 9.34425e-05 0.000144076 -0.000128528 3.3399e-05
 0.000469537 8.14849e-05 0.000121563 -0.000108953 2.78174e-05
 0.000416949 7.18393e-05 0.000100869 -9.12e-05 2.45968e-05
 0.000367191 6.2489e-05 8.41642e-05 -7.72895e-05 2.17107e-05
 0.000322183 5.42752e-05 6.96322e-05 -6.44739e-05 1.92015e-05
 0.00028083 4.67878e-05 5.85108e-05 -5.48836e-05 1.63853e-05
 0.000242681 3.99799e-05 4.8476e-05 -4.62596e-05 1.39572e-05
 0.000208344 3.38528e-05 4.00625e-05 -3.86534e-05 1.14821e-05
 0.000183455 2.95457e-05 3.40681e-05 -3.3433e-05 1.0044e-05
 0.000159475 2.54059e-05 2.86117e-05 -2.85039e-05 8.58083e-06
 0.00013499 2.12494e-05 2.32773e-05 -2.35797e-05 7.16587e-06
 0.000118056 1.83627e-05 1.97737e-05 -2.02594e-05 6.19714e-06
 9.88475e-05 1.52329e-05 1.60986e-05 -1.67924e-05 5.03697e-06
 8.46975e-05 1.28647e-05 1.35447e-05 -1.43253e-05 4.23422e-06
 7.20517e-05 1.08205e-05 1.12912e-05 -1.2079e-05 3.38022e-06
 6.13111e-05 9.11758e-06 9.41183e-06 -1.02361e-05 2.92218e-06
 5.18472e-05 7.64507e-06 7.78091e-06 -8.57325e-06 2.32994e-06
 4.32683e-05 6.29784e-06 6.48037e-06 -7.20421e-06 1.91428e-06
 3.53563e-05 5.08906e-06 5.24969e-06 -5.89296e-06 1.5179e-06
 2.90157e-05 4.13322e-06 4.20587e-06 -4.79231e-06 1.20559e-06
 2.40963e-05 3.39627e-06 3.48604e-06 -4.01342e-06 9.24258e-07
 1.97152e-05 2.74724e-06 2.86358e-06 -3.32495e-06 7.58809e-07
 1.64122e-05 2.25902e-06 2.36182e-06 -2.76848e-06 6.09228e-07
 1.35473e-05 1.84468e-06 1.94538e-06 -2.29122e-06 4.76334e-07
 1.08325e-05 1.46063e-06 1.54115e-06 -1.83802e-06 3.51302e-07
 0 0 0 0 0
 0 0 0 0 0
 0 0 0 0 0
 0 0 0 0 0
 0 0 0 0 0
 0 0 0 0 0
 0 0 0 0 0
 0 0 0 0 0
 0 0 0 0 0
 0 0 0 0 0
 0 0 0 0 0
 0 0 0 0 0
 0 0 0 0 0
 0 0 0 0 0
 0 0 0 0 0
 0.13046 0.0595239 -0.0138379 -0.009339 0.012911
 0.114931 0.0508893 -0.0131928 -0.00929758 0.00844325
 0.104091 0.044424 -0.0130266 -0.00925025 0.0049604
 0.0968817 0.0401794 -0.0136459 -0.00913592 0.00255256
 0.0905158 0.0363753 -0.0135614 -0.00899642 0.000320847
 0.0862633 0.0337937 -0.013654 -0.00864458 -0.000210991
 0.0834367 0.0318747 -0.0134563 -0.0082935 -0.00156236
 0.0815141 0.0304857 -0.0128893 -0.00802649 -0.00249542
 0.0787455 0.0289182 -0.012246 -0.00761229 -0.00356638
 0.0779054 0.028396 -0.0127418 -0.00717027 -0.00394461
 0.076828 0.0278183 -0.0127006 -0.00634159 -0.00360654
 0.0753413 0.0268874 -0.0129684 -0.00568698 -0.00445225
 0.0761456 0.0274316 -0.0135105 -0.00497403 -0.00421663
 0.0755837 0.0272994 -0.0137937 -0.00416325 -0.00436575
 0.0750333 0.0272013 -0.0125093 -0.00372778 -0.00380788
 0.074045 0.0268792 -0.0133184 -0.00306418 -0.00449843
 0.0741817 0.0267462 -0.0119137 -0.00289421 -0.00389344
 0.072473 0.0259994 -0.0105773 -0.00340191 -0.0037176
 0.0700456 0.0242088 -0.00872408 -0.00408053 -0.00434116
 0.067267 0.0230771 -0.00650275 -0.00496547 -0.00354038
 0.065272 0.0217591 -0.00450929 -0.00662401 -0.00403915
 0.0620648 0.0201162 -0.00108928 -0.00831266 -0.00452068
 0.0592558 0.018554 0.00158768 -0.0107701 -0.0048363
 0.0546489 0.0164446 0.00465498 -0.0124763 -0.00513004
 0.0517866 0.0150968 0.0072615 -0.0143169 -0.00467211
 0.0490049 0.013751 0.0107761 -0.017594 -0.00480031
 0.0448469 0.0118436 0.0151436 -0.0205337 -0.00524943
 0.0414621 0.0104069 0.0198036 -0.0240335 -0.00542516
 0.0375578 0.00893483 0.0224417 -0.0260625 -0.00586909
 0.0348876 0.00806909 0.026912 -0.0300784 -0.00508443
 0.0319927 0.00682733 0.02932 -0.031522 -0.00530772
 0.0293164 0.00598622 0.0317498 -0.0336111 -0.00531634
 0.0271884 0.00521948 0.033469 -0.0351928 -0.00512888
 0.0243442 0.00443316 0.0360397 -0.0373972 -0.00487727
 0.0218931 0.00375508 0.0378333 -0.0387796 -0.00454378
 0.0198156 0.00315567 0.0415284 -0.0420056 -0.00452824
 0.0180587 0.00277003 0.0402849 -0.0406057 -0.00403867
 0.0164413 0.00235566 0.0415354 -0.0412914 -0.00390924
 0.0146132 0.00199762 0.0420662 -0.0416701 -0.00356873
 0.0138941 0.00199098 0.0413267 -0.0407947 -0.00304014
 0.012542 0.00160119 0.040134 -0.0396853 -0.00311292
 0.0112747 0.00155192 0.0400811 -0.0393307 -0.00234917
 0.0108563 0.0015268 0.0386986 -0.0378794 -0.00234928
 0.00969333 0.00132623 0.0378512 -0.0370455 -0.00204939
 0.00893317 0.00125963 0.0362502 -0.0353173 -0.00176044
 0.00843383 0.00118652 0.0346006 -0.0336767 -0.0015861
 0.00782322 0.00116288 0.0323081 -0.031267 -0.00133886
 0.0072879 0.00110864 0.0300919 -0.0291316 -0.00123301
 0.00684336 0.00104991 0.0286827 -0.0276905 -0.00111614
 0.00637237 0.000997192 0.0258707 -0.0248798 -0.000872242
 0.00605053 0.00101927 0.0236654 -0.022727 -0.000720547
 0.00585032 0.00101083 0.0217746 -0.0208538 -0.000529264
 0.00549875 0.000976542 0.0195289 -0.0186889 -0.000499045
 0.00532816 0.000973775 0.0177942 -0.0169553 -0.000356502
 0.00506075 0.0009422 0.0161114 -0.0153187 -0.000279707
 0.00476401 0.000884142 0.0143348 -0.0136503 -0.000241538
 0.00464138 0.000879708 0.0127987 -0.0121228 -0.000163954
 0.00450753 0.000874133 0.0114727 -0.0108289 -7.83198e-05
 0.00427963 0.0008388 0.0101277 -0.00952417 -2.83868e-05
 0.00406224 0.000804804 0.00877167 -0.00820092 -1.18974e-05
 0.00385185 0.000763513 0.00761035 -0.00711629 -4.39692e-06
 0.00369742 0.000735062 0.0067065 -0.00624132 4.63522e-05
 0.00343438 0.000684202 0.00567273 -0.00526898 5.92421e-05
 0.00323502 0.000643857 0.00483183 -0.00446817 5.7532e-05
 0.00309627 0.000624179 0.0041459 -0.00381442 9.31383e-05
 0.0029293 0.000586548 0.00350877 -0.00321146 8.492e-05
 0.00274383 0.000549931 0.00297831 -0.00271603 9.686e-05
 0.00254292 0.000509201 0.0024433 -0.00221149 8.89e-05
 0.0023713 0.000478082 0.00206125 -0.00185636 9.929e-05
 0.00219093 0.000440255 0.0017047 -0.00152321 9.78542e-05
 0.00201777 0.000405081 0.00141216 -0.00125645 9.72617e-05
 0.00186706 0.000372695 0.00120613 -0.00106677 9.14558e-05
 0.00169222 0.000336879 0.000981825 -0.000868908 8.62458e-05
 0.00157758 0.000311842 0.000843517 -0.000740717 8.37442e-05
 0.00141544 0.000278773 0.000695106 -0.000609607 8.0014e-05
 0.00129128 0.000251213 0.000586999 -0.000515134 7.08603e-05
 0.0011557 0.000223596 0.000482954 -0.000423753 6.45104e-05
 0.00106326 0.000203145 0.000413151 -0.000361917 6.03343e-05
 0.000950883 0.000180455 0.00034018 -0.000299163 5.55207e-05
 0.000841025 0.000158558 0.000283303 -0.000249102 5.02287e-05
 0.000766478 0.000142946 0.000239323 -0.000212283 4.63407e-05
 0.000681967 0.00012579 0.000200968 -0.000179298 4.12463e-05
 0.000596905 0.000108949 0.000164885 -0.00014779 3.5222e-05
 0.000536008 9.7055e-05 0.000139275 -0.00012656 3.12441e-05
 0.000466989 8.3525e-05 0.000115178 -0.000105689 2.69864e-05
 0.000414876 7.34634e-05 9.686e-05 -8.97292e-05 2.42597e-05
 0.000362446 6.3419e-05 8.17753e-05 -7.6628e-05 2.07312e-05
 0.00031904 5.5264e-05 6.81304e-05 -6.48121e-05 1.81375e-05
 0.000281796 4.83867e-05 5.71158e-05 -5.48823e-05 1.57955e-05
 0.000247947 4.20523e-05 4.87032e-05 -4.73076e-05 1.39673e-05
 0.000214667 3.60306e-05 4.04096e-05 -3.9827e-05 1.16613e-05
 0.000185805 3.09006e-05 3.3505e-05 -3.35618e-05 9.999e-06
 0.000157618 2.58458e-05 2.79239e-05 -2.83957e-05 8.17856e-06
 0.000138267 2.24911e-05 2.38319e-05 -2.45506e-05 6.88505e-06
 0.000116985 1.87999e-05 1.95295e-05 -2.04344e-05 5.86612e-06
 9.95875e-05 1.58183e-05 1.6155e-05 -1.71818e-05 4.83598e-06
 8.49833e-05 1.3368e-05 1.35929e-05 -1.46163e-05 4.11223e-06
 7.22386e-05 1.12393e-05 1.12205e-05 -1.22513e-05 3.27209e-06
 5.97857e-05 9.20958e-06 9.20758e-06 -1.01722e-05 2.66081e-06
 5.11178e-05 7.80074e-06 7.71007e-06 -8.63842e-06 2.16128e-06
 4.31033e-05 6.48489e-06 6.45516e-06 -7.30613e-06 1.74268e-06
 3.58238e-05 5.34093e-06 5.33133e-06 -6.06325e-06 1.47482e-06
 2.97976e-05 4.40288e-06 4.38281e-06 -5.05588e-06 1.16393e-06
 2.43884e-05 3.55382e-06 3.57361e-06 -4.16862e-06 9.45642e-07
 2.0308e-05 2.93584e-06 2.95738e-06 -3.4704e-06 7.50776e-07
 1.72857e-05 2.47164e-06 2.5372e-06 -2.9937e-06 6.22198e-07
 0 0 0 0 0
 0 0 0 0 0
 0 0 0 0 0
 0 0 0 0 0
 0 0 0 0 0
 0 0 0 0 0
 0 0 0 0 0
 0 0 0 0 0
 0 0 0 0 0
 0 0 0 0 0
 0 0 0 0 0
 0 0 0 0 0
 0 0 0 0 0
 0 0 0 0 0
 0 0 0 0 0
 0 0 0 0 0
 0.135444 0.0660577 -0.00863542 -0.0100878 0.020606
 0.118346 0.0557476 -0.00891567 -0.0103062 0.0145709
 0.10456 0.0473908 -0.00960983 -0.0100465 0.00923975
 0.0963183 0.0421768 -0.00941558 -0.00997242 0.00611447
 0.0905292 0.0384142 -0.00881775 -0.0100684 0.00441711
 0.0854925 0.0352575 -0.0102543 -0.00960367 0.00236803
 0.0797072 0.0318134 -0.00960283 -0.00920717 0.000834717
 0.0768378 0.0302393 -0.00975042 -0.00873925 -0.000327596
 0.0752192 0.0288946 -0.00927192 -0.00848725 -0.00163522
 0.0723565 0.0275254 -0.0088825 -0.00788442 -0.00244117
 0.0709319 0.0265433 -0.00880425 -0.00735553 -0.00298262
 0.0710356 0.0264989 -0.00906367 -0.006789 -0.00264377
 0.0705399 0.0263456 -0.009814 -0.00597224 -0.00225267
 0.0700072 0.0259712 -0.0100665 -0.00517063 -0.00301738
 0.0710025 0.026541 -0.0106089 -0.00442783 -0.00287232
 0.0697362 0.0263304 -0.009775 -0.00379163 -0.00196341
 0.0687433 0.0258733 -0.0100018 -0.00330558 -0.00188612
 0.0684106 0.0253781 -0.008828 -0.00320679 -0.00247066
 0.0658801 0.0243619 -0.00776057 -0.00379964 -0.00298296
 0.0641445 0.023104 -0.00601295 -0.00455114 -0.00259108
 0.0624792 0.0220121 -0.00396983 -0.0053404 -0.0032912
 0.0590707 0.0201959 -0.00205425 -0.00665559 -0.00344009
 0.0559373 0.0188115 0.000641291 -0.00821637 -0.00388711
 0.053348 0.0173707 0.00425826 -0.0107438 -0.00363365
 0.0510729 0.0161076 0.00663022 -0.0126887 -0.00420914
 0.0480029 0.0146185 0.00883058 -0.0139983 -0.00405397
 0.0450098 0.013059 0.0120678 -0.0168017 -0.00432699
 0.0414058 0.0115677 0.0160946 -0.020023 -0.00427972
 0.0383329 0.0100031 0.01909 -0.0227334 -0.00494216
 0.0351823 0.00874583 0.0222222 -0.0248041 -0.00488836
 0.0326913 0.00778575 0.0252007 -0.0275412 -0.0047386
 0.0299237 0.00681094 0.0287632 -0.0308412 -0.00458735
 0.0273894 0.0059773 0.0305484 -0.0323156 -0.00416017
 0.0255319 0.00523018 0.0333568 -0.0339551 -0.00441402
 0.0235812 0.00459263 0.0353711 -0.0362037 -0.00426302
 0.0212634 0.00385606 0.0362534 -0.0368278 -0.00410497
 0.0194579 0.00346136 0.0388626 -0.0389617 -0.00378794
 0.0173866 0.00294296 0.0391124 -0.0390066 -0.00352854
 0.0159688 0.00251392 0.0395641 -0.0394197 -0.00325792
 0.0144669 0.00223852 0.0408486 -0.0401678 -0.00298268
 0.0135765 0.00213015 0.03939 -0.0388066 -0.00258268
 0.0121565 0.00179569 0.039604 -0.0389384 -0.00259145
 0.011363 0.00167737 0.0376818 -0.0368801 -0.00226766
 0.0101897 0.00155057 0.0370266 -0.0360585 -0.0019102
 0.00947525 0.00142331 0.0353213 -0.0343946 -0.00184143
 0.00905867 0.00140296 0.0337006 -0.0327416 -0.00164613
 0.00853217 0.00138628 0.0315737 -0.0306153 -0.00127707
 0.00780272 0.00124608 0.0307261 -0.0297858 -0.00121822
 0.00734778 0.00122803 0.028478 -0.0274734 -0.000994408
 0.00693493 0.00117813 0.0270444 -0.0260046 -0.000876092
 0.00666983 0.00116363 0.0245103 -0.0235692 -0.000779758
 0.00634745 0.00116121 0.0220422 -0.0210722 -0.000484648
 0.00599178 0.00110894 0.020534 -0.0196123 -0.000543361
 0.00562971 0.001071 0.0186017 -0.0177471 -0.000327785
 0.00547019 0.00104763 0.0168325 -0.0159932 -0.000360625
 0.00522563 0.00100503 0.0148667 -0.0141208 -0.000268045
 0.00490394 0.000968333 0.0134546 -0.0127582 -0.000192541
 0.0047531 0.000941875 0.0121972 -0.0115403 -0.000120418
 0.00450932 0.000899225 0.0105731 -0.00999517 -0.000100051
 0.00431787 0.000871117 0.00943075 -0.00886667 -5.12438e-05
 0.00410887 0.000846992 0.00824206 -0.00773672 5.17529e-05
 0.00388963 0.000796423 0.00717603 -0.00670745 4.45983e-05
 0.0037358 0.000763125 0.00626447 -0.00583447 6.09852e-05
 0.00353662 0.00073334 0.00533361 -0.00494868 9.43475e-05
 0.00331039 0.000683383 0.00454546 -0.00421094 9.20767e-05
 0.00316214 0.000654727 0.00394901 -0.00363172 9.13408e-05
 0.00291975 0.000601821 0.00328672 -0.00301416 0.000108698
 0.00276378 0.000574378 0.00280586 -0.00255882 0.000119833
 0.00255409 0.000526913 0.00233883 -0.00211961 0.000103541
 0.00240843 0.000498106 0.00194047 -0.00174838 0.000112367
 0.00219187 0.000452628 0.00161001 -0.00144826 0.000105416
 0.00203182 0.000417731 0.00135483 -0.00121015 9.80233e-05
 0.00184712 0.000378963 0.00111936 -0.000997133 9.26958e-05
 0.00171518 0.000350232 0.000960225 -0.00085185 9.20742e-05
 0.00156401 0.000317282 0.000795621 -0.000706032 8.57467e-05
 0.00140052 0.000282424 0.000654403 -0.000581041 7.27311e-05
 0.00129016 0.000257856 0.00055412 -0.000490398 7.32573e-05
 0.00117101 0.000231824 0.000471427 -0.00041763 6.50597e-05
 0.001044 0.000205382 0.000385425 -0.000342353 5.91242e-05
 0.000934442 0.000181815 0.000325118 -0.000289818 5.39688e-05
 0.00085125 0.000164768 0.000273788 -0.000245919 4.88918e-05
 0.000754156 0.000144037 0.000229469 -0.000206961 4.43572e-05
 0.000668436 0.000126651 0.000190141 -0.000172613 3.84123e-05
 0.000600652 0.000112603 0.000159821 -0.000146308 3.44218e-05
 0.00053228 9.88908e-05 0.000134094 -0.000123895 3.11563e-05
 0.000468943 8.61992e-05 0.000112576 -0.000105178 2.64788e-05
 0.000417496 7.61084e-05 9.5315e-05 -8.97925e-05 2.34839e-05
 0.000360645 6.49667e-05 7.89577e-05 -7.55275e-05 1.99886e-05
 0.000320686 5.71288e-05 6.64663e-05 -6.42225e-05 1.76784e-05
 0.000280174 4.93522e-05 5.63162e-05 -5.51191e-05 1.54151e-05
 0.000242519 4.23716e-05 4.65447e-05 -4.62809e-05 1.27922e-05
 0.000211158 3.64894e-05 3.91608e-05 -3.95075e-05 1.09342e-05
 0.00018026 3.09007e-05 3.21461e-05 -3.29416e-05 9.22458e-06
 0.00015725 2.65593e-05 2.75004e-05 -2.84508e-05 7.94912e-06
 0.000137542 2.30276e-05 2.33619e-05 -2.45059e-05 6.84709e-06
 0.000116354 1.92484e-05 1.94023e-05 -2.06282e-05 5.61708e-06
 9.90758e-05 1.62315e-05 1.59999e-05 -1.72682e-05 4.54545e-06
 8.5825e-05 1.39272e-05 1.36985e-05 -1.49304e-05 3.91809e-06
 7.14404e-05 1.145e-05 1.12327e-05 -1.24129e-05 3.16415e-06
 6.02637e-05 9.57692e-06 9.29892e-06 -1.03904e-05 2.6653e-06
 5.13528e-05 8.07153e-06 7.81119e-06 -8.85583e-06 2.10829e-06
 4.35038e-05 6.76009e-06 6.53377e-06 -7.47203e-06 1.70316e-06
 3.55356e-05 5.46302e-06 5.33979e-06 -6.16485e-06 1.38146e-06
 2.98362e-05 4.54159e-06 4.46035e-06 -5.18017e-06 1.14219e-06
 2.42621e-05 3.65807e-06 3.58558e-06 -4.20837e-06 8.82817e-07
 0 0 0 0 0
 0 0 0 0 0
 0 0 0 0 0
 0 0 0 0 0
 0 0 0 0 0
 0 0 0 0 0
 0 0 0 0 0
 0 0 0 0 0
 0 0 0 0 0
 0 0 0 0 0
 0 0 0 0 0
 0 0 0 0 0
 0 0 0 0 0
 0 0 0 0 0
 0 0 0 0 0
 0 0 0 0 0
 0 0 0 0 0
 0.146874 0.0762017 -0.0058353 -0.0113868 0.0302192
 0.121183 0.0605361 -0.00606099 -0.0111426 0.0207657
 0.108459 0.0522045 -0.00540749 -0.0112537 0.0156603
 0.0961575 0.0443608 -0.0059155 -0.0109015 0.00999075
 0.0887092 0.0397054 -0.0058221 -0.0107945 0.00734098
 0.0820321 0.0356165 -0.00505456 -0.0106064 0.0051957
 0.0776207 0.0327097 -0.00602463 -0.0102319 0.00336322
 0.0736192 0.0301277 -0.00600423 -0.00966642 0.000353776
 0.0717213 0.0288108 -0.00584771 -0.00932067 0.000760327
 0.0693357 0.027391 -0.00623363 -0.00881433 -0.000433803
 0.0672582 0.0262898 -0.00601533 -0.00821179 -0.000671676
 0.0667119 0.0256339 -0.00588471 -0.00761972 -0.00187338
 0.0652664 0.0249529 -0.00627567 -0.00695466 -0.00242752
 0.0651446 0.0248799 -0.00663028 -0.00618371 -0.00227517
 0.0648799 0.0250285 -0.00696855 -0.00541387 -0.00166599
 0.0646187 0.0249846 -0.00695613 -0.00465539 -0.00168522
 0.0640268 0.0248696 -0.00699234 -0.0039379 -0.00125766
 0.0634704 0.0243479 -0.00663796 -0.00358647 -0.00221023
 0.0624133 0.0238579 -0.00585058 -0.00358384 -0.00169731
 0.0605913 0.0230204 -0.00483671 -0.00439402 -0.00233818
 0.058796 0.0218596 -0.00359311 -0.00477693 -0.00225574
 0.0566902 0.0209044 -0.00113088 -0.00600514 -0.001931
 0.0542111 0.0192312 0.000873358 -0.00709651 -0.00285434
 0.0521312 0.0181697 0.00245026 -0.0087075 -0.00240832
 0.0494191 0.0163514 0.0051888 -0.0104052 -0.00364714
 0.0461591 0.0148274 0.00776184 -0.0126162 -0.00355332
 0.0437098 0.0136133 0.0103073 -0.01484 -0.00392979
 0.0410862 0.0123992 0.0135641 -0.0173981 -0.00357362
 0.0387442 0.0111063 0.0158657 -0.0187659 -0.00344572
 0.0349933 0.00937325 0.0205586 -0.0229531 -0.00468458
 0.0330555 0.0086035 0.0223632 -0.0246328 -0.00456792
 0.0308617 0.00783247 0.0245877 -0.0265074 -0.00386017
 0.0278133 0.00652468 0.0281719 -0.0293893 -0.00394236
 0.0256871 0.00581955 0.0309021 -0.0316709 -0.00393922
 0.0239083 0.0052226 0.0325688 -0.0330253 -0.00366778
 0.0216971 0.00454223 0.0338318 -0.0340379 -0.00347257
 0.0195244 0.00380214 0.036426 -0.0361906 -0.00339166
 0.0185458 0.00356134 0.0366712 -0.0362347 -0.00313777
 0.0167541 0.00311499 0.03722 -0.0367861 -0.00291317
 0.0155507 0.00277591 0.0377478 -0.0370681 -0.00263539
 0.0141236 0.00235364 0.0389645 -0.0380823 -0.00271688
 0.0127833 0.00212706 0.0379693 -0.0371626 -0.00232174
 0.0121238 0.00199273 0.0378077 -0.0369475 -0.00220852
 0.0112498 0.0018768 0.0354623 -0.0346065 -0.0020183
 0.010463 0.00175982 0.0349797 -0.033929 -0.00162002
 0.0096605 0.00162149 0.0334262 -0.0323962 -0.00145563
 0.00902783 0.00157734 0.0316108 -0.0305742 -0.00127392
 0.00840608 0.00144643 0.030183 -0.0291888 -0.00126283
 0.00790164 0.00139146 0.0281729 -0.0272029 -0.000905242
 0.00753308 0.00138316 0.0262816 -0.0252589 -0.000720842
 0.00711 0.00132565 0.0244397 -0.0234609 -0.000751135
 0.00667758 0.00125887 0.0226723 -0.0217542 -0.000553693
 0.00636838 0.00123312 0.0209903 -0.0201114 -0.000437087
 0.0061623 0.00121072 0.0192968 -0.0184168 -0.000396112
 0.00583403 0.00117542 0.0175532 -0.0167505 -0.000211061
 0.00547931 0.00109687 0.0157286 -0.0149733 -0.000224248
 0.00529078 0.00108836 0.0140416 -0.0133246 -0.000108496
 0.00505104 0.00104678 0.0125757 -0.0118952 -7.94808e-05
 0.00473741 0.000985775 0.0112629 -0.0106362 -5.64799e-05
 0.00456036 0.000964 0.0099345 -0.00935967 2.9896e-07
 0.00428233 0.000905692 0.00878767 -0.00827187 4.99325e-05
 0.00416496 0.000884092 0.00767842 -0.00719784 6.40453e-05
 0.00388253 0.000820982 0.00672027 -0.00628652 7.93803e-05
 0.00372771 0.000784457 0.00584486 -0.0054466 6.07517e-05
 0.00351608 0.00074582 0.00506085 -0.004691 9.395e-05
 0.00330462 0.000704449 0.00425131 -0.00393895 9.0115e-05
 0.00315408 0.000670005 0.00360722 -0.00332139 0.000108229
 0.00295927 0.000631041 0.00307623 -0.00282023 0.000114593
 0.00277941 0.000593694 0.00260122 -0.00237916 0.000114686
 0.00258882 0.000551211 0.00219343 -0.00199471 0.000115579
 0.00234416 0.000497729 0.00179309 -0.00162494 0.000105441
 0.00221293 0.00047016 0.00150733 -0.00135968 0.000110811
 0.00201494 0.00042658 0.00126219 -0.00113361 9.9885e-05
 0.00186076 0.000391951 0.00108047 -0.000967833 9.95558e-05
 0.0017067 0.000357767 0.0008945 -0.000801178 9.22717e-05
 0.00155002 0.000322615 0.000743195 -0.000664721 8.37642e-05
 0.00140141 0.000289429 0.000624859 -0.000558485 7.81782e-05
 0.00128212 0.000262629 0.000523976 -0.000469544 7.115e-05
 0.00116932 0.00023788 0.000440015 -0.000394992 6.46024e-05
 0.00104126 0.000208952 0.000369452 -0.000332712 5.54647e-05
 0.000922833 0.000184086 0.000305027 -0.000275902 5.09642e-05
 0.000829643 0.000163798 0.000255648 -0.000232805 4.56601e-05
 0.000751511 0.00014738 0.000216961 -0.000198332 4.22563e-05
 0.000654906 0.000127181 0.000179296 -0.000165528 3.67391e-05
 0.000594228 0.000114175 0.000153549 -0.000142903 3.33356e-05
 0.000530333 0.000101134 0.000128 -0.00012041 3.00883e-05
 0.000466986 8.80267e-05 0.000109058 -0.000103704 2.54259e-05
 0.000406202 7.58922e-05 8.97267e-05 -8.63442e-05 2.20492e-05
 0.000359855 6.651e-05 7.59868e-05 -7.40184e-05 1.93124e-05
 0.000315512 5.76413e-05 6.48042e-05 -6.40509e-05 1.66262e-05
 0.000273642 4.96059e-05 5.34584e-05 -5.34206e-05 1.42108e-05
 0.000243387 4.36027e-05 4.54706e-05 -4.61717e-05 1.2428e-05
 0.000204253 3.61982e-05 3.71985e-05 -3.82713e-05 9.69308e-06
 0.000180367 3.17303e-05 3.22154e-05 -3.34865e-05 9.05283e-06
 0.000154208 2.68152e-05 2.67661e-05 -2.82963e-05 7.25388e-06
 0.000136694 2.35239e-05 2.28674e-05 -2.44638e-05 6.63262e-06
 0.000113701 1.93377e-05 1.89921e-05 -2.04997e-05 5.17586e-06
 9.94692e-05 1.67916e-05 1.59182e-05 -1.74853e-05 4.40255e-06
 8.4455e-05 1.40811e-05 1.342e-05 -1.48645e-05 3.72666e-06
 6.99308e-05 1.15477e-05 1.10245e-05 -1.23396e-05 3.11146e-06
 5.97323e-05 9.74167e-06 9.35833e-06 -1.05901e-05 2.4964e-06
 4.99663e-05 8.07348e-06 7.67691e-06 -8.77308e-06 1.94241e-06
 4.32224e-05 6.92891e-06 6.56102e-06 -7.58297e-06 1.70627e-06
 3.5692e-05 5.66573e-06 5.41048e-06 -6.30456e-06 1.37146e-06
 0 0 0 0 0
 0 0 0 0 0
 0 0 0 0 0
 0 0 0 0 0
 0 0 0 0 0
 0 0 0 0 0
 0 0 0 0 0
 0 0 0 0 0
 0 0 0 0 0
 0 0 0 0 0
 0 0 0 0 0
 0 0 0 0 0
 0 0 0 0 0
 0 0 0 0 0
 0 0 0 0 0
 0 0 0 0 0
 0 0 0 0 0
 0 0 0 0 0
 0.156864 0.0860217 -0.00192504 -0.0126259 0.0402003
 0.129473 0.0683294 -0.00188174 -0.0125805 0.0288425
 0.11003 0.0557265 -0.00161745 -0.0124333 0.0202693
 0.0981675 0.0478482 -0.00220579 -0.01231 0.0150187
 0.0866383 0.0407485 -0.00201674 -0.0117038 0.0105757
 0.0805653 0.036659 -0.00200393 -0.0115513 0.0077254
 0.0766543 0.033718 -0.00229699 -0.0113476 0.00519703
 0.0721304 0.0308623 -0.0030198 -0.010821 0.00328832
 0.0692808 0.0289532 -0.00274214 -0.0104755 0.00217561
 0.0663529 0.0273786 -0.00268949 -0.00988767 0.00168688
 0.0640203 0.0257107 -0.00252758 -0.00926142 -6.40245e-05
 0.062619 0.0250327 -0.00225839 -0.00860983 -6.43653e-06
 0.0618478 0.0243426 -0.00315974 -0.00795261 -0.00131442
 0.0602537 0.0235909 -0.00330825 -0.00724886 -0.00116093
 0.0595368 0.0233332 -0.00355355 -0.00657233 -0.00112187
 0.0595316 0.0233938 -0.00372493 -0.00578209 -0.00163421
 0.0593169 0.0233766 -0.00385112 -0.00508462 -0.00097005
 0.0592637 0.0233185 -0.00419421 -0.00447931 -0.00186649
 0.058378 0.0232902 -0.00369311 -0.00417348 -0.000420435
 0.0570142 0.0224148 -0.00274789 -0.00439197 -0.000779913
 0.0558073 0.021802 -0.00205597 -0.00452993 -0.000755488
 0.0551181 0.0208724 -0.00132159 -0.00473951 -0.00202948
 0.051326 0.0192242 0.00113783 -0.00650363 -0.00166741
 0.0498948 0.0182678 0.00200079 -0.00741861 -0.00214538
 0.04768 0.0169812 0.00453609 -0.00898958 -0.00225373
 0.0457329 0.015667 0.00652628 -0.0106583 -0.00289141
 0.0426402 0.0140243 0.0102906 -0.0134695 -0.00285764
 0.0398402 0.0128333 0.0116123 -0.0146446 -0.00261714
 0.0374433 0.0114068 0.0145564 -0.0172789 -0.00344495
 0.0351639 0.0102147 0.0173843 -0.019437 -0.00367747
 0.0329059 0.00931158 0.0196992 -0.0215378 -0.00352918
 0.0304713 0.00811135 0.0232033 -0.0247316 -0.00375664
 0.0284003 0.00733712 0.0253138 -0.0264536 -0.00362117
 0.0258378 0.00627947 0.027743 -0.0283087 -0.00352097
 0.024312 0.00588501 0.028988 -0.0296118 -0.00321898
 0.0220912 0.00500233 0.0306489 -0.0307622 -0.00302066
 0.0207403 0.00440338 0.0331747 -0.0330326 -0.00324738
 0.0186755 0.00387961 0.0343187 -0.0337619 -0.00281467
 0.0171956 0.00341712 0.0347464 -0.0341417 -0.00300617
 0.0156446 0.00299708 0.0357308 -0.0350853 -0.00255411
 0.0144557 0.00262858 0.0368536 -0.0360464 -0.00264326
 0.0134538 0.00246269 0.0364383 -0.0354743 -0.00210247
 0.012482 0.00216712 0.0362162 -0.0352717 -0.00226195
 0.0116416 0.00207375 0.0351692 -0.0341138 -0.00196796
 0.0107513 0.00190914 0.0340696 -0.0331111 -0.00167307
 0.0100202 0.00176184 0.0334848 -0.0325105 -0.00158046
 0.00931258 0.00169646 0.0321888 -0.0310961 -0.00114052
 0.00883183 0.00162737 0.0304366 -0.0294192 -0.00109804
 0.00829757 0.00153633 0.0282444 -0.0271973 -0.0009948
 0.00788453 0.00150888 0.026602 -0.0255356 -0.000704948
 0.00736925 0.00144586 0.0248416 -0.0238689 -0.000668821
 0.00692459 0.00133307 0.0230379 -0.0220949 -0.000673341
 0.00670118 0.00134127 0.0212506 -0.0203103 -0.00051509
 0.00628879 0.00127233 0.0196482 -0.0187629 -0.000354702
 0.00599461 0.00124573 0.0181164 -0.0172917 -0.000242193
 0.00586298 0.00124827 0.0157893 -0.0149752 -0.000145031
 0.00549389 0.00116677 0.0145425 -0.0138069 -0.00013832
 0.0052557 0.00111115 0.0131521 -0.0124675 -0.000128893
 0.00505141 0.00109319 0.0116809 -0.0110637 -1.58207e-05
 0.00478797 0.0010321 0.0102968 -0.00972158 4.71094e-06
 0.00454253 0.000983808 0.0090495 -0.00851108 1.01268e-05
 0.00431896 0.000941225 0.00814811 -0.00765155 7.78482e-05
 0.00412181 0.0009005 0.0070023 -0.00655385 7.94353e-05
 0.00394798 0.000862 0.00629093 -0.00588105 9.86483e-05
 0.00367274 0.00080026 0.00531889 -0.00495283 9.84375e-05
 0.00349298 0.000762538 0.00464164 -0.00431292 0.000112358
 0.00332917 0.000727664 0.00396569 -0.00366931 0.000120254
 0.00308298 0.000673919 0.00335577 -0.00310097 0.000112765
 0.00291087 0.000635398 0.00285691 -0.0026331 0.000127111
 0.0026967 0.000588032 0.00236691 -0.00216727 0.000114162
 0.00250465 0.000544393 0.00200219 -0.00182888 0.000106497
 0.00233102 0.00050962 0.00165808 -0.00150435 0.000117056
 0.0021414 0.000465831 0.00138059 -0.0012533 0.000105132
 0.00202976 0.000440663 0.00120389 -0.00108734 0.000110871
 0.0018458 0.000399019 0.000998883 -0.000900667 9.63925e-05
 0.00168677 0.000361364 0.000837667 -0.000754482 8.98492e-05
 0.00151712 0.000322819 0.000695297 -0.000625264 8.17893e-05
 0.00138514 0.000292697 0.000583605 -0.000527185 7.48238e-05
 0.00127526 0.000267673 0.000495044 -0.000447358 7.06019e-05
 0.00112905 0.000235083 0.000411481 -0.000374042 6.30529e-05
 0.00103148 0.000213291 0.00034745 -0.000317001 5.60362e-05
 0.000912758 0.000186719 0.000284905 -0.000261133 5.05888e-05
 0.000828377 0.000167898 0.00024421 -0.000226046 4.60809e-05
 0.000714168 0.00014326 0.000201107 -0.000187023 3.81134e-05
 0.000656253 0.000130544 0.00017402 -0.000163206 3.5907e-05
 0.000584804 0.000115311 0.000146654 -0.000138812 3.27506e-05
 0.000518199 0.000101051 0.000124278 -0.000118805 2.8451e-05
 0.00045175 8.73717e-05 0.000102099 -9.90167e-05 2.36607e-05
 0.000403179 7.71915e-05 8.69083e-05 -8.50458e-05 2.12392e-05
 0.000351023 6.63725e-05 7.39266e-05 -7.32268e-05 1.85667e-05
 0.000315239 5.90633e-05 6.33173e-05 -6.34641e-05 1.60926e-05
 0.000273471 5.08356e-05 5.29592e-05 -5.38783e-05 1.40817e-05
 0.000238271 4.38365e-05 4.41541e-05 -4.54742e-05 1.19446e-05
 0.000205102 3.73422e-05 3.74845e-05 -3.90446e-05 1.02415e-05
 0.000177686 3.20036e-05 3.14216e-05 -3.31731e-05 8.37958e-06
 0.000153672 2.73968e-05 2.64441e-05 -2.83284e-05 7.44839e-06
 0.000131515 2.32733e-05 2.21448e-05 -2.39832e-05 6.09689e-06
 0.000113507 1.98601e-05 1.88269e-05 -2.06233e-05 5.21639e-06
 9.591e-05 1.66147e-05 1.55847e-05 -1.72811e-05 4.15459e-06
 8.19972e-05 1.40705e-05 1.31213e-05 -1.47263e-05 3.61743e-06
 7.12218e-05 1.20935e-05 1.12594e-05 -1.2724e-05 2.9947e-06
 5.8543e-05 9.82842e-06 9.11567e-06 -1.04481e-05 2.33021e-06
 4.95508e-05 8.23867e-06 7.73708e-06 -8.91292e-06 1.95452e-06
 0 0 0 0 0
 0 0 0 0 0
 0 0 0 0 0
 0 0 0 0 0
 0 0 0 0 0
 0 0 0 0 0
 0 0 0 0 0
 0 0 0 0 0
 0 0 0 0 0
 0 0 0 0 0
 0 0 0 0 0
 0 0 0 0 0
 0 0 0 0 0
 0 0 0 0 0
 0 0 0 0 0
 0 0 0 0 0
 0 0 0 0 0
 0 0 0 0 0
 0 0 0 0 0
 0.169378 0.0975633 0.0024371 -0.0144143 0.0517471
 0.134939 0.0746751 0.00126457 -0.0140587 0.0358253
 0.114085 0.0607005 0.00222591 -0.0140785 0.0261617
 0.0985558 0.0503394 0.00149626 -0.0135313 0.018723
 0.0876933 0.0431899 0.00157951 -0.0133511 0.0143963
 0.0802688 0.0381013 0.00115057 -0.0129722 0.0105993
 0.0747122 0.0343605 0.00129406 -0.0125808 0.00709574
 0.0695349 0.0310963 0.00146834 -0.0120576 0.00602743
 0.0659348 0.0287506 0.000933858 -0.0114335 0.00401593
 0.0630224 0.0269631 0.000497306 -0.0108583 0.00264651
 0.0615449 0.0257563 0.000241826 -0.0103013 0.00165097
 0.0596562 0.0246744 -0.000274227 -0.00969067 0.00101344
 0.0577453 0.023619 -0.000448621 -0.00891375 0.000140393
 0.056453 0.0229723 -0.00124498 -0.00809743 -0.000110162
 0.05636 0.0228554 -0.000813995 -0.00767328 -0.000235419
 0.0554526 0.0223297 -0.00097015 -0.00683268 -0.000394111
 0.0544403 0.0219312 -0.00147648 -0.00595603 -0.000801864
 0.0553413 0.0225339 -0.00176238 -0.00512353 0.000309316
 0.0539143 0.0219224 -0.00200601 -0.00448442 -0.000640535
 0.0535143 0.0218022 -0.00110271 -0.00458522 -0.00020715
 0.0525552 0.0211449 -0.00128987 -0.00430219 -0.000817374
 0.0507726 0.0200818 -2.07628e-05 -0.00499355 -0.000699826
 0.0498832 0.0195275 0.00179727 -0.00608653 -0.00072937
 0.0477576 0.0183848 0.0030924 -0.00684956 -0.000753034
 0.0459252 0.0172387 0.00451865 -0.00832072 -0.000843017
 0.0439758 0.0158804 0.00614187 -0.00930383 -0.0014792
 0.0420847 0.0147502 0.00859208 -0.011478 -0.002154
 0.0388125 0.0130038 0.0114046 -0.0134299 -0.00264129
 0.0372725 0.012055 0.0126336 -0.0145343 -0.00260768
 0.0344383 0.0108262 0.0150545 -0.0163257 -0.00278111
 0.0319214 0.00940742 0.0185269 -0.0196359 -0.00319815
 0.030429 0.00866325 0.0216027 -0.0224303 -0.00320738
 0.02787 0.0075118 0.0227545 -0.0235813 -0.00341944
 0.0261164 0.00683669 0.0249566 -0.0255187 -0.00333839
 0.0239272 0.00589918 0.027747 -0.0279408 -0.00310178
 0.0227882 0.00562983 0.0279648 -0.0278581 -0.00279791
 0.0205743 0.00475238 0.0306898 -0.0304886 -0.0030943
 0.0188546 0.00418638 0.0306327 -0.030291 -0.00276543
 0.0174485 0.00379813 0.0335019 -0.0329868 -0.00251837
 0.016068 0.00338203 0.03437 -0.0335493 -0.00217442
 0.0149879 0.00300831 0.0338217 -0.0329287 -0.00229052
 0.0137453 0.00272653 0.0341323 -0.033195 -0.00201553
 0.0128 0.00255863 0.0342207 -0.0331528 -0.00171423
 0.0122815 0.00243948 0.0339389 -0.0329721 -0.00170569
 0.0112611 0.00214447 0.0334306 -0.0323145 -0.0015688
 0.0105982 0.00208124 0.0320178 -0.0308993 -0.00124669
 0.00996775 0.00193736 0.0309743 -0.0298129 -0.00123158
 0.00925542 0.00182763 0.0293912 -0.0282775 -0.000971842
 0.0087105 0.00172252 0.0281581 -0.0270915 -0.000829213
 0.00830277 0.0016888 0.0262712 -0.02525 -0.000752919
 0.00780719 0.00158352 0.0254215 -0.0244281 -0.000597413
 0.00731204 0.00151009 0.0232615 -0.022278 -0.000487913
 0.00693807 0.00140743 0.021768 -0.0208707 -0.000528694
 0.00668989 0.00140455 0.0196602 -0.018766 -0.000315551
 0.00632633 0.00136072 0.018108 -0.0172547 -0.000286364
 0.00606558 0.00131683 0.0167103 -0.015892 -0.000152002
 0.00581257 0.00126933 0.0150577 -0.0142946 -0.000106414
 0.00550538 0.00121397 0.0135313 -0.0128221 -7.77816e-05
 0.00530856 0.001167 0.0123868 -0.0117281 -4.68758e-05
 0.00499372 0.00110808 0.0109585 -0.0103362 -7.00897e-06
 0.00476766 0.0010679 0.00958033 -0.00901475 4.96877e-05
 0.00454859 0.00101803 0.00847492 -0.00795991 6.42907e-05
 0.00435342 0.000980692 0.00745051 -0.00699631 8.07237e-05
 0.00412073 0.0009312 0.00660959 -0.00617736 0.000126442
 0.00385371 0.0008655 0.00573886 -0.00536777 0.000102104
 0.00369658 0.000833875 0.00493887 -0.00460842 0.000134868
 0.003482 0.000785096 0.00427723 -0.00398341 0.000122783
 0.00327453 0.000735627 0.00364927 -0.00338142 0.000129447
 0.00308778 0.000696336 0.00304437 -0.00281022 0.000139102
 0.00288495 0.000648962 0.00263837 -0.00243206 0.000130542
 0.002654 0.000594315 0.00219432 -0.00201903 0.00011978
 0.00250813 0.000563785 0.00186118 -0.00170238 0.000129208
 0.00230466 0.000514981 0.00153511 -0.00140097 0.000116673
 0.00211907 0.000472526 0.00128693 -0.00117225 0.000112389
 0.00197463 0.000438327 0.00109602 -0.000995183 0.000104639
 0.00181622 0.000400653 0.000923883 -0.000839108 9.66217e-05
 0.00163362 0.000357463 0.000758586 -0.000687307 8.14882e-05
 0.00149222 0.000325338 0.000646848 -0.000587297 8.31462e-05
 0.00136261 0.000295016 0.000548992 -0.000501757 7.48288e-05
 0.00123427 0.000264713 0.000455781 -0.00041692 6.7839e-05
 0.00111635 0.000237301 0.000389208 -0.000356822 6.16225e-05
 0.00100548 0.000212581 0.000324042 -0.000299879 5.58218e-05
 0.000891083 0.00018619 0.000268001 -0.00024902 4.97567e-05
 0.000798009 0.000165481 0.000228384 -0.00021414 4.30117e-05
 0.00073298 0.000150728 0.000198237 -0.000186877 4.04545e-05
 0.000640651 0.000130705 0.000164013 -0.00015642 3.641e-05
 0.000577282 0.000116459 0.000140641 -0.000135141 3.16398e-05
 0.000511918 0.000102482 0.000117633 -0.000114502 2.84752e-05
 0.000446768 8.83025e-05 9.8775e-05 -9.72258e-05 2.39899e-05
 0.000395439 7.74123e-05 8.36958e-05 -8.33069e-05 2.08956e-05
 0.000345033 6.686e-05 7.01097e-05 -7.09336e-05 1.78628e-05
 0.000302257 5.81947e-05 5.9078e-05 -6.03377e-05 1.52697e-05
 0.000263406 5.01064e-05 4.99466e-05 -5.16843e-05 1.31637e-05
 0.000229451 4.32162e-05 4.21528e-05 -4.41427e-05 1.12275e-05
 0.000205071 3.83093e-05 3.69203e-05 -3.91394e-05 9.83242e-06
 0.000172716 3.19326e-05 3.02047e-05 -3.25256e-05 8.14728e-06
 0.000149746 2.73673e-05 2.55092e-05 -2.772e-05 6.77797e-06
 0.000127524 2.31572e-05 2.12917e-05 -2.34736e-05 6.11978e-06
 0.000111296 1.99637e-05 1.84495e-05 -2.0438e-05 4.96252e-06
 9.331e-05 1.6583e-05 1.51637e-05 -1.70296e-05 3.99896e-06
 8.16231e-05 1.43638e-05 1.31789e-05 -1.49162e-05 3.4138e-06
 6.87495e-05 1.19949e-05 1.10126e-05 -1.25482e-05 2.86383e-06
 0 0 0 0 0
 0 0 0 0 0
 0 0 0 0 0
 0 0 0 0 0
 0 0 0 0 0
 0 0 0 0 0
 0 0 0 0 0
 0 0 0 0 0
 0 0 0 0 0
 0 0 0 0 0
 0 0 0 0 0
 0 0 0 0 0
 0 0 0 0 0
 0 0 0 0 0
 0 0 0 0 0
 0 0 0 0 0
 0 0 0 0 0
 0 0 0 0 0
 0 0 0 0 0
 0 0 0 0 0
 0.184473 0.111128 0.00613512 -0.0162202 0.063322
 0.144407 0.0834533 0.00617514 -0.016023 0.0437298
 0.118468 0.0656666 0.00598557 -0.0157607 0.0312333
 0.102047 0.0543238 0.00529323 -0.0155321 0.0233016
 0.0896842 0.0460126 0.00576994 -0.0151334 0.0177707
 0.0797278 0.0394915 0.00483879 -0.0144083 0.0130255
 0.0731423 0.0350413 0.00468387 -0.0139971 0.0100256
 0.0676282 0.0314272 0.00409776 -0.0134447 0.00734264
 0.0639549 0.0289106 0.0037932 -0.012852 0.00554188
 0.0604926 0.0268584 0.00379192 -0.0121272 0.00414943
 0.0578512 0.0251791 0.00314842 -0.0114574 0.00291326
 0.0557592 0.023791 0.00319024 -0.0108692 0.00199438
 0.0546317 0.0229476 0.00229718 -0.010085 0.00109013
 0.0526654 0.0221245 0.00230129 -0.00931575 0.0009744
 0.0524124 0.0219848 0.00170997 -0.00854975 0.0009985
 0.0522697 0.0216803 0.00130257 -0.00797992 0.000451429
 0.0510973 0.0210348 0.00138734 -0.00702006 -0.000459562
 0.0509985 0.0211981 0.000330398 -0.00601371 0.000658432
 0.0503651 0.0208529 0.000207314 -0.00555484 -0.00077398
 0.0495457 0.0205565 0.000426723 -0.00515576 -0.00019643
 0.0490798 0.0204814 0.000334002 -0.00493608 0.000393674
 0.0482551 0.0198057 0.00114582 -0.00493107 9.31775e-05
 0.046768 0.0191147 0.00179559 -0.00529673 -0.000261658
 0.0455437 0.0180295 0.00282438 -0.00620105 -0.00100272
 0.0435676 0.0169787 0.00486326 -0.00756087 -0.000479985
 0.0416506 0.0157418 0.00696732 -0.00901117 -0.00101374
 0.0398172 0.0145658 0.00806916 -0.0101443 -0.00175026
 0.0378924 0.0135345 0.00981258 -0.0116267 -0.00142937
 0.035161 0.0120267 0.0123268 -0.0138371 -0.00247249
 0.0342003 0.0113953 0.0136465 -0.0148535 -0.00204781
 0.0319321 0.0100506 0.0164959 -0.0175638 -0.00287281
 0.0299547 0.00917858 0.0187805 -0.0190738 -0.00216247
 0.0280763 0.00821563 0.0198231 -0.0201283 -0.00296645
 0.0258633 0.00728612 0.0230389 -0.0229813 -0.00263589
 0.0241462 0.00662317 0.0245621 -0.0243152 -0.00224199
 0.022589 0.00593412 0.0259987 -0.0259254 -0.00238712
 0.0205174 0.00518338 0.028341 -0.0278747 -0.00244316
 0.0195667 0.00468667 0.0292067 -0.0287059 -0.00255408
 0.0177267 0.00406318 0.0316587 -0.0309276 -0.00237903
 0.0164394 0.00372945 0.0318208 -0.0310275 -0.00211188
 0.0152281 0.00326144 0.0332361 -0.0322492 -0.00233147
 0.0141281 0.00304365 0.0326794 -0.0317146 -0.00179418
 0.0134892 0.00287443 0.0325087 -0.0315338 -0.00163138
 0.0122167 0.00247971 0.0322873 -0.031301 -0.00165079
 0.0117088 0.0023932 0.0319192 -0.0308438 -0.00147953
 0.0111741 0.00235703 0.0303811 -0.0293078 -0.00111515
 0.0102016 0.00210554 0.0299048 -0.0287707 -0.00103019
 0.009484 0.00195752 0.0297599 -0.028652 -0.000944317
 0.00904742 0.0018905 0.0274012 -0.0263333 -0.000783068
 0.00853508 0.00178917 0.0265669 -0.0255114 -0.000682927
 0.00790908 0.00167286 0.0247454 -0.0236833 -0.000601761
 0.00754268 0.00161662 0.0236668 -0.0227306 -0.000438478
 0.00726943 0.00157882 0.0213752 -0.0204107 -0.000371522
 0.00681658 0.00150356 0.019685 -0.0187981 -0.000300093
 0.00660083 0.00146404 0.018311 -0.0174439 -0.000242351
 0.00624206 0.00139963 0.0167188 -0.0159155 -0.000115593
 0.00593252 0.00134273 0.0151703 -0.0144516 -9.2735e-05
 0.00570626 0.00129748 0.013737 -0.0130296 -5.54809e-05
 0.00543736 0.00125673 0.0123971 -0.0117335 3.14506e-05
 0.00529778 0.00122111 0.011262 -0.0106681 4.93576e-05
 0.00497408 0.00114774 0.00996933 -0.00941967 6.85736e-05
 0.00472408 0.00109427 0.008925 -0.00840558 8.76992e-05
 0.00451318 0.00104063 0.00786883 -0.00738765 8.752e-05
 0.00433747 0.00100018 0.0069555 -0.00652823 0.000112222
 0.00408937 0.000946992 0.00604394 -0.00565622 0.000127868
 0.00384365 0.000887858 0.00521488 -0.00488165 0.000121054
 0.00365169 0.000840692 0.00449417 -0.00419888 0.000138071
 0.00340112 0.00078367 0.00388186 -0.00361262 0.000135143
 0.00322872 0.000744377 0.00333878 -0.00310263 0.000143371
 0.00296974 0.000684516 0.00278662 -0.00258111 0.000136271
 0.0028605 0.000659069 0.00240476 -0.00221753 0.000138856
 0.00261722 0.000601082 0.00202038 -0.00186214 0.00012969
 0.00243601 0.000558406 0.00169443 -0.00155484 0.000120243
 0.00226921 0.000519016 0.00142746 -0.00130862 0.000119288
 0.00209928 0.000478272 0.00120852 -0.00110747 0.000113355
 0.00192159 0.000434622 0.00101159 -0.0009246 0.000101964
 0.00173015 0.000389964 0.000834542 -0.000762081 9.51342e-05
 0.00160573 0.0003603 0.000709387 -0.000649184 8.81567e-05
 0.00145236 0.000323357 0.000595073 -0.000544305 8.16236e-05
 0.00131947 0.000290959 0.000503965 -0.000464494 7.01746e-05
 0.00120038 0.000262974 0.000420462 -0.000388938 6.58693e-05
 0.00108082 0.000234871 0.000361535 -0.000335176 6.04657e-05
 0.000964475 0.000207918 0.000298832 -0.000279869 5.18203e-05
 0.000884542 0.000188668 0.00025786 -0.00024314 4.74962e-05
 0.000787567 0.000167015 0.000215968 -0.000204621 4.42039e-05
 0.000702683 0.000147623 0.000182017 -0.000174813 3.81295e-05
 0.000610432 0.00012706 0.000150281 -0.000145507 3.33563e-05
 0.000553886 0.000114308 0.000129936 -0.00012715 3.0401e-05
 0.000494506 0.000100983 0.000111406 -0.000110477 2.64436e-05
 0.000426851 8.63017e-05 9.17617e-05 -9.19417e-05 2.17573e-05
 0.000378912 7.60215e-05 7.80719e-05 -7.91413e-05 1.97876e-05
 0.000332202 6.60154e-05 6.60468e-05 -6.77676e-05 1.71762e-05
 0.000287795 5.65713e-05 5.55016e-05 -5.75326e-05 1.454e-05
 0.000259542 5.05732e-05 4.88109e-05 -5.12321e-05 1.30236e-05
 0.00021883 4.22348e-05 3.99616e-05 -4.24915e-05 1.05847e-05
 0.000194534 3.71607e-05 3.48755e-05 -3.74378e-05 9.17217e-06
 0.000166322 3.14605e-05 2.88723e-05 -3.14175e-05 7.63052e-06
 0.000144348 2.71006e-05 2.45999e-05 -2.70557e-05 6.71386e-06
 0.000125755 2.334e-05 2.0942e-05 -2.33538e-05 5.6944e-06
 0.000108565 1.995e-05 1.80218e-05 -2.02367e-05 4.76558e-06
 9.15992e-05 1.66787e-05 1.51013e-05 -1.70746e-05 3.96645e-06
 0 0 0 0 0
 0 0 0 0 0
 0 0 0 0 0
 0 0 0 0 0
 0 0 0 0 0
 0 0 0 0 0
 0 0 0 0 0
 0 0 0 0 0
 0 0 0 0 0
 0 0 0 0 0
 0 0 0 0 0
 0 0 0 0 0
 0 0 0 0 0
 0 0 0 0 0
 0 0 0 0 0
 0 0 0 0 0
 0 0 0 0 0
 0 0 0 0 0
 0 0 0 0 0
 0 0 0 0 0
 0 0 0 0 0
 0.206241 0.129014 0.0107542 -0.0185924 0.0782747
 0.155143 0.0933425 0.0101386 -0.0182428 0.0532423
 0.125558 0.072445 0.00992 -0.0179767 0.0383159
 0.105904 0.0587393 0.00947933 -0.0175867 0.0283267
 0.0897775 0.0478623 0.00890608 -0.0169218 0.0204079
 0.0800265 0.0411104 0.00813751 -0.0161527 0.0152893
 0.0725386 0.0362082 0.00809137 -0.0157956 0.012445
 0.0672137 0.0323424 0.00795183 -0.0152529 0.00887567
 0.0621693 0.0292397 0.00688956 -0.0143163 0.00700538
 0.0582127 0.0266261 0.00686897 -0.0136477 0.00500365
 0.0556103 0.0249514 0.00619558 -0.0128015 0.0038088
 0.0535257 0.0237092 0.00596051 -0.0121261 0.00310707
 0.0526084 0.0228327 0.00548715 -0.0115719 0.00179555
 0.0509735 0.0218471 0.00474942 -0.0107078 0.00129777
 0.0492038 0.0209258 0.00419233 -0.00982633 0.000975267
 0.0480702 0.0202932 0.00364407 -0.00909358 4.15493e-05
 0.0477944 0.0200753 0.00323191 -0.00811887 -4.86944e-05
 0.0473347 0.0199196 0.00353707 -0.0076008 0.000402757
 0.0469164 0.0198663 0.00243334 -0.00662401 0.000421197
 0.0468395 0.0199091 0.00217597 -0.00584164 0.000550827
 0.045665 0.0193497 0.00185156 -0.00548626 0.000259577
 0.0448554 0.0189052 0.00230593 -0.00540163 1.63448e-05
 0.0447555 0.0186783 0.00271958 -0.00528719 0.000447222
 0.0427483 0.0174536 0.00394529 -0.00620348 -0.000415736
 0.0420193 0.0169687 0.00461433 -0.00683262 -0.000109531
 0.0400193 0.0158957 0.00545383 -0.00753053 -0.000335965
 0.0384568 0.0148591 0.0074714 -0.0089325 -0.000339788
 0.037332 0.0140329 0.00853958 -0.0101623 -0.000843992
 0.0345965 0.012449 0.0111858 -0.0122773 -0.00159695
 0.0329203 0.011464 0.0132054 -0.0138122 -0.00173705
 0.0305916 0.0102238 0.0146664 -0.0153208 -0.00208227
 0.0293291 0.00931675 0.016787 -0.0170607 -0.00225397
 0.0271833 0.00840142 0.019554 -0.0195167 -0.00243917
 0.0258036 0.00773085 0.0205063 -0.0205798 -0.00207785
 0.0238811 0.00682293 0.0231893 -0.0229634 -0.00232292
 0.0224135 0.00616919 0.0240667 -0.023721 -0.00217772
 0.0207453 0.00558443 0.0259986 -0.0254884 -0.00202944
 0.0196326 0.00516088 0.0279239 -0.0270761 -0.00187582
 0.0176234 0.00433563 0.0289418 -0.0282488 -0.0020985
 0.0165327 0.00399509 0.0297532 -0.0288311 -0.00180023
 0.0154069 0.00355955 0.0313774 -0.0302371 -0.00195221
 0.0143492 0.00329899 0.0315583 -0.0305448 -0.00171164
 0.0138216 0.00313477 0.030888 -0.0297019 -0.00143353
 0.012716 0.00279742 0.0312641 -0.0302632 -0.00146
 0.0115964 0.00252256 0.0305787 -0.0294759 -0.00128362
 0.0110257 0.00240902 0.0295783 -0.0284958 -0.00108575
 0.0102878 0.00219737 0.0288797 -0.027773 -0.00114123
 0.0100839 0.00225878 0.0281445 -0.0269743 -0.000726044
 0.00930217 0.00198567 0.0276774 -0.0265605 -0.000898158
 0.00882108 0.00194855 0.0262547 -0.0251367 -0.000554378
 0.00839083 0.0018816 0.0248228 -0.0236947 -0.000420892
 0.00789598 0.00173208 0.0230163 -0.0220362 -0.000497981
 0.00747747 0.00168634 0.0217693 -0.0208175 -0.000277957
 0.00707968 0.0016211 0.0202798 -0.0193679 -0.00025199
 0.00685749 0.00159041 0.0183287 -0.0174587 -0.000160048
 0.00646776 0.00148054 0.0171001 -0.0163178 -0.000208998
 0.00616763 0.00144323 0.0158481 -0.0150912 -8.32678e-05
 0.00597234 0.00141404 0.0141344 -0.0134143 -2.87547e-05
 0.00564736 0.00132606 0.0127008 -0.012046 8.28608e-06
 0.00533474 0.00126037 0.0113325 -0.0107335 1.5569e-05
 0.00515122 0.00122428 0.0103642 -0.00980317 6.12744e-05
 0.00491428 0.00116864 0.00912058 -0.00859833 0.000104749
 0.00469329 0.00111924 0.00822828 -0.00775795 0.000122253
 0.00437743 0.001039 0.00715637 -0.00673807 0.000113862
 0.00418162 0.000993167 0.00622778 -0.00585891 0.000136082
 0.0039913 0.00094725 0.00551901 -0.00517498 0.000136899
 0.00381092 0.000904425 0.00480969 -0.00450132 0.000144338
 0.00354888 0.000843517 0.00410554 -0.00382771 0.000154984
 0.00333539 0.000787947 0.00353386 -0.0032987 0.000150616
 0.00317174 0.000745599 0.00303225 -0.00282459 0.000128342
 0.00289833 0.000681587 0.00254503 -0.00236553 0.00014106
 0.00276181 0.000651967 0.00219501 -0.00203428 0.000142942
 0.00257553 0.000605727 0.00184277 -0.0017046 0.000135974
 0.00236826 0.000556007 0.00150446 -0.00138605 0.000123893
 0.00219309 0.0005122 0.00128645 -0.00118738 0.000117972
 0.00203611 0.000474971 0.00109954 -0.00101114 0.000116143
 0.00182578 0.000422217 0.000903433 -0.000829245 0.000100047
 0.0017012 0.00039183 0.000773911 -0.0007136 9.38367e-05
 0.00157206 0.000358688 0.000662525 -0.000611513 8.63692e-05
 0.00142267 0.000323444 0.000555712 -0.000514911 8.16073e-05
 0.00127208 0.000286522 0.000464182 -0.000431522 7.11132e-05
 0.00117603 0.000262638 0.000395256 -0.000368884 6.49564e-05
 0.00105755 0.000234686 0.00033372 -0.000314149 5.99454e-05
 0.000942517 0.00020746 0.000280389 -0.000265142 5.23538e-05
 0.000848567 0.000185008 0.000239253 -0.000228649 4.57052e-05
 0.000753708 0.000162713 0.000201616 -0.000193978 4.1721e-05
 0.00068267 0.000146718 0.00017103 -0.000166618 3.81835e-05
 0.000612337 0.000130074 0.000145666 -0.000143457 3.32478e-05
 0.00054583 0.000115006 0.00012603 -0.000125294 2.9901e-05
 0.00047537 9.91542e-05 0.000104455 -0.000104835 2.53571e-05
 0.000415308 8.57883e-05 8.77317e-05 -8.90617e-05 2.18375e-05
 0.000373123 7.64477e-05 7.54337e-05 -7.7533e-05 1.93424e-05
 0.00032 6.49857e-05 6.26359e-05 -6.51848e-05 1.61313e-05
 0.000282603 5.66676e-05 5.38107e-05 -5.65875e-05 1.38712e-05
 0.000248374 4.94808e-05 4.62691e-05 -4.9258e-05 1.23433e-05
 0.000213284 4.20854e-05 3.84724e-05 -4.14629e-05 1.04542e-05
 0.00018394 3.58901e-05 3.23803e-05 -3.53282e-05 8.57292e-06
 0.000162237 3.13932e-05 2.82438e-05 -3.11727e-05 7.48006e-06
 0.00013788 2.64391e-05 2.35953e-05 -2.62267e-05 6.27277e-06
 0.000119587 2.27013e-05 2.00846e-05 -2.26007e-05 5.33103e-06
 0 0 0 0 0
 0 0 0 0 0
 0 0 0 0 0
 0 0 0 0 0
 0 0 0 0 0
 0 0 0 0 0
 0 0 0 0 0
 0 0 0 0 0
 0 0 0 0 0
 0 0 0 0 0
 0 0 0 0 0
 0 0 0 0 0
 0 0 0 0 0
 0 0 0 0 0
 0 0 0 0 0
 0 0 0 0 0
 0 0 0 0 0
 0 0 0 0 0
 0 0 0 0 0
 0 0 0 0 0
 0 0 0 0 0
 0 0 0 0 0
 0.235112 0.152329 0.0163642 -0.0218559 0.0973067
 0.174337 0.108572 0.0155751 -0.0216125 0.065616
 0.135007 0.080798 0.0143033 -0.0207817 0.0454132
 0.110391 0.0634441 0.014083 -0.0202069 0.0329086
 0.0935567 0.0518133 0.0126302 -0.0194065 0.0246506
 0.0816238 0.0436177 0.012414 -0.0188311 0.0189818
 0.0729264 0.0374583 0.0118628 -0.0180066 0.0137181
 0.0665658 0.0332712 0.0114656 -0.0172689 0.0108938
 0.0611315 0.0298457 0.0102363 -0.0162085 0.008946
 0.0572353 0.0270436 0.00978717 -0.015345 0.00619944
 0.0543597 0.0251262 0.00961383 -0.0146638 0.00476458
 0.0513967 0.0233657 0.00834758 -0.0135331 0.00371884
 0.0497418 0.022139 0.00802563 -0.0129137 0.00229169
 0.0477056 0.0211491 0.00745277 -0.0120127 0.00255026
 0.046212 0.0201227 0.00686666 -0.0111692 0.00136666
 0.0457203 0.0198737 0.00641377 -0.0104272 0.00149674
 0.0447651 0.0193178 0.00560655 -0.00949892 0.00101568
 0.0447426 0.0192411 0.0052722 -0.00864858 0.000725791
 0.0436989 0.0187123 0.00450245 -0.0076588 0.000516711
 0.0430744 0.0185278 0.00388428 -0.00677632 0.000528634
 0.0431064 0.0187435 0.00344058 -0.00609609 0.00104819
 0.0422383 0.0181109 0.00376104 -0.00587127 0.00054117
 0.0412452 0.0176872 0.00379294 -0.00576661 0.000755233
 0.0406052 0.0171152 0.00518483 -0.00650145 0.000118459
 0.039647 0.0163488 0.00489647 -0.00659236 -0.000614944
 0.0386072 0.0158149 0.00562523 -0.00682643 0.000387588
 0.0370627 0.0146461 0.00667845 -0.00795323 -0.000797028
 0.0352408 0.0136167 0.00881617 -0.009656 -0.000433454
 0.033345 0.0125884 0.009946 -0.0104454 -0.000857017
 0.0325259 0.0118992 0.0118069 -0.0123929 -0.000923058
 0.0299422 0.0103384 0.0137397 -0.0141729 -0.00197854
 0.0286331 0.00971933 0.015327 -0.0153592 -0.00159618
 0.0265964 0.00866208 0.0176677 -0.0178101 -0.00199748
 0.0252868 0.00799067 0.0195563 -0.0191698 -0.00143066
 0.023812 0.00728159 0.0214357 -0.0211827 -0.00169878
 0.0221017 0.00650555 0.0226347 -0.0222064 -0.00176278
 0.0206314 0.00583416 0.0240759 -0.0233124 -0.00170107
 0.0191328 0.00522159 0.025757 -0.0251132 -0.00169222
 0.0177337 0.00463189 0.0271491 -0.0260692 -0.00179098
 0.017166 0.0043997 0.0281711 -0.0272421 -0.00187328
 0.0156534 0.00383065 0.0293234 -0.0282573 -0.00172713
 0.0147961 0.00358912 0.029051 -0.0280177 -0.00159101
 0.0134676 0.00320211 0.0298632 -0.0287149 -0.00129001
 0.0127523 0.00293223 0.0302029 -0.0290135 -0.0013285
 0.0121278 0.00279785 0.0301507 -0.0290982 -0.00114192
 0.0113048 0.00259742 0.0292545 -0.0281339 -0.00100318
 0.0107726 0.00241137 0.0285806 -0.0275069 -0.00107842
 0.0100513 0.00230822 0.0273374 -0.0261825 -0.000794733
 0.00946175 0.00218757 0.0264977 -0.0253947 -0.000653067
 0.00906325 0.00207837 0.0253186 -0.0242939 -0.000586477
 0.00844758 0.00195223 0.0236822 -0.022698 -0.000524694
 0.0081245 0.00187563 0.0228516 -0.021899 -0.00036187
 0.00770457 0.00182055 0.0218718 -0.0208978 -0.000302422
 0.00728753 0.00169127 0.0200486 -0.0191063 -0.000299687
 0.00694061 0.00163809 0.0182549 -0.01739 -0.000194446
 0.00662522 0.00156119 0.0170764 -0.0162962 -0.000191956
 0.00636133 0.00152694 0.0157768 -0.0150098 -5.47837e-05
 0.00606238 0.00146359 0.0142408 -0.013542 -1.55148e-05
 0.00584377 0.00141094 0.0131694 -0.0124877 -1.56225e-05
 0.00554362 0.00135152 0.0116487 -0.011039 6.50614e-05
 0.00534173 0.00130751 0.0105886 -0.0100315 8.45642e-05
 0.00506906 0.00125357 0.00937017 -0.00884258 0.000173592
 0.00481297 0.00117607 0.00844675 -0.00796755 0.000121809
 0.0045775 0.00111917 0.00745423 -0.00702151 0.000139899
 0.00434452 0.00106078 0.00649425 -0.00611705 0.00012454
 0.00412442 0.00100564 0.00576471 -0.00542667 0.000155884
 0.00387848 0.0009481 0.00495093 -0.00464937 0.000167867
 0.00368438 0.0008914 0.00435977 -0.00408849 0.000154366
 0.00349127 0.000847342 0.00380305 -0.00355826 0.000161097
 0.00329164 0.000795718 0.00323503 -0.00302002 0.00015966
 0.00308118 0.000744473 0.00279988 -0.00261456 0.000144037
 0.00281727 0.000678772 0.00229342 -0.00213522 0.00013835
 0.00268657 0.000645315 0.00200602 -0.00186137 0.000140256
 0.00248815 0.000598469 0.00165475 -0.00153669 0.000133382
 0.00230056 0.000551641 0.00140372 -0.00130011 0.000129447
 0.00213067 0.000509442 0.00118279 -0.00109426 0.000118215
 0.00194731 0.00046345 0.0009767 -0.00090565 0.000108419
 0.00178172 0.00042045 0.00084085 -0.000779142 9.976e-05
 0.00164643 0.000385609 0.000709144 -0.000657678 9.15733e-05
 0.00150789 0.000351795 0.000593962 -0.000553367 8.41967e-05
 0.00135519 0.000313786 0.000500472 -0.000468163 7.6234e-05
 0.00126231 0.000290668 0.000438287 -0.00041232 7.36955e-05
 0.00109814 0.000250177 0.000355177 -0.000336802 6.15512e-05
 0.00101261 0.000229008 0.000306153 -0.000292204 5.7684e-05
 0.000910892 0.000204375 0.000261852 -0.000251486 5.09738e-05
 0.000817251 0.000181808 0.00021923 -0.000212199 4.64228e-05
 0.000722869 0.000159612 0.000185268 -0.000180886 4.07705e-05
 0.00066674 0.000145861 0.000163682 -0.000161535 3.79681e-05
 0.000579817 0.000125703 0.000133882 -0.000133799 3.14256e-05
 0.000515821 0.000110768 0.000114237 -0.000115274 2.78646e-05
 0.000450131 9.58142e-05 9.55817e-05 -9.75558e-05 2.3605e-05
 0.000407571 8.60442e-05 8.5145e-05 -8.7775e-05 2.20078e-05
 0.00035649 7.44758e-05 7.02955e-05 -7.35814e-05 1.81313e-05
 0.000309103 6.39948e-05 5.94446e-05 -6.27666e-05 1.55908e-05
 0.000270834 5.55307e-05 5.15684e-05 -5.50045e-05 1.34038e-05
 0.000238405 4.83864e-05 4.44147e-05 -4.78743e-05 1.16823e-05
 0.000204327 4.11346e-05 3.70166e-05 -4.03299e-05 9.6675e-06
 0.000177619 3.53897e-05 3.12628e-05 -3.44729e-05 8.33467e-06
 0.000153057 3.02467e-05 2.65156e-05 -2.95007e-05 6.99665e-06
 0 0 0 0 0
 0 0 0 0 0
 0 0 0 0 0
 0 0 0 0 0
 0 0 0 0 0
 0 0 0 0 0
 0 0 0 0 0
 0 0 0 0 0
 0 0 0 0 0
 0 0 0 0 0
 0 0 0 0 0
 0 0 0 0 0
 0 0 0 0 0
 0 0 0 0 0
 0 0 0 0 0
 0 0 0 0 0
 0 0 0 0 0
 0 0 0 0 0
 0 0 0 0 0
 0 0 0 0 0
 0 0 0 0 0
 0 0 0 0 0
 0 0 0 0 0
 0.272123 0.182042 0.021831 -0.0256187 0.121606
 0.193687 0.124562 0.0203978 -0.0248358 0.0790001
 0.147486 0.0911658 0.0195186 -0.0241123 0.0540991
 0.11814 0.070156 0.0185498 -0.0233193 0.0390122
 0.0976125 0.0558359 0.0177644 -0.0222345 0.0282175
 0.0847717 0.0468329 0.0172514 -0.0217394 0.0223303
 0.0738699 0.0393709 0.0159953 -0.0207563 0.0166013
 0.0666996 0.0344397 0.0151687 -0.019799 0.0128993
 0.0609571 0.0307377 0.0143063 -0.0187623 0.0106791
 0.0568072 0.0277618 0.0137345 -0.0179417 0.00825223
 0.0538447 0.0257828 0.0129841 -0.0169646 0.00640431
 0.0495317 0.0233112 0.0115797 -0.0156272 0.00522301
 0.047668 0.0219837 0.010956 -0.014661 0.00389486
 0.0460281 0.0208211 0.0104239 -0.0138753 0.00286309
 0.0444247 0.0199332 0.00972383 -0.0128645 0.00241247
 0.0438647 0.0194655 0.00904917 -0.0118042 0.00185844
 0.0418333 0.0184601 0.00790351 -0.0106934 0.00155603
 0.0417092 0.0181838 0.00738977 -0.0100104 0.000823423
 0.0407928 0.0178348 0.00650407 -0.00882175 0.000930292
 0.0412188 0.0180799 0.00600313 -0.00786121 0.00103362
 0.0405276 0.0179017 0.00578266 -0.00720703 0.00100857
 0.0393402 0.0172773 0.0046636 -0.00640218 0.000530824
 0.039095 0.0171532 0.00482054 -0.00607729 0.000840275
 0.0384297 0.0165867 0.00586849 -0.00650263 0.000838675
 0.0374868 0.0159262 0.00620332 -0.00683642 0.000501237
 0.0362963 0.0152057 0.00634773 -0.00685349 0.000253908
 0.0349619 0.0144412 0.00755974 -0.00778916 0.000653226
 0.0334084 0.0132956 0.00865342 -0.00888283 -0.000608491
 0.0317318 0.0123357 0.0102585 -0.0104367 -0.000657434
 0.030663 0.01155 0.0118206 -0.0116611 -0.000432957
 0.0297183 0.010899 0.0124513 -0.0122903 -0.000663327
 0.0278489 0.00996267 0.0143216 -0.0137761 -0.00105108
 0.0258118 0.00885692 0.0165262 -0.016212 -0.00109546
 0.0244249 0.00805093 0.0180913 -0.0175009 -0.00119255
 0.0229611 0.00730628 0.0196489 -0.0189682 -0.00155496
 0.0220247 0.00668556 0.021566 -0.0208638 -0.00174804
 0.0202173 0.00589683 0.0227471 -0.0218406 -0.00179648
 0.0186867 0.00538334 0.0236747 -0.0227953 -0.0014971
 0.0180853 0.00505485 0.0251637 -0.0243068 -0.00127225
 0.0166307 0.00443474 0.0262463 -0.0253273 -0.00172986
 0.0154207 0.00391508 0.0283389 -0.0270994 -0.00159555
 0.0147813 0.00380482 0.0286481 -0.0274915 -0.00130173
 0.0138383 0.00348386 0.0286588 -0.0275189 -0.00114858
 0.0130535 0.00319814 0.0283817 -0.0272728 -0.00117187
 0.0123064 0.00307563 0.0277513 -0.0266366 -0.000842258
 0.011265 0.00276384 0.0285084 -0.0273711 -0.000791511
 0.0107644 0.00259362 0.0273623 -0.0261606 -0.00081343
 0.0101327 0.00242436 0.0271403 -0.0259989 -0.00068147
 0.009576 0.00225837 0.0263193 -0.0251598 -0.000648539
 0.00909017 0.00220153 0.0249888 -0.023901 -0.000493369
 0.00860308 0.00206562 0.0239162 -0.0228436 -0.000438059
 0.00827718 0.00197831 0.0231383 -0.0221297 -0.000404438
 0.00780327 0.00183903 0.0213238 -0.020375 -0.000366606
 0.00757034 0.0018508 0.0198205 -0.0188895 -0.000154647
 0.0070829 0.00172812 0.0184052 -0.0175454 -0.000124901
 0.00679745 0.00168832 0.0168142 -0.0159859 -1.3898e-05
 0.00641325 0.00157404 0.0156029 -0.0148447 -8.25285e-05
 0.00626415 0.00156362 0.0145963 -0.0138725 6.43137e-05
 0.00594166 0.00148487 0.0130036 -0.0123212 8.16317e-05
 0.00571996 0.0014368 0.0118341 -0.0112218 7.8291e-05
 0.00541851 0.00136789 0.0107153 -0.0101505 0.000125522
 0.00520882 0.00130737 0.00964033 -0.00912533 0.000135883
 0.00492183 0.00123133 0.00851233 -0.00803835 0.000115934
 0.0046972 0.001178 0.00758287 -0.00715593 0.00015093
 0.00448768 0.00113075 0.00669949 -0.00631103 0.000182559
 0.00420143 0.00104992 0.00589637 -0.00556444 0.000158852
 0.00401491 0.00100048 0.00526462 -0.00494637 0.000158101
 0.00382129 0.000954008 0.00453412 -0.0042581 0.000173028
 0.00361133 0.000898167 0.00390274 -0.00366662 0.000176465
 0.00336616 0.000837092 0.00339903 -0.00318313 0.00016863
 0.0032045 0.000794483 0.00293637 -0.00274658 0.000177032
 0.00297865 0.000734479 0.00248319 -0.00232815 0.000151054
 0.00277378 0.000684007 0.00213199 -0.00199052 0.000151389
 0.00260102 0.000640669 0.00178713 -0.00166283 0.000145262
 0.00242437 0.000593088 0.00151057 -0.00140574 0.000131958
 0.00223382 0.000545708 0.00127587 -0.00118619 0.000130088
 0.00208916 0.000508849 0.0010895 -0.00101361 0.00011912
 0.00190797 0.000462496 0.000898467 -0.000836408 0.000110097
 0.00171864 0.000414198 0.000763679 -0.000712427 0.000100458
 0.00155762 0.000372053 0.000633173 -0.000593422 8.78492e-05
 0.00144103 0.000342035 0.000551462 -0.000517602 8.28189e-05
 0.00131712 0.00031037 0.000463388 -0.000438379 7.37853e-05
 0.00121095 0.00028364 0.000394395 -0.000375339 6.94729e-05
 0.00107154 0.000249003 0.000330812 -0.000316847 6.16686e-05
 0.000985775 0.000227069 0.000285403 -0.000275731 5.49651e-05
 0.000859783 0.000196872 0.00023399 -0.000227877 4.85898e-05
 0.000776556 0.000175963 0.000201689 -0.000197626 4.21152e-05
 0.00070017 0.000157225 0.000173413 -0.000171968 3.81619e-05
 0.000623388 0.000138554 0.000147932 -0.000147887 3.36217e-05
 0.000549434 0.000121311 0.000124625 -0.000126079 2.99547e-05
 0.000491768 0.000107726 0.000107078 -0.000109834 2.68257e-05
 0.000441161 9.55608e-05 9.2645e-05 -9.5805e-05 2.30132e-05
 0.000385246 8.28449e-05 7.7642e-05 -8.14034e-05 2.0052e-05
 0.000338343 7.20642e-05 6.69483e-05 -7.07497e-05 1.74337e-05
 0.000295547 6.23633e-05 5.71029e-05 -6.10259e-05 1.50965e-05
 0.000256786 5.36781e-05 4.79283e-05 -5.17407e-05 1.28576e-05
 0.00022485 4.65509e-05 4.12187e-05 -4.5034e-05 1.07097e-05
 0.000200577 4.1128e-05 3.61407e-05 -3.97212e-05 9.60625e-06
 0 0 0 0 0
 0 0 0 0 0
 0 0 0 0 0
 0 0 0 0 0
 0 0 0 0 0
 0 0 0 0 0
 0 0 0 0 0
 0 0 0 0 0
 0 0 0 0 0
 0 0 0 0 0
 0 0 0 0 0
 0 0 0 0 0
 0 0 0 0 0
 0 0 0 0 0
 0 0 0 0 0
 0 0 0 0 0
 0 0 0 0 0
 0 0 0 0 0
 0 0 0 0 0
 0 0 0 0 0
 0 0 0 0 0
 0 0 0 0 0
 0 0 0 0 0
 0 0 0 0 0
 0.320494 0.220572 0.0280101 -0.0300506 0.151308
 0.225723 0.14936 0.0272352 -0.0296068 0.0980633
 0.166106 0.105858 0.0262827 -0.0284789 0.0663342
 0.130668 0.0800297 0.0248103 -0.0275822 0.0468927
 0.104594 0.0617161 0.0230221 -0.0260199 0.0334269
 0.08909 0.050733 0.0221897 -0.0252407 0.025495
 0.0782219 0.0429671 0.0209713 -0.0244664 0.0197416
 0.0681563 0.0363753 0.0197125 -0.0229467 0.0151682
 0.0616687 0.0320507 0.0181132 -0.0215451 0.0122852
 0.0566309 0.0286092 0.0172704 -0.0205557 0.00934475
 0.0524625 0.0257678 0.0162976 -0.0192412 0.00711809
 0.0493536 0.02375 0.0153733 -0.0181843 0.00579762
 0.0468793 0.0221393 0.0145926 -0.0170483 0.00449503
 0.0433226 0.0200774 0.0129445 -0.0155717 0.00350601
 0.0426819 0.0197318 0.0122608 -0.0144576 0.00341816
 0.0405446 0.0185667 0.0111341 -0.0131583 0.00274534
 0.0403857 0.0182116 0.0106454 -0.0124943 0.00216172
 0.0388108 0.0174126 0.00940692 -0.0109609 0.00185973
 0.0377952 0.01673 0.00896683 -0.0102838 0.00104334
 0.0377957 0.016808 0.00768999 -0.00915008 0.00114311
 0.0376458 0.0167473 0.00686845 -0.00801101 0.00110504
 0.0372147 0.0166846 0.00642315 -0.00738192 0.0012028
 0.0368962 0.0163993 0.00631005 -0.00698912 0.00104919
 0.035751 0.0158927 0.00619718 -0.00674686 0.00115667
 0.0354703 0.0154359 0.00623523 -0.00656205 0.000474242
 0.0346183 0.014943 0.00660081 -0.00678442 0.000837383
 0.0335032 0.0141884 0.00749875 -0.00743373 0.000721671
 0.0321861 0.0133536 0.00847025 -0.00839792 0.000458438
 0.0306134 0.0121822 0.0100253 -0.00967867 -0.000342718
 0.0297985 0.0117502 0.0107462 -0.0103193 3.85131e-05
 0.0281646 0.0107878 0.0122418 -0.0116142 -0.000258615
 0.0265531 0.00961983 0.0134608 -0.0127228 -0.00111038
 0.0257497 0.00905533 0.0149587 -0.0141554 -0.00108169
 0.0242489 0.00840442 0.0169448 -0.0162408 -0.000857767
 0.022432 0.00733717 0.0181624 -0.0173087 -0.0015807
 0.0212831 0.00677482 0.0203057 -0.0195214 -0.00134806
 0.0203397 0.00634049 0.0208409 -0.0198376 -0.00098245
 0.0191229 0.0058545 0.0220263 -0.0210792 -0.00109671
 0.0182661 0.00550438 0.0230616 -0.0220723 -0.00108906
 0.0167899 0.00480237 0.0244932 -0.0233657 -0.00106684
 0.0156282 0.00426422 0.0257687 -0.0245038 -0.00129058
 0.0145359 0.00386032 0.0262466 -0.0250265 -0.00125151
 0.0136275 0.00360822 0.0271221 -0.0259127 -0.00088615
 0.0130993 0.00342737 0.0265091 -0.0253733 -0.000857733
 0.0123882 0.00323222 0.0265069 -0.0253923 -0.000800214
 0.0115283 0.0029046 0.0262874 -0.0251152 -0.000768274
 0.0108375 0.00266968 0.026158 -0.0250572 -0.000720365
 0.0104672 0.00263249 0.0262478 -0.0250839 -0.000584429
 0.00966858 0.00239017 0.0254752 -0.0243422 -0.000562134
 0.00914642 0.00225107 0.0246522 -0.0235552 -0.000456317
 0.00874908 0.00216663 0.0235023 -0.0224212 -0.000369447
 0.00832197 0.00205687 0.0227437 -0.0217009 -0.000350015
 0.00796105 0.00200388 0.0211046 -0.02013 -0.00019927
 0.00762228 0.00194368 0.019769 -0.0187998 -9.87858e-05
 0.00720214 0.00181879 0.0184084 -0.0175457 -7.92173e-05
 0.00690988 0.00174038 0.0170575 -0.0162703 -5.38404e-05
 0.00655012 0.00167195 0.015344 -0.0146028 2.1312e-05
 0.00639753 0.00165205 0.0149233 -0.014197 0.000123856
 0.00598466 0.00152222 0.0132345 -0.0125792 3.89762e-05
 0.00574449 0.00147099 0.0121438 -0.0115262 0.000105865
 0.00557182 0.00143663 0.0108173 -0.0102503 0.000160937
 0.00529165 0.00136538 0.00976233 -0.00922208 0.000168793
 0.00504577 0.00131317 0.00874308 -0.00826792 0.000207172
 0.00477356 0.00123123 0.00773693 -0.00732246 0.000172118
 0.00457735 0.00117752 0.00701502 -0.00662308 0.000168718
 0.00428373 0.00109815 0.00602878 -0.00568372 0.000173784
 0.0042004 0.00107627 0.00551737 -0.00519723 0.000191249
 0.00391555 0.00100033 0.00470815 -0.00443461 0.000191963
 0.0036714 0.000936692 0.00404365 -0.00380132 0.000185417
 0.00353322 0.000899958 0.00359379 -0.00337914 0.000191917
 0.00329875 0.000833592 0.00312409 -0.00293892 0.000158853
 0.00309934 0.000786001 0.00262147 -0.00245707 0.00018055
 0.00284844 0.000721127 0.00223083 -0.00208866 0.00016868
 0.00265692 0.000669213 0.00186201 -0.00174602 0.000158733
 0.00250794 0.000628607 0.00161323 -0.00150752 0.000142483
 0.00234806 0.000587849 0.00136309 -0.00127381 0.000137901
 0.00215252 0.000536901 0.00114128 -0.00106858 0.000128913
 0.00198939 0.000495102 0.000974575 -0.000911575 0.000123187
 0.00183257 0.000453098 0.000817197 -0.000766908 0.000110578
 0.00166521 0.000409082 0.000690138 -0.00064867 0.000101402
 0.00152433 0.00037072 0.000592887 -0.000560628 9.0875e-05
 0.0014067 0.000340649 0.000506497 -0.000480832 8.48858e-05
 0.00126128 0.000303507 0.000426462 -0.000407092 7.62188e-05
 0.00115806 0.000275653 0.000366906 -0.000352623 6.69859e-05
 0.00103022 0.000243682 0.000306926 -0.000297673 6.04229e-05
 0.000916958 0.000214638 0.000257743 -0.000251708 5.11932e-05
 0.000837308 0.000194763 0.000222827 -0.000219661 4.71887e-05
 0.000753223 0.000173398 0.00018857 -0.000187862 4.15878e-05
 0.000678563 0.000155113 0.000163539 -0.000164658 3.86047e-05
 0.000598548 0.00013582 0.000137984 -0.000140096 3.35391e-05
 0.000531753 0.000119315 0.000118132 -0.000121349 2.82099e-05
 0.000464962 0.00010364 9.92517e-05 -0.000103046 2.49902e-05
 0.000418644 9.24342e-05 8.67708e-05 -9.08842e-05 2.22891e-05
 0.000359584 7.8716e-05 7.17974e-05 -7.60907e-05 1.89301e-05
 0.000321581 6.97369e-05 6.2848e-05 -6.71531e-05 1.68245e-05
 0.000282123 6.05516e-05 5.40836e-05 -5.82818e-05 1.43344e-05
 0.000240907 5.13508e-05 4.46297e-05 -4.87784e-05 1.20168e-05
 0 0 0 0 0
 0 0 0 0 0
 0 0 0 0 0
 0 0 0 0 0
 0 0 0 0 0
 0 0 0 0 0
 0 0 0 0 0
 0 0 0 0 0
 0 0 0 0 0
 0 0 0 0 0
 0 0 0 0 0
 0 0 0 0 0
 0 0 0 0 0
 0 0 0 0 0
 0 0 0 0 0
 0 0 0 0 0
 0 0 0 0 0
 0 0 0 0 0
 0 0 0 0 0
 0 0 0 0 0
 0 0 0 0 0
 0 0 0 0 0
 0 0 0 0 0
 0 0 0 0 0
 0 0 0 0 0
 0.407115 0.287572 0.0373623 -0.0371942 0.203938
 0.265153 0.180248 0.0346738 -0.0352065 0.122143
 0.192632 0.126081 0.0328799 -0.0342516 0.0820373
 0.148052 0.0933108 0.0318282 -0.0329372 0.0575302
 0.119308 0.0725668 0.0302667 -0.0322656 0.0424102
 0.0972975 0.0571407 0.0278757 -0.0300966 0.0311998
 0.0819351 0.0465406 0.0259167 -0.028264 0.0231142
 0.07137 0.0392752 0.0247467 -0.0269209 0.0182682
 0.0635888 0.0339819 0.0235742 -0.0257954 0.0144146
 0.0572812 0.0298049 0.0216431 -0.0238208 0.0113173
 0.0522578 0.0264311 0.0200104 -0.0222322 0.00850025
 0.0483141 0.0239741 0.0188507 -0.0206618 0.00705211
 0.0451829 0.0219737 0.017382 -0.0192099 0.00564293
 0.0434412 0.020755 0.0166397 -0.0182597 0.0048321
 0.0410936 0.0194028 0.0149737 -0.0166351 0.00410646
 0.039531 0.0183075 0.0142666 -0.0154019 0.00249595
 0.0388086 0.0179463 0.0132172 -0.0142831 0.00298157
 0.0370502 0.0167535 0.0116733 -0.0127584 0.00153703
 0.0363 0.01638 0.0108368 -0.0117036 0.00138085
 0.0354756 0.0161897 0.00990783 -0.0105403 0.00197791
 0.0355776 0.0158738 0.00907242 -0.00966133 0.000749013
 0.0350742 0.0157889 0.008681 -0.0088085 0.00152242
 0.0348278 0.0158056 0.0078602 -0.00789657 0.00149138
 0.0339416 0.0152145 0.00774125 -0.00750672 0.00120258
 0.0338788 0.0151809 0.00778637 -0.00719413 0.00141532
 0.0326847 0.0144957 0.00731394 -0.00709854 0.00119577
 0.0313926 0.0135586 0.00799803 -0.00774558 0.000559165
 0.0309742 0.013161 0.00888517 -0.00828746 0.000655843
 0.0296597 0.0123058 0.00927233 -0.008571 0.00018195
 0.0286705 0.0115027 0.0106247 -0.00968092 -8.52883e-06
 0.0278201 0.0108358 0.0107513 -0.0100285 -0.000352998
 0.0259213 0.00986292 0.0121977 -0.0113159 -0.000481013
 0.0243434 0.00897383 0.0141736 -0.0131523 -0.000557577
 0.0232601 0.00824027 0.0157769 -0.0146402 -0.000739416
 0.0221955 0.00760218 0.0165298 -0.015669 -0.000997892
 0.0213221 0.00707962 0.0171618 -0.0161818 -0.00106477
 0.0196708 0.00624002 0.0202036 -0.0191048 -0.00136319
 0.0188699 0.00592823 0.0200047 -0.018781 -0.00105788
 0.0173261 0.00513909 0.0238716 -0.0224863 -0.0013553
 0.0165489 0.00489318 0.0227357 -0.0215542 -0.00120366
 0.0152272 0.00438478 0.0240086 -0.0227778 -0.00100393
 0.0144736 0.00402652 0.0255511 -0.0242285 -0.00097225
 0.0138263 0.00382203 0.0251287 -0.0239007 -0.000953617
 0.0129026 0.00348337 0.0256596 -0.0244778 -0.000794825
 0.0121909 0.00328399 0.0257483 -0.0243627 -0.000713851
 0.0117084 0.00309063 0.025143 -0.0239908 -0.000663331
 0.0109324 0.00284872 0.0255847 -0.0243919 -0.00060252
 0.0102833 0.00267401 0.0251444 -0.0239682 -0.000440502
 0.00991533 0.00257129 0.0243777 -0.0231933 -0.000378004
 0.00941483 0.00242024 0.0235223 -0.0223999 -0.000428125
 0.00889408 0.00229335 0.0222142 -0.0211355 -0.000276767
 0.00849767 0.00218334 0.0214902 -0.0204819 -0.000225851
 0.00806596 0.00209835 0.0203082 -0.0193547 -0.000160817
 0.0076934 0.00199949 0.0189418 -0.0180182 -8.56808e-05
 0.00734442 0.00189029 0.0178438 -0.0170089 -8.85008e-05
 0.00710177 0.00186944 0.0170544 -0.0162344 9.474e-06
 0.00673577 0.00176743 0.0155793 -0.0148327 5.11124e-05
 0.00637882 0.00167171 0.0143791 -0.0136683 5.50592e-05
 0.00614676 0.00161671 0.0133273 -0.0126656 0.000117269
 0.00586698 0.00154103 0.0119719 -0.011343 0.000124492
 0.00556236 0.00147338 0.0108859 -0.010313 0.000155072
 0.00530343 0.00139497 0.00981892 -0.009308 0.000157551
 0.0050909 0.00134605 0.00885925 -0.008395 0.000197119
 0.00490107 0.00129343 0.00799612 -0.00754509 0.000203293
 0.00463758 0.00122261 0.00711967 -0.00673434 0.000198734
 0.00441778 0.00116067 0.0062656 -0.00592003 0.000186063
 0.00426386 0.00111585 0.00550584 -0.0052006 0.000193122
 0.00398713 0.00104743 0.00490979 -0.00462959 0.000206967
 0.00379391 0.000991325 0.00427861 -0.00403477 0.000197063
 0.00354848 0.000921708 0.00367003 -0.00345832 0.000181635
 0.00333407 0.000864892 0.00317177 -0.00299197 0.000181243
 0.00316415 0.000818801 0.00278119 -0.00261963 0.000175757
 0.00295073 0.000762173 0.00235435 -0.00221539 0.000170483
 0.00277671 0.000714711 0.00199843 -0.00187794 0.000164803
 0.00262276 0.000672847 0.00171941 -0.00161464 0.00015658
 0.00243005 0.000621614 0.00145412 -0.00136624 0.000145866
 0.00219939 0.00056101 0.00120573 -0.00113107 0.000134257
 0.00206142 0.000524177 0.00103065 -0.000970633 0.000128484
 0.00190356 0.000480542 0.000880875 -0.000829706 0.000114533
 0.00175408 0.000439772 0.000746279 -0.000706613 0.000103947
 0.00160641 0.000401358 0.000629507 -0.00059867 9.98067e-05
 0.00144301 0.00035786 0.000527625 -0.000503745 8.84858e-05
 0.00133054 0.000327019 0.000459693 -0.000440362 7.82421e-05
 0.00120444 0.00029395 0.000383607 -0.000371084 7.01361e-05
 0.00109641 0.000265558 0.000328152 -0.000319982 6.50656e-05
 0.000978583 0.000235081 0.00027828 -0.000273106 5.78455e-05
 0.000895442 0.000213986 0.000239065 -0.000236858 5.3422e-05
 0.000793789 0.000188178 0.00020147 -0.000201329 4.63631e-05
 0.000715712 0.000168198 0.000173311 -0.000175217 4.26092e-05
 0.000641695 0.000149601 0.000148587 -0.000151425 3.72689e-05
 0.000559679 0.000129197 0.000125775 -0.000129256 3.10344e-05
 0.000510506 0.000116836 0.000109952 -0.000114301 2.8174e-05
 0.000447826 0.000101425 9.40075e-05 -9.84917e-05 2.43459e-05
 0.000396474 8.90808e-05 8.00944e-05 -8.49283e-05 2.10467e-05
 0.000349221 7.76912e-05 6.93423e-05 -7.41468e-05 1.8181e-05
 0.000300259 6.62638e-05 5.78061e-05 -6.25056e-05 1.53536e-05
 0 0 0 0 0
 0 0 0 0 0
 0 0 0 0 0
 0 0 0 0 0
 0 0 0 0 0
 0 0 0 0 0
 0 0 0 0 0
 0 0 0 0 0
 0 0 0 0 0
 0 0 0 0 0
 0 0 0 0 0
 0 0 0 0 0
 0 0 0 0 0
 0 0 0 0 0
 0 0 0 0 0
 0 0 0 0 0
 0 0 0 0 0
 0 0 0 0 0
 0 0 0 0 0
 0 0 0 0 0
 0 0 0 0 0
 0 0 0 0 0
 0 0 0 0 0
 0 0 0 0 0
 0 0 0 0 0
 0 0 0 0 0
 0.512283 0.370621 0.0470183 -0.0447872 0.26933
 0.322602 0.224979 0.0432177 -0.0426189 0.157538
 0.228659 0.153812 0.0414357 -0.041014 0.10352
 0.169486 0.109819 0.039166 -0.0391252 0.0704008
 0.135343 0.0844575 0.0380369 -0.0383088 0.0508947
 0.107783 0.0650272 0.0353983 -0.0359345 0.0372001
 0.088215 0.0514934 0.0326376 -0.0332837 0.0274454
 0.075652 0.0429705 0.0305346 -0.0315938 0.0218394
 0.0669683 0.0367724 0.0290642 -0.0301078 0.0167439
 0.0589423 0.0314308 0.0272149 -0.028184 0.0127898
 0.0529128 0.0275657 0.0251948 -0.0261247 0.0102274
 0.0487797 0.0248067 0.0234854 -0.024441 0.00827178
 0.0453342 0.0225966 0.021681 -0.0224539 0.00642802
 0.041995 0.0205978 0.0199273 -0.0207531 0.00545479
 0.0395372 0.0190078 0.0184334 -0.019296 0.00412858
 0.0383277 0.0183448 0.0173753 -0.0178758 0.00427585
 0.0367888 0.0171602 0.0155132 -0.0161463 0.00260501
 0.035636 0.0165075 0.0150498 -0.0151008 0.00231189
 0.0346532 0.0158782 0.0133237 -0.0136066 0.00185487
 0.0341317 0.0156946 0.0120972 -0.012237 0.00198381
 0.0331166 0.0151487 0.0110933 -0.0110909 0.00166939
 0.0332108 0.0150546 0.0105257 -0.0100341 0.00128652
 0.03299 0.0149953 0.00932483 -0.00893475 0.00132204
 0.032647 0.0148888 0.00833858 -0.00779812 0.00140667
 0.0318754 0.0142751 0.00856058 -0.00778587 0.000741783
 0.0309963 0.014042 0.00793579 -0.00736352 0.00142937
 0.0304498 0.0134402 0.00873092 -0.00775978 0.00105928
 0.0293516 0.0129005 0.00858667 -0.00764648 0.00110792
 0.0289273 0.0123707 0.00963342 -0.00853442 0.000953983
 0.0269172 0.0111428 0.0106949 -0.00950483 0.000480009
 0.025989 0.0105519 0.0112966 -0.0102713 0.000180419
 0.0254877 0.0100508 0.0128013 -0.0116057 0.000218545
 0.0239754 0.00920942 0.0131438 -0.0120312 -0.00016828
 0.0224546 0.008288 0.0147373 -0.0136606 -0.00025222
 0.0217127 0.00779182 0.0159052 -0.0145398 -0.00054004
 0.0203435 0.00701473 0.01721 -0.0160969 -0.000512779
 0.0193699 0.00643672 0.0183531 -0.0170847 -0.000916742
 0.0182655 0.00600461 0.0199352 -0.0185965 -0.000607841
 0.01736 0.00545198 0.0203478 -0.0190645 -0.000834183
 0.0163447 0.00508469 0.0215911 -0.020183 -0.000678877
 0.0150202 0.00441871 0.0226988 -0.0213849 -0.00104973
 0.014622 0.00424893 0.0231359 -0.0218572 -0.000805992
 0.0136558 0.00392592 0.0245587 -0.0232848 -0.000783857
 0.0130867 0.00365271 0.0238419 -0.0226635 -0.00070466
 0.0124555 0.00345094 0.0241001 -0.0227831 -0.000600459
 0.0114982 0.00314259 0.0244823 -0.0232826 -0.000664149
 0.0111178 0.00305392 0.0242814 -0.0230443 -0.000454139
 0.0104459 0.00279095 0.0241288 -0.0228108 -0.000443618
 0.00966592 0.00256048 0.0232117 -0.0220384 -0.000373628
 0.009379 0.00247477 0.0228028 -0.021666 -0.000373377
 0.00897875 0.0023872 0.0220973 -0.0210355 -0.00027639
 0.00848267 0.00226774 0.0211854 -0.0201596 -0.000124179
 0.00814446 0.00216005 0.0201398 -0.0191619 -0.000137246
 0.00778186 0.0020987 0.0186512 -0.0177447 1.66721e-05
 0.00755408 0.00200833 0.0181239 -0.0172507 -4.59609e-05
 0.00709854 0.00189926 0.0164552 -0.0156297 7.79183e-06
 0.00685313 0.0018586 0.0152518 -0.0144706 8.38267e-05
 0.00648064 0.00172729 0.0145813 -0.013859 7.12002e-05
 0.00616646 0.00167834 0.0132456 -0.0125868 0.000181896
 0.00597238 0.00161716 0.0120247 -0.0114252 0.000170106
 0.00568494 0.00152823 0.0111752 -0.0106214 0.000158907
 0.00551011 0.00150178 0.0101133 -0.00957667 0.000228264
 0.0052591 0.00143342 0.00906333 -0.00857742 0.000236051
 0.00498249 0.0013454 0.00807347 -0.00764471 0.000202027
 0.00472645 0.00127764 0.00719667 -0.00680941 0.000209848
 0.00452802 0.00122318 0.00649953 -0.00613984 0.000229869
 0.00429264 0.00115408 0.00561963 -0.00530918 0.000214679
 0.00413224 0.00110718 0.00505607 -0.00477252 0.000215348
 0.00386062 0.00103617 0.0043231 -0.00408679 0.000229483
 0.0036708 0.000977808 0.0038537 -0.00364043 0.000205277
 0.00343188 0.000916008 0.00333196 -0.0031431 0.000209362
 0.00325687 0.000864125 0.00287974 -0.00272162 0.000195147
 0.00302453 0.000798661 0.00245704 -0.00231837 0.000181186
 0.00285873 0.000752034 0.00210872 -0.00198968 0.00017558
 0.00271407 0.000712012 0.00184271 -0.00173707 0.000172313
 0.00250185 0.000654523 0.00152758 -0.0014438 0.000153505
 0.00233737 0.000609805 0.00130312 -0.00122782 0.000149226
 0.00213789 0.000555642 0.00108513 -0.00102308 0.000136446
 0.00198311 0.00051301 0.000923333 -0.000875892 0.000126112
 0.00183001 0.000469486 0.000789039 -0.000750164 0.000113692
 0.00166133 0.000424081 0.000671542 -0.000640657 0.000103347
 0.00153744 0.000390026 0.000580818 -0.000556853 9.72958e-05
 0.00138554 0.00034968 0.000483063 -0.000465464 8.74825e-05
 0.00127727 0.000319502 0.000415953 -0.00040253 7.98188e-05
 0.00114783 0.000284755 0.000351715 -0.000343369 6.88155e-05
 0.00105462 0.000260127 0.000307482 -0.000302612 6.5412e-05
 0.000959483 0.000234759 0.000261016 -0.000258802 5.87065e-05
 0.000843358 0.000204724 0.000218079 -0.000218163 4.9625e-05
 0.000764292 0.000183881 0.00018967 -0.000191884 4.49623e-05
 0.000679928 0.000162222 0.000161783 -0.000165197 3.99233e-05
 0.000619579 0.000146737 0.000139586 -0.000144211 3.5276e-05
 0.000540782 0.000126689 0.000118957 -0.000123679 3.05151e-05
 0.000476608 0.000110993 0.000101282 -0.000106328 2.70576e-05
 0.000421641 9.73183e-05 8.62992e-05 -9.17108e-05 2.34077e-05
 0.000377977 8.64125e-05 7.53028e-05 -8.07844e-05 2.07844e-05
 0 0 0 0 0
 0 0 0 0 0
 0 0 0 0 0
 0 0 0 0 0
 0 0 0 0 0
 0 0 0 0 0
 0 0 0 0 0
 0 0 0 0 0
 0 0 0 0 0
 0 0 0 0 0
 0 0 0 0 0
 0 0 0 0 0
 0 0 0 0 0
 0 0 0 0 0
 0 0 0 0 0
 0 0 0 0 0
 0 0 0 0 0
 0 0 0 0 0
 0 0 0 0 0
 0 0 0 0 0
 0 0 0 0 0
 0 0 0 0 0
 0 0 0 0 0
 0 0 0 0 0
 0 0 0 0 0
 0 0 0 0 0
 0 0 0 0 0
 0.647734 0.479447 0.0579401 -0.0536136 0.356566
 0.405527 0.2895 0.0545365 -0.0516648 0.20786
 0.278042 0.191373 0.0520012 -0.0497489 0.132201
 0.200955 0.133525 0.0484404 -0.0469462 0.0884017
 0.154662 0.0993475 0.0461462 -0.0450117 0.0627388
 0.119511 0.0740272 0.0424424 -0.0418622 0.0439788
 0.0990133 0.0593905 0.0403622 -0.0399048 0.0330553
 0.0832674 0.0484512 0.0380649 -0.0378577 0.025792
 0.0719738 0.0406697 0.0359037 -0.0358994 0.020133
 0.0627754 0.0344522 0.0331312 -0.033256 0.015315
 0.0551612 0.0295553 0.0305466 -0.0307394 0.0120623
 0.0506452 0.0263788 0.0285849 -0.0287665 0.00964742
 0.0456585 0.0232223 0.0264034 -0.0263166 0.00727032
 0.0423293 0.02109 0.0241635 -0.024272 0.00569121
 0.0395815 0.0192718 0.0225819 -0.0224849 0.00440621
 0.0378047 0.0183531 0.0208603 -0.0206573 0.00424032
 0.0356318 0.017047 0.0190014 -0.0189022 0.00349038
 0.0349592 0.0165849 0.0178898 -0.0174143 0.0033233
 0.0334219 0.0156782 0.0160927 -0.0158783 0.00249217
 0.0323751 0.0150299 0.0143527 -0.0139407 0.0018911
 0.0315312 0.0145567 0.0134844 -0.0129119 0.00175993
 0.0315453 0.0144665 0.0122868 -0.0116329 0.00148885
 0.0310488 0.0143312 0.0113054 -0.0104806 0.00173443
 0.0305443 0.0140323 0.0103124 -0.0093925 0.00160696
 0.0301563 0.0138392 0.00906883 -0.00817593 0.00146611
 0.029915 0.0136568 0.009037 -0.00809074 0.00131517
 0.0288292 0.012996 0.00939425 -0.0080677 0.00160186
 0.0279038 0.012206 0.00978817 -0.00841933 0.000949183
 0.0274803 0.0118809 0.00986825 -0.00855383 0.000760139
 0.026028 0.0112088 0.0106101 -0.00921017 0.000986692
 0.0253974 0.0105523 0.0109647 -0.009722 0.000470624
 0.0245853 0.0100482 0.0116409 -0.0102928 0.00073319
 0.0228821 0.008914 0.0125134 -0.0112492 -0.000276311
 0.0222911 0.00853733 0.0137097 -0.0122206 -0.000108126
 0.0213651 0.0079891 0.0143698 -0.0129733 -7.50494e-05
 0.020024 0.00722051 0.014867 -0.0135937 -0.000187419
 0.0190393 0.00660816 0.0168289 -0.0154456 -0.000479717
 0.0179314 0.00594661 0.0181354 -0.0167502 -0.00090775
 0.0164918 0.00535817 0.0197675 -0.0183799 -0.000630188
 0.0159061 0.00504468 0.0206793 -0.019324 -0.000730653
 0.0151073 0.00463714 0.0214245 -0.0202172 -0.000843033
 0.0145528 0.00446551 0.0218074 -0.0205333 -0.000634694
 0.0132086 0.00392506 0.0224072 -0.0210771 -0.000635948
 0.0126021 0.00369485 0.0229229 -0.0217282 -0.000425159
 0.0120901 0.00346117 0.022631 -0.0214244 -0.000579626
 0.0115929 0.00322987 0.0240377 -0.0227661 -0.000634491
 0.011011 0.00307143 0.0227208 -0.0215621 -0.000484713
 0.010221 0.00277536 0.022822 -0.021682 -0.000531888
 0.00966867 0.00263472 0.0226429 -0.0215302 -0.000353412
 0.00943933 0.0025654 0.0220353 -0.0209461 -0.000272004
 0.00900592 0.00244982 0.0209456 -0.0199658 -0.000236012
 0.00847058 0.00236087 0.0204998 -0.0194894 -5.00864e-05
 0.00814243 0.00224713 0.0194275 -0.0184861 -5.23188e-05
 0.00787009 0.00218695 0.0190293 -0.0181122 5.18513e-05
 0.00733659 0.00199499 0.0175607 -0.0167125 -3.35061e-05
 0.00711198 0.00195103 0.0163624 -0.0155487 8.03976e-05
 0.00679526 0.00187565 0.0154957 -0.0147515 0.000110771
 0.00658826 0.00182547 0.014413 -0.0136978 0.000165377
 0.00629365 0.00175499 0.0129898 -0.0123594 0.000197711
 0.00601948 0.00168353 0.0120609 -0.0114508 0.000219759
 0.00580787 0.00159537 0.0106682 -0.0101299 0.000179707
 0.00556433 0.00155923 0.00994925 -0.00945283 0.000255842
 0.00527225 0.00146602 0.0089215 -0.0084705 0.000239086
 0.00507253 0.00140717 0.00810897 -0.00769452 0.000241577
 0.00486724 0.00134537 0.00745722 -0.0070754 0.00024414
 0.00460558 0.00127396 0.00656265 -0.00621072 0.000246029
 0.00434567 0.00119542 0.00581571 -0.00550114 0.00023527
 0.004162 0.00113962 0.0051719 -0.00489208 0.000233553
 0.00398205 0.00109177 0.0045631 -0.00432318 0.000239753
 0.00371423 0.00101179 0.0038952 -0.00367887 0.00021867
 0.00351235 0.000951808 0.00339742 -0.00321387 0.000206426
 0.0033143 0.000897892 0.00292957 -0.00277595 0.00020779
 0.00315098 0.000850042 0.00259261 -0.00245503 0.000205118
 0.00294536 0.000792562 0.00220219 -0.00208163 0.000190248
 0.00269816 0.000723982 0.00184406 -0.00175024 0.000175013
 0.00258873 0.000692344 0.00161044 -0.00152764 0.000167204
 0.00239446 0.000638723 0.0013498 -0.00128037 0.000158384
 0.00222874 0.000590975 0.00115773 -0.00109997 0.000144947
 0.00204264 0.000538948 0.000963075 -0.00091675 0.000133067
 0.00188607 0.00049472 0.000837392 -0.000797506 0.000121073
 0.00173408 0.000451997 0.000709347 -0.000679095 0.000107192
 0.00160017 0.0004154 0.000608723 -0.000585805 0.000103237
 0.00144458 0.000371865 0.000511652 -0.000494996 9.11675e-05
 0.00130603 0.000333817 0.000435947 -0.000423977 8.05488e-05
 0.00119912 0.000304807 0.000374198 -0.000366961 7.44392e-05
 0.00108951 0.000274762 0.000324954 -0.000320029 6.72188e-05
 0.00098975 0.000247543 0.00027324 -0.000272361 6.09752e-05
 0.00090125 0.000223541 0.000239295 -0.000240064 5.44272e-05
 0.000792819 0.000195603 0.000197833 -0.00020087 4.87328e-05
 0.000741567 0.000181407 0.000179921 -0.000183712 4.54474e-05
 0.000651285 0.000157787 0.000148382 -0.000153784 3.88954e-05
 0.000565113 0.000135923 0.000125567 -0.000131051 3.39e-05
 0.000510476 0.000121822 0.000109895 -0.000115785 2.95167e-05
 0.000451254 0.000106547 9.473e-05 -0.000100672 2.52276e-05
 0 0 0 0 0
 0 0 0 0 0
 0 0 0 0 0
 0 0 0 0 0
 0 0 0 0 0
 0 0 0 0 0
 0 0 0 0 0
 0 0 0 0 0
 0 0 0 0 0
 0 0 0 0 0
 0 0 0 0 0
 0 0 0 0 0
 0 0 0 0 0
 0 0 0 0 0
 0 0 0 0 0
 0 0 0 0 0
 0 0 0 0 0
 0 0 0 0 0
 0 0 0 0 0
 0 0 0 0 0
 0 0 0 0 0
 0 0 0 0 0
 0 0 0 0 0
 0 0 0 0 0
 0 0 0 0 0
 0 0 0 0 0
 0 0 0 0 0
 0 0 0 0 0
 0.825169 0.62361 0.0692387 -0.0633229 0.472921
 0.492636 0.359433 0.0651422 -0.0598911 0.26314
 0.336027 0.236826 0.062077 -0.0581888 0.167592
 0.241218 0.164045 0.0588314 -0.0557894 0.111194
 0.182977 0.120293 0.0565346 -0.0537631 0.0782022
 0.140068 0.0891358 0.0521038 -0.0500291 0.0551993
 0.11047 0.0681177 0.0481752 -0.0465962 0.0404046
 0.092175 0.0550333 0.0456035 -0.0444133 0.0305244
 0.0777767 0.0452583 0.0421507 -0.0412593 0.0238684
 0.0675365 0.0381565 0.0401815 -0.0393681 0.019062
 0.0595732 0.0327138 0.0371514 -0.0366312 0.01483
 0.0525735 0.0281437 0.0340208 -0.0338031 0.0116391
 0.0471217 0.0247244 0.0315302 -0.0310031 0.00933725
 0.0433106 0.0223111 0.0290133 -0.0283738 0.00785932
 0.0401798 0.0201539 0.026909 -0.0265391 0.00592447
 0.0373135 0.0184092 0.0249943 -0.0242194 0.00466298
 0.0357853 0.0174212 0.0232656 -0.0224421 0.00427426
 0.0337317 0.0160879 0.0209411 -0.0201487 0.00285394
 0.0325757 0.0155801 0.0194623 -0.0186508 0.0033564
 0.0314903 0.0147921 0.0177382 -0.0167089 0.00234887
 0.0304721 0.0142423 0.0160047 -0.01492 0.00216164
 0.0297726 0.013837 0.0146797 -0.0136472 0.00196145
 0.0296793 0.0137596 0.0134633 -0.0121557 0.00178266
 0.0291369 0.0135898 0.0121673 -0.010752 0.00192598
 0.0282246 0.0130194 0.0112029 -0.00978292 0.00141853
 0.0280875 0.0129255 0.0103873 -0.00907742 0.00143254
 0.0276302 0.0125361 0.00981908 -0.00832897 0.00110665
 0.0268003 0.0119674 0.00974233 -0.00827117 0.00106593
 0.0262035 0.01162 0.0101258 -0.00856258 0.00109842
 0.0254716 0.011023 0.0107057 -0.00921267 0.00104402
 0.0244003 0.0104042 0.010728 -0.00913808 0.000871033
 0.0232843 0.00956275 0.0112494 -0.00968858 0.000490051
 0.0228339 0.00926867 0.0125671 -0.0108866 0.000472488
 0.0212988 0.0083395 0.0133322 -0.0118901 3.96994e-05
 0.0208432 0.00793534 0.0130443 -0.0117131 -5.67616e-05
 0.0192353 0.00703204 0.0155286 -0.0139065 -0.000311208
 0.018437 0.0065829 0.016098 -0.0146583 -0.000366098
 0.0173098 0.00595812 0.0172232 -0.0157168 -0.000457899
 0.0167273 0.00557058 0.0173312 -0.0160498 -0.000836608
 0.0157736 0.00516492 0.0190019 -0.0174776 -0.000647818
 0.0149253 0.00489269 0.0203304 -0.0188204 -0.000207559
 0.0139595 0.00442894 0.0202555 -0.0189837 -0.000256696
 0.0136377 0.00426207 0.0208486 -0.0193921 -0.000240099
 0.0127187 0.00389798 0.0218164 -0.0204146 -0.00033875
 0.0121448 0.0035869 0.0217627 -0.0204637 -0.0005693
 0.0113721 0.00332683 0.0216219 -0.0202798 -0.000332867
 0.0109663 0.00322699 0.0225379 -0.0213524 -0.000162391
 0.0104966 0.0029997 0.022329 -0.0211222 -0.000311896
 0.00992942 0.0028629 0.0215278 -0.0204059 -0.000129631
 0.00945167 0.00267343 0.0219855 -0.0208702 -0.000184913
 0.00887883 0.00252192 0.0212764 -0.0201357 -7.79442e-05
 0.008604 0.00242837 0.0198055 -0.0187883 -3.77687e-05
 0.00824582 0.00231825 0.0188346 -0.0179144 -2.68778e-05
 0.00784056 0.00225195 0.0182125 -0.0173224 0.000124789
 0.00752264 0.0021443 0.0172836 -0.0163757 0.000100507
 0.00718068 0.002049 0.0163169 -0.0154986 0.00015895
 0.00685112 0.0019467 0.0148886 -0.0141375 0.000121044
 0.00668319 0.00189552 0.0143639 -0.0136735 0.000172976
 0.0063044 0.00182805 0.0128496 -0.0121952 0.00031318
 0.00602102 0.00169729 0.0118692 -0.0112643 0.000164495
 0.00577548 0.0016387 0.0108545 -0.0103047 0.000232204
 0.00560909 0.00160478 0.0100512 -0.00954892 0.000287189
 0.00539704 0.00153272 0.00929767 -0.008816 0.000258956
 0.00512728 0.00145261 0.00798237 -0.00757699 0.000245289
 0.00487895 0.00138857 0.00754425 -0.00715637 0.000282602
 0.00462816 0.0013066 0.00654829 -0.00620827 0.000273886
 0.00452111 0.00127309 0.00592038 -0.00558846 0.000273424
 0.00423521 0.00119217 0.00519784 -0.00492529 0.000256786
 0.00400984 0.00112708 0.00460919 -0.00436657 0.000259485
 0.0038333 0.00106611 0.00410777 -0.00390548 0.000232658
 0.00359845 0.00100358 0.00347068 -0.00329267 0.000239368
 0.00341851 0.000947025 0.00305363 -0.00289452 0.000226173
 0.00316597 0.000872158 0.00266094 -0.00252398 0.000205763
 0.00302707 0.000832143 0.00232806 -0.0022135 0.000204778
 0.00282537 0.000775785 0.00195324 -0.00185684 0.000203566
 0.0026533 0.000723605 0.00168652 -0.00160117 0.000180294
 0.00246099 0.000669956 0.00142988 -0.00136229 0.000165666
 0.00228495 0.000618644 0.0012104 -0.00115267 0.000153249
 0.00210168 0.000567425 0.00101376 -0.000967025 0.000143523
 0.00198135 0.000532444 0.000877725 -0.000839292 0.000135532
 0.00180825 0.000482238 0.000758896 -0.000729199 0.000119439
 0.00163501 0.000432827 0.000627081 -0.0006059 0.000105145
 0.00152212 0.000400441 0.000548803 -0.000532075 9.8715e-05
 0.00136843 0.000357342 0.000470119 -0.000458477 8.6365e-05
 0.00124991 0.000324727 0.000390401 -0.000384335 8.05075e-05
 0.00114785 0.000295843 0.000343888 -0.000340555 7.34645e-05
 0.00102423 0.000262098 0.000289246 -0.000289617 6.44608e-05
 0.000940525 0.000238637 0.000252892 -0.000254973 5.87622e-05
 0.000840375 0.000211849 0.000211946 -0.000215558 5.21679e-05
 0.000754621 0.000188566 0.000184055 -0.000188541 4.67374e-05
 0.000682373 0.000169411 0.000159237 -0.000164622 4.16973e-05
 0.000602678 0.000148128 0.000135899 -0.000142015 3.56713e-05
 0.000542118 0.00013231 0.000118693 -0.000125133 3.20915e-05
 0 0 0 0 0
 0 0 0 0 0
 0 0 0 0 0
 0 0 0 0 0
 0 0 0 0 0
 0 0 0 0 0
 0 0 0 0 0
 0 0 0 0 0
 0 0 0 0 0
 0 0 0 0 0
 0 0 0 0 0
 0 0 0 0 0
 0 0 0 0 0
 0 0 0 0 0
 0 0 0 0 0
 0 0 0 0 0
 0 0 0 0 0
 0 0 0 0 0
 0 0 0 0 0
 0 0 0 0 0
 0 0 0 0 0
 0 0 0 0 0
 0 0 0 0 0
 0 0 0 0 0
 0 0 0 0 0
 0 0 0 0 0
 0 0 0 0 0
 0 0 0 0 0
 0 0 0 0 0
 1.03891 0.8005 0.0822971 -0.0738519 0.61896
 0.615293 0.457944 0.0776068 -0.0706798 0.342121
 0.406508 0.292437 0.0737828 -0.0680948 0.211202
 0.284076 0.197651 0.0688897 -0.064244 0.137728
 0.211051 0.142094 0.0658067 -0.0615862 0.0951375
 0.160411 0.10462 0.0611855 -0.0578389 0.0675904
 0.128567 0.0811692 0.0578739 -0.0548901 0.0495876
 0.103626 0.0635805 0.054034 -0.051665 0.0373962
 0.0865933 0.0514359 0.0503528 -0.0484589 0.0280434
 0.0732986 0.0423446 0.0471115 -0.0453574 0.0218517
 0.0641832 0.0361776 0.044083 -0.0423972 0.0175326
 0.0559133 0.0306053 0.0409123 -0.0395558 0.0134182
 0.049918 0.0267888 0.0379055 -0.0367294 0.0111581
 0.044666 0.0235508 0.0348598 -0.0337043 0.00931858
 0.0407347 0.0209482 0.0320281 -0.0308106 0.00717158
 0.0384288 0.0194271 0.0296162 -0.0283071 0.00607655
 0.0356203 0.0176794 0.0271117 -0.0259473 0.00487319
 0.0338753 0.0166709 0.0248292 -0.0233516 0.00438786
 0.0317457 0.0152556 0.0225558 -0.0214237 0.00306777
 0.0305038 0.0145892 0.0207338 -0.019488 0.00287366
 0.029619 0.0139677 0.0190026 -0.017601 0.00244717
 0.0285798 0.013391 0.0169895 -0.0156617 0.00189493
 0.0283276 0.0131902 0.0156884 -0.014152 0.00178596
 0.0274893 0.0129368 0.0139512 -0.0123886 0.00210337
 0.0273516 0.0128563 0.0130632 -0.0112761 0.00202777
 0.0272653 0.0128162 0.0120135 -0.0102433 0.00207274
 0.0260621 0.01204 0.0112091 -0.00947233 0.00151876
 0.0251552 0.0114077 0.010786 -0.00902533 0.00099995
 0.0248175 0.0112051 0.0108985 -0.00904167 0.00122172
 0.0241071 0.0104918 0.010651 -0.00894892 0.00085655
 0.0237063 0.0103861 0.0108078 -0.00907192 0.00116808
 0.022853 0.00951692 0.0111859 -0.00939142 0.000440815
 0.021583 0.00898375 0.0112223 -0.009671 0.000573012
 0.0207414 0.00841342 0.0122825 -0.0105709 0.000445214
 0.0202761 0.00807854 0.0136256 -0.0120477 0.000447832
 0.0186337 0.00706748 0.0145015 -0.012983 -9.30342e-05
 0.0183267 0.00692068 0.0144974 -0.0129032 0.000241963
 0.0173243 0.00625225 0.0158562 -0.01426 -0.000163685
 0.0162327 0.00573179 0.0173277 -0.0158022 -3.66806e-05
 0.0156763 0.00539283 0.0175311 -0.0159808 -0.000118533
 0.0146007 0.00489297 0.0186233 -0.0170583 -0.000205862
 0.013882 0.00452819 0.0189518 -0.0175941 -0.000298147
 0.0134382 0.00428437 0.0188049 -0.0173878 -0.000372965
 0.0127619 0.00403047 0.0202079 -0.0187825 -0.000218711
 0.0118618 0.00359921 0.0215123 -0.0201354 -0.000382506
 0.0113395 0.00339728 0.0208781 -0.0196463 -0.000316669
 0.0106891 0.00319327 0.0221288 -0.0207968 -0.00026667
 0.010394 0.00309739 0.0215407 -0.0203057 -0.000128017
 0.00985358 0.00290047 0.021464 -0.020319 -0.000161605
 0.00943875 0.00273849 0.0207722 -0.0196342 -0.000110719
 0.0090565 0.00263747 0.0199172 -0.0188445 -4.28684e-05
 0.008605 0.00253517 0.0190539 -0.0180527 5.29555e-05
 0.00809834 0.00235018 0.0186606 -0.0176975 6.97826e-05
 0.00782313 0.00228128 0.0178027 -0.0169114 0.000108173
 0.00749465 0.00216982 0.0169057 -0.0160883 0.000127003
 0.0072055 0.0020898 0.0162448 -0.0154122 0.000158268
 0.00686742 0.00199037 0.0148991 -0.014179 0.000157478
 0.0066102 0.00190749 0.013746 -0.0130632 0.000141436
 0.00633422 0.00183482 0.0126964 -0.0120633 0.000199538
 0.00607912 0.0017668 0.0119098 -0.0113094 0.000237322
 0.0058745 0.00171908 0.0112162 -0.0106698 0.000310178
 0.00562748 0.00164097 0.0102497 -0.00972142 0.000288586
 0.00545247 0.00158062 0.009205 -0.00872817 0.000261239
 0.00523869 0.00152771 0.00824792 -0.00782731 0.000316044
 0.0048419 0.00140262 0.00731368 -0.00694497 0.000276962
 0.00472152 0.00136221 0.00666328 -0.00632684 0.000278419
 0.00449799 0.0012905 0.00610733 -0.00578753 0.000260524
 0.00424307 0.00122077 0.00524422 -0.00497051 0.000276692
 0.00404133 0.00115923 0.00470928 -0.00447632 0.000276278
 0.00388627 0.00110684 0.00414643 -0.00393953 0.000264327
 0.0036572 0.00103268 0.00368161 -0.00349724 0.00023089
 0.00350778 0.000989133 0.00321556 -0.00305724 0.000235269
 0.0032562 0.000916992 0.00272668 -0.00259027 0.000225092
 0.00305535 0.000858392 0.00237275 -0.0022593 0.000217953
 0.00283609 0.000792842 0.00201137 -0.00191588 0.000199485
 0.00271172 0.000754308 0.00174669 -0.00166388 0.000188186
 0.00255156 0.000706297 0.00152789 -0.00145988 0.000177153
 0.00235353 0.000650579 0.00128766 -0.00123215 0.000168849
 0.00218266 0.000600767 0.00109318 -0.00104597 0.000152722
 0.00200717 0.000548004 0.000926292 -0.000889725 0.000136163
 0.00186653 0.000507957 0.000795733 -0.000767082 0.000128501
 0.00170514 0.000461687 0.000675159 -0.000653666 0.000117111
 0.0015746 0.000423201 0.000580735 -0.000565498 0.00010624
 0.00145354 0.000388763 0.000499409 -0.000488712 0.00010023
 0.00130442 0.00034601 0.000424347 -0.00041872 8.6875e-05
 0.00121099 0.000319492 0.00036554 -0.000363203 8.13624e-05
 0.00108702 0.000283922 0.000313125 -0.000313373 7.05558e-05
 0.000986133 0.000256055 0.000269527 -0.000271879 6.43511e-05
 0.0008822 0.000226953 0.000229494 -0.00023365 5.57933e-05
 0.000794268 0.000202907 0.000196981 -0.000202713 5.00334e-05
 0.000711592 0.000180149 0.000169494 -0.000175687 4.31313e-05
 0.000631763 0.000159143 0.000145079 -0.000151567 4.01394e-05
 0 0 0 0 0
 0 0 0 0 0
 0 0 0 0 0
 0 0 0 0 0
 0 0 0 0 0
 0 0 0 0 0
 0 0 0 0 0
 0 0 0 0 0
 0 0 0 0 0
 0 0 0 0 0
 0 0 0 0 0
 0 0 0 0 0
 0 0 0 0 0
 0 0 0 0 0
 0 0 0 0 0
 0 0 0 0 0
 0 0 0 0 0
 0 0 0 0 0
 0 0 0 0 0
 0 0 0 0 0
 0 0 0 0 0
 0 0 0 0 0
 0 0 0 0 0
 0 0 0 0 0
 0 0 0 0 0
 0 0 0 0 0
 0 0 0 0 0
 0 0 0 0 0
 0 0 0 0 0
 0 0 0 0 0
 1.2622 0.989983 0.0932658 -0.082716 0.778794
 0.744595 0.564726 0.0889 -0.0800368 0.430064
 0.478687 0.351277 0.0839633 -0.0762187 0.258902
 0.328136 0.233102 0.0786916 -0.0724031 0.166093
 0.243665 0.167558 0.0750924 -0.0697513 0.11504
 0.184054 0.122764 0.0700639 -0.0657147 0.0812852
 0.143798 0.0930817 0.0662067 -0.0624744 0.0597006
 0.115903 0.072692 0.0623247 -0.0589764 0.0440902
 0.0962375 0.0587151 0.0585773 -0.0556293 0.0341052
 0.0782997 0.0464293 0.0534022 -0.050969 0.0252793
 0.0676192 0.0390721 0.0501136 -0.0478343 0.0201158
 0.0587159 0.0330564 0.0464764 -0.0445287 0.015874
 0.0512386 0.0282132 0.0424311 -0.0407446 0.012634
 0.0466808 0.0251081 0.0402608 -0.0385546 0.0105275
 0.0423907 0.0222355 0.0374653 -0.0359565 0.0083254
 0.0392211 0.0202599 0.0346809 -0.0329503 0.00717118
 0.0355002 0.0179077 0.0309687 -0.0291911 0.00517452
 0.0336948 0.0167996 0.0291107 -0.0273378 0.00473083
 0.0312864 0.0154448 0.0255607 -0.0241195 0.00393893
 0.0302752 0.0146236 0.0242829 -0.0226327 0.00332811
 0.0288725 0.0138441 0.0221044 -0.0204046 0.00286198
 0.0280077 0.0133319 0.0198131 -0.0181005 0.00230634
 0.0273939 0.0130971 0.0180403 -0.0162254 0.00266448
 0.0264515 0.0124516 0.0161489 -0.0145092 0.00189398
 0.0261937 0.0124325 0.0152733 -0.013269 0.00220131
 0.0255853 0.0120282 0.0135369 -0.0115594 0.0018088
 0.0249994 0.0116787 0.0128573 -0.0108494 0.00187951
 0.0247261 0.0114596 0.0118235 -0.00987458 0.00145921
 0.0242463 0.0110953 0.0115804 -0.00950333 0.00163035
 0.0232151 0.0103783 0.0112639 -0.00933167 0.0010332
 0.0222158 0.009763 0.0109163 -0.00929158 0.000799948
 0.021711 0.00936583 0.0114416 -0.00965533 0.000798775
 0.020684 0.00877375 0.0111939 -0.009459 0.000792859
 0.0199463 0.00821089 0.0121078 -0.0104193 0.000620432
 0.0190438 0.00768475 0.0123952 -0.010614 0.000339787
 0.018617 0.00723696 0.0140445 -0.012136 0.000173244
 0.0176397 0.00674621 0.0144147 -0.012794 9.39333e-05
 0.0167697 0.00624721 0.01466 -0.0131509 0.000137663
 0.0158025 0.00573665 0.0163469 -0.0147915 9.956e-05
 0.0154238 0.00546313 0.0162729 -0.0147717 -6.84998e-05
 0.0143393 0.00490277 0.0174938 -0.0158592 -0.000224247
 0.0136802 0.00459187 0.0186297 -0.0172013 -0.000152871
 0.013151 0.00432752 0.018943 -0.01747 -0.000193994
 0.0123903 0.00398505 0.0195282 -0.0181244 -0.000221041
 0.0116569 0.00370279 0.0200224 -0.0185847 -6.69847e-05
 0.0111382 0.00348309 0.0197414 -0.0184673 -0.00015449
 0.0108183 0.00336398 0.0200936 -0.0188445 -5.46161e-05
 0.0101577 0.00316196 0.0193039 -0.0180842 8.92733e-05
 0.00973608 0.002932 0.0199107 -0.0188285 -9.47583e-05
 0.00926933 0.00282714 0.0200433 -0.0189161 0.000110976
 0.0090395 0.0027315 0.0195373 -0.0185129 8.96233e-05
 0.00855117 0.00255594 0.01904 -0.018014 3.91867e-05
 0.00818385 0.00245295 0.0177827 -0.0168226 0.000107656
 0.00785797 0.00237192 0.0173543 -0.0164613 0.000206826
 0.00758489 0.00225259 0.0167424 -0.0158345 0.000139247
 0.0072011 0.00215742 0.0156799 -0.0149044 0.000229542
 0.00698573 0.00210422 0.0147492 -0.0140039 0.000282915
 0.00669306 0.00200263 0.0138291 -0.013123 0.000291402
 0.00643593 0.00192748 0.0129025 -0.0122381 0.000319771
 0.00621293 0.00184721 0.0119775 -0.0113879 0.000280578
 0.00587083 0.00175143 0.0108557 -0.0103224 0.000305517
 0.00564518 0.00167748 0.0100612 -0.00955033 0.000308241
 0.00544704 0.00163638 0.00905225 -0.00859083 0.000354496
 0.00520929 0.00154412 0.00816649 -0.00775696 0.000317174
 0.00498462 0.00147593 0.00748724 -0.00712165 0.0003149
 0.00471932 0.00139442 0.00655456 -0.00621831 0.000306421
 0.00452448 0.00133018 0.00607243 -0.00576055 0.00029847
 0.00431959 0.00126959 0.00531678 -0.00504722 0.000299322
 0.00409801 0.00119903 0.00484832 -0.00461708 0.000292346
 0.00393098 0.00114581 0.00422575 -0.00402437 0.000277473
 0.00369613 0.00107252 0.00375675 -0.00356296 0.000265976
 0.00346528 0.00100232 0.00324001 -0.00308558 0.000248311
 0.00332976 0.000958225 0.00279678 -0.00266088 0.000244742
 0.00315173 0.000904642 0.0024785 -0.00235958 0.000238653
 0.00296275 0.000843692 0.00213468 -0.00203948 0.000213893
 0.00271591 0.000771665 0.00180728 -0.00172615 0.000200712
 0.00257743 0.000728423 0.00157026 -0.00150292 0.000185875
 0.00244178 0.000687686 0.00134628 -0.00129078 0.000177797
 0.00221826 0.000622386 0.00112318 -0.00107982 0.000161195
 0.00205024 0.000572387 0.000954725 -0.000918967 0.000147828
 0.00192198 0.000534432 0.000818581 -0.000791915 0.000137452
 0.00176451 0.000488008 0.000696857 -0.000677386 0.000127285
 0.00163598 0.000449096 0.00061639 -0.000600911 0.000116311
 0.00147794 0.000403288 0.000510627 -0.000501793 0.000102303
 0.00136627 0.000369599 0.000450338 -0.000444192 9.49167e-05
 0.00122131 0.000328648 0.000375457 -0.000373554 8.45275e-05
 0.00112695 0.000300927 0.000328506 -0.000329132 7.6523e-05
 0.00102825 0.000272399 0.000283415 -0.000286949 6.82986e-05
 0.000923517 0.000243187 0.000242903 -0.00024777 6.1768e-05
 0.000831299 0.00021683 0.000209734 -0.000215918 5.38527e-05
 0.000751193 0.000194981 0.000181442 -0.000188299 4.95301e-05
 0 0 0 0 0
 0 0 0 0 0
 0 0 0 0 0
 0 0 0 0 0
 0 0 0 0 0
 0 0 0 0 0
 0 0 0 0 0
 0 0 0 0 0
 0 0 0 0 0
 0 0 0 0 0
 0 0 0 0 0
 0 0 0 0 0
 0 0 0 0 0
 0 0 0 0 0
 0 0 0 0 0
 0 0 0 0 0
 0 0 0 0 0
 0 0 0 0 0
 0 0 0 0 0
 0 0 0 0 0
 0 0 0 0 0
 0 0 0 0 0
 0 0 0 0 0
 0 0 0 0 0
 0 0 0 0 0
 0 0 0 0 0
 0 0 0 0 0
 0 0 0 0 0
 0 0 0 0 0
 0 0 0 0 0
 0 0 0 0 0
 1.50983 1.20348 0.102533 -0.0905075 0.9619
 0.8695 0.670758 0.0985308 -0.0877158 0.519253
 0.55202 0.412234 0.0926 -0.08345 0.308783
 0.378733 0.274063 0.0875075 -0.0798017 0.198897
 0.273725 0.192005 0.0832157 -0.0764829 0.134886
 0.207939 0.14143 0.0791286 -0.0732607 0.0956883
 0.162116 0.107108 0.0749092 -0.0700393 0.0701527
 0.127678 0.0820505 0.0693001 -0.0651079 0.0516702
 0.105394 0.0657822 0.0657358 -0.0618149 0.0397148
 0.0864642 0.0524659 0.0611223 -0.0576547 0.0300253
 0.0735724 0.0436136 0.0574958 -0.0543062 0.0240442
 0.0631106 0.0363345 0.0534324 -0.0507453 0.0185757
 0.0558407 0.0313905 0.0502802 -0.0477171 0.0150788
 0.0487513 0.0267202 0.0459183 -0.043487 0.0117447
 0.0437988 0.0234315 0.0423878 -0.0401553 0.00933975
 0.0403456 0.0211742 0.039704 -0.0375587 0.00781276
 0.0366146 0.0189723 0.03627 -0.034161 0.00666576
 0.0340958 0.0172567 0.0332042 -0.0310615 0.00541323
 0.0313899 0.0155613 0.0303097 -0.0282092 0.00404828
 0.0300571 0.0148512 0.0280259 -0.026102 0.00407516
 0.0284029 0.0136936 0.0255242 -0.0234734 0.00276848
 0.0273342 0.0132748 0.0227768 -0.0206916 0.00312992
 0.026493 0.0127961 0.0204841 -0.0184851 0.00292985
 0.0253746 0.0120367 0.0185854 -0.0166126 0.00203258
 0.0249951 0.0117701 0.0170685 -0.0148973 0.00183683
 0.0243563 0.0115097 0.0155817 -0.0133903 0.00185417
 0.0241509 0.0114644 0.0140969 -0.0119527 0.00223662
 0.0237272 0.0110633 0.0131833 -0.0111287 0.00144256
 0.0230942 0.0108906 0.0123074 -0.0102863 0.00213652
 0.0223468 0.0102525 0.0120391 -0.010056 0.00137343
 0.0220348 0.00987317 0.0114104 -0.00951542 0.00127933
 0.0208324 0.00929875 0.0114703 -0.0094125 0.00136892
 0.020247 0.0088225 0.0120278 -0.0101278 0.00124395
 0.0195451 0.00813709 0.0118708 -0.00992758 0.000584195
 0.0186523 0.00772728 0.0123049 -0.0105175 0.000680527
 0.0179798 0.00720444 0.0126011 -0.0108784 0.000454992
 0.0168362 0.00653949 0.0138542 -0.0120625 9.795e-05
 0.0165635 0.00629886 0.0144193 -0.0127339 0.000163862
 0.0155709 0.00573765 0.0150394 -0.0134452 8.968e-06
 0.0146198 0.00531969 0.0161554 -0.0144658 2.83043e-05
 0.0142708 0.00509047 0.0164102 -0.0148913 0.000105676
 0.0136562 0.00484342 0.0168727 -0.0153247 0.000246865
 0.0126612 0.00430608 0.0173984 -0.0160245 -7.64017e-05
 0.011968 0.00392051 0.0178778 -0.0164633 -0.000218547
 0.0117458 0.00382508 0.0190051 -0.0176033 -7.7274e-05
 0.0111748 0.00361814 0.0191769 -0.0177667 1.50193e-05
 0.0105084 0.0033181 0.0192518 -0.0179598 -0.000142363
 0.0099925 0.00313653 0.0198805 -0.0186765 -2.3848e-05
 0.00954908 0.00302325 0.0189012 -0.0177198 0.000123641
 0.00915267 0.00284396 0.0192677 -0.0181664 8.16366e-05
 0.0087305 0.00268039 0.0187751 -0.017747 9.888e-05
 0.00849217 0.00259881 0.0180527 -0.0170474 0.000138797
 0.00802685 0.00243872 0.0173862 -0.016418 0.000105008
 0.00778725 0.0023663 0.0169111 -0.0160257 0.000151674
 0.00756866 0.00230958 0.0162302 -0.0153657 0.000200912
 0.00715073 0.00216687 0.0150202 -0.0142755 0.000214524
 0.00700988 0.00216419 0.0145255 -0.013761 0.000345442
 0.00660762 0.00200253 0.0134523 -0.0127821 0.000278914
 0.00644169 0.00197281 0.0126166 -0.0119714 0.000312287
 0.00615507 0.00187994 0.011553 -0.0109883 0.000347934
 0.00592216 0.00180732 0.0107729 -0.0102332 0.000319204
 0.00566348 0.00171887 0.00981342 -0.00930242 0.000304684
 0.00542987 0.0016468 0.00896842 -0.00850775 0.000314687
 0.00520325 0.00158849 0.00821254 -0.00780839 0.000353711
 0.00498477 0.00151364 0.00742262 -0.0070478 0.000343178
 0.00482499 0.0014563 0.00666776 -0.00630663 0.000329729
 0.00452732 0.00136495 0.0060533 -0.00573985 0.000330021
 0.00430787 0.00129045 0.00538151 -0.00511526 0.000305497
 0.00420208 0.00125727 0.00479922 -0.00456587 0.000311831
 0.0039459 0.0011765 0.00417857 -0.00397635 0.0003036
 0.00372402 0.00110128 0.00369348 -0.00352024 0.000272971
 0.00358319 0.00105033 0.00334999 -0.00318227 0.000254026
 0.00336498 0.000986808 0.00293442 -0.00278908 0.000252459
 0.00314508 0.00092195 0.00250739 -0.00238958 0.000243691
 0.00304372 0.000887017 0.00219443 -0.00209968 0.000238683
 0.00282145 0.000816676 0.00187692 -0.00179843 0.00021541
 0.00264094 0.000759085 0.00164551 -0.00157665 0.000195382
 0.00242825 0.000698072 0.00136519 -0.00131243 0.00018637
 0.00230714 0.000660699 0.00119652 -0.0011514 0.000178248
 0.00217333 0.000619877 0.00103542 -0.000999467 0.000167134
 0.00195748 0.000554778 0.00086005 -0.000833792 0.000147957
 0.00180847 0.000509586 0.000741739 -0.000721018 0.000134212
 0.00167916 0.000470379 0.000638251 -0.000625087 0.000123262
 0.00156866 0.000436742 0.000554845 -0.000545895 0.000115098
 0.00140364 0.000387945 0.000469691 -0.000464704 0.000100812
 0.00129758 0.00035586 0.000406967 -0.000406342 9.0135e-05
 0.00117437 0.000320079 0.000349123 -0.000351031 8.34533e-05
 0.00105996 0.000286648 0.000298729 -0.000302583 7.29716e-05
 0.000970125 0.000260312 0.000259045 -0.000264916 6.60513e-05
 0.000874308 0.000233177 0.000221733 -0.000228611 5.945e-05
 0 0 0 0 0
 0 0 0 0 0
 0 0 0 0 0
 0 0 0 0 0
 0 0 0 0 0
 0 0 0 0 0
 0 0 0 0 0
 0 0 0 0 0
 0 0 0 0 0
 0 0 0 0 0
 0 0 0 0 0
 0 0 0 0 0
 0 0 0 0 0
 0 0 0 0 0
 0 0 0 0 0
 0 0 0 0 0
 0 0 0 0 0
 0 0 0 0 0
 0 0 0 0 0
 0 0 0 0 0
 0 0 0 0 0
 0 0 0 0 0
 0 0 0 0 0
 0 0 0 0 0
 0 0 0 0 0
 0 0 0 0 0
 0 0 0 0 0
 0 0 0 0 0
 0 0 0 0 0
 0 0 0 0 0
 0 0 0 0 0
 0 0 0 0 0
 1.71636 1.38833 0.108475 -0.0946817 1.12568
 0.985067 0.771831 0.10541 -0.0932783 0.606928
 0.624335 0.474022 0.100987 -0.0903792 0.361383
 0.423515 0.31187 0.095345 -0.0861975 0.230427
 0.306089 0.218703 0.0908483 -0.0830092 0.156493
 0.227873 0.158083 0.0856267 -0.0787558 0.109582
 0.175922 0.118577 0.0810682 -0.0750423 0.0793181
 0.139973 0.0916867 0.0765252 -0.0714447 0.0591502
 0.113898 0.0724996 0.0718668 -0.067279 0.0446921
 0.0946567 0.0587123 0.0681007 -0.0639078 0.0347498
 0.0802581 0.0484693 0.0642497 -0.0603777 0.0274727
 0.0682019 0.0401319 0.0597586 -0.0561981 0.0214293
 0.0592391 0.0340985 0.0561782 -0.0529602 0.0174633
 0.0519134 0.0291453 0.0520163 -0.0491054 0.014003
 0.0460747 0.0253557 0.048239 -0.0453373 0.0114915
 0.0412853 0.0221567 0.0441767 -0.0415581 0.00894592
 0.0381028 0.0199627 0.0413537 -0.0386857 0.00732191
 0.0341854 0.0177441 0.0374119 -0.0350907 0.00639322
 0.032138 0.0161925 0.0349491 -0.0323798 0.00491106
 0.0304023 0.0151682 0.0319978 -0.0297223 0.0042345
 0.0285054 0.0140433 0.0288497 -0.026558 0.003656
 0.0271336 0.0131478 0.0267055 -0.0243512 0.00291191
 0.0256533 0.012346 0.0234342 -0.0213155 0.00247421
 0.0250668 0.0120716 0.0218959 -0.0195274 0.00269364
 0.0241802 0.0114819 0.0196447 -0.0172592 0.00210757
 0.023481 0.0111249 0.017775 -0.0154147 0.00197766
 0.0233083 0.0109873 0.0158286 -0.0135427 0.00153713
 0.0228802 0.0108088 0.0145226 -0.0122983 0.00181277
 0.0223235 0.0106178 0.0135313 -0.0113217 0.00225333
 0.0215639 0.00979167 0.0128055 -0.0105498 0.00109051
 0.0213032 0.00986375 0.0122342 -0.0101598 0.00166752
 0.0204926 0.00921533 0.0121211 -0.0100033 0.00128192
 0.0192743 0.00833383 0.0123614 -0.0102281 0.0006248
 0.0191526 0.00839117 0.0117923 -0.00970908 0.00137107
 0.0180545 0.0076523 0.012301 -0.0103614 0.000902725
 0.0177942 0.00739298 0.0123606 -0.0105178 0.000888142
 0.0165817 0.00670073 0.0131602 -0.0112431 0.000534712
 0.0158002 0.00615395 0.0137734 -0.0121534 0.000405148
 0.0149757 0.00573325 0.0145223 -0.0129697 0.000333368
 0.0144873 0.00547265 0.0147688 -0.0131407 0.000417685
 0.0138077 0.0050324 0.0156253 -0.0141751 0.000240485
 0.0134477 0.00491186 0.015816 -0.0142815 0.000331593
 0.0125347 0.00432892 0.0164252 -0.0150947 1.61956e-05
 0.0120917 0.00413687 0.0172043 -0.0157963 4.73387e-05
 0.0113495 0.00377268 0.0180727 -0.0167387 -2.96167e-05
 0.0108354 0.00354631 0.017595 -0.0162678 -8.04612e-05
 0.0103469 0.00334 0.0188068 -0.017574 -2.72964e-05
 0.0100361 0.00323588 0.018081 -0.0168968 3.99841e-05
 0.00945017 0.00304318 0.0181271 -0.0169878 0.000136974
 0.00917633 0.00293083 0.0176829 -0.0165639 0.000186593
 0.00864275 0.00274963 0.0177442 -0.0166788 0.000186796
 0.008385 0.00267009 0.0169976 -0.0159652 0.000268478
 0.00800094 0.00250913 0.0170407 -0.0161109 0.000206659
 0.00783372 0.00247218 0.0161093 -0.0152148 0.000277992
 0.00742517 0.00232393 0.015729 -0.0149083 0.000280297
 0.00728758 0.00228587 0.0150897 -0.014284 0.00032492
 0.00695257 0.00215887 0.0142544 -0.0135585 0.000305312
 0.00659652 0.00205959 0.0129533 -0.0122983 0.000313098
 0.00633773 0.00196684 0.0128556 -0.0122169 0.000302957
 0.00616843 0.00192597 0.0116232 -0.0110474 0.000345191
 0.00586604 0.00182426 0.010719 -0.0101675 0.000341074
 0.0057088 0.0017639 0.00977083 -0.00926242 0.00032704
 0.00547204 0.00169295 0.00918975 -0.00874442 0.000345389
 0.00522255 0.00161151 0.00819933 -0.00780156 0.000347798
 0.00504782 0.00156008 0.0075363 -0.00716441 0.00036589
 0.00482404 0.00149088 0.00669594 -0.00635251 0.000360163
 0.00470882 0.00144705 0.00608244 -0.00579931 0.000356881
 0.00441509 0.00134964 0.00549189 -0.00522577 0.000336885
 0.0041994 0.00127799 0.00493487 -0.00470433 0.000322129
 0.00395967 0.00120231 0.00434648 -0.00413355 0.000308638
 0.00372578 0.00112746 0.00376483 -0.00358485 0.000296476
 0.00357302 0.00107438 0.00333693 -0.00318372 0.000283712
 0.00340018 0.00101919 0.00295845 -0.00283492 0.000271432
 0.00319308 0.0009503 0.00255404 -0.00244382 0.00025077
 0.00299808 0.000890658 0.00222192 -0.00213035 0.000246167
 0.00282772 0.000832127 0.0019114 -0.0018355 0.000220053
 0.00267007 0.000783837 0.00168395 -0.00161983 0.000210258
 0.00249494 0.000730585 0.00140985 -0.00136109 0.000198348
 0.00235381 0.000686546 0.0012674 -0.00122372 0.000191042
 0.00218319 0.000631348 0.00107387 -0.00104027 0.000164367
 0.00201493 0.000582163 0.000892308 -0.000868775 0.000157788
 0.00188551 0.000541527 0.000782307 -0.000762676 0.000143928
 0.00173475 0.000495705 0.000663948 -0.000652252 0.000134287
 0.00159231 0.000451888 0.000574549 -0.000567212 0.000119861
 0.00144485 0.000407535 0.000486228 -0.000482622 0.000108457
 0.00133071 0.000373307 0.000424745 -0.000424154 0.000100775
 0.00122658 0.000341158 0.00036431 -0.000366951 8.89808e-05
 0.00111542 0.000307993 0.000316493 -0.00032054 7.99923e-05
 0.0009978 0.000272909 0.000271133 -0.000277668 6.90108e-05
 0 0 0 0 0
 0 0 0 0 0
 0 0 0 0 0
 0 0 0 0 0
 0 0 0 0 0
 0 0 0 0 0
 0 0 0 0 0
 0 0 0 0 0
 0 0 0 0 0
 0 0 0 0 0
 0 0 0 0 0
 0 0 0 0 0
 0 0 0 0 0
 0 0 0 0 0
 0 0 0 0 0
 0 0 0 0 0
 0 0 0 0 0
 0 0 0 0 0
 0 0 0 0 0
 0 0 0 0 0
 0 0 0 0 0
 0 0 0 0 0
 0 0 0 0 0
 0 0 0 0 0
 0 0 0 0 0
 0 0 0 0 0
 0 0 0 0 0
 0 0 0 0 0
 0 0 0 0 0
 0 0 0 0 0
 0 0 0 0 0
 0 0 0 0 0
 0 0 0 0 0
 1.9221 1.57553 0.112555 -0.0977925 1.29404
 1.07911 0.857558 0.108693 -0.095635 0.683704
 0.686373 0.529025 0.105698 -0.0940633 0.408961
 0.461798 0.345416 0.100272 -0.0899725 0.259422
 0.333605 0.242414 0.0964733 -0.0876425 0.176835
 0.252463 0.178122 0.0931783 -0.0850142 0.125678
 0.189105 0.129733 0.0860558 -0.0792961 0.0885392
 0.154114 0.102864 0.0835008 -0.0773026 0.0680685
 0.121734 0.0791384 0.0777764 -0.0720585 0.050545
 0.101186 0.0640995 0.0734996 -0.0686569 0.0395392
 0.0855575 0.0528331 0.0699226 -0.06537 0.0312881
 0.0729315 0.0438318 0.0658397 -0.0615671 0.0245796
 0.0629897 0.0369643 0.0619603 -0.0580198 0.0197592
 0.0535868 0.030651 0.0558097 -0.052389 0.0152122
 0.0478632 0.0267887 0.0528733 -0.0496369 0.0126899
 0.0422885 0.0230952 0.0484248 -0.0453262 0.0100049
 0.0383965 0.0206128 0.0449658 -0.0420678 0.00847483
 0.0354163 0.0185582 0.0420007 -0.0390632 0.00689986
 0.0322581 0.0166288 0.0382782 -0.0354179 0.00571433
 0.0297655 0.015099 0.0345176 -0.0319468 0.00463777
 0.0282556 0.0141951 0.0321015 -0.029518 0.00430904
 0.0263169 0.0128502 0.0288075 -0.0264124 0.0029847
 0.0252828 0.0124481 0.0265429 -0.0240759 0.00344725
 0.0243473 0.0117077 0.0244081 -0.0219046 0.00246934
 0.0239788 0.0115272 0.0223672 -0.0197392 0.00251154
 0.0230673 0.011124 0.0199125 -0.0173468 0.00257671
 0.0223488 0.0106469 0.0178505 -0.0153697 0.00196822
 0.0216269 0.0102669 0.0161286 -0.0137411 0.00198258
 0.0211152 0.00985442 0.0147848 -0.0123837 0.00124994
 0.0208054 0.00985683 0.0135661 -0.0113088 0.00195651
 0.0200458 0.00941225 0.0132857 -0.0109411 0.00180982
 0.0201511 0.00912342 0.0127669 -0.0103421 0.0013264
 0.0188787 0.00845133 0.0121067 -0.00995525 0.00144448
 0.0184762 0.00811713 0.0122518 -0.0100727 0.00117193
 0.0174542 0.00744298 0.0124086 -0.0103002 0.000822294
 0.017051 0.00717227 0.013005 -0.0110035 0.0009037
 0.0158777 0.00650468 0.0134392 -0.0115576 0.000673464
 0.0152312 0.00596628 0.013229 -0.0113903 0.000328308
 0.0147813 0.00582643 0.0140105 -0.0123355 0.000594261
 0.0141876 0.00531764 0.0139067 -0.0122403 8.43767e-05
 0.0136904 0.00505802 0.0147422 -0.0131029 0.000147343
 0.0130766 0.00473111 0.0153443 -0.0137493 0.000208007
 0.012192 0.00434861 0.0158744 -0.0143945 0.000192789
 0.0117522 0.00410228 0.0163345 -0.014849 0.000145708
 0.0110637 0.00376134 0.0164675 -0.0151486 2.85421e-06
 0.0108358 0.00370882 0.0172351 -0.0159341 0.000290554
 0.0105248 0.00362634 0.0176258 -0.016343 0.000376702
 0.0098885 0.00330351 0.0168901 -0.0156865 0.000167937
 0.00944642 0.00308962 0.0176497 -0.0164468 0.000129769
 0.00900433 0.00296027 0.0174558 -0.0163606 0.000257731
 0.00858042 0.00280473 0.0167897 -0.0157068 0.000305241
 0.00824726 0.00269248 0.0165249 -0.015533 0.000318236
 0.00802909 0.00259523 0.0160182 -0.0150779 0.000315233
 0.00775971 0.00250252 0.0161912 -0.0152974 0.000299208
 0.00736063 0.00236174 0.0149263 -0.0141175 0.000351052
 0.00716591 0.00232388 0.0141691 -0.0134144 0.000413478
 0.00679366 0.00218218 0.0135845 -0.0128745 0.000371437
 0.00665847 0.00212625 0.0130029 -0.0123484 0.000398009
 0.00637261 0.00203629 0.0121297 -0.0114749 0.000385093
 0.0060705 0.00193264 0.0114457 -0.0108488 0.000376678
 0.00591446 0.00187729 0.0105172 -0.00999458 0.000368683
 0.00574055 0.00183193 0.009585 -0.00910583 0.000406381
 0.0054985 0.00174441 0.00883783 -0.00838833 0.00039886
 0.00523085 0.00165328 0.00802255 -0.00765335 0.000391592
 0.00508293 0.00159567 0.00740644 -0.0070238 0.000370281
 0.00477176 0.00149271 0.0066841 -0.00636238 0.000357053
 0.00471592 0.001483 0.00624611 -0.00594204 0.000402677
 0.00440664 0.00137736 0.00552424 -0.00526558 0.00036381
 0.00422454 0.00130772 0.00496968 -0.00472666 0.000339497
 0.00405855 0.00125666 0.00441302 -0.00420804 0.000339915
 0.00384596 0.00118781 0.00379072 -0.00362112 0.000328404
 0.00366693 0.00111877 0.00348164 -0.00333225 0.000284727
 0.0034208 0.00104013 0.00298852 -0.00286731 0.000273366
 0.00326832 0.000993 0.00266317 -0.00255693 0.000276172
 0.00306754 0.000927658 0.0022864 -0.00219252 0.000261394
 0.00292241 0.000878867 0.00202089 -0.00194757 0.000244822
 0.0027493 0.000821766 0.00174942 -0.0016872 0.000221771
 0.00258139 0.000768428 0.00149883 -0.00144873 0.000210742
 0.00237159 0.000703162 0.00126913 -0.00122643 0.000193139
 0.00223777 0.000661237 0.00111046 -0.00107921 0.000183926
 0.00208502 0.000614282 0.000935783 -0.000913225 0.000171811
 0.00190672 0.00055806 0.000814346 -0.000797198 0.0001532
 0.00177743 0.000516731 0.000704288 -0.000691238 0.00013917
 0.00162271 0.000469455 0.000596051 -0.000588781 0.000128346
 0.00148771 0.000428391 0.000512913 -0.000509767 0.000118964
 0.00139546 0.000398827 0.000453782 -0.000454931 0.000108511
 0.00125163 0.000354387 0.00037855 -0.000381839 9.36392e-05
 0.00114067 0.000321185 0.000329138 -0.000334645 8.51392e-05
 0 0 0 0 0
 0 0 0 0 0
 0 0 0 0 0
 0 0 0 0 0
 0 0 0 0 0
 0 0 0 0 0
 0 0 0 0 0
 0 0 0 0 0
 0 0 0 0 0
 0 0 0 0 0
 0 0 0 0 0
 0 0 0 0 0
 0 0 0 0 0
 0 0 0 0 0
 0 0 0 0 0
 0 0 0 0 0
 0 0 0 0 0
 0 0 0 0 0
 0 0 0 0 0
 0 0 0 0 0
 0 0 0 0 0
 0 0 0 0 0
 0 0 0 0 0
 0 0 0 0 0
 0 0 0 0 0
 0 0 0 0 0
 0 0 0 0 0
 0 0 0 0 0
 0 0 0 0 0
 0 0 0 0 0
 0 0 0 0 0
 0 0 0 0 0
 0 0 0 0 0
 0 0 0 0 0
 2.15083 1.78462 0.116903 -0.100818 1.48358
 1.18037 0.950225 0.112778 -0.0984708 0.767283
 0.72435 0.565984 0.106658 -0.0941833 0.443949
 0.499316 0.378983 0.104886 -0.09364 0.288784
 0.357897 0.264052 0.100575 -0.0907583 0.195608
 0.272886 0.195743 0.0983383 -0.0892933 0.140733
 0.206862 0.144482 0.0927633 -0.0848692 0.101043
 0.163857 0.111336 0.0882317 -0.081361 0.0751705
 0.130268 0.0862983 0.0831135 -0.076899 0.056844
 0.108545 0.0699636 0.0800131 -0.074163 0.0441666
 0.0898042 0.0564715 0.0743308 -0.0692306 0.0343985
 0.0760564 0.0465646 0.0694812 -0.0649033 0.0267487
 0.0651922 0.0388841 0.0658108 -0.0614192 0.0211973
 0.0564662 0.0329286 0.0614936 -0.0574847 0.0172201
 0.0493138 0.0281357 0.0569513 -0.053227 0.0139558
 0.0435579 0.0242698 0.0527698 -0.0493189 0.0112015
 0.039743 0.021681 0.0497637 -0.0464549 0.00942267
 0.0358468 0.0191342 0.0455068 -0.0423855 0.00749038
 0.033242 0.0174832 0.0427148 -0.0395845 0.00668259
 0.0307036 0.0158541 0.0395387 -0.0364774 0.00565797
 0.0284668 0.0144619 0.0353824 -0.0325027 0.00465083
 0.026498 0.0132864 0.0323602 -0.0296084 0.00398987
 0.025089 0.0124563 0.0294774 -0.0266728 0.00361045
 0.0242789 0.01184 0.0273088 -0.0245293 0.0028723
 0.0230906 0.0112189 0.0244659 -0.0218306 0.00267878
 0.0221303 0.0106171 0.0218328 -0.0192852 0.00209654
 0.0218916 0.0105463 0.0203704 -0.0177074 0.00227953
 0.0210389 0.0101133 0.0177706 -0.0152413 0.00209117
 0.020629 0.00990208 0.0163839 -0.0139376 0.00208613
 0.0201139 0.00957667 0.015108 -0.0127898 0.00181522
 0.0197197 0.0092665 0.0140162 -0.0116625 0.00198277
 0.0190982 0.00888517 0.0131606 -0.0109417 0.00177462
 0.0183492 0.00824904 0.012906 -0.0106118 0.00120758
 0.0175065 0.00776771 0.0124938 -0.010354 0.00107707
 0.0173078 0.00763912 0.0124915 -0.0101962 0.00127169
 0.0164031 0.00695493 0.0123021 -0.0104007 0.000783224
 0.0155597 0.00656588 0.0126962 -0.0107566 0.000989242
 0.0151455 0.00623013 0.0126456 -0.0108675 0.000782757
 0.0143688 0.00567682 0.0134507 -0.011661 0.000337242
 0.0139581 0.00545851 0.0138242 -0.0121058 0.00062851
 0.0131217 0.00492593 0.0137453 -0.01214 0.000208451
 0.0127815 0.00480832 0.0143826 -0.0128254 0.000466781
 0.0119537 0.00431253 0.0154726 -0.0139757 0.000224759
 0.0114879 0.00416938 0.0160104 -0.0145357 0.000368433
 0.0110562 0.00391421 0.015854 -0.0144093 0.000214644
 0.0105502 0.00370052 0.0163297 -0.0149735 0.000267903
 0.0103165 0.0035634 0.016152 -0.0149157 0.000245742
 0.0098235 0.00338993 0.0161746 -0.0148963 0.00038157
 0.009271 0.00312794 0.0162903 -0.015142 0.000237679
 0.00902592 0.00302561 0.0164076 -0.0152542 0.000285178
 0.00854308 0.00283458 0.0162092 -0.0151882 0.000258949
 0.00829838 0.00270941 0.0161592 -0.0152501 0.000237297
 0.00802218 0.00265928 0.0150781 -0.0141369 0.000362092
 0.00769526 0.00254699 0.0155157 -0.0145859 0.000390658
 0.0072961 0.00240321 0.0147969 -0.014002 0.000396329
 0.00711592 0.00233445 0.013751 -0.0129665 0.000374058
 0.00678275 0.00221902 0.0131346 -0.0124474 0.000414778
 0.00660338 0.00214513 0.012898 -0.0121887 0.000390639
 0.00631473 0.00203587 0.0118878 -0.0112794 0.0003792
 0.00612447 0.00199434 0.0111389 -0.0105848 0.000423432
 0.00583514 0.00188665 0.0103988 -0.00987875 0.000388762
 0.00564322 0.001833 0.00993283 -0.00944633 0.000429198
 0.00547702 0.00177172 0.00887233 -0.00845683 0.000420843
 0.00522213 0.00167687 0.00811317 -0.00773973 0.000408808
 0.00500091 0.00160362 0.00738918 -0.00703178 0.000394511
 0.00486749 0.00156153 0.0067088 -0.0063875 0.000401547
 0.0046508 0.00149215 0.00627278 -0.0059672 0.000420736
 0.00440473 0.00140265 0.00550998 -0.0052612 0.000374673
 0.00421664 0.00133486 0.00499014 -0.00475953 0.000361912
 0.0040471 0.00127807 0.00446076 -0.00426151 0.000353573
 0.00387854 0.0012152 0.00388087 -0.00371787 0.000325583
 0.00366108 0.00114221 0.00347723 -0.00332385 0.000312185
 0.00347252 0.00107844 0.0031104 -0.00297548 0.000295793
 0.00324692 0.00100409 0.00264349 -0.00253724 0.000281301
 0.00312416 0.000963083 0.00235517 -0.00226475 0.000275703
 0.00292008 0.000895542 0.00202696 -0.00195494 0.000252569
 0.00275919 0.000839767 0.00180537 -0.0017442 0.00023666
 0.0026053 0.000789472 0.00156993 -0.00151575 0.000222433
 0.00240693 0.00072979 0.00133375 -0.00129063 0.000214168
 0.00227196 0.000682784 0.00115492 -0.00112457 0.000191553
 0.00211407 0.000633622 0.000972242 -0.000949208 0.000179017
 0.00195543 0.000582278 0.000834867 -0.000816842 0.000164135
 0.00179114 0.00053062 0.000705632 -0.000695156 0.000147795
 0.00165221 0.000486616 0.000619032 -0.000612666 0.000134613
 0.0015353 0.000449555 0.000531003 -0.000529307 0.000124329
 0.00140126 0.000407188 0.000457183 -0.000459063 0.00011
 0.00131385 0.000379678 0.000403608 -0.000408238 0.000103945
 0 0 0 0 0
 0 0 0 0 0
 0 0 0 0 0
 0 0 0 0 0
 0 0 0 0 0
 0 0 0 0 0
 0 0 0 0 0
 0 0 0 0 0
 0 0 0 0 0
 0 0 0 0 0
 0 0 0 0 0
 0 0 0 0 0
 0 0 0 0 0
 0 0 0 0 0
 0 0 0 0 0
 0 0 0 0 0
 0 0 0 0 0
 0 0 0 0 0
 0 0 0 0 0
 0 0 0 0 0
 0 0 0 0 0
 0 0 0 0 0
 0 0 0 0 0
 0 0 0 0 0
 0 0 0 0 0
 0 0 0 0 0
 0 0 0 0 0
 0 0 0 0 0
 0 0 0 0 0
 0 0 0 0 0
 0 0 0 0 0
 0 0 0 0 0
 0 0 0 0 0
 0 0 0 0 0
 0 0 0 0 0
 2.3187 1.9454 0.117499 -0.100482 1.63501
 1.23764 1.00822 0.111959 -0.0972383 0.823685
 0.772262 0.611244 0.109471 -0.09624 0.485648
 0.521973 0.401634 0.105956 -0.0940542 0.310352
 0.37664 0.28185 0.103481 -0.0926867 0.211774
 0.282927 0.20602 0.100029 -0.09049 0.150733
 0.216225 0.153279 0.0949392 -0.0863017 0.108659
 0.167045 0.115365 0.0892767 -0.0818372 0.0794766
 0.139096 0.0935225 0.08779 -0.080654 0.0622787
 0.110447 0.0724969 0.0808742 -0.0748652 0.0470832
 0.0933042 0.0596241 0.0769428 -0.0713842 0.0368691
 0.080628 0.0503214 0.0744273 -0.0692965 0.0301217
 0.0676198 0.0411344 0.0694645 -0.0648662 0.0235363
 0.0586892 0.0349078 0.0648616 -0.0605928 0.0190621
 0.0510241 0.0296199 0.0604553 -0.056609 0.015279
 0.0451086 0.0256524 0.0566712 -0.0529579 0.0125871
 0.040409 0.0224737 0.0529489 -0.0492611 0.0103914
 0.0375411 0.0204831 0.0505599 -0.0471538 0.00907933
 0.0334374 0.0178164 0.0458736 -0.0426057 0.00715362
 0.0306796 0.0160562 0.0423962 -0.0391864 0.00588976
 0.0286728 0.0147893 0.0390367 -0.0360351 0.00514946
 0.0267637 0.0135858 0.0351622 -0.0319637 0.0044375
 0.0248767 0.012418 0.0321817 -0.0293317 0.00354894
 0.0235781 0.0117031 0.028849 -0.0259328 0.00328157
 0.0227771 0.0112158 0.0268171 -0.023946 0.00309711
 0.0219527 0.0106521 0.0245443 -0.0217206 0.00268002
 0.0212686 0.0102833 0.0221607 -0.0194853 0.00236619
 0.0205644 0.00997883 0.020043 -0.0173758 0.00227659
 0.019961 0.00964058 0.0178474 -0.0153307 0.00224342
 0.0195826 0.00939825 0.0163866 -0.0137324 0.00199203
 0.0191082 0.00914883 0.0155588 -0.0130086 0.00215262
 0.0181856 0.00848008 0.0143757 -0.0119607 0.0016381
 0.0178284 0.00831303 0.0134319 -0.0111719 0.00177621
 0.0169621 0.00762824 0.0129871 -0.0107782 0.00122934
 0.0167557 0.00755708 0.0126584 -0.0103513 0.00151764
 0.0157051 0.00685599 0.0125085 -0.0104426 0.00109168
 0.0152849 0.00643453 0.0127794 -0.0107992 0.000770736
 0.0146543 0.00613857 0.0124743 -0.010606 0.000825114
 0.0141073 0.00563958 0.0128672 -0.0110069 0.000440538
 0.0136918 0.00549392 0.0126707 -0.0109297 0.000635737
 0.0128224 0.00495422 0.0135674 -0.0118344 0.000314147
 0.0125511 0.004788 0.0137714 -0.012082 0.000406644
 0.0118453 0.00442727 0.0141721 -0.0125991 0.000368247
 0.0112577 0.00414684 0.0143887 -0.0129431 0.000383368
 0.0107427 0.00383328 0.0158198 -0.0144294 0.000271133
 0.0105536 0.00380223 0.0154316 -0.0140499 0.000442667
 0.00992867 0.00348016 0.015913 -0.0146819 0.000346419
 0.00957017 0.00335201 0.0159917 -0.0148106 0.000371711
 0.00914742 0.00316887 0.0157127 -0.0145015 0.000363513
 0.00878833 0.00302706 0.0159782 -0.0148361 0.000344167
 0.00842908 0.00285592 0.0155268 -0.0144245 0.00033415
 0.00825627 0.00284404 0.0155682 -0.0145883 0.000512892
 0.00781401 0.0026609 0.0150976 -0.0141508 0.000435167
 0.00764738 0.00261912 0.0149651 -0.0140487 0.000511622
 0.00738476 0.00245534 0.0141539 -0.0133088 0.000377368
 0.00711676 0.00235668 0.0136954 -0.0129099 0.000397055
 0.00677553 0.0022767 0.0129955 -0.0122756 0.000458651
 0.00651054 0.00216125 0.0124986 -0.0118694 0.000434544
 0.00625634 0.00208577 0.011646 -0.0110162 0.000454339
 0.00605984 0.00201853 0.0111963 -0.0106217 0.000474588
 0.00580606 0.00192116 0.010179 -0.00963425 0.000466012
 0.00570383 0.0018882 0.00949733 -0.0090035 0.000466138
 0.00549834 0.001813 0.008699 -0.00827672 0.000453308
 0.00520508 0.00171753 0.00810464 -0.00768909 0.000453132
 0.00506584 0.00165632 0.00741953 -0.00704573 0.000427822
 0.00477775 0.00156158 0.00676157 -0.00643347 0.000412237
 0.00462628 0.00149907 0.00615523 -0.00587085 0.000396389
 0.00441255 0.00142785 0.0054338 -0.00519604 0.000393424
 0.00424392 0.00137352 0.00491051 -0.00469194 0.000388886
 0.00403131 0.00129525 0.00439996 -0.00420237 0.000370907
 0.00381957 0.00122021 0.00387648 -0.00370826 0.000346459
 0.00367852 0.00117136 0.0035353 -0.00338031 0.000335632
 0.00352759 0.00111897 0.0030839 -0.00295474 0.000331062
 0.00329422 0.00103824 0.00272528 -0.00262299 0.000302716
 0.00311895 0.000978475 0.00240316 -0.00230907 0.000281237
 0.00295467 0.000920883 0.00209783 -0.00202384 0.000267092
 0.00276113 0.000855683 0.0018354 -0.00177544 0.00024556
 0.00260382 0.000805211 0.00155657 -0.001508 0.000235647
 0.00242637 0.000744716 0.00135596 -0.00131655 0.000213753
 0.00230326 0.000705188 0.00116661 -0.0011378 0.000202715
 0.00212386 0.000646128 0.00099585 -0.000974467 0.000184024
 0.00197535 0.000597294 0.00086285 -0.000847683 0.000167463
 0.00182277 0.000548782 0.000737128 -0.000728283 0.000153979
 0.00171128 0.000513253 0.000647506 -0.000642143 0.00014635
 0.0015662 0.000466155 0.000556432 -0.000555732 0.000129362
 0.0014431 0.000426662 0.000484507 -0.000485892 0.000116766
 0 0 0 0 0
 0 0 0 0 0
 0 0 0 0 0
 0 0 0 0 0
 0 0 0 0 0
 0 0 0 0 0
 0 0 0 0 0
 0 0 0 0 0
 0 0 0 0 0
 0 0 0 0 0
 0 0 0 0 0
 0 0 0 0 0
 0 0 0 0 0
 0 0 0 0 0
 0 0 0 0 0
 0 0 0 0 0
 0 0 0 0 0
 0 0 0 0 0
 0 0 0 0 0
 0 0 0 0 0
 0 0 0 0 0
 0 0 0 0 0
 0 0 0 0 0
 0 0 0 0 0
 0 0 0 0 0
 0 0 0 0 0
 0 0 0 0 0
 0 0 0 0 0
 0 0 0 0 0
 0 0 0 0 0
 0 0 0 0 0
 0 0 0 0 0
 0 0 0 0 0
 0 0 0 0 0
 0 0 0 0 0
 0 0 0 0 0
 2.42573 2.05599 0.114793 -0.0977892 1.74562
 1.31416 1.08225 0.11283 -0.0972767 0.893458
 0.81888 0.655615 0.111038 -0.0969333 0.526679
 0.546803 0.425878 0.107381 -0.0947208 0.333048
 0.389381 0.295169 0.103488 -0.0922808 0.224706
 0.288527 0.21297 0.0992542 -0.0894375 0.157762
 0.224204 0.161204 0.0969825 -0.0876875 0.116237
 0.178707 0.125148 0.0936083 -0.0854367 0.0874642
 0.144102 0.098385 0.0901675 -0.0826698 0.0668782
 0.119059 0.0793175 0.0868242 -0.0800463 0.0523003
 0.096975 0.063036 0.0808824 -0.0746936 0.0401232
 0.082572 0.0523886 0.0771998 -0.0717699 0.0321155
 0.0705336 0.0436924 0.0729247 -0.0678756 0.0257546
 0.0597607 0.0361427 0.0679737 -0.0631856 0.0204372
 0.0525585 0.0310775 0.0638809 -0.0595642 0.0168371
 0.0463009 0.0267438 0.0599549 -0.0558753 0.0137186
 0.0413363 0.0234613 0.0558581 -0.0520784 0.0116474
 0.0376128 0.0207512 0.052946 -0.0491948 0.009323
 0.0339679 0.0185089 0.0489007 -0.0454308 0.00823466
 0.0312145 0.0164036 0.0452821 -0.0418436 0.00593923
 0.0288128 0.0150429 0.0421095 -0.0387743 0.00559973
 0.0265712 0.0136776 0.0376847 -0.0346065 0.00476898
 0.0251598 0.0126552 0.0353366 -0.0323155 0.00377493
 0.0239721 0.0120952 0.0321948 -0.0292152 0.00391396
 0.0225968 0.0112159 0.0296991 -0.0267573 0.00325276
 0.021547 0.0105383 0.0269848 -0.024129 0.00273688
 0.0203421 0.00994125 0.0237176 -0.020946 0.00249083
 0.0199898 0.00985583 0.0217927 -0.0189642 0.00274218
 0.0198281 0.00981358 0.0197962 -0.0171688 0.00284115
 0.0186838 0.0089565 0.0179502 -0.0153991 0.00187646
 0.0183065 0.00874542 0.0168841 -0.0143159 0.00183122
 0.0177504 0.00836742 0.0150028 -0.0125953 0.00163443
 0.0174628 0.00823919 0.0143537 -0.012033 0.00184415
 0.0164313 0.0075868 0.0134722 -0.0112454 0.00161712
 0.0161629 0.00737234 0.0129777 -0.010837 0.00156947
 0.0156239 0.00686733 0.0128215 -0.010668 0.00106056
 0.0148842 0.00640863 0.0124568 -0.010439 0.000913342
 0.0142413 0.00597878 0.0127683 -0.0108274 0.000856842
 0.0137269 0.00568376 0.0128499 -0.0110003 0.000677148
 0.0130978 0.00530824 0.0131515 -0.0114043 0.0006291
 0.0123821 0.00494667 0.0129697 -0.0112677 0.000573908
 0.0122959 0.00485717 0.0133146 -0.0116981 0.00064662
 0.0114062 0.0044069 0.013683 -0.0121154 0.000607687
 0.011147 0.00420503 0.0134591 -0.0120287 0.000416863
 0.0107329 0.00397732 0.0139887 -0.0125881 0.000427987
 0.0101379 0.00368115 0.0145887 -0.0132719 0.000322408
 0.00975333 0.00351391 0.0144903 -0.0132442 0.000397892
 0.00935708 0.00335443 0.0145417 -0.0132755 0.000444507
 0.00911367 0.00319603 0.0151714 -0.0140097 0.000373928
 0.008712 0.00305662 0.0153787 -0.0142494 0.000422847
 0.00851467 0.0029908 0.0153656 -0.0142516 0.000512205
 0.00807885 0.00278942 0.0151697 -0.0141882 0.000441682
 0.00780475 0.00271273 0.0149131 -0.0139836 0.00048859
 0.00747167 0.00255628 0.0145601 -0.0137194 0.000439567
 0.00729592 0.0025129 0.0141642 -0.0133314 0.000516043
 0.00707543 0.00239667 0.0130715 -0.0123096 0.000465167
 0.00669627 0.00226344 0.0129463 -0.0122186 0.000453728
 0.0064921 0.00220038 0.0120976 -0.0114575 0.000478227
 0.00621843 0.00210994 0.0113657 -0.0107418 0.000497673
 0.00600281 0.00203086 0.0109585 -0.0104086 0.000485304
 0.00585794 0.00195755 0.0100929 -0.00957433 0.000450845
 0.00570518 0.00192251 0.00948933 -0.00898975 0.000486298
 0.00544643 0.0018231 0.00867783 -0.00826037 0.000464418
 0.00520233 0.00173484 0.00790973 -0.00753622 0.000448589
 0.00504053 0.00168689 0.00755736 -0.00719037 0.000457619
 0.00478511 0.0015925 0.00684408 -0.00650576 0.000441269
 0.00467647 0.00154615 0.00592795 -0.00565243 0.00042816
 0.00439511 0.00144816 0.00542786 -0.00519247 0.000407503
 0.00420307 0.00138569 0.00492804 -0.00470292 0.000419749
 0.00407055 0.00133182 0.00439963 -0.00421148 0.000387278
 0.00385888 0.00125291 0.00394798 -0.0037879 0.000357068
 0.00363937 0.00117973 0.00347487 -0.00334342 0.000352445
 0.00354156 0.00114389 0.00318029 -0.00305773 0.000345651
 0.00329223 0.00105508 0.00272571 -0.00262725 0.000308782
 0.00312953 0.000998467 0.00242219 -0.00233593 0.000294053
 0.00298338 0.000946442 0.00212646 -0.00205542 0.000279425
 0.00281615 0.0008908 0.00187619 -0.00181489 0.000263412
 0.00265207 0.000833367 0.00159554 -0.00155047 0.000246444
 0.00250781 0.000782879 0.00139755 -0.00136048 0.000226996
 0.00233639 0.000726796 0.00121485 -0.00118773 0.000213497
 0.00216443 0.000670656 0.00102988 -0.00101068 0.000196859
 0.0020183 0.000620656 0.000909275 -0.000893692 0.000176056
 0.00188407 0.000578092 0.000768695 -0.000760073 0.000167909
 0.00173028 0.00052774 0.00066798 -0.000664176 0.000152095
 0.00159769 0.000484077 0.000569478 -0.00056912 0.000137223
 0 0 0 0 0
 0 0 0 0 0
 0 0 0 0 0
 0 0 0 0 0
 0 0 0 0 0
 0 0 0 0 0
 0 0 0 0 0
 0 0 0 0 0
 0 0 0 0 0
 0 0 0 0 0
 0 0 0 0 0
 0 0 0 0 0
 0 0 0 0 0
 0 0 0 0 0
 0 0 0 0 0
 0 0 0 0 0
 0 0 0 0 0
 0 0 0 0 0
 0 0 0 0 0
 0 0 0 0 0
 0 0 0 0 0
 0 0 0 0 0
 0 0 0 0 0
 0 0 0 0 0
 0 0 0 0 0
 0 0 0 0 0
 0 0 0 0 0
 0 0 0 0 0
 0 0 0 0 0
 0 0 0 0 0
 0 0 0 0 0
 0 0 0 0 0
 0 0 0 0 0
 0 0 0 0 0
 0 0 0 0 0
 0 0 0 0 0
 0 0 0 0 0
 2.48745 2.12818 0.109147 -0.0923525 1.8236
 1.32861 1.10526 0.108351 -0.0927733 0.921633
 0.835308 0.676098 0.109565 -0.09487 0.549282
 0.559205 0.440616 0.106468 -0.0935417 0.348842
 0.399945 0.306835 0.103251 -0.0916283 0.236546
 0.295526 0.220887 0.099185 -0.0887475 0.165944
 0.22965 0.167313 0.0974492 -0.087855 0.12229
 0.184283 0.130878 0.0953075 -0.086475 0.093025
 0.146518 0.101538 0.0906567 -0.0828777 0.0701903
 0.119882 0.0811085 0.0870833 -0.079841 0.0545713
 0.100089 0.0660458 0.08352 -0.0769265 0.0429411
 0.0836625 0.0538687 0.0786396 -0.0727107 0.0337972
 0.0708512 0.0448029 0.0740999 -0.0686267 0.0278043
 0.062157 0.0381969 0.0707626 -0.0656289 0.0221425
 0.0534278 0.032086 0.0661295 -0.061413 0.0178284
 0.0474983 0.0280181 0.0627641 -0.0582789 0.015258
 0.0427939 0.0245332 0.0596288 -0.0555385 0.0122873
 0.0381249 0.0214578 0.0551972 -0.0512578 0.0103042
 0.0345406 0.0189935 0.0516768 -0.0478498 0.00842608
 0.0321578 0.0174363 0.0493503 -0.0455648 0.00758978
 0.0289282 0.0152013 0.0448307 -0.0413182 0.00573731
 0.0264377 0.0138178 0.0406339 -0.0374023 0.00520208
 0.0247617 0.0125982 0.0373838 -0.0341726 0.00402442
 0.0233559 0.011773 0.0342877 -0.0312535 0.00370258
 0.0220795 0.0110856 0.0316068 -0.0286072 0.00351328
 0.0212707 0.0104766 0.0292512 -0.0263259 0.00286529
 0.0202766 0.009911 0.0259555 -0.0231302 0.00249832
 0.0197556 0.00972492 0.0234912 -0.0206914 0.00259219
 0.0190205 0.00926642 0.0212558 -0.0185118 0.00228217
 0.0185167 0.00909342 0.0194658 -0.0168572 0.00252951
 0.0182088 0.008927 0.0177691 -0.0151731 0.00257842
 0.0174456 0.0082405 0.0163537 -0.0138021 0.00167171
 0.0166493 0.00779807 0.0149113 -0.0125233 0.00156441
 0.0164341 0.00770238 0.0139493 -0.0115405 0.00173312
 0.015557 0.00709891 0.0138187 -0.0115622 0.00137908
 0.0149335 0.00673744 0.0135059 -0.0112589 0.00124438
 0.0145828 0.00639823 0.01302 -0.010915 0.00111992
 0.0139766 0.00616564 0.0121853 -0.0102065 0.0013445
 0.0134708 0.00568245 0.0125746 -0.0107702 0.000810191
 0.0129656 0.00537875 0.0121 -0.0103427 0.00084195
 0.0124412 0.00511746 0.0126563 -0.0109247 0.000937283
 0.0117274 0.00467268 0.0130994 -0.0114424 0.000664617
 0.0113879 0.00449688 0.0134652 -0.0119422 0.000618717
 0.0109478 0.00418317 0.013294 -0.0118499 0.000484857
 0.0104581 0.00400517 0.013501 -0.0120453 0.000646743
 0.0100147 0.00373611 0.0140976 -0.0127226 0.000432388
 0.00953825 0.00350839 0.0147546 -0.013411 0.000479363
 0.00915858 0.00331282 0.0146541 -0.0134611 0.000400635
 0.00879642 0.00318397 0.0143137 -0.0131503 0.000450574
 0.00852058 0.00303288 0.0147196 -0.0136373 0.000454062
 0.0081919 0.00294415 0.0142953 -0.0132599 0.000563081
 0.00794981 0.00282865 0.0139118 -0.0129435 0.000524878
 0.00767567 0.00272028 0.0141393 -0.013213 0.000552767
 0.00747859 0.00259412 0.0139993 -0.013106 0.000461017
 0.00714144 0.00249456 0.0135782 -0.0128047 0.000533285
 0.00678363 0.00234038 0.0133193 -0.0125803 0.000480389
 0.00664306 0.00230167 0.012409 -0.01172 0.00052321
 0.0064467 0.00223399 0.0118384 -0.0111725 0.000519393
 0.00637009 0.00223005 0.0111475 -0.0105402 0.000618875
 0.00613398 0.00212312 0.0105498 -0.00997825 0.000532064
 0.00593039 0.00205306 0.00998483 -0.0094455 0.000552251
 0.00563358 0.00192788 0.00936875 -0.00888683 0.000502928
 0.00539352 0.00183898 0.008666 -0.00822608 0.000479259
 0.00523614 0.0017856 0.0078788 -0.00750599 0.000499344
 0.00501367 0.00170407 0.0073807 -0.00702764 0.000480026
 0.00473526 0.00161211 0.00662104 -0.00630969 0.000472638
 0.00455736 0.00153681 0.00598254 -0.00570546 0.000437836
 0.00443873 0.00148689 0.00553658 -0.00529183 0.000428008
 0.0042097 0.00140384 0.00489988 -0.00468198 0.000408792
 0.00401313 0.00133642 0.00435148 -0.00416044 0.000402221
 0.00383829 0.00127328 0.00393032 -0.00377368 0.000387114
 0.00374163 0.0012308 0.00351588 -0.00337788 0.000360521
 0.00356202 0.0011674 0.00323695 -0.00311045 0.000352803
 0.00338822 0.00110604 0.00288213 -0.00277762 0.000336427
 0.0031547 0.00102407 0.00246521 -0.00237998 0.000312741
 0.00296348 0.000954933 0.00216433 -0.00209258 0.000283912
 0.00280529 0.000901375 0.0018644 -0.00180488 0.000273757
 0.00268089 0.000855383 0.00166622 -0.00161782 0.000254434
 0.00250944 0.000796284 0.0014405 -0.00140649 0.000234328
 0.00232308 0.000734452 0.00122751 -0.0012004 0.000216792
 0.0022159 0.00069736 0.00109266 -0.00107412 0.00020734
 0.00207375 0.000650588 0.000951017 -0.000935867 0.000195452
 0.00189747 0.000592627 0.000795158 -0.000786746 0.000178167
 0.00176362 0.000547197 0.000679682 -0.000677093 0.000160672
 0 0 0 0 0
 0 0 0 0 0
 0 0 0 0 0
 0 0 0 0 0
 0 0 0 0 0
 0 0 0 0 0
 0 0 0 0 0
 0 0 0 0 0
 0 0 0 0 0
 0 0 0 0 0
 0 0 0 0 0
 0 0 0 0 0
 0 0 0 0 0
 0 0 0 0 0
 0 0 0 0 0
 0 0 0 0 0
 0 0 0 0 0
 0 0 0 0 0
 0 0 0 0 0
 0 0 0 0 0
 0 0 0 0 0
 0 0 0 0 0
 0 0 0 0 0
 0 0 0 0 0
 0 0 0 0 0
 0 0 0 0 0
 0 0 0 0 0
 0 0 0 0 0
 0 0 0 0 0
 0 0 0 0 0
 0 0 0 0 0
 0 0 0 0 0
 0 0 0 0 0
 0 0 0 0 0
 0 0 0 0 0
 0 0 0 0 0
 0 0 0 0 0
 0 0 0 0 0
 2.60783 2.25051 0.107224 -0.08998 1.94513
 1.3676 1.14833 0.106504 -0.0905917 0.96665
 0.834333 0.681967 0.104017 -0.0900608 0.559319
 0.568067 0.452295 0.103594 -0.090815 0.361898
 0.399182 0.309704 0.100287 -0.0884558 0.241516
 0.297456 0.224992 0.09823 -0.0876575 0.171091
 0.229937 0.169613 0.0956758 -0.0859617 0.125757
 0.181307 0.13042 0.0926483 -0.08365 0.09397
 0.148797 0.104552 0.0910283 -0.0827919 0.0736529
 0.122318 0.083745 0.0874417 -0.0799879 0.0568942
 0.102297 0.0684255 0.084425 -0.0775505 0.0453377
 0.0860833 0.0563138 0.0806583 -0.0743031 0.036223
 0.0725593 0.0462798 0.0757475 -0.0698781 0.0285067
 0.0640697 0.0400274 0.0735938 -0.0681304 0.0239832
 0.0543484 0.0332518 0.0680367 -0.0631249 0.0192985
 0.0488186 0.029214 0.0655646 -0.0608337 0.016319
 0.0431039 0.0252152 0.0611139 -0.0567452 0.0133513
 0.0380098 0.0216268 0.0567076 -0.0526717 0.0105209
 0.0351974 0.0197202 0.0542251 -0.0502414 0.00929558
 0.0313831 0.0172994 0.0496782 -0.0459917 0.00793496
 0.0290525 0.0156899 0.0460431 -0.0424858 0.00669822
 0.0269034 0.0143322 0.0429562 -0.0395438 0.00596463
 0.0247584 0.0129903 0.0398046 -0.0365965 0.00505103
 0.0232497 0.0119643 0.0368858 -0.0336202 0.00424577
 0.0218306 0.0110357 0.0333685 -0.0301307 0.00365487
 0.0209198 0.0104897 0.0305514 -0.0275238 0.0032284
 0.0200437 0.00984025 0.0284161 -0.0254456 0.00255681
 0.0192023 0.00954392 0.0252293 -0.0223783 0.00294275
 0.0187422 0.00918208 0.0228358 -0.0200161 0.00238244
 0.0181448 0.00900342 0.0209979 -0.0182048 0.00262913
 0.0172645 0.00839858 0.0189707 -0.0163871 0.00217862
 0.0170078 0.00822358 0.0174003 -0.0146744 0.00209087
 0.0161452 0.00766715 0.0160133 -0.0135471 0.00165662
 0.0154536 0.00728229 0.0150951 -0.0126765 0.0015751
 0.0153873 0.00707266 0.0139914 -0.0118052 0.00126772
 0.0147067 0.00661955 0.0137114 -0.011635 0.00103433
 0.0140517 0.0063684 0.0132921 -0.0111685 0.00144477
 0.0135635 0.00598045 0.0129274 -0.0108252 0.00112162
 0.0131511 0.00565588 0.0121701 -0.0102339 0.00108978
 0.0127384 0.00546016 0.0119934 -0.0101906 0.00112443
 0.0120684 0.00504403 0.0129365 -0.0111978 0.00087235
 0.0116736 0.00480423 0.0125952 -0.0109478 0.000863583
 0.0111483 0.00450226 0.0129407 -0.0113132 0.000802184
 0.0106562 0.00420694 0.0126784 -0.0111985 0.000652725
 0.0102862 0.00398287 0.0130317 -0.0116148 0.000528942
 0.00974967 0.0037239 0.0127752 -0.0114122 0.000550502
 0.00936008 0.00348266 0.0137781 -0.0124832 0.000442191
 0.00897808 0.00331135 0.0139781 -0.0128173 0.000508045
 0.00859317 0.00315412 0.0139489 -0.012829 0.000499158
 0.00846692 0.003096 0.0145382 -0.0134583 0.000556341
 0.00809447 0.00295449 0.0139706 -0.0129475 0.000564827
 0.00783303 0.00281419 0.0140989 -0.0131017 0.000517272
 0.0074679 0.00267438 0.0134741 -0.0125787 0.00053318
 0.00742558 0.00266507 0.01331 -0.0124677 0.000564527
 0.00708043 0.00250884 0.0131519 -0.0123585 0.000520599
 0.00674876 0.00239878 0.0122728 -0.01152 0.000558142
 0.00658863 0.00232358 0.011857 -0.011178 0.000528603
 0.00634192 0.00221043 0.0115737 -0.0109557 0.000495008
 0.00616477 0.00217195 0.0108171 -0.0101947 0.000563423
 0.00607283 0.00215558 0.0102075 -0.00964575 0.000603761
 0.0057256 0.00200237 0.0099055 -0.00938917 0.00052566
 0.0055912 0.00194402 0.0090445 -0.00857733 0.000522047
 0.00535102 0.00186177 0.00821539 -0.00776105 0.000507628
 0.00517788 0.00179916 0.00797308 -0.00756415 0.000529983
 0.00506452 0.00175616 0.00734238 -0.00699287 0.000507745
 0.00479498 0.00165176 0.00651883 -0.00621244 0.000486885
 0.00465417 0.0015997 0.00606069 -0.00580885 0.000477581
 0.00442367 0.00151704 0.00557385 -0.00532908 0.000463802
 0.00425549 0.00144525 0.00490978 -0.00468078 0.000442365
 0.00406773 0.00137664 0.00445527 -0.00426908 0.00041874
 0.00391916 0.00132011 0.00401102 -0.00383822 0.000402328
 0.00376385 0.00125689 0.00365235 -0.00351474 0.000377665
 0.00354268 0.00118336 0.00316309 -0.00304423 0.000365893
 0.00337183 0.00112253 0.00281655 -0.00271258 0.000352982
 0.00322469 0.00106493 0.0025606 -0.00246943 0.000326557
 0.0030284 0.000994317 0.00219744 -0.00212714 0.000309992
 0.00286906 0.000937583 0.00195067 -0.00189582 0.000289118
 0.00272905 0.000887458 0.00167645 -0.00163412 0.000276928
 0.00258342 0.000834442 0.00148583 -0.00144789 0.000255404
 0.00237458 0.000763018 0.0012856 -0.00125852 0.000232253
 0.00223693 0.000714923 0.00111103 -0.00109298 0.000216156
 0.00210082 0.000669033 0.000970708 -0.000956758 0.000203335
 0.00195784 0.000620363 0.000842633 -0.000835008 0.00018831
 0 0 0 0 0
 0 0 0 0 0
 0 0 0 0 0
 0 0 0 0 0
 0 0 0 0 0
 0 0 0 0 0
 0 0 0 0 0
 0 0 0 0 0
 0 0 0 0 0
 0 0 0 0 0
 0 0 0 0 0
 0 0 0 0 0
 0 0 0 0 0
 0 0 0 0 0
 0 0 0 0 0
 0 0 0 0 0
 0 0 0 0 0
 0 0 0 0 0
 0 0 0 0 0
 0 0 0 0 0
 0 0 0 0 0
 0 0 0 0 0
 0 0 0 0 0
 0 0 0 0 0
 0 0 0 0 0
 0 0 0 0 0
 0 0 0 0 0
 0 0 0 0 0
 0 0 0 0 0
 0 0 0 0 0
 0 0 0 0 0
 0 0 0 0 0
 0 0 0 0 0
 0 0 0 0 0
 0 0 0 0 0
 0 0 0 0 0
 0 0 0 0 0
 0 0 0 0 0
 0 0 0 0 0
 2.59874 2.26032 0.100715 -0.0837558 1.96886
 1.37462 1.16422 0.101167 -0.08563 0.988667
 0.840817 0.693771 0.100807 -0.0864342 0.574751
 0.572101 0.460096 0.101397 -0.0880375 0.372235
 0.397206 0.311378 0.0976642 -0.0857067 0.245392
 0.307248 0.234971 0.0989992 -0.0877042 0.180812
 0.233614 0.174354 0.095165 -0.08484 0.130906
 0.182493 0.132945 0.0917858 -0.0826343 0.0972958
 0.149179 0.106082 0.0903267 -0.0817755 0.0756697
 0.123549 0.085825 0.0877775 -0.0800081 0.0595421
 0.100698 0.0683758 0.0831887 -0.0760603 0.0461634
 0.0866675 0.0573763 0.0805064 -0.0739311 0.0372567
 0.0739902 0.0479772 0.0771278 -0.0711382 0.0305397
 0.0634474 0.0402285 0.0734684 -0.0678895 0.0247391
 0.0553547 0.0342263 0.0697287 -0.0646788 0.0200076
 0.0485337 0.0294489 0.0661337 -0.0613523 0.0168118
 0.0436524 0.0258327 0.0631795 -0.0586867 0.0139116
 0.0390111 0.0226013 0.0592857 -0.0550491 0.0116071
 0.0346451 0.0196599 0.0547057 -0.0508131 0.00967892
 0.0316604 0.0177177 0.0515487 -0.0476481 0.00852633
 0.0292889 0.0159678 0.0485827 -0.0447535 0.00697452
 0.0268813 0.0144307 0.0453977 -0.0417335 0.00604852
 0.0249162 0.0131808 0.0417903 -0.0383297 0.00528598
 0.0231792 0.0120847 0.0387 -0.0352673 0.00461491
 0.021972 0.0112693 0.0360596 -0.0326783 0.00393994
 0.0205194 0.0103062 0.0324953 -0.0293638 0.00319698
 0.0198289 0.00986325 0.0294341 -0.026397 0.00279263
 0.0185541 0.00919933 0.0271042 -0.0241514 0.00270472
 0.0182146 0.00898167 0.0245247 -0.0216912 0.00245608
 0.0178083 0.00889342 0.0226537 -0.0197803 0.00282558
 0.0169569 0.00834358 0.0202927 -0.0175793 0.00232947
 0.0165381 0.00813493 0.0185447 -0.015875 0.00235157
 0.0158233 0.00765087 0.0172502 -0.0147936 0.00201285
 0.0153114 0.00734829 0.0158056 -0.0133211 0.00202558
 0.0146847 0.00690886 0.0151347 -0.0128547 0.00169344
 0.0142375 0.006486 0.0139697 -0.0117623 0.00127561
 0.0140042 0.00646512 0.0133103 -0.0111885 0.00168887
 0.0130466 0.00580194 0.0129261 -0.0109384 0.00116038
 0.0126271 0.00553807 0.0125139 -0.0105062 0.00113495
 0.0121962 0.00525839 0.0124079 -0.0105554 0.0010515
 0.0115639 0.00477846 0.0120911 -0.0103626 0.000658503
 0.0112934 0.00472377 0.0124742 -0.0108338 0.000893458
 0.0110261 0.00448768 0.0121986 -0.0106055 0.000742963
 0.0106673 0.00430275 0.0120866 -0.0105584 0.000789292
 0.00993883 0.00394159 0.0125606 -0.011208 0.000705852
 0.00969883 0.00381849 0.012847 -0.0113814 0.000741166
 0.0093425 0.00355315 0.0129113 -0.0116463 0.000490141
 0.00889083 0.00335554 0.0132763 -0.0120823 0.000571849
 0.0085125 0.00321206 0.0130766 -0.0119215 0.000582577
 0.00832812 0.00313505 0.0132861 -0.0122052 0.000643947
 0.00804255 0.00297763 0.0131958 -0.0121828 0.000588537
 0.00762958 0.00276784 0.0128656 -0.0119378 0.000470068
 0.00727237 0.00264908 0.0136218 -0.0127273 0.000546305
 0.00716122 0.00260241 0.0130946 -0.0121825 0.000581583
 0.00699357 0.00253749 0.0124904 -0.011734 0.000593912
 0.00673265 0.00245093 0.0122132 -0.0114622 0.000642094
 0.00646498 0.00230831 0.012252 -0.0115677 0.000541983
 0.00625171 0.0022602 0.0109013 -0.010225 0.000596527
 0.00619969 0.00223722 0.0108965 -0.0102744 0.00062677
 0.00592865 0.00213858 0.0103282 -0.0098115 0.000623601
 0.00575206 0.00204795 0.00937933 -0.00891333 0.000560597
 0.0055274 0.00196777 0.00911417 -0.00864675 0.000557634
 0.00524218 0.0018636 0.00825838 -0.00783172 0.000556673
 0.00516222 0.00183132 0.00767657 -0.00728932 0.000570644
 0.00498782 0.00175664 0.00702422 -0.00670583 0.000532072
 0.00476457 0.00167172 0.00675857 -0.00643084 0.000510674
 0.00456353 0.0015897 0.00604929 -0.00576928 0.000475755
 0.00439362 0.00152588 0.00541828 -0.00517274 0.000472721
 0.00421326 0.00145585 0.00492834 -0.00470575 0.00044801
 0.00403784 0.00139011 0.0044587 -0.00428114 0.000435525
 0.00390551 0.00133433 0.00404666 -0.00387901 0.000406277
 0.00368398 0.00125451 0.00357098 -0.00342687 0.000393248
 0.00358944 0.0012171 0.00323244 -0.00311031 0.000385904
 0.00335985 0.00113429 0.00279798 -0.00269564 0.000358613
 0.0032034 0.00107357 0.00252675 -0.00244577 0.00033619
 0.00302084 0.00100607 0.00221181 -0.00214512 0.000316606
 0.00284949 0.000944492 0.00196177 -0.00190182 0.000297502
 0.00272587 0.000899783 0.00171932 -0.00167358 0.000283277
 0.00256531 0.000841908 0.00149868 -0.00146442 0.000264778
 0.00240827 0.000789467 0.00129249 -0.0012694 0.000250311
 0.00223652 0.00072617 0.00113297 -0.0011144 0.0002251
 0.00210788 0.00068184 0.000974433 -0.000962708 0.000212609
 0 0 0 0 0
 0 0 0 0 0
 0 0 0 0 0
 0 0 0 0 0
 0 0 0 0 0
 0 0 0 0 0
 0 0 0 0 0
 0 0 0 0 0
 0 0 0 0 0
 0 0 0 0 0
 0 0 0 0 0
 0 0 0 0 0
 0 0 0 0 0
 0 0 0 0 0
 0 0 0 0 0
 0 0 0 0 0
 0 0 0 0 0
 0 0 0 0 0
 0 0 0 0 0
 0 0 0 0 0
 0 0 0 0 0
 0 0 0 0 0
 0 0 0 0 0
 0 0 0 0 0
 0 0 0 0 0
 0 0 0 0 0
 0 0 0 0 0
 0 0 0 0 0
 0 0 0 0 0
 0 0 0 0 0
 0 0 0 0 0
 0 0 0 0 0
 0 0 0 0 0
 0 0 0 0 0
 0 0 0 0 0
 0 0 0 0 0
 0 0 0 0 0
 0 0 0 0 0
 0 0 0 0 0
 0 0 0 0 0
 2.58146 2.26193 0.0933483 -0.0771493 1.98483
 1.33504 1.13968 0.0941192 -0.0788448 0.975383
 0.823254 0.685102 0.094955 -0.0809138 0.572402
 0.557097 0.452018 0.0961367 -0.082905 0.368493
 0.398171 0.315159 0.0948167 -0.0826545 0.250724
 0.29657 0.229121 0.0936592 -0.0824057 0.178163
 0.229655 0.173204 0.0919658 -0.0816017 0.131339
 0.184145 0.135628 0.0909717 -0.0815384 0.100537
 0.149897 0.107897 0.089795 -0.0810788 0.0781095
 0.124863 0.0877375 0.0876833 -0.0795151 0.0616804
 0.102389 0.070396 0.0831097 -0.0756652 0.0483873
 0.0875075 0.0587267 0.0810823 -0.0744483 0.0389688
 0.0744232 0.0489263 0.0782972 -0.0719324 0.0317857
 0.0634965 0.0408467 0.0734323 -0.0676587 0.0258188
 0.0555788 0.0350332 0.0705578 -0.0651348 0.0215512
 0.0494674 0.0303598 0.0674732 -0.0624197 0.0175146
 0.0443869 0.0267215 0.0650562 -0.0601116 0.014913
 0.0393043 0.0230958 0.0607238 -0.0561569 0.0122473
 0.0350845 0.02028 0.0572428 -0.0529472 0.0105032
 0.031902 0.0180416 0.0533384 -0.0492186 0.00883792
 0.0292516 0.016238 0.0502632 -0.0463837 0.00756527
 0.0269698 0.0147154 0.0471598 -0.0434193 0.00655804
 0.0251298 0.0135277 0.0440643 -0.040563 0.0058255
 0.0231471 0.0121251 0.0406849 -0.0373064 0.00465903
 0.0212956 0.0110109 0.0364515 -0.033192 0.00394323
 0.0203589 0.0104467 0.033777 -0.0305759 0.00371063
 0.0192729 0.00970467 0.0312967 -0.0282318 0.00313391
 0.0184126 0.00918733 0.0285495 -0.0256388 0.00273347
 0.0177072 0.00886608 0.0257517 -0.0229056 0.00266017
 0.0170184 0.00845675 0.0232662 -0.0204972 0.00244395
 0.0166851 0.00836658 0.0217688 -0.018993 0.00279094
 0.0158997 0.00785382 0.0192247 -0.0166549 0.00229797
 0.0155043 0.00767627 0.0180958 -0.0156571 0.00242583
 0.0150325 0.00718463 0.0164707 -0.0140858 0.00177062
 0.0144107 0.00691681 0.015302 -0.012984 0.00194543
 0.0139074 0.00655235 0.0146077 -0.0122862 0.00171713
 0.013389 0.00623448 0.0135298 -0.0113795 0.00159522
 0.012687 0.00580109 0.0132858 -0.0112826 0.00150114
 0.0123138 0.005444 0.0124459 -0.0104933 0.00116347
 0.0118457 0.0051182 0.0119116 -0.0101474 0.00087395
 0.0115311 0.00498091 0.0121805 -0.0104385 0.00108692
 0.0110702 0.00472589 0.0123413 -0.0106067 0.00106732
 0.0106606 0.00441287 0.0123667 -0.0107067 0.000835692
 0.0101596 0.00416067 0.0122557 -0.0107627 0.000847242
 0.0100333 0.00404521 0.0124377 -0.0109714 0.000835733
 0.00953783 0.00380034 0.0124565 -0.0111782 0.000773482
 0.00904883 0.00346466 0.0129027 -0.0116023 0.000481195
 0.00871075 0.0033818 0.0125901 -0.0114312 0.000681622
 0.00841108 0.00326266 0.0125275 -0.0113865 0.000778844
 0.00812127 0.00309962 0.0128075 -0.0117168 0.000694383
 0.00778671 0.00292293 0.013218 -0.0121268 0.000631989
 0.00759781 0.00287759 0.0124009 -0.011448 0.000676191
 0.00733384 0.00270125 0.0131798 -0.0122353 0.000584871
 0.00710121 0.00261634 0.0125142 -0.0116532 0.000609622
 0.00701372 0.00256279 0.0123334 -0.0115716 0.000581504
 0.00671687 0.00247839 0.0121246 -0.0113512 0.000636792
 0.00641493 0.00234972 0.0112176 -0.0105411 0.000607926
 0.0062083 0.00228493 0.010819 -0.0102158 0.000636122
 0.00608488 0.00219617 0.0105045 -0.00990108 0.000553659
 0.00579857 0.00211107 0.00985058 -0.00931733 0.000597576
 0.0056614 0.00206536 0.00951958 -0.00900125 0.000646143
 0.00547585 0.00198158 0.00898242 -0.00852025 0.000587493
 0.00525411 0.00190392 0.00825621 -0.00785901 0.000590038
 0.00510088 0.00183057 0.00787888 -0.00748579 0.000563769
 0.00490203 0.00174815 0.00703668 -0.00668652 0.000516553
 0.00476457 0.00169333 0.00656718 -0.00626527 0.000519841
 0.00456577 0.00162484 0.00579497 -0.00552743 0.000512461
 0.00438383 0.00154779 0.00550128 -0.00525272 0.000492612
 0.00423743 0.00148939 0.00495978 -0.0047485 0.000469318
 0.00403361 0.00141078 0.00450137 -0.00432386 0.000447446
 0.00387436 0.00135278 0.00391571 -0.00377128 0.00044552
 0.00370903 0.00128763 0.00358167 -0.00344714 0.000419845
 0.00353682 0.00122048 0.00319258 -0.00308472 0.000400922
 0.00337141 0.00115975 0.00289818 -0.00279392 0.000384593
 0.00318581 0.00108414 0.0025544 -0.00246975 0.00034397
 0.00302573 0.00102213 0.00223507 -0.00216546 0.000323025
 0.00285905 0.000961658 0.00197148 -0.00191643 0.000304616
 0.00273152 0.000915758 0.00175156 -0.00170645 0.000294813
 0.00255773 0.000851158 0.00151788 -0.00148512 0.000267789
 0.00244336 0.000809914 0.00135961 -0.00133604 0.000255702
 0.00228453 0.000754203 0.00114838 -0.00113285 0.000240462
 0 0 0 0 0
 0 0 0 0 0
 0 0 0 0 0
 0 0 0 0 0
 0 0 0 0 0
 0 0 0 0 0
 0 0 0 0 0
 0 0 0 0 0
 0 0 0 0 0
 0 0 0 0 0
 0 0 0 0 0
 0 0 0 0 0
 0 0 0 0 0
 0 0 0 0 0
 0 0 0 0 0
 0 0 0 0 0
 0 0 0 0 0
 0 0 0 0 0
 0 0 0 0 0
 0 0 0 0 0
 0 0 0 0 0
 0 0 0 0 0
 0 0 0 0 0
 0 0 0 0 0
 0 0 0 0 0
 0 0 0 0 0
 0 0 0 0 0
 0 0 0 0 0
 0 0 0 0 0
 0 0 0 0 0
 0 0 0 0 0
 0 0 0 0 0
 0 0 0 0 0
 0 0 0 0 0
 0 0 0 0 0
 0 0 0 0 0
 0 0 0 0 0
 0 0 0 0 0
 0 0 0 0 0
 0 0 0 0 0
 0 0 0 0 0
 2.60501 2.29808 0.0881108 -0.0720992 2.03007
 1.30962 1.12634 0.0885808 -0.0736019 0.971317
 0.802315 0.673022 0.0903075 -0.0762342 0.566618
 0.539902 0.441858 0.0900492 -0.0768381 0.363437
 0.387874 0.30984 0.0898383 -0.0778901 0.24899
 0.293243 0.228728 0.0902767 -0.0791722 0.179589
 0.226772 0.172741 0.0894108 -0.0788248 0.132437
 0.183276 0.136448 0.089505 -0.0797807 0.102263
 0.151101 0.109993 0.0884858 -0.0795428 0.0806107
 0.121906 0.0867467 0.08464 -0.0764835 0.0621292
 0.101755 0.0707353 0.0823079 -0.0747762 0.0492299
 0.0867592 0.0589402 0.0795222 -0.0726315 0.0398384
 0.0749803 0.0498485 0.0778985 -0.0713527 0.0328234
 0.0630743 0.0410243 0.0728 -0.0669804 0.0261912
 0.055934 0.035557 0.0711675 -0.0656308 0.0219488
 0.0485827 0.030311 0.0669657 -0.0618472 0.0182882
 0.0449174 0.0273955 0.0664362 -0.0613931 0.0158763
 0.0398227 0.0237354 0.0620034 -0.0572949 0.0130321
 0.0354626 0.0207762 0.058368 -0.0540123 0.0110593
 0.031655 0.0181629 0.0544732 -0.0502805 0.00929808
 0.0291367 0.0164182 0.0514054 -0.0473461 0.00806016
 0.0268406 0.0148238 0.0479058 -0.0440906 0.00681288
 0.0246059 0.0133047 0.0449048 -0.0413238 0.00564551
 0.022936 0.0121832 0.0417322 -0.038258 0.00494413
 0.0213215 0.0112449 0.0382282 -0.0349303 0.00449187
 0.019996 0.0104504 0.0355837 -0.0322821 0.00412131
 0.0190346 0.00982167 0.0325737 -0.0294608 0.00362947
 0.0180245 0.00902867 0.0302349 -0.0270745 0.00274985
 0.0173815 0.00882517 0.0274822 -0.024502 0.00310753
 0.0168628 0.00845925 0.0248304 -0.0219767 0.00265197
 0.0163449 0.00831153 0.0227339 -0.0199817 0.00288389
 0.0156325 0.00777252 0.0209502 -0.0183273 0.00237709
 0.0150855 0.00751396 0.0187874 -0.0161781 0.00235482
 0.0145049 0.00703919 0.0174337 -0.0149872 0.00186795
 0.0138959 0.00676274 0.0162013 -0.0138569 0.00207976
 0.0137018 0.00652043 0.0149487 -0.0126981 0.00165299
 0.0130857 0.00624387 0.0142088 -0.0120904 0.00197243
 0.0129432 0.00610616 0.0134193 -0.0113144 0.00186746
 0.0121138 0.00551731 0.0125483 -0.0106595 0.00143218
 0.0117837 0.00524124 0.012329 -0.0104907 0.00125895
 0.0112297 0.00496997 0.0117358 -0.00996033 0.00122785
 0.0107184 0.00463462 0.0123289 -0.0106978 0.00107624
 0.0102083 0.00433977 0.0122481 -0.0105979 0.000914142
 0.0100627 0.00414252 0.0120778 -0.010543 0.000727759
 0.00968708 0.00404418 0.0122947 -0.0107502 0.00102199
 0.00920167 0.00367603 0.0115181 -0.0101746 0.000655721
 0.00889283 0.00359655 0.0120855 -0.0107895 0.000846242
 0.008529 0.00341228 0.0123723 -0.0111155 0.000806003
 0.00823098 0.00318984 0.0120514 -0.0109342 0.000653746
 0.00797212 0.00307505 0.0122188 -0.0111125 0.000661767
 0.00770432 0.00293301 0.0125218 -0.0115217 0.000622524
 0.00747987 0.00284915 0.0124852 -0.0115267 0.000622928
 0.00722059 0.00272407 0.0125181 -0.011666 0.000639152
 0.00693172 0.00258844 0.0117577 -0.0109091 0.00059621
 0.00678629 0.00254886 0.0115565 -0.0107711 0.000679392
 0.00658268 0.00244673 0.0116228 -0.0108887 0.000610091
 0.00636297 0.00238919 0.0109582 -0.0102814 0.000691739
 0.00611586 0.0022811 0.0106146 -0.0100057 0.000674955
 0.00601957 0.00223746 0.0103099 -0.0097055 0.000670638
 0.00588666 0.00216521 0.0102578 -0.00970533 0.000620567
 0.00558312 0.00205042 0.00931792 -0.00882817 0.00061268
 0.00540742 0.00199412 0.00827455 -0.00784284 0.000640777
 0.0052577 0.00191728 0.00810091 -0.00770708 0.000581929
 0.00504678 0.00183848 0.00752325 -0.00713075 0.000572728
 0.00485422 0.00176901 0.00691162 -0.00658709 0.000582148
 0.0046999 0.0017073 0.00658828 -0.00627506 0.000562432
 0.00451344 0.00163154 0.00582663 -0.00556228 0.000538157
 0.00431437 0.00154949 0.00519073 -0.0049466 0.000505495
 0.00426278 0.00152163 0.00503781 -0.0048319 0.000494077
 0.00400034 0.00141997 0.00432412 -0.00414485 0.000466988
 0.00384897 0.00136056 0.00397382 -0.00381815 0.000453434
 0.00369823 0.00129857 0.00362691 -0.00349323 0.000428763
 0.00355948 0.00124842 0.00318777 -0.00307058 0.00041947
 0.00337297 0.00117337 0.00292988 -0.00283421 0.000388814
 0.00320093 0.00110732 0.00252008 -0.00244174 0.000362613
 0.00303227 0.00104109 0.00225234 -0.00218649 0.000338232
 0.00288988 0.000989183 0.00196836 -0.00191717 0.000322384
 0.00269929 0.000919775 0.00174734 -0.001704 0.000303187
 0.0026308 0.00088945 0.00157499 -0.00153807 0.000287428
 0.00245657 0.000826883 0.00137683 -0.0013548 0.00026721
 0 0 0 0 0
 0 0 0 0 0
 0 0 0 0 0
 0 0 0 0 0
 0 0 0 0 0
 0 0 0 0 0
 0 0 0 0 0
 0 0 0 0 0
 0 0 0 0 0
 0 0 0 0 0
 0 0 0 0 0
 0 0 0 0 0
 0 0 0 0 0
 0 0 0 0 0
 0 0 0 0 0
 0 0 0 0 0
 0 0 0 0 0
 0 0 0 0 0
 0 0 0 0 0
 0 0 0 0 0
 0 0 0 0 0
 0 0 0 0 0
 0 0 0 0 0
 0 0 0 0 0
 0 0 0 0 0
 0 0 0 0 0
 0 0 0 0 0
 0 0 0 0 0
 0 0 0 0 0
 0 0 0 0 0
 0 0 0 0 0
 0 0 0 0 0
 0 0 0 0 0
 0 0 0 0 0
 0 0 0 0 0
 0 0 0 0 0
 0 0 0 0 0
 0 0 0 0 0
 0 0 0 0 0
 0 0 0 0 0
 0 0 0 0 0
 0 0 0 0 0
 2.57193 2.2831 0.0832147 -0.0673223 2.02963
 1.30531 1.13036 0.0840067 -0.0692545 0.981367
 0.790934 0.668391 0.0856208 -0.0715273 0.566919
 0.525942 0.433835 0.0850433 -0.0723281 0.359663
 0.377428 0.304118 0.0857358 -0.0738132 0.246588
 0.284256 0.22378 0.0856817 -0.0745075 0.177676
 0.22285 0.171395 0.0863508 -0.0760308 0.132942
 0.178243 0.133937 0.0861617 -0.0764805 0.101315
 0.149923 0.110197 0.0870492 -0.0777799 0.0815959
 0.119934 0.0862933 0.0822862 -0.0740392 0.0626965
 0.101892 0.0716634 0.081226 -0.0736652 0.0506981
 0.08705 0.0599335 0.0802189 -0.0730858 0.0414721
 0.0746282 0.0503383 0.0775086 -0.0708222 0.0341329
 0.0635578 0.0419095 0.0733907 -0.0672179 0.027478
 0.0568856 0.0366787 0.0720585 -0.066176 0.0232241
 0.0502847 0.0317352 0.069428 -0.063857 0.0194007
 0.0444439 0.0275063 0.0657808 -0.0606108 0.0163638
 0.0392588 0.0237949 0.0620052 -0.0572631 0.0135583
 0.0354273 0.0210194 0.0588692 -0.0544467 0.0115164
 0.0326435 0.0189518 0.0567626 -0.0523702 0.00994375
 0.0289128 0.0165416 0.0516897 -0.0476337 0.00844875
 0.0267071 0.0149923 0.0494147 -0.0454572 0.00729905
 0.0245774 0.0135374 0.0455828 -0.0419424 0.00615147
 0.02281 0.0123818 0.0431164 -0.0395642 0.00545405
 0.0213853 0.011285 0.0401711 -0.0366873 0.00438966
 0.0200827 0.0106005 0.0368751 -0.0335398 0.00434038
 0.0189617 0.00989658 0.0346214 -0.0313607 0.00386358
 0.0179988 0.00934717 0.0314867 -0.0284756 0.003669
 0.0171766 0.00879767 0.0285064 -0.025511 0.00316303
 0.0161993 0.00821653 0.0257163 -0.0229172 0.00279607
 0.0158046 0.00801254 0.0235435 -0.020741 0.00277413
 0.0153537 0.00773202 0.0218563 -0.0191333 0.00252034
 0.0147773 0.00742541 0.0198916 -0.0173523 0.00253415
 0.0143234 0.00699778 0.0184778 -0.0159556 0.00200441
 0.0137817 0.00687569 0.016928 -0.0144931 0.0024149
 0.013398 0.0065079 0.0156247 -0.0133713 0.00196631
 0.012713 0.00601755 0.0147488 -0.0125252 0.00169847
 0.0122182 0.00567642 0.0141058 -0.0120418 0.00149432
 0.0118799 0.00546877 0.0128417 -0.0109178 0.00145613
 0.011171 0.00499089 0.0129305 -0.0110959 0.00111378
 0.0109003 0.00483485 0.0123632 -0.010634 0.00118389
 0.0108167 0.0047737 0.0121192 -0.0104136 0.00122299
 0.00999633 0.00436267 0.011869 -0.0102571 0.00116856
 0.00985158 0.00414596 0.0113112 -0.00986717 0.0008921
 0.00934892 0.00392558 0.0116048 -0.0101495 0.000960167
 0.00912325 0.00378347 0.0118088 -0.0105019 0.000954408
 0.00866617 0.00346712 0.0113148 -0.0100952 0.000645263
 0.0084805 0.00345523 0.0117722 -0.0106278 0.000862475
 0.00816122 0.00323333 0.0118657 -0.0107057 0.000722229
 0.00788846 0.00310534 0.0116158 -0.0105974 0.00072729
 0.00766929 0.00300217 0.0120428 -0.0109991 0.000710178
 0.00740686 0.00289857 0.0117957 -0.0109149 0.000794535
 0.00720768 0.00279623 0.0115918 -0.0106859 0.000749893
 0.00704923 0.0027135 0.0114116 -0.0105573 0.000733597
 0.00666278 0.00256158 0.0116073 -0.0108193 0.000743934
 0.00652858 0.00249352 0.0110404 -0.0103292 0.000720229
 0.00617952 0.00234594 0.0106787 -0.0100283 0.000672123
 0.00608013 0.00228938 0.0105343 -0.00991217 0.00065466
 0.00593482 0.00222697 0.00968133 -0.00915042 0.000660546
 0.00575514 0.00214648 0.00937767 -0.00888583 0.000622733
 0.00553841 0.00207234 0.00883525 -0.00839267 0.000652233
 0.00536988 0.00201601 0.00843108 -0.0079986 0.000652278
 0.00521858 0.00195666 0.00785006 -0.00745389 0.000664159
 0.00494924 0.00183947 0.0072844 -0.00693458 0.000595868
 0.00482648 0.00177388 0.00696066 -0.00661467 0.000569226
 0.00464105 0.00169697 0.00632696 -0.0060261 0.000547488
 0.00448969 0.00164542 0.00570316 -0.00544448 0.000539613
 0.00438207 0.0015917 0.00531044 -0.00507487 0.000528885
 0.00422099 0.00153459 0.00485353 -0.00464542 0.000521961
 0.00402424 0.00145187 0.00443916 -0.00425628 0.000492953
 0.00385899 0.00138831 0.00401145 -0.00384427 0.000469002
 0.00365962 0.00130354 0.00360619 -0.00347315 0.00043256
 0.00348712 0.00123969 0.00322453 -0.00310999 0.000418871
 0.00337603 0.00119322 0.00293243 -0.00283316 0.000396252
 0.00326074 0.00114653 0.00265644 -0.00256438 0.000383139
 0.00307844 0.00107507 0.00231319 -0.00223929 0.000358131
 0.00291739 0.00101159 0.00203931 -0.00198342 0.000336458
 0.00273991 0.000945675 0.00178004 -0.00173794 0.000312432
 0.00259265 0.000893125 0.00158471 -0.00155256 0.000301818
 0 0 0 0 0
 0 0 0 0 0
 0 0 0 0 0
 0 0 0 0 0
 0 0 0 0 0
 0 0 0 0 0
 0 0 0 0 0
 0 0 0 0 0
 0 0 0 0 0
 0 0 0 0 0
 0 0 0 0 0
 0 0 0 0 0
 0 0 0 0 0
 0 0 0 0 0
 0 0 0 0 0
 0 0 0 0 0
 0 0 0 0 0
 0 0 0 0 0
 0 0 0 0 0
 0 0 0 0 0
 0 0 0 0 0
 0 0 0 0 0
 0 0 0 0 0
 0 0 0 0 0
 0 0 0 0 0
 0 0 0 0 0
 0 0 0 0 0
 0 0 0 0 0
 0 0 0 0 0
 0 0 0 0 0
 0 0 0 0 0
 0 0 0 0 0
 0 0 0 0 0
 0 0 0 0 0
 0 0 0 0 0
 0 0 0 0 0
 0 0 0 0 0
 0 0 0 0 0
 0 0 0 0 0
 0 0 0 0 0
 0 0 0 0 0
 0 0 0 0 0
 0 0 0 0 0
 2.49712 2.22982 0.0760012 -0.0606659 1.99402
 1.25957 1.09784 0.0776698 -0.0633378 0.959433
 0.777143 0.661356 0.0808447 -0.0671227 0.565127
 0.511183 0.42487 0.0805762 -0.0678667 0.355093
 0.367392 0.298363 0.0810068 -0.0693642 0.244048
 0.281049 0.223074 0.0821436 -0.0711128 0.178558
 0.216503 0.168002 0.0827057 -0.0722169 0.131542
 0.175336 0.133061 0.0828512 -0.0731652 0.101994
 0.143068 0.106174 0.082282 -0.0732096 0.0795612
 0.118616 0.086155 0.0799748 -0.0716541 0.0632468
 0.100523 0.0714683 0.0796873 -0.0718014 0.0513118
 0.0861808 0.0599583 0.0782711 -0.0709068 0.0419621
 0.0739982 0.0503787 0.0757968 -0.0691948 0.0343722
 0.0651743 0.0434568 0.0750431 -0.0686162 0.0288467
 0.0565013 0.0368913 0.0720953 -0.0660336 0.0238148
 0.04849 0.0309342 0.0666226 -0.0612078 0.0192541
 0.0434313 0.0270898 0.0647576 -0.0594828 0.0162153
 0.0392161 0.0240667 0.0624699 -0.0575642 0.014209
 0.034773 0.0207529 0.0582039 -0.0537005 0.0113659
 0.0323107 0.0191559 0.0572272 -0.0528349 0.0106411
 0.0295009 0.0171039 0.0540722 -0.0498198 0.00902892
 0.0261482 0.0148543 0.0492643 -0.0452734 0.00748202
 0.0242618 0.0135477 0.046729 -0.0429428 0.00648622
 0.0228279 0.0125654 0.0445532 -0.0409046 0.00592664
 0.0208048 0.0112408 0.0402344 -0.0368123 0.00496461
 0.0196666 0.0104638 0.0376838 -0.0343528 0.0043811
 0.0185122 0.00969183 0.0344943 -0.031308 0.00381337
 0.0175002 0.00910217 0.03218 -0.0290391 0.00351917
 0.016625 0.00846483 0.0299248 -0.0269301 0.00285303
 0.0161717 0.00827056 0.0271226 -0.0242163 0.00296238
 0.0153287 0.00782707 0.0244798 -0.0217094 0.00276737
 0.0152064 0.00774276 0.022862 -0.0201327 0.00273498
 0.0144833 0.00724265 0.0208049 -0.0181991 0.0023252
 0.0138359 0.00694433 0.0190023 -0.016538 0.00238563
 0.013369 0.0066572 0.0172109 -0.0149535 0.0022254
 0.0129583 0.00645792 0.0161864 -0.0139848 0.00226568
 0.0124274 0.0060111 0.0149962 -0.012909 0.00186983
 0.0121382 0.00581379 0.0141822 -0.012063 0.00181812
 0.0115766 0.0053835 0.0133343 -0.0113756 0.0014898
 0.0112772 0.00518162 0.0127363 -0.0107825 0.00138612
 0.0107099 0.00490716 0.0119567 -0.0102274 0.00148234
 0.0104228 0.00460543 0.0118263 -0.0100429 0.00109092
 0.00981425 0.00422587 0.0114649 -0.00987558 0.000936533
 0.00948558 0.00401889 0.0120114 -0.0104708 0.000878733
 0.00929225 0.00398959 0.011486 -0.0100554 0.00106863
 0.00897683 0.00372649 0.0112335 -0.00992208 0.000838917
 0.0086585 0.00362955 0.0115701 -0.0102493 0.000998867
 0.00833692 0.00337986 0.0111803 -0.00999025 0.000766592
 0.00815708 0.00329362 0.011773 -0.0105651 0.000836567
 0.0076593 0.00305433 0.0117352 -0.0106658 0.000742543
 0.00744529 0.00294962 0.0114805 -0.0104791 0.000736689
 0.00720967 0.00286383 0.0112527 -0.0103596 0.000786565
 0.00713425 0.00279052 0.0109675 -0.010088 0.000720983
 0.00676628 0.00265038 0.0108253 -0.0100199 0.000747585
 0.00652445 0.00252732 0.0109657 -0.0102116 0.000715102
 0.00635623 0.00247782 0.0107536 -0.009988 0.000760135
 0.00624582 0.0024099 0.010461 -0.00985308 0.0007334
 0.00603213 0.0023179 0.0101866 -0.009537 0.000707479
 0.00582463 0.00221384 0.009935 -0.00935733 0.000665084
 0.00562669 0.00216585 0.00959242 -0.00906342 0.000714863
 0.00542582 0.00206632 0.00876425 -0.00828254 0.000647063
 0.00523315 0.00196982 0.00827836 -0.00785463 0.000622207
 0.0051753 0.00196204 0.00759423 -0.00721824 0.000662495
 0.00498025 0.00188134 0.0070059 -0.00665045 0.000635582
 0.00483022 0.00181126 0.00678948 -0.00642792 0.000604269
 0.00460697 0.00171377 0.00621852 -0.0059536 0.000574229
 0.00450417 0.00167369 0.00562663 -0.00537083 0.000566744
 0.00434158 0.00160618 0.00537169 -0.00514581 0.000550434
 0.00419049 0.00154017 0.00485206 -0.0046458 0.000527019
 0.00401575 0.00147495 0.00434848 -0.00416618 0.000515752
 0.0038169 0.00139142 0.00399343 -0.00383299 0.000482793
 0.00369256 0.00134191 0.00350867 -0.00337248 0.000467082
 0.00349017 0.00125773 0.00318858 -0.00307292 0.000431792
 0.00334747 0.00119962 0.00277728 -0.00268308 0.000411487
 0.00318803 0.0011393 0.00257923 -0.00249358 0.000395388
 0.00303317 0.00107663 0.00231567 -0.0022557 0.000369142
 0.0028878 0.0010165 0.00201085 -0.00196294 0.000343833
 0.00272949 0.000957325 0.00178523 -0.00174424 0.000321873
 0 0 0 0 0
 0 0 0 0 0
 0 0 0 0 0
 0 0 0 0 0
 0 0 0 0 0
 0 0 0 0 0
 0 0 0 0 0
 0 0 0 0 0
 0 0 0 0 0
 0 0 0 0 0
 0 0 0 0 0
 0 0 0 0 0
 0 0 0 0 0
 0 0 0 0 0
 0 0 0 0 0
 0 0 0 0 0
 0 0 0 0 0
 0 0 0 0 0
 0 0 0 0 0
 0 0 0 0 0
 0 0 0 0 0
 0 0 0 0 0
 0 0 0 0 0
 0 0 0 0 0
 0 0 0 0 0
 0 0 0 0 0
 0 0 0 0 0
 0 0 0 0 0
 0 0 0 0 0
 0 0 0 0 0
 0 0 0 0 0
 0 0 0 0 0
 0 0 0 0 0
 0 0 0 0 0
 0 0 0 0 0
 0 0 0 0 0
 0 0 0 0 0
 0 0 0 0 0
 0 0 0 0 0
 0 0 0 0 0
 0 0 0 0 0
 0 0 0 0 0
 0 0 0 0 0
 0 0 0 0 0
 2.46214 2.21064 0.0703369 -0.0556352 1.98803
 1.21155 1.06248 0.0714414 -0.0575187 0.934633
 0.739119 0.633141 0.0745813 -0.0611366 0.544706
 0.499364 0.418043 0.0760612 -0.0635053 0.35204
 0.35599 0.291219 0.0775097 -0.0657343 0.239984
 0.265526 0.212393 0.0763641 -0.0654807 0.17137
 0.212498 0.16632 0.0798452 -0.0692692 0.131603
 0.171485 0.131251 0.0793813 -0.0696734 0.101621
 0.141875 0.106205 0.0793239 -0.070263 0.0803608
 0.117139 0.0858975 0.0788246 -0.0703645 0.0637986
 0.0985017 0.0706547 0.0772267 -0.0695453 0.0511504
 0.0840608 0.0590982 0.076303 -0.06872 0.0420593
 0.0738145 0.0507662 0.0752239 -0.0683563 0.0350792
 0.0636108 0.0429018 0.0725246 -0.0661784 0.0290528
 0.0548165 0.0362727 0.0693514 -0.0633577 0.0241458
 0.0480957 0.0311275 0.0662959 -0.0607143 0.0199844
 0.0431969 0.0274442 0.0645175 -0.0592966 0.0172503
 0.03894 0.0242822 0.0624738 -0.0575577 0.0149073
 0.0349698 0.0213407 0.0591273 -0.054409 0.0125141
 0.0310956 0.0185531 0.0554559 -0.0510303 0.0103476
 0.0285305 0.0166826 0.052853 -0.0487279 0.0088505
 0.0259777 0.0149109 0.0497384 -0.04575 0.00759756
 0.0245917 0.0139235 0.047941 -0.0440623 0.00705576
 0.0223186 0.0124707 0.0445892 -0.0408352 0.00614499
 0.0205689 0.0113082 0.0408095 -0.037292 0.00533427
 0.0197894 0.0107043 0.0395777 -0.0360682 0.00478864
 0.0185811 0.00993283 0.0364182 -0.0331096 0.00430552
 0.0173274 0.0091395 0.0331818 -0.0300788 0.00379657
 0.0165349 0.00863867 0.030581 -0.0276357 0.00346245
 0.0159981 0.00826064 0.0292901 -0.0263019 0.00316237
 0.0152103 0.00783017 0.025672 -0.0227895 0.00292836
 0.0146804 0.00755982 0.023367 -0.0206351 0.00284648
 0.0138592 0.00707582 0.0217553 -0.0191179 0.00263623
 0.0135555 0.00684627 0.0197577 -0.017315 0.00234052
 0.0127401 0.00631339 0.0178352 -0.0155407 0.00197206
 0.0127525 0.00626062 0.017107 -0.0148368 0.00191001
 0.0120847 0.00587821 0.0154343 -0.0133214 0.00184548
 0.0117658 0.00566822 0.0147277 -0.0125612 0.00174908
 0.0111964 0.00529808 0.013912 -0.0119257 0.00154497
 0.0110443 0.00515882 0.0126693 -0.0108458 0.00154108
 0.0105607 0.00487038 0.0118607 -0.0101883 0.00146322
 0.0100179 0.00452583 0.0118053 -0.0100927 0.00127389
 0.00974233 0.0043666 0.0115605 -0.0100159 0.00122793
 0.00938833 0.00414637 0.0112848 -0.00974533 0.00120533
 0.00911983 0.00390724 0.0107912 -0.00941942 0.000944383
 0.00865975 0.00365809 0.0111989 -0.00982225 0.000942458
 0.00839667 0.00348285 0.0108803 -0.0096235 0.000844025
 0.00806871 0.00332278 0.0108507 -0.00968992 0.000807891
 0.007838 0.00322903 0.010933 -0.0098195 0.0008735
 0.00764011 0.00318331 0.0107117 -0.00963408 0.000990875
 0.00736639 0.00296961 0.0107907 -0.00983933 0.000784476
 0.00715325 0.00287289 0.0107612 -0.00982758 0.000787002
 0.00697102 0.00280586 0.0106486 -0.00979 0.000847675
 0.00665889 0.0026613 0.0106468 -0.00978383 0.000836783
 0.00642995 0.00250732 0.011102 -0.0103236 0.000670728
 0.00629827 0.00248265 0.0102794 -0.00957267 0.000770196
 0.00601691 0.00236905 0.010022 -0.00933175 0.000770656
 0.00589346 0.00229151 0.00988483 -0.00931067 0.000723814
 0.00574231 0.00221516 0.009515 -0.00896308 0.000685509
 0.00550692 0.00213322 0.00910225 -0.00858767 0.00068927
 0.00549141 0.00213201 0.00841875 -0.00794663 0.000728378
 0.00518588 0.00199026 0.0081889 -0.00776483 0.000653663
 0.00506593 0.00194225 0.00756385 -0.00719069 0.000654935
 0.00490824 0.00187488 0.00721322 -0.00684103 0.000630817
 0.00477636 0.00182195 0.00677659 -0.00645452 0.000639296
 0.00458499 0.00174512 0.00594304 -0.00567013 0.000613648
 0.00440903 0.00165797 0.00552204 -0.00528567 0.000573168
 0.00427883 0.00160738 0.00529834 -0.00504475 0.000558935
 0.00412482 0.00154264 0.00470481 -0.00451278 0.000546024
 0.00394478 0.0014613 0.00427369 -0.00410122 0.000505466
 0.00377402 0.00139538 0.00389404 -0.00373382 0.000483588
 0.00364023 0.00133892 0.00348319 -0.00334582 0.000473768
 0.00348343 0.00127549 0.00325044 -0.00313053 0.000450877
 0.00335777 0.00122003 0.00287296 -0.00277746 0.000423471
 0.00316541 0.00114387 0.00256826 -0.00248911 0.000392374
 0.00304791 0.00109458 0.00234093 -0.00227883 0.000377137
 0.0029094 0.00103973 0.00207536 -0.00202136 0.000359748
 0 0 0 0 0
 0 0 0 0 0
 0 0 0 0 0
 0 0 0 0 0
 0 0 0 0 0
 0 0 0 0 0
 0 0 0 0 0
 0 0 0 0 0
 0 0 0 0 0
 0 0 0 0 0
 0 0 0 0 0
 0 0 0 0 0
 0 0 0 0 0
 0 0 0 0 0
 0 0 0 0 0
 0 0 0 0 0
 0 0 0 0 0
 0 0 0 0 0
 0 0 0 0 0
 0 0 0 0 0
 0 0 0 0 0
 0 0 0 0 0
 0 0 0 0 0
 0 0 0 0 0
 0 0 0 0 0
 0 0 0 0 0
 0 0 0 0 0
 0 0 0 0 0
 0 0 0 0 0
 0 0 0 0 0
 0 0 0 0 0
 0 0 0 0 0
 0 0 0 0 0
 0 0 0 0 0
 0 0 0 0 0
 0 0 0 0 0
 0 0 0 0 0
 0 0 0 0 0
 0 0 0 0 0
 0 0 0 0 0
 0 0 0 0 0
 0 0 0 0 0
 0 0 0 0 0
 0 0 0 0 0
 0 0 0 0 0
 2.32464 2.09793 0.0630938 -0.0490587 1.89645
 1.14522 1.00994 0.0651454 -0.0518331 0.893617
 0.705532 0.60812 0.0686652 -0.0558954 0.526707
 0.472171 0.397838 0.0705358 -0.0583308 0.337262
 0.339379 0.279648 0.0713044 -0.059831 0.232213
 0.258454 0.208326 0.0726698 -0.0618402 0.169563
 0.206345 0.162653 0.0754375 -0.0649705 0.129649
 0.164316 0.126787 0.0750271 -0.0653461 0.098985
 0.136237 0.102862 0.0758748 -0.0666961 0.0786023
 0.116152 0.0859417 0.0765717 -0.0681187 0.0645323
 0.0949333 0.0687625 0.0734916 -0.065754 0.0504223
 0.0825261 0.0585629 0.0742317 -0.0668409 0.0421359
 0.0724071 0.0503356 0.0736277 -0.066587 0.0354114
 0.0631983 0.0430282 0.0719704 -0.0654752 0.0295076
 0.0550924 0.036731 0.0692356 -0.0631482 0.0245183
 0.047326 0.0309511 0.0652871 -0.0597861 0.0201401
 0.0430732 0.0275707 0.0644347 -0.0590027 0.0174384
 0.0382201 0.0239888 0.0612875 -0.0564201 0.014734
 0.0345287 0.0212474 0.0589642 -0.0541957 0.012601
 0.0315036 0.0191227 0.0566058 -0.0521033 0.0112552
 0.0278588 0.0164723 0.0523728 -0.0482461 0.00907117
 0.0262307 0.0152735 0.051239 -0.0471823 0.00816886
 0.0237427 0.0136608 0.0474298 -0.0436178 0.00725437
 0.0224242 0.0127131 0.0454052 -0.0415925 0.00652776
 0.0206559 0.0114909 0.0424473 -0.0388679 0.00564647
 0.0194042 0.0105857 0.0398354 -0.0363187 0.00478502
 0.0180472 0.0096955 0.0366117 -0.0333619 0.00426456
 0.0169853 0.00901033 0.0339882 -0.0308686 0.00380508
 0.0159925 0.008399 0.031011 -0.02806 0.00336582
 0.0156993 0.00820791 0.0293672 -0.0264323 0.00333718
 0.0151668 0.00784094 0.0270468 -0.0242112 0.00297623
 0.0142472 0.00732995 0.0243184 -0.0215742 0.00274925
 0.0139172 0.00715377 0.0226496 -0.0200038 0.00265638
 0.0131439 0.00669402 0.0200924 -0.0176591 0.00234775
 0.0127598 0.00649273 0.0187257 -0.0163734 0.00238519
 0.0124105 0.00619972 0.0174747 -0.0152029 0.0021387
 0.0120376 0.00602882 0.0162422 -0.0140543 0.00222323
 0.011521 0.0055717 0.0150191 -0.0129554 0.00175227
 0.0110599 0.00534757 0.0138141 -0.0118554 0.00180752
 0.0106346 0.00505047 0.0132546 -0.0114656 0.00165966
 0.0101353 0.00466272 0.0125494 -0.0107672 0.00122805
 0.00988108 0.0045432 0.0121027 -0.0104233 0.00139046
 0.00947858 0.00424075 0.0116777 -0.0101048 0.00112523
 0.00916733 0.00399637 0.0109181 -0.00940858 0.000970117
 0.00886258 0.00387778 0.0107503 -0.00942583 0.0010423
 0.00843933 0.00361722 0.0112625 -0.00994017 0.00098015
 0.00806116 0.00342511 0.0110567 -0.00984867 0.000900983
 0.00799153 0.00336404 0.0105813 -0.00943575 0.00089285
 0.00763525 0.00319263 0.0107802 -0.0097315 0.000877133
 0.00740605 0.00312144 0.0106483 -0.0096075 0.000952533
 0.00719607 0.00295861 0.0103798 -0.0094145 0.000866133
 0.00707998 0.00288778 0.0105466 -0.0096145 0.000848608
 0.00678117 0.00276105 0.0105164 -0.00967458 0.000843608
 0.00657263 0.00265037 0.0104545 -0.00965025 0.000791831
 0.00634502 0.0025568 0.010275 -0.009562 0.00081584
 0.00622077 0.00248851 0.0102055 -0.00950025 0.000790365
 0.00597168 0.00236567 0.00966917 -0.00898333 0.000730111
 0.00581662 0.00231254 0.00950983 -0.00890942 0.00076851
 0.00564216 0.00222051 0.00890883 -0.00838267 0.000721061
 0.00545324 0.00215214 0.00886542 -0.00834125 0.000736782
 0.00544941 0.0021287 0.00850958 -0.00803958 0.000707307
 0.00517631 0.00201103 0.00790852 -0.00748124 0.000663239
 0.00500477 0.00195537 0.00759238 -0.00719553 0.000693175
 0.00484862 0.00187024 0.00703413 -0.00669092 0.000639251
 0.00473445 0.00182955 0.00644107 -0.00614287 0.000651791
 0.00452117 0.00172843 0.00596015 -0.00569307 0.000594483
 0.00439832 0.00168297 0.00569984 -0.00542896 0.000600987
 0.00429303 0.00163033 0.00518999 -0.00495337 0.000579559
 0.00407432 0.00154614 0.00457513 -0.00438201 0.000554829
 0.0039935 0.00150478 0.00439087 -0.00419654 0.000539606
 0.00382002 0.00143081 0.00399433 -0.0038357 0.000508836
 0.00364517 0.00136098 0.00358089 -0.00345546 0.000492151
 0.00350465 0.00130517 0.00318711 -0.00307372 0.000480157
 0.00333128 0.00122836 0.00298384 -0.00288962 0.000440478
 0.00318313 0.00116857 0.00259854 -0.00252091 0.000415455
 0.00302348 0.00110303 0.00225233 -0.00219109 0.000389845
 0 0 0 0 0
 0 0 0 0 0
 0 0 0 0 0
 0 0 0 0 0
 0 0 0 0 0
 0 0 0 0 0
 0 0 0 0 0
 0 0 0 0 0
 0 0 0 0 0
 0 0 0 0 0
 0 0 0 0 0
 0 0 0 0 0
 0 0 0 0 0
 0 0 0 0 0
 0 0 0 0 0
 0 0 0 0 0
 0 0 0 0 0
 0 0 0 0 0
 0 0 0 0 0
 0 0 0 0 0
 0 0 0 0 0
 0 0 0 0 0
 0 0 0 0 0
 0 0 0 0 0
 0 0 0 0 0
 0 0 0 0 0
 0 0 0 0 0
 0 0 0 0 0
 0 0 0 0 0
 0 0 0 0 0
 0 0 0 0 0
 0 0 0 0 0
 0 0 0 0 0
 0 0 0 0 0
 0 0 0 0 0
 0 0 0 0 0
 0 0 0 0 0
 0 0 0 0 0
 0 0 0 0 0
 0 0 0 0 0
 0 0 0 0 0
 0 0 0 0 0
 0 0 0 0 0
 0 0 0 0 0
 0 0 0 0 0
 0 0 0 0 0
 2.29523 2.08135 0.0586792 -0.0449192 1.89059
 1.12663 0.99875 0.0618792 -0.0486451 0.888292
 0.67139 0.582001 0.0633376 -0.0508366 0.507094
 0.450016 0.381521 0.0650898 -0.0533482 0.32562
 0.323457 0.268256 0.0662334 -0.0550913 0.224428
 0.251333 0.203977 0.0701232 -0.0592944 0.167326
 0.197942 0.157218 0.0712045 -0.0610314 0.12634
 0.159655 0.124168 0.0714032 -0.0617496 0.0979
 0.13274 0.10114 0.073432 -0.0642014 0.0783254
 0.110386 0.0823407 0.0722974 -0.0640291 0.0624602
 0.0950217 0.0694536 0.0726173 -0.0647845 0.0516168
 0.0814766 0.0583356 0.0718139 -0.0644609 0.0423488
 0.0699102 0.0489695 0.0704064 -0.0635317 0.0346884
 0.0612918 0.0420836 0.069558 -0.063134 0.0291021
 0.0539175 0.0363145 0.0676291 -0.0615977 0.0245831
 0.0479783 0.0316497 0.0658627 -0.0602374 0.0207904
 0.0425281 0.0275383 0.0635485 -0.0581108 0.0177485
 0.0381781 0.0242587 0.0617834 -0.0566272 0.0152165
 0.033569 0.0209988 0.0581322 -0.0534262 0.0130253
 0.031194 0.0191765 0.0565226 -0.0519208 0.0115945
 0.0283801 0.0170901 0.054265 -0.0499342 0.00987892
 0.0253979 0.0149383 0.0500581 -0.0460975 0.00814926
 0.0238894 0.0138962 0.0485717 -0.0445991 0.00755824
 0.022131 0.012688 0.0456052 -0.04185 0.00671007
 0.0205237 0.0115197 0.0430421 -0.039369 0.00577339
 0.0192492 0.0106176 0.0403569 -0.036937 0.00504598
 0.0181279 0.00991925 0.0378238 -0.0344168 0.00465061
 0.0168001 0.00913558 0.0347863 -0.031577 0.00425076
 0.0158245 0.00842417 0.0322363 -0.0291953 0.00364187
 0.0151257 0.00797442 0.0298571 -0.0269622 0.00332903
 0.0147374 0.00776025 0.0277814 -0.0248782 0.00324074
 0.0140576 0.00734367 0.0246592 -0.0219036 0.00293511
 0.0134071 0.00696975 0.0229634 -0.020377 0.00275697
 0.0131531 0.00681591 0.0211671 -0.0186066 0.00268083
 0.0123997 0.00626331 0.0191074 -0.0167253 0.00224553
 0.0121278 0.00620011 0.0178299 -0.0155061 0.00244918
 0.0117117 0.0058954 0.0165803 -0.014389 0.00223233
 0.0113576 0.0055824 0.0152265 -0.0132027 0.00189906
 0.0108265 0.0052637 0.0143567 -0.0124323 0.00171943
 0.0104471 0.00500286 0.0137132 -0.0118742 0.00169194
 0.0100745 0.00477825 0.0124362 -0.0107075 0.00153577
 0.00971492 0.00461377 0.0122502 -0.0105471 0.0016492
 0.00924725 0.00423402 0.011628 -0.0100364 0.00130315
 0.009066 0.00413365 0.0112527 -0.00971025 0.00133053
 0.00868475 0.003919 0.0110874 -0.009602 0.00125042
 0.00847942 0.00370926 0.0107217 -0.009329 0.00105344
 0.00801465 0.00349444 0.0105802 -0.00929317 0.00106588
 0.0078712 0.00337395 0.0103196 -0.00911133 0.000975933
 0.00745749 0.00311831 0.0103018 -0.0091915 0.00081177
 0.0073331 0.0030711 0.00995525 -0.0088665 0.000826278
 0.00713189 0.00298626 0.0105223 -0.0094945 0.000915083
 0.00693319 0.00287922 0.0102064 -0.00926908 0.000882133
 0.0066792 0.00270727 0.0102505 -0.00943317 0.000762163
 0.00647967 0.0026499 0.00991658 -0.00909058 0.000818764
 0.00615607 0.00248242 0.00970975 -0.00898925 0.000734532
 0.00607814 0.00245951 0.00958358 -0.008919 0.000788815
 0.00596215 0.0024121 0.009318 -0.00866308 0.000808599
 0.00563991 0.0022675 0.00920158 -0.00860267 0.000752647
 0.00563322 0.00226044 0.00874825 -0.00819008 0.000781915
 0.00545272 0.00216796 0.00880167 -0.00828876 0.000743807
 0.00524769 0.00208129 0.0079852 -0.00753639 0.000708957
 0.00507982 0.00202094 0.00759454 -0.00717165 0.000732922
 0.00495909 0.00195895 0.00730702 -0.00693694 0.000699806
 0.00478869 0.00188979 0.00669392 -0.00635291 0.000707562
 0.00462458 0.00182036 0.00644805 -0.00615782 0.000672115
 0.00447721 0.00174338 0.00590315 -0.00563552 0.000630415
 0.00434491 0.00168537 0.00545996 -0.0051858 0.000612113
 0.00416739 0.00160348 0.00514776 -0.00492813 0.000582212
 0.00405283 0.00155748 0.00461691 -0.00443194 0.000572493
 0.00390541 0.00149344 0.00440509 -0.00421713 0.000545829
 0.00373352 0.00141541 0.00392746 -0.00378199 0.000508598
 0.0035876 0.00136123 0.00351812 -0.00339292 0.00050536
 0.00349307 0.00131555 0.00328065 -0.00317 0.000482439
 0.00327419 0.00122878 0.00285455 -0.00275659 0.000455959
 0.0031641 0.00117693 0.00262821 -0.00255118 0.000428163
 0 0 0 0 0
 0 0 0 0 0
 0 0 0 0 0
 0 0 0 0 0
 0 0 0 0 0
 0 0 0 0 0
 0 0 0 0 0
 0 0 0 0 0
 0 0 0 0 0
 0 0 0 0 0
 0 0 0 0 0
 0 0 0 0 0
 0 0 0 0 0
 0 0 0 0 0
 0 0 0 0 0
 0 0 0 0 0
 0 0 0 0 0
 0 0 0 0 0
 0 0 0 0 0
 0 0 0 0 0
 0 0 0 0 0
 0 0 0 0 0
 0 0 0 0 0
 0 0 0 0 0
 0 0 0 0 0
 0 0 0 0 0
 0 0 0 0 0
 0 0 0 0 0
 0 0 0 0 0
 0 0 0 0 0
 0 0 0 0 0
 0 0 0 0 0
 0 0 0 0 0
 0 0 0 0 0
 0 0 0 0 0
 0 0 0 0 0
 0 0 0 0 0
 0 0 0 0 0
 0 0 0 0 0
 0 0 0 0 0
 0 0 0 0 0
 0 0 0 0 0
 0 0 0 0 0
 0 0 0 0 0
 0 0 0 0 0
 0 0 0 0 0
 0 0 0 0 0
 2.20122 2.00498 0.0536441 -0.0403097 1.82963
 1.06189 0.946033 0.0559915 -0.0435958 0.845675
 0.63027 0.549386 0.0578921 -0.0457734 0.481549
 0.434547 0.370644 0.0613224 -0.0497773 0.318557
 0.313287 0.261531 0.0630208 -0.0519072 0.220475
 0.240265 0.196337 0.0655466 -0.0548027 0.162337
 0.188447 0.150741 0.0662685 -0.0562858 0.122261
 0.154817 0.121292 0.0684456 -0.0590372 0.0965333
 0.126423 0.0969658 0.0680226 -0.0592849 0.0755758
 0.10666 0.0801863 0.0690763 -0.060594 0.0613963
 0.0910367 0.0670611 0.0687392 -0.0609963 0.0502473
 0.0774021 0.0558807 0.0673362 -0.0602553 0.0410729
 0.0706333 0.0499981 0.0705277 -0.0635614 0.0359721
 0.0593744 0.0412173 0.0666791 -0.0602612 0.0290754
 0.0526784 0.0358298 0.0659836 -0.0598059 0.024573
 0.0467207 0.0312304 0.0645957 -0.0589938 0.0211635
 0.0418322 0.0273877 0.0625675 -0.0571557 0.017982
 0.0380318 0.0244511 0.0614326 -0.0562472 0.0157034
 0.0339973 0.0214465 0.0585069 -0.0536717 0.0133645
 0.0304715 0.0188961 0.0558071 -0.0511401 0.0115503
 0.0280045 0.0170102 0.0539113 -0.0495552 0.00998317
 0.0252763 0.0150583 0.0499952 -0.045883 0.00851983
 0.0236411 0.0139401 0.0488353 -0.0447523 0.00785401
 0.0217018 0.0125003 0.0459684 -0.0421926 0.00658984
 0.0199003 0.0112413 0.0425248 -0.0389672 0.00565426
 0.0186777 0.0104207 0.0405368 -0.0371168 0.00513848
 0.0176619 0.00965483 0.0381009 -0.0347488 0.00445704
 0.0167496 0.00904958 0.0352864 -0.0320854 0.00404338
 0.0155839 0.00846608 0.0326047 -0.0295934 0.00399014
 0.0149662 0.00798463 0.0304017 -0.0274548 0.00352921
 0.0142137 0.00748494 0.0280523 -0.0253128 0.00313507
 0.0134557 0.00707269 0.0250553 -0.022371 0.00291713
 0.0133448 0.00699403 0.0236608 -0.0210246 0.00285687
 0.0128601 0.00674368 0.0217185 -0.019275 0.00281169
 0.012351 0.00642421 0.0196139 -0.0171912 0.00262958
 0.0116204 0.0058746 0.0181144 -0.0158688 0.00210298
 0.0115717 0.0058531 0.0173494 -0.0152077 0.0021855
 0.0110726 0.00553647 0.0157042 -0.0135567 0.0020015
 0.0106537 0.00530037 0.0147872 -0.0127771 0.00204006
 0.0102345 0.00491746 0.0137173 -0.0118608 0.00156613
 0.00972492 0.00463168 0.0129941 -0.0112973 0.00150233
 0.00966725 0.00456799 0.0121043 -0.0104295 0.00151643
 0.00910058 0.0041677 0.011549 -0.00999392 0.00120015
 0.00881475 0.00409064 0.0110314 -0.00956267 0.0014109
 0.00841492 0.00377078 0.0108211 -0.00941833 0.00111542
 0.00823648 0.00364284 0.0107412 -0.00938408 0.00107229
 0.00807659 0.00357737 0.0104743 -0.00915592 0.00115752
 0.00763623 0.00327975 0.010055 -0.00891025 0.000904692
 0.00735529 0.00315739 0.0100815 -0.00895275 0.000954525
 0.00728457 0.00312861 0.0100187 -0.00895867 0.000990517
 0.00696523 0.00296468 0.00977692 -0.00884292 0.000945717
 0.00666255 0.0027798 0.0100324 -0.00914758 0.000833143
 0.00653843 0.00276398 0.00959325 -0.0087375 0.000967383
 0.00628318 0.00259722 0.00945483 -0.00876025 0.000804568
 0.00625013 0.00259998 0.0095215 -0.00877908 0.000896458
 0.00590996 0.00245622 0.009753 -0.00904375 0.000883058
 0.00579969 0.00239452 0.00883225 -0.00821978 0.000860483
 0.00557255 0.00225288 0.009083 -0.008502 0.000758061
 0.00546688 0.00220207 0.00838117 -0.00785397 0.000749262
 0.00534177 0.00218124 0.00806092 -0.00755476 0.000794077
 0.00523522 0.00212296 0.00794201 -0.0074969 0.000782414
 0.00506883 0.00202076 0.00752562 -0.00712424 0.000698876
 0.00490159 0.00196075 0.00735962 -0.00698691 0.000718832
 0.00472445 0.00189339 0.00667263 -0.00635606 0.000708762
 0.00460103 0.00183717 0.00639353 -0.00607539 0.000703079
 0.00445639 0.00175941 0.00579683 -0.00552811 0.000652801
 0.00429848 0.00168567 0.00547201 -0.00524047 0.000616852
 0.0041619 0.00162342 0.00508547 -0.00485856 0.00059893
 0.00402457 0.0015712 0.00453131 -0.00435008 0.000594536
 0.00385729 0.00149161 0.00427391 -0.00410734 0.000545775
 0.00365921 0.00140941 0.00390441 -0.00376046 0.000521373
 0.00357171 0.00136699 0.00355842 -0.00344006 0.000504213
 0.00345453 0.00131769 0.00321943 -0.00311126 0.000488059
 0.00332988 0.00126414 0.00288902 -0.00279598 0.000473115
 0 0 0 0 0
 0 0 0 0 0
 0 0 0 0 0
 0 0 0 0 0
 0 0 0 0 0
 0 0 0 0 0
 0 0 0 0 0
 0 0 0 0 0
 0 0 0 0 0
 0 0 0 0 0
 0 0 0 0 0
 0 0 0 0 0
 0 0 0 0 0
 0 0 0 0 0
 0 0 0 0 0
 0 0 0 0 0
 0 0 0 0 0
 0 0 0 0 0
 0 0 0 0 0
 0 0 0 0 0
 0 0 0 0 0
 0 0 0 0 0
 0 0 0 0 0
 0 0 0 0 0
 0 0 0 0 0
 0 0 0 0 0
 0 0 0 0 0
 0 0 0 0 0
 0 0 0 0 0
 0 0 0 0 0
 0 0 0 0 0
 0 0 0 0 0
 0 0 0 0 0
 0 0 0 0 0
 0 0 0 0 0
 0 0 0 0 0
 0 0 0 0 0
 0 0 0 0 0
 0 0 0 0 0
 0 0 0 0 0
 0 0 0 0 0
 0 0 0 0 0
 0 0 0 0 0
 0 0 0 0 0
 0 0 0 0 0
 0 0 0 0 0
 0 0 0 0 0
 0 0 0 0 0
 2.09417 1.91534 0.0486958 -0.0360177 1.75495
 1.02846 0.9206 0.0518167 -0.0394479 0.827203
 0.612563 0.536693 0.0542332 -0.0423716 0.473122
 0.41189 0.353213 0.0567213 -0.0451254 0.305398
 0.294201 0.247015 0.0581592 -0.0476463 0.209556
 0.226512 0.186305 0.0600689 -0.0497856 0.15531
 0.181213 0.14591 0.062253 -0.0523586 0.11917
 0.147078 0.116082 0.0636995 -0.0544425 0.0932792
 0.122312 0.0945408 0.0647745 -0.0560998 0.0743679
 0.101761 0.077108 0.0652607 -0.0570665 0.0597013
 0.088535 0.0657515 0.0663026 -0.0585084 0.0498467
 0.0753777 0.0548783 0.0655624 -0.0582932 0.0408241
 0.0657222 0.0469375 0.0645408 -0.0578857 0.0342915
 0.0568139 0.039813 0.0635912 -0.0573612 0.0285531
 0.0506586 0.0348465 0.063527 -0.057391 0.0244884
 0.0459334 0.0308669 0.0632647 -0.0574145 0.0209075
 0.0410828 0.0271775 0.0615615 -0.0560516 0.0181919
 0.0374788 0.0244063 0.0602952 -0.055054 0.0161049
 0.0332747 0.0211796 0.0576982 -0.0528537 0.0133982
 0.0297487 0.0185583 0.0548396 -0.0503093 0.0114007
 0.0276217 0.0169328 0.0535195 -0.0491275 0.0100425
 0.0252097 0.0152529 0.050815 -0.0466138 0.00900417
 0.0228017 0.013542 0.0474522 -0.0435129 0.00768956
 0.0213488 0.0124675 0.0457204 -0.0418638 0.00686344
 0.0199567 0.0114466 0.0431558 -0.0394973 0.00605767
 0.0183881 0.010351 0.0404502 -0.0369904 0.00516063
 0.0175638 0.0097925 0.0388723 -0.035449 0.0048511
 0.0164983 0.00902217 0.0359922 -0.0327658 0.00420407
 0.0154392 0.00834358 0.0331816 -0.0301556 0.00373947
 0.0146478 0.00783662 0.0305538 -0.0276951 0.00342212
 0.0140077 0.00752674 0.0282764 -0.0254272 0.00340943
 0.0135005 0.00715751 0.0263315 -0.0235728 0.00308293
 0.0131449 0.00690843 0.0245384 -0.0218723 0.00283417
 0.0124694 0.00654594 0.0217826 -0.0193346 0.00273456
 0.0120537 0.00628204 0.0206621 -0.0182757 0.0025565
 0.0116427 0.00611226 0.0188478 -0.0166363 0.00266105
 0.0112638 0.00573167 0.0176822 -0.0154906 0.0021731
 0.0109228 0.00551454 0.0162593 -0.0142325 0.00212697
 0.0103265 0.0051074 0.0150396 -0.0131343 0.00177787
 0.0101878 0.00502034 0.0141001 -0.0121443 0.00181536
 0.00957117 0.00466809 0.0131386 -0.0114257 0.0017503
 0.009383 0.00445552 0.0124897 -0.0108475 0.00148548
 0.00884542 0.00419244 0.0114174 -0.00988625 0.00145356
 0.00862558 0.00396728 0.0113895 -0.00992017 0.00125311
 0.00830801 0.00378637 0.0111983 -0.00979092 0.00117605
 0.00817289 0.00374656 0.0106658 -0.00931833 0.00128587
 0.00776921 0.00347096 0.00995683 -0.00879517 0.00114098
 0.00750149 0.00330625 0.00983317 -0.00872275 0.0010409
 0.00736562 0.00323114 0.00989033 -0.00879367 0.00105056
 0.00711026 0.00311942 0.00962925 -0.00859875 0.00106161
 0.00674979 0.00292156 0.00977608 -0.00880042 0.000971
 0.00669594 0.00283631 0.00953442 -0.00856517 0.000889558
 0.00638696 0.0026851 0.00920967 -0.00839517 0.000850658
 0.00632484 0.00269457 0.009083 -0.00826304 0.000975017
 0.00602448 0.00251815 0.00921042 -0.008454 0.000831954
 0.00591296 0.00246408 0.00904117 -0.008356 0.000844758
 0.00569355 0.00235767 0.0089575 -0.00833433 0.000799805
 0.00555594 0.00230226 0.00901383 -0.0084555 0.000823021
 0.00537967 0.00222143 0.00832244 -0.00778073 0.000800567
 0.0052203 0.00215213 0.00785805 -0.00739055 0.00078218
 0.00506746 0.00205455 0.00766281 -0.00722434 0.000725598
 0.0049625 0.00202182 0.00740167 -0.00698862 0.000742936
 0.0047827 0.00193602 0.00689682 -0.00653127 0.000710599
 0.00470595 0.00190205 0.00664712 -0.00631603 0.000721116
 0.0045204 0.00182103 0.00625145 -0.00596669 0.000684713
 0.00440817 0.00176185 0.00578694 -0.00550211 0.000659309
 0.0042157 0.00168031 0.00520415 -0.00497697 0.000633913
 0.00409833 0.00162512 0.00492808 -0.00472355 0.000614357
 0.00395873 0.00156318 0.00450784 -0.00431723 0.000592029
 0.00378068 0.00148817 0.00411618 -0.00395159 0.000574698
 0.00368842 0.00143772 0.00384734 -0.00369729 0.000540742
 0.00357668 0.00139302 0.00350084 -0.00336812 0.000532813
 0.00344165 0.00132809 0.00318517 -0.00308637 0.000499451
 0 0 0 0 0
 0 0 0 0 0
 0 0 0 0 0
 0 0 0 0 0
 0 0 0 0 0
 0 0 0 0 0
 0 0 0 0 0
 0 0 0 0 0
 0 0 0 0 0
 0 0 0 0 0
 0 0 0 0 0
 0 0 0 0 0
 0 0 0 0 0
 0 0 0 0 0
 0 0 0 0 0
 0 0 0 0 0
 0 0 0 0 0
 0 0 0 0 0
 0 0 0 0 0
 0 0 0 0 0
 0 0 0 0 0
 0 0 0 0 0
 0 0 0 0 0
 0 0 0 0 0
 0 0 0 0 0
 0 0 0 0 0
 0 0 0 0 0
 0 0 0 0 0
 0 0 0 0 0
 0 0 0 0 0
 0 0 0 0 0
 0 0 0 0 0
 0 0 0 0 0
 0 0 0 0 0
 0 0 0 0 0
 0 0 0 0 0
 0 0 0 0 0
 0 0 0 0 0
 0 0 0 0 0
 0 0 0 0 0
 0 0 0 0 0
 0 0 0 0 0
 0 0 0 0 0
 0 0 0 0 0
 0 0 0 0 0
 0 0 0 0 0
 0 0 0 0 0
 0 0 0 0 0
 0 0 0 0 0
 2.01156 1.84701 0.0443633 -0.032445 1.69919
 0.948817 0.852917 0.0473283 -0.0353279 0.769752
 0.58216 0.51247 0.0508373 -0.0389404 0.453968
 0.388514 0.334983 0.0516417 -0.0407593 0.291419
 0.281812 0.237938 0.0539402 -0.0434451 0.20314
 0.214022 0.177026 0.0559208 -0.0460803 0.14855
 0.171403 0.138964 0.0580283 -0.0484484 0.114552
 0.144108 0.114442 0.0613876 -0.0520872 0.0926108
 0.116402 0.0905192 0.0607903 -0.0521447 0.0717398
 0.098825 0.0753483 0.0619713 -0.0537021 0.0586775
 0.0855167 0.0639906 0.0634739 -0.0556327 0.0490492
 0.0744009 0.0545636 0.0639427 -0.0567113 0.0408859
 0.064533 0.0464163 0.0628147 -0.0560189 0.0341407
 0.0560522 0.0396177 0.0619963 -0.0557228 0.0286849
 0.0492346 0.0340872 0.0608542 -0.0549053 0.0241119
 0.0442804 0.0300188 0.0604052 -0.0547446 0.0206439
 0.0395935 0.0263423 0.0593241 -0.0539633 0.0176879
 0.0364776 0.0238757 0.059036 -0.0538012 0.0157213
 0.032935 0.0211818 0.0571836 -0.0522659 0.0136546
 0.0296065 0.0187468 0.0541718 -0.0495994 0.0118855
 0.0268612 0.0166465 0.0517504 -0.0473373 0.0101296
 0.0248687 0.0150584 0.050901 -0.0466497 0.00866717
 0.0227276 0.013653 0.0472873 -0.0433804 0.00790807
 0.0210714 0.0123403 0.0453099 -0.0415309 0.00671558
 0.0194434 0.0112977 0.0431006 -0.0395287 0.0062181
 0.0182282 0.0103824 0.0407334 -0.0372829 0.00538965
 0.0170729 0.00957092 0.0385693 -0.0352616 0.00476513
 0.0161251 0.00894925 0.0360973 -0.0328691 0.00437822
 0.0155102 0.00852083 0.0346054 -0.0314615 0.00413233
 0.0145647 0.00797483 0.0317107 -0.0287538 0.00389767
 0.0139663 0.00756314 0.0294347 -0.0265862 0.00354222
 0.0131603 0.00705648 0.026888 -0.024172 0.00318964
 0.0127215 0.00673779 0.0250763 -0.0224932 0.00295678
 0.0122292 0.00642867 0.022813 -0.0203734 0.00266522
 0.0117738 0.00619962 0.0209612 -0.0185742 0.00263224
 0.0115459 0.00605841 0.0192109 -0.0169351 0.00258983
 0.0109096 0.00557201 0.0176433 -0.0155406 0.00213338
 0.0104951 0.00529209 0.0165868 -0.0145535 0.00201113
 0.0100725 0.00507783 0.0152447 -0.0133638 0.00194862
 0.00977442 0.00482821 0.0143838 -0.0124877 0.00176015
 0.009598 0.00475006 0.0135922 -0.0118382 0.00181732
 0.00899892 0.00438231 0.0125803 -0.0109483 0.00166425
 0.00871233 0.00415589 0.0119176 -0.0103236 0.00147223
 0.00849808 0.00403203 0.0111692 -0.00972008 0.00145657
 0.00820196 0.00380425 0.0108846 -0.00949158 0.00130731
 0.00786888 0.00359516 0.0105614 -0.00920975 0.00117526
 0.00756818 0.00345777 0.00984892 -0.00860542 0.00120598
 0.00735614 0.0032901 0.00993 -0.00878175 0.00109398
 0.0070729 0.00311383 0.00943292 -0.00837217 0.000987042
 0.00673859 0.00295342 0.00937242 -0.00845017 0.000957983
 0.00664263 0.00287137 0.00919992 -0.00825394 0.00092
 0.00637551 0.00274624 0.00907317 -0.00823734 0.00091755
 0.00634248 0.00272765 0.00905325 -0.00819783 0.0009377
 0.00609943 0.00257481 0.00870858 -0.00795459 0.000834617
 0.00589484 0.00251826 0.00886442 -0.00812457 0.000903933
 0.00579452 0.00245155 0.00861117 -0.00796982 0.00086845
 0.00560094 0.0023488 0.0082938 -0.00767844 0.000830074
 0.00544418 0.00229046 0.00821851 -0.0076543 0.000847342
 0.0052474 0.00218067 0.00794579 -0.00745111 0.000776927
 0.00516311 0.00215516 0.00775084 -0.00728259 0.000801717
 0.00498756 0.00205967 0.00732628 -0.0069139 0.000757695
 0.00483326 0.00199003 0.00733292 -0.00694669 0.000751514
 0.00474942 0.00195505 0.00679083 -0.00642688 0.000753968
 0.00458929 0.00187213 0.00625163 -0.00592826 0.000709467
 0.00445467 0.00181119 0.00598667 -0.00567629 0.000687443
 0.00433846 0.00175971 0.00554968 -0.00530304 0.000674792
 0.00416143 0.00168252 0.00512168 -0.00489799 0.000655272
 0.00402437 0.00161495 0.00490022 -0.0046967 0.000619049
 0.0038778 0.00154672 0.00458257 -0.00439883 0.000596035
 0.00381497 0.00151975 0.0040884 -0.00393672 0.000592773
 0.00364325 0.0014457 0.00371154 -0.00357649 0.000566501
 0.00354637 0.00139536 0.00350974 -0.00338455 0.00053704
 0 0 0 0 0
 0 0 0 0 0
 0 0 0 0 0
 0 0 0 0 0
 0 0 0 0 0
 0 0 0 0 0
 0 0 0 0 0
 0 0 0 0 0
 0 0 0 0 0
 0 0 0 0 0
 0 0 0 0 0
 0 0 0 0 0
 0 0 0 0 0
 0 0 0 0 0
 0 0 0 0 0
 0 0 0 0 0
 0 0 0 0 0
 0 0 0 0 0
 0 0 0 0 0
 0 0 0 0 0
 0 0 0 0 0
 0 0 0 0 0
 0 0 0 0 0
 0 0 0 0 0
 0 0 0 0 0
 0 0 0 0 0
 0 0 0 0 0
 0 0 0 0 0
 0 0 0 0 0
 0 0 0 0 0
 0 0 0 0 0
 0 0 0 0 0
 0 0 0 0 0
 0 0 0 0 0
 0 0 0 0 0
 0 0 0 0 0
 0 0 0 0 0
 0 0 0 0 0
 0 0 0 0 0
 0 0 0 0 0
 0 0 0 0 0
 0 0 0 0 0
 0 0 0 0 0
 0 0 0 0 0
 0 0 0 0 0
 0 0 0 0 0
 0 0 0 0 0
 0 0 0 0 0
 0 0 0 0 0
 0 0 0 0 0
 1.98064 1.82528 0.0419166 -0.029931 1.6855
 0.92175 0.831958 0.0439501 -0.0324468 0.753791
 0.533823 0.472093 0.0447755 -0.03386 0.420472
 0.363352 0.314746 0.0476732 -0.0370773 0.275248
 0.272997 0.2317 0.0515646 -0.0410413 0.198975
 0.20168 0.167709 0.051426 -0.0418582 0.141467
 0.16589 0.135233 0.0549944 -0.0455158 0.112173
 0.132267 0.105706 0.0557589 -0.0468527 0.0862583
 0.111633 0.0874258 0.0571048 -0.0486041 0.0699032
 0.0962458 0.0739525 0.0596151 -0.0514787 0.0582476
 0.0817671 0.0616501 0.0595577 -0.0520398 0.0477573
 0.0712869 0.0526667 0.060082 -0.0529218 0.0399073
 0.0622396 0.0450895 0.0606258 -0.0538406 0.0335005
 0.0553389 0.0393647 0.0608247 -0.0543413 0.0287151
 0.0486043 0.0339335 0.0597555 -0.0537364 0.0242989
 0.0437578 0.030049 0.0596297 -0.0538496 0.021232
 0.0390389 0.026228 0.0582831 -0.0527863 0.0179291
 0.0354613 0.0233404 0.057264 -0.0520354 0.0154312
 0.0325433 0.0210653 0.0566872 -0.0517708 0.0136388
 0.0292353 0.0186363 0.0539434 -0.0494059 0.0119267
 0.0266767 0.0166623 0.051723 -0.0473262 0.0102437
 0.0243096 0.014928 0.0501435 -0.0460639 0.00894758
 0.0227961 0.0137547 0.0482514 -0.0442827 0.00801345
 0.0210017 0.0125579 0.045624 -0.0417792 0.00730991
 0.0193631 0.0113296 0.0433832 -0.0397444 0.00626267
 0.018248 0.0104868 0.0411817 -0.037729 0.00554393
 0.0167708 0.009567 0.0383629 -0.0350682 0.00506233
 0.0158324 0.00887908 0.0359173 -0.0327647 0.00450635
 0.0150737 0.008389 0.0342377 -0.0311647 0.00421854
 0.0141602 0.00775563 0.0317244 -0.0287502 0.00369957
 0.0136911 0.00736907 0.0296043 -0.026814 0.00331449
 0.0130202 0.00708898 0.027337 -0.0246024 0.00340904
 0.0124152 0.00656967 0.0252905 -0.0227369 0.00279425
 0.0119502 0.00634908 0.0230596 -0.0205751 0.00274877
 0.0116117 0.00610706 0.0214727 -0.019096 0.00255826
 0.0110858 0.00580201 0.0196804 -0.0175043 0.00243062
 0.0107999 0.00566754 0.0181238 -0.0160005 0.00251907
 0.0104693 0.00537592 0.0169606 -0.0149397 0.00217054
 0.0099925 0.00509717 0.015768 -0.0137792 0.00204938
 0.009535 0.00481622 0.0144374 -0.0126351 0.00198361
 0.00931442 0.00466436 0.0134881 -0.0117702 0.00185931
 0.009007 0.00444496 0.0123983 -0.0107695 0.00173085
 0.00851725 0.0041401 0.011862 -0.0103022 0.0015877
 0.00817214 0.00389797 0.0111907 -0.00976067 0.00141414
 0.00802934 0.00376853 0.0106072 -0.00927958 0.00129808
 0.00771549 0.00359482 0.0100878 -0.00881658 0.00127093
 0.00743416 0.00340987 0.0103392 -0.00911325 0.00117795
 0.00719985 0.00326263 0.009464 -0.00842517 0.0011179
 0.00699012 0.00315136 0.00947842 -0.00841675 0.00108084
 0.00659704 0.00291722 0.00893367 -0.00797597 0.00095625
 0.00657942 0.00291077 0.00931542 -0.00840583 0.00101725
 0.00629795 0.00276213 0.0089585 -0.00813909 0.0009499
 0.00617283 0.00267583 0.00904008 -0.0082295 0.000936592
 0.00592461 0.00257087 0.00898108 -0.00825632 0.000938242
 0.00581258 0.00250088 0.008518 -0.00781269 0.000888733
 0.00568274 0.00242696 0.00860392 -0.00795602 0.000857233
 0.00545462 0.00230828 0.00852833 -0.00794485 0.000828463
 0.00539133 0.00227933 0.00812033 -0.00757723 0.000835683
 0.00518784 0.00217722 0.0078386 -0.00735153 0.000784058
 0.00510078 0.00215346 0.00745195 -0.00698733 0.00081712
 0.00495846 0.00208049 0.00731279 -0.00686953 0.000795371
 0.00475057 0.00197584 0.00700559 -0.00659608 0.000737787
 0.00467966 0.00193697 0.00640157 -0.00604778 0.000735927
 0.0045995 0.00191666 0.00633823 -0.0060379 0.000764446
 0.00436396 0.00179928 0.00590239 -0.00561256 0.000702401
 0.00428642 0.00176127 0.00556693 -0.00528525 0.000685764
 0.00413595 0.00169193 0.00510003 -0.00485553 0.000660662
 0.0039978 0.00163035 0.00476519 -0.00455394 0.000647858
 0.00388565 0.00157348 0.00454932 -0.00437402 0.000616562
 0.00370778 0.00149198 0.00415017 -0.00398842 0.000581454
 0.00364984 0.00146398 0.00381898 -0.00366819 0.000579186
 0 0 0 0 0
 0 0 0 0 0
 0 0 0 0 0
 0 0 0 0 0
 0 0 0 0 0
 0 0 0 0 0
 0 0 0 0 0
 0 0 0 0 0
 0 0 0 0 0
 0 0 0 0 0
 0 0 0 0 0
 0 0 0 0 0
 0 0 0 0 0
 0 0 0 0 0
 0 0 0 0 0
 0 0 0 0 0
 0 0 0 0 0
 0 0 0 0 0
 0 0 0 0 0
 0 0 0 0 0
 0 0 0 0 0
 0 0 0 0 0
 0 0 0 0 0
 0 0 0 0 0
 0 0 0 0 0
 0 0 0 0 0
 0 0 0 0 0
 0 0 0 0 0
 0 0 0 0 0
 0 0 0 0 0
 0 0 0 0 0
 0 0 0 0 0
 0 0 0 0 0
 0 0 0 0 0
 0 0 0 0 0
 0 0 0 0 0
 0 0 0 0 0
 0 0 0 0 0
 0 0 0 0 0
 0 0 0 0 0
 0 0 0 0 0
 0 0 0 0 0
 0 0 0 0 0
 0 0 0 0 0
 0 0 0 0 0
 0 0 0 0 0
 0 0 0 0 0
 0 0 0 0 0
 0 0 0 0 0
 0 0 0 0 0
 0 0 0 0 0
 1.88332 1.74151 0.0387393 -0.0269987 1.61384
 0.867958 0.786536 0.0400312 -0.0288083 0.715962
 0.514285 0.456689 0.0423789 -0.0316865 0.408579
 0.347272 0.302187 0.0445658 -0.0341379 0.265542
 0.248439 0.211953 0.0455875 -0.0357639 0.18335
 0.195229 0.163269 0.0486776 -0.0390896 0.138762
 0.156258 0.128107 0.051018 -0.0418859 0.106957
 0.129819 0.104368 0.053528 -0.0445914 0.0858383
 0.106858 0.0842408 0.0538164 -0.0455759 0.0680549
 0.0892342 0.0689899 0.0545301 -0.0468639 0.0547502
 0.0787411 0.0597269 0.0567334 -0.0492299 0.0466061
 0.0684525 0.0509174 0.057556 -0.0504541 0.0388908
 0.0613107 0.0447587 0.0589675 -0.0521411 0.0335621
 0.0541109 0.0387783 0.0589008 -0.052471 0.0285318
 0.0472274 0.0332148 0.0572887 -0.051294 0.0240035
 0.0419813 0.0290336 0.0570182 -0.0513963 0.0206869
 0.0385013 0.0261643 0.0568863 -0.051589 0.0182815
 0.0349929 0.0233386 0.0566255 -0.0513455 0.0159348
 0.0316938 0.0207896 0.0549229 -0.0500638 0.0138827
 0.0285124 0.0182932 0.0531685 -0.0486016 0.0117854
 0.0261793 0.0165716 0.0510444 -0.0467313 0.0105647
 0.0237897 0.014766 0.0490674 -0.044907 0.00908133
 0.0224568 0.0137126 0.0474414 -0.0435101 0.00820257
 0.0204033 0.0123364 0.0448123 -0.041106 0.00736621
 0.0189494 0.0112214 0.042879 -0.0392478 0.0063858
 0.0176418 0.0103153 0.0402668 -0.0369007 0.00576062
 0.0166726 0.00959483 0.0386901 -0.03536 0.00519119
 0.0153278 0.00870967 0.0358482 -0.0327295 0.0046303
 0.0148456 0.00832997 0.0342901 -0.0311779 0.00425367
 0.0141818 0.00784012 0.0326152 -0.0296841 0.00386237
 0.01323 0.00719378 0.030017 -0.0272364 0.00335736
 0.0128208 0.00692068 0.0281173 -0.02542 0.00317958
 0.0121484 0.006544 0.0255382 -0.0230059 0.00298182
 0.0117715 0.0063681 0.0235361 -0.021031 0.00299104
 0.0113258 0.0060011 0.0219637 -0.0196305 0.00258058
 0.0109186 0.00578974 0.0199083 -0.0177343 0.00257641
 0.0105975 0.00557737 0.0185274 -0.0163482 0.00246539
 0.0101827 0.00529209 0.0171279 -0.0150985 0.00224679
 0.0098745 0.00506235 0.0158872 -0.0140014 0.00205527
 0.00931633 0.00475348 0.014833 -0.0130164 0.00192429
 0.0090785 0.00448215 0.0137959 -0.0120874 0.00160671
 0.008694 0.00426562 0.013053 -0.0114388 0.00159998
 0.00836608 0.00405071 0.0121079 -0.0106108 0.00147657
 0.00818596 0.00398437 0.0111021 -0.00968117 0.00156431
 0.00770265 0.0036097 0.0108907 -0.00951 0.00121905
 0.00759991 0.00358329 0.0106775 -0.00937642 0.00132652
 0.00731805 0.00338036 0.0102237 -0.00893042 0.00118393
 0.00719432 0.00327613 0.00964233 -0.00848992 0.00111197
 0.00677887 0.00306651 0.009433 -0.00836683 0.00107717
 0.00660207 0.00301628 0.00927808 -0.00831222 0.00115915
 0.00642834 0.00282576 0.00914008 -0.00821724 0.000938358
 0.00630465 0.002819 0.008703 -0.00781049 0.00105192
 0.00598149 0.00260028 0.00848008 -0.0077574 0.00087985
 0.00579706 0.00254942 0.008475 -0.00774698 0.000955633
 0.00574628 0.00250739 0.00833783 -0.00763582 0.000922133
 0.00551822 0.00238987 0.00826879 -0.00763437 0.00090555
 0.00535055 0.00228438 0.00797712 -0.00736662 0.000820822
 0.00524208 0.00225892 0.00795279 -0.00739306 0.000873642
 0.00510433 0.002196 0.00763387 -0.00708082 0.000858783
 0.00502945 0.00214136 0.00737351 -0.00693127 0.000825317
 0.00478313 0.00202502 0.00721131 -0.00678351 0.000781338
 0.00475219 0.00199946 0.00681077 -0.00640965 0.000765812
 0.00461151 0.00193423 0.00673533 -0.00635273 0.000752276
 0.00450334 0.00188794 0.00620454 -0.00588147 0.000745658
 0.00435476 0.0018219 0.00569924 -0.00541582 0.000741897
 0.00416713 0.00173089 0.00534906 -0.00509542 0.000684435
 0.00414004 0.00170497 0.00517414 -0.00492918 0.000664805
 0.0039694 0.00164287 0.0047818 -0.00455848 0.000670432
 0.00378457 0.0015485 0.00433536 -0.00415412 0.00061304
 0.00369693 0.00151288 0.00402377 -0.0038539 0.000612816
 0 0 0 0 0
 0 0 0 0 0
 0 0 0 0 0
 0 0 0 0 0
 0 0 0 0 0
 0 0 0 0 0
 0 0 0 0 0
 0 0 0 0 0
 0 0 0 0 0
 0 0 0 0 0
 0 0 0 0 0
 0 0 0 0 0
 0 0 0 0 0
 0 0 0 0 0
 0 0 0 0 0
 0 0 0 0 0
 0 0 0 0 0
 0 0 0 0 0
 0 0 0 0 0
 0 0 0 0 0
 0 0 0 0 0
 0 0 0 0 0
 0 0 0 0 0
 0 0 0 0 0
 0 0 0 0 0
 0 0 0 0 0
 0 0 0 0 0
 0 0 0 0 0
 0 0 0 0 0
 0 0 0 0 0
 0 0 0 0 0
 0 0 0 0 0
 0 0 0 0 0
 0 0 0 0 0
 0 0 0 0 0
 0 0 0 0 0
 0 0 0 0 0
 0 0 0 0 0
 0 0 0 0 0
 0 0 0 0 0
 0 0 0 0 0
 0 0 0 0 0
 0 0 0 0 0
 0 0 0 0 0
 0 0 0 0 0
 0 0 0 0 0
 0 0 0 0 0
 0 0 0 0 0
 0 0 0 0 0
 0 0 0 0 0
 0 0 0 0 0
 0 0 0 0 0
 1.84284 1.70945 0.0361814 -0.0247203 1.58916
 0.827362 0.752432 0.037271 -0.0265083 0.687531
 0.483307 0.430913 0.0389497 -0.0284363 0.387165
 0.333184 0.29123 0.0421892 -0.0319025 0.257358
 0.240832 0.206336 0.043613 -0.0337361 0.179148
 0.181582 0.152555 0.0448654 -0.0354243 0.130327
 0.148567 0.122471 0.0470671 -0.038131 0.103187
 0.124214 0.100403 0.0506886 -0.0417055 0.0830185
 0.101993 0.0808547 0.051041 -0.042851 0.0657518
 0.0878242 0.0683383 0.0526853 -0.0447911 0.0546818
 0.0753889 0.0574752 0.0535081 -0.0461538 0.0450263
 0.0661292 0.0495267 0.0546935 -0.0477532 0.0382441
 0.0591595 0.0435183 0.05604 -0.0493417 0.0330158
 0.0517365 0.0373454 0.0560472 -0.0497002 0.0278458
 0.0458883 0.0325169 0.0556717 -0.0497303 0.0237491
 0.0413058 0.0287395 0.0555881 -0.0499467 0.0206107
 0.0369371 0.0252238 0.0544286 -0.0490967 0.017683
 0.0333127 0.0223758 0.0533953 -0.0484342 0.0154123
 0.0305097 0.0201006 0.0530668 -0.0482036 0.0135138
 0.0286061 0.0186048 0.0528271 -0.0482057 0.0123262
 0.0260864 0.0166638 0.0511966 -0.0468008 0.0107845
 0.0233788 0.0146457 0.0482963 -0.0441729 0.009194
 0.0215877 0.0132595 0.046137 -0.0421796 0.00798725
 0.0202071 0.0123058 0.0450878 -0.0412675 0.00745209
 0.0186115 0.0111595 0.0422763 -0.0386676 0.00657041
 0.0174139 0.0102624 0.0408912 -0.0374483 0.00580198
 0.0161806 0.00935358 0.0381828 -0.034998 0.00511657
 0.0151036 0.00868608 0.0358431 -0.0327948 0.00476189
 0.0142948 0.00804134 0.0336771 -0.0307305 0.00411852
 0.0138959 0.00773891 0.0327797 -0.0298345 0.00390186
 0.0130716 0.00725278 0.0295722 -0.0268627 0.00364593
 0.0123794 0.006773 0.028021 -0.0253852 0.00326698
 0.0118309 0.00639283 0.0256503 -0.0231542 0.00294823
 0.0113658 0.00610546 0.023905 -0.0214943 0.00276353
 0.0109738 0.0057942 0.0220846 -0.0197857 0.00243719
 0.0107904 0.00570613 0.0205398 -0.0183231 0.0024422
 0.0101594 0.00538231 0.0181147 -0.0160107 0.00239968
 0.00989942 0.00511881 0.0176159 -0.0156019 0.00208064
 0.00943717 0.00487003 0.0154463 -0.0136427 0.00205024
 0.00901733 0.00461497 0.0147525 -0.0129983 0.0019212
 0.00895717 0.00457738 0.0137431 -0.0120633 0.00195065
 0.0084325 0.00417752 0.012798 -0.0112441 0.00161365
 0.00820984 0.00404228 0.0123163 -0.0107946 0.00156199
 0.00785842 0.0037949 0.0116099 -0.0101659 0.00139468
 0.00770476 0.0037125 0.0107982 -0.0094665 0.0014394
 0.00745908 0.00356027 0.0104328 -0.00918075 0.0013647
 0.00713725 0.00333194 0.00988583 -0.00868592 0.00116559
 0.00682834 0.00314039 0.00967658 -0.00861558 0.00109625
 0.00681998 0.00313575 0.009271 -0.00822231 0.00114269
 0.00640355 0.00290671 0.00899817 -0.00804722 0.00106074
 0.00631262 0.00287518 0.00892567 -0.00803041 0.00109232
 0.00612149 0.00278089 0.0084895 -0.00763646 0.0010932
 0.00595111 0.00263582 0.00855642 -0.00772993 0.000931608
 0.00574256 0.00255518 0.00823093 -0.00749035 0.000980325
 0.00550918 0.00240327 0.00776542 -0.00709006 0.000853908
 0.005379 0.00236724 0.00825108 -0.00759842 0.000905267
 0.00528529 0.00230475 0.00754958 -0.0070186 0.000870592
 0.00516187 0.00223932 0.00758103 -0.00710584 0.000857333
 0.0050199 0.00216685 0.00757574 -0.00706464 0.000831888
 0.00494815 0.00213728 0.00721023 -0.00676673 0.000853625
 0.00463154 0.00198812 0.0070548 -0.00660625 0.000792887
 0.00459922 0.00195104 0.00673066 -0.00636168 0.000756836
 0.00452545 0.00192326 0.00637496 -0.00602178 0.000762007
 0.00437234 0.00185673 0.00594842 -0.00563153 0.000751544
 0.00428424 0.00180487 0.00557318 -0.00526283 0.000717666
 0.00413709 0.00174131 0.00534839 -0.00508453 0.000706454
 0.00401562 0.00167236 0.00491273 -0.00469237 0.000660798
 0.00395505 0.00163983 0.00468147 -0.00446763 0.000657766
 0.00379996 0.00157222 0.00433881 -0.00414393 0.000630107
 0 0 0 0 0
 0 0 0 0 0
 0 0 0 0 0
 0 0 0 0 0
 0 0 0 0 0
 0 0 0 0 0
 0 0 0 0 0
 0 0 0 0 0
 0 0 0 0 0
 0 0 0 0 0
 0 0 0 0 0
 0 0 0 0 0
 0 0 0 0 0
 0 0 0 0 0
 0 0 0 0 0
 0 0 0 0 0
 0 0 0 0 0
 0 0 0 0 0
 0 0 0 0 0
 0 0 0 0 0
 0 0 0 0 0
 0 0 0 0 0
 0 0 0 0 0
 0 0 0 0 0
 0 0 0 0 0
 0 0 0 0 0
 0 0 0 0 0
 0 0 0 0 0
 0 0 0 0 0
 0 0 0 0 0
 0 0 0 0 0
 0 0 0 0 0
 0 0 0 0 0
 0 0 0 0 0
 0 0 0 0 0
 0 0 0 0 0
 0 0 0 0 0
 0 0 0 0 0
 0 0 0 0 0
 0 0 0 0 0
 0 0 0 0 0
 0 0 0 0 0
 0 0 0 0 0
 0 0 0 0 0
 0 0 0 0 0
 0 0 0 0 0
 0 0 0 0 0
 0 0 0 0 0
 0 0 0 0 0
 0 0 0 0 0
 0 0 0 0 0
 0 0 0 0 0
 0 0 0 0 0
 1.79397 1.66908 0.0340573 -0.0229338 1.55642
 0.81732 0.745817 0.0357614 -0.0248878 0.683865
 0.464492 0.415678 0.0363157 -0.0261153 0.375113
 0.312435 0.274189 0.0385589 -0.0284895 0.24331
 0.226223 0.194738 0.0403498 -0.0308766 0.170227
 0.174358 0.147244 0.0414599 -0.032346 0.126749
 0.141155 0.116905 0.0441371 -0.0354247 0.0989783
 0.116137 0.0943083 0.0464897 -0.0380138 0.0784765
 0.0972433 0.0774997 0.0475073 -0.0394953 0.0634039
 0.08407 0.0657539 0.0496978 -0.0420588 0.0529323
 0.0725069 0.0556743 0.0508374 -0.0436302 0.0441804
 0.0631253 0.0475201 0.0522996 -0.0453486 0.0368458
 0.0562437 0.0416727 0.0530322 -0.0465412 0.0320598
 0.0495952 0.0360414 0.0531126 -0.0468069 0.027133
 0.044875 0.0320203 0.0537947 -0.0479907 0.0235677
 0.0402866 0.0282812 0.0536629 -0.0481012 0.0205735
 0.0368337 0.0253977 0.0539879 -0.0485032 0.0181441
 0.0330032 0.0222925 0.0522994 -0.0472922 0.015403
 0.0302362 0.0201117 0.0523602 -0.0474836 0.0137519
 0.0271011 0.0177477 0.0503556 -0.0458393 0.0119113
 0.0251911 0.0161985 0.0496587 -0.0452272 0.0106127
 0.0227422 0.0143853 0.0468283 -0.0427761 0.00918983
 0.0214924 0.013343 0.0461946 -0.0422664 0.00825113
 0.019909 0.0121285 0.0445357 -0.0408262 0.00723241
 0.0186371 0.011256 0.0430908 -0.0395038 0.00670461
 0.0172531 0.0102069 0.0404408 -0.0369813 0.00580362
 0.0160178 0.00935875 0.0382028 -0.0349543 0.00518317
 0.0153837 0.00884808 0.0374341 -0.034249 0.00477242
 0.0142399 0.00816528 0.0343723 -0.0313837 0.00447021
 0.0134563 0.00750598 0.0323423 -0.0294448 0.00375024
 0.0128232 0.00717504 0.0302932 -0.0275494 0.00371488
 0.0123033 0.00683071 0.027988 -0.0253256 0.00344765
 0.0116923 0.00643826 0.0259893 -0.0234675 0.00318753
 0.0112864 0.00615697 0.0245383 -0.0221032 0.0029751
 0.0106774 0.00577932 0.0220205 -0.0198296 0.0027158
 0.0103253 0.00551805 0.0203457 -0.0181819 0.00246982
 0.0100193 0.00532096 0.0191892 -0.0170983 0.00234687
 0.00963508 0.00512476 0.0176573 -0.0156533 0.00236577
 0.00929083 0.00486364 0.0157322 -0.0139377 0.0020801
 0.00901033 0.00468044 0.0151928 -0.01337 0.00203983
 0.00880283 0.00451317 0.0143004 -0.0126033 0.00191783
 0.00837992 0.00422737 0.0132768 -0.0116772 0.00168634
 0.00812858 0.00405511 0.0126234 -0.0110983 0.00163525
 0.00784236 0.00386278 0.0116057 -0.0101846 0.00149305
 0.00758354 0.00372228 0.0108611 -0.00956833 0.00150416
 0.00725738 0.00350307 0.0103174 -0.00904317 0.00138937
 0.00706128 0.00336104 0.0100191 -0.00891675 0.00128563
 0.00674297 0.0031867 0.00964242 -0.008505 0.00122041
 0.00648362 0.00301786 0.00933008 -0.00828809 0.00114012
 0.00632375 0.00288868 0.009232 -0.00826404 0.00104238
 0.00622918 0.00283693 0.00861825 -0.00768177 0.00104837
 0.00596895 0.0027249 0.00832281 -0.00752524 0.00105008
 0.00580891 0.00259154 0.00860192 -0.00776394 0.0009323
 0.00563628 0.0025198 0.00820739 -0.00746052 0.000949817
 0.00549987 0.00243694 0.00782697 -0.00717096 0.000900742
 0.00532816 0.00235476 0.00775652 -0.00712581 0.000904892
 0.00521931 0.00231603 0.00780322 -0.00716512 0.000937967
 0.00502657 0.00220892 0.00753845 -0.00700797 0.000873942
 0.00500899 0.00219759 0.00701593 -0.00651763 0.000882975
 0.00485985 0.00212369 0.00702414 -0.00658668 0.000847492
 0.00465791 0.0020153 0.00664883 -0.00624495 0.000809467
 0.00456392 0.00197533 0.00632535 -0.00593598 0.000789285
 0.00447968 0.00192962 0.00635497 -0.00601081 0.000785965
 0.00432168 0.00184592 0.00587556 -0.00557035 0.000736181
 0.00415152 0.00177876 0.00555272 -0.00527662 0.000738567
 0.00410415 0.00174181 0.0051064 -0.00487654 0.000709345
 0.00398698 0.00169161 0.00498605 -0.00475218 0.00070088
 0.0038675 0.00163232 0.00459942 -0.00440347 0.000678738
 0 0 0 0 0
 0 0 0 0 0
 0 0 0 0 0
 0 0 0 0 0
 0 0 0 0 0
 0 0 0 0 0
 0 0 0 0 0
 0 0 0 0 0
 0 0 0 0 0
 0 0 0 0 0
 0 0 0 0 0
 0 0 0 0 0
 0 0 0 0 0
 0 0 0 0 0
 0 0 0 0 0
 0 0 0 0 0
 0 0 0 0 0
 0 0 0 0 0
 0 0 0 0 0
 0 0 0 0 0
 0 0 0 0 0
 0 0 0 0 0
 0 0 0 0 0
 0 0 0 0 0
 0 0 0 0 0
 0 0 0 0 0
 0 0 0 0 0
 0 0 0 0 0
 0 0 0 0 0
 0 0 0 0 0
 0 0 0 0 0
 0 0 0 0 0
 0 0 0 0 0
 0 0 0 0 0
 0 0 0 0 0
 0 0 0 0 0
 0 0 0 0 0
 0 0 0 0 0
 0 0 0 0 0
 0 0 0 0 0
 0 0 0 0 0
 0 0 0 0 0
 0 0 0 0 0
 0 0 0 0 0
 0 0 0 0 0
 0 0 0 0 0
 0 0 0 0 0
 0 0 0 0 0
 0 0 0 0 0
 0 0 0 0 0
 0 0 0 0 0
 0 0 0 0 0
 0 0 0 0 0
 0 0 0 0 0
 1.71841 1.60328 0.031625 -0.020861 1.49943
 0.769131 0.704057 0.0333932 -0.0227403 0.647816
 0.451318 0.405337 0.0347747 -0.0245047 0.367226
 0.296828 0.261543 0.0356165 -0.0259278 0.233291
 0.212599 0.183812 0.0368465 -0.0275538 0.161643
 0.166611 0.141288 0.0396505 -0.0305667 0.122201
 0.134294 0.111728 0.0416611 -0.0328439 0.0950758
 0.111129 0.0907008 0.0435984 -0.0351412 0.0759195
 0.0921717 0.0738618 0.0445478 -0.0365683 0.0609811
 0.0788663 0.0619789 0.0461697 -0.0386575 0.0502173
 0.0691708 0.0534152 0.0478047 -0.0406727 0.0426345
 0.0610591 0.0463141 0.0490395 -0.0422134 0.0364868
 0.0538687 0.0401552 0.0507562 -0.0441975 0.0311234
 0.0477018 0.0348298 0.0503143 -0.0441564 0.0263179
 0.0432932 0.0311348 0.0515716 -0.0457152 0.0232487
 0.0385777 0.0272065 0.0512782 -0.0456898 0.0198733
 0.0357597 0.0248611 0.051618 -0.046279 0.0180203
 0.0318733 0.0217338 0.0506382 -0.0456202 0.0153208
 0.0291383 0.0194903 0.0500172 -0.0453301 0.0133982
 0.0268913 0.0176883 0.0501698 -0.0456272 0.0118777
 0.0246824 0.0160196 0.0483775 -0.0441156 0.0106273
 0.0224131 0.0143378 0.0465391 -0.0425574 0.009363
 0.021039 0.0132359 0.0458009 -0.0418398 0.00845008
 0.0192165 0.0119125 0.0432206 -0.0395058 0.00746451
 0.0181252 0.0111203 0.0420712 -0.0384943 0.00693184
 0.0170561 0.0102854 0.0403513 -0.0369634 0.00619093
 0.016117 0.009513 0.0393028 -0.0359455 0.00543793
 0.0144981 0.00841033 0.0355096 -0.0324258 0.00461048
 0.0138337 0.00796686 0.0337246 -0.0308197 0.00437127
 0.0133563 0.00758406 0.0323506 -0.0294744 0.00401799
 0.0124977 0.00691868 0.0300113 -0.0272915 0.00337188
 0.0119103 0.00660218 0.0284744 -0.0258656 0.00330698
 0.0113339 0.00623929 0.0256996 -0.0233025 0.00304233
 0.0110976 0.0060743 0.024912 -0.0224916 0.00292648
 0.0106375 0.00583722 0.0225279 -0.0202438 0.00287643
 0.0102445 0.00555778 0.0209934 -0.0188102 0.00263307
 0.00996575 0.00539815 0.0191333 -0.0170852 0.00257789
 0.0094955 0.00506129 0.0178952 -0.0159407 0.00231618
 0.009 0.00473966 0.0160994 -0.0142788 0.00209338
 0.00892092 0.00468184 0.0154623 -0.0137007 0.00210057
 0.00864308 0.00448837 0.0141522 -0.0124234 0.00200852
 0.00810874 0.00411878 0.0132877 -0.0116933 0.00170892
 0.00780115 0.00393372 0.0123072 -0.010842 0.00164116
 0.00742927 0.00368061 0.0116457 -0.0102632 0.00146766
 0.00734888 0.00362818 0.0110927 -0.00977683 0.00147059
 0.00715114 0.00348716 0.0107201 -0.00943975 0.00140048
 0.00675858 0.00322841 0.00993008 -0.00873333 0.00122373
 0.00666607 0.0031523 0.00965808 -0.00854775 0.00118557
 0.00651717 0.00309744 0.00920325 -0.00815546 0.00125823
 0.00619205 0.00294087 0.0092465 -0.00828375 0.00122864
 0.00603557 0.00279947 0.00861367 -0.00765571 0.00109132
 0.00589027 0.00271163 0.00860333 -0.00772983 0.00104671
 0.00577893 0.00265235 0.00796646 -0.00712287 0.00106653
 0.00543182 0.00248296 0.0079231 -0.00721003 0.00100787
 0.00534133 0.00239475 0.00764155 -0.00700736 0.000916608
 0.00524436 0.00235823 0.00772565 -0.0071109 0.000941008
 0.00511108 0.00227809 0.00724162 -0.00666203 0.000895133
 0.00492986 0.00219634 0.00722978 -0.00670133 0.000883692
 0.004896 0.00216747 0.00680767 -0.00629428 0.000887175
 0.00471203 0.00207209 0.0068286 -0.00637313 0.000826969
 0.00457118 0.0019956 0.00674868 -0.0063287 0.000798084
 0.00444784 0.00195106 0.00638818 -0.00602587 0.0008147
 0.00436296 0.0019055 0.00589966 -0.00555264 0.000795627
 0.00426671 0.00184384 0.00580653 -0.00548633 0.000750608
 0.00408195 0.00174982 0.00555854 -0.00528627 0.000701957
 0.00402203 0.00173024 0.00504449 -0.00481593 0.000723377
 0.00391168 0.00168047 0.00474032 -0.00451759 0.000716182
 0 0 0 0 0
 0 0 0 0 0
 0 0 0 0 0
 0 0 0 0 0
 0 0 0 0 0
 0 0 0 0 0
 0 0 0 0 0
 0 0 0 0 0
 0 0 0 0 0
 0 0 0 0 0
 0 0 0 0 0
 0 0 0 0 0
 0 0 0 0 0
 0 0 0 0 0
 0 0 0 0 0
 0 0 0 0 0
 0 0 0 0 0
 0 0 0 0 0
 0 0 0 0 0
 0 0 0 0 0
 0 0 0 0 0
 0 0 0 0 0
 0 0 0 0 0
 0 0 0 0 0
 0 0 0 0 0
 0 0 0 0 0
 0 0 0 0 0
 0 0 0 0 0
 0 0 0 0 0
 0 0 0 0 0
 0 0 0 0 0
 0 0 0 0 0
 0 0 0 0 0
 0 0 0 0 0
 0 0 0 0 0
 0 0 0 0 0
 0 0 0 0 0
 0 0 0 0 0
 0 0 0 0 0
 0 0 0 0 0
 0 0 0 0 0
 0 0 0 0 0
 0 0 0 0 0
 0 0 0 0 0
 0 0 0 0 0
 0 0 0 0 0
 0 0 0 0 0
 0 0 0 0 0
 0 0 0 0 0
 0 0 0 0 0
 0 0 0 0 0
 0 0 0 0 0
 0 0 0 0 0
 0 0 0 0 0
 0 0 0 0 0
 1.69899 1.58938 0.0301591 -0.0196469 1.49055
 0.745672 0.684603 0.0313502 -0.0210327 0.631947
 0.422887 0.380985 0.0324002 -0.0225004 0.346208
 0.281196 0.24866 0.0335873 -0.0239903 0.222751
 0.203033 0.17611 0.0349564 -0.0258532 0.155252
 0.15705 0.13369 0.0366941 -0.0278422 0.116123
 0.12663 0.105803 0.0384236 -0.0299765 0.0905392
 0.10508 0.0862033 0.0405593 -0.0322885 0.0727146
 0.0886017 0.0712846 0.0425143 -0.0345789 0.0590749
 0.0774366 0.0612144 0.0445171 -0.0370182 0.0499971
 0.0659059 0.0511871 0.0453199 -0.0382148 0.0413132
 0.0587134 0.0447604 0.0466847 -0.0400659 0.0354248
 0.0520545 0.0389685 0.0479141 -0.0414842 0.0302835
 0.0461405 0.0339648 0.0482148 -0.0421255 0.0261021
 0.0422228 0.0305263 0.0499238 -0.044139 0.0229663
 0.0376864 0.0268207 0.0496304 -0.0441246 0.0199493
 0.0336974 0.0235123 0.0490822 -0.0439405 0.017016
 0.0312793 0.0215223 0.0495935 -0.0446342 0.0153948
 0.0285736 0.019236 0.0489528 -0.044247 0.0132942
 0.0261422 0.0173694 0.0480189 -0.0435282 0.0119059
 0.0242673 0.0158765 0.0476854 -0.0433789 0.010716
 0.0222356 0.0143522 0.0461565 -0.0420562 0.00951683
 0.0203499 0.0128332 0.0441658 -0.0402807 0.00817677
 0.0188446 0.0117406 0.0430306 -0.0393845 0.00739983
 0.0177875 0.0108937 0.041772 -0.0382962 0.00660889
 0.0165932 0.0100514 0.0398248 -0.0364274 0.0060763
 0.0154551 0.009205 0.0377717 -0.034541 0.00538461
 0.0144614 0.00849542 0.0358383 -0.0327237 0.00486065
 0.0136595 0.00792029 0.0343088 -0.0313807 0.00442017
 0.0129566 0.00741905 0.0320001 -0.0292427 0.00401058
 0.0122906 0.00692814 0.0303762 -0.0276692 0.00357402
 0.0118002 0.00662298 0.0285606 -0.0259591 0.00344152
 0.0112522 0.00631343 0.0265481 -0.0241152 0.00331578
 0.0106736 0.00589472 0.0246404 -0.0222793 0.00294853
 0.0105123 0.00578198 0.0231401 -0.0208638 0.00285147
 0.00998208 0.00539625 0.0211738 -0.0190594 0.00251207
 0.009654 0.0052066 0.0194788 -0.0174579 0.00242853
 0.009295 0.00502918 0.0180568 -0.0161009 0.00240789
 0.009 0.0048355 0.0168448 -0.0150014 0.00231258
 0.00860383 0.00456742 0.0154464 -0.0137535 0.00211614
 0.00832575 0.00431492 0.0145104 -0.012844 0.00186597
 0.00792431 0.00405626 0.0136456 -0.0121071 0.00170426
 0.00776492 0.0040036 0.012329 -0.0108186 0.00177833
 0.00747298 0.00374317 0.0114256 -0.0100663 0.00153251
 0.0072709 0.00365577 0.0106183 -0.00936208 0.00157075
 0.00711443 0.00352153 0.0103829 -0.00910708 0.0014578
 0.00669909 0.00328372 0.00984642 -0.00869617 0.00138493
 0.00651963 0.0031219 0.00924067 -0.00818953 0.00118969
 0.00629775 0.00299696 0.00918433 -0.00818173 0.00119063
 0.00598589 0.0027885 0.00872942 -0.00778653 0.00104902
 0.00597816 0.0028076 0.00874033 -0.00784157 0.00112977
 0.00581462 0.00273407 0.00819305 -0.00740533 0.00113728
 0.00564742 0.00262358 0.00789424 -0.00712597 0.00106843
 0.00543701 0.00251928 0.00773726 -0.00705728 0.00104095
 0.00532426 0.00243988 0.00784813 -0.00714052 0.000980817
 0.00508875 0.00229951 0.00742686 -0.00680737 0.000913617
 0.005033 0.00227171 0.0072427 -0.00667247 0.000908433
 0.00488615 0.00220178 0.0070848 -0.00656622 0.0009002
 0.0047738 0.00214156 0.00679926 -0.00627973 0.000882908
 0.00468837 0.00208128 0.00654639 -0.00609072 0.000848717
 0.00453405 0.00201708 0.00638168 -0.00599205 0.000847867
 0.00438315 0.00194483 0.00599928 -0.00565097 0.00083445
 0.00435735 0.00192319 0.00578346 -0.00544862 0.000820371
 0.00426022 0.00187444 0.0057717 -0.0054599 0.000794214
 0.00407531 0.00177133 0.00541381 -0.00513752 0.00073668
 0.00392014 0.00170312 0.00510279 -0.00485443 0.000717518
 0 0 0 0 0
 0 0 0 0 0
 0 0 0 0 0
 0 0 0 0 0
 0 0 0 0 0
 0 0 0 0 0
 0 0 0 0 0
 0 0 0 0 0
 0 0 0 0 0
 0 0 0 0 0
 0 0 0 0 0
 0 0 0 0 0
 0 0 0 0 0
 0 0 0 0 0
 0 0 0 0 0
 0 0 0 0 0
 0 0 0 0 0
 0 0 0 0 0
 0 0 0 0 0
 0 0 0 0 0
 0 0 0 0 0
 0 0 0 0 0
 0 0 0 0 0
 0 0 0 0 0
 0 0 0 0 0
 0 0 0 0 0
 0 0 0 0 0
 0 0 0 0 0
 0 0 0 0 0
 0 0 0 0 0
 0 0 0 0 0
 0 0 0 0 0
 0 0 0 0 0
 0 0 0 0 0
 0 0 0 0 0
 0 0 0 0 0
 0 0 0 0 0
 0 0 0 0 0
 0 0 0 0 0
 0 0 0 0 0
 0 0 0 0 0
 0 0 0 0 0
 0 0 0 0 0
 0 0 0 0 0
 0 0 0 0 0
 0 0 0 0 0
 0 0 0 0 0
 0 0 0 0 0
 0 0 0 0 0
 0 0 0 0 0
 0 0 0 0 0
 0 0 0 0 0
 0 0 0 0 0
 0 0 0 0 0
 0 0 0 0 0
 0 0 0 0 0
 1.69592 1.59046 0.029269 -0.0185718 1.49537
 0.722499 0.665175 0.0296457 -0.0196267 0.615822
 0.405997 0.366906 0.0302458 -0.0206151 0.334619
 0.271855 0.241188 0.031916 -0.0224391 0.216859
 0.197077 0.171589 0.0336371 -0.0245863 0.152012
 0.150887 0.128993 0.0346172 -0.0257995 0.112727
 0.117557 0.098635 0.0355217 -0.0272513 0.08489
 0.0987 0.0812917 0.0373862 -0.0294546 0.0689114
 0.0853867 0.069069 0.0400957 -0.0322178 0.0577346
 0.0722573 0.0574284 0.0404728 -0.0331916 0.0474596
 0.0644534 0.050279 0.0431146 -0.0359981 0.0407393
 0.0567592 0.0435163 0.0447042 -0.0379357 0.0346799
 0.0504869 0.0380041 0.0458718 -0.0393193 0.0298537
 0.0442104 0.0327067 0.0456497 -0.0396832 0.0252552
 0.0404101 0.0294144 0.0470568 -0.0413304 0.0224127
 0.0351499 0.0251521 0.0459387 -0.0406691 0.0188391
 0.0334066 0.0234867 0.0482881 -0.0431133 0.0171858
 0.0305318 0.0210919 0.0476875 -0.0427953 0.0151245
 0.0275547 0.0186916 0.047016 -0.042388 0.0131023
 0.0255455 0.0170366 0.0469563 -0.0425298 0.0117067
 0.0234443 0.0154852 0.0456944 -0.0415117 0.010651
 0.021646 0.0140227 0.045354 -0.0412658 0.00931
 0.0196021 0.0124995 0.0427449 -0.0390174 0.00815501
 0.0184933 0.011588 0.041629 -0.0380209 0.00732732
 0.0170274 0.0105044 0.0399841 -0.0365839 0.00649132
 0.0160609 0.009784 0.0389507 -0.0356825 0.0059568
 0.0153133 0.00911958 0.0379475 -0.0347065 0.00520644
 0.0140995 0.00836733 0.0353007 -0.0322444 0.00487678
 0.0133131 0.00777257 0.0336584 -0.0307254 0.0043703
 0.0126053 0.00723833 0.0319313 -0.0292062 0.00389607
 0.0120835 0.0069384 0.0300803 -0.0274006 0.00382216
 0.0114757 0.00644525 0.0285586 -0.0260142 0.00330942
 0.0107826 0.00601853 0.0261652 -0.0237514 0.0030634
 0.0104362 0.0058778 0.0245226 -0.0222282 0.00314335
 0.010145 0.00558675 0.0227939 -0.0205935 0.00278948
 0.009845 0.0054298 0.0214222 -0.01927 0.00270006
 0.00946783 0.00520673 0.0194877 -0.0174873 0.00260297
 0.00927292 0.00499677 0.0186909 -0.0167087 0.00232655
 0.00872125 0.0046942 0.0167487 -0.0149577 0.00226638
 0.00856692 0.0045441 0.015651 -0.0139428 0.00209185
 0.00815872 0.00436216 0.0143213 -0.0126799 0.00213111
 0.00796771 0.0041099 0.0133935 -0.0118732 0.00174269
 0.00755695 0.00387358 0.0126472 -0.011214 0.00166335
 0.00748603 0.00384228 0.0120243 -0.010672 0.0017329
 0.00712129 0.0035725 0.0111205 -0.00981083 0.00149814
 0.0068679 0.00337975 0.0105731 -0.009312 0.00135763
 0.00655696 0.0032438 0.00991808 -0.00876675 0.00138589
 0.00631944 0.00308529 0.00952575 -0.0084385 0.00129429
 0.00612067 0.00288805 0.00917242 -0.00821136 0.00107932
 0.00605834 0.00286618 0.00871042 -0.00774727 0.0011067
 0.00583842 0.002769 0.00828715 -0.00745846 0.00111985
 0.00563526 0.00267313 0.00834367 -0.00753617 0.00111936
 0.00552541 0.00257727 0.00775154 -0.0069782 0.00104891
 0.00533192 0.00245801 0.00772278 -0.00701179 0.000987367
 0.00511975 0.00234242 0.0073681 -0.00673654 0.000922067
 0.00509274 0.00233552 0.00736392 -0.00671577 0.000962733
 0.00497144 0.00228304 0.00685455 -0.00631916 0.000950283
 0.00486564 0.00220239 0.00678237 -0.00623563 0.000887833
 0.00464711 0.0021131 0.00671812 -0.00621913 0.000901875
 0.00458136 0.00205073 0.00652509 -0.00609917 0.000832333
 0.00445706 0.00199599 0.00627532 -0.00588705 0.000836167
 0.00430792 0.00193005 0.00584122 -0.00549431 0.000841592
 0.004197 0.00186327 0.00578654 -0.00547025 0.000794965
 0.00413022 0.00182138 0.00566203 -0.00535927 0.000771313
 0.00401977 0.00177208 0.00524538 -0.00497883 0.000755219
 0 0 0 0 0
 0 0 0 0 0
 0 0 0 0 0
 0 0 0 0 0
 0 0 0 0 0
 0 0 0 0 0
 0 0 0 0 0
 0 0 0 0 0
 0 0 0 0 0
 0 0 0 0 0
 0 0 0 0 0
 0 0 0 0 0
 0 0 0 0 0
 0 0 0 0 0
 0 0 0 0 0
 0 0 0 0 0
 0 0 0 0 0
 0 0 0 0 0
 0 0 0 0 0
 0 0 0 0 0
 0 0 0 0 0
 0 0 0 0 0
 0 0 0 0 0
 0 0 0 0 0
 0 0 0 0 0
 0 0 0 0 0
 0 0 0 0 0
 0 0 0 0 0
 0 0 0 0 0
 0 0 0 0 0
 0 0 0 0 0
 0 0 0 0 0
 0 0 0 0 0
 0 0 0 0 0
 0 0 0 0 0
 0 0 0 0 0
 0 0 0 0 0
 0 0 0 0 0
 0 0 0 0 0
 0 0 0 0 0
 0 0 0 0 0
 0 0 0 0 0
 0 0 0 0 0
 0 0 0 0 0
 0 0 0 0 0
 0 0 0 0 0
 0 0 0 0 0
 0 0 0 0 0
 0 0 0 0 0
 0 0 0 0 0
 0 0 0 0 0
 0 0 0 0 0
 0 0 0 0 0
 0 0 0 0 0
 0 0 0 0 0
 0 0 0 0 0
 0 0 0 0 0
 1.64337 1.5447 0.0278677 -0.0172848 1.45569
 0.699033 0.645334 0.0282855 -0.0182754 0.599284
 0.391325 0.354692 0.0290349 -0.019485 0.324586
 0.265222 0.23605 0.0308423 -0.0214258 0.21297
 0.186949 0.163407 0.0310446 -0.0221849 0.145507
 0.144949 0.124396 0.0327458 -0.0242191 0.109248
 0.11375 0.0958058 0.0336343 -0.0255077 0.0828935
 0.0949292 0.0785227 0.0356185 -0.027655 0.0669306
 0.0798481 0.0648927 0.0370491 -0.0293968 0.0546295
 0.0674144 0.0537965 0.0376071 -0.030694 0.0446418
 0.0607391 0.0476239 0.0403234 -0.0334347 0.0388788
 0.0531062 0.0408929 0.0410399 -0.0345221 0.0327995
 0.0477241 0.0361731 0.0429641 -0.0367817 0.0287079
 0.0419518 0.0312022 0.0429763 -0.0371218 0.0243026
 0.0393273 0.028763 0.0452766 -0.0397026 0.0220403
 0.0350884 0.0252272 0.0449564 -0.039623 0.0189367
 0.032587 0.0230483 0.0460834 -0.0410238 0.0170722
 0.0296287 0.0206268 0.046022 -0.0411699 0.015017
 0.0264604 0.0181253 0.0451614 -0.0405422 0.0129895
 0.0245861 0.0165283 0.0452943 -0.0409949 0.0115123
 0.0227011 0.0150438 0.0439939 -0.0397797 0.0103759
 0.0207892 0.013607 0.0429278 -0.0389729 0.00925083
 0.0198514 0.0127663 0.0435646 -0.0397218 0.00844225
 0.0184249 0.0116703 0.0422766 -0.0387107 0.0075989
 0.0167751 0.0104295 0.0396658 -0.0362465 0.00653749
 0.0160425 0.00987625 0.039405 -0.0359873 0.00610425
 0.0147746 0.00898167 0.0369228 -0.0337737 0.00548122
 0.0138954 0.00828518 0.0351106 -0.0320933 0.00485566
 0.0131483 0.00773482 0.0337381 -0.0308525 0.00440688
 0.0125589 0.00728481 0.0321207 -0.0293666 0.00404356
 0.011922 0.00685681 0.0302655 -0.0276427 0.00378453
 0.0112012 0.00634878 0.0284133 -0.0259663 0.00334979
 0.0107004 0.00606025 0.0261617 -0.0238468 0.00322727
 0.0103933 0.00580077 0.0249697 -0.0226585 0.00298352
 0.00981467 0.00548712 0.0227391 -0.0205973 0.00285571
 0.00964092 0.00532113 0.0214018 -0.019312 0.00264497
 0.00922358 0.00507457 0.0197401 -0.0177771 0.00250143
 0.00897383 0.00488114 0.0181847 -0.0162386 0.00234697
 0.00857383 0.00464655 0.0168628 -0.0151243 0.00225744
 0.00832692 0.00441258 0.0160249 -0.014266 0.00195525
 0.00807857 0.00427804 0.0150063 -0.0133524 0.0019786
 0.00784818 0.0041186 0.0137113 -0.012117 0.00189145
 0.00746475 0.00391662 0.0128423 -0.0113917 0.00183688
 0.00709745 0.00368563 0.0119546 -0.0106184 0.00168481
 0.0069394 0.00350508 0.0113969 -0.0101423 0.00150458
 0.00677674 0.00341594 0.0106839 -0.00943225 0.00148707
 0.00647847 0.00323499 0.00988633 -0.00877975 0.00141907
 0.00627029 0.00308887 0.00938717 -0.00835217 0.00130164
 0.00599411 0.00289978 0.009005 -0.00802667 0.00117313
 0.00575856 0.00278935 0.008706 -0.00779541 0.00117017
 0.00579513 0.00276964 0.00858542 -0.00770609 0.00114157
 0.00557586 0.00268093 0.00815115 -0.00729676 0.00116193
 0.00537289 0.00253785 0.00762635 -0.00688601 0.00106235
 0.00515557 0.00242349 0.0073181 -0.00661518 0.00100688
 0.00510619 0.00236911 0.00735295 -0.00672077 0.00097195
 0.00490376 0.00226024 0.00696534 -0.00634142 0.000918192
 0.00485366 0.00223149 0.0067802 -0.00627224 0.000934425
 0.00468511 0.00214724 0.00691068 -0.00638509 0.000898767
 0.00453728 0.0020692 0.00672277 -0.0062151 0.000863733
 0.00454502 0.00207596 0.00631446 -0.00587288 0.000894125
 0.00448582 0.00202734 0.00603226 -0.00563976 0.000858908
 0.00421316 0.00188817 0.00574238 -0.0054083 0.000792607
 0.00415137 0.00186702 0.00564763 -0.00532631 0.000806512
 0.00410882 0.00183556 0.00541418 -0.00512342 0.000791031
 0 0 0 0 0
 0 0 0 0 0
 0 0 0 0 0
 0 0 0 0 0
 0 0 0 0 0
 0 0 0 0 0
 0 0 0 0 0
 0 0 0 0 0
 0 0 0 0 0
 0 0 0 0 0
 0 0 0 0 0
 0 0 0 0 0
 0 0 0 0 0
 0 0 0 0 0
 0 0 0 0 0
 0 0 0 0 0
 0 0 0 0 0
 0 0 0 0 0
 0 0 0 0 0
 0 0 0 0 0
 0 0 0 0 0
 0 0 0 0 0
 0 0 0 0 0
 0 0 0 0 0
 0 0 0 0 0
 0 0 0 0 0
 0 0 0 0 0
 0 0 0 0 0
 0 0 0 0 0
 0 0 0 0 0
 0 0 0 0 0
 0 0 0 0 0
 0 0 0 0 0
 0 0 0 0 0
 0 0 0 0 0
 0 0 0 0 0
 0 0 0 0 0
 0 0 0 0 0
 0 0 0 0 0
 0 0 0 0 0
 0 0 0 0 0
 0 0 0 0 0
 0 0 0 0 0
 0 0 0 0 0
 0 0 0 0 0
 0 0 0 0 0
 0 0 0 0 0
 0 0 0 0 0
 0 0 0 0 0
 0 0 0 0 0
 0 0 0 0 0
 0 0 0 0 0
 0 0 0 0 0
 0 0 0 0 0
 0 0 0 0 0
 0 0 0 0 0
 0 0 0 0 0
 0 0 0 0 0
 1.66304 1.56657 0.027241 -0.0167605 1.47944
 0.687536 0.636148 0.0277599 -0.0177226 0.591942
 0.380081 0.34547 0.0278035 -0.0184448 0.317208
 0.252179 0.225125 0.0290337 -0.0198298 0.203958
 0.1798 0.157701 0.0299082 -0.0209948 0.141134
 0.134702 0.116018 0.0302282 -0.0219792 0.102477
 0.107262 0.0907208 0.0310035 -0.0231837 0.0790123
 0.0882567 0.0732844 0.0326772 -0.0251032 0.0629113
 0.0759817 0.0619843 0.0343773 -0.027132 0.0524341
 0.0648217 0.0519388 0.035578 -0.0286537 0.0432943
 0.0584293 0.0460265 0.0381153 -0.0311913 0.0378758
 0.0513182 0.0397153 0.0393592 -0.0329462 0.0321332
 0.0461569 0.0351203 0.0412661 -0.0351248 0.0279799
 0.0416448 0.0311726 0.0420743 -0.0361331 0.0244876
 0.0379954 0.0279477 0.0432042 -0.0376477 0.0215653
 0.0339495 0.0245377 0.0436152 -0.0382491 0.0185722
 0.0314413 0.0224199 0.0442451 -0.0392402 0.0168442
 0.0282398 0.0197524 0.044049 -0.039223 0.0144788
 0.0259782 0.0179184 0.0439868 -0.0394884 0.0129525
 0.0240022 0.016253 0.0434153 -0.0391001 0.0114997
 0.0225457 0.0150552 0.0440064 -0.0398404 0.0105044
 0.0203941 0.013378 0.0423279 -0.0384661 0.00907658
 0.0191677 0.0123963 0.0418153 -0.0381837 0.00829318
 0.0178184 0.0113174 0.0407435 -0.0371585 0.00734054
 0.0167077 0.0104943 0.0394266 -0.0360675 0.00671695
 0.0154863 0.009579 0.0375399 -0.0342707 0.00599171
 0.0145303 0.008885 0.0362514 -0.0332105 0.00545463
 0.0137761 0.00833525 0.0352159 -0.0322611 0.00506061
 0.0130171 0.0077353 0.0334123 -0.0305451 0.00455571
 0.0124501 0.00732337 0.0324157 -0.029652 0.00421627
 0.011699 0.00679562 0.0299017 -0.0273268 0.00384257
 0.0110728 0.00635929 0.0285916 -0.0260806 0.00348601
 0.0106589 0.00608179 0.026406 -0.024013 0.00331869
 0.0100048 0.0055948 0.0246418 -0.0223682 0.00286357
 0.00962908 0.00537508 0.0230951 -0.0209174 0.00274322
 0.00932908 0.00515941 0.0214756 -0.0193695 0.00258027
 0.0090475 0.00502603 0.0204173 -0.0184383 0.00259192
 0.00874567 0.00480869 0.0182673 -0.0164178 0.00238892
 0.00850658 0.0046487 0.0172902 -0.0155215 0.00229986
 0.00804921 0.00434408 0.0157988 -0.0141711 0.0020887
 0.00784074 0.00419193 0.0145685 -0.0130079 0.00198277
 0.00756885 0.00401042 0.0138449 -0.0123827 0.0018781
 0.00733589 0.00385779 0.0126283 -0.0111912 0.00180728
 0.00692683 0.00359211 0.0118479 -0.0105323 0.00163948
 0.00668066 0.00344018 0.0109927 -0.00975633 0.00158392
 0.0066562 0.00339397 0.0107094 -0.00949883 0.00152301
 0.00653891 0.00330643 0.0104895 -0.00936317 0.00149412
 0.00609488 0.00304362 0.00937642 -0.00840125 0.00135795
 0.00609344 0.00300577 0.00938617 -0.00840083 0.00130676
 0.00573823 0.0027843 0.00864883 -0.00772689 0.0011573
 0.00566176 0.0027462 0.0081083 -0.0072584 0.0011611
 0.00543061 0.00259595 0.00797508 -0.00717436 0.00108208
 0.0052473 0.0025053 0.00775136 -0.00697798 0.00107189
 0.00508997 0.00241903 0.00746209 -0.00675949 0.00105268
 0.00507803 0.00241934 0.00723086 -0.00657177 0.00106953
 0.00494923 0.00232048 0.0070342 -0.00641787 0.000993075
 0.00474862 0.00219649 0.00686723 -0.00633099 0.000909642
 0.00463373 0.00215187 0.00658052 -0.00606885 0.000935108
 0.00448877 0.00206035 0.00657324 -0.00613255 0.000868225
 0.00440754 0.00201718 0.00617775 -0.00574463 0.000859958
 0.00429101 0.00195324 0.00604649 -0.00565191 0.000840383
 0.00422328 0.00191579 0.00569292 -0.00531597 0.000820212
 0.00412406 0.00187945 0.00546322 -0.00513267 0.000839517
 0 0 0 0 0
 0 0 0 0 0
 0 0 0 0 0
 0 0 0 0 0
 0 0 0 0 0
 0 0 0 0 0
 0 0 0 0 0
 0 0 0 0 0
 0 0 0 0 0
 0 0 0 0 0
 0 0 0 0 0
 0 0 0 0 0
 0 0 0 0 0
 0 0 0 0 0
 0 0 0 0 0
 0 0 0 0 0
 0 0 0 0 0
 0 0 0 0 0
 0 0 0 0 0
 0 0 0 0 0
 0 0 0 0 0
 0 0 0 0 0
 0 0 0 0 0
 0 0 0 0 0
 0 0 0 0 0
 0 0 0 0 0
 0 0 0 0 0
 0 0 0 0 0
 0 0 0 0 0
 0 0 0 0 0
 0 0 0 0 0
 0 0 0 0 0
 0 0 0 0 0
 0 0 0 0 0
 0 0 0 0 0
 0 0 0 0 0
 0 0 0 0 0
 0 0 0 0 0
 0 0 0 0 0
 0 0 0 0 0
 0 0 0 0 0
 0 0 0 0 0
 0 0 0 0 0
 0 0 0 0 0
 0 0 0 0 0
 0 0 0 0 0
 0 0 0 0 0
 0 0 0 0 0
 0 0 0 0 0
 0 0 0 0 0
 0 0 0 0 0
 0 0 0 0 0
 0 0 0 0 0
 0 0 0 0 0
 0 0 0 0 0
 0 0 0 0 0
 0 0 0 0 0
 0 0 0 0 0
 0 0 0 0 0
 1.62801 1.53686 0.0259828 -0.0156731 1.45476
 0.667872 0.619457 0.0266207 -0.0168147 0.578038
 0.367547 0.334913 0.0267098 -0.0174355 0.308332
 0.240587 0.215362 0.0273234 -0.0184913 0.195643
 0.173315 0.15245 0.0280447 -0.0194479 0.136891
 0.130381 0.112672 0.028578 -0.0203587 0.100002
 0.105326 0.0893592 0.0305494 -0.0225 0.078019
 0.0861458 0.0717991 0.0312843 -0.0237026 0.0619207
 0.0723541 0.0592382 0.032574 -0.0252573 0.0503973
 0.0617365 0.0497206 0.0329627 -0.0262512 0.0418435
 0.0545037 0.0431264 0.0350297 -0.0283623 0.0357192
 0.0486811 0.0378099 0.0367163 -0.0303404 0.0307807
 0.0442473 0.033834 0.0385268 -0.0324128 0.0271842
 0.0397856 0.0299154 0.0396995 -0.0339032 0.0236425
 0.0355842 0.0262914 0.0402957 -0.034851 0.0204426
 0.032124 0.023382 0.0403253 -0.035182 0.0179837
 0.0297578 0.0212902 0.0418066 -0.0368751 0.0160505
 0.0277827 0.0195091 0.0427174 -0.0380022 0.0143527
 0.0254116 0.0176277 0.0424696 -0.0379574 0.0129033
 0.0235616 0.0160653 0.0427222 -0.038484 0.0114646
 0.0218698 0.0147068 0.0421286 -0.0379452 0.0103433
 0.0200789 0.0133271 0.0410121 -0.0371207 0.00928967
 0.0184615 0.0120158 0.0402404 -0.03657 0.00809461
 0.0174927 0.0112131 0.0401113 -0.0365996 0.00739272
 0.0162272 0.0102826 0.0385268 -0.0351413 0.00670272
 0.0152313 0.00948025 0.0370972 -0.0338353 0.00598261
 0.0144592 0.00888567 0.0364403 -0.0333202 0.0055123
 0.0135905 0.00819653 0.0349517 -0.0319424 0.00486217
 0.0124731 0.0075088 0.0325209 -0.0297451 0.00455193
 0.0121508 0.00714864 0.0316288 -0.0288911 0.00405682
 0.0113928 0.00669721 0.0292252 -0.0266742 0.00388041
 0.0108043 0.00626982 0.0278793 -0.0254099 0.00354049
 0.0103699 0.00599301 0.026324 -0.0239633 0.00339037
 0.00991892 0.00560621 0.0246831 -0.0224666 0.00297935
 0.00940942 0.00533351 0.0226477 -0.0205663 0.0028611
 0.00913858 0.00511571 0.0213401 -0.0192883 0.00265471
 0.00897158 0.00498888 0.020352 -0.0183857 0.00252803
 0.00844658 0.00464308 0.018437 -0.0166473 0.00226436
 0.00813069 0.00448578 0.0169859 -0.0152901 0.00227562
 0.00799588 0.00436485 0.0159399 -0.0142734 0.00217885
 0.00763676 0.00411256 0.0149345 -0.0134124 0.00197762
 0.00735933 0.0038937 0.0137128 -0.0122727 0.00178422
 0.00709958 0.00370608 0.0129133 -0.0115391 0.00163878
 0.00686493 0.00363058 0.0118932 -0.0105495 0.00176556
 0.00665713 0.00344928 0.0113704 -0.0101408 0.00160282
 0.0063806 0.0032709 0.0108338 -0.00967008 0.0014979
 0.00623279 0.00313953 0.0101173 -0.00896508 0.0013599
 0.00594986 0.00293906 0.00938083 -0.00838658 0.00119935
 0.00582478 0.00290448 0.00865083 -0.00767171 0.00127526
 0.00554833 0.00272788 0.00822933 -0.00734041 0.00117108
 0.00546174 0.0026691 0.00795972 -0.00716054 0.00115509
 0.00541436 0.0026457 0.00789148 -0.00709338 0.00116954
 0.00515438 0.00247803 0.00733893 -0.00662787 0.00106752
 0.00507504 0.0024353 0.00728589 -0.00658841 0.00106778
 0.00480657 0.00225743 0.00717439 -0.00655792 0.000922483
 0.00477142 0.00224461 0.0066819 -0.00612187 0.000961783
 0.00467107 0.0022055 0.00646899 -0.00598915 0.0009638
 0.00453128 0.00213198 0.00635241 -0.00585403 0.000944133
 0.00446677 0.00208401 0.00614848 -0.00570795 0.00092255
 0.00427472 0.0019887 0.00599251 -0.00560472 0.000890125
 0.00420087 0.00194187 0.00598057 -0.00558526 0.0008513
 0.00409113 0.00189213 0.00544789 -0.00510753 0.000847733
 0 0 0 0 0
 0 0 0 0 0
 0 0 0 0 0
 0 0 0 0 0
 0 0 0 0 0
 0 0 0 0 0
 0 0 0 0 0
 0 0 0 0 0
 0 0 0 0 0
 0 0 0 0 0
 0 0 0 0 0
 0 0 0 0 0
 0 0 0 0 0
 0 0 0 0 0
 0 0 0 0 0
 0 0 0 0 0
 0 0 0 0 0
 0 0 0 0 0
 0 0 0 0 0
 0 0 0 0 0
 0 0 0 0 0
 0 0 0 0 0
 0 0 0 0 0
 0 0 0 0 0
 0 0 0 0 0
 0 0 0 0 0
 0 0 0 0 0
 0 0 0 0 0
 0 0 0 0 0
 0 0 0 0 0
 0 0 0 0 0
 0 0 0 0 0
 0 0 0 0 0
 0 0 0 0 0
 0 0 0 0 0
 0 0 0 0 0
 0 0 0 0 0
 0 0 0 0 0
 0 0 0 0 0
 0 0 0 0 0
 0 0 0 0 0
 0 0 0 0 0
 0 0 0 0 0
 0 0 0 0 0
 0 0 0 0 0
 0 0 0 0 0
 0 0 0 0 0
 0 0 0 0 0
 0 0 0 0 0
 0 0 0 0 0
 0 0 0 0 0
 0 0 0 0 0
 0 0 0 0 0
 0 0 0 0 0
 0 0 0 0 0
 0 0 0 0 0
 0 0 0 0 0
 0 0 0 0 0
 0 0 0 0 0
 0 0 0 0 0
 1.59104 1.50484 0.0245864 -0.0147593 1.42719
 0.656158 0.609963 0.025591 -0.0159644 0.570597
 0.355619 0.324937 0.0250291 -0.0161738 0.300243
 0.231956 0.208245 0.0259227 -0.017305 0.190025
 0.164271 0.1449 0.0265665 -0.0181486 0.130599
 0.124817 0.108185 0.0273117 -0.0192832 0.0963817
 0.101443 0.0863608 0.0289507 -0.0210308 0.0758366
 0.0834342 0.0697528 0.0299719 -0.0224549 0.0603497
 0.0693079 0.0570077 0.0304702 -0.0233367 0.0488588
 0.0597047 0.0482438 0.0320152 -0.0251541 0.0407553
 0.0530677 0.0421124 0.0337501 -0.0272352 0.0349842
 0.0475246 0.0371427 0.0353767 -0.0289977 0.0305242
 0.0416538 0.031987 0.0353646 -0.0295641 0.0258839
 0.0383152 0.028959 0.0377933 -0.0321252 0.0231164
 0.0345769 0.0257092 0.0386523 -0.0332921 0.020213
 0.0316663 0.0231421 0.0400494 -0.0349088 0.0178392
 0.0288062 0.0206822 0.0399835 -0.0351279 0.0156407
 0.0270008 0.0191207 0.0411691 -0.0364691 0.0143283
 0.025146 0.0175043 0.0420926 -0.0375522 0.0127809
 0.0224383 0.0153904 0.0405675 -0.0363683 0.0111095
 0.0209944 0.0141523 0.0407923 -0.0366731 0.00994742
 0.0196814 0.0130197 0.0404401 -0.0365924 0.008888
 0.0181789 0.0118921 0.0401086 -0.0364376 0.00803684
 0.0167687 0.0108279 0.0379213 -0.034482 0.00723911
 0.0157611 0.0100447 0.03754 -0.0341901 0.00661558
 0.0147583 0.00928433 0.0366762 -0.033543 0.00602619
 0.0139319 0.0086445 0.0349621 -0.0319156 0.00546874
 0.0132894 0.00809887 0.0343978 -0.0315338 0.00494857
 0.0122273 0.00733212 0.0318 -0.0290714 0.00431338
 0.0117085 0.00697522 0.0308567 -0.0282192 0.00411093
 0.0111734 0.00657343 0.029827 -0.0273104 0.00378936
 0.0105152 0.00612608 0.0274635 -0.0251051 0.00345698
 0.010198 0.00592807 0.0264672 -0.0241406 0.00339588
 0.0097655 0.00560262 0.0249658 -0.022785 0.0031158
 0.00928667 0.00528067 0.0233263 -0.0211759 0.00285053
 0.00888133 0.00504956 0.0211813 -0.0191877 0.0027531
 0.00858592 0.004852 0.0199779 -0.0180633 0.00261517
 0.00820955 0.00453328 0.0187577 -0.0169498 0.0022612
 0.00817239 0.00453413 0.0173174 -0.0155767 0.00232458
 0.00780769 0.00427627 0.0160753 -0.0144397 0.00212258
 0.0075257 0.00408 0.0150282 -0.0134778 0.00200053
 0.00721192 0.00382733 0.0139036 -0.0124852 0.00175202
 0.00701316 0.00371971 0.0126439 -0.0113357 0.00172798
 0.00686238 0.00368308 0.0119319 -0.0106654 0.00182969
 0.00640802 0.00331078 0.0112047 -0.0100125 0.00148267
 0.00633007 0.0032659 0.0104861 -0.00938558 0.00150336
 0.00591962 0.00302221 0.00976508 -0.00871633 0.00136448
 0.00582638 0.00294726 0.00939917 -0.00840933 0.00133152
 0.00580347 0.00295261 0.0089675 -0.00802374 0.00138739
 0.00557507 0.00278188 0.00891 -0.00798508 0.00125647
 0.0053904 0.00267653 0.00798982 -0.00717517 0.0012164
 0.00511113 0.00251337 0.00745335 -0.00672747 0.00112073
 0.0050655 0.00244648 0.00733656 -0.00658329 0.00105203
 0.00484348 0.00232275 0.00729693 -0.00662629 0.000987158
 0.00474702 0.00226629 0.00720771 -0.00658487 0.000955933
 0.00471127 0.0022568 0.00667008 -0.00609442 0.000996792
 0.00452759 0.00214887 0.00643901 -0.00592322 0.000940892
 0.0044512 0.00209872 0.00623812 -0.00572372 0.000920667
 0.00436502 0.00206146 0.0061557 -0.00572098 0.000921392
 0.00422343 0.00197836 0.00588821 -0.00548606 0.000874575
 0.00405704 0.00190555 0.00546813 -0.00511307 0.000869717
 0 0 0 0 0
 0 0 0 0 0
 0 0 0 0 0
 0 0 0 0 0
 0 0 0 0 0
 0 0 0 0 0
 0 0 0 0 0
 0 0 0 0 0
 0 0 0 0 0
 0 0 0 0 0
 0 0 0 0 0
 0 0 0 0 0
 0 0 0 0 0
 0 0 0 0 0
 0 0 0 0 0
 0 0 0 0 0
 0 0 0 0 0
 0 0 0 0 0
 0 0 0 0 0
 0 0 0 0 0
 0 0 0 0 0
 0 0 0 0 0
 0 0 0 0 0
 0 0 0 0 0
 0 0 0 0 0
 0 0 0 0 0
 0 0 0 0 0
 0 0 0 0 0
 0 0 0 0 0
 0 0 0 0 0
 0 0 0 0 0
 0 0 0 0 0
 0 0 0 0 0
 0 0 0 0 0
 0 0 0 0 0
 0 0 0 0 0
 0 0 0 0 0
 0 0 0 0 0
 0 0 0 0 0
 0 0 0 0 0
 0 0 0 0 0
 0 0 0 0 0
 0 0 0 0 0
 0 0 0 0 0
 0 0 0 0 0
 0 0 0 0 0
 0 0 0 0 0
 0 0 0 0 0
 0 0 0 0 0
 0 0 0 0 0
 0 0 0 0 0
 0 0 0 0 0
 0 0 0 0 0
 0 0 0 0 0
 0 0 0 0 0
 0 0 0 0 0
 0 0 0 0 0
 0 0 0 0 0
 0 0 0 0 0
 0 0 0 0 0
 0 0 0 0 0
 1.60825 1.52392 0.0245904 -0.014517 1.4477
 0.638682 0.594997 0.0244284 -0.0149749 0.557869
 0.349484 0.320045 0.0246213 -0.0155548 0.296405
 0.227358 0.204596 0.025451 -0.0166348 0.187086
 0.159613 0.141111 0.0259681 -0.0175299 0.127495
 0.119779 0.104117 0.0259754 -0.0181035 0.0930383
 0.0960225 0.0820556 0.026624 -0.0191313 0.0725211
 0.0771307 0.0647287 0.0274356 -0.0202557 0.0564452
 0.0656738 0.0541872 0.0284697 -0.0216421 0.0466892
 0.0565482 0.0458612 0.0297862 -0.023156 0.0389362
 0.0497693 0.0396854 0.0311002 -0.0246843 0.0332615
 0.0451688 0.0354104 0.0331317 -0.0269076 0.0292165
 0.0407647 0.0314632 0.0345899 -0.028629 0.0256773
 0.0363488 0.0275783 0.0351077 -0.0296278 0.0221112
 0.033473 0.0249447 0.0368064 -0.031421 0.0196263
 0.0306733 0.0225332 0.0378054 -0.0327615 0.0175118
 0.0275351 0.0199141 0.0380029 -0.0332676 0.0152698
 0.0257768 0.0183948 0.0387038 -0.0341862 0.0139556
 0.0239607 0.0167867 0.039415 -0.0350394 0.0124129
 0.0221753 0.015302 0.0394587 -0.0352308 0.0111164
 0.0202122 0.0137298 0.0385674 -0.0346894 0.00980875
 0.0191054 0.0127661 0.0393132 -0.0355338 0.00891375
 0.0178089 0.0117793 0.0385628 -0.0349857 0.00819144
 0.0166747 0.010833 0.0376962 -0.0342062 0.00730752
 0.0156875 0.0100594 0.0373703 -0.034005 0.00668478
 0.0144369 0.00913325 0.0354345 -0.0323144 0.00596057
 0.0137855 0.00862542 0.0350397 -0.0320066 0.00554894
 0.0128721 0.00790751 0.0333238 -0.030482 0.00489597
 0.0120836 0.00730244 0.0317804 -0.0290849 0.00439975
 0.0114769 0.00687152 0.0306182 -0.0280016 0.00408125
 0.0110033 0.00645071 0.0296769 -0.0271487 0.00362578
 0.0104402 0.00620903 0.0277591 -0.0253375 0.00373225
 0.00995625 0.00580275 0.0262197 -0.0239517 0.00330324
 0.00957675 0.00553728 0.0249183 -0.0227392 0.00313532
 0.00916558 0.00522688 0.0230723 -0.0209717 0.00284252
 0.00866017 0.00491056 0.0210975 -0.0191698 0.00261836
 0.00851825 0.00483773 0.0200247 -0.0181151 0.00263043
 0.0081524 0.00461841 0.0184527 -0.0166738 0.00249192
 0.00785889 0.00433648 0.017293 -0.0155872 0.00216593
 0.00757785 0.00421353 0.0159777 -0.0143652 0.00221058
 0.00738762 0.00402653 0.0151227 -0.0135819 0.00197684
 0.00703143 0.0038263 0.0134638 -0.0120622 0.00191441
 0.00690367 0.00369819 0.0130697 -0.0117248 0.00178527
 0.00664628 0.00352967 0.0122534 -0.0109687 0.00169277
 0.0063881 0.00337597 0.0112428 -0.0100279 0.00162478
 0.0062279 0.00325314 0.0104718 -0.00930967 0.00153349
 0.00600759 0.00308984 0.00975417 -0.00874517 0.00140449
 0.00572003 0.00291099 0.009347 -0.00836525 0.00131587
 0.00561651 0.00281139 0.00874958 -0.00786943 0.00121791
 0.00549435 0.00276194 0.0084465 -0.00759865 0.00124487
 0.00527911 0.00263688 0.00793548 -0.00713264 0.00118393
 0.00513664 0.0025555 0.00740961 -0.00667458 0.00117866
 0.00499927 0.00245599 0.00733174 -0.00668212 0.00110692
 0.00473551 0.00229463 0.00733168 -0.00665868 0.000996792
 0.00475658 0.00230456 0.00686595 -0.00625744 0.00101604
 0.00454504 0.00218534 0.00662365 -0.00605877 0.000974292
 0.00428964 0.002046 0.00641088 -0.00592151 0.000898708
 0.00435825 0.0020702 0.00611398 -0.00561818 0.000912808
 0.00429463 0.00203357 0.00595426 -0.00551914 0.000899275
 0.00412437 0.00194932 0.00578277 -0.00531844 0.00087575
 0 0 0 0 0
 0 0 0 0 0
 0 0 0 0 0
 0 0 0 0 0
 0 0 0 0 0
 0 0 0 0 0
 0 0 0 0 0
 0 0 0 0 0
 0 0 0 0 0
 0 0 0 0 0
 0 0 0 0 0
 0 0 0 0 0
 0 0 0 0 0
 0 0 0 0 0
 0 0 0 0 0
 0 0 0 0 0
 0 0 0 0 0
 0 0 0 0 0
 0 0 0 0 0
 0 0 0 0 0
 0 0 0 0 0
 0 0 0 0 0
 0 0 0 0 0
 0 0 0 0 0
 0 0 0 0 0
 0 0 0 0 0
 0 0 0 0 0
 0 0 0 0 0
 0 0 0 0 0
 0 0 0 0 0
 0 0 0 0 0
 0 0 0 0 0
 0 0 0 0 0
 0 0 0 0 0
 0 0 0 0 0
 0 0 0 0 0
 0 0 0 0 0
 0 0 0 0 0
 0 0 0 0 0
 0 0 0 0 0
 0 0 0 0 0
 0 0 0 0 0
 0 0 0 0 0
 0 0 0 0 0
 0 0 0 0 0
 0 0 0 0 0
 0 0 0 0 0
 0 0 0 0 0
 0 0 0 0 0
 0 0 0 0 0
 0 0 0 0 0
 0 0 0 0 0
 0 0 0 0 0
 0 0 0 0 0
 0 0 0 0 0
 0 0 0 0 0
 0 0 0 0 0
 0 0 0 0 0
 0 0 0 0 0
 0 0 0 0 0
 0 0 0 0 0
 0 0 0 0 0
 1.58968 1.50905 0.023611 -0.0136591 1.43642
 0.621468 0.580049 0.0234987 -0.0142733 0.544841
 0.346079 0.31759 0.0241214 -0.0150305 0.294757
 0.215267 0.19418 0.0238372 -0.0153725 0.178156
 0.150957 0.133901 0.0240795 -0.0160234 0.121638
 0.115022 0.100257 0.024931 -0.0171223 0.0899392
 0.0931542 0.079789 0.0259008 -0.0184047 0.0706311
 0.0747952 0.0629977 0.0262096 -0.0190367 0.0552629
 0.0640102 0.0529994 0.0278807 -0.0208533 0.0458693
 0.0546745 0.0444856 0.0282453 -0.0217257 0.038026
 0.0482305 0.0385952 0.0296116 -0.023379 0.0325316
 0.0421462 0.0331688 0.0304467 -0.0244465 0.0275702
 0.0387662 0.0299759 0.0324965 -0.0266898 0.0244655
 0.0353785 0.0269601 0.0336029 -0.0280121 0.0218179
 0.032213 0.0241389 0.034689 -0.0294548 0.0191657
 0.0294546 0.0217345 0.036118 -0.0310788 0.0170426
 0.0272458 0.0197486 0.0372608 -0.0324622 0.0151187
 0.0249456 0.0178423 0.0373916 -0.0327753 0.0135161
 0.0227173 0.0159438 0.0370879 -0.0328012 0.0117528
 0.0214942 0.0148842 0.0382911 -0.0341301 0.0108687
 0.0198537 0.0135857 0.0377955 -0.0339095 0.00983033
 0.0185818 0.0125397 0.037626 -0.0339047 0.00893633
 0.0173134 0.01147 0.0375637 -0.0340578 0.00792594
 0.0160804 0.0104982 0.0369298 -0.0335369 0.00713543
 0.0149466 0.00964958 0.0354144 -0.0322228 0.00649403
 0.0141127 0.00901258 0.0344608 -0.0314138 0.006001
 0.0135527 0.00855167 0.0348034 -0.0317827 0.00559687
 0.0126979 0.00780318 0.0335027 -0.0306009 0.00477612
 0.0119481 0.007344 0.0319444 -0.0292239 0.00460897
 0.011264 0.00683632 0.0300536 -0.0274657 0.00418907
 0.0107102 0.00641403 0.0286947 -0.0262373 0.00384401
 0.0101408 0.00597222 0.0271969 -0.0248723 0.00343601
 0.00963233 0.00561435 0.0255952 -0.023393 0.00316525
 0.009237 0.00535566 0.0243645 -0.0222658 0.00302792
 0.008794 0.0050212 0.0227253 -0.0207218 0.00271273
 0.0085105 0.00487682 0.0213556 -0.0194134 0.00269408
 0.00819934 0.00468749 0.0199391 -0.0180837 0.00257322
 0.00783051 0.00439422 0.018311 -0.0165898 0.00229228
 0.00754197 0.00427426 0.0166131 -0.01497 0.00232289
 0.00740433 0.00411001 0.0159881 -0.0144582 0.00210828
 0.00726713 0.00399973 0.0150542 -0.0135168 0.0020195
 0.00697695 0.00380865 0.0140938 -0.0126791 0.0019062
 0.0066389 0.00357023 0.0129567 -0.0116629 0.00173597
 0.00655172 0.00355699 0.0121237 -0.0108943 0.00180633
 0.00627945 0.00333942 0.0115719 -0.0103619 0.00161602
 0.00591613 0.00307912 0.010433 -0.00931275 0.00140877
 0.00591465 0.00308758 0.0100773 -0.009039 0.00146373
 0.00575388 0.00297201 0.00942458 -0.00844142 0.00138234
 0.00550178 0.00283302 0.009002 -0.00809841 0.00134313
 0.00535213 0.00272751 0.00837533 -0.0075176 0.00128248
 0.00509465 0.00256132 0.00800844 -0.00722176 0.00116864
 0.00495286 0.00248238 0.00763505 -0.00691283 0.00115911
 0.00487978 0.00240883 0.00707473 -0.00639899 0.00108068
 0.00477941 0.00237301 0.00691376 -0.00626027 0.00111978
 0.00460529 0.00225769 0.00670058 -0.00610753 0.00102901
 0.00445635 0.00216983 0.00648315 -0.00592988 0.00099
 0.00432688 0.00210588 0.00619135 -0.00569465 0.000963467
 0.00419795 0.00202643 0.00596117 -0.00548778 0.000922258
 0.00418412 0.00200943 0.00600251 -0.00556693 0.000926142
 0 0 0 0 0
 0 0 0 0 0
 0 0 0 0 0
 0 0 0 0 0
 0 0 0 0 0
 0 0 0 0 0
 0 0 0 0 0
 0 0 0 0 0
 0 0 0 0 0
 0 0 0 0 0
 0 0 0 0 0
 0 0 0 0 0
 0 0 0 0 0
 0 0 0 0 0
 0 0 0 0 0
 0 0 0 0 0
 0 0 0 0 0
 0 0 0 0 0
 0 0 0 0 0
 0 0 0 0 0
 0 0 0 0 0
 0 0 0 0 0
 0 0 0 0 0
 0 0 0 0 0
 0 0 0 0 0
 0 0 0 0 0
 0 0 0 0 0
 0 0 0 0 0
 0 0 0 0 0
 0 0 0 0 0
 0 0 0 0 0
 0 0 0 0 0
 0 0 0 0 0
 0 0 0 0 0
 0 0 0 0 0
 0 0 0 0 0
 0 0 0 0 0
 0 0 0 0 0
 0 0 0 0 0
 0 0 0 0 0
 0 0 0 0 0
 0 0 0 0 0
 0 0 0 0 0
 0 0 0 0 0
 0 0 0 0 0
 0 0 0 0 0
 0 0 0 0 0
 0 0 0 0 0
 0 0 0 0 0
 0 0 0 0 0
 0 0 0 0 0
 0 0 0 0 0
 0 0 0 0 0
 0 0 0 0 0
 0 0 0 0 0
 0 0 0 0 0
 0 0 0 0 0
 0 0 0 0 0
 0 0 0 0 0
 0 0 0 0 0
 0 0 0 0 0
 0 0 0 0 0
 0 0 0 0 0
 1.59147 1.51318 0.0231761 -0.0133146 1.44256
 0.616347 0.576389 0.0231407 -0.0137289 0.542572
 0.327123 0.300821 0.0228806 -0.0141162 0.279897
 0.215108 0.194498 0.0235632 -0.0150708 0.178959
 0.149171 0.132606 0.0236815 -0.0155928 0.120716
 0.112333 0.0982158 0.0240778 -0.01636 0.0884967
 0.0889892 0.0764624 0.0247963 -0.0172983 0.0680478
 0.0726377 0.0613455 0.0253038 -0.0181585 0.0540042
 0.0611118 0.050747 0.0262053 -0.0193488 0.044092
 0.0519753 0.0424538 0.0265741 -0.0201219 0.0365184
 0.0461233 0.0370133 0.0284276 -0.0221026 0.0312848
 0.0402465 0.0317808 0.0287953 -0.023023 0.0265483
 0.0370656 0.0287828 0.0304389 -0.024777 0.0236481
 0.0338589 0.0259055 0.0319241 -0.0265676 0.0210289
 0.0313113 0.0235787 0.0335138 -0.0283147 0.0188465
 0.0279915 0.0207715 0.0332306 -0.0283519 0.0164406
 0.0258705 0.0188732 0.0346788 -0.0300504 0.0146728
 0.0240729 0.0173075 0.0357095 -0.0312429 0.0132831
 0.0228747 0.0161929 0.0369913 -0.0326398 0.0121944
 0.0209719 0.0146208 0.0370494 -0.0329667 0.0107962
 0.0190885 0.0131035 0.0363565 -0.0325175 0.00951092
 0.0179728 0.0121731 0.0367934 -0.0330813 0.008689
 0.0167117 0.0111472 0.0359317 -0.0324042 0.00782729
 0.0158726 0.0104565 0.036491 -0.0330473 0.00720884
 0.0147506 0.00956742 0.0350814 -0.0319043 0.00648024
 0.0136326 0.008714 0.0339727 -0.0310062 0.00576272
 0.0129755 0.00818077 0.0331607 -0.0302577 0.00529888
 0.0122437 0.00767072 0.0320179 -0.029254 0.00498157
 0.0115285 0.00710057 0.0306527 -0.0279509 0.00446574
 0.0109781 0.00666403 0.0296988 -0.0271157 0.00406363
 0.0104876 0.00631389 0.0283358 -0.0259358 0.00383297
 0.0100652 0.00603043 0.027283 -0.0249648 0.00366893
 0.00973775 0.00570003 0.0262679 -0.0240059 0.00323267
 0.00899867 0.00524199 0.0242301 -0.0221532 0.00298929
 0.00877683 0.00508853 0.023117 -0.0211016 0.00285797
 0.00840175 0.00481366 0.0214283 -0.0194813 0.00263911
 0.00810127 0.00460123 0.0197962 -0.0179992 0.00244662
 0.00766128 0.00430078 0.0184552 -0.0168072 0.00223102
 0.00752469 0.00423577 0.0174828 -0.0158351 0.00222933
 0.00728996 0.00409097 0.0159746 -0.014402 0.00217552
 0.00709748 0.00397953 0.0150843 -0.0135996 0.00212422
 0.00682888 0.00379332 0.0136512 -0.0122642 0.0019876
 0.00651712 0.00356039 0.0130248 -0.0117345 0.00179373
 0.00632514 0.00343197 0.012192 -0.0109659 0.00174317
 0.00614672 0.00330084 0.0110941 -0.009983 0.00163247
 0.00598627 0.00318347 0.0104308 -0.00940192 0.00155187
 0.00568344 0.00303822 0.00966517 -0.00860183 0.00154595
 0.00550379 0.00281575 0.00932217 -0.00836683 0.00124939
 0.0053943 0.00280355 0.00882108 -0.00786376 0.00135307
 0.00515438 0.00264856 0.00840825 -0.00756921 0.00125824
 0.00501807 0.00255293 0.00787399 -0.00710314 0.00119924
 0.00489569 0.002481 0.00771502 -0.00695819 0.00117817
 0.00473163 0.00236314 0.00705778 -0.00639185 0.00108114
 0.00465923 0.00232871 0.00690304 -0.00627948 0.00109936
 0.00460428 0.0022881 0.00654957 -0.00599146 0.00106773
 0.00438908 0.00216074 0.00629904 -0.0057967 0.00100402
 0.00422193 0.00205847 0.0060879 -0.00556989 0.000936975
 0.00420488 0.00205085 0.0059272 -0.00546172 0.000958183
 0 0 0 0 0
 0 0 0 0 0
 0 0 0 0 0
 0 0 0 0 0
 0 0 0 0 0
 0 0 0 0 0
 0 0 0 0 0
 0 0 0 0 0
 0 0 0 0 0
 0 0 0 0 0
 0 0 0 0 0
 0 0 0 0 0
 0 0 0 0 0
 0 0 0 0 0
 0 0 0 0 0
 0 0 0 0 0
 0 0 0 0 0
 0 0 0 0 0
 0 0 0 0 0
 0 0 0 0 0
 0 0 0 0 0
 0 0 0 0 0
 0 0 0 0 0
 0 0 0 0 0
 0 0 0 0 0
 0 0 0 0 0
 0 0 0 0 0
 0 0 0 0 0
 0 0 0 0 0
 0 0 0 0 0
 0 0 0 0 0
 0 0 0 0 0
 0 0 0 0 0
 0 0 0 0 0
 0 0 0 0 0
 0 0 0 0 0
 0 0 0 0 0
 0 0 0 0 0
 0 0 0 0 0
 0 0 0 0 0
 0 0 0 0 0
 0 0 0 0 0
 0 0 0 0 0
 0 0 0 0 0
 0 0 0 0 0
 0 0 0 0 0
 0 0 0 0 0
 0 0 0 0 0
 0 0 0 0 0
 0 0 0 0 0
 0 0 0 0 0
 0 0 0 0 0
 0 0 0 0 0
 0 0 0 0 0
 0 0 0 0 0
 0 0 0 0 0
 0 0 0 0 0
 0 0 0 0 0
 0 0 0 0 0
 0 0 0 0 0
 0 0 0 0 0
 0 0 0 0 0
 0 0 0 0 0
 0 0 0 0 0
 1.61092 1.53412 0.0229687 -0.0131173 1.46484
 0.609378 0.570946 0.0226818 -0.0134061 0.538595
 0.329992 0.304057 0.0228743 -0.0139835 0.283449
 0.203732 0.184648 0.0226199 -0.0142007 0.170488
 0.147927 0.131795 0.0234293 -0.0152259 0.120258
 0.107182 0.0939017 0.0229478 -0.0153587 0.0848692
 0.0853708 0.0735465 0.0237352 -0.0164202 0.065751
 0.0699387 0.0592013 0.024098 -0.0171852 0.0522155
 0.0590658 0.0491703 0.0249578 -0.0183063 0.0428749
 0.0499817 0.0409529 0.0254367 -0.0190817 0.0353982
 0.0445359 0.0358763 0.0265881 -0.0204662 0.0304992
 0.0394336 0.0312809 0.0275036 -0.021664 0.0263355
 0.0359917 0.0280774 0.0292002 -0.0235202 0.0232838
 0.0321546 0.0246522 0.0301129 -0.02473 0.0200674
 0.0293574 0.0222189 0.0305699 -0.0255567 0.0179938
 0.0270178 0.0200964 0.0319193 -0.0270818 0.0159449
 0.0252835 0.0185626 0.0330755 -0.0284066 0.0145806
 0.0232458 0.0168042 0.0343326 -0.0299318 0.0130043
 0.0215721 0.0153704 0.0345711 -0.0303799 0.0117177
 0.0202205 0.0141919 0.0351478 -0.0311945 0.0106485
 0.0186163 0.0128743 0.0350613 -0.0312011 0.00946425
 0.0173254 0.0117887 0.0351931 -0.0315451 0.00846758
 0.016648 0.0111472 0.035732 -0.0322098 0.00784731
 0.0151621 0.0100233 0.0343222 -0.0309909 0.00698948
 0.0142596 0.0093405 0.0340207 -0.0309168 0.00644853
 0.0135404 0.00872292 0.0330855 -0.0301113 0.0058533
 0.0126075 0.00802071 0.0318218 -0.0289833 0.00530101
 0.0117678 0.00739144 0.0307787 -0.0280636 0.0048003
 0.0113514 0.00708905 0.030578 -0.0279127 0.00459947
 0.0107602 0.00658218 0.0291252 -0.0266475 0.00410383
 0.0100271 0.00605655 0.0274468 -0.0251648 0.00367084
 0.009555 0.00567731 0.0263718 -0.0241442 0.00331861
 0.00921183 0.00543266 0.0252558 -0.0231313 0.00314057
 0.00891467 0.00525509 0.0240632 -0.0220098 0.00307703
 0.0084265 0.00487792 0.0223145 -0.0203907 0.00271385
 0.00823556 0.00475576 0.0211618 -0.0192965 0.00265662
 0.00783162 0.00448092 0.0196912 -0.0179013 0.00244634
 0.00762054 0.00436736 0.0182407 -0.0165468 0.00240188
 0.00735614 0.00418541 0.0173613 -0.0157663 0.00227471
 0.00713043 0.00404688 0.016499 -0.0150036 0.00221159
 0.00700037 0.00394597 0.0150523 -0.0135893 0.00213254
 0.00659584 0.00370144 0.0137438 -0.0123877 0.00199297
 0.00642911 0.00355784 0.0125829 -0.0113296 0.00185848
 0.00624389 0.00344852 0.0121574 -0.0109438 0.00182732
 0.00589251 0.00314105 0.0114092 -0.0102949 0.00149722
 0.00575663 0.00306875 0.0105583 -0.0094935 0.00150702
 0.00564565 0.00299987 0.00981183 -0.00880342 0.0014724
 0.00541238 0.00286675 0.00933783 -0.00843783 0.00144257
 0.00526962 0.00273692 0.00887842 -0.00798718 0.0013031
 0.00509777 0.00261632 0.00821219 -0.00744438 0.00122238
 0.00504107 0.00256612 0.00799233 -0.00719759 0.00119759
 0.00479177 0.00243738 0.00749112 -0.0068082 0.00115136
 0.00462035 0.00234303 0.00735021 -0.00668748 0.0011187
 0.0045637 0.00229481 0.00688 -0.00626035 0.00108673
 0.00439952 0.00219323 0.00664255 -0.00606667 0.00102401
 0.00429799 0.00213169 0.00620931 -0.00567399 0.000996008
 0.00424619 0.00210157 0.00605146 -0.00555733 0.000996675
 0 0 0 0 0
 0 0 0 0 0
 0 0 0 0 0
 0 0 0 0 0
 0 0 0 0 0
 0 0 0 0 0
 0 0 0 0 0
 0 0 0 0 0
 0 0 0 0 0
 0 0 0 0 0
 0 0 0 0 0
 0 0 0 0 0
 0 0 0 0 0
 0 0 0 0 0
 0 0 0 0 0
 0 0 0 0 0
 0 0 0 0 0
 0 0 0 0 0
 0 0 0 0 0
 0 0 0 0 0
 0 0 0 0 0
 0 0 0 0 0
 0 0 0 0 0
 0 0 0 0 0
 0 0 0 0 0
 0 0 0 0 0
 0 0 0 0 0
 0 0 0 0 0
 0 0 0 0 0
 0 0 0 0 0
 0 0 0 0 0
 0 0 0 0 0
 0 0 0 0 0
 0 0 0 0 0
 0 0 0 0 0
 0 0 0 0 0
 0 0 0 0 0
 0 0 0 0 0
 0 0 0 0 0
 0 0 0 0 0
 0 0 0 0 0
 0 0 0 0 0
 0 0 0 0 0
 0 0 0 0 0
 0 0 0 0 0
 0 0 0 0 0
 0 0 0 0 0
 0 0 0 0 0
 0 0 0 0 0
 0 0 0 0 0
 0 0 0 0 0
 0 0 0 0 0
 0 0 0 0 0
 0 0 0 0 0
 0 0 0 0 0
 0 0 0 0 0
 0 0 0 0 0
 0 0 0 0 0
 0 0 0 0 0
 0 0 0 0 0
 0 0 0 0 0
 0 0 0 0 0
 0 0 0 0 0
 0 0 0 0 0
 0 0 0 0 0
 1.58823 1.5148 0.0220739 -0.0123812 1.44873
 0.602011 0.564925 0.0223582 -0.0130166 0.533626
 0.319522 0.294983 0.0221439 -0.0133537 0.275634
 0.200927 0.182438 0.0217883 -0.0135502 0.168694
 0.142999 0.127672 0.0224754 -0.0144517 0.116806
 0.104409 0.0916567 0.0223196 -0.0148812 0.0829742
 0.0830828 0.0716868 0.0227355 -0.0155469 0.0641342
 0.067366 0.0572258 0.023133 -0.0162115 0.0508259
 0.0570152 0.0476644 0.0239256 -0.0173 0.0418728
 0.0480963 0.0395393 0.0243344 -0.0180154 0.0343331
 0.0422286 0.034172 0.0248982 -0.0188608 0.0293564
 0.0378883 0.0301237 0.0262978 -0.0205847 0.0253937
 0.0345125 0.0270444 0.0276113 -0.0220003 0.0226163
 0.0306437 0.0236097 0.0279497 -0.0227638 0.0194748
 0.0286215 0.0217122 0.0299748 -0.0247756 0.0175993
 0.0259291 0.019325 0.0305465 -0.0257997 0.0153578
 0.0238482 0.017559 0.0311425 -0.0265905 0.0138525
 0.0222402 0.0161186 0.0321978 -0.0278473 0.0124993
 0.0207577 0.01482 0.0327943 -0.0286188 0.0113208
 0.019262 0.0135628 0.0333663 -0.0294908 0.0102055
 0.0181571 0.0126006 0.033955 -0.0301672 0.0093255
 0.0166495 0.0113987 0.0334773 -0.0299734 0.00827592
 0.015778 0.0106538 0.0338203 -0.0304365 0.00762558
 0.0146551 0.0097565 0.0328008 -0.0295925 0.00685762
 0.01404 0.00925608 0.0334637 -0.0303875 0.00647248
 0.0131308 0.00847617 0.0325648 -0.0296142 0.0056797
 0.0123087 0.00785267 0.0316768 -0.0288922 0.00518303
 0.011898 0.00752415 0.0309213 -0.0282096 0.00494593
 0.011023 0.00686333 0.0297113 -0.0271689 0.00437136
 0.0105577 0.0065279 0.0287601 -0.0262955 0.00413704
 0.00993383 0.00603173 0.0271073 -0.0247822 0.00368213
 0.00956825 0.00572046 0.0266477 -0.0243696 0.00335374
 0.0091495 0.00547298 0.0254907 -0.0233236 0.00328284
 0.00872242 0.00514629 0.0239707 -0.0218995 0.00300285
 0.0083615 0.004933 0.0224335 -0.02049 0.0028981
 0.00794819 0.0046538 0.0210092 -0.0191761 0.00271187
 0.00764127 0.00441156 0.0194297 -0.0177418 0.00245692
 0.00742622 0.00425732 0.0183906 -0.0167138 0.00234443
 0.00721955 0.0041428 0.0169871 -0.0154001 0.00229767
 0.00686861 0.00389589 0.01595 -0.0144616 0.00211836
 0.00670731 0.00373369 0.0149473 -0.0135448 0.00192307
 0.00648384 0.00361423 0.0138952 -0.0125768 0.00187621
 0.00630875 0.00348777 0.0130576 -0.0118127 0.0018141
 0.00609208 0.00337145 0.012115 -0.0109082 0.00177177
 0.00582101 0.00316783 0.0114322 -0.0102928 0.00162171
 0.00569213 0.00307946 0.0106636 -0.00960592 0.00156752
 0.00554965 0.00296078 0.00960925 -0.00863867 0.00147129
 0.00532472 0.00282297 0.00923883 -0.0083063 0.00138928
 0.0051383 0.002681 0.008738 -0.00783747 0.00127676
 0.00499974 0.00259375 0.00827168 -0.00745223 0.00125541
 0.00485716 0.00251305 0.00770422 -0.00700082 0.00121253
 0.00468243 0.00237888 0.00750258 -0.00679047 0.0010943
 0.00457819 0.00232563 0.00716778 -0.00649651 0.00110546
 0.00447455 0.00226262 0.00660852 -0.00602745 0.00107214
 0.00428341 0.00215612 0.00650127 -0.00592984 0.00102306
 0.00422713 0.00209977 0.00633842 -0.00579213 0.000978525
 0 0 0 0 0
 0 0 0 0 0
 0 0 0 0 0
 0 0 0 0 0
 0 0 0 0 0
 0 0 0 0 0
 0 0 0 0 0
 0 0 0 0 0
 0 0 0 0 0
 0 0 0 0 0
 0 0 0 0 0
 0 0 0 0 0
 0 0 0 0 0
 0 0 0 0 0
 0 0 0 0 0
 0 0 0 0 0
 0 0 0 0 0
 0 0 0 0 0
 0 0 0 0 0
 0 0 0 0 0
 0 0 0 0 0
 0 0 0 0 0
 0 0 0 0 0
 0 0 0 0 0
 0 0 0 0 0
 0 0 0 0 0
 0 0 0 0 0
 0 0 0 0 0
 0 0 0 0 0
 0 0 0 0 0
 0 0 0 0 0
 0 0 0 0 0
 0 0 0 0 0
 0 0 0 0 0
 0 0 0 0 0
 0 0 0 0 0
 0 0 0 0 0
 0 0 0 0 0
 0 0 0 0 0
 0 0 0 0 0
 0 0 0 0 0
 0 0 0 0 0
 0 0 0 0 0
 0 0 0 0 0
 0 0 0 0 0
 0 0 0 0 0
 0 0 0 0 0
 0 0 0 0 0
 0 0 0 0 0
 0 0 0 0 0
 0 0 0 0 0
 0 0 0 0 0
 0 0 0 0 0
 0 0 0 0 0
 0 0 0 0 0
 0 0 0 0 0
 0 0 0 0 0
 0 0 0 0 0
 0 0 0 0 0
 0 0 0 0 0
 0 0 0 0 0
 0 0 0 0 0
 0 0 0 0 0
 0 0 0 0 0
 0 0 0 0 0
 0 0 0 0 0
 1.57372 1.50307 0.0215372 -0.0120734 1.43948
 0.602693 0.566533 0.0220653 -0.0126933 0.536092
 0.311948 0.288525 0.02121 -0.0127433 0.270193
 0.19875 0.180827 0.0216935 -0.0133533 0.167573
 0.136023 0.121719 0.0216468 -0.0137097 0.111703
 0.103258 0.0909158 0.0217493 -0.0142898 0.0826624
 0.0797745 0.069076 0.0217312 -0.0146263 0.0622058
 0.0664696 0.0566445 0.0226188 -0.0156607 0.0505136
 0.0540979 0.0453078 0.0224608 -0.0159702 0.0399178
 0.0470902 0.0388071 0.0231289 -0.0169411 0.0337936
 0.0415442 0.0337032 0.0245056 -0.0184143 0.0290136
 0.0363517 0.0290152 0.0247783 -0.0191322 0.024622
 0.0320922 0.0251673 0.0252928 -0.0199549 0.0210585
 0.0297684 0.0230273 0.0267196 -0.0214728 0.0190762
 0.0270588 0.0206061 0.0275152 -0.0226337 0.0168163
 0.0247818 0.0185934 0.0285837 -0.0238915 0.0149496
 0.0229499 0.0169599 0.0298652 -0.0254246 0.0134407
 0.0212197 0.0154375 0.0304815 -0.0262461 0.0120318
 0.0201829 0.0145018 0.0317293 -0.0276212 0.0111977
 0.0186962 0.0132311 0.0322253 -0.0283216 0.0100154
 0.0171398 0.0119648 0.0316154 -0.0279276 0.00891267
 0.0166633 0.0114396 0.0330708 -0.02953 0.00831289
 0.0155545 0.0105615 0.0329447 -0.0295461 0.00760802
 0.0143497 0.00967208 0.0323118 -0.0291641 0.00698575
 0.0134809 0.00890767 0.0321553 -0.0291257 0.00621219
 0.0126397 0.00823305 0.0312336 -0.0283593 0.00561813
 0.0124154 0.00802161 0.0314149 -0.028567 0.00544
 0.0112294 0.0071225 0.0295883 -0.0270231 0.00469318
 0.0109877 0.00683127 0.0295507 -0.027 0.00429664
 0.010487 0.00650571 0.0287666 -0.0263072 0.00412583
 0.00974125 0.0059313 0.0273465 -0.0250227 0.00360172
 0.00934892 0.00567183 0.0264519 -0.0242672 0.00348935
 0.008905 0.00536231 0.0247977 -0.0226935 0.00326377
 0.00852475 0.00511147 0.0231887 -0.0211912 0.00310172
 0.00819443 0.00483436 0.0223771 -0.020451 0.00281314
 0.00782693 0.00457187 0.0209449 -0.019109 0.00262706
 0.00754474 0.00439704 0.0194637 -0.0177345 0.0024991
 0.00723588 0.00418668 0.0183235 -0.0166695 0.00235878
 0.00703982 0.00400784 0.0172414 -0.0157008 0.00214331
 0.00678683 0.00385713 0.0160049 -0.0145504 0.0020761
 0.00665136 0.00374792 0.0152898 -0.013849 0.00198672
 0.00644782 0.00365291 0.0144379 -0.0131245 0.00200984
 0.00615498 0.00344195 0.0128629 -0.0116297 0.00183543
 0.00594688 0.00327322 0.0122033 -0.0109977 0.00167468
 0.00582357 0.00320835 0.0113742 -0.0102733 0.00168527
 0.00552717 0.00299563 0.0106532 -0.00958983 0.00152732
 0.00530501 0.00285137 0.00959333 -0.00862983 0.00144881
 0.00519733 0.00277585 0.00945167 -0.00854492 0.00138861
 0.0050541 0.00267032 0.008771 -0.0079146 0.00132677
 0.00496606 0.00262594 0.0082001 -0.00740753 0.00132501
 0.00472207 0.00246482 0.00773753 -0.00700617 0.00120245
 0.00462486 0.00239902 0.00739277 -0.00671005 0.00116836
 0.00445425 0.00227417 0.00695258 -0.00635821 0.00107888
 0.00439446 0.00224748 0.00685132 -0.0062262 0.00108522
 0.0042045 0.00213147 0.00631401 -0.00576674 0.00102242
 0 0 0 0 0
 0 0 0 0 0
 0 0 0 0 0
 0 0 0 0 0
 0 0 0 0 0
 0 0 0 0 0
 0 0 0 0 0
 0 0 0 0 0
 0 0 0 0 0
 0 0 0 0 0
 0 0 0 0 0
 0 0 0 0 0
 0 0 0 0 0
 0 0 0 0 0
 0 0 0 0 0
 0 0 0 0 0
 0 0 0 0 0
 0 0 0 0 0
 0 0 0 0 0
 0 0 0 0 0
 0 0 0 0 0
 0 0 0 0 0
 0 0 0 0 0
 0 0 0 0 0
 0 0 0 0 0
 0 0 0 0 0
 0 0 0 0 0
 0 0 0 0 0
 0 0 0 0 0
 0 0 0 0 0
 0 0 0 0 0
 0 0 0 0 0
 0 0 0 0 0
 0 0 0 0 0
 0 0 0 0 0
 0 0 0 0 0
 0 0 0 0 0
 0 0 0 0 0
 0 0 0 0 0
 0 0 0 0 0
 0 0 0 0 0
 0 0 0 0 0
 0 0 0 0 0
 0 0 0 0 0
 0 0 0 0 0
 0 0 0 0 0
 0 0 0 0 0
 0 0 0 0 0
 0 0 0 0 0
 0 0 0 0 0
 0 0 0 0 0
 0 0 0 0 0
 0 0 0 0 0
 0 0 0 0 0
 0 0 0 0 0
 0 0 0 0 0
 0 0 0 0 0
 0 0 0 0 0
 0 0 0 0 0
 0 0 0 0 0
 0 0 0 0 0
 0 0 0 0 0
 0 0 0 0 0
 0 0 0 0 0
 0 0 0 0 0
 0 0 0 0 0
 0 0 0 0 0
 1.61817 1.54768 0.0215729 -0.0119314 1.48417
 0.587507 0.55314 0.0211848 -0.0119956 0.524435
 0.31075 0.287912 0.0212374 -0.0125893 0.270084
 0.191677 0.174722 0.0208878 -0.0127998 0.162305
 0.134438 0.120549 0.0211857 -0.0133368 0.110915
 0.100389 0.088525 0.0212125 -0.0138385 0.0805578
 0.0774741 0.0672473 0.0211572 -0.0140393 0.0606807
 0.0653117 0.0557543 0.0222944 -0.0153599 0.0497742
 0.0535927 0.044986 0.0220957 -0.0155394 0.0396921
 0.0450532 0.0372246 0.0220702 -0.0160159 0.0325842
 0.0393832 0.0320598 0.0225755 -0.0167544 0.0278123
 0.0353807 0.0283573 0.0236587 -0.018089 0.0242844
 0.0311981 0.0245592 0.0241553 -0.0188593 0.0206804
 0.028427 0.0220677 0.024932 -0.0199374 0.01838
 0.0265646 0.0202877 0.0265272 -0.0216412 0.0166446
 0.0243041 0.0182799 0.0274543 -0.0227548 0.0147531
 0.0220091 0.0163341 0.0279791 -0.0235703 0.0130642
 0.0208813 0.0152907 0.0291394 -0.024999 0.0120941
 0.0197385 0.0142609 0.0307155 -0.0266367 0.0110844
 0.018136 0.0128675 0.0308547 -0.0270966 0.00977783
 0.0171169 0.0120219 0.0315158 -0.0278165 0.00908758
 0.0162303 0.0112459 0.0317207 -0.0281825 0.00836692
 0.0151568 0.0103731 0.0317678 -0.0284134 0.00761138
 0.0139597 0.009396 0.0313369 -0.0282226 0.00672753
 0.0132836 0.00881808 0.031127 -0.0281167 0.00619719
 0.012494 0.00821709 0.0303147 -0.0274415 0.00572612
 0.0119911 0.00776875 0.0305453 -0.027725 0.00527596
 0.0110674 0.00707456 0.0291103 -0.0265028 0.0047304
 0.0105572 0.0066899 0.0286774 -0.0262057 0.00441142
 0.0099335 0.00617722 0.027502 -0.0251146 0.00392121
 0.00951608 0.00583794 0.0266485 -0.0244071 0.00361278
 0.00920092 0.00562226 0.0257448 -0.0235917 0.0034971
 0.00869658 0.00528152 0.0243192 -0.0222401 0.00326932
 0.00825608 0.00496429 0.0231202 -0.0211571 0.00301202
 0.00790293 0.00468354 0.0216377 -0.0197972 0.00275637
 0.00773982 0.00455183 0.0209771 -0.0192015 0.00263118
 0.00729479 0.00426193 0.0193978 -0.0177432 0.00244076
 0.007152 0.00416815 0.018291 -0.0166883 0.00237959
 0.00679068 0.00392867 0.0167807 -0.0152656 0.00220555
 0.00669692 0.00383276 0.0161247 -0.0146753 0.00210315
 0.00653242 0.00372638 0.0152002 -0.0137906 0.00203758
 0.00633551 0.003599 0.013931 -0.0126028 0.00196484
 0.00611794 0.00344167 0.0128769 -0.0116458 0.00184188
 0.00581401 0.00322174 0.0120915 -0.0109772 0.00167859
 0.00561007 0.00309974 0.0114447 -0.0103635 0.00163402
 0.00538329 0.00290758 0.010359 -0.00936783 0.00143781
 0.00525989 0.0028655 0.00995892 -0.00897742 0.00149458
 0.0051171 0.00276218 0.00927733 -0.00839367 0.00141258
 0.00502792 0.00269702 0.00872558 -0.00787454 0.00137794
 0.00475846 0.00248852 0.00821522 -0.00746041 0.00119048
 0.00472532 0.00250313 0.0079217 -0.00717473 0.00128407
 0.00454595 0.00236943 0.00720053 -0.00651395 0.00116944
 0.00443049 0.00229547 0.00713443 -0.00650953 0.00112382
 0.0042439 0.00216568 0.00660653 -0.00603259 0.00103539
 0 0 0 0 0
 0 0 0 0 0
 0 0 0 0 0
 0 0 0 0 0
 0 0 0 0 0
 0 0 0 0 0
 0 0 0 0 0
 0 0 0 0 0
 0 0 0 0 0
 0 0 0 0 0
 0 0 0 0 0
 0 0 0 0 0
 0 0 0 0 0
 0 0 0 0 0
 0 0 0 0 0
 0 0 0 0 0
 0 0 0 0 0
 0 0 0 0 0
 0 0 0 0 0
 0 0 0 0 0
 0 0 0 0 0
 0 0 0 0 0
 0 0 0 0 0
 0 0 0 0 0
 0 0 0 0 0
 0 0 0 0 0
 0 0 0 0 0
 0 0 0 0 0
 0 0 0 0 0
 0 0 0 0 0
 0 0 0 0 0
 0 0 0 0 0
 0 0 0 0 0
 0 0 0 0 0
 0 0 0 0 0
 0 0 0 0 0
 0 0 0 0 0
 0 0 0 0 0
 0 0 0 0 0
 0 0 0 0 0
 0 0 0 0 0
 0 0 0 0 0
 0 0 0 0 0
 0 0 0 0 0
 0 0 0 0 0
 0 0 0 0 0
 0 0 0 0 0
 0 0 0 0 0
 0 0 0 0 0
 0 0 0 0 0
 0 0 0 0 0
 0 0 0 0 0
 0 0 0 0 0
 0 0 0 0 0
 0 0 0 0 0
 0 0 0 0 0
 0 0 0 0 0
 0 0 0 0 0
 0 0 0 0 0
 0 0 0 0 0
 0 0 0 0 0
 0 0 0 0 0
 0 0 0 0 0
 0 0 0 0 0
 0 0 0 0 0
 0 0 0 0 0
 0 0 0 0 0
 0 0 0 0 0
 1.61043 1.54227 0.0209603 -0.0115088 1.48099
 0.582983 0.549751 0.0207977 -0.011784 0.522052
 0.305279 0.283331 0.0207955 -0.0121918 0.266234
 0.191483 0.174851 0.0207869 -0.0126138 0.162737
 0.130726 0.117472 0.0203401 -0.0126784 0.108389
 0.0973042 0.086 0.0208458 -0.0133568 0.0785342
 0.0756741 0.0658368 0.0204464 -0.0134351 0.0596834
 0.0615203 0.0526527 0.0206669 -0.0139648 0.0472544
 0.0513388 0.0432298 0.0211094 -0.0147822 0.0383757
 0.0435377 0.036065 0.0212383 -0.0152767 0.0316847
 0.0380663 0.0310317 0.021802 -0.0160341 0.0269424
 0.0338941 0.0272287 0.022649 -0.0171272 0.0234055
 0.0303939 0.0240587 0.0229412 -0.0177453 0.0204757
 0.027863 0.0217079 0.0242685 -0.019238 0.0182035
 0.0250573 0.0192363 0.024741 -0.0199691 0.0159364
 0.0229101 0.017314 0.0258419 -0.0213344 0.014149
 0.0214102 0.0159262 0.0267821 -0.0224746 0.0127494
 0.0202773 0.0148697 0.0278977 -0.0237743 0.0117269
 0.018665 0.0135203 0.0284538 -0.0244796 0.0105838
 0.0172717 0.0123199 0.0290756 -0.0254293 0.00943517
 0.0163273 0.0114988 0.0296176 -0.0260379 0.00868933
 0.0150729 0.010443 0.0298132 -0.0264362 0.00773596
 0.0144447 0.00988983 0.0302971 -0.0269998 0.00721707
 0.01374 0.00932317 0.0306312 -0.027501 0.00676077
 0.0130699 0.00869125 0.0309902 -0.027982 0.00608406
 0.0122248 0.00803998 0.0298828 -0.0270846 0.00555668
 0.0114469 0.00742677 0.0290367 -0.0264039 0.00503607
 0.0110424 0.00711887 0.0289755 -0.0263444 0.00481786
 0.0104272 0.00662894 0.028179 -0.0257311 0.00438111
 0.00982158 0.006158 0.0270166 -0.024687 0.00398851
 0.00946592 0.0058425 0.0267443 -0.0244948 0.00365102
 0.00881633 0.00539393 0.0247252 -0.022637 0.00333397
 0.00844217 0.00516354 0.0238433 -0.0218329 0.00323759
 0.00824386 0.00498889 0.0231351 -0.021199 0.00307387
 0.00786146 0.00469765 0.0220143 -0.0201623 0.00280507
 0.00745602 0.00439062 0.02047 -0.0187038 0.0025399
 0.00717631 0.0042322 0.0192115 -0.0175392 0.00247499
 0.00696657 0.00403622 0.0182071 -0.0166515 0.00225332
 0.00668326 0.00385132 0.0169452 -0.0154448 0.00211951
 0.00646128 0.00372071 0.0158421 -0.0144239 0.00206863
 0.00630043 0.00363292 0.0146624 -0.0133345 0.00204292
 0.00619639 0.00353773 0.0139102 -0.0126277 0.0019521
 0.00592159 0.00336853 0.0130427 -0.0118534 0.0018708
 0.00583348 0.00327217 0.0123693 -0.0111977 0.00174693
 0.00546931 0.00304219 0.0111832 -0.0101391 0.00161601
 0.00542186 0.00301853 0.0106795 -0.00966483 0.00163226
 0.00517091 0.00283272 0.00976375 -0.00881658 0.00147968
 0.00503599 0.00271338 0.00928308 -0.00838875 0.0013751
 0.00489984 0.00264983 0.00860233 -0.00780375 0.00136907
 0.00473637 0.00253318 0.00812226 -0.00736522 0.00128152
 0.00466135 0.00248458 0.00772824 -0.00702152 0.00127531
 0.00448708 0.00237707 0.0072288 -0.00656403 0.00121741
 0.00437419 0.00228489 0.00692693 -0.0063118 0.00114248
 0 0 0 0 0
 0 0 0 0 0
 0 0 0 0 0
 0 0 0 0 0
 0 0 0 0 0
 0 0 0 0 0
 0 0 0 0 0
 0 0 0 0 0
 0 0 0 0 0
 0 0 0 0 0
 0 0 0 0 0
 0 0 0 0 0
 0 0 0 0 0
 0 0 0 0 0
 0 0 0 0 0
 0 0 0 0 0
 0 0 0 0 0
 0 0 0 0 0
 0 0 0 0 0
 0 0 0 0 0
 0 0 0 0 0
 0 0 0 0 0
 0 0 0 0 0
 0 0 0 0 0
 0 0 0 0 0
 0 0 0 0 0
 0 0 0 0 0
 0 0 0 0 0
 0 0 0 0 0
 0 0 0 0 0
 0 0 0 0 0
 0 0 0 0 0
 0 0 0 0 0
 0 0 0 0 0
 0 0 0 0 0
 0 0 0 0 0
 0 0 0 0 0
 0 0 0 0 0
 0 0 0 0 0
 0 0 0 0 0
 0 0 0 0 0
 0 0 0 0 0
 0 0 0 0 0
 0 0 0 0 0
 0 0 0 0 0
 0 0 0 0 0
 0 0 0 0 0
 0 0 0 0 0
 0 0 0 0 0
 0 0 0 0 0
 0 0 0 0 0
 0 0 0 0 0
 0 0 0 0 0
 0 0 0 0 0
 0 0 0 0 0
 0 0 0 0 0
 0 0 0 0 0
 0 0 0 0 0
 0 0 0 0 0
 0 0 0 0 0
 0 0 0 0 0
 0 0 0 0 0
 0 0 0 0 0
 0 0 0 0 0
 0 0 0 0 0
 0 0 0 0 0
 0 0 0 0 0
 0 0 0 0 0
 0 0 0 0 0
 1.60565 1.53957 0.0205482 -0.0112043 1.48018
 0.578777 0.54648 0.0204935 -0.0115989 0.519588
 0.300315 0.279196 0.0202524 -0.0116793 0.262973
 0.186247 0.170428 0.0199157 -0.011904 0.159082
 0.127753 0.114987 0.0198718 -0.0123152 0.106305
 0.0944517 0.0836667 0.0199995 -0.0125901 0.0766891
 0.0733027 0.0638934 0.0198958 -0.0129502 0.0580339
 0.05935 0.0509123 0.020021 -0.0134408 0.0458615
 0.0498075 0.0420599 0.0203612 -0.0139931 0.0375309
 0.0423187 0.0351623 0.0205029 -0.0146408 0.0310698
 0.0366513 0.029955 0.0207067 -0.0150822 0.0261328
 0.0329033 0.0265057 0.0216903 -0.0161618 0.0229015
 0.0286737 0.0227514 0.0215771 -0.0164936 0.0194442
 0.0266345 0.0207998 0.0231586 -0.018171 0.0175007
 0.0240342 0.0184823 0.0235373 -0.0187986 0.0153431
 0.0223743 0.0169814 0.024749 -0.0202176 0.0139342
 0.0207567 0.0155259 0.0255158 -0.0212001 0.0125603
 0.0192612 0.0142128 0.0262052 -0.022108 0.0113511
 0.0184437 0.0134132 0.0278823 -0.0239592 0.0105517
 0.0170118 0.0121731 0.0279173 -0.0242282 0.00939025
 0.0159562 0.0112851 0.0289248 -0.0254127 0.00858883
 0.0150327 0.0104808 0.0292233 -0.0258494 0.00783687
 0.013937 0.00959467 0.0287395 -0.0255793 0.00710257
 0.0135504 0.00922658 0.0298294 -0.0267451 0.00671355
 0.0125428 0.00840492 0.0291628 -0.0262533 0.00597991
 0.0118203 0.00784382 0.0288586 -0.0261 0.00551497
 0.0112825 0.00739293 0.0287109 -0.0260168 0.00512428
 0.0105493 0.00684115 0.0277374 -0.0252157 0.00468238
 0.0099845 0.00638144 0.0271606 -0.0247278 0.00424636
 0.009524 0.0060189 0.0260669 -0.0237827 0.00396604
 0.00920358 0.00573769 0.0257411 -0.023542 0.00366843
 0.00881725 0.00545977 0.0249465 -0.0228544 0.00347894
 0.00829967 0.00508603 0.0236793 -0.0217037 0.00319098
 0.00799646 0.0048732 0.0226836 -0.0207722 0.00304533
 0.00760503 0.00457474 0.0215126 -0.0197139 0.00277355
 0.00734238 0.0043834 0.0201413 -0.0184239 0.00262865
 0.00712176 0.00420822 0.0192953 -0.0176455 0.00246677
 0.00683896 0.00402676 0.0179173 -0.0163581 0.00234142
 0.0066016 0.00384725 0.0168878 -0.015396 0.0021796
 0.00636969 0.00370445 0.0158384 -0.0144392 0.0021038
 0.00617819 0.00358379 0.0147851 -0.0134729 0.00203327
 0.0060094 0.00343697 0.013735 -0.0124785 0.00188569
 0.00571562 0.00329201 0.0126987 -0.0115224 0.00187228
 0.00556566 0.00315048 0.0118487 -0.0107661 0.00173135
 0.00544514 0.00305724 0.0113324 -0.0102487 0.0016552
 0.00525289 0.00292702 0.0105531 -0.00956358 0.00156542
 0.00503931 0.00278332 0.00974483 -0.00882925 0.00146801
 0.0049468 0.00271862 0.00924983 -0.00840108 0.00144409
 0.00475942 0.00256927 0.00861017 -0.00778408 0.00130774
 0.0045598 0.00244373 0.00798456 -0.00723524 0.00124418
 0.00441104 0.00235768 0.00749036 -0.0068021 0.00120683
 0.00440463 0.00232 0.00749707 -0.00682909 0.00115122
 0 0 0 0 0
 0 0 0 0 0
 0 0 0 0 0
 0 0 0 0 0
 0 0 0 0 0
 0 0 0 0 0
 0 0 0 0 0
 0 0 0 0 0
 0 0 0 0 0
 0 0 0 0 0
 0 0 0 0 0
 0 0 0 0 0
 0 0 0 0 0
 0 0 0 0 0
 0 0 0 0 0
 0 0 0 0 0
 0 0 0 0 0
 0 0 0 0 0
 0 0 0 0 0
 0 0 0 0 0
 0 0 0 0 0
 0 0 0 0 0
 0 0 0 0 0
 0 0 0 0 0
 0 0 0 0 0
 0 0 0 0 0
 0 0 0 0 0
 0 0 0 0 0
 0 0 0 0 0
 0 0 0 0 0
 0 0 0 0 0
 0 0 0 0 0
 0 0 0 0 0
 0 0 0 0 0
 0 0 0 0 0
 0 0 0 0 0
 0 0 0 0 0
 0 0 0 0 0
 0 0 0 0 0
 0 0 0 0 0
 0 0 0 0 0
 0 0 0 0 0
 0 0 0 0 0
 0 0 0 0 0
 0 0 0 0 0
 0 0 0 0 0
 0 0 0 0 0
 0 0 0 0 0
 0 0 0 0 0
 0 0 0 0 0
 0 0 0 0 0
 0 0 0 0 0
 0 0 0 0 0
 0 0 0 0 0
 0 0 0 0 0
 0 0 0 0 0
 0 0 0 0 0
 0 0 0 0 0
 0 0 0 0 0
 0 0 0 0 0
 0 0 0 0 0
 0 0 0 0 0
 0 0 0 0 0
 0 0 0 0 0
 0 0 0 0 0
 0 0 0 0 0
 0 0 0 0 0
 0 0 0 0 0
 0 0 0 0 0
 0 0 0 0 0
 1.6279 1.56271 0.0203893 -0.0109823 1.50398
 0.570818 0.539642 0.0201446 -0.0113431 0.513661
 0.292483 0.272234 0.0197729 -0.011426 0.256706
 0.179105 0.164109 0.0192706 -0.0114409 0.15335
 0.124746 0.112496 0.0196118 -0.0119707 0.104221
 0.0932192 0.0827352 0.0195964 -0.012331 0.0760475
 0.0732664 0.0640158 0.0196177 -0.0126258 0.058399
 0.0581018 0.0499462 0.0194142 -0.0129555 0.0451432
 0.0469842 0.0397544 0.0190986 -0.012976 0.0355898
 0.0410209 0.0341363 0.0196989 -0.0138872 0.0302138
 0.0354137 0.0290523 0.0198635 -0.0142951 0.0255267
 0.0310177 0.0250285 0.0203086 -0.0149528 0.0216368
 0.0290582 0.023102 0.0217156 -0.0164414 0.0197106
 0.0252372 0.0197741 0.0214212 -0.0165876 0.016737
 0.0234873 0.0181645 0.0226238 -0.0179908 0.0152423
 0.0216253 0.0164534 0.0232335 -0.0187831 0.0135602
 0.0200699 0.0150823 0.0242473 -0.0200467 0.0123042
 0.0191241 0.0141677 0.02608 -0.0219128 0.0113359
 0.0177587 0.0129758 0.026169 -0.0223113 0.0102922
 0.0163247 0.0116793 0.0269033 -0.0233809 0.00897475
 0.0153047 0.0108562 0.0274502 -0.0239992 0.00829086
 0.0145828 0.0102456 0.0278229 -0.0245017 0.00778783
 0.0137548 0.00952583 0.0284306 -0.0252171 0.00708768
 0.0126453 0.008638 0.0278833 -0.0249084 0.00631313
 0.0120888 0.00817195 0.0278788 -0.0250242 0.00592105
 0.0115624 0.00769095 0.0280445 -0.0253177 0.00542789
 0.0109671 0.00720276 0.0278267 -0.0252224 0.00496569
 0.0104834 0.00682404 0.0275018 -0.025014 0.00468227
 0.00992075 0.00638688 0.0267977 -0.0244472 0.00432276
 0.00948233 0.00604563 0.0260679 -0.0237648 0.0040438
 0.00899358 0.00565607 0.0255809 -0.0233932 0.00368089
 0.00840875 0.00522699 0.0240117 -0.0219776 0.00335347
 0.00808928 0.00496539 0.023434 -0.0214765 0.00311123
 0.00788755 0.00482307 0.0225939 -0.0207237 0.0030198
 0.0074734 0.00452887 0.0213712 -0.0195644 0.00278167
 0.00722144 0.00432046 0.0202281 -0.0185242 0.00258775
 0.00670174 0.00399356 0.0184784 -0.0169168 0.0023815
 0.00672516 0.00398637 0.0179192 -0.016384 0.00234912
 0.00649718 0.0037912 0.0167751 -0.0153247 0.00214038
 0.00624093 0.00367435 0.0157594 -0.0143797 0.00215879
 0.00604215 0.00351572 0.0147172 -0.0134149 0.00199995
 0.00579336 0.00332194 0.0136123 -0.012373 0.00183778
 0.00572509 0.00330877 0.0127865 -0.0116222 0.00188693
 0.00551562 0.0031263 0.0117553 -0.01067 0.00169754
 0.00523858 0.002929 0.0108942 -0.00990725 0.00154303
 0.00505859 0.00283722 0.0103256 -0.009378 0.0015433
 0.00498653 0.00276515 0.00982608 -0.0089015 0.00146857
 0.00490046 0.00273684 0.00924925 -0.00842567 0.00151043
 0.00478551 0.00261745 0.00875433 -0.00796329 0.00137934
 0.00451192 0.00245255 0.00823882 -0.00750097 0.00129022
 0.00437892 0.00235623 0.007614 -0.00691568 0.00122349
 0 0 0 0 0
 0 0 0 0 0
 0 0 0 0 0
 0 0 0 0 0
 0 0 0 0 0
 0 0 0 0 0
 0 0 0 0 0
 0 0 0 0 0
 0 0 0 0 0
 0 0 0 0 0
 0 0 0 0 0
 0 0 0 0 0
 0 0 0 0 0
 0 0 0 0 0
 0 0 0 0 0
 0 0 0 0 0
 0 0 0 0 0
 0 0 0 0 0
 0 0 0 0 0
 0 0 0 0 0
 0 0 0 0 0
 0 0 0 0 0
 0 0 0 0 0
 0 0 0 0 0
 0 0 0 0 0
 0 0 0 0 0
 0 0 0 0 0
 0 0 0 0 0
 0 0 0 0 0
 0 0 0 0 0
 0 0 0 0 0
 0 0 0 0 0
 0 0 0 0 0
 0 0 0 0 0
 0 0 0 0 0
 0 0 0 0 0
 0 0 0 0 0
 0 0 0 0 0
 0 0 0 0 0
 0 0 0 0 0
 0 0 0 0 0
 0 0 0 0 0
 0 0 0 0 0
 0 0 0 0 0
 0 0 0 0 0
 0 0 0 0 0
 0 0 0 0 0
 0 0 0 0 0
 0 0 0 0 0
 0 0 0 0 0
 0 0 0 0 0
 0 0 0 0 0
 0 0 0 0 0
 0 0 0 0 0
 0 0 0 0 0
 0 0 0 0 0
 0 0 0 0 0
 0 0 0 0 0
 0 0 0 0 0
 0 0 0 0 0
 0 0 0 0 0
 0 0 0 0 0
 0 0 0 0 0
 0 0 0 0 0
 0 0 0 0 0
 0 0 0 0 0
 0 0 0 0 0
 0 0 0 0 0
 0 0 0 0 0
 0 0 0 0 0
 0 0 0 0 0
 1.61384 1.55098 0.0201084 -0.0107672 1.49438
 0.569505 0.539173 0.0198743 -0.0110196 0.514076
 0.285092 0.265799 0.0191799 -0.0109128 0.251098
 0.177818 0.163178 0.0192821 -0.0112793 0.152688
 0.125162 0.113061 0.0194273 -0.0117592 0.104978
 0.0904392 0.0804188 0.0187257 -0.0116679 0.0740319
 0.0708451 0.0620193 0.0191049 -0.0122072 0.056626
 0.0556145 0.0479187 0.0186523 -0.0122864 0.0433973
 0.0462777 0.0391992 0.0187736 -0.012744 0.0350873
 0.040307 0.0336897 0.0191673 -0.0133294 0.0299932
 0.0344877 0.0283428 0.0193739 -0.0138588 0.0249515
 0.030249 0.0244927 0.0195049 -0.0142217 0.0213299
 0.0275191 0.0219204 0.0203785 -0.015296 0.0187964
 0.0247822 0.0195021 0.0209266 -0.0160809 0.0166067
 0.0227931 0.0176472 0.0216121 -0.0169656 0.0148211
 0.020861 0.0159149 0.0222322 -0.0178557 0.0131751
 0.0192845 0.0145043 0.0230742 -0.0189678 0.0118513
 0.0178175 0.0132399 0.0237191 -0.0198496 0.0107213
 0.0168173 0.0123193 0.0248227 -0.0210503 0.00978108
 0.01575 0.0113804 0.0252404 -0.0216964 0.00890917
 0.0147783 0.0105103 0.0260896 -0.0227401 0.00806763
 0.0139299 0.00982175 0.0264357 -0.0231764 0.00748339
 0.0131846 0.00916008 0.0269111 -0.0238175 0.00684837
 0.0126025 0.00866092 0.02743 -0.0244097 0.00638667
 0.0118273 0.00800408 0.0273907 -0.0245296 0.00577229
 0.0113799 0.00762067 0.0276315 -0.0249409 0.00544874
 0.0105838 0.00701112 0.0266746 -0.0241041 0.00494597
 0.0101886 0.00665421 0.0265393 -0.0240385 0.00458116
 0.00967075 0.00625028 0.0262953 -0.0239592 0.00423045
 0.00914617 0.00585324 0.025399 -0.0231653 0.0039249
 0.00872233 0.00551217 0.0246396 -0.0225119 0.00361555
 0.00842658 0.00525185 0.0240572 -0.0220347 0.00335343
 0.00796628 0.00495624 0.0227912 -0.0208639 0.00319699
 0.00752929 0.00460145 0.0215196 -0.0197018 0.00285272
 0.00731808 0.00445293 0.0207783 -0.0190523 0.00275382
 0.00714707 0.00432381 0.0202435 -0.0185681 0.00265175
 0.00679467 0.00407944 0.018865 -0.0172906 0.00246412
 0.00655842 0.003943 0.0175193 -0.0160205 0.00241367
 0.00630122 0.00370636 0.0164674 -0.0150327 0.00212908
 0.00611597 0.0035651 0.0158349 -0.0145018 0.00201555
 0.00593607 0.00346363 0.0145702 -0.0132978 0.00198058
 0.00572919 0.00333389 0.0136884 -0.0124955 0.00190784
 0.005552 0.0031925 0.0127123 -0.0115913 0.00177503
 0.00539463 0.00312297 0.0120903 -0.0110216 0.00180488
 0.00513287 0.00291562 0.0110011 -0.00998467 0.00160495
 0.00506503 0.00286682 0.0104378 -0.00949217 0.00159103
 0.00485499 0.0027058 0.0097795 -0.00885792 0.00144293
 0.00466455 0.0025808 0.0090905 -0.00826413 0.00137259
 0.00458045 0.00251673 0.00859833 -0.00780657 0.00132853
 0.00440712 0.00239716 0.00805477 -0.00731993 0.00123983
 0 0 0 0 0
 0 0 0 0 0
 0 0 0 0 0
 0 0 0 0 0
 0 0 0 0 0
 0 0 0 0 0
 0 0 0 0 0
 0 0 0 0 0
 0 0 0 0 0
 0 0 0 0 0
 0 0 0 0 0
 0 0 0 0 0
 0 0 0 0 0
 0 0 0 0 0
 0 0 0 0 0
 0 0 0 0 0
 0 0 0 0 0
 0 0 0 0 0
 0 0 0 0 0
 0 0 0 0 0
 0 0 0 0 0
 0 0 0 0 0
 0 0 0 0 0
 0 0 0 0 0
 0 0 0 0 0
 0 0 0 0 0
 0 0 0 0 0
 0 0 0 0 0
 0 0 0 0 0
 0 0 0 0 0
 0 0 0 0 0
 0 0 0 0 0
 0 0 0 0 0
 0 0 0 0 0
 0 0 0 0 0
 0 0 0 0 0
 0 0 0 0 0
 0 0 0 0 0
 0 0 0 0 0
 0 0 0 0 0
 0 0 0 0 0
 0 0 0 0 0
 0 0 0 0 0
 0 0 0 0 0
 0 0 0 0 0
 0 0 0 0 0
 0 0 0 0 0
 0 0 0 0 0
 0 0 0 0 0
 0 0 0 0 0
 0 0 0 0 0
 0 0 0 0 0
 0 0 0 0 0
 0 0 0 0 0
 0 0 0 0 0
 0 0 0 0 0
 0 0 0 0 0
 0 0 0 0 0
 0 0 0 0 0
 0 0 0 0 0
 0 0 0 0 0
 0 0 0 0 0
 0 0 0 0 0
 0 0 0 0 0
 0 0 0 0 0
 0 0 0 0 0
 0 0 0 0 0
 0 0 0 0 0
 0 0 0 0 0
 0 0 0 0 0
 0 0 0 0 0
 0 0 0 0 0
 1.66426 1.60121 0.0201863 -0.0106987 1.54451
 0.554752 0.525829 0.019258 -0.010564 0.501979
 0.284533 0.265653 0.0188673 -0.0106655 0.251378
 0.173463 0.15938 0.0189677 -0.011019 0.149317
 0.122707 0.111038 0.0188802 -0.0114003 0.103312
 0.0872725 0.0777387 0.0180218 -0.0110842 0.071827
 0.068558 0.0601285 0.0183953 -0.0116852 0.0550793
 0.0550147 0.0474918 0.0182726 -0.011879 0.0431284
 0.0456778 0.0387802 0.0184907 -0.0124602 0.0348328
 0.0390428 0.032658 0.0186568 -0.0128915 0.0290778
 0.033103 0.0272552 0.0182723 -0.0128554 0.0240593
 0.0294783 0.0239063 0.0189339 -0.0137575 0.0208954
 0.0263805 0.0210601 0.019488 -0.0144826 0.018154
 0.0237219 0.0187147 0.0197792 -0.0150148 0.0160326
 0.0215028 0.016702 0.020258 -0.0158293 0.0141023
 0.0205215 0.0157041 0.0214316 -0.0170779 0.0130662
 0.0186984 0.014073 0.0219545 -0.0178374 0.011502
 0.0173509 0.0129278 0.0225088 -0.0185913 0.0105008
 0.0162385 0.0119369 0.0233035 -0.0196156 0.00955925
 0.0152267 0.0110587 0.0242606 -0.0207439 0.008754
 0.0142983 0.0102338 0.0248005 -0.0214722 0.00793824
 0.0136253 0.009617 0.0256568 -0.0225378 0.00731058
 0.01281 0.00893908 0.0258276 -0.0227642 0.00671453
 0.0121526 0.008378 0.0262013 -0.0232718 0.00622485
 0.0114481 0.00780555 0.0264837 -0.0237052 0.00573076
 0.0109904 0.00741121 0.0264651 -0.0238013 0.00535995
 0.0103439 0.00689612 0.0260567 -0.023535 0.00491443
 0.00989642 0.0065121 0.0261782 -0.0237726 0.00452852
 0.00941458 0.00611482 0.0253505 -0.02307 0.00417318
 0.00896467 0.00578707 0.0244326 -0.022274 0.00395583
 0.00849725 0.00539337 0.0238423 -0.0217661 0.0035584
 0.00806492 0.0050631 0.0232275 -0.0212518 0.00329347
 0.00787087 0.00489033 0.0226632 -0.0207838 0.0031061
 0.00744082 0.00459773 0.0216489 -0.0198382 0.00292898
 0.0071693 0.00437524 0.0206691 -0.0189603 0.00270989
 0.00682478 0.00415254 0.0193932 -0.0177617 0.00257783
 0.0065906 0.00395222 0.0186959 -0.0171449 0.00236805
 0.00633233 0.00379294 0.0172646 -0.0158048 0.00228732
 0.00611991 0.00364976 0.0161067 -0.014736 0.00217367
 0.00617698 0.00366257 0.0159498 -0.0145708 0.00215808
 0.00572447 0.00336712 0.0143565 -0.0131137 0.00196299
 0.00563541 0.00331485 0.0134947 -0.0123233 0.00195068
 0.00545502 0.00318421 0.0127027 -0.011575 0.00184193
 0.00529872 0.00305322 0.0117867 -0.0107424 0.00171261
 0.00510752 0.00293803 0.0110563 -0.0100809 0.00167199
 0.00491913 0.00281105 0.0101896 -0.00926208 0.00157982
 0.00479337 0.00266658 0.00972958 -0.00885308 0.00140491
 0.00459039 0.00255105 0.00897142 -0.00816092 0.00136269
 0.00442353 0.00247063 0.0085035 -0.00777248 0.00136992
 0 0 0 0 0
 0 0 0 0 0
 0 0 0 0 0
 0 0 0 0 0
 0 0 0 0 0
 0 0 0 0 0
 0 0 0 0 0
 0 0 0 0 0
 0 0 0 0 0
 0 0 0 0 0
 0 0 0 0 0
 0 0 0 0 0
 0 0 0 0 0
 0 0 0 0 0
 0 0 0 0 0
 0 0 0 0 0
 0 0 0 0 0
 0 0 0 0 0
 0 0 0 0 0
 0 0 0 0 0
 0 0 0 0 0
 0 0 0 0 0
 0 0 0 0 0
 0 0 0 0 0
 0 0 0 0 0
 0 0 0 0 0
 0 0 0 0 0
 0 0 0 0 0
 0 0 0 0 0
 0 0 0 0 0
 0 0 0 0 0
 0 0 0 0 0
 0 0 0 0 0
 0 0 0 0 0
 0 0 0 0 0
 0 0 0 0 0
 0 0 0 0 0
 0 0 0 0 0
 0 0 0 0 0
 0 0 0 0 0
 0 0 0 0 0
 0 0 0 0 0
 0 0 0 0 0
 0 0 0 0 0
 0 0 0 0 0
 0 0 0 0 0
 0 0 0 0 0
 0 0 0 0 0
 0 0 0 0 0
 0 0 0 0 0
 0 0 0 0 0
 0 0 0 0 0
 0 0 0 0 0
 0 0 0 0 0
 0 0 0 0 0
 0 0 0 0 0
 0 0 0 0 0
 0 0 0 0 0
 0 0 0 0 0
 0 0 0 0 0
 0 0 0 0 0
 0 0 0 0 0
 0 0 0 0 0
 0 0 0 0 0
 0 0 0 0 0
 0 0 0 0 0
 0 0 0 0 0
 0 0 0 0 0
 0 0 0 0 0
 0 0 0 0 0
 0 0 0 0 0
 0 0 0 0 0
 0 0 0 0 0
 1.66307 1.60174 0.0196623 -0.0103725 1.54659
 0.563223 0.534509 0.0191894 -0.0103869 0.510856
 0.284063 0.265528 0.0190771 -0.0107068 0.251411
 0.172877 0.159119 0.0185129 -0.0107201 0.149427
 0.118065 0.107023 0.0183708 -0.0109235 0.0997583
 0.0855517 0.0763154 0.0178362 -0.0109197 0.0705783
 0.0663715 0.0583291 0.017794 -0.0111192 0.0535919
 0.053085 0.0458994 0.0175135 -0.0112852 0.0418195
 0.0453417 0.0386304 0.0178739 -0.0119013 0.0349477
 0.0378173 0.0316683 0.0180677 -0.0123338 0.0283034
 0.0320995 0.0265048 0.0177928 -0.0125235 0.0235178
 0.0287224 0.0233687 0.0181873 -0.0130665 0.020504
 0.0254547 0.0203984 0.0183735 -0.0134629 0.0176911
 0.0233245 0.0184362 0.0192294 -0.0145273 0.0158309
 0.0206417 0.0160653 0.0190952 -0.0147403 0.0135926
 0.0197617 0.0151934 0.0205782 -0.0162607 0.0127551
 0.0179667 0.0136182 0.0208192 -0.0167331 0.011261
 0.0169218 0.0126511 0.0217415 -0.0179216 0.0103352
 0.0157322 0.0116105 0.0223514 -0.0186882 0.00935875
 0.0148939 0.0108389 0.0233065 -0.0198531 0.00858008
 0.0142395 0.0102463 0.0246888 -0.0213261 0.00799135
 0.01332 0.00945233 0.0249563 -0.0217662 0.00727339
 0.0127828 0.00895283 0.025497 -0.0224402 0.00678383
 0.0118213 0.00818065 0.0253632 -0.0224882 0.00610437
 0.0112248 0.00765545 0.0256489 -0.0229243 0.00558043
 0.0105105 0.00711009 0.0252155 -0.022602 0.00516137
 0.0102068 0.00683603 0.0256139 -0.0231069 0.00489893
 0.00976858 0.00643719 0.0255262 -0.0230653 0.00447877
 0.00920825 0.00604309 0.024536 -0.0222808 0.00421298
 0.00880867 0.00566752 0.0246415 -0.0224695 0.00380162
 0.00836192 0.00535735 0.0238801 -0.0218193 0.00360718
 0.00802242 0.00507533 0.0231192 -0.0211375 0.00334256
 0.00756413 0.00473958 0.0220258 -0.0202001 0.00306313
 0.00728242 0.00453767 0.0209588 -0.0191831 0.0029226
 0.0071665 0.00442118 0.0209531 -0.0192312 0.00279158
 0.00669056 0.0040962 0.0191298 -0.017521 0.00255817
 0.00646291 0.00387136 0.0185375 -0.0170071 0.00229055
 0.00618204 0.00372188 0.0171143 -0.0156742 0.00226198
 0.00603183 0.00360056 0.0161761 -0.0148167 0.0021424
 0.00590456 0.00351719 0.0153052 -0.0140048 0.00208913
 0.00564029 0.00333202 0.0143167 -0.0130678 0.00195327
 0.00556682 0.00328736 0.0136884 -0.0124912 0.00193611
 0.00535931 0.00313828 0.0126045 -0.0115018 0.00182348
 0.00516443 0.00300199 0.0116533 -0.0106212 0.0017305
 0.00499549 0.00287658 0.0110087 -0.010034 0.00162335
 0.00486001 0.00278438 0.0100992 -0.009202 0.00157552
 0.00467499 0.00267197 0.00974642 -0.00888692 0.00151674
 0.00459034 0.00260724 0.00909233 -0.0082967 0.00146306
 0 0 0 0 0
 0 0 0 0 0
 0 0 0 0 0
 0 0 0 0 0
 0 0 0 0 0
 0 0 0 0 0
 0 0 0 0 0
 0 0 0 0 0
 0 0 0 0 0
 0 0 0 0 0
 0 0 0 0 0
 0 0 0 0 0
 0 0 0 0 0
 0 0 0 0 0
 0 0 0 0 0
 0 0 0 0 0
 0 0 0 0 0
 0 0 0 0 0
 0 0 0 0 0
 0 0 0 0 0
 0 0 0 0 0
 0 0 0 0 0
 0 0 0 0 0
 0 0 0 0 0
 0 0 0 0 0
 0 0 0 0 0
 0 0 0 0 0
 0 0 0 0 0
 0 0 0 0 0
 0 0 0 0 0
 0 0 0 0 0
 0 0 0 0 0
 0 0 0 0 0
 0 0 0 0 0
 0 0 0 0 0
 0 0 0 0 0
 0 0 0 0 0
 0 0 0 0 0
 0 0 0 0 0
 0 0 0 0 0
 0 0 0 0 0
 0 0 0 0 0
 0 0 0 0 0
 0 0 0 0 0
 0 0 0 0 0
 0 0 0 0 0
 0 0 0 0 0
 0 0 0 0 0
 0 0 0 0 0
 0 0 0 0 0
 0 0 0 0 0
 0 0 0 0 0
 0 0 0 0 0
 0 0 0 0 0
 0 0 0 0 0
 0 0 0 0 0
 0 0 0 0 0
 0 0 0 0 0
 0 0 0 0 0
 0 0 0 0 0
 0 0 0 0 0
 0 0 0 0 0
 0 0 0 0 0
 0 0 0 0 0
 0 0 0 0 0
 0 0 0 0 0
 0 0 0 0 0
 0 0 0 0 0
 0 0 0 0 0
 0 0 0 0 0
 0 0 0 0 0
 0 0 0 0 0
 0 0 0 0 0
 0 0 0 0 0
 1.70029 1.6392 0.0199597 -0.0103108 1.58421
 0.55037 0.522911 0.0188273 -0.0101952 0.500339
 0.283862 0.26568 0.0187818 -0.0104926 0.251868
 0.171609 0.158177 0.0183613 -0.010559 0.148768
 0.116135 0.105408 0.0181119 -0.010699 0.0983592
 0.0847142 0.0757559 0.0174114 -0.0105312 0.0703016
 0.0656027 0.0577237 0.0173554 -0.0108245 0.0530935
 0.0529282 0.0458279 0.0175243 -0.0111953 0.0417501
 0.0428472 0.0365554 0.0170065 -0.0111736 0.0330937
 0.0367582 0.0308563 0.0172886 -0.0117706 0.0276781
 0.0315978 0.0261304 0.0173332 -0.012076 0.0232011
 0.0282972 0.0230695 0.0178148 -0.0127133 0.0203088
 0.0243204 0.0195423 0.0174233 -0.0127008 0.0170725
 0.0224191 0.0177319 0.0183093 -0.0137084 0.0152282
 0.0205146 0.0160078 0.0185908 -0.0141871 0.0136231
 0.0188456 0.0145068 0.019403 -0.0152247 0.0121875
 0.0174406 0.0132367 0.0197801 -0.0157867 0.0109886
 0.0161287 0.0121051 0.0203688 -0.0165967 0.00994133
 0.0153436 0.0113427 0.0215074 -0.0178518 0.00914108
 0.0142611 0.0104258 0.0219822 -0.0185528 0.00833517
 0.0135216 0.00973017 0.0229198 -0.0196548 0.00761257
 0.0127353 0.00906042 0.0232359 -0.0201678 0.0069857
 0.0121806 0.00856167 0.023817 -0.0208474 0.00651379
 0.0114723 0.00801366 0.0245034 -0.0216665 0.00608998
 0.0107846 0.00739569 0.0243562 -0.0216866 0.00544752
 0.0104358 0.0070845 0.0247421 -0.0221243 0.00515415
 0.00993442 0.00663762 0.0247363 -0.0222939 0.00471283
 0.00917358 0.006088 0.0237495 -0.0214529 0.00431891
 0.00908258 0.00596982 0.0246135 -0.0223617 0.00417703
 0.00841442 0.00548381 0.0232982 -0.021186 0.00379711
 0.00802834 0.00512809 0.0226173 -0.0206462 0.00340296
 0.00788132 0.00504999 0.0225572 -0.0206146 0.00342452
 0.0075295 0.00473264 0.0216842 -0.0198397 0.00306498
 0.00715201 0.00446727 0.0206999 -0.0189783 0.00289618
 0.00672395 0.00416106 0.0198321 -0.0181896 0.00264305
 0.00652721 0.00401442 0.0188419 -0.0172968 0.00254315
 0.00632621 0.00386712 0.0180407 -0.0165469 0.00242235
 0.00612386 0.00372149 0.0172645 -0.0158482 0.00230632
 0.00598473 0.00360773 0.0163651 -0.0150091 0.00219845
 0.00564336 0.00335742 0.014733 -0.0134803 0.00198393
 0.00556645 0.00331169 0.0141392 -0.012919 0.00196278
 0.00535644 0.0031453 0.0133644 -0.0122259 0.00180805
 0.00530254 0.00310618 0.0125568 -0.0114553 0.00178554
 0.00516253 0.00301744 0.0118707 -0.0108632 0.00174585
 0.00483052 0.00279131 0.0109911 -0.0100248 0.00158493
 0.00477306 0.00274567 0.0102576 -0.00933092 0.00154759
 0.0046003 0.0026121 0.00961075 -0.00878008 0.00144432
 0 0 0 0 0
 0 0 0 0 0
 0 0 0 0 0
 0 0 0 0 0
 0 0 0 0 0
 0 0 0 0 0
 0 0 0 0 0
 0 0 0 0 0
 0 0 0 0 0
 0 0 0 0 0
 0 0 0 0 0
 0 0 0 0 0
 0 0 0 0 0
 0 0 0 0 0
 0 0 0 0 0
 0 0 0 0 0
 0 0 0 0 0
 0 0 0 0 0
 0 0 0 0 0
 0 0 0 0 0
 0 0 0 0 0
 0 0 0 0 0
 0 0 0 0 0
 0 0 0 0 0
 0 0 0 0 0
 0 0 0 0 0
 0 0 0 0 0
 0 0 0 0 0
 0 0 0 0 0
 0 0 0 0 0
 0 0 0 0 0
 0 0 0 0 0
 0 0 0 0 0
 0 0 0 0 0
 0 0 0 0 0
 0 0 0 0 0
 0 0 0 0 0
 0 0 0 0 0
 0 0 0 0 0
 0 0 0 0 0
 0 0 0 0 0
 0 0 0 0 0
 0 0 0 0 0
 0 0 0 0 0
 0 0 0 0 0
 0 0 0 0 0
 0 0 0 0 0
 0 0 0 0 0
 0 0 0 0 0
 0 0 0 0 0
 0 0 0 0 0
 0 0 0 0 0
 0 0 0 0 0
 0 0 0 0 0
 0 0 0 0 0
 0 0 0 0 0
 0 0 0 0 0
 0 0 0 0 0
 0 0 0 0 0
 0 0 0 0 0
 0 0 0 0 0
 0 0 0 0 0
 0 0 0 0 0
 0 0 0 0 0
 0 0 0 0 0
 0 0 0 0 0
 0 0 0 0 0
 0 0 0 0 0
 0 0 0 0 0
 0 0 0 0 0
 0 0 0 0 0
 0 0 0 0 0
 0 0 0 0 0
 0 0 0 0 0
 0 0 0 0 0
 1.71489 1.65484 0.0195847 -0.0102471 1.60081
 0.549821 0.522988 0.0185232 -0.00981717 0.501054
 0.282362 0.26466 0.0185906 -0.0101978 0.25137
 0.165613 0.152862 0.0175193 -0.00994208 0.14398
 0.113242 0.102944 0.0176112 -0.0101885 0.0963033
 0.0845667 0.0757064 0.0175694 -0.010614 0.0703205
 0.0647074 0.057016 0.0172677 -0.0107053 0.0525335
 0.0513855 0.0446024 0.0167739 -0.0107286 0.0408172
 0.0429015 0.0366505 0.0171264 -0.0111629 0.0332588
 0.036022 0.0303326 0.0171714 -0.0115717 0.0272814
 0.0308702 0.0255771 0.0169487 -0.0117204 0.0228017
 0.0272482 0.0222598 0.0171057 -0.0120637 0.0196876
 0.0243248 0.0195575 0.0173806 -0.0125797 0.0170442
 0.0216686 0.017194 0.0173894 -0.0128448 0.0148643
 0.0200195 0.0156698 0.0179829 -0.0136162 0.0133686
 0.0181848 0.0140406 0.0182271 -0.0141525 0.0118507
 0.0170338 0.0130009 0.0189232 -0.0149865 0.0108943
 0.0156552 0.0117586 0.0195692 -0.0158448 0.00963042
 0.0147137 0.0109315 0.0202741 -0.0167332 0.0089085
 0.0137875 0.0101202 0.0211132 -0.0177621 0.00813391
 0.0131248 0.00951825 0.021799 -0.0185706 0.0075289
 0.0124766 0.0089315 0.0225192 -0.0194594 0.0069956
 0.011621 0.0082092 0.0229179 -0.0200243 0.00628563
 0.0110322 0.00769837 0.0228392 -0.0200665 0.00581872
 0.010505 0.00722454 0.0233298 -0.0206757 0.00533155
 0.0100269 0.00685932 0.0235082 -0.0209728 0.00508682
 0.00948283 0.00640659 0.0233997 -0.0210162 0.00465474
 0.009266 0.00617874 0.0239258 -0.0216289 0.00438296
 0.00854183 0.00563987 0.0227903 -0.0206118 0.00397757
 0.0083995 0.00547523 0.0231216 -0.0210074 0.00376632
 0.00800051 0.00520243 0.0224526 -0.0204614 0.00359285
 0.00770539 0.00494168 0.0220677 -0.0201519 0.00333037
 0.00733824 0.00463996 0.0213759 -0.0195745 0.00304473
 0.006963 0.00437823 0.0201063 -0.0183679 0.00286908
 0.00658592 0.00411469 0.0192788 -0.0176385 0.00266892
 0.00647106 0.00398367 0.0188574 -0.0172997 0.00249744
 0.00611177 0.00372326 0.0175383 -0.0160965 0.00228881
 0.00603172 0.00368628 0.0168161 -0.015437 0.00230813
 0.00582041 0.00350628 0.0161211 -0.0148035 0.00212043
 0.00564893 0.00338093 0.0149892 -0.0137274 0.00201803
 0.00548409 0.0032755 0.0141315 -0.0129383 0.00194571
 0.00530746 0.00315949 0.0132559 -0.0121427 0.00187973
 0.00520076 0.0030887 0.0124478 -0.0113803 0.00183628
 0.00498338 0.00291215 0.0117389 -0.0107138 0.00167377
 0.0047939 0.00276873 0.0106495 -0.00972483 0.00155462
 0.00462478 0.00265829 0.0101501 -0.00928958 0.0014855
 0 0 0 0 0
 0 0 0 0 0
 0 0 0 0 0
 0 0 0 0 0
 0 0 0 0 0
 0 0 0 0 0
 0 0 0 0 0
 0 0 0 0 0
 0 0 0 0 0
 0 0 0 0 0
 0 0 0 0 0
 0 0 0 0 0
 0 0 0 0 0
 0 0 0 0 0
 0 0 0 0 0
 0 0 0 0 0
 0 0 0 0 0
 0 0 0 0 0
 0 0 0 0 0
 0 0 0 0 0
 0 0 0 0 0
 0 0 0 0 0
 0 0 0 0 0
 0 0 0 0 0
 0 0 0 0 0
 0 0 0 0 0
 0 0 0 0 0
 0 0 0 0 0
 0 0 0 0 0
 0 0 0 0 0
 0 0 0 0 0
 0 0 0 0 0
 0 0 0 0 0
 0 0 0 0 0
 0 0 0 0 0
 0 0 0 0 0
 0 0 0 0 0
 0 0 0 0 0
 0 0 0 0 0
 0 0 0 0 0
 0 0 0 0 0
 0 0 0 0 0
 0 0 0 0 0
 0 0 0 0 0
 0 0 0 0 0
 0 0 0 0 0
 0 0 0 0 0
 0 0 0 0 0
 0 0 0 0 0
 0 0 0 0 0
 0 0 0 0 0
 0 0 0 0 0
 0 0 0 0 0
 0 0 0 0 0
 0 0 0 0 0
 0 0 0 0 0
 0 0 0 0 0
 0 0 0 0 0
 0 0 0 0 0
 0 0 0 0 0
 0 0 0 0 0
 0 0 0 0 0
 0 0 0 0 0
 0 0 0 0 0
 0 0 0 0 0
 0 0 0 0 0
 0 0 0 0 0
 0 0 0 0 0
 0 0 0 0 0
 0 0 0 0 0
 0 0 0 0 0
 0 0 0 0 0
 0 0 0 0 0
 0 0 0 0 0
 0 0 0 0 0
 0 0 0 0 0
 1.72105 1.66229 0.0192812 -0.00995208 1.60943
 0.552277 0.525866 0.0184242 -0.00976075 0.504257
 0.27548 0.258443 0.0180659 -0.0100012 0.245665
 0.163698 0.151298 0.0174942 -0.00969775 0.142768
 0.112566 0.10245 0.0173393 -0.0101092 0.0958883
 0.0838733 0.0752094 0.0173564 -0.010398 0.0699625
 0.0637353 0.0562721 0.0169985 -0.0104499 0.0519563
 0.0501991 0.0436394 0.0164275 -0.0104057 0.0400087
 0.0418015 0.0358047 0.0164658 -0.0106576 0.0326338
 0.0355563 0.0299897 0.0166244 -0.0110606 0.0270517
 0.0304997 0.0253579 0.0164968 -0.0112002 0.0226856
 0.0266523 0.0218118 0.0166484 -0.0116922 0.019327
 0.0236769 0.0190946 0.0169195 -0.012134 0.016698
 0.0208808 0.0166097 0.0167671 -0.0122937 0.0144319
 0.0192761 0.0151382 0.0170212 -0.0128113 0.0130138
 0.0175276 0.0135745 0.0175451 -0.0134953 0.0115142
 0.0164411 0.0125614 0.0181727 -0.0142897 0.0105416
 0.0152839 0.0115336 0.0187613 -0.01506 0.00955667
 0.0145791 0.0108868 0.0195557 -0.0160218 0.00893267
 0.0133287 0.00981883 0.0200157 -0.0166497 0.00792769
 0.0129506 0.00941908 0.0213508 -0.0181471 0.00748273
 0.0122134 0.00878333 0.0214467 -0.0184224 0.00691923
 0.0112816 0.00801104 0.0218803 -0.0190335 0.00621746
 0.0105447 0.00740588 0.0217137 -0.0190717 0.00567516
 0.0101857 0.00707102 0.0224617 -0.0198666 0.0053232
 0.00974925 0.0066782 0.0229069 -0.0203984 0.00492741
 0.00921717 0.00623767 0.0224754 -0.0201211 0.00454067
 0.00889817 0.00594897 0.0229008 -0.0206444 0.00423917
 0.00851108 0.00565132 0.0226408 -0.0205043 0.00400456
 0.00805452 0.00526723 0.02222 -0.0201973 0.00362768
 0.00763986 0.00496054 0.021758 -0.0198484 0.00339672
 0.00735611 0.00474574 0.0211333 -0.0192662 0.00323093
 0.00702268 0.00447522 0.0200449 -0.0183143 0.00299211
 0.00677593 0.00425363 0.0196582 -0.0179724 0.00274394
 0.00657109 0.00412897 0.019301 -0.0176569 0.00269477
 0.00619173 0.00385218 0.0181011 -0.0165745 0.00247809
 0.0061074 0.00376535 0.0175273 -0.016089 0.0023843
 0.00591783 0.00362522 0.0168734 -0.0155093 0.00227023
 0.00570192 0.00348241 0.0156218 -0.0143132 0.00217653
 0.00556945 0.00336408 0.0150036 -0.0137552 0.00205398
 0.00528047 0.00317304 0.0139113 -0.0127459 0.00191173
 0.00523405 0.0031522 0.0129612 -0.0118641 0.00192271
 0.00500022 0.00297151 0.0122174 -0.0111842 0.00175951
 0.00490287 0.00290233 0.0115919 -0.0106346 0.00172039
 0.00476849 0.00279317 0.0110386 -0.010095 0.00162054
 0 0 0 0 0
 0 0 0 0 0
 0 0 0 0 0
 0 0 0 0 0
 0 0 0 0 0
 0 0 0 0 0
 0 0 0 0 0
 0 0 0 0 0
 0 0 0 0 0
 0 0 0 0 0
 0 0 0 0 0
 0 0 0 0 0
 0 0 0 0 0
 0 0 0 0 0
 0 0 0 0 0
 0 0 0 0 0
 0 0 0 0 0
 0 0 0 0 0
 0 0 0 0 0
 0 0 0 0 0
 0 0 0 0 0
 0 0 0 0 0
 0 0 0 0 0
 0 0 0 0 0
 0 0 0 0 0
 0 0 0 0 0
 0 0 0 0 0
 0 0 0 0 0
 0 0 0 0 0
 0 0 0 0 0
 0 0 0 0 0
 0 0 0 0 0
 0 0 0 0 0
 0 0 0 0 0
 0 0 0 0 0
 0 0 0 0 0
 0 0 0 0 0
 0 0 0 0 0
 0 0 0 0 0
 0 0 0 0 0
 0 0 0 0 0
 0 0 0 0 0
 0 0 0 0 0
 0 0 0 0 0
 0 0 0 0 0
 0 0 0 0 0
 0 0 0 0 0
 0 0 0 0 0
 0 0 0 0 0
 0 0 0 0 0
 0 0 0 0 0
 0 0 0 0 0
 0 0 0 0 0
 0 0 0 0 0
 0 0 0 0 0
 0 0 0 0 0
 0 0 0 0 0
 0 0 0 0 0
 0 0 0 0 0
 0 0 0 0 0
 0 0 0 0 0
 0 0 0 0 0
 0 0 0 0 0
 0 0 0 0 0
 0 0 0 0 0
 0 0 0 0 0
 0 0 0 0 0
 0 0 0 0 0
 0 0 0 0 0
 0 0 0 0 0
 0 0 0 0 0
 0 0 0 0 0
 0 0 0 0 0
 0 0 0 0 0
 0 0 0 0 0
 0 0 0 0 0
 0 0 0 0 0
 1.70799 1.65116 0.0187481 -0.00966375 1.60009
 0.554681 0.528711 0.0185172 -0.00984492 0.507472
 0.27491 0.258262 0.0180019 -0.00971833 0.245831
 0.161543 0.149499 0.0171802 -0.00950767 0.141248
 0.111309 0.10146 0.0171839 -0.00986733 0.0952
 0.0798457 0.0716652 0.0164352 -0.00973258 0.0667661
 0.0620682 0.0548776 0.0164321 -0.0100415 0.0507432
 0.0491055 0.0427614 0.0162947 -0.0101704 0.0393097
 0.0404828 0.0347357 0.0159326 -0.0102102 0.0317101
 0.0342988 0.0289928 0.0160297 -0.010526 0.0262383
 0.0293458 0.0244617 0.0157411 -0.0105875 0.0220008
 0.0251787 0.0206655 0.0154898 -0.0106973 0.0183884
 0.022567 0.0182563 0.0158648 -0.0112774 0.0161072
 0.0200998 0.0160243 0.0160787 -0.0117081 0.0139209
 0.0186414 0.0146651 0.0162887 -0.0120853 0.0126598
 0.0173077 0.0134323 0.0170307 -0.0130622 0.0114447
 0.0155725 0.0119269 0.0170774 -0.013307 0.0100396
 0.0146574 0.0110857 0.0179887 -0.0143659 0.00920492
 0.0139752 0.0104389 0.0186253 -0.0151528 0.00856625
 0.013089 0.0096395 0.0191408 -0.0158084 0.00776093
 0.0122717 0.00895608 0.0196633 -0.0165468 0.00715752
 0.0115736 0.00832894 0.0204653 -0.0174638 0.00655125
 0.0110134 0.00781432 0.0212149 -0.0183952 0.00601808
 0.0105089 0.00740228 0.0215526 -0.0188498 0.00567095
 0.0100623 0.00699923 0.0219498 -0.0193503 0.00526784
 0.00934442 0.00644804 0.0215808 -0.019209 0.00483104
 0.00896492 0.0060935 0.0220264 -0.0197378 0.00444502
 0.00858225 0.00579358 0.0217719 -0.0195604 0.0041927
 0.00814094 0.00540411 0.0218308 -0.019769 0.00380973
 0.00792318 0.00523032 0.0217523 -0.0197334 0.00367672
 0.00757805 0.00493593 0.0211803 -0.0192721 0.00339395
 0.00721228 0.00463792 0.0206586 -0.018841 0.003109
 0.00692766 0.00446443 0.0200744 -0.0183338 0.00303591
 0.00669347 0.00424502 0.0197646 -0.0181092 0.00280327
 0.00635778 0.00398915 0.0186055 -0.0170615 0.00258081
 0.00608561 0.00376522 0.0178501 -0.0163771 0.00237844
 0.00593652 0.00367012 0.0173855 -0.0159698 0.00231852
 0.00574687 0.00351191 0.0165313 -0.015159 0.00215812
 0.00565633 0.00346345 0.0157223 -0.0144387 0.00216774
 0.00542756 0.00331406 0.0146933 -0.0134722 0.00206472
 0.0052745 0.00318117 0.0138713 -0.0127258 0.00191921
 0.00496478 0.00298449 0.0128632 -0.0118 0.00180174
 0.00490983 0.00294709 0.0118481 -0.0108349 0.00178341
 0.00479258 0.0028406 0.0114648 -0.0105161 0.00167297
 0 0 0 0 0
 0 0 0 0 0
 0 0 0 0 0
 0 0 0 0 0
 0 0 0 0 0
 0 0 0 0 0
 0 0 0 0 0
 0 0 0 0 0
 0 0 0 0 0
 0 0 0 0 0
 0 0 0 0 0
 0 0 0 0 0
 0 0 0 0 0
 0 0 0 0 0
 0 0 0 0 0
 0 0 0 0 0
 0 0 0 0 0
 0 0 0 0 0
 0 0 0 0 0
 0 0 0 0 0
 0 0 0 0 0
 0 0 0 0 0
 0 0 0 0 0
 0 0 0 0 0
 0 0 0 0 0
 0 0 0 0 0
 0 0 0 0 0
 0 0 0 0 0
 0 0 0 0 0
 0 0 0 0 0
 0 0 0 0 0
 0 0 0 0 0
 0 0 0 0 0
 0 0 0 0 0
 0 0 0 0 0
 0 0 0 0 0
 0 0 0 0 0
 0 0 0 0 0
 0 0 0 0 0
 0 0 0 0 0
 0 0 0 0 0
 0 0 0 0 0
 0 0 0 0 0
 0 0 0 0 0
 0 0 0 0 0
 0 0 0 0 0
 0 0 0 0 0
 0 0 0 0 0
 0 0 0 0 0
 0 0 0 0 0
 0 0 0 0 0
 0 0 0 0 0
 0 0 0 0 0
 0 0 0 0 0
 0 0 0 0 0
 0 0 0 0 0
 0 0 0 0 0
 0 0 0 0 0
 0 0 0 0 0
 0 0 0 0 0
 0 0 0 0 0
 0 0 0 0 0
 0 0 0 0 0
 0 0 0 0 0
 0 0 0 0 0
 0 0 0 0 0
 0 0 0 0 0
 0 0 0 0 0
 0 0 0 0 0
 0 0 0 0 0
 0 0 0 0 0
 0 0 0 0 0
 0 0 0 0 0
 0 0 0 0 0
 0 0 0 0 0
 0 0 0 0 0
 0 0 0 0 0
 0 0 0 0 0
 1.69858 1.64345 0.0183831 -0.00929417 1.59377
 0.562633 0.536796 0.0185861 -0.00973033 0.515727
 0.268333 0.252331 0.0175387 -0.00948908 0.240382
 0.164163 0.1521 0.0174035 -0.0097005 0.143905
 0.109045 0.0995183 0.0167411 -0.00956808 0.0934667
 0.0788629 0.0708677 0.0163371 -0.00964733 0.0661011
 0.0602114 0.0533006 0.0159782 -0.00958975 0.0493747
 0.0483855 0.0421812 0.0158993 -0.00987733 0.0388406
 0.0398949 0.0342832 0.0158134 -0.0100852 0.0313084
 0.0337573 0.0285833 0.0157682 -0.0102829 0.025929
 0.0282265 0.0235809 0.0151795 -0.0101275 0.0213057
 0.0252748 0.0207998 0.015507 -0.0106044 0.0185483
 0.0225677 0.0183248 0.0156681 -0.0109573 0.0162231
 0.0199658 0.0159695 0.0154655 -0.0111273 0.013995
 0.0182795 0.0144267 0.0157783 -0.0116059 0.0125379
 0.0163843 0.012762 0.0158515 -0.0119875 0.0109578
 0.0150088 0.0115037 0.0162093 -0.0125326 0.00969075
 0.0143712 0.0108981 0.0169157 -0.0133194 0.00908892
 0.013339 0.009996 0.0176483 -0.0142857 0.00825135
 0.012566 0.00932408 0.0182254 -0.0150033 0.00763184
 0.0117054 0.00855883 0.0187068 -0.0156387 0.00686393
 0.0111679 0.00807546 0.0192117 -0.0163342 0.00642529
 0.0106911 0.00764788 0.0201397 -0.017365 0.00598456
 0.0101632 0.00716131 0.0203877 -0.0177937 0.00548522
 0.00983108 0.0068758 0.0210963 -0.018585 0.00523301
 0.00917742 0.00633571 0.020868 -0.0185035 0.00474081
 0.00883208 0.00604541 0.0212519 -0.0189849 0.00447287
 0.00834958 0.00565132 0.0212853 -0.0191227 0.00411096
 0.00798675 0.00533087 0.0210476 -0.0190238 0.00379033
 0.00774392 0.00514557 0.0210405 -0.0190134 0.0036499
 0.00739203 0.00488867 0.0204908 -0.0186087 0.00347192
 0.00707752 0.00458867 0.0204697 -0.0186876 0.00313079
 0.0066711 0.0042832 0.0195812 -0.0178965 0.00287873
 0.00647806 0.00413274 0.0191117 -0.0175107 0.00275393
 0.00634028 0.00401103 0.0187655 -0.0172348 0.00264087
 0.00604749 0.00379327 0.0177373 -0.0162685 0.00246669
 0.00588418 0.0036723 0.0172067 -0.0158026 0.00236922
 0.00555615 0.00342585 0.0161262 -0.0148193 0.00215488
 0.00536319 0.00328363 0.0150538 -0.0138245 0.00203413
 0.00517688 0.00317169 0.0140501 -0.0128767 0.00198302
 0.00510127 0.00308792 0.0138909 -0.0127632 0.00187799
 0.00498018 0.00302017 0.0127296 -0.0116546 0.00185203
 0.00482317 0.00289493 0.012089 -0.0110829 0.00173707
 0 0 0 0 0
 0 0 0 0 0
 0 0 0 0 0
 0 0 0 0 0
 0 0 0 0 0
 0 0 0 0 0
 0 0 0 0 0
 0 0 0 0 0
 0 0 0 0 0
 0 0 0 0 0
 0 0 0 0 0
 0 0 0 0 0
 0 0 0 0 0
 0 0 0 0 0
 0 0 0 0 0
 0 0 0 0 0
 0 0 0 0 0
 0 0 0 0 0
 0 0 0 0 0
 0 0 0 0 0
 0 0 0 0 0
 0 0 0 0 0
 0 0 0 0 0
 0 0 0 0 0
 0 0 0 0 0
 0 0 0 0 0
 0 0 0 0 0
 0 0 0 0 0
 0 0 0 0 0
 0 0 0 0 0
 0 0 0 0 0
 0 0 0 0 0
 0 0 0 0 0
 0 0 0 0 0
 0 0 0 0 0
 0 0 0 0 0
 0 0 0 0 0
 0 0 0 0 0
 0 0 0 0 0
 0 0 0 0 0
 0 0 0 0 0
 0 0 0 0 0
 0 0 0 0 0
 0 0 0 0 0
 0 0 0 0 0
 0 0 0 0 0
 0 0 0 0 0
 0 0 0 0 0
 0 0 0 0 0
 0 0 0 0 0
 0 0 0 0 0
 0 0 0 0 0
 0 0 0 0 0
 0 0 0 0 0
 0 0 0 0 0
 0 0 0 0 0
 0 0 0 0 0
 0 0 0 0 0
 0 0 0 0 0
 0 0 0 0 0
 0 0 0 0 0
 0 0 0 0 0
 0 0 0 0 0
 0 0 0 0 0
 0 0 0 0 0
 0 0 0 0 0
 0 0 0 0 0
 0 0 0 0 0
 0 0 0 0 0
 0 0 0 0 0
 0 0 0 0 0
 0 0 0 0 0
 0 0 0 0 0
 0 0 0 0 0
 0 0 0 0 0
 0 0 0 0 0
 0 0 0 0 0
 0 0 0 0 0
 0 0 0 0 0
 1.72071 1.66627 0.0183759 -0.0093145 1.61731
 0.544638 0.520144 0.0178277 -0.00915067 0.500247
 0.269327 0.253524 0.017612 -0.00939092 0.241847
 0.155628 0.144383 0.0164753 -0.00909842 0.136817
 0.109011 0.0996525 0.0165543 -0.00939642 0.0937975
 0.0777038 0.0699476 0.0160527 -0.0093735 0.065384
 0.0590882 0.0523856 0.0157533 -0.00946942 0.0486309
 0.0476361 0.0416128 0.0155869 -0.00955392 0.0383987
 0.0389667 0.0335342 0.0153755 -0.009732 0.0307437
 0.0321233 0.0272238 0.0150257 -0.00970667 0.0247377
 0.0278854 0.0233293 0.0150039 -0.00992733 0.0210463
 0.0240171 0.0197642 0.0146824 -0.00992192 0.0176103
 0.0215994 0.0175484 0.0149651 -0.0104294 0.0155896
 0.0192647 0.0154253 0.015083 -0.010762 0.0134974
 0.017509 0.0138322 0.0151271 -0.0110418 0.0120321
 0.0160902 0.012582 0.0153768 -0.0114584 0.0108563
 0.014648 0.0112974 0.0154239 -0.0117627 0.00965325
 0.01395 0.0106405 0.01629 -0.0127548 0.008971
 0.0127282 0.00956175 0.0167298 -0.0134109 0.00792142
 0.0122292 0.00909633 0.0174845 -0.0142383 0.00746528
 0.0114919 0.00841033 0.018059 -0.0150797 0.00673555
 0.0108326 0.00783748 0.0187658 -0.0159431 0.00618633
 0.0104022 0.00744102 0.0193719 -0.016624 0.0058187
 0.00983167 0.00696592 0.0197948 -0.0171755 0.00537636
 0.00955558 0.00671478 0.0206188 -0.0181073 0.00513903
 0.00901292 0.00626715 0.0206077 -0.0182709 0.0047448
 0.00855258 0.00586693 0.0204651 -0.0182112 0.00432968
 0.00805797 0.00548293 0.0203453 -0.0182247 0.00403065
 0.00786129 0.00527816 0.0207183 -0.0186583 0.0037983
 0.00755488 0.005035 0.0207823 -0.0188083 0.0035842
 0.00718235 0.00473329 0.0201457 -0.0182977 0.0033136
 0.0068456 0.00449453 0.0193273 -0.0175892 0.00315024
 0.00666123 0.00431361 0.0192142 -0.017523 0.00294039
 0.00632456 0.00406748 0.0184333 -0.0168621 0.00274812
 0.00610736 0.00390793 0.0180027 -0.0164979 0.00264089
 0.00590078 0.00372511 0.0175596 -0.0161469 0.00244936
 0.00565145 0.00355527 0.0164933 -0.0151317 0.00232135
 0.00545314 0.00338854 0.0155693 -0.0142909 0.00215999
 0.00534566 0.00331282 0.0152567 -0.0140403 0.00211345
 0.00508415 0.00312827 0.0140911 -0.0129318 0.00196542
 0.0050276 0.00305262 0.0135118 -0.0123934 0.00185825
 0.00488248 0.00297642 0.0127327 -0.0116815 0.00185149
 0 0 0 0 0
 0 0 0 0 0
 0 0 0 0 0
 0 0 0 0 0
 0 0 0 0 0
 0 0 0 0 0
 0 0 0 0 0
 0 0 0 0 0
 0 0 0 0 0
 0 0 0 0 0
 0 0 0 0 0
 0 0 0 0 0
 0 0 0 0 0
 0 0 0 0 0
 0 0 0 0 0
 0 0 0 0 0
 0 0 0 0 0
 0 0 0 0 0
 0 0 0 0 0
 0 0 0 0 0
 0 0 0 0 0
 0 0 0 0 0
 0 0 0 0 0
 0 0 0 0 0
 0 0 0 0 0
 0 0 0 0 0
 0 0 0 0 0
 0 0 0 0 0
 0 0 0 0 0
 0 0 0 0 0
 0 0 0 0 0
 0 0 0 0 0
 0 0 0 0 0
 0 0 0 0 0
 0 0 0 0 0
 0 0 0 0 0
 0 0 0 0 0
 0 0 0 0 0
 0 0 0 0 0
 0 0 0 0 0
 0 0 0 0 0
 0 0 0 0 0
 0 0 0 0 0
 0 0 0 0 0
 0 0 0 0 0
 0 0 0 0 0
 0 0 0 0 0
 0 0 0 0 0
 0 0 0 0 0
 0 0 0 0 0
 0 0 0 0 0
 0 0 0 0 0
 0 0 0 0 0
 0 0 0 0 0
 0 0 0 0 0
 0 0 0 0 0
 0 0 0 0 0
 0 0 0 0 0
 0 0 0 0 0
 0 0 0 0 0
 0 0 0 0 0
 0 0 0 0 0
 0 0 0 0 0
 0 0 0 0 0
 0 0 0 0 0
 0 0 0 0 0
 0 0 0 0 0
 0 0 0 0 0
 0 0 0 0 0
 0 0 0 0 0
 0 0 0 0 0
 0 0 0 0 0
 0 0 0 0 0
 0 0 0 0 0
 0 0 0 0 0
 0 0 0 0 0
 0 0 0 0 0
 0 0 0 0 0
 0 0 0 0 0
 0 0 0 0 0
 1.76498 1.71043 0.0183698 -0.00915325 1.66129
 0.548753 0.524589 0.0176954 -0.00901967 0.505011
 0.270807 0.255195 0.0174495 -0.00933408 0.243675
 0.157185 0.145954 0.0167522 -0.009214 0.138343
 0.106473 0.097435 0.0161987 -0.00912317 0.0918133
 0.0756485 0.0682157 0.0157187 -0.00905517 0.0638456
 0.0577995 0.0513465 0.0152757 -0.00907142 0.047769
 0.0462446 0.0404566 0.0153443 -0.00935683 0.0373827
 0.0372982 0.0321446 0.0146078 -0.00915983 0.0294729
 0.0325974 0.0276713 0.0150331 -0.00967875 0.0251908
 0.0275063 0.0230332 0.0147912 -0.00974558 0.0208162
 0.0238478 0.0196957 0.0145543 -0.00978817 0.0176626
 0.0211623 0.0172429 0.0146181 -0.0100985 0.0153353
 0.018609 0.0149196 0.014521 -0.0103212 0.0130833
 0.0171162 0.013565 0.0146046 -0.0105594 0.0118308
 0.0155105 0.0121187 0.0148622 -0.0110714 0.0104199
 0.0143767 0.0111005 0.0151814 -0.0115294 0.00944908
 0.0135457 0.0103201 0.0155871 -0.0121193 0.00869625
 0.0127252 0.00958917 0.0162319 -0.0129024 0.00797858
 0.0116702 0.00865558 0.0165142 -0.0134157 0.00706476
 0.0111677 0.00823618 0.0171151 -0.0141383 0.00669756
 0.0105976 0.00772179 0.0176893 -0.0148677 0.0061906
 0.00994225 0.00716056 0.0180879 -0.0154047 0.00565778
 0.00968442 0.00689693 0.0190306 -0.0164401 0.00538197
 0.00893258 0.00628707 0.0189501 -0.0165805 0.00482366
 0.00866642 0.00603115 0.0194087 -0.0171103 0.00455602
 0.00837125 0.00576527 0.019917 -0.0176745 0.00429012
 0.00798788 0.00544596 0.0201287 -0.0180247 0.00399599
 0.00770502 0.00519352 0.0201081 -0.0181187 0.00374833
 0.00746373 0.00499702 0.020299 -0.0183383 0.00357132
 0.00705204 0.00466993 0.0196432 -0.0178007 0.00330166
 0.00670852 0.00442113 0.0188204 -0.0171054 0.00311447
 0.00645769 0.00418431 0.0188141 -0.0171828 0.0028455
 0.00630332 0.0040656 0.0186603 -0.0170922 0.00274836
 0.00597345 0.00378832 0.0180442 -0.0165638 0.00248319
 0.00575323 0.00366835 0.016759 -0.0153652 0.00245065
 0.00566631 0.00358171 0.0165701 -0.0152253 0.00235348
 0.00535722 0.00332676 0.0158177 -0.0145643 0.00210555
 0.00511919 0.00318541 0.0146538 -0.0134762 0.00204839
 0.00505976 0.00311639 0.0141731 -0.0130294 0.00195952
 0.00486592 0.00298148 0.0132681 -0.0122035 0.00185625
 0 0 0 0 0
 0 0 0 0 0
 0 0 0 0 0
 0 0 0 0 0
 0 0 0 0 0
 0 0 0 0 0
 0 0 0 0 0
 0 0 0 0 0
 0 0 0 0 0
 0 0 0 0 0
 0 0 0 0 0
 0 0 0 0 0
 0 0 0 0 0
 0 0 0 0 0
 0 0 0 0 0
 0 0 0 0 0
 0 0 0 0 0
 0 0 0 0 0
 0 0 0 0 0
 0 0 0 0 0
 0 0 0 0 0
 0 0 0 0 0
 0 0 0 0 0
 0 0 0 0 0
 0 0 0 0 0
 0 0 0 0 0
 0 0 0 0 0
 0 0 0 0 0
 0 0 0 0 0
 0 0 0 0 0
 0 0 0 0 0
 0 0 0 0 0
 0 0 0 0 0
 0 0 0 0 0
 0 0 0 0 0
 0 0 0 0 0
 0 0 0 0 0
 0 0 0 0 0
 0 0 0 0 0
 0 0 0 0 0
 0 0 0 0 0
 0 0 0 0 0
 0 0 0 0 0
 0 0 0 0 0
 0 0 0 0 0
 0 0 0 0 0
 0 0 0 0 0
 0 0 0 0 0
 0 0 0 0 0
 0 0 0 0 0
 0 0 0 0 0
 0 0 0 0 0
 0 0 0 0 0
 0 0 0 0 0
 0 0 0 0 0
 0 0 0 0 0
 0 0 0 0 0
 0 0 0 0 0
 0 0 0 0 0
 0 0 0 0 0
 0 0 0 0 0
 0 0 0 0 0
 0 0 0 0 0
 0 0 0 0 0
 0 0 0 0 0
 0 0 0 0 0
 0 0 0 0 0
 0 0 0 0 0
 0 0 0 0 0
 0 0 0 0 0
 0 0 0 0 0
 0 0 0 0 0
 0 0 0 0 0
 0 0 0 0 0
 0 0 0 0 0
 0 0 0 0 0
 0 0 0 0 0
 0 0 0 0 0
 0 0 0 0 0
 0 0 0 0 0
 0 0 0 0 0
 1.76136 1.70819 0.018104 -0.00906683 1.66036
 0.538852 0.515515 0.0173519 -0.00894358 0.496552
 0.264932 0.249928 0.0170563 -0.009019 0.238926
 0.157812 0.146748 0.0164255 -0.00891142 0.139374
 0.107114 0.0981608 0.0162152 -0.00897517 0.0926008
 0.0761186 0.0687297 0.0155772 -0.00895958 0.0644785
 0.0570948 0.0507678 0.0149414 -0.00882917 0.0473223
 0.0456844 0.0400419 0.0148138 -0.00891208 0.0371257
 0.0369797 0.0319428 0.0145543 -0.00903717 0.0294085
 0.0314644 0.0267855 0.0143955 -0.00921508 0.0245076
 0.026455 0.0221959 0.0141108 -0.00919208 0.0201182
 0.0234751 0.0194295 0.0142358 -0.00955342 0.0175119
 0.0204649 0.0166951 0.0141622 -0.0098055 0.0148922
 0.0186477 0.0150036 0.0144801 -0.0102087 0.0132373
 0.0165429 0.0131233 0.0141702 -0.0102208 0.0114554
 0.0149719 0.0117249 0.0140914 -0.0103827 0.0101235
 0.0137948 0.0106935 0.0142246 -0.0106812 0.00917375
 0.012814 0.00980808 0.0147865 -0.0113952 0.00830119
 0.0122377 0.00925067 0.0154648 -0.0121607 0.00773034
 0.0114811 0.00858817 0.0158633 -0.0127852 0.00711807
 0.010529 0.00778003 0.0158747 -0.0130112 0.00635234
 0.0102984 0.00752454 0.0169556 -0.0141356 0.00607143
 0.0097545 0.00704359 0.0179323 -0.0152559 0.00556614
 0.00919658 0.00656813 0.017775 -0.0152948 0.00514088
 0.0088495 0.00624064 0.0182818 -0.0159001 0.00481867
 0.00843233 0.00591607 0.0186351 -0.0163667 0.00453534
 0.00810654 0.00560858 0.0190686 -0.0168945 0.00421705
 0.00780656 0.00534077 0.0192727 -0.0172282 0.0039386
 0.00743584 0.00502938 0.0194725 -0.0175104 0.00364987
 0.00710059 0.00475827 0.019134 -0.0172753 0.00341207
 0.00682292 0.00454552 0.0190376 -0.017289 0.00324189
 0.00663098 0.00437115 0.0190235 -0.0172903 0.00305435
 0.00624586 0.00407734 0.0181049 -0.0164987 0.00280919
 0.00608811 0.00394402 0.0179774 -0.0164339 0.00268677
 0.00583109 0.00376003 0.0172113 -0.0157614 0.00255075
 0.00566408 0.00362839 0.0166767 -0.0152868 0.00244238
 0.00551972 0.00351347 0.0163698 -0.0150302 0.00234181
 0.00515272 0.00321996 0.0152411 -0.014026 0.00206784
 0.00515071 0.00322543 0.0149813 -0.0137853 0.00209326
 0.00494514 0.00305446 0.0141453 -0.0130208 0.00192434
 0 0 0 0 0
 0 0 0 0 0
 0 0 0 0 0
 0 0 0 0 0
 0 0 0 0 0
 0 0 0 0 0
 0 0 0 0 0
 0 0 0 0 0
 0 0 0 0 0
 0 0 0 0 0
 0 0 0 0 0
 0 0 0 0 0
 0 0 0 0 0
 0 0 0 0 0
 0 0 0 0 0
 0 0 0 0 0
 0 0 0 0 0
 0 0 0 0 0
 0 0 0 0 0
 0 0 0 0 0
 0 0 0 0 0
 0 0 0 0 0
 0 0 0 0 0
 0 0 0 0 0
 0 0 0 0 0
 0 0 0 0 0
 0 0 0 0 0
 0 0 0 0 0
 0 0 0 0 0
 0 0 0 0 0
 0 0 0 0 0
 0 0 0 0 0
 0 0 0 0 0
 0 0 0 0 0
 0 0 0 0 0
 0 0 0 0 0
 0 0 0 0 0
 0 0 0 0 0
 0 0 0 0 0
 0 0 0 0 0
 0 0 0 0 0
 0 0 0 0 0
 0 0 0 0 0
 0 0 0 0 0
 0 0 0 0 0
 0 0 0 0 0
 0 0 0 0 0
 0 0 0 0 0
 0 0 0 0 0
 0 0 0 0 0
 0 0 0 0 0
 0 0 0 0 0
 0 0 0 0 0
 0 0 0 0 0
 0 0 0 0 0
 0 0 0 0 0
 0 0 0 0 0
 0 0 0 0 0
 0 0 0 0 0
 0 0 0 0 0
 0 0 0 0 0
 0 0 0 0 0
 0 0 0 0 0
 0 0 0 0 0
 0 0 0 0 0
 0 0 0 0 0
 0 0 0 0 0
 0 0 0 0 0
 0 0 0 0 0
 0 0 0 0 0
 0 0 0 0 0
 0 0 0 0 0
 0 0 0 0 0
 0 0 0 0 0
 0 0 0 0 0
 0 0 0 0 0
 0 0 0 0 0
 0 0 0 0 0
 0 0 0 0 0
 0 0 0 0 0
 0 0 0 0 0
 0 0 0 0 0
 1.82558 1.77182 0.0181317 -0.008866 1.72336
 0.542918 0.519892 0.0171372 -0.00873758 0.501239
 0.255216 0.240987 0.0164146 -0.00861492 0.23062
 0.155149 0.144383 0.0165234 -0.00891575 0.137187
 0.10349 0.0949375 0.0157132 -0.00876942 0.0896908
 0.0746871 0.0674918 0.0153017 -0.00871617 0.0633793
 0.0570678 0.0508381 0.0149517 -0.00877317 0.0474499
 0.044387 0.0389274 0.0145146 -0.00877967 0.0360659
 0.0363339 0.0314057 0.0141813 -0.0087115 0.0289284
 0.0307399 0.0262173 0.0141578 -0.00893983 0.0240363
 0.0259564 0.0218 0.0139283 -0.00899067 0.0197656
 0.0227476 0.0188603 0.0138378 -0.00916908 0.0170038
 0.0200478 0.0163593 0.0137162 -0.00933717 0.0145926
 0.0179702 0.0144931 0.0137145 -0.00957558 0.0128353
 0.0162789 0.0129484 0.013785 -0.00984083 0.0113408
 0.0149107 0.0117088 0.0140458 -0.0102853 0.0101668
 0.0138939 0.0107883 0.0142882 -0.0107087 0.00927525
 0.0126241 0.0096595 0.0145118 -0.0111443 0.00818354
 0.0116694 0.00883867 0.0145225 -0.0113207 0.00740687
 0.0111339 0.00834917 0.0153079 -0.0122608 0.00693206
 0.0105099 0.00778746 0.0155835 -0.0127568 0.00639134
 0.0100898 0.00738297 0.0163864 -0.0136472 0.00594785
 0.00952092 0.00690024 0.0167457 -0.0141345 0.00551283
 0.00912017 0.00650745 0.0175412 -0.0150132 0.00506367
 0.00879533 0.00624646 0.0179645 -0.0155898 0.00485977
 0.00822047 0.00578362 0.017989 -0.0157627 0.00445233
 0.0078234 0.00543592 0.0179654 -0.0158781 0.0041173
 0.007352 0.00506286 0.0180654 -0.0160891 0.00378704
 0.00721853 0.00491523 0.0187835 -0.0168526 0.00360301
 0.00696608 0.00470166 0.0184347 -0.0165707 0.00340717
 0.00657926 0.0043935 0.0183016 -0.0165398 0.00312993
 0.00628589 0.00417576 0.0179855 -0.01634 0.00295344
 0.00614122 0.00402141 0.0178722 -0.0163054 0.00277418
 0.00600218 0.00392126 0.0176276 -0.0160882 0.00271097
 0.00572094 0.00367468 0.0171227 -0.0156608 0.00245372
 0.00543547 0.00347745 0.016129 -0.0147724 0.00232474
 0.00528022 0.00333985 0.0156172 -0.0143397 0.00217844
 0.00506732 0.00317587 0.0148789 -0.0136687 0.00204425
 0.00495315 0.003108 0.0144049 -0.0132418 0.00201053
 0 0 0 0 0
 0 0 0 0 0
 0 0 0 0 0
 0 0 0 0 0
 0 0 0 0 0
 0 0 0 0 0
 0 0 0 0 0
 0 0 0 0 0
 0 0 0 0 0
 0 0 0 0 0
 0 0 0 0 0
 0 0 0 0 0
 0 0 0 0 0
 0 0 0 0 0
 0 0 0 0 0
 0 0 0 0 0
 0 0 0 0 0
 0 0 0 0 0
 0 0 0 0 0
 0 0 0 0 0
 0 0 0 0 0
 0 0 0 0 0
 0 0 0 0 0
 0 0 0 0 0
 0 0 0 0 0
 0 0 0 0 0
 0 0 0 0 0
 0 0 0 0 0
 0 0 0 0 0
 0 0 0 0 0
 0 0 0 0 0
 0 0 0 0 0
 0 0 0 0 0
 0 0 0 0 0
 0 0 0 0 0
 0 0 0 0 0
 0 0 0 0 0
 0 0 0 0 0
 0 0 0 0 0
 0 0 0 0 0
 0 0 0 0 0
 0 0 0 0 0
 0 0 0 0 0
 0 0 0 0 0
 0 0 0 0 0
 0 0 0 0 0
 0 0 0 0 0
 0 0 0 0 0
 0 0 0 0 0
 0 0 0 0 0
 0 0 0 0 0
 0 0 0 0 0
 0 0 0 0 0
 0 0 0 0 0
 0 0 0 0 0
 0 0 0 0 0
 0 0 0 0 0
 0 0 0 0 0
 0 0 0 0 0
 0 0 0 0 0
 0 0 0 0 0
 0 0 0 0 0
 0 0 0 0 0
 0 0 0 0 0
 0 0 0 0 0
 0 0 0 0 0
 0 0 0 0 0
 0 0 0 0 0
 0 0 0 0 0
 0 0 0 0 0
 0 0 0 0 0
 0 0 0 0 0
 0 0 0 0 0
 0 0 0 0 0
 0 0 0 0 0
 0 0 0 0 0
 0 0 0 0 0
 0 0 0 0 0
 0 0 0 0 0
 0 0 0 0 0
 0 0 0 0 0
 0 0 0 0 0
 0 0 0 0 0
 1.83666 1.78383 0.01792 -0.00880675 1.73628
 0.547278 0.524507 0.0173009 -0.00868658 0.506058
 0.257703 0.243539 0.0164117 -0.00853133 0.233211
 0.150909 0.140576 0.0158645 -0.00855383 0.133724
 0.100826 0.09256 0.0153588 -0.00852358 0.0875
 0.0735604 0.0665719 0.0150566 -0.00856017 0.0626027
 0.05494 0.0490143 0.014337 -0.0082594 0.0458677
 0.0440467 0.0386846 0.0143881 -0.00860175 0.0359274
 0.0359559 0.0311489 0.0141021 -0.00861992 0.0287782
 0.0296923 0.0253563 0.0136563 -0.00851933 0.0232741
 0.0252112 0.0212291 0.0133352 -0.00853017 0.019362
 0.0219048 0.0181855 0.0133853 -0.00884192 0.0163983
 0.0195263 0.0159953 0.0132512 -0.008983 0.0143375
 0.0175142 0.0141577 0.0132334 -0.009149 0.0125905
 0.0155014 0.0123578 0.0129237 -0.00909117 0.0108787
 0.0144552 0.0114024 0.0132333 -0.00957175 0.00998842
 0.0134006 0.0104322 0.0136692 -0.0101417 0.00901192
 0.0122925 0.00944725 0.0137389 -0.0104605 0.00808492
 0.0115469 0.00877892 0.0141052 -0.0109748 0.00740713
 0.0105967 0.00795031 0.0142166 -0.0112951 0.00660664
 0.010354 0.00770589 0.0149395 -0.0120978 0.00636299
 0.00952425 0.00700863 0.015061 -0.0124224 0.00571711
 0.00920833 0.00668622 0.0159528 -0.0133885 0.00534588
 0.00862733 0.00619412 0.016214 -0.013799 0.00489859
 0.00833958 0.00593195 0.0169068 -0.0146085 0.00463622
 0.00795452 0.00560083 0.0173668 -0.0151604 0.00429738
 0.007683 0.00537203 0.0175854 -0.0154849 0.00409469
 0.00728417 0.0050363 0.0178032 -0.0158383 0.0037887
 0.00718322 0.00492317 0.0182527 -0.0162955 0.00365613
 0.00666037 0.0045101 0.0177591 -0.0159987 0.00328533
 0.00635209 0.00426825 0.0174641 -0.0157789 0.00307911
 0.0062278 0.00415045 0.0177294 -0.0161067 0.00294815
 0.00601162 0.00396941 0.0173395 -0.0157917 0.00279717
 0.00583796 0.00382178 0.0170372 -0.0155523 0.00264388
 0.00558611 0.00362018 0.0165855 -0.0151707 0.00246184
 0.00534208 0.0034468 0.0159084 -0.0145887 0.00234502
 0.00521428 0.00334823 0.0153053 -0.014023 0.00225755
 0.0050595 0.00321803 0.0149986 -0.0138054 0.00213324
 0 0 0 0 0
 0 0 0 0 0
 0 0 0 0 0
 0 0 0 0 0
 0 0 0 0 0
 0 0 0 0 0
 0 0 0 0 0
 0 0 0 0 0
 0 0 0 0 0
 0 0 0 0 0
 0 0 0 0 0
 0 0 0 0 0
 0 0 0 0 0
 0 0 0 0 0
 0 0 0 0 0
 0 0 0 0 0
 0 0 0 0 0
 0 0 0 0 0
 0 0 0 0 0
 0 0 0 0 0
 0 0 0 0 0
 0 0 0 0 0
 0 0 0 0 0
 0 0 0 0 0
 0 0 0 0 0
 0 0 0 0 0
 0 0 0 0 0
 0 0 0 0 0
 0 0 0 0 0
 0 0 0 0 0
 0 0 0 0 0
 0 0 0 0 0
 0 0 0 0 0
 0 0 0 0 0
 0 0 0 0 0
 0 0 0 0 0
 0 0 0 0 0
 0 0 0 0 0
 0 0 0 0 0
 0 0 0 0 0
 0 0 0 0 0
 0 0 0 0 0
 0 0 0 0 0
 0 0 0 0 0
 0 0 0 0 0
 0 0 0 0 0
 0 0 0 0 0
 0 0 0 0 0
 0 0 0 0 0
 0 0 0 0 0
 0 0 0 0 0
 0 0 0 0 0
 0 0 0 0 0
 0 0 0 0 0
 0 0 0 0 0
 0 0 0 0 0
 0 0 0 0 0
 0 0 0 0 0
 0 0 0 0 0
 0 0 0 0 0
 0 0 0 0 0
 0 0 0 0 0
 0 0 0 0 0
 0 0 0 0 0
 0 0 0 0 0
 0 0 0 0 0
 0 0 0 0 0
 0 0 0 0 0
 0 0 0 0 0
 0 0 0 0 0
 0 0 0 0 0
 0 0 0 0 0
 0 0 0 0 0
 0 0 0 0 0
 0 0 0 0 0
 0 0 0 0 0
 0 0 0 0 0
 0 0 0 0 0
 0 0 0 0 0
 0 0 0 0 0
 0 0 0 0 0
 0 0 0 0 0
 0 0 0 0 0
 0 0 0 0 0
 1.81994 1.76879 0.0176436 -0.00864625 1.72272
 0.53969 0.51765 0.016862 -0.00844942 0.499862
 0.256883 0.242991 0.0164251 -0.008463 0.232833
 0.148553 0.138533 0.0154849 -0.00815653 0.131888
 0.0993217 0.09131 0.0150518 -0.00823689 0.0864417
 0.0723092 0.0654919 0.014864 -0.00842258 0.061627
 0.0540744 0.0482796 0.014126 -0.00817757 0.0452143
 0.0426393 0.0375272 0.0137057 -0.00813392 0.0349402
 0.0350624 0.0304389 0.0136957 -0.00835083 0.0282036
 0.0300525 0.0256971 0.0137474 -0.00854133 0.0235891
 0.0251332 0.0211972 0.0132028 -0.00837875 0.0193457
 0.021681 0.0180368 0.0128843 -0.00841467 0.0163557
 0.0189852 0.0155802 0.0127741 -0.0085355 0.0140197
 0.0170853 0.0138209 0.0128529 -0.00879758 0.0122819
 0.0154872 0.0123763 0.0129549 -0.00913292 0.0109157
 0.0141512 0.0111833 0.0129447 -0.00932258 0.00981133
 0.0128853 0.0100341 0.0131221 -0.00969683 0.00865333
 0.0120706 0.0093105 0.0132776 -0.0100052 0.00796857
 0.0113269 0.00863 0.013636 -0.0105409 0.00730387
 0.0104274 0.00784122 0.0136644 -0.010724 0.00655837
 0.00990633 0.00738802 0.0141725 -0.0114118 0.00613044
 0.009301 0.00682288 0.0147044 -0.0121026 0.00552595
 0.00898758 0.00657562 0.0153245 -0.0128036 0.00533321
 0.00861467 0.00621868 0.0160521 -0.0136492 0.00494308
 0.00816982 0.0058455 0.0162996 -0.0140042 0.00459439
 0.00774543 0.00546719 0.0163759 -0.014245 0.00422304
 0.00743802 0.00519591 0.017061 -0.0150118 0.00394343
 0.00716268 0.00496195 0.0170757 -0.0150981 0.00372728
 0.00688036 0.00473707 0.0176138 -0.01573 0.00353311
 0.0064812 0.00440925 0.0171345 -0.0154065 0.00322673
 0.00641004 0.00431618 0.0173293 -0.0156652 0.00311196
 0.00611326 0.00411195 0.0170438 -0.0154208 0.00297918
 0.00584653 0.00386278 0.0166181 -0.0150947 0.0026961
 0.00560407 0.00368837 0.0166003 -0.0151454 0.00257578
 0.00530708 0.00346463 0.0155796 -0.0142393 0.00239525
 0.0053277 0.00344869 0.0158417 -0.0145178 0.00234023
 0.00513475 0.00330789 0.0152862 -0.0140518 0.00224217
 0 0 0 0 0
 0 0 0 0 0
 0 0 0 0 0
 0 0 0 0 0
 0 0 0 0 0
 0 0 0 0 0
 0 0 0 0 0
 0 0 0 0 0
 0 0 0 0 0
 0 0 0 0 0
 0 0 0 0 0
 0 0 0 0 0
 0 0 0 0 0
 0 0 0 0 0
 0 0 0 0 0
 0 0 0 0 0
 0 0 0 0 0
 0 0 0 0 0
 0 0 0 0 0
 0 0 0 0 0
 0 0 0 0 0
 0 0 0 0 0
 0 0 0 0 0
 0 0 0 0 0
 0 0 0 0 0
 0 0 0 0 0
 0 0 0 0 0
 0 0 0 0 0
 0 0 0 0 0
 0 0 0 0 0
 0 0 0 0 0
 0 0 0 0 0
 0 0 0 0 0
 0 0 0 0 0
 0 0 0 0 0
 0 0 0 0 0
 0 0 0 0 0
 0 0 0 0 0
 0 0 0 0 0
 0 0 0 0 0
 0 0 0 0 0
 0 0 0 0 0
 0 0 0 0 0
 0 0 0 0 0
 0 0 0 0 0
 0 0 0 0 0
 0 0 0 0 0
 0 0 0 0 0
 0 0 0 0 0
 0 0 0 0 0
 0 0 0 0 0
 0 0 0 0 0
 0 0 0 0 0
 0 0 0 0 0
 0 0 0 0 0
 0 0 0 0 0
 0 0 0 0 0
 0 0 0 0 0
 0 0 0 0 0
 0 0 0 0 0
 0 0 0 0 0
 0 0 0 0 0
 0 0 0 0 0
 0 0 0 0 0
 0 0 0 0 0
 0 0 0 0 0
 0 0 0 0 0
 0 0 0 0 0
 0 0 0 0 0
 0 0 0 0 0
 0 0 0 0 0
 0 0 0 0 0
 0 0 0 0 0
 0 0 0 0 0
 0 0 0 0 0
 0 0 0 0 0
 0 0 0 0 0
 0 0 0 0 0
 0 0 0 0 0
 0 0 0 0 0
 0 0 0 0 0
 0 0 0 0 0
 0 0 0 0 0
 0 0 0 0 0
 0 0 0 0 0
 1.8887 1.83682 0.0178471 -0.00860875 1.79007
 0.551906 0.529738 0.0171428 -0.00850108 0.511828
 0.254549 0.240996 0.0159662 -0.0081513 0.231092
 0.147796 0.137971 0.0154618 -0.00817932 0.131471
 0.099185 0.0912775 0.0149533 -0.00812166 0.086485
 0.0696453 0.0631814 0.014235 -0.0078746 0.0595342
 0.0539818 0.0482703 0.0140514 -0.00808241 0.0452711
 0.0420454 0.0370378 0.0137271 -0.00805905 0.0344936
 0.0346475 0.0300783 0.0133954 -0.00812957 0.0278519
 0.0294088 0.0251865 0.013346 -0.00825127 0.0232034
 0.0243951 0.0206078 0.012725 -0.00804237 0.0188561
 0.0214116 0.0178484 0.0127761 -0.00832496 0.0162379
 0.0184709 0.0151793 0.0123656 -0.00818632 0.0136816
 0.0165783 0.0134484 0.0124488 -0.00848367 0.0119903
 0.0149033 0.0119392 0.0123667 -0.008596 0.0105834
 0.0137192 0.0108454 0.0127041 -0.00903817 0.00947392
 0.012553 0.009817 0.0125964 -0.00922075 0.00851333
 0.0112722 0.00867742 0.0123408 -0.00919992 0.00743039
 0.0109751 0.00838592 0.0129871 -0.00991867 0.00715464
 0.0101912 0.00768677 0.0134287 -0.0105302 0.00642079
 0.00966617 0.0072146 0.0137656 -0.0109771 0.00597243
 0.00927408 0.00687296 0.0142475 -0.0115824 0.00565038
 0.00865592 0.00632833 0.0144648 -0.0119776 0.00512392
 0.00836333 0.00607034 0.0153288 -0.0129361 0.00487067
 0.00782937 0.00562212 0.015566 -0.0133379 0.00444443
 0.00745648 0.00529365 0.015806 -0.0137003 0.00412629
 0.0072647 0.00511235 0.0162101 -0.0141859 0.00394703
 0.00699207 0.00487094 0.0164393 -0.0145326 0.00368447
 0.00669074 0.00461076 0.0168231 -0.0149875 0.00344446
 0.00657271 0.00451141 0.0171128 -0.0153379 0.00336031
 0.00617542 0.00418222 0.0169083 -0.0152489 0.00304998
 0.00591948 0.00398902 0.0165422 -0.0149714 0.00288436
 0.00562168 0.00373145 0.0160298 -0.0145732 0.00263585
 0.00561395 0.00370067 0.0166578 -0.0151959 0.0025729
 0.00545446 0.00358723 0.0159695 -0.0145867 0.00250715
 0.00510597 0.00331933 0.0151181 -0.0138549 0.00227307
 0 0 0 0 0
 0 0 0 0 0
 0 0 0 0 0
 0 0 0 0 0
 0 0 0 0 0
 0 0 0 0 0
 0 0 0 0 0
 0 0 0 0 0
 0 0 0 0 0
 0 0 0 0 0
 0 0 0 0 0
 0 0 0 0 0
 0 0 0 0 0
 0 0 0 0 0
 0 0 0 0 0
 0 0 0 0 0
 0 0 0 0 0
 0 0 0 0 0
 0 0 0 0 0
 0 0 0 0 0
 0 0 0 0 0
 0 0 0 0 0
 0 0 0 0 0
 0 0 0 0 0
 0 0 0 0 0
 0 0 0 0 0
 0 0 0 0 0
 0 0 0 0 0
 0 0 0 0 0
 0 0 0 0 0
 0 0 0 0 0
 0 0 0 0 0
 0 0 0 0 0
 0 0 0 0 0
 0 0 0 0 0
 0 0 0 0 0
 0 0 0 0 0
 0 0 0 0 0
 0 0 0 0 0
 0 0 0 0 0
 0 0 0 0 0
 0 0 0 0 0
 0 0 0 0 0
 0 0 0 0 0
 0 0 0 0 0
 0 0 0 0 0
 0 0 0 0 0
 0 0 0 0 0
 0 0 0 0 0
 0 0 0 0 0
 0 0 0 0 0
 0 0 0 0 0
 0 0 0 0 0
 0 0 0 0 0
 0 0 0 0 0
 0 0 0 0 0
 0 0 0 0 0
 0 0 0 0 0
 0 0 0 0 0
 0 0 0 0 0
 0 0 0 0 0
 0 0 0 0 0
 0 0 0 0 0
 0 0 0 0 0
 0 0 0 0 0
 0 0 0 0 0
 0 0 0 0 0
 0 0 0 0 0
 0 0 0 0 0
 0 0 0 0 0
 0 0 0 0 0
 0 0 0 0 0
 0 0 0 0 0
 0 0 0 0 0
 0 0 0 0 0
 0 0 0 0 0
 0 0 0 0 0
 0 0 0 0 0
 0 0 0 0 0
 0 0 0 0 0
 0 0 0 0 0
 0 0 0 0 0
 0 0 0 0 0
 0 0 0 0 0
 0 0 0 0 0
 0 0 0 0 0
 1.88368 1.83311 0.0174039 -0.008343 1.7875
 0.544519 0.523102 0.0165373 -0.00817472 0.505842
 0.254104 0.240794 0.0157388 -0.00805099 0.231178
 0.151038 0.141143 0.015527 -0.00809434 0.134667
 0.09868 0.0909258 0.0147662 -0.00785437 0.0862992
 0.0693569 0.0629788 0.0142542 -0.00785627 0.0593592
 0.0541683 0.0484933 0.0139628 -0.00793738 0.0455501
 0.0414988 0.0366186 0.013505 -0.00780033 0.0341847
 0.0338788 0.0294678 0.0130983 -0.00787689 0.0273322
 0.0284773 0.0244092 0.0130271 -0.00801441 0.0224851
 0.02437 0.0206292 0.0127165 -0.00800396 0.0189283
 0.020664 0.0172341 0.012377 -0.00797008 0.0156676
 0.0186922 0.0153891 0.0123509 -0.00812393 0.0139025
 0.0161917 0.0131556 0.0120703 -0.00815148 0.0117903
 0.0147902 0.011882 0.0120835 -0.00837617 0.0105732
 0.0131307 0.0104014 0.0119552 -0.00844317 0.00912958
 0.0123102 0.00963617 0.0122146 -0.00887167 0.008373
 0.0113097 0.00876258 0.012125 -0.008989 0.0075777
 0.0105138 0.00806617 0.0123299 -0.00933883 0.0069124
 0.00983283 0.00743636 0.0126412 -0.00984325 0.0062734
 0.00928375 0.00695195 0.0129261 -0.0102202 0.00577182
 0.00881992 0.00652027 0.0136523 -0.011072 0.00531926
 0.00841617 0.00617499 0.0137994 -0.011383 0.00501755
 0.00811773 0.0059159 0.0145801 -0.0122275 0.00477117
 0.00775527 0.00555972 0.0152172 -0.0130213 0.00436382
 0.00743577 0.00531481 0.0153491 -0.0132302 0.00417156
 0.00702394 0.00496224 0.0155477 -0.0135422 0.00384447
 0.00672624 0.00469251 0.0159967 -0.0141309 0.00355724
 0.00654916 0.0045193 0.0164263 -0.0146127 0.00336408
 0.00632077 0.00434537 0.0164885 -0.0147334 0.00322733
 0.00597389 0.00407572 0.0160786 -0.0144797 0.00301052
 0.00582122 0.00390976 0.0163368 -0.0147662 0.00278801
 0.00554835 0.00370065 0.0157088 -0.014249 0.00262697
 0.00550731 0.00366598 0.0160762 -0.0146467 0.00260138
 0.0052003 0.00342445 0.0152271 -0.0138986 0.00239298
 0 0 0 0 0
 0 0 0 0 0
 0 0 0 0 0
 0 0 0 0 0
 0 0 0 0 0
 0 0 0 0 0
 0 0 0 0 0
 0 0 0 0 0
 0 0 0 0 0
 0 0 0 0 0
 0 0 0 0 0
 0 0 0 0 0
 0 0 0 0 0
 0 0 0 0 0
 0 0 0 0 0
 0 0 0 0 0
 0 0 0 0 0
 0 0 0 0 0
 0 0 0 0 0
 0 0 0 0 0
 0 0 0 0 0
 0 0 0 0 0
 0 0 0 0 0
 0 0 0 0 0
 0 0 0 0 0
 0 0 0 0 0
 0 0 0 0 0
 0 0 0 0 0
 0 0 0 0 0
 0 0 0 0 0
 0 0 0 0 0
 0 0 0 0 0
 0 0 0 0 0
 0 0 0 0 0
 0 0 0 0 0
 0 0 0 0 0
 0 0 0 0 0
 0 0 0 0 0
 0 0 0 0 0
 0 0 0 0 0
 0 0 0 0 0
 0 0 0 0 0
 0 0 0 0 0
 0 0 0 0 0
 0 0 0 0 0
 0 0 0 0 0
 0 0 0 0 0
 0 0 0 0 0
 0 0 0 0 0
 0 0 0 0 0
 0 0 0 0 0
 0 0 0 0 0
 0 0 0 0 0
 0 0 0 0 0
 0 0 0 0 0
 0 0 0 0 0
 0 0 0 0 0
 0 0 0 0 0
 0 0 0 0 0
 0 0 0 0 0
 0 0 0 0 0
 0 0 0 0 0
 0 0 0 0 0
 0 0 0 0 0
 0 0 0 0 0
 0 0 0 0 0
 0 0 0 0 0
 0 0 0 0 0
 0 0 0 0 0
 0 0 0 0 0
 0 0 0 0 0
 0 0 0 0 0
 0 0 0 0 0
 0 0 0 0 0
 0 0 0 0 0
 0 0 0 0 0
 0 0 0 0 0
 0 0 0 0 0
 0 0 0 0 0
 0 0 0 0 0
 0 0 0 0 0
 0 0 0 0 0
 0 0 0 0 0
 0 0 0 0 0
 0 0 0 0 0
 0 0 0 0 0
 0 0 0 0 0
 1.89977 1.84986 0.0171212 -0.00820466 1.80484
 0.542341 0.52134 0.0164697 -0.00814412 0.504404
 0.256033 0.242841 0.0159759 -0.00808364 0.233291
 0.149807 0.140138 0.0152128 -0.0078962 0.133809
 0.0978225 0.0902083 0.0145592 -0.00775935 0.0856475
 0.0689351 0.0627043 0.0140578 -0.00771342 0.059276
 0.0526798 0.0472332 0.0135209 -0.00760865 0.0444322
 0.0410272 0.0362297 0.0131572 -0.00764089 0.0338682
 0.0335368 0.0292091 0.0130171 -0.00771174 0.0271401
 0.0276504 0.0237614 0.0125765 -0.00766459 0.0219788
 0.0236168 0.0200109 0.0124273 -0.00775505 0.0183682
 0.0204076 0.0170608 0.0120672 -0.00767375 0.0155521
 0.0179854 0.0148372 0.0119999 -0.00791587 0.0134399
 0.016016 0.0130562 0.0117478 -0.00792369 0.0117358
 0.0142917 0.0114898 0.0115831 -0.00789224 0.0102318
 0.0131125 0.0104018 0.0118535 -0.00835608 0.00913567
 0.0118342 0.009283 0.0116581 -0.00837192 0.00811194
 0.0109598 0.00849017 0.0116806 -0.00861392 0.00732968
 0.010347 0.00794468 0.0121768 -0.00921142 0.00678304
 0.00950233 0.00719934 0.0120696 -0.00930225 0.00606747
 0.00902717 0.00675678 0.0125132 -0.00987275 0.00560509
 0.00867883 0.00643801 0.0129999 -0.0104601 0.00530024
 0.00815958 0.00598587 0.0132081 -0.0108218 0.00487158
 0.00775869 0.00566703 0.0138576 -0.0115231 0.00458835
 0.00747557 0.00538776 0.014429 -0.0122633 0.00427135
 0.00718885 0.00512915 0.0147793 -0.0127163 0.00400973
 0.006904 0.00488882 0.015162 -0.0132075 0.00377725
 0.00652287 0.00457463 0.0153955 -0.0135506 0.00348614
 0.00644273 0.00447945 0.0157392 -0.013961 0.00339387
 0.00608385 0.00418527 0.015485 -0.0138156 0.00310595
 0.00583969 0.00399307 0.0154391 -0.0138653 0.00295379
 0.00576177 0.0039071 0.0160079 -0.0144717 0.00283664
 0.00546154 0.00366444 0.0155392 -0.0141062 0.00262349
 0.00514493 0.00343537 0.015071 -0.0137154 0.00245022
 0 0 0 0 0
 0 0 0 0 0
 0 0 0 0 0
 0 0 0 0 0
 0 0 0 0 0
 0 0 0 0 0
 0 0 0 0 0
 0 0 0 0 0
 0 0 0 0 0
 0 0 0 0 0
 0 0 0 0 0
 0 0 0 0 0
 0 0 0 0 0
 0 0 0 0 0
 0 0 0 0 0
 0 0 0 0 0
 0 0 0 0 0
 0 0 0 0 0
 0 0 0 0 0
 0 0 0 0 0
 0 0 0 0 0
 0 0 0 0 0
 0 0 0 0 0
 0 0 0 0 0
 0 0 0 0 0
 0 0 0 0 0
 0 0 0 0 0
 0 0 0 0 0
 0 0 0 0 0
 0 0 0 0 0
 0 0 0 0 0
 0 0 0 0 0
 0 0 0 0 0
 0 0 0 0 0
 0 0 0 0 0
 0 0 0 0 0
 0 0 0 0 0
 0 0 0 0 0
 0 0 0 0 0
 0 0 0 0 0
 0 0 0 0 0
 0 0 0 0 0
 0 0 0 0 0
 0 0 0 0 0
 0 0 0 0 0
 0 0 0 0 0
 0 0 0 0 0
 0 0 0 0 0
 0 0 0 0 0
 0 0 0 0 0
 0 0 0 0 0
 0 0 0 0 0
 0 0 0 0 0
 0 0 0 0 0
 0 0 0 0 0
 0 0 0 0 0
 0 0 0 0 0
 0 0 0 0 0
 0 0 0 0 0
 0 0 0 0 0
 0 0 0 0 0
 0 0 0 0 0
 0 0 0 0 0
 0 0 0 0 0
 0 0 0 0 0
 0 0 0 0 0
 0 0 0 0 0
 0 0 0 0 0
 0 0 0 0 0
 0 0 0 0 0
 0 0 0 0 0
 0 0 0 0 0
 0 0 0 0 0
 0 0 0 0 0
 0 0 0 0 0
 0 0 0 0 0
 0 0 0 0 0
 0 0 0 0 0
 0 0 0 0 0
 0 0 0 0 0
 0 0 0 0 0
 0 0 0 0 0
 0 0 0 0 0
 0 0 0 0 0
 0 0 0 0 0
 0 0 0 0 0
 0 0 0 0 0
 0 0 0 0 0
 1.92903 1.87951 0.0170899 -0.00808105 1.83478
 0.541522 0.520928 0.0163261 -0.0079403 0.504323
 0.253533 0.240677 0.0155287 -0.00779455 0.231438
 0.149198 0.139715 0.0150352 -0.00771591 0.133615
 0.0969083 0.0894775 0.014525 -0.00773244 0.0850292
 0.0666659 0.0606331 0.0135499 -0.00740052 0.0573254
 0.0521045 0.0467543 0.013506 -0.00758163 0.0440113
 0.0403777 0.0357324 0.0129921 -0.00747601 0.0334394
 0.0326189 0.0284719 0.0125627 -0.00738082 0.0265068
 0.0271017 0.0232997 0.0122447 -0.0074157 0.02155
 0.0229816 0.0194866 0.0120651 -0.00746793 0.0178802
 0.0199528 0.0167016 0.0118131 -0.00748982 0.0152336
 0.0176838 0.0146167 0.0117189 -0.00763767 0.0132528
 0.0156652 0.0127929 0.0114459 -0.00763608 0.0115388
 0.0138839 0.0111612 0.0112524 -0.00769317 0.00992092
 0.0128003 0.0101763 0.0113047 -0.00790578 0.00899967
 0.0115922 0.00913992 0.0113168 -0.00807453 0.00803057
 0.0109934 0.00856133 0.0116232 -0.00848842 0.00744498
 0.0102422 0.00789509 0.0118281 -0.0088675 0.00680343
 0.009327 0.00709158 0.0116297 -0.0088575 0.00601387
 0.0087185 0.00656022 0.0118189 -0.0092195 0.00550231
 0.00851683 0.00636421 0.0125057 -0.00999367 0.00530473
 0.007967 0.00587112 0.0127849 -0.0104046 0.00479872
 0.007644 0.00559871 0.013211 -0.0109495 0.00454755
 0.0072415 0.00525338 0.0137192 -0.0115377 0.00420557
 0.00689505 0.00493748 0.0139235 -0.011905 0.0038863
 0.00676618 0.00480717 0.0146122 -0.0126493 0.00374677
 0.00648847 0.00456812 0.0148511 -0.0130039 0.00351267
 0.0061429 0.00427906 0.0148871 -0.0131643 0.00323968
 0.00590053 0.00408162 0.0151838 -0.0135358 0.00306126
 0.00582678 0.00401818 0.0156384 -0.0140436 0.00300869
 0.00549083 0.00373969 0.0151763 -0.0137013 0.00274402
 0.00536299 0.00360003 0.0152052 -0.0137591 0.0025663
 0 0 0 0 0
 0 0 0 0 0
 0 0 0 0 0
 0 0 0 0 0
 0 0 0 0 0
 0 0 0 0 0
 0 0 0 0 0
 0 0 0 0 0
 0 0 0 0 0
 0 0 0 0 0
 0 0 0 0 0
 0 0 0 0 0
 0 0 0 0 0
 0 0 0 0 0
 0 0 0 0 0
 0 0 0 0 0
 0 0 0 0 0
 0 0 0 0 0
 0 0 0 0 0
 0 0 0 0 0
 0 0 0 0 0
 0 0 0 0 0
 0 0 0 0 0
 0 0 0 0 0
 0 0 0 0 0
 0 0 0 0 0
 0 0 0 0 0
 0 0 0 0 0
 0 0 0 0 0
 0 0 0 0 0
 0 0 0 0 0
 0 0 0 0 0
 0 0 0 0 0
 0 0 0 0 0
 0 0 0 0 0
 0 0 0 0 0
 0 0 0 0 0
 0 0 0 0 0
 0 0 0 0 0
 0 0 0 0 0
 0 0 0 0 0
 0 0 0 0 0
 0 0 0 0 0
 0 0 0 0 0
 0 0 0 0 0
 0 0 0 0 0
 0 0 0 0 0
 0 0 0 0 0
 0 0 0 0 0
 0 0 0 0 0
 0 0 0 0 0
 0 0 0 0 0
 0 0 0 0 0
 0 0 0 0 0
 0 0 0 0 0
 0 0 0 0 0
 0 0 0 0 0
 0 0 0 0 0
 0 0 0 0 0
 0 0 0 0 0
 0 0 0 0 0
 0 0 0 0 0
 0 0 0 0 0
 0 0 0 0 0
 0 0 0 0 0
 0 0 0 0 0
 0 0 0 0 0
 0 0 0 0 0
 0 0 0 0 0
 0 0 0 0 0
 0 0 0 0 0
 0 0 0 0 0
 0 0 0 0 0
 0 0 0 0 0
 0 0 0 0 0
 0 0 0 0 0
 0 0 0 0 0
 0 0 0 0 0
 0 0 0 0 0
 0 0 0 0 0
 0 0 0 0 0
 0 0 0 0 0
 0 0 0 0 0
 0 0 0 0 0
 0 0 0 0 0
 0 0 0 0 0
 0 0 0 0 0
 0 0 0 0 0
 0 0 0 0 0
 1.98865 1.93873 0.0171947 -0.00803372 1.89364
 0.546172 0.525782 0.0161964 -0.00781037 0.509372
 0.247071 0.234667 0.0152952 -0.00757725 0.225697
 0.147668 0.13836 0.0148848 -0.00762663 0.132296
 0.0954867 0.0882425 0.0143737 -0.00761281 0.0839292
 0.0672158 0.0612152 0.0135838 -0.00738558 0.0579557
 0.0504553 0.0453222 0.0130612 -0.00728182 0.0426512
 0.0403887 0.0357991 0.0128378 -0.00732056 0.0335673
 0.0319504 0.0279018 0.0123178 -0.007196 0.0260178
 0.0275197 0.0237168 0.0123069 -0.00736152 0.0220052
 0.0227216 0.019316 0.0119205 -0.00731161 0.0177786
 0.0193118 0.0161843 0.0114985 -0.00721402 0.014772
 0.0169648 0.0140208 0.0112074 -0.00723732 0.0126977
 0.0155374 0.0127204 0.0114082 -0.00756952 0.0114912
 0.013583 0.010963 0.0109858 -0.0074464 0.00980775
 0.0125679 0.0100362 0.0111186 -0.00774209 0.00890767
 0.0115233 0.00908175 0.0110903 -0.00787922 0.00796926
 0.0103883 0.00809591 0.0110505 -0.00801871 0.00703662
 0.0100111 0.00772919 0.0114454 -0.00857867 0.00667472
 0.00909733 0.00695099 0.0112958 -0.00857392 0.00593123
 0.00863458 0.00651046 0.0116077 -0.00897858 0.00546594
 0.00823528 0.00616814 0.011794 -0.00931675 0.00515499
 0.00771223 0.00571625 0.0120466 -0.009719 0.00471517
 0.00740942 0.00544237 0.0128652 -0.0106471 0.00444395
 0.00696121 0.00506558 0.0129756 -0.0108699 0.00408671
 0.00669567 0.0047969 0.0134283 -0.011432 0.00375932
 0.00650276 0.00464027 0.0137662 -0.0118801 0.00363054
 0.00625803 0.00442642 0.0141882 -0.0123793 0.00341311
 0.00593305 0.00415281 0.01431 -0.0126245 0.00317313
 0.00573452 0.00399062 0.0146601 -0.0130532 0.00302177
 0.00569323 0.00392343 0.0151492 -0.0135691 0.00291558
 0.00545154 0.00372683 0.0148623 -0.0133852 0.00274427
 0 0 0 0 0
 0 0 0 0 0
 0 0 0 0 0
 0 0 0 0 0
 0 0 0 0 0
 0 0 0 0 0
 0 0 0 0 0
 0 0 0 0 0
 0 0 0 0 0
 0 0 0 0 0
 0 0 0 0 0
 0 0 0 0 0
 0 0 0 0 0
 0 0 0 0 0
 0 0 0 0 0
 0 0 0 0 0
 0 0 0 0 0
 0 0 0 0 0
 0 0 0 0 0
 0 0 0 0 0
 0 0 0 0 0
 0 0 0 0 0
 0 0 0 0 0
 0 0 0 0 0
 0 0 0 0 0
 0 0 0 0 0
 0 0 0 0 0
 0 0 0 0 0
 0 0 0 0 0
 0 0 0 0 0
 0 0 0 0 0
 0 0 0 0 0
 0 0 0 0 0
 0 0 0 0 0
 0 0 0 0 0
 0 0 0 0 0
 0 0 0 0 0
 0 0 0 0 0
 0 0 0 0 0
 0 0 0 0 0
 0 0 0 0 0
 0 0 0 0 0
 0 0 0 0 0
 0 0 0 0 0
 0 0 0 0 0
 0 0 0 0 0
 0 0 0 0 0
 0 0 0 0 0
 0 0 0 0 0
 0 0 0 0 0
 0 0 0 0 0
 0 0 0 0 0
 0 0 0 0 0
 0 0 0 0 0
 0 0 0 0 0
 0 0 0 0 0
 0 0 0 0 0
 0 0 0 0 0
 0 0 0 0 0
 0 0 0 0 0
 0 0 0 0 0
 0 0 0 0 0
 0 0 0 0 0
 0 0 0 0 0
 0 0 0 0 0
 0 0 0 0 0
 0 0 0 0 0
 0 0 0 0 0
 0 0 0 0 0
 0 0 0 0 0
 0 0 0 0 0
 0 0 0 0 0
 0 0 0 0 0
 0 0 0 0 0
 0 0 0 0 0
 0 0 0 0 0
 0 0 0 0 0
 0 0 0 0 0
 0 0 0 0 0
 0 0 0 0 0
 0 0 0 0 0
 0 0 0 0 0
 0 0 0 0 0
 0 0 0 0 0
 0 0 0 0 0
 0 0 0 0 0
 0 0 0 0 0
 0 0 0 0 0
 0 0 0 0 0
 0 0 0 0 0
 2.00264 1.95344 0.016895 -0.0078632 1.90899
 0.533684 0.514062 0.0159487 -0.00761103 0.498295
 0.254798 0.242235 0.0155735 -0.00778107 0.233218
 0.144807 0.135805 0.0146387 -0.00753244 0.129995
 0.0923433 0.0854083 0.0137758 -0.00718572 0.0813226
 0.0660095 0.0602059 0.0133729 -0.00719793 0.0570109
 0.0504401 0.0453591 0.0129943 -0.00719036 0.0427527
 0.0396506 0.035192 0.0126172 -0.00713343 0.0330295
 0.0317745 0.0278098 0.0122392 -0.00708527 0.0259683
 0.0260463 0.0224493 0.0118359 -0.00707128 0.020793
 0.0220437 0.0187707 0.0114289 -0.00692601 0.0173239
 0.0191883 0.0161116 0.0112882 -0.0071106 0.0147573
 0.0167946 0.0139269 0.0110804 -0.00707586 0.0126801
 0.0147674 0.0120823 0.0108596 -0.00713655 0.0108987
 0.0135673 0.0109953 0.010914 -0.00728373 0.00986808
 0.0122766 0.00982158 0.0107232 -0.0073492 0.00875342
 0.0111223 0.00877583 0.0105798 -0.00745143 0.00773797
 0.0101243 0.00790877 0.0106014 -0.00763036 0.00688497
 0.00955108 0.00739689 0.0108093 -0.00795433 0.00641978
 0.00889608 0.00681836 0.01085 -0.00813843 0.00585192
 0.00834058 0.00629689 0.0111747 -0.00862167 0.00529119
 0.00800921 0.00600017 0.0115269 -0.00906667 0.00501898
 0.00739468 0.00548719 0.0115423 -0.00929358 0.00451899
 0.00722821 0.00532646 0.0121359 -0.00993717 0.00437089
 0.00697026 0.00506868 0.0127828 -0.010693 0.00405999
 0.00655693 0.00474616 0.0127584 -0.0108028 0.00379472
 0.0063025 0.00450778 0.0132029 -0.011362 0.003551
 0.00612866 0.00435028 0.0136829 -0.0119104 0.00338374
 0.00586269 0.00411784 0.0139204 -0.0122537 0.00315498
 0.00570019 0.00397806 0.0143127 -0.0127091 0.00301157
 0.00556492 0.00385148 0.0144355 -0.0129096 0.00288566
 0 0 0 0 0
 0 0 0 0 0
 0 0 0 0 0
 0 0 0 0 0
 0 0 0 0 0
 0 0 0 0 0
 0 0 0 0 0
 0 0 0 0 0
 0 0 0 0 0
 0 0 0 0 0
 0 0 0 0 0
 0 0 0 0 0
 0 0 0 0 0
 0 0 0 0 0
 0 0 0 0 0
 0 0 0 0 0
 0 0 0 0 0
 0 0 0 0 0
 0 0 0 0 0
 0 0 0 0 0
 0 0 0 0 0
 0 0 0 0 0
 0 0 0 0 0
 0 0 0 0 0
 0 0 0 0 0
 0 0 0 0 0
 0 0 0 0 0
 0 0 0 0 0
 0 0 0 0 0
 0 0 0 0 0
 0 0 0 0 0
 0 0 0 0 0
 0 0 0 0 0
 0 0 0 0 0
 0 0 0 0 0
 0 0 0 0 0
 0 0 0 0 0
 0 0 0 0 0
 0 0 0 0 0
 0 0 0 0 0
 0 0 0 0 0
 0 0 0 0 0
 0 0 0 0 0
 0 0 0 0 0
 0 0 0 0 0
 0 0 0 0 0
 0 0 0 0 0
 0 0 0 0 0
 0 0 0 0 0
 0 0 0 0 0
 0 0 0 0 0
 0 0 0 0 0
 0 0 0 0 0
 0 0 0 0 0
 0 0 0 0 0
 0 0 0 0 0
 0 0 0 0 0
 0 0 0 0 0
 0 0 0 0 0
 0 0 0 0 0
 0 0 0 0 0
 0 0 0 0 0
 0 0 0 0 0
 0 0 0 0 0
 0 0 0 0 0
 0 0 0 0 0
 0 0 0 0 0
 0 0 0 0 0
 0 0 0 0 0
 0 0 0 0 0
 0 0 0 0 0
 0 0 0 0 0
 0 0 0 0 0
 0 0 0 0 0
 0 0 0 0 0
 0 0 0 0 0
 0 0 0 0 0
 0 0 0 0 0
 0 0 0 0 0
 0 0 0 0 0
 0 0 0 0 0
 0 0 0 0 0
 0 0 0 0 0
 0 0 0 0 0
 0 0 0 0 0
 0 0 0 0 0
 0 0 0 0 0
 0 0 0 0 0
 0 0 0 0 0
 0 0 0 0 0
 0 0 0 0 0
 2.01683 1.96834 0.0166044 -0.00765884 1.92449
 0.543528 0.523937 0.0157924 -0.00742874 0.508185
 0.249856 0.237737 0.0151266 -0.00740666 0.229085
 0.142266 0.133526 0.0143449 -0.00721603 0.127957
 0.0931692 0.0862533 0.0137958 -0.0071716 0.0822142
 0.0662406 0.0604837 0.0131547 -0.00707752 0.0573889
 0.0486948 0.0438554 0.012664 -0.00690783 0.0414266
 0.0388643 0.0345191 0.0124557 -0.00705452 0.0324134
 0.0312583 0.0273554 0.0121205 -0.00707452 0.0255683
 0.0258646 0.0223602 0.0114945 -0.00679198 0.0208309
 0.0217815 0.0185768 0.011116 -0.0067743 0.0171996
 0.0186781 0.0157083 0.0109446 -0.00684739 0.0144306
 0.0161205 0.013399 0.0104756 -0.00661355 0.0122482
 0.0145298 0.011943 0.0105872 -0.00689577 0.0108386
 0.0133573 0.0108412 0.0107575 -0.00715641 0.00975942
 0.0118196 0.00946625 0.0104392 -0.00716144 0.00842258
 0.0107546 0.00852133 0.010189 -0.00712154 0.00754188
 0.00988242 0.00774104 0.010304 -0.00738373 0.00677816
 0.009243 0.00715584 0.0101927 -0.00744563 0.0062043
 0.008813 0.00676507 0.0105717 -0.00792863 0.0058133
 0.00802223 0.00608153 0.0103222 -0.00786845 0.00515337
 0.00784931 0.0059009 0.0108939 -0.00846392 0.00496039
 0.00718562 0.00535075 0.0110239 -0.00880817 0.00444799
 0.00699257 0.00514251 0.0115928 -0.00947958 0.00418543
 0.00680681 0.00498074 0.0121617 -0.0100976 0.00404656
 0.00644435 0.00465393 0.0125736 -0.010616 0.00370696
 0.00614862 0.00442492 0.0128525 -0.0110271 0.00351168
 0.00586291 0.00416434 0.0130762 -0.0113333 0.00323833
 0.00571795 0.00402543 0.0134877 -0.0118419 0.00308705
 0.00546719 0.00382361 0.0135859 -0.01203 0.00290845
 0 0 0 0 0
 0 0 0 0 0
 0 0 0 0 0
 0 0 0 0 0
 0 0 0 0 0
 0 0 0 0 0
 0 0 0 0 0
 0 0 0 0 0
 0 0 0 0 0
 0 0 0 0 0
 0 0 0 0 0
 0 0 0 0 0
 0 0 0 0 0
 0 0 0 0 0
 0 0 0 0 0
 0 0 0 0 0
 0 0 0 0 0
 0 0 0 0 0
 0 0 0 0 0
 0 0 0 0 0
 0 0 0 0 0
 0 0 0 0 0
 0 0 0 0 0
 0 0 0 0 0
 0 0 0 0 0
 0 0 0 0 0
 0 0 0 0 0
 0 0 0 0 0
 0 0 0 0 0
 0 0 0 0 0
 0 0 0 0 0
 0 0 0 0 0
 0 0 0 0 0
 0 0 0 0 0
 0 0 0 0 0
 0 0 0 0 0
 0 0 0 0 0
 0 0 0 0 0
 0 0 0 0 0
 0 0 0 0 0
 0 0 0 0 0
 0 0 0 0 0
 0 0 0 0 0
 0 0 0 0 0
 0 0 0 0 0
 0 0 0 0 0
 0 0 0 0 0
 0 0 0 0 0
 0 0 0 0 0
 0 0 0 0 0
 0 0 0 0 0
 0 0 0 0 0
 0 0 0 0 0
 0 0 0 0 0
 0 0 0 0 0
 0 0 0 0 0
 0 0 0 0 0
 0 0 0 0 0
 0 0 0 0 0
 0 0 0 0 0
 0 0 0 0 0
 0 0 0 0 0
 0 0 0 0 0
 0 0 0 0 0
 0 0 0 0 0
 0 0 0 0 0
 0 0 0 0 0
 0 0 0 0 0
 0 0 0 0 0
 0 0 0 0 0
 0 0 0 0 0
 0 0 0 0 0
 0 0 0 0 0
 0 0 0 0 0
 0 0 0 0 0
 0 0 0 0 0
 0 0 0 0 0
 0 0 0 0 0
 0 0 0 0 0
 0 0 0 0 0
 0 0 0 0 0
 0 0 0 0 0
 0 0 0 0 0
 0 0 0 0 0
 0 0 0 0 0
 0 0 0 0 0
 0 0 0 0 0
 0 0 0 0 0
 0 0 0 0 0
 0 0 0 0 0
 0 0 0 0 0
 0 0 0 0 0
 2.04178 1.99373 0.01669 -0.00768059 1.95026
 0.544859 0.525501 0.0157052 -0.00744958 0.509925
 0.243553 0.231853 0.0148623 -0.00723542 0.223466
 0.142023 0.133416 0.0142072 -0.00709513 0.127882
 0.0915475 0.0848008 0.0136812 -0.00709737 0.0808912
 0.0653483 0.0597103 0.0130847 -0.00695575 0.0566889
 0.0492961 0.0444442 0.0124772 -0.00673497 0.0420402
 0.0380827 0.0338756 0.0120045 -0.00666448 0.0318858
 0.0309915 0.0271617 0.0117888 -0.00674209 0.0254195
 0.0255871 0.0221467 0.0113758 -0.00672138 0.0206324
 0.0216953 0.0185268 0.0111688 -0.00675999 0.0171434
 0.0182191 0.0153668 0.010605 -0.0065708 0.0141588
 0.0159414 0.0132591 0.0105037 -0.00662732 0.0120987
 0.0142833 0.0117398 0.0103637 -0.00673019 0.0106391
 0.0130128 0.0105714 0.0102052 -0.00673759 0.00951958
 0.0116106 0.00931458 0.0102284 -0.00692798 0.00829262
 0.0107128 0.0085125 0.0101769 -0.00709843 0.00755703
 0.00975042 0.00765473 0.00992683 -0.00704397 0.00671714
 0.00914858 0.00710422 0.0101753 -0.0074434 0.0061677
 0.00845192 0.00650011 0.0100785 -0.00748783 0.00559157
 0.00793735 0.00602492 0.0103083 -0.00785077 0.0050981
 0.00746131 0.00562673 0.0102958 -0.00794813 0.00474958
 0.00709123 0.0052913 0.0105647 -0.0083605 0.00440193
 0.00673534 0.00498102 0.0109837 -0.00891158 0.00410566
 0.00657406 0.00482731 0.0114991 -0.00949008 0.00393775
 0.00630456 0.00459431 0.0121646 -0.0102547 0.00370147
 0.00596876 0.00430958 0.0121203 -0.0103302 0.00344363
 0.00577886 0.00412902 0.012548 -0.0108652 0.00324527
 0.00568549 0.0040262 0.0130445 -0.0114047 0.00311548
 0 0 0 0 0
 0 0 0 0 0
 0 0 0 0 0
 0 0 0 0 0
 0 0 0 0 0
 0 0 0 0 0
 0 0 0 0 0
 0 0 0 0 0
 0 0 0 0 0
 0 0 0 0 0
 0 0 0 0 0
 0 0 0 0 0
 0 0 0 0 0
 0 0 0 0 0
 0 0 0 0 0
 0 0 0 0 0
 0 0 0 0 0
 0 0 0 0 0
 0 0 0 0 0
 0 0 0 0 0
 0 0 0 0 0
 0 0 0 0 0
 0 0 0 0 0
 0 0 0 0 0
 0 0 0 0 0
 0 0 0 0 0
 0 0 0 0 0
 0 0 0 0 0
 0 0 0 0 0
 0 0 0 0 0
 0 0 0 0 0
 0 0 0 0 0
 0 0 0 0 0
 0 0 0 0 0
 0 0 0 0 0
 0 0 0 0 0
 0 0 0 0 0
 0 0 0 0 0
 0 0 0 0 0
 0 0 0 0 0
 0 0 0 0 0
 0 0 0 0 0
 0 0 0 0 0
 0 0 0 0 0
 0 0 0 0 0
 0 0 0 0 0
 0 0 0 0 0
 0 0 0 0 0
 0 0 0 0 0
 0 0 0 0 0
 0 0 0 0 0
 0 0 0 0 0
 0 0 0 0 0
 0 0 0 0 0
 0 0 0 0 0
 0 0 0 0 0
 0 0 0 0 0
 0 0 0 0 0
 0 0 0 0 0
 0 0 0 0 0
 0 0 0 0 0
 0 0 0 0 0
 0 0 0 0 0
 0 0 0 0 0
 0 0 0 0 0
 0 0 0 0 0
 0 0 0 0 0
 0 0 0 0 0
 0 0 0 0 0
 0 0 0 0 0
 0 0 0 0 0
 0 0 0 0 0
 0 0 0 0 0
 0 0 0 0 0
 0 0 0 0 0
 0 0 0 0 0
 0 0 0 0 0
 0 0 0 0 0
 0 0 0 0 0
 0 0 0 0 0
 0 0 0 0 0
 0 0 0 0 0
 0 0 0 0 0
 0 0 0 0 0
 0 0 0 0 0
 0 0 0 0 0
 0 0 0 0 0
 0 0 0 0 0
 0 0 0 0 0
 0 0 0 0 0
 0 0 0 0 0
 0 0 0 0 0
 0 0 0 0 0
 2.08698 2.03888 0.0167291 -0.0076642 1.99533
 0.558508 0.539003 0.0158551 -0.00753181 0.523357
 0.249423 0.237636 0.0149295 -0.00723987 0.22921
 0.14031 0.131952 0.0138621 -0.00687347 0.126602
 0.0904283 0.08384 0.0134708 -0.00693372 0.0800199
 0.0645959 0.059088 0.0128398 -0.00671331 0.0561198
 0.0482033 0.0435027 0.0122792 -0.00665337 0.0411691
 0.0377638 0.0336152 0.0118766 -0.0065817 0.0316783
 0.0302493 0.0265738 0.0115661 -0.00653386 0.0248757
 0.0248363 0.021525 0.0111387 -0.00648299 0.0200558
 0.0210807 0.0180406 0.0108018 -0.00640668 0.0167516
 0.0180612 0.015245 0.0103721 -0.00634146 0.0140634
 0.0157483 0.013127 0.0102021 -0.00640932 0.0120041
 0.0139658 0.0115106 0.00999017 -0.0064113 0.0104887
 0.0123488 0.0100461 0.00981892 -0.00643212 0.009057
 0.0112574 0.00905408 0.00968875 -0.00651707 0.00810315
 0.0102839 0.00817984 0.00970875 -0.00670671 0.0072722
 0.00963533 0.00758567 0.00991925 -0.00700473 0.00667262
 0.00896442 0.00698101 0.00980975 -0.00703494 0.00608778
 0.00841317 0.00647128 0.00999342 -0.00734338 0.0055565
 0.00764699 0.00582962 0.00973108 -0.00732389 0.00497779
 0.00729697 0.00550131 0.0099685 -0.00769462 0.00464247
 0.00676103 0.00505744 0.0101257 -0.00798318 0.00422164
 0.00668832 0.00496448 0.0106852 -0.00859142 0.00410498
 0.00620989 0.00455336 0.0106882 -0.00873017 0.00369825
 0.00606354 0.00441879 0.0113766 -0.00950658 0.00355939
 0.00584093 0.00421549 0.0116652 -0.00991742 0.00335095
 0.00553659 0.00396503 0.0118496 -0.0101975 0.00311443
 0 0 0 0 0
 0 0 0 0 0
 0 0 0 0 0
 0 0 0 0 0
 0 0 0 0 0
 0 0 0 0 0
 0 0 0 0 0
 0 0 0 0 0
 0 0 0 0 0
 0 0 0 0 0
 0 0 0 0 0
 0 0 0 0 0
 0 0 0 0 0
 0 0 0 0 0
 0 0 0 0 0
 0 0 0 0 0
 0 0 0 0 0
 0 0 0 0 0
 0 0 0 0 0
 0 0 0 0 0
 0 0 0 0 0
 0 0 0 0 0
 0 0 0 0 0
 0 0 0 0 0
 0 0 0 0 0
 0 0 0 0 0
 0 0 0 0 0
 0 0 0 0 0
 0 0 0 0 0
 0 0 0 0 0
 0 0 0 0 0
 0 0 0 0 0
 0 0 0 0 0
 0 0 0 0 0
 0 0 0 0 0
 0 0 0 0 0
 0 0 0 0 0
 0 0 0 0 0
 0 0 0 0 0
 0 0 0 0 0
 0 0 0 0 0
 0 0 0 0 0
 0 0 0 0 0
 0 0 0 0 0
 0 0 0 0 0
 0 0 0 0 0
 0 0 0 0 0
 0 0 0 0 0
 0 0 0 0 0
 0 0 0 0 0
 0 0 0 0 0
 0 0 0 0 0
 0 0 0 0 0
 0 0 0 0 0
 0 0 0 0 0
 0 0 0 0 0
 0 0 0 0 0
 0 0 0 0 0
 0 0 0 0 0
 0 0 0 0 0
 0 0 0 0 0
 0 0 0 0 0
 0 0 0 0 0
 0 0 0 0 0
 0 0 0 0 0
 0 0 0 0 0
 0 0 0 0 0
 0 0 0 0 0
 0 0 0 0 0
 0 0 0 0 0
 0 0 0 0 0
 0 0 0 0 0
 0 0 0 0 0
 0 0 0 0 0
 0 0 0 0 0
 0 0 0 0 0
 0 0 0 0 0
 0 0 0 0 0
 0 0 0 0 0
 0 0 0 0 0
 0 0 0 0 0
 0 0 0 0 0
 0 0 0 0 0
 0 0 0 0 0
 0 0 0 0 0
 0 0 0 0 0
 0 0 0 0 0
 0 0 0 0 0
 0 0 0 0 0
 0 0 0 0 0
 0 0 0 0 0
 0 0 0 0 0
 0 0 0 0 0
 0 0 0 0 0
 2.06662 2.01995 0.0164625 -0.00749472 1.97763
 0.548725 0.529876 0.015636 -0.00730267 0.514661
 0.242689 0.231402 0.0145148 -0.00693852 0.223358
 0.139918 0.131668 0.0138886 -0.00680134 0.126383
 0.0914558 0.0849008 0.0132967 -0.00673379 0.0811226
 0.0636995 0.058329 0.012602 -0.00656 0.0554417
 0.0474998 0.0429209 0.0120897 -0.00644225 0.0406493
 0.0370756 0.0330288 0.0118635 -0.00652645 0.0310847
 0.0298445 0.0262475 0.0112627 -0.00634915 0.0246612
 0.0246437 0.0213821 0.0108102 -0.00627329 0.0199587
 0.0208112 0.0178012 0.0105537 -0.00628903 0.0165219
 0.018222 0.0154153 0.0104622 -0.00633951 0.0142337
 0.0155975 0.0130119 0.010166 -0.0063813 0.0119176
 0.0136215 0.011238 0.00976742 -0.00622685 0.0102348
 0.0122495 0.00997367 0.00969725 -0.00637223 0.00898933
 0.0110702 0.00892167 0.00942183 -0.00629778 0.00800502
 0.0101125 0.00806603 0.00942667 -0.00648292 0.00719237
 0.00930758 0.00734432 0.00938333 -0.00656595 0.00648832
 0.00864767 0.00674002 0.00941317 -0.00674518 0.00589114
 0.00819979 0.00633113 0.00965392 -0.00708138 0.00546206
 0.00758835 0.00580133 0.00964517 -0.00725509 0.00495537
 0.00703247 0.00533147 0.00942858 -0.00717701 0.00452957
 0.00686129 0.00515365 0.00988808 -0.00773255 0.00433967
 0.00641553 0.00476898 0.00998217 -0.00795468 0.00394992
 0.00619121 0.00455889 0.0104883 -0.00856475 0.00372635
 0.00590823 0.00430696 0.0109286 -0.00908775 0.00347256
 0.0057128 0.00414261 0.0113038 -0.00955783 0.00332083
 0 0 0 0 0
 0 0 0 0 0
 0 0 0 0 0
 0 0 0 0 0
 0 0 0 0 0
 0 0 0 0 0
 0 0 0 0 0
 0 0 0 0 0
 0 0 0 0 0
 0 0 0 0 0
 0 0 0 0 0
 0 0 0 0 0
 0 0 0 0 0
 0 0 0 0 0
 0 0 0 0 0
 0 0 0 0 0
 0 0 0 0 0
 0 0 0 0 0
 0 0 0 0 0
 0 0 0 0 0
 0 0 0 0 0
 0 0 0 0 0
 0 0 0 0 0
 0 0 0 0 0
 0 0 0 0 0
 0 0 0 0 0
 0 0 0 0 0
 0 0 0 0 0
 0 0 0 0 0
 0 0 0 0 0
 0 0 0 0 0
 0 0 0 0 0
 0 0 0 0 0
 0 0 0 0 0
 0 0 0 0 0
 0 0 0 0 0
 0 0 0 0 0
 0 0 0 0 0
 0 0 0 0 0
 0 0 0 0 0
 0 0 0 0 0
 0 0 0 0 0
 0 0 0 0 0
 0 0 0 0 0
 0 0 0 0 0
 0 0 0 0 0
 0 0 0 0 0
 0 0 0 0 0
 0 0 0 0 0
 0 0 0 0 0
 0 0 0 0 0
 0 0 0 0 0
 0 0 0 0 0
 0 0 0 0 0
 0 0 0 0 0
 0 0 0 0 0
 0 0 0 0 0
 0 0 0 0 0
 0 0 0 0 0
 0 0 0 0 0
 0 0 0 0 0
 0 0 0 0 0
 0 0 0 0 0
 0 0 0 0 0
 0 0 0 0 0
 0 0 0 0 0
 0 0 0 0 0
 0 0 0 0 0
 0 0 0 0 0
 0 0 0 0 0
 0 0 0 0 0
 0 0 0 0 0
 0 0 0 0 0
 0 0 0 0 0
 0 0 0 0 0
 0 0 0 0 0
 0 0 0 0 0
 0 0 0 0 0
 0 0 0 0 0
 0 0 0 0 0
 0 0 0 0 0
 0 0 0 0 0
 0 0 0 0 0
 0 0 0 0 0
 0 0 0 0 0
 0 0 0 0 0
 0 0 0 0 0
 0 0 0 0 0
 0 0 0 0 0
 0 0 0 0 0
 0 0 0 0 0
 0 0 0 0 0
 0 0 0 0 0
 0 0 0 0 0
 0 0 0 0 0
 2.09812 2.05177 0.0161293 -0.0071995 2.00966
 0.55197 0.533346 0.0154303 -0.00719353 0.518398
 0.250914 0.239434 0.0146395 -0.00687505 0.23129
 0.140513 0.132313 0.0139617 -0.00687146 0.127025
 0.0926258 0.0860792 0.0133239 -0.00671336 0.0823068
 0.0637812 0.0584751 0.0126739 -0.00655443 0.0556621
 0.0470552 0.042553 0.0119193 -0.00633593 0.0403237
 0.0371582 0.0331919 0.0115347 -0.00624064 0.031353
 0.0295573 0.0260408 0.0111687 -0.00620484 0.0244929
 0.0242758 0.0210788 0.0106856 -0.00610643 0.0197245
 0.0204768 0.0175473 0.0103911 -0.00612061 0.0163102
 0.0176483 0.0149656 0.0101315 -0.00617541 0.0138593
 0.0153757 0.0128611 0.00992475 -0.00612658 0.0117914
 0.0135533 0.0111909 0.00964742 -0.00611771 0.0102003
 0.0122043 0.00998558 0.00938058 -0.00608028 0.00908583
 0.0108137 0.00874108 0.00912792 -0.00606012 0.00787172
 0.00997942 0.00797732 0.00925192 -0.00627131 0.00711338
 0.009151 0.00722944 0.009109 -0.0063201 0.00640097
 0.00841667 0.00657648 0.00900417 -0.00643282 0.00575467
 0.00780759 0.00604771 0.00901283 -0.00653204 0.00525063
 0.00726363 0.00556592 0.00917517 -0.00683257 0.00476337
 0.00694693 0.00526831 0.0094015 -0.00716653 0.00445239
 0.00656294 0.00493161 0.00945483 -0.00735555 0.00413853
 0.00628384 0.00468837 0.00972683 -0.00773593 0.00389796
 0.00594475 0.00439358 0.0101658 -0.00828056 0.00360876
 0.00584655 0.00427972 0.0105608 -0.00876458 0.00347467
 0 0 0 0 0
 0 0 0 0 0
 0 0 0 0 0
 0 0 0 0 0
 0 0 0 0 0
 0 0 0 0 0
 0 0 0 0 0
 0 0 0 0 0
 0 0 0 0 0
 0 0 0 0 0
 0 0 0 0 0
 0 0 0 0 0
 0 0 0 0 0
 0 0 0 0 0
 0 0 0 0 0
 0 0 0 0 0
 0 0 0 0 0
 0 0 0 0 0
 0 0 0 0 0
 0 0 0 0 0
 0 0 0 0 0
 0 0 0 0 0
 0 0 0 0 0
 0 0 0 0 0
 0 0 0 0 0
 0 0 0 0 0
 0 0 0 0 0
 0 0 0 0 0
 0 0 0 0 0
 0 0 0 0 0
 0 0 0 0 0
 0 0 0 0 0
 0 0 0 0 0
 0 0 0 0 0
 0 0 0 0 0
 0 0 0 0 0
 0 0 0 0 0
 0 0 0 0 0
 0 0 0 0 0
 0 0 0 0 0
 0 0 0 0 0
 0 0 0 0 0
 0 0 0 0 0
 0 0 0 0 0
 0 0 0 0 0
 0 0 0 0 0
 0 0 0 0 0
 0 0 0 0 0
 0 0 0 0 0
 0 0 0 0 0
 0 0 0 0 0
 0 0 0 0 0
 0 0 0 0 0
 0 0 0 0 0
 0 0 0 0 0
 0 0 0 0 0
 0 0 0 0 0
 0 0 0 0 0
 0 0 0 0 0
 0 0 0 0 0
 0 0 0 0 0
 0 0 0 0 0
 0 0 0 0 0
 0 0 0 0 0
 0 0 0 0 0
 0 0 0 0 0
 0 0 0 0 0
 0 0 0 0 0
 0 0 0 0 0
 0 0 0 0 0
 0 0 0 0 0
 0 0 0 0 0
 0 0 0 0 0
 0 0 0 0 0
 0 0 0 0 0
 0 0 0 0 0
 0 0 0 0 0
 0 0 0 0 0
 0 0 0 0 0
 0 0 0 0 0
 0 0 0 0 0
 0 0 0 0 0
 0 0 0 0 0
 0 0 0 0 0
 0 0 0 0 0
 0 0 0 0 0
 0 0 0 0 0
 0 0 0 0 0
 0 0 0 0 0
 0 0 0 0 0
 0 0 0 0 0
 0 0 0 0 0
 0 0 0 0 0
 0 0 0 0 0
 0 0 0 0 0
 0 0 0 0 0
 2.1476 2.10107 0.0160742 -0.00716727 2.05892
 0.530207 0.512569 0.0150221 -0.00687974 0.498382
 0.251594 0.240238 0.0145249 -0.00681869 0.232167
 0.135665 0.127846 0.0132797 -0.00650193 0.122824
 0.0882642 0.0820493 0.0128922 -0.00635208 0.0784372
 0.0618891 0.0567817 0.0122769 -0.00629959 0.0540499
 0.0460092 0.0416411 0.0116992 -0.00618417 0.0394534
 0.0359066 0.0320829 0.0111236 -0.00602389 0.0302962
 0.0285408 0.0251498 0.0108712 -0.00602467 0.0236071
 0.0239647 0.0208425 0.0105989 -0.00602259 0.0195033
 0.0200193 0.0171898 0.0102163 -0.00599263 0.0159886
 0.0173737 0.0147307 0.00990458 -0.00589755 0.0136345
 0.0147657 0.0123588 0.0094395 -0.00575518 0.0113714
 0.0133663 0.011058 0.00944117 -0.00598346 0.0101157
 0.0120179 0.00984067 0.0093615 -0.00608618 0.00894442
 0.0106747 0.00863908 0.00902408 -0.005953 0.00777856
 0.0098 0.00784558 0.00902017 -0.00610434 0.00701149
 0.00901358 0.00713993 0.00890417 -0.00618298 0.00633487
 0.00816636 0.00640368 0.00879975 -0.00623967 0.0056412
 0.00772109 0.00599443 0.00879483 -0.00634268 0.00521383
 0.00700524 0.00537308 0.008688 -0.00641977 0.00461433
 0.00677662 0.00515765 0.00889608 -0.00672588 0.00440065
 0.00650377 0.00490811 0.0091305 -0.0070461 0.00413792
 0.00606142 0.00452592 0.00926042 -0.0072876 0.00376342
 0.00578767 0.00428965 0.00956775 -0.00773985 0.0035358
 0 0 0 0 0
 0 0 0 0 0
 0 0 0 0 0
 0 0 0 0 0
 0 0 0 0 0
 0 0 0 0 0
 0 0 0 0 0
 0 0 0 0 0
 0 0 0 0 0
 0 0 0 0 0
 0 0 0 0 0
 0 0 0 0 0
 0 0 0 0 0
 0 0 0 0 0
 0 0 0 0 0
 0 0 0 0 0
 0 0 0 0 0
 0 0 0 0 0
 0 0 0 0 0
 0 0 0 0 0
 0 0 0 0 0
 0 0 0 0 0
 0 0 0 0 0
 0 0 0 0 0
 0 0 0 0 0
 0 0 0 0 0
 0 0 0 0 0
 0 0 0 0 0
 0 0 0 0 0
 0 0 0 0 0
 0 0 0 0 0
 0 0 0 0 0
 0 0 0 0 0
 0 0 0 0 0
 0 0 0 0 0
 0 0 0 0 0
 0 0 0 0 0
 0 0 0 0 0
 0 0 0 0 0
 0 0 0 0 0
 0 0 0 0 0
 0 0 0 0 0
 0 0 0 0 0
 0 0 0 0 0
 0 0 0 0 0
 0 0 0 0 0
 0 0 0 0 0
 0 0 0 0 0
 0 0 0 0 0
 0 0 0 0 0
 0 0 0 0 0
 0 0 0 0 0
 0 0 0 0 0
 0 0 0 0 0
 0 0 0 0 0
 0 0 0 0 0
 0 0 0 0 0
 0 0 0 0 0
 0 0 0 0 0
 0 0 0 0 0
 0 0 0 0 0
 0 0 0 0 0
 0 0 0 0 0
 0 0 0 0 0
 0 0 0 0 0
 0 0 0 0 0
 0 0 0 0 0
 0 0 0 0 0
 0 0 0 0 0
 0 0 0 0 0
 0 0 0 0 0
 0 0 0 0 0
 0 0 0 0 0
 0 0 0 0 0
 0 0 0 0 0
 0 0 0 0 0
 0 0 0 0 0
 0 0 0 0 0
 0 0 0 0 0
 0 0 0 0 0
 0 0 0 0 0
 0 0 0 0 0
 0 0 0 0 0
 0 0 0 0 0
 0 0 0 0 0
 0 0 0 0 0
 0 0 0 0 0
 0 0 0 0 0
 0 0 0 0 0
 0 0 0 0 0
 0 0 0 0 0
 0 0 0 0 0
 0 0 0 0 0
 0 0 0 0 0
 0 0 0 0 0
 0 0 0 0 0
 0 0 0 0 0
 2.20822 2.16137 0.0160458 -0.00706942 2.11879
 0.534375 0.516907 0.0148676 -0.00671217 0.502907
 0.23939 0.228685 0.0141127 -0.00656313 0.22108
 0.135783 0.128086 0.0131061 -0.0063167 0.12319
 0.0879725 0.0818911 0.0125597 -0.00616726 0.0783827
 0.0613117 0.0562906 0.0122122 -0.00624772 0.0536392
 0.0457428 0.0414277 0.0116251 -0.00601428 0.0392902
 0.0354715 0.0317273 0.0109918 -0.00594558 0.0300301
 0.0287225 0.0253586 0.0107198 -0.00586738 0.0238423
 0.0234057 0.0203961 0.0102781 -0.00579287 0.0191043
 0.0197289 0.0169572 0.00994992 -0.00576352 0.0158029
 0.0170631 0.0145069 0.00966442 -0.00575265 0.0134543
 0.0150547 0.0126308 0.00949583 -0.00579323 0.011629
 0.013122 0.0108955 0.009225 -0.00578075 0.00999658
 0.0118243 0.00969725 0.00907333 -0.00580673 0.00882617
 0.0103562 0.00837825 0.00881075 -0.00580791 0.00752843
 0.0094295 0.00755537 0.00870958 -0.0058346 0.00675007
 0.00877233 0.00696449 0.00867217 -0.00595555 0.00618857
 0.00812198 0.00636987 0.00864158 -0.00609213 0.00559833
 0.00743248 0.00577977 0.00843983 -0.00605484 0.00503687
 0.00699785 0.00538265 0.00857808 -0.00628592 0.00464309
 0.00657579 0.00500357 0.00865875 -0.00648321 0.00425005
 0.00623091 0.0047023 0.00879008 -0.00675857 0.00396912
 0.00594693 0.00445702 0.00897425 -0.00704162 0.00373099
 0 0 0 0 0
 0 0 0 0 0
 0 0 0 0 0
 0 0 0 0 0
 0 0 0 0 0
 0 0 0 0 0
 0 0 0 0 0
 0 0 0 0 0
 0 0 0 0 0
 0 0 0 0 0
 0 0 0 0 0
 0 0 0 0 0
 0 0 0 0 0
 0 0 0 0 0
 0 0 0 0 0
 0 0 0 0 0
 0 0 0 0 0
 0 0 0 0 0
 0 0 0 0 0
 0 0 0 0 0
 0 0 0 0 0
 0 0 0 0 0
 0 0 0 0 0
 0 0 0 0 0
 0 0 0 0 0
 0 0 0 0 0
 0 0 0 0 0
 0 0 0 0 0
 0 0 0 0 0
 0 0 0 0 0
 0 0 0 0 0
 0 0 0 0 0
 0 0 0 0 0
 0 0 0 0 0
 0 0 0 0 0
 0 0 0 0 0
 0 0 0 0 0
 0 0 0 0 0
 0 0 0 0 0
 0 0 0 0 0
 0 0 0 0 0
 0 0 0 0 0
 0 0 0 0 0
 0 0 0 0 0
 0 0 0 0 0
 0 0 0 0 0
 0 0 0 0 0
 0 0 0 0 0
 0 0 0 0 0
 0 0 0 0 0
 0 0 0 0 0
 0 0 0 0 0
 0 0 0 0 0
 0 0 0 0 0
 0 0 0 0 0
 0 0 0 0 0
 0 0 0 0 0
 0 0 0 0 0
 0 0 0 0 0
 0 0 0 0 0
 0 0 0 0 0
 0 0 0 0 0
 0 0 0 0 0
 0 0 0 0 0
 0 0 0 0 0
 0 0 0 0 0
 0 0 0 0 0
 0 0 0 0 0
 0 0 0 0 0
 0 0 0 0 0
 0 0 0 0 0
 0 0 0 0 0
 0 0 0 0 0
 0 0 0 0 0
 0 0 0 0 0
 0 0 0 0 0
 0 0 0 0 0
 0 0 0 0 0
 0 0 0 0 0
 0 0 0 0 0
 0 0 0 0 0
 0 0 0 0 0
 0 0 0 0 0
 0 0 0 0 0
 0 0 0 0 0
 0 0 0 0 0
 0 0 0 0 0
 0 0 0 0 0
 0 0 0 0 0
 0 0 0 0 0
 0 0 0 0 0
 0 0 0 0 0
 0 0 0 0 0
 0 0 0 0 0
 0 0 0 0 0
 0 0 0 0 0
 0 0 0 0 0
 0 0 0 0 0
 2.25043 2.20367 0.0159628 -0.00703753 2.16117
 0.555227 0.537367 0.0151394 -0.00688901 0.523025
 0.241567 0.230942 0.013971 -0.00646618 0.223339
 0.136418 0.128732 0.0134846 -0.00640787 0.123838
 0.08865 0.0825787 0.0126657 -0.0062255 0.0790612
 0.060272 0.0554016 0.0119067 -0.00605816 0.0528275
 0.0456413 0.0413758 0.0115388 -0.00603848 0.039254
 0.0344078 0.030794 0.0106888 -0.00568804 0.0291407
 0.0280178 0.0247374 0.010578 -0.00578708 0.0232869
 0.0225904 0.0197127 0.00988925 -0.00552913 0.0184912
 0.0195995 0.0168732 0.00972908 -0.00558152 0.015749
 0.0169296 0.0143883 0.00958725 -0.00569595 0.0133467
 0.0145595 0.0122438 0.0091145 -0.00551623 0.0113135
 0.0125945 0.0104542 0.00884133 -0.00549216 0.00958517
 0.0110744 0.009072 0.00853583 -0.00543298 0.00823186
 0.0104153 0.00846267 0.00885167 -0.00576279 0.00764235
 0.00938633 0.00752592 0.008674 -0.00582391 0.00671173
 0.00861558 0.00684329 0.00855508 -0.0058423 0.0060737
 0.00787297 0.00619688 0.00824654 -0.00577426 0.00547756
 0.00741961 0.00579098 0.00833717 -0.00594774 0.00507293
 0.00684737 0.00528022 0.00821017 -0.00599379 0.00457473
 0.00650603 0.00497886 0.00845892 -0.00633398 0.00426875
 0.00619326 0.00470582 0.00853375 -0.00653423 0.00400854
 0 0 0 0 0
 0 0 0 0 0
 0 0 0 0 0
 0 0 0 0 0
 0 0 0 0 0
 0 0 0 0 0
 0 0 0 0 0
 0 0 0 0 0
 0 0 0 0 0
 0 0 0 0 0
 0 0 0 0 0
 0 0 0 0 0
 0 0 0 0 0
 0 0 0 0 0
 0 0 0 0 0
 0 0 0 0 0
 0 0 0 0 0
 0 0 0 0 0
 0 0 0 0 0
 0 0 0 0 0
 0 0 0 0 0
 0 0 0 0 0
 0 0 0 0 0
 0 0 0 0 0
 0 0 0 0 0
 0 0 0 0 0
 0 0 0 0 0
 0 0 0 0 0
 0 0 0 0 0
 0 0 0 0 0
 0 0 0 0 0
 0 0 0 0 0
 0 0 0 0 0
 0 0 0 0 0
 0 0 0 0 0
 0 0 0 0 0
 0 0 0 0 0
 0 0 0 0 0
 0 0 0 0 0
 0 0 0 0 0
 0 0 0 0 0
 0 0 0 0 0
 0 0 0 0 0
 0 0 0 0 0
 0 0 0 0 0
 0 0 0 0 0
 0 0 0 0 0
 0 0 0 0 0
 0 0 0 0 0
 0 0 0 0 0
 0 0 0 0 0
 0 0 0 0 0
 0 0 0 0 0
 0 0 0 0 0
 0 0 0 0 0
 0 0 0 0 0
 0 0 0 0 0
 0 0 0 0 0
 0 0 0 0 0
 0 0 0 0 0
 0 0 0 0 0
 0 0 0 0 0
 0 0 0 0 0
 0 0 0 0 0
 0 0 0 0 0
 0 0 0 0 0
 0 0 0 0 0
 0 0 0 0 0
 0 0 0 0 0
 0 0 0 0 0
 0 0 0 0 0
 0 0 0 0 0
 0 0 0 0 0
 0 0 0 0 0
 0 0 0 0 0
 0 0 0 0 0
 0 0 0 0 0
 0 0 0 0 0
 0 0 0 0 0
 0 0 0 0 0
 0 0 0 0 0
 0 0 0 0 0
 0 0 0 0 0
 0 0 0 0 0
 0 0 0 0 0
 0 0 0 0 0
 0 0 0 0 0
 0 0 0 0 0
 0 0 0 0 0
 0 0 0 0 0
 0 0 0 0 0
 0 0 0 0 0
 0 0 0 0 0
 0 0 0 0 0
 0 0 0 0 0
 0 0 0 0 0
 0 0 0 0 0
 0 0 0 0 0
 0 0 0 0 0
 2.27255 2.22623 0.0161245 -0.00704742 2.18408
 0.561149 0.5434 0.0150178 -0.00672162 0.529113
 0.240982 0.230542 0.0137902 -0.00626453 0.223138
 0.132072 0.124717 0.0129069 -0.00607807 0.120097
 0.0874375 0.0815315 0.0123929 -0.00601522 0.0781068
 0.0603479 0.0554991 0.011891 -0.00595122 0.05293
 0.0454668 0.041281 0.0112317 -0.00579823 0.0392512
 0.0347576 0.0311354 0.0107897 -0.00570883 0.0294539
 0.0272943 0.0241222 0.0101812 -0.00553311 0.0227204
 0.0226178 0.0197444 0.00977183 -0.00544161 0.0185353
 0.0194986 0.0168357 0.00963258 -0.00554999 0.0157637
 0.0164701 0.0140209 0.00930433 -0.00547877 0.0130137
 0.0142506 0.0119896 0.00907958 -0.00551437 0.0110836
 0.0124535 0.0103547 0.00874475 -0.00538583 0.00950375
 0.0112922 0.00929408 0.00864175 -0.00545028 0.008475
 0.0100849 0.008199 0.0084245 -0.00548316 0.00742202
 0.00922108 0.00741849 0.00824598 -0.00544673 0.00666886
 0.00846792 0.00674409 0.0082337 -0.00559398 0.00600292
 0.00765844 0.00603826 0.007994 -0.00553751 0.00533223
 0.00723135 0.00564609 0.00819195 -0.005845 0.00493758
 0.00676194 0.00524243 0.00812496 -0.00587805 0.00456148
 0.00624146 0.00478069 0.00807339 -0.0059988 0.00409991
 0 0 0 0 0
 0 0 0 0 0
 0 0 0 0 0
 0 0 0 0 0
 0 0 0 0 0
 0 0 0 0 0
 0 0 0 0 0
 0 0 0 0 0
 0 0 0 0 0
 0 0 0 0 0
 0 0 0 0 0
 0 0 0 0 0
 0 0 0 0 0
 0 0 0 0 0
 0 0 0 0 0
 0 0 0 0 0
 0 0 0 0 0
 0 0 0 0 0
 0 0 0 0 0
 0 0 0 0 0
 0 0 0 0 0
 0 0 0 0 0
 0 0 0 0 0
 0 0 0 0 0
 0 0 0 0 0
 0 0 0 0 0
 0 0 0 0 0
 0 0 0 0 0
 0 0 0 0 0
 0 0 0 0 0
 0 0 0 0 0
 0 0 0 0 0
 0 0 0 0 0
 0 0 0 0 0
 0 0 0 0 0
 0 0 0 0 0
 0 0 0 0 0
 0 0 0 0 0
 0 0 0 0 0
 0 0 0 0 0
 0 0 0 0 0
 0 0 0 0 0
 0 0 0 0 0
 0 0 0 0 0
 0 0 0 0 0
 0 0 0 0 0
 0 0 0 0 0
 0 0 0 0 0
 0 0 0 0 0
 0 0 0 0 0
 0 0 0 0 0
 0 0 0 0 0
 0 0 0 0 0
 0 0 0 0 0
 0 0 0 0 0
 0 0 0 0 0
 0 0 0 0 0
 0 0 0 0 0
 0 0 0 0 0
 0 0 0 0 0
 0 0 0 0 0
 0 0 0 0 0
 0 0 0 0 0
 0 0 0 0 0
 0 0 0 0 0
 0 0 0 0 0
 0 0 0 0 0
 0 0 0 0 0
 0 0 0 0 0
 0 0 0 0 0
 0 0 0 0 0
 0 0 0 0 0
 0 0 0 0 0
 0 0 0 0 0
 0 0 0 0 0
 0 0 0 0 0
 0 0 0 0 0
 0 0 0 0 0
 0 0 0 0 0
 0 0 0 0 0
 0 0 0 0 0
 0 0 0 0 0
 0 0 0 0 0
 0 0 0 0 0
 0 0 0 0 0
 0 0 0 0 0
 0 0 0 0 0
 0 0 0 0 0
 0 0 0 0 0
 0 0 0 0 0
 0 0 0 0 0
 0 0 0 0 0
 0 0 0 0 0
 0 0 0 0 0
 0 0 0 0 0
 0 0 0 0 0
 0 0 0 0 0
 0 0 0 0 0
 0 0 0 0 0
 0 0 0 0 0
 2.23284 2.18819 0.0157941 -0.00686811 2.14761
 0.552295 0.535114 0.0146223 -0.00645874 0.521294
 0.238428 0.228215 0.0136512 -0.00620723 0.220942
 0.135467 0.128024 0.0129114 -0.00611418 0.123293
 0.0854458 0.079716 0.0121563 -0.0059006 0.0764357
 0.0603062 0.0555412 0.0116251 -0.00578382 0.053004
 0.0448567 0.0407599 0.0111553 -0.00572769 0.0387817
 0.0336637 0.0301975 0.0102852 -0.0054093 0.0286168
 0.027762 0.0245932 0.0101239 -0.00549328 0.0232281
 0.0222442 0.0194378 0.0097085 -0.00539268 0.0182447
 0.01901 0.0164273 0.00944533 -0.00537941 0.0153454
 0.0161738 0.0137769 0.0090305 -0.00523976 0.0128141
 0.0138362 0.0116485 0.00873875 -0.00523655 0.0107709
 0.0125863 0.0104928 0.00861917 -0.00528296 0.00965058
 0.0112007 0.009219 0.00855267 -0.0054039 0.00840167
 0.00995325 0.00810522 0.00823773 -0.00531969 0.00734008
 0.008885 0.00715177 0.00797134 -0.00524878 0.00642396
 0.0081702 0.00651402 0.00789844 -0.00536327 0.00582402
 0.0075774 0.00599182 0.00790331 -0.00548 0.00529636
 0.00708875 0.00555183 0.00794122 -0.00561022 0.00486002
 0.00646595 0.00499809 0.00782303 -0.0056472 0.00431405
 0 0 0 0 0
 0 0 0 0 0
 0 0 0 0 0
 0 0 0 0 0
 0 0 0 0 0
 0 0 0 0 0
 0 0 0 0 0
 0 0 0 0 0
 0 0 0 0 0
 0 0 0 0 0
 0 0 0 0 0
 0 0 0 0 0
 0 0 0 0 0
 0 0 0 0 0
 0 0 0 0 0
 0 0 0 0 0
 0 0 0 0 0
 0 0 0 0 0
 0 0 0 0 0
 0 0 0 0 0
 0 0 0 0 0
 0 0 0 0 0
 0 0 0 0 0
 0 0 0 0 0
 0 0 0 0 0
 0 0 0 0 0
 0 0 0 0 0
 0 0 0 0 0
 0 0 0 0 0
 0 0 0 0 0
 0 0 0 0 0
 0 0 0 0 0
 0 0 0 0 0
 0 0 0 0 0
 0 0 0 0 0
 0 0 0 0 0
 0 0 0 0 0
 0 0 0 0 0
 0 0 0 0 0
 0 0 0 0 0
 0 0 0 0 0
 0 0 0 0 0
 0 0 0 0 0
 0 0 0 0 0
 0 0 0 0 0
 0 0 0 0 0
 0 0 0 0 0
 0 0 0 0 0
 0 0 0 0 0
 0 0 0 0 0
 0 0 0 0 0
 0 0 0 0 0
 0 0 0 0 0
 0 0 0 0 0
 0 0 0 0 0
 0 0 0 0 0
 0 0 0 0 0
 0 0 0 0 0
 0 0 0 0 0
 0 0 0 0 0
 0 0 0 0 0
 0 0 0 0 0
 0 0 0 0 0
 0 0 0 0 0
 0 0 0 0 0
 0 0 0 0 0
 0 0 0 0 0
 0 0 0 0 0
 0 0 0 0 0
 0 0 0 0 0
 0 0 0 0 0
 0 0 0 0 0
 0 0 0 0 0
 0 0 0 0 0
 0 0 0 0 0
 0 0 0 0 0
 0 0 0 0 0
 0 0 0 0 0
 0 0 0 0 0
 0 0 0 0 0
 0 0 0 0 0
 0 0 0 0 0
 0 0 0 0 0
 0 0 0 0 0
 0 0 0 0 0
 0 0 0 0 0
 0 0 0 0 0
 0 0 0 0 0
 0 0 0 0 0
 0 0 0 0 0
 0 0 0 0 0
 0 0 0 0 0
 0 0 0 0 0
 0 0 0 0 0
 0 0 0 0 0
 0 0 0 0 0
 0 0 0 0 0
 0 0 0 0 0
 0 0 0 0 0
 0 0 0 0 0
 0 0 0 0 0
 2.31945 2.274 0.0157302 -0.00686102 2.23259
 0.548932 0.532095 0.0145045 -0.00637656 0.518548
 0.239066 0.228929 0.0136213 -0.00617398 0.22175
 0.132853 0.12562 0.0127993 -0.00595513 0.121048
 0.0866333 0.0808782 0.0123274 -0.00590455 0.0775629
 0.0583471 0.0537759 0.0112622 -0.00560187 0.0514
 0.0444723 0.0404578 0.0109933 -0.00560064 0.0385201
 0.0335607 0.0301227 0.0104355 -0.00545507 0.0285398
 0.0266785 0.0236408 0.00989075 -0.00531188 0.0222962
 0.0225634 0.0197597 0.00968992 -0.00532212 0.018579
 0.0183044 0.0158169 0.00905292 -0.00513316 0.0147868
 0.0158674 0.0135435 0.0088895 -0.00516191 0.0125953
 0.0140417 0.0118761 0.00861192 -0.00511191 0.0110229
 0.0119087 0.0099285 0.00826763 -0.00500317 0.00913167
 0.0105905 0.00873075 0.00802485 -0.00500879 0.00798285
 0.00986758 0.00807748 0.00806628 -0.00516297 0.00736378
 0.00900892 0.00728688 0.00795766 -0.00523992 0.00659239
 0.00815471 0.00653002 0.00782305 -0.00524026 0.00585092
 0.0074537 0.00590683 0.00775502 -0.00532892 0.00524953
 0.00697536 0.00548188 0.00757216 -0.00530269 0.00483928
 0 0 0 0 0
 0 0 0 0 0
 0 0 0 0 0
 0 0 0 0 0
 0 0 0 0 0
 0 0 0 0 0
 0 0 0 0 0
 0 0 0 0 0
 0 0 0 0 0
 0 0 0 0 0
 0 0 0 0 0
 0 0 0 0 0
 0 0 0 0 0
 0 0 0 0 0
 0 0 0 0 0
 0 0 0 0 0
 0 0 0 0 0
 0 0 0 0 0
 0 0 0 0 0
 0 0 0 0 0
 0 0 0 0 0
 0 0 0 0 0
 0 0 0 0 0
 0 0 0 0 0
 0 0 0 0 0
 0 0 0 0 0
 0 0 0 0 0
 0 0 0 0 0
 0 0 0 0 0
 0 0 0 0 0
 0 0 0 0 0
 0 0 0 0 0
 0 0 0 0 0
 0 0 0 0 0
 0 0 0 0 0
 0 0 0 0 0
 0 0 0 0 0
 0 0 0 0 0
 0 0 0 0 0
 0 0 0 0 0
 0 0 0 0 0
 0 0 0 0 0
 0 0 0 0 0
 0 0 0 0 0
 0 0 0 0 0
 0 0 0 0 0
 0 0 0 0 0
 0 0 0 0 0
 0 0 0 0 0
 0 0 0 0 0
 0 0 0 0 0
 0 0 0 0 0
 0 0 0 0 0
 0 0 0 0 0
 0 0 0 0 0
 0 0 0 0 0
 0 0 0 0 0
 0 0 0 0 0
 0 0 0 0 0
 0 0 0 0 0
 0 0 0 0 0
 0 0 0 0 0
 0 0 0 0 0
 0 0 0 0 0
 0 0 0 0 0
 0 0 0 0 0
 0 0 0 0 0
 0 0 0 0 0
 0 0 0 0 0
 0 0 0 0 0
 0 0 0 0 0
 0 0 0 0 0
 0 0 0 0 0
 0 0 0 0 0
 0 0 0 0 0
 0 0 0 0 0
 0 0 0 0 0
 0 0 0 0 0
 0 0 0 0 0
 0 0 0 0 0
 0 0 0 0 0
 0 0 0 0 0
 0 0 0 0 0
 0 0 0 0 0
 0 0 0 0 0
 0 0 0 0 0
 0 0 0 0 0
 0 0 0 0 0
 0 0 0 0 0
 0 0 0 0 0
 0 0 0 0 0
 0 0 0 0 0
 0 0 0 0 0
 0 0 0 0 0
 0 0 0 0 0
 0 0 0 0 0
 0 0 0 0 0
 0 0 0 0 0
 0 0 0 0 0
 0 0 0 0 0
 0 0 0 0 0
 0 0 0 0 0
 2.3875 2.34162 0.0157157 -0.00665641 2.2998
 0.556118 0.539319 0.0143992 -0.00634322 0.525799
 0.242489 0.232391 0.013406 -0.00606477 0.225213
 0.132116 0.12503 0.0124585 -0.00575978 0.120524
 0.084805 0.0792648 0.0117687 -0.00558183 0.0760613
 0.059304 0.0547117 0.011134 -0.00542198 0.0523117
 0.044018 0.0400898 0.0108185 -0.0054683 0.0381902
 0.0335126 0.0301217 0.0103002 -0.00538257 0.0285992
 0.0263822 0.0234043 0.0096765 -0.00516703 0.0221224
 0.0216348 0.0189636 0.00936192 -0.00508976 0.0178313
 0.0186852 0.0161789 0.0091625 -0.00511691 0.0151517
 0.0155576 0.0133052 0.00868475 -0.0050239 0.0124027
 0.0133572 0.0112861 0.00831597 -0.00492032 0.0104674
 0.0118332 0.009882 0.00816178 -0.00493819 0.00909417
 0.0105587 0.00872325 0.00798848 -0.00498568 0.00797917
 0.00949983 0.00775991 0.00781817 -0.00496893 0.0070559
 0.00876758 0.00709321 0.00774063 -0.00504358 0.0064017
 0.00787602 0.00630557 0.00760212 -0.00509784 0.00564392
 0.0072059 0.00571454 0.00740128 -0.00504981 0.00506886
 0 0 0 0 0
 0 0 0 0 0
 0 0 0 0 0
 0 0 0 0 0
 0 0 0 0 0
 0 0 0 0 0
 0 0 0 0 0
 0 0 0 0 0
 0 0 0 0 0
 0 0 0 0 0
 0 0 0 0 0
 0 0 0 0 0
 0 0 0 0 0
 0 0 0 0 0
 0 0 0 0 0
 0 0 0 0 0
 0 0 0 0 0
 0 0 0 0 0
 0 0 0 0 0
 0 0 0 0 0
 0 0 0 0 0
 0 0 0 0 0
 0 0 0 0 0
 0 0 0 0 0
 0 0 0 0 0
 0 0 0 0 0
 0 0 0 0 0
 0 0 0 0 0
 0 0 0 0 0
 0 0 0 0 0
 0 0 0 0 0
 0 0 0 0 0
 0 0 0 0 0
 0 0 0 0 0
 0 0 0 0 0
 0 0 0 0 0
 0 0 0 0 0
 0 0 0 0 0
 0 0 0 0 0
 0 0 0 0 0
 0 0 0 0 0
 0 0 0 0 0
 0 0 0 0 0
 0 0 0 0 0
 0 0 0 0 0
 0 0 0 0 0
 0 0 0 0 0
 0 0 0 0 0
 0 0 0 0 0
 0 0 0 0 0
 0 0 0 0 0
 0 0 0 0 0
 0 0 0 0 0
 0 0 0 0 0
 0 0 0 0 0
 0 0 0 0 0
 0 0 0 0 0
 0 0 0 0 0
 0 0 0 0 0
 0 0 0 0 0
 0 0 0 0 0
 0 0 0 0 0
 0 0 0 0 0
 0 0 0 0 0
 0 0 0 0 0
 0 0 0 0 0
 0 0 0 0 0
 0 0 0 0 0
 0 0 0 0 0
 0 0 0 0 0
 0 0 0 0 0
 0 0 0 0 0
 0 0 0 0 0
 0 0 0 0 0
 0 0 0 0 0
 0 0 0 0 0
 0 0 0 0 0
 0 0 0 0 0
 0 0 0 0 0
 0 0 0 0 0
 0 0 0 0 0
 0 0 0 0 0
 0 0 0 0 0
 0 0 0 0 0
 0 0 0 0 0
 0 0 0 0 0
 0 0 0 0 0
 0 0 0 0 0
 0 0 0 0 0
 0 0 0 0 0
 0 0 0 0 0
 0 0 0 0 0
 0 0 0 0 0
 0 0 0 0 0
 0 0 0 0 0
 0 0 0 0 0
 0 0 0 0 0
 0 0 0 0 0
 0 0 0 0 0
 0 0 0 0 0
 0 0 0 0 0
 0 0 0 0 0
 0 0 0 0 0
 2.43133 2.38552 0.0154823 -0.0064617 2.34364
 0.569031 0.552126 0.0144731 -0.00626987 0.538487
 0.24415 0.234113 0.0134755 -0.00603205 0.227008
 0.131635 0.124638 0.0123282 -0.00563663 0.120227
 0.08371 0.0782683 0.0117593 -0.00557922 0.0752116
 0.0583041 0.0538338 0.0109951 -0.00540301 0.0515195
 0.0424838 0.0387125 0.0105025 -0.00520012 0.0368457
 0.032961 0.0296448 0.00998742 -0.00513142 0.0281144
 0.0264111 0.023459 0.00971692 -0.00516189 0.0221877
 0.0216269 0.0189712 0.00925617 -0.00500112 0.0178483
 0.0184121 0.0159695 0.00905225 -0.00499985 0.0149684
 0.0153918 0.0131812 0.008567 -0.00488203 0.0122861
 0.0135987 0.0115208 0.00842533 -0.00493782 0.0107106
 0.0116892 0.00978967 0.0079435 -0.004742 0.00903575
 0.0105227 0.00870058 0.00795413 -0.00490944 0.00795848
 0.00960267 0.00785853 0.0078409 -0.00497871 0.0071492
 0.00846483 0.00686072 0.00752854 -0.00489945 0.00620391
 0.00757172 0.00607277 0.00725906 -0.00482384 0.00544802
 0 0 0 0 0
 0 0 0 0 0
 0 0 0 0 0
 0 0 0 0 0
 0 0 0 0 0
 0 0 0 0 0
 0 0 0 0 0
 0 0 0 0 0
 0 0 0 0 0
 0 0 0 0 0
 0 0 0 0 0
 0 0 0 0 0
 0 0 0 0 0
 0 0 0 0 0
 0 0 0 0 0
 0 0 0 0 0
 0 0 0 0 0
 0 0 0 0 0
 0 0 0 0 0
 0 0 0 0 0
 0 0 0 0 0
 0 0 0 0 0
 0 0 0 0 0
 0 0 0 0 0
 0 0 0 0 0
 0 0 0 0 0
 0 0 0 0 0
 0 0 0 0 0
 0 0 0 0 0
 0 0 0 0 0
 0 0 0 0 0
 0 0 0 0 0
 0 0 0 0 0
 0 0 0 0 0
 0 0 0 0 0
 0 0 0 0 0
 0 0 0 0 0
 0 0 0 0 0
 0 0 0 0 0
 0 0 0 0 0
 0 0 0 0 0
 0 0 0 0 0
 0 0 0 0 0
 0 0 0 0 0
 0 0 0 0 0
 0 0 0 0 0
 0 0 0 0 0
 0 0 0 0 0
 0 0 0 0 0
 0 0 0 0 0
 0 0 0 0 0
 0 0 0 0 0
 0 0 0 0 0
 0 0 0 0 0
 0 0 0 0 0
 0 0 0 0 0
 0 0 0 0 0
 0 0 0 0 0
 0 0 0 0 0
 0 0 0 0 0
 0 0 0 0 0
 0 0 0 0 0
 0 0 0 0 0
 0 0 0 0 0
 0 0 0 0 0
 0 0 0 0 0
 0 0 0 0 0
 0 0 0 0 0
 0 0 0 0 0
 0 0 0 0 0
 0 0 0 0 0
 0 0 0 0 0
 0 0 0 0 0
 0 0 0 0 0
 0 0 0 0 0
 0 0 0 0 0
 0 0 0 0 0
 0 0 0 0 0
 0 0 0 0 0
 0 0 0 0 0
 0 0 0 0 0
 0 0 0 0 0
 0 0 0 0 0
 0 0 0 0 0
 0 0 0 0 0
 0 0 0 0 0
 0 0 0 0 0
 0 0 0 0 0
 0 0 0 0 0
 0 0 0 0 0
 0 0 0 0 0
 0 0 0 0 0
 0 0 0 0 0
 0 0 0 0 0
 0 0 0 0 0
 0 0 0 0 0
 0 0 0 0 0
 0 0 0 0 0
 0 0 0 0 0
 0 0 0 0 0
 0 0 0 0 0
 0 0 0 0 0
 0 0 0 0 0
 0 0 0 0 0
 2.40548 2.36103 0.0151369 -0.0062987 2.32041
 0.562534 0.546079 0.0141482 -0.00605819 0.532777
 0.245886 0.235913 0.0135135 -0.005976 0.228798
 0.133107 0.12617 0.0123048 -0.00561561 0.121777
 0.0842075 0.0788171 0.01161 -0.00547017 0.0757186
 0.0585467 0.0541024 0.0109833 -0.00528069 0.0517951
 0.0422277 0.0385187 0.0103546 -0.00515176 0.036704
 0.032746 0.0295008 0.00991317 -0.00510499 0.0280393
 0.0261585 0.0232671 0.00960542 -0.00506542 0.0219982
 0.0211566 0.0185843 0.00903158 -0.00485587 0.0175268
 0.0177442 0.0153922 0.00867108 -0.00481096 0.0144212
 0.0149072 0.0127676 0.00832762 -0.00481075 0.011912
 0.0132497 0.0112345 0.00808648 -0.00472758 0.0104504
 0.0116718 0.009789 0.0079833 -0.00481483 0.00903067
 0.0102085 0.00846825 0.00770451 -0.00473526 0.00776301
 0.00913225 0.00748573 0.00741475 -0.00464818 0.00682193
 0.00836275 0.00680262 0.00741576 -0.00477712 0.00618111
 0 0 0 0 0
 0 0 0 0 0
 0 0 0 0 0
 0 0 0 0 0
 0 0 0 0 0
 0 0 0 0 0
 0 0 0 0 0
 0 0 0 0 0
 0 0 0 0 0
 0 0 0 0 0
 0 0 0 0 0
 0 0 0 0 0
 0 0 0 0 0
 0 0 0 0 0
 0 0 0 0 0
 0 0 0 0 0
 0 0 0 0 0
 0 0 0 0 0
 0 0 0 0 0
 0 0 0 0 0
 0 0 0 0 0
 0 0 0 0 0
 0 0 0 0 0
 0 0 0 0 0
 0 0 0 0 0
 0 0 0 0 0
 0 0 0 0 0
 0 0 0 0 0
 0 0 0 0 0
 0 0 0 0 0
 0 0 0 0 0
 0 0 0 0 0
 0 0 0 0 0
 0 0 0 0 0
 0 0 0 0 0
 0 0 0 0 0
 0 0 0 0 0
 0 0 0 0 0
 0 0 0 0 0
 0 0 0 0 0
 0 0 0 0 0
 0 0 0 0 0
 0 0 0 0 0
 0 0 0 0 0
 0 0 0 0 0
 0 0 0 0 0
 0 0 0 0 0
 0 0 0 0 0
 0 0 0 0 0
 0 0 0 0 0
 0 0 0 0 0
 0 0 0 0 0
 0 0 0 0 0
 0 0 0 0 0
 0 0 0 0 0
 0 0 0 0 0
 0 0 0 0 0
 0 0 0 0 0
 0 0 0 0 0
 0 0 0 0 0
 0 0 0 0 0
 0 0 0 0 0
 0 0 0 0 0
 0 0 0 0 0
 0 0 0 0 0
 0 0 0 0 0
 0 0 0 0 0
 0 0 0 0 0
 0 0 0 0 0
 0 0 0 0 0
 0 0 0 0 0
 0 0 0 0 0
 0 0 0 0 0
 0 0 0 0 0
 0 0 0 0 0
 0 0 0 0 0
 0 0 0 0 0
 0 0 0 0 0
 0 0 0 0 0
 0 0 0 0 0
 0 0 0 0 0
 0 0 0 0 0
 0 0 0 0 0
 0 0 0 0 0
 0 0 0 0 0
 0 0 0 0 0
 0 0 0 0 0
 0 0 0 0 0
 0 0 0 0 0
 0 0 0 0 0
 0 0 0 0 0
 0 0 0 0 0
 0 0 0 0 0
 0 0 0 0 0
 0 0 0 0 0
 0 0 0 0 0
 0 0 0 0 0
 0 0 0 0 0
 0 0 0 0 0
 0 0 0 0 0
 0 0 0 0 0
 0 0 0 0 0
 0 0 0 0 0
 0 0 0 0 0
 0 0 0 0 0
 2.47094 2.42611 0.0150495 -0.00628309 2.38505
 0.558434 0.542302 0.0142528 -0.00613837 0.52933
 0.235655 0.226214 0.0128494 -0.00565969 0.219473
 0.132003 0.12517 0.0122492 -0.00553519 0.12086
 0.0827713 0.0774988 0.0114498 -0.00533969 0.0745213
 0.0576984 0.0533568 0.0109225 -0.00524848 0.0511023
 0.0425726 0.0388763 0.0102473 -0.00502369 0.0370814
 0.0323254 0.029142 0.009696 -0.00496417 0.0277017
 0.025931 0.0230872 0.00932467 -0.00489582 0.0218441
 0.0209193 0.0183902 0.00885408 -0.00475173 0.017353
 0.0173054 0.0150219 0.00853792 -0.00470963 0.0140984
 0.0150135 0.012895 0.00826275 -0.00467124 0.0120554
 0.0128557 0.010895 0.00793266 -0.00462102 0.0101145
 0.0111995 0.00939808 0.0076791 -0.00457789 0.00870117
 0.0100088 0.00830861 0.00749887 -0.00457171 0.0076116
 0.00907642 0.00746227 0.00731288 -0.00457028 0.0068139
 0 0 0 0 0
 0 0 0 0 0
 0 0 0 0 0
 0 0 0 0 0
 0 0 0 0 0
 0 0 0 0 0
 0 0 0 0 0
 0 0 0 0 0
 0 0 0 0 0
 0 0 0 0 0
 0 0 0 0 0
 0 0 0 0 0
 0 0 0 0 0
 0 0 0 0 0
 0 0 0 0 0
 0 0 0 0 0
 0 0 0 0 0
 0 0 0 0 0
 0 0 0 0 0
 0 0 0 0 0
 0 0 0 0 0
 0 0 0 0 0
 0 0 0 0 0
 0 0 0 0 0
 0 0 0 0 0
 0 0 0 0 0
 0 0 0 0 0
 0 0 0 0 0
 0 0 0 0 0
 0 0 0 0 0
 0 0 0 0 0
 0 0 0 0 0
 0 0 0 0 0
 0 0 0 0 0
 0 0 0 0 0
 0 0 0 0 0
 0 0 0 0 0
 0 0 0 0 0
 0 0 0 0 0
 0 0 0 0 0
 0 0 0 0 0
 0 0 0 0 0
 0 0 0 0 0
 0 0 0 0 0
 0 0 0 0 0
 0 0 0 0 0
 0 0 0 0 0
 0 0 0 0 0
 0 0 0 0 0
 0 0 0 0 0
 0 0 0 0 0
 0 0 0 0 0
 0 0 0 0 0
 0 0 0 0 0
 0 0 0 0 0
 0 0 0 0 0
 0 0 0 0 0
 0 0 0 0 0
 0 0 0 0 0
 0 0 0 0 0
 0 0 0 0 0
 0 0 0 0 0
 0 0 0 0 0
 0 0 0 0 0
 0 0 0 0 0
 0 0 0 0 0
 0 0 0 0 0
 0 0 0 0 0
 0 0 0 0 0
 0 0 0 0 0
 0 0 0 0 0
 0 0 0 0 0
 0 0 0 0 0
 0 0 0 0 0
 0 0 0 0 0
 0 0 0 0 0
 0 0 0 0 0
 0 0 0 0 0
 0 0 0 0 0
 0 0 0 0 0
 0 0 0 0 0
 0 0 0 0 0
 0 0 0 0 0
 0 0 0 0 0
 0 0 0 0 0
 0 0 0 0 0
 0 0 0 0 0
 0 0 0 0 0
 0 0 0 0 0
 0 0 0 0 0
 0 0 0 0 0
 0 0 0 0 0
 0 0 0 0 0
 0 0 0 0 0
 0 0 0 0 0
 0 0 0 0 0
 0 0 0 0 0
 0 0 0 0 0
 0 0 0 0 0
 0 0 0 0 0
 0 0 0 0 0
 0 0 0 0 0
 0 0 0 0 0
 0 0 0 0 0
 0 0 0 0 0
 0 0 0 0 0
 2.50278 2.45822 0.0151225 -0.00623552 2.41744
 0.559128 0.543235 0.0138937 -0.00587557 0.530427
 0.237297 0.227903 0.0127735 -0.00557727 0.221176
 0.130303 0.12365 0.0119593 -0.00531092 0.119393
 0.0827651 0.0775853 0.0112964 -0.00519192 0.0746172
 0.0584622 0.054135 0.0108196 -0.00516035 0.0518542
 0.0417982 0.0382135 0.0100176 -0.00494116 0.0364884
 0.0313467 0.028294 0.00932558 -0.00468704 0.0268945
 0.025775 0.0229852 0.00919192 -0.00475702 0.0217632
 0.0206122 0.0181532 0.00866367 -0.00460758 0.0171263
 0.0177449 0.0154674 0.00847233 -0.00465911 0.0145462
 0.014404 0.0123698 0.00793154 -0.00451601 0.0115539
 0.0126339 0.0107427 0.00768066 -0.00444848 0.0100014
 0.0111218 0.009347 0.00752524 -0.00446429 0.00863758
 0.00996833 0.00828606 0.00739507 -0.00449901 0.00761199
 0 0 0 0 0
 0 0 0 0 0
 0 0 0 0 0
 0 0 0 0 0
 0 0 0 0 0
 0 0 0 0 0
 0 0 0 0 0
 0 0 0 0 0
 0 0 0 0 0
 0 0 0 0 0
 0 0 0 0 0
 0 0 0 0 0
 0 0 0 0 0
 0 0 0 0 0
 0 0 0 0 0
 0 0 0 0 0
 0 0 0 0 0
 0 0 0 0 0
 0 0 0 0 0
 0 0 0 0 0
 0 0 0 0 0
 0 0 0 0 0
 0 0 0 0 0
 0 0 0 0 0
 0 0 0 0 0
 0 0 0 0 0
 0 0 0 0 0
 0 0 0 0 0
 0 0 0 0 0
 0 0 0 0 0
 0 0 0 0 0
 0 0 0 0 0
 0 0 0 0 0
 0 0 0 0 0
 0 0 0 0 0
 0 0 0 0 0
 0 0 0 0 0
 0 0 0 0 0
 0 0 0 0 0
 0 0 0 0 0
 0 0 0 0 0
 0 0 0 0 0
 0 0 0 0 0
 0 0 0 0 0
 0 0 0 0 0
 0 0 0 0 0
 0 0 0 0 0
 0 0 0 0 0
 0 0 0 0 0
 0 0 0 0 0
 0 0 0 0 0
 0 0 0 0 0
 0 0 0 0 0
 0 0 0 0 0
 0 0 0 0 0
 0 0 0 0 0
 0 0 0 0 0
 0 0 0 0 0
 0 0 0 0 0
 0 0 0 0 0
 0 0 0 0 0
 0 0 0 0 0
 0 0 0 0 0
 0 0 0 0 0
 0 0 0 0 0
 0 0 0 0 0
 0 0 0 0 0
 0 0 0 0 0
 0 0 0 0 0
 0 0 0 0 0
 0 0 0 0 0
 0 0 0 0 0
 0 0 0 0 0
 0 0 0 0 0
 0 0 0 0 0
 0 0 0 0 0
 0 0 0 0 0
 0 0 0 0 0
 0 0 0 0 0
 0 0 0 0 0
 0 0 0 0 0
 0 0 0 0 0
 0 0 0 0 0
 0 0 0 0 0
 0 0 0 0 0
 0 0 0 0 0
 0 0 0 0 0
 0 0 0 0 0
 0 0 0 0 0
 0 0 0 0 0
 0 0 0 0 0
 0 0 0 0 0
 0 0 0 0 0
 0 0 0 0 0
 0 0 0 0 0
 0 0 0 0 0
 0 0 0 0 0
 0 0 0 0 0
 0 0 0 0 0
 0 0 0 0 0
 0 0 0 0 0
 0 0 0 0 0
 0 0 0 0 0
 0 0 0 0 0
 0 0 0 0 0
 0 0 0 0 0
 0 0 0 0 0
 2.57553 2.53059 0.0147795 -0.00599237 2.48932
 0.558186 0.542549 0.0136444 -0.00569529 0.529903
 0.241247 0.231786 0.0128782 -0.00556863 0.225038
 0.132333 0.125645 0.0120266 -0.00535469 0.12141
 0.0833992 0.0782274 0.0113129 -0.00523637 0.0752474
 0.0566627 0.0524999 0.0104278 -0.00488036 0.0503305
 0.041205 0.0376921 0.0098405 -0.00477795 0.0359636
 0.0316465 0.0285993 0.0094245 -0.00468213 0.0272105
 0.0248009 0.0221236 0.00895567 -0.00459146 0.0209456
 0.0204999 0.0180807 0.00859175 -0.00453727 0.0170819
 0.0171348 0.0149239 0.00826558 -0.00449717 0.0140167
 0.014603 0.0125673 0.00784688 -0.0043752 0.0117652
 0.012665 0.0107884 0.00762657 -0.00433099 0.0100614
 0.0109274 0.00919375 0.00735696 -0.00430554 0.00851342
 0 0 0 0 0
 0 0 0 0 0
 0 0 0 0 0
 0 0 0 0 0
 0 0 0 0 0
 0 0 0 0 0
 0 0 0 0 0
 0 0 0 0 0
 0 0 0 0 0
 0 0 0 0 0
 0 0 0 0 0
 0 0 0 0 0
 0 0 0 0 0
 0 0 0 0 0
 0 0 0 0 0
 0 0 0 0 0
 0 0 0 0 0
 0 0 0 0 0
 0 0 0 0 0
 0 0 0 0 0
 0 0 0 0 0
 0 0 0 0 0
 0 0 0 0 0
 0 0 0 0 0
 0 0 0 0 0
 0 0 0 0 0
 0 0 0 0 0
 0 0 0 0 0
 0 0 0 0 0
 0 0 0 0 0
 0 0 0 0 0
 0 0 0 0 0
 0 0 0 0 0
 0 0 0 0 0
 0 0 0 0 0
 0 0 0 0 0
 0 0 0 0 0
 0 0 0 0 0
 0 0 0 0 0
 0 0 0 0 0
 0 0 0 0 0
 0 0 0 0 0
 0 0 0 0 0
 0 0 0 0 0
 0 0 0 0 0
 0 0 0 0 0
 0 0 0 0 0
 0 0 0 0 0
 0 0 0 0 0
 0 0 0 0 0
 0 0 0 0 0
 0 0 0 0 0
 0 0 0 0 0
 0 0 0 0 0
 0 0 0 0 0
 0 0 0 0 0
 0 0 0 0 0
 0 0 0 0 0
 0 0 0 0 0
 0 0 0 0 0
 0 0 0 0 0
 0 0 0 0 0
 0 0 0 0 0
 0 0 0 0 0
 0 0 0 0 0
 0 0 0 0 0
 0 0 0 0 0
 0 0 0 0 0
 0 0 0 0 0
 0 0 0 0 0
 0 0 0 0 0
 0 0 0 0 0
 0 0 0 0 0
 0 0 0 0 0
 0 0 0 0 0
 0 0 0 0 0
 0 0 0 0 0
 0 0 0 0 0
 0 0 0 0 0
 0 0 0 0 0
 0 0 0 0 0
 0 0 0 0 0
 0 0 0 0 0
 0 0 0 0 0
 0 0 0 0 0
 0 0 0 0 0
 0 0 0 0 0
 0 0 0 0 0
 0 0 0 0 0
 0 0 0 0 0
 0 0 0 0 0
 0 0 0 0 0
 0 0 0 0 0
 0 0 0 0 0
 0 0 0 0 0
 0 0 0 0 0
 0 0 0 0 0
 0 0 0 0 0
 0 0 0 0 0
 0 0 0 0 0
 0 0 0 0 0
 0 0 0 0 0
 0 0 0 0 0
 0 0 0 0 0
 0 0 0 0 0
 0 0 0 0 0
 0 0 0 0 0
 0 0 0 0 0
 2.54903 2.50532 0.0148246 -0.00600427 2.46519
 0.568409 0.552727 0.0136151 -0.00572564 0.540024
 0.236993 0.227853 0.0125021 -0.00536723 0.221333
 0.132398 0.12579 0.0119303 -0.00531033 0.121603
 0.0820256 0.0769748 0.0110522 -0.00506631 0.0740512
 0.0574907 0.0533079 0.0105007 -0.00493459 0.0511307
 0.0409576 0.0374794 0.00974042 -0.00467844 0.0357762
 0.0314503 0.0284464 0.00921433 -0.00455921 0.02707
 0.0251862 0.0224942 0.00899167 -0.0046162 0.0213268
 0.0200359 0.0176959 0.00830611 -0.00434441 0.0167193
 0.016387 0.0142802 0.00795982 -0.00430437 0.0134221
 0.0142241 0.0122617 0.00776411 -0.00431266 0.0114797
 0.0123974 0.0105756 0.00744464 -0.00419678 0.00985125
 0 0 0 0 0
 0 0 0 0 0
 0 0 0 0 0
 0 0 0 0 0
 0 0 0 0 0
 0 0 0 0 0
 0 0 0 0 0
 0 0 0 0 0
 0 0 0 0 0
 0 0 0 0 0
 0 0 0 0 0
 0 0 0 0 0
 0 0 0 0 0
 0 0 0 0 0
 0 0 0 0 0
 0 0 0 0 0
 0 0 0 0 0
 0 0 0 0 0
 0 0 0 0 0
 0 0 0 0 0
 0 0 0 0 0
 0 0 0 0 0
 0 0 0 0 0
 0 0 0 0 0
 0 0 0 0 0
 0 0 0 0 0
 0 0 0 0 0
 0 0 0 0 0
 0 0 0 0 0
 0 0 0 0 0
 0 0 0 0 0
 0 0 0 0 0
 0 0 0 0 0
 0 0 0 0 0
 0 0 0 0 0
 0 0 0 0 0
 0 0 0 0 0
 0 0 0 0 0
 0 0 0 0 0
 0 0 0 0 0
 0 0 0 0 0
 0 0 0 0 0
 0 0 0 0 0
 0 0 0 0 0
 0 0 0 0 0
 0 0 0 0 0
 0 0 0 0 0
 0 0 0 0 0
 0 0 0 0 0
 0 0 0 0 0
 0 0 0 0 0
 0 0 0 0 0
 0 0 0 0 0
 0 0 0 0 0
 0 0 0 0 0
 0 0 0 0 0
 0 0 0 0 0
 0 0 0 0 0
 0 0 0 0 0
 0 0 0 0 0
 0 0 0 0 0
 0 0 0 0 0
 0 0 0 0 0
 0 0 0 0 0
 0 0 0 0 0
 0 0 0 0 0
 0 0 0 0 0
 0 0 0 0 0
 0 0 0 0 0
 0 0 0 0 0
 0 0 0 0 0
 0 0 0 0 0
 0 0 0 0 0
 0 0 0 0 0
 0 0 0 0 0
 0 0 0 0 0
 0 0 0 0 0
 0 0 0 0 0
 0 0 0 0 0
 0 0 0 0 0
 0 0 0 0 0
 0 0 0 0 0
 0 0 0 0 0
 0 0 0 0 0
 0 0 0 0 0
 0 0 0 0 0
 0 0 0 0 0
 0 0 0 0 0
 0 0 0 0 0
 0 0 0 0 0
 0 0 0 0 0
 0 0 0 0 0
 0 0 0 0 0
 0 0 0 0 0
 0 0 0 0 0
 0 0 0 0 0
 0 0 0 0 0
 0 0 0 0 0
 0 0 0 0 0
 0 0 0 0 0
 0 0 0 0 0
 0 0 0 0 0
 0 0 0 0 0
 0 0 0 0 0
 0 0 0 0 0
 0 0 0 0 0
 0 0 0 0 0
 0 0 0 0 0
 0 0 0 0 0
 2.60219 2.55836 0.0148489 -0.00600024 2.51813
 0.576738 0.561096 0.0135472 -0.00561961 0.548413
 0.243307 0.234062 0.0125878 -0.00533323 0.227457
 0.130396 0.123949 0.0117392 -0.00518264 0.119858
 0.0816308 0.0766717 0.0108482 -0.0049019 0.0738357
 0.0556707 0.0516517 0.010163 -0.00469375 0.0495312
 0.0409678 0.0375451 0.00969242 -0.00462693 0.0358653
 0.0305009 0.0276044 0.00903892 -0.00448088 0.0262755
 0.0244364 0.0218342 0.00870208 -0.00443758 0.0207243
 0.0200648 0.0177191 0.00830208 -0.00433542 0.0167398
 0.0168613 0.0147191 0.0080043 -0.0043152 0.0138557
 0.0138037 0.0119093 0.00751893 -0.00415957 0.0111532
 0 0 0 0 0
 0 0 0 0 0
 0 0 0 0 0
 0 0 0 0 0
 0 0 0 0 0
 0 0 0 0 0
 0 0 0 0 0
 0 0 0 0 0
 0 0 0 0 0
 0 0 0 0 0
 0 0 0 0 0
 0 0 0 0 0
 0 0 0 0 0
 0 0 0 0 0
 0 0 0 0 0
 0 0 0 0 0
 0 0 0 0 0
 0 0 0 0 0
 0 0 0 0 0
 0 0 0 0 0
 0 0 0 0 0
 0 0 0 0 0
 0 0 0 0 0
 0 0 0 0 0
 0 0 0 0 0
 0 0 0 0 0
 0 0 0 0 0
 0 0 0 0 0
 0 0 0 0 0
 0 0 0 0 0
 0 0 0 0 0
 0 0 0 0 0
 0 0 0 0 0
 0 0 0 0 0
 0 0 0 0 0
 0 0 0 0 0
 0 0 0 0 0
 0 0 0 0 0
 0 0 0 0 0
 0 0 0 0 0
 0 0 0 0 0
 0 0 0 0 0
 0 0 0 0 0
 0 0 0 0 0
 0 0 0 0 0
 0 0 0 0 0
 0 0 0 0 0
 0 0 0 0 0
 0 0 0 0 0
 0 0 0 0 0
 0 0 0 0 0
 0 0 0 0 0
 0 0 0 0 0
 0 0 0 0 0
 0 0 0 0 0
 0 0 0 0 0
 0 0 0 0 0
 0 0 0 0 0
 0 0 0 0 0
 0 0 0 0 0
 0 0 0 0 0
 0 0 0 0 0
 0 0 0 0 0
 0 0 0 0 0
 0 0 0 0 0
 0 0 0 0 0
 0 0 0 0 0
 0 0 0 0 0
 0 0 0 0 0
 0 0 0 0 0
 0 0 0 0 0
 0 0 0 0 0
 0 0 0 0 0
 0 0 0 0 0
 0 0 0 0 0
 0 0 0 0 0
 0 0 0 0 0
 0 0 0 0 0
 0 0 0 0 0
 0 0 0 0 0
 0 0 0 0 0
 0 0 0 0 0
 0 0 0 0 0
 0 0 0 0 0
 0 0 0 0 0
 0 0 0 0 0
 0 0 0 0 0
 0 0 0 0 0
 0 0 0 0 0
 0 0 0 0 0
 0 0 0 0 0
 0 0 0 0 0
 0 0 0 0 0
 0 0 0 0 0
 0 0 0 0 0
 0 0 0 0 0
 0 0 0 0 0
 0 0 0 0 0
 0 0 0 0 0
 0 0 0 0 0
 0 0 0 0 0
 0 0 0 0 0
 0 0 0 0 0
 0 0 0 0 0
 0 0 0 0 0
 0 0 0 0 0
 0 0 0 0 0
 0 0 0 0 0
 0 0 0 0 0
 0 0 0 0 0
 2.68558 2.64117 0.0148355 -0.00588617 2.60034
 0.583742 0.568137 0.0135835 -0.00553347 0.555452
 0.237479 0.228529 0.0122908 -0.00519565 0.222136
 0.129113 0.122823 0.0114252 -0.00493722 0.118804
 0.0818152 0.0769031 0.0108577 -0.00492143 0.0740662
 0.0552703 0.0513067 0.0100683 -0.00459443 0.0492353
 0.0401411 0.0368146 0.00950258 -0.00448367 0.0351726
 0.0311512 0.028243 0.00913275 -0.00446557 0.0269038
 0.0251013 0.0224762 0.00871583 -0.00438306 0.0213363
 0.0202215 0.0179024 0.00821444 -0.00424762 0.0169465
 0.0166373 0.0145546 0.00783495 -0.0041794 0.0137082
 0 0 0 0 0
 0 0 0 0 0
 0 0 0 0 0
 0 0 0 0 0
 0 0 0 0 0
 0 0 0 0 0
 0 0 0 0 0
 0 0 0 0 0
 0 0 0 0 0
 0 0 0 0 0
 0 0 0 0 0
 0 0 0 0 0
 0 0 0 0 0
 0 0 0 0 0
 0 0 0 0 0
 0 0 0 0 0
 0 0 0 0 0
 0 0 0 0 0
 0 0 0 0 0
 0 0 0 0 0
 0 0 0 0 0
 0 0 0 0 0
 0 0 0 0 0
 0 0 0 0 0
 0 0 0 0 0
 0 0 0 0 0
 0 0 0 0 0
 0 0 0 0 0
 0 0 0 0 0
 0 0 0 0 0
 0 0 0 0 0
 0 0 0 0 0
 0 0 0 0 0
 0 0 0 0 0
 0 0 0 0 0
 0 0 0 0 0
 0 0 0 0 0
 0 0 0 0 0
 0 0 0 0 0
 0 0 0 0 0
 0 0 0 0 0
 0 0 0 0 0
 0 0 0 0 0
 0 0 0 0 0
 0 0 0 0 0
 0 0 0 0 0
 0 0 0 0 0
 0 0 0 0 0
 0 0 0 0 0
 0 0 0 0 0
 0 0 0 0 0
 0 0 0 0 0
 0 0 0 0 0
 0 0 0 0 0
 0 0 0 0 0
 0 0 0 0 0
 0 0 0 0 0
 0 0 0 0 0
 0 0 0 0 0
 0 0 0 0 0
 0 0 0 0 0
 0 0 0 0 0
 0 0 0 0 0
 0 0 0 0 0
 0 0 0 0 0
 0 0 0 0 0
 0 0 0 0 0
 0 0 0 0 0
 0 0 0 0 0
 0 0 0 0 0
 0 0 0 0 0
 0 0 0 0 0
 0 0 0 0 0
 0 0 0 0 0
 0 0 0 0 0
 0 0 0 0 0
 0 0 0 0 0
 0 0 0 0 0
 0 0 0 0 0
 0 0 0 0 0
 0 0 0 0 0
 0 0 0 0 0
 0 0 0 0 0
 0 0 0 0 0
 0 0 0 0 0
 0 0 0 0 0
 0 0 0 0 0
 0 0 0 0 0
 0 0 0 0 0
 0 0 0 0 0
 0 0 0 0 0
 0 0 0 0 0
 0 0 0 0 0
 0 0 0 0 0
 0 0 0 0 0
 0 0 0 0 0
 0 0 0 0 0
 0 0 0 0 0
 0 0 0 0 0
 0 0 0 0 0
 0 0 0 0 0
 0 0 0 0 0
 0 0 0 0 0
 0 0 0 0 0
 0 0 0 0 0
 0 0 0 0 0
 0 0 0 0 0
 0 0 0 0 0
 0 0 0 0 0
 0 0 0 0 0
 0 0 0 0 0
 2.70608 2.66216 0.0142854 -0.00559636 2.62167
 0.580991 0.565645 0.0133694 -0.00548516 0.55319
 0.246832 0.237683 0.012447 -0.00520529 0.231112
 0.132833 0.126437 0.0116295 -0.00505402 0.122367
 0.0799832 0.0752047 0.010581 -0.00471633 0.072469
 0.0555732 0.0516483 0.00989825 -0.00453494 0.0495843
 0.0395523 0.0363162 0.00920425 -0.00435382 0.0347327
 0.0308453 0.0279841 0.008862 -0.00432375 0.0266993
 0.0240253 0.021516 0.00839575 -0.00422252 0.0204325
 0.0193494 0.01714 0.00792246 -0.00410514 0.0162243
 0 0 0 0 0
 0 0 0 0 0
 0 0 0 0 0
 0 0 0 0 0
 0 0 0 0 0
 0 0 0 0 0
 0 0 0 0 0
 0 0 0 0 0
 0 0 0 0 0
 0 0 0 0 0
 0 0 0 0 0
 0 0 0 0 0
 0 0 0 0 0
 0 0 0 0 0
 0 0 0 0 0
 0 0 0 0 0
 0 0 0 0 0
 0 0 0 0 0
 0 0 0 0 0
 0 0 0 0 0
 0 0 0 0 0
 0 0 0 0 0
 0 0 0 0 0
 0 0 0 0 0
 0 0 0 0 0
 0 0 0 0 0
 0 0 0 0 0
 0 0 0 0 0
 0 0 0 0 0
 0 0 0 0 0
 0 0 0 0 0
 0 0 0 0 0
 0 0 0 0 0
 0 0 0 0 0
 0 0 0 0 0
 0 0 0 0 0
 0 0 0 0 0
 0 0 0 0 0
 0 0 0 0 0
 0 0 0 0 0
 0 0 0 0 0
 0 0 0 0 0
 0 0 0 0 0
 0 0 0 0 0
 0 0 0 0 0
 0 0 0 0 0
 0 0 0 0 0
 0 0 0 0 0
 0 0 0 0 0
 0 0 0 0 0
 0 0 0 0 0
 0 0 0 0 0
 0 0 0 0 0
 0 0 0 0 0
 0 0 0 0 0
 0 0 0 0 0
 0 0 0 0 0
 0 0 0 0 0
 0 0 0 0 0
 0 0 0 0 0
 0 0 0 0 0
 0 0 0 0 0
 0 0 0 0 0
 0 0 0 0 0
 0 0 0 0 0
 0 0 0 0 0
 0 0 0 0 0
 0 0 0 0 0
 0 0 0 0 0
 0 0 0 0 0
 0 0 0 0 0
 0 0 0 0 0
 0 0 0 0 0
 0 0 0 0 0
 0 0 0 0 0
 0 0 0 0 0
 0 0 0 0 0
 0 0 0 0 0
 0 0 0 0 0
 0 0 0 0 0
 0 0 0 0 0
 0 0 0 0 0
 0 0 0 0 0
 0 0 0 0 0
 0 0 0 0 0
 0 0 0 0 0
 0 0 0 0 0
 0 0 0 0 0
 0 0 0 0 0
 0 0 0 0 0
 0 0 0 0 0
 0 0 0 0 0
 0 0 0 0 0
 0 0 0 0 0
 0 0 0 0 0
 0 0 0 0 0
 0 0 0 0 0
 0 0 0 0 0
 0 0 0 0 0
 0 0 0 0 0
 0 0 0 0 0
 0 0 0 0 0
 0 0 0 0 0
 0 0 0 0 0
 0 0 0 0 0
 0 0 0 0 0
 0 0 0 0 0
 0 0 0 0 0
 0 0 0 0 0
 0 0 0 0 0
 0 0 0 0 0
 0 0 0 0 0
 2.80971 2.76494 0.0144644 -0.00564662 2.72367
 0.57485 0.559886 0.0131055 -0.00525658 0.547711
 0.235572 0.226924 0.0121 -0.00498732 0.220748
 0.129733 0.123551 0.0112537 -0.00480251 0.119582
 0.0822742 0.0774142 0.0107051 -0.00473442 0.0746087
 0.0546962 0.0508385 0.0099075 -0.00455989 0.048824
 0.0398398 0.0366178 0.00917808 -0.00431078 0.0350401
 0.0304702 0.0276648 0.00881333 -0.00426708 0.0263786
 0.024096 0.0215982 0.00844983 -0.00422188 0.0204955
 0 0 0 0 0
 0 0 0 0 0
 0 0 0 0 0
 0 0 0 0 0
 0 0 0 0 0
 0 0 0 0 0
 0 0 0 0 0
 0 0 0 0 0
 0 0 0 0 0
 0 0 0 0 0
 0 0 0 0 0
 0 0 0 0 0
 0 0 0 0 0
 0 0 0 0 0
 0 0 0 0 0
 0 0 0 0 0
 0 0 0 0 0
 0 0 0 0 0
 0 0 0 0 0
 0 0 0 0 0
 0 0 0 0 0
 0 0 0 0 0
 0 0 0 0 0
 0 0 0 0 0
 0 0 0 0 0
 0 0 0 0 0
 0 0 0 0 0
 0 0 0 0 0
 0 0 0 0 0
 0 0 0 0 0
 0 0 0 0 0
 0 0 0 0 0
 0 0 0 0 0
 0 0 0 0 0
 0 0 0 0 0
 0 0 0 0 0
 0 0 0 0 0
 0 0 0 0 0
 0 0 0 0 0
 0 0 0 0 0
 0 0 0 0 0
 0 0 0 0 0
 0 0 0 0 0
 0 0 0 0 0
 0 0 0 0 0
 0 0 0 0 0
 0 0 0 0 0
 0 0 0 0 0
 0 0 0 0 0
 0 0 0 0 0
 0 0 0 0 0
 0 0 0 0 0
 0 0 0 0 0
 0 0 0 0 0
 0 0 0 0 0
 0 0 0 0 0
 0 0 0 0 0
 0 0 0 0 0
 0 0 0 0 0
 0 0 0 0 0
 0 0 0 0 0
 0 0 0 0 0
 0 0 0 0 0
 0 0 0 0 0
 0 0 0 0 0
 0 0 0 0 0
 0 0 0 0 0
 0 0 0 0 0
 0 0 0 0 0
 0 0 0 0 0
 0 0 0 0 0
 0 0 0 0 0
 0 0 0 0 0
 0 0 0 0 0
 0 0 0 0 0
 0 0 0 0 0
 0 0 0 0 0
 0 0 0 0 0
 0 0 0 0 0
 0 0 0 0 0
 0 0 0 0 0
 0 0 0 0 0
 0 0 0 0 0
 0 0 0 0 0
 0 0 0 0 0
 0 0 0 0 0
 0 0 0 0 0
 0 0 0 0 0
 0 0 0 0 0
 0 0 0 0 0
 0 0 0 0 0
 0 0 0 0 0
 0 0 0 0 0
 0 0 0 0 0
 0 0 0 0 0
 0 0 0 0 0
 0 0 0 0 0
 0 0 0 0 0
 0 0 0 0 0
 0 0 0 0 0
 0 0 0 0 0
 0 0 0 0 0
 0 0 0 0 0
 0 0 0 0 0
 0 0 0 0 0
 0 0 0 0 0
 0 0 0 0 0
 0 0 0 0 0
 0 0 0 0 0
 0 0 0 0 0
 0 0 0 0 0
 0 0 0 0 0
 0 0 0 0 0
 2.88182 2.83671 0.0146217 -0.00565304 2.79504
 0.577228 0.562397 0.0129258 -0.0052237 0.550338
 0.240493 0.231783 0.0121028 -0.00497304 0.225489
 0.132371 0.126123 0.0113743 -0.00486808 0.122103
 0.0810849 0.0763415 0.0105859 -0.00466029 0.0736154
 0.0542198 0.0504542 0.009626 -0.00436213 0.0484723
 0.0399461 0.0367381 0.00912175 -0.00423843 0.0351859
 0.0298295 0.0271047 0.00863058 -0.0041342 0.0258668
 0 0 0 0 0
 0 0 0 0 0
 0 0 0 0 0
 0 0 0 0 0
 0 0 0 0 0
 0 0 0 0 0
 0 0 0 0 0
 0 0 0 0 0
 0 0 0 0 0
 0 0 0 0 0
 0 0 0 0 0
 0 0 0 0 0
 0 0 0 0 0
 0 0 0 0 0
 0 0 0 0 0
 0 0 0 0 0
 0 0 0 0 0
 0 0 0 0 0
 0 0 0 0 0
 0 0 0 0 0
 0 0 0 0 0
 0 0 0 0 0
 0 0 0 0 0
 0 0 0 0 0
 0 0 0 0 0
 0 0 0 0 0
 0 0 0 0 0
 0 0 0 0 0
 0 0 0 0 0
 0 0 0 0 0
 0 0 0 0 0
 0 0 0 0 0
 0 0 0 0 0
 0 0 0 0 0
 0 0 0 0 0
 0 0 0 0 0
 0 0 0 0 0
 0 0 0 0 0
 0 0 0 0 0
 0 0 0 0 0
 0 0 0 0 0
 0 0 0 0 0
 0 0 0 0 0
 0 0 0 0 0
 0 0 0 0 0
 0 0 0 0 0
 0 0 0 0 0
 0 0 0 0 0
 0 0 0 0 0
 0 0 0 0 0
 0 0 0 0 0
 0 0 0 0 0
 0 0 0 0 0
 0 0 0 0 0
 0 0 0 0 0
 0 0 0 0 0
 0 0 0 0 0
 0 0 0 0 0
 0 0 0 0 0
 0 0 0 0 0
 0 0 0 0 0
 0 0 0 0 0
 0 0 0 0 0
 0 0 0 0 0
 0 0 0 0 0
 0 0 0 0 0
 0 0 0 0 0
 0 0 0 0 0
 0 0 0 0 0
 0 0 0 0 0
 0 0 0 0 0
 0 0 0 0 0
 0 0 0 0 0
 0 0 0 0 0
 0 0 0 0 0
 0 0 0 0 0
 0 0 0 0 0
 0 0 0 0 0
 0 0 0 0 0
 0 0 0 0 0
 0 0 0 0 0
 0 0 0 0 0
 0 0 0 0 0
 0 0 0 0 0
 0 0 0 0 0
 0 0 0 0 0
 0 0 0 0 0
 0 0 0 0 0
 0 0 0 0 0
 0 0 0 0 0
 0 0 0 0 0
 0 0 0 0 0
 0 0 0 0 0
 0 0 0 0 0
 0 0 0 0 0
 0 0 0 0 0
 0 0 0 0 0
 0 0 0 0 0
 0 0 0 0 0
 0 0 0 0 0
 0 0 0 0 0
 0 0 0 0 0
 0 0 0 0 0
 0 0 0 0 0
 0 0 0 0 0
 0 0 0 0 0
 0 0 0 0 0
 0 0 0 0 0
 0 0 0 0 0
 0 0 0 0 0
 0 0 0 0 0
 0 0 0 0 0
 0 0 0 0 0
 0 0 0 0 0
 2.89038 2.8459 0.0143133 -0.00548624 2.80482
 0.585195 0.57038 0.0130545 -0.00521893 0.558309
 0.241093 0.232456 0.0119358 -0.0049257 0.226263
 0.128039 0.122064 0.0109284 -0.00461986 0.118222
 0.0790522 0.0744799 0.0101103 -0.00442214 0.0718331
 0.0533419 0.0496809 0.00946508 -0.00423282 0.0477251
 0.0392499 0.0361258 0.00899067 -0.00418875 0.0345988
 0 0 0 0 0
 0 0 0 0 0
 0 0 0 0 0
 0 0 0 0 0
 0 0 0 0 0
 0 0 0 0 0
 0 0 0 0 0
 0 0 0 0 0
 0 0 0 0 0
 0 0 0 0 0
 0 0 0 0 0
 0 0 0 0 0
 0 0 0 0 0
 0 0 0 0 0
 0 0 0 0 0
 0 0 0 0 0
 0 0 0 0 0
 0 0 0 0 0
 0 0 0 0 0
 0 0 0 0 0
 0 0 0 0 0
 0 0 0 0 0
 0 0 0 0 0
 0 0 0 0 0
 0 0 0 0 0
 0 0 0 0 0
 0 0 0 0 0
 0 0 0 0 0
 0 0 0 0 0
 0 0 0 0 0
 0 0 0 0 0
 0 0 0 0 0
 0 0 0 0 0
 0 0 0 0 0
 0 0 0 0 0
 0 0 0 0 0
 0 0 0 0 0
 0 0 0 0 0
 0 0 0 0 0
 0 0 0 0 0
 0 0 0 0 0
 0 0 0 0 0
 0 0 0 0 0
 0 0 0 0 0
 0 0 0 0 0
 0 0 0 0 0
 0 0 0 0 0
 0 0 0 0 0
 0 0 0 0 0
 0 0 0 0 0
 0 0 0 0 0
 0 0 0 0 0
 0 0 0 0 0
 0 0 0 0 0
 0 0 0 0 0
 0 0 0 0 0
 0 0 0 0 0
 0 0 0 0 0
 0 0 0 0 0
 0 0 0 0 0
 0 0 0 0 0
 0 0 0 0 0
 0 0 0 0 0
 0 0 0 0 0
 0 0 0 0 0
 0 0 0 0 0
 0 0 0 0 0
 0 0 0 0 0
 0 0 0 0 0
 0 0 0 0 0
 0 0 0 0 0
 0 0 0 0 0
 0 0 0 0 0
 0 0 0 0 0
 0 0 0 0 0
 0 0 0 0 0
 0 0 0 0 0
 0 0 0 0 0
 0 0 0 0 0
 0 0 0 0 0
 0 0 0 0 0
 0 0 0 0 0
 0 0 0 0 0
 0 0 0 0 0
 0 0 0 0 0
 0 0 0 0 0
 0 0 0 0 0
 0 0 0 0 0
 0 0 0 0 0
 0 0 0 0 0
 0 0 0 0 0
 0 0 0 0 0
 0 0 0 0 0
 0 0 0 0 0
 0 0 0 0 0
 0 0 0 0 0
 0 0 0 0 0
 0 0 0 0 0
 0 0 0 0 0
 0 0 0 0 0
 0 0 0 0 0
 0 0 0 0 0
 0 0 0 0 0
 0 0 0 0 0
 0 0 0 0 0
 0 0 0 0 0
 0 0 0 0 0
 0 0 0 0 0
 0 0 0 0 0
 0 0 0 0 0
 0 0 0 0 0
 0 0 0 0 0
 0 0 0 0 0
 0 0 0 0 0
 0 0 0 0 0
 2.87515 2.83168 0.0138435 -0.00527933 2.79147
 0.589847 0.575156 0.0126969 -0.00495506 0.563113
 0.243044 0.234439 0.0118705 -0.00479686 0.22821
 0.129287 0.12333 0.0107651 -0.0044317 0.119471
 0.0809143 0.0762966 0.0102967 -0.00445704 0.0736257
 0.0541858 0.050501 0.00938092 -0.0041865 0.0485368
 0 0 0 0 0
 0 0 0 0 0
 0 0 0 0 0
 0 0 0 0 0
 0 0 0 0 0
 0 0 0 0 0
 0 0 0 0 0
 0 0 0 0 0
 0 0 0 0 0
 0 0 0 0 0
 0 0 0 0 0
 0 0 0 0 0
 0 0 0 0 0
 0 0 0 0 0
 0 0 0 0 0
 0 0 0 0 0
 0 0 0 0 0
 0 0 0 0 0
 0 0 0 0 0
 0 0 0 0 0
 0 0 0 0 0
 0 0 0 0 0
 0 0 0 0 0
 0 0 0 0 0
 0 0 0 0 0
 0 0 0 0 0
 0 0 0 0 0
 0 0 0 0 0
 0 0 0 0 0
 0 0 0 0 0
 0 0 0 0 0
 0 0 0 0 0
 0 0 0 0 0
 0 0 0 0 0
 0 0 0 0 0
 0 0 0 0 0
 0 0 0 0 0
 0 0 0 0 0
 0 0 0 0 0
 0 0 0 0 0
 0 0 0 0 0
 0 0 0 0 0
 0 0 0 0 0
 0 0 0 0 0
 0 0 0 0 0
 0 0 0 0 0
 0 0 0 0 0
 0 0 0 0 0
 0 0 0 0 0
 0 0 0 0 0
 0 0 0 0 0
 0 0 0 0 0
 0 0 0 0 0
 0 0 0 0 0
 0 0 0 0 0
 0 0 0 0 0
 0 0 0 0 0
 0 0 0 0 0
 0 0 0 0 0
 0 0 0 0 0
 0 0 0 0 0
 0 0 0 0 0
 0 0 0 0 0
 0 0 0 0 0
 0 0 0 0 0
 0 0 0 0 0
 0 0 0 0 0
 0 0 0 0 0
 0 0 0 0 0
 0 0 0 0 0
 0 0 0 0 0
 0 0 0 0 0
 0 0 0 0 0
 0 0 0 0 0
 0 0 0 0 0
 0 0 0 0 0
 0 0 0 0 0
 0 0 0 0 0
 0 0 0 0 0
 0 0 0 0 0
 0 0 0 0 0
 0 0 0 0 0
 0 0 0 0 0
 0 0 0 0 0
 0 0 0 0 0
 0 0 0 0 0
 0 0 0 0 0
 0 0 0 0 0
 0 0 0 0 0
 0 0 0 0 0
 0 0 0 0 0
 0 0 0 0 0
 0 0 0 0 0
 0 0 0 0 0
 0 0 0 0 0
 0 0 0 0 0
 0 0 0 0 0
 0 0 0 0 0
 0 0 0 0 0
 0 0 0 0 0
 0 0 0 0 0
 0 0 0 0 0
 0 0 0 0 0
 0 0 0 0 0
 0 0 0 0 0
 0 0 0 0 0
 0 0 0 0 0
 0 0 0 0 0
 0 0 0 0 0
 0 0 0 0 0
 0 0 0 0 0
 0 0 0 0 0
 0 0 0 0 0
 0 0 0 0 0
 0 0 0 0 0
 0 0 0 0 0
 2.90815 2.86493 0.0137948 -0.00511811 2.82489
 0.585738 0.571303 0.0129191 -0.00510249 0.559553
 0.245419 0.236854 0.0117416 -0.00475297 0.230684
 0.128404 0.122548 0.0107625 -0.00453033 0.118763
 0.0802443 0.0757223 0.0101229 -0.00431073 0.0730844
 0 0 0 0 0
 0 0 0 0 0
 0 0 0 0 0
 0 0 0 0 0
 0 0 0 0 0
 0 0 0 0 0
 0 0 0 0 0
 0 0 0 0 0
 0 0 0 0 0
 0 0 0 0 0
 0 0 0 0 0
 0 0 0 0 0
 0 0 0 0 0
 0 0 0 0 0
 0 0 0 0 0
 0 0 0 0 0
 0 0 0 0 0
 0 0 0 0 0
 0 0 0 0 0
 0 0 0 0 0
 0 0 0 0 0
 0 0 0 0 0
 0 0 0 0 0
 0 0 0 0 0
 0 0 0 0 0
 0 0 0 0 0
 0 0 0 0 0
 0 0 0 0 0
 0 0 0 0 0
 0 0 0 0 0
 0 0 0 0 0
 0 0 0 0 0
 0 0 0 0 0
 0 0 0 0 0
 0 0 0 0 0
 0 0 0 0 0
 0 0 0 0 0
 0 0 0 0 0
 0 0 0 0 0
 0 0 0 0 0
 0 0 0 0 0
 0 0 0 0 0
 0 0 0 0 0
 0 0 0 0 0
 0 0 0 0 0
 0 0 0 0 0
 0 0 0 0 0
 0 0 0 0 0
 0 0 0 0 0
 0 0 0 0 0
 0 0 0 0 0
 0 0 0 0 0
 0 0 0 0 0
 0 0 0 0 0
 0 0 0 0 0
 0 0 0 0 0
 0 0 0 0 0
 0 0 0 0 0
 0 0 0 0 0
 0 0 0 0 0
 0 0 0 0 0
 0 0 0 0 0
 0 0 0 0 0
 0 0 0 0 0
 0 0 0 0 0
 0 0 0 0 0
 0 0 0 0 0
 0 0 0 0 0
 0 0 0 0 0
 0 0 0 0 0
 0 0 0 0 0
 0 0 0 0 0
 0 0 0 0 0
 0 0 0 0 0
 0 0 0 0 0
 0 0 0 0 0
 0 0 0 0 0
 0 0 0 0 0
 0 0 0 0 0
 0 0 0 0 0
 0 0 0 0 0
 0 0 0 0 0
 0 0 0 0 0
 0 0 0 0 0
 0 0 0 0 0
 0 0 0 0 0
 0 0 0 0 0
 0 0 0 0 0
 0 0 0 0 0
 0 0 0 0 0
 0 0 0 0 0
 0 0 0 0 0
 0 0 0 0 0
 0 0 0 0 0
 0 0 0 0 0
 0 0 0 0 0
 0 0 0 0 0
 0 0 0 0 0
 0 0 0 0 0
 0 0 0 0 0
 0 0 0 0 0
 0 0 0 0 0
 0 0 0 0 0
 0 0 0 0 0
 0 0 0 0 0
 0 0 0 0 0
 0 0 0 0 0
 0 0 0 0 0
 0 0 0 0 0
 0 0 0 0 0
 0 0 0 0 0
 0 0 0 0 0
 0 0 0 0 0
 0 0 0 0 0
 0 0 0 0 0
 0 0 0 0 0
 0 0 0 0 0
 2.94278 2.8998 0.0134442 -0.00503362 2.85992
 0.588425 0.574145 0.0125044 -0.00486417 0.562432
 0.244181 0.23575 0.0116833 -0.00462657 0.229604
 0.130742 0.124846 0.0109157 -0.00452254 0.12102
 0 0 0 0 0
 0 0 0 0 0
 0 0 0 0 0
 0 0 0 0 0
 0 0 0 0 0
 0 0 0 0 0
 0 0 0 0 0
 0 0 0 0 0
 0 0 0 0 0
 0 0 0 0 0
 0 0 0 0 0
 0 0 0 0 0
 0 0 0 0 0
 0 0 0 0 0
 0 0 0 0 0
 0 0 0 0 0
 0 0 0 0 0
 0 0 0 0 0
 0 0 0 0 0
 0 0 0 0 0
 0 0 0 0 0
 0 0 0 0 0
 0 0 0 0 0
 0 0 0 0 0
 0 0 0 0 0
 0 0 0 0 0
 0 0 0 0 0
 0 0 0 0 0
 0 0 0 0 0
 0 0 0 0 0
 0 0 0 0 0
 0 0 0 0 0
 0 0 0 0 0
 0 0 0 0 0
 0 0 0 0 0
 0 0 0 0 0
 0 0 0 0 0
 0 0 0 0 0
 0 0 0 0 0
 0 0 0 0 0
 0 0 0 0 0
 0 0 0 0 0
 0 0 0 0 0
 0 0 0 0 0
 0 0 0 0 0
 0 0 0 0 0
 0 0 0 0 0
 0 0 0 0 0
 0 0 0 0 0
 0 0 0 0 0
 0 0 0 0 0
 0 0 0 0 0
 0 0 0 0 0
 0 0 0 0 0
 0 0 0 0 0
 0 0 0 0 0
 0 0 0 0 0
 0 0 0 0 0
 0 0 0 0 0
 0 0 0 0 0
 0 0 0 0 0
 0 0 0 0 0
 0 0 0 0 0
 0 0 0 0 0
 0 0 0 0 0
 0 0 0 0 0
 0 0 0 0 0
 0 0 0 0 0
 0 0 0 0 0
 0 0 0 0 0
 0 0 0 0 0
 0 0 0 0 0
 0 0 0 0 0
 0 0 0 0 0
 0 0 0 0 0
 0 0 0 0 0
 0 0 0 0 0
 0 0 0 0 0
 0 0 0 0 0
 0 0 0 0 0
 0 0 0 0 0
 0 0 0 0 0
 0 0 0 0 0
 0 0 0 0 0
 0 0 0 0 0
 0 0 0 0 0
 0 0 0 0 0
 0 0 0 0 0
 0 0 0 0 0
 0 0 0 0 0
 0 0 0 0 0
 0 0 0 0 0
 0 0 0 0 0
 0 0 0 0 0
 0 0 0 0 0
 0 0 0 0 0
 0 0 0 0 0
 0 0 0 0 0
 0 0 0 0 0
 0 0 0 0 0
 0 0 0 0 0
 0 0 0 0 0
 0 0 0 0 0
 0 0 0 0 0
 0 0 0 0 0
 0 0 0 0 0
 0 0 0 0 0
 0 0 0 0 0
 0 0 0 0 0
 0 0 0 0 0
 0 0 0 0 0
 0 0 0 0 0
 0 0 0 0 0
 0 0 0 0 0
 0 0 0 0 0
 0 0 0 0 0
 0 0 0 0 0
 0 0 0 0 0
 3.03163 2.9881 0.0135453 -0.00502375 2.9477
 0.600406 0.586047 0.012474 -0.00485905 0.574287
 0.244823 0.236492 0.0113392 -0.00444744 0.230406
 0 0 0 0 0
 0 0 0 0 0
 0 0 0 0 0
 0 0 0 0 0
 0 0 0 0 0
 0 0 0 0 0
 0 0 0 0 0
 0 0 0 0 0
 0 0 0 0 0
 0 0 0 0 0
 0 0 0 0 0
 0 0 0 0 0
 0 0 0 0 0
 0 0 0 0 0
 0 0 0 0 0
 0 0 0 0 0
 0 0 0 0 0
 0 0 0 0 0
 0 0 0 0 0
 0 0 0 0 0
 0 0 0 0 0
 0 0 0 0 0
 0 0 0 0 0
 0 0 0 0 0
 0 0 0 0 0
 0 0 0 0 0
 0 0 0 0 0
 0 0 0 0 0
 0 0 0 0 0
 0 0 0 0 0
 0 0 0 0 0
 0 0 0 0 0
 0 0 0 0 0
 0 0 0 0 0
 0 0 0 0 0
 0 0 0 0 0
 0 0 0 0 0
 0 0 0 0 0
 0 0 0 0 0
 0 0 0 0 0
 0 0 0 0 0
 0 0 0 0 0
 0 0 0 0 0
 0 0 0 0 0
 0 0 0 0 0
 0 0 0 0 0
 0 0 0 0 0
 0 0 0 0 0
 0 0 0 0 0
 0 0 0 0 0
 0 0 0 0 0
 0 0 0 0 0
 0 0 0 0 0
 0 0 0 0 0
 0 0 0 0 0
 0 0 0 0 0
 0 0 0 0 0
 0 0 0 0 0
 0 0 0 0 0
 0 0 0 0 0
 0 0 0 0 0
 0 0 0 0 0
 0 0 0 0 0
 0 0 0 0 0
 0 0 0 0 0
 0 0 0 0 0
 0 0 0 0 0
 0 0 0 0 0
 0 0 0 0 0
 0 0 0 0 0
 0 0 0 0 0
 0 0 0 0 0
 0 0 0 0 0
 0 0 0 0 0
 0 0 0 0 0
 0 0 0 0 0
 0 0 0 0 0
 0 0 0 0 0
 0 0 0 0 0
 0 0 0 0 0
 0 0 0 0 0
 0 0 0 0 0
 0 0 0 0 0
 0 0 0 0 0
 0 0 0 0 0
 0 0 0 0 0
 0 0 0 0 0
 0 0 0 0 0
 0 0 0 0 0
 0 0 0 0 0
 0 0 0 0 0
 0 0 0 0 0
 0 0 0 0 0
 0 0 0 0 0
 0 0 0 0 0
 0 0 0 0 0
 0 0 0 0 0
 0 0 0 0 0
 0 0 0 0 0
 0 0 0 0 0
 0 0 0 0 0
 0 0 0 0 0
 0 0 0 0 0
 0 0 0 0 0
 0 0 0 0 0
 0 0 0 0 0
 0 0 0 0 0
 0 0 0 0 0
 0 0 0 0 0
 0 0 0 0 0
 0 0 0 0 0
 0 0 0 0 0
 0 0 0 0 0
 0 0 0 0 0
 0 0 0 0 0
 0 0 0 0 0
 0 0 0 0 0
 0 0 0 0 0
 0 0 0 0 0
 3.12159 3.07751 0.0135612 -0.00498575 3.03655
 0.605327 0.591041 0.0124423 -0.0047304 0.579323
 0 0 0 0 0
 0 0 0 0 0
 0 0 0 0 0
 0 0 0 0 0
 0 0 0 0 0
 0 0 0 0 0
 0 0 0 0 0
 0 0 0 0 0
 0 0 0 0 0
 0 0 0 0 0
 0 0 0 0 0
 0 0 0 0 0
 0 0 0 0 0
 0 0 0 0 0
 0 0 0 0 0
 0 0 0 0 0
 0 0 0 0 0
 0 0 0 0 0
 0 0 0 0 0
 0 0 0 0 0
 0 0 0 0 0
 0 0 0 0 0
 0 0 0 0 0
 0 0 0 0 0
 0 0 0 0 0
 0 0 0 0 0
 0 0 0 0 0
 0 0 0 0 0
 0 0 0 0 0
 0 0 0 0 0
 0 0 0 0 0
 0 0 0 0 0
 0 0 0 0 0
 0 0 0 0 0
 0 0 0 0 0
 0 0 0 0 0
 0 0 0 0 0
 0 0 0 0 0
 0 0 0 0 0
 0 0 0 0 0
 0 0 0 0 0
 0 0 0 0 0
 0 0 0 0 0
 0 0 0 0 0
 0 0 0 0 0
 0 0 0 0 0
 0 0 0 0 0
 0 0 0 0 0
 0 0 0 0 0
 0 0 0 0 0
 0 0 0 0 0
 0 0 0 0 0
 0 0 0 0 0
 0 0 0 0 0
 0 0 0 0 0
 0 0 0 0 0
 0 0 0 0 0
 0 0 0 0 0
 0 0 0 0 0
 0 0 0 0 0
 0 0 0 0 0
 0 0 0 0 0
 0 0 0 0 0
 0 0 0 0 0
 0 0 0 0 0
 0 0 0 0 0
 0 0 0 0 0
 0 0 0 0 0
 0 0 0 0 0
 0 0 0 0 0
 0 0 0 0 0
 0 0 0 0 0
 0 0 0 0 0
 0 0 0 0 0
 0 0 0 0 0
 0 0 0 0 0
 0 0 0 0 0
 0 0 0 0 0
 0 0 0 0 0
 0 0 0 0 0
 0 0 0 0 0
 0 0 0 0 0
 0 0 0 0 0
 0 0 0 0 0
 0 0 0 0 0
 0 0 0 0 0
 0 0 0 0 0
 0 0 0 0 0
 0 0 0 0 0
 0 0 0 0 0
 0 0 0 0 0
 0 0 0 0 0
 0 0 0 0 0
 0 0 0 0 0
 0 0 0 0 0
 0 0 0 0 0
 0 0 0 0 0
 0 0 0 0 0
 0 0 0 0 0
 0 0 0 0 0
 0 0 0 0 0
 0 0 0 0 0
 0 0 0 0 0
 0 0 0 0 0
 0 0 0 0 0
 0 0 0 0 0
 0 0 0 0 0
 0 0 0 0 0
 0 0 0 0 0
 0 0 0 0 0
 0 0 0 0 0
 0 0 0 0 0
 0 0 0 0 0
 0 0 0 0 0
 0 0 0 0 0
 0 0 0 0 0
 0 0 0 0 0
 0 0 0 0 0
 0 0 0 0 0
 0 0 0 0 0
 3.17477 3.13072 0.0136063 -0.00491713 3.08975
