Valencia2020 O16 pn: per nucleon, W in GeV^-1; converted from MeV^-1
8 16 MEC_Valencia2020_pn 121 121
0 0.0000 0.0100 0 0.0000 0.0100
 0 0 0 0 0
 0 0 0 0 0
 0 0 0 0 0
 0 0 0 0 0
 0 0 0 0 0
 0 0 0 0 0
 0 0 0 0 0
 0 0 0 0 0
 0 0 0 0 0
 0 0 0 0 0
 0 0 0 0 0
 0 0 0 0 0
 0 0 0 0 0
 0 0 0 0 0
 0 0 0 0 0
 0 0 0 0 0
 0 0 0 0 0
 0 0 0 0 0
 0 0 0 0 0
 0 0 0 0 0
 0 0 0 0 0
 0 0 0 0 0
 0 0 0 0 0
 0 0 0 0 0
 0 0 0 0 0
 0 0 0 0 0
 0 0 0 0 0
 0 0 0 0 0
 0 0 0 0 0
 0 0 0 0 0
 0 0 0 0 0
 0 0 0 0 0
 0 0 0 0 0
 0 0 0 0 0
 0 0 0 0 0
 0 0 0 0 0
 0 0 0 0 0
 0 0 0 0 0
 0 0 0 0 0
 0 0 0 0 0
 0 0 0 0 0
 0 0 0 0 0
 0 0 0 0 0
 0 0 0 0 0
 0 0 0 0 0
 0 0 0 0 0
 0 0 0 0 0
 0 0 0 0 0
 0 0 0 0 0
 0 0 0 0 0
 0 0 0 0 0
 0 0 0 0 0
 0 0 0 0 0
 0 0 0 0 0
 0 0 0 0 0
 0 0 0 0 0
 0 0 0 0 0
 0 0 0 0 0
 0 0 0 0 0
 0 0 0 0 0
 0 0 0 0 0
 0 0 0 0 0
 0 0 0 0 0
 0 0 0 0 0
 0 0 0 0 0
 0 0 0 0 0
 0 0 0 0 0
 0 0 0 0 0
 0 0 0 0 0
 0 0 0 0 0
 0 0 0 0 0
 0 0 0 0 0
 0 0 0 0 0
 0 0 0 0 0
 0 0 0 0 0
 0 0 0 0 0
 0 0 0 0 0
 0 0 0 0 0
 0 0 0 0 0
 0 0 0 0 0
 0 0 0 0 0
 0 0 0 0 0
 0 0 0 0 0
 0 0 0 0 0
 0 0 0 0 0
 0 0 0 0 0
 0 0 0 0 0
 0 0 0 0 0
 0 0 0 0 0
 0 0 0 0 0
 0 0 0 0 0
 0 0 0 0 0
 0 0 0 0 0
 0 0 0 0 0
 0 0 0 0 0
 0 0 0 0 0
 0 0 0 0 0
 0 0 0 0 0
 0 0 0 0 0
 0 0 0 0 0
 0 0 0 0 0
 0 0 0 0 0
 0 0 0 0 0
 0 0 0 0 0
 0 0 0 0 0
 0 0 0 0 0
 0 0 0 0 0
 0 0 0 0 0
 0 0 0 0 0
 0 0 0 0 0
 0 0 0 0 0
 0 0 0 0 0
 0 0 0 0 0
 0 0 0 0 0
 0 0 0 0 0
 0 0 0 0 0
 0 0 0 0 0
 0 0 0 0 0
 0 0 0 0 0
 0 0 0 0 0
 0 0 0 0 0
 0 0 0 0 0
 -0.000623939 -7.81787e-05 0.00226351 -4.90209e-05 0.00218489
 -0.00163547 -0.000156398 0.00449644 -0.000333592 0.00408139
 -0.00272839 -0.000250712 0.00706431 -0.0008574 0.00584119
 -0.00352653 -0.00031485 0.00876712 -0.00149008 0.00654806
 -0.00427919 -0.000395625 0.0110572 -0.00238486 0.00723412
 -0.00491859 -0.000457906 0.0131073 -0.00343796 0.00755737
 -0.00524899 -0.000507888 0.0144998 -0.00442105 0.00739606
 -0.00528461 -0.000548885 0.0154497 -0.00530398 0.00678494
 -0.00553589 -0.000575853 0.0166036 -0.00637887 0.0063985
 -0.00532387 -0.000583721 0.0168572 -0.007079 0.00558004
 -0.00520568 -0.000589271 0.0167951 -0.00765494 0.00482582
 -0.00476113 -0.000586386 0.0160968 -0.00789631 0.003966
 -0.00444813 -0.000571822 0.0157789 -0.00822969 0.00329867
 -0.00419171 -0.000562329 0.0150281 -0.00830506 0.00270887
 -0.00367667 -0.000523888 0.0138947 -0.00808075 0.00209319
 -0.00327534 -0.000500732 0.012711 -0.00773363 0.00154673
 -0.00289937 -0.000459574 0.0116821 -0.00745312 0.00115929
 -0.00256331 -0.000428379 0.0105096 -0.00699713 0.000809431
 -0.00213898 -0.000383892 0.00928656 -0.00640006 0.000513445
 -0.00191767 -0.000349822 0.00847169 -0.00604545 0.000302638
 -0.00153406 -0.000311656 0.00738431 -0.00543339 0.000113482
 -0.00131425 -0.000274215 0.00644225 -0.00488721 -1.60097e-05
 -0.00107375 -0.000241945 0.00561417 -0.00438317 -0.00013281
 -0.000867825 -0.000207938 0.00489057 -0.00389848 -0.000209336
 -0.000717544 -0.000183248 0.00425444 -0.00348383 -0.000255755
 -0.000581163 -0.000156906 0.00368028 -0.00307618 -0.000299204
 -0.000427384 -0.000132633 0.00312747 -0.00267584 -0.000330046
 -0.000356839 -0.000114221 0.00274946 -0.00239469 -0.000326568
 -0.000268726 -9.57519e-05 0.00237754 -0.00209856 -0.000339201
 -0.000213147 -8.20194e-05 0.0020523 -0.00184219 -0.000321735
 -0.000157384 -6.86988e-05 0.00174821 -0.00159588 -0.000321508
 -0.000110708 -5.72309e-05 0.00151439 -0.00139754 -0.000306176
 -8.14744e-05 -4.69393e-05 0.00128682 -0.00120133 -0.000290967
 -5.76724e-05 -3.93816e-05 0.00109627 -0.00103882 -0.000278559
 -3.99046e-05 -3.33181e-05 0.000967744 -0.000922362 -0.000256269
 -2.36092e-05 -2.64099e-05 0.000818094 -0.000787906 -0.000231296
 -1.07804e-05 -2.12394e-05 0.000705462 -0.000683944 -0.000212771
 -8.84344e-08 -1.66751e-05 0.000597167 -0.000585673 -0.000199223
 4.3387e-06 -1.37685e-05 0.000521691 -0.000513014 -0.000179853
 9.31369e-06 -1.09494e-05 0.000446344 -0.000439654 -0.000158126
 1.34484e-05 -8.614e-06 0.000382029 -0.000377444 -0.000144929
 1.68231e-05 -6.268e-06 0.000322603 -0.000322176 -0.000125076
 1.93747e-05 -4.38453e-06 0.000281494 -0.000280138 -0.00011352
 2.03586e-05 -2.87073e-06 0.000239366 -0.000238857 -0.000103507
 2.12394e-05 -2.24544e-06 0.000211481 -0.000210522 -8.822e-05
 2.19256e-05 -1.04511e-06 0.000178747 -0.000178392 -7.36019e-05
 2.17018e-05 -2.32634e-07 0.000154671 -0.000153657 -6.21231e-05
 2.14476e-05 1.94374e-07 0.000134136 -0.000133393 -5.48852e-05
 2.12116e-05 7.77012e-07 0.000114783 -0.000113262 -4.57627e-05
 2.01793e-05 1.05997e-06 9.65088e-05 -9.53006e-05 -3.78316e-05
 1.98729e-05 1.19894e-06 8.24488e-05 -8.07387e-05 -3.11773e-05
 1.91376e-05 1.38695e-06 7.09025e-05 -6.87481e-05 -2.34485e-05
 1.86714e-05 1.69912e-06 5.96829e-05 -5.77129e-05 -1.9478e-05
 1.78579e-05 1.64727e-06 5.05652e-05 -4.82592e-05 -1.6094e-05
 1.66478e-05 1.69305e-06 4.15384e-05 -3.93789e-05 -1.25683e-05
 1.61707e-05 1.7544e-06 3.53802e-05 -3.32083e-05 -9.98106e-06
 1.51141e-05 1.64396e-06 2.97794e-05 -2.77407e-05 -7.58787e-06
 1.37542e-05 1.48456e-06 2.46094e-05 -2.26313e-05 -5.63763e-06
 1.31012e-05 1.50017e-06 2.05283e-05 -1.87389e-05 -4.81529e-06
 1.23384e-05 1.356e-06 1.76129e-05 -1.56703e-05 -3.33037e-06
 1.12449e-05 1.25178e-06 1.45005e-05 -1.28174e-05 -2.36103e-06
 1.02942e-05 1.15481e-06 1.201e-05 -1.05539e-05 -1.91453e-06
 9.30475e-06 1.08361e-06 9.88606e-06 -8.60887e-06 -1.53303e-06
 8.611e-06 9.85175e-07 8.35112e-06 -7.13613e-06 -1.15217e-06
 7.88231e-06 9.05094e-07 7.00644e-06 -5.90534e-06 -8.641e-07
 7.15344e-06 8.04287e-07 5.84854e-06 -4.83302e-06 -6.64575e-07
 6.46213e-06 6.97388e-07 4.82544e-06 -3.92863e-06 -3.3991e-07
 5.82364e-06 6.41862e-07 3.97548e-06 -3.20426e-06 -3.43416e-07
 5.17641e-06 5.54511e-07 3.23725e-06 -2.56891e-06 -2.25311e-07
 4.71023e-06 4.96363e-07 2.6989e-06 -2.11619e-06 -1.70354e-07
 4.23671e-06 4.37334e-07 2.27577e-06 -1.74482e-06 -8.76563e-08
 3.74769e-06 3.86474e-07 1.83828e-06 -1.38351e-06 -7.56644e-08
 3.34339e-06 3.27322e-07 1.51095e-06 -1.12639e-06 -1.29183e-09
 2.95889e-06 3.00652e-07 1.24181e-06 -9.2135e-07 -6.12687e-08
 2.5989e-06 2.5688e-07 1.01205e-06 -7.38694e-07 -1.91727e-08
 2.34209e-06 2.16719e-07 8.30494e-07 -6.05378e-07 2.06013e-08
 2.03128e-06 1.90526e-07 6.69769e-07 -4.82646e-07 4.76645e-09
 1.78254e-06 1.65203e-07 5.53077e-07 -3.95229e-07 7.423e-09
 1.5566e-06 1.38067e-07 4.55397e-07 -3.22184e-07 2.17216e-08
 1.34322e-06 1.22876e-07 3.63596e-07 -2.60409e-07 -4.8862e-09
 1.15298e-06 9.96244e-08 2.90823e-07 -2.04408e-07 1.1774e-08
 9.87113e-07 8.44219e-08 2.32757e-07 -1.64161e-07 7.66256e-09
 8.52481e-07 7.04775e-08 1.87753e-07 -1.35139e-07 8.47875e-09
 7.18756e-07 5.80861e-08 1.49964e-07 -1.08388e-07 1.27697e-08
 5.89188e-07 4.88209e-08 1.1485e-07 -8.33956e-08 2.05666e-09
 5.18103e-07 4.17891e-08 9.61937e-08 -6.94344e-08 4.76746e-09
 4.1387e-07 3.36151e-08 7.26737e-08 -5.25085e-08 -2.66339e-09
 3.51072e-07 2.80177e-08 5.79256e-08 -4.25343e-08 -1.53268e-09
 2.95741e-07 2.29801e-08 4.67571e-08 -3.52484e-08 -5.64309e-10
 2.28509e-07 1.75131e-08 3.40721e-08 -2.56941e-08 -1.55137e-09
 1.98889e-07 1.51431e-08 2.83718e-08 -2.21093e-08 -2.01192e-09
 1.44659e-07 1.07832e-08 1.98673e-08 -1.52996e-08 -1.7502e-09
 1.16022e-07 8.58894e-09 1.52781e-08 -1.24443e-08 -1.88343e-09
 9.1235e-08 6.40988e-09 1.13829e-08 -9.15244e-09 -3.05574e-10
 6.837e-08 4.66455e-09 8.27731e-09 -6.77075e-09 -1.27671e-10
 4.94309e-08 3.17299e-09 5.81472e-09 -5.00252e-09 5.79716e-10
 3.90061e-08 2.50189e-09 4.41443e-09 -3.83871e-09 2.37539e-10
 2.66131e-08 1.73732e-09 2.94942e-09 -2.60659e-09 -2.42068e-10
 2.03955e-08 1.12567e-09 2.18071e-09 -1.97e-09 6.4375e-10
 1.36171e-08 8.20138e-10 1.42484e-09 -1.31025e-09 3.48553e-11
 8.59781e-09 4.81885e-10 8.83356e-10 -8.38462e-10 1.23851e-10
 5.29639e-09 2.89161e-10 5.41503e-10 -5.29676e-10 7.79175e-11
 2.75077e-09 1.45928e-10 2.78747e-10 -2.79215e-10 3.96978e-11
 1.22084e-09 5.73794e-11 1.22306e-10 -1.24636e-10 4.73761e-11
 5.16741e-10 2.48188e-11 5.09501e-11 -5.39306e-11 1.38845e-11
 2.06151e-10 9.63144e-12 2.04552e-11 -2.16222e-11 5.41743e-12
 3.94551e-11 1.81099e-12 3.85413e-12 -4.20173e-12 9.90138e-13
 3.05605e-12 1.17086e-13 3.00481e-13 -3.33027e-13 1.61814e-13
 4.87303e-14 1.97722e-15 4.95825e-15 -5.56846e-15 1.56725e-15
 0 0 0 0 0
 0 0 0 0 0
 0 0 0 0 0
 0 0 0 0 0
 0 0 0 0 0
 0 0 0 0 0
 0 0 0 0 0
 0 0 0 0 0
 0 0 0 0 0
 0 0 0 0 0
 0 0 0 0 0
 0 0 0 0 0
 0 0 0 0 0
 0.00285389 -0.000142761 0.00321139 -8.92281e-05 0.00278784
 0.00212232 -0.000406974 0.00578819 -0.000561451 0.00464953
 0.000364674 -0.0007629 0.00917881 -0.00140993 0.0064825
 -0.00050719 -0.00104905 0.012381 -0.00255288 0.00773425
 -0.00203353 -0.00136548 0.0158079 -0.00405191 0.00841931
 -0.00322638 -0.00159028 0.0199962 -0.00617576 0.00924062
 -0.00454737 -0.00187918 0.0232317 -0.00818319 0.00897825
 -0.00565641 -0.00207924 0.0276908 -0.0108316 0.00890006
 -0.00692894 -0.00230231 0.0307182 -0.0133408 0.00851281
 -0.00802888 -0.00247938 0.0337659 -0.0159227 0.00778612
 -0.00853056 -0.00261196 0.035084 -0.0178035 0.006646
 -0.00913194 -0.00265996 0.0373014 -0.0202056 0.00573
 -0.0101169 -0.00276021 0.0383879 -0.0219476 0.00477876
 -0.0104143 -0.00277751 0.0388338 -0.0233331 0.00379368
 -0.0106677 -0.00274729 0.0390999 -0.0245504 0.00294861
 -0.0103105 -0.00265989 0.0381098 -0.0248752 0.00186486
 -0.00988431 -0.00257115 0.0367663 -0.0249998 0.00104077
 -0.00974944 -0.00243605 0.0354197 -0.0249679 0.000409668
 -0.00876631 -0.00229856 0.0329801 -0.0240419 -0.000340063
 -0.00832906 -0.00213139 0.0315317 -0.0236962 -0.000727381
 -0.00758062 -0.00196818 0.0291309 -0.0225289 -0.00121506
 -0.00678744 -0.00179441 0.0269055 -0.0212607 -0.00150215
 -0.00617019 -0.00161505 0.0242868 -0.0197109 -0.00184205
 -0.00537433 -0.00144193 0.022049 -0.0182697 -0.00192848
 -0.00476489 -0.00125995 0.0200246 -0.016905 -0.00210901
 -0.00417398 -0.00110164 0.0180311 -0.0155666 -0.0020954
 -0.00368883 -0.000984656 0.0164368 -0.0144516 -0.00216429
 -0.00310583 -0.000852494 0.0147314 -0.0131832 -0.00216372
 -0.00265352 -0.000734625 0.0129254 -0.0116944 -0.00206937
 -0.00220284 -0.000619136 0.0113625 -0.0104412 -0.00205892
 -0.0018674 -0.000536019 0.0100584 -0.00935681 -0.00193666
 -0.00145986 -0.000442124 0.00878875 -0.008291 -0.00183238
 -0.00122609 -0.000379387 0.00782756 -0.00742331 -0.00171564
 -0.000943731 -0.000314263 0.00676606 -0.00647962 -0.00161847
 -0.00072905 -0.00025649 0.00589632 -0.0056917 -0.00154035
 -0.000539397 -0.000212189 0.00507633 -0.00495566 -0.00140988
 -0.000402616 -0.000172144 0.00439546 -0.00429878 -0.00130429
 -0.000297146 -0.000140383 0.00386953 -0.0038113 -0.00119221
 -0.000175914 -0.000109059 0.00331871 -0.00328701 -0.00104344
 -9.49875e-05 -8.35644e-05 0.00290587 -0.00287657 -0.000975138
 -4.25216e-05 -6.81506e-05 0.0024804 -0.00247106 -0.00085615
 1.46484e-06 -4.96533e-05 0.00219965 -0.00219174 -0.000732431
 4.57642e-05 -3.88659e-05 0.00189226 -0.00188367 -0.000666275
 7.78813e-05 -2.44256e-05 0.00165032 -0.00164569 -0.000574061
 9.85131e-05 -1.44803e-05 0.00141064 -0.00140637 -0.000512229
 0.000117518 -6.75837e-06 0.00123164 -0.00121848 -0.000443648
 0.000122844 -2.21637e-06 0.00105715 -0.00104086 -0.000368419
 0.000132132 2.30286e-06 0.000913425 -0.00089715 -0.000316117
 0.000134834 7.01363e-06 0.000776175 -0.000760562 -0.000245613
 0.000135493 9.80081e-06 0.000659619 -0.000643388 -0.000217236
 0.000136867 1.19309e-05 0.000569344 -0.000553698 -0.000181761
 0.000134895 1.33859e-05 0.000475151 -0.000457901 -0.000147188
 0.000131648 1.43441e-05 0.000398221 -0.000379663 -0.000120106
 0.000128049 1.49086e-05 0.000338355 -0.00032054 -9.70656e-05
 0.000119346 1.43562e-05 0.000276019 -0.000259142 -7.85994e-05
 0.000114361 1.36724e-05 0.000237014 -0.000219662 -5.79106e-05
 0.000106541 1.36626e-05 0.000196914 -0.000181172 -4.75437e-05
 0.000101328 1.32176e-05 0.000164514 -0.000148389 -3.7934e-05
 9.18419e-05 1.15226e-05 0.000135047 -0.000122015 -2.69672e-05
 8.65275e-05 1.10707e-05 0.000114996 -0.000101977 -2.13026e-05
 7.90112e-05 9.99175e-06 9.50337e-05 -8.27556e-05 -1.43211e-05
 7.28638e-05 9.43156e-06 7.89913e-05 -6.81225e-05 -1.16416e-05
 6.65419e-05 8.46875e-06 6.66262e-05 -5.62885e-05 -9.08637e-06
 6.14006e-05 7.59194e-06 5.54744e-05 -4.65391e-05 -6.06642e-06
 5.56283e-05 7.01131e-06 4.54266e-05 -3.74434e-05 -5.01174e-06
 4.98241e-05 6.17888e-06 3.80367e-05 -3.09358e-05 -3.55766e-06
 4.58489e-05 5.63718e-06 3.21381e-05 -2.5891e-05 -2.62358e-06
 4.16944e-05 4.98103e-06 2.68538e-05 -2.10533e-05 -1.4382e-06
 3.67766e-05 4.33466e-06 2.14973e-05 -1.66359e-05 -1.17723e-06
 3.30576e-05 3.81044e-06 1.79983e-05 -1.39626e-05 -7.03994e-07
 2.93479e-05 3.29583e-06 1.459e-05 -1.10083e-05 -1.56598e-07
 2.66733e-05 3.00806e-06 1.2435e-05 -9.36844e-06 -2.18759e-07
 2.3635e-05 2.67859e-06 1.01238e-05 -7.43475e-06 -2.59433e-07
 2.06172e-05 2.22843e-06 8.17581e-06 -5.93479e-06 1.03979e-07
 1.80003e-05 1.91944e-06 6.68213e-06 -4.82621e-06 1.40318e-07
 1.57619e-05 1.64264e-06 5.45071e-06 -3.93594e-06 1.64953e-07
 1.37443e-05 1.36733e-06 4.36094e-06 -3.10232e-06 3.32981e-07
 1.21534e-05 1.21855e-06 3.60964e-06 -2.55528e-06 2.30654e-07
 1.03208e-05 1.02239e-06 2.88508e-06 -2.07849e-06 1.73482e-07
 9.12469e-06 8.71781e-07 2.37987e-06 -1.68996e-06 2.466e-07
 7.84494e-06 7.32669e-07 1.88668e-06 -1.33063e-06 2.34656e-07
 6.60812e-06 6.17447e-07 1.51368e-06 -1.07511e-06 1.17986e-07
 5.42252e-06 5.01577e-07 1.14536e-06 -8.03325e-07 9.02675e-08
 4.7871e-06 4.31084e-07 9.6805e-07 -6.87456e-07 1.01567e-07
 4.04206e-06 3.58686e-07 7.61744e-07 -5.46404e-07 7.75319e-08
 3.32719e-06 2.86902e-07 6.02899e-07 -4.41021e-07 8.50438e-08
 2.88292e-06 2.39879e-07 4.90311e-07 -3.58687e-07 8.77875e-08
 2.34085e-06 1.96052e-07 3.78821e-07 -2.82196e-07 5.09183e-08
 1.94893e-06 1.57094e-07 3.03021e-07 -2.30134e-07 5.03528e-08
 1.46433e-06 1.16038e-07 2.15666e-07 -1.66773e-07 3.66529e-08
 1.23511e-06 9.65288e-08 1.74792e-07 -1.36566e-07 2.98391e-08
 9.90819e-07 7.58812e-08 1.33755e-07 -1.06841e-07 2.44389e-08
 7.76081e-07 5.75519e-08 1.01299e-07 -8.39438e-08 2.13956e-08
 6.27706e-07 4.44116e-08 7.88312e-08 -6.56344e-08 2.26173e-08
 4.64014e-07 3.27633e-08 5.69897e-08 -4.87034e-08 1.40592e-08
 3.50897e-07 2.39219e-08 4.23203e-08 -3.69391e-08 1.25791e-08
 2.60246e-07 1.72883e-08 3.03087e-08 -2.71634e-08 9.02688e-09
 1.83316e-07 1.17861e-08 2.07564e-08 -1.88075e-08 6.91094e-09
 1.38364e-07 8.53731e-09 1.53245e-08 -1.42731e-08 6.17156e-09
 8.85131e-08 5.25579e-09 9.73256e-09 -9.25031e-09 4.24341e-09
 5.947e-08 3.54586e-09 6.44444e-09 -6.35887e-09 2.30299e-09
 3.88627e-08 2.26145e-09 4.11061e-09 -4.14144e-09 1.55488e-09
 2.33656e-08 1.28894e-09 2.48321e-09 -2.54906e-09 1.08847e-09
 1.38776e-08 7.33413e-10 1.45889e-09 -1.51855e-09 7.14169e-10
 6.87038e-09 3.55961e-10 7.1125e-10 -7.65644e-10 3.31119e-10
 3.52432e-09 1.77294e-10 3.66248e-10 -3.99444e-10 1.72761e-10
 1.21382e-09 6.05868e-11 1.25018e-10 -1.40184e-10 5.18871e-11
 4.49016e-10 2.18616e-11 4.61347e-11 -5.23136e-11 1.86327e-11
 1.40518e-10 6.95556e-12 1.44197e-11 -1.65569e-11 3.95798e-12
 2.28149e-11 1.12739e-12 2.34284e-12 -2.72691e-12 4.9649e-13
 5.83437e-13 3.60522e-14 6.14576e-14 -7.23144e-14 -2.98915e-14
 0 0 0 0 0
 0 0 0 0 0
 0 0 0 0 0
 0 0 0 0 0
 0 0 0 0 0
 0 0 0 0 0
 0 0 0 0 0
 0 0 0 0 0
 0 0 0 0 0
 0 0 0 0 0
 0 0 0 0 0
 0.0120225 0.00038834 -0.00111583 -0.000163897 -0.0019195
 0.0120649 0.000147478 0.00147582 -0.000629538 -0.000235169
 0.0110512 -0.000330319 0.00411016 -0.00132796 0.000971212
 0.0106356 -0.000718844 0.00758419 -0.00257226 0.00200741
 0.00961413 -0.00124788 0.0113033 -0.00423927 0.00266499
 0.00787162 -0.00183185 0.0156729 -0.00638 0.00285776
 0.0065965 -0.00226651 0.0195705 -0.00880119 0.00274788
 0.00543064 -0.00265726 0.0244582 -0.0118939 0.00298837
 0.0033467 -0.00316959 0.0287734 -0.0151578 0.00212497
 0.00261453 -0.00345257 0.0319343 -0.0179687 0.00168725
 -0.000339926 -0.00392757 0.0378989 -0.0223364 0.00165435
 -0.00268026 -0.00430854 0.0414385 -0.0255677 0.000419328
 -0.00447359 -0.00451154 0.0441071 -0.0288015 -0.000327327
 -0.00669 -0.00486648 0.0466272 -0.0314365 -0.00107622
 -0.00789556 -0.0049908 0.0490003 -0.0341383 -0.00181036
 -0.00862637 -0.00496646 0.0499295 -0.0360619 -0.00271529
 -0.00952163 -0.00501913 0.0513292 -0.0378607 -0.00307083
 -0.0106814 -0.00501015 0.0512376 -0.0391064 -0.00391018
 -0.0103089 -0.00480353 0.0492202 -0.0383394 -0.00450453
 -0.0106551 -0.00458367 0.0495724 -0.039313 -0.00480233
 -0.0103079 -0.00437147 0.0470931 -0.0384959 -0.00541269
 -0.0103982 -0.00408439 0.0457189 -0.0381419 -0.00540479
 -0.00982875 -0.00379509 0.0437166 -0.0371932 -0.00561839
 -0.00985681 -0.0035137 0.0419456 -0.036404 -0.00567978
 -0.00871931 -0.00313971 0.0391432 -0.0343684 -0.00565474
 -0.00816319 -0.00284991 0.0366661 -0.0326685 -0.00572636
 -0.00735262 -0.0025553 0.0335644 -0.0305093 -0.00555626
 -0.00679944 -0.00228186 0.0310311 -0.0285519 -0.00554096
 -0.00595624 -0.00201178 0.0280834 -0.0261306 -0.00515234
 -0.00514314 -0.00172445 0.0260027 -0.0243658 -0.00488641
 -0.00451742 -0.00150253 0.0231581 -0.0220074 -0.0047012
 -0.00400822 -0.00130539 0.0211069 -0.0202126 -0.00444962
 -0.00346898 -0.0011107 0.0193039 -0.0186449 -0.00404694
 -0.00295339 -0.000938925 0.0174484 -0.0169418 -0.00384859
 -0.00239937 -0.000769513 0.0153343 -0.0149336 -0.00354664
 -0.00194394 -0.000650194 0.0135882 -0.0133205 -0.00319896
 -0.00153729 -0.000520113 0.0120654 -0.0118789 -0.00290851
 -0.00121878 -0.000435091 0.0106829 -0.0105743 -0.00262786
 -0.000904238 -0.000336505 0.00937094 -0.00928044 -0.00230216
 -0.000629538 -0.000272132 0.00831294 -0.00823831 -0.00219169
 -0.000400519 -0.000206233 0.00723888 -0.00717319 -0.0018839
 -0.000228987 -0.000157502 0.00637844 -0.00633525 -0.00165707
 -7.17612e-05 -0.00011339 0.00559264 -0.00555469 -0.00149938
 3.47035e-05 -7.92138e-05 0.00482302 -0.00478177 -0.00123362
 0.000144988 -4.89573e-05 0.00423692 -0.00417018 -0.00105932
 0.000211554 -2.51085e-05 0.00365548 -0.00359913 -0.0009509
 0.000290286 -4.61654e-06 0.00314115 -0.00308523 -0.000849138
 0.000322449 9.80625e-06 0.00269749 -0.00264122 -0.000671388
 0.000348148 1.95694e-05 0.00229268 -0.00223206 -0.000586898
 0.000370888 3.2406e-05 0.00194194 -0.00187971 -0.000500766
 0.000380718 3.97506e-05 0.0016164 -0.00156273 -0.000418248
 0.000382866 4.35411e-05 0.00137078 -0.00131645 -0.000329734
 0.000380648 4.61232e-05 0.00116911 -0.00110298 -0.000286302
 0.000363781 4.67683e-05 0.000962062 -0.000907331 -0.000239316
 0.000348308 4.48498e-05 0.000814894 -0.000761594 -0.00017498
 0.000329492 4.53012e-05 0.000668638 -0.000616651 -0.000152034
 0.000317063 4.37107e-05 0.000573967 -0.000522385 -0.000116439
 0.000294119 4.16279e-05 0.000468676 -0.000419814 -9.63762e-05
 0.000279498 3.95692e-05 0.000396719 -0.000352374 -7.32988e-05
 0.000251605 3.51721e-05 0.000321692 -0.000282583 -5.2533e-05
 0.000233908 3.25913e-05 0.000272403 -0.000237412 -4.11857e-05
 0.000211157 2.96629e-05 0.000224567 -0.000191399 -3.42772e-05
 0.000195714 2.71731e-05 0.0001862 -0.000156909 -2.29045e-05
 0.000177231 2.39343e-05 0.00015378 -0.000127893 -1.46896e-05
 0.000162014 2.1864e-05 0.000129533 -0.000106502 -1.26523e-05
 0.000144416 1.91598e-05 0.000105389 -8.43662e-05 -6.74237e-06
 0.000134451 1.78305e-05 9.09712e-05 -7.19875e-05 -6.34787e-06
 0.000117979 1.51245e-05 7.268e-05 -5.72884e-05 -3.04337e-06
 0.000106512 1.36014e-05 6.05433e-05 -4.74146e-05 -2.21322e-06
 9.53856e-05 1.17987e-05 4.98825e-05 -3.77979e-05 -1.34951e-07
 8.50444e-05 1.02855e-05 4.16395e-05 -3.14879e-05 5.70526e-07
 7.55263e-05 9.09869e-06 3.34951e-05 -2.47013e-05 2.61336e-07
 6.48387e-05 7.58319e-06 2.71066e-05 -2.00981e-05 1.19666e-06
 5.90527e-05 6.75025e-06 2.27744e-05 -1.65114e-05 1.43558e-06
 5.23686e-05 5.97003e-06 1.87889e-05 -1.35341e-05 1.12802e-06
 4.49968e-05 4.99103e-06 1.49967e-05 -1.08338e-05 1.10919e-06
 3.94394e-05 4.2607e-06 1.22523e-05 -8.80425e-06 1.29885e-06
 3.36367e-05 3.64266e-06 9.75875e-06 -6.92331e-06 9.79344e-07
 2.92252e-05 3.07468e-06 7.90781e-06 -5.64782e-06 1.02932e-06
 2.60191e-05 2.69804e-06 6.60719e-06 -4.67236e-06 9.29319e-07
 2.19797e-05 2.21402e-06 5.24589e-06 -3.74889e-06 8.55656e-07
 1.8601e-05 1.83915e-06 4.19624e-06 -2.98475e-06 7.57437e-07
 1.56026e-05 1.49984e-06 3.31438e-06 -2.37896e-06 7.039e-07
 1.36069e-05 1.29379e-06 2.68181e-06 -1.92061e-06 5.87641e-07
 1.12108e-05 1.0413e-06 2.12232e-06 -1.55444e-06 4.90367e-07
 9.56006e-06 8.65506e-07 1.72142e-06 -1.26526e-06 4.64538e-07
 7.75731e-06 7.03975e-07 1.3368e-06 -1.00442e-06 2.98147e-07
 6.32144e-06 5.66367e-07 1.03871e-06 -7.96413e-07 2.3699e-07
 5.34679e-06 4.54252e-07 8.31981e-07 -6.3985e-07 2.72309e-07
 4.18292e-06 3.57025e-07 6.23857e-07 -4.95391e-07 1.75135e-07
 3.48024e-06 2.87681e-07 4.95383e-07 -3.96419e-07 1.61242e-07
 2.72298e-06 2.15802e-07 3.77176e-07 -3.10249e-07 1.44133e-07
 2.24595e-06 1.75121e-07 3.01032e-07 -2.54386e-07 1.1249e-07
 1.74651e-06 1.34642e-07 2.27291e-07 -1.94394e-07 8.73537e-08
 1.26606e-06 9.56169e-08 1.59245e-07 -1.39944e-07 6.05749e-08
 1.06458e-06 7.8205e-08 1.31704e-07 -1.18099e-07 5.27011e-08
 7.89075e-07 5.61643e-08 9.51969e-08 -8.82256e-08 4.0868e-08
 5.67331e-07 3.99352e-08 6.72906e-08 -6.36944e-08 2.75562e-08
 4.10819e-07 2.78547e-08 4.77001e-08 -4.62258e-08 2.19379e-08
 2.81441e-07 1.90904e-08 3.18193e-08 -3.13898e-08 1.30744e-08
 2.06996e-07 1.37644e-08 2.30181e-08 -2.33976e-08 9.1065e-09
 1.30761e-07 8.29456e-09 1.45278e-08 -1.48466e-08 6.71744e-09
 8.79544e-08 5.66499e-09 9.75712e-09 -1.02543e-08 3.5347e-09
 5.55431e-08 3.49369e-09 6.11957e-09 -6.54169e-09 2.22912e-09
 3.46091e-08 2.12728e-09 3.78167e-09 -4.11854e-09 1.34916e-09
 2.02206e-08 1.18959e-09 2.20157e-09 -2.42997e-09 8.82456e-10
 1.09492e-08 6.30831e-10 1.18224e-09 -1.32678e-09 4.76364e-10
 5.51616e-09 3.14876e-10 5.97616e-10 -6.83125e-10 2.02157e-10
 2.30084e-09 1.27972e-10 2.49485e-10 -2.88529e-10 8.92838e-11
 7.66756e-10 4.29338e-11 8.2845e-11 -9.75006e-11 2.02816e-11
 1.79455e-10 1.0131e-11 1.95742e-11 -2.33671e-11 3.05569e-12
 3.45054e-11 1.94781e-12 3.75378e-12 -4.51109e-12 1.73064e-13
 3.18638e-12 1.87899e-13 3.54136e-13 -4.28756e-13 -4.63093e-14
 0 0 0 0 0
 0 0 0 0 0
 0 0 0 0 0
 0 0 0 0 0
 0 0 0 0 0
 0 0 0 0 0
 0 0 0 0 0
 0 0 0 0 0
 0 0 0 0 0
 0.0289619 0.00316102 -0.0113724 -0.000627187 -0.0109649
 0.0295417 0.003008 -0.00897887 -0.000862619 -0.0097925
 0.0288744 0.00245151 -0.00642081 -0.00150151 -0.00889531
 0.0286573 0.00177664 -0.00361607 -0.00237345 -0.00838506
 0.0274332 0.00119342 -0.00018841 -0.00385702 -0.00720444
 0.026611 0.000503876 0.00420397 -0.00554831 -0.00705688
 0.0256337 -0.000116601 0.00824306 -0.00781119 -0.00688481
 0.0227289 -0.000966569 0.0130029 -0.0105356 -0.00658638
 0.0214265 -0.00170511 0.0175426 -0.0137663 -0.00693913
 0.0180546 -0.0025307 0.0222431 -0.0173699 -0.00719631
 0.0171721 -0.00297746 0.026739 -0.0204684 -0.0075675
 0.0127566 -0.00381783 0.0324618 -0.0250925 -0.00747206
 0.0119386 -0.00413882 0.0356533 -0.0279437 -0.00844994
 0.00758006 -0.00491515 0.0407543 -0.0326042 -0.00855144
 0.00487791 -0.00538094 0.0433398 -0.0352693 -0.00926462
 0.00237776 -0.00568082 0.0475512 -0.0388989 -0.009326
 -0.00067225 -0.0059062 0.0498835 -0.0413868 -0.00956731
 -0.00220799 -0.00608729 0.0520642 -0.0439272 -0.0101416
 -0.00387127 -0.00606488 0.0538737 -0.0459403 -0.0103156
 -0.00546363 -0.00606174 0.0545831 -0.0473695 -0.0103969
 -0.00622963 -0.00578457 0.0545633 -0.0480282 -0.00993406
 -0.00718231 -0.00577979 0.0548357 -0.0488718 -0.0102168
 -0.00800775 -0.00550295 0.0543058 -0.0485728 -0.0103348
 -0.00858375 -0.00526338 0.0538733 -0.0488904 -0.00995837
 -0.00824087 -0.00486794 0.0515983 -0.0475816 -0.00942394
 -0.00833813 -0.0044367 0.0492705 -0.0460951 -0.00877913
 -0.00813931 -0.00410411 0.0479181 -0.0448681 -0.00857269
 -0.00774156 -0.00370647 0.0458293 -0.043344 -0.00822438
 -0.00714481 -0.00334636 0.0430918 -0.0411296 -0.00790712
 -0.00701587 -0.00305613 0.0408168 -0.0390699 -0.007486
 -0.00619901 -0.00262982 0.0376952 -0.0365054 -0.00680119
 -0.00539407 -0.00224644 0.0347754 -0.0337244 -0.00656169
 -0.00481624 -0.00196571 0.0318846 -0.0311292 -0.00609761
 -0.00426293 -0.00170133 0.0292735 -0.0287721 -0.00560214
 -0.00383992 -0.00144777 0.0270354 -0.026583 -0.00485881
 -0.00322299 -0.00123247 0.0244369 -0.0241049 -0.00462249
 -0.00263032 -0.00100436 0.0220546 -0.0217779 -0.00411649
 -0.00217008 -0.000839806 0.0197966 -0.0196186 -0.00377325
 -0.00175554 -0.000688094 0.0181109 -0.0179198 -0.00331623
 -0.00127417 -0.000518767 0.0160466 -0.0159192 -0.0029971
 -0.000955444 -0.000413609 0.0142724 -0.0141264 -0.00256061
 -0.000639625 -0.000309734 0.0126196 -0.0124872 -0.00222349
 -0.000310553 -0.000228103 0.0111162 -0.0109611 -0.00204274
 -8.60556e-05 -0.000151526 0.00970025 -0.009527 -0.00170414
 0.000116062 -9.47175e-05 0.00859881 -0.00842962 -0.00149229
 0.000275427 -5.5072e-05 0.00747488 -0.00730594 -0.00129602
 0.000447824 -5.75639e-06 0.00644675 -0.006296 -0.00116898
 0.000550481 2.06477e-05 0.00556834 -0.00541662 -0.000978019
 0.000615813 3.98715e-05 0.00472181 -0.00457064 -0.000863112
 0.000666787 6.26206e-05 0.00396353 -0.00383493 -0.000702194
 0.000693275 7.19125e-05 0.00336321 -0.00322088 -0.000562248
 0.000723881 8.69313e-05 0.00280343 -0.0026711 -0.000476409
 0.0007155 9.38237e-05 0.00233777 -0.00220451 -0.000404311
 0.000713363 9.48913e-05 0.0019805 -0.00185319 -0.00033534
 0.0006899 9.33806e-05 0.00165891 -0.0015432 -0.000273166
 0.000659069 9.30531e-05 0.00136086 -0.00124833 -0.000220873
 0.00062555 8.97944e-05 0.00114123 -0.00103582 -0.000174766
 0.000581051 8.41981e-05 0.000938219 -0.000843075 -0.000136126
 0.000542235 7.85125e-05 0.0007835 -0.000692525 -9.89869e-05
 0.000507783 7.37506e-05 0.000652919 -0.000566739 -7.77519e-05
 0.000473714 6.818e-05 0.000550525 -0.000474421 -6.34438e-05
 0.000429454 6.19657e-05 0.000455753 -0.000388985 -4.37114e-05
 0.000390514 5.57054e-05 0.000372287 -0.000313119 -2.75726e-05
 0.000357867 5.10478e-05 0.000311923 -0.00025815 -2.12487e-05
 0.000325323 4.49133e-05 0.000257939 -0.000210925 -8.65069e-06
 0.000295166 4.06362e-05 0.000215821 -0.000174054 -7.34206e-06
 0.000267107 3.62056e-05 0.000178397 -0.000141363 -2.61242e-06
 0.000236857 3.16266e-05 0.000145526 -0.000114374 8.16938e-07
 0.000214534 2.829e-05 0.000120197 -9.30037e-05 2.56884e-06
 0.000193197 2.52569e-05 9.99112e-05 -7.61756e-05 3.64593e-06
 0.000167893 2.17725e-05 8.05081e-05 -6.06245e-05 3.35275e-06
 0.000148833 1.89448e-05 6.59544e-05 -4.93676e-05 4.62364e-06
 0.000133748 1.65924e-05 5.56896e-05 -4.12459e-05 4.58269e-06
 0.000115651 1.39674e-05 4.42748e-05 -3.24627e-05 4.75999e-06
 0.000104407 1.24448e-05 3.71154e-05 -2.69039e-05 5.01406e-06
 8.94263e-05 1.04526e-05 2.98114e-05 -2.16754e-05 4.49707e-06
 7.84775e-05 9.13206e-06 2.44763e-05 -1.77864e-05 3.53936e-06
 6.85925e-05 7.8035e-06 1.99404e-05 -1.43599e-05 3.48363e-06
 5.91589e-05 6.65656e-06 1.62456e-05 -1.17951e-05 2.8015e-06
 5.01857e-05 5.46471e-06 1.28204e-05 -9.22456e-06 2.82081e-06
 4.37876e-05 4.73475e-06 1.05087e-05 -7.58937e-06 2.26374e-06
 3.84493e-05 4.05595e-06 8.71819e-06 -6.33725e-06 2.12281e-06
 3.19756e-05 3.281e-06 6.8815e-06 -5.09904e-06 1.8652e-06
 2.71104e-05 2.71969e-06 5.49679e-06 -4.08897e-06 1.64814e-06
 2.34385e-05 2.31393e-06 4.48814e-06 -3.33745e-06 1.51088e-06
 1.88471e-05 1.83801e-06 3.44249e-06 -2.6307e-06 1.09069e-06
 1.56459e-05 1.4908e-06 2.74024e-06 -2.13748e-06 9.43469e-07
 1.28695e-05 1.20379e-06 2.13283e-06 -1.68596e-06 7.946e-07
 1.04914e-05 9.65956e-07 1.64878e-06 -1.30051e-06 6.22226e-07
 8.75831e-06 7.90494e-07 1.33416e-06 -1.07671e-06 5.11925e-07
 7.1095e-06 6.33044e-07 1.0523e-06 -8.75187e-07 3.93499e-07
 5.83752e-06 5.10291e-07 8.27269e-07 -6.99544e-07 3.31991e-07
 4.66114e-06 4.00183e-07 6.51069e-07 -5.68794e-07 2.58167e-07
 3.62115e-06 3.01574e-07 4.80956e-07 -4.26387e-07 2.12466e-07
 2.91928e-06 2.35765e-07 3.82081e-07 -3.45278e-07 1.86517e-07
 2.23094e-06 1.77399e-07 2.83083e-07 -2.6257e-07 1.33709e-07
 1.61934e-06 1.27782e-07 2.01032e-07 -1.88893e-07 8.86113e-08
 1.24317e-06 9.66775e-08 1.5123e-07 -1.45255e-07 6.62681e-08
 9.73175e-07 7.41538e-08 1.16654e-07 -1.15224e-07 5.07982e-08
 7.19706e-07 5.41813e-08 8.45337e-08 -8.50956e-08 3.41827e-08
 4.96855e-07 3.63513e-08 5.71473e-08 -5.86137e-08 2.53924e-08
 3.68659e-07 2.65864e-08 4.19829e-08 -4.39428e-08 1.7933e-08
 2.47961e-07 1.73711e-08 2.82077e-08 -3.00793e-08 1.23943e-08
 1.58647e-07 1.10236e-08 1.78042e-08 -1.95744e-08 6.99975e-09
 1.01416e-07 6.94319e-09 1.14288e-08 -1.26719e-08 4.25818e-09
 7.378e-08 4.91586e-09 8.29431e-09 -9.339e-09 3.06574e-09
 4.25714e-08 2.86413e-09 4.77134e-09 -5.42614e-09 1.4003e-09
 2.30916e-08 1.48913e-09 2.56641e-09 -2.97376e-09 8.62437e-10
 1.2371e-08 7.9225e-10 1.37324e-09 -1.62274e-09 4.04553e-10
 6.82406e-09 4.26978e-10 7.63613e-10 -9.06275e-10 2.16329e-10
 2.67259e-09 1.66676e-10 2.99442e-10 -3.60148e-10 5.58386e-11
 1.09898e-09 6.80456e-11 1.23777e-10 -1.50016e-10 1.99079e-11
 1.86494e-10 1.16677e-11 2.11796e-11 -2.59554e-11 4.55349e-13
 3.29739e-11 2.07702e-12 3.76358e-12 -4.63838e-12 -1.52506e-13
 3.17299e-12 2.12082e-13 3.66414e-13 -4.55071e-13 -9.13319e-14
 0 0 0 0 0
 0 0 0 0 0
 0 0 0 0 0
 0 0 0 0 0
 0 0 0 0 0
 0 0 0 0 0
 0 0 0 0 0
 0.0536205 0.00907175 -0.0243354 -0.00203972 -0.0220166
 0.0562066 0.00969713 -0.0236642 -0.00202053 -0.0208321
 0.0556177 0.00944012 -0.0215487 -0.00208827 -0.0199459
 0.0555624 0.00885719 -0.0191631 -0.00229441 -0.0190589
 0.0544132 0.00800194 -0.0162793 -0.00308775 -0.0180212
 0.0519626 0.00676406 -0.0126296 -0.00414069 -0.0170879
 0.0496551 0.00563183 -0.00752375 -0.00587461 -0.0169146
 0.0463978 0.00417486 -0.0040363 -0.00783469 -0.0160487
 0.0454609 0.00331148 0.000396078 -0.0100785 -0.0159752
 0.0423983 0.00219571 0.00527137 -0.0131627 -0.0156254
 0.0398142 0.00123342 0.0105821 -0.0167959 -0.0152288
 0.0344619 -0.000285769 0.0163433 -0.0198766 -0.0157904
 0.0318177 -0.000936925 0.0207028 -0.0237839 -0.0147884
 0.0274713 -0.00206884 0.0260949 -0.0275206 -0.0150409
 0.0239779 -0.00274575 0.030834 -0.0317362 -0.0149218
 0.0188249 -0.00361016 0.0361968 -0.0355371 -0.0147661
 0.0147046 -0.00455974 0.0413734 -0.039936 -0.0145321
 0.0118897 -0.00484615 0.0447829 -0.0429659 -0.0148071
 0.00929688 -0.00521066 0.0486365 -0.0461478 -0.014407
 0.00567457 -0.00562728 0.051176 -0.0488703 -0.0142419
 0.00415982 -0.00565761 0.0533443 -0.0507128 -0.0137423
 0.000970625 -0.00584557 0.0552965 -0.0528182 -0.0133188
 1.03337e-05 -0.00562612 0.0561917 -0.0535644 -0.0128308
 -0.00248639 -0.00556384 0.0585218 -0.0560315 -0.0120458
 -0.00375868 -0.00551447 0.0593605 -0.0567619 -0.0115815
 -0.00371517 -0.0050281 0.0569752 -0.0547054 -0.0109779
 -0.00494992 -0.00487104 0.0560564 -0.0543126 -0.0107071
 -0.00427888 -0.00427177 0.0541953 -0.0527007 -0.00993225
 -0.00457151 -0.00398768 0.0525965 -0.0512301 -0.009053
 -0.00498893 -0.00362751 0.0512399 -0.0498764 -0.00861375
 -0.00460581 -0.00321744 0.0474557 -0.0468696 -0.00791831
 -0.00431441 -0.00286487 0.0458179 -0.045125 -0.00745962
 -0.00400304 -0.00251104 0.0425477 -0.0418914 -0.006916
 -0.00374826 -0.0021746 0.0398166 -0.039306 -0.00634512
 -0.00343871 -0.00190202 0.0375905 -0.0372564 -0.00567128
 -0.00272932 -0.00157113 0.0338198 -0.0335601 -0.00531682
 -0.0025094 -0.00132722 0.031461 -0.0311177 -0.00471239
 -0.0020352 -0.00106581 0.0287056 -0.0284174 -0.00408654
 -0.00165499 -0.000874075 0.0263137 -0.0260571 -0.00380138
 -0.00126177 -0.000722525 0.0236526 -0.0234276 -0.00328409
 -0.000941944 -0.000559671 0.0214023 -0.0211526 -0.00298837
 -0.000522309 -0.000411857 0.0191668 -0.0189264 -0.00252541
 -0.000206765 -0.000284829 0.0172574 -0.0169594 -0.00225182
 5.77087e-05 -0.000201473 0.0152946 -0.0149896 -0.00193629
 0.000336122 -0.000121338 0.01331 -0.0130426 -0.00178401
 0.000535705 -5.65182e-05 0.0116572 -0.0113684 -0.00145409
 0.000661287 -1.37273e-05 0.0102215 -0.00991719 -0.00126714
 0.00080865 3.63984e-05 0.00881112 -0.00851975 -0.00112782
 0.000906394 6.39075e-05 0.00759594 -0.0073165 -0.000894956
 0.00100839 9.73212e-05 0.00654588 -0.006287 -0.000774731
 0.00106299 0.000119292 0.00561025 -0.00533975 -0.000655181
 0.00108382 0.000131858 0.00465105 -0.00439869 -0.000551797
 0.00109327 0.00014384 0.00399131 -0.00376588 -0.000446242
 0.00111641 0.000155346 0.00333098 -0.00311081 -0.000374591
 0.00107188 0.000149555 0.00277813 -0.00257595 -0.000297485
 0.00104479 0.000148328 0.00230785 -0.00211929 -0.000238832
 0.000985456 0.00014152 0.00191577 -0.00173837 -0.000168426
 0.00093195 0.000136732 0.00159062 -0.00142935 -0.000139739
 0.000879581 0.000130142 0.0013228 -0.00117361 -0.000100061
 0.000810981 0.000120011 0.00108748 -0.0009521 -8.48263e-05
 0.000752863 0.000111469 0.000904456 -0.000781619 -4.62122e-05
 0.000698519 0.000101683 0.000751431 -0.000639637 -3.20466e-05
 0.000631081 9.10694e-05 0.000622154 -0.000527163 -1.83371e-05
 0.000590394 8.61544e-05 0.000524491 -0.000434588 -1.00589e-05
 0.000530779 7.66131e-05 0.000425939 -0.000349671 1.47826e-06
 0.000481864 6.88406e-05 0.000355839 -0.000288228 5.67612e-06
 0.000430395 6.09401e-05 0.000289528 -0.000230475 7.84425e-06
 0.000386583 5.39559e-05 0.000240426 -0.000190852 1.04547e-05
 0.000346475 4.73869e-05 0.000196761 -0.000152256 1.41209e-05
 0.000315831 4.31878e-05 0.000167823 -0.000130123 1.35372e-05
 0.000279877 3.7403e-05 0.000136244 -0.000104076 1.37852e-05
 0.000243946 3.19471e-05 0.000111494 -8.44631e-05 1.31622e-05
 0.000216179 2.83021e-05 9.1275e-05 -6.82275e-05 1.09848e-05
 0.000190582 2.42505e-05 7.4865e-05 -5.59178e-05 1.12675e-05
 0.000167411 2.10836e-05 6.03317e-05 -4.47561e-05 9.83287e-06
 0.000148429 1.82578e-05 5.01744e-05 -3.69751e-05 9.78581e-06
 0.000126821 1.53382e-05 3.98314e-05 -2.91639e-05 8.37281e-06
 0.000113048 1.34858e-05 3.34323e-05 -2.43513e-05 7.73212e-06
 9.81438e-05 1.14973e-05 2.70924e-05 -1.98986e-05 6.61575e-06
 8.265e-05 9.56631e-06 2.14801e-05 -1.58267e-05 5.75943e-06
 7.20006e-05 8.17537e-06 1.76121e-05 -1.30956e-05 4.84939e-06
 6.11253e-05 6.82394e-06 1.40857e-05 -1.04724e-05 4.04851e-06
 5.37254e-05 5.87229e-06 1.16714e-05 -8.728e-06 3.67956e-06
 4.68969e-05 5.00481e-06 9.70581e-06 -7.36556e-06 3.43246e-06
 3.87831e-05 4.05485e-06 7.661e-06 -5.82962e-06 2.91436e-06
 3.16264e-05 3.27276e-06 5.89483e-06 -4.55862e-06 2.17591e-06
 2.72919e-05 2.79128e-06 4.88594e-06 -3.86745e-06 1.87049e-06
 2.18768e-05 2.17704e-06 3.70559e-06 -2.96659e-06 1.56091e-06
 1.9055e-05 1.87485e-06 3.07247e-06 -2.51044e-06 1.33007e-06
 1.55811e-05 1.51161e-06 2.43984e-06 -2.03146e-06 1.02068e-06
 1.27687e-05 1.21792e-06 1.91616e-06 -1.62864e-06 8.03325e-07
 1.02801e-05 9.58637e-07 1.49682e-06 -1.30136e-06 6.63394e-07
 8.32712e-06 7.75819e-07 1.17495e-06 -1.03984e-06 4.87632e-07
 6.6475e-06 6.02964e-07 9.14931e-07 -8.26919e-07 4.04819e-07
 5.3136e-06 4.76819e-07 7.10194e-07 -6.61638e-07 3.04804e-07
 4.17135e-06 3.67309e-07 5.42043e-07 -5.10746e-07 2.40676e-07
 3.24283e-06 2.81319e-07 4.16492e-07 -4.02628e-07 1.81989e-07
 2.61363e-06 2.19371e-07 3.29519e-07 -3.24329e-07 1.5661e-07
 1.87929e-06 1.57804e-07 2.32702e-07 -2.33825e-07 9.933e-08
 1.38106e-06 1.13328e-07 1.66798e-07 -1.70983e-07 7.18513e-08
 1.03249e-06 8.37275e-08 1.22975e-07 -1.28619e-07 5.11281e-08
 7.90819e-07 6.27956e-08 9.41794e-08 -1.00076e-07 3.78303e-08
 5.47504e-07 4.31882e-08 6.40063e-08 -6.9315e-08 2.37183e-08
 4.0489e-07 3.08821e-08 4.76126e-08 -5.22296e-08 1.89428e-08
 2.82136e-07 2.13732e-08 3.25956e-08 -3.62786e-08 1.19789e-08
 1.71125e-07 1.28272e-08 1.96855e-08 -2.23965e-08 6.40644e-09
 1.1407e-07 8.41125e-09 1.30997e-08 -1.51152e-08 4.08124e-09
 6.78687e-08 4.90334e-09 7.85369e-09 -9.15188e-09 2.41971e-09
 4.04106e-08 2.88666e-09 4.66469e-09 -5.51274e-09 1.23373e-09
 2.18808e-08 1.54388e-09 2.51031e-09 -2.99548e-09 5.56749e-10
 1.38528e-08 9.63475e-10 1.60836e-09 -1.93931e-09 3.36075e-10
 5.17197e-09 3.58168e-10 6.0399e-10 -7.3525e-10 1.086e-10
 2.10141e-09 1.43314e-10 2.44868e-10 -3.01509e-10 3.13453e-11
 9.83181e-10 6.63488e-11 1.16669e-10 -1.44611e-10 1.41802e-11
 1.73543e-10 1.21018e-11 2.05e-11 -2.55176e-11 -3.11007e-12
 3.59058e-11 2.46666e-12 4.24656e-12 -5.34613e-12 -4.6637e-14
 0 0 0 0 0
 0 0 0 0 0
 0 0 0 0 0
 0 0 0 0 0
 0 0 0 0 0
 0 0 0 0 0
 0.0723069 0.0144432 -0.0333804 -0.00300578 -0.0283403
 0.0768213 0.016085 -0.0345858 -0.00311633 -0.0273365
 0.0805537 0.0175167 -0.0340532 -0.00305329 -0.0263731
 0.0810181 0.017741 -0.0326285 -0.00302559 -0.0253182
 0.0820431 0.0173152 -0.0307938 -0.00293499 -0.0241514
 0.0799175 0.0163699 -0.0283036 -0.00332723 -0.0226684
 0.0776363 0.0149769 -0.0236967 -0.00427479 -0.0219317
 0.0736031 0.013126 -0.0201033 -0.00533227 -0.0213681
 0.0709313 0.0115453 -0.0160491 -0.00686144 -0.0203061
 0.0656687 0.00965725 -0.0106041 -0.00917938 -0.0203893
 0.0634631 0.008426 -0.00625581 -0.0113696 -0.0194032
 0.0591952 0.00668025 -0.000612024 -0.0142596 -0.0194449
 0.0534134 0.00473965 0.00446429 -0.0178059 -0.0189546
 0.0494117 0.00335034 0.0103513 -0.0214651 -0.0190166
 0.0439959 0.00198784 0.0158826 -0.0248072 -0.0185164
 0.0383066 0.000540841 0.0224567 -0.0297599 -0.0173052
 0.0348741 -0.000350986 0.0273868 -0.0333011 -0.0168344
 0.0310932 -0.00135544 0.0321599 -0.0371592 -0.0168652
 0.0254338 -0.0023608 0.0368411 -0.0412296 -0.0165741
 0.0223 -0.00269896 0.0408924 -0.0436296 -0.0151904
 0.0183263 -0.00322309 0.0459109 -0.0477512 -0.0148863
 0.0147075 -0.00384112 0.0497757 -0.050643 -0.0143503
 0.0114338 -0.00415954 0.0524694 -0.0530602 -0.0138625
 0.00842275 -0.00440813 0.0554011 -0.0557953 -0.0130409
 0.00644038 -0.00434554 0.0558186 -0.0567031 -0.0121803
 0.00452161 -0.00419392 0.057002 -0.0569394 -0.0117546
 0.00286582 -0.00425709 0.057853 -0.0575738 -0.0110994
 0.00215473 -0.00384967 0.0574528 -0.0572529 -0.0104034
 0.000594027 -0.00374553 0.0572285 -0.0571291 -0.00976312
 0.000155194 -0.00344079 0.0558034 -0.0554493 -0.00893994
 -0.000515696 -0.00317038 0.0546156 -0.0541256 -0.00855588
 -0.000904725 -0.00288956 0.0524849 -0.0522826 -0.00766862
 -0.00136981 -0.00260558 0.0505269 -0.0502088 -0.007079
 -0.00123641 -0.00221581 0.0477897 -0.0475602 -0.00627894
 -0.00108932 -0.00196416 0.0443403 -0.0442126 -0.00614724
 -0.00115757 -0.00163053 0.0421123 -0.0417048 -0.00509191
 -0.00114437 -0.00140509 0.0389982 -0.0387086 -0.00470914
 -0.000829362 -0.00116468 0.0361442 -0.0358776 -0.0041612
 -0.000642337 -0.000952537 0.0332237 -0.0328597 -0.00374656
 -0.000268126 -0.000738838 0.0300056 -0.0296157 -0.0032296
 -0.00011605 -0.000622668 0.0276916 -0.0272711 -0.00303412
 2.69163e-05 -0.000445184 0.0252527 -0.0248197 -0.00258084
 0.000298576 -0.000300399 0.0226181 -0.0221991 -0.00230867
 0.000483272 -0.000220691 0.0200949 -0.0196738 -0.00198063
 0.000692381 -0.000124632 0.0178981 -0.0174489 -0.0017526
 0.00087245 -5.42127e-05 0.0160546 -0.015604 -0.001492
 0.00103071 2.10065e-05 0.0141974 -0.0137754 -0.00129701
 0.00119514 6.62488e-05 0.0123631 -0.0119723 -0.00110697
 0.00125288 9.84131e-05 0.0108573 -0.0104621 -0.0009528
 0.00136523 0.000140482 0.00921856 -0.00882819 -0.00075425
 0.00141986 0.000167084 0.00798287 -0.007607 -0.000645313
 0.00141765 0.000176395 0.006781 -0.00642338 -0.000517086
 0.0014174 0.000183878 0.00578435 -0.00542905 -0.00045452
 0.00148102 0.000204106 0.00492691 -0.00460236 -0.000349928
 0.00143747 0.000200746 0.00410851 -0.00380921 -0.000264455
 0.00137971 0.000198791 0.00342057 -0.00314754 -0.000222406
 0.00134009 0.00019718 0.00285208 -0.00259309 -0.000150301
 0.00128157 0.000191861 0.00235961 -0.00212064 -0.000115776
 0.00121456 0.000183228 0.00196741 -0.00175717 -7.46488e-05
 0.00114696 0.000172394 0.00165596 -0.00145941 -5.25602e-05
 0.00106936 0.000162454 0.00136074 -0.00118861 -2.73794e-05
 0.00098665 0.000149783 0.00112935 -0.000968612 -1.28176e-05
 0.000901725 0.000135281 0.000931 -0.00079175 6.59831e-06
 0.000826438 0.000123256 0.00076025 -0.000639925 1.24517e-05
 0.000751919 0.000111625 0.000633725 -0.000526811 1.61152e-05
 0.000687012 0.000101836 0.000523698 -0.00042864 2.65627e-05
 0.000629188 9.25256e-05 0.000443312 -0.000360567 2.59201e-05
 0.000557361 8.02038e-05 0.00035748 -0.000284952 2.94759e-05
 0.000497491 7.19313e-05 0.000295328 -0.000235092 2.47718e-05
 0.000456873 6.48981e-05 0.000247143 -0.000192389 2.65404e-05
 0.000394428 5.54637e-05 0.000197901 -0.000153944 2.36005e-05
 0.000358987 4.98106e-05 0.000166534 -0.000127631 2.21169e-05
 0.000321416 4.38104e-05 0.000138797 -0.000106813 2.1631e-05
 0.000277663 3.73065e-05 0.000111484 -8.46219e-05 1.96149e-05
 0.000247801 3.25621e-05 9.22556e-05 -6.96306e-05 1.83824e-05
 0.000215489 2.81709e-05 7.47544e-05 -5.63683e-05 1.48944e-05
 0.000193399 2.47704e-05 6.1959e-05 -4.63623e-05 1.45023e-05
 0.000163919 2.06408e-05 4.98367e-05 -3.76449e-05 1.2326e-05
 0.000144363 1.78631e-05 4.10035e-05 -3.11424e-05 1.14453e-05
 0.000126644 1.55321e-05 3.3778e-05 -2.54858e-05 9.25769e-06
 0.000107415 1.29911e-05 2.70215e-05 -2.04611e-05 7.95869e-06
 9.2225e-05 1.08786e-05 2.21556e-05 -1.70936e-05 7.08288e-06
 7.86981e-05 9.18687e-06 1.77554e-05 -1.39081e-05 5.95935e-06
 6.78719e-05 7.79212e-06 1.42763e-05 -1.10397e-05 4.98061e-06
 5.70812e-05 6.486e-06 1.15006e-05 -9.108e-06 4.04301e-06
 4.83352e-05 5.40016e-06 9.33269e-06 -7.46025e-06 3.41373e-06
 4.15451e-05 4.52144e-06 7.54262e-06 -6.07186e-06 3.08029e-06
 3.48009e-05 3.75011e-06 6.13011e-06 -5.06497e-06 2.41763e-06
 2.86154e-05 3.04662e-06 4.81112e-06 -4.02846e-06 1.95272e-06
 2.42259e-05 2.53816e-06 3.90444e-06 -3.34708e-06 1.62173e-06
 1.97803e-05 2.02749e-06 3.08263e-06 -2.69027e-06 1.337e-06
 1.65924e-05 1.68279e-06 2.49008e-06 -2.2279e-06 1.07289e-06
 1.32442e-05 1.32388e-06 1.93581e-06 -1.75146e-06 8.423e-07
 1.0634e-05 1.04717e-06 1.51478e-06 -1.40333e-06 6.58194e-07
 8.68069e-06 8.37281e-07 1.19995e-06 -1.13581e-06 5.26018e-07
 6.97563e-06 6.65225e-07 9.39669e-07 -9.10338e-07 4.14061e-07
 5.48248e-06 5.13824e-07 7.25869e-07 -7.098e-07 3.11169e-07
 4.31464e-06 3.96326e-07 5.53253e-07 -5.55491e-07 2.46655e-07
 3.25539e-06 2.96966e-07 4.13693e-07 -4.22137e-07 1.70589e-07
 2.65588e-06 2.38418e-07 3.31456e-07 -3.44158e-07 1.33114e-07
 2.0205e-06 1.78069e-07 2.52347e-07 -2.67458e-07 1.00938e-07
 1.46664e-06 1.26472e-07 1.79829e-07 -1.93502e-07 7.38287e-08
 1.04324e-06 8.88425e-08 1.26412e-07 -1.38281e-07 4.99161e-08
 7.73744e-07 6.55375e-08 9.26625e-08 -1.03112e-07 3.27309e-08
 5.52136e-07 4.60522e-08 6.54931e-08 -7.40769e-08 2.16716e-08
 4.0836e-07 3.33842e-08 4.88716e-08 -5.60667e-08 1.63016e-08
 2.63811e-07 2.13331e-08 3.1052e-08 -3.59897e-08 9.25225e-09
 1.78474e-07 1.43202e-08 2.10907e-08 -2.47987e-08 5.37031e-09
 1.16636e-07 9.14875e-09 1.38241e-08 -1.64121e-08 3.7327e-09
 6.87894e-08 5.34008e-09 8.1565e-09 -9.75288e-09 1.7258e-09
 3.66291e-08 2.82492e-09 4.39561e-09 -5.32397e-09 7.91106e-10
 1.94697e-08 1.47572e-09 2.32419e-09 -2.83466e-09 4.20166e-10
 1.10077e-08 8.29819e-10 1.30775e-09 -1.61478e-09 1.23376e-10
 4.2633e-09 3.21701e-10 5.12002e-10 -6.36612e-10 3.64087e-11
 1.4278e-09 1.07789e-10 1.74484e-10 -2.17744e-10 -7.66144e-12
 0 0 0 0 0
 0 0 0 0 0
 0 0 0 0 0
 0 0 0 0 0
 0 0 0 0 0
 0 0 0 0 0
 0 0 0 0 0
 0.0806494 0.0174923 -0.0376126 -0.00357561 -0.0290319
 0.0858313 0.0197188 -0.0372308 -0.00376233 -0.0286391
 0.0915869 0.0216033 -0.0389539 -0.00352618 -0.0276444
 0.0952731 0.0231077 -0.0393056 -0.00348345 -0.0271193
 0.0985525 0.0242927 -0.0391722 -0.00335134 -0.024434
 0.0992575 0.0245226 -0.0380636 -0.00316939 -0.0246013
 0.0966919 0.0231428 -0.0349551 -0.00329923 -0.0223154
 0.0955438 0.0220962 -0.0314923 -0.00362701 -0.0223555
 0.0928106 0.0206971 -0.0282767 -0.00440199 -0.0220298
 0.0887913 0.0186999 -0.0246107 -0.00575538 -0.0204219
 0.0849613 0.0166851 -0.0198484 -0.00736719 -0.0194661
 0.081595 0.0147276 -0.0156447 -0.00906888 -0.0192928
 0.074965 0.012588 -0.0094235 -0.0118322 -0.0190786
 0.0700706 0.0106728 -0.00402968 -0.0150296 -0.0185009
 0.06341 0.00863819 0.00113368 -0.018106 -0.0181756
 0.0593154 0.00703669 0.00677394 -0.0219347 -0.0175321
 0.0530104 0.00523763 0.0125504 -0.0252739 -0.0167202
 0.0481706 0.00380572 0.0179938 -0.0288548 -0.0162149
 0.0423863 0.00227565 0.0248578 -0.034067 -0.0160856
 0.0378604 0.00124549 0.0290401 -0.0374845 -0.0162043
 0.0342816 0.000530477 0.0340007 -0.0409391 -0.0150969
 0.0285189 -0.000691094 0.0394134 -0.0445865 -0.0146689
 0.024879 -0.0012816 0.0433246 -0.0480999 -0.0138328
 0.0205952 -0.00185282 0.0477636 -0.0508798 -0.0126749
 0.0172372 -0.00239616 0.0507241 -0.0535834 -0.0123114
 0.0142984 -0.00263548 0.0545908 -0.0562656 -0.0112763
 0.0120259 -0.00271589 0.0556046 -0.0568516 -0.0112949
 0.00990437 -0.00273239 0.0557686 -0.0569431 -0.0104216
 0.00812013 -0.00272779 0.0564324 -0.0573614 -0.0095045
 0.00650981 -0.00269038 0.0577848 -0.0584367 -0.00892675
 0.00509369 -0.00251291 0.0559053 -0.0563472 -0.00851038
 0.00391621 -0.00233428 0.0548986 -0.055085 -0.00771538
 0.00373557 -0.00209897 0.0530277 -0.0530174 -0.00693556
 0.00284931 -0.00186603 0.0510759 -0.0509144 -0.0062595
 0.00165709 -0.00173595 0.0499371 -0.0499074 -0.00538837
 0.00145572 -0.00148068 0.0471213 -0.0465572 -0.00505231
 0.00139286 -0.00121087 0.0448357 -0.0444521 -0.00469444
 0.00113429 -0.00111488 0.0419034 -0.0413481 -0.00430676
 0.00112312 -0.000880513 0.0384837 -0.0381149 -0.00374494
 0.00103056 -0.00074965 0.0357615 -0.0354384 -0.00324299
 0.00109996 -0.000553596 0.0325754 -0.0320815 -0.00293879
 0.00115953 -0.000419093 0.0300613 -0.0295286 -0.00269712
 0.00118532 -0.000273322 0.0268884 -0.0264131 -0.00219293
 0.00126078 -0.000177652 0.0244641 -0.0239611 -0.00198448
 0.00129271 -0.000103194 0.0219754 -0.0214133 -0.00161821
 0.00148436 -7.79594e-06 0.0196023 -0.0190933 -0.00147891
 0.00148688 4.21867e-05 0.0176475 -0.0170941 -0.00127409
 0.00152225 8.98656e-05 0.015447 -0.0148911 -0.00110843
 0.00159223 0.000127793 0.0138281 -0.0132608 -0.000994344
 0.00171141 0.000182259 0.0120101 -0.0114908 -0.000707331
 0.00179471 0.000216364 0.0106634 -0.0101379 -0.000629
 0.00179221 0.000226694 0.00911719 -0.00864006 -0.000479157
 0.0018117 0.000235708 0.00777431 -0.00734094 -0.000415917
 0.00181688 0.000254052 0.00661663 -0.00618819 -0.000317222
 0.00180056 0.000257593 0.00565585 -0.00524687 -0.000240463
 0.00174035 0.000258322 0.00475074 -0.00438247 -0.000196259
 0.00171538 0.000256839 0.00395972 -0.00361986 -0.000137847
 0.00165997 0.000256696 0.00333698 -0.00302713 -9.77625e-05
 0.00157004 0.000243207 0.00274173 -0.00246711 -5.99052e-05
 0.001463 0.000228541 0.00224992 -0.00200047 -4.41605e-05
 0.00139372 0.0002194 0.00190865 -0.00167699 -3.15822e-06
 0.00127281 0.000198695 0.00154331 -0.00134114 2.12224e-06
 0.00116583 0.000182264 0.0012856 -0.00110616 1.61328e-05
 0.00108414 0.000169919 0.00106168 -0.000907844 2.76809e-05
 0.000999537 0.000155246 0.000886888 -0.000745237 3.27454e-05
 0.000906125 0.000140779 0.000726262 -0.000603888 3.77509e-05
 0.000819825 0.000126101 0.000602659 -0.000494811 3.98881e-05
 0.000737762 0.000111704 0.00049737 -0.000405893 3.8238e-05
 0.000681412 0.000102825 0.000420604 -0.000339967 4.04083e-05
 0.000607067 9.08812e-05 0.000341858 -0.000273001 3.87191e-05
 0.000538014 7.88087e-05 0.000281561 -0.000223131 3.60324e-05
 0.000480107 6.96794e-05 0.000228745 -0.000179886 3.49597e-05
 0.000423519 6.07906e-05 0.000188779 -0.000147275 3.02956e-05
 0.000378684 5.38111e-05 0.000155746 -0.000121191 2.76564e-05
 0.000346394 4.82754e-05 0.000131728 -0.000101114 2.72019e-05
 0.000293468 4.05563e-05 0.000105217 -8.12262e-05 2.23438e-05
 0.000257434 3.51951e-05 8.58525e-05 -6.61638e-05 1.92275e-05
 0.000223744 3.00596e-05 7.05175e-05 -5.46741e-05 1.65605e-05
 0.00019516 2.58883e-05 5.71193e-05 -4.43374e-05 1.50693e-05
 0.000170939 2.23113e-05 4.73637e-05 -3.67554e-05 1.27171e-05
 0.000149391 1.92534e-05 3.8718e-05 -3.01617e-05 1.09993e-05
 0.000130499 1.66503e-05 3.20266e-05 -2.51614e-05 9.29681e-06
 0.00010996 1.37079e-05 2.54703e-05 -2.01474e-05 8.15856e-06
 9.51519e-05 1.1633e-05 2.0859e-05 -1.66679e-05 7.16e-06
 8.22531e-05 9.92994e-06 1.70468e-05 -1.37334e-05 6.06337e-06
 7.03575e-05 8.34925e-06 1.39199e-05 -1.14068e-05 5.19364e-06
 5.96829e-05 6.99987e-06 1.14074e-05 -9.5525e-06 4.21981e-06
 5.032e-05 5.79616e-06 9.0565e-06 -7.65988e-06 3.62731e-06
 4.37995e-05 5.00523e-06 7.55025e-06 -6.472e-06 2.97071e-06
 3.51501e-05 3.96191e-06 5.79573e-06 -5.06262e-06 2.32502e-06
 2.94832e-05 3.24565e-06 4.74817e-06 -4.24085e-06 1.99703e-06
 2.45194e-05 2.6835e-06 3.81301e-06 -3.46094e-06 1.52858e-06
 2.06025e-05 2.21315e-06 3.09007e-06 -2.85799e-06 1.31581e-06
 1.62655e-05 1.7191e-06 2.35172e-06 -2.21361e-06 9.90562e-07
 1.28323e-05 1.33707e-06 1.82913e-06 -1.73756e-06 7.5645e-07
 1.03917e-05 1.07424e-06 1.44428e-06 -1.41279e-06 5.76817e-07
 8.51856e-06 8.626e-07 1.13987e-06 -1.13801e-06 4.78608e-07
 6.88456e-06 6.87588e-07 9.22662e-07 -9.38537e-07 3.69305e-07
 5.60188e-06 5.49123e-07 7.38344e-07 -7.6335e-07 2.96034e-07
 4.15302e-06 4.0224e-07 5.34121e-07 -5.62299e-07 2.11744e-07
 3.26403e-06 3.12008e-07 4.09263e-07 -4.38603e-07 1.61266e-07
 2.50641e-06 2.35881e-07 3.14995e-07 -3.42634e-07 1.17446e-07
 1.85925e-06 1.72821e-07 2.32538e-07 -2.58049e-07 8.39331e-08
 1.40859e-06 1.29246e-07 1.74799e-07 -1.96085e-07 5.75329e-08
 9.93044e-07 8.98656e-08 1.21702e-07 -1.38194e-07 3.81714e-08
 7.05381e-07 6.31075e-08 8.61194e-08 -9.92813e-08 2.57397e-08
 5.19558e-07 4.59074e-08 6.34369e-08 -7.37806e-08 1.76446e-08
 3.38116e-07 2.94521e-08 4.15758e-08 -4.9038e-08 1.08457e-08
 2.35981e-07 2.01951e-08 2.89734e-08 -3.43913e-08 7.24294e-09
 1.56136e-07 1.32052e-08 1.90974e-08 -2.30001e-08 4.40834e-09
 1.00236e-07 8.38969e-09 1.22859e-08 -1.48763e-08 2.579e-09
 5.96742e-08 4.9324e-09 7.40581e-09 -9.04738e-09 1.29297e-09
 3.13464e-08 2.57323e-09 3.87126e-09 -4.75329e-09 4.44199e-10
 1.54944e-08 1.25184e-09 1.93037e-09 -2.39198e-09 1.37121e-10
 0 0 0 0 0
 0 0 0 0 0
 0 0 0 0 0
 0 0 0 0 0
 0 0 0 0 0
 0 0 0 0 0
 0 0 0 0 0
 0 0 0 0 0
 0.087425 0.0206851 -0.0354066 -0.00394371 -0.02796
 0.09057 0.0222472 -0.0366716 -0.00414956 -0.0272289
 0.0939275 0.0238206 -0.037275 -0.00421439 -0.0261134
 0.0977144 0.0253134 -0.0387949 -0.00408523 -0.0246508
 0.101591 0.0267735 -0.0389066 -0.00379797 -0.0228253
 0.103258 0.0275825 -0.0387154 -0.0035425 -0.0225628
 0.106957 0.028305 -0.039376 -0.00292712 -0.0211388
 0.107334 0.0283472 -0.0370834 -0.00290621 -0.0200632
 0.103976 0.0269982 -0.0342701 -0.00285661 -0.0187331
 0.102659 0.0256657 -0.0323694 -0.00338562 -0.0183096
 0.100768 0.0242222 -0.027943 -0.00396764 -0.0178208
 0.0954863 0.0219943 -0.0242594 -0.00546646 -0.017289
 0.0898175 0.0195404 -0.0196219 -0.00787206 -0.0175451
 0.0847425 0.0174942 -0.0151776 -0.00923306 -0.0164076
 0.0797644 0.0154565 -0.0106979 -0.0116517 -0.0161433
 0.0752544 0.0135593 -0.00404087 -0.0152511 -0.0160548
 0.0690856 0.0114546 0.00204606 -0.0190859 -0.0147486
 0.0617361 0.00920431 0.007192 -0.022286 -0.0154073
 0.0572041 0.007588 0.0130914 -0.0264133 -0.0148854
 0.0519754 0.00626606 0.0173559 -0.0291832 -0.0142151
 0.0465089 0.00455919 0.0234659 -0.0330291 -0.0143534
 0.0410638 0.00322302 0.0297199 -0.0377713 -0.0131119
 0.0350026 0.00188513 0.0358796 -0.0421456 -0.0131749
 0.0326936 0.00139711 0.0394769 -0.0450992 -0.0122318
 0.0282195 0.000394016 0.0433095 -0.0483151 -0.011669
 0.0249388 -0.000110838 0.0453913 -0.0501221 -0.0109123
 0.0214277 -0.000483053 0.0495708 -0.0522205 -0.0100072
 0.0168784 -0.00117669 0.0530119 -0.0554321 -0.0100247
 0.0151471 -0.0012684 0.0532916 -0.0551942 -0.0090915
 0.0128714 -0.00147971 0.0539933 -0.0553467 -0.00825406
 0.0112332 -0.00146909 0.0550266 -0.0559686 -0.00804325
 0.00934969 -0.00144829 0.0555907 -0.0561226 -0.00734975
 0.00760837 -0.00147498 0.0557488 -0.0561633 -0.00648413
 0.00658294 -0.00132676 0.053875 -0.0540084 -0.00625925
 0.00559247 -0.001192 0.0517087 -0.0518914 -0.00553309
 0.00480568 -0.00113543 0.0499576 -0.0498411 -0.0052711
 0.00403076 -0.00104434 0.0473767 -0.0471911 -0.00454422
 0.00333887 -0.000876531 0.0451102 -0.0448386 -0.00400435
 0.00308741 -0.000704025 0.0422414 -0.0418052 -0.00359641
 0.00256316 -0.000592972 0.0390778 -0.0385914 -0.00333981
 0.00266632 -0.000431383 0.0360342 -0.0355453 -0.00306836
 0.00243877 -0.000278773 0.0334997 -0.032885 -0.00240584
 0.00223593 -0.000228958 0.0307919 -0.0300904 -0.00228004
 0.00218729 -9.89419e-05 0.0283283 -0.0276432 -0.00183349
 0.00207956 -3.76137e-05 0.0254911 -0.0248771 -0.00173536
 0.0020775 3.99586e-05 0.0231906 -0.0225388 -0.00151411
 0.00212067 9.87731e-05 0.0208092 -0.0200557 -0.00127576
 0.00213221 0.000148294 0.0186423 -0.0180045 -0.00104742
 0.00214159 0.000200012 0.0166199 -0.0159733 -0.000891325
 0.00217867 0.000241757 0.0145962 -0.0139769 -0.000718575
 0.00215297 0.000257723 0.0130659 -0.0124613 -0.000666487
 0.00217833 0.000280151 0.0113522 -0.0107803 -0.000467896
 0.00218617 0.000297741 0.00983475 -0.0092845 -0.000402178
 0.00215436 0.000309286 0.00838162 -0.00788656 -0.00029984
 0.00214539 0.000316226 0.00717231 -0.00670463 -0.000232639
 0.00210191 0.000315266 0.00611015 -0.0056709 -0.000200515
 0.00201441 0.000313857 0.00518294 -0.00478366 -0.000111239
 0.00197016 0.00030917 0.0043709 -0.00400041 -8.19325e-05
 0.00190446 0.000306702 0.00362781 -0.00328584 -4.65743e-05
 0.0018112 0.000292 0.00302369 -0.00271447 -1.26879e-05
 0.00169173 0.000272063 0.00248464 -0.00220948 7.38756e-06
 0.00158511 0.000258386 0.00206692 -0.00182285 2.4201e-05
 0.00147199 0.000241377 0.00171484 -0.00149239 2.79654e-05
 0.00134854 0.000218148 0.00142529 -0.0012302 4.63359e-05
 0.00125852 0.000204811 0.00118252 -0.00100891 5.19633e-05
 0.00115985 0.000186537 0.000978162 -0.000823256 6.0712e-05
 0.00104844 0.000167127 0.000822 -0.000687344 5.93341e-05
 0.000957844 0.000152283 0.000675431 -0.000557441 5.63527e-05
 0.000851788 0.000133799 0.000547966 -0.000449556 5.24891e-05
 0.000769856 0.000119792 0.000454533 -0.000368045 5.09649e-05
 0.000696831 0.000107838 0.00037976 -0.000306954 4.69074e-05
 0.000622033 9.5085e-05 0.000309132 -0.000247462 4.41519e-05
 0.000563287 8.52056e-05 0.000257649 -0.000204354 4.15284e-05
 0.000493817 7.38469e-05 0.00021151 -0.000167651 3.67819e-05
 0.000438106 6.468e-05 0.000172313 -0.000136571 3.34111e-05
 0.000386101 5.60537e-05 0.000142337 -0.000112131 2.97784e-05
 0.000333807 4.80968e-05 0.000113838 -8.93506e-05 2.51851e-05
 0.000309561 4.40089e-05 9.87106e-05 -7.7215e-05 2.36639e-05
 0.000270021 3.77054e-05 8.12244e-05 -6.39306e-05 2.08396e-05
 0.000227518 3.13772e-05 6.4495e-05 -5.09149e-05 1.69019e-05
 0.000202344 2.75076e-05 5.34298e-05 -4.24722e-05 1.53906e-05
 0.000174716 2.33897e-05 4.37093e-05 -3.5001e-05 1.30993e-05
 0.000151694 2.01047e-05 3.55391e-05 -2.86795e-05 1.13058e-05
 0.000128602 1.67403e-05 2.86493e-05 -2.32996e-05 9.58138e-06
 0.000109741 1.40896e-05 2.31839e-05 -1.91324e-05 7.83925e-06
 9.38625e-05 1.19092e-05 1.89126e-05 -1.57977e-05 6.56669e-06
 7.89606e-05 9.89081e-06 1.52517e-05 -1.29042e-05 5.33641e-06
 6.87019e-05 8.49288e-06 1.26462e-05 -1.08738e-05 4.62379e-06
 5.92801e-05 7.18094e-06 1.05511e-05 -9.20431e-06 4.03081e-06
 4.95955e-05 5.96567e-06 8.41456e-06 -7.51006e-06 3.22252e-06
 4.05634e-05 4.81624e-06 6.65787e-06 -6.03471e-06 2.47074e-06
 3.38702e-05 3.92223e-06 5.37675e-06 -4.94587e-06 2.16355e-06
 2.86359e-05 3.28916e-06 4.40633e-06 -4.12859e-06 1.74025e-06
 2.33505e-05 2.63879e-06 3.49078e-06 -3.31827e-06 1.40539e-06
 1.92752e-05 2.15446e-06 2.81669e-06 -2.74174e-06 1.09965e-06
 1.56427e-05 1.728e-06 2.20316e-06 -2.19276e-06 8.57856e-07
 1.26293e-05 1.37265e-06 1.73364e-06 -1.75451e-06 6.904e-07
 1.06649e-05 1.14538e-06 1.46329e-06 -1.50097e-06 5.45758e-07
 8.19694e-06 8.69837e-07 1.08766e-06 -1.13968e-06 4.14274e-07
 6.478e-06 6.7555e-07 8.4905e-07 -9.01944e-07 3.1976e-07
 5.03068e-06 5.17874e-07 6.48231e-07 -6.99887e-07 2.35169e-07
 3.91317e-06 3.97302e-07 5.03196e-07 -5.52704e-07 1.74176e-07
 2.96835e-06 2.96937e-07 3.77211e-07 -4.21665e-07 1.26818e-07
 2.17705e-06 2.16108e-07 2.74981e-07 -3.11986e-07 8.52269e-08
 1.72513e-06 1.68557e-07 2.16418e-07 -2.47051e-07 6.57794e-08
 1.21245e-06 1.17213e-07 1.5108e-07 -1.75852e-07 4.26072e-08
 8.73025e-07 8.33087e-08 1.10074e-07 -1.28858e-07 2.92724e-08
 6.31994e-07 5.94645e-08 7.88788e-08 -9.332e-08 2.01144e-08
 4.65607e-07 4.31563e-08 5.7858e-08 -6.90075e-08 1.36639e-08
 3.0959e-07 2.85209e-08 3.88326e-08 -4.67482e-08 7.91131e-09
 1.95524e-07 1.76306e-08 2.46032e-08 -2.97872e-08 4.80008e-09
 1.20154e-07 1.07364e-08 1.52054e-08 -1.85584e-08 2.91519e-09
 7.93788e-08 7.03581e-09 1.00874e-08 -1.24199e-08 1.31238e-09
 0 0 0 0 0
 0 0 0 0 0
 0 0 0 0 0
 0 0 0 0 0
 0 0 0 0 0
 0 0 0 0 0
 0 0 0 0 0
 0 0 0 0 0
 0 0 0 0 0
 0.0924919 0.0242799 -0.0341749 -0.00462458 -0.0234021
 0.0939862 0.0253143 -0.0347434 -0.00474829 -0.0229419
 0.0958838 0.0261191 -0.0347066 -0.00477284 -0.022485
 0.0985231 0.0271727 -0.0351255 -0.00461458 -0.020922
 0.0993162 0.0275164 -0.0355701 -0.00433348 -0.0202125
 0.102976 0.0289195 -0.0367153 -0.00408894 -0.0196156
 0.105492 0.0297343 -0.0369216 -0.00364979 -0.0174512
 0.108132 0.0306213 -0.0368976 -0.00306089 -0.0170188
 0.108299 0.0302901 -0.0366467 -0.00240497 -0.0169687
 0.108262 0.0299541 -0.0350111 -0.00259694 -0.0161315
 0.105359 0.0284864 -0.0320215 -0.00268594 -0.0148848
 0.102064 0.0270307 -0.0288333 -0.00332153 -0.0147149
 0.0999331 0.0254893 -0.0257883 -0.00407476 -0.0143749
 0.0952194 0.0234731 -0.0212944 -0.00581273 -0.0138074
 0.088885 0.0208168 -0.0163599 -0.00782725 -0.0135299
 0.0845044 0.0188141 -0.0124883 -0.0103164 -0.0132971
 0.0778731 0.0161759 -0.00586113 -0.0130806 -0.0133755
 0.0731875 0.0142704 -0.00247053 -0.0156233 -0.0126936
 0.0680831 0.0125357 0.00363101 -0.0196907 -0.0125549
 0.0617843 0.0105838 0.00924144 -0.0222119 -0.0124544
 0.0560684 0.00846875 0.0148631 -0.0272249 -0.0116541
 0.0510695 0.0071675 0.0204704 -0.0311918 -0.0114164
 0.0467055 0.00581636 0.0245557 -0.0338051 -0.0108134
 0.0405419 0.00423722 0.0308824 -0.0389621 -0.0111954
 0.0369188 0.0033055 0.0349719 -0.0414414 -0.0101443
 0.0327378 0.00238482 0.0380736 -0.0436563 -0.0103013
 0.0287951 0.00161686 0.0430244 -0.0473497 -0.00952156
 0.0247169 0.00100728 0.0462789 -0.0500851 -0.00890156
 0.0211127 0.000286755 0.0496536 -0.0520127 -0.00826081
 0.0182559 -3.15919e-05 0.0525791 -0.0544838 -0.00803081
 0.0160143 -0.000321942 0.0528306 -0.0541539 -0.00744412
 0.0135591 -0.000545021 0.053464 -0.0546259 -0.00672556
 0.0115471 -0.000715312 0.0550152 -0.0558189 -0.00650913
 0.0108948 -0.000635138 0.0525439 -0.0530285 -0.00617599
 0.00871544 -0.000702569 0.0528713 -0.0530033 -0.00543058
 0.00745088 -0.000760469 0.0518156 -0.0517369 -0.00512674
 0.00666931 -0.000603831 0.0496818 -0.0493239 -0.00442743
 0.00588116 -0.000536445 0.0473008 -0.0469256 -0.00419072
 0.00483612 -0.000549976 0.0450036 -0.0447018 -0.00373001
 0.00466613 -0.000386612 0.0423089 -0.0417937 -0.00325693
 0.0039808 -0.00032951 0.0396583 -0.0390143 -0.00294588
 0.00369126 -0.000140223 0.0370254 -0.0361719 -0.00250644
 0.00325716 -0.000103442 0.0343133 -0.0335483 -0.00205316
 0.00317864 -1.59037e-05 0.0319154 -0.0311253 -0.00188206
 0.00303539 4.6288e-05 0.0289806 -0.0281417 -0.0017719
 0.00279576 0.000111259 0.0262276 -0.0253769 -0.00137425
 0.00275183 0.000176273 0.0239336 -0.0231043 -0.00128311
 0.00272105 0.000241743 0.0213542 -0.0205966 -0.000959919
 0.00267939 0.000250883 0.0193949 -0.0186202 -0.000867362
 0.00270358 0.000310276 0.0171004 -0.0163809 -0.0007006
 0.00261247 0.000324284 0.0149846 -0.0143137 -0.000585101
 0.00260808 0.000354713 0.0132562 -0.0125881 -0.000523297
 0.00253289 0.000345722 0.0116009 -0.0109819 -0.000400122
 0.00253991 0.000372834 0.0102183 -0.00962387 -0.000281825
 0.00249224 0.000371667 0.008746 -0.0082185 -0.000248688
 0.00244 0.000374358 0.00760956 -0.00709819 -0.000184944
 0.00240073 0.000377912 0.00647031 -0.00600156 -0.000125188
 0.00227752 0.000366239 0.00544777 -0.00501879 -7.42994e-05
 0.00218282 0.000355812 0.00459938 -0.00420413 -3.96112e-05
 0.0020856 0.000344779 0.00378734 -0.00343684 4.70229e-06
 0.00200842 0.000333998 0.00319885 -0.00287377 -3.58184e-06
 0.00189443 0.00031828 0.00266514 -0.00237655 3.23307e-05
 0.00172915 0.00029104 0.00218351 -0.00192954 4.73689e-05
 0.00161651 0.000270774 0.00178052 -0.00155758 5.18991e-05
 0.00148374 0.000249974 0.00148257 -0.00128344 5.96699e-05
 0.00138279 0.000233021 0.00122774 -0.00104997 5.73673e-05
 0.00127757 0.000212933 0.00103918 -0.000880412 6.34331e-05
 0.00116549 0.000192925 0.000851194 -0.000713137 6.42319e-05
 0.00105419 0.000173172 0.000704375 -0.000584866 6.79138e-05
 0.000956169 0.000156003 0.000591655 -0.000488373 6.04187e-05
 0.000836162 0.000135083 0.000472808 -0.00038856 5.39016e-05
 0.000766519 0.000123114 0.000394866 -0.000321313 5.32473e-05
 0.000699213 0.000110709 0.000334243 -0.000271312 4.80589e-05
 0.000620842 9.72594e-05 0.000273335 -0.000220306 4.51564e-05
 0.000540098 8.38588e-05 0.000221317 -0.000177787 3.93936e-05
 0.000487237 7.44525e-05 0.000186994 -0.000149931 3.59657e-05
 0.000430282 6.49394e-05 0.000151837 -0.000121319 3.21759e-05
 0.000384211 5.76713e-05 0.000126821 -0.000101864 2.77105e-05
 0.000330503 4.87892e-05 0.000102687 -8.30944e-05 2.44931e-05
 0.000288929 4.21383e-05 8.34981e-05 -6.74713e-05 2.12324e-05
 0.000258744 3.72104e-05 7.08969e-05 -5.74819e-05 1.92093e-05
 0.000225819 3.20784e-05 5.77331e-05 -4.69548e-05 1.61747e-05
 0.000193026 2.69549e-05 4.74196e-05 -3.90297e-05 1.41366e-05
 0.000172544 2.38246e-05 3.96606e-05 -3.30144e-05 1.23378e-05
 0.000144028 1.96781e-05 3.12986e-05 -2.63054e-05 1.013e-05
 0.000124991 1.67905e-05 2.61209e-05 -2.22656e-05 8.5475e-06
 0.000107819 1.42345e-05 2.13838e-05 -1.83553e-05 7.42525e-06
 8.97812e-05 1.17487e-05 1.69419e-05 -1.48241e-05 5.91481e-06
 7.80819e-05 1.00909e-05 1.41178e-05 -1.25426e-05 5.09029e-06
 6.53125e-05 8.31056e-06 1.13736e-05 -1.02326e-05 4.07257e-06
 5.49969e-05 6.90231e-06 9.24244e-06 -8.54619e-06 3.51302e-06
 4.63293e-05 5.73364e-06 7.47687e-06 -6.99744e-06 2.86328e-06
 3.80987e-05 4.65524e-06 6.07339e-06 -5.78357e-06 2.29089e-06
 3.21789e-05 3.88393e-06 4.92967e-06 -4.78519e-06 1.85583e-06
 2.65628e-05 3.17084e-06 3.94972e-06 -3.88386e-06 1.46646e-06
 2.13172e-05 2.50292e-06 3.10915e-06 -3.11547e-06 1.1613e-06
 1.73487e-05 2.01746e-06 2.45888e-06 -2.52211e-06 8.92544e-07
 1.44149e-05 1.65329e-06 1.99325e-06 -2.06839e-06 7.12362e-07
 1.14922e-05 1.30083e-06 1.58612e-06 -1.67703e-06 5.54291e-07
 9.37044e-06 1.04378e-06 1.26609e-06 -1.35441e-06 4.43056e-07
 7.45919e-06 8.20212e-07 9.89256e-07 -1.0811e-06 3.49731e-07
 5.77564e-06 6.27337e-07 7.717e-07 -8.49025e-07 2.46514e-07
 4.59946e-06 4.90341e-07 6.00015e-07 -6.72844e-07 1.93994e-07
 3.45239e-06 3.65385e-07 4.47331e-07 -5.07747e-07 1.43506e-07
 2.59786e-06 2.72526e-07 3.34574e-07 -3.84971e-07 9.72269e-08
 1.9232e-06 1.98956e-07 2.46859e-07 -2.87398e-07 6.75419e-08
 1.48254e-06 1.51281e-07 1.92223e-07 -2.24949e-07 4.75222e-08
 1.06321e-06 1.07502e-07 1.36121e-07 -1.61349e-07 3.05677e-08
 7.38531e-07 7.3425e-08 9.4975e-08 -1.13718e-07 2.18724e-08
 5.11004e-07 5.03076e-08 6.56525e-08 -7.92019e-08 1.30341e-08
 3.68696e-07 3.59032e-08 4.78584e-08 -5.81109e-08 8.68625e-09
 2.50684e-07 2.42428e-08 3.23811e-08 -3.97091e-08 5.47991e-09
 0 0 0 0 0
 0 0 0 0 0
 0 0 0 0 0
 0 0 0 0 0
 0 0 0 0 0
 0 0 0 0 0
 0 0 0 0 0
 0 0 0 0 0
 0 0 0 0 0
 0 0 0 0 0
 0.0963775 0.0279251 -0.0295726 -0.00520789 -0.0190651
 0.09703 0.0283567 -0.0304117 -0.00524571 -0.0197592
 0.09783 0.0286774 -0.0303911 -0.00546864 -0.0181247
 0.096725 0.0284217 -0.031445 -0.00538061 -0.0169432
 0.0978138 0.0285588 -0.0320928 -0.00498157 -0.0168328
 0.0997019 0.0291696 -0.0316475 -0.00480659 -0.015384
 0.101136 0.0297626 -0.0317774 -0.00445127 -0.0146884
 0.102449 0.0302013 -0.0308092 -0.0039778 -0.0141896
 0.105107 0.0310586 -0.0335928 -0.00298456 -0.0129291
 0.105315 0.0310329 -0.0328233 -0.00258309 -0.0128411
 0.105252 0.0307178 -0.0309531 -0.00230755 -0.012606
 0.104774 0.0301114 -0.0291254 -0.00207405 -0.0120094
 0.101896 0.0287105 -0.0270995 -0.00236098 -0.0106843
 0.0977737 0.0269182 -0.0243774 -0.00325785 -0.0107491
 0.0942325 0.0249933 -0.0207172 -0.00436509 -0.0108249
 0.0904581 0.0231189 -0.0160019 -0.00628056 -0.010824
 0.0849987 0.0207151 -0.012211 -0.00852513 -0.0104647
 0.0787119 0.0182851 -0.00651606 -0.0116805 -0.010681
 0.075225 0.0166911 -0.00300229 -0.0137293 -0.0104419
 0.0697206 0.0144359 0.00291241 -0.017373 -0.0107417
 0.0640456 0.0126079 0.00663337 -0.0198484 -0.0101401
 0.0579563 0.0105079 0.0125378 -0.0235228 -0.00999225
 0.0526511 0.00866169 0.0180494 -0.0277859 -0.00996588
 0.0481223 0.00734375 0.0222642 -0.0310017 -0.0099855
 0.0432829 0.00603172 0.0287636 -0.0360196 -0.00851075
 0.0386886 0.00478594 0.0331012 -0.0391147 -0.00912269
 0.0335986 0.00354295 0.0378055 -0.0426431 -0.00896763
 0.0309123 0.00298606 0.0396902 -0.0437751 -0.00829381
 0.0265686 0.00208441 0.0440269 -0.0474509 -0.00825769
 0.0236032 0.00157132 0.0475384 -0.0499706 -0.00706044
 0.0202199 0.000808944 0.0487924 -0.0509646 -0.0073895
 0.01746 0.000490147 0.0516215 -0.0531446 -0.00675631
 0.015894 0.000366706 0.0509064 -0.0519976 -0.00625831
 0.0135875 0.000135787 0.0525146 -0.0530291 -0.00557813
 0.0117691 -0.000157463 0.0522776 -0.0526028 -0.00533884
 0.0104637 -0.000134057 0.0506027 -0.0503821 -0.00470524
 0.00890769 -0.000185731 0.0494206 -0.0491966 -0.00453741
 0.00825944 -0.000133094 0.0484529 -0.0479078 -0.00397998
 0.00680781 -0.00016258 0.0461745 -0.0454189 -0.00350598
 0.00613357 -9.26662e-05 0.0441194 -0.0435904 -0.00336929
 0.0055194 -6.61881e-05 0.0418722 -0.0411498 -0.00281343
 0.00509659 -2.13212e-05 0.0393371 -0.0386099 -0.00255201
 0.00457292 3.40892e-05 0.0376597 -0.0368031 -0.00224996
 0.00415576 0.00010878 0.0340504 -0.0331814 -0.00189896
 0.00383308 0.000144341 0.0315709 -0.0306035 -0.00164168
 0.00372893 0.000200811 0.0291954 -0.0283189 -0.00136937
 0.00358344 0.000288302 0.0262447 -0.0253226 -0.00132713
 0.00329208 0.000300952 0.023726 -0.0228463 -0.00101051
 0.0033907 0.000365909 0.0210927 -0.0203148 -0.0008829
 0.0032165 0.000371534 0.0195535 -0.0187346 -0.000772556
 0.00310458 0.000399788 0.0173289 -0.016522 -0.00056971
 0.00307665 0.000425148 0.0152294 -0.0144778 -0.000453782
 0.00301173 0.000428353 0.013376 -0.0126734 -0.000431915
 0.00293361 0.000434868 0.0118006 -0.011132 -0.000334327
 0.00289586 0.000445206 0.0104904 -0.0098815 -0.000228256
 0.00277047 0.000444308 0.00883569 -0.00827444 -0.000160035
 0.00262929 0.000426879 0.00760569 -0.00708569 -0.000170837
 0.00256683 0.000422515 0.00650312 -0.00602069 -0.000106166
 0.00248344 0.000414674 0.00555611 -0.00512256 -3.42311e-05
 0.00240056 0.000407108 0.00474312 -0.00433195 -6.07144e-06
 0.00227703 0.000389684 0.00395454 -0.0036012 2.18176e-05
 0.0021379 0.00036982 0.00327028 -0.00294457 3.48844e-05
 0.00202456 0.000351228 0.00267307 -0.00237678 3.65486e-05
 0.00190003 0.000331249 0.00226028 -0.00200156 6.23065e-05
 0.00175704 0.000307269 0.0018591 -0.00162521 6.78025e-05
 0.00163282 0.000283194 0.00152918 -0.00132407 7.18738e-05
 0.00149431 0.000259319 0.00127764 -0.00110049 7.66375e-05
 0.00136508 0.000236019 0.00104947 -0.000895519 7.49494e-05
 0.00124162 0.000213656 0.0008708 -0.000737025 7.13231e-05
 0.0011266 0.000192797 0.000721938 -0.000605146 6.73294e-05
 0.00103539 0.000174858 0.00060783 -0.000504932 6.50081e-05
 0.000919844 0.000153913 0.000498411 -0.000411982 6.02467e-05
 0.000834063 0.000138435 0.000411493 -0.000336984 5.80462e-05
 0.000753519 0.000123747 0.000344833 -0.000282939 5.34896e-05
 0.000664906 0.000107758 0.000277601 -0.000226275 4.83541e-05
 0.000589654 9.45056e-05 0.000231781 -0.000188788 4.29027e-05
 0.000523309 8.30962e-05 0.000190054 -0.000154857 3.73201e-05
 0.00047571 7.46256e-05 0.000162005 -0.000132095 3.42476e-05
 0.000418755 6.49763e-05 0.000133376 -0.000108235 3.00075e-05
 0.000374261 5.73164e-05 0.000110933 -9.07775e-05 2.70772e-05
 0.000320241 4.83926e-05 9.04387e-05 -7.48806e-05 2.23003e-05
 0.000282295 4.21693e-05 7.40044e-05 -6.16891e-05 1.9696e-05
 0.000244714 3.59903e-05 6.09215e-05 -5.0876e-05 1.71425e-05
 0.000211656 3.08464e-05 4.96903e-05 -4.21429e-05 1.46577e-05
 0.00018048 2.606e-05 4.05205e-05 -3.46244e-05 1.19599e-05
 0.000154071 2.18656e-05 3.23364e-05 -2.80716e-05 1.02041e-05
 0.00013504 1.89543e-05 2.72979e-05 -2.38376e-05 8.93269e-06
 0.000115314 1.59868e-05 2.24576e-05 -1.9978e-05 7.30681e-06
 0.000101489 1.38525e-05 1.86677e-05 -1.67717e-05 6.43225e-06
 8.39831e-05 1.13586e-05 1.49653e-05 -1.36735e-05 5.0185e-06
 7.29056e-05 9.68869e-06 1.26121e-05 -1.17344e-05 4.33399e-06
 5.92138e-05 7.82094e-06 9.76762e-06 -9.28194e-06 3.39603e-06
 5.09782e-05 6.61944e-06 8.135e-06 -7.84206e-06 2.92213e-06
 4.20878e-05 5.39544e-06 6.57706e-06 -6.43175e-06 2.29864e-06
 3.52931e-05 4.46357e-06 5.37041e-06 -5.34161e-06 1.93809e-06
 2.95631e-05 3.69409e-06 4.38656e-06 -4.44696e-06 1.54185e-06
 2.42524e-05 2.98766e-06 3.52012e-06 -3.62341e-06 1.23693e-06
 1.9827e-05 2.40826e-06 2.83767e-06 -2.9828e-06 9.80925e-07
 1.57177e-05 1.89052e-06 2.19495e-06 -2.34449e-06 7.29775e-07
 1.24887e-05 1.48141e-06 1.73578e-06 -1.87114e-06 5.85303e-07
 1.01565e-05 1.19272e-06 1.39181e-06 -1.52479e-06 4.37439e-07
 8.19619e-06 9.50775e-07 1.11931e-06 -1.2411e-06 3.34866e-07
 6.38419e-06 7.28925e-07 8.5075e-07 -9.57325e-07 2.61146e-07
 5.06853e-06 5.697e-07 6.79188e-07 -7.72306e-07 1.96473e-07
 3.87522e-06 4.30836e-07 5.2058e-07 -5.99126e-07 1.42573e-07
 2.96328e-06 3.26114e-07 3.90416e-07 -4.53152e-07 1.02331e-07
 2.18169e-06 2.38392e-07 2.85407e-07 -3.35386e-07 7.01881e-08
 1.68636e-06 1.81341e-07 2.19768e-07 -2.61779e-07 5.15694e-08
 1.15692e-06 1.23563e-07 1.50761e-07 -1.80538e-07 2.73345e-08
 8.64538e-07 9.09288e-08 1.14015e-07 -1.37195e-07 2.22595e-08
 5.99362e-07 6.24585e-08 7.85094e-08 -9.559e-08 1.39899e-08
 0 0 0 0 0
 0 0 0 0 0
 0 0 0 0 0
 0 0 0 0 0
 0 0 0 0 0
 0 0 0 0 0
 0 0 0 0 0
 0 0 0 0 0
 0 0 0 0 0
 0 0 0 0 0
 0 0 0 0 0
 0.102265 0.0327832 -0.0277722 -0.00574778 -0.0133719
 0.100331 0.0320988 -0.0274996 -0.00586979 -0.0125609
 0.0972119 0.0308175 -0.0263327 -0.00600721 -0.0131824
 0.0963587 0.0303371 -0.0270243 -0.00602313 -0.0135471
 0.0957219 0.0298878 -0.0271866 -0.00587156 -0.0123058
 0.0949987 0.0293451 -0.0266739 -0.00563967 -0.0130151
 0.0970375 0.0299035 -0.0278667 -0.00517868 -0.0122476
 0.0971388 0.0296844 -0.0275863 -0.00459433 -0.0114655
 0.0979688 0.0300721 -0.0279618 -0.00410431 -0.0103817
 0.100213 0.0307573 -0.0287027 -0.00332719 -0.0101777
 0.0993856 0.0306708 -0.0280894 -0.00259161 -0.00975669
 0.100191 0.0307434 -0.0274589 -0.00206276 -0.009142
 0.0990869 0.0301544 -0.0254494 -0.00188266 -0.00872719
 0.0966725 0.0287816 -0.0242096 -0.00203795 -0.00845094
 0.0941337 0.0273559 -0.0206192 -0.00302103 -0.00841838
 0.0912637 0.0258921 -0.0179671 -0.00415821 -0.00866569
 0.0860894 0.023677 -0.0150618 -0.00528304 -0.00856544
 0.0828025 0.0222152 -0.0102534 -0.00794331 -0.00762106
 0.0765706 0.019509 -0.00651712 -0.00997588 -0.00855506
 0.0728975 0.0175605 -0.00173947 -0.0129699 -0.00844194
 0.0671319 0.0153995 0.00273004 -0.0152687 -0.0089605
 0.0623785 0.0137348 0.00808675 -0.0193876 -0.00853888
 0.0566794 0.0114295 0.0123555 -0.0224149 -0.00902794
 0.0522541 0.0100529 0.018083 -0.0268382 -0.008629
 0.0481393 0.00871025 0.0210711 -0.0287127 -0.00846412
 0.0433034 0.00704381 0.0264177 -0.0331067 -0.00849594
 0.0390103 0.00579644 0.0310908 -0.0365651 -0.00832269
 0.0350416 0.00480627 0.0352665 -0.0400714 -0.00804944
 0.0305262 0.00370707 0.0394958 -0.0430742 -0.00735363
 0.0275122 0.00297027 0.0433154 -0.0461931 -0.00716519
 0.0243866 0.00217443 0.0455716 -0.0474494 -0.00708644
 0.0219513 0.00179614 0.0466056 -0.0482316 -0.00636594
 0.0190521 0.00135499 0.0490072 -0.0499093 -0.0059857
 0.0164596 0.000952513 0.0502419 -0.0508765 -0.00500384
 0.0148732 0.000728837 0.0492931 -0.0497765 -0.00509155
 0.0128468 0.000485176 0.0504892 -0.0505756 -0.00455942
 0.0115504 0.000369201 0.0496469 -0.0495158 -0.0043258
 0.0101111 0.00029473 0.0479067 -0.0475999 -0.00401608
 0.00884531 0.000156179 0.0470006 -0.0465443 -0.00383432
 0.00808256 0.000232417 0.0453022 -0.0445079 -0.00328803
 0.007236 0.000166761 0.0433518 -0.0425059 -0.00295888
 0.00649894 0.000179449 0.0409439 -0.0402304 -0.00271851
 0.00599949 0.000288102 0.0379763 -0.0371233 -0.00224114
 0.00535399 0.000291046 0.035915 -0.0349504 -0.00192981
 0.00491202 0.000292099 0.0342283 -0.0332698 -0.0016214
 0.0046318 0.000352134 0.0310168 -0.030093 -0.00150001
 0.00440239 0.000363973 0.0284034 -0.0274443 -0.00135725
 0.00421426 0.00044155 0.0259557 -0.0249718 -0.00110113
 0.00390959 0.000446448 0.0236215 -0.0227185 -0.000851437
 0.00382622 0.000456244 0.021423 -0.0204961 -0.000817838
 0.00363551 0.000487771 0.0189863 -0.0181923 -0.000652269
 0.0035463 0.000501215 0.0171609 -0.0163554 -0.000574993
 0.00339703 0.000510927 0.0150584 -0.0143021 -0.000426103
 0.00333079 0.000516683 0.0134692 -0.0127343 -0.000324927
 0.00327968 0.000530496 0.0117425 -0.011067 -0.000240309
 0.00314537 0.000527053 0.0103146 -0.00969031 -0.000154431
 0.00307187 0.000518772 0.00896094 -0.008376 -0.000118374
 0.00290974 0.000496712 0.00767762 -0.00713194 -5.86671e-05
 0.00284496 0.000492159 0.00664706 -0.00615888 -5.21145e-05
 0.0026508 0.000464161 0.00553734 -0.00510298 9.71713e-06
 0.00260357 0.000463312 0.00477941 -0.00436464 3.59902e-05
 0.00244779 0.000434227 0.00393483 -0.00358154 3.88573e-05
 0.00230027 0.000411127 0.00325113 -0.00293123 6.2735e-05
 0.00216829 0.000388923 0.00273141 -0.00244091 6.23827e-05
 0.00201733 0.00036287 0.00227206 -0.00201849 7.8125e-05
 0.00185972 0.000334632 0.00185883 -0.00163174 7.84925e-05
 0.00172406 0.000309456 0.00155889 -0.00136072 7.72056e-05
 0.00159346 0.000284364 0.00128868 -0.00111238 8.16869e-05
 0.00146553 0.000260081 0.00107858 -0.000922188 7.42506e-05
 0.00133028 0.000234844 0.000895781 -0.000762213 7.89994e-05
 0.00119605 0.000211013 0.000735575 -0.00062203 7.25187e-05
 0.00108526 0.0001897 0.000613723 -0.000516236 6.77144e-05
 0.000999263 0.000172207 0.000515101 -0.000429982 6.39275e-05
 0.000868131 0.00014858 0.000415507 -0.000345661 5.58447e-05
 0.000792762 0.000134575 0.000349388 -0.000290431 5.27797e-05
 0.000705381 0.000118356 0.000287237 -0.000237885 4.90311e-05
 0.000634756 0.000105241 0.000238063 -0.000196664 4.41447e-05
 0.000560828 9.24938e-05 0.000195771 -0.000162448 3.79132e-05
 0.000507644 8.22725e-05 0.000166304 -0.000137733 3.60491e-05
 0.000441676 7.09825e-05 0.000136051 -0.000113832 3.06088e-05
 0.000389188 6.18105e-05 0.00011269 -9.43331e-05 2.66243e-05
 0.000333522 5.23465e-05 8.94069e-05 -7.52144e-05 2.24941e-05
 0.000295558 4.58531e-05 7.49031e-05 -6.36375e-05 1.97752e-05
 0.000259871 3.98498e-05 6.28425e-05 -5.40838e-05 1.74649e-05
 0.000225428 3.40682e-05 5.16793e-05 -4.48989e-05 1.49735e-05
 0.000192526 2.87189e-05 4.19817e-05 -3.68053e-05 1.22554e-05
 0.000169709 2.50503e-05 3.49979e-05 -3.09307e-05 1.07499e-05
 0.000143748 2.09734e-05 2.84084e-05 -2.55989e-05 9.12137e-06
 0.000125682 1.81165e-05 2.39146e-05 -2.18281e-05 7.76506e-06
 0.000108139 1.53998e-05 1.95838e-05 -1.81666e-05 6.56962e-06
 8.955e-05 1.25488e-05 1.586e-05 -1.49312e-05 5.28389e-06
 7.68656e-05 1.06592e-05 1.32024e-05 -1.26051e-05 4.21041e-06
 6.56112e-05 8.97225e-06 1.07836e-05 -1.04626e-05 3.62579e-06
 5.57295e-05 7.53738e-06 8.844e-06 -8.75581e-06 3.06422e-06
 4.66458e-05 6.21901e-06 7.28362e-06 -7.34587e-06 2.54502e-06
 3.81848e-05 5.0253e-06 5.81524e-06 -5.93814e-06 2.06116e-06
 3.11418e-05 4.06236e-06 4.64162e-06 -4.8307e-06 1.53314e-06
 2.56595e-05 3.30096e-06 3.74756e-06 -3.95185e-06 1.22587e-06
 2.08773e-05 2.65465e-06 3.00969e-06 -3.21214e-06 9.62931e-07
 1.67474e-05 2.09896e-06 2.37167e-06 -2.57286e-06 7.28831e-07
 1.40821e-05 1.75046e-06 1.97739e-06 -2.16523e-06 6.12053e-07
 1.09365e-05 1.34122e-06 1.52104e-06 -1.69088e-06 4.40756e-07
 8.781e-06 1.06531e-06 1.21129e-06 -1.36263e-06 3.45437e-07
 6.889e-06 8.265e-07 9.38256e-07 -1.07436e-06 2.50426e-07
 5.59216e-06 6.61894e-07 7.55331e-07 -8.73444e-07 2.02295e-07
 4.26208e-06 4.98895e-07 5.74642e-07 -6.72031e-07 1.48654e-07
 3.05097e-06 3.53373e-07 4.11366e-07 -4.82057e-07 9.66144e-08
 2.47733e-06 2.83117e-07 3.34782e-07 -3.95978e-07 7.71587e-08
 1.70943e-06 1.92843e-07 2.28777e-07 -2.7449e-07 4.53697e-08
 1.37229e-06 1.53554e-07 1.84642e-07 -2.23253e-07 3.46168e-08
 0 0 0 0 0
 0 0 0 0 0
 0 0 0 0 0
 0 0 0 0 0
 0 0 0 0 0
 0 0 0 0 0
 0 0 0 0 0
 0 0 0 0 0
 0 0 0 0 0
 0 0 0 0 0
 0 0 0 0 0
 0 0 0 0 0
 0.108447 0.0381981 -0.0233684 -0.00667369 -0.00667256
 0.103266 0.0358363 -0.0225757 -0.00676456 -0.00804012
 0.0981906 0.0335389 -0.0224986 -0.00672756 -0.00823506
 0.09456 0.0318892 -0.0219882 -0.006683 -0.00833875
 0.0934694 0.0308904 -0.0224911 -0.00645381 -0.00927381
 0.09262 0.0301445 -0.0224308 -0.00629931 -0.00894269
 0.09001 0.0290614 -0.0211742 -0.00618979 -0.00898763
 0.0915719 0.0293073 -0.0222483 -0.00547835 -0.00897275
 0.0923969 0.0297047 -0.0229982 -0.00493717 -0.00768619
 0.092315 0.0294689 -0.0229581 -0.0043645 -0.00782581
 0.0934263 0.0298779 -0.0236907 -0.00356886 -0.00799381
 0.0942044 0.030264 -0.0232739 -0.00270929 -0.00764006
 0.0945031 0.0302116 -0.0225051 -0.00228576 -0.00710131
 0.0926981 0.0295327 -0.0216382 -0.00202086 -0.00616292
 0.0912856 0.0285996 -0.0207763 -0.00205617 -0.00630219
 0.0877237 0.0268431 -0.016878 -0.00301779 -0.00657644
 0.0858613 0.0257528 -0.0161011 -0.00340974 -0.00658788
 0.081555 0.0238391 -0.0118752 -0.00512078 -0.00666275
 0.0783394 0.0223144 -0.00907719 -0.00697206 -0.00630625
 0.0730263 0.0198248 -0.00415724 -0.0103261 -0.00716006
 0.0688325 0.0179023 0.000140492 -0.0125619 -0.00701713
 0.06412 0.0160356 0.00461706 -0.0151801 -0.00681163
 0.0604737 0.0144231 0.00726956 -0.0171561 -0.00698863
 0.0552583 0.0124503 0.0125247 -0.0208981 -0.00772569
 0.0500227 0.0105397 0.0168207 -0.0242554 -0.00777313
 0.0458016 0.00892738 0.0216151 -0.0280331 -0.00699194
 0.0418104 0.00772819 0.0269757 -0.031927 -0.00713488
 0.0380896 0.00660144 0.0314732 -0.035772 -0.006595
 0.0343613 0.00530691 0.0350631 -0.038377 -0.00682806
 0.0306806 0.00449945 0.0380374 -0.040942 -0.00613369
 0.0282088 0.00385258 0.0400661 -0.0421428 -0.00621164
 0.0237036 0.00273224 0.0439541 -0.0451711 -0.00592882
 0.0218886 0.00237066 0.045203 -0.0465316 -0.00577399
 0.0193741 0.00186046 0.0464868 -0.047348 -0.00504792
 0.0173964 0.00159085 0.0492313 -0.0494475 -0.00472611
 0.0149824 0.00109854 0.0483339 -0.0485737 -0.00463164
 0.0135232 0.00101117 0.0488186 -0.0483825 -0.00408066
 0.0123353 0.000847181 0.0473463 -0.0470711 -0.00376856
 0.0104423 0.000651187 0.0460662 -0.0456508 -0.00347582
 0.00950013 0.000544205 0.044743 -0.0439997 -0.00325324
 0.00854312 0.000514839 0.0442674 -0.0434838 -0.00267696
 0.007648 0.000426569 0.0423617 -0.0415849 -0.00262479
 0.006836 0.000461718 0.0394573 -0.0385916 -0.00208827
 0.00643463 0.000497417 0.0376636 -0.0366574 -0.00192166
 0.00599797 0.000490537 0.0335551 -0.0327253 -0.00178518
 0.00562272 0.00048746 0.0323796 -0.0313814 -0.00161277
 0.00513549 0.000520397 0.0297122 -0.0287314 -0.00122037
 0.00492742 0.000576921 0.0275448 -0.0266256 -0.00111671
 0.00467482 0.000571483 0.025368 -0.0243168 -0.000927375
 0.00440388 0.000584223 0.022808 -0.0218837 -0.000840894
 0.00432297 0.000591154 0.0206151 -0.0197381 -0.000687019
 0.00414705 0.000605556 0.0185198 -0.0177074 -0.000555324
 0.00392541 0.000603201 0.0166249 -0.0158198 -0.000428551
 0.00378568 0.000620449 0.0146632 -0.0138606 -0.000346136
 0.00363656 0.000607672 0.0131187 -0.0123616 -0.000236351
 0.003475 0.000591212 0.0114835 -0.0108026 -0.000176311
 0.00337104 0.000582606 0.0100745 -0.00945081 -0.000123071
 0.00322611 0.000572952 0.00867194 -0.00810613 -9.7955e-05
 0.0031129 0.000548588 0.00752425 -0.00699713 -5.58064e-05
 0.00297945 0.000529863 0.00642119 -0.00595198 -2.89845e-05
 0.00282486 0.000512093 0.005504 -0.00504881 1.80907e-05
 0.00269646 0.000490778 0.00467049 -0.00427991 3.02833e-05
 0.0025547 0.00047002 0.0038891 -0.00353562 4.93517e-05
 0.00240604 0.000442974 0.00327299 -0.00295515 6.60087e-05
 0.00222795 0.000413188 0.00264285 -0.00236697 6.36681e-05
 0.00211788 0.000391919 0.00223626 -0.00198711 7.2145e-05
 0.00194624 0.000364088 0.00184559 -0.00162907 9.42637e-05
 0.00180031 0.000332217 0.00154561 -0.00135294 8.44819e-05
 0.00168446 0.000310776 0.00129486 -0.00112704 7.87087e-05
 0.00152362 0.000279319 0.00107214 -0.000923025 8.23812e-05
 0.00137114 0.000250749 0.000871231 -0.000746138 7.52944e-05
 0.00125231 0.000227654 0.000730194 -0.000621398 7.78219e-05
 0.00114223 0.000204654 0.000609272 -0.000515816 6.92612e-05
 0.00101421 0.000180746 0.000497166 -0.000420654 6.38725e-05
 0.000918169 0.000162826 0.000416006 -0.000351391 5.86821e-05
 0.000815663 0.000142753 0.000341039 -0.000286897 5.12589e-05
 0.000740462 0.000128449 0.000285411 -0.000240731 4.79698e-05
 0.0006514 0.000111934 0.000233977 -0.000196664 4.11103e-05
 0.000581215 9.84125e-05 0.000196754 -0.000166243 3.94712e-05
 0.000512946 8.59819e-05 0.000163472 -0.000138555 3.34599e-05
 0.000456509 7.56581e-05 0.000137452 -0.000117276 3.05326e-05
 0.000384892 6.32419e-05 0.00010765 -9.233e-05 2.40804e-05
 0.000352489 5.71999e-05 9.25344e-05 -7.98344e-05 2.29538e-05
 0.000311105 5.00059e-05 7.70638e-05 -6.71381e-05 1.98276e-05
 0.000277474 4.40796e-05 6.52519e-05 -5.73901e-05 1.79173e-05
 0.000237141 3.70653e-05 5.28324e-05 -4.68476e-05 1.5081e-05
 0.000199535 3.09079e-05 4.23368e-05 -3.80947e-05 1.2168e-05
 0.000179194 2.73732e-05 3.65552e-05 -3.32359e-05 1.08159e-05
 0.000151241 2.28938e-05 2.9231e-05 -2.70694e-05 8.692e-06
 0.000127919 1.91164e-05 2.36396e-05 -2.21647e-05 7.25188e-06
 0.00010876 1.60613e-05 1.94554e-05 -1.85747e-05 6.12652e-06
 9.56563e-05 1.39075e-05 1.6663e-05 -1.60811e-05 5.47346e-06
 7.94419e-05 1.1459e-05 1.32666e-05 -1.30749e-05 4.11703e-06
 6.80181e-05 9.676e-06 1.11815e-05 -1.11368e-05 3.58209e-06
 5.57725e-05 7.85081e-06 8.85775e-06 -8.98494e-06 2.91246e-06
 4.77885e-05 6.64719e-06 7.4585e-06 -7.64544e-06 2.3562e-06
 3.96348e-05 5.43051e-06 6.03823e-06 -6.31337e-06 1.96321e-06
 3.26395e-05 4.4315e-06 4.87542e-06 -5.17258e-06 1.56357e-06
 2.75007e-05 3.68617e-06 4.0014e-06 -4.31517e-06 1.24106e-06
 2.20383e-05 2.91819e-06 3.18958e-06 -3.47105e-06 9.51331e-07
 1.79335e-05 2.34995e-06 2.54487e-06 -2.82153e-06 7.27856e-07
 1.45126e-05 1.88086e-06 2.05339e-06 -2.28849e-06 5.62199e-07
 1.14301e-05 1.46231e-06 1.60666e-06 -1.82331e-06 4.20243e-07
 9.47019e-06 1.20088e-06 1.31012e-06 -1.49937e-06 3.35109e-07
 7.35038e-06 9.19375e-07 1.01863e-06 -1.17691e-06 2.51749e-07
 5.90848e-06 7.31487e-07 8.14263e-07 -9.53244e-07 1.94011e-07
 4.62064e-06 5.64796e-07 6.32938e-07 -7.45737e-07 1.39809e-07
 3.50276e-06 4.23206e-07 4.80208e-07 -5.72979e-07 9.71369e-08
 2.55314e-06 3.05839e-07 3.48943e-07 -4.17672e-07 6.50019e-08
 0 0 0 0 0
 0 0 0 0 0
 0 0 0 0 0
 0 0 0 0 0
 0 0 0 0 0
 0 0 0 0 0
 0 0 0 0 0
 0 0 0 0 0
 0 0 0 0 0
 0 0 0 0 0
 0 0 0 0 0
 0 0 0 0 0
 0 0 0 0 0
 0.111751 0.0431258 -0.0192968 -0.00726938 -7.96544e-05
 0.104672 0.0394574 -0.0184048 -0.007155 -0.00215324
 0.0996569 0.0366841 -0.0186701 -0.00742381 -0.00317944
 0.0939587 0.0338183 -0.0180261 -0.0073335 -0.00478717
 0.0917669 0.0323528 -0.0182977 -0.0072025 -0.00496609
 0.0904625 0.031217 -0.0189122 -0.00696694 -0.00514511
 0.0881962 0.0299204 -0.0190432 -0.00665981 -0.00532474
 0.0874525 0.0293264 -0.0178581 -0.00619031 -0.00621633
 0.0851862 0.0283323 -0.0182291 -0.00574735 -0.00600913
 0.0849906 0.027972 -0.0183468 -0.00510959 -0.00614464
 0.0863831 0.0287658 -0.0190365 -0.00427469 -0.00467206
 0.0874581 0.0290651 -0.0183558 -0.00378861 -0.00493245
 0.0873775 0.0292177 -0.0189072 -0.00277971 -0.00509826
 0.0881056 0.0294018 -0.0195164 -0.00222494 -0.00502902
 0.08594 0.0285312 -0.0179346 -0.00193614 -0.00503902
 0.0846281 0.0279449 -0.01685 -0.00208871 -0.00348688
 0.0826306 0.0267957 -0.0152394 -0.00257501 -0.00442999
 0.0794181 0.0251486 -0.0125575 -0.00370856 -0.00536787
 0.076545 0.0236472 -0.00936206 -0.00506283 -0.00508023
 0.0730513 0.0220022 -0.00628094 -0.00694338 -0.00515051
 0.069205 0.0199573 -0.00271656 -0.00925981 -0.00549033
 0.0648888 0.0179267 0.00104279 -0.011275 -0.00575811
 0.0608647 0.0161913 0.00431508 -0.0140646 -0.00550698
 0.0575117 0.0146402 0.00847563 -0.0168587 -0.00594541
 0.0531265 0.0127667 0.0124686 -0.0194186 -0.0063635
 0.0490868 0.011174 0.0168295 -0.0231058 -0.00628813
 0.0441502 0.00967988 0.0219863 -0.0269889 -0.00613233
 0.0400932 0.0080935 0.0270309 -0.0313016 -0.006522
 0.0360062 0.00677675 0.030049 -0.0334532 -0.00642575
 0.032486 0.00578144 0.0337088 -0.0365182 -0.0057594
 0.0301339 0.00505497 0.0357862 -0.0377161 -0.00501334
 0.026112 0.00396196 0.0389331 -0.0407992 -0.00520904
 0.0236411 0.00326111 0.0418537 -0.0431285 -0.00513738
 0.0216819 0.00298918 0.0433508 -0.0440039 -0.00470234
 0.0190411 0.00227764 0.0452576 -0.0455559 -0.00453071
 0.0175688 0.00203364 0.0454022 -0.0453337 -0.00413982
 0.0151819 0.00158621 0.0456429 -0.0454784 -0.00378566
 0.0136753 0.00128186 0.0457946 -0.0454674 -0.00378422
 0.0125667 0.0011843 0.0458367 -0.0454817 -0.00323058
 0.0110857 0.00104418 0.0442713 -0.0435083 -0.00286441
 0.00986731 0.000878794 0.0430378 -0.0421531 -0.00266576
 0.00895894 0.000771762 0.0413523 -0.0405432 -0.00252035
 0.00814544 0.000754169 0.0396529 -0.038734 -0.00221455
 0.00772056 0.000772706 0.0377905 -0.036751 -0.00200142
 0.00681663 0.000669594 0.0355295 -0.034476 -0.00164498
 0.00639587 0.000704225 0.0338526 -0.0328019 -0.00145243
 0.00584982 0.000676119 0.0313288 -0.0302516 -0.00122974
 0.00550764 0.000676144 0.0287951 -0.0277628 -0.00108922
 0.00526272 0.000703025 0.0264162 -0.025394 -0.000925294
 0.00502798 0.00071435 0.0239609 -0.0230024 -0.000774369
 0.00481498 0.000706425 0.0221476 -0.0211784 -0.000712556
 0.00463935 0.00072565 0.0199989 -0.0191001 -0.000526386
 0.00442233 0.000724825 0.0183382 -0.0174824 -0.000430051
 0.00423566 0.000720206 0.0159106 -0.0151076 -0.000331418
 0.00400937 0.000680125 0.0142426 -0.0134919 -0.000264538
 0.00384983 0.00066815 0.01279 -0.0120815 -0.000209625
 0.00366873 0.000651263 0.0109752 -0.0103258 -0.000142223
 0.00362519 0.000654631 0.00983281 -0.00920844 -7.73838e-05
 0.00338582 0.000623336 0.00840988 -0.00782394 -4.05119e-05
 0.00325119 0.000603185 0.00730763 -0.00679906 1.58854e-05
 0.00311492 0.000578677 0.00623613 -0.00576499 3.91349e-06
 0.0029846 0.000562427 0.00538219 -0.00495116 4.85621e-05
 0.00279448 0.000530059 0.00450596 -0.00413338 3.89706e-05
 0.00265026 0.000501461 0.00376694 -0.00342504 6.55644e-05
 0.00245369 0.000469139 0.00311936 -0.00281737 8.15862e-05
 0.00234472 0.000448165 0.00262151 -0.00235094 9.09869e-05
 0.00217401 0.000415951 0.00216372 -0.00192857 9.29356e-05
 0.00199671 0.000384636 0.00179639 -0.00158772 9.62625e-05
 0.00185261 0.000353742 0.00148056 -0.00130138 9.20506e-05
 0.00171073 0.000325181 0.00123658 -0.00107831 8.64912e-05
 0.00158265 0.000300407 0.00105146 -0.000910219 8.58325e-05
 0.00140435 0.000264005 0.000852563 -0.00073485 7.75969e-05
 0.00128139 0.000238318 0.000712106 -0.00061093 7.56744e-05
 0.00114929 0.000212589 0.000585383 -0.000499979 7.04494e-05
 0.00106355 0.000195203 0.000495486 -0.000422261 6.44163e-05
 0.000932294 0.000169589 0.000401232 -0.000341359 5.62435e-05
 0.000859756 0.000155211 0.000343536 -0.000292815 5.50044e-05
 0.000756 0.000134921 0.000286352 -0.000244581 4.77213e-05
 0.000691831 0.000122142 0.000240315 -0.000205425 4.45184e-05
 0.000612678 0.000107383 0.000199246 -0.000170944 3.85012e-05
 0.000532376 9.19813e-05 0.000161906 -0.000139169 3.32592e-05
 0.000473759 8.09438e-05 0.00013508 -0.000116561 2.96212e-05
 0.000412694 7.0015e-05 0.000110064 -9.62406e-05 2.59453e-05
 0.000360201 6.03017e-05 9.11962e-05 -8.04675e-05 2.19971e-05
 0.000323452 5.35558e-05 7.69281e-05 -6.83469e-05 2.02686e-05
 0.000285387 4.67907e-05 6.49219e-05 -5.83367e-05 1.70749e-05
 0.000236806 3.83002e-05 5.14837e-05 -4.68764e-05 1.43234e-05
 0.000209335 3.35026e-05 4.316e-05 -3.97941e-05 1.22164e-05
 0.000182002 2.87636e-05 3.61804e-05 -3.37922e-05 1.03411e-05
 0.000155173 2.42374e-05 2.97159e-05 -2.81347e-05 8.58475e-06
 0.000135065 2.08831e-05 2.49823e-05 -2.40498e-05 7.42938e-06
 0.000111837 1.71058e-05 1.97944e-05 -1.93836e-05 5.99357e-06
 9.85631e-05 1.48859e-05 1.69581e-05 -1.6746e-05 5.1979e-06
 8.26375e-05 1.23489e-05 1.38397e-05 -1.39339e-05 4.22334e-06
 7.03544e-05 1.03792e-05 1.1414e-05 -1.16554e-05 3.4953e-06
 5.70226e-05 8.31025e-06 9.18362e-06 -9.50388e-06 2.75366e-06
 4.92286e-05 7.09519e-06 7.64675e-06 -8.04006e-06 2.28569e-06
 4.13863e-05 5.90287e-06 6.32094e-06 -6.744e-06 1.90863e-06
 3.36394e-05 4.74348e-06 5.03332e-06 -5.45162e-06 1.52699e-06
 2.80067e-05 3.91332e-06 4.14746e-06 -4.53988e-06 1.1443e-06
 2.2878e-05 3.14964e-06 3.37629e-06 -3.74006e-06 9.65206e-07
 1.8481e-05 2.52064e-06 2.67635e-06 -2.98996e-06 7.26038e-07
 1.55557e-05 2.09875e-06 2.23081e-06 -2.53251e-06 5.87024e-07
 1.1971e-05 1.59399e-06 1.71329e-06 -1.96569e-06 4.48672e-07
 9.87856e-06 1.30342e-06 1.38453e-06 -1.60459e-06 3.3365e-07
 7.78138e-06 1.01321e-06 1.10184e-06 -1.28574e-06 2.40709e-07
 6.00708e-06 7.75112e-07 8.37831e-07 -9.90444e-07 1.75501e-07
 4.60128e-06 5.87063e-07 6.37494e-07 -7.59906e-07 1.27554e-07
 0 0 0 0 0
 0 0 0 0 0
 0 0 0 0 0
 0 0 0 0 0
 0 0 0 0 0
 0 0 0 0 0
 0 0 0 0 0
 0 0 0 0 0
 0 0 0 0 0
 0 0 0 0 0
 0 0 0 0 0
 0 0 0 0 0
 0 0 0 0 0
 0 0 0 0 0
 0.118541 0.049683 -0.0144034 -0.00804738 0.00656713
 0.107483 0.0438682 -0.0145994 -0.0082175 0.00421135
 0.0981181 0.0388916 -0.0140999 -0.00806313 0.00178479
 0.0939994 0.0361321 -0.0145384 -0.00808213 -4.76092e-05
 0.0889931 0.033382 -0.0144114 -0.00794681 -0.00175446
 0.0850994 0.0311454 -0.0142851 -0.00773869 -0.00294895
 0.0831663 0.0299526 -0.0134691 -0.00748113 -0.00259714
 0.0833738 0.0292973 -0.0139804 -0.00713756 -0.00324782
 0.0809475 0.0281482 -0.0139873 -0.00662613 -0.00366946
 0.08081 0.0277927 -0.0141261 -0.00616895 -0.00393699
 0.0804644 0.0274459 -0.0150321 -0.00524669 -0.00412876
 0.0803075 0.0275482 -0.0143541 -0.00474281 -0.00386174
 0.0805606 0.0277723 -0.0150176 -0.00377416 -0.00255252
 0.0811031 0.0281272 -0.0159271 -0.00293209 -0.00352201
 0.0813594 0.0281747 -0.0147206 -0.0023969 -0.00346258
 0.0799519 0.0275977 -0.0152567 -0.0019943 -0.00318508
 0.0789144 0.026809 -0.0129991 -0.00238749 -0.00347769
 0.0760175 0.0255856 -0.0111696 -0.00309917 -0.00343271
 0.0732062 0.0242166 -0.00915025 -0.0038806 -0.00365081
 0.0706488 0.0227674 -0.006958 -0.00498151 -0.00366853
 0.0661906 0.0205292 -0.00316406 -0.00765912 -0.00473549
 0.0650225 0.0195884 -0.000848719 -0.00889963 -0.00400566
 0.0601073 0.017415 0.00273808 -0.0113203 -0.00479516
 0.0564218 0.0156654 0.00702525 -0.0146961 -0.00474478
 0.052504 0.0140183 0.0112775 -0.0174878 -0.00525981
 0.0484559 0.0123264 0.0134741 -0.0191853 -0.00518486
 0.0445533 0.0109194 0.0183076 -0.0231982 -0.00513158
 0.0410392 0.00933919 0.022025 -0.0259621 -0.00581594
 0.0378082 0.00817356 0.0252332 -0.0288964 -0.00577446
 0.0347409 0.00723625 0.0293233 -0.0320559 -0.0048444
 0.0311166 0.00575341 0.0326181 -0.0345846 -0.00541922
 0.0287124 0.00520052 0.0351067 -0.0364464 -0.00503714
 0.0254148 0.00420364 0.0382716 -0.0396136 -0.00479126
 0.0229541 0.00360929 0.0395076 -0.0402799 -0.00461069
 0.0206882 0.00314421 0.0424074 -0.0426876 -0.00413571
 0.0184738 0.00253051 0.0438022 -0.0440144 -0.00402566
 0.0162389 0.00199638 0.0446267 -0.0444627 -0.00386555
 0.0150078 0.00179455 0.0441249 -0.0438621 -0.0035554
 0.0132349 0.00153811 0.0448164 -0.0443506 -0.00324765
 0.01209 0.00128193 0.0444633 -0.043612 -0.00328037
 0.0112948 0.00127637 0.0421004 -0.041462 -0.00273849
 0.0101284 0.00112598 0.0419884 -0.0410419 -0.00239274
 0.00927806 0.00100811 0.0400551 -0.0390339 -0.00224218
 0.00854175 0.0009833 0.0381803 -0.0371004 -0.00205329
 0.00791506 0.000941094 0.0362634 -0.0351455 -0.00179122
 0.00712906 0.000853519 0.034096 -0.033064 -0.00147171
 0.00671487 0.000876381 0.0322114 -0.0311353 -0.00127999
 0.00631531 0.000878263 0.0299018 -0.0287952 -0.00101062
 0.00601636 0.000859056 0.0273733 -0.026305 -0.00102248
 0.00560337 0.000813256 0.0253201 -0.0243042 -0.000798594
 0.00525906 0.000824069 0.0230916 -0.0221518 -0.000640331
 0.00512278 0.00084965 0.0207837 -0.0198166 -0.000461951
 0.00476027 0.000792319 0.0190996 -0.0182009 -0.000453653
 0.00456346 0.000794038 0.0170867 -0.0162266 -0.000338021
 0.00439364 0.000766831 0.0153248 -0.0145482 -0.000299686
 0.0042043 0.000769912 0.013339 -0.0126044 -0.000209052
 0.00407019 0.000750863 0.0122532 -0.0115452 -0.000151042
 0.00386103 0.0007223 0.0106489 -0.00998862 -8.41863e-05
 0.00365182 0.000691512 0.00919737 -0.008632 -3.60227e-05
 0.00345867 0.000654488 0.00809669 -0.00756394 -1.05761e-05
 0.00340936 0.000653569 0.0069245 -0.00644388 -1.70742e-07
 0.00317816 0.000611973 0.00592713 -0.00548334 3.54972e-05
 0.00305078 0.000592984 0.00509028 -0.00468574 5.70818e-05
 0.00285688 0.000556242 0.00424308 -0.00388864 7.8785e-05
 0.00273104 0.000535789 0.00363508 -0.0033071 9.29125e-05
 0.00252554 0.000496281 0.00298865 -0.00270735 9.46875e-05
 0.00239224 0.000472521 0.00250295 -0.00225114 9.64487e-05
 0.00223713 0.000438825 0.00210636 -0.00188166 8.84575e-05
 0.00202833 0.00040033 0.00169987 -0.00150711 9.19225e-05
 0.00190503 0.000373734 0.00145657 -0.00128093 9.4975e-05
 0.00172893 0.000338087 0.00119486 -0.00104729 9.01569e-05
 0.00156055 0.000303282 0.000990812 -0.0008627 8.30487e-05
 0.0014247 0.00027489 0.000812175 -0.000704519 7.29356e-05
 0.0013177 0.000252897 0.000695281 -0.000601754 7.57306e-05
 0.00119901 0.000228442 0.000577221 -0.00049818 6.97531e-05
 0.00108339 0.000204715 0.000484763 -0.000417818 6.27131e-05
 0.00098905 0.000185277 0.000408976 -0.0003532 6.01453e-05
 0.000863288 0.000160595 0.000328588 -0.000283843 5.41219e-05
 0.000771019 0.000141921 0.000274682 -0.000238714 4.65797e-05
 0.000682944 0.000124271 0.000228216 -0.000198351 4.02798e-05
 0.000615124 0.000110679 0.00019175 -0.000166954 3.64271e-05
 0.000543294 9.69862e-05 0.000158945 -0.000139335 3.33718e-05
 0.000479174 8.46181e-05 0.000131089 -0.000115378 2.97246e-05
 0.000431916 7.54656e-05 0.000112505 -9.98306e-05 2.57724e-05
 0.000370029 6.38669e-05 9.13344e-05 -8.23219e-05 2.17761e-05
 0.000326677 5.574e-05 7.66444e-05 -6.95644e-05 1.89637e-05
 0.000285286 4.81555e-05 6.32156e-05 -5.79492e-05 1.63682e-05
 0.000246486 4.11348e-05 5.2878e-05 -4.91909e-05 1.41459e-05
 0.000213427 3.51721e-05 4.34021e-05 -4.08781e-05 1.19306e-05
 0.000185594 3.03685e-05 3.61696e-05 -3.45331e-05 1.00095e-05
 0.000160957 2.60161e-05 3.02227e-05 -2.92954e-05 8.50631e-06
 0.000137867 2.20308e-05 2.52097e-05 -2.47664e-05 7.3055e-06
 0.000118594 1.87033e-05 2.07133e-05 -2.06605e-05 6.06422e-06
 0.000100772 1.57217e-05 1.71976e-05 -1.73674e-05 5.10818e-06
 8.59506e-05 1.32939e-05 1.41158e-05 -1.45084e-05 4.20661e-06
 7.15356e-05 1.09264e-05 1.14631e-05 -1.19912e-05 3.34104e-06
 6.22908e-05 9.40737e-06 9.87744e-06 -1.04329e-05 2.89285e-06
 4.97188e-05 7.43219e-06 7.75875e-06 -8.32625e-06 2.22148e-06
 4.11584e-05 6.08819e-06 6.28287e-06 -6.81175e-06 1.75012e-06
 3.43366e-05 5.02802e-06 5.10478e-06 -5.64479e-06 1.41997e-06
 2.92272e-05 4.2313e-06 4.28417e-06 -4.78684e-06 1.15702e-06
 2.34197e-05 3.34655e-06 3.45503e-06 -3.87251e-06 9.07631e-07
 1.90899e-05 2.68969e-06 2.79511e-06 -3.17301e-06 7.23494e-07
 1.55e-05 2.15972e-06 2.27546e-06 -2.60288e-06 5.47311e-07
 1.25184e-05 1.73465e-06 1.80135e-06 -2.08222e-06 4.33091e-07
 1.00552e-05 1.37459e-06 1.45163e-06 -1.69943e-06 3.21628e-07
 7.94863e-06 1.07529e-06 1.14404e-06 -1.34649e-06 2.40054e-07
 0 0 0 0 0
 0 0 0 0 0
 0 0 0 0 0
 0 0 0 0 0
 0 0 0 0 0
 0 0 0 0 0
 0 0 0 0 0
 0 0 0 0 0
 0 0 0 0 0
 0 0 0 0 0
 0 0 0 0 0
 0 0 0 0 0
 0 0 0 0 0
 0 0 0 0 0
 0 0 0 0 0
 0.125538 0.0567198 -0.0108498 -0.00897412 0.0145191
 0.111441 0.0487361 -0.0105585 -0.00893269 0.00971225
 0.0996681 0.0421332 -0.0102557 -0.00888788 0.0061384
 0.093125 0.0383092 -0.011023 -0.00887575 0.00457631
 0.0885887 0.0351586 -0.0107201 -0.00875244 0.00218641
 0.08499 0.0328427 -0.0103502 -0.008656 0.00125001
 0.0809325 0.0304131 -0.0110377 -0.00808975 -0.00107111
 0.0782531 0.0288574 -0.0107141 -0.00773775 -0.00121203
 0.0771837 0.0280336 -0.0106157 -0.00731181 -0.00195407
 0.07642 0.0274039 -0.0106156 -0.00681669 -0.00257205
 0.0753512 0.0266976 -0.0106271 -0.00632725 -0.00309038
 0.0746694 0.0264307 -0.0111544 -0.00556169 -0.00304362
 0.0752819 0.026555 -0.0110794 -0.00498139 -0.00289284
 0.07509 0.0266362 -0.0115016 -0.00427962 -0.00270905
 0.07523 0.0270789 -0.0117686 -0.00312272 -0.00188906
 0.0748712 0.0269288 -0.0117464 -0.0028736 -0.00184698
 0.0743806 0.0264041 -0.0104288 -0.00244539 -0.00226456
 0.0720294 0.0255544 -0.00960387 -0.00285502 -0.00221509
 0.0704975 0.0246938 -0.00803675 -0.00328348 -0.00213993
 0.0681113 0.0232834 -0.00552018 -0.00443081 -0.00254226
 0.0649844 0.0218201 -0.00383909 -0.00534166 -0.00303241
 0.0628738 0.0201838 -0.00138984 -0.00756456 -0.00438356
 0.0591944 0.018878 0.001961 -0.00937812 -0.00292773
 0.056106 0.0171457 0.00471852 -0.0116442 -0.00361571
 0.0523952 0.0154216 0.00799156 -0.0137277 -0.00380671
 0.0485645 0.0134641 0.0116947 -0.0165747 -0.00413101
 0.0456852 0.0121883 0.014394 -0.0187858 -0.00494638
 0.0433293 0.0113667 0.0170722 -0.0212259 -0.00411954
 0.0382812 0.00908637 0.0219914 -0.02497 -0.0050139
 0.0355638 0.00835687 0.0253421 -0.028098 -0.00415758
 0.0318084 0.0067655 0.0281451 -0.0304038 -0.00517429
 0.0292663 0.00588354 0.03273 -0.0342654 -0.00490081
 0.0267232 0.00517314 0.0334014 -0.0348363 -0.0046259
 0.0245387 0.00448323 0.0351978 -0.0360592 -0.00462596
 0.0216197 0.0037318 0.0392702 -0.0398118 -0.00393192
 0.019855 0.00318131 0.0410212 -0.0410978 -0.00374647
 0.0179052 0.00275702 0.0422658 -0.0418588 -0.00335414
 0.0160644 0.00234356 0.0429212 -0.0424263 -0.00329268
 0.0145391 0.00205325 0.0423645 -0.0418712 -0.00320383
 0.013252 0.00183784 0.0421844 -0.0414879 -0.00263376
 0.0122006 0.00156301 0.0419767 -0.0411423 -0.00268941
 0.0112308 0.00149076 0.041047 -0.040009 -0.00229202
 0.0102169 0.0013387 0.0384905 -0.0374657 -0.00214232
 0.00935681 0.00125576 0.0376823 -0.0366051 -0.00181288
 0.00878525 0.00118088 0.0359852 -0.0349491 -0.00183902
 0.00797462 0.00113793 0.0340566 -0.0330081 -0.00135159
 0.00734438 0.00104115 0.0320058 -0.0309046 -0.00132941
 0.00675206 0.000967269 0.0308901 -0.0298141 -0.00110763
 0.00654894 0.00101602 0.027561 -0.0265192 -0.000910563
 0.00625081 0.000963319 0.0259754 -0.0249894 -0.000885019
 0.00588111 0.000957275 0.0239248 -0.0229291 -0.000660681
 0.00554386 0.000941063 0.0215626 -0.0205999 -0.000587971
 0.00525859 0.000923325 0.0198149 -0.0188637 -0.000437056
 0.00502401 0.000911175 0.0176459 -0.0167718 -0.000332883
 0.00485632 0.000898987 0.0161234 -0.015327 -0.000246504
 0.00461894 0.000869744 0.0142653 -0.0134746 -0.000257854
 0.00436824 0.000828437 0.0127967 -0.0120672 -0.000165284
 0.00417339 0.000802969 0.0112901 -0.0106369 -8.36631e-05
 0.00402628 0.000783569 0.0100918 -0.00948356 -3.21152e-05
 0.00376714 0.000741831 0.00872144 -0.00816406 -2.00256e-05
 0.00362247 0.000714881 0.00763425 -0.007124 2.28161e-05
 0.00342989 0.000686563 0.00659831 -0.00613568 6.64681e-05
 0.00330366 0.000665394 0.00568485 -0.00526615 7.22869e-05
 0.00308756 0.000623972 0.0047814 -0.00440554 9.662e-05
 0.00298321 0.000602746 0.00416096 -0.00381741 8.81969e-05
 0.00277399 0.000564882 0.00345164 -0.00314853 0.000103561
 0.00254632 0.000518065 0.00281926 -0.0025622 0.000101971
 0.00241402 0.000489621 0.00238687 -0.00214946 0.000108272
 0.00224972 0.000457807 0.00198232 -0.00177094 0.000105875
 0.00206726 0.000418586 0.00164679 -0.00146745 9.22194e-05
 0.00191899 0.000388994 0.00137731 -0.00122118 0.000101789
 0.00173334 0.000346908 0.00114048 -0.00100731 8.52525e-05
 0.00158532 0.000317222 0.000951044 -0.000834788 8.82956e-05
 0.00146326 0.000291212 0.000795656 -0.000697556 8.02694e-05
 0.00131354 0.000259316 0.000654256 -0.000569511 7.26819e-05
 0.00117564 0.000229891 0.000544539 -0.000475551 6.35644e-05
 0.00107688 0.000209926 0.000458609 -0.000400304 6.42425e-05
 0.0009645 0.000185391 0.000380922 -0.000331841 5.34041e-05
 0.000858331 0.00016404 0.000312322 -0.000273888 5.02554e-05
 0.000779306 0.000147311 0.000265852 -0.000233568 4.58337e-05
 0.000693519 0.000129968 0.000220039 -0.000193844 4.10594e-05
 0.000610764 0.000113267 0.000182329 -0.000161405 3.54074e-05
 0.000544684 0.000100063 0.000152574 -0.000136126 3.08776e-05
 0.000476289 8.63344e-05 0.000126984 -0.000114181 2.69517e-05
 0.000422573 7.58725e-05 0.000106991 -9.72256e-05 2.4058e-05
 0.000374734 6.65331e-05 8.98181e-05 -8.24306e-05 2.13059e-05
 0.000330637 5.80907e-05 7.50231e-05 -6.95619e-05 1.85162e-05
 0.000281974 4.90902e-05 6.18177e-05 -5.8021e-05 1.5564e-05
 0.000255172 4.39065e-05 5.24658e-05 -5.00086e-05 1.41641e-05
 0.000215322 3.6688e-05 4.23346e-05 -4.08119e-05 1.12144e-05
 0.000184928 3.12169e-05 3.5339e-05 -3.46092e-05 9.57756e-06
 0.000164689 2.74542e-05 3.04036e-05 -3.00986e-05 8.49325e-06
 0.000139603 2.30159e-05 2.49324e-05 -2.5028e-05 6.98056e-06
 0.000117595 1.91539e-05 2.03853e-05 -2.08012e-05 5.83483e-06
 0.000101788 1.64109e-05 1.72554e-05 -1.78153e-05 4.89499e-06
 8.51869e-05 1.35884e-05 1.39704e-05 -1.46733e-05 4.01886e-06
 7.365e-05 1.16395e-05 1.18665e-05 -1.26064e-05 3.37825e-06
 6.06221e-05 9.44725e-06 9.59769e-06 -1.03078e-05 2.67084e-06
 5.15675e-05 7.94694e-06 8.08494e-06 -8.77412e-06 2.19189e-06
 4.28866e-05 6.551e-06 6.67669e-06 -7.35219e-06 1.82156e-06
 3.43707e-05 5.19649e-06 5.14709e-06 -5.7549e-06 1.36309e-06
 2.94891e-05 4.40355e-06 4.39884e-06 -4.96643e-06 1.11769e-06
 2.43925e-05 3.60153e-06 3.63592e-06 -4.14956e-06 9.07237e-07
 1.99479e-05 2.917e-06 2.93781e-06 -3.37581e-06 6.96837e-07
 1.57228e-05 2.27448e-06 2.31665e-06 -2.68313e-06 5.46775e-07
 1.27031e-05 1.81925e-06 1.85404e-06 -2.16476e-06 4.01333e-07
 0 0 0 0 0
 0 0 0 0 0
 0 0 0 0 0
 0 0 0 0 0
 0 0 0 0 0
 0 0 0 0 0
 0 0 0 0 0
 0 0 0 0 0
 0 0 0 0 0
 0 0 0 0 0
 0 0 0 0 0
 0 0 0 0 0
 0 0 0 0 0
 0 0 0 0 0
 0 0 0 0 0
 0 0 0 0 0
 0.130836 0.0635575 -0.00744737 -0.00977212 0.0222815
 0.114941 0.0537676 -0.00703669 -0.00984138 0.0158232
 0.101083 0.0455342 -0.00724144 -0.0096755 0.0113377
 0.0929956 0.0403604 -0.00774469 -0.00954812 0.0073045
 0.0860344 0.0362461 -0.00733525 -0.00945337 0.00562275
 0.0805206 0.0328788 -0.0062665 -0.00926575 0.00357489
 0.0788869 0.0312684 -0.0071315 -0.00887806 0.00158407
 0.0746313 0.0288451 -0.0072375 -0.00855719 0.000581193
 0.0731063 0.0276838 -0.00733219 -0.00812781 -0.000481593
 0.0710394 0.0266088 -0.00605462 -0.00779975 -0.0006384
 0.0705238 0.0261459 -0.00713031 -0.00720856 -0.00133373
 0.0703106 0.0258566 -0.00730169 -0.00658363 -0.00113995
 0.0702094 0.0257561 -0.00778525 -0.00592819 -0.00123869
 0.0689294 0.0254427 -0.00852038 -0.00494554 -0.00110185
 0.0687225 0.0252661 -0.00767738 -0.00440893 -0.00128108
 0.0681969 0.0253287 -0.00875412 -0.00343396 -0.00113134
 0.069265 0.0256156 -0.00840988 -0.00320033 -0.00164948
 0.0679081 0.0251718 -0.00843344 -0.00275347 -0.00169129
 0.0661037 0.0240535 -0.00624521 -0.00322066 -0.00220936
 0.065135 0.0236279 -0.00521971 -0.00374574 -0.00140971
 0.063495 0.022519 -0.00417243 -0.00424712 -0.00193885
 0.0596672 0.0206752 -0.00122978 -0.00597256 -0.00169876
 0.0580592 0.0196607 0.00127538 -0.00786869 -0.00264951
 0.0543974 0.0178703 0.0040287 -0.0096135 -0.00213796
 0.0513471 0.0160399 0.00634931 -0.0116134 -0.00336733
 0.0485153 0.0147319 0.00981363 -0.0144288 -0.00343717
 0.0442488 0.0128324 0.0133699 -0.0173099 -0.00333139
 0.0414774 0.0115613 0.0161068 -0.0196034 -0.00360082
 0.0391834 0.0104594 0.0182826 -0.0211057 -0.00375126
 0.0362852 0.00910975 0.0221757 -0.0242877 -0.004356
 0.0332338 0.00807081 0.0254307 -0.0271395 -0.00376468
 0.0301786 0.00686538 0.0286544 -0.0301173 -0.00403378
 0.0271472 0.00567336 0.0316586 -0.0326161 -0.00416619
 0.0251034 0.00522266 0.0331648 -0.0337307 -0.00383871
 0.0231354 0.00461758 0.0345973 -0.0349573 -0.00356931
 0.0211506 0.00394074 0.0372714 -0.037071 -0.00360273
 0.0184506 0.00315564 0.0385061 -0.038164 -0.00350684
 0.0171565 0.00298169 0.0394866 -0.0388974 -0.00281971
 0.0152896 0.00244345 0.0406248 -0.0399392 -0.00282828
 0.014146 0.00211427 0.0406449 -0.0400117 -0.00287647
 0.0128672 0.00199056 0.0403875 -0.0394217 -0.00233773
 0.0121564 0.00187911 0.0389128 -0.0378556 -0.00216706
 0.0110444 0.00164749 0.0386574 -0.0375689 -0.00201538
 0.0100142 0.00147491 0.0377816 -0.0367258 -0.00179679
 0.00939294 0.00143166 0.0358981 -0.0347551 -0.00148671
 0.00862056 0.00125119 0.0342231 -0.0330026 -0.00159451
 0.00794019 0.00124026 0.0324723 -0.0313823 -0.00114242
 0.00751281 0.00119948 0.030376 -0.0292034 -0.00111379
 0.00703669 0.00115466 0.0286058 -0.0274287 -0.000980738
 0.0067215 0.00114389 0.026361 -0.0253107 -0.000720231
 0.00619652 0.00105665 0.0247251 -0.0236936 -0.000669219
 0.00593662 0.00105443 0.022588 -0.0216283 -0.000489336
 0.00566644 0.00102704 0.0207469 -0.0198072 -0.000455368
 0.00528476 0.000999156 0.018879 -0.0179699 -0.000296724
 0.00511604 0.000992669 0.0167466 -0.0159159 -0.000239229
 0.00487567 0.000943256 0.0150477 -0.0142834 -0.000195549
 0.00470058 0.000926875 0.013455 -0.0127222 -0.000136542
 0.00450849 0.000903213 0.0119014 -0.0112128 -0.000101016
 0.00428728 0.000850963 0.0108708 -0.0102319 -8.74494e-05
 0.00402599 0.000813538 0.00929463 -0.0087265 -3.05029e-05
 0.00385208 0.000787863 0.00813069 -0.00761069 2.92895e-05
 0.00370123 0.000752825 0.00712913 -0.00665894 4.27913e-05
 0.00351074 0.000728631 0.00619326 -0.00576137 8.90025e-05
 0.00333203 0.000695212 0.00529352 -0.00490508 0.000109082
 0.00312151 0.000644975 0.00449175 -0.00413853 7.41575e-05
 0.00295085 0.000616661 0.00383101 -0.00351496 0.000108171
 0.00275442 0.000574703 0.00318382 -0.00291081 0.000105718
 0.00261368 0.000544153 0.00271304 -0.00246558 0.000113806
 0.00239103 0.00049995 0.00221802 -0.00200382 0.000113171
 0.00226039 0.000470103 0.00189106 -0.00169866 0.000104409
 0.00206816 0.000429279 0.0015407 -0.00138024 9.70319e-05
 0.00190187 0.000395033 0.00129492 -0.00115034 9.93631e-05
 0.00173604 0.000358188 0.00108454 -0.000962981 9.16987e-05
 0.00160741 0.000330166 0.00091015 -0.000803631 8.88681e-05
 0.00146292 0.000298652 0.000760681 -0.000670625 8.02188e-05
 0.00133222 0.000270136 0.000628294 -0.000553998 7.36062e-05
 0.00120581 0.000242031 0.000531351 -0.000468361 6.78788e-05
 0.00109736 0.000218628 0.000447634 -0.000394554 6.19465e-05
 0.000956588 0.000188363 0.000362881 -0.000320887 5.35996e-05
 0.000879113 0.00017185 0.000308643 -0.000272726 5.06364e-05
 0.000782475 0.000151897 0.000255541 -0.000228007 4.5184e-05
 0.000683444 0.000131228 0.000208142 -0.000186095 3.89547e-05
 0.000603758 0.000115169 0.000172334 -0.000155147 3.57527e-05
 0.000554854 0.000104329 0.000150695 -0.000136729 3.18968e-05
 0.000474228 8.83681e-05 0.000121997 -0.000111891 2.69377e-05
 0.000425597 7.8395e-05 0.000104031 -9.63875e-05 2.30506e-05
 0.000369811 6.76113e-05 8.45512e-05 -7.91119e-05 2.06076e-05
 0.000328906 5.93588e-05 7.27894e-05 -6.88863e-05 1.78873e-05
 0.000285558 5.11561e-05 5.97687e-05 -5.72909e-05 1.54916e-05
 0.000246333 4.35168e-05 5.02135e-05 -4.87527e-05 1.30769e-05
 0.000212504 3.71896e-05 4.1204e-05 -4.06304e-05 1.07961e-05
 0.000184487 3.19729e-05 3.49263e-05 -3.47066e-05 9.38431e-06
 0.000161723 2.76815e-05 2.98367e-05 -3.01614e-05 7.96219e-06
 0.000140252 2.37716e-05 2.49006e-05 -2.54829e-05 6.73331e-06
 0.000117526 1.96975e-05 2.04166e-05 -2.11221e-05 5.49996e-06
 0.000101002 1.67606e-05 1.6874e-05 -1.77639e-05 4.63104e-06
 8.4915e-05 1.39373e-05 1.40419e-05 -1.49356e-05 3.84131e-06
 7.37581e-05 1.1994e-05 1.18696e-05 -1.28304e-05 3.25436e-06
 5.90023e-05 9.48975e-06 9.30263e-06 -1.01792e-05 2.47119e-06
 4.98914e-05 7.94625e-06 7.78175e-06 -8.58913e-06 2.0407e-06
 4.15826e-05 6.5635e-06 6.43687e-06 -7.18944e-06 1.64977e-06
 3.52194e-05 5.4894e-06 5.34683e-06 -6.03262e-06 1.37559e-06
 2.95709e-05 4.55837e-06 4.47607e-06 -5.10234e-06 1.05847e-06
 2.3215e-05 3.54438e-06 3.49711e-06 -4.01944e-06 8.17706e-07
 1.94169e-05 2.92966e-06 2.89939e-06 -3.36562e-06 6.61306e-07
 0 0 0 0 0
 0 0 0 0 0
 0 0 0 0 0
 0 0 0 0 0
 0 0 0 0 0
 0 0 0 0 0
 0 0 0 0 0
 0 0 0 0 0
 0 0 0 0 0
 0 0 0 0 0
 0 0 0 0 0
 0 0 0 0 0
 0 0 0 0 0
 0 0 0 0 0
 0 0 0 0 0
 0 0 0 0 0
 0 0 0 0 0
 0.138175 0.0711994 -0.00335223 -0.0107562 0.030152
 0.117344 0.0582492 -0.00326265 -0.0108529 0.0221255
 0.103465 0.0493974 -0.00398147 -0.010691 0.0161343
 0.0939256 0.0432376 -0.00413142 -0.0106986 0.0122042
 0.0853531 0.0378406 -0.00381799 -0.0103071 0.00830406
 0.0802437 0.0343175 -0.00333688 -0.0100922 0.00553821
 0.0746894 0.0311459 -0.00343978 -0.00972194 0.00370396
 0.0718075 0.029116 -0.00357694 -0.00952719 0.00272131
 0.0693731 0.0275508 -0.00375198 -0.009052 0.00156236
 0.0680069 0.0265986 -0.00407115 -0.00861487 0.0010994
 0.0660762 0.0254472 -0.00430722 -0.00797625 0.00091035
 0.0652313 0.0248379 -0.00439264 -0.00750219 -8.98094e-05
 0.0644012 0.0242152 -0.00414956 -0.006878 -0.00117744
 0.0643388 0.0243284 -0.00502029 -0.00604154 -0.000531402
 0.0637188 0.0240381 -0.00486162 -0.00540063 -0.000715312
 0.0625606 0.0236271 -0.00507922 -0.00460476 -0.00101405
 0.06307 0.0240104 -0.00544707 -0.00393589 -0.000856419
 0.0621319 0.0236191 -0.00539474 -0.00340401 -0.000281929
 0.0621928 0.023624 -0.00484391 -0.00311154 -0.000695775
 0.0613611 0.0231726 -0.00417519 -0.00360292 -0.000715669
 0.0590791 0.0217876 -0.00284398 -0.00430492 -0.00112021
 0.0576093 0.0209812 -0.00161786 -0.00472315 -0.00132427
 0.0544907 0.0193889 0.00140903 -0.00678331 -0.00143289
 0.0521932 0.0181629 0.00355211 -0.00843562 -0.00169472
 0.0507262 0.0171891 0.00543751 -0.00965381 -0.00155692
 0.0466753 0.0152239 0.00919788 -0.012959 -0.00257535
 0.0442911 0.0138679 0.0109918 -0.0141153 -0.00252049
 0.0419301 0.0126667 0.0132202 -0.0161777 -0.00266509
 0.0383829 0.0111212 0.0174128 -0.0197547 -0.00284506
 0.0356939 0.00997419 0.0186443 -0.020357 -0.0029685
 0.0330534 0.00869706 0.0225307 -0.0243629 -0.00316605
 0.0306128 0.00767481 0.0245103 -0.0256811 -0.00333883
 0.028008 0.00672694 0.0280019 -0.0287284 -0.00317047
 0.0256957 0.0058686 0.0302072 -0.0305151 -0.00316766
 0.0236841 0.00510966 0.0326156 -0.0327576 -0.00340591
 0.0214052 0.00435256 0.0346354 -0.0345426 -0.00334007
 0.0197027 0.00389429 0.0368241 -0.0366163 -0.00297317
 0.0177338 0.00327206 0.0375509 -0.0370702 -0.00298224
 0.0163625 0.00294854 0.0388154 -0.0381094 -0.00267916
 0.0149927 0.00265438 0.0386236 -0.0378834 -0.00258075
 0.0137038 0.00233322 0.0374911 -0.0365479 -0.00241145
 0.0124969 0.00204999 0.0387192 -0.0376368 -0.00219259
 0.0118195 0.00197074 0.0370239 -0.0360494 -0.0017705
 0.0110244 0.00184138 0.0353142 -0.0342692 -0.00180887
 0.00984262 0.00163965 0.0355976 -0.0343679 -0.00146273
 0.00923937 0.00152287 0.0349706 -0.0337934 -0.00124269
 0.00859275 0.00142028 0.0317852 -0.0306929 -0.00125595
 0.00794575 0.00132537 0.0306119 -0.0296 -0.0011653
 0.0076745 0.00132461 0.0286418 -0.0275711 -0.00093265
 0.00704787 0.00122123 0.0267148 -0.0256546 -0.000867769
 0.00670813 0.00124683 0.0249708 -0.0239252 -0.000518762
 0.00636825 0.00117391 0.023217 -0.0222092 -0.000576209
 0.00599431 0.00113489 0.0211663 -0.0202133 -0.000484091
 0.00572338 0.00112201 0.019299 -0.0184107 -0.000312419
 0.00550064 0.00110767 0.0174794 -0.0166013 -0.000191863
 0.0051898 0.00104079 0.0157731 -0.0149766 -0.00018502
 0.00503708 0.00104034 0.0142619 -0.0134911 -0.000105038
 0.00483654 0.000997838 0.0128683 -0.0121685 -5.36846e-05
 0.0045094 0.00094935 0.0110673 -0.0104227 -2.44044e-06
 0.00431636 0.000906037 0.00977444 -0.00919713 -1.46294e-05
 0.00411483 0.00087305 0.00886006 -0.00830825 5.08369e-05
 0.00389514 0.000824363 0.00760675 -0.00712606 4.37088e-05
 0.00374246 0.000798744 0.00661331 -0.00617195 8.04337e-05
 0.00354589 0.000757725 0.00573567 -0.00533688 0.000102751
 0.00330994 0.000704487 0.00495976 -0.00460422 0.000103721
 0.00315157 0.000676663 0.00418342 -0.00385984 0.000101944
 0.00292368 0.000623335 0.0035655 -0.00327844 0.00010211
 0.00274174 0.000586786 0.00296597 -0.00271482 0.000102338
 0.00257922 0.000552443 0.00251636 -0.00228782 0.000114996
 0.00237654 0.000509907 0.00206539 -0.00187052 0.000109714
 0.00222766 0.000477482 0.00171572 -0.00154779 0.000102261
 0.00207862 0.000444071 0.00144989 -0.00130135 0.000102543
 0.00189291 0.000403186 0.00120254 -0.00107492 0.000100072
 0.00174008 0.000368762 0.0010108 -0.000902187 9.61031e-05
 0.00159094 0.000334643 0.000856713 -0.000764063 8.32119e-05
 0.00144706 0.000302273 0.000710194 -0.000632881 8.18475e-05
 0.00130989 0.000271699 0.000593149 -0.000527873 7.48787e-05
 0.00117976 0.000242491 0.000491988 -0.000437448 6.51769e-05
 0.0010597 0.000216018 0.000407153 -0.000364343 5.68288e-05
 0.000960206 0.000194261 0.000343703 -0.000307319 5.30014e-05
 0.000865344 0.000173544 0.000288723 -0.000259586 4.77482e-05
 0.000771931 0.000153566 0.000239772 -0.000216511 4.44891e-05
 0.000692031 0.000136206 0.000201384 -0.000183198 3.80686e-05
 0.000608979 0.000118561 0.000169011 -0.000154839 3.4457e-05
 0.000535038 0.000103292 0.000140162 -0.000129884 2.92444e-05
 0.000477174 9.104e-05 0.000119709 -0.000111768 2.52301e-05
 0.000423719 8.00888e-05 9.85494e-05 -9.30875e-05 2.25042e-05
 0.000373783 6.99756e-05 8.44181e-05 -8.05737e-05 2.01626e-05
 0.000321699 5.97025e-05 6.99469e-05 -6.74569e-05 1.69901e-05
 0.000279188 5.12376e-05 5.78559e-05 -5.64224e-05 1.46389e-05
 0.000242429 4.40069e-05 4.789e-05 -4.73068e-05 1.21008e-05
 0.000217125 3.89624e-05 4.15852e-05 -4.17027e-05 1.08141e-05
 0.000181547 3.23128e-05 3.36688e-05 -3.43228e-05 8.748e-06
 0.000158438 2.78784e-05 2.86068e-05 -2.94136e-05 7.67806e-06
 0.000136745 2.38641e-05 2.37293e-05 -2.47606e-05 6.32025e-06
 0.000118047 2.03475e-05 2.02441e-05 -2.13573e-05 5.50778e-06
 9.71575e-05 1.65856e-05 1.62809e-05 -1.74333e-05 4.16704e-06
 8.27656e-05 1.39726e-05 1.36184e-05 -1.47426e-05 3.72183e-06
 7.103e-05 1.1875e-05 1.13921e-05 -1.24815e-05 2.98964e-06
 5.95576e-05 9.84956e-06 9.473e-06 -1.04918e-05 2.45953e-06
 5.02149e-05 8.23075e-06 7.905e-06 -8.82569e-06 1.94569e-06
 4.07626e-05 6.60956e-06 6.32587e-06 -7.13838e-06 1.54089e-06
 3.44599e-05 5.53319e-06 5.27199e-06 -6.02409e-06 1.29557e-06
 2.85089e-05 4.53006e-06 4.33999e-06 -4.98678e-06 9.98106e-07
 0 0 0 0 0
 0 0 0 0 0
 0 0 0 0 0
 0 0 0 0 0
 0 0 0 0 0
 0 0 0 0 0
 0 0 0 0 0
 0 0 0 0 0
 0 0 0 0 0
 0 0 0 0 0
 0 0 0 0 0
 0 0 0 0 0
 0 0 0 0 0
 0 0 0 0 0
 0 0 0 0 0
 0 0 0 0 0
 0 0 0 0 0
 0 0 0 0 0
 0.148719 0.0811306 0.000370489 -0.0121289 0.0393941
 0.122162 0.0641644 0.000614993 -0.0120693 0.0287098
 0.105456 0.0531531 -0.000618053 -0.0118885 0.0215896
 0.0938519 0.0455464 -0.000413744 -0.0117545 0.0160324
 0.0847263 0.0395714 -3.97288e-05 -0.0115714 0.0121854
 0.0787431 0.0354787 -0.000258464 -0.0113296 0.00876562
 0.07403 0.0324131 -0.000580559 -0.010841 0.00650831
 0.0700413 0.0296362 -0.000591672 -0.010426 0.00433588
 0.0671719 0.0279859 -0.000417476 -0.0100729 0.00399701
 0.0645531 0.0262424 -0.000910681 -0.00951962 0.00229882
 0.0624199 0.0250209 -0.00133966 -0.00900556 0.00166127
 0.0616849 0.0243533 -0.000799888 -0.00848075 0.000863225
 0.0607268 0.0237151 -0.00195941 -0.00781062 0.000383301
 0.0586847 0.0228434 -0.00169492 -0.007075 0.000466191
 0.0585005 0.0225695 -0.00216077 -0.00623014 -0.000703006
 0.0583998 0.0225754 -0.00261958 -0.00559458 -0.0006256
 0.0575853 0.0224978 -0.00254663 -0.00496779 -0.000436195
 0.0584479 0.0230083 -0.00341783 -0.00413915 0.000353563
 0.0579824 0.022513 -0.00308509 -0.00379056 -0.00053365
 0.0561816 0.0219173 -0.00253791 -0.00380443 -0.000223342
 0.0557411 0.0216761 -0.00210209 -0.00382009 0.000143862
 0.0534845 0.0203714 -0.000657544 -0.00471249 -0.000981813
 0.0527604 0.0197258 0.00115037 -0.00554359 -0.000711713
 0.0505056 0.018559 0.00305522 -0.00696381 -0.000949256
 0.0473863 0.0168392 0.00546158 -0.00889438 -0.00105899
 0.0454801 0.0155269 0.00811437 -0.0108664 -0.00168607
 0.0428799 0.0141768 0.00981131 -0.0123559 -0.00222366
 0.0401578 0.0129251 0.0125066 -0.0149367 -0.00200049
 0.0372549 0.0114468 0.0149319 -0.0166183 -0.00274576
 0.0355864 0.0106468 0.0176767 -0.0193189 -0.00286887
 0.0330826 0.00946487 0.0200805 -0.0211893 -0.00286707
 0.0301382 0.00806281 0.0227796 -0.0238414 -0.00311423
 0.0288278 0.00766031 0.0245605 -0.024844 -0.00254458
 0.0258329 0.0064515 0.0275605 -0.0278104 -0.00293309
 0.0242754 0.00587249 0.0289569 -0.0289499 -0.00253807
 0.0220449 0.00494588 0.0317311 -0.0315148 -0.00306886
 0.0201443 0.00437416 0.0330222 -0.032641 -0.00290182
 0.0183401 0.00375002 0.0342361 -0.0336142 -0.00272874
 0.0165396 0.0032656 0.0362916 -0.0356564 -0.00254935
 0.0155937 0.00306002 0.035294 -0.0343204 -0.00216068
 0.0139463 0.00260229 0.0370234 -0.0358936 -0.00206011
 0.0130571 0.00235854 0.0367943 -0.0357438 -0.00210962
 0.0123001 0.002224 0.0364092 -0.0353197 -0.00183568
 0.0116477 0.002084 0.0352571 -0.0340949 -0.00169719
 0.0104289 0.00187213 0.034565 -0.0332881 -0.0014959
 0.00974137 0.00174507 0.0330231 -0.0318024 -0.00126377
 0.00916919 0.00163496 0.0312864 -0.0301328 -0.00118369
 0.00847938 0.00153471 0.0303908 -0.0292434 -0.00102964
 0.00797544 0.00147231 0.028673 -0.0276438 -0.000767106
 0.00750113 0.00138459 0.0270771 -0.0259555 -0.000788525
 0.00705287 0.00134344 0.0250154 -0.0240168 -0.000619711
 0.00668119 0.00132914 0.0232684 -0.0222255 -0.000435407
 0.00634875 0.00125599 0.0215422 -0.0205699 -0.000422064
 0.00615512 0.00123808 0.0200648 -0.0191367 -0.00036043
 0.00574375 0.0011716 0.0176333 -0.0168346 -0.000266603
 0.00549379 0.00114292 0.0161939 -0.0154114 -0.000129706
 0.00517977 0.00109727 0.0147082 -0.0139406 -0.000101634
 0.00501461 0.00107702 0.0131151 -0.0123884 -6.46425e-05
 0.00474567 0.00102384 0.0115556 -0.0109077 -6.793e-06
 0.00451914 0.000975837 0.0105171 -0.00992619 3.82258e-05
 0.00440125 0.000954212 0.00924775 -0.0086905 3.68109e-05
 0.00409734 0.000895656 0.00803956 -0.00754231 6.45237e-05
 0.00390329 0.000861556 0.00702387 -0.00657587 0.000109288
 0.00371802 0.000818887 0.0062032 -0.00579114 9.34569e-05
 0.00349483 0.000766056 0.00539789 -0.00503626 9.7565e-05
 0.00332931 0.000736069 0.00448135 -0.00415766 0.000112689
 0.00311071 0.000685225 0.00384089 -0.00355152 0.000121957
 0.00289373 0.000635006 0.00325909 -0.00300268 0.000103327
 0.00270296 0.000592571 0.00272156 -0.00250079 0.000101931
 0.00257301 0.000564314 0.0023027 -0.00210494 0.000116039
 0.00235519 0.00051723 0.00189446 -0.00172188 0.000107086
 0.00222251 0.000487456 0.0016019 -0.0014496 0.000106144
 0.00201763 0.000442066 0.00132884 -0.0011972 0.000101718
 0.00188034 0.000410655 0.00112549 -0.00101259 0.00010091
 0.00170114 0.000368298 0.0009369 -0.000840806 8.99056e-05
 0.00158049 0.000341009 0.000790537 -0.000708869 9.078e-05
 0.00142887 0.000305413 0.000666863 -0.000598271 7.87025e-05
 0.00128869 0.000273804 0.000552022 -0.000495704 7.19538e-05
 0.00116436 0.000245694 0.000464731 -0.000418227 6.42562e-05
 0.00104444 0.000218091 0.000389117 -0.000351124 5.86026e-05
 0.000943238 0.000195312 0.000324373 -0.000293847 5.22613e-05
 0.000856819 0.000175894 0.000274947 -0.00025128 4.72517e-05
 0.000760525 0.000154876 0.000228211 -0.000208741 4.23866e-05
 0.000662975 0.000133716 0.000188045 -0.000173435 3.68247e-05
 0.000597514 0.000119459 0.000159687 -0.000148869 3.21621e-05
 0.000535064 0.000105794 0.000134718 -0.000126701 2.90336e-05
 0.000463812 9.08488e-05 0.000112577 -0.000106848 2.48819e-05
 0.000407617 7.901e-05 9.43544e-05 -9.074e-05 2.19979e-05
 0.000375672 7.22519e-05 8.21156e-05 -7.98906e-05 2.01433e-05
 0.00031762 6.03233e-05 6.71262e-05 -6.59956e-05 1.64519e-05
 0.000272048 5.11707e-05 5.48552e-05 -5.45448e-05 1.35165e-05
 0.000239881 4.46739e-05 4.68289e-05 -4.71456e-05 1.20299e-05
 0.000211969 3.91185e-05 4.00068e-05 -4.08283e-05 1.04503e-05
 0.000179042 3.26928e-05 3.24729e-05 -3.36204e-05 8.55812e-06
 0.000157238 2.83598e-05 2.80061e-05 -2.92671e-05 7.40119e-06
 0.000133531 2.38772e-05 2.31557e-05 -2.46229e-05 6.10779e-06
 0.000112387 1.99421e-05 1.91954e-05 -2.05401e-05 5.01785e-06
 9.63175e-05 1.69132e-05 1.61018e-05 -1.74623e-05 4.22837e-06
 8.16181e-05 1.41569e-05 1.34227e-05 -1.47246e-05 3.408e-06
 7.00975e-05 1.20824e-05 1.12527e-05 -1.24726e-05 3.02399e-06
 5.82211e-05 9.9125e-06 9.15944e-06 -1.02827e-05 2.29709e-06
 4.80658e-05 8.0895e-06 7.56e-06 -8.54894e-06 1.83219e-06
 4.13887e-05 6.88931e-06 6.51588e-06 -7.42312e-06 1.53514e-06
 0 0 0 0 0
 0 0 0 0 0
 0 0 0 0 0
 0 0 0 0 0
 0 0 0 0 0
 0 0 0 0 0
 0 0 0 0 0
 0 0 0 0 0
 0 0 0 0 0
 0 0 0 0 0
 0 0 0 0 0
 0 0 0 0 0
 0 0 0 0 0
 0 0 0 0 0
 0 0 0 0 0
 0 0 0 0 0
 0 0 0 0 0
 0 0 0 0 0
 0 0 0 0 0
 0.16165 0.0926544 0.00441995 -0.0137491 0.0494269
 0.129003 0.0710181 0.00425319 -0.0136194 0.0354906
 0.108036 0.0571133 0.00344681 -0.0132335 0.0259294
 0.0941069 0.0478649 0.00343837 -0.013156 0.0194015
 0.084785 0.0414056 0.00259928 -0.0126698 0.0148397
 0.0774244 0.0366004 0.00313015 -0.0124339 0.0116559
 0.0709313 0.0323185 0.00287654 -0.0119526 0.00827156
 0.0662519 0.0293887 0.00212951 -0.011424 0.00656356
 0.0637569 0.0275293 0.00236907 -0.0111374 0.00478313
 0.0605914 0.0256291 0.00194506 -0.010497 0.00330978
 0.0588197 0.0244044 0.00132879 -0.0098595 0.0024515
 0.0582453 0.0238943 0.00164658 -0.00939975 0.00222584
 0.0561777 0.0226394 0.00108473 -0.00871669 0.00101361
 0.0560828 0.0223351 0.000641481 -0.0080405 0.000358949
 0.0549387 0.0219764 0.00047724 -0.00728094 0.000690513
 0.0548054 0.0217988 6.54431e-05 -0.00665631 9.25431e-05
 0.0531873 0.0210646 -0.000551022 -0.00597608 -0.000627969
 0.0542076 0.0217071 -0.000653675 -0.00507424 0.000519253
 0.0531041 0.021277 -0.00146122 -0.00448539 0.000100501
 0.0527684 0.0212475 -0.000953275 -0.0041737 0.000415629
 0.0513456 0.0204321 -9.68494e-05 -0.00424583 -0.000355381
 0.0509085 0.0202024 0.000294156 -0.0043148 0.000315487
 0.049503 0.0193647 0.000591297 -0.00467487 7.14019e-05
 0.0475522 0.0180494 0.00334982 -0.00638837 -0.000452755
 0.0467241 0.0176474 0.00431543 -0.00734275 -0.000380731
 0.0440392 0.0159806 0.00644256 -0.00878369 -0.000958038
 0.0409341 0.0144046 0.00830319 -0.0104912 -0.00113951
 0.0390084 0.0133513 0.0110955 -0.0126189 -0.00148237
 0.0369664 0.0120354 0.0137902 -0.0150026 -0.00213136
 0.0344854 0.0110399 0.0157306 -0.0168659 -0.00161599
 0.0323254 0.00990819 0.0178736 -0.0186179 -0.00190288
 0.0300991 0.00880456 0.0206169 -0.0210349 -0.00228001
 0.0276218 0.00756312 0.0230581 -0.0234806 -0.00300802
 0.0256772 0.00701587 0.024356 -0.0246391 -0.00239265
 0.0238222 0.00621229 0.0262779 -0.0261704 -0.00238156
 0.021738 0.00526075 0.0282807 -0.0280452 -0.00272231
 0.0200076 0.00478304 0.0312326 -0.0306844 -0.00227284
 0.0187073 0.0042415 0.0324244 -0.0317696 -0.00226039
 0.0172467 0.0036809 0.0331189 -0.0322786 -0.00249009
 0.0158591 0.00333989 0.0352145 -0.0342144 -0.00199424
 0.0145515 0.00289591 0.0354501 -0.0344466 -0.0021593
 0.0133602 0.00270773 0.0354352 -0.0344667 -0.00169841
 0.0124159 0.00240883 0.0340366 -0.0329563 -0.00166471
 0.01174 0.00223187 0.0330161 -0.0318667 -0.00159444
 0.0104554 0.00196347 0.0342868 -0.0331166 -0.00135748
 0.0101048 0.00189845 0.0328392 -0.0316587 -0.00137228
 0.0096795 0.00192646 0.0308724 -0.0296599 -0.000877462
 0.00868044 0.00163981 0.0308296 -0.0296529 -0.00100721
 0.00834687 0.00160443 0.0291184 -0.0279323 -0.000884312
 0.00774094 0.00156762 0.0276358 -0.0265086 -0.000556744
 0.007475 0.00152366 0.0248713 -0.0238428 -0.000587414
 0.00700975 0.00142087 0.0234348 -0.022401 -0.000493814
 0.00658006 0.00136774 0.021344 -0.0203954 -0.000366868
 0.00639563 0.00135664 0.0200926 -0.0191138 -0.000265348
 0.00590101 0.00124524 0.0179638 -0.0171619 -0.000275793
 0.00565351 0.00120847 0.0165793 -0.0157801 -0.000189293
 0.00546426 0.00118684 0.0149641 -0.0142162 -0.000113381
 0.00529609 0.00116377 0.0134059 -0.0126892 -5.47051e-05
 0.0050045 0.00111959 0.0123461 -0.0116754 1.71898e-05
 0.00471488 0.00105664 0.0107766 -0.0101591 2.81555e-05
 0.00460479 0.00103634 0.00981206 -0.00926444 4.26984e-05
 0.00432958 0.000965569 0.008476 -0.00799219 6.735e-05
 0.00404204 0.000912063 0.00736288 -0.00689425 8.43531e-05
 0.00390149 0.000882006 0.00658519 -0.00616709 0.000113756
 0.0036781 0.000826987 0.00565212 -0.00528004 9.73312e-05
 0.00353535 0.000797763 0.00490237 -0.00456886 0.000115174
 0.00328719 0.000739687 0.00418386 -0.00388265 0.000123851
 0.00310119 0.000700187 0.00355219 -0.00329004 0.000122069
 0.00289786 0.0006523 0.00302892 -0.00279515 0.000119873
 0.00272513 0.000616806 0.00253833 -0.00232957 0.00013253
 0.00252652 0.000569493 0.0020965 -0.00191891 0.000119758
 0.00236377 0.000533084 0.00179819 -0.00163748 0.000116886
 0.00216321 0.000485028 0.00148506 -0.00134928 0.000104061
 0.00198954 0.000445584 0.00123401 -0.00112082 9.85469e-05
 0.00186177 0.000414986 0.00104666 -0.000944962 9.94288e-05
 0.00167736 0.000371761 0.000867238 -0.000784106 8.80494e-05
 0.00153739 0.000338047 0.000730606 -0.000660775 8.07844e-05
 0.00138217 0.00030197 0.000611907 -0.000553981 7.42206e-05
 0.00125701 0.00027303 0.000516678 -0.000468584 6.95706e-05
 0.00113908 0.000245926 0.000427036 -0.00038823 6.33525e-05
 0.00102563 0.000219284 0.000364718 -0.000333152 5.73682e-05
 0.0009315 0.000197354 0.000305616 -0.000280163 5.17271e-05
 0.000824781 0.000172999 0.000254619 -0.000235304 4.57524e-05
 0.000735281 0.000152889 0.000212689 -0.000198194 3.98711e-05
 0.000658862 0.000135473 0.000179316 -0.000167824 3.45378e-05
 0.000593939 0.000121526 0.000152828 -0.000144628 3.36082e-05
 0.000522377 0.000105553 0.000128797 -0.000123174 2.77296e-05
 0.000453947 9.082e-05 0.000106463 -0.000103059 2.40798e-05
 0.000400888 7.955e-05 9.04269e-05 -8.84187e-05 2.09108e-05
 0.000358354 7.03262e-05 7.74138e-05 -7.67587e-05 1.88288e-05
 0.000309988 6.03333e-05 6.365e-05 -6.35206e-05 1.5683e-05
 0.000273146 5.26371e-05 5.44617e-05 -5.5066e-05 1.38621e-05
 0.000233666 4.45751e-05 4.50299e-05 -4.61515e-05 1.15408e-05
 0.000205718 3.88676e-05 3.84605e-05 -3.99873e-05 1.02979e-05
 0.000172537 3.22899e-05 3.08494e-05 -3.25844e-05 7.96325e-06
 0.000151974 2.81388e-05 2.69517e-05 -2.8583e-05 6.89356e-06
 0.000130584 2.39417e-05 2.27132e-05 -2.44301e-05 5.98958e-06
 0.000108976 1.97789e-05 1.8565e-05 -2.0222e-05 4.67939e-06
 9.16681e-05 1.64609e-05 1.52812e-05 -1.68365e-05 3.86143e-06
 7.9515e-05 1.41689e-05 1.29328e-05 -1.4372e-05 3.21822e-06
 6.82406e-05 1.20398e-05 1.10177e-05 -1.23639e-05 2.72675e-06
 5.71507e-05 9.97844e-06 9.21587e-06 -1.0413e-05 2.26015e-06
 0 0 0 0 0
 0 0 0 0 0
 0 0 0 0 0
 0 0 0 0 0
 0 0 0 0 0
 0 0 0 0 0
 0 0 0 0 0
 0 0 0 0 0
 0 0 0 0 0
 0 0 0 0 0
 0 0 0 0 0
 0 0 0 0 0
 0 0 0 0 0
 0 0 0 0 0
 0 0 0 0 0
 0 0 0 0 0
 0 0 0 0 0
 0 0 0 0 0
 0 0 0 0 0
 0 0 0 0 0
 0.17561 0.105367 0.00711125 -0.0154947 0.0616166
 0.137687 0.079175 0.0077145 -0.0154816 0.0428819
 0.112933 0.0623516 0.00730637 -0.0151195 0.0312711
 0.097195 0.0514911 0.00705038 -0.0149037 0.0236824
 0.0850787 0.0433664 0.00664019 -0.0144136 0.0176538
 0.0769469 0.0378568 0.0063065 -0.0139951 0.0138261
 0.0707063 0.0335391 0.00584556 -0.013449 0.0102514
 0.065655 0.0302766 0.00528554 -0.0128172 0.00775013
 0.0616504 0.0277942 0.00489644 -0.012185 0.00647644
 0.0589344 0.0258769 0.00522784 -0.0118761 0.00454976
 0.056604 0.0243971 0.00367641 -0.0110759 0.00380802
 0.0543154 0.0230131 0.00370354 -0.0103159 0.00296603
 0.0536658 0.0224623 0.00358779 -0.00982494 0.00247156
 0.0511917 0.0212317 0.00397064 -0.0093385 0.00166749
 0.0504183 0.0206264 0.00262509 -0.00822625 0.000883475
 0.050047 0.0204835 0.00253019 -0.00765212 0.000951094
 0.0504941 0.0205075 0.00164661 -0.00685181 0.000122553
 0.0491715 0.0199088 0.00173865 -0.00618519 0.00036371
 0.0489669 0.0198012 0.000947512 -0.00540888 -8.34912e-05
 0.0491773 0.0202699 0.000888094 -0.00477593 0.00126391
 0.0481488 0.0198307 0.000824506 -0.00449711 0.000564615
 0.0473295 0.0193469 0.00119598 -0.00441823 0.0006344
 0.0470599 0.0189908 0.00197021 -0.00480003 0.000243186
 0.0459223 0.0182591 0.00321199 -0.00548662 0.000148801
 0.0435914 0.0168473 0.00434376 -0.00658975 -9.08337e-05
 0.0424205 0.016179 0.00614915 -0.00783344 -6.76794e-05
 0.0396698 0.0145881 0.00787819 -0.0095755 -0.00104964
 0.0372649 0.0131902 0.0102824 -0.0113008 -0.00128861
 0.0357761 0.0122514 0.0109123 -0.0120196 -0.00169164
 0.0335854 0.0112209 0.0139309 -0.0147553 -0.00114927
 0.0320256 0.0104101 0.0149364 -0.0155006 -0.00162359
 0.0301068 0.00944219 0.0185991 -0.018744 -0.00167091
 0.0272509 0.00799294 0.0215417 -0.0214813 -0.00216365
 0.0252827 0.00733663 0.0230638 -0.0230469 -0.00182916
 0.0235114 0.00639575 0.0252141 -0.0249955 -0.00254957
 0.0213477 0.00533441 0.0269382 -0.0265788 -0.00261013
 0.0204112 0.00514161 0.0286244 -0.0278805 -0.00207126
 0.0188143 0.00450279 0.030446 -0.0297877 -0.00203359
 0.0177774 0.00420153 0.0313714 -0.0304485 -0.00203096
 0.0159981 0.00362514 0.0326371 -0.0315357 -0.00183198
 0.0148611 0.00324138 0.0334724 -0.0324385 -0.00180691
 0.013908 0.00298704 0.0336331 -0.032515 -0.00167109
 0.0130315 0.00276797 0.0332956 -0.0321608 -0.00144664
 0.0121529 0.00252947 0.032335 -0.031201 -0.00140011
 0.0111663 0.00231233 0.0333189 -0.0320464 -0.00115697
 0.0105214 0.00211331 0.0317916 -0.0306553 -0.00119783
 0.00986525 0.00203018 0.0307449 -0.0295497 -0.000995575
 0.00899819 0.00180478 0.0293106 -0.0282136 -0.000899906
 0.00846894 0.00169261 0.0287356 -0.0276182 -0.000862531
 0.00806994 0.00169603 0.0265596 -0.0254336 -0.000617006
 0.00755556 0.00161017 0.0247545 -0.0237234 -0.000507801
 0.00734475 0.00155969 0.0230888 -0.0220792 -0.000360063
 0.0068745 0.00149628 0.0221926 -0.0212322 -0.000304074
 0.00658619 0.00143954 0.0203061 -0.0193722 -0.000291362
 0.00625538 0.00140293 0.0185411 -0.0176707 -0.000155311
 0.00602116 0.00133296 0.0168315 -0.0160299 -0.00018347
 0.00573331 0.00128252 0.0153229 -0.0145681 -0.000112677
 0.00538703 0.00120992 0.0136806 -0.0129584 -6.37281e-05
 0.00516376 0.00116248 0.0124856 -0.011822 -6.02378e-05
 0.00489296 0.00111596 0.0110571 -0.0104698 -5.61559e-06
 0.00475459 0.00109619 0.00994694 -0.00937319 6.27331e-05
 0.00441396 0.0010263 0.00885069 -0.00834369 9.81531e-05
 0.00423548 0.000981144 0.00783937 -0.00737419 0.000103183
 0.00407257 0.000946381 0.00682219 -0.00640831 0.000122139
 0.00384268 0.0008955 0.00598166 -0.0055918 0.000135196
 0.00364168 0.000841225 0.00518913 -0.00484915 0.000109912
 0.00343809 0.000799119 0.00453424 -0.00422477 0.000143877
 0.00321298 0.000745619 0.00384875 -0.00358144 0.000136022
 0.00304961 0.000707356 0.00326083 -0.00302456 0.000137629
 0.00286346 0.000663362 0.00276891 -0.00255942 0.00013343
 0.00265929 0.000615429 0.00234537 -0.00216027 0.000127464
 0.00246552 0.000571336 0.00191961 -0.00175919 0.000131982
 0.00228368 0.000526545 0.00161362 -0.00147719 0.000114023
 0.00213181 0.000490857 0.00138369 -0.00126155 0.000114227
 0.00194134 0.000443999 0.00113722 -0.00103637 0.000103364
 0.00182234 0.000414834 0.000977012 -0.000888669 9.78513e-05
 0.00164358 0.000372623 0.000809187 -0.000738044 9.04194e-05
 0.00151935 0.000341828 0.000682325 -0.000621561 8.46881e-05
 0.00134211 0.000299672 0.000554841 -0.000506399 7.22031e-05
 0.0012323 0.000273182 0.000473909 -0.000433249 6.84725e-05
 0.00112399 0.000247268 0.000402679 -0.000371031 6.19716e-05
 0.00100077 0.000218199 0.00033966 -0.000313966 5.46937e-05
 0.0009135 0.000197547 0.000288923 -0.000268741 5.08796e-05
 0.0008131 0.000174267 0.000238345 -0.000223542 4.46473e-05
 0.000720669 0.000152969 0.000202281 -0.000191308 3.94033e-05
 0.000636512 0.000133913 0.000168152 -0.000160158 3.35273e-05
 0.000574389 0.000119924 0.000143704 -0.000138194 3.11506e-05
 0.000502353 0.000103999 0.000120502 -0.000116959 2.63942e-05
 0.000440844 9.04169e-05 9.9215e-05 -9.76581e-05 2.32437e-05
 0.000387555 7.88281e-05 8.36544e-05 -8.32675e-05 2.05324e-05
 0.000347952 6.98731e-05 7.26e-05 -7.2945e-05 1.76426e-05
 0.000296736 5.90304e-05 5.98056e-05 -6.09019e-05 1.47238e-05
 0.000264088 5.20286e-05 5.15604e-05 -5.31345e-05 1.31127e-05
 0.000226232 4.408e-05 4.27709e-05 -4.45963e-05 1.08237e-05
 0.000199056 3.8453e-05 3.6685e-05 -3.85996e-05 9.54931e-06
 0.000169478 3.24171e-05 3.05463e-05 -3.25732e-05 7.89225e-06
 0.000145944 2.76798e-05 2.55857e-05 -2.75891e-05 6.67312e-06
 0.00012629 2.3701e-05 2.18174e-05 -2.3804e-05 5.73267e-06
 0.000106698 1.98373e-05 1.81359e-05 -1.99396e-05 4.67033e-06
 9.182e-05 1.68839e-05 1.53377e-05 -1.70554e-05 3.81638e-06
 7.7265e-05 1.40937e-05 1.27194e-05 -1.42925e-05 3.17359e-06
 0 0 0 0 0
 0 0 0 0 0
 0 0 0 0 0
 0 0 0 0 0
 0 0 0 0 0
 0 0 0 0 0
 0 0 0 0 0
 0 0 0 0 0
 0 0 0 0 0
 0 0 0 0 0
 0 0 0 0 0
 0 0 0 0 0
 0 0 0 0 0
 0 0 0 0 0
 0 0 0 0 0
 0 0 0 0 0
 0 0 0 0 0
 0 0 0 0 0
 0 0 0 0 0
 0 0 0 0 0
 0 0 0 0 0
 0.195776 0.122096 0.012119 -0.0179428 0.07544
 0.14913 0.0891669 0.0117913 -0.0176949 0.0518852
 0.11893 0.0683481 0.0111381 -0.0172224 0.037095
 0.10007 0.0551734 0.0111906 -0.0167919 0.0272155
 0.0860725 0.0457502 0.0106574 -0.0161663 0.0207915
 0.0765706 0.0391145 0.00965094 -0.0156895 0.0156407
 0.0695969 0.0344124 0.00868931 -0.0148703 0.0123627
 0.0649262 0.0311342 0.00822725 -0.0145049 0.00955544
 0.0594913 0.0277096 0.00831281 -0.0136443 0.00698469
 0.0559473 0.0254153 0.0072365 -0.0130048 0.00559035
 0.0537519 0.0239088 0.00700112 -0.0123982 0.00445259
 0.0520303 0.0228613 0.00592554 -0.0116707 0.00424478
 0.0503121 0.021745 0.00604611 -0.0110071 0.00318278
 0.0482547 0.0206315 0.0054039 -0.0101264 0.00256664
 0.04767 0.020071 0.00519444 -0.00965012 0.00165534
 0.0471996 0.0197928 0.00457464 -0.00880325 0.00114476
 0.0462167 0.0192355 0.00420233 -0.00791812 0.000859106
 0.046034 0.0191507 0.00338885 -0.00713106 0.000936456
 0.0455189 0.0188954 0.00318877 -0.00645831 0.000596543
 0.0451914 0.0187373 0.00266286 -0.00553995 0.000411462
 0.0455648 0.0191215 0.00224821 -0.00503591 0.000703269
 0.0444423 0.0188028 0.00295137 -0.00498438 0.00140877
 0.0438383 0.0182511 0.00302311 -0.00504416 0.000695056
 0.0430379 0.0174473 0.00341519 -0.00510217 -7.16125e-05
 0.0420396 0.0171034 0.00430431 -0.00567234 0.000600838
 0.0404403 0.0158678 0.00527963 -0.00669562 -0.000281669
 0.0382752 0.0147577 0.00737306 -0.00819819 9.0175e-06
 0.0364467 0.0135679 0.00930806 -0.00996731 -0.000670462
 0.0342969 0.0122846 0.0111772 -0.0116812 -0.00136665
 0.0331586 0.011419 0.0125729 -0.0127911 -0.00139618
 0.0314449 0.0106564 0.0144166 -0.0146021 -0.00102579
 0.0291057 0.00949656 0.0171568 -0.0169484 -0.00133922
 0.0277616 0.00866938 0.0191607 -0.0187561 -0.00175509
 0.0253347 0.00760344 0.0213239 -0.0207703 -0.00169651
 0.0236454 0.00682631 0.0224121 -0.0218203 -0.00189353
 0.0215929 0.00596288 0.0250321 -0.0243675 -0.00172068
 0.0204873 0.00542778 0.0258989 -0.0252568 -0.00199086
 0.0193594 0.00506461 0.0273911 -0.0263636 -0.00170508
 0.0176569 0.0043677 0.029162 -0.0281701 -0.00194179
 0.0160843 0.00381181 0.0308448 -0.0297325 -0.00182487
 0.0152119 0.00358758 0.0304414 -0.0292918 -0.00155771
 0.01417 0.00319849 0.0307679 -0.0297933 -0.00154469
 0.0129962 0.00281613 0.031216 -0.0300958 -0.00164645
 0.0123331 0.00270376 0.0316203 -0.0305131 -0.00127525
 0.0112874 0.00247053 0.0310792 -0.0298547 -0.00112008
 0.0107536 0.00233038 0.0306474 -0.0294769 -0.00102505
 0.0100016 0.00215249 0.0300196 -0.0287771 -0.000952038
 0.00945394 0.0020671 0.0288667 -0.027627 -0.000780881
 0.00889256 0.00193782 0.0272829 -0.0261464 -0.000628406
 0.00834056 0.00181871 0.0264482 -0.0253216 -0.000513844
 0.00793619 0.00173927 0.0249957 -0.0239118 -0.000515852
 0.00758844 0.00166267 0.022812 -0.0218058 -0.000416559
 0.00715725 0.00162551 0.0215299 -0.0204947 -0.000288418
 0.006829 0.00152391 0.0202814 -0.0193267 -0.000274661
 0.006474 0.00148016 0.0182743 -0.0174329 -0.000233108
 0.00619474 0.00143549 0.0169101 -0.0160619 -8.37188e-05
 0.00581465 0.00135464 0.0155282 -0.0147091 -5.28889e-05
 0.0056709 0.0013169 0.0141501 -0.0134539 -3.78709e-05
 0.00530746 0.00125252 0.0127454 -0.0120433 3.98596e-05
 0.00506861 0.00118844 0.0115209 -0.0109086 4.26582e-05
 0.00488622 0.00115545 0.0102295 -0.00968419 5.81124e-05
 0.00465931 0.00110783 0.00921094 -0.00868856 8.92894e-05
 0.00444992 0.00106388 0.00812081 -0.00765937 0.000141928
 0.00419113 0.000999663 0.00706538 -0.00665531 0.000128863
 0.00397209 0.000946306 0.00619705 -0.00582541 0.000120896
 0.00374849 0.000891575 0.00541379 -0.00508517 0.000139376
 0.00359078 0.000857275 0.00471136 -0.00440471 0.000152567
 0.0034317 0.000816319 0.00418625 -0.00390491 0.000145064
 0.00314926 0.0007475 0.00339837 -0.00316776 0.000140904
 0.00298076 0.000704012 0.00297085 -0.00276206 0.000127529
 0.00281341 0.00066695 0.00254967 -0.00236105 0.000144873
 0.00259925 0.000615455 0.00210157 -0.00194151 0.000130761
 0.00244631 0.000577939 0.00178184 -0.00163888 0.000129324
 0.00223265 0.0005282 0.00147988 -0.00136065 0.000125811
 0.00211536 0.000497083 0.00125743 -0.00115206 0.000119395
 0.00189476 0.000443252 0.00103799 -0.000950956 0.000106031
 0.00172899 0.000401013 0.00086935 -0.000795556 9.42512e-05
 0.00158701 0.000367154 0.000730037 -0.000669819 9.06212e-05
 0.00145826 0.000334202 0.000624175 -0.000574501 8.1075e-05
 0.00131209 0.000298809 0.000516944 -0.000476596 7.15537e-05
 0.00116879 0.000263696 0.000436221 -0.000403091 6.36825e-05
 0.00108517 0.000243233 0.000372708 -0.00034643 6.00948e-05
 0.000969713 0.000215994 0.000310056 -0.000290928 5.39161e-05
 0.000873262 0.000192572 0.000262077 -0.000247278 4.79553e-05
 0.000795775 0.000174406 0.000222951 -0.000211742 4.4706e-05
 0.000695662 0.00015053 0.000188254 -0.000180278 3.74958e-05
 0.000622221 0.000133596 0.000160297 -0.000154959 3.36237e-05
 0.000558301 0.000118909 0.000136666 -0.000133301 2.96758e-05
 0.000490212 0.000103436 0.000112875 -0.000111388 2.60774e-05
 0.000430141 8.97362e-05 9.621e-05 -9.60512e-05 2.22395e-05
 0.000377762 7.81375e-05 8.04956e-05 -8.118e-05 1.94094e-05
 0.000331081 6.78862e-05 6.73075e-05 -6.87694e-05 1.66324e-05
 0.000293193 5.96123e-05 5.86885e-05 -6.06009e-05 1.48347e-05
 0.0002512 5.04648e-05 4.84201e-05 -5.05867e-05 1.20274e-05
 0.000221446 4.42137e-05 4.14001e-05 -4.38306e-05 1.09007e-05
 0.000189364 3.73901e-05 3.45098e-05 -3.69119e-05 8.78219e-06
 0.000165232 3.23149e-05 2.95384e-05 -3.18843e-05 7.63587e-06
 0.000143361 2.77902e-05 2.52666e-05 -2.74857e-05 6.52662e-06
 0.000119584 2.29674e-05 2.04327e-05 -2.26136e-05 5.25029e-06
 0.000104535 1.9907e-05 1.79114e-05 -1.98912e-05 4.69672e-06
 0 0 0 0 0
 0 0 0 0 0
 0 0 0 0 0
 0 0 0 0 0
 0 0 0 0 0
 0 0 0 0 0
 0 0 0 0 0
 0 0 0 0 0
 0 0 0 0 0
 0 0 0 0 0
 0 0 0 0 0
 0 0 0 0 0
 0 0 0 0 0
 0 0 0 0 0
 0 0 0 0 0
 0 0 0 0 0
 0 0 0 0 0
 0 0 0 0 0
 0 0 0 0 0
 0 0 0 0 0
 0 0 0 0 0
 0 0 0 0 0
 0.22282 0.143966 0.0176166 -0.0208924 0.0928519
 0.162563 0.100831 0.0159618 -0.0202625 0.0616311
 0.128657 0.0765006 0.0150173 -0.0198532 0.0436638
 0.105301 0.0602506 0.0148186 -0.0193284 0.0329256
 0.0895425 0.0492438 0.0142583 -0.0186674 0.0243004
 0.0790725 0.0420025 0.0130763 -0.0180823 0.0192433
 0.0686731 0.0352256 0.0121719 -0.0169993 0.0143042
 0.0639775 0.0319575 0.0119773 -0.0165141 0.0123826
 0.0594031 0.0286651 0.0113839 -0.0158853 0.00904
 0.054889 0.0259275 0.0105592 -0.0148536 0.00735112
 0.0523773 0.0240681 0.00965444 -0.0141001 0.00553167
 0.0502981 0.0227009 0.00944019 -0.0133014 0.00471967
 0.0473812 0.0211153 0.0083915 -0.0122892 0.00368546
 0.0461052 0.0201704 0.00807225 -0.0115419 0.00282368
 0.0452856 0.0197138 0.00694669 -0.0107033 0.00262479
 0.044588 0.0192902 0.00703744 -0.0100757 0.00249829
 0.0434673 0.0184983 0.00629025 -0.00907425 0.00131883
 0.0427572 0.0181953 0.00561705 -0.00822337 0.00115992
 0.0425686 0.0181778 0.00468599 -0.00735719 0.00150867
 0.0420494 0.0178774 0.00465188 -0.00681744 0.00120829
 0.0421858 0.0180081 0.00406823 -0.00590145 0.000863663
 0.0420483 0.0179835 0.00403762 -0.0055066 0.00122372
 0.0415608 0.0178731 0.00410587 -0.00533537 0.00157823
 0.0405263 0.0170952 0.00488966 -0.00553544 0.00109939
 0.0394271 0.0162981 0.00496981 -0.00576997 0.00042968
 0.0382001 0.0157161 0.00543093 -0.006164 0.000989113
 0.0367304 0.0148072 0.00714725 -0.00783912 0.000467801
 0.0351802 0.0135785 0.00849212 -0.00892131 -0.000698775
 0.0335832 0.0128334 0.0102824 -0.0103919 -5.58333e-05
 0.031906 0.0116069 0.0122748 -0.0120316 -0.000495898
 0.0301761 0.0105672 0.0133973 -0.012964 -0.00102904
 0.0283241 0.00956013 0.0148202 -0.0144793 -0.00129512
 0.027158 0.00900625 0.0164503 -0.0158395 -0.00103794
 0.0246195 0.00782706 0.0196522 -0.0190439 -0.00114113
 0.0236016 0.00719744 0.0206424 -0.0198294 -0.00133157
 0.0214006 0.0063695 0.0222524 -0.0213368 -0.00142089
 0.0202231 0.00564139 0.0233349 -0.0225237 -0.00162638
 0.0195832 0.00551539 0.0259138 -0.0249402 -0.00115058
 0.0175842 0.00451674 0.0272521 -0.0261322 -0.00190929
 0.0165114 0.00428179 0.0277811 -0.026665 -0.00135934
 0.0154606 0.00380201 0.0292837 -0.0280968 -0.00164905
 0.0140916 0.00334235 0.0291636 -0.0280619 -0.00149896
 0.0135724 0.00329678 0.0285666 -0.027353 -0.000975125
 0.0121026 0.00272903 0.0317204 -0.0304718 -0.00139264
 0.0114325 0.00258979 0.0296859 -0.0285856 -0.00109638
 0.0110976 0.00253545 0.0298004 -0.0285339 -0.00101061
 0.0101713 0.00225413 0.0282637 -0.0270889 -0.000995544
 0.00961125 0.00218267 0.0278708 -0.0266836 -0.000691581
 0.00919231 0.00211375 0.0257485 -0.0245822 -0.000503249
 0.00870738 0.00201051 0.0255808 -0.0244811 -0.000473324
 0.00822181 0.00187411 0.0242986 -0.0232139 -0.000472793
 0.00768237 0.00175797 0.0233001 -0.022282 -0.000344351
 0.00727319 0.00170526 0.0213044 -0.0203179 -0.000197328
 0.00694937 0.00161342 0.0200818 -0.0191748 -0.00023964
 0.00666825 0.00157409 0.0186734 -0.0177707 -0.000166689
 0.00631544 0.00148884 0.017252 -0.0164324 -0.000140274
 0.00607586 0.00146596 0.0157621 -0.014968 2.58006e-06
 0.00573808 0.00137675 0.0143108 -0.013623 -7.95131e-06
 0.00554017 0.00133405 0.0128866 -0.012207 5.39909e-06
 0.00522281 0.00125476 0.0116954 -0.01108 2.63584e-05
 0.00508617 0.00124261 0.0106407 -0.0100666 0.000114336
 0.00481343 0.00117102 0.00932269 -0.00880081 8.83038e-05
 0.00451198 0.00110546 0.00850694 -0.00803131 0.000125675
 0.00436504 0.00107348 0.00732769 -0.00690256 0.000160689
 0.00419131 0.00102409 0.00661356 -0.00620809 0.000145614
 0.00391732 0.000955756 0.00570604 -0.00536404 0.000142414
 0.00367667 0.000898406 0.00493072 -0.00462905 0.000147936
 0.00353363 0.000861175 0.00430014 -0.00402706 0.000155754
 0.00329764 0.000806163 0.00368296 -0.00344058 0.000159049
 0.00309461 0.000751531 0.00315212 -0.00294198 0.000143067
 0.00293407 0.000711569 0.00271249 -0.00252711 0.000139239
 0.00271417 0.000659094 0.00225953 -0.00209951 0.000138835
 0.00249478 0.000605561 0.00191102 -0.0017711 0.000139736
 0.00235436 0.000568777 0.00161049 -0.00148946 0.000130436
 0.0021848 0.000524249 0.00134928 -0.00124632 0.000117125
 0.00204568 0.000490923 0.001141 -0.00105329 0.00011731
 0.00184689 0.000440396 0.000948925 -0.000874756 0.000103289
 0.0016529 0.000391308 0.000786544 -0.000725288 9.28025e-05
 0.00152492 0.000359611 0.000661819 -0.000612119 8.66894e-05
 0.00142917 0.00033416 0.000586708 -0.000544474 8.11569e-05
 0.00127065 0.000295094 0.000474627 -0.000442407 7.15688e-05
 0.00115051 0.000265102 0.000402919 -0.000377426 6.50419e-05
 0.00103296 0.000236324 0.000336635 -0.000316582 5.88178e-05
 0.000930125 0.000210848 0.000288871 -0.000273769 5.16288e-05
 0.000834331 0.000187329 0.000243063 -0.000231927 4.5898e-05
 0.000750269 0.000167479 0.000204494 -0.000197061 4.14382e-05
 0.000667331 0.000147438 0.000174788 -0.000169836 3.5349e-05
 0.000594713 0.000130329 0.000146514 -0.000144033 3.23218e-05
 0.000533209 0.000115614 0.000126341 -0.000124928 2.8222e-05
 0.000463127 9.97156e-05 0.000103999 -0.000104302 2.43519e-05
 0.000411315 8.77512e-05 8.97906e-05 -9.0975e-05 2.15713e-05
 0.000364865 7.70481e-05 7.68731e-05 -7.85706e-05 1.85485e-05
 0.000324112 6.78338e-05 6.56781e-05 -6.80019e-05 1.64334e-05
 0.000281153 5.82314e-05 5.46164e-05 -5.73939e-05 1.35266e-05
 0.000242356 4.98007e-05 4.64569e-05 -4.91842e-05 1.19072e-05
 0.00020876 4.25609e-05 3.89709e-05 -4.17619e-05 1.03624e-05
 0.000187727 3.78196e-05 3.41387e-05 -3.69743e-05 8.668e-06
 0.000158649 3.16627e-05 2.85479e-05 -3.11061e-05 7.34831e-06
 0.000134644 2.66859e-05 2.32816e-05 -2.56849e-05 6.04109e-06
 0 0 0 0 0
 0 0 0 0 0
 0 0 0 0 0
 0 0 0 0 0
 0 0 0 0 0
 0 0 0 0 0
 0 0 0 0 0
 0 0 0 0 0
 0 0 0 0 0
 0 0 0 0 0
 0 0 0 0 0
 0 0 0 0 0
 0 0 0 0 0
 0 0 0 0 0
 0 0 0 0 0
 0 0 0 0 0
 0 0 0 0 0
 0 0 0 0 0
 0 0 0 0 0
 0 0 0 0 0
 0 0 0 0 0
 0 0 0 0 0
 0 0 0 0 0
 0.255041 0.170171 0.0217383 -0.024217 0.114293
 0.184897 0.118541 0.0211943 -0.0238572 0.075975
 0.140811 0.0866169 0.0206762 -0.0234918 0.0525007
 0.112947 0.06699 0.0194147 -0.0227119 0.0387238
 0.0939706 0.0535872 0.0181186 -0.0217916 0.0287104
 0.0810219 0.0446786 0.017083 -0.0207359 0.0221784
 0.0720844 0.0382301 0.0171013 -0.0200643 0.0172802
 0.0632919 0.0326126 0.0154673 -0.0186385 0.013414
 0.0588428 0.0294028 0.0150058 -0.0180192 0.0108584
 0.0539774 0.0263473 0.0137402 -0.0168604 0.00837019
 0.0509248 0.0243434 0.0127119 -0.01603 0.00717412
 0.0483568 0.0226841 0.0123255 -0.0150094 0.00572757
 0.046482 0.0213029 0.0117581 -0.0140794 0.00440973
 0.0444131 0.0200598 0.0104586 -0.0130432 0.00358243
 0.0432688 0.0192871 0.00976381 -0.0122432 0.00304651
 0.0418995 0.0184351 0.00901325 -0.011344 0.00260241
 0.0404716 0.0177456 0.00801906 -0.01017 0.00208403
 0.0402884 0.0173955 0.00797956 -0.009545 0.00161374
 0.039786 0.0173366 0.00745806 -0.00875231 0.00188132
 0.0395835 0.0172139 0.00638319 -0.00771056 0.00170516
 0.0392996 0.0171153 0.00594261 -0.00693069 0.00165403
 0.0390274 0.0170422 0.00539326 -0.00622408 0.0013365
 0.0392434 0.0171482 0.00496166 -0.0056107 0.00178971
 0.0374728 0.0161476 0.00504612 -0.00556367 0.00106986
 0.0376403 0.0159228 0.00571087 -0.00578633 0.00102175
 0.0362833 0.0153113 0.00641969 -0.00649856 0.00144526
 0.0347464 0.0142552 0.00699575 -0.00696794 0.000406514
 0.0335369 0.013446 0.0080145 -0.00786906 0.000275363
 0.0321592 0.0126568 0.0102745 -0.009804 0.000242261
 0.0304516 0.0114839 0.0114094 -0.0108493 -9.09506e-05
 0.0293209 0.0109162 0.0121172 -0.0117206 -9.60144e-05
 0.027959 0.00996156 0.0142444 -0.013435 -0.000535173
 0.0257742 0.00881238 0.0160607 -0.0154505 -0.00106794
 0.0246797 0.0081915 0.0175652 -0.0165722 -0.000976625
 0.0227256 0.00727694 0.0201866 -0.0193792 -0.00105356
 0.0215902 0.00659825 0.0198758 -0.0188744 -0.00151296
 0.0199709 0.00588657 0.0230486 -0.021937 -0.00125505
 0.0187452 0.00539497 0.0241261 -0.0231447 -0.0011607
 0.0176672 0.00501556 0.0250409 -0.0238849 -0.00114484
 0.0163494 0.00450629 0.0257581 -0.0245929 -0.000993094
 0.0152499 0.00397729 0.0271604 -0.0258952 -0.00132065
 0.0143879 0.00371365 0.0276206 -0.0262749 -0.00110993
 0.0133624 0.00340474 0.0277973 -0.0265064 -0.00107441
 0.0125549 0.00306582 0.0287898 -0.0275086 -0.00105319
 0.0118008 0.00288104 0.0278061 -0.0264568 -0.000791944
 0.0110689 0.00263179 0.0281644 -0.0269335 -0.000910844
 0.0104821 0.00252007 0.0277754 -0.0265553 -0.000674419
 0.00982363 0.00230552 0.0269435 -0.0257641 -0.0007519
 0.00914706 0.00214832 0.0268626 -0.0257006 -0.000525021
 0.00887275 0.00210292 0.0250496 -0.0239691 -0.000521508
 0.00837969 0.00201996 0.0239014 -0.0227718 -0.000329003
 0.00794631 0.00191704 0.0226041 -0.0215728 -0.000326462
 0.00743881 0.00175601 0.0208151 -0.0198328 -0.000316682
 0.00718319 0.00172788 0.0199723 -0.0190496 -0.000189949
 0.00679106 0.00165898 0.0187397 -0.017847 -9.76962e-05
 0.00649819 0.00156875 0.0168243 -0.0159986 -0.000127265
 0.00622814 0.00153067 0.0156326 -0.0148344 -2.50259e-05
 0.00587391 0.00146524 0.0144515 -0.0137072 5.9638e-05
 0.00575977 0.00143487 0.0133302 -0.0126526 8.64381e-05
 0.00542974 0.00135404 0.0119039 -0.0112715 8.7145e-05
 0.00514846 0.0012805 0.0106236 -0.0100868 7.26194e-05
 0.00492834 0.00123775 0.00960281 -0.00908719 0.000119721
 0.00465245 0.00117284 0.00853525 -0.00805175 0.000160716
 0.00445593 0.00111491 0.00756613 -0.00714506 0.000143003
 0.00425407 0.00106552 0.0067695 -0.00638406 0.000151254
 0.00405065 0.00101504 0.00588447 -0.00552398 0.000163679
 0.00379467 0.00094805 0.00511559 -0.00481543 0.000158162
 0.0035363 0.000885431 0.00444442 -0.00416978 0.000173461
 0.00338372 0.000844369 0.00390611 -0.00366016 0.000164371
 0.00317324 0.000787881 0.00328512 -0.00307591 0.000156699
 0.00303564 0.000752406 0.00286087 -0.00267669 0.000156947
 0.00283051 0.00070165 0.00241768 -0.00225839 0.000146412
 0.00259917 0.000643937 0.00201293 -0.0018752 0.000147663
 0.00246626 0.000609444 0.00173179 -0.00161102 0.000141377
 0.00225376 0.000555915 0.00143088 -0.00132806 0.000130643
 0.00210413 0.000517291 0.00121633 -0.00112662 0.000118686
 0.00191377 0.000467001 0.00101974 -0.000946438 0.000109484
 0.00180939 0.000439434 0.00087775 -0.000815875 0.000101736
 0.00161804 0.000390831 0.000724181 -0.000672969 9.31619e-05
 0.00149209 0.000358778 0.000618296 -0.000577427 8.9265e-05
 0.00132541 0.000315683 0.000510444 -0.000478361 7.42544e-05
 0.00122956 0.000290817 0.000438757 -0.00041296 7.03875e-05
 0.00109123 0.000256277 0.000360939 -0.000341443 6.15961e-05
 0.00100115 0.000232534 0.000319152 -0.000303644 5.54904e-05
 0.000900138 0.000208074 0.000266322 -0.000255526 5.06796e-05
 0.000804019 0.000184324 0.000224804 -0.000217178 4.58897e-05
 0.000722731 0.000164086 0.000189984 -0.000185884 3.96568e-05
 0.00063955 0.000143889 0.000161331 -0.000158862 3.51209e-05
 0.000569372 0.000126904 0.000135563 -0.000134954 3.03206e-05
 0.000498375 0.000110247 0.000115088 -0.000115751 2.65781e-05
 0.000444454 9.75069e-05 9.7665e-05 -9.9195e-05 2.37666e-05
 0.000393316 8.53863e-05 8.38044e-05 -8.60075e-05 2.00251e-05
 0.000347865 7.48938e-05 7.14294e-05 -7.40737e-05 1.77688e-05
 0.00030219 6.44619e-05 5.98988e-05 -6.29031e-05 1.49299e-05
 0.000263446 5.56785e-05 5.06681e-05 -5.37618e-05 1.30079e-05
 0.000229496 4.81158e-05 4.26431e-05 -4.58285e-05 1.10273e-05
 0.000200773 4.16794e-05 3.73246e-05 -4.03703e-05 9.64094e-06
 0.000174076 3.5793e-05 3.16391e-05 -3.45421e-05 8.14269e-06
 0 0 0 0 0
 0 0 0 0 0
 0 0 0 0 0
 0 0 0 0 0
 0 0 0 0 0
 0 0 0 0 0
 0 0 0 0 0
 0 0 0 0 0
 0 0 0 0 0
 0 0 0 0 0
 0 0 0 0 0
 0 0 0 0 0
 0 0 0 0 0
 0 0 0 0 0
 0 0 0 0 0
 0 0 0 0 0
 0 0 0 0 0
 0 0 0 0 0
 0 0 0 0 0
 0 0 0 0 0
 0 0 0 0 0
 0 0 0 0 0
 0 0 0 0 0
 0 0 0 0 0
 0.312861 0.214767 0.0294552 -0.0295889 0.148641
 0.212754 0.140545 0.0272164 -0.0284031 0.0936137
 0.159664 0.101493 0.0263101 -0.0278768 0.0648225
 0.123221 0.0753344 0.0247267 -0.0263682 0.0450064
 0.101133 0.0595402 0.0233571 -0.0253675 0.0333869
 0.0843025 0.0478209 0.0215874 -0.0238809 0.0250293
 0.0733688 0.0401606 0.0207282 -0.0228695 0.0188682
 0.06514 0.0345132 0.0199448 -0.0218609 0.0148913
 0.0590327 0.0305346 0.018697 -0.0206297 0.0125599
 0.0546389 0.0273596 0.0176653 -0.0196493 0.00950575
 0.0506299 0.0247648 0.0169448 -0.0185005 0.00791406
 0.0472181 0.0227436 0.0151578 -0.0173503 0.00667213
 0.0441524 0.0207419 0.0137428 -0.0157341 0.00460916
 0.0425045 0.0197184 0.013128 -0.0148826 0.00431804
 0.0414248 0.0188867 0.0124081 -0.0139046 0.00345416
 0.0394941 0.0177471 0.0116032 -0.0129428 0.00265835
 0.0385925 0.0171683 0.0104418 -0.0118108 0.00170425
 0.0378663 0.0167896 0.0100249 -0.0107602 0.002054
 0.0373693 0.0164276 0.00906825 -0.00984538 0.00162202
 0.0371883 0.0163928 0.00785556 -0.00886106 0.00175428
 0.0367615 0.0161542 0.00742269 -0.00798406 0.00162798
 0.036192 0.0160313 0.00688206 -0.00720569 0.00164402
 0.0359339 0.0159678 0.00625956 -0.00646206 0.0018957
 0.0356793 0.0157097 0.00586395 -0.00581004 0.00164129
 0.0347303 0.0150409 0.00615273 -0.00573236 0.000980194
 0.0336749 0.0145709 0.00680525 -0.00634375 0.00162834
 0.0333416 0.0142233 0.00700731 -0.00663594 0.00132056
 0.0318098 0.0133514 0.00830544 -0.00776413 0.00100751
 0.0309812 0.012375 0.00915906 -0.00846006 0.000185808
 0.029415 0.0115168 0.0106694 -0.00990587 0.000218877
 0.0281433 0.0107541 0.0115013 -0.010673 3.61056e-05
 0.0265169 0.00983706 0.0131884 -0.0124994 -0.000314255
 0.0251967 0.00904856 0.0143869 -0.0132334 -0.000286582
 0.0238379 0.00823206 0.0166937 -0.0155231 -0.000525254
 0.0227354 0.00745462 0.0179609 -0.0170575 -0.000992656
 0.0214524 0.00694044 0.0189038 -0.0176975 -0.000845981
 0.0199821 0.00629825 0.0206831 -0.0194592 -0.000934187
 0.0182776 0.00545923 0.0226127 -0.0213166 -0.000988175
 0.0172631 0.00507346 0.0236357 -0.0223832 -0.000989706
 0.0161569 0.00456887 0.0247832 -0.0234002 -0.00105736
 0.015547 0.00436287 0.0248676 -0.0233923 -0.000881969
 0.0143036 0.00385461 0.0258204 -0.0246355 -0.000968494
 0.0135916 0.00362259 0.0267453 -0.0254776 -0.000746344
 0.0124395 0.00310727 0.0269487 -0.0257096 -0.00102597
 0.0119044 0.00299287 0.0267437 -0.0254722 -0.000936275
 0.0111711 0.00276081 0.0266018 -0.0253198 -0.00077815
 0.0106034 0.00270037 0.0266114 -0.0253523 -0.000432346
 0.00993731 0.00243127 0.0260366 -0.0248448 -0.000688325
 0.00946825 0.00235424 0.0256375 -0.0244447 -0.00044998
 0.00888475 0.00220436 0.0249903 -0.0238756 -0.000326762
 0.00848594 0.00209298 0.0234917 -0.0224266 -0.000311351
 0.00807219 0.00203508 0.022053 -0.0210097 -0.000123589
 0.00769538 0.0019245 0.0204007 -0.0194179 -0.000155622
 0.00723313 0.00179743 0.0200697 -0.0191424 -0.000149874
 0.00689156 0.00174662 0.0178523 -0.0169952 -6.12973e-05
 0.00672463 0.00172702 0.0168583 -0.0160159 3.85259e-05
 0.00637419 0.00161982 0.0157236 -0.0149535 3.41729e-05
 0.00604114 0.00153651 0.014484 -0.0137823 1.63328e-05
 0.00579302 0.00148961 0.0132034 -0.0125224 0.000140297
 0.00554738 0.00142466 0.0119442 -0.011327 0.000118535
 0.00529797 0.00135909 0.0109356 -0.0103486 0.000118544
 0.00498782 0.00128255 0.00961712 -0.00911644 0.000143672
 0.00471742 0.00121009 0.00856894 -0.00810863 0.000163297
 0.00456452 0.00117507 0.00770631 -0.00727681 0.000175206
 0.00434611 0.00111489 0.00705 -0.00666431 0.00016624
 0.00415894 0.00106721 0.00615224 -0.00580089 0.000177861
 0.00389438 0.000999694 0.00529827 -0.00499309 0.000180868
 0.00372798 0.000955888 0.00470659 -0.00442577 0.00018532
 0.00350063 0.000896056 0.00408604 -0.00383807 0.000189191
 0.00328517 0.000840338 0.00350754 -0.00329174 0.000178473
 0.00309864 0.000788525 0.00301569 -0.00282863 0.000172774
 0.00293804 0.00074555 0.0025893 -0.00242032 0.000165347
 0.00277204 0.000702131 0.00220311 -0.00206107 0.000155845
 0.00257934 0.000651531 0.00184781 -0.00172677 0.000147743
 0.00238021 0.000600687 0.00154529 -0.00143993 0.000139838
 0.00220269 0.000552996 0.00129178 -0.00120771 0.000126776
 0.00201142 0.000502731 0.00109178 -0.00101903 0.000118041
 0.00186212 0.000462944 0.000925406 -0.000863362 0.000107133
 0.00171282 0.000423639 0.000785712 -0.000734738 0.000100529
 0.00157929 0.000388941 0.000668056 -0.000626044 9.49431e-05
 0.00143079 0.000349582 0.000559954 -0.000527484 8.49125e-05
 0.00131761 0.000319574 0.000480354 -0.000453713 7.658e-05
 0.0011841 0.000285253 0.000406208 -0.000385884 7.03994e-05
 0.00105214 0.000251371 0.000337867 -0.000322566 6.21789e-05
 0.000953488 0.000226276 0.000286658 -0.00027672 5.55681e-05
 0.000864069 0.000203369 0.000244941 -0.000237504 5.03374e-05
 0.00077475 0.000180614 0.000209127 -0.000204927 4.4709e-05
 0.000696369 0.000161071 0.000175866 -0.000174024 3.95472e-05
 0.000615123 0.000140966 0.000149988 -0.000149909 3.44079e-05
 0.000544749 0.000123528 0.000126057 -0.000127371 2.88805e-05
 0.000477509 0.000107579 0.000106118 -0.000108269 2.57232e-05
 0.000427555 9.53487e-05 9.19688e-05 -9.48906e-05 2.27087e-05
 0.000375674 8.31181e-05 7.83744e-05 -8.15394e-05 2.00095e-05
 0.000331273 7.26881e-05 6.70369e-05 -7.05344e-05 1.75522e-05
 0.000296099 6.43994e-05 5.73344e-05 -6.10906e-05 1.50603e-05
 0.000252927 5.44824e-05 4.85513e-05 -5.20394e-05 1.28235e-05
 0.000219884 4.69426e-05 4.10126e-05 -4.43514e-05 1.06979e-05
 0 0 0 0 0
 0 0 0 0 0
 0 0 0 0 0
 0 0 0 0 0
 0 0 0 0 0
 0 0 0 0 0
 0 0 0 0 0
 0 0 0 0 0
 0 0 0 0 0
 0 0 0 0 0
 0 0 0 0 0
 0 0 0 0 0
 0 0 0 0 0
 0 0 0 0 0
 0 0 0 0 0
 0 0 0 0 0
 0 0 0 0 0
 0 0 0 0 0
 0 0 0 0 0
 0 0 0 0 0
 0 0 0 0 0
 0 0 0 0 0
 0 0 0 0 0
 0 0 0 0 0
 0 0 0 0 0
 0.376324 0.265362 0.0358244 -0.034834 0.188902
 0.253654 0.172076 0.0343148 -0.0340721 0.117731
 0.183035 0.119509 0.0329973 -0.0328201 0.07783
 0.139736 0.0878031 0.0315521 -0.0317527 0.0550028
 0.112566 0.0681525 0.0296737 -0.0301886 0.0399817
 0.0935556 0.0547831 0.0284539 -0.0291084 0.0307487
 0.0788381 0.0447177 0.0263892 -0.0274715 0.0236576
 0.0680744 0.0373735 0.0245867 -0.025831 0.0183052
 0.0608643 0.0324752 0.0231833 -0.0244926 0.014632
 0.0547949 0.0284812 0.021594 -0.0226131 0.0116777
 0.0503753 0.0255795 0.0203574 -0.0215434 0.00987744
 0.0463173 0.022826 0.0192319 -0.0200613 0.00734794
 0.0439677 0.0211681 0.0175938 -0.0184571 0.00538181
 0.0407949 0.0194204 0.01591 -0.0168657 0.0047946
 0.0398966 0.0187106 0.0152218 -0.0159967 0.0043814
 0.0386808 0.0178685 0.0145437 -0.0149346 0.00356351
 0.0372636 0.0170167 0.0131359 -0.0135677 0.00294428
 0.0364868 0.0165234 0.0121771 -0.0126349 0.00253919
 0.0353936 0.0159674 0.0112616 -0.0114369 0.00222318
 0.0351266 0.0156556 0.00989894 -0.0101529 0.0017644
 0.0341234 0.0151216 0.00924275 -0.00920194 0.00161759
 0.0342776 0.0152412 0.00887444 -0.00856188 0.00152264
 0.0337945 0.0151243 0.00797944 -0.007393 0.00200811
 0.0335795 0.0150383 0.00730169 -0.00673794 0.00189344
 0.0327454 0.0145464 0.00702975 -0.00645612 0.00167677
 0.0325947 0.0143745 0.00758012 -0.00659631 0.00168586
 0.0313847 0.0134596 0.00735081 -0.00662438 0.000953544
 0.0299851 0.0127308 0.00861694 -0.007566 0.000849819
 0.0295105 0.0123087 0.00936056 -0.00841575 0.000978419
 0.0284308 0.0115343 0.0105623 -0.00949619 0.000598377
 0.0265358 0.0104803 0.0115604 -0.0105051 0.000478166
 0.0256856 0.0098455 0.0128083 -0.0115988 8.22225e-05
 0.0249568 0.00932469 0.0140349 -0.0128459 0.000316706
 0.0232061 0.00837144 0.0152747 -0.0140766 -0.000260371
 0.0220919 0.00768694 0.0162877 -0.0150877 -0.000333645
 0.0207288 0.00698894 0.0177152 -0.0164517 -0.000686
 0.0193187 0.00628925 0.0188509 -0.0175858 -0.000751712
 0.0183991 0.00580942 0.0203934 -0.0188844 -0.000533254
 0.0172197 0.00526542 0.0208284 -0.0195321 -0.000872344
 0.015926 0.00472435 0.0239231 -0.0225621 -0.000805462
 0.0151447 0.00422106 0.024251 -0.0228697 -0.00117807
 0.0140622 0.00387787 0.0245366 -0.0232368 -0.000945162
 0.0131226 0.00362474 0.0248833 -0.0236503 -0.000790162
 0.0125208 0.00336504 0.0261989 -0.0247738 -0.0007877
 0.0116674 0.00306737 0.0257817 -0.0244596 -0.000690531
 0.0111136 0.00291025 0.0255703 -0.0243308 -0.000622564
 0.0104833 0.00276149 0.0260272 -0.0247829 -0.000422616
 0.0100305 0.00259726 0.024746 -0.0235473 -0.000469819
 0.00957494 0.00252222 0.0241704 -0.0230537 -0.000234452
 0.00903594 0.00234603 0.0235485 -0.0223728 -0.000275155
 0.00866231 0.00222378 0.0224119 -0.0213234 -0.00025807
 0.00814281 0.00206133 0.0219308 -0.020931 -0.000225851
 0.00774031 0.00200641 0.0204631 -0.0194682 -0.000140494
 0.00738156 0.00187779 0.0191423 -0.0182383 -0.000130791
 0.00697019 0.00181837 0.0181824 -0.0172924 2.42591e-05
 0.00675 0.00176526 0.0171112 -0.016271 3.05521e-05
 0.00645856 0.00168477 0.0163351 -0.0155397 2.94292e-05
 0.00612856 0.00159784 0.0145513 -0.0138277 3.90778e-05
 0.00593933 0.00157595 0.0132909 -0.0125933 0.000149445
 0.00550533 0.00143851 0.0119734 -0.0113414 7.16131e-05
 0.00538264 0.00142918 0.0108525 -0.0103119 0.000177555
 0.00515547 0.00135422 0.00985681 -0.00933587 0.000129377
 0.00485773 0.00128352 0.008771 -0.00830331 0.000174528
 0.00468548 0.00123945 0.00801944 -0.00758181 0.000192792
 0.00445974 0.00118349 0.00710363 -0.00670212 0.000214032
 0.00418557 0.00110261 0.00620172 -0.00585695 0.000205654
 0.00403799 0.00106509 0.00553255 -0.00522865 0.000210217
 0.00375146 0.000978662 0.00476083 -0.00449272 0.000167802
 0.00360942 0.000948706 0.00425316 -0.00400651 0.000197224
 0.00342985 0.000893912 0.00370699 -0.00348721 0.000178566
 0.00319149 0.000830337 0.00318643 -0.00300181 0.000177802
 0.00298456 0.000775712 0.00266548 -0.00250088 0.000177263
 0.00280352 0.0007248 0.00227926 -0.00214074 0.000162464
 0.00260198 0.000671331 0.00194959 -0.00183095 0.000152258
 0.0024832 0.000638481 0.00167448 -0.00157148 0.00014087
 0.00229122 0.00058785 0.00139337 -0.00130714 0.000137996
 0.00209109 0.000534884 0.00116936 -0.00109666 0.000126941
 0.00193788 0.000493601 0.000994187 -0.000933256 0.000119774
 0.00177557 0.000449604 0.000840131 -0.000790656 0.000108291
 0.00164222 0.000413703 0.000706219 -0.000666131 0.000101013
 0.00149881 0.000374636 0.000608948 -0.000575852 8.77844e-05
 0.00136403 0.000339444 0.0005064 -0.000481419 8.44837e-05
 0.00126286 0.00031115 0.000437974 -0.000417905 7.60556e-05
 0.00112888 0.000275823 0.000373844 -0.000359247 6.62925e-05
 0.001009 0.000244946 0.000309185 -0.000299864 5.96378e-05
 0.00092175 0.000221609 0.000267736 -0.000261378 5.22729e-05
 0.000812406 0.00019428 0.000221517 -0.000218006 4.64268e-05
 0.000735456 0.000174096 0.000189818 -0.000188527 4.08561e-05
 0.000655769 0.000154169 0.000161163 -0.000161621 3.70145e-05
 0.000586688 0.000136664 0.000138569 -0.000140451 3.27515e-05
 0.000521851 0.000120622 0.000118714 -0.000121123 2.90613e-05
 0.000458173 0.000104923 9.93619e-05 -0.000102885 2.47281e-05
 0.000407129 9.24831e-05 8.61194e-05 -8.97381e-05 2.15284e-05
 0.000356245 8.03525e-05 7.25075e-05 -7.63825e-05 1.91014e-05
 0.000317176 7.06931e-05 6.33181e-05 -6.73031e-05 1.62989e-05
 0.000276914 6.1244e-05 5.37098e-05 -5.76847e-05 1.39455e-05
 0 0 0 0 0
 0 0 0 0 0
 0 0 0 0 0
 0 0 0 0 0
 0 0 0 0 0
 0 0 0 0 0
 0 0 0 0 0
 0 0 0 0 0
 0 0 0 0 0
 0 0 0 0 0
 0 0 0 0 0
 0 0 0 0 0
 0 0 0 0 0
 0 0 0 0 0
 0 0 0 0 0
 0 0 0 0 0
 0 0 0 0 0
 0 0 0 0 0
 0 0 0 0 0
 0 0 0 0 0
 0 0 0 0 0
 0 0 0 0 0
 0 0 0 0 0
 0 0 0 0 0
 0 0 0 0 0
 0 0 0 0 0
 0.480457 0.347089 0.0454688 -0.0423109 0.252596
 0.312322 0.217416 0.0437713 -0.0413541 0.152733
 0.216708 0.145406 0.0406613 -0.0392142 0.098575
 0.164178 0.106192 0.0394008 -0.0383379 0.069125
 0.125777 0.0783587 0.0362941 -0.0358345 0.0483689
 0.101532 0.0610821 0.034142 -0.0337833 0.0353406
 0.08587 0.0500567 0.0327749 -0.0326939 0.0276679
 0.0735331 0.0414565 0.0304566 -0.0306101 0.0210234
 0.0641013 0.03516 0.0290302 -0.0290249 0.0169538
 0.0563089 0.0300588 0.0263376 -0.0266213 0.0131658
 0.0514252 0.026708 0.025133 -0.0252884 0.0106216
 0.0471113 0.0239291 0.0231423 -0.0233086 0.00854756
 0.0436321 0.0216249 0.0213499 -0.0217906 0.00692481
 0.0409484 0.0199548 0.0195641 -0.0199191 0.00579944
 0.0385832 0.0185206 0.0184889 -0.0184639 0.00497446
 0.0372452 0.0176207 0.0169684 -0.0169699 0.00402992
 0.0355226 0.0167066 0.0157201 -0.0155891 0.00373946
 0.0346569 0.0158524 0.0146193 -0.0143824 0.00245496
 0.0341407 0.0156909 0.0135586 -0.0130803 0.00284622
 0.0331449 0.0151754 0.0123228 -0.0119496 0.00251358
 0.0321373 0.0145739 0.0111995 -0.0106654 0.00211091
 0.0319942 0.0144634 0.010471 -0.00975938 0.00194602
 0.0322343 0.014687 0.00927588 -0.00858688 0.00230901
 0.0318185 0.0144276 0.00877869 -0.00775344 0.00206675
 0.0309059 0.0139068 0.00798806 -0.00709387 0.00161221
 0.030893 0.0138042 0.00794594 -0.00669487 0.00156492
 0.0303417 0.0133284 0.00812506 -0.00681094 0.00150312
 0.0291049 0.012736 0.00821775 -0.0071715 0.00136671
 0.0283813 0.0121538 0.00912625 -0.00779175 0.00143801
 0.0273159 0.0114822 0.00957381 -0.00824006 0.00101398
 0.0260502 0.0104989 0.0107275 -0.00941119 0.000234442
 0.0246565 0.00967519 0.0120431 -0.0107501 0.000247577
 0.0239367 0.00918331 0.0127652 -0.0115185 0.000122734
 0.0228257 0.00851713 0.0141097 -0.0125759 5.88802e-05
 0.0216354 0.0078585 0.0149498 -0.0136924 -0.000171448
 0.0202027 0.00721963 0.0166794 -0.0153074 0.000118371
 0.0189312 0.00653694 0.0180836 -0.0167005 -0.000224535
 0.0180998 0.00595939 0.0190496 -0.01778 -0.000515286
 0.0166739 0.00530506 0.0214551 -0.020103 -0.000599815
 0.0158306 0.00493486 0.0212214 -0.0197558 -0.00056414
 0.0154147 0.00464906 0.0221632 -0.0208519 -0.000656162
 0.0141258 0.00413373 0.0234964 -0.0221219 -0.00074235
 0.0131175 0.00371091 0.0240892 -0.0226477 -0.000634881
 0.0124239 0.00353796 0.0243684 -0.0230692 -0.000499965
 0.0119165 0.0033791 0.0250011 -0.0236989 -0.000330631
 0.0110268 0.00300242 0.0246116 -0.0233783 -0.000487415
 0.0105116 0.00286053 0.0240976 -0.0229316 -0.000441866
 0.0102341 0.00273931 0.0242817 -0.0230661 -0.000335962
 0.00948363 0.00249548 0.0237892 -0.0226369 -0.000365055
 0.00907856 0.00242799 0.0231428 -0.022004 -0.000230765
 0.00868694 0.0022898 0.0219769 -0.0208672 -0.000232388
 0.00818844 0.00215638 0.0215811 -0.0205747 -0.000132594
 0.00769237 0.0020643 0.0201127 -0.0191604 -1.81516e-05
 0.00752819 0.00200276 0.0190239 -0.0180779 -3.28195e-05
 0.00716444 0.00193715 0.0177802 -0.0169181 0.000108915
 0.00680987 0.00183524 0.0166342 -0.0158433 5.23038e-05
 0.0065115 0.00174909 0.0157687 -0.0150128 9.4655e-05
 0.00626919 0.00168431 0.0145073 -0.0137655 0.000144731
 0.00597049 0.00160714 0.0135184 -0.0128643 0.000159614
 0.00565425 0.00152237 0.012302 -0.0116925 0.000150459
 0.00537903 0.00145792 0.0108947 -0.0103225 0.000182097
 0.00520712 0.00140292 0.00985637 -0.00937163 0.000165674
 0.00492217 0.00133504 0.00884019 -0.008395 0.000215136
 0.00471528 0.00126873 0.00787875 -0.00746556 0.000178038
 0.00459078 0.00124494 0.00730981 -0.00692138 0.000235293
 0.00435081 0.00117144 0.00647225 -0.00612313 0.000205471
 0.00409152 0.00110145 0.00563249 -0.00532377 0.000219388
 0.0038461 0.00103104 0.00482237 -0.00456114 0.000194395
 0.00366259 0.000979212 0.00432373 -0.00408706 0.000195081
 0.00351387 0.0009372 0.0038185 -0.00360225 0.000200924
 0.00326462 0.000871456 0.00324952 -0.00305951 0.000197785
 0.00309511 0.000822506 0.00283712 -0.00268176 0.000187701
 0.00293727 0.000778312 0.00246741 -0.0023279 0.000179097
 0.00274878 0.000728413 0.00207441 -0.00195514 0.000175744
 0.00252971 0.000663881 0.00175071 -0.00164606 0.000151957
 0.002337 0.000612161 0.00145642 -0.00137083 0.000143283
 0.00218827 0.00057347 0.00124416 -0.00117085 0.000139257
 0.00204668 0.000532246 0.00106698 -0.00100325 0.000128497
 0.00189317 0.000490929 0.000911937 -0.000860338 0.000119443
 0.00170128 0.000437909 0.000753581 -0.000713462 0.000105793
 0.00158298 0.000405164 0.000643375 -0.000611793 9.99888e-05
 0.00144512 0.000367682 0.000541893 -0.000517336 8.91594e-05
 0.00129746 0.00032781 0.000465493 -0.000446059 8.04325e-05
 0.00118428 0.000297364 0.000394292 -0.000380435 7.41875e-05
 0.00106418 0.000264396 0.000334019 -0.000324528 6.4e-05
 0.000962794 0.000237583 0.000281068 -0.000275413 5.66546e-05
 0.000859262 0.000210241 0.000235019 -0.00023212 5.05451e-05
 0.000775075 0.000188496 0.000204002 -0.000202945 4.65612e-05
 0.000685087 0.000165044 0.000172621 -0.000173529 3.99567e-05
 0.000620734 0.000148287 0.000148662 -0.000150972 3.56258e-05
 0.000560512 0.000132786 0.000127076 -0.000130274 3.22549e-05
 0.000497124 0.000116744 0.000110603 -0.000114456 2.79604e-05
 0.000431545 0.000100567 9.21594e-05 -9.63406e-05 2.41143e-05
 0.000380492 8.7715e-05 7.88444e-05 -8.3145e-05 1.97867e-05
 0.000346473 7.92725e-05 6.958e-05 -7.43312e-05 1.85151e-05
 0 0 0 0 0
 0 0 0 0 0
 0 0 0 0 0
 0 0 0 0 0
 0 0 0 0 0
 0 0 0 0 0
 0 0 0 0 0
 0 0 0 0 0
 0 0 0 0 0
 0 0 0 0 0
 0 0 0 0 0
 0 0 0 0 0
 0 0 0 0 0
 0 0 0 0 0
 0 0 0 0 0
 0 0 0 0 0
 0 0 0 0 0
 0 0 0 0 0
 0 0 0 0 0
 0 0 0 0 0
 0 0 0 0 0
 0 0 0 0 0
 0 0 0 0 0
 0 0 0 0 0
 0 0 0 0 0
 0 0 0 0 0
 0 0 0 0 0
 0.61824 0.457176 0.0562582 -0.0513467 0.340273
 0.386501 0.275319 0.0534845 -0.0494777 0.197424
 0.269396 0.185189 0.051578 -0.0483409 0.128644
 0.194161 0.128827 0.0481862 -0.0456993 0.08612
 0.148716 0.0953094 0.0455851 -0.0434838 0.0610438
 0.116094 0.0718719 0.0425288 -0.0408054 0.0435653
 0.0942681 0.0565216 0.0394942 -0.038361 0.0327686
 0.0802306 0.0464674 0.0373652 -0.0363396 0.0249873
 0.0686531 0.0386249 0.0348306 -0.0341367 0.0197343
 0.0600758 0.0330502 0.0325975 -0.0321224 0.0162011
 0.0526929 0.0282379 0.0296422 -0.0290769 0.0124789
 0.0485238 0.0252965 0.0282709 -0.0278612 0.0103738
 0.0444282 0.0226448 0.0262479 -0.0256906 0.00816462
 0.0410506 0.0205627 0.0238583 -0.0234866 0.00683581
 0.0386522 0.0190293 0.0221074 -0.0215421 0.00588693
 0.0365237 0.0176655 0.0203471 -0.0198175 0.00472948
 0.0350999 0.0167571 0.0189272 -0.0180934 0.0041173
 0.0334751 0.0156566 0.0173127 -0.0165052 0.00296086
 0.0324642 0.0150202 0.0160453 -0.0152918 0.00272795
 0.0313375 0.0145029 0.0143184 -0.0134517 0.00258017
 0.0308512 0.0141917 0.0136326 -0.0124589 0.00240365
 0.0308297 0.0140162 0.0122291 -0.0112359 0.00191119
 0.0304459 0.0138708 0.0113378 -0.0100046 0.00189895
 0.0299832 0.013725 0.0100059 -0.008877 0.0019144
 0.0292801 0.0134155 0.0092225 -0.00807688 0.00210769
 0.0293704 0.0133684 0.00923113 -0.00764144 0.00205653
 0.0285863 0.0128274 0.00883013 -0.00746 0.00160908
 0.0278626 0.0124249 0.00911925 -0.00742588 0.00171647
 0.0270965 0.0118144 0.00945081 -0.00783813 0.00127204
 0.0260646 0.0111216 0.00980706 -0.00824294 0.00109782
 0.0253624 0.0105875 0.0103987 -0.00882525 0.000820731
 0.0246055 0.0101905 0.0107324 -0.00921669 0.0011017
 0.0228449 0.00901375 0.0121199 -0.0106119 0.000324103
 0.0217359 0.00832238 0.0129237 -0.0114783 0.000122189
 0.0206563 0.00763875 0.0145194 -0.0129946 -0.000115124
 0.0202122 0.007245 0.0157038 -0.0142318 -0.000410519
 0.0186421 0.00662869 0.0174754 -0.0158487 6.56294e-05
 0.0176642 0.00603232 0.0171723 -0.0158232 -0.000417865
 0.0165845 0.00543256 0.0185621 -0.0172237 -0.000615555
 0.0156357 0.00505789 0.0196478 -0.0183026 -0.000379181
 0.0146837 0.00457046 0.0207897 -0.0194561 -0.000567185
 0.0139947 0.00426666 0.0215751 -0.0201976 -0.000507502
 0.0132699 0.00399114 0.0230369 -0.0216266 -0.000365529
 0.0124496 0.00364962 0.0232595 -0.0218752 -0.000418044
 0.0116284 0.0032822 0.0238061 -0.022525 -0.0004685
 0.0110731 0.00312102 0.0234399 -0.0222188 -0.000368204
 0.0103716 0.00284712 0.0233499 -0.0221574 -0.000420326
 0.0100771 0.00279884 0.0232258 -0.0219889 -0.000268253
 0.00958369 0.00267102 0.0220562 -0.0208694 -0.000205596
 0.0090615 0.00246766 0.0225161 -0.0214324 -0.000224261
 0.00881325 0.00245654 0.0209967 -0.019874 -2.31741e-05
 0.00817425 0.00223478 0.0208707 -0.01983 -3.20559e-05
 0.00777075 0.00211395 0.0194769 -0.0185423 -6.61644e-05
 0.00741844 0.00203884 0.019113 -0.0181688 4.27643e-05
 0.00714656 0.00197549 0.0178161 -0.0169587 3.32309e-05
 0.00684294 0.00187395 0.016382 -0.0156043 2.57402e-05
 0.00654419 0.00180122 0.0156929 -0.0149436 0.000103073
 0.00627419 0.00173683 0.0143569 -0.0136618 0.000179907
 0.00602885 0.001657 0.0131356 -0.012496 0.000146952
 0.00568746 0.00157165 0.0118621 -0.0112637 0.000196392
 0.00551828 0.00152983 0.0111208 -0.0105542 0.000209928
 0.00527017 0.00147242 0.00980687 -0.00930056 0.000254941
 0.00503331 0.00139887 0.00912656 -0.00865725 0.000240812
 0.00483994 0.00135098 0.00821888 -0.00777994 0.000262269
 0.00454164 0.00125733 0.00733694 -0.00694631 0.000225086
 0.00442021 0.00122175 0.00647431 -0.00613447 0.000249351
 0.00415009 0.00114854 0.00568725 -0.00539382 0.000248438
 0.00397718 0.0010921 0.00517775 -0.00490446 0.000237787
 0.003708 0.00101259 0.00447592 -0.0042413 0.000216886
 0.00361579 0.00098685 0.00392507 -0.00370901 0.000223269
 0.00332689 0.000903694 0.00335921 -0.00318262 0.000201447
 0.00311054 0.000843119 0.00289987 -0.00274203 0.000187687
 0.00295618 0.000798656 0.00253288 -0.00239111 0.000179507
 0.00281179 0.000755944 0.0021887 -0.00207066 0.000174489
 0.00260139 0.000699806 0.00180433 -0.00170429 0.000168754
 0.00243426 0.000651825 0.00154818 -0.00146161 0.000156579
 0.00227988 0.000611031 0.00131211 -0.00123865 0.000152954
 0.00210348 0.000559437 0.00111311 -0.00105292 0.000135593
 0.00196237 0.000520241 0.000950906 -0.000901156 0.000130751
 0.00178256 0.000469807 0.000798431 -0.000758519 0.000117284
 0.00164721 0.000430908 0.000681806 -0.000650244 0.000106734
 0.00150671 0.000392375 0.000578293 -0.000554926 9.75069e-05
 0.00137678 0.000355266 0.0004961 -0.0004778 8.56931e-05
 0.00124647 0.000319878 0.000419633 -0.000406618 7.90425e-05
 0.00111023 0.000282821 0.000353022 -0.000344998 7.06788e-05
 0.00102224 0.000258066 0.000302261 -0.000296952 6.25537e-05
 0.000924025 0.000231958 0.000258362 -0.000255742 5.72149e-05
 0.000833888 0.00020748 0.000222747 -0.000222649 5.06548e-05
 0.000735763 0.000181207 0.00018708 -0.000188437 4.31863e-05
 0.000663331 0.000162084 0.000161492 -0.000164451 3.85686e-05
 0.000596796 0.000144949 0.000136656 -0.000140669 3.44636e-05
 0.000527866 0.000126953 0.000118402 -0.000122818 3.0428e-05
 0.000468435 0.000111991 0.000100632 -0.000105605 2.6998e-05
 0.000407405 9.6325e-05 8.51688e-05 -9.0145e-05 2.26038e-05
 0 0 0 0 0
 0 0 0 0 0
 0 0 0 0 0
 0 0 0 0 0
 0 0 0 0 0
 0 0 0 0 0
 0 0 0 0 0
 0 0 0 0 0
 0 0 0 0 0
 0 0 0 0 0
 0 0 0 0 0
 0 0 0 0 0
 0 0 0 0 0
 0 0 0 0 0
 0 0 0 0 0
 0 0 0 0 0
 0 0 0 0 0
 0 0 0 0 0
 0 0 0 0 0
 0 0 0 0 0
 0 0 0 0 0
 0 0 0 0 0
 0 0 0 0 0
 0 0 0 0 0
 0 0 0 0 0
 0 0 0 0 0
 0 0 0 0 0
 0 0 0 0 0
 0.800388 0.604553 0.0689738 -0.0618997 0.459217
 0.484135 0.352804 0.0649169 -0.0589266 0.258999
 0.322648 0.227022 0.0611341 -0.0561844 0.160872
 0.230641 0.156749 0.0579853 -0.0538038 0.107267
 0.172474 0.113311 0.0544036 -0.0509607 0.0745369
 0.134739 0.08563 0.0512381 -0.0483837 0.054039
 0.108671 0.0669819 0.0485298 -0.0461046 0.0409889
 0.08836 0.0527193 0.0446393 -0.0426216 0.0300046
 0.0744287 0.0432318 0.0414861 -0.0399662 0.023785
 0.0637356 0.0359989 0.0384424 -0.0370429 0.0187221
 0.0555069 0.0304232 0.0354256 -0.0341479 0.0141576
 0.0503597 0.0269267 0.0336299 -0.0322369 0.0117816
 0.0446511 0.0234411 0.0302792 -0.0293734 0.00960606
 0.041419 0.0212034 0.028454 -0.0272716 0.00777769
 0.0386971 0.0193631 0.0263345 -0.0253322 0.00610259
 0.0363485 0.0179734 0.0244046 -0.0231108 0.00539541
 0.0342774 0.0165361 0.0224789 -0.0212907 0.00417457
 0.0328621 0.0157833 0.0207262 -0.0193852 0.00386233
 0.0312428 0.0148598 0.0184467 -0.0172808 0.00338997
 0.0303504 0.0142602 0.0172563 -0.0159577 0.00282163
 0.0295094 0.0136911 0.0155415 -0.0141131 0.00225615
 0.0288998 0.0134524 0.0142708 -0.0128196 0.00266396
 0.0283711 0.0129906 0.013217 -0.0116461 0.00198948
 0.0277985 0.0126953 0.0118215 -0.0103384 0.001586
 0.0282528 0.0131436 0.0109715 -0.00930306 0.00247536
 0.0275064 0.0126252 0.0101086 -0.00839519 0.00185652
 0.0267586 0.0122483 0.00986469 -0.00813681 0.00192546
 0.0263695 0.0119069 0.00943744 -0.00767819 0.00167902
 0.0255165 0.0112701 0.00947244 -0.00778244 0.00140971
 0.0245237 0.0105784 0.00988088 -0.00830112 0.00103712
 0.0240756 0.0102527 0.0100876 -0.00840862 0.0010887
 0.0230509 0.00951112 0.010715 -0.00903019 0.000473235
 0.021957 0.00898725 0.0117723 -0.0101408 0.000844344
 0.0214953 0.00847662 0.0124139 -0.0106773 0.000299027
 0.0203336 0.00781894 0.0134561 -0.0118031 0.000242343
 0.0191484 0.00700044 0.0146888 -0.0130722 -7.78162e-05
 0.0183194 0.0066105 0.0153914 -0.0139153 -4.73792e-05
 0.0174343 0.00617292 0.0162418 -0.0148219 -9.52044e-05
 0.0163998 0.00578646 0.016715 -0.0152199 0.000226559
 0.0156515 0.00520681 0.0187529 -0.0172723 -0.000318407
 0.0145628 0.00466658 0.0201179 -0.0185421 -0.000385851
 0.0140186 0.00449182 0.019168 -0.0177014 -0.000359556
 0.0131644 0.00399223 0.0215481 -0.0201614 -0.000493691
 0.0121928 0.00371634 0.0220794 -0.0206964 -0.000130989
 0.0117732 0.00350746 0.0215851 -0.0202027 -0.000324227
 0.0111443 0.00324787 0.0226113 -0.0213226 -0.000335239
 0.0104247 0.0030173 0.0224074 -0.0211127 -0.00033624
 0.0100274 0.00287688 0.0217996 -0.0205596 -0.000192899
 0.00962881 0.00273114 0.0217817 -0.0206271 -0.000232545
 0.00911075 0.00260129 0.0214244 -0.0203099 -1.52954e-05
 0.00859913 0.00236782 0.0210907 -0.0200244 -0.000252974
 0.00821663 0.00232123 0.0197912 -0.0187759 -3.5363e-05
 0.00782369 0.00217384 0.0191666 -0.0182362 -7.2705e-05
 0.00751231 0.00212544 0.0185506 -0.0176169 6.65131e-05
 0.0071155 0.00201001 0.0170503 -0.0161476 9.60925e-05
 0.00683875 0.00193137 0.0164296 -0.0156371 0.000119648
 0.00657869 0.0018554 0.0151462 -0.0143588 0.00012354
 0.00629887 0.00178829 0.01404 -0.0133595 0.000180709
 0.00602409 0.00169168 0.0131229 -0.0124898 0.000162877
 0.00574996 0.00162704 0.0117803 -0.0111673 0.000199939
 0.00552449 0.00157142 0.0107786 -0.0102368 0.000231945
 0.00535229 0.00152207 0.0101113 -0.00960869 0.000258397
 0.00507608 0.00144486 0.00911094 -0.00863769 0.000248185
 0.00482071 0.00137406 0.00828037 -0.00785012 0.000270744
 0.00468256 0.00132709 0.00741169 -0.00703263 0.000260873
 0.00439059 0.0012441 0.00650712 -0.00616634 0.000256504
 0.00425738 0.0012015 0.00583901 -0.00553672 0.000253631
 0.00405793 0.00114334 0.00515101 -0.00488424 0.000246131
 0.00386723 0.00108669 0.0046221 -0.0043753 0.000250004
 0.00364273 0.00101842 0.00399887 -0.00378739 0.000235436
 0.00340684 0.00094955 0.00347691 -0.00329161 0.000228424
 0.00317161 0.000875037 0.0029728 -0.00281894 0.00019019
 0.002998 0.000827156 0.00259888 -0.002462 0.000196075
 0.00284509 0.000780444 0.00222285 -0.00210756 0.000185956
 0.00269107 0.000738294 0.00194539 -0.00184411 0.000177326
 0.00251386 0.000688481 0.00163325 -0.00155009 0.000174652
 0.00229484 0.000625 0.0013788 -0.00130451 0.000150353
 0.00217977 0.00059169 0.00119297 -0.00113341 0.000147875
 0.00202937 0.000549438 0.00100764 -0.000957544 0.000138239
 0.00183247 0.000492574 0.000833831 -0.000796688 0.000121171
 0.00169814 0.000454378 0.000709762 -0.000679625 0.000113663
 0.00157777 0.000419623 0.000614212 -0.000591577 0.000105458
 0.0014274 0.000376824 0.000520523 -0.000502285 9.38106e-05
 0.00128824 0.000337743 0.000439815 -0.000427534 8.38706e-05
 0.00118333 0.000307795 0.000383534 -0.000375506 7.57887e-05
 0.00107693 0.000277806 0.000326738 -0.000322427 6.81625e-05
 0.000961056 0.000245945 0.000274864 -0.000273341 5.99478e-05
 0.000884913 0.000225018 0.000238287 -0.000239064 5.48074e-05
 0.000791775 0.000199727 0.000204648 -0.000207021 4.90221e-05
 0.000715594 0.000178879 0.00017572 -0.000179331 4.29258e-05
 0.00063295 0.000157371 0.000151283 -0.000155757 3.93835e-05
 0.000545508 0.000134356 0.000124092 -0.000128918 3.20349e-05
 0.000492926 0.000120426 0.000108454 -0.000113816 2.89293e-05
 0 0 0 0 0
 0 0 0 0 0
 0 0 0 0 0
 0 0 0 0 0
 0 0 0 0 0
 0 0 0 0 0
 0 0 0 0 0
 0 0 0 0 0
 0 0 0 0 0
 0 0 0 0 0
 0 0 0 0 0
 0 0 0 0 0
 0 0 0 0 0
 0 0 0 0 0
 0 0 0 0 0
 0 0 0 0 0
 0 0 0 0 0
 0 0 0 0 0
 0 0 0 0 0
 0 0 0 0 0
 0 0 0 0 0
 0 0 0 0 0
 0 0 0 0 0
 0 0 0 0 0
 0 0 0 0 0
 0 0 0 0 0
 0 0 0 0 0
 0 0 0 0 0
 0 0 0 0 0
 1.01728 0.783437 0.0813831 -0.0722 0.606055
 0.588022 0.437417 0.0753 -0.0678481 0.327541
 0.379388 0.27268 0.070155 -0.0636119 0.197062
 0.27654 0.192224 0.0686838 -0.0629706 0.134569
 0.202463 0.13613 0.0643525 -0.0595016 0.0918675
 0.155338 0.101192 0.0603904 -0.0562699 0.0659381
 0.121906 0.0768869 0.0563514 -0.0526452 0.0478384
 0.0997294 0.0610855 0.0531586 -0.0500944 0.0366704
 0.0827862 0.0492374 0.0493354 -0.0466852 0.0279741
 0.06953 0.0401274 0.045074 -0.0428906 0.0213021
 0.0609795 0.0342197 0.0428175 -0.0408129 0.0168946
 0.0535773 0.0293973 0.0394598 -0.0375228 0.0137714
 0.0469827 0.0251901 0.0362009 -0.0344381 0.0108621
 0.0435327 0.0228151 0.0342447 -0.0325264 0.00907994
 0.039823 0.0205181 0.0318058 -0.0299799 0.00790669
 0.0368489 0.0185261 0.0288696 -0.0272106 0.00602654
 0.0339619 0.0167653 0.0258842 -0.0242922 0.00492847
 0.0323468 0.0158244 0.0239379 -0.0222838 0.00439094
 0.0309511 0.0148076 0.0223623 -0.0206597 0.00333741
 0.0293851 0.0138832 0.0201909 -0.0185297 0.00290257
 0.0283124 0.0133337 0.0183443 -0.0167377 0.00270844
 0.0280999 0.0132139 0.0168174 -0.0149757 0.00261937
 0.0273109 0.0127011 0.0149419 -0.0130881 0.00216351
 0.0265536 0.0122148 0.0138264 -0.0120264 0.00179106
 0.0267579 0.0123823 0.0125658 -0.0106516 0.00190804
 0.026287 0.0122143 0.0112231 -0.00939569 0.00221067
 0.0262715 0.0121814 0.0107405 -0.00879 0.00210173
 0.0253419 0.0115177 0.0102151 -0.008338 0.00162495
 0.0245238 0.0110824 0.00985363 -0.00786831 0.00158136
 0.0243769 0.0109631 0.0102318 -0.008308 0.00189164
 0.0234314 0.0102869 0.0102558 -0.00839456 0.00162053
 0.0227718 0.00964356 0.0107211 -0.00888413 0.00098245
 0.0217208 0.00923769 0.0113011 -0.00950406 0.00124087
 0.0204189 0.00842306 0.0118806 -0.0101053 0.00104093
 0.0196254 0.00778062 0.0130576 -0.0112337 0.000563045
 0.0188894 0.0073385 0.0135947 -0.0119364 0.000471542
 0.018167 0.00680244 0.0144069 -0.012714 0.000251178
 0.0167699 0.00600608 0.0158271 -0.0141384 -0.000147002
 0.0162386 0.00568107 0.0161867 -0.0145709 -7.49206e-05
 0.0151496 0.00511524 0.0175009 -0.0159704 -0.000348003
 0.0143416 0.00480115 0.0182438 -0.0167658 -0.000130319
 0.0133854 0.00440615 0.0186354 -0.0172692 -0.000152146
 0.0129612 0.00418124 0.0197356 -0.0181777 -0.000136032
 0.012233 0.00387977 0.0199241 -0.0185513 -0.000193413
 0.0115432 0.00356088 0.0210124 -0.0195844 -0.000145798
 0.0109084 0.00326742 0.0209056 -0.0195322 -0.00021818
 0.0105774 0.00319267 0.0218348 -0.0205127 -8.454e-05
 0.0100162 0.00296087 0.0212454 -0.0200646 -0.000136859
 0.00942231 0.00281104 0.0208391 -0.0196587 2.37794e-05
 0.00907312 0.0026883 0.0205445 -0.0194449 -5.76478e-06
 0.00877506 0.00256607 0.0193651 -0.0183575 4.02448e-05
 0.0081665 0.00233189 0.0195829 -0.0185723 -6.23725e-05
 0.00795962 0.00231919 0.0181388 -0.0171645 0.000101007
 0.00746325 0.00216056 0.0176652 -0.0167324 8.91838e-05
 0.00724456 0.00212649 0.0168768 -0.0160125 0.000224509
 0.00687875 0.00197727 0.0163087 -0.0155064 0.000125159
 0.00665694 0.00193678 0.0151552 -0.0144167 0.000226716
 0.00633637 0.00182703 0.0139068 -0.0131646 0.000207081
 0.00612889 0.00178648 0.0130245 -0.0123505 0.000254599
 0.00583057 0.00170553 0.0119228 -0.0112727 0.000281839
 0.00560263 0.00164002 0.0109086 -0.0103734 0.000288293
 0.00532372 0.00154136 0.0100021 -0.00949063 0.000253572
 0.00514681 0.00150726 0.00912344 -0.00869144 0.000310596
 0.00491886 0.00142923 0.00820081 -0.00781137 0.000289559
 0.00467 0.00135081 0.00728988 -0.00692563 0.000280411
 0.00446477 0.00128931 0.00667325 -0.00635169 0.000275592
 0.00430004 0.00123941 0.00597718 -0.00567484 0.000257404
 0.00402584 0.00114949 0.00521465 -0.00495169 0.000239329
 0.0038574 0.001098 0.00461377 -0.00438272 0.000240346
 0.00368103 0.001048 0.00411302 -0.00391626 0.000245611
 0.0034865 0.000990606 0.00354236 -0.00335913 0.000233836
 0.00330435 0.000934781 0.00314616 -0.00298219 0.000224991
 0.00312173 0.000883181 0.00274889 -0.00260409 0.000220648
 0.00291512 0.000820762 0.00236275 -0.00224535 0.000208619
 0.00275721 0.000772875 0.00200861 -0.00191066 0.000194172
 0.00255627 0.000711275 0.00171423 -0.00162838 0.000175426
 0.00234868 0.000652962 0.00145538 -0.00138667 0.000167051
 0.00223344 0.000618535 0.00123552 -0.00117672 0.000157511
 0.00204436 0.000563385 0.00103767 -0.000989913 0.000139574
 0.00190626 0.000523197 0.000898 -0.000859456 0.000130966
 0.00172465 0.000470131 0.000754638 -0.000724775 0.000116233
 0.00162649 0.000441082 0.000644981 -0.000621911 0.000111417
 0.00147865 0.000399783 0.000548475 -0.000532614 0.000103684
 0.00136506 0.00036563 0.000474281 -0.000462278 9.33838e-05
 0.00123026 0.000327104 0.000398395 -0.000391658 8.30462e-05
 0.00110439 0.000291243 0.000341313 -0.000337148 7.26019e-05
 0.00101398 0.00026538 0.000294591 -0.000293588 6.55619e-05
 0.000912031 0.000236974 0.000253513 -0.000254661 5.78871e-05
 0.000804012 0.000207264 0.000212619 -0.000215254 5.08869e-05
 0.000754544 0.000193344 0.000187659 -0.000191926 4.9076e-05
 0.000662119 0.000168009 0.000158058 -0.000162976 4.09993e-05
 0.000593098 0.000149439 0.000136226 -0.000141848 3.66877e-05
 0 0 0 0 0
 0 0 0 0 0
 0 0 0 0 0
 0 0 0 0 0
 0 0 0 0 0
 0 0 0 0 0
 0 0 0 0 0
 0 0 0 0 0
 0 0 0 0 0
 0 0 0 0 0
 0 0 0 0 0
 0 0 0 0 0
 0 0 0 0 0
 0 0 0 0 0
 0 0 0 0 0
 0 0 0 0 0
 0 0 0 0 0
 0 0 0 0 0
 0 0 0 0 0
 0 0 0 0 0
 0 0 0 0 0
 0 0 0 0 0
 0 0 0 0 0
 0 0 0 0 0
 0 0 0 0 0
 0 0 0 0 0
 0 0 0 0 0
 0 0 0 0 0
 0 0 0 0 0
 0 0 0 0 0
 1.22442 0.959925 0.0912312 -0.0800694 0.755525
 0.719975 0.545661 0.0877106 -0.0780769 0.415828
 0.469856 0.344483 0.0838494 -0.0754175 0.254246
 0.3144 0.223113 0.0765419 -0.0695506 0.159359
 0.231292 0.159044 0.0724344 -0.0666025 0.110159
 0.175963 0.117242 0.0688181 -0.0635631 0.078225
 0.138356 0.0893519 0.0645288 -0.0600606 0.0571684
 0.110172 0.0691956 0.0604797 -0.0566276 0.0428357
 0.0911375 0.0555775 0.0564179 -0.0530469 0.0329304
 0.0762494 0.0451876 0.0530459 -0.0500263 0.0255199
 0.0644606 0.0370343 0.0485389 -0.0458163 0.0191358
 0.0556394 0.0312649 0.0449173 -0.0423859 0.0154443
 0.0496682 0.0271954 0.0419103 -0.039658 0.0124494
 0.0446988 0.0239496 0.0391086 -0.0368928 0.0103409
 0.0405497 0.0212791 0.0358271 -0.0336667 0.00848219
 0.037314 0.0192046 0.0331573 -0.0309683 0.00697881
 0.0347564 0.0175642 0.0307772 -0.0287114 0.00598072
 0.0321897 0.0160136 0.0279257 -0.0258894 0.00490715
 0.0310759 0.0153349 0.0256986 -0.0235578 0.00467021
 0.0290484 0.0140718 0.0233745 -0.0214985 0.00359756
 0.0279842 0.0132279 0.0212813 -0.0190727 0.00257894
 0.026893 0.0127415 0.0193091 -0.0172606 0.00277943
 0.026399 0.0125231 0.0177986 -0.0157628 0.00275652
 0.0253524 0.0119222 0.0156896 -0.0138343 0.00246573
 0.0253519 0.0118021 0.0144256 -0.0122452 0.00203059
 0.0251042 0.0117516 0.0129252 -0.0108475 0.00221705
 0.0250169 0.0116091 0.0121548 -0.00986131 0.00198037
 0.0243174 0.0113746 0.0115476 -0.00930819 0.00233213
 0.0235263 0.0108294 0.0108284 -0.00870444 0.00183243
 0.0231072 0.0105098 0.0111065 -0.00876363 0.00198146
 0.0224073 0.00995237 0.0106112 -0.00855487 0.00158725
 0.0214653 0.00938612 0.0112143 -0.00906513 0.00145411
 0.0204876 0.00875469 0.0113416 -0.00944044 0.00102631
 0.0200636 0.0083505 0.0122047 -0.0101949 0.000886506
 0.0193981 0.00791919 0.0126133 -0.0107159 0.000858325
 0.0181209 0.00724544 0.0135519 -0.0116174 0.000673231
 0.0169736 0.00643362 0.0138336 -0.0122698 0.000111502
 0.0168266 0.00631444 0.013895 -0.0121392 0.000354617
 0.0155812 0.00570735 0.0155886 -0.0140309 0.000127695
 0.0149456 0.00530585 0.0162066 -0.0147196 0.00012368
 0.014258 0.00496039 0.0165615 -0.0149859 6.93963e-05
 0.0132522 0.00446584 0.0185331 -0.0169876 -2.21536e-05
 0.0129704 0.00427822 0.0179375 -0.0164444 -8.67244e-06
 0.0120472 0.00387271 0.0198582 -0.0183968 -0.000100756
 0.0112373 0.0035933 0.0198875 -0.0185599 -6.09429e-05
 0.0109084 0.00340319 0.0203529 -0.0190116 -7.47937e-05
 0.0102276 0.00315369 0.0201988 -0.0188982 8.88838e-06
 0.00985262 0.00303227 0.0192257 -0.0180156 -9.799e-06
 0.00939225 0.00283688 0.0198659 -0.0186857 -7.3885e-05
 0.00900987 0.00273449 0.019926 -0.018774 7.45225e-05
 0.00856856 0.00258323 0.0189623 -0.017906 4.91367e-05
 0.008166 0.00243996 0.0185389 -0.0175163 0.000100569
 0.00770337 0.00230079 0.0184824 -0.0175439 0.000137447
 0.00741038 0.00217574 0.0176298 -0.0166907 0.000118425
 0.00710288 0.00208964 0.0166098 -0.0157411 0.000150211
 0.00690869 0.00207574 0.0156023 -0.0148148 0.000236851
 0.00658106 0.00196471 0.0144256 -0.0136887 0.000249624
 0.00636169 0.00188819 0.0136422 -0.012973 0.000235301
 0.00609026 0.00180839 0.0129359 -0.0123125 0.000256923
 0.00583349 0.00172366 0.0118954 -0.011308 0.000244868
 0.00562084 0.00166563 0.0108061 -0.0102519 0.000275394
 0.00538131 0.00158441 0.0100392 -0.00953362 0.000277249
 0.00517052 0.00153072 0.00923506 -0.00877369 0.000284261
 0.00496138 0.00147487 0.00825981 -0.00785781 0.000306718
 0.00466315 0.00137938 0.00725612 -0.00688825 0.000301516
 0.00457354 0.00135086 0.00678581 -0.00644356 0.000298009
 0.00435313 0.00128093 0.00603328 -0.00574602 0.000282575
 0.00410223 0.00120724 0.00537391 -0.00510464 0.00029711
 0.00390936 0.00114081 0.00473875 -0.00450466 0.000265196
 0.00375886 0.00109073 0.00415807 -0.00395786 0.000260119
 0.00356099 0.00103309 0.00371225 -0.00353049 0.000249823
 0.00334843 0.000971069 0.0031964 -0.00303924 0.000247201
 0.00316669 0.000910875 0.00279608 -0.00265773 0.000231518
 0.00299888 0.000859525 0.00243144 -0.00231025 0.000217024
 0.00279699 0.000797963 0.00208174 -0.00198348 0.000204004
 0.00262899 0.000748131 0.00179368 -0.00170982 0.000195774
 0.00244439 0.000692612 0.00150983 -0.00143938 0.000177677
 0.00227478 0.000643294 0.00129248 -0.00123571 0.000166799
 0.00211245 0.000593384 0.00110746 -0.00106159 0.000151984
 0.00195405 0.000547892 0.000933113 -0.000895381 0.000142643
 0.00181356 0.000504351 0.000803013 -0.000771656 0.000131497
 0.00166019 0.000459912 0.000666144 -0.000645206 0.000119563
 0.00152381 0.000419294 0.000575922 -0.000559951 0.000108146
 0.00137027 0.00037481 0.000483964 -0.000473497 9.65987e-05
 0.00127118 0.000345825 0.000421873 -0.000415244 9.07713e-05
 0.00116849 0.000315411 0.000364311 -0.000361356 8.17494e-05
 0.00106929 0.000286339 0.000316726 -0.000316168 7.35975e-05
 0.000959456 0.000255016 0.000266526 -0.000268662 6.487e-05
 0.00085685 0.000225694 0.00022879 -0.000231799 5.69976e-05
 0.000787656 0.000206407 0.000198111 -0.000202914 5.25212e-05
 0.000699175 0.000181261 0.000171174 -0.000176683 4.48326e-05
 0 0 0 0 0
 0 0 0 0 0
 0 0 0 0 0
 0 0 0 0 0
 0 0 0 0 0
 0 0 0 0 0
 0 0 0 0 0
 0 0 0 0 0
 0 0 0 0 0
 0 0 0 0 0
 0 0 0 0 0
 0 0 0 0 0
 0 0 0 0 0
 0 0 0 0 0
 0 0 0 0 0
 0 0 0 0 0
 0 0 0 0 0
 0 0 0 0 0
 0 0 0 0 0
 0 0 0 0 0
 0 0 0 0 0
 0 0 0 0 0
 0 0 0 0 0
 0 0 0 0 0
 0 0 0 0 0
 0 0 0 0 0
 0 0 0 0 0
 0 0 0 0 0
 0 0 0 0 0
 0 0 0 0 0
 0 0 0 0 0
 1.44446 1.15091 0.0998469 -0.0871581 0.919994
 0.819969 0.632275 0.0942281 -0.0832575 0.489851
 0.523806 0.391078 0.0892437 -0.0798437 0.293858
 0.373846 0.27048 0.0875919 -0.079085 0.197286
 0.262005 0.183791 0.0811181 -0.073995 0.13004
 0.198612 0.135042 0.0770025 -0.0706731 0.0920344
 0.154304 0.101984 0.0722475 -0.0668169 0.0676644
 0.121573 0.0780581 0.0673075 -0.0627131 0.0498965
 0.101057 0.0630056 0.0640769 -0.0597259 0.0384239
 0.0851562 0.0516789 0.0606823 -0.0566592 0.0303963
 0.0710888 0.0419901 0.0558376 -0.0524178 0.0233757
 0.0609839 0.0351329 0.0520606 -0.0487234 0.0186511
 0.0534651 0.030094 0.0484438 -0.0453125 0.0151119
 0.0479401 0.0262573 0.0456153 -0.0426749 0.0120637
 0.0427136 0.0229002 0.0416523 -0.038964 0.0099065
 0.0380647 0.0199884 0.0378551 -0.035358 0.00803025
 0.0349913 0.0180307 0.0347567 -0.0323655 0.00662412
 0.0325004 0.0165194 0.0319027 -0.0295149 0.00580689
 0.0304253 0.0151286 0.0288777 -0.0268016 0.00448808
 0.0291544 0.0143719 0.0274924 -0.0251376 0.00435716
 0.0275453 0.0133056 0.024913 -0.0226376 0.00341384
 0.0262799 0.0126003 0.0219445 -0.0196878 0.00289208
 0.0256059 0.0121912 0.0205897 -0.0183189 0.00290779
 0.0248268 0.0118356 0.0181619 -0.015882 0.0027589
 0.0242602 0.0114863 0.0166524 -0.0143906 0.00265083
 0.0241107 0.0114197 0.0150941 -0.0128027 0.00239859
 0.0233193 0.0109871 0.0134336 -0.0112181 0.00215636
 0.0232096 0.0109794 0.0124009 -0.0101469 0.00230532
 0.0226169 0.0105933 0.0121056 -0.00981063 0.00223609
 0.0219588 0.0100321 0.0110344 -0.00873787 0.0016018
 0.0213378 0.00981825 0.0112717 -0.00906563 0.00203771
 0.0210212 0.00949406 0.0111839 -0.00902713 0.00181932
 0.0199539 0.00868631 0.0112274 -0.00912688 0.00135524
 0.0193695 0.00830425 0.0112593 -0.00926569 0.00129555
 0.0181285 0.00752344 0.0122968 -0.0103953 0.000872788
 0.0174224 0.00698663 0.0123663 -0.0105992 0.000523895
 0.0167773 0.00667875 0.0132967 -0.0114906 0.00071195
 0.0160915 0.00619969 0.0139049 -0.0121561 0.000481412
 0.0152501 0.00570379 0.0141424 -0.012492 0.000281095
 0.0144716 0.00533915 0.0155327 -0.0139129 0.000343109
 0.0137145 0.00486457 0.0164424 -0.0148323 0.000112022
 0.0133859 0.00458937 0.0170211 -0.0155659 -0.000204895
 0.0124481 0.0042684 0.0177013 -0.0162484 0.000169513
 0.0117862 0.00389561 0.0182077 -0.0167415 -5.23102e-05
 0.0111926 0.00367067 0.0189811 -0.0175919 2.71899e-05
 0.0106851 0.00344236 0.0186439 -0.017357 -1.95931e-05
 0.0102349 0.00327226 0.0191299 -0.0177511 9.45763e-05
 0.009637 0.00298386 0.0191552 -0.0179804 -7.81575e-05
 0.00936969 0.00294721 0.0191806 -0.0179833 0.000132574
 0.00885356 0.00276351 0.0188761 -0.0177626 0.000175212
 0.00852912 0.00264354 0.0188219 -0.017695 0.000138946
 0.00809656 0.00244696 0.0185727 -0.0176184 5.16951e-05
 0.00783781 0.00239274 0.0173846 -0.0164109 0.000177814
 0.0075355 0.00226229 0.016485 -0.0156432 0.000119777
 0.00710994 0.00216675 0.0168244 -0.0159597 0.000232486
 0.00697575 0.00214192 0.0153769 -0.0145875 0.000313302
 0.0066355 0.00203029 0.0147732 -0.0140206 0.000270502
 0.00641281 0.00195431 0.0135714 -0.0129029 0.000289383
 0.00611549 0.00187149 0.0131409 -0.0124761 0.000325899
 0.00587623 0.00178393 0.0121354 -0.0115292 0.000280441
 0.00564115 0.00171353 0.0109534 -0.0104251 0.000340576
 0.00532408 0.00161642 0.0100086 -0.0095255 0.000311295
 0.00514431 0.00155244 0.00889212 -0.00844919 0.000303439
 0.00497906 0.00150257 0.00820606 -0.00779669 0.000316588
 0.00472391 0.00142566 0.00754881 -0.00719006 0.000313511
 0.00455945 0.00137203 0.00673612 -0.00638725 0.000305003
 0.00432276 0.00129212 0.00602499 -0.00574274 0.000290666
 0.00412932 0.00123397 0.00535629 -0.00508893 0.000286494
 0.0039649 0.00118519 0.00476884 -0.00454216 0.000301394
 0.00383259 0.00113862 0.00423562 -0.00402628 0.000272543
 0.00363106 0.00107344 0.00374462 -0.00355843 0.000265884
 0.00343373 0.00101426 0.00333355 -0.00317454 0.0002622
 0.00318124 0.000934744 0.0028328 -0.00270223 0.00024646
 0.00300379 0.000877575 0.00247535 -0.00236455 0.000222438
 0.00282886 0.000823406 0.0021478 -0.00204992 0.000212815
 0.00265552 0.000768256 0.00184657 -0.00176463 0.000198995
 0.00251946 0.000728531 0.00159206 -0.00152509 0.000192033
 0.00232944 0.000670188 0.00136485 -0.00130858 0.000178033
 0.00214796 0.000615833 0.00113485 -0.00109079 0.000162257
 0.00202408 0.000576641 0.000988338 -0.000951275 0.000147864
 0.00186162 0.000528771 0.000836669 -0.000806463 0.000139666
 0.0017097 0.000482857 0.000710606 -0.00068975 0.000125909
 0.00158638 0.000446501 0.000610244 -0.000595709 0.000120453
 0.00144075 0.000401273 0.000515554 -0.000506407 0.000102458
 0.0013191 0.000365908 0.000445346 -0.000439567 9.67663e-05
 0.0012111 0.000332717 0.000381515 -0.000379047 8.44081e-05
 0.00110806 0.000302804 0.000330269 -0.000330159 7.84362e-05
 0.00100286 0.000271667 0.000285664 -0.000287789 6.85619e-05
 0.000891656 0.000239719 0.000240879 -0.00024494 6.03571e-05
 0.000807094 0.000215719 0.000208795 -0.00021412 5.52658e-05
 0 0 0 0 0
 0 0 0 0 0
 0 0 0 0 0
 0 0 0 0 0
 0 0 0 0 0
 0 0 0 0 0
 0 0 0 0 0
 0 0 0 0 0
 0 0 0 0 0
 0 0 0 0 0
 0 0 0 0 0
 0 0 0 0 0
 0 0 0 0 0
 0 0 0 0 0
 0 0 0 0 0
 0 0 0 0 0
 0 0 0 0 0
 0 0 0 0 0
 0 0 0 0 0
 0 0 0 0 0
 0 0 0 0 0
 0 0 0 0 0
 0 0 0 0 0
 0 0 0 0 0
 0 0 0 0 0
 0 0 0 0 0
 0 0 0 0 0
 0 0 0 0 0
 0 0 0 0 0
 0 0 0 0 0
 0 0 0 0 0
 0 0 0 0 0
 1.68528 1.36272 0.107248 -0.0932006 1.10535
 0.947419 0.741981 0.102289 -0.0898237 0.583589
 0.599242 0.454943 0.0977856 -0.0870131 0.347622
 0.410852 0.302331 0.0933094 -0.0836656 0.223839
 0.291703 0.208232 0.0879394 -0.079435 0.149505
 0.219571 0.152188 0.0834994 -0.0761213 0.106014
 0.172807 0.116358 0.0804881 -0.0739831 0.0784906
 0.138437 0.0906725 0.0766956 -0.0708375 0.0594518
 0.110304 0.0702869 0.071295 -0.0660237 0.0444291
 0.09149 0.0567716 0.0667488 -0.0619812 0.0345401
 0.0761431 0.0459756 0.0620546 -0.0579729 0.0264132
 0.0650556 0.0383718 0.0575854 -0.0538759 0.0212794
 0.0570848 0.0327729 0.0545193 -0.0510175 0.0172421
 0.049766 0.0279406 0.0508194 -0.0473613 0.0139233
 0.0446266 0.0244379 0.0471544 -0.0439296 0.0112283
 0.0396604 0.0213363 0.0426003 -0.0397099 0.00931838
 0.0361703 0.0191486 0.0397191 -0.0368394 0.00822344
 0.0329516 0.0169753 0.0361429 -0.0333482 0.00623469
 0.0307587 0.0155914 0.0332667 -0.0307464 0.00528547
 0.0289911 0.0145491 0.0306226 -0.0279543 0.00478404
 0.0270789 0.0133016 0.0277188 -0.0251806 0.00376206
 0.0260761 0.0125993 0.0256097 -0.0230898 0.00306226
 0.0246828 0.0118842 0.0231844 -0.0206571 0.00300434
 0.0241199 0.0115272 0.0207011 -0.0182112 0.00276636
 0.0228895 0.0108902 0.0185425 -0.0161404 0.00245298
 0.0230715 0.0109344 0.0169392 -0.0144192 0.00231721
 0.0223266 0.0105201 0.0152576 -0.0128274 0.00211079
 0.0225383 0.0108209 0.0139758 -0.0115436 0.00281413
 0.0219877 0.0104261 0.0129384 -0.0105062 0.00236576
 0.0213866 0.00997419 0.0119007 -0.00964038 0.0021159
 0.0206428 0.00949313 0.0115664 -0.00936494 0.00195571
 0.0197682 0.00885119 0.0112432 -0.00923038 0.00130165
 0.0195216 0.0086235 0.0112934 -0.00912513 0.0012404
 0.0188115 0.00816869 0.0116563 -0.00958537 0.00127824
 0.0174356 0.00743675 0.0119229 -0.0098795 0.00116011
 0.0169466 0.00703356 0.0123586 -0.0103253 0.000771225
 0.0162353 0.00660194 0.0122291 -0.0103288 0.000866212
 0.0155821 0.00618466 0.0132559 -0.0114145 0.000741275
 0.0145744 0.00568267 0.0136252 -0.0118444 0.000691844
 0.0141629 0.00527694 0.0144434 -0.0127964 0.000306463
 0.013658 0.00496491 0.0153837 -0.0137341 0.000221906
 0.0128536 0.00459297 0.0162692 -0.0147626 0.000195457
 0.0122507 0.00424608 0.0164382 -0.015009 -2.88062e-05
 0.0117831 0.00406849 0.0168064 -0.0152898 0.000263123
 0.0110608 0.00375381 0.017347 -0.0159785 0.000236384
 0.0107706 0.00358181 0.0179106 -0.0165906 8.72656e-05
 0.0101343 0.00329728 0.0185893 -0.0172437 0.000123577
 0.00966419 0.00308552 0.018368 -0.0171388 -1.88161e-05
 0.00912094 0.00290774 0.018711 -0.0175605 9.94144e-05
 0.00892375 0.00284626 0.0178993 -0.0167714 0.000197982
 0.0083585 0.00261511 0.0178363 -0.0167947 0.000104076
 0.0079365 0.00250717 0.0175524 -0.0165819 0.000255562
 0.00780356 0.00245925 0.0169716 -0.0160935 0.000252561
 0.00755331 0.00235256 0.0168333 -0.0159442 0.000256933
 0.00708013 0.00220684 0.0153079 -0.0145025 0.000258476
 0.00679762 0.00211506 0.014877 -0.0140553 0.000264348
 0.00662869 0.00207433 0.0143104 -0.0135762 0.000318674
 0.00635931 0.00197996 0.0133332 -0.012629 0.000315218
 0.00615569 0.00192861 0.0121617 -0.0115487 0.000365457
 0.00580517 0.00181747 0.0117208 -0.0111111 0.000367013
 0.00564388 0.00175502 0.0103103 -0.00979988 0.000362774
 0.00543859 0.00168504 0.00998244 -0.00950031 0.000337144
 0.0051887 0.00160474 0.00910319 -0.00864238 0.000344183
 0.00510696 0.00158779 0.00841712 -0.00801356 0.000379222
 0.00481313 0.00149321 0.00757731 -0.00719069 0.000364203
 0.00465103 0.00143787 0.00679931 -0.00646962 0.000365414
 0.00438773 0.0013563 0.00607631 -0.00578784 0.000356721
 0.00423332 0.00129637 0.00542084 -0.00516156 0.000325172
 0.00400262 0.00121667 0.00480501 -0.00457532 0.000306694
 0.00377995 0.00114296 0.00426216 -0.00406703 0.0002824
 0.00353902 0.00106583 0.00375945 -0.00358687 0.00027061
 0.00343196 0.00102806 0.00333459 -0.00318452 0.000265541
 0.00326583 0.000981619 0.0029148 -0.00278484 0.000272746
 0.00308905 0.000923944 0.00258051 -0.00246868 0.000253199
 0.00290327 0.000863225 0.00223427 -0.00213791 0.000234011
 0.00267491 0.000790281 0.00187721 -0.00180227 0.000213649
 0.00252329 0.000742231 0.00161835 -0.00155184 0.000198206
 0.002355 0.000689125 0.00141504 -0.00135952 0.000183723
 0.00222402 0.000650619 0.00120114 -0.00115811 0.000179405
 0.00204496 0.000595881 0.00100655 -0.00097275 0.000162686
 0.00190439 0.000551768 0.000867331 -0.000839694 0.000150634
 0.00177896 0.000511752 0.000754669 -0.000735075 0.000135322
 0.00163811 0.000469156 0.000645056 -0.0006313 0.000126296
 0.00150351 0.000427634 0.000546999 -0.000538329 0.000115175
 0.00137648 0.000388763 0.000473594 -0.000468265 0.000102831
 0.00124522 0.000349486 0.00040123 -0.000399281 9.28512e-05
 0.00113515 0.000315681 0.000351086 -0.000351591 8.22581e-05
 0.00103546 0.000286153 0.000299377 -0.000302817 7.40994e-05
 0.000929144 0.000255168 0.000254874 -0.000259434 6.697e-05
 0 0 0 0 0
 0 0 0 0 0
 0 0 0 0 0
 0 0 0 0 0
 0 0 0 0 0
 0 0 0 0 0
 0 0 0 0 0
 0 0 0 0 0
 0 0 0 0 0
 0 0 0 0 0
 0 0 0 0 0
 0 0 0 0 0
 0 0 0 0 0
 0 0 0 0 0
 0 0 0 0 0
 0 0 0 0 0
 0 0 0 0 0
 0 0 0 0 0
 0 0 0 0 0
 0 0 0 0 0
 0 0 0 0 0
 0 0 0 0 0
 0 0 0 0 0
 0 0 0 0 0
 0 0 0 0 0
 0 0 0 0 0
 0 0 0 0 0
 0 0 0 0 0
 0 0 0 0 0
 0 0 0 0 0
 0 0 0 0 0
 0 0 0 0 0
 0 0 0 0 0
 1.85451 1.51978 0.109854 -0.0946206 1.24885
 1.03162 0.819588 0.105181 -0.0919087 0.653656
 0.657031 0.506158 0.102312 -0.090245 0.391826
 0.451423 0.337486 0.0989988 -0.0884969 0.254043
 0.320018 0.232415 0.0936775 -0.0843719 0.169999
 0.237674 0.16764 0.0887769 -0.0806281 0.118765
 0.184337 0.126466 0.0850281 -0.077805 0.0873819
 0.14614 0.0975212 0.0804944 -0.0738969 0.0651119
 0.119633 0.0776881 0.07725 -0.0711587 0.0501824
 0.0983638 0.0622038 0.0730744 -0.0676069 0.0388871
 0.0813775 0.0501626 0.0673825 -0.0625338 0.0300351
 0.0696519 0.0417798 0.0638569 -0.0593083 0.0237583
 0.0600433 0.035181 0.0593276 -0.0553279 0.0190855
 0.0522096 0.0299837 0.0551447 -0.0513002 0.0157789
 0.0467384 0.0261817 0.0519981 -0.0483744 0.0129035
 0.0411693 0.0225244 0.047665 -0.0443023 0.0102869
 0.0372658 0.0200505 0.0441942 -0.0410745 0.00875525
 0.0335814 0.0175433 0.0398112 -0.0366785 0.00669744
 0.0312558 0.0160261 0.0369389 -0.0339002 0.0057155
 0.0292003 0.0147831 0.034437 -0.0316241 0.00506483
 0.0274958 0.0136784 0.0313855 -0.0285583 0.00420519
 0.0257385 0.0126234 0.0282654 -0.0256257 0.00363259
 0.0247742 0.0121082 0.0260399 -0.0233395 0.00349393
 0.0237468 0.0114446 0.0235296 -0.0208881 0.00282201
 0.0229294 0.0110428 0.0216462 -0.0190392 0.00283172
 0.0220921 0.0105196 0.019335 -0.0167645 0.00234801
 0.0215488 0.0102856 0.0168324 -0.0144311 0.00234403
 0.0215833 0.0102971 0.0158598 -0.0132545 0.00236521
 0.0208782 0.00987125 0.0140043 -0.0115832 0.00200935
 0.0202605 0.009524 0.0127385 -0.0103618 0.00200333
 0.0201041 0.00945556 0.0126213 -0.010094 0.00224975
 0.0192859 0.008842 0.0116376 -0.00934931 0.00173917
 0.0186663 0.00852725 0.0115581 -0.00933106 0.00185083
 0.0180134 0.00798987 0.0115631 -0.00948775 0.00135621
 0.0172302 0.00749194 0.0115363 -0.0095505 0.0012825
 0.0166695 0.00696144 0.0119463 -0.00991413 0.00082145
 0.0159376 0.00654163 0.0121413 -0.0102215 0.000688869
 0.0150119 0.00600589 0.012956 -0.0112043 0.000624325
 0.0145514 0.00572482 0.0129156 -0.0110427 0.000633156
 0.0140899 0.00550573 0.0139487 -0.0122374 0.000720313
 0.0133785 0.00513054 0.0144359 -0.0127114 0.000777713
 0.0125777 0.00468324 0.0147767 -0.0131922 0.000526296
 0.0118891 0.00422197 0.015591 -0.0141296 0.000210711
 0.0114777 0.00402939 0.0158086 -0.0143661 0.000298619
 0.0108167 0.00375819 0.0165943 -0.0152645 0.00024672
 0.010397 0.00359277 0.017179 -0.0157856 0.000311461
 0.0098635 0.00330761 0.0172338 -0.0159454 0.000162926
 0.00957506 0.00323979 0.017523 -0.0163486 0.000381721
 0.00894406 0.00290974 0.0178261 -0.0166724 0.000185271
 0.00852256 0.00283951 0.0178719 -0.0167206 0.000346769
 0.00828681 0.00270377 0.0171632 -0.0160954 0.000292193
 0.00816325 0.0026192 0.0168164 -0.0158239 0.000272181
 0.00770363 0.00248059 0.016396 -0.0154721 0.000331222
 0.007398 0.00237526 0.016185 -0.0152927 0.000319588
 0.00698831 0.00225196 0.0152209 -0.0143818 0.000396214
 0.00681637 0.00219164 0.0148833 -0.0140788 0.000367849
 0.00668819 0.00214808 0.0140979 -0.0133496 0.000403224
 0.0063935 0.0020367 0.0129411 -0.0122834 0.000357558
 0.00608027 0.00192486 0.0119099 -0.0113016 0.000336032
 0.00590016 0.00185894 0.0115291 -0.0109366 0.000353895
 0.00569489 0.00180054 0.0108745 -0.0103397 0.000373915
 0.00540879 0.00171139 0.00963862 -0.00913381 0.000374947
 0.00520644 0.00165155 0.008814 -0.00836663 0.000396112
 0.00499666 0.00156321 0.008176 -0.00776512 0.00034035
 0.00478561 0.00150659 0.00748119 -0.00712469 0.000367444
 0.00460059 0.00144459 0.00675187 -0.00644106 0.00036007
 0.00435924 0.00135785 0.00597394 -0.00571188 0.000330451
 0.00425449 0.00132193 0.00554387 -0.00528302 0.000332929
 0.00402465 0.00125261 0.00489581 -0.00466856 0.000330471
 0.00377976 0.00116744 0.00432163 -0.00412655 0.000301879
 0.00365291 0.00112159 0.00387369 -0.00369255 0.000292535
 0.00350603 0.00107706 0.00349262 -0.00333697 0.000297439
 0.00329799 0.00100802 0.00301416 -0.00288631 0.00028193
 0.00312774 0.000952575 0.00261942 -0.00250927 0.00026839
 0.00290115 0.000877381 0.00226176 -0.00216753 0.000241264
 0.00278149 0.000837569 0.00199831 -0.00191961 0.000231535
 0.0026146 0.00078445 0.00171449 -0.00165293 0.000217952
 0.00244352 0.000730025 0.00147115 -0.00141797 0.000202496
 0.00226806 0.000674787 0.00124736 -0.00120528 0.000187337
 0.00209116 0.000617263 0.00104456 -0.0010118 0.000163342
 0.00194283 0.000573093 0.00089575 -0.000870706 0.000158169
 0.00179657 0.000526022 0.000773269 -0.0007544 0.000141134
 0.00169166 0.000494241 0.000669856 -0.000657562 0.000136743
 0.00150983 0.000437384 0.000565586 -0.000556197 0.000118606
 0.00140186 0.000403519 0.000483277 -0.000478934 0.000109458
 0.00129811 0.000371849 0.000419096 -0.000418415 0.000101237
 0.00116474 0.000330413 0.000360923 -0.000362686 8.7415e-05
 0.00105882 0.000297932 0.000308835 -0.000312442 7.77606e-05
 0 0 0 0 0
 0 0 0 0 0
 0 0 0 0 0
 0 0 0 0 0
 0 0 0 0 0
 0 0 0 0 0
 0 0 0 0 0
 0 0 0 0 0
 0 0 0 0 0
 0 0 0 0 0
 0 0 0 0 0
 0 0 0 0 0
 0 0 0 0 0
 0 0 0 0 0
 0 0 0 0 0
 0 0 0 0 0
 0 0 0 0 0
 0 0 0 0 0
 0 0 0 0 0
 0 0 0 0 0
 0 0 0 0 0
 0 0 0 0 0
 0 0 0 0 0
 0 0 0 0 0
 0 0 0 0 0
 0 0 0 0 0
 0 0 0 0 0
 0 0 0 0 0
 0 0 0 0 0
 0 0 0 0 0
 0 0 0 0 0
 0 0 0 0 0
 0 0 0 0 0
 0 0 0 0 0
 2.04485 1.69632 0.112393 -0.0960775 1.41044
 1.12677 0.906744 0.108741 -0.0943306 0.732163
 0.712 0.55631 0.106019 -0.0930369 0.4369
 0.487959 0.370277 0.103205 -0.0917544 0.282895
 0.348267 0.256858 0.0988063 -0.088575 0.190763
 0.256931 0.184215 0.0934275 -0.08436 0.132923
 0.197169 0.137539 0.0893313 -0.0811494 0.0963394
 0.158208 0.107379 0.0863775 -0.0786806 0.0729094
 0.127836 0.0845656 0.0817631 -0.0752781 0.0559105
 0.101241 0.065185 0.0745906 -0.06907 0.0413624
 0.0848913 0.0534026 0.0709694 -0.0656975 0.0330313
 0.0727837 0.0445405 0.0675381 -0.0627244 0.0260525
 0.0623905 0.037242 0.06358 -0.0591477 0.0209728
 0.0543807 0.031755 0.0594624 -0.0553553 0.0171366
 0.0477615 0.0272838 0.055873 -0.0519231 0.0141902
 0.0421736 0.0234931 0.0510234 -0.0475353 0.01121
 0.0384508 0.0210794 0.0487237 -0.0451907 0.00995244
 0.0346092 0.0185503 0.0444167 -0.0410016 0.00804706
 0.0316841 0.016719 0.0408346 -0.0376054 0.00696862
 0.0290326 0.015013 0.0372547 -0.0341048 0.00569664
 0.0273846 0.0140114 0.0346469 -0.0315554 0.00519523
 0.0256232 0.0127443 0.0313489 -0.0284424 0.00396247
 0.0245001 0.0121013 0.0287864 -0.0258486 0.00372361
 0.0230051 0.0112892 0.0259124 -0.0231098 0.00331318
 0.0225114 0.0109099 0.0236583 -0.0209131 0.00295379
 0.0221953 0.0107844 0.0219056 -0.0190655 0.00303491
 0.0207893 0.010043 0.0190977 -0.0164646 0.00262654
 0.0205511 0.009963 0.0170172 -0.0142908 0.00270324
 0.0198754 0.00961256 0.015278 -0.0128004 0.00245459
 0.0195905 0.00932894 0.0143696 -0.0118195 0.00221942
 0.0192725 0.00904481 0.0135096 -0.0109744 0.00197986
 0.0186087 0.00862806 0.0128904 -0.0103841 0.00183636
 0.0184069 0.0085025 0.0127141 -0.0102877 0.00196233
 0.0172471 0.00782125 0.0119551 -0.00981119 0.0016259
 0.0165413 0.00734975 0.011661 -0.00955338 0.00161611
 0.0164047 0.00718094 0.0117956 -0.00972656 0.0013959
 0.0153186 0.00646056 0.0120569 -0.010114 0.000935725
 0.0146929 0.00597974 0.0124151 -0.0105553 0.000636212
 0.0140204 0.00567408 0.0127425 -0.0109001 0.000828419
 0.013637 0.0054427 0.0134598 -0.0116589 0.000953963
 0.0131719 0.00503456 0.0141194 -0.0123618 0.000456037
 0.0123487 0.00460139 0.0141048 -0.0125379 0.000333412
 0.0119404 0.00444526 0.0144999 -0.0130597 0.000507801
 0.0112511 0.00406217 0.0146784 -0.0132461 0.000380847
 0.0106543 0.00373941 0.0159796 -0.014577 0.000200723
 0.0103798 0.0036373 0.0160274 -0.0146469 0.00032618
 0.00975925 0.00332164 0.0161902 -0.0149879 0.000260536
 0.00919413 0.00310778 0.0166115 -0.0154399 0.00026303
 0.00901338 0.00306149 0.0169599 -0.0158409 0.000335458
 0.00867612 0.00290334 0.0162627 -0.0152476 0.000284254
 0.00821162 0.00273245 0.0164854 -0.0154814 0.000319767
 0.00798144 0.00268522 0.0158924 -0.0149038 0.000469008
 0.00766606 0.00251495 0.0157546 -0.0147664 0.000332756
 0.0073885 0.00244341 0.0155747 -0.0147058 0.000399823
 0.00712563 0.00235386 0.0146194 -0.0137582 0.000430662
 0.00673781 0.00217681 0.0142111 -0.0134596 0.000311524
 0.00648131 0.00213234 0.0134189 -0.0126943 0.000437712
 0.00637656 0.00206621 0.012696 -0.0120042 0.000382568
 0.00601239 0.00194002 0.0121019 -0.0114989 0.000391268
 0.00580494 0.00188107 0.0111345 -0.0105615 0.000402365
 0.00560617 0.0018082 0.0106054 -0.0100613 0.000389328
 0.00529844 0.00171819 0.00961594 -0.00915806 0.000400944
 0.00514124 0.00166557 0.00888694 -0.00844644 0.000424253
 0.00496823 0.00159391 0.0079965 -0.00760775 0.00037395
 0.0047797 0.00154618 0.007443 -0.00707919 0.000416528
 0.00456106 0.00146599 0.00663912 -0.00630744 0.00039088
 0.00440977 0.00140985 0.00608034 -0.00579636 0.000376096
 0.0042155 0.00133528 0.00550457 -0.00525289 0.000347439
 0.00405279 0.00128243 0.00495717 -0.00472356 0.000349108
 0.00383881 0.00120603 0.00434627 -0.00415079 0.000315139
 0.00363389 0.00113824 0.00381258 -0.00364711 0.000310797
 0.00344374 0.00107367 0.00348154 -0.00332724 0.000294582
 0.00330944 0.00102815 0.0030132 -0.00288506 0.000285884
 0.00313781 0.000971644 0.00270959 -0.00260551 0.000276109
 0.00297319 0.000917088 0.00234479 -0.00225071 0.000262648
 0.00278738 0.000855613 0.00199766 -0.0019238 0.000246471
 0.00261127 0.000796919 0.00173065 -0.00167009 0.000223562
 0.00243333 0.000738725 0.00150072 -0.00144882 0.000207156
 0.00229575 0.000693194 0.00128522 -0.0012436 0.000191993
 0.00213681 0.000643775 0.00110369 -0.00107102 0.000178564
 0.00201408 0.000603929 0.00095025 -0.000924056 0.000167463
 0.00183566 0.000547597 0.000808094 -0.000789519 0.000152381
 0.001699 0.000503771 0.000693106 -0.000680188 0.00013834
 0.00155666 0.000459978 0.000592729 -0.000584358 0.000129095
 0.00144044 0.000423176 0.000509039 -0.000504935 0.000119399
 0.00132355 0.000385077 0.00043838 -0.000437625 0.000104877
 0.00122611 0.000354538 0.000384739 -0.000387002 9.58412e-05
 0 0 0 0 0
 0 0 0 0 0
 0 0 0 0 0
 0 0 0 0 0
 0 0 0 0 0
 0 0 0 0 0
 0 0 0 0 0
 0 0 0 0 0
 0 0 0 0 0
 0 0 0 0 0
 0 0 0 0 0
 0 0 0 0 0
 0 0 0 0 0
 0 0 0 0 0
 0 0 0 0 0
 0 0 0 0 0
 0 0 0 0 0
 0 0 0 0 0
 0 0 0 0 0
 0 0 0 0 0
 0 0 0 0 0
 0 0 0 0 0
 0 0 0 0 0
 0 0 0 0 0
 0 0 0 0 0
 0 0 0 0 0
 0 0 0 0 0
 0 0 0 0 0
 0 0 0 0 0
 0 0 0 0 0
 0 0 0 0 0
 0 0 0 0 0
 0 0 0 0 0
 0 0 0 0 0
 0 0 0 0 0
 2.20044 1.84583 0.112533 -0.0955812 1.55159
 1.23467 1.00556 0.113257 -0.0975156 0.821769
 0.739213 0.584865 0.105709 -0.0921363 0.464944
 0.499961 0.384555 0.102696 -0.0905544 0.297823
 0.359189 0.268645 0.0990037 -0.0881319 0.202228
 0.269527 0.196219 0.0962475 -0.0864275 0.143839
 0.20797 0.147373 0.0927331 -0.0838575 0.105116
 0.161251 0.11131 0.0871275 -0.0794056 0.0771694
 0.133502 0.0897269 0.08552 -0.0782056 0.0602908
 0.107759 0.0707594 0.0801531 -0.0735394 0.046577
 0.0899806 0.0575261 0.0760444 -0.0702956 0.0363151
 0.0750413 0.0468209 0.0705062 -0.0652006 0.0284304
 0.0645094 0.0393094 0.0668744 -0.0619503 0.0230292
 0.0576091 0.0343121 0.0646494 -0.0598993 0.0194205
 0.0490351 0.028516 0.0588491 -0.0547121 0.0152796
 0.0434635 0.0246409 0.0550859 -0.0510893 0.0123174
 0.0396462 0.0220767 0.0525774 -0.0486291 0.0107743
 0.0357966 0.0195102 0.0487019 -0.0450544 0.00892719
 0.0323789 0.0173027 0.0446494 -0.0411622 0.00750119
 0.0293523 0.0153565 0.0405633 -0.0372375 0.00605928
 0.0275344 0.0141208 0.037511 -0.0343019 0.00506031
 0.0254441 0.0128571 0.0341652 -0.0310611 0.00433404
 0.0241602 0.0120443 0.0314794 -0.0285701 0.00371804
 0.0227954 0.0113095 0.0285542 -0.0256716 0.00360976
 0.0219638 0.010792 0.0261588 -0.0233407 0.00318443
 0.0208626 0.0100949 0.0236988 -0.0208964 0.00271021
 0.0201791 0.00980194 0.0213036 -0.018551 0.00273228
 0.0201692 0.00975587 0.0192822 -0.0165844 0.00255297
 0.0194254 0.00930219 0.0175237 -0.0147698 0.00223013
 0.0188575 0.0089675 0.0155016 -0.0128935 0.00195984
 0.0186779 0.008896 0.0146826 -0.012039 0.00214596
 0.0182399 0.00856125 0.0133514 -0.0108145 0.0020148
 0.0173312 0.00801206 0.0122899 -0.0100719 0.00172571
 0.0169664 0.00784513 0.0123596 -0.010021 0.00184556
 0.0162009 0.00728381 0.0118379 -0.00970619 0.00146909
 0.0153601 0.00665081 0.0120135 -0.00979663 0.00107789
 0.0148778 0.00632069 0.0116988 -0.00972006 0.000920281
 0.0143853 0.00605792 0.0122302 -0.0103293 0.000992875
 0.0136261 0.00547948 0.0123406 -0.0106669 0.000528126
 0.0131959 0.00525724 0.0121267 -0.0103978 0.000657344
 0.0128201 0.00509967 0.0125793 -0.0109124 0.000799363
 0.0121082 0.00460067 0.0140057 -0.01227 0.000512419
 0.0117691 0.0044648 0.0138777 -0.0122996 0.000519841
 0.0110523 0.00410322 0.0139666 -0.0124989 0.000561126
 0.0105713 0.00386828 0.0152486 -0.0138384 0.000506618
 0.0100989 0.00368358 0.015617 -0.0142307 0.000544204
 0.00967094 0.00348109 0.0154786 -0.0141494 0.000484442
 0.00910631 0.00315057 0.0166175 -0.0153923 0.000357337
 0.00908338 0.00314406 0.0156686 -0.0144911 0.000373961
 0.0085935 0.00290338 0.0151287 -0.0140351 0.000280359
 0.00818106 0.00282408 0.0158081 -0.0147836 0.000448437
 0.00792362 0.00268919 0.0155238 -0.0145208 0.000389159
 0.0076265 0.00259234 0.0159334 -0.0149493 0.000461991
 0.00724331 0.00243342 0.0150075 -0.0141369 0.000422901
 0.00706719 0.00238652 0.0139281 -0.0131121 0.000453796
 0.00671056 0.00226312 0.0141797 -0.0134207 0.000490047
 0.00650994 0.00217338 0.0130813 -0.0123593 0.000437273
 0.00632631 0.00209903 0.0126555 -0.0120027 0.000420721
 0.00608811 0.00203778 0.0117194 -0.0110989 0.000478929
 0.00580103 0.00192393 0.0112026 -0.0106183 0.000435195
 0.00555711 0.00183456 0.0101753 -0.00967319 0.000437311
 0.00537514 0.00177752 0.00926906 -0.00881487 0.000460299
 0.00513788 0.00169653 0.0088345 -0.00838125 0.000439872
 0.00508104 0.00166968 0.00824381 -0.00783156 0.000430837
 0.0048311 0.00158166 0.007405 -0.00703975 0.000408721
 0.00459698 0.00150167 0.0067035 -0.00638994 0.000406301
 0.00441354 0.00143958 0.00617326 -0.0059002 0.000411524
 0.00420864 0.00136102 0.00548344 -0.00523775 0.000372059
 0.00401948 0.00129322 0.00489183 -0.00467499 0.00035601
 0.00384229 0.00123341 0.00439539 -0.00420024 0.000346709
 0.00363661 0.00116399 0.00390156 -0.00373606 0.000327959
 0.00351844 0.00112206 0.00344174 -0.00329694 0.000326139
 0.0033626 0.00106379 0.00308637 -0.00295507 0.000300414
 0.00314554 0.000990319 0.00271318 -0.00260229 0.000279487
 0.00294884 0.000924888 0.00240404 -0.00230838 0.000266211
 0.00283681 0.000885319 0.00209074 -0.00201183 0.000255986
 0.00265839 0.000825669 0.00180951 -0.00174826 0.000238554
 0.00247429 0.000764519 0.00157577 -0.0015237 0.000219582
 0.00230842 0.000711656 0.00132395 -0.00128398 0.000208181
 0.00218229 0.000668094 0.00115063 -0.0011184 0.000188826
 0.00201891 0.000616193 0.000966994 -0.000944106 0.000177163
 0.0018794 0.000570372 0.000831131 -0.000812738 0.000160885
 0.00177891 0.000537492 0.000733288 -0.000721381 0.000153071
 0.00161982 0.000486918 0.000622755 -0.000615453 0.000139279
 0.00146128 0.000435956 0.000524774 -0.000522138 0.000122156
 0.00138151 0.000409736 0.000468421 -0.000468554 0.000113772
 0 0 0 0 0
 0 0 0 0 0
 0 0 0 0 0
 0 0 0 0 0
 0 0 0 0 0
 0 0 0 0 0
 0 0 0 0 0
 0 0 0 0 0
 0 0 0 0 0
 0 0 0 0 0
 0 0 0 0 0
 0 0 0 0 0
 0 0 0 0 0
 0 0 0 0 0
 0 0 0 0 0
 0 0 0 0 0
 0 0 0 0 0
 0 0 0 0 0
 0 0 0 0 0
 0 0 0 0 0
 0 0 0 0 0
 0 0 0 0 0
 0 0 0 0 0
 0 0 0 0 0
 0 0 0 0 0
 0 0 0 0 0
 0 0 0 0 0
 0 0 0 0 0
 0 0 0 0 0
 0 0 0 0 0
 0 0 0 0 0
 0 0 0 0 0
 0 0 0 0 0
 0 0 0 0 0
 0 0 0 0 0
 0 0 0 0 0
 2.30125 1.95017 0.109583 -0.0927944 1.65598
 1.25066 1.02975 0.108492 -0.0931006 0.850912
 0.778456 0.623126 0.106014 -0.0920437 0.500988
 0.529098 0.412004 0.104058 -0.0914681 0.322743
 0.380556 0.288335 0.10237 -0.0909581 0.219947
 0.279629 0.206357 0.0975819 -0.0871144 0.153506
 0.214514 0.154121 0.094045 -0.0848106 0.111526
 0.171012 0.119814 0.0911675 -0.08263 0.0844319
 0.137333 0.0937756 0.0869513 -0.0793156 0.0642706
 0.113691 0.0757594 0.0836762 -0.0766337 0.0504814
 0.0937169 0.0609444 0.0786119 -0.0724813 0.03942
 0.0797231 0.0505198 0.0753162 -0.0696025 0.0312868
 0.0672037 0.0416621 0.0703994 -0.0652875 0.0252257
 0.0579583 0.0350419 0.0662488 -0.0613263 0.020176
 0.0506695 0.030015 0.0621063 -0.0575556 0.0167852
 0.0448942 0.0259789 0.0582724 -0.0540781 0.0137639
 0.0403743 0.0228456 0.0548443 -0.050728 0.0114594
 0.0365685 0.0201644 0.0516669 -0.0477084 0.00942469
 0.0327164 0.0177904 0.047102 -0.0434899 0.00813381
 0.0301876 0.0161088 0.0440731 -0.0404433 0.00692981
 0.0277836 0.0144908 0.0404467 -0.0370138 0.00566286
 0.0259987 0.0135035 0.0374045 -0.0340881 0.00534541
 0.0238811 0.0121184 0.0333413 -0.0302625 0.00420437
 0.0227561 0.0113594 0.0311004 -0.0280668 0.00366599
 0.0214727 0.0106262 0.0282528 -0.0251981 0.00330438
 0.0203787 0.0100311 0.0255842 -0.0226596 0.00308128
 0.01988 0.00965337 0.0231015 -0.0204082 0.00260911
 0.0192699 0.00938638 0.0211021 -0.0183577 0.00260977
 0.018747 0.00911769 0.0188341 -0.0161744 0.00245066
 0.0184624 0.00886863 0.0171583 -0.0144711 0.00217396
 0.0178078 0.008485 0.0154619 -0.0129812 0.00202385
 0.0174524 0.0083565 0.0143427 -0.0118086 0.00226334
 0.0168291 0.00786844 0.0137021 -0.0112623 0.00173911
 0.0163356 0.00754013 0.0127336 -0.0104024 0.00175459
 0.0156018 0.00703756 0.0125453 -0.0103471 0.00141362
 0.0152542 0.0068085 0.0119681 -0.00978544 0.00140321
 0.0147516 0.006472 0.0122117 -0.0100857 0.00134684
 0.0141531 0.00607658 0.0120291 -0.0100289 0.00125099
 0.0135472 0.00568276 0.0115326 -0.00954119 0.00103263
 0.0129392 0.00536815 0.0124511 -0.0106681 0.000846781
 0.0121299 0.00482232 0.0129262 -0.0112648 0.000642613
 0.0120646 0.00479971 0.0123944 -0.0107266 0.000829488
 0.0113062 0.00443026 0.0133423 -0.0117776 0.000749513
 0.0110243 0.00417319 0.0137908 -0.0123051 0.000561703
 0.0102508 0.00379725 0.0141947 -0.0127773 0.000434944
 0.00998931 0.00367636 0.0143143 -0.0129949 0.000457114
 0.00958269 0.00343512 0.0144785 -0.0131539 0.000400588
 0.00924537 0.0033387 0.0149955 -0.0136926 0.000485904
 0.00873525 0.00309323 0.0149459 -0.0137871 0.000374413
 0.00847194 0.00304283 0.0152407 -0.0141482 0.000556407
 0.0080335 0.00277767 0.0150072 -0.0139847 0.000370321
 0.00774844 0.00270319 0.0148476 -0.0138558 0.000459079
 0.00743863 0.00254857 0.0147766 -0.0138504 0.000441494
 0.00723669 0.00246889 0.0145011 -0.0136053 0.000445774
 0.00687475 0.00233719 0.01338 -0.012598 0.000449263
 0.00654062 0.0022301 0.0134386 -0.0126992 0.000469556
 0.0063755 0.00215763 0.0129441 -0.0121976 0.000438189
 0.00617508 0.00209247 0.0121523 -0.0114896 0.000458974
 0.00600106 0.00203221 0.0116716 -0.0110878 0.000485201
 0.00583947 0.00196641 0.0107126 -0.0101684 0.000488119
 0.00554607 0.00185816 0.0101731 -0.00966231 0.000441574
 0.00541229 0.00182289 0.00941956 -0.00895375 0.000475507
 0.00519716 0.00174052 0.00860906 -0.00818425 0.000446763
 0.00503294 0.00168464 0.008034 -0.00766225 0.000457974
 0.00473341 0.00157802 0.00719488 -0.00684556 0.000416131
 0.0046384 0.00154368 0.00663706 -0.00632538 0.000427851
 0.00434181 0.00143254 0.00597436 -0.0057089 0.000388408
 0.00417779 0.00137716 0.0054059 -0.00516108 0.000389939
 0.00411251 0.00134798 0.00505421 -0.00482837 0.000382564
 0.00386126 0.00126683 0.00433388 -0.0041393 0.000368101
 0.00368244 0.00119833 0.00394193 -0.0037666 0.000349243
 0.00354674 0.00114461 0.00353242 -0.00337655 0.000325118
 0.00329289 0.00106084 0.00306791 -0.00293941 0.000311518
 0.00317269 0.00101801 0.00273229 -0.00262587 0.000301272
 0.00295639 0.000941819 0.00235996 -0.00227179 0.000272773
 0.00288672 0.000915963 0.00215213 -0.0020805 0.000269035
 0.00266209 0.000838794 0.00180606 -0.00174646 0.000240924
 0.00250174 0.000786413 0.00158018 -0.00153192 0.000227812
 0.00237328 0.000742806 0.00137661 -0.00133534 0.000218231
 0.00223271 0.000692812 0.00118163 -0.0011528 0.000194174
 0.00204695 0.000635275 0.00100744 -0.000983719 0.000184452
 0.00188307 0.000581796 0.000843694 -0.000827688 0.000169928
 0.00177966 0.000546776 0.000749425 -0.0007378 0.000157661
 0.00166049 0.000507494 0.000642725 -0.000637137 0.000145901
 0.00151742 0.000460839 0.000552474 -0.000549705 0.000132452
 0 0 0 0 0
 0 0 0 0 0
 0 0 0 0 0
 0 0 0 0 0
 0 0 0 0 0
 0 0 0 0 0
 0 0 0 0 0
 0 0 0 0 0
 0 0 0 0 0
 0 0 0 0 0
 0 0 0 0 0
 0 0 0 0 0
 0 0 0 0 0
 0 0 0 0 0
 0 0 0 0 0
 0 0 0 0 0
 0 0 0 0 0
 0 0 0 0 0
 0 0 0 0 0
 0 0 0 0 0
 0 0 0 0 0
 0 0 0 0 0
 0 0 0 0 0
 0 0 0 0 0
 0 0 0 0 0
 0 0 0 0 0
 0 0 0 0 0
 0 0 0 0 0
 0 0 0 0 0
 0 0 0 0 0
 0 0 0 0 0
 0 0 0 0 0
 0 0 0 0 0
 0 0 0 0 0
 0 0 0 0 0
 0 0 0 0 0
 0 0 0 0 0
 2.41717 2.06764 0.107331 -0.0901631 1.7721
 1.29356 1.07593 0.106394 -0.0906963 0.897731
 0.79065 0.639819 0.103982 -0.0897794 0.520001
 0.531829 0.418847 0.101526 -0.0886825 0.331818
 0.386503 0.296401 0.101032 -0.0891981 0.228772
 0.288197 0.215367 0.0984925 -0.087685 0.162043
 0.220661 0.160713 0.0947531 -0.0850644 0.117848
 0.174696 0.124089 0.0916094 -0.0828369 0.088795
 0.141783 0.0981556 0.0882 -0.0801969 0.0679656
 0.114262 0.0772894 0.083635 -0.0762263 0.0523576
 0.0948169 0.0626556 0.0797375 -0.0730838 0.0414561
 0.0816956 0.0526059 0.0769269 -0.0707437 0.0334703
 0.0694262 0.0437141 0.0733756 -0.0677031 0.0270476
 0.0600153 0.0369594 0.0688756 -0.0637344 0.0221089
 0.0522245 0.0313131 0.0650163 -0.0601984 0.0176525
 0.0460499 0.0271426 0.061375 -0.0568179 0.0151169
 0.0406059 0.0233793 0.0571734 -0.0528433 0.0122477
 0.0363816 0.0205681 0.0534238 -0.0495299 0.0103596
 0.0331039 0.0182418 0.0498821 -0.0459459 0.00861606
 0.029834 0.0162509 0.0459621 -0.0423165 0.00757006
 0.0275005 0.0147346 0.0420159 -0.0385782 0.00657625
 0.0255321 0.0132888 0.0392396 -0.0358222 0.00515258
 0.0245827 0.0125862 0.0378265 -0.0344758 0.00464132
 0.0226666 0.0115238 0.0332692 -0.0301067 0.00418734
 0.0213404 0.0107044 0.0305866 -0.0274787 0.00364761
 0.0207528 0.0101968 0.0281298 -0.0250353 0.00299439
 0.0197114 0.00978462 0.0252512 -0.0223124 0.00322383
 0.0185645 0.00902963 0.0227653 -0.0199558 0.00251351
 0.0186118 0.00905125 0.0204326 -0.0176171 0.00243347
 0.017692 0.00861613 0.0182074 -0.0154754 0.00237366
 0.0175589 0.00848769 0.0169239 -0.0142563 0.00225596
 0.017122 0.00823494 0.0156096 -0.0131009 0.00215428
 0.0162744 0.00778206 0.0147649 -0.0123101 0.00209966
 0.0156666 0.00728387 0.0130742 -0.0107536 0.00160071
 0.0153798 0.00705744 0.0126039 -0.0102969 0.00156765
 0.0147174 0.00671169 0.0126032 -0.0104418 0.00160879
 0.0138399 0.00609374 0.0123222 -0.0102597 0.00114648
 0.0137009 0.00597139 0.0118694 -0.00979738 0.00119024
 0.0128594 0.00557532 0.0120958 -0.0102737 0.00132376
 0.0125321 0.00531788 0.0123485 -0.0104701 0.0011114
 0.012049 0.00488601 0.0121739 -0.0105254 0.000685788
 0.0114286 0.00455732 0.0124494 -0.0107857 0.000698963
 0.0113133 0.00453393 0.0129417 -0.011292 0.000863356
 0.0106354 0.00410761 0.0128051 -0.0112197 0.000637706
 0.0101098 0.00375774 0.0140366 -0.0126483 0.000398918
 0.00956481 0.0035874 0.0137462 -0.0124161 0.000571744
 0.0093875 0.00349447 0.013695 -0.0123692 0.000537699
 0.00910194 0.00332269 0.0145058 -0.0132395 0.000470366
 0.00884219 0.00322119 0.0149006 -0.0136758 0.00058386
 0.0082695 0.00295608 0.0145924 -0.0135259 0.000472664
 0.00795137 0.00279209 0.0144002 -0.0133698 0.000412573
 0.00762037 0.00269246 0.0141289 -0.0131604 0.000483463
 0.007272 0.00258152 0.0139349 -0.0130121 0.000557519
 0.00712587 0.00250064 0.0141057 -0.0131983 0.000507202
 0.00692462 0.00241634 0.0134484 -0.0126536 0.000519961
 0.00655238 0.00227918 0.012603 -0.0118818 0.000496317
 0.0064115 0.00223681 0.0122424 -0.0115254 0.000534473
 0.00611587 0.00210994 0.0116924 -0.0110607 0.000475879
 0.0059453 0.00204908 0.0113906 -0.010779 0.00050805
 0.00574623 0.00198607 0.0108121 -0.0102361 0.000525656
 0.00548899 0.00189007 0.00984637 -0.009355 0.000514702
 0.00541208 0.00185735 0.00944756 -0.00899494 0.000496605
 0.00518308 0.00177694 0.00855994 -0.00811975 0.000491782
 0.00484916 0.00163812 0.00773637 -0.00736231 0.000428379
 0.00479721 0.00162562 0.00737263 -0.00700481 0.000452131
 0.0044988 0.00151489 0.00661787 -0.00631688 0.000423173
 0.0043797 0.00146624 0.00609986 -0.00583219 0.000406141
 0.00425281 0.00142633 0.00551218 -0.00525551 0.000417589
 0.00404432 0.00134655 0.00497206 -0.00476231 0.00039087
 0.00382528 0.00127804 0.00440347 -0.00421255 0.000390028
 0.00366838 0.00121058 0.00388717 -0.00371654 0.000347879
 0.00352755 0.00116107 0.00357392 -0.00342572 0.000343594
 0.0034072 0.00111694 0.00317632 -0.00304824 0.000339694
 0.00315362 0.00103271 0.00277939 -0.00266949 0.000315861
 0.00302642 0.000983762 0.00240321 -0.00232059 0.000300641
 0.00283571 0.000914806 0.00215952 -0.0020872 0.000272843
 0.0027089 0.000870438 0.00186472 -0.00180867 0.000258918
 0.00252426 0.000804856 0.00161016 -0.00156059 0.000236042
 0.00239074 0.000759894 0.001418 -0.00137827 0.000226232
 0.00226186 0.000715338 0.00121671 -0.00118613 0.000214634
 0.00207032 0.000650669 0.00104726 -0.00102559 0.000187971
 0.00195001 0.000611214 0.000896025 -0.000881031 0.000180662
 0.00179158 0.000558872 0.00076245 -0.000751819 0.000162578
 0.00169192 0.000525857 0.000677288 -0.000670844 0.000155353
 0 0 0 0 0
 0 0 0 0 0
 0 0 0 0 0
 0 0 0 0 0
 0 0 0 0 0
 0 0 0 0 0
 0 0 0 0 0
 0 0 0 0 0
 0 0 0 0 0
 0 0 0 0 0
 0 0 0 0 0
 0 0 0 0 0
 0 0 0 0 0
 0 0 0 0 0
 0 0 0 0 0
 0 0 0 0 0
 0 0 0 0 0
 0 0 0 0 0
 0 0 0 0 0
 0 0 0 0 0
 0 0 0 0 0
 0 0 0 0 0
 0 0 0 0 0
 0 0 0 0 0
 0 0 0 0 0
 0 0 0 0 0
 0 0 0 0 0
 0 0 0 0 0
 0 0 0 0 0
 0 0 0 0 0
 0 0 0 0 0
 0 0 0 0 0
 0 0 0 0 0
 0 0 0 0 0
 0 0 0 0 0
 0 0 0 0 0
 0 0 0 0 0
 0 0 0 0 0
 2.47536 2.13578 0.102639 -0.0854794 1.84608
 1.28793 1.08138 0.101279 -0.0856806 0.910925
 0.81955 0.669787 0.103502 -0.0887462 0.549946
 0.539993 0.429882 0.0996169 -0.0865244 0.344259
 0.387857 0.300823 0.0984956 -0.08656 0.235011
 0.283847 0.214606 0.0942281 -0.0835319 0.163575
 0.220882 0.162909 0.0932375 -0.0832869 0.121179
 0.176917 0.127254 0.091655 -0.0823694 0.09219
 0.14321 0.100633 0.0883644 -0.08003 0.0713525
 0.11805 0.08083 0.0853981 -0.0776863 0.0555127
 0.100341 0.0672438 0.0838212 -0.07655 0.045279
 0.0829969 0.054321 0.0787106 -0.072245 0.0354387
 0.0698081 0.0445644 0.0735162 -0.0675737 0.0279618
 0.0604223 0.0377829 0.0704438 -0.0649488 0.0232146
 0.0528997 0.0322878 0.0667194 -0.0617059 0.0189829
 0.0458291 0.0273667 0.0617816 -0.0570352 0.0154097
 0.0413225 0.0241102 0.0588416 -0.0543851 0.0128485
 0.036608 0.0210337 0.0548347 -0.0506809 0.0111373
 0.0335381 0.0188514 0.0527076 -0.0485958 0.00946312
 0.0304486 0.0167044 0.0487653 -0.0450103 0.00775606
 0.0281513 0.0151172 0.0455727 -0.0417891 0.00658356
 0.0258604 0.0136925 0.0420273 -0.0384256 0.00572202
 0.0243082 0.0126113 0.0392576 -0.0357944 0.00483746
 0.0224889 0.0116193 0.0355961 -0.0321959 0.00453492
 0.0215612 0.0109973 0.0329075 -0.0296776 0.00409165
 0.0202399 0.0100646 0.0301319 -0.0269034 0.00319264
 0.0189295 0.00938437 0.0264433 -0.023445 0.0028997
 0.0186797 0.00923825 0.0243538 -0.0213059 0.00298772
 0.017962 0.00899694 0.0221979 -0.0194204 0.00310078
 0.017199 0.0084315 0.0198631 -0.0171753 0.00253155
 0.0168488 0.00822613 0.017897 -0.015209 0.00232329
 0.0165289 0.00798062 0.0167598 -0.0141481 0.00215392
 0.0158913 0.00757631 0.0155099 -0.0130831 0.00206312
 0.0156979 0.00754112 0.014539 -0.0120259 0.00224971
 0.0148296 0.00692425 0.0133107 -0.010931 0.00169886
 0.0142887 0.00648825 0.01233 -0.0102611 0.00137628
 0.0138236 0.00634506 0.0118306 -0.00974181 0.00169661
 0.013202 0.00582636 0.0119223 -0.00998113 0.00121495
 0.0128382 0.00553281 0.0117417 -0.00982019 0.00103879
 0.0122647 0.0051475 0.0118356 -0.00997988 0.000814625
 0.0116554 0.0049372 0.0120871 -0.0103976 0.00112102
 0.0111476 0.0045503 0.0119804 -0.0103434 0.000791544
 0.0105933 0.00421583 0.0124527 -0.0108796 0.000650294
 0.0102703 0.00402681 0.0124477 -0.0109139 0.000585293
 0.00988125 0.00382232 0.0130256 -0.0116337 0.000599167
 0.00948238 0.00358559 0.0128659 -0.0115234 0.000525164
 0.00908469 0.00340198 0.0137351 -0.0124686 0.000517426
 0.00891775 0.00336337 0.0135653 -0.0123068 0.000623117
 0.00824669 0.00303044 0.0137469 -0.0126817 0.000486648
 0.00816806 0.00301889 0.0141035 -0.0129988 0.000582812
 0.00781469 0.00282956 0.013692 -0.0126529 0.000511027
 0.00748075 0.00271537 0.0136758 -0.0126914 0.000573051
 0.00724919 0.00260259 0.0137605 -0.0128353 0.00053388
 0.00695194 0.00249633 0.0132523 -0.012388 0.000596149
 0.00680044 0.00241004 0.0128923 -0.0120652 0.000539931
 0.00648556 0.00228478 0.0123136 -0.0115766 0.000499957
 0.00635681 0.00223547 0.0122769 -0.0115893 0.000529099
 0.00607544 0.00214979 0.011615 -0.0109677 0.000556865
 0.00587458 0.00205358 0.010771 -0.0101607 0.000497422
 0.00570661 0.00200009 0.0103849 -0.00985981 0.000512876
 0.00548485 0.00191904 0.009644 -0.00914125 0.000520394
 0.00525743 0.00183354 0.00922719 -0.00878494 0.000495067
 0.00511198 0.00178391 0.00850331 -0.00806369 0.000511917
 0.0049271 0.00171161 0.00779163 -0.00739881 0.000505755
 0.00480196 0.00165619 0.00723294 -0.00687487 0.000477316
 0.00453193 0.00155271 0.00675119 -0.0064405 0.000442684
 0.00432984 0.00147999 0.00600374 -0.00569839 0.000439507
 0.00423773 0.00144754 0.00539706 -0.00516544 0.00044237
 0.00406363 0.00138551 0.00501575 -0.00479727 0.000430469
 0.00386775 0.00130767 0.00441467 -0.00422344 0.000398759
 0.00369374 0.00124612 0.00391904 -0.00375338 0.000390096
 0.00352954 0.00118369 0.00358484 -0.00344214 0.000372018
 0.00338819 0.00113152 0.00319434 -0.00307178 0.000356791
 0.00322156 0.00106916 0.00285211 -0.00274205 0.000333864
 0.00306205 0.00101173 0.00253401 -0.00244334 0.000315706
 0.00290216 0.000951719 0.00215923 -0.00208771 0.000291414
 0.00271157 0.000886425 0.00190854 -0.00184749 0.000273562
 0.00253621 0.000821387 0.00165362 -0.00160816 0.000246745
 0.00242558 0.000787887 0.00144309 -0.00140518 0.00025028
 0.00228542 0.000734581 0.00127256 -0.00124234 0.000222889
 0.00211926 0.000678525 0.00106748 -0.0010473 0.000203223
 0.00195511 0.000623628 0.000912519 -0.00089845 0.000187609
 0.00184103 0.000584151 0.000801506 -0.00079055 0.000175605
 0 0 0 0 0
 0 0 0 0 0
 0 0 0 0 0
 0 0 0 0 0
 0 0 0 0 0
 0 0 0 0 0
 0 0 0 0 0
 0 0 0 0 0
 0 0 0 0 0
 0 0 0 0 0
 0 0 0 0 0
 0 0 0 0 0
 0 0 0 0 0
 0 0 0 0 0
 0 0 0 0 0
 0 0 0 0 0
 0 0 0 0 0
 0 0 0 0 0
 0 0 0 0 0
 0 0 0 0 0
 0 0 0 0 0
 0 0 0 0 0
 0 0 0 0 0
 0 0 0 0 0
 0 0 0 0 0
 0 0 0 0 0
 0 0 0 0 0
 0 0 0 0 0
 0 0 0 0 0
 0 0 0 0 0
 0 0 0 0 0
 0 0 0 0 0
 0 0 0 0 0
 0 0 0 0 0
 0 0 0 0 0
 0 0 0 0 0
 0 0 0 0 0
 0 0 0 0 0
 0 0 0 0 0
 2.48753 2.16343 0.0966806 -0.0798744 1.88507
 1.30809 1.10766 0.0976937 -0.0819906 0.940631
 0.802925 0.662362 0.0971631 -0.0827575 0.548991
 0.529576 0.425673 0.0943656 -0.0815219 0.344114
 0.382851 0.300059 0.0945537 -0.0823394 0.236935
 0.291119 0.222533 0.0943319 -0.0831531 0.171499
 0.219676 0.163904 0.0904769 -0.0805969 0.123537
 0.178687 0.130117 0.0906669 -0.0813387 0.0956544
 0.144134 0.10251 0.08828 -0.0796263 0.073625
 0.118594 0.08238 0.0852637 -0.0772988 0.0575998
 0.0995425 0.0675225 0.0825169 -0.0752806 0.0458404
 0.084515 0.0560051 0.0797081 -0.0730044 0.0369744
 0.0711431 0.0460349 0.0748575 -0.0688175 0.0294095
 0.0622957 0.0395947 0.0726656 -0.0668169 0.02509
 0.0542436 0.0336977 0.0691075 -0.0636344 0.0206208
 0.0468592 0.0284331 0.06426 -0.0593051 0.0166006
 0.0417739 0.0248409 0.0607452 -0.0560106 0.014126
 0.0374764 0.0219317 0.0575668 -0.0531254 0.0121732
 0.0339281 0.0194414 0.0541285 -0.049971 0.0102871
 0.0308242 0.0171563 0.0510471 -0.0469543 0.00829556
 0.0278727 0.0152271 0.0472036 -0.0434311 0.00706756
 0.0259607 0.0140268 0.0438691 -0.0402336 0.00640669
 0.0239917 0.0126221 0.0402855 -0.0366885 0.00514905
 0.022613 0.0117873 0.037899 -0.0346033 0.00469234
 0.0207356 0.0105454 0.0343149 -0.0310698 0.00367124
 0.0199028 0.0101177 0.0315963 -0.0283925 0.00368981
 0.0190088 0.00949906 0.0292359 -0.0261347 0.00315765
 0.0181616 0.00903888 0.0264762 -0.0234403 0.00295639
 0.0176642 0.00875537 0.0236481 -0.0207244 0.00278124
 0.0167463 0.00823081 0.0212772 -0.0185151 0.00248033
 0.0168281 0.00836219 0.0201127 -0.0172598 0.00277428
 0.015799 0.00766094 0.0175656 -0.0150071 0.00207857
 0.0155321 0.00765119 0.0162882 -0.013694 0.00245392
 0.0147915 0.007072 0.0147067 -0.0122911 0.00191427
 0.0144794 0.00696963 0.0141627 -0.0118384 0.00209768
 0.0139644 0.00650338 0.0132409 -0.0109973 0.00173109
 0.0132548 0.00607173 0.0126872 -0.0106012 0.00146801
 0.0126638 0.00567463 0.0120601 -0.0100786 0.00131327
 0.0123357 0.00539623 0.0119706 -0.0100812 0.00108273
 0.0119834 0.00525879 0.0113148 -0.00942663 0.00123439
 0.0114879 0.00485691 0.0114989 -0.00974013 0.000918844
 0.0109799 0.00462143 0.0115294 -0.00997781 0.000997212
 0.0107038 0.00444297 0.0120039 -0.0104333 0.000933369
 0.0102346 0.00418084 0.0119644 -0.0104859 0.0008895
 0.00968013 0.00389962 0.012683 -0.0111908 0.00086485
 0.00926144 0.00360338 0.0128586 -0.011433 0.000695419
 0.00896669 0.00345219 0.0130184 -0.0116908 0.000692106
 0.008652 0.00328792 0.0126776 -0.0114387 0.000627137
 0.00825444 0.0031126 0.0132098 -0.0120366 0.00060644
 0.00808625 0.00304724 0.012789 -0.0116869 0.000667188
 0.00765169 0.00282134 0.0134607 -0.0124703 0.00056277
 0.00735206 0.00271229 0.013292 -0.0123444 0.000602423
 0.0071715 0.00262533 0.0132886 -0.0123907 0.000600969
 0.00700594 0.00254149 0.0131081 -0.0122374 0.000586361
 0.0066605 0.00242031 0.0127234 -0.0119678 0.000582346
 0.006439 0.00229599 0.0122865 -0.0116128 0.000493309
 0.00614974 0.00219262 0.0115443 -0.0109114 0.000511261
 0.00600767 0.00214859 0.0110531 -0.0103998 0.000559221
 0.00577595 0.00208868 0.011008 -0.0104342 0.000615182
 0.00563342 0.00201237 0.00984656 -0.00932194 0.000564412
 0.00545081 0.00195211 0.00959869 -0.00908188 0.000566096
 0.00520666 0.00184329 0.00885088 -0.00837988 0.000514191
 0.00509282 0.00181469 0.00841513 -0.00799881 0.000549522
 0.00490242 0.00172704 0.00764212 -0.00725713 0.000510111
 0.00478918 0.00168926 0.00712769 -0.00680187 0.0005279
 0.00453922 0.00159567 0.00653463 -0.00624295 0.000500831
 0.00438661 0.00152834 0.00590471 -0.00562316 0.000473734
 0.00423846 0.00147882 0.00546594 -0.00522939 0.000473528
 0.00406557 0.00140867 0.00495716 -0.00474595 0.000447637
 0.00383527 0.00131974 0.00445292 -0.00427697 0.000410259
 0.00371691 0.00127384 0.00402216 -0.00386829 0.000394324
 0.00356531 0.00121743 0.00361744 -0.00347296 0.000382697
 0.00335388 0.00113536 0.0031053 -0.00298731 0.000356201
 0.00318564 0.00107202 0.00279341 -0.00269504 0.000333502
 0.00303474 0.00101602 0.0024885 -0.00240126 0.000312736
 0.00290736 0.000969175 0.00221508 -0.00214403 0.00030215
 0.00269754 0.000893169 0.00190835 -0.00185071 0.00027673
 0.00254559 0.000840562 0.00167554 -0.00162885 0.000264794
 0.00243681 0.000800813 0.00148703 -0.00145118 0.000251209
 0.00225778 0.000737044 0.00127274 -0.00124775 0.000227264
 0.00211308 0.000686756 0.00107091 -0.00105307 0.000211301
 0.00200294 0.000649144 0.000940569 -0.000927663 0.000201211
 0 0 0 0 0
 0 0 0 0 0
 0 0 0 0 0
 0 0 0 0 0
 0 0 0 0 0
 0 0 0 0 0
 0 0 0 0 0
 0 0 0 0 0
 0 0 0 0 0
 0 0 0 0 0
 0 0 0 0 0
 0 0 0 0 0
 0 0 0 0 0
 0 0 0 0 0
 0 0 0 0 0
 0 0 0 0 0
 0 0 0 0 0
 0 0 0 0 0
 0 0 0 0 0
 0 0 0 0 0
 0 0 0 0 0
 0 0 0 0 0
 0 0 0 0 0
 0 0 0 0 0
 0 0 0 0 0
 0 0 0 0 0
 0 0 0 0 0
 0 0 0 0 0
 0 0 0 0 0
 0 0 0 0 0
 0 0 0 0 0
 0 0 0 0 0
 0 0 0 0 0
 0 0 0 0 0
 0 0 0 0 0
 0 0 0 0 0
 0 0 0 0 0
 0 0 0 0 0
 0 0 0 0 0
 0 0 0 0 0
 2.50624 2.19565 0.0922744 -0.0754981 1.92687
 1.27346 1.08714 0.0905519 -0.0755575 0.930969
 0.8014 0.666831 0.0935744 -0.0790569 0.557578
 0.541178 0.439112 0.0939519 -0.0805706 0.358689
 0.382431 0.302644 0.0917569 -0.0795887 0.241238
 0.287242 0.221875 0.0916644 -0.0803506 0.172929
 0.217701 0.164247 0.0882794 -0.0781888 0.125269
 0.177738 0.130906 0.0888913 -0.0793338 0.0974962
 0.141593 0.101856 0.08521 -0.0767225 0.0740075
 0.117411 0.0825481 0.0833619 -0.0753625 0.0585115
 0.099025 0.0680206 0.0816519 -0.07425 0.0469817
 0.0850444 0.0571476 0.0796275 -0.072835 0.0386957
 0.0716519 0.0470887 0.0754481 -0.0691594 0.0309589
 0.0611628 0.0392843 0.0714281 -0.06563 0.0249836
 0.0537893 0.0337696 0.0687931 -0.0632481 0.0207572
 0.0478585 0.0294587 0.0660562 -0.0607823 0.0176607
 0.0421606 0.025517 0.0620879 -0.0573714 0.014983
 0.0375561 0.0222376 0.0586872 -0.0541423 0.0126017
 0.0335991 0.0194234 0.0544614 -0.0501615 0.0103375
 0.0309576 0.0175858 0.0523262 -0.0480862 0.00904563
 0.0286531 0.0159461 0.0491967 -0.0452262 0.00778163
 0.0260735 0.0142542 0.0460351 -0.0422327 0.0066435
 0.0240274 0.0129258 0.0425502 -0.0388487 0.00578704
 0.0229056 0.0120121 0.0405084 -0.03693 0.00486993
 0.0207618 0.0106804 0.0358093 -0.0325568 0.00393944
 0.0195186 0.0100506 0.0329965 -0.0298744 0.00392258
 0.0189291 0.0095635 0.0305961 -0.02749 0.00331959
 0.0179497 0.00905575 0.0278372 -0.0248549 0.00324848
 0.016885 0.0084595 0.0248728 -0.0220737 0.00289654
 0.0163615 0.00810056 0.0227389 -0.0199159 0.00251182
 0.0160833 0.00806125 0.0205134 -0.0178151 0.00287143
 0.0156457 0.00769787 0.019028 -0.0164454 0.00231641
 0.0151345 0.007398 0.0173851 -0.0147703 0.00225157
 0.0145554 0.007072 0.0160916 -0.0136252 0.00210607
 0.0141409 0.00687231 0.0147851 -0.0123616 0.00212332
 0.0136983 0.006496 0.0137262 -0.0114867 0.00188009
 0.0130844 0.00606571 0.0129374 -0.0108177 0.00154218
 0.0125433 0.00580427 0.0128838 -0.0109109 0.00164493
 0.0120881 0.00544174 0.0118215 -0.00988025 0.00129756
 0.0115928 0.00510562 0.0113534 -0.00953538 0.00112058
 0.0111536 0.00483642 0.011862 -0.0100633 0.0011222
 0.0108047 0.00462822 0.0114868 -0.00980231 0.00103704
 0.0103418 0.00425619 0.0114162 -0.00983887 0.000780456
 0.0100448 0.00412037 0.0118379 -0.0102832 0.000844875
 0.00945387 0.00382051 0.0119299 -0.0105638 0.000732613
 0.00928038 0.00370562 0.0117461 -0.0104393 0.000770131
 0.00871937 0.00344246 0.0121647 -0.0109227 0.000713612
 0.00854537 0.0033928 0.0128197 -0.0115711 0.000865744
 0.00812081 0.00311589 0.0120197 -0.0108604 0.000639131
 0.00770794 0.00289254 0.0127325 -0.0116521 0.000526209
 0.00756325 0.00283097 0.0124122 -0.0114194 0.000587509
 0.00729219 0.00272974 0.0124464 -0.0115005 0.000638706
 0.00704206 0.00260383 0.0131427 -0.0122606 0.000603428
 0.00673238 0.00250504 0.0127433 -0.0118832 0.000630131
 0.00653069 0.00240386 0.0121434 -0.0113528 0.000591456
 0.00637175 0.00235683 0.0118671 -0.0111017 0.000644337
 0.00617798 0.00224361 0.0114884 -0.0108467 0.000550301
 0.00590294 0.00217712 0.0108089 -0.0101512 0.000661388
 0.00574672 0.00208529 0.0102114 -0.00964 0.000561008
 0.00562423 0.00203603 0.0100101 -0.00944762 0.000579419
 0.00546595 0.0019871 0.00927744 -0.00878319 0.000603951
 0.00524681 0.00188299 0.00895513 -0.00853006 0.000557689
 0.00503526 0.00182021 0.00811831 -0.00772681 0.000563421
 0.00485013 0.00174649 0.00741519 -0.00704763 0.000544571
 0.00467701 0.00167084 0.00684462 -0.0065015 0.000517875
 0.00451838 0.00160669 0.00655575 -0.006259 0.000504125
 0.00434839 0.00154011 0.00599915 -0.00573155 0.000476743
 0.00417503 0.00146623 0.00534744 -0.00511378 0.000453329
 0.00399936 0.00140806 0.00487056 -0.00467121 0.000453987
 0.00389159 0.00135776 0.00442157 -0.00424426 0.000429805
 0.00371626 0.00129376 0.00403822 -0.0038879 0.000421593
 0.00353071 0.00122306 0.00357995 -0.00344963 0.000395512
 0.00336972 0.00116377 0.0032237 -0.00309707 0.000380748
 0.00317118 0.00108662 0.0028535 -0.00275335 0.000349751
 0.0030225 0.00102929 0.00250836 -0.00242003 0.000330426
 0.00293189 0.000992737 0.00220851 -0.00213846 0.000315136
 0.00275422 0.000928138 0.00196438 -0.00190981 0.000294282
 0.00260191 0.000873613 0.00173092 -0.00168399 0.00028033
 0.00243126 0.000810019 0.00150946 -0.00147252 0.000255768
 0.00232069 0.000771144 0.00131357 -0.00128784 0.000246799
 0.00212268 0.000700844 0.00110282 -0.0010834 0.000219506
 0 0 0 0 0
 0 0 0 0 0
 0 0 0 0 0
 0 0 0 0 0
 0 0 0 0 0
 0 0 0 0 0
 0 0 0 0 0
 0 0 0 0 0
 0 0 0 0 0
 0 0 0 0 0
 0 0 0 0 0
 0 0 0 0 0
 0 0 0 0 0
 0 0 0 0 0
 0 0 0 0 0
 0 0 0 0 0
 0 0 0 0 0
 0 0 0 0 0
 0 0 0 0 0
 0 0 0 0 0
 0 0 0 0 0
 0 0 0 0 0
 0 0 0 0 0
 0 0 0 0 0
 0 0 0 0 0
 0 0 0 0 0
 0 0 0 0 0
 0 0 0 0 0
 0 0 0 0 0
 0 0 0 0 0
 0 0 0 0 0
 0 0 0 0 0
 0 0 0 0 0
 0 0 0 0 0
 0 0 0 0 0
 0 0 0 0 0
 0 0 0 0 0
 0 0 0 0 0
 0 0 0 0 0
 0 0 0 0 0
 0 0 0 0 0
 2.46694 2.17606 0.0847794 -0.0688969 1.92297
 1.27121 1.09318 0.0866775 -0.0717144 0.942913
 0.775419 0.650413 0.0875606 -0.0734744 0.548014
 0.52519 0.429737 0.0881894 -0.0751794 0.353668
 0.376841 0.300918 0.0888312 -0.0764063 0.242192
 0.276797 0.215869 0.0865056 -0.0756788 0.169906
 0.220448 0.167894 0.0876687 -0.0773044 0.129367
 0.174722 0.130066 0.0856637 -0.0761425 0.0979981
 0.141653 0.103008 0.08407 -0.0751375 0.0757025
 0.118049 0.0839963 0.0830706 -0.0747937 0.060643
 0.0979081 0.0681081 0.0801362 -0.0726419 0.0479563
 0.0850531 0.0578226 0.0790081 -0.0718337 0.0396372
 0.0709856 0.0471953 0.0740962 -0.0675981 0.0313499
 0.0622056 0.0405218 0.0721406 -0.0661175 0.0263849
 0.0546988 0.0348626 0.0700431 -0.0642969 0.0220318
 0.0471372 0.0293061 0.0652387 -0.0601438 0.01764
 0.0419087 0.0255646 0.0623041 -0.0574744 0.0150512
 0.0378244 0.0226814 0.0601754 -0.0554343 0.0130411
 0.0337449 0.0198456 0.0557531 -0.0513154 0.0111148
 0.0304547 0.0174912 0.0525827 -0.0482338 0.00918587
 0.0277926 0.0154979 0.0491488 -0.0451243 0.00741906
 0.0259662 0.0144629 0.0469666 -0.0430576 0.00728162
 0.0237711 0.0128484 0.0432088 -0.0395768 0.00563986
 0.0222851 0.0119083 0.0406979 -0.0371028 0.00520747
 0.020581 0.010806 0.0374339 -0.0340777 0.00442331
 0.0194783 0.0101759 0.0346329 -0.0313531 0.00416855
 0.0184369 0.00948525 0.0320774 -0.0288457 0.00366931
 0.0174728 0.00883106 0.029137 -0.0261685 0.00309371
 0.0168974 0.00853738 0.0270098 -0.0240367 0.00304518
 0.0161261 0.00799419 0.0242949 -0.0214722 0.00253338
 0.0154799 0.00770506 0.0214156 -0.0186902 0.00243967
 0.0149486 0.00751088 0.0198078 -0.0172923 0.00270392
 0.0145264 0.00720581 0.0180086 -0.0155256 0.00231798
 0.0140842 0.00677719 0.0167432 -0.0142709 0.00183203
 0.0136731 0.00666375 0.0148253 -0.0125432 0.00208994
 0.0131314 0.00621434 0.0144664 -0.0121906 0.00168881
 0.0125679 0.00593938 0.0132057 -0.011096 0.00176149
 0.0122036 0.00564168 0.0125427 -0.0105124 0.00149821
 0.0117325 0.00536125 0.0119821 -0.00999969 0.00140689
 0.0111422 0.00496783 0.0119805 -0.0101025 0.00125255
 0.0110273 0.00493688 0.0117651 -0.00999944 0.00136393
 0.0106347 0.00459908 0.0114087 -0.00966688 0.00108972
 0.00996781 0.00427089 0.0114053 -0.0098495 0.00105633
 0.00973275 0.00407139 0.0113428 -0.00989131 0.000897781
 0.009262 0.00381681 0.011158 -0.00975744 0.000816319
 0.00900256 0.00371675 0.0117346 -0.0103071 0.000991563
 0.00873819 0.00347279 0.0120344 -0.0107432 0.000749556
 0.00834175 0.00331153 0.0115764 -0.0103637 0.000751369
 0.00806531 0.00310659 0.0118204 -0.0106326 0.000573889
 0.00776788 0.00303225 0.0123664 -0.0112771 0.000720425
 0.00737856 0.00281598 0.012092 -0.0110865 0.000599223
 0.00715681 0.00270969 0.0122841 -0.0114424 0.000624404
 0.00690281 0.00263764 0.0122973 -0.0114561 0.000689538
 0.00665119 0.0024862 0.0119268 -0.0111363 0.000603653
 0.0064365 0.00239516 0.01171 -0.0109588 0.000604971
 0.00633269 0.00237574 0.0112967 -0.0105831 0.000659706
 0.00619346 0.00230445 0.0110687 -0.0103435 0.000643425
 0.00588601 0.00219438 0.0106889 -0.0100915 0.000651244
 0.0057994 0.00213909 0.00997256 -0.00936494 0.000607211
 0.00546 0.00203514 0.00943444 -0.00893656 0.000644881
 0.00539513 0.00199066 0.00932394 -0.00881144 0.000612671
 0.00532246 0.00195416 0.00861294 -0.00815238 0.000602063
 0.00497134 0.0018156 0.00809544 -0.00770081 0.000553636
 0.00476033 0.00172425 0.007646 -0.00725013 0.000534694
 0.00466583 0.00169531 0.007025 -0.00668012 0.000541085
 0.00454224 0.00163447 0.00652225 -0.00620897 0.00050146
 0.00426518 0.00152795 0.00601284 -0.00575393 0.000479592
 0.00417932 0.00150483 0.00548998 -0.00526099 0.000503926
 0.0040245 0.00143694 0.00492966 -0.00471374 0.000465578
 0.00383641 0.00136038 0.00451724 -0.00433221 0.000444918
 0.00367831 0.00129709 0.00404921 -0.00388201 0.000419186
 0.00349246 0.00122729 0.00358449 -0.00343707 0.000405144
 0.00338784 0.00118713 0.00317051 -0.00305139 0.000397759
 0.00321867 0.00111739 0.00284452 -0.00274435 0.000360874
 0.0030604 0.00105996 0.00250784 -0.00243104 0.000353555
 0.00292497 0.00100607 0.00224703 -0.00217739 0.000330349
 0.00276304 0.000947156 0.00197567 -0.0019183 0.000311998
 0.00260624 0.000885337 0.00174166 -0.00169661 0.000283994
 0.00248513 0.000841287 0.00154365 -0.00150453 0.000271639
 0.00233254 0.000784556 0.00135426 -0.00132775 0.000249536
 0 0 0 0 0
 0 0 0 0 0
 0 0 0 0 0
 0 0 0 0 0
 0 0 0 0 0
 0 0 0 0 0
 0 0 0 0 0
 0 0 0 0 0
 0 0 0 0 0
 0 0 0 0 0
 0 0 0 0 0
 0 0 0 0 0
 0 0 0 0 0
 0 0 0 0 0
 0 0 0 0 0
 0 0 0 0 0
 0 0 0 0 0
 0 0 0 0 0
 0 0 0 0 0
 0 0 0 0 0
 0 0 0 0 0
 0 0 0 0 0
 0 0 0 0 0
 0 0 0 0 0
 0 0 0 0 0
 0 0 0 0 0
 0 0 0 0 0
 0 0 0 0 0
 0 0 0 0 0
 0 0 0 0 0
 0 0 0 0 0
 0 0 0 0 0
 0 0 0 0 0
 0 0 0 0 0
 0 0 0 0 0
 0 0 0 0 0
 0 0 0 0 0
 0 0 0 0 0
 0 0 0 0 0
 0 0 0 0 0
 0 0 0 0 0
 0 0 0 0 0
 2.4127 2.14178 0.0777775 -0.0624027 1.90438
 1.20352 1.04214 0.07852 -0.0641531 0.905162
 0.753256 0.636544 0.0819319 -0.0681944 0.540534
 0.503905 0.415761 0.0825819 -0.0698556 0.345441
 0.368671 0.296973 0.0847256 -0.0725212 0.241118
 0.273941 0.215564 0.0833294 -0.0722387 0.171283
 0.21669 0.166633 0.0846125 -0.074125 0.129635
 0.170831 0.12842 0.0827487 -0.0730475 0.09771
 0.1387 0.101939 0.0812463 -0.0723538 0.0758794
 0.115797 0.083225 0.0800312 -0.0718637 0.0605923
 0.0990081 0.0696437 0.0800056 -0.0721675 0.0497173
 0.0832475 0.0571833 0.0770044 -0.0696744 0.0394511
 0.0727006 0.0489235 0.0754681 -0.0688062 0.0331613
 0.0618696 0.0407907 0.07248 -0.0661331 0.0270466
 0.0534713 0.0344624 0.0690563 -0.0632438 0.0220844
 0.0480704 0.0304093 0.0672463 -0.0616822 0.0190732
 0.0422484 0.0261832 0.0632312 -0.0582227 0.0159561
 0.0383954 0.023233 0.0608858 -0.0560981 0.0134151
 0.0337488 0.0201177 0.0566313 -0.0521916 0.0115248
 0.0309894 0.0180588 0.0541235 -0.0497316 0.00987319
 0.0282414 0.0161077 0.0511443 -0.0469744 0.00832244
 0.0253899 0.0142474 0.0473156 -0.0435062 0.00718675
 0.0237888 0.0131398 0.0446096 -0.0408856 0.00637931
 0.0224917 0.0122193 0.0424489 -0.0386884 0.0057255
 0.0202129 0.0107397 0.0382351 -0.0347448 0.00461604
 0.019545 0.0102278 0.0364666 -0.0331026 0.00416663
 0.0178683 0.00921831 0.0329054 -0.0297384 0.00358074
 0.0169693 0.00867713 0.0298813 -0.0269176 0.00316315
 0.0165019 0.00843175 0.0277969 -0.0248705 0.00320274
 0.0157467 0.00795944 0.0250592 -0.0221094 0.00284888
 0.0152042 0.00764619 0.0227548 -0.0200511 0.00259667
 0.0147802 0.00742719 0.0203437 -0.0177054 0.00256176
 0.0144044 0.00710387 0.0188132 -0.0162155 0.00220844
 0.0138149 0.00682487 0.0173452 -0.0148504 0.00228527
 0.0134289 0.00661381 0.016237 -0.0138869 0.00217052
 0.0129608 0.00630019 0.0150004 -0.0127194 0.00203585
 0.0124664 0.00600081 0.0139802 -0.0118651 0.00192536
 0.0119834 0.00562237 0.0131362 -0.0110439 0.00159389
 0.0116967 0.00546592 0.0121409 -0.0102616 0.00159142
 0.0113109 0.00513774 0.0121797 -0.0102693 0.00134815
 0.0108151 0.00485521 0.0115139 -0.00980444 0.00126331
 0.0102304 0.00451558 0.0115203 -0.00983669 0.00116795
 0.00987344 0.00431995 0.0114129 -0.00980612 0.00120479
 0.00947831 0.00401608 0.0116088 -0.0100539 0.000928231
 0.00894213 0.00377134 0.0110861 -0.00966606 0.00101539
 0.00888556 0.00366225 0.0111391 -0.00980975 0.000882731
 0.00851481 0.0035386 0.0115254 -0.0102411 0.000986975
 0.008311 0.00332144 0.0110074 -0.00978869 0.000738381
 0.00784831 0.00311157 0.0115863 -0.0104564 0.000746212
 0.00753912 0.00297852 0.0115701 -0.0104918 0.000728756
 0.00727488 0.00283982 0.0116533 -0.0106493 0.000695087
 0.00705056 0.00270907 0.0116101 -0.0106937 0.000628325
 0.00676406 0.00261822 0.0118786 -0.0109912 0.000731425
 0.00671681 0.00258354 0.0114908 -0.0106986 0.000695175
 0.00639381 0.00245809 0.0110868 -0.0103083 0.000717406
 0.00617341 0.00234373 0.0108549 -0.0101144 0.000648675
 0.00606386 0.00230877 0.0103652 -0.00968531 0.000695069
 0.00573643 0.00217089 0.0101597 -0.00956706 0.000671013
 0.00557231 0.00210328 0.010096 -0.00951112 0.000627725
 0.00540994 0.0020119 0.00933181 -0.0088175 0.000583129
 0.00529497 0.00197182 0.00888513 -0.00837806 0.0005985
 0.00513391 0.00191482 0.00841862 -0.00797188 0.000597079
 0.00492233 0.00182947 0.00811538 -0.00772819 0.000594255
 0.00478072 0.00176433 0.00743694 -0.00707675 0.000559269
 0.00461922 0.0016993 0.00669188 -0.00634881 0.000546444
 0.00445251 0.00163886 0.00631462 -0.00599959 0.000548797
 0.00429289 0.00156423 0.00582771 -0.00556342 0.000514283
 0.00417186 0.00151449 0.00527268 -0.00502454 0.000496302
 0.00397951 0.00144101 0.00483127 -0.00463892 0.000478397
 0.00379923 0.00136679 0.00441069 -0.00422966 0.000450516
 0.00369164 0.00132263 0.00404653 -0.00388476 0.00044082
 0.00350841 0.00125159 0.00360274 -0.00345163 0.000423246
 0.00333183 0.00118292 0.0032187 -0.00310081 0.000400196
 0.0032662 0.00115279 0.00294094 -0.00283638 0.000385461
 0.00304331 0.00107074 0.00258137 -0.00249446 0.000360061
 0.00288221 0.00100794 0.00222832 -0.00216216 0.000341588
 0.00275713 0.000960163 0.00203289 -0.00197579 0.000323644
 0.00260261 0.000899881 0.00177611 -0.00172797 0.000300736
 0.00250128 0.000862787 0.00155263 -0.00151916 0.00029042
 0 0 0 0 0
 0 0 0 0 0
 0 0 0 0 0
 0 0 0 0 0
 0 0 0 0 0
 0 0 0 0 0
 0 0 0 0 0
 0 0 0 0 0
 0 0 0 0 0
 0 0 0 0 0
 0 0 0 0 0
 0 0 0 0 0
 0 0 0 0 0
 0 0 0 0 0
 0 0 0 0 0
 0 0 0 0 0
 0 0 0 0 0
 0 0 0 0 0
 0 0 0 0 0
 0 0 0 0 0
 0 0 0 0 0
 0 0 0 0 0
 0 0 0 0 0
 0 0 0 0 0
 0 0 0 0 0
 0 0 0 0 0
 0 0 0 0 0
 0 0 0 0 0
 0 0 0 0 0
 0 0 0 0 0
 0 0 0 0 0
 0 0 0 0 0
 0 0 0 0 0
 0 0 0 0 0
 0 0 0 0 0
 0 0 0 0 0
 0 0 0 0 0
 0 0 0 0 0
 0 0 0 0 0
 0 0 0 0 0
 0 0 0 0 0
 0 0 0 0 0
 0 0 0 0 0
 2.32506 2.07623 0.0709237 -0.0562067 1.85734
 1.19236 1.03928 0.0744069 -0.0603719 0.909
 0.732706 0.623476 0.0765688 -0.0633387 0.533043
 0.489181 0.406548 0.0775644 -0.0650581 0.340227
 0.347799 0.282429 0.0773937 -0.065635 0.231372
 0.273349 0.216914 0.0818975 -0.0706612 0.173968
 0.208337 0.161584 0.0793925 -0.0691056 0.126793
 0.167336 0.126984 0.0793869 -0.0699906 0.0977462
 0.139556 0.103534 0.0803819 -0.0711938 0.0778963
 0.111996 0.0813187 0.0772694 -0.0689331 0.0599181
 0.0950612 0.0675356 0.0763194 -0.0685687 0.0486418
 0.08152 0.0567084 0.0745713 -0.067525 0.0401177
 0.0699213 0.047585 0.0726406 -0.0658563 0.0327509
 0.0614239 0.0409384 0.0714894 -0.0652162 0.0274166
 0.0535719 0.0349942 0.0685819 -0.0627025 0.0229876
 0.0480389 0.0306671 0.0669394 -0.0614601 0.019424
 0.0423387 0.0265919 0.0637519 -0.0585027 0.0166426
 0.0380929 0.0233784 0.0614269 -0.0564443 0.0140204
 0.0340292 0.0205068 0.0578804 -0.0533262 0.0119691
 0.0308773 0.0182284 0.0552659 -0.0509407 0.0102815
 0.0274913 0.0158728 0.0509386 -0.0467415 0.00842306
 0.0256124 0.0146274 0.0487846 -0.0448047 0.00775388
 0.0239019 0.0133486 0.0461734 -0.0422826 0.00665894
 0.0214859 0.0118186 0.0421539 -0.0386014 0.00575611
 0.0206681 0.0112364 0.0404206 -0.0368021 0.00532721
 0.0192003 0.0102347 0.0373455 -0.033939 0.00450297
 0.0180265 0.00947806 0.0344914 -0.0311823 0.00397431
 0.0170769 0.00881075 0.0316547 -0.0285686 0.00343081
 0.0163057 0.00839475 0.0291832 -0.0261191 0.00329514
 0.0153006 0.0078675 0.0259718 -0.0230972 0.00308245
 0.0149984 0.00755875 0.0240593 -0.0212819 0.00261252
 0.0142496 0.007124 0.0215752 -0.0189384 0.00233876
 0.0138914 0.00707856 0.0199088 -0.017354 0.00269848
 0.0136171 0.00681319 0.0182834 -0.0158227 0.00238193
 0.0130393 0.006495 0.0168095 -0.0144073 0.00233425
 0.012406 0.00608011 0.0151263 -0.0129443 0.00195034
 0.0118773 0.00574489 0.0143541 -0.0122216 0.00184933
 0.0117638 0.00556375 0.0136787 -0.0115961 0.00158652
 0.0111736 0.00522147 0.0124629 -0.0104998 0.00146927
 0.0109336 0.00507194 0.0124296 -0.0105109 0.00152674
 0.0102579 0.0046562 0.0114182 -0.00964012 0.00128452
 0.0102141 0.00460564 0.0114766 -0.00981937 0.00135876
 0.00960263 0.00424912 0.0109181 -0.0093635 0.00121168
 0.00911681 0.00395158 0.0108377 -0.00939006 0.00104327
 0.00891469 0.00380941 0.0110693 -0.00958675 0.00101145
 0.00847488 0.00357781 0.0109526 -0.00966063 0.000926662
 0.00824625 0.00345167 0.0113272 -0.0100678 0.000982931
 0.007951 0.00325327 0.0107943 -0.00959981 0.00083615
 0.00758944 0.00308531 0.0110692 -0.0100067 0.000820131
 0.00738806 0.00294379 0.0115586 -0.0104907 0.000766731
 0.00722212 0.00289969 0.0112243 -0.0101906 0.000822538
 0.00698506 0.00279161 0.0115191 -0.0105529 0.000826156
 0.00671388 0.00265827 0.0112911 -0.0104072 0.000780931
 0.00628675 0.0024515 0.0106109 -0.00988275 0.000686031
 0.00623331 0.00239968 0.0109299 -0.0101892 0.000636969
 0.00613029 0.00238561 0.0107058 -0.0100387 0.000734506
 0.00592279 0.00228123 0.0102478 -0.0096535 0.000694156
 0.00572667 0.00220412 0.00990319 -0.00931313 0.000695419
 0.00561912 0.00214551 0.009321 -0.00875631 0.000691525
 0.00533259 0.00204152 0.00888387 -0.00839738 0.000666369
 0.00528294 0.00201011 0.00872969 -0.00829056 0.000657956
 0.00508528 0.00192669 0.00821019 -0.00776519 0.000631313
 0.00491222 0.00184993 0.007841 -0.00742219 0.000597693
 0.00477882 0.00178948 0.00695606 -0.00661731 0.000579154
 0.00452705 0.00170004 0.00680013 -0.00647312 0.000591312
 0.00439552 0.00164245 0.00633125 -0.00606406 0.000563229
 0.00425279 0.00157545 0.00583921 -0.00559736 0.00053277
 0.00409801 0.00151282 0.0053619 -0.00513607 0.000509323
 0.00391796 0.00144574 0.00474254 -0.00455357 0.000501279
 0.00385234 0.00141449 0.00447703 -0.00429314 0.000498621
 0.00372064 0.001358 0.00398575 -0.00384424 0.00047133
 0.00349876 0.00127015 0.00356677 -0.00342649 0.000442659
 0.00331676 0.00119516 0.00320498 -0.00310035 0.000410373
 0.00319082 0.00114419 0.00291431 -0.00281569 0.000393696
 0.00311884 0.00110784 0.00260472 -0.00251696 0.000374116
 0.00291276 0.0010334 0.00232246 -0.00225448 0.000353707
 0.00278548 0.000983731 0.00204647 -0.00199075 0.000336479
 0.00263456 0.000923806 0.00178538 -0.0017439 0.000311761
 0 0 0 0 0
 0 0 0 0 0
 0 0 0 0 0
 0 0 0 0 0
 0 0 0 0 0
 0 0 0 0 0
 0 0 0 0 0
 0 0 0 0 0
 0 0 0 0 0
 0 0 0 0 0
 0 0 0 0 0
 0 0 0 0 0
 0 0 0 0 0
 0 0 0 0 0
 0 0 0 0 0
 0 0 0 0 0
 0 0 0 0 0
 0 0 0 0 0
 0 0 0 0 0
 0 0 0 0 0
 0 0 0 0 0
 0 0 0 0 0
 0 0 0 0 0
 0 0 0 0 0
 0 0 0 0 0
 0 0 0 0 0
 0 0 0 0 0
 0 0 0 0 0
 0 0 0 0 0
 0 0 0 0 0
 0 0 0 0 0
 0 0 0 0 0
 0 0 0 0 0
 0 0 0 0 0
 0 0 0 0 0
 0 0 0 0 0
 0 0 0 0 0
 0 0 0 0 0
 0 0 0 0 0
 0 0 0 0 0
 0 0 0 0 0
 0 0 0 0 0
 0 0 0 0 0
 0 0 0 0 0
 2.30742 2.07172 0.0666544 -0.0522554 1.86348
 1.14499 1.00402 0.0681938 -0.0544744 0.88355
 0.690406 0.59144 0.0696081 -0.0568131 0.509476
 0.467875 0.391681 0.07254 -0.0600844 0.330413
 0.339824 0.277984 0.0740769 -0.0623566 0.229432
 0.258003 0.206383 0.0749056 -0.0640856 0.166948
 0.201811 0.157855 0.0755781 -0.0653812 0.125019
 0.161367 0.123499 0.0756325 -0.0660156 0.0960144
 0.131706 0.0985875 0.0748613 -0.0659906 0.0748525
 0.111053 0.0814013 0.075565 -0.0672713 0.0608196
 0.0938469 0.067385 0.0744663 -0.0665844 0.0493064
 0.0816725 0.057401 0.07449 -0.067095 0.0410991
 0.06984 0.0479975 0.0722481 -0.0654237 0.0333399
 0.0603706 0.0407686 0.0697962 -0.063525 0.0280562
 0.0534899 0.035342 0.0681975 -0.0624013 0.0236076
 0.0464174 0.0299841 0.0652431 -0.0598108 0.0193705
 0.0416619 0.0264234 0.0627931 -0.0575397 0.0167772
 0.0371603 0.0230967 0.0603539 -0.0555604 0.0141568
 0.0337469 0.0204899 0.058209 -0.0535201 0.0119912
 0.0305722 0.0183486 0.0553357 -0.0508683 0.0107332
 0.0279319 0.0163946 0.0528084 -0.0484521 0.00914388
 0.0254166 0.01459 0.0492366 -0.0450939 0.00772238
 0.0230917 0.0130756 0.0457485 -0.0419503 0.006729
 0.0215671 0.0119601 0.0430812 -0.0394086 0.00582878
 0.0200311 0.0109158 0.0407037 -0.0371603 0.00514746
 0.0188659 0.0101629 0.0381472 -0.0347524 0.00465052
 0.0176773 0.0093895 0.0345681 -0.0313844 0.00414395
 0.0166833 0.0087785 0.0325061 -0.0293592 0.00380562
 0.0160523 0.00838431 0.0301431 -0.0271046 0.00353546
 0.0149953 0.00771106 0.0269544 -0.0241509 0.00303441
 0.0145649 0.00744469 0.0247776 -0.0219528 0.00284169
 0.0141501 0.007179 0.0223728 -0.0196938 0.00259635
 0.0136495 0.00689975 0.0208611 -0.0183166 0.00242243
 0.0133277 0.006797 0.0189997 -0.0165219 0.00266043
 0.0126908 0.00635419 0.0175138 -0.0151114 0.00226774
 0.0123331 0.00603899 0.016085 -0.0138046 0.00190795
 0.0118086 0.00573483 0.0149278 -0.0128366 0.00177928
 0.0112189 0.00544377 0.0138691 -0.0118426 0.0018692
 0.0109903 0.00515101 0.0129147 -0.0110441 0.00143679
 0.0106265 0.00501593 0.0119776 -0.0101484 0.00161598
 0.0101 0.00467299 0.0117658 -0.00996831 0.00143968
 0.00975263 0.00442346 0.0113822 -0.00971894 0.00126593
 0.00942156 0.00417657 0.0110108 -0.00941194 0.00114439
 0.00902975 0.00391349 0.0110046 -0.00950412 0.000967588
 0.0087615 0.00380072 0.0105018 -0.00907363 0.00106527
 0.00836744 0.00354783 0.0108445 -0.00952844 0.00095805
 0.0080775 0.00344293 0.0107865 -0.00958644 0.00100621
 0.00779931 0.00327233 0.0108485 -0.00966156 0.00095005
 0.00750975 0.00311815 0.0105129 -0.00939387 0.000914287
 0.00717319 0.0029049 0.0108324 -0.00975888 0.000786375
 0.00711081 0.00287997 0.0106646 -0.00967213 0.000814475
 0.00686737 0.00276453 0.0104913 -0.00955975 0.000786494
 0.00658856 0.0026322 0.0103716 -0.00950306 0.000784106
 0.00630519 0.00247906 0.0107084 -0.00989912 0.00069825
 0.00622543 0.00244699 0.0104056 -0.00966169 0.000712881
 0.00596466 0.00234788 0.00994638 -0.0092625 0.000730944
 0.00581947 0.00228079 0.00994456 -0.009311 0.000700763
 0.00564198 0.00221306 0.00936013 -0.00874106 0.000739687
 0.00541219 0.0020794 0.00940263 -0.00883037 0.000632056
 0.00524475 0.00201653 0.00896144 -0.00848112 0.000615009
 0.00510706 0.00197585 0.00833488 -0.00785225 0.000659644
 0.00497354 0.00191764 0.00825219 -0.00783231 0.000660256
 0.0048895 0.00186129 0.00773463 -0.00731694 0.000604902
 0.00465441 0.00178088 0.00707806 -0.00671606 0.000614384
 0.00448412 0.00170214 0.00666031 -0.006337 0.000588442
 0.00434605 0.00164461 0.00620957 -0.00592236 0.00056672
 0.00422004 0.00159526 0.00557141 -0.00531593 0.000564343
 0.00410052 0.00153461 0.00525841 -0.00502515 0.000535429
 0.0039132 0.00146287 0.00482433 -0.00462178 0.000511856
 0.00381156 0.00142102 0.00429192 -0.0041156 0.000510008
 0.00368256 0.00136886 0.00406763 -0.0039113 0.000498664
 0.00339821 0.00124449 0.00348638 -0.00335372 0.000429398
 0.00336897 0.0012342 0.00325104 -0.00313737 0.000441216
 0.00316986 0.00116063 0.002856 -0.00276557 0.000416937
 0.0030747 0.00111231 0.00260661 -0.00252854 0.000390079
 0.00289176 0.00103868 0.00225431 -0.00218757 0.000359171
 0.00273102 0.00097835 0.00200283 -0.00194981 0.000340919
 0 0 0 0 0
 0 0 0 0 0
 0 0 0 0 0
 0 0 0 0 0
 0 0 0 0 0
 0 0 0 0 0
 0 0 0 0 0
 0 0 0 0 0
 0 0 0 0 0
 0 0 0 0 0
 0 0 0 0 0
 0 0 0 0 0
 0 0 0 0 0
 0 0 0 0 0
 0 0 0 0 0
 0 0 0 0 0
 0 0 0 0 0
 0 0 0 0 0
 0 0 0 0 0
 0 0 0 0 0
 0 0 0 0 0
 0 0 0 0 0
 0 0 0 0 0
 0 0 0 0 0
 0 0 0 0 0
 0 0 0 0 0
 0 0 0 0 0
 0 0 0 0 0
 0 0 0 0 0
 0 0 0 0 0
 0 0 0 0 0
 0 0 0 0 0
 0 0 0 0 0
 0 0 0 0 0
 0 0 0 0 0
 0 0 0 0 0
 0 0 0 0 0
 0 0 0 0 0
 0 0 0 0 0
 0 0 0 0 0
 0 0 0 0 0
 0 0 0 0 0
 0 0 0 0 0
 0 0 0 0 0
 0 0 0 0 0
 2.21608 2 0.060526 -0.0465787 1.80843
 1.07055 0.944044 0.0615231 -0.0484856 0.835525
 0.667375 0.575199 0.06587 -0.0530644 0.498725
 0.449432 0.378615 0.06748 -0.0555815 0.321286
 0.325718 0.268323 0.0690025 -0.0577624 0.22311
 0.249616 0.201164 0.070695 -0.0600994 0.164131
 0.195912 0.154378 0.0720281 -0.0618994 0.123152
 0.154942 0.119546 0.0711837 -0.0618077 0.0938619
 0.129673 0.097875 0.0727525 -0.0639569 0.0750156
 0.108158 0.079895 0.0721319 -0.0639769 0.060076
 0.0922675 0.0667194 0.0718769 -0.0641512 0.0490858
 0.0771919 0.0547664 0.0698031 -0.0626481 0.0396982
 0.0678181 0.0471224 0.0697525 -0.0629394 0.0333717
 0.0595404 0.0405198 0.0682931 -0.0619702 0.027978
 0.0523319 0.0348922 0.0671069 -0.0610676 0.0235775
 0.0463837 0.0303396 0.0647338 -0.0590593 0.0199933
 0.0415479 0.0266763 0.0628238 -0.0574679 0.0172374
 0.0375344 0.0236374 0.0613246 -0.0562183 0.0148854
 0.033202 0.0204644 0.0573066 -0.0526283 0.012438
 0.0298473 0.0180927 0.0543828 -0.0498954 0.0107487
 0.0270379 0.0160452 0.0517789 -0.0475318 0.00905869
 0.0251468 0.0146938 0.0500181 -0.0458896 0.00817806
 0.0232681 0.0133801 0.0468806 -0.0429988 0.00725944
 0.0209951 0.0118357 0.0430649 -0.0395291 0.00610787
 0.0198277 0.0109009 0.0412576 -0.0377202 0.00511159
 0.0187912 0.0103386 0.0390354 -0.0356658 0.00512944
 0.0176639 0.00945937 0.0360394 -0.0327468 0.00422679
 0.0163145 0.00864444 0.0328888 -0.0298241 0.00376454
 0.0156251 0.00827444 0.0303875 -0.0274108 0.00371775
 0.0149189 0.00773538 0.0284522 -0.0255616 0.00310545
 0.014202 0.00728544 0.0257878 -0.0230044 0.00277565
 0.0137278 0.00710425 0.0234754 -0.0208323 0.00288533
 0.0134002 0.00683063 0.021233 -0.0186751 0.00252154
 0.0127822 0.00649831 0.0194231 -0.0170064 0.00238331
 0.0125758 0.00632919 0.0178617 -0.0155149 0.00223539
 0.0118851 0.00596058 0.0161675 -0.0139478 0.00212733
 0.0114973 0.00571975 0.0150237 -0.0129091 0.00208882
 0.0112417 0.005436 0.0142829 -0.0122514 0.00174561
 0.0107646 0.00520169 0.0136441 -0.0117491 0.00176019
 0.0102698 0.00489962 0.0123486 -0.0105186 0.00163624
 0.00986531 0.00463087 0.0121479 -0.0103796 0.00153071
 0.00970581 0.00443721 0.0110638 -0.00941731 0.00130559
 0.00941181 0.00430445 0.0112234 -0.00959638 0.00141082
 0.008919 0.00403965 0.0110671 -0.00964806 0.00132131
 0.00846488 0.00370408 0.0101041 -0.00872363 0.00104897
 0.00832687 0.00361924 0.0103524 -0.00899362 0.00106062
 0.00793619 0.0033661 0.0108326 -0.00959225 0.000930631
 0.00759594 0.00323623 0.0100239 -0.008868 0.000965312
 0.00746331 0.00315548 0.0102426 -0.00916825 0.0009624
 0.00709356 0.00298405 0.00991038 -0.00886219 0.000936788
 0.00694263 0.00286793 0.0105121 -0.00953763 0.000852
 0.00672425 0.00274396 0.00999444 -0.00909119 0.000819644
 0.00642906 0.00260534 0.00985037 -0.0090225 0.000800075
 0.0062615 0.0025348 0.0103223 -0.00951181 0.000791006
 0.00610829 0.00246204 0.0101807 -0.00948213 0.000785919
 0.00587759 0.00232177 0.00999244 -0.00929975 0.0007228
 0.00573493 0.00227406 0.00973488 -0.00908975 0.000714663
 0.0055352 0.00219643 0.00959269 -0.00900719 0.000726744
 0.00538598 0.00211829 0.00878388 -0.0082715 0.000696756
 0.00524344 0.00206571 0.008533 -0.008043 0.000712013
 0.00508333 0.00198904 0.00817881 -0.00774013 0.00067465
 0.00483949 0.00188761 0.00782819 -0.00742725 0.000658037
 0.00477836 0.00184379 0.00747375 -0.00709606 0.000623474
 0.00463138 0.00179507 0.00696875 -0.00660244 0.000626894
 0.00453281 0.00174971 0.00660994 -0.00630725 0.000616234
 0.00434596 0.00166504 0.00600188 -0.00572937 0.000583064
 0.00416424 0.00160264 0.00576021 -0.00548664 0.000581121
 0.00404601 0.00154253 0.00514481 -0.00492206 0.000559364
 0.00396027 0.00149746 0.00486072 -0.00464656 0.000532631
 0.00374905 0.00141453 0.00424613 -0.00408021 0.000512979
 0.00354651 0.00133011 0.00396287 -0.00380338 0.000472013
 0.00344528 0.0012865 0.00341243 -0.00328589 0.000463841
 0.00332824 0.00123725 0.00319316 -0.00306886 0.000447904
 0.00315681 0.00116539 0.00287794 -0.00278759 0.000421253
 0.00301921 0.00110922 0.00255872 -0.00248366 0.000396957
 0.0029212 0.00106639 0.00227694 -0.00221804 0.000377534
 0 0 0 0 0
 0 0 0 0 0
 0 0 0 0 0
 0 0 0 0 0
 0 0 0 0 0
 0 0 0 0 0
 0 0 0 0 0
 0 0 0 0 0
 0 0 0 0 0
 0 0 0 0 0
 0 0 0 0 0
 0 0 0 0 0
 0 0 0 0 0
 0 0 0 0 0
 0 0 0 0 0
 0 0 0 0 0
 0 0 0 0 0
 0 0 0 0 0
 0 0 0 0 0
 0 0 0 0 0
 0 0 0 0 0
 0 0 0 0 0
 0 0 0 0 0
 0 0 0 0 0
 0 0 0 0 0
 0 0 0 0 0
 0 0 0 0 0
 0 0 0 0 0
 0 0 0 0 0
 0 0 0 0 0
 0 0 0 0 0
 0 0 0 0 0
 0 0 0 0 0
 0 0 0 0 0
 0 0 0 0 0
 0 0 0 0 0
 0 0 0 0 0
 0 0 0 0 0
 0 0 0 0 0
 0 0 0 0 0
 0 0 0 0 0
 0 0 0 0 0
 0 0 0 0 0
 0 0 0 0 0
 0 0 0 0 0
 0 0 0 0 0
 2.09386 1.8987 0.0545084 -0.0413341 1.72508
 1.04571 0.927094 0.0574898 -0.0449066 0.825106
 0.624705 0.541539 0.0596924 -0.0475346 0.472205
 0.425784 0.361049 0.0624689 -0.0507309 0.308769
 0.306008 0.253802 0.0637375 -0.052719 0.212825
 0.238006 0.193113 0.0664487 -0.0559508 0.158653
 0.185044 0.146972 0.0669481 -0.0572303 0.118496
 0.152191 0.118281 0.0689738 -0.0594051 0.0934087
 0.124381 0.0947038 0.0684044 -0.0599025 0.0734994
 0.106706 0.0795631 0.0707087 -0.06223 0.0604684
 0.0894369 0.0653531 0.0692388 -0.0615149 0.0488018
 0.0789975 0.0564962 0.0700119 -0.0625575 0.0412761
 0.0657444 0.0461301 0.0671719 -0.0605429 0.0331769
 0.0583653 0.0400902 0.0663875 -0.0599942 0.0280512
 0.0514014 0.0346029 0.0652869 -0.0593239 0.0236784
 0.0460414 0.0304629 0.0639956 -0.058413 0.0205587
 0.04053 0.0262777 0.0617574 -0.0564025 0.0172336
 0.0365237 0.0232533 0.0600158 -0.0548811 0.0149705
 0.0323371 0.02023 0.0560739 -0.0515268 0.0126981
 0.0297933 0.0182582 0.0541401 -0.0497079 0.0110882
 0.0270537 0.0162104 0.0517911 -0.0475338 0.00934969
 0.0247001 0.0145944 0.0495078 -0.0453834 0.00827869
 0.0223432 0.0129973 0.0460317 -0.0422466 0.00718669
 0.0212055 0.0120581 0.0440788 -0.0403654 0.00631869
 0.0196757 0.0110783 0.0416079 -0.0380234 0.00570702
 0.0182683 0.010023 0.0389146 -0.0355292 0.00475666
 0.0169839 0.00933037 0.0357136 -0.0324483 0.00460802
 0.0163002 0.00880512 0.0339171 -0.0307417 0.00417527
 0.0154147 0.0082415 0.0315859 -0.0285679 0.00374567
 0.0146113 0.00774956 0.028606 -0.025742 0.0034711
 0.0140391 0.00728906 0.0266563 -0.023928 0.00294174
 0.0135432 0.00702037 0.0244946 -0.0218125 0.00284104
 0.0129792 0.00665819 0.0221846 -0.019602 0.00257681
 0.0128027 0.00664844 0.0207403 -0.0182908 0.0027249
 0.0121216 0.00620164 0.0183325 -0.0160196 0.00242006
 0.0118591 0.00603157 0.0171244 -0.0149001 0.00235853
 0.0115084 0.00582079 0.0161979 -0.0139588 0.00229769
 0.0108487 0.00540163 0.0146106 -0.0125974 0.00200275
 0.0103672 0.00509062 0.0137056 -0.0117923 0.00182977
 0.0101274 0.00489925 0.0127728 -0.0109024 0.00173351
 0.00971756 0.00464073 0.0119013 -0.0101504 0.00158756
 0.00933306 0.00438953 0.0114096 -0.00977237 0.00147311
 0.00893162 0.00411243 0.0108206 -0.00932737 0.00127533
 0.00863469 0.00395439 0.0109367 -0.00947875 0.00132311
 0.008354 0.0037678 0.0104665 -0.00907394 0.0012489
 0.00797244 0.00352242 0.0101794 -0.00890312 0.00105754
 0.00781694 0.00342735 0.0102386 -0.00894556 0.00109516
 0.0075885 0.00325966 0.00976675 -0.00865769 0.000950438
 0.00731069 0.00310718 0.00979431 -0.00865775 0.000921281
 0.00703394 0.00295333 0.0101477 -0.00908944 0.00088745
 0.00691213 0.00289894 0.0102341 -0.0092485 0.00090315
 0.00655713 0.00270127 0.00993044 -0.00905256 0.0008021
 0.00632375 0.00261583 0.00968512 -0.008823 0.000822987
 0.00616817 0.00250587 0.00944631 -0.00863419 0.000762194
 0.00600313 0.00243232 0.00981869 -0.00903244 0.000748044
 0.00587681 0.00238883 0.00944519 -0.00875231 0.000813931
 0.0056634 0.00229282 0.00951569 -0.00889188 0.000762369
 0.00551405 0.00220416 0.00904725 -0.0084955 0.000721325
 0.00526429 0.00211083 0.00885244 -0.008284 0.000752925
 0.00518474 0.00206835 0.00840213 -0.00791163 0.000725088
 0.00501379 0.00198574 0.00801606 -0.00756825 0.000687469
 0.0048487 0.00192912 0.00751788 -0.00710906 0.000701244
 0.00471919 0.00185687 0.00731437 -0.00694613 0.000664288
 0.00466396 0.0018448 0.00699156 -0.00665806 0.00069875
 0.00436882 0.00170745 0.00633319 -0.00603147 0.000616671
 0.00426157 0.00165435 0.00596676 -0.00568866 0.000594174
 0.00418071 0.00162383 0.00545566 -0.00521305 0.000594448
 0.00392882 0.00151193 0.00505587 -0.00481977 0.00053855
 0.00385874 0.00147791 0.00483403 -0.00463923 0.000530613
 0.00369406 0.00141658 0.00418906 -0.00401555 0.000523256
 0.0035766 0.00135976 0.00399669 -0.00383506 0.000497656
 0.00344781 0.00130739 0.00356791 -0.00344786 0.000484129
 0.00333129 0.00125332 0.00323524 -0.0031259 0.000455611
 0.00320301 0.00120292 0.00290486 -0.00281039 0.000447178
 0.00303136 0.00112816 0.00258284 -0.00250338 0.00041323
 0 0 0 0 0
 0 0 0 0 0
 0 0 0 0 0
 0 0 0 0 0
 0 0 0 0 0
 0 0 0 0 0
 0 0 0 0 0
 0 0 0 0 0
 0 0 0 0 0
 0 0 0 0 0
 0 0 0 0 0
 0 0 0 0 0
 0 0 0 0 0
 0 0 0 0 0
 0 0 0 0 0
 0 0 0 0 0
 0 0 0 0 0
 0 0 0 0 0
 0 0 0 0 0
 0 0 0 0 0
 0 0 0 0 0
 0 0 0 0 0
 0 0 0 0 0
 0 0 0 0 0
 0 0 0 0 0
 0 0 0 0 0
 0 0 0 0 0
 0 0 0 0 0
 0 0 0 0 0
 0 0 0 0 0
 0 0 0 0 0
 0 0 0 0 0
 0 0 0 0 0
 0 0 0 0 0
 0 0 0 0 0
 0 0 0 0 0
 0 0 0 0 0
 0 0 0 0 0
 0 0 0 0 0
 0 0 0 0 0
 0 0 0 0 0
 0 0 0 0 0
 0 0 0 0 0
 0 0 0 0 0
 0 0 0 0 0
 0 0 0 0 0
 0 0 0 0 0
 1.99726 1.81922 0.0493939 -0.0369102 1.66037
 0.998275 0.889419 0.0529512 -0.0407474 0.795638
 0.587938 0.512471 0.0541181 -0.0426404 0.449491
 0.401746 0.342629 0.057524 -0.0460729 0.294808
 0.296255 0.247273 0.0598811 -0.0489874 0.208808
 0.227756 0.186064 0.0623291 -0.0519259 0.154067
 0.181778 0.145422 0.0643 -0.0544461 0.11829
 0.145355 0.1139 0.0643787 -0.0551728 0.0909725
 0.118205 0.0907437 0.0643244 -0.0558534 0.0712206
 0.103703 0.0779738 0.0675469 -0.0589952 0.059961
 0.0873644 0.0643562 0.0670269 -0.0592808 0.0485212
 0.0747212 0.0539908 0.0660537 -0.058882 0.0400008
 0.0659881 0.0467241 0.0667137 -0.0598185 0.0339372
 0.0576381 0.0400146 0.0651925 -0.0588603 0.0284683
 0.0502663 0.0342504 0.0631581 -0.0572412 0.0238974
 0.0445078 0.0297251 0.0619693 -0.0563264 0.0202809
 0.0397302 0.0260559 0.0605892 -0.0553068 0.0175047
 0.0361874 0.0232345 0.0594084 -0.0542474 0.0150427
 0.0326857 0.0206309 0.0568879 -0.0520913 0.0131046
 0.0292858 0.0180903 0.0538639 -0.049471 0.0110459
 0.0261059 0.0158849 0.0507699 -0.0465589 0.00953769
 0.0247539 0.0148343 0.0498454 -0.0457467 0.008762
 0.022519 0.0131983 0.046777 -0.042886 0.00742275
 0.0206156 0.0118387 0.0437639 -0.0401238 0.00631206
 0.0195147 0.0110909 0.0420103 -0.0384249 0.00589351
 0.0181156 0.0100552 0.0393784 -0.035959 0.00494099
 0.0168334 0.00932825 0.0364259 -0.0331944 0.00471871
 0.0158144 0.008595 0.0339419 -0.0308653 0.00407992
 0.0149999 0.00802687 0.0315627 -0.0286099 0.00361951
 0.0145436 0.00771875 0.0295458 -0.02662 0.00340542
 0.0136919 0.007212 0.0271074 -0.0243001 0.00308722
 0.0131168 0.00683031 0.0249252 -0.0222386 0.00280399
 0.0127396 0.006681 0.0227294 -0.0202255 0.00291734
 0.0122932 0.00638519 0.0211043 -0.0186106 0.0026364
 0.0117605 0.00610546 0.0187926 -0.0165475 0.00253105
 0.0115506 0.00589879 0.0177277 -0.0154096 0.00230335
 0.0108811 0.00547916 0.0160324 -0.0139838 0.00205629
 0.0105789 0.00531261 0.0150917 -0.0130948 0.00202077
 0.0101161 0.00501979 0.0140439 -0.0121469 0.00190234
 0.00990631 0.00478668 0.0131252 -0.0113304 0.00169344
 0.00953044 0.00455035 0.0121754 -0.010403 0.0015305
 0.00923975 0.00441494 0.0115238 -0.00993725 0.00159848
 0.00903519 0.00423798 0.0113061 -0.00973606 0.00149005
 0.00860375 0.00403402 0.0106704 -0.009198 0.00148444
 0.00822012 0.00373809 0.0100719 -0.00872956 0.00123976
 0.00787763 0.00350006 0.0101284 -0.00884406 0.00106722
 0.00761406 0.00340491 0.00990481 -0.00862594 0.00115416
 0.007347 0.00319908 0.00987987 -0.00876012 0.00100906
 0.00711931 0.00308842 0.00977513 -0.00866169 0.00100669
 0.00681294 0.00290463 0.00976925 -0.008788 0.000914406
 0.00656956 0.00279226 0.00960875 -0.00866137 0.000909462
 0.0063525 0.00263613 0.00954994 -0.00867306 0.000771137
 0.00621269 0.00257443 0.00941881 -0.00860937 0.000799438
 0.00600303 0.00248206 0.00959825 -0.00886556 0.000819956
 0.00591804 0.00244108 0.00965037 -0.00889162 0.000811537
 0.00565433 0.00231211 0.00896725 -0.00830894 0.000778019
 0.00551784 0.00224661 0.00882763 -0.00817044 0.000738719
 0.00540465 0.00218543 0.0086435 -0.00806412 0.000727469
 0.00523349 0.00213045 0.00853387 -0.00799331 0.000757975
 0.00510639 0.00205334 0.00818444 -0.007697 0.000704494
 0.00496175 0.00200462 0.00779419 -0.0073385 0.000729069
 0.00470761 0.00188119 0.00743675 -0.00708031 0.000679606
 0.00461386 0.00183571 0.00697456 -0.00663181 0.000656975
 0.00454976 0.00180694 0.006587 -0.00621986 0.000664931
 0.00436537 0.00173297 0.00630737 -0.00599243 0.000639219
 0.00422968 0.00167659 0.00569405 -0.00542842 0.000638938
 0.00409244 0.00161663 0.00532791 -0.00509932 0.000608039
 0.00397449 0.00155679 0.00500029 -0.00478824 0.000584801
 0.00384997 0.001502 0.00463135 -0.00442938 0.000571309
 0.00373673 0.0014513 0.00418454 -0.0040223 0.000551001
 0.00359619 0.00138382 0.00382776 -0.00366932 0.000509117
 0.00340973 0.00130708 0.00345102 -0.00333077 0.000489079
 0.00333144 0.00127056 0.00316344 -0.003072 0.000469734
 0.00313996 0.00118964 0.00286562 -0.00277146 0.000439143
 0 0 0 0 0
 0 0 0 0 0
 0 0 0 0 0
 0 0 0 0 0
 0 0 0 0 0
 0 0 0 0 0
 0 0 0 0 0
 0 0 0 0 0
 0 0 0 0 0
 0 0 0 0 0
 0 0 0 0 0
 0 0 0 0 0
 0 0 0 0 0
 0 0 0 0 0
 0 0 0 0 0
 0 0 0 0 0
 0 0 0 0 0
 0 0 0 0 0
 0 0 0 0 0
 0 0 0 0 0
 0 0 0 0 0
 0 0 0 0 0
 0 0 0 0 0
 0 0 0 0 0
 0 0 0 0 0
 0 0 0 0 0
 0 0 0 0 0
 0 0 0 0 0
 0 0 0 0 0
 0 0 0 0 0
 0 0 0 0 0
 0 0 0 0 0
 0 0 0 0 0
 0 0 0 0 0
 0 0 0 0 0
 0 0 0 0 0
 0 0 0 0 0
 0 0 0 0 0
 0 0 0 0 0
 0 0 0 0 0
 0 0 0 0 0
 0 0 0 0 0
 0 0 0 0 0
 0 0 0 0 0
 0 0 0 0 0
 0 0 0 0 0
 0 0 0 0 0
 0 0 0 0 0
 1.99004 1.82014 0.0465234 -0.0340831 1.66822
 0.9356 0.837463 0.0477589 -0.0360596 0.752794
 0.561782 0.492078 0.0506189 -0.0392417 0.433703
 0.383046 0.328451 0.0531379 -0.0420028 0.284155
 0.279738 0.234872 0.0548499 -0.0445435 0.199584
 0.215824 0.177439 0.0571977 -0.0472917 0.148035
 0.169396 0.13641 0.0588825 -0.0492916 0.111831
 0.138523 0.109227 0.0606624 -0.0516632 0.087815
 0.117179 0.0905606 0.0627537 -0.0540317 0.0715875
 0.0966569 0.0731994 0.0618226 -0.0538347 0.0568477
 0.0850381 0.0631287 0.0634919 -0.055849 0.0480952
 0.072315 0.0526309 0.0629956 -0.0559284 0.0392728
 0.063605 0.0454273 0.0635869 -0.0567837 0.0333551
 0.0546208 0.0381666 0.0615467 -0.0552627 0.0273352
 0.0491908 0.033751 0.061647 -0.0557281 0.0236743
 0.043516 0.0292638 0.0600919 -0.0545361 0.0200394
 0.0384973 0.0254706 0.0577326 -0.0525671 0.0172272
 0.0357126 0.0231692 0.0579796 -0.0529821 0.0152521
 0.0318129 0.0202216 0.0556977 -0.0509302 0.0128753
 0.0291751 0.0182595 0.0543854 -0.0497868 0.0114633
 0.0264247 0.0162449 0.0516428 -0.0473593 0.00995344
 0.0244627 0.0148061 0.0496932 -0.0455814 0.00886894
 0.0221406 0.0131744 0.0466884 -0.0428425 0.00769625
 0.0203646 0.0118497 0.0439351 -0.0403075 0.0065805
 0.0193274 0.011031 0.0424934 -0.0388629 0.0057993
 0.0178734 0.0100412 0.0396171 -0.0362084 0.00512371
 0.0168245 0.00942312 0.0372709 -0.0340059 0.00488419
 0.0158723 0.0086615 0.0353535 -0.0321812 0.0041338
 0.0145438 0.00791962 0.0316702 -0.0287772 0.0038453
 0.0142332 0.00767819 0.0298983 -0.0269713 0.00363266
 0.0135134 0.00728763 0.0281315 -0.0253342 0.00354436
 0.0129967 0.00682256 0.0254313 -0.0228024 0.00294016
 0.0124023 0.00642287 0.0232273 -0.0207354 0.00252731
 0.0119395 0.00626869 0.0214026 -0.0189634 0.00272411
 0.0117222 0.00611544 0.0197097 -0.0173901 0.00259301
 0.011349 0.00589451 0.018032 -0.0158308 0.00249073
 0.0108719 0.00548866 0.0165928 -0.0144532 0.00205826
 0.0103702 0.00515553 0.0157228 -0.0137021 0.00187156
 0.0100754 0.00511714 0.0140991 -0.0121317 0.00217035
 0.00945838 0.00469481 0.0129593 -0.0111964 0.00183596
 0.00935156 0.00461226 0.0123766 -0.0106524 0.00184546
 0.00890625 0.00424461 0.0116169 -0.00999381 0.00145159
 0.00844575 0.00399107 0.0111478 -0.00968775 0.00140039
 0.00836813 0.00390467 0.010416 -0.00896012 0.00134673
 0.00791313 0.00360494 0.0104666 -0.00905656 0.0011553
 0.00776444 0.00353472 0.00989775 -0.00863925 0.00117297
 0.00748219 0.0033528 0.00957531 -0.00836738 0.00112206
 0.00726044 0.00327357 0.00959694 -0.00844119 0.00118119
 0.00691906 0.00301912 0.00979825 -0.00873156 0.00101733
 0.00666413 0.00287796 0.0097625 -0.00876838 0.000942119
 0.00654712 0.00284208 0.00909469 -0.00815325 0.000998356
 0.00637094 0.00267658 0.00940375 -0.00854944 0.000839069
 0.00611219 0.00258002 0.00944038 -0.0086175 0.000837294
 0.00596623 0.00250345 0.00889919 -0.00813394 0.000847844
 0.00576212 0.00240306 0.009035 -0.0082885 0.000804813
 0.00562919 0.00234801 0.00888663 -0.00818069 0.000830381
 0.00543709 0.00224749 0.00877756 -0.00819969 0.000781106
 0.00540062 0.00223056 0.00833925 -0.00777756 0.0007922
 0.00508657 0.0020863 0.00811969 -0.00761881 0.000745969
 0.00506262 0.00207809 0.00814869 -0.00765725 0.000769625
 0.00490576 0.00200537 0.00749069 -0.00701625 0.000742669
 0.00465566 0.00188461 0.00732281 -0.0069115 0.000690806
 0.00457186 0.00186604 0.00674588 -0.00639519 0.000722681
 0.00438974 0.00176919 0.00635825 -0.00604354 0.000662437
 0.00432649 0.00173327 0.00621227 -0.00589388 0.000629775
 0.00420814 0.0016796 0.00575677 -0.00549313 0.000624613
 0.00404611 0.00161687 0.005301 -0.00507922 0.000620256
 0.00389626 0.00154529 0.00493279 -0.00472094 0.000590202
 0.00378156 0.00149353 0.00450704 -0.00432986 0.000570253
 0.00363066 0.00142566 0.00412966 -0.00397219 0.000534799
 0.00351226 0.001371 0.00389392 -0.00374058 0.00052157
 0.00340514 0.00132413 0.00357576 -0.0034496 0.000500664
 0.00326381 0.00126213 0.00323819 -0.00312527 0.000477554
 0 0 0 0 0
 0 0 0 0 0
 0 0 0 0 0
 0 0 0 0 0
 0 0 0 0 0
 0 0 0 0 0
 0 0 0 0 0
 0 0 0 0 0
 0 0 0 0 0
 0 0 0 0 0
 0 0 0 0 0
 0 0 0 0 0
 0 0 0 0 0
 0 0 0 0 0
 0 0 0 0 0
 0 0 0 0 0
 0 0 0 0 0
 0 0 0 0 0
 0 0 0 0 0
 0 0 0 0 0
 0 0 0 0 0
 0 0 0 0 0
 0 0 0 0 0
 0 0 0 0 0
 0 0 0 0 0
 0 0 0 0 0
 0 0 0 0 0
 0 0 0 0 0
 0 0 0 0 0
 0 0 0 0 0
 0 0 0 0 0
 0 0 0 0 0
 0 0 0 0 0
 0 0 0 0 0
 0 0 0 0 0
 0 0 0 0 0
 0 0 0 0 0
 0 0 0 0 0
 0 0 0 0 0
 0 0 0 0 0
 0 0 0 0 0
 0 0 0 0 0
 0 0 0 0 0
 0 0 0 0 0
 0 0 0 0 0
 0 0 0 0 0
 0 0 0 0 0
 0 0 0 0 0
 0 0 0 0 0
 1.88139 1.72744 0.0426059 -0.0306321 1.58949
 0.886275 0.796775 0.0441156 -0.0328959 0.719488
 0.528197 0.464957 0.0459259 -0.0349104 0.412241
 0.35879 0.309236 0.0481492 -0.0379785 0.26908
 0.263961 0.222862 0.0513234 -0.0409451 0.190568
 0.205387 0.169856 0.0540875 -0.0441693 0.142846
 0.160296 0.12986 0.0548187 -0.0455141 0.107149
 0.130402 0.103503 0.0560448 -0.0473224 0.0839163
 0.111971 0.0871181 0.0597532 -0.0511144 0.0693938
 0.0955694 0.0729081 0.0605492 -0.0525579 0.0570908
 0.0799925 0.059847 0.0595926 -0.0521611 0.0460967
 0.0716431 0.0525969 0.0619931 -0.0547821 0.0398686
 0.0607476 0.0437271 0.060125 -0.0535812 0.0324981
 0.0548136 0.0386398 0.0610407 -0.0547265 0.0279749
 0.048263 0.0334234 0.0602698 -0.0543817 0.0238319
 0.0428391 0.0291279 0.0587299 -0.0532257 0.0204125
 0.0382234 0.0254594 0.0574499 -0.0522363 0.0173336
 0.0346344 0.0226832 0.0566079 -0.0515542 0.0151574
 0.0317143 0.0204123 0.055534 -0.0507942 0.0133264
 0.0284623 0.0179908 0.0530229 -0.0485444 0.011479
 0.0253854 0.0157237 0.0496598 -0.0455156 0.00970525
 0.0238593 0.0145753 0.0490961 -0.0449824 0.0088965
 0.021974 0.0131778 0.0461324 -0.0422841 0.00778206
 0.0203688 0.0120607 0.0444008 -0.0406689 0.00700988
 0.0190091 0.0110555 0.0425772 -0.0390318 0.00619505
 0.0176239 0.0101031 0.0395899 -0.03618 0.00551914
 0.0165426 0.00937837 0.0374526 -0.0341895 0.0050154
 0.0156134 0.00862213 0.0354542 -0.0322996 0.00424424
 0.0146584 0.00809287 0.0323309 -0.0294144 0.00407436
 0.0139416 0.00757519 0.030666 -0.0277464 0.00365487
 0.0132175 0.00700156 0.0283236 -0.0255802 0.00305159
 0.0127379 0.00681562 0.0261464 -0.0234983 0.00312567
 0.0119744 0.00633106 0.0237443 -0.0212628 0.00278137
 0.0117593 0.00616907 0.0220014 -0.0196136 0.00263973
 0.011256 0.00589266 0.0201059 -0.0178335 0.00251493
 0.0109745 0.00571411 0.0186701 -0.0164594 0.00241854
 0.0105118 0.00537366 0.0172383 -0.0150886 0.00212831
 0.0101651 0.00520885 0.0154865 -0.0135264 0.00214586
 0.00983425 0.0050152 0.0146868 -0.0127416 0.00210445
 0.00970337 0.00488219 0.0136827 -0.0118748 0.00198863
 0.0090805 0.0045017 0.0123656 -0.0107221 0.00176312
 0.00872813 0.00420887 0.0117702 -0.0101919 0.00144193
 0.00841275 0.00402567 0.0113606 -0.00982456 0.00146799
 0.008082 0.0037964 0.0107249 -0.00922738 0.00131919
 0.00798644 0.00373569 0.0101307 -0.00875206 0.00132044
 0.00763825 0.00348852 0.0101291 -0.00880194 0.00114967
 0.0073415 0.00332189 0.00967175 -0.0085235 0.00115416
 0.00707562 0.00319928 0.0096505 -0.00851931 0.00110124
 0.00685544 0.00300922 0.00947756 -0.00843094 0.000964513
 0.00647387 0.00282836 0.00930213 -0.00832244 0.000942575
 0.006251 0.00269673 0.00889312 -0.00797212 0.000848831
 0.00615007 0.00265004 0.00912363 -0.00822819 0.000893613
 0.00601081 0.00256597 0.009253 -0.00841231 0.000864094
 0.0059031 0.00252229 0.00872844 -0.00794194 0.000892263
 0.00566476 0.00241762 0.00899938 -0.00830275 0.000888081
 0.00548252 0.00231036 0.00870381 -0.0080535 0.00083505
 0.00534399 0.00223533 0.00853256 -0.00797175 0.00076965
 0.0052277 0.00219464 0.00821925 -0.00764987 0.000822863
 0.00510217 0.00212122 0.00828394 -0.00777081 0.000758081
 0.00500599 0.00207957 0.00755425 -0.00708769 0.000801881
 0.00478846 0.00197576 0.00750313 -0.00705313 0.000733669
 0.00467778 0.00193113 0.00712362 -0.00672475 0.000737194
 0.00458922 0.0018871 0.00683094 -0.00647681 0.000724744
 0.00438334 0.00179003 0.006512 -0.00617503 0.0006953
 0.00430113 0.00174503 0.00619639 -0.00589749 0.000665406
 0.00414048 0.00167841 0.00553634 -0.00526151 0.000644406
 0.00405973 0.00163814 0.00549841 -0.00526234 0.000631519
 0.00378098 0.00151294 0.00477364 -0.00458378 0.000581
 0.00370122 0.00147656 0.00446139 -0.00428429 0.000564374
 0.00363768 0.00144432 0.00411559 -0.00395212 0.000552639
 0.00351526 0.00138769 0.00378981 -0.00365088 0.000525461
 0.00332813 0.00131066 0.00346381 -0.00334002 0.000505289
 0 0 0 0 0
 0 0 0 0 0
 0 0 0 0 0
 0 0 0 0 0
 0 0 0 0 0
 0 0 0 0 0
 0 0 0 0 0
 0 0 0 0 0
 0 0 0 0 0
 0 0 0 0 0
 0 0 0 0 0
 0 0 0 0 0
 0 0 0 0 0
 0 0 0 0 0
 0 0 0 0 0
 0 0 0 0 0
 0 0 0 0 0
 0 0 0 0 0
 0 0 0 0 0
 0 0 0 0 0
 0 0 0 0 0
 0 0 0 0 0
 0 0 0 0 0
 0 0 0 0 0
 0 0 0 0 0
 0 0 0 0 0
 0 0 0 0 0
 0 0 0 0 0
 0 0 0 0 0
 0 0 0 0 0
 0 0 0 0 0
 0 0 0 0 0
 0 0 0 0 0
 0 0 0 0 0
 0 0 0 0 0
 0 0 0 0 0
 0 0 0 0 0
 0 0 0 0 0
 0 0 0 0 0
 0 0 0 0 0
 0 0 0 0 0
 0 0 0 0 0
 0 0 0 0 0
 0 0 0 0 0
 0 0 0 0 0
 0 0 0 0 0
 0 0 0 0 0
 0 0 0 0 0
 0 0 0 0 0
 0 0 0 0 0
 1.84479 1.70005 0.0397187 -0.0279891 1.57026
 0.84825 0.765725 0.0409798 -0.0297659 0.694394
 0.505916 0.447403 0.0425985 -0.0318851 0.398733
 0.345492 0.299253 0.0457083 -0.0352393 0.261949
 0.248766 0.211139 0.0469126 -0.0370746 0.181677
 0.193744 0.161101 0.0494881 -0.0399004 0.136109
 0.153649 0.125226 0.0513074 -0.0421483 0.104199
 0.127036 0.101502 0.0537781 -0.0452122 0.0830025
 0.106443 0.0833275 0.0549069 -0.0466345 0.0668819
 0.0917238 0.0704994 0.0568501 -0.0489147 0.0557473
 0.0775994 0.0584232 0.0573108 -0.0499344 0.0452188
 0.0690513 0.050991 0.0593752 -0.0522833 0.0388149
 0.0594999 0.0431784 0.0581399 -0.0516196 0.0324761
 0.0531253 0.0378194 0.0588798 -0.052642 0.0278532
 0.0465503 0.0324706 0.0576756 -0.0518906 0.0233709
 0.042478 0.029114 0.0580781 -0.0523982 0.0206393
 0.0369762 0.0248549 0.0558099 -0.0505939 0.0171522
 0.0339709 0.0224018 0.0555732 -0.0505883 0.0150123
 0.0309239 0.0200803 0.0542071 -0.0494837 0.0133451
 0.0280537 0.0178434 0.0523527 -0.0478387 0.0114738
 0.0254782 0.0159341 0.05013 -0.0458125 0.0100282
 0.0237573 0.0145951 0.0490071 -0.0449089 0.008904
 0.0215548 0.0130401 0.0463386 -0.0424684 0.00780675
 0.0201052 0.011953 0.0444897 -0.0407486 0.00693838
 0.0183133 0.0108019 0.0413431 -0.0378712 0.00627244
 0.0172448 0.00995387 0.0399761 -0.0365934 0.00551946
 0.0160675 0.00911044 0.0369787 -0.0337611 0.00483467
 0.0155302 0.008778 0.0358119 -0.0326548 0.00469569
 0.0141611 0.00782825 0.0326107 -0.0296531 0.00390699
 0.0138302 0.00754819 0.0311193 -0.0282966 0.0036564
 0.0131617 0.00715644 0.0287835 -0.0260522 0.00344041
 0.0123745 0.00659538 0.0263586 -0.0237643 0.00292238
 0.011925 0.00629469 0.0244137 -0.0219371 0.00272307
 0.0115691 0.00608089 0.0224608 -0.0200546 0.00259492
 0.0111481 0.00591649 0.0208526 -0.0185351 0.00267433
 0.0107763 0.00567414 0.0187936 -0.0166281 0.00252112
 0.0103319 0.00539342 0.0175421 -0.0154234 0.00232793
 0.00992556 0.00504381 0.0160279 -0.0140776 0.00192669
 0.00951562 0.00489111 0.0149346 -0.013054 0.00210459
 0.00911719 0.0045376 0.0137143 -0.011933 0.00171784
 0.008912 0.00445023 0.0128949 -0.0112335 0.00176638
 0.00866775 0.00433383 0.0120227 -0.0104154 0.00181274
 0.00822688 0.00398638 0.0114872 -0.00997419 0.00150573
 0.008009 0.00376229 0.0107454 -0.00931494 0.00128937
 0.007687 0.00362307 0.0101823 -0.00884569 0.00133144
 0.00749431 0.00347978 0.0101442 -0.00888287 0.00123916
 0.00708088 0.00328054 0.00967944 -0.00851075 0.00120819
 0.00687156 0.00312512 0.00985913 -0.0086865 0.00112932
 0.00665356 0.00295505 0.00916713 -0.00814606 0.000953863
 0.006413 0.00287271 0.00917056 -0.00821269 0.00103207
 0.00611487 0.00270327 0.00907288 -0.00818363 0.000960206
 0.00610844 0.00270338 0.0087715 -0.00790925 0.000984544
 0.00585629 0.00255498 0.00881931 -0.00799937 0.000924094
 0.00581811 0.00251182 0.00869863 -0.00793444 0.000903994
 0.00558121 0.00240781 0.00822706 -0.00753625 0.000873681
 0.00536719 0.00228446 0.00806525 -0.00742294 0.000812669
 0.00530298 0.00225282 0.00848581 -0.00783131 0.000817256
 0.00506464 0.00214203 0.0081245 -0.00755431 0.000801769
 0.00489329 0.00206582 0.00783656 -0.00734194 0.000778094
 0.00485176 0.00203536 0.00758419 -0.00712106 0.00076215
 0.00475291 0.00198969 0.00732319 -0.00687644 0.000771269
 0.00457663 0.00190286 0.006789 -0.00639462 0.000717931
 0.00445368 0.0018535 0.00635944 -0.00603143 0.000729525
 0.00435786 0.00179704 0.00654794 -0.0062265 0.000692744
 0.00421825 0.0017322 0.00607444 -0.00577603 0.000664425
 0.00404676 0.00165594 0.00544458 -0.00519056 0.000644194
 0.00393805 0.00160256 0.00517468 -0.00496062 0.000623393
 0.00386214 0.00156636 0.00477805 -0.00457279 0.000609518
 0.00374189 0.00151988 0.00442248 -0.00422327 0.000608717
 0.00358664 0.00144151 0.00411006 -0.00394149 0.000561617
 0.00350474 0.00140832 0.00371044 -0.00357861 0.000561473
 0 0 0 0 0
 0 0 0 0 0
 0 0 0 0 0
 0 0 0 0 0
 0 0 0 0 0
 0 0 0 0 0
 0 0 0 0 0
 0 0 0 0 0
 0 0 0 0 0
 0 0 0 0 0
 0 0 0 0 0
 0 0 0 0 0
 0 0 0 0 0
 0 0 0 0 0
 0 0 0 0 0
 0 0 0 0 0
 0 0 0 0 0
 0 0 0 0 0
 0 0 0 0 0
 0 0 0 0 0
 0 0 0 0 0
 0 0 0 0 0
 0 0 0 0 0
 0 0 0 0 0
 0 0 0 0 0
 0 0 0 0 0
 0 0 0 0 0
 0 0 0 0 0
 0 0 0 0 0
 0 0 0 0 0
 0 0 0 0 0
 0 0 0 0 0
 0 0 0 0 0
 0 0 0 0 0
 0 0 0 0 0
 0 0 0 0 0
 0 0 0 0 0
 0 0 0 0 0
 0 0 0 0 0
 0 0 0 0 0
 0 0 0 0 0
 0 0 0 0 0
 0 0 0 0 0
 0 0 0 0 0
 0 0 0 0 0
 0 0 0 0 0
 0 0 0 0 0
 0 0 0 0 0
 0 0 0 0 0
 0 0 0 0 0
 0 0 0 0 0
 1.74238 1.61112 0.0363925 -0.0251448 1.49322
 0.829813 0.751881 0.0387499 -0.0277111 0.684412
 0.476079 0.422778 0.0397888 -0.029323 0.378474
 0.321892 0.280067 0.0416312 -0.0314783 0.246429
 0.236633 0.201831 0.0437841 -0.0339819 0.174699
 0.188021 0.157218 0.0472212 -0.0375801 0.13394
 0.145932 0.119613 0.0474423 -0.0386487 0.100156
 0.120049 0.0964269 0.0501168 -0.0415407 0.0792931
 0.102604 0.0808625 0.0525507 -0.0441751 0.0654806
 0.0863337 0.0666756 0.0534369 -0.0456855 0.0529317
 0.0766125 0.0581079 0.0558921 -0.0483679 0.0455489
 0.0660944 0.049142 0.0558514 -0.0488585 0.0377783
 0.0565145 0.0412557 0.0546393 -0.0481134 0.0311972
 0.0506797 0.0363411 0.0555971 -0.0494947 0.027029
 0.0454248 0.0319079 0.0561329 -0.0502012 0.0230775
 0.0405104 0.0280198 0.0553719 -0.0498639 0.0200891
 0.0366231 0.024878 0.0549654 -0.0497167 0.0175556
 0.0334951 0.0223083 0.0545992 -0.0495066 0.0153196
 0.0296168 0.0193896 0.0519809 -0.0473532 0.0130857
 0.02733 0.017592 0.0508499 -0.0463866 0.0115716
 0.0246959 0.0156231 0.0488569 -0.0446906 0.0100374
 0.0233816 0.0145539 0.0487169 -0.044586 0.009154
 0.0214655 0.0131323 0.0464464 -0.0425062 0.00808262
 0.0199413 0.0119989 0.0444345 -0.0407157 0.00715787
 0.0183517 0.0108958 0.042022 -0.0384806 0.0064255
 0.0172303 0.0100768 0.0401577 -0.0367917 0.00575974
 0.0156144 0.00896681 0.0368407 -0.0337007 0.00492246
 0.0152819 0.00864344 0.0361174 -0.0329632 0.00458353
 0.0142472 0.00800469 0.0332816 -0.0303304 0.00420594
 0.013303 0.00731131 0.0308001 -0.0280367 0.00362522
 0.0125574 0.00687069 0.0287248 -0.0260221 0.00338809
 0.0121457 0.00653188 0.026694 -0.0241426 0.00305065
 0.0115241 0.00613575 0.0249238 -0.0224383 0.00275689
 0.0112814 0.00608136 0.0224582 -0.0201061 0.00291426
 0.0108909 0.00575526 0.0211437 -0.0188262 0.00254291
 0.0104479 0.00552197 0.0193822 -0.0171991 0.00245142
 0.0100279 0.00523993 0.0176155 -0.0155445 0.00224015
 0.00988619 0.00514449 0.0164447 -0.0145084 0.00222791
 0.0094065 0.0048621 0.0152765 -0.0134224 0.00209989
 0.00903481 0.00462887 0.0141822 -0.0124091 0.00197936
 0.00875419 0.00445629 0.0128608 -0.0112313 0.00190837
 0.00840369 0.00415934 0.0119489 -0.0103516 0.00162853
 0.00813831 0.00399096 0.0113747 -0.009812 0.00156226
 0.00796425 0.00385379 0.0111071 -0.00963794 0.00149116
 0.0075895 0.00364911 0.0103426 -0.00900869 0.00142933
 0.00728213 0.0034148 0.00955338 -0.0084 0.00123168
 0.00700988 0.00328818 0.00984831 -0.00862644 0.00126374
 0.00684406 0.00311661 0.00944438 -0.0083 0.00111031
 0.00647962 0.00297061 0.00891681 -0.007946 0.00109447
 0.00648769 0.00291876 0.00897013 -0.00797819 0.00105307
 0.00602101 0.00268774 0.00856606 -0.00769962 0.000965156
 0.00595518 0.00265438 0.008765 -0.007896 0.000988331
 0.00581552 0.00257238 0.00840806 -0.00759719 0.000929806
 0.00565814 0.00250232 0.00823706 -0.00748525 0.000983156
 0.00550937 0.00241082 0.00793281 -0.00725837 0.000919919
 0.00520318 0.00225339 0.00824306 -0.0076205 0.000825719
 0.00511989 0.00221055 0.00790838 -0.00732775 0.000851844
 0.00495398 0.00210985 0.00766862 -0.00714956 0.000772325
 0.00482909 0.00206124 0.00741819 -0.00695312 0.000785056
 0.00472974 0.00200179 0.00725125 -0.00682387 0.000757087
 0.00463861 0.00194911 0.00722 -0.00677825 0.000733137
 0.00444856 0.0018689 0.00672112 -0.00632162 0.000714806
 0.00444744 0.00185664 0.00643663 -0.00610261 0.000715412
 0.00422195 0.00177731 0.00614761 -0.0058325 0.000721456
 0.00407234 0.00170098 0.00588559 -0.00561429 0.000674588
 0.00404985 0.00168836 0.00548882 -0.00521478 0.000689456
 0.0038832 0.00160659 0.00505706 -0.00485031 0.000642231
 0.00376168 0.00155101 0.00468636 -0.00449226 0.00062675
 0.00362918 0.00148766 0.00445523 -0.00425307 0.000596565
 0.00348659 0.00141531 0.00395289 -0.00381454 0.000551832
 0 0 0 0 0
 0 0 0 0 0
 0 0 0 0 0
 0 0 0 0 0
 0 0 0 0 0
 0 0 0 0 0
 0 0 0 0 0
 0 0 0 0 0
 0 0 0 0 0
 0 0 0 0 0
 0 0 0 0 0
 0 0 0 0 0
 0 0 0 0 0
 0 0 0 0 0
 0 0 0 0 0
 0 0 0 0 0
 0 0 0 0 0
 0 0 0 0 0
 0 0 0 0 0
 0 0 0 0 0
 0 0 0 0 0
 0 0 0 0 0
 0 0 0 0 0
 0 0 0 0 0
 0 0 0 0 0
 0 0 0 0 0
 0 0 0 0 0
 0 0 0 0 0
 0 0 0 0 0
 0 0 0 0 0
 0 0 0 0 0
 0 0 0 0 0
 0 0 0 0 0
 0 0 0 0 0
 0 0 0 0 0
 0 0 0 0 0
 0 0 0 0 0
 0 0 0 0 0
 0 0 0 0 0
 0 0 0 0 0
 0 0 0 0 0
 0 0 0 0 0
 0 0 0 0 0
 0 0 0 0 0
 0 0 0 0 0
 0 0 0 0 0
 0 0 0 0 0
 0 0 0 0 0
 0 0 0 0 0
 0 0 0 0 0
 0 0 0 0 0
 0 0 0 0 0
 1.71176 1.58784 0.0341566 -0.0231079 1.47648
 0.786444 0.715188 0.0360335 -0.0254797 0.653719
 0.458563 0.408794 0.0371972 -0.0269811 0.367481
 0.307284 0.268604 0.0391763 -0.0292564 0.237668
 0.224114 0.192049 0.0406949 -0.0312063 0.167197
 0.175068 0.147074 0.0435506 -0.0343508 0.125896
 0.13787 0.113649 0.0443039 -0.0356946 0.0959775
 0.113282 0.0915187 0.0459234 -0.0377123 0.07593
 0.0978156 0.07753 0.0489552 -0.0408674 0.0631456
 0.0816487 0.06352 0.0489799 -0.0414434 0.051069
 0.0708256 0.053967 0.0506154 -0.0436012 0.0424209
 0.0623399 0.046701 0.0519954 -0.0451562 0.0363488
 0.0547473 0.0403214 0.052457 -0.0459957 0.0310354
 0.0491039 0.0354234 0.05367 -0.0475091 0.0265722
 0.0434521 0.0307724 0.0531251 -0.0473956 0.0226233
 0.0398909 0.0277169 0.0537299 -0.0483527 0.0199236
 0.0356216 0.0243565 0.0530581 -0.0479364 0.0172754
 0.0320906 0.0215759 0.0518974 -0.0469188 0.0150729
 0.0292967 0.0193385 0.0508797 -0.0462801 0.0131641
 0.0265823 0.0172239 0.0495228 -0.0450788 0.0114435
 0.0245567 0.0156825 0.0490541 -0.0448062 0.0102534
 0.0226741 0.0142364 0.0471354 -0.0431102 0.00912588
 0.020912 0.0128398 0.0456101 -0.0417607 0.00787044
 0.0192673 0.0117271 0.0433215 -0.0396011 0.0071455
 0.0180833 0.0108777 0.0418153 -0.0382746 0.00657713
 0.0167616 0.00994894 0.0392382 -0.0359202 0.00590604
 0.0155637 0.00900025 0.0370994 -0.0339418 0.00498644
 0.0149573 0.00862381 0.0361182 -0.0330175 0.00485536
 0.0139047 0.00784525 0.0332325 -0.030223 0.00412342
 0.0132048 0.00735912 0.0310209 -0.0282253 0.00379326
 0.0125747 0.00689406 0.0294026 -0.0267511 0.00338246
 0.0118121 0.0064365 0.0269461 -0.0244117 0.00310331
 0.0113856 0.00612379 0.0251669 -0.0227499 0.00285352
 0.0108986 0.00585335 0.0233826 -0.0210151 0.00272383
 0.0107494 0.00578146 0.02126 -0.0190444 0.00273049
 0.0101119 0.00537449 0.0195602 -0.0174292 0.00242939
 0.00983037 0.00516666 0.0179932 -0.0159396 0.00226815
 0.00960537 0.00511744 0.0166603 -0.0146996 0.0024041
 0.00932906 0.00482918 0.0152884 -0.0134484 0.00203114
 0.00897256 0.00464256 0.0141314 -0.0124211 0.00200533
 0.00864119 0.00437989 0.0133366 -0.0116896 0.00180593
 0.00840981 0.00428092 0.0125491 -0.0109592 0.00184323
 0.00804919 0.00401261 0.0113682 -0.00992362 0.00167306
 0.00761369 0.00375411 0.0108673 -0.00947538 0.00154356
 0.00726475 0.00350682 0.0101069 -0.00879463 0.00139978
 0.00707644 0.00336534 0.0101097 -0.00885031 0.00129557
 0.00685806 0.00323271 0.00941875 -0.00828031 0.00123162
 0.00655894 0.00306413 0.0094315 -0.00835269 0.0011734
 0.00648094 0.00297331 0.00884431 -0.00782719 0.00107212
 0.00611796 0.00279751 0.00850131 -0.00759781 0.00104529
 0.00598517 0.00271569 0.00858063 -0.00768937 0.00102021
 0.00583768 0.00259917 0.00816762 -0.00735806 0.000914094
 0.00558536 0.00247354 0.0082655 -0.0075035 0.00087975
 0.00554389 0.00248911 0.00794744 -0.00721625 0.00100313
 0.00534873 0.00235818 0.00827262 -0.00757019 0.00089625
 0.00519043 0.00227662 0.00753563 -0.00694787 0.000864881
 0.00502229 0.0022032 0.00783225 -0.00724956 0.000882169
 0.00498429 0.00218671 0.00744031 -0.0068615 0.000874288
 0.00479763 0.00207159 0.00726438 -0.00674644 0.000807094
 0.00467462 0.00201824 0.00730544 -0.00683644 0.000802881
 0.00453981 0.00193887 0.00685631 -0.006461 0.000752944
 0.00443922 0.00189672 0.00656213 -0.00617761 0.000758938
 0.00428609 0.00182131 0.00617235 -0.00580971 0.000727994
 0.00413281 0.00175175 0.00613551 -0.00582923 0.000707694
 0.00409368 0.00171754 0.00556657 -0.00530997 0.000684525
 0.00402592 0.0016878 0.00544742 -0.00516948 0.000679356
 0.00379127 0.00158617 0.00513208 -0.00489261 0.000641281
 0.00372945 0.0015502 0.00483733 -0.00464039 0.000627656
 0.00357981 0.0014832 0.00432591 -0.00414404 0.000604959
 0 0 0 0 0
 0 0 0 0 0
 0 0 0 0 0
 0 0 0 0 0
 0 0 0 0 0
 0 0 0 0 0
 0 0 0 0 0
 0 0 0 0 0
 0 0 0 0 0
 0 0 0 0 0
 0 0 0 0 0
 0 0 0 0 0
 0 0 0 0 0
 0 0 0 0 0
 0 0 0 0 0
 0 0 0 0 0
 0 0 0 0 0
 0 0 0 0 0
 0 0 0 0 0
 0 0 0 0 0
 0 0 0 0 0
 0 0 0 0 0
 0 0 0 0 0
 0 0 0 0 0
 0 0 0 0 0
 0 0 0 0 0
 0 0 0 0 0
 0 0 0 0 0
 0 0 0 0 0
 0 0 0 0 0
 0 0 0 0 0
 0 0 0 0 0
 0 0 0 0 0
 0 0 0 0 0
 0 0 0 0 0
 0 0 0 0 0
 0 0 0 0 0
 0 0 0 0 0
 0 0 0 0 0
 0 0 0 0 0
 0 0 0 0 0
 0 0 0 0 0
 0 0 0 0 0
 0 0 0 0 0
 0 0 0 0 0
 0 0 0 0 0
 0 0 0 0 0
 0 0 0 0 0
 0 0 0 0 0
 0 0 0 0 0
 0 0 0 0 0
 0 0 0 0 0
 0 0 0 0 0
 1.66412 1.54832 0.0321412 -0.0214702 1.44425
 0.748456 0.683006 0.0331618 -0.0227698 0.626675
 0.428269 0.383196 0.0344112 -0.0243321 0.345906
 0.294967 0.258839 0.0364919 -0.0268639 0.230012
 0.212361 0.182779 0.0379836 -0.0286546 0.160025
 0.163883 0.138348 0.0400797 -0.0310913 0.119247
 0.131471 0.108881 0.0416197 -0.0330456 0.0924587
 0.107904 0.0876663 0.0429405 -0.0350096 0.0732812
 0.0896281 0.0714525 0.0438944 -0.0363946 0.0588679
 0.077545 0.0606335 0.046388 -0.0390916 0.0489769
 0.0684819 0.0525509 0.0484322 -0.0412406 0.0417628
 0.0600344 0.0452621 0.0491229 -0.0424131 0.035508
 0.0519746 0.0384314 0.0495544 -0.043244 0.0295855
 0.0480648 0.0349171 0.0514232 -0.0453218 0.0263967
 0.0415485 0.0296868 0.0504713 -0.0448512 0.0221732
 0.0379939 0.0266419 0.0508728 -0.0454839 0.0194719
 0.0349856 0.0241097 0.0518294 -0.0465496 0.0173169
 0.032275 0.0218026 0.0521142 -0.0471727 0.0152534
 0.0283297 0.0188499 0.049569 -0.0449409 0.0130068
 0.0266354 0.0173808 0.0496771 -0.0452389 0.011637
 0.0240344 0.0154424 0.0473161 -0.04314 0.0101443
 0.0222538 0.0140709 0.0465641 -0.0424349 0.00914519
 0.0207316 0.0129063 0.0451593 -0.0413777 0.00813831
 0.0188701 0.0115444 0.0424101 -0.0388053 0.00713131
 0.0175462 0.0105512 0.0412868 -0.037814 0.00627844
 0.0164413 0.00973088 0.0394548 -0.0361339 0.00562591
 0.0153386 0.00900331 0.0376044 -0.0344141 0.00520491
 0.0143845 0.00832231 0.0351747 -0.0321584 0.00467212
 0.013591 0.00773131 0.0333483 -0.0304816 0.00417443
 0.0129326 0.00722712 0.0315409 -0.0287371 0.00371066
 0.0122751 0.00683519 0.0295226 -0.0268297 0.00355061
 0.0115747 0.00646363 0.0268871 -0.0244166 0.00342975
 0.0109646 0.00590238 0.0251586 -0.0227794 0.00273056
 0.0108289 0.00583561 0.0236724 -0.0213126 0.00274481
 0.0102931 0.00554342 0.0211835 -0.0189761 0.00263702
 0.00994881 0.00532426 0.0196029 -0.0174711 0.00245979
 0.00961544 0.00510744 0.0181531 -0.0161323 0.00230456
 0.0094535 0.00501801 0.0173431 -0.0153776 0.00230855
 0.00903675 0.00472614 0.0157591 -0.0139229 0.00207527
 0.00867631 0.00449391 0.0145131 -0.0127868 0.00196112
 0.00829313 0.00421614 0.0135576 -0.0119361 0.00173708
 0.00809675 0.00412092 0.0122148 -0.0106925 0.00175476
 0.00784125 0.00398491 0.0116525 -0.0102051 0.00176713
 0.00743475 0.00366181 0.0108096 -0.00947125 0.00144922
 0.00726281 0.00358689 0.0104062 -0.00910262 0.00152869
 0.00714125 0.00347404 0.00995462 -0.00874312 0.0014147
 0.006714 0.00320673 0.00942012 -0.00826481 0.00126366
 0.00649925 0.00307807 0.00906837 -0.00799413 0.00120291
 0.00631481 0.00293548 0.00857069 -0.00758087 0.00110669
 0.0060588 0.00277743 0.008641 -0.00774262 0.00101351
 0.00583741 0.00265484 0.00816813 -0.00737175 0.000985288
 0.00581216 0.00264683 0.00829844 -0.00741856 0.00101002
 0.00562941 0.00255471 0.0080865 -0.00731994 0.000990275
 0.00543645 0.00246872 0.00769631 -0.00694825 0.00100027
 0.00518102 0.00232149 0.00780644 -0.00715031 0.000938506
 0.00502365 0.00222856 0.00774269 -0.00710856 0.000873744
 0.00501017 0.00221003 0.007833 -0.00721113 0.000860075
 0.00490322 0.00216104 0.00711037 -0.00656094 0.0008746
 0.00474561 0.00208799 0.00686506 -0.00639575 0.000863338
 0.00456007 0.00196321 0.00692431 -0.00649019 0.000760494
 0.00447589 0.00194319 0.00675087 -0.00634413 0.000793244
 0.0043039 0.00185932 0.0065065 -0.006157 0.0007497
 0.00423939 0.00182251 0.00634969 -0.00601166 0.000742188
 0.00409957 0.00175643 0.00580019 -0.00549716 0.000715575
 0.00399131 0.00170177 0.00557086 -0.00532094 0.0006951
 0.00390598 0.00165646 0.00514603 -0.00489221 0.000674181
 0.00375848 0.00158332 0.00499797 -0.00476777 0.000650644
 0.00363129 0.00152223 0.004626 -0.00443133 0.000612488
 0 0 0 0 0
 0 0 0 0 0
 0 0 0 0 0
 0 0 0 0 0
 0 0 0 0 0
 0 0 0 0 0
 0 0 0 0 0
 0 0 0 0 0
 0 0 0 0 0
 0 0 0 0 0
 0 0 0 0 0
 0 0 0 0 0
 0 0 0 0 0
 0 0 0 0 0
 0 0 0 0 0
 0 0 0 0 0
 0 0 0 0 0
 0 0 0 0 0
 0 0 0 0 0
 0 0 0 0 0
 0 0 0 0 0
 0 0 0 0 0
 0 0 0 0 0
 0 0 0 0 0
 0 0 0 0 0
 0 0 0 0 0
 0 0 0 0 0
 0 0 0 0 0
 0 0 0 0 0
 0 0 0 0 0
 0 0 0 0 0
 0 0 0 0 0
 0 0 0 0 0
 0 0 0 0 0
 0 0 0 0 0
 0 0 0 0 0
 0 0 0 0 0
 0 0 0 0 0
 0 0 0 0 0
 0 0 0 0 0
 0 0 0 0 0
 0 0 0 0 0
 0 0 0 0 0
 0 0 0 0 0
 0 0 0 0 0
 0 0 0 0 0
 0 0 0 0 0
 0 0 0 0 0
 0 0 0 0 0
 0 0 0 0 0
 0 0 0 0 0
 0 0 0 0 0
 0 0 0 0 0
 0 0 0 0 0
 1.63847 1.52878 0.0301384 -0.0198243 1.43021
 0.73695 0.674575 0.0318936 -0.0216666 0.620864
 0.414071 0.371874 0.0322805 -0.0224881 0.337232
 0.274686 0.242058 0.0333701 -0.0240946 0.216305
 0.199309 0.172186 0.0350049 -0.0262399 0.15132
 0.153974 0.130584 0.0366527 -0.0280008 0.113282
 0.123961 0.103121 0.0385023 -0.0301415 0.0880419
 0.102602 0.0837869 0.0404022 -0.0324781 0.0705112
 0.0867206 0.0694537 0.0419207 -0.0343174 0.0574794
 0.0738825 0.0581098 0.0425589 -0.0355082 0.0473843
 0.0647106 0.0499268 0.045051 -0.0381482 0.040031
 0.0585714 0.0444155 0.0472964 -0.0404488 0.0351046
 0.0505751 0.0376452 0.0474465 -0.0412017 0.0292887
 0.0453844 0.0331681 0.0484251 -0.0424626 0.0252903
 0.0414652 0.0297639 0.0497525 -0.0440468 0.0223041
 0.0370924 0.0262229 0.0501899 -0.0447765 0.0194554
 0.0335516 0.0233085 0.0492536 -0.0441871 0.0170168
 0.0309231 0.0210889 0.0495833 -0.0446816 0.0150141
 0.0280159 0.0188206 0.0485293 -0.0438748 0.0132389
 0.0257601 0.0169781 0.0479211 -0.0435198 0.0115924
 0.0233401 0.0151337 0.04617 -0.0421228 0.0101501
 0.0219368 0.0140492 0.0454547 -0.0414589 0.00931688
 0.0199224 0.0124981 0.0438144 -0.0400459 0.0080115
 0.0184296 0.0113581 0.0419756 -0.0383746 0.00703913
 0.0172319 0.0104875 0.0403071 -0.0368864 0.00641756
 0.0161243 0.00970931 0.0388883 -0.0355209 0.00589381
 0.0150882 0.00891031 0.0370117 -0.0338776 0.00517215
 0.0144243 0.008434 0.0356569 -0.0325952 0.00485755
 0.0134937 0.00778812 0.0333156 -0.0304428 0.00439372
 0.0128301 0.00727112 0.0315657 -0.0287742 0.00390154
 0.0122516 0.00688894 0.0300478 -0.0273748 0.00366134
 0.0113413 0.00627569 0.027146 -0.0246482 0.00318086
 0.0111092 0.00612974 0.0261382 -0.0236591 0.00311493
 0.0104296 0.00568287 0.0235538 -0.0212857 0.00276479
 0.0100947 0.00550032 0.0215806 -0.0194101 0.00270548
 0.00982406 0.00526167 0.0202524 -0.018133 0.00242067
 0.00949044 0.0051322 0.0185727 -0.0165962 0.00249378
 0.0091175 0.00487518 0.017195 -0.0152924 0.00228426
 0.008958 0.00471191 0.0161649 -0.0143143 0.00213134
 0.00848263 0.00446414 0.0149766 -0.0133106 0.00206066
 0.00818444 0.00423592 0.0136597 -0.0120624 0.00188053
 0.0079835 0.00407272 0.0129537 -0.0113846 0.00173659
 0.00767569 0.00389906 0.0117636 -0.0102774 0.00167168
 0.00720956 0.00359458 0.0111289 -0.00977481 0.00147477
 0.00709931 0.0035242 0.0103411 -0.00906519 0.00148099
 0.00682756 0.00334719 0.00982394 -0.00866594 0.00138066
 0.00667025 0.00323119 0.00930637 -0.00814719 0.001291
 0.0065005 0.00312096 0.00919175 -0.0081365 0.00124988
 0.00618305 0.00290713 0.00887344 -0.00788031 0.00113242
 0.00603358 0.00285708 0.008494 -0.00760144 0.00118781
 0.00582814 0.00270986 0.00804688 -0.00719969 0.00106534
 0.00559377 0.00257034 0.008119 -0.00727638 0.00100775
 0.00545043 0.00247827 0.00785244 -0.00711075 0.000961356
 0.00526846 0.00239265 0.00782619 -0.00711694 0.000938675
 0.00502973 0.00224424 0.00771187 -0.00705888 0.000854025
 0.00500592 0.00225611 0.00752869 -0.00692856 0.000912412
 0.00482049 0.00215203 0.00736369 -0.00680987 0.000868744
 0.0047118 0.00209854 0.00699687 -0.00647175 0.000858856
 0.00462328 0.00204479 0.00698944 -0.00647537 0.000831881
 0.00454268 0.00200419 0.00658988 -0.00616157 0.000829869
 0.0043556 0.00189766 0.00647138 -0.00606087 0.000759038
 0.00422905 0.00184222 0.00597234 -0.00562627 0.000750906
 0.00410115 0.00179368 0.00589523 -0.0055705 0.000756375
 0.0040932 0.00177215 0.00574388 -0.00544528 0.000732081
 0.00385587 0.00165895 0.00532221 -0.00504554 0.000680275
 0.00387111 0.00166496 0.00510833 -0.0048644 0.000695375
 0.00374468 0.0016 0.0049394 -0.00473754 0.000665437
 0 0 0 0 0
 0 0 0 0 0
 0 0 0 0 0
 0 0 0 0 0
 0 0 0 0 0
 0 0 0 0 0
 0 0 0 0 0
 0 0 0 0 0
 0 0 0 0 0
 0 0 0 0 0
 0 0 0 0 0
 0 0 0 0 0
 0 0 0 0 0
 0 0 0 0 0
 0 0 0 0 0
 0 0 0 0 0
 0 0 0 0 0
 0 0 0 0 0
 0 0 0 0 0
 0 0 0 0 0
 0 0 0 0 0
 0 0 0 0 0
 0 0 0 0 0
 0 0 0 0 0
 0 0 0 0 0
 0 0 0 0 0
 0 0 0 0 0
 0 0 0 0 0
 0 0 0 0 0
 0 0 0 0 0
 0 0 0 0 0
 0 0 0 0 0
 0 0 0 0 0
 0 0 0 0 0
 0 0 0 0 0
 0 0 0 0 0
 0 0 0 0 0
 0 0 0 0 0
 0 0 0 0 0
 0 0 0 0 0
 0 0 0 0 0
 0 0 0 0 0
 0 0 0 0 0
 0 0 0 0 0
 0 0 0 0 0
 0 0 0 0 0
 0 0 0 0 0
 0 0 0 0 0
 0 0 0 0 0
 0 0 0 0 0
 0 0 0 0 0
 0 0 0 0 0
 0 0 0 0 0
 0 0 0 0 0
 0 0 0 0 0
 1.61411 1.50997 0.0290711 -0.0187681 1.41628
 0.7 0.642631 0.0296806 -0.0197393 0.593338
 0.399341 0.359745 0.0307936 -0.0212707 0.3272
 0.261232 0.230975 0.0314346 -0.0222911 0.207156
 0.192264 0.166789 0.0328835 -0.0242142 0.147374
 0.146545 0.124801 0.0344956 -0.0259689 0.108843
 0.116907 0.0976875 0.0354819 -0.0274962 0.0839069
 0.0983463 0.0806656 0.037689 -0.0298647 0.0682794
 0.0813581 0.0654856 0.0388874 -0.0314176 0.0546036
 0.07152 0.0565387 0.0414868 -0.0342859 0.0464014
 0.0624865 0.0484667 0.0429594 -0.0361013 0.0389913
 0.0540443 0.0412113 0.0430436 -0.0366842 0.032836
 0.049404 0.0370063 0.0450788 -0.0389175 0.0289905
 0.0445492 0.0327251 0.0471863 -0.0412402 0.0251094
 0.0398232 0.0288194 0.0473528 -0.0417336 0.0218979
 0.0355608 0.0252662 0.0472099 -0.0419926 0.0188344
 0.0327764 0.0228979 0.0478622 -0.0427926 0.0167486
 0.0292616 0.0200452 0.0467751 -0.0419584 0.014313
 0.0277383 0.0187082 0.0477491 -0.0431423 0.013148
 0.0246988 0.0163718 0.0462167 -0.0419482 0.0112636
 0.0230329 0.0150664 0.0453934 -0.0412933 0.010275
 0.0213603 0.0137935 0.0446226 -0.0406873 0.00932156
 0.0196935 0.0124994 0.0437178 -0.0399516 0.00820919
 0.018035 0.0112056 0.0408967 -0.037351 0.00706388
 0.0167804 0.0102457 0.0399978 -0.0366117 0.00625137
 0.0156858 0.00953619 0.0380616 -0.0348316 0.00592819
 0.0150247 0.00895131 0.0372156 -0.0340833 0.00530476
 0.0138838 0.00814038 0.0352128 -0.0322272 0.00468289
 0.0128976 0.00745775 0.0325365 -0.0297579 0.0041809
 0.0124623 0.00714987 0.0312821 -0.0285736 0.00398369
 0.0117203 0.00660394 0.0296005 -0.0270246 0.00349319
 0.0112307 0.00625275 0.0275616 -0.0251212 0.00320859
 0.0105866 0.00590993 0.0250323 -0.0226763 0.00311753
 0.0103538 0.00575968 0.0239297 -0.0216516 0.00302547
 0.00981156 0.00536522 0.0219907 -0.0198365 0.00268362
 0.00946506 0.00512661 0.0199826 -0.0179548 0.00245283
 0.00926425 0.00499188 0.0188098 -0.0168093 0.00235992
 0.00910725 0.00490502 0.0175433 -0.0156558 0.00234784
 0.00851044 0.00449459 0.0158758 -0.014088 0.00200713
 0.00804537 0.00422645 0.0144963 -0.0128545 0.00188089
 0.00808719 0.0042565 0.0139151 -0.0122711 0.00197076
 0.00768438 0.00395822 0.0126089 -0.0110516 0.00174083
 0.007484 0.00388201 0.0118319 -0.0104001 0.00182036
 0.00701969 0.00345782 0.0111949 -0.00986788 0.00131611
 0.00702838 0.00351939 0.0105572 -0.00925888 0.00150649
 0.00664069 0.00327529 0.0099565 -0.00880306 0.00135923
 0.00645119 0.00316364 0.00933281 -0.00819906 0.00130281
 0.00620177 0.00302255 0.00890769 -0.00790913 0.00128327
 0.00603394 0.00285664 0.00846475 -0.00748456 0.00111152
 0.00584382 0.00277029 0.00852719 -0.00762456 0.00110858
 0.0056841 0.00268432 0.00817762 -0.00729006 0.00109251
 0.00553296 0.00258201 0.00798125 -0.00713913 0.00104919
 0.00532908 0.00246542 0.00764756 -0.00688694 0.000991969
 0.00521128 0.00240148 0.007594 -0.00689362 0.000991944
 0.00509143 0.0023129 0.00757731 -0.00688487 0.000910437
 0.00482863 0.00221389 0.00707381 -0.00649162 0.000949856
 0.00479619 0.00214754 0.00734994 -0.00678038 0.0008432
 0.00463836 0.00207026 0.00686231 -0.0063465 0.000821981
 0.00453488 0.00203418 0.00673794 -0.00628256 0.000844581
 0.00436667 0.00194256 0.00642206 -0.00604443 0.000799694
 0.00433326 0.0019239 0.00642469 -0.0060073 0.000813881
 0.00422657 0.00186465 0.00604307 -0.00568083 0.000784594
 0.00403379 0.00177851 0.00580871 -0.00549744 0.000754369
 0.00397267 0.00174452 0.00580337 -0.00551658 0.000740944
 0.00387843 0.00168896 0.00534191 -0.00506255 0.000710406
 0.00378904 0.00164647 0.00497321 -0.00472971 0.000699838
 0 0 0 0 0
 0 0 0 0 0
 0 0 0 0 0
 0 0 0 0 0
 0 0 0 0 0
 0 0 0 0 0
 0 0 0 0 0
 0 0 0 0 0
 0 0 0 0 0
 0 0 0 0 0
 0 0 0 0 0
 0 0 0 0 0
 0 0 0 0 0
 0 0 0 0 0
 0 0 0 0 0
 0 0 0 0 0
 0 0 0 0 0
 0 0 0 0 0
 0 0 0 0 0
 0 0 0 0 0
 0 0 0 0 0
 0 0 0 0 0
 0 0 0 0 0
 0 0 0 0 0
 0 0 0 0 0
 0 0 0 0 0
 0 0 0 0 0
 0 0 0 0 0
 0 0 0 0 0
 0 0 0 0 0
 0 0 0 0 0
 0 0 0 0 0
 0 0 0 0 0
 0 0 0 0 0
 0 0 0 0 0
 0 0 0 0 0
 0 0 0 0 0
 0 0 0 0 0
 0 0 0 0 0
 0 0 0 0 0
 0 0 0 0 0
 0 0 0 0 0
 0 0 0 0 0
 0 0 0 0 0
 0 0 0 0 0
 0 0 0 0 0
 0 0 0 0 0
 0 0 0 0 0
 0 0 0 0 0
 0 0 0 0 0
 0 0 0 0 0
 0 0 0 0 0
 0 0 0 0 0
 0 0 0 0 0
 0 0 0 0 0
 0 0 0 0 0
 1.57281 1.47497 0.027451 -0.0174427 1.38709
 0.665156 0.612409 0.0277446 -0.0182247 0.567248
 0.382345 0.345538 0.0289785 -0.0195929 0.315541
 0.253556 0.224921 0.0296974 -0.0208029 0.202428
 0.182739 0.159171 0.0313506 -0.0224999 0.141506
 0.14078 0.120373 0.0325662 -0.0242117 0.105448
 0.111109 0.0932294 0.0336129 -0.0257666 0.0805019
 0.0933119 0.0768587 0.0355724 -0.0278226 0.0653613
 0.077625 0.0627375 0.036554 -0.0293646 0.0525419
 0.0667337 0.0530407 0.0381339 -0.0311669 0.0439733
 0.0604291 0.0471802 0.0407141 -0.0338607 0.0385019
 0.0546251 0.0418902 0.0430069 -0.0365302 0.0336364
 0.0473051 0.0356074 0.0428979 -0.0368317 0.0280736
 0.0429155 0.0316977 0.0449061 -0.0390211 0.0244943
 0.0383753 0.02795 0.0448427 -0.0393382 0.0214772
 0.0343301 0.0245026 0.0451886 -0.040029 0.0183304
 0.0315717 0.0221809 0.0456952 -0.0406823 0.0163877
 0.0292452 0.0201547 0.0467248 -0.0419516 0.0144624
 0.0263868 0.0179389 0.0454406 -0.0409174 0.0127921
 0.0242164 0.0161658 0.0449189 -0.0406971 0.011266
 0.0223375 0.0147068 0.0443939 -0.0403616 0.0100728
 0.0207185 0.0134257 0.0436506 -0.0397659 0.00900737
 0.0195194 0.0124469 0.0428976 -0.0391344 0.00818263
 0.0176879 0.0110669 0.0409811 -0.0374422 0.00706656
 0.0166362 0.0103067 0.0399584 -0.0365594 0.00652813
 0.0154947 0.00947388 0.0381267 -0.0349096 0.00592032
 0.0147421 0.00885069 0.0370438 -0.0339297 0.00531974
 0.0138224 0.00818625 0.0351216 -0.0321394 0.00478898
 0.0126733 0.00736169 0.0327519 -0.0300227 0.0041484
 0.0121558 0.0070785 0.0307681 -0.0281216 0.00411387
 0.0116525 0.00664987 0.0298516 -0.0273087 0.00365659
 0.0110499 0.00620545 0.02736 -0.0249243 0.00324622
 0.0105279 0.00588047 0.0256751 -0.023363 0.00306161
 0.0102839 0.00570721 0.0243095 -0.0220331 0.00295681
 0.00967988 0.00534161 0.0221382 -0.0200011 0.00268919
 0.00938863 0.00515157 0.0206008 -0.0185105 0.00258237
 0.00903519 0.00486463 0.0190391 -0.0171096 0.00229007
 0.00875025 0.00473003 0.0177372 -0.0159081 0.0022579
 0.00849606 0.00455442 0.0162712 -0.014495 0.00216913
 0.0080435 0.0042854 0.0148281 -0.0131965 0.00202526
 0.00785487 0.00414883 0.0136338 -0.0120439 0.00193365
 0.0075875 0.00395904 0.0130936 -0.0116144 0.00179567
 0.00715712 0.00371583 0.0121094 -0.0107056 0.00171861
 0.00708425 0.00366122 0.0110968 -0.00978687 0.00169378
 0.00669844 0.00339743 0.0105831 -0.00932675 0.00151907
 0.00646344 0.00322899 0.00999131 -0.00883037 0.00138131
 0.00650887 0.00320473 0.00951006 -0.00842012 0.00135757
 0.006312 0.00309405 0.00903706 -0.00793463 0.00131869
 0.00585997 0.0028068 0.00866013 -0.0076875 0.00112335
 0.00576799 0.00276646 0.00834806 -0.00743194 0.00116714
 0.00546992 0.00259129 0.00812106 -0.007245 0.00107173
 0.0054091 0.00253435 0.00790294 -0.00711625 0.0010211
 0.005207 0.00242412 0.00740888 -0.00665531 0.0009724
 0.00499079 0.00230028 0.00731313 -0.00665275 0.000906756
 0.00494758 0.00228537 0.0074705 -0.0067955 0.0009457
 0.00487837 0.0022599 0.00730569 -0.00668819 0.000966231
 0.00470944 0.00215802 0.00700513 -0.00642194 0.000913319
 0.00455063 0.00205768 0.00687125 -0.00636906 0.0008336
 0.0043776 0.00196109 0.00655875 -0.00609131 0.000800394
 0.00425882 0.00190528 0.00603154 -0.00562044 0.000785844
 0.00417221 0.0018587 0.00592669 -0.00552614 0.0007672
 0.0041087 0.00182197 0.00586421 -0.00552342 0.000756544
 0.00396086 0.00176158 0.0056868 -0.00537211 0.000753475
 0.00396616 0.00175969 0.00568339 -0.00537498 0.000766813
 0.00379391 0.00167087 0.00525467 -0.00498183 0.000715781
 0 0 0 0 0
 0 0 0 0 0
 0 0 0 0 0
 0 0 0 0 0
 0 0 0 0 0
 0 0 0 0 0
 0 0 0 0 0
 0 0 0 0 0
 0 0 0 0 0
 0 0 0 0 0
 0 0 0 0 0
 0 0 0 0 0
 0 0 0 0 0
 0 0 0 0 0
 0 0 0 0 0
 0 0 0 0 0
 0 0 0 0 0
 0 0 0 0 0
 0 0 0 0 0
 0 0 0 0 0
 0 0 0 0 0
 0 0 0 0 0
 0 0 0 0 0
 0 0 0 0 0
 0 0 0 0 0
 0 0 0 0 0
 0 0 0 0 0
 0 0 0 0 0
 0 0 0 0 0
 0 0 0 0 0
 0 0 0 0 0
 0 0 0 0 0
 0 0 0 0 0
 0 0 0 0 0
 0 0 0 0 0
 0 0 0 0 0
 0 0 0 0 0
 0 0 0 0 0
 0 0 0 0 0
 0 0 0 0 0
 0 0 0 0 0
 0 0 0 0 0
 0 0 0 0 0
 0 0 0 0 0
 0 0 0 0 0
 0 0 0 0 0
 0 0 0 0 0
 0 0 0 0 0
 0 0 0 0 0
 0 0 0 0 0
 0 0 0 0 0
 0 0 0 0 0
 0 0 0 0 0
 0 0 0 0 0
 0 0 0 0 0
 0 0 0 0 0
 0 0 0 0 0
 1.57596 1.48131 0.0266964 -0.0165887 1.39616
 0.659738 0.609001 0.0270444 -0.0174276 0.565659
 0.364986 0.330816 0.0271395 -0.0180015 0.303026
 0.243299 0.216525 0.0283681 -0.0195276 0.195591
 0.173128 0.151227 0.0291822 -0.0208801 0.134727
 0.133544 0.114566 0.0302001 -0.0221618 0.100853
 0.107744 0.0907531 0.0315914 -0.0238774 0.0786925
 0.0883981 0.0731381 0.032862 -0.0253881 0.06259
 0.0743131 0.0603659 0.0340465 -0.0268755 0.050943
 0.0640306 0.0510906 0.0356341 -0.0287731 0.0425224
 0.0567505 0.0444679 0.0378084 -0.031245 0.0364144
 0.0505971 0.0389434 0.0394119 -0.0331292 0.03136
 0.0450822 0.0341582 0.0405253 -0.034511 0.0272423
 0.0402813 0.0299652 0.0413373 -0.0356422 0.0234828
 0.036923 0.027009 0.0431513 -0.0376976 0.0208072
 0.0336734 0.0242361 0.0436547 -0.0384664 0.0184337
 0.0304629 0.0215089 0.0438097 -0.0389022 0.0159763
 0.0276788 0.0192779 0.0435389 -0.038904 0.0141866
 0.0257946 0.0176517 0.0438349 -0.0393829 0.0127284
 0.0234025 0.0157893 0.0436036 -0.039367 0.0112095
 0.0218058 0.0144593 0.0429354 -0.0389151 0.0100578
 0.0203346 0.013262 0.0426769 -0.0387747 0.00903606
 0.0188919 0.0121144 0.0417079 -0.0380706 0.0080375
 0.0173147 0.0109178 0.0398364 -0.0363038 0.00709306
 0.0160742 0.0100506 0.0382437 -0.0348881 0.0064875
 0.0154239 0.00944687 0.0378833 -0.0346421 0.00585486
 0.0142403 0.00862556 0.035885 -0.0328462 0.00531113
 0.0134884 0.00808681 0.0344306 -0.0315155 0.00490346
 0.0124844 0.00737112 0.0320459 -0.0292739 0.00434511
 0.012168 0.007058 0.0315792 -0.0288525 0.00394866
 0.0114546 0.00658681 0.0293803 -0.0267841 0.00367062
 0.0108553 0.00615605 0.0277498 -0.0252756 0.00333154
 0.0102745 0.00577413 0.0260055 -0.0237152 0.00307169
 0.00974806 0.00543425 0.0240343 -0.0218314 0.00282376
 0.00952219 0.0052845 0.0225081 -0.0204014 0.00273193
 0.00910594 0.00500679 0.0205894 -0.0185704 0.00251032
 0.00874937 0.00478523 0.0190675 -0.0171612 0.00236961
 0.00862688 0.0047344 0.0177912 -0.0159406 0.00238457
 0.00822363 0.00440893 0.0164311 -0.0146614 0.00206127
 0.00792512 0.00423699 0.0147798 -0.0131303 0.00201097
 0.00759744 0.00396514 0.0140871 -0.0125854 0.00174004
 0.00743762 0.00394333 0.0128957 -0.0114211 0.00188037
 0.0071705 0.00374601 0.0120411 -0.0106706 0.00171846
 0.00690513 0.00359152 0.0113494 -0.0100338 0.00168162
 0.00661787 0.00340938 0.0106941 -0.00948 0.00159166
 0.00645581 0.00324589 0.010148 -0.00895125 0.00141977
 0.00624555 0.00313819 0.00950169 -0.00840706 0.00140934
 0.00599973 0.00296216 0.00889387 -0.00788812 0.00128712
 0.0058128 0.00285502 0.00858031 -0.00760137 0.00122504
 0.00563872 0.00272341 0.00814194 -0.00721231 0.00113823
 0.00551357 0.00266499 0.00769469 -0.00685081 0.00116646
 0.00530053 0.00254288 0.00778169 -0.00698444 0.00111572
 0.00506413 0.00238146 0.00746206 -0.0067285 0.000986081
 0.00504126 0.00238346 0.00707319 -0.0064205 0.00102866
 0.00487643 0.00228936 0.00684688 -0.00624516 0.000984069
 0.0046509 0.00216072 0.00691525 -0.00632675 0.00091245
 0.00459258 0.00211286 0.0067555 -0.00621586 0.000886375
 0.00450137 0.00206753 0.006405 -0.00590636 0.000884806
 0.00442204 0.00204299 0.00624875 -0.00580911 0.000911312
 0.00423815 0.00192686 0.00616048 -0.00571183 0.000830063
 0.00412151 0.0018594 0.00606809 -0.00569283 0.000794212
 0.0040448 0.00182808 0.00585417 -0.00550122 0.000793744
 0.00397584 0.00178889 0.00562319 -0.00527393 0.000771344
 0.00385941 0.00171834 0.00524737 -0.00496127 0.00072815
 0 0 0 0 0
 0 0 0 0 0
 0 0 0 0 0
 0 0 0 0 0
 0 0 0 0 0
 0 0 0 0 0
 0 0 0 0 0
 0 0 0 0 0
 0 0 0 0 0
 0 0 0 0 0
 0 0 0 0 0
 0 0 0 0 0
 0 0 0 0 0
 0 0 0 0 0
 0 0 0 0 0
 0 0 0 0 0
 0 0 0 0 0
 0 0 0 0 0
 0 0 0 0 0
 0 0 0 0 0
 0 0 0 0 0
 0 0 0 0 0
 0 0 0 0 0
 0 0 0 0 0
 0 0 0 0 0
 0 0 0 0 0
 0 0 0 0 0
 0 0 0 0 0
 0 0 0 0 0
 0 0 0 0 0
 0 0 0 0 0
 0 0 0 0 0
 0 0 0 0 0
 0 0 0 0 0
 0 0 0 0 0
 0 0 0 0 0
 0 0 0 0 0
 0 0 0 0 0
 0 0 0 0 0
 0 0 0 0 0
 0 0 0 0 0
 0 0 0 0 0
 0 0 0 0 0
 0 0 0 0 0
 0 0 0 0 0
 0 0 0 0 0
 0 0 0 0 0
 0 0 0 0 0
 0 0 0 0 0
 0 0 0 0 0
 0 0 0 0 0
 0 0 0 0 0
 0 0 0 0 0
 0 0 0 0 0
 0 0 0 0 0
 0 0 0 0 0
 0 0 0 0 0
 0 0 0 0 0
 1.52978 1.44109 0.0252966 -0.0154708 1.36131
 0.653812 0.605081 0.0263894 -0.0166746 0.5637
 0.35551 0.323112 0.0262556 -0.0172367 0.296844
 0.234414 0.209284 0.0272597 -0.0185686 0.189971
 0.167961 0.147241 0.0279907 -0.0196092 0.131835
 0.125293 0.107851 0.0284814 -0.0205281 0.0953088
 0.100935 0.0853681 0.0295358 -0.0219101 0.0745969
 0.0820175 0.0681094 0.0304911 -0.0232855 0.058657
 0.0701331 0.0572148 0.0318472 -0.0247891 0.0485988
 0.0623211 0.0499562 0.0341054 -0.0271923 0.0418766
 0.0538662 0.042408 0.0352032 -0.0287123 0.034942
 0.0478004 0.0369806 0.0364681 -0.0304622 0.0300421
 0.0434477 0.0330486 0.0385161 -0.0325424 0.0264946
 0.0387322 0.028948 0.0394848 -0.0338796 0.0227983
 0.0352769 0.0259512 0.040707 -0.0352833 0.0201903
 0.0322185 0.0232759 0.041275 -0.0361261 0.0177301
 0.0297543 0.0211927 0.0422364 -0.0374002 0.016001
 0.0268202 0.018776 0.0416862 -0.0370456 0.0139257
 0.0250311 0.0172366 0.0424337 -0.0379593 0.0125393
 0.022886 0.0154862 0.0425351 -0.0383534 0.0109934
 0.0211098 0.0140511 0.0419453 -0.037948 0.00979806
 0.0196971 0.0129399 0.0413301 -0.0375146 0.00887669
 0.0183371 0.0118499 0.0411559 -0.0375004 0.00795119
 0.0169175 0.0107646 0.0395227 -0.0360588 0.00707262
 0.0158302 0.0099605 0.0381151 -0.034837 0.0065015
 0.0150201 0.00926531 0.0370757 -0.0339386 0.00579284
 0.014005 0.00857319 0.0355381 -0.0325774 0.00534598
 0.0131396 0.0079 0.0342042 -0.0313207 0.00474734
 0.0122819 0.00730706 0.0318305 -0.0291202 0.00435438
 0.0117169 0.00684081 0.0305968 -0.0280261 0.00389013
 0.0111734 0.0064685 0.0289253 -0.0264087 0.00364254
 0.0105563 0.00605042 0.0272177 -0.0248302 0.00335163
 0.0101684 0.00580017 0.0257263 -0.0234468 0.0032071
 0.00961094 0.00541462 0.0240509 -0.0219052 0.00291714
 0.00918544 0.00519894 0.0221924 -0.0201501 0.0028815
 0.00889375 0.00492665 0.0205507 -0.0185924 0.00251911
 0.00869563 0.00485196 0.0191679 -0.0173249 0.00256149
 0.00826875 0.00451953 0.0178079 -0.0160331 0.0022309
 0.00821306 0.00448781 0.0165288 -0.0147823 0.00224649
 0.00779944 0.00421544 0.0151447 -0.0135417 0.00208189
 0.00738538 0.00396257 0.0139621 -0.0124771 0.00192502
 0.007219 0.00387119 0.0131126 -0.0116449 0.00191856
 0.00706956 0.00369837 0.0121346 -0.0107331 0.00172315
 0.00669881 0.00350802 0.0115353 -0.0102627 0.0016905
 0.00661469 0.00341411 0.0108978 -0.00962656 0.00155742
 0.00629675 0.00322718 0.010054 -0.0088675 0.00148604
 0.00604401 0.0030458 0.00924456 -0.00823656 0.00136693
 0.00580624 0.00292048 0.00921019 -0.00820412 0.00133643
 0.00574132 0.00284105 0.00866319 -0.00773 0.00125311
 0.00556658 0.00271719 0.00819931 -0.00730181 0.00115529
 0.00538886 0.00260694 0.00798269 -0.00713825 0.00110031
 0.00521968 0.00250485 0.00769744 -0.00691725 0.00107044
 0.00507697 0.00243566 0.007269 -0.00656406 0.00106826
 0.00490084 0.00234124 0.00730981 -0.00665125 0.00102989
 0.00478518 0.00224398 0.00688769 -0.00627394 0.000935463
 0.00461247 0.00216517 0.00667544 -0.00611619 0.000946388
 0.00450355 0.00210147 0.00654931 -0.00600774 0.000913988
 0.00437783 0.00202862 0.00640975 -0.00594694 0.000871831
 0.00429781 0.00197742 0.00606591 -0.00560266 0.000846331
 0.00426227 0.00196138 0.0064115 -0.00598584 0.000865356
 0.00405204 0.00185891 0.00582073 -0.00541462 0.000823738
 0.00392622 0.00178593 0.00550061 -0.00518225 0.000775037
 0.0037891 0.0017159 0.00541304 -0.00508481 0.000750275
 0 0 0 0 0
 0 0 0 0 0
 0 0 0 0 0
 0 0 0 0 0
 0 0 0 0 0
 0 0 0 0 0
 0 0 0 0 0
 0 0 0 0 0
 0 0 0 0 0
 0 0 0 0 0
 0 0 0 0 0
 0 0 0 0 0
 0 0 0 0 0
 0 0 0 0 0
 0 0 0 0 0
 0 0 0 0 0
 0 0 0 0 0
 0 0 0 0 0
 0 0 0 0 0
 0 0 0 0 0
 0 0 0 0 0
 0 0 0 0 0
 0 0 0 0 0
 0 0 0 0 0
 0 0 0 0 0
 0 0 0 0 0
 0 0 0 0 0
 0 0 0 0 0
 0 0 0 0 0
 0 0 0 0 0
 0 0 0 0 0
 0 0 0 0 0
 0 0 0 0 0
 0 0 0 0 0
 0 0 0 0 0
 0 0 0 0 0
 0 0 0 0 0
 0 0 0 0 0
 0 0 0 0 0
 0 0 0 0 0
 0 0 0 0 0
 0 0 0 0 0
 0 0 0 0 0
 0 0 0 0 0
 0 0 0 0 0
 0 0 0 0 0
 0 0 0 0 0
 0 0 0 0 0
 0 0 0 0 0
 0 0 0 0 0
 0 0 0 0 0
 0 0 0 0 0
 0 0 0 0 0
 0 0 0 0 0
 0 0 0 0 0
 0 0 0 0 0
 0 0 0 0 0
 0 0 0 0 0
 0 0 0 0 0
 1.52652 1.44104 0.0246946 -0.0149297 1.36428
 0.621996 0.57691 0.0249261 -0.0156148 0.538594
 0.344771 0.314181 0.0252793 -0.0162954 0.289531
 0.221512 0.198226 0.0254472 -0.0170587 0.180311
 0.16241 0.142877 0.0269129 -0.0185419 0.12859
 0.123267 0.10648 0.0276448 -0.0196527 0.0945463
 0.0968013 0.0821094 0.0279549 -0.020541 0.0719563
 0.080975 0.0675237 0.0291671 -0.0219711 0.0585146
 0.0685881 0.056194 0.0308357 -0.0238439 0.0479423
 0.0592587 0.0476976 0.0319585 -0.0252771 0.0402432
 0.0518721 0.0409819 0.0335629 -0.0271979 0.0339606
 0.0463139 0.0359511 0.0349126 -0.0287506 0.0293457
 0.0417459 0.0318906 0.0361642 -0.0303631 0.0257161
 0.0376639 0.028313 0.0370765 -0.0316444 0.0225509
 0.0339977 0.0251586 0.0385679 -0.0332502 0.0197896
 0.0311953 0.0226877 0.0395836 -0.0344809 0.0175152
 0.0286736 0.0204969 0.0404436 -0.0356473 0.0154786
 0.0263742 0.0185535 0.0408383 -0.0361237 0.0138339
 0.0242777 0.0168082 0.0409222 -0.0366484 0.012304
 0.0221413 0.0150569 0.0403264 -0.0362708 0.010791
 0.0206842 0.0138549 0.0403625 -0.036419 0.00971931
 0.0188659 0.01248 0.0393023 -0.0355598 0.00868169
 0.0175493 0.0114279 0.0387505 -0.0352366 0.00780669
 0.0165277 0.0106139 0.0382803 -0.0348924 0.00712594
 0.0155497 0.00980387 0.0374535 -0.0342485 0.00638731
 0.0146002 0.009147 0.0359072 -0.0328038 0.0059353
 0.0134787 0.00830394 0.0343226 -0.0313887 0.0052742
 0.0127133 0.00770556 0.0327964 -0.029987 0.00473961
 0.0120304 0.00719213 0.031688 -0.0290046 0.00432796
 0.0115282 0.0068375 0.0306616 -0.0280663 0.00408231
 0.0109912 0.00642331 0.0293135 -0.0267722 0.00367715
 0.0102307 0.00590301 0.0270304 -0.0246921 0.00332356
 0.00980931 0.0055826 0.0254906 -0.0232512 0.0030472
 0.00959075 0.00543902 0.0244283 -0.0222432 0.00295169
 0.0092135 0.00517891 0.0228095 -0.0206671 0.00276004
 0.00857969 0.00480199 0.0205367 -0.0185778 0.00251472
 0.00836556 0.00466879 0.0194747 -0.0176055 0.00246317
 0.00799687 0.00435837 0.0177311 -0.0160452 0.00213936
 0.00784081 0.00433709 0.0164403 -0.0147857 0.00225949
 0.00766606 0.00417474 0.0152751 -0.0136979 0.00208721
 0.00746363 0.00404813 0.0144221 -0.0129234 0.00202358
 0.00706075 0.0037805 0.013093 -0.0116723 0.00183145
 0.00683675 0.00364728 0.0123743 -0.0110491 0.00178982
 0.00654744 0.00339949 0.0116147 -0.010351 0.00154601
 0.00639969 0.00328664 0.010681 -0.00951375 0.00147469
 0.00619588 0.00320889 0.0100791 -0.00895206 0.00150801
 0.00607442 0.00310454 0.00922656 -0.00817588 0.00144304
 0.00566418 0.00285194 0.00877744 -0.00781919 0.00129779
 0.00561299 0.00280167 0.00858363 -0.00764888 0.00124164
 0.00547031 0.00269359 0.007952 -0.00706494 0.00117037
 0.00534302 0.00265324 0.00782525 -0.00696844 0.00121438
 0.00510239 0.00249017 0.00747575 -0.00670006 0.00110786
 0.00497381 0.00241075 0.00732706 -0.00661506 0.00107956
 0.00477838 0.00229331 0.00681588 -0.00615523 0.00101112
 0.00474546 0.00226767 0.00702181 -0.006364 0.00100461
 0.00454272 0.00214321 0.006645 -0.0060926 0.000929625
 0.0044412 0.00210018 0.00646031 -0.00596028 0.00093075
 0.00428566 0.00200072 0.00603244 -0.00554901 0.000866419
 0.00416935 0.00193219 0.00628494 -0.00582699 0.000832281
 0.00412054 0.00189999 0.00607099 -0.00565796 0.000820487
 0.00395049 0.00182806 0.00568737 -0.00531776 0.000804487
 0.00390106 0.00178389 0.00538211 -0.00504104 0.000776506
 0 0 0 0 0
 0 0 0 0 0
 0 0 0 0 0
 0 0 0 0 0
 0 0 0 0 0
 0 0 0 0 0
 0 0 0 0 0
 0 0 0 0 0
 0 0 0 0 0
 0 0 0 0 0
 0 0 0 0 0
 0 0 0 0 0
 0 0 0 0 0
 0 0 0 0 0
 0 0 0 0 0
 0 0 0 0 0
 0 0 0 0 0
 0 0 0 0 0
 0 0 0 0 0
 0 0 0 0 0
 0 0 0 0 0
 0 0 0 0 0
 0 0 0 0 0
 0 0 0 0 0
 0 0 0 0 0
 0 0 0 0 0
 0 0 0 0 0
 0 0 0 0 0
 0 0 0 0 0
 0 0 0 0 0
 0 0 0 0 0
 0 0 0 0 0
 0 0 0 0 0
 0 0 0 0 0
 0 0 0 0 0
 0 0 0 0 0
 0 0 0 0 0
 0 0 0 0 0
 0 0 0 0 0
 0 0 0 0 0
 0 0 0 0 0
 0 0 0 0 0
 0 0 0 0 0
 0 0 0 0 0
 0 0 0 0 0
 0 0 0 0 0
 0 0 0 0 0
 0 0 0 0 0
 0 0 0 0 0
 0 0 0 0 0
 0 0 0 0 0
 0 0 0 0 0
 0 0 0 0 0
 0 0 0 0 0
 0 0 0 0 0
 0 0 0 0 0
 0 0 0 0 0
 0 0 0 0 0
 0 0 0 0 0
 0 0 0 0 0
 1.50195 1.42051 0.0235372 -0.0140528 1.34723
 0.596221 0.554315 0.0233956 -0.0143045 0.518904
 0.334654 0.305713 0.0241964 -0.0154402 0.282543
 0.217333 0.195094 0.024764 -0.016354 0.178112
 0.154496 0.136233 0.0253034 -0.0172406 0.122845
 0.117483 0.101788 0.0260825 -0.0182386 0.0907206
 0.0929506 0.079115 0.0269893 -0.0195306 0.0696737
 0.0777575 0.0650625 0.0281345 -0.020836 0.0565667
 0.0644231 0.0529294 0.0286572 -0.0218737 0.0454067
 0.0560836 0.0453377 0.0299722 -0.0234628 0.0385032
 0.0491545 0.0390423 0.0311184 -0.0248918 0.0327384
 0.0442703 0.0345822 0.0327766 -0.0268154 0.0285713
 0.0391041 0.0300301 0.0333629 -0.0276944 0.0244249
 0.0358126 0.027021 0.0352696 -0.0298413 0.0216127
 0.0326304 0.0242069 0.0365206 -0.0313717 0.0190432
 0.0299885 0.021937 0.0376102 -0.0326664 0.0170571
 0.0273984 0.0197284 0.0381599 -0.0334421 0.0151115
 0.0253782 0.0179617 0.0390121 -0.0345721 0.0135224
 0.0231829 0.0161672 0.0392844 -0.0350331 0.0119726
 0.0217497 0.0149493 0.0398104 -0.0356909 0.010937
 0.0199189 0.0134716 0.0390764 -0.0351992 0.00966269
 0.0187399 0.0124741 0.0387636 -0.035056 0.00876463
 0.0175159 0.0114876 0.0384513 -0.0348828 0.00791606
 0.0158474 0.0102607 0.0362884 -0.0330365 0.00699781
 0.0152019 0.00969337 0.0365206 -0.0332979 0.00645
 0.0141036 0.00884481 0.0351087 -0.0321046 0.00573845
 0.0135834 0.00843119 0.0346083 -0.0316681 0.00541352
 0.0125357 0.00766244 0.0328244 -0.0299879 0.00479266
 0.0117826 0.00708931 0.0312157 -0.0285833 0.00428346
 0.0112411 0.00666481 0.030301 -0.0277234 0.00392176
 0.0105807 0.00618649 0.0281621 -0.0257846 0.00352797
 0.0100567 0.00585772 0.0265732 -0.0242766 0.00336612
 0.009647 0.00557871 0.0252064 -0.0230373 0.00317541
 0.00927888 0.00526465 0.0240671 -0.0219641 0.00284121
 0.00881788 0.00499886 0.0224954 -0.0204789 0.00272723
 0.00860069 0.00484554 0.0210231 -0.0190935 0.00262541
 0.00828256 0.00464191 0.0197955 -0.0179291 0.00246986
 0.0079455 0.00440571 0.0180009 -0.0162329 0.00227584
 0.00774744 0.00433243 0.0163993 -0.0147636 0.00233155
 0.00742837 0.00410448 0.0152437 -0.0137143 0.00211829
 0.00729881 0.00397111 0.0142101 -0.0126859 0.00197689
 0.007039 0.00376685 0.0135414 -0.0120925 0.00180453
 0.00664494 0.00355276 0.0124628 -0.0111333 0.00174927
 0.00644475 0.00342361 0.0116624 -0.0104513 0.00165852
 0.00627987 0.00332541 0.010777 -0.0096035 0.00164341
 0.00609375 0.00314216 0.0102201 -0.00913519 0.00143912
 0.00594565 0.00307374 0.00971875 -0.00861962 0.0014695
 0.00565725 0.00286291 0.00901825 -0.00805994 0.00129146
 0.00540269 0.00274589 0.00811419 -0.00719725 0.00127747
 0.00522247 0.00259326 0.00798931 -0.007113 0.00115003
 0.00509109 0.00253681 0.00773906 -0.00691419 0.00116742
 0.00495773 0.00244072 0.00738331 -0.00664931 0.00109806
 0.00472642 0.00230545 0.00727288 -0.00657719 0.00103366
 0.00471765 0.0023002 0.00698175 -0.00632012 0.00105218
 0.00454194 0.00219552 0.00670837 -0.00615637 0.000997981
 0.00443749 0.00210347 0.00658219 -0.00604122 0.000905994
 0.00433561 0.00206722 0.00658894 -0.00607571 0.000928919
 0.00417447 0.00196912 0.00610194 -0.00561859 0.000862681
 0.00415025 0.00196199 0.00604308 -0.00560997 0.000887062
 0.00391794 0.00183521 0.0059915 -0.00557268 0.000814869
 0.00395145 0.00183227 0.00559161 -0.00523761 0.000807875
 0 0 0 0 0
 0 0 0 0 0
 0 0 0 0 0
 0 0 0 0 0
 0 0 0 0 0
 0 0 0 0 0
 0 0 0 0 0
 0 0 0 0 0
 0 0 0 0 0
 0 0 0 0 0
 0 0 0 0 0
 0 0 0 0 0
 0 0 0 0 0
 0 0 0 0 0
 0 0 0 0 0
 0 0 0 0 0
 0 0 0 0 0
 0 0 0 0 0
 0 0 0 0 0
 0 0 0 0 0
 0 0 0 0 0
 0 0 0 0 0
 0 0 0 0 0
 0 0 0 0 0
 0 0 0 0 0
 0 0 0 0 0
 0 0 0 0 0
 0 0 0 0 0
 0 0 0 0 0
 0 0 0 0 0
 0 0 0 0 0
 0 0 0 0 0
 0 0 0 0 0
 0 0 0 0 0
 0 0 0 0 0
 0 0 0 0 0
 0 0 0 0 0
 0 0 0 0 0
 0 0 0 0 0
 0 0 0 0 0
 0 0 0 0 0
 0 0 0 0 0
 0 0 0 0 0
 0 0 0 0 0
 0 0 0 0 0
 0 0 0 0 0
 0 0 0 0 0
 0 0 0 0 0
 0 0 0 0 0
 0 0 0 0 0
 0 0 0 0 0
 0 0 0 0 0
 0 0 0 0 0
 0 0 0 0 0
 0 0 0 0 0
 0 0 0 0 0
 0 0 0 0 0
 0 0 0 0 0
 0 0 0 0 0
 0 0 0 0 0
 0 0 0 0 0
 1.48895 1.41089 0.0228274 -0.0134716 1.3408
 0.597171 0.556347 0.023141 -0.0140583 0.521944
 0.330669 0.302813 0.0236481 -0.0148847 0.2807
 0.208804 0.187966 0.0236735 -0.0154717 0.172276
 0.151924 0.134333 0.0248111 -0.0167193 0.121584
 0.113736 0.0988675 0.0250692 -0.0173578 0.0885525
 0.0896456 0.0765462 0.0255809 -0.0181542 0.0676756
 0.075155 0.0630706 0.0265673 -0.019625 0.0551607
 0.0633463 0.0522444 0.0278228 -0.0210097 0.0450758
 0.0537386 0.0435783 0.0283633 -0.0219596 0.0372048
 0.0474646 0.0378076 0.0295211 -0.0234262 0.0317422
 0.041894 0.0328818 0.0304896 -0.0247005 0.0274085
 0.0378989 0.0292258 0.0321236 -0.0264653 0.023923
 0.0339799 0.0257919 0.0327836 -0.0274292 0.0208737
 0.0312068 0.0232612 0.0346469 -0.029531 0.0184019
 0.0282834 0.0207561 0.0348881 -0.0301097 0.0162719
 0.0260999 0.0188824 0.0358846 -0.031354 0.0146079
 0.0244811 0.0174141 0.0374385 -0.0329984 0.0131981
 0.0227647 0.0159793 0.0376873 -0.0334609 0.0119706
 0.0210928 0.0145487 0.0380774 -0.0341086 0.0106831
 0.0196847 0.0133644 0.0382189 -0.034364 0.00961025
 0.0180498 0.0120269 0.0376744 -0.0340578 0.00839769
 0.016436 0.0108784 0.0362059 -0.032828 0.00764725
 0.0158732 0.0103238 0.036599 -0.0333351 0.00706113
 0.0149876 0.00963825 0.0359967 -0.0328995 0.00651575
 0.0139773 0.00881619 0.0352021 -0.0321562 0.00575817
 0.0130805 0.00815206 0.0333752 -0.0304818 0.00525306
 0.0124356 0.00765081 0.0329735 -0.0302419 0.00480724
 0.0116642 0.00708975 0.0312203 -0.0285897 0.00439944
 0.0109549 0.00656112 0.0296388 -0.0271485 0.00393011
 0.0103792 0.00613304 0.0284397 -0.0260299 0.00361126
 0.00997975 0.00584783 0.0267979 -0.0245058 0.00340431
 0.00959794 0.00560395 0.0255939 -0.0234165 0.00326223
 0.00889019 0.00512814 0.0234617 -0.0214157 0.00292014
 0.00857963 0.00491657 0.0218881 -0.0198869 0.00276264
 0.00826719 0.00468174 0.0206877 -0.0188185 0.00253178
 0.00810181 0.00458017 0.0193378 -0.0175514 0.00247586
 0.00775575 0.00435438 0.0176871 -0.015999 0.00232207
 0.00750756 0.00415471 0.0167756 -0.0151629 0.00212094
 0.00737894 0.00405977 0.0156926 -0.0141216 0.00203742
 0.007096 0.00390744 0.0144019 -0.0129203 0.00202334
 0.00669162 0.00362537 0.0133834 -0.0120145 0.00180941
 0.00664681 0.00358591 0.0122956 -0.0110227 0.00177842
 0.00632344 0.00334369 0.0116956 -0.0105163 0.00157672
 0.00612391 0.00323144 0.0108493 -0.00965431 0.00155336
 0.00599252 0.00313484 0.00991594 -0.00885987 0.00151838
 0.00567311 0.00293863 0.00956263 -0.00858037 0.0013774
 0.00562742 0.00290439 0.00888888 -0.00794025 0.00137559
 0.00535632 0.00271387 0.008564 -0.00769075 0.00123527
 0.00524544 0.00264487 0.00812169 -0.0072395 0.00122116
 0.0050269 0.00250031 0.00766919 -0.00691244 0.00111953
 0.00492122 0.00244743 0.00725744 -0.006526 0.00113595
 0.00468911 0.00230557 0.00698856 -0.00632319 0.00103354
 0.00466331 0.00228639 0.006834 -0.00617637 0.00103723
 0.00442996 0.00214272 0.00644669 -0.00588126 0.0009408
 0.00428639 0.00205502 0.00639063 -0.00585675 0.000899006
 0.00427119 0.00206059 0.00613497 -0.00562424 0.000948912
 0.00409356 0.00195422 0.0059392 -0.00547398 0.000888081
 0.00407263 0.00192783 0.00570024 -0.00526767 0.000858069
 0.00388947 0.00183959 0.00569027 -0.00529757 0.000840338
 0 0 0 0 0
 0 0 0 0 0
 0 0 0 0 0
 0 0 0 0 0
 0 0 0 0 0
 0 0 0 0 0
 0 0 0 0 0
 0 0 0 0 0
 0 0 0 0 0
 0 0 0 0 0
 0 0 0 0 0
 0 0 0 0 0
 0 0 0 0 0
 0 0 0 0 0
 0 0 0 0 0
 0 0 0 0 0
 0 0 0 0 0
 0 0 0 0 0
 0 0 0 0 0
 0 0 0 0 0
 0 0 0 0 0
 0 0 0 0 0
 0 0 0 0 0
 0 0 0 0 0
 0 0 0 0 0
 0 0 0 0 0
 0 0 0 0 0
 0 0 0 0 0
 0 0 0 0 0
 0 0 0 0 0
 0 0 0 0 0
 0 0 0 0 0
 0 0 0 0 0
 0 0 0 0 0
 0 0 0 0 0
 0 0 0 0 0
 0 0 0 0 0
 0 0 0 0 0
 0 0 0 0 0
 0 0 0 0 0
 0 0 0 0 0
 0 0 0 0 0
 0 0 0 0 0
 0 0 0 0 0
 0 0 0 0 0
 0 0 0 0 0
 0 0 0 0 0
 0 0 0 0 0
 0 0 0 0 0
 0 0 0 0 0
 0 0 0 0 0
 0 0 0 0 0
 0 0 0 0 0
 0 0 0 0 0
 0 0 0 0 0
 0 0 0 0 0
 0 0 0 0 0
 0 0 0 0 0
 0 0 0 0 0
 0 0 0 0 0
 0 0 0 0 0
 0 0 0 0 0
 1.49252 1.41666 0.0226655 -0.0131231 1.34843
 0.584546 0.545673 0.0226895 -0.0136375 0.512996
 0.316401 0.290403 0.0226347 -0.0140024 0.269866
 0.207174 0.186867 0.0229459 -0.014828 0.171499
 0.145731 0.129249 0.0234599 -0.0155278 0.117536
 0.108124 0.0942088 0.0236673 -0.0161332 0.0845644
 0.0850562 0.0728894 0.0238119 -0.0166914 0.064885
 0.0706719 0.0594961 0.0252559 -0.0182822 0.0522569
 0.0599029 0.0495826 0.0258661 -0.0192621 0.04304
 0.0514097 0.0418167 0.0268471 -0.0204276 0.035792
 0.0448469 0.0358777 0.0275322 -0.0216268 0.0303606
 0.0401342 0.0315982 0.0287045 -0.0229224 0.0264401
 0.035896 0.0277947 0.0297956 -0.0242888 0.0229307
 0.0332195 0.0253374 0.0314849 -0.0261264 0.0206393
 0.0299452 0.0224233 0.0326144 -0.0276116 0.0178987
 0.0277558 0.0204804 0.0339334 -0.0291404 0.0161628
 0.0261987 0.0190536 0.0356158 -0.0309687 0.0148163
 0.0236995 0.0169379 0.0354869 -0.0310901 0.0129406
 0.0219433 0.0154666 0.0360466 -0.0319142 0.0116526
 0.0205561 0.0142825 0.0367315 -0.0327502 0.0106127
 0.0186842 0.0127455 0.0360179 -0.032282 0.00921619
 0.0175704 0.0118611 0.0364408 -0.0328776 0.00854
 0.0165771 0.0110054 0.0363778 -0.0328961 0.0077245
 0.0153632 0.0100516 0.0348273 -0.0316581 0.00695381
 0.0144169 0.00930969 0.0348205 -0.0317246 0.00634162
 0.0133212 0.00847287 0.033136 -0.0302088 0.00561921
 0.0128719 0.00803188 0.0330663 -0.0302569 0.00514433
 0.0119557 0.00735762 0.0316223 -0.0289564 0.00460066
 0.0113864 0.00695981 0.0305609 -0.0279666 0.00434017
 0.0105113 0.00634094 0.0285273 -0.0260698 0.00387486
 0.0102093 0.00610616 0.0279448 -0.0255881 0.00368326
 0.00968831 0.00570116 0.0261349 -0.0239547 0.00332677
 0.00942625 0.00553321 0.025372 -0.0231513 0.00325473
 0.00883775 0.00514248 0.0237627 -0.0217225 0.00297489
 0.00854981 0.00488853 0.0222697 -0.0202893 0.00269022
 0.00824513 0.00474851 0.0209196 -0.0190666 0.00270945
 0.00790225 0.00448774 0.0194478 -0.0176471 0.00246853
 0.00766869 0.00425363 0.0181466 -0.0164843 0.00213953
 0.00740219 0.004205 0.0166637 -0.0150864 0.00233523
 0.00707994 0.00388572 0.0157101 -0.014165 0.00194794
 0.00678137 0.00374157 0.0142494 -0.0128351 0.00192192
 0.00657638 0.003625 0.0131862 -0.0118391 0.00189903
 0.00657719 0.00359669 0.0126919 -0.0113817 0.00186506
 0.00624011 0.00339518 0.0115736 -0.0103367 0.0017639
 0.0060552 0.00322117 0.0106994 -0.0095515 0.00157733
 0.00568424 0.00298007 0.0102925 -0.009271 0.00141806
 0.00561347 0.00295014 0.00956656 -0.00853462 0.00144769
 0.00542504 0.00280476 0.0090125 -0.00805456 0.00132632
 0.00536569 0.00275964 0.00838375 -0.00745375 0.00132233
 0.00502865 0.00255203 0.00803419 -0.00725319 0.00118687
 0.00495238 0.00248984 0.00767188 -0.00693394 0.0011468
 0.00474594 0.00234954 0.00729825 -0.00660919 0.00104016
 0.00465369 0.0023054 0.00697513 -0.00629681 0.00105494
 0.00454485 0.00222769 0.00684138 -0.00621688 0.000999056
 0.00438661 0.00214111 0.00647925 -0.00588529 0.000970681
 0.00427344 0.00207772 0.00623264 -0.00569199 0.000942981
 0.00418751 0.00203744 0.00618797 -0.00566919 0.000941287
 0.00407432 0.00195984 0.00586863 -0.00538036 0.000888775
 0.00396979 0.00190949 0.00563566 -0.00524171 0.0008863
 0 0 0 0 0
 0 0 0 0 0
 0 0 0 0 0
 0 0 0 0 0
 0 0 0 0 0
 0 0 0 0 0
 0 0 0 0 0
 0 0 0 0 0
 0 0 0 0 0
 0 0 0 0 0
 0 0 0 0 0
 0 0 0 0 0
 0 0 0 0 0
 0 0 0 0 0
 0 0 0 0 0
 0 0 0 0 0
 0 0 0 0 0
 0 0 0 0 0
 0 0 0 0 0
 0 0 0 0 0
 0 0 0 0 0
 0 0 0 0 0
 0 0 0 0 0
 0 0 0 0 0
 0 0 0 0 0
 0 0 0 0 0
 0 0 0 0 0
 0 0 0 0 0
 0 0 0 0 0
 0 0 0 0 0
 0 0 0 0 0
 0 0 0 0 0
 0 0 0 0 0
 0 0 0 0 0
 0 0 0 0 0
 0 0 0 0 0
 0 0 0 0 0
 0 0 0 0 0
 0 0 0 0 0
 0 0 0 0 0
 0 0 0 0 0
 0 0 0 0 0
 0 0 0 0 0
 0 0 0 0 0
 0 0 0 0 0
 0 0 0 0 0
 0 0 0 0 0
 0 0 0 0 0
 0 0 0 0 0
 0 0 0 0 0
 0 0 0 0 0
 0 0 0 0 0
 0 0 0 0 0
 0 0 0 0 0
 0 0 0 0 0
 0 0 0 0 0
 0 0 0 0 0
 0 0 0 0 0
 0 0 0 0 0
 0 0 0 0 0
 0 0 0 0 0
 0 0 0 0 0
 0 0 0 0 0
 1.50076 1.42692 0.0221111 -0.0127269 1.3606
 0.571377 0.534299 0.0219248 -0.0130873 0.503181
 0.305731 0.281167 0.0214709 -0.0132043 0.261839
 0.198321 0.179294 0.0220183 -0.0139958 0.165108
 0.140592 0.124979 0.0225238 -0.0146827 0.113844
 0.105296 0.0920175 0.0229366 -0.0154064 0.0830162
 0.0838644 0.0720537 0.0236624 -0.0164255 0.0642919
 0.0672912 0.0568391 0.0237679 -0.0170146 0.0501619
 0.0565384 0.0469686 0.0245588 -0.0181016 0.0409865
 0.0498299 0.04067 0.0254861 -0.0192031 0.0350176
 0.0427529 0.0343458 0.0261477 -0.0202322 0.0292497
 0.0379657 0.0300131 0.0266939 -0.0210372 0.0252983
 0.0348792 0.0271348 0.0285101 -0.0231591 0.0225691
 0.031772 0.0242913 0.0298342 -0.0246959 0.0198345
 0.0286209 0.0215684 0.0305251 -0.0256211 0.0174331
 0.0261502 0.0193675 0.0315794 -0.0269139 0.0153501
 0.0244851 0.0178586 0.0325186 -0.0280961 0.013916
 0.0221382 0.0158984 0.0331278 -0.0288952 0.0122311
 0.0209371 0.0147984 0.0343227 -0.0302376 0.0111837
 0.0194793 0.0135902 0.0344689 -0.0305604 0.0101624
 0.0183284 0.012565 0.0352168 -0.031558 0.00916406
 0.0170646 0.0115871 0.0352913 -0.0317464 0.008381
 0.0162202 0.0108519 0.0354686 -0.0320724 0.00774469
 0.0148724 0.00980006 0.0340615 -0.0309136 0.00686919
 0.0139996 0.00909312 0.0340759 -0.0310082 0.00623869
 0.0131018 0.00838913 0.0328025 -0.0298844 0.00563947
 0.0124227 0.00788138 0.0320126 -0.0292279 0.00524906
 0.011872 0.00745662 0.0313466 -0.0286674 0.0049105
 0.0111032 0.00682713 0.0300951 -0.0275369 0.00431417
 0.0106076 0.00645325 0.0294315 -0.0269492 0.00400997
 0.0100573 0.00606003 0.0275354 -0.0251782 0.00372088
 0.00957612 0.00569511 0.0262414 -0.0239904 0.00342251
 0.00915381 0.00538988 0.0250232 -0.0228733 0.00315129
 0.00874669 0.00513196 0.0235222 -0.0214912 0.00300915
 0.00827944 0.00474803 0.0219489 -0.0200446 0.00262227
 0.00802375 0.00459869 0.0209422 -0.0191022 0.00255634
 0.00770431 0.00440616 0.0188839 -0.0171613 0.00244248
 0.00742519 0.00421036 0.0180889 -0.016414 0.00227476
 0.00724787 0.00410534 0.0167932 -0.0151896 0.0022473
 0.00704519 0.00397964 0.015575 -0.0140948 0.00217729
 0.00687587 0.0038367 0.0146014 -0.0131663 0.00203736
 0.00661375 0.00361953 0.0137238 -0.0123384 0.00181567
 0.00636637 0.00353385 0.0123012 -0.0110194 0.00189826
 0.00604136 0.00330527 0.0113241 -0.0101507 0.00172084
 0.00593762 0.0031864 0.0110919 -0.00998394 0.00159402
 0.00570383 0.00302305 0.0102596 -0.0092155 0.00147311
 0.00547311 0.0028839 0.00922062 -0.00826562 0.00140243
 0.00522279 0.00270876 0.0088965 -0.00799588 0.00127647
 0.00514001 0.00266123 0.00853775 -0.00766681 0.00127067
 0.00501919 0.00257171 0.00801025 -0.00718769 0.00120399
 0.0048424 0.00246854 0.00753412 -0.00676269 0.00117086
 0.00467011 0.00236697 0.00726544 -0.00657119 0.0011393
 0.00451993 0.00226436 0.00709675 -0.00642944 0.00105383
 0.00441568 0.00221449 0.0065535 -0.00594997 0.00105038
 0.00424944 0.00210452 0.00655337 -0.00603305 0.000976281
 0.00418472 0.00206077 0.00615694 -0.00565181 0.000958087
 0.00411374 0.00202491 0.00591508 -0.00540593 0.000967269
 0.00401443 0.00193578 0.00567005 -0.00522727 0.000862775
 0 0 0 0 0
 0 0 0 0 0
 0 0 0 0 0
 0 0 0 0 0
 0 0 0 0 0
 0 0 0 0 0
 0 0 0 0 0
 0 0 0 0 0
 0 0 0 0 0
 0 0 0 0 0
 0 0 0 0 0
 0 0 0 0 0
 0 0 0 0 0
 0 0 0 0 0
 0 0 0 0 0
 0 0 0 0 0
 0 0 0 0 0
 0 0 0 0 0
 0 0 0 0 0
 0 0 0 0 0
 0 0 0 0 0
 0 0 0 0 0
 0 0 0 0 0
 0 0 0 0 0
 0 0 0 0 0
 0 0 0 0 0
 0 0 0 0 0
 0 0 0 0 0
 0 0 0 0 0
 0 0 0 0 0
 0 0 0 0 0
 0 0 0 0 0
 0 0 0 0 0
 0 0 0 0 0
 0 0 0 0 0
 0 0 0 0 0
 0 0 0 0 0
 0 0 0 0 0
 0 0 0 0 0
 0 0 0 0 0
 0 0 0 0 0
 0 0 0 0 0
 0 0 0 0 0
 0 0 0 0 0
 0 0 0 0 0
 0 0 0 0 0
 0 0 0 0 0
 0 0 0 0 0
 0 0 0 0 0
 0 0 0 0 0
 0 0 0 0 0
 0 0 0 0 0
 0 0 0 0 0
 0 0 0 0 0
 0 0 0 0 0
 0 0 0 0 0
 0 0 0 0 0
 0 0 0 0 0
 0 0 0 0 0
 0 0 0 0 0
 0 0 0 0 0
 0 0 0 0 0
 0 0 0 0 0
 0 0 0 0 0
 1.51146 1.43939 0.0217822 -0.0122808 1.37469
 0.565447 0.529761 0.0213144 -0.0125539 0.499882
 0.308498 0.284241 0.0215298 -0.0131479 0.265117
 0.195153 0.176824 0.0217198 -0.0136851 0.163221
 0.135118 0.120402 0.0215154 -0.0139189 0.110137
 0.101189 0.0886275 0.0218956 -0.0146403 0.0802175
 0.0799475 0.068825 0.0224729 -0.0154485 0.0615004
 0.0643663 0.0545424 0.022491 -0.0158902 0.0483747
 0.0554113 0.0461263 0.0236324 -0.0172097 0.0404012
 0.0475483 0.0389557 0.0239864 -0.0178836 0.0337735
 0.0413371 0.033305 0.0246042 -0.0188194 0.0285032
 0.0371502 0.0294526 0.0259459 -0.0203465 0.0248799
 0.0338984 0.0264619 0.0272194 -0.0217122 0.0220942
 0.0305047 0.0233964 0.028176 -0.0230699 0.0191632
 0.0281074 0.0212534 0.0292749 -0.0244281 0.0172398
 0.0259418 0.0193254 0.0311955 -0.0264879 0.0154607
 0.0234766 0.0172119 0.0311797 -0.026746 0.0135621
 0.0219109 0.0158184 0.0320114 -0.02779 0.0122235
 0.0205464 0.0146368 0.0330676 -0.029005 0.0112381
 0.0186673 0.013066 0.0332369 -0.0293891 0.00975387
 0.0177469 0.0122666 0.0339006 -0.0302009 0.00907012
 0.016537 0.0112452 0.033643 -0.0301859 0.00814675
 0.0157728 0.010581 0.0341659 -0.0308442 0.00752612
 0.0145034 0.009579 0.0331857 -0.0300447 0.00670087
 0.0137292 0.00899581 0.0331548 -0.0301211 0.00625444
 0.0127266 0.00821506 0.0318524 -0.0289781 0.0056208
 0.01226 0.00777294 0.031822 -0.0290262 0.00509595
 0.0114319 0.00719338 0.0302617 -0.0276164 0.00473864
 0.0109727 0.00684512 0.0298698 -0.0272476 0.00447143
 0.0103616 0.00632844 0.0284938 -0.0261267 0.00395781
 0.00982875 0.0059389 0.0272127 -0.0249113 0.00365599
 0.00919013 0.00553352 0.0256274 -0.0234859 0.00341969
 0.00903381 0.00535277 0.0249512 -0.0228526 0.00317755
 0.00840106 0.00494416 0.0228441 -0.0208791 0.00292008
 0.00826913 0.00484667 0.0222844 -0.0203673 0.00285914
 0.00791163 0.0045691 0.0207774 -0.0189892 0.00259748
 0.00766175 0.00442124 0.0195854 -0.017825 0.00252361
 0.00726925 0.0041328 0.0180944 -0.0164319 0.00225985
 0.00707062 0.00400868 0.0166647 -0.0151236 0.00219392
 0.00688025 0.00386931 0.0156621 -0.0141904 0.00206206
 0.00662069 0.00368811 0.0147622 -0.0133647 0.00194161
 0.00630694 0.00350974 0.0133601 -0.0120816 0.00185736
 0.00617869 0.00340508 0.0126496 -0.0113956 0.00177523
 0.00589539 0.00320052 0.0117359 -0.0105698 0.00161283
 0.00585555 0.00318018 0.0112653 -0.0101316 0.00163258
 0.00567756 0.00307458 0.0102361 -0.00917356 0.00160568
 0.00542759 0.00287929 0.009504 -0.00851413 0.00141541
 0.00521766 0.00273116 0.00887106 -0.007992 0.00130367
 0.00498656 0.00259274 0.00851656 -0.00765137 0.00125464
 0.00483525 0.00249215 0.00792613 -0.00714031 0.00119932
 0.0047652 0.00245919 0.00759669 -0.00686688 0.00120391
 0.00463775 0.00236764 0.00696481 -0.00627806 0.00114268
 0.00449518 0.00227814 0.00661294 -0.00599551 0.00108916
 0.00435137 0.00217636 0.00645888 -0.00583471 0.00101324
 0.00424971 0.00212187 0.006416 -0.00588188 0.00100886
 0.00412148 0.00204645 0.00623808 -0.00571546 0.000980919
 0.00401607 0.00197684 0.00599201 -0.00552141 0.000925894
 0 0 0 0 0
 0 0 0 0 0
 0 0 0 0 0
 0 0 0 0 0
 0 0 0 0 0
 0 0 0 0 0
 0 0 0 0 0
 0 0 0 0 0
 0 0 0 0 0
 0 0 0 0 0
 0 0 0 0 0
 0 0 0 0 0
 0 0 0 0 0
 0 0 0 0 0
 0 0 0 0 0
 0 0 0 0 0
 0 0 0 0 0
 0 0 0 0 0
 0 0 0 0 0
 0 0 0 0 0
 0 0 0 0 0
 0 0 0 0 0
 0 0 0 0 0
 0 0 0 0 0
 0 0 0 0 0
 0 0 0 0 0
 0 0 0 0 0
 0 0 0 0 0
 0 0 0 0 0
 0 0 0 0 0
 0 0 0 0 0
 0 0 0 0 0
 0 0 0 0 0
 0 0 0 0 0
 0 0 0 0 0
 0 0 0 0 0
 0 0 0 0 0
 0 0 0 0 0
 0 0 0 0 0
 0 0 0 0 0
 0 0 0 0 0
 0 0 0 0 0
 0 0 0 0 0
 0 0 0 0 0
 0 0 0 0 0
 0 0 0 0 0
 0 0 0 0 0
 0 0 0 0 0
 0 0 0 0 0
 0 0 0 0 0
 0 0 0 0 0
 0 0 0 0 0
 0 0 0 0 0
 0 0 0 0 0
 0 0 0 0 0
 0 0 0 0 0
 0 0 0 0 0
 0 0 0 0 0
 0 0 0 0 0
 0 0 0 0 0
 0 0 0 0 0
 0 0 0 0 0
 0 0 0 0 0
 0 0 0 0 0
 0 0 0 0 0
 1.48717 1.41838 0.0208661 -0.0117607 1.35666
 0.565787 0.531011 0.0210453 -0.0121827 0.502046
 0.301806 0.278632 0.0210837 -0.0126492 0.26057
 0.190359 0.17283 0.0211234 -0.01312 0.159928
 0.131957 0.117831 0.0208797 -0.0133214 0.108097
 0.0981487 0.0861819 0.0210211 -0.0139171 0.0782275
 0.0776094 0.0669987 0.0216504 -0.0147747 0.0601013
 0.0632375 0.0536835 0.0219511 -0.0153058 0.0477359
 0.0523009 0.0436644 0.0221327 -0.0159517 0.0383827
 0.0451911 0.0371342 0.0228294 -0.0168604 0.0323188
 0.0404444 0.0327274 0.0239179 -0.0181453 0.0281975
 0.0356914 0.0283989 0.0244207 -0.0188826 0.0241564
 0.0318646 0.0249521 0.0255442 -0.0202495 0.0209272
 0.0283914 0.0218866 0.0258652 -0.0209791 0.0181562
 0.0271603 0.0206105 0.0281089 -0.023175 0.0168116
 0.0241533 0.0180509 0.0282788 -0.0237459 0.0145488
 0.0230074 0.0169327 0.0300771 -0.0256884 0.0133859
 0.0211896 0.0153449 0.0308173 -0.0266342 0.0119573
 0.0198004 0.0141607 0.0315489 -0.0276063 0.0108999
 0.0184126 0.0129672 0.0324404 -0.0286796 0.009828
 0.0172413 0.0119757 0.0327576 -0.0291291 0.00893119
 0.0159892 0.0109001 0.0327492 -0.0293284 0.00789475
 0.0148626 0.0100549 0.0321554 -0.0289215 0.00727519
 0.0141429 0.00940025 0.0326602 -0.0295507 0.00660463
 0.0134319 0.0088265 0.0320239 -0.0290309 0.00614114
 0.0124861 0.00811481 0.0314991 -0.0286896 0.00558092
 0.0118486 0.00758906 0.0306434 -0.0279363 0.00510934
 0.011231 0.00708325 0.0297875 -0.0271933 0.00464601
 0.0104947 0.00657231 0.0290922 -0.0266224 0.00429355
 0.00990244 0.0060931 0.0275797 -0.0252286 0.00383321
 0.0097215 0.00594459 0.0271927 -0.0249594 0.00373244
 0.00905431 0.00541467 0.0256557 -0.0235246 0.0032254
 0.00861819 0.00512331 0.0245355 -0.0224732 0.00305386
 0.00834081 0.00488541 0.0231766 -0.0212153 0.00281069
 0.00796444 0.00464814 0.0220247 -0.0201196 0.0026719
 0.00768994 0.00445419 0.0205575 -0.0187481 0.00254404
 0.00741519 0.00425471 0.0193069 -0.01764 0.00236311
 0.00711731 0.00405054 0.0181155 -0.0164996 0.00220102
 0.00695019 0.00396294 0.0168981 -0.0153674 0.00217296
 0.00664969 0.00377128 0.0157678 -0.0143103 0.00205769
 0.00645469 0.00364341 0.0144361 -0.0130725 0.00197291
 0.00632044 0.00355581 0.0135076 -0.0122287 0.00192714
 0.00602682 0.00336264 0.01238 -0.0111641 0.00180477
 0.00578993 0.0031766 0.0117554 -0.0106287 0.00164583
 0.00572016 0.00310783 0.0108992 -0.00978956 0.00158193
 0.00550726 0.00298632 0.0101981 -0.00916181 0.00155013
 0.00533818 0.00286742 0.00966737 -0.00871956 0.00146257
 0.00509687 0.00272684 0.00870775 -0.00780075 0.00139879
 0.0049668 0.00260767 0.00853206 -0.00768225 0.00127377
 0.00480875 0.00252024 0.007875 -0.00711006 0.00125069
 0.00460161 0.00238868 0.00750306 -0.00678725 0.00118385
 0.00454991 0.00232964 0.00715419 -0.00645231 0.00111146
 0.00431682 0.00218331 0.006668 -0.00607822 0.00103001
 0.00432666 0.00218572 0.00669819 -0.00606218 0.00103428
 0.0041989 0.00212564 0.00633081 -0.00577289 0.00104281
 0.00403293 0.00202365 0.00581477 -0.00530514 0.000970081
 0 0 0 0 0
 0 0 0 0 0
 0 0 0 0 0
 0 0 0 0 0
 0 0 0 0 0
 0 0 0 0 0
 0 0 0 0 0
 0 0 0 0 0
 0 0 0 0 0
 0 0 0 0 0
 0 0 0 0 0
 0 0 0 0 0
 0 0 0 0 0
 0 0 0 0 0
 0 0 0 0 0
 0 0 0 0 0
 0 0 0 0 0
 0 0 0 0 0
 0 0 0 0 0
 0 0 0 0 0
 0 0 0 0 0
 0 0 0 0 0
 0 0 0 0 0
 0 0 0 0 0
 0 0 0 0 0
 0 0 0 0 0
 0 0 0 0 0
 0 0 0 0 0
 0 0 0 0 0
 0 0 0 0 0
 0 0 0 0 0
 0 0 0 0 0
 0 0 0 0 0
 0 0 0 0 0
 0 0 0 0 0
 0 0 0 0 0
 0 0 0 0 0
 0 0 0 0 0
 0 0 0 0 0
 0 0 0 0 0
 0 0 0 0 0
 0 0 0 0 0
 0 0 0 0 0
 0 0 0 0 0
 0 0 0 0 0
 0 0 0 0 0
 0 0 0 0 0
 0 0 0 0 0
 0 0 0 0 0
 0 0 0 0 0
 0 0 0 0 0
 0 0 0 0 0
 0 0 0 0 0
 0 0 0 0 0
 0 0 0 0 0
 0 0 0 0 0
 0 0 0 0 0
 0 0 0 0 0
 0 0 0 0 0
 0 0 0 0 0
 0 0 0 0 0
 0 0 0 0 0
 0 0 0 0 0
 0 0 0 0 0
 0 0 0 0 0
 0 0 0 0 0
 1.50286 1.4354 0.0207691 -0.0115841 1.37482
 0.554409 0.521089 0.0205033 -0.0118286 0.493269
 0.289846 0.268079 0.0200599 -0.0118879 0.251213
 0.185549 0.168772 0.0205575 -0.0127234 0.156452
 0.129917 0.116276 0.0205999 -0.0130347 0.106893
 0.0962494 0.0846912 0.0209036 -0.0137147 0.0770444
 0.0772894 0.0669169 0.0213457 -0.0142947 0.0602941
 0.0616919 0.0525681 0.0210386 -0.0145018 0.0470281
 0.0516187 0.0432447 0.0215303 -0.0153727 0.0382175
 0.0441894 0.0363955 0.0219324 -0.0160398 0.0317755
 0.0388102 0.0314556 0.0228416 -0.0171432 0.0271705
 0.0334179 0.0266779 0.0228609 -0.0175266 0.0228226
 0.0306059 0.0240672 0.0236446 -0.0185841 0.0203697
 0.0279306 0.0216115 0.0252709 -0.0202608 0.0180261
 0.0255112 0.0194179 0.0261884 -0.0214637 0.0159218
 0.0233156 0.0175203 0.0266489 -0.0222019 0.0142517
 0.0222532 0.0164391 0.0285261 -0.0240906 0.0130925
 0.0204356 0.0148464 0.0294571 -0.0253422 0.0115721
 0.0193571 0.0138812 0.0304993 -0.0265931 0.0107276
 0.0180244 0.0127556 0.0309348 -0.0271822 0.00973437
 0.0165404 0.0115429 0.0308099 -0.0273026 0.0086875
 0.0155542 0.0107364 0.0312379 -0.0278988 0.00799619
 0.0147838 0.0100193 0.0320585 -0.0288068 0.00724381
 0.0135358 0.0090365 0.0307038 -0.0277392 0.00641956
 0.0131886 0.00873431 0.0311688 -0.0282214 0.00618664
 0.0122137 0.00796462 0.0306167 -0.0278569 0.00550908
 0.0116039 0.00747144 0.0301438 -0.0274853 0.00508099
 0.0110669 0.00705181 0.0293547 -0.0268109 0.00472357
 0.0102858 0.00645219 0.0282644 -0.0258201 0.00420188
 0.00993944 0.00615925 0.0275103 -0.0252143 0.00394977
 0.00927312 0.00569624 0.0259419 -0.0236921 0.00362095
 0.00880819 0.00531467 0.0249344 -0.0228651 0.00324242
 0.0085935 0.00517941 0.0242369 -0.0222231 0.00318944
 0.00817481 0.00488557 0.0230159 -0.0210772 0.00298249
 0.00781437 0.00460287 0.0218236 -0.0199836 0.00269699
 0.00753081 0.00440779 0.0209839 -0.0192312 0.00257369
 0.00733881 0.00428149 0.0195939 -0.0179184 0.00248616
 0.007029 0.00409587 0.0180824 -0.0164941 0.00238909
 0.00683337 0.00392183 0.0167108 -0.0152094 0.0021998
 0.00653181 0.00373234 0.0154206 -0.0139761 0.00206908
 0.00632206 0.0036186 0.0142371 -0.0128939 0.00204069
 0.00603464 0.00335771 0.0133447 -0.0120803 0.00175568
 0.00596209 0.00332895 0.0126499 -0.0114303 0.00178116
 0.00574976 0.00322082 0.0113861 -0.0102754 0.00174918
 0.00552115 0.00301099 0.0109243 -0.00988825 0.00152633
 0.00543919 0.00298008 0.0103313 -0.0092985 0.00156399
 0.00520538 0.00282856 0.00962644 -0.00866575 0.00148142
 0.00501619 0.00268134 0.00890519 -0.00802687 0.00134141
 0.00485316 0.00254947 0.00844694 -0.00760538 0.00123153
 0.00466524 0.00247421 0.00795531 -0.00719087 0.00125826
 0.00451752 0.00234997 0.00732325 -0.00657619 0.00113939
 0.0044422 0.00230158 0.00720756 -0.00652981 0.00112759
 0.00423597 0.00217055 0.00661031 -0.00599656 0.00103824
 0.0041791 0.00212544 0.00649237 -0.00590065 0.00101453
 0.00407503 0.00206532 0.00610128 -0.00554862 0.000996787
 0 0 0 0 0
 0 0 0 0 0
 0 0 0 0 0
 0 0 0 0 0
 0 0 0 0 0
 0 0 0 0 0
 0 0 0 0 0
 0 0 0 0 0
 0 0 0 0 0
 0 0 0 0 0
 0 0 0 0 0
 0 0 0 0 0
 0 0 0 0 0
 0 0 0 0 0
 0 0 0 0 0
 0 0 0 0 0
 0 0 0 0 0
 0 0 0 0 0
 0 0 0 0 0
 0 0 0 0 0
 0 0 0 0 0
 0 0 0 0 0
 0 0 0 0 0
 0 0 0 0 0
 0 0 0 0 0
 0 0 0 0 0
 0 0 0 0 0
 0 0 0 0 0
 0 0 0 0 0
 0 0 0 0 0
 0 0 0 0 0
 0 0 0 0 0
 0 0 0 0 0
 0 0 0 0 0
 0 0 0 0 0
 0 0 0 0 0
 0 0 0 0 0
 0 0 0 0 0
 0 0 0 0 0
 0 0 0 0 0
 0 0 0 0 0
 0 0 0 0 0
 0 0 0 0 0
 0 0 0 0 0
 0 0 0 0 0
 0 0 0 0 0
 0 0 0 0 0
 0 0 0 0 0
 0 0 0 0 0
 0 0 0 0 0
 0 0 0 0 0
 0 0 0 0 0
 0 0 0 0 0
 0 0 0 0 0
 0 0 0 0 0
 0 0 0 0 0
 0 0 0 0 0
 0 0 0 0 0
 0 0 0 0 0
 0 0 0 0 0
 0 0 0 0 0
 0 0 0 0 0
 0 0 0 0 0
 0 0 0 0 0
 0 0 0 0 0
 0 0 0 0 0
 0 0 0 0 0
 1.53666 1.46966 0.0206717 -0.0114448 1.40951
 0.550639 0.518415 0.0201638 -0.0115407 0.491603
 0.289648 0.268398 0.0199223 -0.0116278 0.252069
 0.180689 0.164732 0.0198313 -0.0119909 0.153211
 0.126736 0.113611 0.0201447 -0.0127249 0.104552
 0.0936269 0.0825813 0.0199716 -0.0129003 0.0753881
 0.071765 0.0622949 0.0198453 -0.013187 0.0564309
 0.059772 0.0510369 0.0202794 -0.0138528 0.0457588
 0.0504912 0.0424073 0.0210316 -0.0147343 0.0376539
 0.0414755 0.0342486 0.0205801 -0.0148308 0.0300619
 0.0365198 0.0296978 0.0211134 -0.0156344 0.0258011
 0.0329253 0.0263763 0.0222216 -0.0169341 0.0226755
 0.0293864 0.0231666 0.0229349 -0.0178948 0.0196899
 0.0267771 0.0208101 0.0235559 -0.0186994 0.0174943
 0.0243961 0.0186278 0.0242618 -0.0196279 0.0153732
 0.022447 0.0169061 0.0253302 -0.0209059 0.0138066
 0.0206041 0.0152942 0.0259313 -0.0218898 0.0123056
 0.0197373 0.014433 0.0281958 -0.0241345 0.0113904
 0.0182582 0.0131385 0.0284979 -0.0246614 0.0101772
 0.0171408 0.0121991 0.0291197 -0.025434 0.00937325
 0.0163649 0.0115044 0.0301591 -0.0265775 0.00874194
 0.0149329 0.0103383 0.0297367 -0.0264352 0.00773988
 0.0142702 0.00973919 0.0303929 -0.0271991 0.00714344
 0.0134477 0.00909969 0.0305008 -0.0274829 0.00664625
 0.0125608 0.00834963 0.0301285 -0.0272673 0.00592831
 0.0121564 0.007942 0.0300702 -0.0272863 0.00546971
 0.0110908 0.00720131 0.0289443 -0.0263547 0.00497569
 0.010585 0.00676012 0.0282749 -0.0257701 0.00453313
 0.0102191 0.00645438 0.0278788 -0.0254772 0.00425899
 0.00945231 0.00591862 0.0262391 -0.0239703 0.00386493
 0.00925513 0.00572039 0.0264796 -0.0242339 0.0036437
 0.00866269 0.00531526 0.0246433 -0.0225562 0.00337769
 0.00820325 0.00499144 0.0231773 -0.0212413 0.00312607
 0.00788862 0.00473688 0.02238 -0.0205038 0.00289794
 0.00790163 0.004686 0.0221457 -0.0203133 0.00279499
 0.00734925 0.00433138 0.0203031 -0.0185575 0.00256818
 0.00708938 0.00414246 0.0190667 -0.0174234 0.00240633
 0.00674619 0.00390874 0.0177456 -0.0162106 0.00222939
 0.00664294 0.00384977 0.0166283 -0.0151398 0.00220539
 0.00643263 0.00370547 0.0155661 -0.0141649 0.00210934
 0.00615427 0.00354144 0.0141448 -0.0128181 0.00201954
 0.00596012 0.00335552 0.0134321 -0.0121967 0.00181418
 0.00585964 0.00330554 0.0124909 -0.0113116 0.00180932
 0.00555523 0.00311667 0.0116314 -0.0105257 0.00170401
 0.00535404 0.0029309 0.0108337 -0.00981894 0.00148557
 0.00529334 0.00288196 0.0103347 -0.00933487 0.00146613
 0.00514465 0.00279741 0.00952794 -0.00859138 0.00145044
 0.00505189 0.00270534 0.00899544 -0.00813163 0.00135651
 0.00488726 0.00262551 0.00859806 -0.00774925 0.00134783
 0.00456174 0.00239497 0.00791131 -0.00717225 0.00117283
 0.0045889 0.00244191 0.00751394 -0.00677662 0.00127008
 0.00436909 0.00228494 0.0073615 -0.00664675 0.00114194
 0.00422548 0.00220264 0.00657812 -0.00594678 0.00110666
 0.00417311 0.00215802 0.00650956 -0.00591893 0.00107095
 0 0 0 0 0
 0 0 0 0 0
 0 0 0 0 0
 0 0 0 0 0
 0 0 0 0 0
 0 0 0 0 0
 0 0 0 0 0
 0 0 0 0 0
 0 0 0 0 0
 0 0 0 0 0
 0 0 0 0 0
 0 0 0 0 0
 0 0 0 0 0
 0 0 0 0 0
 0 0 0 0 0
 0 0 0 0 0
 0 0 0 0 0
 0 0 0 0 0
 0 0 0 0 0
 0 0 0 0 0
 0 0 0 0 0
 0 0 0 0 0
 0 0 0 0 0
 0 0 0 0 0
 0 0 0 0 0
 0 0 0 0 0
 0 0 0 0 0
 0 0 0 0 0
 0 0 0 0 0
 0 0 0 0 0
 0 0 0 0 0
 0 0 0 0 0
 0 0 0 0 0
 0 0 0 0 0
 0 0 0 0 0
 0 0 0 0 0
 0 0 0 0 0
 0 0 0 0 0
 0 0 0 0 0
 0 0 0 0 0
 0 0 0 0 0
 0 0 0 0 0
 0 0 0 0 0
 0 0 0 0 0
 0 0 0 0 0
 0 0 0 0 0
 0 0 0 0 0
 0 0 0 0 0
 0 0 0 0 0
 0 0 0 0 0
 0 0 0 0 0
 0 0 0 0 0
 0 0 0 0 0
 0 0 0 0 0
 0 0 0 0 0
 0 0 0 0 0
 0 0 0 0 0
 0 0 0 0 0
 0 0 0 0 0
 0 0 0 0 0
 0 0 0 0 0
 0 0 0 0 0
 0 0 0 0 0
 0 0 0 0 0
 0 0 0 0 0
 0 0 0 0 0
 0 0 0 0 0
 0 0 0 0 0
 1.51937 1.45498 0.020197 -0.0110717 1.39714
 0.544105 0.512987 0.019535 -0.0111376 0.487231
 0.283492 0.263036 0.0196399 -0.011629 0.247267
 0.178977 0.163446 0.0196342 -0.0118214 0.152359
 0.122275 0.109874 0.0194532 -0.0120334 0.101523
 0.0907488 0.0802381 0.0191248 -0.0122122 0.073505
 0.0715694 0.0622518 0.0195007 -0.0128512 0.0565913
 0.0572139 0.0489762 0.019314 -0.0130464 0.0440926
 0.0477703 0.04021 0.0198237 -0.0138644 0.0358141
 0.0412134 0.0341122 0.0202829 -0.0145204 0.0300078
 0.0355927 0.0290346 0.0204151 -0.0149248 0.0253616
 0.0316296 0.0253966 0.0210984 -0.0159115 0.0219315
 0.0287383 0.0227212 0.0221319 -0.0170492 0.0193402
 0.0256503 0.0199677 0.0224107 -0.0177512 0.0168496
 0.0237393 0.0181822 0.0236412 -0.0190156 0.0150459
 0.0217157 0.016397 0.0243824 -0.0199971 0.0133963
 0.0203098 0.0151089 0.0257029 -0.0214981 0.0121625
 0.0186921 0.0137469 0.0260811 -0.0221207 0.0109797
 0.0175522 0.0127183 0.0267394 -0.0230424 0.0100372
 0.0163971 0.0116799 0.0275173 -0.0240279 0.00897781
 0.0153476 0.010789 0.0281455 -0.0247504 0.00819462
 0.0145859 0.0101152 0.0285723 -0.0253096 0.00757056
 0.0137548 0.00942944 0.029208 -0.0261036 0.00696413
 0.0129338 0.00878937 0.0289326 -0.0259443 0.00647481
 0.0124492 0.00833344 0.0294394 -0.0265706 0.00597898
 0.0115159 0.00760369 0.0285685 -0.0258835 0.00537704
 0.0108904 0.0070905 0.0282663 -0.025753 0.00490597
 0.0102628 0.0066185 0.0273343 -0.0248898 0.00453809
 0.00981063 0.00622237 0.0270723 -0.0247346 0.00412297
 0.00928288 0.00583164 0.0257825 -0.0235846 0.00383356
 0.00889706 0.00553714 0.0252707 -0.0231389 0.00358905
 0.00856975 0.00522799 0.0243275 -0.0223012 0.00324804
 0.00804444 0.00489637 0.0231246 -0.021181 0.00306861
 0.00793344 0.00479126 0.0227937 -0.0208855 0.00294776
 0.00756844 0.00451479 0.0213408 -0.0195582 0.00270093
 0.00711419 0.00419671 0.0199079 -0.0182368 0.00246459
 0.00688888 0.00402939 0.01911 -0.0175036 0.00232319
 0.00664319 0.00387294 0.0178187 -0.0162959 0.00222739
 0.006525 0.00382457 0.0166342 -0.0151614 0.00225447
 0.00620754 0.00358314 0.0153964 -0.0140383 0.0020339
 0.00612345 0.00350911 0.0145021 -0.0131921 0.00195393
 0.00597826 0.0033941 0.0136457 -0.0123902 0.00185452
 0.00566091 0.00319982 0.0124322 -0.0112977 0.00174571
 0.00550489 0.00309323 0.011697 -0.0105974 0.00168025
 0.00525218 0.00290398 0.0108796 -0.00985681 0.00153114
 0.00509147 0.00281768 0.0100741 -0.00910506 0.00150318
 0.00493001 0.00271429 0.00944063 -0.00852888 0.00144715
 0.00469372 0.00252789 0.00864525 -0.00782494 0.00126907
 0.0046787 0.00253795 0.00818425 -0.00739031 0.00133958
 0.00453286 0.00241987 0.00787406 -0.00714475 0.00122085
 0.00435941 0.00234004 0.00722038 -0.00652875 0.00123174
 0.00422767 0.00222554 0.00688725 -0.006265 0.00112582
 0.00411194 0.00214679 0.00652575 -0.00594429 0.00106716
 0 0 0 0 0
 0 0 0 0 0
 0 0 0 0 0
 0 0 0 0 0
 0 0 0 0 0
 0 0 0 0 0
 0 0 0 0 0
 0 0 0 0 0
 0 0 0 0 0
 0 0 0 0 0
 0 0 0 0 0
 0 0 0 0 0
 0 0 0 0 0
 0 0 0 0 0
 0 0 0 0 0
 0 0 0 0 0
 0 0 0 0 0
 0 0 0 0 0
 0 0 0 0 0
 0 0 0 0 0
 0 0 0 0 0
 0 0 0 0 0
 0 0 0 0 0
 0 0 0 0 0
 0 0 0 0 0
 0 0 0 0 0
 0 0 0 0 0
 0 0 0 0 0
 0 0 0 0 0
 0 0 0 0 0
 0 0 0 0 0
 0 0 0 0 0
 0 0 0 0 0
 0 0 0 0 0
 0 0 0 0 0
 0 0 0 0 0
 0 0 0 0 0
 0 0 0 0 0
 0 0 0 0 0
 0 0 0 0 0
 0 0 0 0 0
 0 0 0 0 0
 0 0 0 0 0
 0 0 0 0 0
 0 0 0 0 0
 0 0 0 0 0
 0 0 0 0 0
 0 0 0 0 0
 0 0 0 0 0
 0 0 0 0 0
 0 0 0 0 0
 0 0 0 0 0
 0 0 0 0 0
 0 0 0 0 0
 0 0 0 0 0
 0 0 0 0 0
 0 0 0 0 0
 0 0 0 0 0
 0 0 0 0 0
 0 0 0 0 0
 0 0 0 0 0
 0 0 0 0 0
 0 0 0 0 0
 0 0 0 0 0
 0 0 0 0 0
 0 0 0 0 0
 0 0 0 0 0
 0 0 0 0 0
 0 0 0 0 0
 1.50715 1.4451 0.0195379 -0.010592 1.3894
 0.541508 0.511309 0.0190888 -0.0107212 0.486402
 0.280829 0.261036 0.0193014 -0.0111374 0.24591
 0.176775 0.161713 0.0192004 -0.0114456 0.151043
 0.120666 0.108628 0.0189988 -0.0117046 0.100571
 0.0881344 0.0781006 0.0188387 -0.0118786 0.0717887
 0.0695469 0.0606274 0.0190181 -0.0124161 0.0552332
 0.0561038 0.0480895 0.0189583 -0.0126812 0.0433493
 0.0470753 0.0397344 0.0193316 -0.0133834 0.0355649
 0.0397072 0.0329696 0.0193836 -0.0136827 0.0291622
 0.03438 0.0281183 0.0196006 -0.0141972 0.0246979
 0.0304776 0.0245121 0.020205 -0.0150311 0.0211866
 0.0274515 0.0217835 0.0208341 -0.0159091 0.0186636
 0.024784 0.0193296 0.021362 -0.0167275 0.0163217
 0.0231041 0.0178112 0.0223779 -0.0178528 0.0149589
 0.0207908 0.0157766 0.0227464 -0.01851 0.0130555
 0.0189879 0.0141762 0.0232629 -0.0193374 0.0115354
 0.0184264 0.0135925 0.0252563 -0.0213729 0.0109179
 0.0170456 0.0123754 0.0262721 -0.0225674 0.00972644
 0.0158934 0.0113756 0.026207 -0.0226992 0.00879981
 0.0150597 0.0106459 0.0272134 -0.0238636 0.008125
 0.0143959 0.0100564 0.0281231 -0.0248438 0.00760394
 0.0134316 0.0092655 0.0282597 -0.02519 0.00691069
 0.0126757 0.00862531 0.0283925 -0.0254399 0.00631244
 0.0120314 0.00808913 0.0281663 -0.025374 0.00586028
 0.0111757 0.00739563 0.0275123 -0.0248758 0.00520921
 0.0108588 0.00711394 0.0280264 -0.0254692 0.00494813
 0.00987369 0.00640756 0.0263954 -0.0239869 0.00442729
 0.00947381 0.00605953 0.0259469 -0.0236921 0.00408701
 0.00927481 0.00587098 0.0258782 -0.0236592 0.00391496
 0.00869881 0.00546671 0.024821 -0.0227137 0.00360781
 0.00824906 0.00510942 0.0237539 -0.0217364 0.00328824
 0.00785125 0.00482024 0.0225014 -0.0205834 0.00307136
 0.00758038 0.00459434 0.0219665 -0.0201456 0.00284345
 0.00724919 0.00433801 0.020588 -0.0188304 0.00261812
 0.00699238 0.00416433 0.0196439 -0.0180091 0.00250536
 0.00676138 0.00399686 0.0187619 -0.0171811 0.00236588
 0.00641269 0.00375397 0.0172246 -0.0157738 0.00218005
 0.00632081 0.00371654 0.0164193 -0.0149896 0.00219113
 0.00614974 0.00358661 0.0154553 -0.0140774 0.00207484
 0.00585874 0.00339516 0.0140173 -0.0127824 0.00195066
 0.00576101 0.00333687 0.0132299 -0.0120442 0.00193993
 0.00550519 0.00314099 0.0121955 -0.0110827 0.00174944
 0.00539641 0.00306433 0.0115987 -0.0105132 0.0017035
 0.00528587 0.002954 0.0113081 -0.0102445 0.00158157
 0.00497481 0.00277022 0.0101489 -0.00917269 0.00149982
 0.00486385 0.00269293 0.00939738 -0.00847319 0.00144533
 0.00482848 0.00267279 0.00901 -0.00815019 0.00146185
 0.00454793 0.00246262 0.00825381 -0.00748075 0.00128184
 0.00444079 0.00241736 0.00786075 -0.00713862 0.00129022
 0.00424394 0.00226032 0.00723212 -0.00659038 0.00114984
 0.00416272 0.00221986 0.00707731 -0.00641963 0.00114997
 0 0 0 0 0
 0 0 0 0 0
 0 0 0 0 0
 0 0 0 0 0
 0 0 0 0 0
 0 0 0 0 0
 0 0 0 0 0
 0 0 0 0 0
 0 0 0 0 0
 0 0 0 0 0
 0 0 0 0 0
 0 0 0 0 0
 0 0 0 0 0
 0 0 0 0 0
 0 0 0 0 0
 0 0 0 0 0
 0 0 0 0 0
 0 0 0 0 0
 0 0 0 0 0
 0 0 0 0 0
 0 0 0 0 0
 0 0 0 0 0
 0 0 0 0 0
 0 0 0 0 0
 0 0 0 0 0
 0 0 0 0 0
 0 0 0 0 0
 0 0 0 0 0
 0 0 0 0 0
 0 0 0 0 0
 0 0 0 0 0
 0 0 0 0 0
 0 0 0 0 0
 0 0 0 0 0
 0 0 0 0 0
 0 0 0 0 0
 0 0 0 0 0
 0 0 0 0 0
 0 0 0 0 0
 0 0 0 0 0
 0 0 0 0 0
 0 0 0 0 0
 0 0 0 0 0
 0 0 0 0 0
 0 0 0 0 0
 0 0 0 0 0
 0 0 0 0 0
 0 0 0 0 0
 0 0 0 0 0
 0 0 0 0 0
 0 0 0 0 0
 0 0 0 0 0
 0 0 0 0 0
 0 0 0 0 0
 0 0 0 0 0
 0 0 0 0 0
 0 0 0 0 0
 0 0 0 0 0
 0 0 0 0 0
 0 0 0 0 0
 0 0 0 0 0
 0 0 0 0 0
 0 0 0 0 0
 0 0 0 0 0
 0 0 0 0 0
 0 0 0 0 0
 0 0 0 0 0
 0 0 0 0 0
 0 0 0 0 0
 0 0 0 0 0
 1.51467 1.45404 0.0192241 -0.0103358 1.39969
 0.523998 0.495405 0.0189046 -0.0105142 0.471807
 0.277381 0.258249 0.0189856 -0.0108219 0.243646
 0.170119 0.155864 0.0184885 -0.0110676 0.145744
 0.117634 0.106045 0.0186454 -0.0113433 0.0982987
 0.0869125 0.07712 0.0183104 -0.0115379 0.0709212
 0.0679756 0.0593607 0.0184752 -0.0119061 0.0541957
 0.0555519 0.0477564 0.0185453 -0.0123066 0.043255
 0.0443716 0.0375312 0.0180155 -0.0122573 0.0336713
 0.0386492 0.0321829 0.0187211 -0.0131244 0.0285864
 0.0337988 0.0276944 0.0191164 -0.0137194 0.0242964
 0.0296329 0.0239192 0.0193846 -0.0142394 0.0208015
 0.0265466 0.0211219 0.0198919 -0.0150163 0.0181854
 0.0236854 0.0185505 0.0201955 -0.0155564 0.0157744
 0.0219463 0.0169409 0.020925 -0.0165153 0.0142261
 0.0202625 0.0154091 0.0217453 -0.0175079 0.0127751
 0.018406 0.0138 0.0223583 -0.0184173 0.0112693
 0.0173308 0.0128065 0.0234444 -0.0195716 0.0103067
 0.0164178 0.0119817 0.0246797 -0.0210262 0.00954444
 0.0155679 0.01121 0.0259022 -0.0224163 0.00880425
 0.0147866 0.0104822 0.0264286 -0.0231201 0.00801519
 0.0133891 0.00942288 0.0260372 -0.0229429 0.00721681
 0.0132858 0.00918737 0.0277881 -0.0247105 0.00684456
 0.0124401 0.0084765 0.027536 -0.0245665 0.00618899
 0.0116209 0.00782762 0.0271461 -0.0244061 0.00564978
 0.0108808 0.00721806 0.0267791 -0.0242033 0.00508599
 0.0102921 0.00676294 0.0265628 -0.0240904 0.00473798
 0.00991563 0.006457 0.026189 -0.0237554 0.00447447
 0.00946575 0.00610231 0.0258958 -0.0236354 0.00418431
 0.00873669 0.00552696 0.0246658 -0.0225394 0.00364881
 0.008643 0.00542396 0.0247106 -0.0226491 0.00355191
 0.00820944 0.00509236 0.0238091 -0.0218088 0.00326737
 0.00785694 0.00481817 0.0231249 -0.0212206 0.00303353
 0.0074735 0.00458578 0.0214688 -0.0196469 0.00291173
 0.00714994 0.00433928 0.0208406 -0.0191454 0.00270578
 0.00698156 0.00421167 0.0196338 -0.0179779 0.00261327
 0.00665144 0.00392817 0.0188494 -0.0172753 0.00230411
 0.00633287 0.00370737 0.0173046 -0.0158458 0.00213867
 0.00612194 0.003596 0.0160214 -0.0146239 0.002101
 0.00586072 0.00342625 0.0149998 -0.0136783 0.00198976
 0.00579094 0.00336346 0.0139613 -0.0127096 0.00191674
 0.00566461 0.00324384 0.0136504 -0.0124898 0.00178981
 0.00548905 0.00315736 0.0124097 -0.011278 0.0017865
 0.0052787 0.00301017 0.0114436 -0.0104023 0.00168374
 0.0051263 0.00289724 0.0106329 -0.00963869 0.00159619
 0.00485432 0.00270886 0.0102041 -0.00929237 0.00144705
 0.00473289 0.00261073 0.00934938 -0.00845531 0.00136675
 0.00461846 0.00255722 0.00884769 -0.00804675 0.00137159
 0.00443952 0.00243727 0.008355 -0.00760831 0.00130663
 0.00436091 0.00235894 0.0076485 -0.00693294 0.00122291
 0.00418206 0.00225698 0.00719369 -0.00652512 0.00117916
 0 0 0 0 0
 0 0 0 0 0
 0 0 0 0 0
 0 0 0 0 0
 0 0 0 0 0
 0 0 0 0 0
 0 0 0 0 0
 0 0 0 0 0
 0 0 0 0 0
 0 0 0 0 0
 0 0 0 0 0
 0 0 0 0 0
 0 0 0 0 0
 0 0 0 0 0
 0 0 0 0 0
 0 0 0 0 0
 0 0 0 0 0
 0 0 0 0 0
 0 0 0 0 0
 0 0 0 0 0
 0 0 0 0 0
 0 0 0 0 0
 0 0 0 0 0
 0 0 0 0 0
 0 0 0 0 0
 0 0 0 0 0
 0 0 0 0 0
 0 0 0 0 0
 0 0 0 0 0
 0 0 0 0 0
 0 0 0 0 0
 0 0 0 0 0
 0 0 0 0 0
 0 0 0 0 0
 0 0 0 0 0
 0 0 0 0 0
 0 0 0 0 0
 0 0 0 0 0
 0 0 0 0 0
 0 0 0 0 0
 0 0 0 0 0
 0 0 0 0 0
 0 0 0 0 0
 0 0 0 0 0
 0 0 0 0 0
 0 0 0 0 0
 0 0 0 0 0
 0 0 0 0 0
 0 0 0 0 0
 0 0 0 0 0
 0 0 0 0 0
 0 0 0 0 0
 0 0 0 0 0
 0 0 0 0 0
 0 0 0 0 0
 0 0 0 0 0
 0 0 0 0 0
 0 0 0 0 0
 0 0 0 0 0
 0 0 0 0 0
 0 0 0 0 0
 0 0 0 0 0
 0 0 0 0 0
 0 0 0 0 0
 0 0 0 0 0
 0 0 0 0 0
 0 0 0 0 0
 0 0 0 0 0
 0 0 0 0 0
 0 0 0 0 0
 0 0 0 0 0
 1.53008 1.47048 0.0191142 -0.0102426 1.41708
 0.529312 0.501086 0.0187052 -0.0102437 0.477871
 0.270608 0.252267 0.0183139 -0.0104545 0.238403
 0.169229 0.155325 0.0183919 -0.0107582 0.14548
 0.114711 0.10361 0.0179389 -0.0107761 0.0963337
 0.0846394 0.0752281 0.0180021 -0.0112359 0.0693888
 0.0646656 0.0565812 0.0177666 -0.0113592 0.0517888
 0.0541457 0.0466599 0.0180692 -0.0118946 0.0423658
 0.0440286 0.0373376 0.017715 -0.0119058 0.0336732
 0.0368114 0.0307162 0.0177011 -0.0121814 0.0273914
 0.0329211 0.0270495 0.0183949 -0.0131225 0.0238795
 0.0287007 0.0232252 0.0185509 -0.0135258 0.0203107
 0.0256953 0.0205027 0.0191193 -0.0142644 0.0177554
 0.0228949 0.0179436 0.0195307 -0.0149962 0.015246
 0.0211136 0.0163294 0.0201613 -0.015824 0.0137655
 0.0197744 0.0150815 0.0210104 -0.0167778 0.0125314
 0.0181994 0.0136972 0.0217192 -0.0177544 0.0112515
 0.0168152 0.0125116 0.0222969 -0.0185446 0.0101971
 0.0158881 0.0116419 0.0234691 -0.0198442 0.00931862
 0.0151095 0.0109168 0.024293 -0.020848 0.00859994
 0.0140611 0.0100139 0.0249394 -0.0216884 0.00774669
 0.0132011 0.00929288 0.0252023 -0.0221593 0.00712394
 0.0126415 0.00880406 0.0259063 -0.0229222 0.00667494
 0.0120231 0.00824956 0.0263475 -0.0235052 0.00610106
 0.0109504 0.0074315 0.0255302 -0.0228792 0.00544752
 0.0106205 0.00713956 0.0259819 -0.0233547 0.00518644
 0.0102147 0.00676856 0.0260317 -0.0235579 0.00480433
 0.00968163 0.00635613 0.0260858 -0.0237397 0.00446569
 0.00907019 0.0058579 0.0248079 -0.0225995 0.00400257
 0.0089535 0.00573034 0.025273 -0.0230922 0.00387349
 0.00835638 0.00530774 0.0238664 -0.0218319 0.00357167
 0.00796206 0.00500354 0.023124 -0.0212027 0.00330066
 0.00751963 0.00462945 0.0218663 -0.0200296 0.00293215
 0.00721125 0.00443473 0.0211424 -0.0193982 0.00281618
 0.00712506 0.00430618 0.0207708 -0.0190784 0.00263924
 0.00654194 0.00393949 0.0186026 -0.0170317 0.00240649
 0.00639125 0.00380714 0.0182609 -0.0167559 0.00227561
 0.00617432 0.00365381 0.0170993 -0.0156626 0.00216756
 0.00602203 0.00357707 0.0160506 -0.0146892 0.00214681
 0.00585334 0.00343512 0.0149674 -0.013657 0.00200774
 0.00559669 0.00325312 0.0136757 -0.0124954 0.00184789
 0.00542341 0.00315033 0.0128696 -0.0117177 0.00180841
 0.00535896 0.00308666 0.0122921 -0.0111921 0.00174328
 0.00517955 0.00300453 0.0115677 -0.0105459 0.00175383
 0.00505856 0.00288823 0.0108121 -0.00982069 0.00162288
 0.00486719 0.00275949 0.0103964 -0.00947394 0.0015451
 0.00472842 0.00265399 0.00946444 -0.00858562 0.00145629
 0.0045359 0.00250344 0.0088165 -0.00800338 0.00133653
 0.00443852 0.00244478 0.00828063 -0.00756113 0.00130083
 0.00417652 0.00227484 0.00771644 -0.00699694 0.00119913
 0 0 0 0 0
 0 0 0 0 0
 0 0 0 0 0
 0 0 0 0 0
 0 0 0 0 0
 0 0 0 0 0
 0 0 0 0 0
 0 0 0 0 0
 0 0 0 0 0
 0 0 0 0 0
 0 0 0 0 0
 0 0 0 0 0
 0 0 0 0 0
 0 0 0 0 0
 0 0 0 0 0
 0 0 0 0 0
 0 0 0 0 0
 0 0 0 0 0
 0 0 0 0 0
 0 0 0 0 0
 0 0 0 0 0
 0 0 0 0 0
 0 0 0 0 0
 0 0 0 0 0
 0 0 0 0 0
 0 0 0 0 0
 0 0 0 0 0
 0 0 0 0 0
 0 0 0 0 0
 0 0 0 0 0
 0 0 0 0 0
 0 0 0 0 0
 0 0 0 0 0
 0 0 0 0 0
 0 0 0 0 0
 0 0 0 0 0
 0 0 0 0 0
 0 0 0 0 0
 0 0 0 0 0
 0 0 0 0 0
 0 0 0 0 0
 0 0 0 0 0
 0 0 0 0 0
 0 0 0 0 0
 0 0 0 0 0
 0 0 0 0 0
 0 0 0 0 0
 0 0 0 0 0
 0 0 0 0 0
 0 0 0 0 0
 0 0 0 0 0
 0 0 0 0 0
 0 0 0 0 0
 0 0 0 0 0
 0 0 0 0 0
 0 0 0 0 0
 0 0 0 0 0
 0 0 0 0 0
 0 0 0 0 0
 0 0 0 0 0
 0 0 0 0 0
 0 0 0 0 0
 0 0 0 0 0
 0 0 0 0 0
 0 0 0 0 0
 0 0 0 0 0
 0 0 0 0 0
 0 0 0 0 0
 0 0 0 0 0
 0 0 0 0 0
 0 0 0 0 0
 0 0 0 0 0
 1.52432 1.46657 0.0187767 -0.00986262 1.41475
 0.526716 0.499282 0.0185178 -0.010168 0.476791
 0.268865 0.250983 0.0181164 -0.0101948 0.237484
 0.164603 0.151323 0.0176168 -0.0102452 0.142131
 0.114084 0.103234 0.0177587 -0.0106455 0.0961856
 0.0835019 0.0743719 0.0174384 -0.0106492 0.0687431
 0.0651956 0.0571553 0.017459 -0.0110851 0.052445
 0.0524601 0.0452756 0.0175692 -0.0114498 0.0412112
 0.0427277 0.0362647 0.0173144 -0.0116657 0.0326847
 0.0363929 0.0304603 0.0176038 -0.0120676 0.0272955
 0.031032 0.0255399 0.0174215 -0.0122856 0.0226264
 0.0275794 0.0223751 0.0178406 -0.012967 0.0196406
 0.0249542 0.0199288 0.018226 -0.0135555 0.0172477
 0.0226818 0.0178744 0.018965 -0.0144097 0.0153329
 0.0202055 0.0156812 0.0188106 -0.0146421 0.0133199
 0.0190141 0.0145513 0.0201401 -0.0159832 0.0121631
 0.0176272 0.0133037 0.020782 -0.0168476 0.0109696
 0.0161326 0.012041 0.0211396 -0.0174548 0.00986562
 0.0151299 0.0111445 0.0218572 -0.0184057 0.00903981
 0.0143958 0.0104626 0.0227832 -0.0194476 0.00836
 0.0136624 0.0097865 0.0235078 -0.0203421 0.00766856
 0.0132143 0.00934756 0.0249626 -0.0218654 0.00719537
 0.0122851 0.0086045 0.0249208 -0.0219552 0.0065695
 0.0117598 0.00811544 0.0258306 -0.0230191 0.00605179
 0.0109331 0.00742219 0.0253551 -0.0227302 0.00540176
 0.0105751 0.00715825 0.0258079 -0.0232791 0.00524382
 0.00995694 0.00661344 0.0249984 -0.0226012 0.00469779
 0.00932587 0.00614065 0.0247576 -0.0224564 0.00432384
 0.00902025 0.00590251 0.0243626 -0.0221431 0.00415063
 0.00846394 0.00545089 0.0238924 -0.0217835 0.00372328
 0.00819444 0.00522128 0.0235965 -0.0215829 0.00350913
 0.00779888 0.00489344 0.023018 -0.021093 0.00319159
 0.00736781 0.00459125 0.0216953 -0.0198774 0.00297672
 0.0069565 0.00428226 0.0205933 -0.0188835 0.00271467
 0.0067045 0.00411688 0.0194252 -0.0178012 0.00262059
 0.00649244 0.00394112 0.0187641 -0.0172145 0.00245399
 0.0064165 0.00387387 0.0181803 -0.0166571 0.00240209
 0.00608968 0.00365417 0.016914 -0.0155038 0.00223823
 0.0060097 0.00358253 0.0160333 -0.014672 0.00215538
 0.00576657 0.00339993 0.0151825 -0.0138984 0.00200115
 0.0056075 0.00328178 0.0139456 -0.0127118 0.00188901
 0.00542665 0.00317751 0.0132899 -0.012135 0.0018514
 0.00526992 0.00303707 0.0124182 -0.0113423 0.00170073
 0.00505593 0.00291846 0.0112745 -0.0102503 0.00165571
 0.00486438 0.00279394 0.0108646 -0.00992931 0.00158258
 0.00476146 0.00272124 0.00996681 -0.00908687 0.00154553
 0.00459214 0.00257806 0.00909531 -0.00829837 0.00140809
 0.00449264 0.00251342 0.00868794 -0.00790856 0.00137714
 0.00426603 0.00238154 0.00817294 -0.00744394 0.0013124
 0 0 0 0 0
 0 0 0 0 0
 0 0 0 0 0
 0 0 0 0 0
 0 0 0 0 0
 0 0 0 0 0
 0 0 0 0 0
 0 0 0 0 0
 0 0 0 0 0
 0 0 0 0 0
 0 0 0 0 0
 0 0 0 0 0
 0 0 0 0 0
 0 0 0 0 0
 0 0 0 0 0
 0 0 0 0 0
 0 0 0 0 0
 0 0 0 0 0
 0 0 0 0 0
 0 0 0 0 0
 0 0 0 0 0
 0 0 0 0 0
 0 0 0 0 0
 0 0 0 0 0
 0 0 0 0 0
 0 0 0 0 0
 0 0 0 0 0
 0 0 0 0 0
 0 0 0 0 0
 0 0 0 0 0
 0 0 0 0 0
 0 0 0 0 0
 0 0 0 0 0
 0 0 0 0 0
 0 0 0 0 0
 0 0 0 0 0
 0 0 0 0 0
 0 0 0 0 0
 0 0 0 0 0
 0 0 0 0 0
 0 0 0 0 0
 0 0 0 0 0
 0 0 0 0 0
 0 0 0 0 0
 0 0 0 0 0
 0 0 0 0 0
 0 0 0 0 0
 0 0 0 0 0
 0 0 0 0 0
 0 0 0 0 0
 0 0 0 0 0
 0 0 0 0 0
 0 0 0 0 0
 0 0 0 0 0
 0 0 0 0 0
 0 0 0 0 0
 0 0 0 0 0
 0 0 0 0 0
 0 0 0 0 0
 0 0 0 0 0
 0 0 0 0 0
 0 0 0 0 0
 0 0 0 0 0
 0 0 0 0 0
 0 0 0 0 0
 0 0 0 0 0
 0 0 0 0 0
 0 0 0 0 0
 0 0 0 0 0
 0 0 0 0 0
 0 0 0 0 0
 0 0 0 0 0
 0 0 0 0 0
 1.53888 1.48209 0.0183752 -0.00968256 1.43117
 0.520637 0.494103 0.0181028 -0.00976125 0.472419
 0.271079 0.253417 0.0180376 -0.0101169 0.240184
 0.164734 0.151666 0.0176029 -0.0101529 0.142636
 0.113811 0.103173 0.0175389 -0.0104395 0.0962719
 0.082305 0.0734131 0.0172048 -0.0106381 0.0679769
 0.064405 0.0565676 0.0173506 -0.0108681 0.0519939
 0.0508841 0.0440341 0.0170285 -0.0108879 0.0402359
 0.0420712 0.0358226 0.0167596 -0.0110886 0.0324461
 0.0357863 0.0300138 0.0171317 -0.0116325 0.0269526
 0.0301998 0.0249437 0.0166627 -0.0116056 0.0222326
 0.0269104 0.0218929 0.0171126 -0.0122508 0.0192966
 0.0238611 0.0191385 0.0172048 -0.0125524 0.01671
 0.0216884 0.0171379 0.0178051 -0.0133692 0.0147893
 0.0199068 0.0154858 0.0184928 -0.0142606 0.0131507
 0.0181297 0.0139229 0.0187921 -0.0148248 0.0117203
 0.0166706 0.0126351 0.0189989 -0.0152151 0.0105198
 0.0158007 0.0117929 0.0203097 -0.0166665 0.00965219
 0.0147532 0.0109183 0.0212488 -0.0177161 0.00891181
 0.0137251 0.00999694 0.0212014 -0.0179621 0.00798919
 0.0132978 0.00957 0.0224851 -0.0193484 0.00755144
 0.0123531 0.008787 0.0226211 -0.0196367 0.00686669
 0.0121211 0.00848987 0.0244707 -0.0215895 0.00646856
 0.0113108 0.0078095 0.0241506 -0.0214178 0.00581963
 0.0107538 0.007337 0.0244984 -0.0218867 0.00540496
 0.0100859 0.00680694 0.0247382 -0.0222517 0.00494818
 0.00949019 0.00633219 0.0240582 -0.0216963 0.00451688
 0.00922631 0.00610586 0.0243424 -0.0220486 0.00433338
 0.00871862 0.00570233 0.0236409 -0.0215079 0.0039783
 0.00842969 0.00547876 0.0236904 -0.0215844 0.00380569
 0.00801769 0.00512616 0.0231683 -0.0212096 0.00345407
 0.00760206 0.00483428 0.0223492 -0.0204398 0.00326026
 0.00732556 0.00459952 0.0218996 -0.0200926 0.00301862
 0.00689256 0.00426556 0.0202175 -0.0185351 0.00272744
 0.00664912 0.00410104 0.0194623 -0.0178263 0.00262529
 0.00623068 0.00380793 0.0182348 -0.0167442 0.00240409
 0.00623264 0.00377147 0.0178451 -0.0163776 0.00232175
 0.00591353 0.00356411 0.0166051 -0.0152199 0.00219446
 0.00574808 0.00345741 0.0157694 -0.0144353 0.00213349
 0.00568117 0.00337975 0.0150463 -0.0137842 0.00203173
 0.0054099 0.00322058 0.0138389 -0.0126428 0.00194116
 0.00514683 0.00301928 0.0124369 -0.0113457 0.00176471
 0.00512641 0.00301712 0.012077 -0.0110186 0.00178678
 0.00504766 0.00293182 0.0115119 -0.0104839 0.00168148
 0.00469706 0.00270655 0.0102833 -0.00938263 0.00154251
 0.00463669 0.00263405 0.0100089 -0.00912506 0.00145757
 0.00449259 0.00256291 0.00915619 -0.00831788 0.00144241
 0.00441733 0.00249912 0.00877075 -0.00798312 0.00139901
 0 0 0 0 0
 0 0 0 0 0
 0 0 0 0 0
 0 0 0 0 0
 0 0 0 0 0
 0 0 0 0 0
 0 0 0 0 0
 0 0 0 0 0
 0 0 0 0 0
 0 0 0 0 0
 0 0 0 0 0
 0 0 0 0 0
 0 0 0 0 0
 0 0 0 0 0
 0 0 0 0 0
 0 0 0 0 0
 0 0 0 0 0
 0 0 0 0 0
 0 0 0 0 0
 0 0 0 0 0
 0 0 0 0 0
 0 0 0 0 0
 0 0 0 0 0
 0 0 0 0 0
 0 0 0 0 0
 0 0 0 0 0
 0 0 0 0 0
 0 0 0 0 0
 0 0 0 0 0
 0 0 0 0 0
 0 0 0 0 0
 0 0 0 0 0
 0 0 0 0 0
 0 0 0 0 0
 0 0 0 0 0
 0 0 0 0 0
 0 0 0 0 0
 0 0 0 0 0
 0 0 0 0 0
 0 0 0 0 0
 0 0 0 0 0
 0 0 0 0 0
 0 0 0 0 0
 0 0 0 0 0
 0 0 0 0 0
 0 0 0 0 0
 0 0 0 0 0
 0 0 0 0 0
 0 0 0 0 0
 0 0 0 0 0
 0 0 0 0 0
 0 0 0 0 0
 0 0 0 0 0
 0 0 0 0 0
 0 0 0 0 0
 0 0 0 0 0
 0 0 0 0 0
 0 0 0 0 0
 0 0 0 0 0
 0 0 0 0 0
 0 0 0 0 0
 0 0 0 0 0
 0 0 0 0 0
 0 0 0 0 0
 0 0 0 0 0
 0 0 0 0 0
 0 0 0 0 0
 0 0 0 0 0
 0 0 0 0 0
 0 0 0 0 0
 0 0 0 0 0
 0 0 0 0 0
 0 0 0 0 0
 0 0 0 0 0
 1.56159 1.50548 0.0183493 -0.00968869 1.45517
 0.521719 0.495686 0.0179667 -0.009666 0.474469
 0.26485 0.247859 0.0177112 -0.00986975 0.235157
 0.160366 0.147827 0.0173868 -0.00991256 0.139161
 0.109928 0.0997781 0.0172175 -0.010063 0.093255
 0.0801744 0.0716669 0.0166887 -0.0101439 0.0665663
 0.0608879 0.0535705 0.0165712 -0.0102516 0.0493641
 0.0494958 0.042881 0.0165214 -0.0104998 0.0392036
 0.0416983 0.0355773 0.0166929 -0.0109881 0.0323134
 0.0347851 0.0292433 0.0165061 -0.0111161 0.0263588
 0.0295594 0.0244984 0.0162246 -0.0111794 0.0219676
 0.0260112 0.0212204 0.0164607 -0.0116574 0.0187859
 0.0233911 0.0187799 0.0168677 -0.0122125 0.0164215
 0.02111 0.0167161 0.0171129 -0.012728 0.0144545
 0.0192696 0.015028 0.0175515 -0.0134441 0.0128318
 0.0177164 0.0136426 0.0182166 -0.0142077 0.0115053
 0.0165771 0.0126113 0.0187485 -0.0149205 0.0105657
 0.0152189 0.0113913 0.0191119 -0.015546 0.00936306
 0.01432 0.0106037 0.0199634 -0.0165416 0.00865325
 0.0135742 0.00992912 0.0209547 -0.0177013 0.00798963
 0.0128684 0.009299 0.0217839 -0.0186766 0.0073925
 0.0123739 0.00879419 0.0229031 -0.0198851 0.00677913
 0.011273 0.00793587 0.0222721 -0.0195196 0.00612506
 0.0110813 0.00771306 0.023572 -0.020827 0.00585279
 0.0102601 0.00706081 0.0234167 -0.0208552 0.00527584
 0.00983931 0.00667962 0.0236357 -0.0212071 0.0048911
 0.00923062 0.00620883 0.0231143 -0.0208243 0.00450235
 0.00862394 0.00572356 0.0226346 -0.0204902 0.00408227
 0.00862219 0.00568731 0.0232406 -0.0211293 0.00402647
 0.00820731 0.00535607 0.0228636 -0.0208192 0.00373451
 0.00788356 0.00503977 0.0225579 -0.0205958 0.00336554
 0.007514 0.00477159 0.0218261 -0.0200002 0.00318576
 0.00693056 0.00440021 0.0203954 -0.018668 0.00296964
 0.00684919 0.00428817 0.020109 -0.0184204 0.00279611
 0.00654256 0.00407417 0.0193387 -0.0177634 0.00265132
 0.00639156 0.0039451 0.0187124 -0.0172056 0.00253786
 0.00598792 0.0036308 0.0172128 -0.0157855 0.00225082
 0.00581341 0.00351128 0.0167822 -0.0154093 0.00215545
 0.00565151 0.00341459 0.0155928 -0.0142982 0.00211727
 0.00558657 0.00333393 0.0151367 -0.0138889 0.0020017
 0.00528046 0.00318047 0.0136639 -0.0125221 0.00197449
 0.00521451 0.00308989 0.0133924 -0.0122631 0.00183306
 0.00499087 0.0029359 0.0121535 -0.0111089 0.00172768
 0.00477768 0.002788 0.01121 -0.0102927 0.0016269
 0.0047237 0.0027429 0.0106243 -0.0097265 0.0015858
 0.00452914 0.00259339 0.00990538 -0.00903394 0.00145818
 0.00439052 0.00250166 0.00924181 -0.00843181 0.00140347
 0 0 0 0 0
 0 0 0 0 0
 0 0 0 0 0
 0 0 0 0 0
 0 0 0 0 0
 0 0 0 0 0
 0 0 0 0 0
 0 0 0 0 0
 0 0 0 0 0
 0 0 0 0 0
 0 0 0 0 0
 0 0 0 0 0
 0 0 0 0 0
 0 0 0 0 0
 0 0 0 0 0
 0 0 0 0 0
 0 0 0 0 0
 0 0 0 0 0
 0 0 0 0 0
 0 0 0 0 0
 0 0 0 0 0
 0 0 0 0 0
 0 0 0 0 0
 0 0 0 0 0
 0 0 0 0 0
 0 0 0 0 0
 0 0 0 0 0
 0 0 0 0 0
 0 0 0 0 0
 0 0 0 0 0
 0 0 0 0 0
 0 0 0 0 0
 0 0 0 0 0
 0 0 0 0 0
 0 0 0 0 0
 0 0 0 0 0
 0 0 0 0 0
 0 0 0 0 0
 0 0 0 0 0
 0 0 0 0 0
 0 0 0 0 0
 0 0 0 0 0
 0 0 0 0 0
 0 0 0 0 0
 0 0 0 0 0
 0 0 0 0 0
 0 0 0 0 0
 0 0 0 0 0
 0 0 0 0 0
 0 0 0 0 0
 0 0 0 0 0
 0 0 0 0 0
 0 0 0 0 0
 0 0 0 0 0
 0 0 0 0 0
 0 0 0 0 0
 0 0 0 0 0
 0 0 0 0 0
 0 0 0 0 0
 0 0 0 0 0
 0 0 0 0 0
 0 0 0 0 0
 0 0 0 0 0
 0 0 0 0 0
 0 0 0 0 0
 0 0 0 0 0
 0 0 0 0 0
 0 0 0 0 0
 0 0 0 0 0
 0 0 0 0 0
 0 0 0 0 0
 0 0 0 0 0
 0 0 0 0 0
 0 0 0 0 0
 0 0 0 0 0
 1.57634 1.52116 0.0184551 -0.00955619 1.47166
 0.521531 0.496082 0.0178323 -0.00954662 0.475344
 0.256518 0.240386 0.0171109 -0.00947375 0.228366
 0.158614 0.146394 0.0170982 -0.00968925 0.138004
 0.10776 0.0979763 0.0166888 -0.009827 0.0917694
 0.07785 0.0697156 0.0163038 -0.00981237 0.0648913
 0.0612812 0.0540291 0.0162056 -0.0100099 0.0499761
 0.0473156 0.0410537 0.0158974 -0.0100916 0.0376124
 0.0403285 0.0344598 0.0161897 -0.0105235 0.0313831
 0.0329877 0.0277953 0.0156548 -0.0104878 0.0251185
 0.0293993 0.0243903 0.0162 -0.0110976 0.0218354
 0.0248198 0.0202923 0.015581 -0.0108931 0.0180454
 0.0228892 0.0184283 0.0163738 -0.0118075 0.0161715
 0.0205372 0.0163267 0.0166543 -0.0122786 0.0142018
 0.0184566 0.0144405 0.0168149 -0.0127215 0.012409
 0.0169428 0.0130961 0.0170615 -0.0131915 0.0111373
 0.0155609 0.0118511 0.0174169 -0.0137659 0.00993831
 0.0149246 0.0112341 0.0184541 -0.0148818 0.00932088
 0.0137534 0.0102159 0.0189699 -0.0156086 0.00836156
 0.0131737 0.00964712 0.0199471 -0.016687 0.00776194
 0.0124184 0.00899375 0.0206172 -0.0175206 0.007159
 0.0116302 0.00831731 0.0210184 -0.0181155 0.006506
 0.0111459 0.007901 0.0218244 -0.0189922 0.00615176
 0.0104367 0.00732444 0.0217434 -0.0191241 0.00565193
 0.00995869 0.00688781 0.0225048 -0.0199535 0.00518254
 0.00946306 0.0064485 0.0222906 -0.0199134 0.0047594
 0.00916244 0.00616199 0.0227342 -0.0204176 0.00444441
 0.00858806 0.00574154 0.0225931 -0.020416 0.00413871
 0.00810519 0.00534798 0.0218056 -0.0197345 0.00379766
 0.0079985 0.00523083 0.0226636 -0.020629 0.0036514
 0.00733888 0.00472562 0.0208951 -0.0190321 0.00321579
 0.00718644 0.00459425 0.0210949 -0.0192793 0.00309904
 0.00699794 0.00444593 0.0206585 -0.0189193 0.00297434
 0.00670344 0.00420828 0.0197308 -0.0180707 0.00276234
 0.00630194 0.00388827 0.0189427 -0.0173972 0.00246002
 0.00625031 0.00388766 0.0184949 -0.0169748 0.00252638
 0.00579502 0.00353653 0.0171494 -0.0157619 0.00220421
 0.00562138 0.00343265 0.0163661 -0.0150386 0.00216484
 0.00557516 0.00338172 0.0157839 -0.0144791 0.00210451
 0.00537925 0.00326384 0.0144177 -0.0132131 0.0020294
 0.00510879 0.00306441 0.0134378 -0.0123405 0.00186998
 0.0050354 0.00301527 0.0128302 -0.0117534 0.00183516
 0.00496996 0.00294784 0.0120546 -0.0110118 0.00177073
 0.00472678 0.00275615 0.0111796 -0.0102257 0.00158167
 0.00455867 0.00267761 0.0104931 -0.00959475 0.00159199
 0.0043971 0.00256094 0.00977456 -0.00894006 0.00149738
 0 0 0 0 0
 0 0 0 0 0
 0 0 0 0 0
 0 0 0 0 0
 0 0 0 0 0
 0 0 0 0 0
 0 0 0 0 0
 0 0 0 0 0
 0 0 0 0 0
 0 0 0 0 0
 0 0 0 0 0
 0 0 0 0 0
 0 0 0 0 0
 0 0 0 0 0
 0 0 0 0 0
 0 0 0 0 0
 0 0 0 0 0
 0 0 0 0 0
 0 0 0 0 0
 0 0 0 0 0
 0 0 0 0 0
 0 0 0 0 0
 0 0 0 0 0
 0 0 0 0 0
 0 0 0 0 0
 0 0 0 0 0
 0 0 0 0 0
 0 0 0 0 0
 0 0 0 0 0
 0 0 0 0 0
 0 0 0 0 0
 0 0 0 0 0
 0 0 0 0 0
 0 0 0 0 0
 0 0 0 0 0
 0 0 0 0 0
 0 0 0 0 0
 0 0 0 0 0
 0 0 0 0 0
 0 0 0 0 0
 0 0 0 0 0
 0 0 0 0 0
 0 0 0 0 0
 0 0 0 0 0
 0 0 0 0 0
 0 0 0 0 0
 0 0 0 0 0
 0 0 0 0 0
 0 0 0 0 0
 0 0 0 0 0
 0 0 0 0 0
 0 0 0 0 0
 0 0 0 0 0
 0 0 0 0 0
 0 0 0 0 0
 0 0 0 0 0
 0 0 0 0 0
 0 0 0 0 0
 0 0 0 0 0
 0 0 0 0 0
 0 0 0 0 0
 0 0 0 0 0
 0 0 0 0 0
 0 0 0 0 0
 0 0 0 0 0
 0 0 0 0 0
 0 0 0 0 0
 0 0 0 0 0
 0 0 0 0 0
 0 0 0 0 0
 0 0 0 0 0
 0 0 0 0 0
 0 0 0 0 0
 0 0 0 0 0
 0 0 0 0 0
 0 0 0 0 0
 1.55771 1.50456 0.0176771 -0.00903119 1.45694
 0.517542 0.492797 0.0173635 -0.00907888 0.472687
 0.262019 0.245846 0.0172707 -0.00941413 0.233867
 0.154918 0.143174 0.0166892 -0.00946312 0.135202
 0.10631 0.0967663 0.0164379 -0.00957013 0.0907213
 0.0774269 0.0694219 0.0160821 -0.00956631 0.06467
 0.059301 0.0523671 0.0159668 -0.009741 0.0484876
 0.0483837 0.0420678 0.0158116 -0.00999631 0.0387044
 0.0392811 0.0336163 0.0157006 -0.0101712 0.0306702
 0.0326818 0.0275568 0.0152556 -0.0100311 0.0249826
 0.0280601 0.0233042 0.0153716 -0.0105153 0.0209287
 0.0244083 0.0199682 0.0152841 -0.010694 0.0177659
 0.0221392 0.0178273 0.0160201 -0.0115006 0.0156208
 0.020013 0.0159434 0.0159581 -0.0116339 0.0139211
 0.0178487 0.0140162 0.015954 -0.0119074 0.0121061
 0.0164571 0.0127458 0.0162883 -0.0124859 0.0108881
 0.0153641 0.0117606 0.0168484 -0.0131902 0.00996188
 0.014231 0.0107241 0.0174253 -0.0139224 0.00892188
 0.0134291 0.0100088 0.0180059 -0.0146919 0.00825494
 0.0125534 0.00923181 0.0186202 -0.0154216 0.00747825
 0.0121592 0.00885 0.0197589 -0.0166952 0.00710306
 0.0112875 0.00811294 0.0200669 -0.0172254 0.00641587
 0.0107135 0.00760513 0.0209757 -0.018256 0.00589768
 0.0102663 0.00723412 0.0212674 -0.0186419 0.00561559
 0.00975194 0.00676944 0.0218544 -0.019409 0.00513612
 0.00932469 0.00640037 0.0220775 -0.0197139 0.00476599
 0.00889481 0.00601876 0.0220036 -0.0197306 0.00437665
 0.00856275 0.00573519 0.0222248 -0.0200424 0.00412948
 0.00801162 0.00531098 0.0215767 -0.0195383 0.00379411
 0.00770731 0.00505702 0.021323 -0.0193926 0.00354968
 0.00734981 0.00478618 0.0209696 -0.0191136 0.00331873
 0.00702619 0.00453753 0.0202648 -0.0184922 0.00311633
 0.00672088 0.00427913 0.0200056 -0.0182959 0.00286293
 0.00644062 0.00407443 0.0190339 -0.0174282 0.00270844
 0.00625669 0.00390457 0.0186693 -0.0171649 0.0025317
 0.00601037 0.00375411 0.0178654 -0.0164136 0.00245095
 0.00573304 0.00354377 0.0170301 -0.0156633 0.00227445
 0.00554169 0.00342766 0.0157694 -0.0144665 0.00220925
 0.00535313 0.00328034 0.015238 -0.0139962 0.00207928
 0.00524427 0.00316079 0.0146608 -0.0134702 0.00193162
 0.00509976 0.00307737 0.0136152 -0.012489 0.00189886
 0.00495147 0.00296464 0.0127699 -0.0116984 0.00178759
 0.00470971 0.00280982 0.0117363 -0.0107464 0.00170499
 0.0045333 0.00265457 0.0108461 -0.009921 0.00153023
 0.00447206 0.00262675 0.0105004 -0.00964319 0.00154717
 0 0 0 0 0
 0 0 0 0 0
 0 0 0 0 0
 0 0 0 0 0
 0 0 0 0 0
 0 0 0 0 0
 0 0 0 0 0
 0 0 0 0 0
 0 0 0 0 0
 0 0 0 0 0
 0 0 0 0 0
 0 0 0 0 0
 0 0 0 0 0
 0 0 0 0 0
 0 0 0 0 0
 0 0 0 0 0
 0 0 0 0 0
 0 0 0 0 0
 0 0 0 0 0
 0 0 0 0 0
 0 0 0 0 0
 0 0 0 0 0
 0 0 0 0 0
 0 0 0 0 0
 0 0 0 0 0
 0 0 0 0 0
 0 0 0 0 0
 0 0 0 0 0
 0 0 0 0 0
 0 0 0 0 0
 0 0 0 0 0
 0 0 0 0 0
 0 0 0 0 0
 0 0 0 0 0
 0 0 0 0 0
 0 0 0 0 0
 0 0 0 0 0
 0 0 0 0 0
 0 0 0 0 0
 0 0 0 0 0
 0 0 0 0 0
 0 0 0 0 0
 0 0 0 0 0
 0 0 0 0 0
 0 0 0 0 0
 0 0 0 0 0
 0 0 0 0 0
 0 0 0 0 0
 0 0 0 0 0
 0 0 0 0 0
 0 0 0 0 0
 0 0 0 0 0
 0 0 0 0 0
 0 0 0 0 0
 0 0 0 0 0
 0 0 0 0 0
 0 0 0 0 0
 0 0 0 0 0
 0 0 0 0 0
 0 0 0 0 0
 0 0 0 0 0
 0 0 0 0 0
 0 0 0 0 0
 0 0 0 0 0
 0 0 0 0 0
 0 0 0 0 0
 0 0 0 0 0
 0 0 0 0 0
 0 0 0 0 0
 0 0 0 0 0
 0 0 0 0 0
 0 0 0 0 0
 0 0 0 0 0
 0 0 0 0 0
 0 0 0 0 0
 0 0 0 0 0
 0 0 0 0 0
 1.6136 1.55994 0.0179172 -0.00912025 1.51184
 0.528095 0.503384 0.0175464 -0.00922825 0.483369
 0.256366 0.240821 0.0171041 -0.00925856 0.229373
 0.153016 0.141612 0.0163806 -0.009193 0.133897
 0.102753 0.0936856 0.0158297 -0.00909006 0.0880281
 0.0770969 0.0692394 0.0159229 -0.00944081 0.0646469
 0.0585625 0.0517961 0.0156889 -0.00947481 0.0480273
 0.0455106 0.0396224 0.0150597 -0.00940963 0.0364948
 0.0380568 0.0326521 0.0152361 -0.00980694 0.0298567
 0.0322655 0.0272597 0.0151638 -0.009994 0.0247774
 0.027938 0.0232774 0.0151571 -0.0102006 0.0209732
 0.0243425 0.0199725 0.0152212 -0.0105473 0.0177999
 0.0212766 0.0172071 0.0152057 -0.0107718 0.0152211
 0.0191199 0.0152474 0.0152259 -0.0110597 0.0133503
 0.0175526 0.0137992 0.0153682 -0.0113798 0.0119372
 0.0160551 0.0124923 0.0155237 -0.0117741 0.0107662
 0.0147179 0.0112586 0.0161086 -0.0125363 0.00949969
 0.0138307 0.0104539 0.0166766 -0.0132522 0.00871712
 0.0126332 0.00942725 0.016694 -0.0135006 0.00777762
 0.0123865 0.00913025 0.0180976 -0.0149662 0.00742131
 0.0113554 0.00827031 0.0182497 -0.0153621 0.00664912
 0.0110003 0.007937 0.0194725 -0.0166389 0.00628356
 0.0106086 0.00754063 0.0201248 -0.0174312 0.00587794
 0.009667 0.0068035 0.0198684 -0.0173568 0.00525084
 0.00938938 0.006526 0.0205913 -0.0181572 0.00494954
 0.00903406 0.00621454 0.0210594 -0.0187374 0.00464525
 0.00860712 0.00587999 0.0212861 -0.0190481 0.004376
 0.00839056 0.00566927 0.0216359 -0.0194493 0.00414358
 0.00793994 0.00530466 0.021564 -0.0195702 0.00383286
 0.00738819 0.00487637 0.0202886 -0.0184127 0.00345059
 0.00725256 0.00473974 0.0206927 -0.0188372 0.00329541
 0.00683019 0.00441566 0.0196916 -0.017957 0.00303611
 0.00658231 0.00420787 0.0196619 -0.0180211 0.00283753
 0.00621032 0.00391216 0.0187609 -0.0172088 0.00255402
 0.00599489 0.00377319 0.0180189 -0.0165284 0.00248834
 0.00588394 0.00367862 0.0176419 -0.0161934 0.00238921
 0.00575199 0.00355649 0.0170971 -0.0157361 0.00226201
 0.00539876 0.00333044 0.0154766 -0.0142182 0.00212631
 0.00526449 0.00320917 0.0150328 -0.0138261 0.00199679
 0.00513433 0.00311601 0.0142957 -0.0131496 0.00192723
 0.00505223 0.0030598 0.0134974 -0.0123704 0.00189082
 0.00474574 0.00283986 0.0126021 -0.0115771 0.00170454
 0.00461201 0.00273249 0.011813 -0.0108496 0.00161051
 0.00454769 0.00268627 0.0110611 -0.0101449 0.0015752
 0 0 0 0 0
 0 0 0 0 0
 0 0 0 0 0
 0 0 0 0 0
 0 0 0 0 0
 0 0 0 0 0
 0 0 0 0 0
 0 0 0 0 0
 0 0 0 0 0
 0 0 0 0 0
 0 0 0 0 0
 0 0 0 0 0
 0 0 0 0 0
 0 0 0 0 0
 0 0 0 0 0
 0 0 0 0 0
 0 0 0 0 0
 0 0 0 0 0
 0 0 0 0 0
 0 0 0 0 0
 0 0 0 0 0
 0 0 0 0 0
 0 0 0 0 0
 0 0 0 0 0
 0 0 0 0 0
 0 0 0 0 0
 0 0 0 0 0
 0 0 0 0 0
 0 0 0 0 0
 0 0 0 0 0
 0 0 0 0 0
 0 0 0 0 0
 0 0 0 0 0
 0 0 0 0 0
 0 0 0 0 0
 0 0 0 0 0
 0 0 0 0 0
 0 0 0 0 0
 0 0 0 0 0
 0 0 0 0 0
 0 0 0 0 0
 0 0 0 0 0
 0 0 0 0 0
 0 0 0 0 0
 0 0 0 0 0
 0 0 0 0 0
 0 0 0 0 0
 0 0 0 0 0
 0 0 0 0 0
 0 0 0 0 0
 0 0 0 0 0
 0 0 0 0 0
 0 0 0 0 0
 0 0 0 0 0
 0 0 0 0 0
 0 0 0 0 0
 0 0 0 0 0
 0 0 0 0 0
 0 0 0 0 0
 0 0 0 0 0
 0 0 0 0 0
 0 0 0 0 0
 0 0 0 0 0
 0 0 0 0 0
 0 0 0 0 0
 0 0 0 0 0
 0 0 0 0 0
 0 0 0 0 0
 0 0 0 0 0
 0 0 0 0 0
 0 0 0 0 0
 0 0 0 0 0
 0 0 0 0 0
 0 0 0 0 0
 0 0 0 0 0
 0 0 0 0 0
 0 0 0 0 0
 0 0 0 0 0
 1.66103 1.60707 0.0180083 -0.0091775 1.55859
 0.516067 0.492392 0.017132 -0.00895356 0.473249
 0.252515 0.237448 0.0165966 -0.00893119 0.226369
 0.155046 0.143676 0.0163411 -0.00908775 0.136011
 0.102107 0.0932056 0.0157338 -0.009013 0.0876825
 0.0744306 0.0668881 0.0155728 -0.0091925 0.0624845
 0.0586481 0.0519782 0.0156038 -0.00938556 0.0483373
 0.0454072 0.0395918 0.0150624 -0.00942094 0.0365203
 0.0376165 0.0323457 0.0148795 -0.00942981 0.0296861
 0.0316098 0.0267616 0.0147363 -0.00963069 0.0243507
 0.0269481 0.0224966 0.0147152 -0.00986825 0.0203074
 0.0235365 0.019367 0.0144754 -0.0098565 0.0173396
 0.0209877 0.0170095 0.0146374 -0.0102806 0.0151061
 0.0185357 0.0148201 0.0145516 -0.0104249 0.0130252
 0.0171415 0.0135484 0.0148892 -0.0109521 0.0118254
 0.0152891 0.0119077 0.0150354 -0.0113673 0.0102721
 0.0143949 0.0110596 0.0154144 -0.0118907 0.00940981
 0.0133951 0.0101602 0.0159241 -0.0125331 0.00855744
 0.0125567 0.00941788 0.0163044 -0.0130886 0.00785712
 0.0116324 0.00859369 0.0166544 -0.0136546 0.00702431
 0.0110311 0.00807331 0.0173921 -0.0144866 0.00652556
 0.0105682 0.00763344 0.0181284 -0.0153429 0.0060779
 0.00993462 0.0070995 0.0183939 -0.0157868 0.00559185
 0.00969681 0.00686469 0.0197839 -0.017254 0.00533763
 0.00916319 0.0064155 0.0195597 -0.0171837 0.00492326
 0.008668 0.00597536 0.0202553 -0.0179636 0.00447308
 0.00828325 0.00568243 0.0202378 -0.0181008 0.00426133
 0.00796638 0.00537456 0.020483 -0.0184221 0.00389646
 0.00757369 0.00509104 0.0200323 -0.0180483 0.00371391
 0.00735681 0.00488408 0.0204502 -0.0185605 0.00348592
 0.00700244 0.00461013 0.019768 -0.0179897 0.00326463
 0.00678381 0.00444143 0.0194973 -0.0177957 0.00314211
 0.00656713 0.00425604 0.0192957 -0.0176564 0.00294433
 0.00617257 0.00393644 0.0182957 -0.0167712 0.00263436
 0.00601034 0.00382904 0.0178009 -0.0163238 0.00258122
 0.00575014 0.0036211 0.0172844 -0.0158636 0.00239306
 0.00554756 0.00344901 0.0165434 -0.0152057 0.00222048
 0.00539031 0.00336244 0.0157827 -0.0145156 0.00220326
 0.00519679 0.00320099 0.0149928 -0.0137932 0.00203234
 0.00507139 0.00308901 0.0143519 -0.0132132 0.00191616
 0.00483164 0.00295091 0.0131561 -0.0121013 0.00184887
 0.0047607 0.0028726 0.0126199 -0.0116129 0.00175656
 0.00462774 0.00277724 0.0115691 -0.0105961 0.00168342
 0 0 0 0 0
 0 0 0 0 0
 0 0 0 0 0
 0 0 0 0 0
 0 0 0 0 0
 0 0 0 0 0
 0 0 0 0 0
 0 0 0 0 0
 0 0 0 0 0
 0 0 0 0 0
 0 0 0 0 0
 0 0 0 0 0
 0 0 0 0 0
 0 0 0 0 0
 0 0 0 0 0
 0 0 0 0 0
 0 0 0 0 0
 0 0 0 0 0
 0 0 0 0 0
 0 0 0 0 0
 0 0 0 0 0
 0 0 0 0 0
 0 0 0 0 0
 0 0 0 0 0
 0 0 0 0 0
 0 0 0 0 0
 0 0 0 0 0
 0 0 0 0 0
 0 0 0 0 0
 0 0 0 0 0
 0 0 0 0 0
 0 0 0 0 0
 0 0 0 0 0
 0 0 0 0 0
 0 0 0 0 0
 0 0 0 0 0
 0 0 0 0 0
 0 0 0 0 0
 0 0 0 0 0
 0 0 0 0 0
 0 0 0 0 0
 0 0 0 0 0
 0 0 0 0 0
 0 0 0 0 0
 0 0 0 0 0
 0 0 0 0 0
 0 0 0 0 0
 0 0 0 0 0
 0 0 0 0 0
 0 0 0 0 0
 0 0 0 0 0
 0 0 0 0 0
 0 0 0 0 0
 0 0 0 0 0
 0 0 0 0 0
 0 0 0 0 0
 0 0 0 0 0
 0 0 0 0 0
 0 0 0 0 0
 0 0 0 0 0
 0 0 0 0 0
 0 0 0 0 0
 0 0 0 0 0
 0 0 0 0 0
 0 0 0 0 0
 0 0 0 0 0
 0 0 0 0 0
 0 0 0 0 0
 0 0 0 0 0
 0 0 0 0 0
 0 0 0 0 0
 0 0 0 0 0
 0 0 0 0 0
 0 0 0 0 0
 0 0 0 0 0
 0 0 0 0 0
 0 0 0 0 0
 0 0 0 0 0
 0 0 0 0 0
 1.64988 1.59761 0.0177188 -0.00899987 1.55068
 0.522079 0.498601 0.0170999 -0.00886837 0.479604
 0.256804 0.241747 0.0167829 -0.00900106 0.230724
 0.152643 0.141597 0.016126 -0.00892181 0.134221
 0.101594 0.092865 0.0155677 -0.00883094 0.0874631
 0.074455 0.0670212 0.0154238 -0.00894712 0.0627025
 0.0571238 0.0506846 0.0150714 -0.00899563 0.0471768
 0.0437357 0.0382183 0.0145133 -0.00893187 0.0353526
 0.0360629 0.0310339 0.014498 -0.00913175 0.028485
 0.0305084 0.0258834 0.0141819 -0.00915562 0.0236588
 0.0262403 0.0219418 0.0141641 -0.00935238 0.0198739
 0.0224799 0.0185467 0.0139484 -0.00948981 0.0167397
 0.0206148 0.0167438 0.0145182 -0.0101258 0.0149031
 0.0181224 0.014538 0.0140547 -0.00993413 0.0128464
 0.0166106 0.0131364 0.0144415 -0.0105257 0.0114993
 0.0150589 0.0117572 0.0145935 -0.0109209 0.0101604
 0.0137697 0.0105901 0.0147516 -0.0112622 0.00904375
 0.0128931 0.00982731 0.015113 -0.011793 0.00833069
 0.0120311 0.00903488 0.0155619 -0.0124057 0.00751906
 0.0112844 0.00838675 0.0160781 -0.0130869 0.00690494
 0.0107501 0.00789862 0.0166182 -0.0137444 0.00644031
 0.0103343 0.00748719 0.0178423 -0.0150831 0.00599086
 0.00975581 0.00700337 0.0182628 -0.0156314 0.00553907
 0.00939881 0.00668181 0.0188441 -0.0163352 0.00523982
 0.00882856 0.00621483 0.0189539 -0.0166332 0.00482187
 0.00843394 0.00586847 0.0192385 -0.0169745 0.00448204
 0.00826388 0.00569236 0.0200014 -0.0178189 0.00426523
 0.00769525 0.00523225 0.0198101 -0.0178128 0.00385181
 0.00736762 0.00497288 0.0192861 -0.0173481 0.00364184
 0.00708331 0.00470991 0.019356 -0.0175208 0.00336543
 0.00688656 0.00455127 0.0194203 -0.0176514 0.00322998
 0.00660437 0.00432074 0.0191908 -0.0174647 0.00301006
 0.00634356 0.00411431 0.0187001 -0.0170743 0.00282589
 0.00604506 0.00392451 0.0178289 -0.0163245 0.00273824
 0.005901 0.00376548 0.0178082 -0.0163318 0.00253711
 0.00563293 0.00357484 0.0167414 -0.0153564 0.0023935
 0.00543516 0.00340866 0.0162523 -0.0149517 0.00221922
 0.00519614 0.00323166 0.0152392 -0.0140068 0.00208222
 0.00504027 0.00309775 0.0147343 -0.0135536 0.00195037
 0.00486374 0.00297316 0.0137361 -0.0126383 0.00185591
 0.00469866 0.00288134 0.0129179 -0.0118696 0.00182139
 0.00454976 0.00277038 0.0122074 -0.0112171 0.00172716
 0 0 0 0 0
 0 0 0 0 0
 0 0 0 0 0
 0 0 0 0 0
 0 0 0 0 0
 0 0 0 0 0
 0 0 0 0 0
 0 0 0 0 0
 0 0 0 0 0
 0 0 0 0 0
 0 0 0 0 0
 0 0 0 0 0
 0 0 0 0 0
 0 0 0 0 0
 0 0 0 0 0
 0 0 0 0 0
 0 0 0 0 0
 0 0 0 0 0
 0 0 0 0 0
 0 0 0 0 0
 0 0 0 0 0
 0 0 0 0 0
 0 0 0 0 0
 0 0 0 0 0
 0 0 0 0 0
 0 0 0 0 0
 0 0 0 0 0
 0 0 0 0 0
 0 0 0 0 0
 0 0 0 0 0
 0 0 0 0 0
 0 0 0 0 0
 0 0 0 0 0
 0 0 0 0 0
 0 0 0 0 0
 0 0 0 0 0
 0 0 0 0 0
 0 0 0 0 0
 0 0 0 0 0
 0 0 0 0 0
 0 0 0 0 0
 0 0 0 0 0
 0 0 0 0 0
 0 0 0 0 0
 0 0 0 0 0
 0 0 0 0 0
 0 0 0 0 0
 0 0 0 0 0
 0 0 0 0 0
 0 0 0 0 0
 0 0 0 0 0
 0 0 0 0 0
 0 0 0 0 0
 0 0 0 0 0
 0 0 0 0 0
 0 0 0 0 0
 0 0 0 0 0
 0 0 0 0 0
 0 0 0 0 0
 0 0 0 0 0
 0 0 0 0 0
 0 0 0 0 0
 0 0 0 0 0
 0 0 0 0 0
 0 0 0 0 0
 0 0 0 0 0
 0 0 0 0 0
 0 0 0 0 0
 0 0 0 0 0
 0 0 0 0 0
 0 0 0 0 0
 0 0 0 0 0
 0 0 0 0 0
 0 0 0 0 0
 0 0 0 0 0
 0 0 0 0 0
 0 0 0 0 0
 0 0 0 0 0
 0 0 0 0 0
 0 0 0 0 0
 1.66576 1.61433 0.0174056 -0.00865575 1.56816
 0.510146 0.487646 0.0166489 -0.00859475 0.469449
 0.247516 0.233258 0.0160667 -0.008569 0.222888
 0.146371 0.135925 0.0154946 -0.0084605 0.128989
 0.0976919 0.0893994 0.0149791 -0.00847313 0.0843381
 0.0712544 0.0642569 0.0147314 -0.008475 0.0602995
 0.0542194 0.0481538 0.0144524 -0.00861475 0.044866
 0.0441877 0.0386529 0.0144775 -0.00887544 0.035763
 0.0354502 0.0305899 0.0139269 -0.00868731 0.0282554
 0.0303562 0.0257724 0.0140616 -0.00901681 0.0235286
 0.0251836 0.0210733 0.0135972 -0.00897037 0.0191211
 0.022497 0.018595 0.0137411 -0.00920488 0.0167846
 0.0199646 0.0162657 0.0139154 -0.00958131 0.0145258
 0.0176509 0.0141638 0.0136881 -0.00968656 0.0125149
 0.0159344 0.0126094 0.0137794 -0.009985 0.0110188
 0.0145457 0.011394 0.0137752 -0.0101931 0.00992094
 0.0132589 0.0102414 0.0140544 -0.0106141 0.00879206
 0.0127087 0.00970481 0.0146295 -0.0113368 0.00825544
 0.011757 0.00886369 0.0149981 -0.0119311 0.00741606
 0.0112114 0.00833175 0.0158316 -0.0128532 0.00686437
 0.0104062 0.00767631 0.0157508 -0.0129388 0.00631681
 0.0100746 0.00734088 0.0167163 -0.0139767 0.00594053
 0.00958563 0.00689775 0.0173516 -0.0147471 0.00547245
 0.00916119 0.00652006 0.0180021 -0.0155161 0.00508353
 0.00881025 0.00619933 0.0184608 -0.0160709 0.00477694
 0.00814975 0.00567892 0.0184573 -0.0162939 0.00432969
 0.00778825 0.00537353 0.0186003 -0.0165061 0.00404539
 0.00741506 0.00507288 0.0185623 -0.0165872 0.00378381
 0.00722562 0.00487041 0.0192421 -0.0173482 0.00352848
 0.00701187 0.00471751 0.0191568 -0.0173074 0.00345682
 0.006744 0.00446099 0.0191634 -0.0174219 0.00315075
 0.00632981 0.00415759 0.0185329 -0.0169104 0.00291337
 0.0061724 0.00401654 0.0181464 -0.016561 0.00277793
 0.00592658 0.00382534 0.0178579 -0.0163576 0.00260949
 0.00579453 0.00367846 0.0175879 -0.0161475 0.00243313
 0.00558405 0.00354564 0.0169378 -0.0155676 0.00235907
 0.00526183 0.00331805 0.0156926 -0.0144174 0.00219219
 0.00509388 0.00317748 0.0151995 -0.0140037 0.00204837
 0.00500479 0.00309452 0.0143677 -0.0131876 0.00196308
 0.00479534 0.00297084 0.0137959 -0.0126889 0.00190571
 0.00455079 0.00278491 0.0126205 -0.0116112 0.00173471
 0 0 0 0 0
 0 0 0 0 0
 0 0 0 0 0
 0 0 0 0 0
 0 0 0 0 0
 0 0 0 0 0
 0 0 0 0 0
 0 0 0 0 0
 0 0 0 0 0
 0 0 0 0 0
 0 0 0 0 0
 0 0 0 0 0
 0 0 0 0 0
 0 0 0 0 0
 0 0 0 0 0
 0 0 0 0 0
 0 0 0 0 0
 0 0 0 0 0
 0 0 0 0 0
 0 0 0 0 0
 0 0 0 0 0
 0 0 0 0 0
 0 0 0 0 0
 0 0 0 0 0
 0 0 0 0 0
 0 0 0 0 0
 0 0 0 0 0
 0 0 0 0 0
 0 0 0 0 0
 0 0 0 0 0
 0 0 0 0 0
 0 0 0 0 0
 0 0 0 0 0
 0 0 0 0 0
 0 0 0 0 0
 0 0 0 0 0
 0 0 0 0 0
 0 0 0 0 0
 0 0 0 0 0
 0 0 0 0 0
 0 0 0 0 0
 0 0 0 0 0
 0 0 0 0 0
 0 0 0 0 0
 0 0 0 0 0
 0 0 0 0 0
 0 0 0 0 0
 0 0 0 0 0
 0 0 0 0 0
 0 0 0 0 0
 0 0 0 0 0
 0 0 0 0 0
 0 0 0 0 0
 0 0 0 0 0
 0 0 0 0 0
 0 0 0 0 0
 0 0 0 0 0
 0 0 0 0 0
 0 0 0 0 0
 0 0 0 0 0
 0 0 0 0 0
 0 0 0 0 0
 0 0 0 0 0
 0 0 0 0 0
 0 0 0 0 0
 0 0 0 0 0
 0 0 0 0 0
 0 0 0 0 0
 0 0 0 0 0
 0 0 0 0 0
 0 0 0 0 0
 0 0 0 0 0
 0 0 0 0 0
 0 0 0 0 0
 0 0 0 0 0
 0 0 0 0 0
 0 0 0 0 0
 0 0 0 0 0
 0 0 0 0 0
 0 0 0 0 0
 0 0 0 0 0
 1.71188 1.66029 0.0173423 -0.0086785 1.61397
 0.505703 0.483782 0.0165414 -0.00841769 0.466085
 0.249116 0.234999 0.0161641 -0.00851325 0.22474
 0.145764 0.135512 0.0153121 -0.00826962 0.128778
 0.097665 0.0894569 0.0149978 -0.0083505 0.0844444
 0.0721019 0.0650706 0.0148411 -0.00852875 0.0610764
 0.0535136 0.0476121 0.0142709 -0.00844669 0.0444721
 0.0421187 0.0368982 0.0139446 -0.00843569 0.034259
 0.0349772 0.0301862 0.0138563 -0.00863156 0.0277747
 0.0289301 0.0246383 0.0134053 -0.00848306 0.0225761
 0.0256756 0.0215313 0.0137665 -0.00900456 0.0195907
 0.0216965 0.0179311 0.0133283 -0.00891213 0.0161538
 0.0194584 0.0158986 0.0133264 -0.00912119 0.0142793
 0.0175721 0.0141478 0.0135729 -0.00958281 0.0125384
 0.0156659 0.0124425 0.0134442 -0.00964725 0.0109138
 0.0144512 0.0113375 0.0136049 -0.0100341 0.00988275
 0.0133351 0.0103222 0.0137704 -0.0103143 0.00887325
 0.0121313 0.00930962 0.0137934 -0.0106011 0.00798169
 0.0113801 0.0085995 0.0142237 -0.0111948 0.00723212
 0.0107191 0.00800287 0.0147507 -0.0118158 0.00663981
 0.0103543 0.00764794 0.0153804 -0.0125759 0.00628031
 0.00940188 0.00687263 0.0154534 -0.0128899 0.00558123
 0.00902512 0.00650531 0.0164711 -0.0139899 0.00517062
 0.00872319 0.00623589 0.016701 -0.0143464 0.00490512
 0.00832387 0.00589415 0.017478 -0.0152139 0.00458862
 0.00790525 0.00554133 0.0176971 -0.0155354 0.00427699
 0.007684 0.00532171 0.0183184 -0.0162476 0.00402207
 0.00741525 0.00509344 0.0184433 -0.0164712 0.00381583
 0.006997 0.00473979 0.0184286 -0.0165585 0.00348301
 0.00668763 0.00450448 0.0181709 -0.0163875 0.00328867
 0.00649944 0.00432433 0.0180406 -0.0163629 0.00309342
 0.00619203 0.00407893 0.0178561 -0.0162434 0.00287784
 0.00602641 0.00394546 0.0178693 -0.0163035 0.00275798
 0.005756 0.00372955 0.0173824 -0.0159309 0.00256847
 0.00560559 0.00358039 0.0170077 -0.0155978 0.00238775
 0.00528854 0.00338069 0.0160071 -0.0146955 0.00227934
 0.00509954 0.0032325 0.0151877 -0.0139397 0.00215432
 0.00509613 0.00321364 0.0152217 -0.0140072 0.00211571
 0.00474614 0.002965 0.0139265 -0.0128176 0.00192096
 0.00472568 0.00290354 0.0136081 -0.0125244 0.00181433
 0 0 0 0 0
 0 0 0 0 0
 0 0 0 0 0
 0 0 0 0 0
 0 0 0 0 0
 0 0 0 0 0
 0 0 0 0 0
 0 0 0 0 0
 0 0 0 0 0
 0 0 0 0 0
 0 0 0 0 0
 0 0 0 0 0
 0 0 0 0 0
 0 0 0 0 0
 0 0 0 0 0
 0 0 0 0 0
 0 0 0 0 0
 0 0 0 0 0
 0 0 0 0 0
 0 0 0 0 0
 0 0 0 0 0
 0 0 0 0 0
 0 0 0 0 0
 0 0 0 0 0
 0 0 0 0 0
 0 0 0 0 0
 0 0 0 0 0
 0 0 0 0 0
 0 0 0 0 0
 0 0 0 0 0
 0 0 0 0 0
 0 0 0 0 0
 0 0 0 0 0
 0 0 0 0 0
 0 0 0 0 0
 0 0 0 0 0
 0 0 0 0 0
 0 0 0 0 0
 0 0 0 0 0
 0 0 0 0 0
 0 0 0 0 0
 0 0 0 0 0
 0 0 0 0 0
 0 0 0 0 0
 0 0 0 0 0
 0 0 0 0 0
 0 0 0 0 0
 0 0 0 0 0
 0 0 0 0 0
 0 0 0 0 0
 0 0 0 0 0
 0 0 0 0 0
 0 0 0 0 0
 0 0 0 0 0
 0 0 0 0 0
 0 0 0 0 0
 0 0 0 0 0
 0 0 0 0 0
 0 0 0 0 0
 0 0 0 0 0
 0 0 0 0 0
 0 0 0 0 0
 0 0 0 0 0
 0 0 0 0 0
 0 0 0 0 0
 0 0 0 0 0
 0 0 0 0 0
 0 0 0 0 0
 0 0 0 0 0
 0 0 0 0 0
 0 0 0 0 0
 0 0 0 0 0
 0 0 0 0 0
 0 0 0 0 0
 0 0 0 0 0
 0 0 0 0 0
 0 0 0 0 0
 0 0 0 0 0
 0 0 0 0 0
 0 0 0 0 0
 0 0 0 0 0
 0 0 0 0 0
 1.69719 1.64722 0.016961 -0.00835837 1.60236
 0.510533 0.488837 0.0164165 -0.00835438 0.471354
 0.245256 0.231548 0.0158265 -0.00831444 0.221598
 0.148049 0.137813 0.0154327 -0.00830281 0.131102
 0.0971006 0.0890656 0.0148024 -0.00823869 0.0842512
 0.06937 0.062715 0.0143966 -0.00816769 0.0589821
 0.0529918 0.0472076 0.0140993 -0.00825087 0.0441548
 0.0415833 0.0365149 0.0136851 -0.00817481 0.0339619
 0.0346299 0.0299315 0.0136465 -0.00844225 0.0276197
 0.0286105 0.0243803 0.0132544 -0.00843325 0.0223699
 0.0242667 0.0204007 0.0129998 -0.00844775 0.0186007
 0.021605 0.0179156 0.0130872 -0.00872206 0.0162197
 0.0190389 0.0155653 0.0129731 -0.00882669 0.013997
 0.0169768 0.0136958 0.0129153 -0.00898475 0.0121981
 0.0154909 0.0123352 0.0132399 -0.00946588 0.0108659
 0.0141399 0.0111165 0.0131822 -0.00958844 0.00973137
 0.0125506 0.009738 0.0129391 -0.00966975 0.00843319
 0.0121361 0.00929637 0.0135394 -0.0103094 0.00791469
 0.0112556 0.00854419 0.0141477 -0.0110917 0.0072235
 0.0103063 0.00772538 0.0139026 -0.0110808 0.00645262
 0.00993744 0.00735956 0.0148697 -0.0121736 0.00607367
 0.00925888 0.00680487 0.0150154 -0.0124196 0.00557034
 0.0089565 0.00650038 0.0158928 -0.0134105 0.00522783
 0.008716 0.00625137 0.0167778 -0.0143989 0.00495386
 0.0080875 0.00573462 0.0161619 -0.0139272 0.00447979
 0.00767881 0.00539618 0.0169289 -0.0148511 0.00416966
 0.00752369 0.00526927 0.0177522 -0.0156726 0.00407182
 0.00718544 0.00493916 0.0179138 -0.0159641 0.00369133
 0.00686706 0.00467727 0.0178756 -0.0160318 0.00345884
 0.0065475 0.00440287 0.0175916 -0.0158569 0.00318494
 0.00639 0.00428149 0.0179211 -0.016222 0.00308838
 0.00611666 0.00404549 0.0176869 -0.0160838 0.00285021
 0.00577718 0.00379716 0.017009 -0.015509 0.00266302
 0.00556972 0.00363648 0.0167128 -0.0152814 0.00253608
 0.00543349 0.00352292 0.0164933 -0.0151171 0.00242669
 0.00530401 0.00341161 0.0160182 -0.0146979 0.00232699
 0.00509254 0.00324052 0.0152252 -0.0140036 0.00216639
 0.00494998 0.00314218 0.0147089 -0.0135293 0.00209534
 0.00471176 0.00295889 0.0139858 -0.0128845 0.00193349
 0 0 0 0 0
 0 0 0 0 0
 0 0 0 0 0
 0 0 0 0 0
 0 0 0 0 0
 0 0 0 0 0
 0 0 0 0 0
 0 0 0 0 0
 0 0 0 0 0
 0 0 0 0 0
 0 0 0 0 0
 0 0 0 0 0
 0 0 0 0 0
 0 0 0 0 0
 0 0 0 0 0
 0 0 0 0 0
 0 0 0 0 0
 0 0 0 0 0
 0 0 0 0 0
 0 0 0 0 0
 0 0 0 0 0
 0 0 0 0 0
 0 0 0 0 0
 0 0 0 0 0
 0 0 0 0 0
 0 0 0 0 0
 0 0 0 0 0
 0 0 0 0 0
 0 0 0 0 0
 0 0 0 0 0
 0 0 0 0 0
 0 0 0 0 0
 0 0 0 0 0
 0 0 0 0 0
 0 0 0 0 0
 0 0 0 0 0
 0 0 0 0 0
 0 0 0 0 0
 0 0 0 0 0
 0 0 0 0 0
 0 0 0 0 0
 0 0 0 0 0
 0 0 0 0 0
 0 0 0 0 0
 0 0 0 0 0
 0 0 0 0 0
 0 0 0 0 0
 0 0 0 0 0
 0 0 0 0 0
 0 0 0 0 0
 0 0 0 0 0
 0 0 0 0 0
 0 0 0 0 0
 0 0 0 0 0
 0 0 0 0 0
 0 0 0 0 0
 0 0 0 0 0
 0 0 0 0 0
 0 0 0 0 0
 0 0 0 0 0
 0 0 0 0 0
 0 0 0 0 0
 0 0 0 0 0
 0 0 0 0 0
 0 0 0 0 0
 0 0 0 0 0
 0 0 0 0 0
 0 0 0 0 0
 0 0 0 0 0
 0 0 0 0 0
 0 0 0 0 0
 0 0 0 0 0
 0 0 0 0 0
 0 0 0 0 0
 0 0 0 0 0
 0 0 0 0 0
 0 0 0 0 0
 0 0 0 0 0
 0 0 0 0 0
 0 0 0 0 0
 0 0 0 0 0
 0 0 0 0 0
 0 0 0 0 0
 1.73377 1.68387 0.0171888 -0.00840894 1.63904
 0.513714 0.49231 0.0164617 -0.00830181 0.475091
 0.242792 0.229473 0.0156465 -0.00804288 0.219866
 0.143533 0.13375 0.0148527 -0.00796281 0.127391
 0.0945894 0.0868219 0.0143723 -0.007896 0.08211
 0.0690238 0.0624644 0.0142609 -0.00805637 0.0588101
 0.0524305 0.0467467 0.0138957 -0.00811431 0.0437488
 0.041935 0.0368643 0.01356 -0.00807025 0.0343419
 0.0338434 0.0293289 0.0132289 -0.00811481 0.0271568
 0.0283031 0.0241822 0.0131392 -0.008266 0.0222551
 0.0240061 0.0202329 0.0127319 -0.00814569 0.0185224
 0.0205889 0.0171011 0.0124072 -0.00814912 0.0155085
 0.0181931 0.0148985 0.0124398 -0.00835594 0.0133881
 0.0164533 0.0133026 0.0124839 -0.00867575 0.0119018
 0.0146878 0.0117134 0.0124775 -0.00881206 0.0103562
 0.0135876 0.0107123 0.0126331 -0.0091515 0.00939344
 0.0123111 0.00960025 0.0125721 -0.00929738 0.00836137
 0.0114767 0.00881625 0.0127077 -0.00957556 0.00756194
 0.0109916 0.00835369 0.0132027 -0.0101723 0.00708244
 0.0101768 0.00765581 0.0133424 -0.0105171 0.00645019
 0.00969 0.00719481 0.013988 -0.0112797 0.00595077
 0.00877719 0.00643219 0.014117 -0.0116248 0.00522699
 0.00866256 0.00630525 0.014879 -0.0124281 0.00509818
 0.00835588 0.00603009 0.0155113 -0.0131897 0.00483194
 0.00798419 0.00569356 0.0161027 -0.0138824 0.00448748
 0.00754769 0.00532076 0.0163616 -0.0143054 0.0041322
 0.00728013 0.00507934 0.0168611 -0.0148599 0.00389479
 0.007016 0.00485451 0.0173469 -0.0154413 0.00366655
 0.00671156 0.00458675 0.0173218 -0.0155062 0.00340248
 0.00650875 0.00441249 0.0175218 -0.0158196 0.00323793
 0.00609026 0.00408886 0.0169979 -0.0153828 0.00296185
 0.00590699 0.00392916 0.0168833 -0.015323 0.00280343
 0.00569536 0.00374383 0.0167864 -0.0153097 0.00262088
 0.00548818 0.00359312 0.0165379 -0.0151191 0.0025008
 0.00529259 0.00344521 0.0159683 -0.0146352 0.00239549
 0.0051989 0.00336538 0.0156333 -0.0143216 0.00230937
 0.00495986 0.00316117 0.0150437 -0.0138205 0.00210068
 0.00475167 0.00302377 0.0143424 -0.0131981 0.00201848
 0 0 0 0 0
 0 0 0 0 0
 0 0 0 0 0
 0 0 0 0 0
 0 0 0 0 0
 0 0 0 0 0
 0 0 0 0 0
 0 0 0 0 0
 0 0 0 0 0
 0 0 0 0 0
 0 0 0 0 0
 0 0 0 0 0
 0 0 0 0 0
 0 0 0 0 0
 0 0 0 0 0
 0 0 0 0 0
 0 0 0 0 0
 0 0 0 0 0
 0 0 0 0 0
 0 0 0 0 0
 0 0 0 0 0
 0 0 0 0 0
 0 0 0 0 0
 0 0 0 0 0
 0 0 0 0 0
 0 0 0 0 0
 0 0 0 0 0
 0 0 0 0 0
 0 0 0 0 0
 0 0 0 0 0
 0 0 0 0 0
 0 0 0 0 0
 0 0 0 0 0
 0 0 0 0 0
 0 0 0 0 0
 0 0 0 0 0
 0 0 0 0 0
 0 0 0 0 0
 0 0 0 0 0
 0 0 0 0 0
 0 0 0 0 0
 0 0 0 0 0
 0 0 0 0 0
 0 0 0 0 0
 0 0 0 0 0
 0 0 0 0 0
 0 0 0 0 0
 0 0 0 0 0
 0 0 0 0 0
 0 0 0 0 0
 0 0 0 0 0
 0 0 0 0 0
 0 0 0 0 0
 0 0 0 0 0
 0 0 0 0 0
 0 0 0 0 0
 0 0 0 0 0
 0 0 0 0 0
 0 0 0 0 0
 0 0 0 0 0
 0 0 0 0 0
 0 0 0 0 0
 0 0 0 0 0
 0 0 0 0 0
 0 0 0 0 0
 0 0 0 0 0
 0 0 0 0 0
 0 0 0 0 0
 0 0 0 0 0
 0 0 0 0 0
 0 0 0 0 0
 0 0 0 0 0
 0 0 0 0 0
 0 0 0 0 0
 0 0 0 0 0
 0 0 0 0 0
 0 0 0 0 0
 0 0 0 0 0
 0 0 0 0 0
 0 0 0 0 0
 0 0 0 0 0
 0 0 0 0 0
 0 0 0 0 0
 0 0 0 0 0
 1.71964 1.67132 0.0164637 -0.00796975 1.62792
 0.522723 0.501371 0.0162486 -0.0080835 0.484216
 0.248786 0.235366 0.0156088 -0.00804931 0.225704
 0.141643 0.132111 0.0148703 -0.00788981 0.125873
 0.0932931 0.0857594 0.0141121 -0.00772856 0.0812631
 0.0669731 0.0606633 0.0138578 -0.00775344 0.0571506
 0.0524286 0.0468232 0.0138273 -0.00796163 0.0439119
 0.0400486 0.0352432 0.0130564 -0.00772313 0.0328796
 0.0329219 0.0285809 0.012892 -0.00784188 0.0265441
 0.0278841 0.0238569 0.0127095 -0.00792925 0.0220091
 0.0239798 0.0202389 0.0127327 -0.00815619 0.0185348
 0.0208804 0.0173852 0.0126925 -0.00827781 0.015789
 0.0181529 0.0148804 0.0122998 -0.00823444 0.0133949
 0.0163702 0.0132734 0.0123956 -0.00852669 0.0118914
 0.0146907 0.0117411 0.0122449 -0.00861525 0.0104047
 0.0132043 0.0104257 0.0121261 -0.00865137 0.00916781
 0.0119826 0.00933444 0.0121786 -0.008949 0.00811212
 0.0111293 0.00858562 0.0123744 -0.00930613 0.00740669
 0.0105835 0.00806819 0.0127563 -0.00981119 0.00687181
 0.00980756 0.00737906 0.0129274 -0.0101638 0.00619931
 0.00929138 0.00690831 0.0132382 -0.0106246 0.00573734
 0.008655 0.00638713 0.0137061 -0.0112247 0.0052442
 0.00822856 0.0059964 0.0143312 -0.0119911 0.00484708
 0.00807144 0.00582667 0.0150342 -0.0127622 0.00466552
 0.00765062 0.00547127 0.0153901 -0.0132382 0.00432541
 0.00734637 0.00519147 0.0157763 -0.0137105 0.00402841
 0.00722437 0.00507701 0.0166636 -0.0146479 0.00391412
 0.00680888 0.00473936 0.0165199 -0.0146181 0.00361914
 0.00634619 0.00437515 0.0162363 -0.0145051 0.00330359
 0.0061982 0.00423625 0.0163458 -0.0146705 0.00315332
 0.00593363 0.00402752 0.0161421 -0.0145376 0.00297304
 0.00585471 0.00391053 0.0166123 -0.0150823 0.00280883
 0.00558479 0.00369726 0.0164751 -0.0150261 0.00260946
 0.00548223 0.00361613 0.0160786 -0.0146579 0.00255042
 0.00519066 0.00338644 0.0156849 -0.014368 0.00234507
 0.00503278 0.00325231 0.0152964 -0.0140469 0.0022207
 0.00487833 0.00313061 0.0147435 -0.0135432 0.00211062
 0 0 0 0 0
 0 0 0 0 0
 0 0 0 0 0
 0 0 0 0 0
 0 0 0 0 0
 0 0 0 0 0
 0 0 0 0 0
 0 0 0 0 0
 0 0 0 0 0
 0 0 0 0 0
 0 0 0 0 0
 0 0 0 0 0
 0 0 0 0 0
 0 0 0 0 0
 0 0 0 0 0
 0 0 0 0 0
 0 0 0 0 0
 0 0 0 0 0
 0 0 0 0 0
 0 0 0 0 0
 0 0 0 0 0
 0 0 0 0 0
 0 0 0 0 0
 0 0 0 0 0
 0 0 0 0 0
 0 0 0 0 0
 0 0 0 0 0
 0 0 0 0 0
 0 0 0 0 0
 0 0 0 0 0
 0 0 0 0 0
 0 0 0 0 0
 0 0 0 0 0
 0 0 0 0 0
 0 0 0 0 0
 0 0 0 0 0
 0 0 0 0 0
 0 0 0 0 0
 0 0 0 0 0
 0 0 0 0 0
 0 0 0 0 0
 0 0 0 0 0
 0 0 0 0 0
 0 0 0 0 0
 0 0 0 0 0
 0 0 0 0 0
 0 0 0 0 0
 0 0 0 0 0
 0 0 0 0 0
 0 0 0 0 0
 0 0 0 0 0
 0 0 0 0 0
 0 0 0 0 0
 0 0 0 0 0
 0 0 0 0 0
 0 0 0 0 0
 0 0 0 0 0
 0 0 0 0 0
 0 0 0 0 0
 0 0 0 0 0
 0 0 0 0 0
 0 0 0 0 0
 0 0 0 0 0
 0 0 0 0 0
 0 0 0 0 0
 0 0 0 0 0
 0 0 0 0 0
 0 0 0 0 0
 0 0 0 0 0
 0 0 0 0 0
 0 0 0 0 0
 0 0 0 0 0
 0 0 0 0 0
 0 0 0 0 0
 0 0 0 0 0
 0 0 0 0 0
 0 0 0 0 0
 0 0 0 0 0
 0 0 0 0 0
 0 0 0 0 0
 0 0 0 0 0
 0 0 0 0 0
 0 0 0 0 0
 0 0 0 0 0
 0 0 0 0 0
 1.72096 1.67365 0.0165 -0.00804506 1.63111
 0.522954 0.501982 0.0162309 -0.00812987 0.48516
 0.237923 0.225276 0.0150394 -0.00768306 0.216172
 0.139865 0.130558 0.0147147 -0.00778481 0.124448
 0.0949844 0.0873963 0.0144288 -0.00783969 0.0828594
 0.0671312 0.0609258 0.0136794 -0.00758562 0.0575511
 0.0513481 0.0458908 0.013595 -0.00784031 0.0430429
 0.0402303 0.0354523 0.0131091 -0.00769394 0.0331086
 0.0322351 0.0280128 0.0127109 -0.00765288 0.0259873
 0.0274634 0.0235458 0.0124273 -0.00773656 0.02179
 0.0228451 0.0192775 0.0121782 -0.00765106 0.0176465
 0.020252 0.0168893 0.0121256 -0.00786944 0.0153981
 0.0175111 0.0144052 0.0118431 -0.00792444 0.0130364
 0.0157253 0.0127705 0.0116613 -0.00785481 0.0114974
 0.0140961 0.0112936 0.0118052 -0.00823844 0.0100367
 0.0130929 0.0103753 0.011938 -0.00854738 0.00916063
 0.0116783 0.00914381 0.0116 -0.00842844 0.008009
 0.0108975 0.0084245 0.0119224 -0.00888544 0.00727131
 0.0101767 0.00778019 0.01212 -0.00923069 0.00666125
 0.009551 0.00722431 0.0123749 -0.00961413 0.00612382
 0.00898706 0.00671656 0.0126341 -0.0100386 0.00562242
 0.00837475 0.00617481 0.0128924 -0.0104769 0.00506505
 0.00803637 0.00588601 0.0134542 -0.0111071 0.00481583
 0.00783012 0.00568294 0.0144504 -0.0122101 0.00459138
 0.00732275 0.00524037 0.0143135 -0.0122059 0.00414098
 0.00706081 0.00502442 0.0148996 -0.0129112 0.00396504
 0.00679681 0.00478286 0.0153904 -0.0135016 0.00371381
 0.00666019 0.004628 0.0160101 -0.0141704 0.00350183
 0.00633625 0.00437746 0.0157874 -0.0140594 0.00330386
 0.00611711 0.00417301 0.0162999 -0.0146341 0.00307869
 0.00588082 0.00399621 0.0160339 -0.0144588 0.00295126
 0.00558957 0.00375466 0.0159249 -0.0144262 0.0027184
 0.0054647 0.00362604 0.0162032 -0.014757 0.00256316
 0.0051507 0.00338962 0.0155782 -0.014237 0.00236462
 0.00505226 0.00332942 0.0149735 -0.0136822 0.00235012
 0.00474241 0.00308575 0.0145192 -0.0133375 0.00212749
 0 0 0 0 0
 0 0 0 0 0
 0 0 0 0 0
 0 0 0 0 0
 0 0 0 0 0
 0 0 0 0 0
 0 0 0 0 0
 0 0 0 0 0
 0 0 0 0 0
 0 0 0 0 0
 0 0 0 0 0
 0 0 0 0 0
 0 0 0 0 0
 0 0 0 0 0
 0 0 0 0 0
 0 0 0 0 0
 0 0 0 0 0
 0 0 0 0 0
 0 0 0 0 0
 0 0 0 0 0
 0 0 0 0 0
 0 0 0 0 0
 0 0 0 0 0
 0 0 0 0 0
 0 0 0 0 0
 0 0 0 0 0
 0 0 0 0 0
 0 0 0 0 0
 0 0 0 0 0
 0 0 0 0 0
 0 0 0 0 0
 0 0 0 0 0
 0 0 0 0 0
 0 0 0 0 0
 0 0 0 0 0
 0 0 0 0 0
 0 0 0 0 0
 0 0 0 0 0
 0 0 0 0 0
 0 0 0 0 0
 0 0 0 0 0
 0 0 0 0 0
 0 0 0 0 0
 0 0 0 0 0
 0 0 0 0 0
 0 0 0 0 0
 0 0 0 0 0
 0 0 0 0 0
 0 0 0 0 0
 0 0 0 0 0
 0 0 0 0 0
 0 0 0 0 0
 0 0 0 0 0
 0 0 0 0 0
 0 0 0 0 0
 0 0 0 0 0
 0 0 0 0 0
 0 0 0 0 0
 0 0 0 0 0
 0 0 0 0 0
 0 0 0 0 0
 0 0 0 0 0
 0 0 0 0 0
 0 0 0 0 0
 0 0 0 0 0
 0 0 0 0 0
 0 0 0 0 0
 0 0 0 0 0
 0 0 0 0 0
 0 0 0 0 0
 0 0 0 0 0
 0 0 0 0 0
 0 0 0 0 0
 0 0 0 0 0
 0 0 0 0 0
 0 0 0 0 0
 0 0 0 0 0
 0 0 0 0 0
 0 0 0 0 0
 0 0 0 0 0
 0 0 0 0 0
 0 0 0 0 0
 0 0 0 0 0
 0 0 0 0 0
 0 0 0 0 0
 0 0 0 0 0
 1.81282 1.76414 0.0167488 -0.00804744 1.72034
 0.504064 0.484187 0.0157015 -0.00774262 0.468259
 0.235914 0.223539 0.0150302 -0.00766612 0.214661
 0.141014 0.131783 0.0144819 -0.00758075 0.125804
 0.0935094 0.0861819 0.0140578 -0.00764419 0.0818669
 0.0663462 0.0602831 0.0135697 -0.00749437 0.0569781
 0.0496539 0.0444442 0.0129614 -0.00739706 0.0417903
 0.0398555 0.0351703 0.0128382 -0.00757 0.0329305
 0.0313332 0.0272648 0.0122573 -0.00738181 0.0253323
 0.0271072 0.0232746 0.0121775 -0.00746737 0.0215537
 0.0222797 0.0188522 0.0118511 -0.00747069 0.0173152
 0.0195364 0.016292 0.0117236 -0.0075455 0.0148721
 0.0174376 0.0143588 0.0116804 -0.00769538 0.0130184
 0.0155774 0.0126735 0.0115841 -0.00780894 0.0114156
 0.0139663 0.0112149 0.0114693 -0.00794062 0.0100127
 0.0125844 0.00997956 0.011453 -0.0081435 0.00882744
 0.0117337 0.00919619 0.0116311 -0.0084445 0.00803694
 0.0108359 0.00841675 0.0118179 -0.00875138 0.00730812
 0.00990044 0.007565 0.0116744 -0.0088215 0.00647112
 0.009245 0.006989 0.0118919 -0.00920512 0.00591891
 0.00869706 0.00650375 0.0120736 -0.009531 0.00543211
 0.00830912 0.00616502 0.0126435 -0.0102254 0.00511993
 0.00793969 0.00581519 0.0130479 -0.0107161 0.00473065
 0.00754013 0.00547334 0.0135256 -0.0113562 0.00442717
 0.00718606 0.00517636 0.0137516 -0.0116881 0.00414693
 0.00687325 0.00488817 0.0143103 -0.0123248 0.00383014
 0.006737 0.00475336 0.0151423 -0.0132016 0.00368252
 0.00629187 0.0043812 0.0150122 -0.0132691 0.00332884
 0.00614498 0.00424774 0.0153959 -0.0137093 0.00320142
 0.005877 0.00403489 0.0154581 -0.0138326 0.00301399
 0.00576059 0.0039323 0.0156335 -0.0140779 0.0029151
 0.00552949 0.00372822 0.0158853 -0.0143732 0.00270523
 0.00536801 0.00361406 0.0155593 -0.0141483 0.00264041
 0.00508048 0.00337522 0.0152514 -0.0139296 0.00240704
 0.00501178 0.00328909 0.0150257 -0.0137593 0.00229667
 0 0 0 0 0
 0 0 0 0 0
 0 0 0 0 0
 0 0 0 0 0
 0 0 0 0 0
 0 0 0 0 0
 0 0 0 0 0
 0 0 0 0 0
 0 0 0 0 0
 0 0 0 0 0
 0 0 0 0 0
 0 0 0 0 0
 0 0 0 0 0
 0 0 0 0 0
 0 0 0 0 0
 0 0 0 0 0
 0 0 0 0 0
 0 0 0 0 0
 0 0 0 0 0
 0 0 0 0 0
 0 0 0 0 0
 0 0 0 0 0
 0 0 0 0 0
 0 0 0 0 0
 0 0 0 0 0
 0 0 0 0 0
 0 0 0 0 0
 0 0 0 0 0
 0 0 0 0 0
 0 0 0 0 0
 0 0 0 0 0
 0 0 0 0 0
 0 0 0 0 0
 0 0 0 0 0
 0 0 0 0 0
 0 0 0 0 0
 0 0 0 0 0
 0 0 0 0 0
 0 0 0 0 0
 0 0 0 0 0
 0 0 0 0 0
 0 0 0 0 0
 0 0 0 0 0
 0 0 0 0 0
 0 0 0 0 0
 0 0 0 0 0
 0 0 0 0 0
 0 0 0 0 0
 0 0 0 0 0
 0 0 0 0 0
 0 0 0 0 0
 0 0 0 0 0
 0 0 0 0 0
 0 0 0 0 0
 0 0 0 0 0
 0 0 0 0 0
 0 0 0 0 0
 0 0 0 0 0
 0 0 0 0 0
 0 0 0 0 0
 0 0 0 0 0
 0 0 0 0 0
 0 0 0 0 0
 0 0 0 0 0
 0 0 0 0 0
 0 0 0 0 0
 0 0 0 0 0
 0 0 0 0 0
 0 0 0 0 0
 0 0 0 0 0
 0 0 0 0 0
 0 0 0 0 0
 0 0 0 0 0
 0 0 0 0 0
 0 0 0 0 0
 0 0 0 0 0
 0 0 0 0 0
 0 0 0 0 0
 0 0 0 0 0
 0 0 0 0 0
 0 0 0 0 0
 0 0 0 0 0
 0 0 0 0 0
 0 0 0 0 0
 0 0 0 0 0
 0 0 0 0 0
 0 0 0 0 0
 1.83631 1.78818 0.0164434 -0.00773244 1.74476
 0.507429 0.487806 0.0154971 -0.007546 0.472082
 0.234583 0.222483 0.0147143 -0.00745938 0.213837
 0.139141 0.130164 0.0144471 -0.00749281 0.124411
 0.0919763 0.0848363 0.0138381 -0.00740519 0.0806744
 0.064025 0.0581986 0.0131009 -0.00725956 0.054978
 0.0494351 0.0443279 0.0128604 -0.00721625 0.0417356
 0.0385013 0.0340137 0.0125524 -0.00724125 0.0318674
 0.0317795 0.027722 0.0122293 -0.00723412 0.0258662
 0.0258997 0.0222756 0.0117984 -0.00719063 0.0206535
 0.0221738 0.018798 0.0116089 -0.00722425 0.0173399
 0.0191817 0.0160481 0.0114565 -0.00737975 0.0146916
 0.0168563 0.0139253 0.0113249 -0.00742394 0.0126768
 0.0148704 0.0121138 0.0110523 -0.00738319 0.0109094
 0.0137885 0.0111175 0.0112002 -0.007716 0.00998194
 0.0123557 0.00983056 0.0109969 -0.00771931 0.0087395
 0.0112355 0.00884675 0.0110482 -0.00791388 0.00779525
 0.0103557 0.00805306 0.0110611 -0.00813219 0.00702387
 0.00982931 0.00755288 0.0115418 -0.008688 0.00650012
 0.00910919 0.00691269 0.0115422 -0.00888525 0.00586494
 0.00847587 0.00636412 0.0118183 -0.0092725 0.00534234
 0.00810256 0.00602004 0.0121992 -0.00980819 0.00499466
 0.00765675 0.00562549 0.0124047 -0.0101416 0.00461335
 0.00737306 0.00536836 0.0130202 -0.0108635 0.00435425
 0.00706256 0.00508863 0.0135302 -0.0114609 0.00405578
 0.00670375 0.00478226 0.0136871 -0.0117471 0.00377453
 0.00656488 0.00465453 0.0145269 -0.0126572 0.00362137
 0.00626925 0.00440289 0.0149029 -0.0131058 0.00338124
 0.00589708 0.00409548 0.0146553 -0.0130149 0.00310448
 0.00581174 0.00400694 0.0151495 -0.0135474 0.00300084
 0.00555671 0.00379996 0.0149498 -0.0134425 0.00282389
 0.00535589 0.00364488 0.0150673 -0.0135951 0.00268496
 0.00521476 0.00349049 0.0152197 -0.013838 0.00249364
 0.00503494 0.00335119 0.0149087 -0.0135811 0.00238742
 0 0 0 0 0
 0 0 0 0 0
 0 0 0 0 0
 0 0 0 0 0
 0 0 0 0 0
 0 0 0 0 0
 0 0 0 0 0
 0 0 0 0 0
 0 0 0 0 0
 0 0 0 0 0
 0 0 0 0 0
 0 0 0 0 0
 0 0 0 0 0
 0 0 0 0 0
 0 0 0 0 0
 0 0 0 0 0
 0 0 0 0 0
 0 0 0 0 0
 0 0 0 0 0
 0 0 0 0 0
 0 0 0 0 0
 0 0 0 0 0
 0 0 0 0 0
 0 0 0 0 0
 0 0 0 0 0
 0 0 0 0 0
 0 0 0 0 0
 0 0 0 0 0
 0 0 0 0 0
 0 0 0 0 0
 0 0 0 0 0
 0 0 0 0 0
 0 0 0 0 0
 0 0 0 0 0
 0 0 0 0 0
 0 0 0 0 0
 0 0 0 0 0
 0 0 0 0 0
 0 0 0 0 0
 0 0 0 0 0
 0 0 0 0 0
 0 0 0 0 0
 0 0 0 0 0
 0 0 0 0 0
 0 0 0 0 0
 0 0 0 0 0
 0 0 0 0 0
 0 0 0 0 0
 0 0 0 0 0
 0 0 0 0 0
 0 0 0 0 0
 0 0 0 0 0
 0 0 0 0 0
 0 0 0 0 0
 0 0 0 0 0
 0 0 0 0 0
 0 0 0 0 0
 0 0 0 0 0
 0 0 0 0 0
 0 0 0 0 0
 0 0 0 0 0
 0 0 0 0 0
 0 0 0 0 0
 0 0 0 0 0
 0 0 0 0 0
 0 0 0 0 0
 0 0 0 0 0
 0 0 0 0 0
 0 0 0 0 0
 0 0 0 0 0
 0 0 0 0 0
 0 0 0 0 0
 0 0 0 0 0
 0 0 0 0 0
 0 0 0 0 0
 0 0 0 0 0
 0 0 0 0 0
 0 0 0 0 0
 0 0 0 0 0
 0 0 0 0 0
 0 0 0 0 0
 0 0 0 0 0
 0 0 0 0 0
 0 0 0 0 0
 0 0 0 0 0
 0 0 0 0 0
 0 0 0 0 0
 0 0 0 0 0
 1.80353 1.75724 0.0159634 -0.00754119 1.71557
 0.50956 0.490186 0.0154702 -0.00755462 0.474689
 0.233406 0.221579 0.0144731 -0.00729063 0.213197
 0.134738 0.126159 0.0137871 -0.00705844 0.120691
 0.0890988 0.0822444 0.0133876 -0.00710019 0.0782256
 0.0656481 0.0597729 0.0133351 -0.0073085 0.0565927
 0.0472687 0.0424096 0.0123868 -0.00694025 0.0399524
 0.0380367 0.0336538 0.012245 -0.0069925 0.0315724
 0.0308867 0.0269546 0.0118781 -0.00698856 0.0251519
 0.0254266 0.0218625 0.0117492 -0.00713956 0.0202244
 0.0217273 0.0184559 0.0114544 -0.00709387 0.0170374
 0.0185694 0.0155694 0.010945 -0.00693363 0.0143006
 0.0164261 0.0135851 0.0108869 -0.00710569 0.0123881
 0.0148334 0.0121169 0.0108836 -0.0072485 0.0109831
 0.0130064 0.0104798 0.0105834 -0.00718869 0.00939137
 0.0120924 0.00961712 0.0108508 -0.00751606 0.0085155
 0.0108666 0.0085515 0.0105911 -0.00756706 0.00753619
 0.0102579 0.00797681 0.0107718 -0.00783 0.00693694
 0.00924956 0.00710019 0.0107951 -0.00804406 0.00608647
 0.00869394 0.00661512 0.0109406 -0.00834056 0.00563809
 0.00837288 0.00632556 0.0112277 -0.00875006 0.00536353
 0.00801394 0.00597781 0.0118556 -0.00944881 0.00498643
 0.00751475 0.00554603 0.0120859 -0.0098365 0.0045663
 0.00711869 0.00517926 0.0123721 -0.0102501 0.00417011
 0.00681212 0.00494009 0.0128153 -0.0108047 0.00398282
 0.006595 0.00474262 0.0132064 -0.0112948 0.00378492
 0.00629931 0.00447225 0.0134923 -0.0116593 0.00349736
 0.00608765 0.00429737 0.0138174 -0.0120798 0.00334767
 0.00574789 0.00400417 0.0141484 -0.0124993 0.00304368
 0.00558061 0.00385065 0.0141648 -0.0126144 0.00288783
 0.00543127 0.00370908 0.0146312 -0.0131228 0.00273434
 0.00522885 0.00356976 0.014554 -0.0131464 0.00264856
 0.00504601 0.00341109 0.01469 -0.0133432 0.00248939
 0 0 0 0 0
 0 0 0 0 0
 0 0 0 0 0
 0 0 0 0 0
 0 0 0 0 0
 0 0 0 0 0
 0 0 0 0 0
 0 0 0 0 0
 0 0 0 0 0
 0 0 0 0 0
 0 0 0 0 0
 0 0 0 0 0
 0 0 0 0 0
 0 0 0 0 0
 0 0 0 0 0
 0 0 0 0 0
 0 0 0 0 0
 0 0 0 0 0
 0 0 0 0 0
 0 0 0 0 0
 0 0 0 0 0
 0 0 0 0 0
 0 0 0 0 0
 0 0 0 0 0
 0 0 0 0 0
 0 0 0 0 0
 0 0 0 0 0
 0 0 0 0 0
 0 0 0 0 0
 0 0 0 0 0
 0 0 0 0 0
 0 0 0 0 0
 0 0 0 0 0
 0 0 0 0 0
 0 0 0 0 0
 0 0 0 0 0
 0 0 0 0 0
 0 0 0 0 0
 0 0 0 0 0
 0 0 0 0 0
 0 0 0 0 0
 0 0 0 0 0
 0 0 0 0 0
 0 0 0 0 0
 0 0 0 0 0
 0 0 0 0 0
 0 0 0 0 0
 0 0 0 0 0
 0 0 0 0 0
 0 0 0 0 0
 0 0 0 0 0
 0 0 0 0 0
 0 0 0 0 0
 0 0 0 0 0
 0 0 0 0 0
 0 0 0 0 0
 0 0 0 0 0
 0 0 0 0 0
 0 0 0 0 0
 0 0 0 0 0
 0 0 0 0 0
 0 0 0 0 0
 0 0 0 0 0
 0 0 0 0 0
 0 0 0 0 0
 0 0 0 0 0
 0 0 0 0 0
 0 0 0 0 0
 0 0 0 0 0
 0 0 0 0 0
 0 0 0 0 0
 0 0 0 0 0
 0 0 0 0 0
 0 0 0 0 0
 0 0 0 0 0
 0 0 0 0 0
 0 0 0 0 0
 0 0 0 0 0
 0 0 0 0 0
 0 0 0 0 0
 0 0 0 0 0
 0 0 0 0 0
 0 0 0 0 0
 0 0 0 0 0
 0 0 0 0 0
 0 0 0 0 0
 0 0 0 0 0
 0 0 0 0 0
 0 0 0 0 0
 1.85224 1.80571 0.0162147 -0.00766031 1.76378
 0.518484 0.499101 0.0155234 -0.00746275 0.483611
 0.229866 0.218351 0.0146409 -0.00726356 0.210125
 0.132314 0.12399 0.0135914 -0.00690056 0.118688
 0.0897581 0.0829312 0.0134136 -0.00704044 0.0790013
 0.0625069 0.0569663 0.0126264 -0.00678581 0.05399
 0.0474521 0.0426254 0.0124383 -0.00690612 0.0401964
 0.035848 0.0317628 0.0115428 -0.00651269 0.0298126
 0.0301266 0.0263316 0.0116624 -0.00681006 0.0246201
 0.0256268 0.0220715 0.011585 -0.00695494 0.0204887
 0.0214158 0.0182151 0.0111728 -0.0068865 0.0167998
 0.0182911 0.0153452 0.0107817 -0.00675544 0.0141134
 0.0163387 0.0135342 0.0107951 -0.00699769 0.01237
 0.0146272 0.01196 0.0108402 -0.00719312 0.0108096
 0.0126968 0.0102673 0.0104004 -0.00705931 0.00922875
 0.011798 0.00940656 0.0105382 -0.00734375 0.00837494
 0.0109423 0.00863081 0.0105293 -0.00746131 0.0076135
 0.00984931 0.00768144 0.0104221 -0.00757531 0.006709
 0.00918044 0.00709037 0.0103917 -0.00773988 0.00615116
 0.00861869 0.00658231 0.0106499 -0.00809325 0.00564487
 0.00799706 0.00603927 0.0106572 -0.00821537 0.00512177
 0.00756231 0.00565116 0.0110088 -0.008721 0.00473111
 0.00715031 0.00528802 0.0111381 -0.00897856 0.0043676
 0.00691919 0.00507069 0.0117484 -0.0096695 0.00414583
 0.00655444 0.00475746 0.0121389 -0.0101771 0.00383201
 0.00625531 0.00450536 0.0123578 -0.0104911 0.00359773
 0.00609934 0.00434497 0.0131624 -0.0113625 0.00340762
 0.00582468 0.00410761 0.0134087 -0.011741 0.00318179
 0.00554994 0.00388976 0.0133057 -0.0116979 0.00298851
 0.00543886 0.00377814 0.0136565 -0.0121265 0.00287299
 0.00524082 0.0035957 0.0140996 -0.0126362 0.00266629
 0.00508991 0.00348068 0.0139203 -0.0125251 0.00257643
 0 0 0 0 0
 0 0 0 0 0
 0 0 0 0 0
 0 0 0 0 0
 0 0 0 0 0
 0 0 0 0 0
 0 0 0 0 0
 0 0 0 0 0
 0 0 0 0 0
 0 0 0 0 0
 0 0 0 0 0
 0 0 0 0 0
 0 0 0 0 0
 0 0 0 0 0
 0 0 0 0 0
 0 0 0 0 0
 0 0 0 0 0
 0 0 0 0 0
 0 0 0 0 0
 0 0 0 0 0
 0 0 0 0 0
 0 0 0 0 0
 0 0 0 0 0
 0 0 0 0 0
 0 0 0 0 0
 0 0 0 0 0
 0 0 0 0 0
 0 0 0 0 0
 0 0 0 0 0
 0 0 0 0 0
 0 0 0 0 0
 0 0 0 0 0
 0 0 0 0 0
 0 0 0 0 0
 0 0 0 0 0
 0 0 0 0 0
 0 0 0 0 0
 0 0 0 0 0
 0 0 0 0 0
 0 0 0 0 0
 0 0 0 0 0
 0 0 0 0 0
 0 0 0 0 0
 0 0 0 0 0
 0 0 0 0 0
 0 0 0 0 0
 0 0 0 0 0
 0 0 0 0 0
 0 0 0 0 0
 0 0 0 0 0
 0 0 0 0 0
 0 0 0 0 0
 0 0 0 0 0
 0 0 0 0 0
 0 0 0 0 0
 0 0 0 0 0
 0 0 0 0 0
 0 0 0 0 0
 0 0 0 0 0
 0 0 0 0 0
 0 0 0 0 0
 0 0 0 0 0
 0 0 0 0 0
 0 0 0 0 0
 0 0 0 0 0
 0 0 0 0 0
 0 0 0 0 0
 0 0 0 0 0
 0 0 0 0 0
 0 0 0 0 0
 0 0 0 0 0
 0 0 0 0 0
 0 0 0 0 0
 0 0 0 0 0
 0 0 0 0 0
 0 0 0 0 0
 0 0 0 0 0
 0 0 0 0 0
 0 0 0 0 0
 0 0 0 0 0
 0 0 0 0 0
 0 0 0 0 0
 0 0 0 0 0
 0 0 0 0 0
 0 0 0 0 0
 0 0 0 0 0
 0 0 0 0 0
 0 0 0 0 0
 0 0 0 0 0
 0 0 0 0 0
 1.87958 1.8334 0.0160089 -0.00748506 1.79172
 0.526859 0.50753 0.0155596 -0.00746156 0.492062
 0.232132 0.220677 0.0143359 -0.00711256 0.212537
 0.13503 0.126607 0.0138952 -0.00713188 0.121266
 0.0883769 0.0817713 0.01323 -0.00689969 0.0779369
 0.0616921 0.0562724 0.0124888 -0.00670338 0.0533766
 0.0467771 0.0420718 0.0122157 -0.006701 0.0397321
 0.0368107 0.0326421 0.0118334 -0.00674456 0.0306939
 0.0292246 0.0255624 0.0112711 -0.00659512 0.0238876
 0.0250282 0.0215962 0.0112721 -0.00674344 0.0201076
 0.0210047 0.0178928 0.0108764 -0.00667294 0.0165713
 0.0184632 0.0155343 0.0108883 -0.00682806 0.014287
 0.0160251 0.0133008 0.0105721 -0.00681088 0.0121734
 0.0140166 0.0115003 0.0102646 -0.00673812 0.0104512
 0.0127611 0.0103287 0.0103328 -0.00694312 0.00930156
 0.0116759 0.00932994 0.0102484 -0.00704844 0.00832469
 0.0106805 0.00845756 0.0102084 -0.00716344 0.00750381
 0.00969319 0.0075695 0.0101502 -0.00733963 0.00662306
 0.00893962 0.00693244 0.00995656 -0.00730506 0.00605149
 0.00833381 0.00637062 0.0103071 -0.00776613 0.00546464
 0.00783425 0.00592585 0.0104584 -0.00805412 0.00502861
 0.0073475 0.00551516 0.0103787 -0.0081495 0.00465891
 0.006956 0.00516801 0.0109074 -0.0087435 0.00428537
 0.0066795 0.00490266 0.0113214 -0.00929519 0.00400806
 0.00625669 0.00455119 0.0114516 -0.00953638 0.00368885
 0.00621208 0.00449038 0.0122285 -0.0103624 0.00360046
 0.00594297 0.00423977 0.0125645 -0.0108133 0.00333362
 0.00562019 0.00397211 0.0126164 -0.0109407 0.00306819
 0.00549236 0.00385631 0.0129482 -0.0113718 0.00296733
 0.00533026 0.00371462 0.0133232 -0.0118216 0.00283638
 0.00519707 0.00359676 0.0136298 -0.0121622 0.00270516
 0 0 0 0 0
 0 0 0 0 0
 0 0 0 0 0
 0 0 0 0 0
 0 0 0 0 0
 0 0 0 0 0
 0 0 0 0 0
 0 0 0 0 0
 0 0 0 0 0
 0 0 0 0 0
 0 0 0 0 0
 0 0 0 0 0
 0 0 0 0 0
 0 0 0 0 0
 0 0 0 0 0
 0 0 0 0 0
 0 0 0 0 0
 0 0 0 0 0
 0 0 0 0 0
 0 0 0 0 0
 0 0 0 0 0
 0 0 0 0 0
 0 0 0 0 0
 0 0 0 0 0
 0 0 0 0 0
 0 0 0 0 0
 0 0 0 0 0
 0 0 0 0 0
 0 0 0 0 0
 0 0 0 0 0
 0 0 0 0 0
 0 0 0 0 0
 0 0 0 0 0
 0 0 0 0 0
 0 0 0 0 0
 0 0 0 0 0
 0 0 0 0 0
 0 0 0 0 0
 0 0 0 0 0
 0 0 0 0 0
 0 0 0 0 0
 0 0 0 0 0
 0 0 0 0 0
 0 0 0 0 0
 0 0 0 0 0
 0 0 0 0 0
 0 0 0 0 0
 0 0 0 0 0
 0 0 0 0 0
 0 0 0 0 0
 0 0 0 0 0
 0 0 0 0 0
 0 0 0 0 0
 0 0 0 0 0
 0 0 0 0 0
 0 0 0 0 0
 0 0 0 0 0
 0 0 0 0 0
 0 0 0 0 0
 0 0 0 0 0
 0 0 0 0 0
 0 0 0 0 0
 0 0 0 0 0
 0 0 0 0 0
 0 0 0 0 0
 0 0 0 0 0
 0 0 0 0 0
 0 0 0 0 0
 0 0 0 0 0
 0 0 0 0 0
 0 0 0 0 0
 0 0 0 0 0
 0 0 0 0 0
 0 0 0 0 0
 0 0 0 0 0
 0 0 0 0 0
 0 0 0 0 0
 0 0 0 0 0
 0 0 0 0 0
 0 0 0 0 0
 0 0 0 0 0
 0 0 0 0 0
 0 0 0 0 0
 0 0 0 0 0
 0 0 0 0 0
 0 0 0 0 0
 0 0 0 0 0
 0 0 0 0 0
 0 0 0 0 0
 0 0 0 0 0
 0 0 0 0 0
 1.86393 1.81911 0.0156967 -0.00730731 1.77861
 0.50973 0.491304 0.0151381 -0.00724456 0.476616
 0.23336 0.222042 0.0141507 -0.00694237 0.214029
 0.133338 0.125178 0.0135483 -0.00679006 0.119983
 0.0890213 0.0824263 0.0133387 -0.0069845 0.0785862
 0.0620969 0.0567157 0.0124387 -0.006637 0.0538549
 0.0461098 0.0415214 0.0120623 -0.006639 0.0392689
 0.036519 0.0324293 0.0117643 -0.00665406 0.0305018
 0.0294185 0.0257651 0.0112583 -0.00649644 0.0241039
 0.0246547 0.0213257 0.0111423 -0.00663981 0.0199086
 0.0206068 0.0175709 0.0105969 -0.00643712 0.0163053
 0.0173794 0.0146208 0.0101987 -0.00635494 0.0134606
 0.0153941 0.0127784 0.0102376 -0.00649706 0.011691
 0.0137084 0.0112597 0.009977 -0.00648994 0.0102479
 0.0124568 0.0100956 0.0100488 -0.00673875 0.00909631
 0.0111492 0.00894156 0.00978113 -0.00664262 0.00801275
 0.0101381 0.00804387 0.00967381 -0.00674319 0.00714675
 0.00934081 0.00731888 0.00964506 -0.00691625 0.00644688
 0.00884106 0.00687025 0.00983962 -0.00717619 0.00600293
 0.00821537 0.00629513 0.00994087 -0.00742731 0.0054125
 0.00751819 0.00570868 0.00987681 -0.0075745 0.00487659
 0.00714362 0.00535787 0.0100402 -0.00782031 0.00450553
 0.00691619 0.00514396 0.0104288 -0.00826931 0.0042855
 0.00656456 0.00483597 0.0109371 -0.00893087 0.0039708
 0.00632931 0.00462499 0.0112221 -0.0092705 0.00376367
 0.00594107 0.00429509 0.011517 -0.00972456 0.00344575
 0.00571799 0.00410138 0.0119521 -0.0102206 0.00323577
 0.00560281 0.00398839 0.0121687 -0.0104848 0.00312805
 0.00534254 0.00376514 0.0126456 -0.0110921 0.00291207
 0.00522739 0.00366674 0.0129531 -0.0114625 0.00281814
 0 0 0 0 0
 0 0 0 0 0
 0 0 0 0 0
 0 0 0 0 0
 0 0 0 0 0
 0 0 0 0 0
 0 0 0 0 0
 0 0 0 0 0
 0 0 0 0 0
 0 0 0 0 0
 0 0 0 0 0
 0 0 0 0 0
 0 0 0 0 0
 0 0 0 0 0
 0 0 0 0 0
 0 0 0 0 0
 0 0 0 0 0
 0 0 0 0 0
 0 0 0 0 0
 0 0 0 0 0
 0 0 0 0 0
 0 0 0 0 0
 0 0 0 0 0
 0 0 0 0 0
 0 0 0 0 0
 0 0 0 0 0
 0 0 0 0 0
 0 0 0 0 0
 0 0 0 0 0
 0 0 0 0 0
 0 0 0 0 0
 0 0 0 0 0
 0 0 0 0 0
 0 0 0 0 0
 0 0 0 0 0
 0 0 0 0 0
 0 0 0 0 0
 0 0 0 0 0
 0 0 0 0 0
 0 0 0 0 0
 0 0 0 0 0
 0 0 0 0 0
 0 0 0 0 0
 0 0 0 0 0
 0 0 0 0 0
 0 0 0 0 0
 0 0 0 0 0
 0 0 0 0 0
 0 0 0 0 0
 0 0 0 0 0
 0 0 0 0 0
 0 0 0 0 0
 0 0 0 0 0
 0 0 0 0 0
 0 0 0 0 0
 0 0 0 0 0
 0 0 0 0 0
 0 0 0 0 0
 0 0 0 0 0
 0 0 0 0 0
 0 0 0 0 0
 0 0 0 0 0
 0 0 0 0 0
 0 0 0 0 0
 0 0 0 0 0
 0 0 0 0 0
 0 0 0 0 0
 0 0 0 0 0
 0 0 0 0 0
 0 0 0 0 0
 0 0 0 0 0
 0 0 0 0 0
 0 0 0 0 0
 0 0 0 0 0
 0 0 0 0 0
 0 0 0 0 0
 0 0 0 0 0
 0 0 0 0 0
 0 0 0 0 0
 0 0 0 0 0
 0 0 0 0 0
 0 0 0 0 0
 0 0 0 0 0
 0 0 0 0 0
 0 0 0 0 0
 0 0 0 0 0
 0 0 0 0 0
 0 0 0 0 0
 0 0 0 0 0
 0 0 0 0 0
 0 0 0 0 0
 0 0 0 0 0
 1.87902 1.83479 0.0154596 -0.00700869 1.79484
 0.504495 0.486589 0.014763 -0.00696688 0.472292
 0.231317 0.220255 0.0140041 -0.00676331 0.212412
 0.132592 0.124571 0.0133863 -0.00670925 0.11947
 0.0873219 0.0809325 0.0128896 -0.006702 0.0772594
 0.0594661 0.0543386 0.0120146 -0.0063985 0.0516623
 0.0456593 0.0411744 0.0118302 -0.00640319 0.0389541
 0.0358117 0.0318401 0.0114944 -0.00648125 0.0299669
 0.0291907 0.0256168 0.0111744 -0.00638187 0.0240193
 0.0241346 0.0209004 0.0108037 -0.006334 0.0195212
 0.0205595 0.0175845 0.0104979 -0.00632494 0.0163717
 0.0178168 0.0150456 0.0102467 -0.00630006 0.0139166
 0.015245 0.0126601 0.0100614 -0.00632919 0.0115574
 0.0137672 0.0113239 0.00994219 -0.00647044 0.0103325
 0.0121481 0.00986938 0.00979219 -0.00649719 0.00892006
 0.0107949 0.00866581 0.00938875 -0.00637738 0.00778019
 0.00995419 0.00790637 0.00950262 -0.00658806 0.00702725
 0.00913469 0.00717194 0.00928269 -0.00656719 0.00633331
 0.00857087 0.00664919 0.00962894 -0.00701363 0.00578258
 0.00799062 0.0061514 0.009538 -0.00705613 0.00533757
 0.0075735 0.00575798 0.00989287 -0.00754725 0.00492031
 0.00707112 0.00532841 0.00975006 -0.0075365 0.00450259
 0.00668087 0.00498722 0.00992331 -0.00781569 0.00417553
 0.00638256 0.00472539 0.0102297 -0.00822537 0.00391333
 0.00615401 0.00452101 0.0106628 -0.00874825 0.00370481
 0.00582824 0.00423208 0.0111071 -0.00930513 0.00339699
 0.00573046 0.00413298 0.0116682 -0.00995038 0.00330086
 0.00534617 0.00381776 0.0118198 -0.0102189 0.00300664
 0.00522464 0.00369846 0.012038 -0.0105176 0.00287489
 0 0 0 0 0
 0 0 0 0 0
 0 0 0 0 0
 0 0 0 0 0
 0 0 0 0 0
 0 0 0 0 0
 0 0 0 0 0
 0 0 0 0 0
 0 0 0 0 0
 0 0 0 0 0
 0 0 0 0 0
 0 0 0 0 0
 0 0 0 0 0
 0 0 0 0 0
 0 0 0 0 0
 0 0 0 0 0
 0 0 0 0 0
 0 0 0 0 0
 0 0 0 0 0
 0 0 0 0 0
 0 0 0 0 0
 0 0 0 0 0
 0 0 0 0 0
 0 0 0 0 0
 0 0 0 0 0
 0 0 0 0 0
 0 0 0 0 0
 0 0 0 0 0
 0 0 0 0 0
 0 0 0 0 0
 0 0 0 0 0
 0 0 0 0 0
 0 0 0 0 0
 0 0 0 0 0
 0 0 0 0 0
 0 0 0 0 0
 0 0 0 0 0
 0 0 0 0 0
 0 0 0 0 0
 0 0 0 0 0
 0 0 0 0 0
 0 0 0 0 0
 0 0 0 0 0
 0 0 0 0 0
 0 0 0 0 0
 0 0 0 0 0
 0 0 0 0 0
 0 0 0 0 0
 0 0 0 0 0
 0 0 0 0 0
 0 0 0 0 0
 0 0 0 0 0
 0 0 0 0 0
 0 0 0 0 0
 0 0 0 0 0
 0 0 0 0 0
 0 0 0 0 0
 0 0 0 0 0
 0 0 0 0 0
 0 0 0 0 0
 0 0 0 0 0
 0 0 0 0 0
 0 0 0 0 0
 0 0 0 0 0
 0 0 0 0 0
 0 0 0 0 0
 0 0 0 0 0
 0 0 0 0 0
 0 0 0 0 0
 0 0 0 0 0
 0 0 0 0 0
 0 0 0 0 0
 0 0 0 0 0
 0 0 0 0 0
 0 0 0 0 0
 0 0 0 0 0
 0 0 0 0 0
 0 0 0 0 0
 0 0 0 0 0
 0 0 0 0 0
 0 0 0 0 0
 0 0 0 0 0
 0 0 0 0 0
 0 0 0 0 0
 0 0 0 0 0
 0 0 0 0 0
 0 0 0 0 0
 0 0 0 0 0
 0 0 0 0 0
 0 0 0 0 0
 0 0 0 0 0
 0 0 0 0 0
 0 0 0 0 0
 1.93861 1.89394 0.0153374 -0.00703969 1.85357
 0.515865 0.497871 0.0147171 -0.00692994 0.483474
 0.231493 0.220578 0.0138521 -0.00663356 0.212851
 0.132736 0.124815 0.0132509 -0.00656125 0.119817
 0.0847875 0.0786631 0.0122853 -0.00626225 0.0751606
 0.0596304 0.0545612 0.0119989 -0.00629481 0.0519131
 0.0454944 0.0410577 0.0117686 -0.00640263 0.0388823
 0.0350516 0.0312271 0.0110706 -0.00610291 0.0294756
 0.0285263 0.0250557 0.0108711 -0.00620371 0.0235279
 0.0235299 0.0204291 0.0103397 -0.0059916 0.0191321
 0.0195397 0.0166907 0.0100759 -0.00603586 0.0154848
 0.0169101 0.0142999 0.00981931 -0.00595131 0.0132376
 0.015105 0.0126022 0.009832 -0.00623348 0.0115827
 0.0132325 0.0108886 0.00962031 -0.0062173 0.00992275
 0.0118924 0.00967787 0.00937344 -0.00614625 0.00879656
 0.0105679 0.00849869 0.00926813 -0.00627775 0.00762713
 0.00950181 0.00755363 0.00893006 -0.00612417 0.00673525
 0.00894994 0.00704156 0.00919456 -0.00649512 0.00622742
 0.00826669 0.00644219 0.00923725 -0.00669444 0.00563207
 0.00786744 0.00607269 0.00926775 -0.00686025 0.00529829
 0.00718837 0.00547974 0.00926213 -0.00699356 0.00468616
 0.00692312 0.00524177 0.00949487 -0.00729656 0.00445864
 0.0064685 0.00484251 0.00957444 -0.00752056 0.00406894
 0.00630687 0.00468382 0.0100516 -0.00810175 0.00389842
 0.0060223 0.00443731 0.0104615 -0.00858219 0.0036403
 0.00562531 0.00408954 0.0104444 -0.00870912 0.00330842
 0.00540325 0.00390766 0.0109573 -0.00930175 0.00313004
 0.00530438 0.00380503 0.0113535 -0.00976106 0.00302033
 0 0 0 0 0
 0 0 0 0 0
 0 0 0 0 0
 0 0 0 0 0
 0 0 0 0 0
 0 0 0 0 0
 0 0 0 0 0
 0 0 0 0 0
 0 0 0 0 0
 0 0 0 0 0
 0 0 0 0 0
 0 0 0 0 0
 0 0 0 0 0
 0 0 0 0 0
 0 0 0 0 0
 0 0 0 0 0
 0 0 0 0 0
 0 0 0 0 0
 0 0 0 0 0
 0 0 0 0 0
 0 0 0 0 0
 0 0 0 0 0
 0 0 0 0 0
 0 0 0 0 0
 0 0 0 0 0
 0 0 0 0 0
 0 0 0 0 0
 0 0 0 0 0
 0 0 0 0 0
 0 0 0 0 0
 0 0 0 0 0
 0 0 0 0 0
 0 0 0 0 0
 0 0 0 0 0
 0 0 0 0 0
 0 0 0 0 0
 0 0 0 0 0
 0 0 0 0 0
 0 0 0 0 0
 0 0 0 0 0
 0 0 0 0 0
 0 0 0 0 0
 0 0 0 0 0
 0 0 0 0 0
 0 0 0 0 0
 0 0 0 0 0
 0 0 0 0 0
 0 0 0 0 0
 0 0 0 0 0
 0 0 0 0 0
 0 0 0 0 0
 0 0 0 0 0
 0 0 0 0 0
 0 0 0 0 0
 0 0 0 0 0
 0 0 0 0 0
 0 0 0 0 0
 0 0 0 0 0
 0 0 0 0 0
 0 0 0 0 0
 0 0 0 0 0
 0 0 0 0 0
 0 0 0 0 0
 0 0 0 0 0
 0 0 0 0 0
 0 0 0 0 0
 0 0 0 0 0
 0 0 0 0 0
 0 0 0 0 0
 0 0 0 0 0
 0 0 0 0 0
 0 0 0 0 0
 0 0 0 0 0
 0 0 0 0 0
 0 0 0 0 0
 0 0 0 0 0
 0 0 0 0 0
 0 0 0 0 0
 0 0 0 0 0
 0 0 0 0 0
 0 0 0 0 0
 0 0 0 0 0
 0 0 0 0 0
 0 0 0 0 0
 0 0 0 0 0
 0 0 0 0 0
 0 0 0 0 0
 0 0 0 0 0
 0 0 0 0 0
 0 0 0 0 0
 0 0 0 0 0
 0 0 0 0 0
 0 0 0 0 0
 0 0 0 0 0
 1.96797 1.92358 0.0154678 -0.00698594 1.88336
 0.520306 0.50245 0.014733 -0.00690562 0.488161
 0.234616 0.223686 0.0141475 -0.00683219 0.215964
 0.129198 0.121557 0.0129946 -0.00638238 0.116733
 0.0876706 0.0814075 0.0128199 -0.0065005 0.0778675
 0.0603435 0.0552704 0.0119587 -0.006253 0.0526293
 0.0446263 0.0402956 0.0114694 -0.00613431 0.0381762
 0.0347371 0.0309702 0.0109918 -0.00600328 0.0292252
 0.028148 0.0247608 0.0107494 -0.00611749 0.0232807
 0.0229745 0.0199488 0.0102081 -0.00592876 0.0186821
 0.0193547 0.0165743 0.00991038 -0.00591682 0.015422
 0.0165138 0.013967 0.00961381 -0.00585892 0.0129209
 0.0146814 0.0122599 0.00951775 -0.00594923 0.0112909
 0.0132793 0.0109591 0.00950094 -0.00608858 0.0100277
 0.0114378 0.00932106 0.00913219 -0.00598141 0.008452
 0.0106668 0.00858681 0.00919994 -0.00619246 0.00772063
 0.00942394 0.00751119 0.00886131 -0.00608321 0.00671637
 0.0086985 0.00686819 0.00871994 -0.00608871 0.00609865
 0.008232 0.00642381 0.0089265 -0.00638088 0.00563479
 0.00750544 0.00579069 0.00888369 -0.00652194 0.00502489
 0.00717319 0.00548138 0.0090085 -0.006731 0.00471308
 0.00667875 0.00504699 0.00913012 -0.00699125 0.00427019
 0.00627606 0.00470193 0.00918962 -0.00714763 0.00394322
 0.00599919 0.00445018 0.00959906 -0.00769519 0.00368106
 0.0058133 0.00428399 0.00997506 -0.00811563 0.00351846
 0.00550663 0.00402243 0.0100806 -0.00833625 0.00326341
 0.00531077 0.00384787 0.0103763 -0.00872556 0.00309403
 0 0 0 0 0
 0 0 0 0 0
 0 0 0 0 0
 0 0 0 0 0
 0 0 0 0 0
 0 0 0 0 0
 0 0 0 0 0
 0 0 0 0 0
 0 0 0 0 0
 0 0 0 0 0
 0 0 0 0 0
 0 0 0 0 0
 0 0 0 0 0
 0 0 0 0 0
 0 0 0 0 0
 0 0 0 0 0
 0 0 0 0 0
 0 0 0 0 0
 0 0 0 0 0
 0 0 0 0 0
 0 0 0 0 0
 0 0 0 0 0
 0 0 0 0 0
 0 0 0 0 0
 0 0 0 0 0
 0 0 0 0 0
 0 0 0 0 0
 0 0 0 0 0
 0 0 0 0 0
 0 0 0 0 0
 0 0 0 0 0
 0 0 0 0 0
 0 0 0 0 0
 0 0 0 0 0
 0 0 0 0 0
 0 0 0 0 0
 0 0 0 0 0
 0 0 0 0 0
 0 0 0 0 0
 0 0 0 0 0
 0 0 0 0 0
 0 0 0 0 0
 0 0 0 0 0
 0 0 0 0 0
 0 0 0 0 0
 0 0 0 0 0
 0 0 0 0 0
 0 0 0 0 0
 0 0 0 0 0
 0 0 0 0 0
 0 0 0 0 0
 0 0 0 0 0
 0 0 0 0 0
 0 0 0 0 0
 0 0 0 0 0
 0 0 0 0 0
 0 0 0 0 0
 0 0 0 0 0
 0 0 0 0 0
 0 0 0 0 0
 0 0 0 0 0
 0 0 0 0 0
 0 0 0 0 0
 0 0 0 0 0
 0 0 0 0 0
 0 0 0 0 0
 0 0 0 0 0
 0 0 0 0 0
 0 0 0 0 0
 0 0 0 0 0
 0 0 0 0 0
 0 0 0 0 0
 0 0 0 0 0
 0 0 0 0 0
 0 0 0 0 0
 0 0 0 0 0
 0 0 0 0 0
 0 0 0 0 0
 0 0 0 0 0
 0 0 0 0 0
 0 0 0 0 0
 0 0 0 0 0
 0 0 0 0 0
 0 0 0 0 0
 0 0 0 0 0
 0 0 0 0 0
 0 0 0 0 0
 0 0 0 0 0
 0 0 0 0 0
 0 0 0 0 0
 0 0 0 0 0
 0 0 0 0 0
 0 0 0 0 0
 0 0 0 0 0
 0 0 0 0 0
 2.01836 1.97377 0.0154668 -0.00693669 1.93341
 0.506995 0.489889 0.0143649 -0.00658444 0.476226
 0.230532 0.21994 0.0137589 -0.00654537 0.212435
 0.128721 0.12121 0.012771 -0.00629081 0.11651
 0.083 0.0771138 0.0122385 -0.00615889 0.0736975
 0.0602578 0.0552722 0.0117804 -0.00601057 0.0527071
 0.0445251 0.0402769 0.0114274 -0.0060601 0.0382104
 0.0342606 0.0305586 0.0107731 -0.00587155 0.0288872
 0.0279651 0.024607 0.0105268 -0.00594028 0.0231544
 0.0229154 0.0199308 0.0101608 -0.00584753 0.0186559
 0.0193395 0.0166011 0.00986981 -0.00585026 0.0154932
 0.0163681 0.0138569 0.00942813 -0.00567879 0.0128515
 0.0140407 0.0117316 0.00922919 -0.00574602 0.0107848
 0.0127087 0.0105094 0.00908594 -0.00577657 0.00964075
 0.0112299 0.00916694 0.0087955 -0.00569316 0.00834825
 0.0105645 0.00854306 0.00902025 -0.00602809 0.00772325
 0.00927963 0.00741 0.008646 -0.00587019 0.00662613
 0.00854919 0.00675581 0.00865981 -0.00605477 0.00598038
 0.00791431 0.00618787 0.00855775 -0.00608619 0.00543759
 0.00736306 0.00570742 0.00856 -0.00625031 0.00496796
 0.00700744 0.00537872 0.00881725 -0.00656069 0.00465018
 0.00637675 0.00484991 0.00852806 -0.00647769 0.00415964
 0.00618137 0.00464001 0.00883381 -0.00682638 0.00391022
 0.00574027 0.00428279 0.008901 -0.00704675 0.00358686
 0.00558885 0.004129 0.0093855 -0.00761125 0.00340921
 0.00529357 0.00387496 0.00952056 -0.00784544 0.00314957
 0 0 0 0 0
 0 0 0 0 0
 0 0 0 0 0
 0 0 0 0 0
 0 0 0 0 0
 0 0 0 0 0
 0 0 0 0 0
 0 0 0 0 0
 0 0 0 0 0
 0 0 0 0 0
 0 0 0 0 0
 0 0 0 0 0
 0 0 0 0 0
 0 0 0 0 0
 0 0 0 0 0
 0 0 0 0 0
 0 0 0 0 0
 0 0 0 0 0
 0 0 0 0 0
 0 0 0 0 0
 0 0 0 0 0
 0 0 0 0 0
 0 0 0 0 0
 0 0 0 0 0
 0 0 0 0 0
 0 0 0 0 0
 0 0 0 0 0
 0 0 0 0 0
 0 0 0 0 0
 0 0 0 0 0
 0 0 0 0 0
 0 0 0 0 0
 0 0 0 0 0
 0 0 0 0 0
 0 0 0 0 0
 0 0 0 0 0
 0 0 0 0 0
 0 0 0 0 0
 0 0 0 0 0
 0 0 0 0 0
 0 0 0 0 0
 0 0 0 0 0
 0 0 0 0 0
 0 0 0 0 0
 0 0 0 0 0
 0 0 0 0 0
 0 0 0 0 0
 0 0 0 0 0
 0 0 0 0 0
 0 0 0 0 0
 0 0 0 0 0
 0 0 0 0 0
 0 0 0 0 0
 0 0 0 0 0
 0 0 0 0 0
 0 0 0 0 0
 0 0 0 0 0
 0 0 0 0 0
 0 0 0 0 0
 0 0 0 0 0
 0 0 0 0 0
 0 0 0 0 0
 0 0 0 0 0
 0 0 0 0 0
 0 0 0 0 0
 0 0 0 0 0
 0 0 0 0 0
 0 0 0 0 0
 0 0 0 0 0
 0 0 0 0 0
 0 0 0 0 0
 0 0 0 0 0
 0 0 0 0 0
 0 0 0 0 0
 0 0 0 0 0
 0 0 0 0 0
 0 0 0 0 0
 0 0 0 0 0
 0 0 0 0 0
 0 0 0 0 0
 0 0 0 0 0
 0 0 0 0 0
 0 0 0 0 0
 0 0 0 0 0
 0 0 0 0 0
 0 0 0 0 0
 0 0 0 0 0
 0 0 0 0 0
 0 0 0 0 0
 0 0 0 0 0
 0 0 0 0 0
 0 0 0 0 0
 0 0 0 0 0
 0 0 0 0 0
 0 0 0 0 0
 0 0 0 0 0
 2.06161 2.01698 0.0153368 -0.00688012 1.97656
 0.51795 0.500752 0.0143374 -0.00662175 0.487025
 0.231137 0.220684 0.0135679 -0.00638356 0.213269
 0.130151 0.122656 0.0129492 -0.00628537 0.117915
 0.0822594 0.0764875 0.012047 -0.00604427 0.0732375
 0.0578181 0.053044 0.0115096 -0.00590354 0.0505599
 0.0431589 0.0390886 0.0109916 -0.00583878 0.0371467
 0.0338487 0.030226 0.0105908 -0.00579697 0.0285799
 0.0272857 0.0240574 0.0102554 -0.00572679 0.0226648
 0.0224179 0.0195166 0.00989212 -0.00567486 0.0182826
 0.0185333 0.0159237 0.00942525 -0.00556031 0.0148614
 0.0161967 0.0137653 0.00915437 -0.00548277 0.0127909
 0.0142517 0.0119504 0.00918437 -0.00567191 0.011042
 0.0127536 0.0105751 0.00908 -0.00572798 0.00971475
 0.0109005 0.00892438 0.00857288 -0.00554285 0.00813013
 0.0100769 0.00816725 0.00867244 -0.00575734 0.00739969
 0.00910813 0.00727819 0.00846 -0.00574323 0.00652525
 0.00840187 0.00664638 0.00836994 -0.00578619 0.00590274
 0.007823 0.00612612 0.00835875 -0.00589321 0.00539111
 0.007224 0.00560611 0.00842625 -0.00613823 0.00490813
 0.00676294 0.00520495 0.00842825 -0.00623512 0.00450579
 0.00645356 0.00491734 0.00853669 -0.00645 0.00421392
 0.00599517 0.00452726 0.00851663 -0.0065735 0.00383086
 0.00578529 0.00434771 0.00894144 -0.0070335 0.00366682
 0.00550786 0.00408507 0.00912844 -0.00735306 0.00338494
 0 0 0 0 0
 0 0 0 0 0
 0 0 0 0 0
 0 0 0 0 0
 0 0 0 0 0
 0 0 0 0 0
 0 0 0 0 0
 0 0 0 0 0
 0 0 0 0 0
 0 0 0 0 0
 0 0 0 0 0
 0 0 0 0 0
 0 0 0 0 0
 0 0 0 0 0
 0 0 0 0 0
 0 0 0 0 0
 0 0 0 0 0
 0 0 0 0 0
 0 0 0 0 0
 0 0 0 0 0
 0 0 0 0 0
 0 0 0 0 0
 0 0 0 0 0
 0 0 0 0 0
 0 0 0 0 0
 0 0 0 0 0
 0 0 0 0 0
 0 0 0 0 0
 0 0 0 0 0
 0 0 0 0 0
 0 0 0 0 0
 0 0 0 0 0
 0 0 0 0 0
 0 0 0 0 0
 0 0 0 0 0
 0 0 0 0 0
 0 0 0 0 0
 0 0 0 0 0
 0 0 0 0 0
 0 0 0 0 0
 0 0 0 0 0
 0 0 0 0 0
 0 0 0 0 0
 0 0 0 0 0
 0 0 0 0 0
 0 0 0 0 0
 0 0 0 0 0
 0 0 0 0 0
 0 0 0 0 0
 0 0 0 0 0
 0 0 0 0 0
 0 0 0 0 0
 0 0 0 0 0
 0 0 0 0 0
 0 0 0 0 0
 0 0 0 0 0
 0 0 0 0 0
 0 0 0 0 0
 0 0 0 0 0
 0 0 0 0 0
 0 0 0 0 0
 0 0 0 0 0
 0 0 0 0 0
 0 0 0 0 0
 0 0 0 0 0
 0 0 0 0 0
 0 0 0 0 0
 0 0 0 0 0
 0 0 0 0 0
 0 0 0 0 0
 0 0 0 0 0
 0 0 0 0 0
 0 0 0 0 0
 0 0 0 0 0
 0 0 0 0 0
 0 0 0 0 0
 0 0 0 0 0
 0 0 0 0 0
 0 0 0 0 0
 0 0 0 0 0
 0 0 0 0 0
 0 0 0 0 0
 0 0 0 0 0
 0 0 0 0 0
 0 0 0 0 0
 0 0 0 0 0
 0 0 0 0 0
 0 0 0 0 0
 0 0 0 0 0
 0 0 0 0 0
 0 0 0 0 0
 0 0 0 0 0
 0 0 0 0 0
 0 0 0 0 0
 0 0 0 0 0
 0 0 0 0 0
 0 0 0 0 0
 2.01807 1.97526 0.0150916 -0.00668544 1.93643
 0.508363 0.491751 0.0140801 -0.00640044 0.478479
 0.22565 0.215565 0.013419 -0.00632431 0.208487
 0.128102 0.120822 0.0125953 -0.00612271 0.116274
 0.0829875 0.0772513 0.0119906 -0.00595411 0.0739675
 0.0569836 0.0523384 0.0111307 -0.00564587 0.0499469
 0.0434224 0.0393661 0.0108892 -0.0057512 0.0374174
 0.0333751 0.0298158 0.0105748 -0.00571943 0.0281897
 0.0266329 0.0235242 0.00994144 -0.00547853 0.0221784
 0.0220521 0.0192209 0.00958013 -0.00541604 0.0180671
 0.0185904 0.0159931 0.00944281 -0.00550878 0.0149553
 0.0158568 0.0134859 0.00893981 -0.00527467 0.012573
 0.0138936 0.0116496 0.00883525 -0.00540606 0.0107629
 0.0122062 0.0101295 0.008639 -0.00542126 0.00931175
 0.0110717 0.00908481 0.00861975 -0.00553368 0.00830506
 0.00997237 0.00808288 0.00831388 -0.00543115 0.00732862
 0.009024 0.00724163 0.00823956 -0.00552829 0.00652194
 0.00829488 0.00658525 0.00820844 -0.00560807 0.00586133
 0.00750419 0.00588606 0.00810587 -0.00569657 0.00517869
 0.00696494 0.00542168 0.00798106 -0.00570898 0.00475539
 0.00658219 0.00505796 0.008106 -0.00596924 0.00437225
 0.00624736 0.00476635 0.008322 -0.00629206 0.00407877
 0.00590717 0.0044705 0.00819625 -0.00627706 0.00381107
 0.00561032 0.00420723 0.00846037 -0.00663712 0.00353302
 0 0 0 0 0
 0 0 0 0 0
 0 0 0 0 0
 0 0 0 0 0
 0 0 0 0 0
 0 0 0 0 0
 0 0 0 0 0
 0 0 0 0 0
 0 0 0 0 0
 0 0 0 0 0
 0 0 0 0 0
 0 0 0 0 0
 0 0 0 0 0
 0 0 0 0 0
 0 0 0 0 0
 0 0 0 0 0
 0 0 0 0 0
 0 0 0 0 0
 0 0 0 0 0
 0 0 0 0 0
 0 0 0 0 0
 0 0 0 0 0
 0 0 0 0 0
 0 0 0 0 0
 0 0 0 0 0
 0 0 0 0 0
 0 0 0 0 0
 0 0 0 0 0
 0 0 0 0 0
 0 0 0 0 0
 0 0 0 0 0
 0 0 0 0 0
 0 0 0 0 0
 0 0 0 0 0
 0 0 0 0 0
 0 0 0 0 0
 0 0 0 0 0
 0 0 0 0 0
 0 0 0 0 0
 0 0 0 0 0
 0 0 0 0 0
 0 0 0 0 0
 0 0 0 0 0
 0 0 0 0 0
 0 0 0 0 0
 0 0 0 0 0
 0 0 0 0 0
 0 0 0 0 0
 0 0 0 0 0
 0 0 0 0 0
 0 0 0 0 0
 0 0 0 0 0
 0 0 0 0 0
 0 0 0 0 0
 0 0 0 0 0
 0 0 0 0 0
 0 0 0 0 0
 0 0 0 0 0
 0 0 0 0 0
 0 0 0 0 0
 0 0 0 0 0
 0 0 0 0 0
 0 0 0 0 0
 0 0 0 0 0
 0 0 0 0 0
 0 0 0 0 0
 0 0 0 0 0
 0 0 0 0 0
 0 0 0 0 0
 0 0 0 0 0
 0 0 0 0 0
 0 0 0 0 0
 0 0 0 0 0
 0 0 0 0 0
 0 0 0 0 0
 0 0 0 0 0
 0 0 0 0 0
 0 0 0 0 0
 0 0 0 0 0
 0 0 0 0 0
 0 0 0 0 0
 0 0 0 0 0
 0 0 0 0 0
 0 0 0 0 0
 0 0 0 0 0
 0 0 0 0 0
 0 0 0 0 0
 0 0 0 0 0
 0 0 0 0 0
 0 0 0 0 0
 0 0 0 0 0
 0 0 0 0 0
 0 0 0 0 0
 0 0 0 0 0
 0 0 0 0 0
 0 0 0 0 0
 0 0 0 0 0
 0 0 0 0 0
 2.11231 2.06843 0.0151551 -0.00656431 2.02863
 0.514238 0.497723 0.0140321 -0.00631594 0.48451
 0.224362 0.214491 0.0129844 -0.00601029 0.207524
 0.129793 0.122511 0.0125066 -0.00595877 0.117911
 0.0816694 0.07609 0.0117467 -0.0057394 0.0729038
 0.0565818 0.0519967 0.0112378 -0.00570908 0.049635
 0.0426769 0.0387179 0.0107931 -0.00560449 0.0367947
 0.0325744 0.0291371 0.0102259 -0.00546963 0.0275892
 0.0265582 0.0234669 0.0100239 -0.00550738 0.0221209
 0.0220139 0.0191978 0.00967538 -0.00545579 0.0180015
 0.0186093 0.0160416 0.00928719 -0.00536777 0.0150273
 0.0156138 0.0132748 0.00895456 -0.00533511 0.0123428
 0.0134987 0.0113371 0.00863256 -0.00525525 0.0104974
 0.0119576 0.00992869 0.00845587 -0.00526868 0.00914138
 0.0106329 0.00873694 0.00819719 -0.00522548 0.00799994
 0.0100276 0.00815044 0.00850863 -0.0055846 0.00738713
 0.00875663 0.00703419 0.00792481 -0.00529182 0.00633437
 0.00810662 0.0064495 0.00810088 -0.00555524 0.00575614
 0.00748662 0.00591021 0.00785169 -0.00546338 0.00524666
 0.00708881 0.00552754 0.00790881 -0.00565436 0.00486558
 0.00645137 0.00497596 0.00789219 -0.00578223 0.0043177
 0.00611903 0.00467548 0.0079975 -0.00597526 0.00401584
 0.00581809 0.00441473 0.00820631 -0.00627394 0.00374998
 0 0 0 0 0
 0 0 0 0 0
 0 0 0 0 0
 0 0 0 0 0
 0 0 0 0 0
 0 0 0 0 0
 0 0 0 0 0
 0 0 0 0 0
 0 0 0 0 0
 0 0 0 0 0
 0 0 0 0 0
 0 0 0 0 0
 0 0 0 0 0
 0 0 0 0 0
 0 0 0 0 0
 0 0 0 0 0
 0 0 0 0 0
 0 0 0 0 0
 0 0 0 0 0
 0 0 0 0 0
 0 0 0 0 0
 0 0 0 0 0
 0 0 0 0 0
 0 0 0 0 0
 0 0 0 0 0
 0 0 0 0 0
 0 0 0 0 0
 0 0 0 0 0
 0 0 0 0 0
 0 0 0 0 0
 0 0 0 0 0
 0 0 0 0 0
 0 0 0 0 0
 0 0 0 0 0
 0 0 0 0 0
 0 0 0 0 0
 0 0 0 0 0
 0 0 0 0 0
 0 0 0 0 0
 0 0 0 0 0
 0 0 0 0 0
 0 0 0 0 0
 0 0 0 0 0
 0 0 0 0 0
 0 0 0 0 0
 0 0 0 0 0
 0 0 0 0 0
 0 0 0 0 0
 0 0 0 0 0
 0 0 0 0 0
 0 0 0 0 0
 0 0 0 0 0
 0 0 0 0 0
 0 0 0 0 0
 0 0 0 0 0
 0 0 0 0 0
 0 0 0 0 0
 0 0 0 0 0
 0 0 0 0 0
 0 0 0 0 0
 0 0 0 0 0
 0 0 0 0 0
 0 0 0 0 0
 0 0 0 0 0
 0 0 0 0 0
 0 0 0 0 0
 0 0 0 0 0
 0 0 0 0 0
 0 0 0 0 0
 0 0 0 0 0
 0 0 0 0 0
 0 0 0 0 0
 0 0 0 0 0
 0 0 0 0 0
 0 0 0 0 0
 0 0 0 0 0
 0 0 0 0 0
 0 0 0 0 0
 0 0 0 0 0
 0 0 0 0 0
 0 0 0 0 0
 0 0 0 0 0
 0 0 0 0 0
 0 0 0 0 0
 0 0 0 0 0
 0 0 0 0 0
 0 0 0 0 0
 0 0 0 0 0
 0 0 0 0 0
 0 0 0 0 0
 0 0 0 0 0
 0 0 0 0 0
 0 0 0 0 0
 0 0 0 0 0
 0 0 0 0 0
 0 0 0 0 0
 0 0 0 0 0
 0 0 0 0 0
 0 0 0 0 0
 2.14064 2.09703 0.0150982 -0.00666475 2.05744
 0.506441 0.49039 0.0138606 -0.00616215 0.477626
 0.217678 0.208216 0.0128426 -0.00590527 0.201574
 0.1273 0.120264 0.0122525 -0.00581199 0.11586
 0.0802937 0.0748588 0.0115887 -0.00570121 0.0718144
 0.0567486 0.0522079 0.0110802 -0.00561225 0.0498851
 0.04267 0.0387544 0.0107901 -0.00560987 0.0368806
 0.0327185 0.029326 0.0101325 -0.00537456 0.0278184
 0.0258271 0.022854 0.00960725 -0.00525021 0.0215863
 0.02143 0.0187279 0.0092825 -0.00519364 0.0176362
 0.0182661 0.0157722 0.00909175 -0.00521753 0.0147786
 0.0155 0.013213 0.00878819 -0.00513926 0.0122964
 0.0135779 0.0114217 0.00865163 -0.0052373 0.0105721
 0.0118219 0.00983431 0.00830463 -0.00516524 0.00906881
 0.0106788 0.008785 0.00826344 -0.00524259 0.00802456
 0.00961125 0.00781919 0.00802237 -0.00520815 0.00709694
 0.00863456 0.006954 0.00786094 -0.00520163 0.00627175
 0.00790088 0.00629669 0.00773875 -0.00524883 0.00563798
 0.00731956 0.00579272 0.00763019 -0.0052974 0.00518014
 0.00692644 0.00541913 0.00769419 -0.00546655 0.00476913
 0.00644869 0.00500026 0.00768581 -0.00557345 0.00436831
 0.0059467 0.00457806 0.00769237 -0.00570671 0.00397175
 0 0 0 0 0
 0 0 0 0 0
 0 0 0 0 0
 0 0 0 0 0
 0 0 0 0 0
 0 0 0 0 0
 0 0 0 0 0
 0 0 0 0 0
 0 0 0 0 0
 0 0 0 0 0
 0 0 0 0 0
 0 0 0 0 0
 0 0 0 0 0
 0 0 0 0 0
 0 0 0 0 0
 0 0 0 0 0
 0 0 0 0 0
 0 0 0 0 0
 0 0 0 0 0
 0 0 0 0 0
 0 0 0 0 0
 0 0 0 0 0
 0 0 0 0 0
 0 0 0 0 0
 0 0 0 0 0
 0 0 0 0 0
 0 0 0 0 0
 0 0 0 0 0
 0 0 0 0 0
 0 0 0 0 0
 0 0 0 0 0
 0 0 0 0 0
 0 0 0 0 0
 0 0 0 0 0
 0 0 0 0 0
 0 0 0 0 0
 0 0 0 0 0
 0 0 0 0 0
 0 0 0 0 0
 0 0 0 0 0
 0 0 0 0 0
 0 0 0 0 0
 0 0 0 0 0
 0 0 0 0 0
 0 0 0 0 0
 0 0 0 0 0
 0 0 0 0 0
 0 0 0 0 0
 0 0 0 0 0
 0 0 0 0 0
 0 0 0 0 0
 0 0 0 0 0
 0 0 0 0 0
 0 0 0 0 0
 0 0 0 0 0
 0 0 0 0 0
 0 0 0 0 0
 0 0 0 0 0
 0 0 0 0 0
 0 0 0 0 0
 0 0 0 0 0
 0 0 0 0 0
 0 0 0 0 0
 0 0 0 0 0
 0 0 0 0 0
 0 0 0 0 0
 0 0 0 0 0
 0 0 0 0 0
 0 0 0 0 0
 0 0 0 0 0
 0 0 0 0 0
 0 0 0 0 0
 0 0 0 0 0
 0 0 0 0 0
 0 0 0 0 0
 0 0 0 0 0
 0 0 0 0 0
 0 0 0 0 0
 0 0 0 0 0
 0 0 0 0 0
 0 0 0 0 0
 0 0 0 0 0
 0 0 0 0 0
 0 0 0 0 0
 0 0 0 0 0
 0 0 0 0 0
 0 0 0 0 0
 0 0 0 0 0
 0 0 0 0 0
 0 0 0 0 0
 0 0 0 0 0
 0 0 0 0 0
 0 0 0 0 0
 0 0 0 0 0
 0 0 0 0 0
 0 0 0 0 0
 0 0 0 0 0
 0 0 0 0 0
 0 0 0 0 0
 0 0 0 0 0
 2.09199 2.05016 0.0145177 -0.00626206 2.0121
 0.524726 0.508418 0.0137786 -0.00610227 0.495351
 0.228318 0.218521 0.0130266 -0.00592022 0.211626
 0.127512 0.120531 0.0124141 -0.00583584 0.11617
 0.0794806 0.0741387 0.0114669 -0.00556479 0.0711319
 0.0557121 0.0512907 0.0110089 -0.00550044 0.0489763
 0.0417078 0.037915 0.0105463 -0.00541347 0.0361242
 0.0315373 0.0282999 0.00976969 -0.00517344 0.0268751
 0.0263356 0.0233282 0.00976206 -0.00530108 0.0220791
 0.0211035 0.01848 0.00910231 -0.00505394 0.0174107
 0.0178908 0.0154716 0.00887181 -0.00509227 0.0145155
 0.0152559 0.013037 0.00842613 -0.00490152 0.0121908
 0.0132924 0.0112017 0.00833444 -0.00500124 0.0103866
 0.0116686 0.009726 0.00816675 -0.00503744 0.00897831
 0.0102386 0.00843463 0.00788194 -0.004951 0.00771656
 0.00930681 0.00757575 0.0078115 -0.00506604 0.006871
 0.00853306 0.00689306 0.00762288 -0.00500407 0.00624471
 0.00783862 0.00626156 0.00765631 -0.00518362 0.00560851
 0.007241 0.00571557 0.00758781 -0.00524197 0.0050674
 0.00659744 0.00516935 0.00745 -0.00527149 0.00455504
 0.0063265 0.00491179 0.00751831 -0.005413 0.0042959
 0 0 0 0 0
 0 0 0 0 0
 0 0 0 0 0
 0 0 0 0 0
 0 0 0 0 0
 0 0 0 0 0
 0 0 0 0 0
 0 0 0 0 0
 0 0 0 0 0
 0 0 0 0 0
 0 0 0 0 0
 0 0 0 0 0
 0 0 0 0 0
 0 0 0 0 0
 0 0 0 0 0
 0 0 0 0 0
 0 0 0 0 0
 0 0 0 0 0
 0 0 0 0 0
 0 0 0 0 0
 0 0 0 0 0
 0 0 0 0 0
 0 0 0 0 0
 0 0 0 0 0
 0 0 0 0 0
 0 0 0 0 0
 0 0 0 0 0
 0 0 0 0 0
 0 0 0 0 0
 0 0 0 0 0
 0 0 0 0 0
 0 0 0 0 0
 0 0 0 0 0
 0 0 0 0 0
 0 0 0 0 0
 0 0 0 0 0
 0 0 0 0 0
 0 0 0 0 0
 0 0 0 0 0
 0 0 0 0 0
 0 0 0 0 0
 0 0 0 0 0
 0 0 0 0 0
 0 0 0 0 0
 0 0 0 0 0
 0 0 0 0 0
 0 0 0 0 0
 0 0 0 0 0
 0 0 0 0 0
 0 0 0 0 0
 0 0 0 0 0
 0 0 0 0 0
 0 0 0 0 0
 0 0 0 0 0
 0 0 0 0 0
 0 0 0 0 0
 0 0 0 0 0
 0 0 0 0 0
 0 0 0 0 0
 0 0 0 0 0
 0 0 0 0 0
 0 0 0 0 0
 0 0 0 0 0
 0 0 0 0 0
 0 0 0 0 0
 0 0 0 0 0
 0 0 0 0 0
 0 0 0 0 0
 0 0 0 0 0
 0 0 0 0 0
 0 0 0 0 0
 0 0 0 0 0
 0 0 0 0 0
 0 0 0 0 0
 0 0 0 0 0
 0 0 0 0 0
 0 0 0 0 0
 0 0 0 0 0
 0 0 0 0 0
 0 0 0 0 0
 0 0 0 0 0
 0 0 0 0 0
 0 0 0 0 0
 0 0 0 0 0
 0 0 0 0 0
 0 0 0 0 0
 0 0 0 0 0
 0 0 0 0 0
 0 0 0 0 0
 0 0 0 0 0
 0 0 0 0 0
 0 0 0 0 0
 0 0 0 0 0
 0 0 0 0 0
 0 0 0 0 0
 0 0 0 0 0
 0 0 0 0 0
 0 0 0 0 0
 0 0 0 0 0
 0 0 0 0 0
 0 0 0 0 0
 2.10776 2.06645 0.0144906 -0.00614294 2.02893
 0.519625 0.503697 0.013867 -0.00616367 0.490971
 0.226274 0.216724 0.0127548 -0.00578901 0.209973
 0.12793 0.120993 0.0122294 -0.00574182 0.116667
 0.0801887 0.0748619 0.0114461 -0.00554893 0.0718675
 0.0557239 0.0513603 0.0108269 -0.00535096 0.0490989
 0.0413568 0.0376528 0.0102248 -0.00519161 0.0359088
 0.0324094 0.0291204 0.00981162 -0.00513659 0.0276896
 0.025271 0.0224114 0.00945312 -0.00506774 0.0211903
 0.0209018 0.0183114 0.00907813 -0.00504763 0.0172571
 0.0173041 0.0149647 0.00867888 -0.00495008 0.0140432
 0.0151516 0.0129501 0.00845031 -0.00491246 0.0121032
 0.0129335 0.010915 0.0081745 -0.00486057 0.0101228
 0.0112742 0.00939444 0.00796956 -0.00489568 0.00865962
 0.0102586 0.00847613 0.00779281 -0.00488237 0.00778594
 0.0091035 0.00744194 0.00755619 -0.00483768 0.00678556
 0.00833137 0.00673 0.00757087 -0.00496144 0.00607131
 0.00774556 0.00619519 0.00748756 -0.00502601 0.00556749
 0.00692225 0.00548876 0.00717412 -0.00490719 0.00490142
 0.00650669 0.00510386 0.0073145 -0.00515452 0.00448904
 0 0 0 0 0
 0 0 0 0 0
 0 0 0 0 0
 0 0 0 0 0
 0 0 0 0 0
 0 0 0 0 0
 0 0 0 0 0
 0 0 0 0 0
 0 0 0 0 0
 0 0 0 0 0
 0 0 0 0 0
 0 0 0 0 0
 0 0 0 0 0
 0 0 0 0 0
 0 0 0 0 0
 0 0 0 0 0
 0 0 0 0 0
 0 0 0 0 0
 0 0 0 0 0
 0 0 0 0 0
 0 0 0 0 0
 0 0 0 0 0
 0 0 0 0 0
 0 0 0 0 0
 0 0 0 0 0
 0 0 0 0 0
 0 0 0 0 0
 0 0 0 0 0
 0 0 0 0 0
 0 0 0 0 0
 0 0 0 0 0
 0 0 0 0 0
 0 0 0 0 0
 0 0 0 0 0
 0 0 0 0 0
 0 0 0 0 0
 0 0 0 0 0
 0 0 0 0 0
 0 0 0 0 0
 0 0 0 0 0
 0 0 0 0 0
 0 0 0 0 0
 0 0 0 0 0
 0 0 0 0 0
 0 0 0 0 0
 0 0 0 0 0
 0 0 0 0 0
 0 0 0 0 0
 0 0 0 0 0
 0 0 0 0 0
 0 0 0 0 0
 0 0 0 0 0
 0 0 0 0 0
 0 0 0 0 0
 0 0 0 0 0
 0 0 0 0 0
 0 0 0 0 0
 0 0 0 0 0
 0 0 0 0 0
 0 0 0 0 0
 0 0 0 0 0
 0 0 0 0 0
 0 0 0 0 0
 0 0 0 0 0
 0 0 0 0 0
 0 0 0 0 0
 0 0 0 0 0
 0 0 0 0 0
 0 0 0 0 0
 0 0 0 0 0
 0 0 0 0 0
 0 0 0 0 0
 0 0 0 0 0
 0 0 0 0 0
 0 0 0 0 0
 0 0 0 0 0
 0 0 0 0 0
 0 0 0 0 0
 0 0 0 0 0
 0 0 0 0 0
 0 0 0 0 0
 0 0 0 0 0
 0 0 0 0 0
 0 0 0 0 0
 0 0 0 0 0
 0 0 0 0 0
 0 0 0 0 0
 0 0 0 0 0
 0 0 0 0 0
 0 0 0 0 0
 0 0 0 0 0
 0 0 0 0 0
 0 0 0 0 0
 0 0 0 0 0
 0 0 0 0 0
 0 0 0 0 0
 0 0 0 0 0
 0 0 0 0 0
 0 0 0 0 0
 0 0 0 0 0
 0 0 0 0 0
 0 0 0 0 0
 2.27169 2.22809 0.0146378 -0.00629638 2.18832
 0.522042 0.506269 0.0135317 -0.00598679 0.493668
 0.231601 0.221968 0.0127407 -0.00574363 0.215194
 0.125674 0.11898 0.0117844 -0.00546901 0.114814
 0.08043 0.0751819 0.0112408 -0.00539156 0.0722287
 0.0552608 0.0509579 0.0106351 -0.00524841 0.0487357
 0.0416538 0.0379423 0.0103035 -0.00521607 0.0361797
 0.0313367 0.0281473 0.00962094 -0.00501009 0.026715
 0.025096 0.0222763 0.00923837 -0.00495765 0.0210804
 0.0203467 0.0178308 0.0088175 -0.00482104 0.0168016
 0.0171843 0.0148656 0.00854344 -0.00478428 0.0139484
 0.0146304 0.0125254 0.00819894 -0.00469893 0.0116865
 0.0126804 0.0107257 0.00792013 -0.00467541 0.00996531
 0.0109127 0.009115 0.00765806 -0.00465653 0.00840087
 0.00981531 0.00811938 0.00747688 -0.00464321 0.00745831
 0.00912063 0.0074725 0.00748044 -0.00477017 0.00683506
 0.00816281 0.00660125 0.00736644 -0.00481743 0.00596927
 0.00743231 0.00595368 0.00721781 -0.00482477 0.00534164
 0.00677381 0.00537621 0.00701138 -0.00477102 0.00480091
 0 0 0 0 0
 0 0 0 0 0
 0 0 0 0 0
 0 0 0 0 0
 0 0 0 0 0
 0 0 0 0 0
 0 0 0 0 0
 0 0 0 0 0
 0 0 0 0 0
 0 0 0 0 0
 0 0 0 0 0
 0 0 0 0 0
 0 0 0 0 0
 0 0 0 0 0
 0 0 0 0 0
 0 0 0 0 0
 0 0 0 0 0
 0 0 0 0 0
 0 0 0 0 0
 0 0 0 0 0
 0 0 0 0 0
 0 0 0 0 0
 0 0 0 0 0
 0 0 0 0 0
 0 0 0 0 0
 0 0 0 0 0
 0 0 0 0 0
 0 0 0 0 0
 0 0 0 0 0
 0 0 0 0 0
 0 0 0 0 0
 0 0 0 0 0
 0 0 0 0 0
 0 0 0 0 0
 0 0 0 0 0
 0 0 0 0 0
 0 0 0 0 0
 0 0 0 0 0
 0 0 0 0 0
 0 0 0 0 0
 0 0 0 0 0
 0 0 0 0 0
 0 0 0 0 0
 0 0 0 0 0
 0 0 0 0 0
 0 0 0 0 0
 0 0 0 0 0
 0 0 0 0 0
 0 0 0 0 0
 0 0 0 0 0
 0 0 0 0 0
 0 0 0 0 0
 0 0 0 0 0
 0 0 0 0 0
 0 0 0 0 0
 0 0 0 0 0
 0 0 0 0 0
 0 0 0 0 0
 0 0 0 0 0
 0 0 0 0 0
 0 0 0 0 0
 0 0 0 0 0
 0 0 0 0 0
 0 0 0 0 0
 0 0 0 0 0
 0 0 0 0 0
 0 0 0 0 0
 0 0 0 0 0
 0 0 0 0 0
 0 0 0 0 0
 0 0 0 0 0
 0 0 0 0 0
 0 0 0 0 0
 0 0 0 0 0
 0 0 0 0 0
 0 0 0 0 0
 0 0 0 0 0
 0 0 0 0 0
 0 0 0 0 0
 0 0 0 0 0
 0 0 0 0 0
 0 0 0 0 0
 0 0 0 0 0
 0 0 0 0 0
 0 0 0 0 0
 0 0 0 0 0
 0 0 0 0 0
 0 0 0 0 0
 0 0 0 0 0
 0 0 0 0 0
 0 0 0 0 0
 0 0 0 0 0
 0 0 0 0 0
 0 0 0 0 0
 0 0 0 0 0
 0 0 0 0 0
 0 0 0 0 0
 0 0 0 0 0
 0 0 0 0 0
 0 0 0 0 0
 0 0 0 0 0
 0 0 0 0 0
 0 0 0 0 0
 2.23374 2.19164 0.0145804 -0.0061435 2.15333
 0.52801 0.512311 0.0135136 -0.00590786 0.499744
 0.227261 0.217936 0.0125616 -0.00560886 0.211369
 0.122528 0.116044 0.0116266 -0.00533094 0.111968
 0.0794106 0.0742669 0.011023 -0.00515651 0.0713931
 0.0554099 0.0511552 0.0106519 -0.00520951 0.0489517
 0.0401714 0.0365982 0.00988356 -0.00496079 0.0349098
 0.0310532 0.0279507 0.00940694 -0.00485126 0.0265557
 0.0247948 0.0220434 0.00902794 -0.00478135 0.0208838
 0.0199934 0.0175374 0.00862944 -0.00466748 0.0165444
 0.0169984 0.0147464 0.00830881 -0.00463883 0.0138739
 0.014676 0.0125951 0.00814512 -0.00468968 0.0118172
 0.0124426 0.0105316 0.00771138 -0.00454653 0.00978256
 0.0110506 0.00925775 0.007615 -0.00460461 0.00856856
 0.00985331 0.00816619 0.00744312 -0.00461178 0.00750994
 0.00886081 0.00726887 0.00729925 -0.00462484 0.00664594
 0.00805281 0.0065285 0.00723075 -0.00470843 0.00591069
 0.00732044 0.00587122 0.00705162 -0.00467896 0.00528138
 0 0 0 0 0
 0 0 0 0 0
 0 0 0 0 0
 0 0 0 0 0
 0 0 0 0 0
 0 0 0 0 0
 0 0 0 0 0
 0 0 0 0 0
 0 0 0 0 0
 0 0 0 0 0
 0 0 0 0 0
 0 0 0 0 0
 0 0 0 0 0
 0 0 0 0 0
 0 0 0 0 0
 0 0 0 0 0
 0 0 0 0 0
 0 0 0 0 0
 0 0 0 0 0
 0 0 0 0 0
 0 0 0 0 0
 0 0 0 0 0
 0 0 0 0 0
 0 0 0 0 0
 0 0 0 0 0
 0 0 0 0 0
 0 0 0 0 0
 0 0 0 0 0
 0 0 0 0 0
 0 0 0 0 0
 0 0 0 0 0
 0 0 0 0 0
 0 0 0 0 0
 0 0 0 0 0
 0 0 0 0 0
 0 0 0 0 0
 0 0 0 0 0
 0 0 0 0 0
 0 0 0 0 0
 0 0 0 0 0
 0 0 0 0 0
 0 0 0 0 0
 0 0 0 0 0
 0 0 0 0 0
 0 0 0 0 0
 0 0 0 0 0
 0 0 0 0 0
 0 0 0 0 0
 0 0 0 0 0
 0 0 0 0 0
 0 0 0 0 0
 0 0 0 0 0
 0 0 0 0 0
 0 0 0 0 0
 0 0 0 0 0
 0 0 0 0 0
 0 0 0 0 0
 0 0 0 0 0
 0 0 0 0 0
 0 0 0 0 0
 0 0 0 0 0
 0 0 0 0 0
 0 0 0 0 0
 0 0 0 0 0
 0 0 0 0 0
 0 0 0 0 0
 0 0 0 0 0
 0 0 0 0 0
 0 0 0 0 0
 0 0 0 0 0
 0 0 0 0 0
 0 0 0 0 0
 0 0 0 0 0
 0 0 0 0 0
 0 0 0 0 0
 0 0 0 0 0
 0 0 0 0 0
 0 0 0 0 0
 0 0 0 0 0
 0 0 0 0 0
 0 0 0 0 0
 0 0 0 0 0
 0 0 0 0 0
 0 0 0 0 0
 0 0 0 0 0
 0 0 0 0 0
 0 0 0 0 0
 0 0 0 0 0
 0 0 0 0 0
 0 0 0 0 0
 0 0 0 0 0
 0 0 0 0 0
 0 0 0 0 0
 0 0 0 0 0
 0 0 0 0 0
 0 0 0 0 0
 0 0 0 0 0
 0 0 0 0 0
 0 0 0 0 0
 0 0 0 0 0
 0 0 0 0 0
 0 0 0 0 0
 0 0 0 0 0
 0 0 0 0 0
 2.24465 2.20313 0.0142576 -0.00594324 2.16525
 0.523809 0.508499 0.0132851 -0.00569883 0.496206
 0.227804 0.218537 0.0123943 -0.00549492 0.211989
 0.12489 0.118373 0.0116553 -0.00538696 0.114267
 0.0801425 0.0750238 0.0111409 -0.00525129 0.0721363
 0.0547475 0.0505926 0.0102892 -0.00491309 0.048479
 0.0404958 0.0369506 0.0100085 -0.00498307 0.0352936
 0.0304281 0.0274204 0.009181 -0.00466531 0.0260746
 0.0245893 0.0218864 0.00880494 -0.00465228 0.0207577
 0.0196682 0.0172694 0.00844288 -0.00459106 0.0162974
 0.0166556 0.0144729 0.00820094 -0.00453673 0.0136312
 0.0146321 0.0125545 0.00802787 -0.00458441 0.0117602
 0.0123839 0.0105094 0.00763863 -0.00442563 0.009785
 0.0106702 0.0089385 0.00736931 -0.00445035 0.00825906
 0.00962469 0.00798775 0.00715394 -0.00440217 0.00737713
 0.008742 0.00718769 0.00714731 -0.00449082 0.00659063
 0.0078785 0.0064135 0.00701894 -0.00454245 0.00584015
 0 0 0 0 0
 0 0 0 0 0
 0 0 0 0 0
 0 0 0 0 0
 0 0 0 0 0
 0 0 0 0 0
 0 0 0 0 0
 0 0 0 0 0
 0 0 0 0 0
 0 0 0 0 0
 0 0 0 0 0
 0 0 0 0 0
 0 0 0 0 0
 0 0 0 0 0
 0 0 0 0 0
 0 0 0 0 0
 0 0 0 0 0
 0 0 0 0 0
 0 0 0 0 0
 0 0 0 0 0
 0 0 0 0 0
 0 0 0 0 0
 0 0 0 0 0
 0 0 0 0 0
 0 0 0 0 0
 0 0 0 0 0
 0 0 0 0 0
 0 0 0 0 0
 0 0 0 0 0
 0 0 0 0 0
 0 0 0 0 0
 0 0 0 0 0
 0 0 0 0 0
 0 0 0 0 0
 0 0 0 0 0
 0 0 0 0 0
 0 0 0 0 0
 0 0 0 0 0
 0 0 0 0 0
 0 0 0 0 0
 0 0 0 0 0
 0 0 0 0 0
 0 0 0 0 0
 0 0 0 0 0
 0 0 0 0 0
 0 0 0 0 0
 0 0 0 0 0
 0 0 0 0 0
 0 0 0 0 0
 0 0 0 0 0
 0 0 0 0 0
 0 0 0 0 0
 0 0 0 0 0
 0 0 0 0 0
 0 0 0 0 0
 0 0 0 0 0
 0 0 0 0 0
 0 0 0 0 0
 0 0 0 0 0
 0 0 0 0 0
 0 0 0 0 0
 0 0 0 0 0
 0 0 0 0 0
 0 0 0 0 0
 0 0 0 0 0
 0 0 0 0 0
 0 0 0 0 0
 0 0 0 0 0
 0 0 0 0 0
 0 0 0 0 0
 0 0 0 0 0
 0 0 0 0 0
 0 0 0 0 0
 0 0 0 0 0
 0 0 0 0 0
 0 0 0 0 0
 0 0 0 0 0
 0 0 0 0 0
 0 0 0 0 0
 0 0 0 0 0
 0 0 0 0 0
 0 0 0 0 0
 0 0 0 0 0
 0 0 0 0 0
 0 0 0 0 0
 0 0 0 0 0
 0 0 0 0 0
 0 0 0 0 0
 0 0 0 0 0
 0 0 0 0 0
 0 0 0 0 0
 0 0 0 0 0
 0 0 0 0 0
 0 0 0 0 0
 0 0 0 0 0
 0 0 0 0 0
 0 0 0 0 0
 0 0 0 0 0
 0 0 0 0 0
 0 0 0 0 0
 0 0 0 0 0
 0 0 0 0 0
 0 0 0 0 0
 0 0 0 0 0
 0 0 0 0 0
 2.26141 2.22036 0.0142419 -0.00588091 2.18288
 0.534696 0.519276 0.0133846 -0.00574894 0.506861
 0.227952 0.218828 0.0123029 -0.00542701 0.212379
 0.123428 0.117035 0.0115096 -0.00519249 0.113024
 0.0796456 0.0745981 0.0108774 -0.00512679 0.0718112
 0.0546617 0.0505412 0.0103112 -0.0049636 0.0484249
 0.0395916 0.0361796 0.00944056 -0.00468381 0.0345916
 0.0307494 0.027728 0.00927081 -0.0046999 0.0264011
 0.0245924 0.021904 0.00886881 -0.00467069 0.0207818
 0.0195979 0.0172404 0.00832269 -0.00445677 0.0163002
 0.0166237 0.0144416 0.00811244 -0.00445906 0.013577
 0.0143705 0.0123506 0.00788138 -0.00445802 0.0115663
 0.0121611 0.0103341 0.00748775 -0.00435742 0.00963325
 0.0108699 0.009136 0.00729019 -0.00433079 0.00847575
 0.00942325 0.00783081 0.00708075 -0.00432043 0.00722275
 0.00861775 0.00710681 0.00695806 -0.00435542 0.00652338
 0 0 0 0 0
 0 0 0 0 0
 0 0 0 0 0
 0 0 0 0 0
 0 0 0 0 0
 0 0 0 0 0
 0 0 0 0 0
 0 0 0 0 0
 0 0 0 0 0
 0 0 0 0 0
 0 0 0 0 0
 0 0 0 0 0
 0 0 0 0 0
 0 0 0 0 0
 0 0 0 0 0
 0 0 0 0 0
 0 0 0 0 0
 0 0 0 0 0
 0 0 0 0 0
 0 0 0 0 0
 0 0 0 0 0
 0 0 0 0 0
 0 0 0 0 0
 0 0 0 0 0
 0 0 0 0 0
 0 0 0 0 0
 0 0 0 0 0
 0 0 0 0 0
 0 0 0 0 0
 0 0 0 0 0
 0 0 0 0 0
 0 0 0 0 0
 0 0 0 0 0
 0 0 0 0 0
 0 0 0 0 0
 0 0 0 0 0
 0 0 0 0 0
 0 0 0 0 0
 0 0 0 0 0
 0 0 0 0 0
 0 0 0 0 0
 0 0 0 0 0
 0 0 0 0 0
 0 0 0 0 0
 0 0 0 0 0
 0 0 0 0 0
 0 0 0 0 0
 0 0 0 0 0
 0 0 0 0 0
 0 0 0 0 0
 0 0 0 0 0
 0 0 0 0 0
 0 0 0 0 0
 0 0 0 0 0
 0 0 0 0 0
 0 0 0 0 0
 0 0 0 0 0
 0 0 0 0 0
 0 0 0 0 0
 0 0 0 0 0
 0 0 0 0 0
 0 0 0 0 0
 0 0 0 0 0
 0 0 0 0 0
 0 0 0 0 0
 0 0 0 0 0
 0 0 0 0 0
 0 0 0 0 0
 0 0 0 0 0
 0 0 0 0 0
 0 0 0 0 0
 0 0 0 0 0
 0 0 0 0 0
 0 0 0 0 0
 0 0 0 0 0
 0 0 0 0 0
 0 0 0 0 0
 0 0 0 0 0
 0 0 0 0 0
 0 0 0 0 0
 0 0 0 0 0
 0 0 0 0 0
 0 0 0 0 0
 0 0 0 0 0
 0 0 0 0 0
 0 0 0 0 0
 0 0 0 0 0
 0 0 0 0 0
 0 0 0 0 0
 0 0 0 0 0
 0 0 0 0 0
 0 0 0 0 0
 0 0 0 0 0
 0 0 0 0 0
 0 0 0 0 0
 0 0 0 0 0
 0 0 0 0 0
 0 0 0 0 0
 0 0 0 0 0
 0 0 0 0 0
 0 0 0 0 0
 0 0 0 0 0
 0 0 0 0 0
 0 0 0 0 0
 0 0 0 0 0
 0 0 0 0 0
 2.37404 2.33178 0.0141823 -0.00591362 2.29312
 0.515051 0.500403 0.0129938 -0.00548449 0.48867
 0.220661 0.211938 0.0120674 -0.00523163 0.205762
 0.121251 0.115033 0.0112741 -0.005066 0.111146
 0.0764944 0.0716794 0.0106189 -0.00492923 0.0689575
 0.0534606 0.0494855 0.0100342 -0.00483592 0.0474381
 0.0391704 0.0358153 0.00941369 -0.00459559 0.0342264
 0.0299932 0.0270791 0.00897238 -0.00457537 0.0257862
 0.0236215 0.0210551 0.00848531 -0.00441479 0.0199942
 0.0197946 0.0174486 0.00829144 -0.00442532 0.0165006
 0.0162431 0.014139 0.00790363 -0.0043555 0.0132967
 0.0142141 0.0122317 0.00770419 -0.00436191 0.0114852
 0.0121019 0.0102929 0.00737919 -0.00429543 0.00961038
 0.0104729 0.00881388 0.00704688 -0.00416947 0.00818438
 0.00916694 0.00762544 0.00681506 -0.00413034 0.00703806
 0 0 0 0 0
 0 0 0 0 0
 0 0 0 0 0
 0 0 0 0 0
 0 0 0 0 0
 0 0 0 0 0
 0 0 0 0 0
 0 0 0 0 0
 0 0 0 0 0
 0 0 0 0 0
 0 0 0 0 0
 0 0 0 0 0
 0 0 0 0 0
 0 0 0 0 0
 0 0 0 0 0
 0 0 0 0 0
 0 0 0 0 0
 0 0 0 0 0
 0 0 0 0 0
 0 0 0 0 0
 0 0 0 0 0
 0 0 0 0 0
 0 0 0 0 0
 0 0 0 0 0
 0 0 0 0 0
 0 0 0 0 0
 0 0 0 0 0
 0 0 0 0 0
 0 0 0 0 0
 0 0 0 0 0
 0 0 0 0 0
 0 0 0 0 0
 0 0 0 0 0
 0 0 0 0 0
 0 0 0 0 0
 0 0 0 0 0
 0 0 0 0 0
 0 0 0 0 0
 0 0 0 0 0
 0 0 0 0 0
 0 0 0 0 0
 0 0 0 0 0
 0 0 0 0 0
 0 0 0 0 0
 0 0 0 0 0
 0 0 0 0 0
 0 0 0 0 0
 0 0 0 0 0
 0 0 0 0 0
 0 0 0 0 0
 0 0 0 0 0
 0 0 0 0 0
 0 0 0 0 0
 0 0 0 0 0
 0 0 0 0 0
 0 0 0 0 0
 0 0 0 0 0
 0 0 0 0 0
 0 0 0 0 0
 0 0 0 0 0
 0 0 0 0 0
 0 0 0 0 0
 0 0 0 0 0
 0 0 0 0 0
 0 0 0 0 0
 0 0 0 0 0
 0 0 0 0 0
 0 0 0 0 0
 0 0 0 0 0
 0 0 0 0 0
 0 0 0 0 0
 0 0 0 0 0
 0 0 0 0 0
 0 0 0 0 0
 0 0 0 0 0
 0 0 0 0 0
 0 0 0 0 0
 0 0 0 0 0
 0 0 0 0 0
 0 0 0 0 0
 0 0 0 0 0
 0 0 0 0 0
 0 0 0 0 0
 0 0 0 0 0
 0 0 0 0 0
 0 0 0 0 0
 0 0 0 0 0
 0 0 0 0 0
 0 0 0 0 0
 0 0 0 0 0
 0 0 0 0 0
 0 0 0 0 0
 0 0 0 0 0
 0 0 0 0 0
 0 0 0 0 0
 0 0 0 0 0
 0 0 0 0 0
 0 0 0 0 0
 0 0 0 0 0
 0 0 0 0 0
 0 0 0 0 0
 0 0 0 0 0
 0 0 0 0 0
 0 0 0 0 0
 0 0 0 0 0
 0 0 0 0 0
 0 0 0 0 0
 2.42824 2.38585 0.0139297 -0.00561942 2.34701
 0.530749 0.515897 0.0130539 -0.00548941 0.503928
 0.228059 0.219157 0.0121553 -0.00527469 0.212859
 0.123072 0.116867 0.0112942 -0.00505761 0.112987
 0.0788587 0.0739912 0.0105881 -0.00487572 0.0712387
 0.0537884 0.0498373 0.00995144 -0.00473972 0.047806
 0.0389974 0.0356871 0.00945244 -0.00462192 0.0341076
 0.0292643 0.0264386 0.008832 -0.00443581 0.0251416
 0.0236089 0.0210749 0.00847625 -0.00436897 0.0200349
 0.0192139 0.016959 0.00798731 -0.00423799 0.016049
 0.0160398 0.0139704 0.00775169 -0.00424642 0.0131576
 0.0138641 0.0119449 0.00755006 -0.00420763 0.0112236
 0.0117717 0.0100336 0.00707487 -0.00408424 0.00939006
 0.0103985 0.00875906 0.00701537 -0.00412094 0.00812744
 0 0 0 0 0
 0 0 0 0 0
 0 0 0 0 0
 0 0 0 0 0
 0 0 0 0 0
 0 0 0 0 0
 0 0 0 0 0
 0 0 0 0 0
 0 0 0 0 0
 0 0 0 0 0
 0 0 0 0 0
 0 0 0 0 0
 0 0 0 0 0
 0 0 0 0 0
 0 0 0 0 0
 0 0 0 0 0
 0 0 0 0 0
 0 0 0 0 0
 0 0 0 0 0
 0 0 0 0 0
 0 0 0 0 0
 0 0 0 0 0
 0 0 0 0 0
 0 0 0 0 0
 0 0 0 0 0
 0 0 0 0 0
 0 0 0 0 0
 0 0 0 0 0
 0 0 0 0 0
 0 0 0 0 0
 0 0 0 0 0
 0 0 0 0 0
 0 0 0 0 0
 0 0 0 0 0
 0 0 0 0 0
 0 0 0 0 0
 0 0 0 0 0
 0 0 0 0 0
 0 0 0 0 0
 0 0 0 0 0
 0 0 0 0 0
 0 0 0 0 0
 0 0 0 0 0
 0 0 0 0 0
 0 0 0 0 0
 0 0 0 0 0
 0 0 0 0 0
 0 0 0 0 0
 0 0 0 0 0
 0 0 0 0 0
 0 0 0 0 0
 0 0 0 0 0
 0 0 0 0 0
 0 0 0 0 0
 0 0 0 0 0
 0 0 0 0 0
 0 0 0 0 0
 0 0 0 0 0
 0 0 0 0 0
 0 0 0 0 0
 0 0 0 0 0
 0 0 0 0 0
 0 0 0 0 0
 0 0 0 0 0
 0 0 0 0 0
 0 0 0 0 0
 0 0 0 0 0
 0 0 0 0 0
 0 0 0 0 0
 0 0 0 0 0
 0 0 0 0 0
 0 0 0 0 0
 0 0 0 0 0
 0 0 0 0 0
 0 0 0 0 0
 0 0 0 0 0
 0 0 0 0 0
 0 0 0 0 0
 0 0 0 0 0
 0 0 0 0 0
 0 0 0 0 0
 0 0 0 0 0
 0 0 0 0 0
 0 0 0 0 0
 0 0 0 0 0
 0 0 0 0 0
 0 0 0 0 0
 0 0 0 0 0
 0 0 0 0 0
 0 0 0 0 0
 0 0 0 0 0
 0 0 0 0 0
 0 0 0 0 0
 0 0 0 0 0
 0 0 0 0 0
 0 0 0 0 0
 0 0 0 0 0
 0 0 0 0 0
 0 0 0 0 0
 0 0 0 0 0
 0 0 0 0 0
 0 0 0 0 0
 0 0 0 0 0
 0 0 0 0 0
 0 0 0 0 0
 0 0 0 0 0
 0 0 0 0 0
 0 0 0 0 0
 2.46836 2.42608 0.0139363 -0.00563175 2.38727
 0.542046 0.527087 0.0131912 -0.00553013 0.515082
 0.230652 0.221798 0.0118811 -0.00507921 0.215478
 0.118528 0.112592 0.010832 -0.00472518 0.108823
 0.07716 0.0724169 0.0104998 -0.00478849 0.06972
 0.0534365 0.0495654 0.00978256 -0.00459473 0.0475542
 0.0379086 0.0347041 0.00917088 -0.00446624 0.0331803
 0.0290911 0.0263068 0.00860931 -0.00429335 0.0250932
 0.0235986 0.0210847 0.00838944 -0.00434063 0.0200361
 0.0198645 0.0175538 0.00828063 -0.00440132 0.0166384
 0.0159864 0.0139537 0.00771544 -0.00416581 0.0131541
 0.0135368 0.0116826 0.00730381 -0.00405471 0.0109609
 0.0116321 0.00991681 0.00709081 -0.00403201 0.0092605
 0 0 0 0 0
 0 0 0 0 0
 0 0 0 0 0
 0 0 0 0 0
 0 0 0 0 0
 0 0 0 0 0
 0 0 0 0 0
 0 0 0 0 0
 0 0 0 0 0
 0 0 0 0 0
 0 0 0 0 0
 0 0 0 0 0
 0 0 0 0 0
 0 0 0 0 0
 0 0 0 0 0
 0 0 0 0 0
 0 0 0 0 0
 0 0 0 0 0
 0 0 0 0 0
 0 0 0 0 0
 0 0 0 0 0
 0 0 0 0 0
 0 0 0 0 0
 0 0 0 0 0
 0 0 0 0 0
 0 0 0 0 0
 0 0 0 0 0
 0 0 0 0 0
 0 0 0 0 0
 0 0 0 0 0
 0 0 0 0 0
 0 0 0 0 0
 0 0 0 0 0
 0 0 0 0 0
 0 0 0 0 0
 0 0 0 0 0
 0 0 0 0 0
 0 0 0 0 0
 0 0 0 0 0
 0 0 0 0 0
 0 0 0 0 0
 0 0 0 0 0
 0 0 0 0 0
 0 0 0 0 0
 0 0 0 0 0
 0 0 0 0 0
 0 0 0 0 0
 0 0 0 0 0
 0 0 0 0 0
 0 0 0 0 0
 0 0 0 0 0
 0 0 0 0 0
 0 0 0 0 0
 0 0 0 0 0
 0 0 0 0 0
 0 0 0 0 0
 0 0 0 0 0
 0 0 0 0 0
 0 0 0 0 0
 0 0 0 0 0
 0 0 0 0 0
 0 0 0 0 0
 0 0 0 0 0
 0 0 0 0 0
 0 0 0 0 0
 0 0 0 0 0
 0 0 0 0 0
 0 0 0 0 0
 0 0 0 0 0
 0 0 0 0 0
 0 0 0 0 0
 0 0 0 0 0
 0 0 0 0 0
 0 0 0 0 0
 0 0 0 0 0
 0 0 0 0 0
 0 0 0 0 0
 0 0 0 0 0
 0 0 0 0 0
 0 0 0 0 0
 0 0 0 0 0
 0 0 0 0 0
 0 0 0 0 0
 0 0 0 0 0
 0 0 0 0 0
 0 0 0 0 0
 0 0 0 0 0
 0 0 0 0 0
 0 0 0 0 0
 0 0 0 0 0
 0 0 0 0 0
 0 0 0 0 0
 0 0 0 0 0
 0 0 0 0 0
 0 0 0 0 0
 0 0 0 0 0
 0 0 0 0 0
 0 0 0 0 0
 0 0 0 0 0
 0 0 0 0 0
 0 0 0 0 0
 0 0 0 0 0
 0 0 0 0 0
 0 0 0 0 0
 0 0 0 0 0
 0 0 0 0 0
 0 0 0 0 0
 0 0 0 0 0
 0 0 0 0 0
 2.3942 2.35391 0.0134911 -0.00535062 2.31694
 0.535309 0.520763 0.0126309 -0.00525513 0.509029
 0.220524 0.212113 0.0116497 -0.00501424 0.206131
 0.122326 0.116303 0.0109142 -0.0048106 0.112456
 0.0769556 0.0722725 0.0103008 -0.00466094 0.0696075
 0.051667 0.0479286 0.00952437 -0.00442048 0.0459911
 0.0373939 0.0342701 0.00891787 -0.00427187 0.0327948
 0.0299569 0.0271248 0.00891281 -0.00448028 0.0258537
 0.0233317 0.0208763 0.00825719 -0.00421132 0.019858
 0.0180427 0.0159441 0.00747781 -0.00391395 0.0150876
 0.0155664 0.0136065 0.00745806 -0.00401414 0.0128361
 0.0133009 0.0114884 0.00718563 -0.00394291 0.0107832
 0 0 0 0 0
 0 0 0 0 0
 0 0 0 0 0
 0 0 0 0 0
 0 0 0 0 0
 0 0 0 0 0
 0 0 0 0 0
 0 0 0 0 0
 0 0 0 0 0
 0 0 0 0 0
 0 0 0 0 0
 0 0 0 0 0
 0 0 0 0 0
 0 0 0 0 0
 0 0 0 0 0
 0 0 0 0 0
 0 0 0 0 0
 0 0 0 0 0
 0 0 0 0 0
 0 0 0 0 0
 0 0 0 0 0
 0 0 0 0 0
 0 0 0 0 0
 0 0 0 0 0
 0 0 0 0 0
 0 0 0 0 0
 0 0 0 0 0
 0 0 0 0 0
 0 0 0 0 0
 0 0 0 0 0
 0 0 0 0 0
 0 0 0 0 0
 0 0 0 0 0
 0 0 0 0 0
 0 0 0 0 0
 0 0 0 0 0
 0 0 0 0 0
 0 0 0 0 0
 0 0 0 0 0
 0 0 0 0 0
 0 0 0 0 0
 0 0 0 0 0
 0 0 0 0 0
 0 0 0 0 0
 0 0 0 0 0
 0 0 0 0 0
 0 0 0 0 0
 0 0 0 0 0
 0 0 0 0 0
 0 0 0 0 0
 0 0 0 0 0
 0 0 0 0 0
 0 0 0 0 0
 0 0 0 0 0
 0 0 0 0 0
 0 0 0 0 0
 0 0 0 0 0
 0 0 0 0 0
 0 0 0 0 0
 0 0 0 0 0
 0 0 0 0 0
 0 0 0 0 0
 0 0 0 0 0
 0 0 0 0 0
 0 0 0 0 0
 0 0 0 0 0
 0 0 0 0 0
 0 0 0 0 0
 0 0 0 0 0
 0 0 0 0 0
 0 0 0 0 0
 0 0 0 0 0
 0 0 0 0 0
 0 0 0 0 0
 0 0 0 0 0
 0 0 0 0 0
 0 0 0 0 0
 0 0 0 0 0
 0 0 0 0 0
 0 0 0 0 0
 0 0 0 0 0
 0 0 0 0 0
 0 0 0 0 0
 0 0 0 0 0
 0 0 0 0 0
 0 0 0 0 0
 0 0 0 0 0
 0 0 0 0 0
 0 0 0 0 0
 0 0 0 0 0
 0 0 0 0 0
 0 0 0 0 0
 0 0 0 0 0
 0 0 0 0 0
 0 0 0 0 0
 0 0 0 0 0
 0 0 0 0 0
 0 0 0 0 0
 0 0 0 0 0
 0 0 0 0 0
 0 0 0 0 0
 0 0 0 0 0
 0 0 0 0 0
 0 0 0 0 0
 0 0 0 0 0
 0 0 0 0 0
 0 0 0 0 0
 0 0 0 0 0
 0 0 0 0 0
 0 0 0 0 0
 2.47927 2.4383 0.0134105 -0.00530675 2.40066
 0.548947 0.534278 0.0128015 -0.00524929 0.522386
 0.222265 0.213917 0.0114254 -0.00477439 0.207973
 0.120621 0.114734 0.0107571 -0.00474087 0.110985
 0.0749606 0.0704619 0.00991812 -0.00442623 0.0679175
 0.0520701 0.0483458 0.009487 -0.00438529 0.0464191
 0.0385497 0.0353616 0.00899975 -0.00428498 0.0338374
 0.0295127 0.0267396 0.00863831 -0.00425133 0.0255116
 0.0227496 0.0203791 0.00793962 -0.00401859 0.0193928
 0.0185342 0.0164021 0.00763706 -0.00397617 0.0155454
 0.0155308 0.0135786 0.00739831 -0.00396129 0.0128046
 0 0 0 0 0
 0 0 0 0 0
 0 0 0 0 0
 0 0 0 0 0
 0 0 0 0 0
 0 0 0 0 0
 0 0 0 0 0
 0 0 0 0 0
 0 0 0 0 0
 0 0 0 0 0
 0 0 0 0 0
 0 0 0 0 0
 0 0 0 0 0
 0 0 0 0 0
 0 0 0 0 0
 0 0 0 0 0
 0 0 0 0 0
 0 0 0 0 0
 0 0 0 0 0
 0 0 0 0 0
 0 0 0 0 0
 0 0 0 0 0
 0 0 0 0 0
 0 0 0 0 0
 0 0 0 0 0
 0 0 0 0 0
 0 0 0 0 0
 0 0 0 0 0
 0 0 0 0 0
 0 0 0 0 0
 0 0 0 0 0
 0 0 0 0 0
 0 0 0 0 0
 0 0 0 0 0
 0 0 0 0 0
 0 0 0 0 0
 0 0 0 0 0
 0 0 0 0 0
 0 0 0 0 0
 0 0 0 0 0
 0 0 0 0 0
 0 0 0 0 0
 0 0 0 0 0
 0 0 0 0 0
 0 0 0 0 0
 0 0 0 0 0
 0 0 0 0 0
 0 0 0 0 0
 0 0 0 0 0
 0 0 0 0 0
 0 0 0 0 0
 0 0 0 0 0
 0 0 0 0 0
 0 0 0 0 0
 0 0 0 0 0
 0 0 0 0 0
 0 0 0 0 0
 0 0 0 0 0
 0 0 0 0 0
 0 0 0 0 0
 0 0 0 0 0
 0 0 0 0 0
 0 0 0 0 0
 0 0 0 0 0
 0 0 0 0 0
 0 0 0 0 0
 0 0 0 0 0
 0 0 0 0 0
 0 0 0 0 0
 0 0 0 0 0
 0 0 0 0 0
 0 0 0 0 0
 0 0 0 0 0
 0 0 0 0 0
 0 0 0 0 0
 0 0 0 0 0
 0 0 0 0 0
 0 0 0 0 0
 0 0 0 0 0
 0 0 0 0 0
 0 0 0 0 0
 0 0 0 0 0
 0 0 0 0 0
 0 0 0 0 0
 0 0 0 0 0
 0 0 0 0 0
 0 0 0 0 0
 0 0 0 0 0
 0 0 0 0 0
 0 0 0 0 0
 0 0 0 0 0
 0 0 0 0 0
 0 0 0 0 0
 0 0 0 0 0
 0 0 0 0 0
 0 0 0 0 0
 0 0 0 0 0
 0 0 0 0 0
 0 0 0 0 0
 0 0 0 0 0
 0 0 0 0 0
 0 0 0 0 0
 0 0 0 0 0
 0 0 0 0 0
 0 0 0 0 0
 0 0 0 0 0
 0 0 0 0 0
 0 0 0 0 0
 0 0 0 0 0
 0 0 0 0 0
 0 0 0 0 0
 2.58082 2.53896 0.013647 -0.00538922 2.50047
 0.544309 0.529936 0.0123884 -0.00493606 0.518279
 0.223461 0.215173 0.0114044 -0.00472119 0.209244
 0.12284 0.116954 0.0106211 -0.00464833 0.113257
 0.0743487 0.0699419 0.00972769 -0.00434145 0.0674075
 0.0517374 0.048051 0.00938144 -0.00433836 0.0461619
 0.0376841 0.0346063 0.008823 -0.00416806 0.0331516
 0.0284127 0.0257536 0.00844175 -0.0040968 0.0245686
 0.0223424 0.0200209 0.007875 -0.00393336 0.019041
 0.0186043 0.0165028 0.007568 -0.00390516 0.015641
 0 0 0 0 0
 0 0 0 0 0
 0 0 0 0 0
 0 0 0 0 0
 0 0 0 0 0
 0 0 0 0 0
 0 0 0 0 0
 0 0 0 0 0
 0 0 0 0 0
 0 0 0 0 0
 0 0 0 0 0
 0 0 0 0 0
 0 0 0 0 0
 0 0 0 0 0
 0 0 0 0 0
 0 0 0 0 0
 0 0 0 0 0
 0 0 0 0 0
 0 0 0 0 0
 0 0 0 0 0
 0 0 0 0 0
 0 0 0 0 0
 0 0 0 0 0
 0 0 0 0 0
 0 0 0 0 0
 0 0 0 0 0
 0 0 0 0 0
 0 0 0 0 0
 0 0 0 0 0
 0 0 0 0 0
 0 0 0 0 0
 0 0 0 0 0
 0 0 0 0 0
 0 0 0 0 0
 0 0 0 0 0
 0 0 0 0 0
 0 0 0 0 0
 0 0 0 0 0
 0 0 0 0 0
 0 0 0 0 0
 0 0 0 0 0
 0 0 0 0 0
 0 0 0 0 0
 0 0 0 0 0
 0 0 0 0 0
 0 0 0 0 0
 0 0 0 0 0
 0 0 0 0 0
 0 0 0 0 0
 0 0 0 0 0
 0 0 0 0 0
 0 0 0 0 0
 0 0 0 0 0
 0 0 0 0 0
 0 0 0 0 0
 0 0 0 0 0
 0 0 0 0 0
 0 0 0 0 0
 0 0 0 0 0
 0 0 0 0 0
 0 0 0 0 0
 0 0 0 0 0
 0 0 0 0 0
 0 0 0 0 0
 0 0 0 0 0
 0 0 0 0 0
 0 0 0 0 0
 0 0 0 0 0
 0 0 0 0 0
 0 0 0 0 0
 0 0 0 0 0
 0 0 0 0 0
 0 0 0 0 0
 0 0 0 0 0
 0 0 0 0 0
 0 0 0 0 0
 0 0 0 0 0
 0 0 0 0 0
 0 0 0 0 0
 0 0 0 0 0
 0 0 0 0 0
 0 0 0 0 0
 0 0 0 0 0
 0 0 0 0 0
 0 0 0 0 0
 0 0 0 0 0
 0 0 0 0 0
 0 0 0 0 0
 0 0 0 0 0
 0 0 0 0 0
 0 0 0 0 0
 0 0 0 0 0
 0 0 0 0 0
 0 0 0 0 0
 0 0 0 0 0
 0 0 0 0 0
 0 0 0 0 0
 0 0 0 0 0
 0 0 0 0 0
 0 0 0 0 0
 0 0 0 0 0
 0 0 0 0 0
 0 0 0 0 0
 0 0 0 0 0
 0 0 0 0 0
 0 0 0 0 0
 0 0 0 0 0
 0 0 0 0 0
 0 0 0 0 0
 0 0 0 0 0
 0 0 0 0 0
 0 0 0 0 0
 2.51734 2.47719 0.0135149 -0.00531012 2.44024
 0.545632 0.531457 0.0121345 -0.00492273 0.519956
 0.227991 0.219663 0.0113445 -0.00469128 0.213712
 0.121438 0.115673 0.0105929 -0.00459421 0.112024
 0.0771762 0.0726306 0.0101089 -0.0045068 0.0700819
 0.0503293 0.0468011 0.00914544 -0.00416067 0.044975
 0.0370549 0.0340541 0.00846156 -0.00393696 0.0326047
 0.0292814 0.0266072 0.00821469 -0.00398541 0.0254029
 0.0223006 0.0200082 0.00776675 -0.00387879 0.0190347
 0 0 0 0 0
 0 0 0 0 0
 0 0 0 0 0
 0 0 0 0 0
 0 0 0 0 0
 0 0 0 0 0
 0 0 0 0 0
 0 0 0 0 0
 0 0 0 0 0
 0 0 0 0 0
 0 0 0 0 0
 0 0 0 0 0
 0 0 0 0 0
 0 0 0 0 0
 0 0 0 0 0
 0 0 0 0 0
 0 0 0 0 0
 0 0 0 0 0
 0 0 0 0 0
 0 0 0 0 0
 0 0 0 0 0
 0 0 0 0 0
 0 0 0 0 0
 0 0 0 0 0
 0 0 0 0 0
 0 0 0 0 0
 0 0 0 0 0
 0 0 0 0 0
 0 0 0 0 0
 0 0 0 0 0
 0 0 0 0 0
 0 0 0 0 0
 0 0 0 0 0
 0 0 0 0 0
 0 0 0 0 0
 0 0 0 0 0
 0 0 0 0 0
 0 0 0 0 0
 0 0 0 0 0
 0 0 0 0 0
 0 0 0 0 0
 0 0 0 0 0
 0 0 0 0 0
 0 0 0 0 0
 0 0 0 0 0
 0 0 0 0 0
 0 0 0 0 0
 0 0 0 0 0
 0 0 0 0 0
 0 0 0 0 0
 0 0 0 0 0
 0 0 0 0 0
 0 0 0 0 0
 0 0 0 0 0
 0 0 0 0 0
 0 0 0 0 0
 0 0 0 0 0
 0 0 0 0 0
 0 0 0 0 0
 0 0 0 0 0
 0 0 0 0 0
 0 0 0 0 0
 0 0 0 0 0
 0 0 0 0 0
 0 0 0 0 0
 0 0 0 0 0
 0 0 0 0 0
 0 0 0 0 0
 0 0 0 0 0
 0 0 0 0 0
 0 0 0 0 0
 0 0 0 0 0
 0 0 0 0 0
 0 0 0 0 0
 0 0 0 0 0
 0 0 0 0 0
 0 0 0 0 0
 0 0 0 0 0
 0 0 0 0 0
 0 0 0 0 0
 0 0 0 0 0
 0 0 0 0 0
 0 0 0 0 0
 0 0 0 0 0
 0 0 0 0 0
 0 0 0 0 0
 0 0 0 0 0
 0 0 0 0 0
 0 0 0 0 0
 0 0 0 0 0
 0 0 0 0 0
 0 0 0 0 0
 0 0 0 0 0
 0 0 0 0 0
 0 0 0 0 0
 0 0 0 0 0
 0 0 0 0 0
 0 0 0 0 0
 0 0 0 0 0
 0 0 0 0 0
 0 0 0 0 0
 0 0 0 0 0
 0 0 0 0 0
 0 0 0 0 0
 0 0 0 0 0
 0 0 0 0 0
 0 0 0 0 0
 0 0 0 0 0
 0 0 0 0 0
 0 0 0 0 0
 0 0 0 0 0
 0 0 0 0 0
 0 0 0 0 0
 2.71726 2.67473 0.0133864 -0.0051095 2.63547
 0.549801 0.535697 0.0123076 -0.00495252 0.524256
 0.223014 0.214921 0.0111844 -0.00460051 0.209149
 0.120814 0.115117 0.0104892 -0.00448824 0.111501
 0.0758825 0.0714762 0.0097895 -0.00428336 0.0689738
 0.0510997 0.0475671 0.00914637 -0.00416755 0.0457539
 0.0374649 0.0344647 0.00862381 -0.00400624 0.0330228
 0.0282743 0.0256949 0.00811806 -0.00387228 0.0245301
 0 0 0 0 0
 0 0 0 0 0
 0 0 0 0 0
 0 0 0 0 0
 0 0 0 0 0
 0 0 0 0 0
 0 0 0 0 0
 0 0 0 0 0
 0 0 0 0 0
 0 0 0 0 0
 0 0 0 0 0
 0 0 0 0 0
 0 0 0 0 0
 0 0 0 0 0
 0 0 0 0 0
 0 0 0 0 0
 0 0 0 0 0
 0 0 0 0 0
 0 0 0 0 0
 0 0 0 0 0
 0 0 0 0 0
 0 0 0 0 0
 0 0 0 0 0
 0 0 0 0 0
 0 0 0 0 0
 0 0 0 0 0
 0 0 0 0 0
 0 0 0 0 0
 0 0 0 0 0
 0 0 0 0 0
 0 0 0 0 0
 0 0 0 0 0
 0 0 0 0 0
 0 0 0 0 0
 0 0 0 0 0
 0 0 0 0 0
 0 0 0 0 0
 0 0 0 0 0
 0 0 0 0 0
 0 0 0 0 0
 0 0 0 0 0
 0 0 0 0 0
 0 0 0 0 0
 0 0 0 0 0
 0 0 0 0 0
 0 0 0 0 0
 0 0 0 0 0
 0 0 0 0 0
 0 0 0 0 0
 0 0 0 0 0
 0 0 0 0 0
 0 0 0 0 0
 0 0 0 0 0
 0 0 0 0 0
 0 0 0 0 0
 0 0 0 0 0
 0 0 0 0 0
 0 0 0 0 0
 0 0 0 0 0
 0 0 0 0 0
 0 0 0 0 0
 0 0 0 0 0
 0 0 0 0 0
 0 0 0 0 0
 0 0 0 0 0
 0 0 0 0 0
 0 0 0 0 0
 0 0 0 0 0
 0 0 0 0 0
 0 0 0 0 0
 0 0 0 0 0
 0 0 0 0 0
 0 0 0 0 0
 0 0 0 0 0
 0 0 0 0 0
 0 0 0 0 0
 0 0 0 0 0
 0 0 0 0 0
 0 0 0 0 0
 0 0 0 0 0
 0 0 0 0 0
 0 0 0 0 0
 0 0 0 0 0
 0 0 0 0 0
 0 0 0 0 0
 0 0 0 0 0
 0 0 0 0 0
 0 0 0 0 0
 0 0 0 0 0
 0 0 0 0 0
 0 0 0 0 0
 0 0 0 0 0
 0 0 0 0 0
 0 0 0 0 0
 0 0 0 0 0
 0 0 0 0 0
 0 0 0 0 0
 0 0 0 0 0
 0 0 0 0 0
 0 0 0 0 0
 0 0 0 0 0
 0 0 0 0 0
 0 0 0 0 0
 0 0 0 0 0
 0 0 0 0 0
 0 0 0 0 0
 0 0 0 0 0
 0 0 0 0 0
 0 0 0 0 0
 0 0 0 0 0
 0 0 0 0 0
 0 0 0 0 0
 0 0 0 0 0
 0 0 0 0 0
 2.67507 2.6339 0.0133284 -0.00509995 2.59589
 0.568295 0.553949 0.0122737 -0.00486149 0.542224
 0.230191 0.221979 0.0112368 -0.00464151 0.216106
 0.121476 0.115826 0.0102639 -0.00432526 0.112208
 0.0733394 0.0691212 0.00948656 -0.0040811 0.0667037
 0.0510083 0.0475118 0.00895063 -0.00403238 0.0456989
 0.0366867 0.0337768 0.008349 -0.00384933 0.0323912
 0 0 0 0 0
 0 0 0 0 0
 0 0 0 0 0
 0 0 0 0 0
 0 0 0 0 0
 0 0 0 0 0
 0 0 0 0 0
 0 0 0 0 0
 0 0 0 0 0
 0 0 0 0 0
 0 0 0 0 0
 0 0 0 0 0
 0 0 0 0 0
 0 0 0 0 0
 0 0 0 0 0
 0 0 0 0 0
 0 0 0 0 0
 0 0 0 0 0
 0 0 0 0 0
 0 0 0 0 0
 0 0 0 0 0
 0 0 0 0 0
 0 0 0 0 0
 0 0 0 0 0
 0 0 0 0 0
 0 0 0 0 0
 0 0 0 0 0
 0 0 0 0 0
 0 0 0 0 0
 0 0 0 0 0
 0 0 0 0 0
 0 0 0 0 0
 0 0 0 0 0
 0 0 0 0 0
 0 0 0 0 0
 0 0 0 0 0
 0 0 0 0 0
 0 0 0 0 0
 0 0 0 0 0
 0 0 0 0 0
 0 0 0 0 0
 0 0 0 0 0
 0 0 0 0 0
 0 0 0 0 0
 0 0 0 0 0
 0 0 0 0 0
 0 0 0 0 0
 0 0 0 0 0
 0 0 0 0 0
 0 0 0 0 0
 0 0 0 0 0
 0 0 0 0 0
 0 0 0 0 0
 0 0 0 0 0
 0 0 0 0 0
 0 0 0 0 0
 0 0 0 0 0
 0 0 0 0 0
 0 0 0 0 0
 0 0 0 0 0
 0 0 0 0 0
 0 0 0 0 0
 0 0 0 0 0
 0 0 0 0 0
 0 0 0 0 0
 0 0 0 0 0
 0 0 0 0 0
 0 0 0 0 0
 0 0 0 0 0
 0 0 0 0 0
 0 0 0 0 0
 0 0 0 0 0
 0 0 0 0 0
 0 0 0 0 0
 0 0 0 0 0
 0 0 0 0 0
 0 0 0 0 0
 0 0 0 0 0
 0 0 0 0 0
 0 0 0 0 0
 0 0 0 0 0
 0 0 0 0 0
 0 0 0 0 0
 0 0 0 0 0
 0 0 0 0 0
 0 0 0 0 0
 0 0 0 0 0
 0 0 0 0 0
 0 0 0 0 0
 0 0 0 0 0
 0 0 0 0 0
 0 0 0 0 0
 0 0 0 0 0
 0 0 0 0 0
 0 0 0 0 0
 0 0 0 0 0
 0 0 0 0 0
 0 0 0 0 0
 0 0 0 0 0
 0 0 0 0 0
 0 0 0 0 0
 0 0 0 0 0
 0 0 0 0 0
 0 0 0 0 0
 0 0 0 0 0
 0 0 0 0 0
 0 0 0 0 0
 0 0 0 0 0
 0 0 0 0 0
 0 0 0 0 0
 0 0 0 0 0
 0 0 0 0 0
 0 0 0 0 0
 0 0 0 0 0
 0 0 0 0 0
 2.66291 2.62266 0.0127042 -0.00477717 2.58545
 0.564026 0.549984 0.0119444 -0.00470259 0.53856
 0.224934 0.216977 0.0110936 -0.00445719 0.211279
 0.12242 0.116803 0.0101683 -0.00426102 0.113178
 0.0749119 0.0706594 0.009492 -0.00408255 0.06817
 0.0498411 0.0464457 0.00871906 -0.00388716 0.0446829
 0 0 0 0 0
 0 0 0 0 0
 0 0 0 0 0
 0 0 0 0 0
 0 0 0 0 0
 0 0 0 0 0
 0 0 0 0 0
 0 0 0 0 0
 0 0 0 0 0
 0 0 0 0 0
 0 0 0 0 0
 0 0 0 0 0
 0 0 0 0 0
 0 0 0 0 0
 0 0 0 0 0
 0 0 0 0 0
 0 0 0 0 0
 0 0 0 0 0
 0 0 0 0 0
 0 0 0 0 0
 0 0 0 0 0
 0 0 0 0 0
 0 0 0 0 0
 0 0 0 0 0
 0 0 0 0 0
 0 0 0 0 0
 0 0 0 0 0
 0 0 0 0 0
 0 0 0 0 0
 0 0 0 0 0
 0 0 0 0 0
 0 0 0 0 0
 0 0 0 0 0
 0 0 0 0 0
 0 0 0 0 0
 0 0 0 0 0
 0 0 0 0 0
 0 0 0 0 0
 0 0 0 0 0
 0 0 0 0 0
 0 0 0 0 0
 0 0 0 0 0
 0 0 0 0 0
 0 0 0 0 0
 0 0 0 0 0
 0 0 0 0 0
 0 0 0 0 0
 0 0 0 0 0
 0 0 0 0 0
 0 0 0 0 0
 0 0 0 0 0
 0 0 0 0 0
 0 0 0 0 0
 0 0 0 0 0
 0 0 0 0 0
 0 0 0 0 0
 0 0 0 0 0
 0 0 0 0 0
 0 0 0 0 0
 0 0 0 0 0
 0 0 0 0 0
 0 0 0 0 0
 0 0 0 0 0
 0 0 0 0 0
 0 0 0 0 0
 0 0 0 0 0
 0 0 0 0 0
 0 0 0 0 0
 0 0 0 0 0
 0 0 0 0 0
 0 0 0 0 0
 0 0 0 0 0
 0 0 0 0 0
 0 0 0 0 0
 0 0 0 0 0
 0 0 0 0 0
 0 0 0 0 0
 0 0 0 0 0
 0 0 0 0 0
 0 0 0 0 0
 0 0 0 0 0
 0 0 0 0 0
 0 0 0 0 0
 0 0 0 0 0
 0 0 0 0 0
 0 0 0 0 0
 0 0 0 0 0
 0 0 0 0 0
 0 0 0 0 0
 0 0 0 0 0
 0 0 0 0 0
 0 0 0 0 0
 0 0 0 0 0
 0 0 0 0 0
 0 0 0 0 0
 0 0 0 0 0
 0 0 0 0 0
 0 0 0 0 0
 0 0 0 0 0
 0 0 0 0 0
 0 0 0 0 0
 0 0 0 0 0
 0 0 0 0 0
 0 0 0 0 0
 0 0 0 0 0
 0 0 0 0 0
 0 0 0 0 0
 0 0 0 0 0
 0 0 0 0 0
 0 0 0 0 0
 0 0 0 0 0
 0 0 0 0 0
 0 0 0 0 0
 0 0 0 0 0
 0 0 0 0 0
 0 0 0 0 0
 2.71541 2.67504 0.0130352 -0.00493183 2.63769
 0.565559 0.551656 0.0120569 -0.00472219 0.540308
 0.230271 0.222245 0.0110778 -0.00447024 0.216461
 0.122554 0.116989 0.0101836 -0.00423704 0.113423
 0.0747906 0.0706112 0.00923563 -0.00394925 0.0681975
 0 0 0 0 0
 0 0 0 0 0
 0 0 0 0 0
 0 0 0 0 0
 0 0 0 0 0
 0 0 0 0 0
 0 0 0 0 0
 0 0 0 0 0
 0 0 0 0 0
 0 0 0 0 0
 0 0 0 0 0
 0 0 0 0 0
 0 0 0 0 0
 0 0 0 0 0
 0 0 0 0 0
 0 0 0 0 0
 0 0 0 0 0
 0 0 0 0 0
 0 0 0 0 0
 0 0 0 0 0
 0 0 0 0 0
 0 0 0 0 0
 0 0 0 0 0
 0 0 0 0 0
 0 0 0 0 0
 0 0 0 0 0
 0 0 0 0 0
 0 0 0 0 0
 0 0 0 0 0
 0 0 0 0 0
 0 0 0 0 0
 0 0 0 0 0
 0 0 0 0 0
 0 0 0 0 0
 0 0 0 0 0
 0 0 0 0 0
 0 0 0 0 0
 0 0 0 0 0
 0 0 0 0 0
 0 0 0 0 0
 0 0 0 0 0
 0 0 0 0 0
 0 0 0 0 0
 0 0 0 0 0
 0 0 0 0 0
 0 0 0 0 0
 0 0 0 0 0
 0 0 0 0 0
 0 0 0 0 0
 0 0 0 0 0
 0 0 0 0 0
 0 0 0 0 0
 0 0 0 0 0
 0 0 0 0 0
 0 0 0 0 0
 0 0 0 0 0
 0 0 0 0 0
 0 0 0 0 0
 0 0 0 0 0
 0 0 0 0 0
 0 0 0 0 0
 0 0 0 0 0
 0 0 0 0 0
 0 0 0 0 0
 0 0 0 0 0
 0 0 0 0 0
 0 0 0 0 0
 0 0 0 0 0
 0 0 0 0 0
 0 0 0 0 0
 0 0 0 0 0
 0 0 0 0 0
 0 0 0 0 0
 0 0 0 0 0
 0 0 0 0 0
 0 0 0 0 0
 0 0 0 0 0
 0 0 0 0 0
 0 0 0 0 0
 0 0 0 0 0
 0 0 0 0 0
 0 0 0 0 0
 0 0 0 0 0
 0 0 0 0 0
 0 0 0 0 0
 0 0 0 0 0
 0 0 0 0 0
 0 0 0 0 0
 0 0 0 0 0
 0 0 0 0 0
 0 0 0 0 0
 0 0 0 0 0
 0 0 0 0 0
 0 0 0 0 0
 0 0 0 0 0
 0 0 0 0 0
 0 0 0 0 0
 0 0 0 0 0
 0 0 0 0 0
 0 0 0 0 0
 0 0 0 0 0
 0 0 0 0 0
 0 0 0 0 0
 0 0 0 0 0
 0 0 0 0 0
 0 0 0 0 0
 0 0 0 0 0
 0 0 0 0 0
 0 0 0 0 0
 0 0 0 0 0
 0 0 0 0 0
 0 0 0 0 0
 0 0 0 0 0
 0 0 0 0 0
 0 0 0 0 0
 0 0 0 0 0
 0 0 0 0 0
 2.77912 2.73855 0.0126285 -0.00468726 2.70094
 0.567579 0.553822 0.012126 -0.00471906 0.542579
 0.226062 0.218272 0.0107719 -0.0043172 0.212636
 0.119267 0.113896 0.0100255 -0.00415616 0.110446
 0 0 0 0 0
 0 0 0 0 0
 0 0 0 0 0
 0 0 0 0 0
 0 0 0 0 0
 0 0 0 0 0
 0 0 0 0 0
 0 0 0 0 0
 0 0 0 0 0
 0 0 0 0 0
 0 0 0 0 0
 0 0 0 0 0
 0 0 0 0 0
 0 0 0 0 0
 0 0 0 0 0
 0 0 0 0 0
 0 0 0 0 0
 0 0 0 0 0
 0 0 0 0 0
 0 0 0 0 0
 0 0 0 0 0
 0 0 0 0 0
 0 0 0 0 0
 0 0 0 0 0
 0 0 0 0 0
 0 0 0 0 0
 0 0 0 0 0
 0 0 0 0 0
 0 0 0 0 0
 0 0 0 0 0
 0 0 0 0 0
 0 0 0 0 0
 0 0 0 0 0
 0 0 0 0 0
 0 0 0 0 0
 0 0 0 0 0
 0 0 0 0 0
 0 0 0 0 0
 0 0 0 0 0
 0 0 0 0 0
 0 0 0 0 0
 0 0 0 0 0
 0 0 0 0 0
 0 0 0 0 0
 0 0 0 0 0
 0 0 0 0 0
 0 0 0 0 0
 0 0 0 0 0
 0 0 0 0 0
 0 0 0 0 0
 0 0 0 0 0
 0 0 0 0 0
 0 0 0 0 0
 0 0 0 0 0
 0 0 0 0 0
 0 0 0 0 0
 0 0 0 0 0
 0 0 0 0 0
 0 0 0 0 0
 0 0 0 0 0
 0 0 0 0 0
 0 0 0 0 0
 0 0 0 0 0
 0 0 0 0 0
 0 0 0 0 0
 0 0 0 0 0
 0 0 0 0 0
 0 0 0 0 0
 0 0 0 0 0
 0 0 0 0 0
 0 0 0 0 0
 0 0 0 0 0
 0 0 0 0 0
 0 0 0 0 0
 0 0 0 0 0
 0 0 0 0 0
 0 0 0 0 0
 0 0 0 0 0
 0 0 0 0 0
 0 0 0 0 0
 0 0 0 0 0
 0 0 0 0 0
 0 0 0 0 0
 0 0 0 0 0
 0 0 0 0 0
 0 0 0 0 0
 0 0 0 0 0
 0 0 0 0 0
 0 0 0 0 0
 0 0 0 0 0
 0 0 0 0 0
 0 0 0 0 0
 0 0 0 0 0
 0 0 0 0 0
 0 0 0 0 0
 0 0 0 0 0
 0 0 0 0 0
 0 0 0 0 0
 0 0 0 0 0
 0 0 0 0 0
 0 0 0 0 0
 0 0 0 0 0
 0 0 0 0 0
 0 0 0 0 0
 0 0 0 0 0
 0 0 0 0 0
 0 0 0 0 0
 0 0 0 0 0
 0 0 0 0 0
 0 0 0 0 0
 0 0 0 0 0
 0 0 0 0 0
 0 0 0 0 0
 0 0 0 0 0
 0 0 0 0 0
 0 0 0 0 0
 0 0 0 0 0
 0 0 0 0 0
 2.95265 2.91027 0.0131066 -0.00483349 2.87098
 0.563281 0.549828 0.0114338 -0.00435187 0.538793
 0.222764 0.215177 0.0105791 -0.00419112 0.209708
 0 0 0 0 0
 0 0 0 0 0
 0 0 0 0 0
 0 0 0 0 0
 0 0 0 0 0
 0 0 0 0 0
 0 0 0 0 0
 0 0 0 0 0
 0 0 0 0 0
 0 0 0 0 0
 0 0 0 0 0
 0 0 0 0 0
 0 0 0 0 0
 0 0 0 0 0
 0 0 0 0 0
 0 0 0 0 0
 0 0 0 0 0
 0 0 0 0 0
 0 0 0 0 0
 0 0 0 0 0
 0 0 0 0 0
 0 0 0 0 0
 0 0 0 0 0
 0 0 0 0 0
 0 0 0 0 0
 0 0 0 0 0
 0 0 0 0 0
 0 0 0 0 0
 0 0 0 0 0
 0 0 0 0 0
 0 0 0 0 0
 0 0 0 0 0
 0 0 0 0 0
 0 0 0 0 0
 0 0 0 0 0
 0 0 0 0 0
 0 0 0 0 0
 0 0 0 0 0
 0 0 0 0 0
 0 0 0 0 0
 0 0 0 0 0
 0 0 0 0 0
 0 0 0 0 0
 0 0 0 0 0
 0 0 0 0 0
 0 0 0 0 0
 0 0 0 0 0
 0 0 0 0 0
 0 0 0 0 0
 0 0 0 0 0
 0 0 0 0 0
 0 0 0 0 0
 0 0 0 0 0
 0 0 0 0 0
 0 0 0 0 0
 0 0 0 0 0
 0 0 0 0 0
 0 0 0 0 0
 0 0 0 0 0
 0 0 0 0 0
 0 0 0 0 0
 0 0 0 0 0
 0 0 0 0 0
 0 0 0 0 0
 0 0 0 0 0
 0 0 0 0 0
 0 0 0 0 0
 0 0 0 0 0
 0 0 0 0 0
 0 0 0 0 0
 0 0 0 0 0
 0 0 0 0 0
 0 0 0 0 0
 0 0 0 0 0
 0 0 0 0 0
 0 0 0 0 0
 0 0 0 0 0
 0 0 0 0 0
 0 0 0 0 0
 0 0 0 0 0
 0 0 0 0 0
 0 0 0 0 0
 0 0 0 0 0
 0 0 0 0 0
 0 0 0 0 0
 0 0 0 0 0
 0 0 0 0 0
 0 0 0 0 0
 0 0 0 0 0
 0 0 0 0 0
 0 0 0 0 0
 0 0 0 0 0
 0 0 0 0 0
 0 0 0 0 0
 0 0 0 0 0
 0 0 0 0 0
 0 0 0 0 0
 0 0 0 0 0
 0 0 0 0 0
 0 0 0 0 0
 0 0 0 0 0
 0 0 0 0 0
 0 0 0 0 0
 0 0 0 0 0
 0 0 0 0 0
 0 0 0 0 0
 0 0 0 0 0
 0 0 0 0 0
 0 0 0 0 0
 0 0 0 0 0
 0 0 0 0 0
 0 0 0 0 0
 0 0 0 0 0
 0 0 0 0 0
 0 0 0 0 0
 0 0 0 0 0
 0 0 0 0 0
 0 0 0 0 0
 0 0 0 0 0
 2.79016 2.75077 0.0124808 -0.00462997 2.71422
 0.579767 0.566121 0.0115059 -0.00440505 0.554873
 0 0 0 0 0
 0 0 0 0 0
 0 0 0 0 0
 0 0 0 0 0
 0 0 0 0 0
 0 0 0 0 0
 0 0 0 0 0
 0 0 0 0 0
 0 0 0 0 0
 0 0 0 0 0
 0 0 0 0 0
 0 0 0 0 0
 0 0 0 0 0
 0 0 0 0 0
 0 0 0 0 0
 0 0 0 0 0
 0 0 0 0 0
 0 0 0 0 0
 0 0 0 0 0
 0 0 0 0 0
 0 0 0 0 0
 0 0 0 0 0
 0 0 0 0 0
 0 0 0 0 0
 0 0 0 0 0
 0 0 0 0 0
 0 0 0 0 0
 0 0 0 0 0
 0 0 0 0 0
 0 0 0 0 0
 0 0 0 0 0
 0 0 0 0 0
 0 0 0 0 0
 0 0 0 0 0
 0 0 0 0 0
 0 0 0 0 0
 0 0 0 0 0
 0 0 0 0 0
 0 0 0 0 0
 0 0 0 0 0
 0 0 0 0 0
 0 0 0 0 0
 0 0 0 0 0
 0 0 0 0 0
 0 0 0 0 0
 0 0 0 0 0
 0 0 0 0 0
 0 0 0 0 0
 0 0 0 0 0
 0 0 0 0 0
 0 0 0 0 0
 0 0 0 0 0
 0 0 0 0 0
 0 0 0 0 0
 0 0 0 0 0
 0 0 0 0 0
 0 0 0 0 0
 0 0 0 0 0
 0 0 0 0 0
 0 0 0 0 0
 0 0 0 0 0
 0 0 0 0 0
 0 0 0 0 0
 0 0 0 0 0
 0 0 0 0 0
 0 0 0 0 0
 0 0 0 0 0
 0 0 0 0 0
 0 0 0 0 0
 0 0 0 0 0
 0 0 0 0 0
 0 0 0 0 0
 0 0 0 0 0
 0 0 0 0 0
 0 0 0 0 0
 0 0 0 0 0
 0 0 0 0 0
 0 0 0 0 0
 0 0 0 0 0
 0 0 0 0 0
 0 0 0 0 0
 0 0 0 0 0
 0 0 0 0 0
 0 0 0 0 0
 0 0 0 0 0
 0 0 0 0 0
 0 0 0 0 0
 0 0 0 0 0
 0 0 0 0 0
 0 0 0 0 0
 0 0 0 0 0
 0 0 0 0 0
 0 0 0 0 0
 0 0 0 0 0
 0 0 0 0 0
 0 0 0 0 0
 0 0 0 0 0
 0 0 0 0 0
 0 0 0 0 0
 0 0 0 0 0
 0 0 0 0 0
 0 0 0 0 0
 0 0 0 0 0
 0 0 0 0 0
 0 0 0 0 0
 0 0 0 0 0
 0 0 0 0 0
 0 0 0 0 0
 0 0 0 0 0
 0 0 0 0 0
 0 0 0 0 0
 0 0 0 0 0
 0 0 0 0 0
 0 0 0 0 0
 0 0 0 0 0
 0 0 0 0 0
 0 0 0 0 0
 0 0 0 0 0
 0 0 0 0 0
 0 0 0 0 0
 2.8988 2.85857 0.0122943 -0.00449026 2.82115
