Valencia2020 O16 3p3h: per nucleon, W in GeV^-1; converted from MeV^-1
8 16 MEC_Valencia2020_3p3h 121 121
0 0.0000 0.0100 0 0.0000 0.0100
 0 0 0 0 0
 0 0 0 0 0
 0 0 0 0 0
 0 0 0 0 0
 0 0 0 0 0
 0 0 0 0 0
 0 0 0 0 0
 0 0 0 0 0
 0 0 0 0 0
 0 0 0 0 0
 0 0 0 0 0
 0 0 0 0 0
 0 0 0 0 0
 0 0 0 0 0
 0 0 0 0 0
 0 0 0 0 0
 0 0 0 0 0
 0 0 0 0 0
 0 0 0 0 0
 0 0 0 0 0
 0 0 0 0 0
 0 0 0 0 0
 0 0 0 0 0
 0 0 0 0 0
 0 0 0 0 0
 0 0 0 0 0
 0 0 0 0 0
 0 0 0 0 0
 0 0 0 0 0
 0 0 0 0 0
 0 0 0 0 0
 0 0 0 0 0
 0 0 0 0 0
 0 0 0 0 0
 0 0 0 0 0
 0 0 0 0 0
 0 0 0 0 0
 0 0 0 0 0
 0 0 0 0 0
 0 0 0 0 0
 0 0 0 0 0
 0 0 0 0 0
 0 0 0 0 0
 0 0 0 0 0
 0 0 0 0 0
 0 0 0 0 0
 0 0 0 0 0
 0 0 0 0 0
 0 0 0 0 0
 0 0 0 0 0
 0 0 0 0 0
 0 0 0 0 0
 0 0 0 0 0
 0 0 0 0 0
 0 0 0 0 0
 0 0 0 0 0
 0 0 0 0 0
 0 0 0 0 0
 0 0 0 0 0
 0 0 0 0 0
 0 0 0 0 0
 0 0 0 0 0
 0 0 0 0 0
 0 0 0 0 0
 0 0 0 0 0
 0 0 0 0 0
 0 0 0 0 0
 0 0 0 0 0
 0 0 0 0 0
 0 0 0 0 0
 0 0 0 0 0
 0 0 0 0 0
 0 0 0 0 0
 0 0 0 0 0
 0 0 0 0 0
 0 0 0 0 0
 0 0 0 0 0
 0 0 0 0 0
 0 0 0 0 0
 0 0 0 0 0
 0 0 0 0 0
 0 0 0 0 0
 0 0 0 0 0
 0 0 0 0 0
 0 0 0 0 0
 0 0 0 0 0
 0 0 0 0 0
 0 0 0 0 0
 0 0 0 0 0
 0 0 0 0 0
 0 0 0 0 0
 0 0 0 0 0
 0 0 0 0 0
 0 0 0 0 0
 0 0 0 0 0
 0 0 0 0 0
 0 0 0 0 0
 0 0 0 0 0
 0 0 0 0 0
 0 0 0 0 0
 0 0 0 0 0
 0 0 0 0 0
 0 0 0 0 0
 0 0 0 0 0
 0 0 0 0 0
 0 0 0 0 0
 0 0 0 0 0
 0 0 0 0 0
 0 0 0 0 0
 0 0 0 0 0
 0 0 0 0 0
 0 0 0 0 0
 0 0 0 0 0
 0 0 0 0 0
 0 0 0 0 0
 0 0 0 0 0
 0 0 0 0 0
 0 0 0 0 0
 0 0 0 0 0
 0 0 0 0 0
 0 0 0 0 0
 0 0 0 0 0
 0 0 0 0 0
 0 0 0 0 0
 0 0 0 0 0
 0 0 0 0 0
 0 0 0 0 0
 0 0 0 0 0
 0 0 0 0 0
 0 0 0 0 0
 0 0 0 0 0
 0 0 0 0 0
 0 0 0 0 0
 0 0 0 0 0
 0 0 0 0 0
 0 0 0 0 0
 0 0 0 0 0
 0 0 0 0 0
 0 0 0 0 0
 0 0 0 0 0
 0 0 0 0 0
 0 0 0 0 0
 0 0 0 0 0
 0 0 0 0 0
 0 0 0 0 0
 0 0 0 0 0
 0 0 0 0 0
 0 0 0 0 0
 0 0 0 0 0
 0 0 0 0 0
 0 0 0 0 0
 0 0 0 0 0
 0 0 0 0 0
 0 0 0 0 0
 0 0 0 0 0
 0 0 0 0 0
 0 0 0 0 0
 0 0 0 0 0
 0 0 0 0 0
 0 0 0 0 0
 0 0 0 0 0
 0 0 0 0 0
 0 0 0 0 0
 0 0 0 0 0
 0 0 0 0 0
 0 0 0 0 0
 0 0 0 0 0
 0 0 0 0 0
 0 0 0 0 0
 0 0 0 0 0
 0 0 0 0 0
 0 0 0 0 0
 0 0 0 0 0
 0 0 0 0 0
 0 0 0 0 0
 0 0 0 0 0
 0 0 0 0 0
 0 0 0 0 0
 0 0 0 0 0
 0 0 0 0 0
 0 0 0 0 0
 0 0 0 0 0
 0 0 0 0 0
 0 0 0 0 0
 0 0 0 0 0
 0 0 0 0 0
 0 0 0 0 0
 0 0 0 0 0
 0 0 0 0 0
 0 0 0 0 0
 0 0 0 0 0
 0 0 0 0 0
 0 0 0 0 0
 0 0 0 0 0
 0 0 0 0 0
 0 0 0 0 0
 0 0 0 0 0
 0 0 0 0 0
 0 0 0 0 0
 0 0 0 0 0
 0 0 0 0 0
 0 0 0 0 0
 0 0 0 0 0
 0 0 0 0 0
 0 0 0 0 0
 0 0 0 0 0
 0 0 0 0 0
 0 0 0 0 0
 0 0 0 0 0
 0 0 0 0 0
 0 0 0 0 0
 0 0 0 0 0
 0 0 0 0 0
 0 0 0 0 0
 0 0 0 0 0
 0 0 0 0 0
 0 0 0 0 0
 0 0 0 0 0
 0 0 0 0 0
 0 0 0 0 0
 0 0 0 0 0
 0 0 0 0 0
 0 0 0 0 0
 0 0 0 0 0
 0 0 0 0 0
 0 0 0 0 0
 0 0 0 0 0
 0 0 0 0 0
 0 0 0 0 0
 0 0 0 0 0
 0 0 0 0 0
 0 0 0 0 0
 0 0 0 0 0
 0 0 0 0 0
 0 0 0 0 0
 0 0 0 0 0
 0 0 0 0 0
 0 0 0 0 0
 0 0 0 0 0
 0 0 0 0 0
 0 0 0 0 0
 0 0 0 0 0
 0 0 0 0 0
 0 0 0 0 0
 0 0 0 0 0
 0 0 0 0 0
 0 0 0 0 0
 0 0 0 0 0
 0 0 0 0 0
 0 0 0 0 0
 0 0 0 0 0
 0 0 0 0 0
 0 0 0 0 0
 0 0 0 0 0
 0 0 0 0 0
 0 0 0 0 0
 0 0 0 0 0
 0 0 0 0 0
 0 0 0 0 0
 0 0 0 0 0
 0 0 0 0 0
 0 0 0 0 0
 0 0 0 0 0
 0 0 0 0 0
 0 0 0 0 0
 0 0 0 0 0
 0 0 0 0 0
 0 0 0 0 0
 0 0 0 0 0
 0 0 0 0 0
 0 0 0 0 0
 0 0 0 0 0
 0 0 0 0 0
 0 0 0 0 0
 0 0 0 0 0
 0 0 0 0 0
 0 0 0 0 0
 0 0 0 0 0
 0 0 0 0 0
 0 0 0 0 0
 0 0 0 0 0
 0 0 0 0 0
 0 0 0 0 0
 0 0 0 0 0
 0 0 0 0 0
 0 0 0 0 0
 0 0 0 0 0
 0 0 0 0 0
 0 0 0 0 0
 0 0 0 0 0
 0 0 0 0 0
 0 0 0 0 0
 0 0 0 0 0
 0 0 0 0 0
 0 0 0 0 0
 0 0 0 0 0
 0 0 0 0 0
 0 0 0 0 0
 0 0 0 0 0
 0 0 0 0 0
 0 0 0 0 0
 0 0 0 0 0
 0 0 0 0 0
 0 0 0 0 0
 0 0 0 0 0
 0 0 0 0 0
 0 0 0 0 0
 0 0 0 0 0
 0 0 0 0 0
 0 0 0 0 0
 0 0 0 0 0
 0 0 0 0 0
 0 0 0 0 0
 0 0 0 0 0
 0 0 0 0 0
 0 0 0 0 0
 0 0 0 0 0
 0 0 0 0 0
 0 0 0 0 0
 0 0 0 0 0
 0 0 0 0 0
 0 0 0 0 0
 0 0 0 0 0
 0 0 0 0 0
 0 0 0 0 0
 0 0 0 0 0
 0 0 0 0 0
 0 0 0 0 0
 0 0 0 0 0
 0 0 0 0 0
 0 0 0 0 0
 0 0 0 0 0
 0 0 0 0 0
 0 0 0 0 0
 0 0 0 0 0
 0 0 0 0 0
 0 0 0 0 0
 0 0 0 0 0
 0 0 0 0 0
 0 0 0 0 0
 0 0 0 0 0
 0 0 0 0 0
 0 0 0 0 0
 0 0 0 0 0
 0 0 0 0 0
 0 0 0 0 0
 0 0 0 0 0
 0 0 0 0 0
 0 0 0 0 0
 0 0 0 0 0
 0 0 0 0 0
 0 0 0 0 0
 0 0 0 0 0
 0 0 0 0 0
 0 0 0 0 0
 0 0 0 0 0
 0 0 0 0 0
 0 0 0 0 0
 0 0 0 0 0
 0 0 0 0 0
 0 0 0 0 0
 0 0 0 0 0
 0 0 0 0 0
 0 0 0 0 0
 0 0 0 0 0
 0 0 0 0 0
 0 0 0 0 0
 0 0 0 0 0
 0 0 0 0 0
 0 0 0 0 0
 0 0 0 0 0
 0 0 0 0 0
 0 0 0 0 0
 0 0 0 0 0
 0 0 0 0 0
 0 0 0 0 0
 0 0 0 0 0
 0 0 0 0 0
 0 0 0 0 0
 0 0 0 0 0
 0 0 0 0 0
 0 0 0 0 0
 0 0 0 0 0
 0 0 0 0 0
 0 0 0 0 0
 0 0 0 0 0
 0 0 0 0 0
 0 0 0 0 0
 0 0 0 0 0
 0 0 0 0 0
 0 0 0 0 0
 0 0 0 0 0
 0 0 0 0 0
 0 0 0 0 0
 0 0 0 0 0
 0 0 0 0 0
 0 0 0 0 0
 0 0 0 0 0
 0 0 0 0 0
 0 0 0 0 0
 0 0 0 0 0
 0 0 0 0 0
 0 0 0 0 0
 0 0 0 0 0
 0 0 0 0 0
 0 0 0 0 0
 0 0 0 0 0
 0 0 0 0 0
 0 0 0 0 0
 0 0 0 0 0
 0 0 0 0 0
 0 0 0 0 0
 0 0 0 0 0
 0 0 0 0 0
 0 0 0 0 0
 0 0 0 0 0
 0 0 0 0 0
 0 0 0 0 0
 0 0 0 0 0
 0 0 0 0 0
 0 0 0 0 0
 0 0 0 0 0
 0 0 0 0 0
 0 0 0 0 0
 0 0 0 0 0
 0 0 0 0 0
 0 0 0 0 0
 0 0 0 0 0
 0 0 0 0 0
 0 0 0 0 0
 0 0 0 0 0
 0 0 0 0 0
 0 0 0 0 0
 0 0 0 0 0
 0 0 0 0 0
 0 0 0 0 0
 0 0 0 0 0
 0 0 0 0 0
 0 0 0 0 0
 0 0 0 0 0
 0 0 0 0 0
 0 0 0 0 0
 0 0 0 0 0
 0 0 0 0 0
 0 0 0 0 0
 0 0 0 0 0
 0 0 0 0 0
 0 0 0 0 0
 0 0 0 0 0
 0 0 0 0 0
 0 0 0 0 0
 0 0 0 0 0
 0 0 0 0 0
 0 0 0 0 0
 0 0 0 0 0
 0 0 0 0 0
 0 0 0 0 0
 0 0 0 0 0
 0 0 0 0 0
 0 0 0 0 0
 0 0 0 0 0
 0 0 0 0 0
 0 0 0 0 0
 0 0 0 0 0
 0 0 0 0 0
 0 0 0 0 0
 0 0 0 0 0
 0 0 0 0 0
 0 0 0 0 0
 0 0 0 0 0
 0 0 0 0 0
 0 0 0 0 0
 0 0 0 0 0
 0 0 0 0 0
 0 0 0 0 0
 0 0 0 0 0
 0 0 0 0 0
 0 0 0 0 0
 0 0 0 0 0
 0 0 0 0 0
 0 0 0 0 0
 0 0 0 0 0
 0 0 0 0 0
 0 0 0 0 0
 0 0 0 0 0
 0 0 0 0 0
 0 0 0 0 0
 0 0 0 0 0
 0 0 0 0 0
 0 0 0 0 0
 0 0 0 0 0
 0 0 0 0 0
 0 0 0 0 0
 0 0 0 0 0
 0 0 0 0 0
 0 0 0 0 0
 0 0 0 0 0
 0 0 0 0 0
 0 0 0 0 0
 0 0 0 0 0
 0 0 0 0 0
 0 0 0 0 0
 0 0 0 0 0
 0 0 0 0 0
 0 0 0 0 0
 0 0 0 0 0
 0 0 0 0 0
 0 0 0 0 0
 0 0 0 0 0
 0 0 0 0 0
 0 0 0 0 0
 0 0 0 0 0
 0 0 0 0 0
 0 0 0 0 0
 0 0 0 0 0
 0 0 0 0 0
 0 0 0 0 0
 0 0 0 0 0
 0 0 0 0 0
 0 0 0 0 0
 0 0 0 0 0
 0 0 0 0 0
 0 0 0 0 0
 0 0 0 0 0
 0 0 0 0 0
 0 0 0 0 0
 0 0 0 0 0
 0 0 0 0 0
 0 0 0 0 0
 0 0 0 0 0
 0 0 0 0 0
 0 0 0 0 0
 0 0 0 0 0
 0 0 0 0 0
 0 0 0 0 0
 0 0 0 0 0
 0 0 0 0 0
 0 0 0 0 0
 0 0 0 0 0
 0 0 0 0 0
 0 0 0 0 0
 0 0 0 0 0
 0 0 0 0 0
 0 0 0 0 0
 0 0 0 0 0
 0 0 0 0 0
 0 0 0 0 0
 0 0 0 0 0
 0 0 0 0 0
 0 0 0 0 0
 0 0 0 0 0
 0 0 0 0 0
 0 0 0 0 0
 0 0 0 0 0
 0 0 0 0 0
 0 0 0 0 0
 0 0 0 0 0
 0 0 0 0 0
 0 0 0 0 0
 0 0 0 0 0
 0 0 0 0 0
 0 0 0 0 0
 0 0 0 0 0
 0 0 0 0 0
 0 0 0 0 0
 0 0 0 0 0
 0 0 0 0 0
 0 0 0 0 0
 0 0 0 0 0
 0 0 0 0 0
 0 0 0 0 0
 0 0 0 0 0
 0 0 0 0 0
 0 0 0 0 0
 0 0 0 0 0
 0 0 0 0 0
 0 0 0 0 0
 0 0 0 0 0
 0 0 0 0 0
 0 0 0 0 0
 0 0 0 0 0
 0 0 0 0 0
 0 0 0 0 0
 0 0 0 0 0
 0 0 0 0 0
 0 0 0 0 0
 0 0 0 0 0
 0 0 0 0 0
 0 0 0 0 0
 0 0 0 0 0
 0 0 0 0 0
 0 0 0 0 0
 0 0 0 0 0
 0 0 0 0 0
 0 0 0 0 0
 0 0 0 0 0
 0 0 0 0 0
 0 0 0 0 0
 0 0 0 0 0
 0 0 0 0 0
 0 0 0 0 0
 0 0 0 0 0
 0 0 0 0 0
 0 0 0 0 0
 0 0 0 0 0
 0 0 0 0 0
 0 0 0 0 0
 0 0 0 0 0
 0 0 0 0 0
 0 0 0 0 0
 0 0 0 0 0
 0 0 0 0 0
 0 0 0 0 0
 0 0 0 0 0
 0 0 0 0 0
 0 0 0 0 0
 0 0 0 0 0
 0 0 0 0 0
 0 0 0 0 0
 0 0 0 0 0
 0 0 0 0 0
 0 0 0 0 0
 0 0 0 0 0
 0 0 0 0 0
 0 0 0 0 0
 0 0 0 0 0
 0 0 0 0 0
 0 0 0 0 0
 0 0 0 0 0
 0 0 0 0 0
 0 0 0 0 0
 0 0 0 0 0
 0 0 0 0 0
 0 0 0 0 0
 0 0 0 0 0
 0 0 0 0 0
 0 0 0 0 0
 0 0 0 0 0
 0 0 0 0 0
 0 0 0 0 0
 0 0 0 0 0
 0 0 0 0 0
 0 0 0 0 0
 0 0 0 0 0
 0 0 0 0 0
 0 0 0 0 0
 0 0 0 0 0
 0 0 0 0 0
 0 0 0 0 0
 0 0 0 0 0
 0 0 0 0 0
 0 0 0 0 0
 0 0 0 0 0
 0 0 0 0 0
 0 0 0 0 0
 0 0 0 0 0
 0 0 0 0 0
 0 0 0 0 0
 0 0 0 0 0
 0 0 0 0 0
 0 0 0 0 0
 0 0 0 0 0
 0 0 0 0 0
 0 0 0 0 0
 0 0 0 0 0
 0 0 0 0 0
 0 0 0 0 0
 0 0 0 0 0
 0 0 0 0 0
 0 0 0 0 0
 0 0 0 0 0
 0 0 0 0 0
 0 0 0 0 0
 0 0 0 0 0
 0 0 0 0 0
 0 0 0 0 0
 0 0 0 0 0
 0 0 0 0 0
 0 0 0 0 0
 0 0 0 0 0
 0 0 0 0 0
 0 0 0 0 0
 0 0 0 0 0
 0 0 0 0 0
 0 0 0 0 0
 0 0 0 0 0
 0 0 0 0 0
 0 0 0 0 0
 0 0 0 0 0
 0 0 0 0 0
 0 0 0 0 0
 0 0 0 0 0
 0 0 0 0 0
 0 0 0 0 0
 0 0 0 0 0
 0 0 0 0 0
 0 0 0 0 0
 0 0 0 0 0
 0 0 0 0 0
 0 0 0 0 0
 0 0 0 0 0
 0 0 0 0 0
 0 0 0 0 0
 0 0 0 0 0
 0 0 0 0 0
 0 0 0 0 0
 0 0 0 0 0
 0 0 0 0 0
 0 0 0 0 0
 0 0 0 0 0
 0 0 0 0 0
 0 0 0 0 0
 0 0 0 0 0
 0 0 0 0 0
 0 0 0 0 0
 0 0 0 0 0
 0 0 0 0 0
 0 0 0 0 0
 0 0 0 0 0
 0 0 0 0 0
 0 0 0 0 0
 0 0 0 0 0
 0 0 0 0 0
 0 0 0 0 0
 0 0 0 0 0
 0 0 0 0 0
 0 0 0 0 0
 0 0 0 0 0
 0 0 0 0 0
 0 0 0 0 0
 0 0 0 0 0
 0 0 0 0 0
 0 0 0 0 0
 0 0 0 0 0
 0 0 0 0 0
 0 0 0 0 0
 0 0 0 0 0
 0 0 0 0 0
 0 0 0 0 0
 0 0 0 0 0
 0 0 0 0 0
 0 0 0 0 0
 0 0 0 0 0
 0 0 0 0 0
 0 0 0 0 0
 0 0 0 0 0
 0 0 0 0 0
 0 0 0 0 0
 0 0 0 0 0
 0 0 0 0 0
 0 0 0 0 0
 0 0 0 0 0
 0 0 0 0 0
 0 0 0 0 0
 0 0 0 0 0
 0 0 0 0 0
 0 0 0 0 0
 0 0 0 0 0
 0 0 0 0 0
 0 0 0 0 0
 0 0 0 0 0
 0 0 0 0 0
 0 0 0 0 0
 0 0 0 0 0
 0 0 0 0 0
 0 0 0 0 0
 0 0 0 0 0
 0 0 0 0 0
 0 0 0 0 0
 0 0 0 0 0
 0 0 0 0 0
 0 0 0 0 0
 0 0 0 0 0
 0 0 0 0 0
 0 0 0 0 0
 0 0 0 0 0
 0 0 0 0 0
 0 0 0 0 0
 0 0 0 0 0
 0 0 0 0 0
 0 0 0 0 0
 0 0 0 0 0
 0 0 0 0 0
 0 0 0 0 0
 0 0 0 0 0
 0 0 0 0 0
 0 0 0 0 0
 0 0 0 0 0
 0 0 0 0 0
 0 0 0 0 0
 0 0 0 0 0
 0 0 0 0 0
 0 0 0 0 0
 0 0 0 0 0
 0 0 0 0 0
 0 0 0 0 0
 0 0 0 0 0
 0 0 0 0 0
 0 0 0 0 0
 0 0 0 0 0
 0 0 0 0 0
 0 0 0 0 0
 0 0 0 0 0
 0 0 0 0 0
 0 0 0 0 0
 0 0 0 0 0
 0 0 0 0 0
 0 0 0 0 0
 0 0 0 0 0
 0 0 0 0 0
 0 0 0 0 0
 0 0 0 0 0
 0 0 0 0 0
 0 0 0 0 0
 0 0 0 0 0
 0 0 0 0 0
 0 0 0 0 0
 0 0 0 0 0
 0 0 0 0 0
 0 0 0 0 0
 0 0 0 0 0
 0 0 0 0 0
 0 0 0 0 0
 0 0 0 0 0
 0 0 0 0 0
 0 0 0 0 0
 0 0 0 0 0
 0 0 0 0 0
 0 0 0 0 0
 0 0 0 0 0
 0 0 0 0 0
 0 0 0 0 0
 0 0 0 0 0
 0 0 0 0 0
 0 0 0 0 0
 0 0 0 0 0
 0 0 0 0 0
 0 0 0 0 0
 0 0 0 0 0
 0 0 0 0 0
 0 0 0 0 0
 0 0 0 0 0
 0 0 0 0 0
 0 0 0 0 0
 0 0 0 0 0
 0 0 0 0 0
 0 0 0 0 0
 0 0 0 0 0
 0 0 0 0 0
 0 0 0 0 0
 0 0 0 0 0
 0 0 0 0 0
 0 0 0 0 0
 0 0 0 0 0
 0 0 0 0 0
 0 0 0 0 0
 0 0 0 0 0
 0 0 0 0 0
 0 0 0 0 0
 0 0 0 0 0
 0 0 0 0 0
 0 0 0 0 0
 0 0 0 0 0
 0 0 0 0 0
 0 0 0 0 0
 0 0 0 0 0
 0 0 0 0 0
 0 0 0 0 0
 0 0 0 0 0
 0 0 0 0 0
 0 0 0 0 0
 0 0 0 0 0
 0 0 0 0 0
 0 0 0 0 0
 0 0 0 0 0
 0 0 0 0 0
 0 0 0 0 0
 0 0 0 0 0
 0 0 0 0 0
 0 0 0 0 0
 0 0 0 0 0
 0 0 0 0 0
 0 0 0 0 0
 0 0 0 0 0
 0 0 0 0 0
 0 0 0 0 0
 0 0 0 0 0
 0 0 0 0 0
 0 0 0 0 0
 0 0 0 0 0
 0 0 0 0 0
 0 0 0 0 0
 0 0 0 0 0
 0 0 0 0 0
 0 0 0 0 0
 0 0 0 0 0
 0 0 0 0 0
 0 0 0 0 0
 0 0 0 0 0
 0 0 0 0 0
 0 0 0 0 0
 0 0 0 0 0
 0 0 0 0 0
 0 0 0 0 0
 0 0 0 0 0
 0 0 0 0 0
 0 0 0 0 0
 0 0 0 0 0
 0 0 0 0 0
 0 0 0 0 0
 0 0 0 0 0
 0 0 0 0 0
 0 0 0 0 0
 0 0 0 0 0
 0 0 0 0 0
 0 0 0 0 0
 0 0 0 0 0
 0 0 0 0 0
 0 0 0 0 0
 0 0 0 0 0
 0 0 0 0 0
 0 0 0 0 0
 0 0 0 0 0
 0 0 0 0 0
 0 0 0 0 0
 0 0 0 0 0
 0 0 0 0 0
 0 0 0 0 0
 0 0 0 0 0
 0 0 0 0 0
 0 0 0 0 0
 0 0 0 0 0
 0 0 0 0 0
 0 0 0 0 0
 0 0 0 0 0
 0 0 0 0 0
 0 0 0 0 0
 0 0 0 0 0
 0 0 0 0 0
 0 0 0 0 0
 0 0 0 0 0
 0 0 0 0 0
 0 0 0 0 0
 0 0 0 0 0
 0 0 0 0 0
 0 0 0 0 0
 0 0 0 0 0
 0 0 0 0 0
 0 0 0 0 0
 0 0 0 0 0
 0 0 0 0 0
 0 0 0 0 0
 0 0 0 0 0
 0 0 0 0 0
 0 0 0 0 0
 0 0 0 0 0
 0 0 0 0 0
 0 0 0 0 0
 0 0 0 0 0
 0 0 0 0 0
 0 0 0 0 0
 0 0 0 0 0
 0 0 0 0 0
 0 0 0 0 0
 0 0 0 0 0
 0 0 0 0 0
 0 0 0 0 0
 0 0 0 0 0
 0 0 0 0 0
 0 0 0 0 0
 0 0 0 0 0
 0 0 0 0 0
 0 0 0 0 0
 0 0 0 0 0
 0 0 0 0 0
 0 0 0 0 0
 0 0 0 0 0
 0 0 0 0 0
 0 0 0 0 0
 0 0 0 0 0
 0 0 0 0 0
 0 0 0 0 0
 0 0 0 0 0
 0 0 0 0 0
 0 0 0 0 0
 0 0 0 0 0
 0 0 0 0 0
 0 0 0 0 0
 0 0 0 0 0
 0 0 0 0 0
 0 0 0 0 0
 0 0 0 0 0
 0 0 0 0 0
 0 0 0 0 0
 0 0 0 0 0
 0 0 0 0 0
 0 0 0 0 0
 0 0 0 0 0
 0 0 0 0 0
 0 0 0 0 0
 0 0 0 0 0
 0 0 0 0 0
 0 0 0 0 0
 0 0 0 0 0
 0 0 0 0 0
 0 0 0 0 0
 0 0 0 0 0
 0 0 0 0 0
 0 0 0 0 0
 0 0 0 0 0
 0 0 0 0 0
 0 0 0 0 0
 0 0 0 0 0
 0 0 0 0 0
 0 0 0 0 0
 0 0 0 0 0
 0 0 0 0 0
 0 0 0 0 0
 0 0 0 0 0
 0 0 0 0 0
 0 0 0 0 0
 0 0 0 0 0
 0 0 0 0 0
 0 0 0 0 0
 0 0 0 0 0
 0 0 0 0 0
 0 0 0 0 0
 0 0 0 0 0
 0 0 0 0 0
 0 0 0 0 0
 0 0 0 0 0
 0 0 0 0 0
 0 0 0 0 0
 0 0 0 0 0
 0 0 0 0 0
 0 0 0 0 0
 0 0 0 0 0
 0 0 0 0 0
 0 0 0 0 0
 0 0 0 0 0
 0 0 0 0 0
 0 0 0 0 0
 0 0 0 0 0
 0 0 0 0 0
 0 0 0 0 0
 0 0 0 0 0
 0 0 0 0 0
 0 0 0 0 0
 0 0 0 0 0
 0 0 0 0 0
 0 0 0 0 0
 0 0 0 0 0
 0 0 0 0 0
 0 0 0 0 0
 0 0 0 0 0
 0 0 0 0 0
 0 0 0 0 0
 0 0 0 0 0
 0 0 0 0 0
 0 0 0 0 0
 0 0 0 0 0
 0 0 0 0 0
 0 0 0 0 0
 0 0 0 0 0
 0 0 0 0 0
 0 0 0 0 0
 0 0 0 0 0
 0 0 0 0 0
 0 0 0 0 0
 0 0 0 0 0
 0 0 0 0 0
 0 0 0 0 0
 0 0 0 0 0
 0 0 0 0 0
 0 0 0 0 0
 0 0 0 0 0
 0 0 0 0 0
 0 0 0 0 0
 0 0 0 0 0
 0 0 0 0 0
 0 0 0 0 0
 0 0 0 0 0
 0 0 0 0 0
 0 0 0 0 0
 0 0 0 0 0
 0 0 0 0 0
 0 0 0 0 0
 0 0 0 0 0
 0 0 0 0 0
 0 0 0 0 0
 0 0 0 0 0
 0 0 0 0 0
 0 0 0 0 0
 0 0 0 0 0
 0 0 0 0 0
 0 0 0 0 0
 0 0 0 0 0
 0 0 0 0 0
 0 0 0 0 0
 0 0 0 0 0
 0 0 0 0 0
 0 0 0 0 0
 0 0 0 0 0
 0 0 0 0 0
 0 0 0 0 0
 0 0 0 0 0
 0 0 0 0 0
 0 0 0 0 0
 0 0 0 0 0
 0 0 0 0 0
 0 0 0 0 0
 0 0 0 0 0
 0 0 0 0 0
 0 0 0 0 0
 0 0 0 0 0
 0 0 0 0 0
 0 0 0 0 0
 0 0 0 0 0
 0 0 0 0 0
 0 0 0 0 0
 0 0 0 0 0
 0 0 0 0 0
 0 0 0 0 0
 0 0 0 0 0
 0 0 0 0 0
 0 0 0 0 0
 0 0 0 0 0
 0 0 0 0 0
 0 0 0 0 0
 0 0 0 0 0
 0 0 0 0 0
 0 0 0 0 0
 0 0 0 0 0
 0 0 0 0 0
 0 0 0 0 0
 0 0 0 0 0
 0 0 0 0 0
 0 0 0 0 0
 0 0 0 0 0
 0 0 0 0 0
 0 0 0 0 0
 0 0 0 0 0
 0 0 0 0 0
 0 0 0 0 0
 0 0 0 0 0
 0 0 0 0 0
 0 0 0 0 0
 0 0 0 0 0
 0 0 0 0 0
 0 0 0 0 0
 0 0 0 0 0
 0 0 0 0 0
 0 0 0 0 0
 0 0 0 0 0
 0 0 0 0 0
 0 0 0 0 0
 0 0 0 0 0
 0 0 0 0 0
 0 0 0 0 0
 0 0 0 0 0
 0 0 0 0 0
 0 0 0 0 0
 0 0 0 0 0
 0 0 0 0 0
 0 0 0 0 0
 0 0 0 0 0
 0 0 0 0 0
 0 0 0 0 0
 0 0 0 0 0
 0 0 0 0 0
 0 0 0 0 0
 0 0 0 0 0
 0 0 0 0 0
 0 0 0 0 0
 0 0 0 0 0
 0 0 0 0 0
 0 0 0 0 0
 0 0 0 0 0
 0 0 0 0 0
 0 0 0 0 0
 0 0 0 0 0
 0 0 0 0 0
 0 0 0 0 0
 0 0 0 0 0
 0 0 0 0 0
 0 0 0 0 0
 0 0 0 0 0
 0 0 0 0 0
 0 0 0 0 0
 0 0 0 0 0
 0 0 0 0 0
 0 0 0 0 0
 0 0 0 0 0
 0 0 0 0 0
 0 0 0 0 0
 0 0 0 0 0
 0 0 0 0 0
 0 0 0 0 0
 0 0 0 0 0
 0 0 0 0 0
 0 0 0 0 0
 0 0 0 0 0
 0 0 0 0 0
 0 0 0 0 0
 0 0 0 0 0
 0 0 0 0 0
 0 0 0 0 0
 0 0 0 0 0
 0 0 0 0 0
 0 0 0 0 0
 0 0 0 0 0
 0 0 0 0 0
 0 0 0 0 0
 0 0 0 0 0
 0 0 0 0 0
 0 0 0 0 0
 0 0 0 0 0
 0 0 0 0 0
 0 0 0 0 0
 0 0 0 0 0
 0 0 0 0 0
 0 0 0 0 0
 0 0 0 0 0
 0 0 0 0 0
 0 0 0 0 0
 0 0 0 0 0
 0 0 0 0 0
 0 0 0 0 0
 0 0 0 0 0
 0 0 0 0 0
 0 0 0 0 0
 0 0 0 0 0
 0 0 0 0 0
 0 0 0 0 0
 0 0 0 0 0
 0 0 0 0 0
 0 0 0 0 0
 0 0 0 0 0
 0 0 0 0 0
 0 0 0 0 0
 0 0 0 0 0
 0 0 0 0 0
 0 0 0 0 0
 0 0 0 0 0
 0 0 0 0 0
 0 0 0 0 0
 0 0 0 0 0
 0 0 0 0 0
 0 0 0 0 0
 0 0 0 0 0
 0 0 0 0 0
 0 0 0 0 0
 0 0 0 0 0
 0 0 0 0 0
 0 0 0 0 0
 0 0 0 0 0
 0 0 0 0 0
 0 0 0 0 0
 0 0 0 0 0
 0 0 0 0 0
 0 0 0 0 0
 0 0 0 0 0
 0 0 0 0 0
 0 0 0 0 0
 0 0 0 0 0
 0 0 0 0 0
 0 0 0 0 0
 0 0 0 0 0
 0 0 0 0 0
 0 0 0 0 0
 0 0 0 0 0
 0 0 0 0 0
 0 0 0 0 0
 0 0 0 0 0
 0 0 0 0 0
 0 0 0 0 0
 0 0 0 0 0
 0 0 0 0 0
 0 0 0 0 0
 0 0 0 0 0
 0 0 0 0 0
 0 0 0 0 0
 0 0 0 0 0
 0 0 0 0 0
 0 0 0 0 0
 0 0 0 0 0
 0 0 0 0 0
 0 0 0 0 0
 0 0 0 0 0
 0 0 0 0 0
 0 0 0 0 0
 0 0 0 0 0
 0 0 0 0 0
 0 0 0 0 0
 0 0 0 0 0
 0 0 0 0 0
 0 0 0 0 0
 0 0 0 0 0
 0 0 0 0 0
 0 0 0 0 0
 0 0 0 0 0
 0 0 0 0 0
 0 0 0 0 0
 0 0 0 0 0
 0 0 0 0 0
 0 0 0 0 0
 0 0 0 0 0
 0 0 0 0 0
 0 0 0 0 0
 0 0 0 0 0
 0 0 0 0 0
 0 0 0 0 0
 0 0 0 0 0
 0 0 0 0 0
 0 0 0 0 0
 0 0 0 0 0
 0 0 0 0 0
 0 0 0 0 0
 0 0 0 0 0
 0 0 0 0 0
 0 0 0 0 0
 0 0 0 0 0
 0 0 0 0 0
 0 0 0 0 0
 0 0 0 0 0
 0 0 0 0 0
 0 0 0 0 0
 0 0 0 0 0
 0 0 0 0 0
 0 0 0 0 0
 0 0 0 0 0
 0 0 0 0 0
 0 0 0 0 0
 0 0 0 0 0
 0 0 0 0 0
 0 0 0 0 0
 0 0 0 0 0
 0 0 0 0 0
 0 0 0 0 0
 0 0 0 0 0
 0 0 0 0 0
 0 0 0 0 0
 0 0 0 0 0
 0 0 0 0 0
 0 0 0 0 0
 0 0 0 0 0
 0 0 0 0 0
 0 0 0 0 0
 0 0 0 0 0
 0 0 0 0 0
 0 0 0 0 0
 0 0 0 0 0
 0 0 0 0 0
 0 0 0 0 0
 0 0 0 0 0
 0 0 0 0 0
 0 0 0 0 0
 0 0 0 0 0
 0 0 0 0 0
 0 0 0 0 0
 0 0 0 0 0
 0 0 0 0 0
 0 0 0 0 0
 0 0 0 0 0
 0 0 0 0 0
 0 0 0 0 0
 0 0 0 0 0
 0 0 0 0 0
 0 0 0 0 0
 0 0 0 0 0
 0 0 0 0 0
 0 0 0 0 0
 0 0 0 0 0
 0 0 0 0 0
 0 0 0 0 0
 0 0 0 0 0
 0 0 0 0 0
 0 0 0 0 0
 0 0 0 0 0
 0 0 0 0 0
 0 0 0 0 0
 0 0 0 0 0
 0 0 0 0 0
 0 0 0 0 0
 0 0 0 0 0
 0 0 0 0 0
 0 0 0 0 0
 0 0 0 0 0
 0 0 0 0 0
 0 0 0 0 0
 0 0 0 0 0
 0 0 0 0 0
 0 0 0 0 0
 0 0 0 0 0
 0 0 0 0 0
 0 0 0 0 0
 0 0 0 0 0
 0 0 0 0 0
 0 0 0 0 0
 0 0 0 0 0
 0 0 0 0 0
 0 0 0 0 0
 0 0 0 0 0
 0 0 0 0 0
 0 0 0 0 0
 0 0 0 0 0
 0 0 0 0 0
 0 0 0 0 0
 0 0 0 0 0
 0 0 0 0 0
 0 0 0 0 0
 0 0 0 0 0
 0 0 0 0 0
 0 0 0 0 0
 0 0 0 0 0
 0 0 0 0 0
 0 0 0 0 0
 0 0 0 0 0
 0 0 0 0 0
 0 0 0 0 0
 0 0 0 0 0
 0 0 0 0 0
 0 0 0 0 0
 0 0 0 0 0
 0 0 0 0 0
 0 0 0 0 0
 0 0 0 0 0
 0 0 0 0 0
 0 0 0 0 0
 0 0 0 0 0
 0 0 0 0 0
 0 0 0 0 0
 0 0 0 0 0
 0 0 0 0 0
 0 0 0 0 0
 0 0 0 0 0
 0 0 0 0 0
 0 0 0 0 0
 0 0 0 0 0
 0 0 0 0 0
 0 0 0 0 0
 0 0 0 0 0
 0 0 0 0 0
 0 0 0 0 0
 0 0 0 0 0
 0 0 0 0 0
 0 0 0 0 0
 0 0 0 0 0
 0 0 0 0 0
 0 0 0 0 0
 0 0 0 0 0
 0 0 0 0 0
 0 0 0 0 0
 0 0 0 0 0
 0 0 0 0 0
 0 0 0 0 0
 0 0 0 0 0
 0 0 0 0 0
 0 0 0 0 0
 0 0 0 0 0
 0 0 0 0 0
 0 0 0 0 0
 0 0 0 0 0
 0 0 0 0 0
 0 0 0 0 0
 0 0 0 0 0
 0 0 0 0 0
 0 0 0 0 0
 0 0 0 0 0
 0 0 0 0 0
 0 0 0 0 0
 0 0 0 0 0
 0 0 0 0 0
 0 0 0 0 0
 0 0 0 0 0
 0 0 0 0 0
 0 0 0 0 0
 0 0 0 0 0
 0 0 0 0 0
 0 0 0 0 0
 0 0 0 0 0
 0 0 0 0 0
 0 0 0 0 0
 0 0 0 0 0
 0 0 0 0 0
 0 0 0 0 0
 0 0 0 0 0
 0 0 0 0 0
 0 0 0 0 0
 0 0 0 0 0
 0 0 0 0 0
 0 0 0 0 0
 0 0 0 0 0
 0 0 0 0 0
 0 0 0 0 0
 0 0 0 0 0
 0 0 0 0 0
 0 0 0 0 0
 0 0 0 0 0
 0 0 0 0 0
 0 0 0 0 0
 0 0 0 0 0
 0 0 0 0 0
 0 0 0 0 0
 0 0 0 0 0
 0 0 0 0 0
 0 0 0 0 0
 0 0 0 0 0
 0 0 0 0 0
 0 0 0 0 0
 0 0 0 0 0
 0 0 0 0 0
 0 0 0 0 0
 0 0 0 0 0
 0 0 0 0 0
 0 0 0 0 0
 0 0 0 0 0
 0 0 0 0 0
 0 0 0 0 0
 0 0 0 0 0
 0 0 0 0 0
 0 0 0 0 0
 0 0 0 0 0
 0 0 0 0 0
 0 0 0 0 0
 0 0 0 0 0
 0 0 0 0 0
 0 0 0 0 0
 0 0 0 0 0
 0 0 0 0 0
 0 0 0 0 0
 0 0 0 0 0
 0 0 0 0 0
 0 0 0 0 0
 0 0 0 0 0
 0 0 0 0 0
 0 0 0 0 0
 0 0 0 0 0
 0 0 0 0 0
 0 0 0 0 0
 0 0 0 0 0
 0 0 0 0 0
 0 0 0 0 0
 0 0 0 0 0
 0 0 0 0 0
 0 0 0 0 0
 0 0 0 0 0
 0 0 0 0 0
 0 0 0 0 0
 0 0 0 0 0
 0 0 0 0 0
 0 0 0 0 0
 0 0 0 0 0
 0 0 0 0 0
 0 0 0 0 0
 0 0 0 0 0
 0 0 0 0 0
 0 0 0 0 0
 0 0 0 0 0
 0 0 0 0 0
 0 0 0 0 0
 0 0 0 0 0
 0 0 0 0 0
 0 0 0 0 0
 0 0 0 0 0
 0 0 0 0 0
 0 0 0 0 0
 0 0 0 0 0
 0 0 0 0 0
 0 0 0 0 0
 0 0 0 0 0
 0 0 0 0 0
 0 0 0 0 0
 0 0 0 0 0
 0 0 0 0 0
 0 0 0 0 0
 0 0 0 0 0
 0 0 0 0 0
 0 0 0 0 0
 0 0 0 0 0
 0 0 0 0 0
 0 0 0 0 0
 0 0 0 0 0
 0 0 0 0 0
 0 0 0 0 0
 0 0 0 0 0
 0 0 0 0 0
 0 0 0 0 0
 0 0 0 0 0
 0 0 0 0 0
 0 0 0 0 0
 0 0 0 0 0
 0 0 0 0 0
 0 0 0 0 0
 0 0 0 0 0
 0 0 0 0 0
 0 0 0 0 0
 0 0 0 0 0
 0 0 0 0 0
 0 0 0 0 0
 0 0 0 0 0
 0 0 0 0 0
 0 0 0 0 0
 0 0 0 0 0
 0 0 0 0 0
 0 0 0 0 0
 0 0 0 0 0
 0 0 0 0 0
 0 0 0 0 0
 0 0 0 0 0
 0 0 0 0 0
 0 0 0 0 0
 0 0 0 0 0
 0 0 0 0 0
 0 0 0 0 0
 0 0 0 0 0
 0 0 0 0 0
 0 0 0 0 0
 0 0 0 0 0
 0 0 0 0 0
 0 0 0 0 0
 0 0 0 0 0
 0 0 0 0 0
 0 0 0 0 0
 0 0 0 0 0
 0 0 0 0 0
 0 0 0 0 0
 0 0 0 0 0
 0 0 0 0 0
 0 0 0 0 0
 0 0 0 0 0
 0 0 0 0 0
 0 0 0 0 0
 0 0 0 0 0
 0 0 0 0 0
 0 0 0 0 0
 0 0 0 0 0
 0 0 0 0 0
 0 0 0 0 0
 0 0 0 0 0
 0 0 0 0 0
 0 0 0 0 0
 0 0 0 0 0
 0 0 0 0 0
 0 0 0 0 0
 0 0 0 0 0
 0 0 0 0 0
 0 0 0 0 0
 0 0 0 0 0
 0 0 0 0 0
 0 0 0 0 0
 0 0 0 0 0
 0 0 0 0 0
 0 0 0 0 0
 0 0 0 0 0
 0 0 0 0 0
 0 0 0 0 0
 0 0 0 0 0
 0 0 0 0 0
 0 0 0 0 0
 0 0 0 0 0
 0 0 0 0 0
 0 0 0 0 0
 0 0 0 0 0
 0 0 0 0 0
 0 0 0 0 0
 0 0 0 0 0
 0 0 0 0 0
 0 0 0 0 0
 0 0 0 0 0
 0 0 0 0 0
 0 0 0 0 0
 0 0 0 0 0
 0 0 0 0 0
 0 0 0 0 0
 0 0 0 0 0
 0 0 0 0 0
 0 0 0 0 0
 0 0 0 0 0
 0 0 0 0 0
 0 0 0 0 0
 0 0 0 0 0
 0 0 0 0 0
 0 0 0 0 0
 0 0 0 0 0
 0 0 0 0 0
 0 0 0 0 0
 0 0 0 0 0
 0 0 0 0 0
 0 0 0 0 0
 0 0 0 0 0
 0 0 0 0 0
 0 0 0 0 0
 0 0 0 0 0
 0 0 0 0 0
 0 0 0 0 0
 0 0 0 0 0
 0 0 0 0 0
 0 0 0 0 0
 0 0 0 0 0
 0 0 0 0 0
 0 0 0 0 0
 0 0 0 0 0
 0 0 0 0 0
 0 0 0 0 0
 0 0 0 0 0
 0 0 0 0 0
 0 0 0 0 0
 0 0 0 0 0
 0 0 0 0 0
 0 0 0 0 0
 0 0 0 0 0
 0 0 0 0 0
 0 0 0 0 0
 0 0 0 0 0
 0 0 0 0 0
 0 0 0 0 0
 0 0 0 0 0
 0 0 0 0 0
 0 0 0 0 0
 0 0 0 0 0
 0 0 0 0 0
 0 0 0 0 0
 0 0 0 0 0
 0 0 0 0 0
 0 0 0 0 0
 0 0 0 0 0
 0 0 0 0 0
 0 0 0 0 0
 0 0 0 0 0
 0 0 0 0 0
 0 0 0 0 0
 0 0 0 0 0
 0 0 0 0 0
 0 0 0 0 0
 0 0 0 0 0
 0 0 0 0 0
 0 0 0 0 0
 0 0 0 0 0
 0 0 0 0 0
 0 0 0 0 0
 0 0 0 0 0
 0 0 0 0 0
 0 0 0 0 0
 0 0 0 0 0
 0 0 0 0 0
 0 0 0 0 0
 0 0 0 0 0
 0 0 0 0 0
 0 0 0 0 0
 0 0 0 0 0
 0 0 0 0 0
 0 0 0 0 0
 0 0 0 0 0
 0 0 0 0 0
 0 0 0 0 0
 0 0 0 0 0
 0 0 0 0 0
 0 0 0 0 0
 0 0 0 0 0
 0 0 0 0 0
 0 0 0 0 0
 0 0 0 0 0
 0 0 0 0 0
 0 0 0 0 0
 0 0 0 0 0
 0 0 0 0 0
 0 0 0 0 0
 0 0 0 0 0
 0 0 0 0 0
 0 0 0 0 0
 0 0 0 0 0
 0 0 0 0 0
 0 0 0 0 0
 0 0 0 0 0
 0 0 0 0 0
 0 0 0 0 0
 0 0 0 0 0
 0 0 0 0 0
 0 0 0 0 0
 0 0 0 0 0
 0 0 0 0 0
 0 0 0 0 0
 0 0 0 0 0
 0 0 0 0 0
 0 0 0 0 0
 0 0 0 0 0
 0 0 0 0 0
 0 0 0 0 0
 0 0 0 0 0
 0 0 0 0 0
 0 0 0 0 0
 0 0 0 0 0
 0 0 0 0 0
 0 0 0 0 0
 0 0 0 0 0
 0 0 0 0 0
 0 0 0 0 0
 0 0 0 0 0
 0 0 0 0 0
 0 0 0 0 0
 0 0 0 0 0
 0 0 0 0 0
 0 0 0 0 0
 0 0 0 0 0
 0 0 0 0 0
 0 0 0 0 0
 0 0 0 0 0
 0 0 0 0 0
 0 0 0 0 0
 0 0 0 0 0
 0 0 0 0 0
 0 0 0 0 0
 0 0 0 0 0
 0 0 0 0 0
 0 0 0 0 0
 0 0 0 0 0
 0 0 0 0 0
 0 0 0 0 0
 0 0 0 0 0
 0 0 0 0 0
 0 0 0 0 0
 0 0 0 0 0
 0 0 0 0 0
 0 0 0 0 0
 0 0 0 0 0
 0 0 0 0 0
 0 0 0 0 0
 0 0 0 0 0
 0 0 0 0 0
 6.96994e-05 1.2145e-05 4.55497e-05 -2.61308e-05 1.94642e-06
 6.25881e-05 1.0478e-05 4.83236e-05 -2.91409e-05 1.55855e-06
 5.51389e-05 8.85425e-06 4.9742e-05 -3.13666e-05 1.20644e-06
 4.76231e-05 7.33813e-06 4.96413e-05 -3.26002e-05 9.03675e-07
 4.06346e-05 6.00027e-06 4.85423e-05 -3.3072e-05 6.54987e-07
 3.49239e-05 4.89494e-06 4.77957e-05 -3.36271e-05 4.54896e-07
 2.96383e-05 3.93483e-06 4.6169e-05 -3.34533e-05 2.96547e-07
 2.52551e-05 3.13905e-06 4.48153e-05 -3.33296e-05 1.70181e-07
 2.12206e-05 2.44369e-06 4.28644e-05 -3.2635e-05 7.15038e-08
 1.73439e-05 1.84007e-06 3.97e-05 -3.08899e-05 1.40031e-09
 1.37784e-05 1.34224e-06 3.55391e-05 -2.82203e-05 -4.18154e-08
 1.06034e-05 9.50463e-07 3.05827e-05 -2.47559e-05 -6.17528e-08
 7.95931e-06 6.43212e-07 2.57224e-05 -2.11859e-05 -7.08131e-08
 6.19791e-06 4.38621e-07 2.25035e-05 -1.8828e-05 -7.6525e-08
 4.73152e-06 2.85896e-07 1.92699e-05 -1.63591e-05 -7.50887e-08
 3.52552e-06 1.67798e-07 1.62394e-05 -1.39662e-05 -7.09919e-08
 2.47687e-06 8.4445e-08 1.28995e-05 -1.12286e-05 -6.08752e-08
 1.64478e-06 3.07868e-08 9.71944e-06 -8.55537e-06 -4.8811e-08
 9.49194e-07 2.67665e-09 6.34825e-06 -5.64742e-06 -3.3227e-08
 3.7684e-07 -3.02379e-09 2.77829e-06 -2.49882e-06 -1.47224e-08
 1.54253e-07 -5.30285e-09 1.31747e-06 -1.19549e-06 -7.50087e-09
 6.65244e-08 -4.27541e-09 6.61125e-07 -6.04889e-07 -3.94774e-09
 2.87007e-08 -2.31013e-09 3.18144e-07 -2.93516e-07 -1.85421e-09
 1.11102e-08 -1.11552e-09 1.38437e-07 -1.2869e-07 -7.89837e-10
 1.79919e-09 -2.57162e-10 2.66989e-08 -2.49726e-08 -1.53138e-10
 0 0 0 0 0
 0 0 0 0 0
 0 0 0 0 0
 0 0 0 0 0
 0 0 0 0 0
 0 0 0 0 0
 0 0 0 0 0
 0 0 0 0 0
 0 0 0 0 0
 0 0 0 0 0
 0 0 0 0 0
 0 0 0 0 0
 0 0 0 0 0
 0 0 0 0 0
 0 0 0 0 0
 0 0 0 0 0
 0 0 0 0 0
 0 0 0 0 0
 0 0 0 0 0
 0 0 0 0 0
 0 0 0 0 0
 0 0 0 0 0
 0 0 0 0 0
 0 0 0 0 0
 0 0 0 0 0
 0 0 0 0 0
 0 0 0 0 0
 0 0 0 0 0
 0 0 0 0 0
 0 0 0 0 0
 0 0 0 0 0
 0 0 0 0 0
 0 0 0 0 0
 0 0 0 0 0
 0 0 0 0 0
 0 0 0 0 0
 0 0 0 0 0
 0 0 0 0 0
 0 0 0 0 0
 0 0 0 0 0
 0 0 0 0 0
 0 0 0 0 0
 0 0 0 0 0
 0 0 0 0 0
 0 0 0 0 0
 0 0 0 0 0
 0 0 0 0 0
 0 0 0 0 0
 0 0 0 0 0
 0 0 0 0 0
 0 0 0 0 0
 0 0 0 0 0
 0 0 0 0 0
 0 0 0 0 0
 0 0 0 0 0
 0 0 0 0 0
 0 0 0 0 0
 0 0 0 0 0
 0 0 0 0 0
 0 0 0 0 0
 0 0 0 0 0
 0 0 0 0 0
 0 0 0 0 0
 0 0 0 0 0
 0 0 0 0 0
 0 0 0 0 0
 0 0 0 0 0
 0 0 0 0 0
 0 0 0 0 0
 0 0 0 0 0
 0 0 0 0 0
 0 0 0 0 0
 0 0 0 0 0
 0 0 0 0 0
 0 0 0 0 0
 0 0 0 0 0
 0 0 0 0 0
 0 0 0 0 0
 0 0 0 0 0
 0 0 0 0 0
 0 0 0 0 0
 0 0 0 0 0
 0 0 0 0 0
 0 0 0 0 0
 0 0 0 0 0
 0 0 0 0 0
 0 0 0 0 0
 0 0 0 0 0
 0 0 0 0 0
 0 0 0 0 0
 0 0 0 0 0
 0 0 0 0 0
 0 0 0 0 0
 0 0 0 0 0
 0 0 0 0 0
 0 0 0 0 0
 0 0 0 0 0
 0.00100217 0.000272968 0.000518997 -0.000312854 7.40031e-05
 0.000794819 0.000204982 0.000506181 -0.000318314 5.21937e-05
 0.000638413 0.000155809 0.000491756 -0.00032119 3.71354e-05
 0.000517684 0.000119374 0.000476549 -0.000322003 2.65019e-05
 0.000419376 9.134e-05 0.000455707 -0.000317678 1.87857e-05
 0.000337804 6.94663e-05 0.000428648 -0.000307566 1.31346e-05
 0.000271447 5.25774e-05 0.000399366 -0.000294232 9.02331e-06
 0.000216555 3.94616e-05 0.000366518 -0.000276741 6.05431e-06
 0.000170114 2.9146e-05 0.000328561 -0.000253851 3.91318e-06
 0.000131348 2.11186e-05 0.000287613 -0.000227039 2.39381e-06
 0.000101728 1.52499e-05 0.000252119 -0.000202948 1.36539e-06
 7.86156e-05 1.09474e-05 0.000219589 -0.000179991 6.92825e-07
 5.97356e-05 7.68944e-06 0.000187144 -0.000156023 2.52196e-07
 4.51412e-05 5.31563e-06 0.000158441 -0.000134171 -2.33869e-08
 3.48284e-05 3.67341e-06 0.000137576 -0.000118134 -1.95907e-07
 2.74731e-05 2.52812e-06 0.000122856 -0.000106794 -2.96601e-07
 2.12748e-05 1.65877e-06 0.000107659 -9.46556e-05 -3.43145e-07
 1.60411e-05 1.02055e-06 9.16819e-05 -8.14737e-05 -3.44969e-07
 1.1786e-05 5.58287e-07 7.64506e-05 -6.86044e-05 -3.24559e-07
 8.28738e-06 2.52015e-07 6.09558e-05 -5.52025e-05 -2.79841e-07
 5.47857e-06 7.17825e-08 4.55808e-05 -4.16359e-05 -2.19447e-07
 3.40892e-06 -1.73691e-08 3.20647e-05 -2.95262e-05 -1.58896e-07
 2.22161e-06 -7.043e-08 2.42173e-05 -2.24569e-05 -1.25039e-07
 1.38404e-06 -8.64656e-08 1.75961e-05 -1.64237e-05 -9.32744e-08
 7.69219e-07 -7.61413e-08 1.14924e-05 -1.07926e-05 -6.20184e-08
 3.30824e-07 -4.32104e-08 5.67101e-06 -5.35847e-06 -3.04762e-08
 1.29243e-07 -2.34873e-08 2.63833e-06 -2.50659e-06 -1.43676e-08
 2.60682e-08 -7.6275e-09 6.93019e-07 -6.61731e-07 -4.03854e-09
 9.50519e-09 -3.14908e-09 2.8581e-07 -2.74304e-07 -1.60093e-09
 3.03579e-09 -1.54492e-09 1.26132e-07 -1.21521e-07 -7.10656e-10
 0 0 0 0 0
 0 0 0 0 0
 0 0 0 0 0
 0 0 0 0 0
 0 0 0 0 0
 0 0 0 0 0
 0 0 0 0 0
 0 0 0 0 0
 0 0 0 0 0
 0 0 0 0 0
 0 0 0 0 0
 0 0 0 0 0
 0 0 0 0 0
 0 0 0 0 0
 0 0 0 0 0
 0 0 0 0 0
 0 0 0 0 0
 0 0 0 0 0
 0 0 0 0 0
 0 0 0 0 0
 0 0 0 0 0
 0 0 0 0 0
 0 0 0 0 0
 0 0 0 0 0
 0 0 0 0 0
 0 0 0 0 0
 0 0 0 0 0
 0 0 0 0 0
 0 0 0 0 0
 0 0 0 0 0
 0 0 0 0 0
 0 0 0 0 0
 0 0 0 0 0
 0 0 0 0 0
 0 0 0 0 0
 0 0 0 0 0
 0 0 0 0 0
 0 0 0 0 0
 0 0 0 0 0
 0 0 0 0 0
 0 0 0 0 0
 0 0 0 0 0
 0 0 0 0 0
 0 0 0 0 0
 0 0 0 0 0
 0 0 0 0 0
 0 0 0 0 0
 0 0 0 0 0
 0 0 0 0 0
 0 0 0 0 0
 0 0 0 0 0
 0 0 0 0 0
 0 0 0 0 0
 0 0 0 0 0
 0 0 0 0 0
 0 0 0 0 0
 0 0 0 0 0
 0 0 0 0 0
 0 0 0 0 0
 0 0 0 0 0
 0 0 0 0 0
 0 0 0 0 0
 0 0 0 0 0
 0 0 0 0 0
 0 0 0 0 0
 0 0 0 0 0
 0 0 0 0 0
 0 0 0 0 0
 0 0 0 0 0
 0 0 0 0 0
 0 0 0 0 0
 0 0 0 0 0
 0 0 0 0 0
 0 0 0 0 0
 0 0 0 0 0
 0 0 0 0 0
 0 0 0 0 0
 0 0 0 0 0
 0 0 0 0 0
 0 0 0 0 0
 0 0 0 0 0
 0 0 0 0 0
 0 0 0 0 0
 0 0 0 0 0
 0 0 0 0 0
 0 0 0 0 0
 0 0 0 0 0
 0 0 0 0 0
 0 0 0 0 0
 0 0 0 0 0
 0 0 0 0 0
 0 0 0 0 0
 0.00432822 0.00150269 0.00188299 -0.00117556 0.000522076
 0.00329513 0.00108118 0.00181786 -0.00117847 0.000354133
 0.0025575 0.0007942 0.00174483 -0.0011709 0.000245329
 0.00200676 0.00059052 0.00165951 -0.00114977 0.000171956
 0.00158402 0.000442166 0.00156218 -0.00111481 0.000121256
 0.00125454 0.000332438 0.00145623 -0.00106803 8.56906e-05
 0.00100009 0.000251302 0.00135479 -0.00101874 6.06052e-05
 0.000796962 0.000189731 0.00125019 -0.000961919 4.25816e-05
 0.0006344 0.000142804 0.00114631 -0.000900669 2.95916e-05
 0.000502976 0.000106809 0.00104192 -0.000834575 2.02209e-05
 0.000396896 7.93563e-05 0.000937644 -0.0007646 1.35383e-05
 0.000310255 5.82536e-05 0.000832144 -0.00068995 8.77237e-06
 0.000242604 4.25024e-05 0.000738075 -0.000621349 5.42981e-06
 0.000188157 3.05727e-05 0.0006478 -0.000553114 3.11129e-06
 0.00014333 2.14469e-05 0.000556949 -0.000481856 1.53216e-06
 0.00010683 1.45541e-05 0.000468022 -0.000409922 4.9365e-07
 7.71569e-05 9.50538e-06 0.000378676 -0.000335585 -1.03251e-07
 5.61341e-05 6.15196e-06 0.000308847 -0.000276654 -4.14908e-07
 4.07721e-05 3.86591e-06 0.000252283 -0.000228199 -5.63471e-07
 2.86941e-05 2.25193e-06 0.000200046 -0.000182596 -6.02588e-07
 2.05661e-05 1.20609e-06 0.000163242 -0.000150221 -6.10179e-07
 1.51777e-05 5.71588e-07 0.000137962 -0.000127871 -5.79368e-07
 1.09314e-05 1.37476e-07 0.000114912 -0.000107208 -5.28128e-07
 7.56513e-06 -1.22467e-07 9.251e-05 -8.68375e-05 -4.52921e-07
 4.96339e-06 -2.46137e-07 7.10781e-05 -6.71012e-05 -3.63402e-07
 3.01073e-06 -2.59753e-07 5.05091e-05 -4.79416e-05 -2.64163e-07
 1.72439e-06 -2.26186e-07 3.42793e-05 -3.27e-05 -1.81918e-07
 9.59125e-07 -1.91549e-07 2.35332e-05 -2.25491e-05 -1.27385e-07
 4.95459e-07 -1.46308e-07 1.54518e-05 -1.48671e-05 -8.46694e-08
 2.04191e-07 -8.28788e-08 8.04088e-06 -7.76806e-06 -4.38471e-08
 7.08213e-08 -4.04302e-08 3.65906e-06 -3.54844e-06 -1.9881e-08
 1.17489e-08 -1.34429e-08 1.07195e-06 -1.043e-06 -6.05208e-09
 2.17569e-09 -4.14085e-09 3.19749e-07 -3.12206e-07 -1.79389e-09
 -7.64531e-11 -1.86056e-09 1.32808e-07 -1.30011e-07 -7.50513e-10
 0 0 0 0 0
 0 0 0 0 0
 0 0 0 0 0
 0 0 0 0 0
 0 0 0 0 0
 0 0 0 0 0
 0 0 0 0 0
 0 0 0 0 0
 0 0 0 0 0
 0 0 0 0 0
 0 0 0 0 0
 0 0 0 0 0
 0 0 0 0 0
 0 0 0 0 0
 0 0 0 0 0
 0 0 0 0 0
 0 0 0 0 0
 0 0 0 0 0
 0 0 0 0 0
 0 0 0 0 0
 0 0 0 0 0
 0 0 0 0 0
 0 0 0 0 0
 0 0 0 0 0
 0 0 0 0 0
 0 0 0 0 0
 0 0 0 0 0
 0 0 0 0 0
 0 0 0 0 0
 0 0 0 0 0
 0 0 0 0 0
 0 0 0 0 0
 0 0 0 0 0
 0 0 0 0 0
 0 0 0 0 0
 0 0 0 0 0
 0 0 0 0 0
 0 0 0 0 0
 0 0 0 0 0
 0 0 0 0 0
 0 0 0 0 0
 0 0 0 0 0
 0 0 0 0 0
 0 0 0 0 0
 0 0 0 0 0
 0 0 0 0 0
 0 0 0 0 0
 0 0 0 0 0
 0 0 0 0 0
 0 0 0 0 0
 0 0 0 0 0
 0 0 0 0 0
 0 0 0 0 0
 0 0 0 0 0
 0 0 0 0 0
 0 0 0 0 0
 0 0 0 0 0
 0 0 0 0 0
 0 0 0 0 0
 0 0 0 0 0
 0 0 0 0 0
 0 0 0 0 0
 0 0 0 0 0
 0 0 0 0 0
 0 0 0 0 0
 0 0 0 0 0
 0 0 0 0 0
 0 0 0 0 0
 0 0 0 0 0
 0 0 0 0 0
 0 0 0 0 0
 0 0 0 0 0
 0 0 0 0 0
 0 0 0 0 0
 0 0 0 0 0
 0 0 0 0 0
 0 0 0 0 0
 0 0 0 0 0
 0 0 0 0 0
 0 0 0 0 0
 0 0 0 0 0
 0 0 0 0 0
 0 0 0 0 0
 0 0 0 0 0
 0 0 0 0 0
 0 0 0 0 0
 0 0 0 0 0
 0 0 0 0 0
 0.0123123 0.00505159 0.00461392 -0.00295668 0.00207964
 0.00892963 0.00347132 0.00432791 -0.00287715 0.00135296
 0.00662956 0.00244684 0.00402524 -0.00276861 0.000903838
 0.00502419 0.00176257 0.00373534 -0.00265054 0.000617044
 0.00386824 0.00129036 0.00346471 -0.00252881 0.000427784
 0.00302243 0.000958675 0.00322046 -0.00241141 0.000300566
 0.00237406 0.000716288 0.00297295 -0.00227936 0.00021203
 0.0018862 0.000541034 0.00275466 -0.00215777 0.000150855
 0.00150499 0.000410346 0.00254361 -0.00203209 0.00010752
 0.00119927 0.000310676 0.00232934 -0.00189519 7.62006e-05
 0.000955275 0.000234746 0.00212213 -0.00175587 5.35371e-05
 0.000757594 0.000176301 0.00191641 -0.00161048 3.70766e-05
 0.000601369 0.0001319 0.001732 -0.00147614 2.51794e-05
 0.000474239 9.76144e-05 0.00155263 -0.00134052 1.65751e-05
 0.000369579 7.11206e-05 0.00137108 -0.00119816 1.04451e-05
 0.000283996 5.08535e-05 0.00119048 -0.00105216 6.17258e-06
 0.000215549 3.57098e-05 0.00101821 -0.000909456 3.30216e-06
 0.000163052 2.47064e-05 0.000868825 -0.000783613 1.40842e-06
 0.000122455 1.66189e-05 0.000739806 -0.000673181 1.52068e-07
 8.97175e-05 1.06791e-05 0.000614366 -0.000563697 -5.84499e-07
 6.35906e-05 6.48356e-06 0.000491733 -0.000454763 -9.20088e-07
 4.33991e-05 3.64676e-06 0.000377873 -0.000352108 -9.95319e-07
 3.06756e-05 1.90248e-06 0.000305749 -0.000286755 -1.00891e-06
 2.07895e-05 7.91506e-07 0.000237119 -0.000223763 -9.10269e-07
 1.38326e-05 1.16733e-07 0.000182491 -0.000173199 -7.94944e-07
 9.61869e-06 -2.76919e-07 0.000150272 -0.000143309 -7.09669e-07
 6.45825e-06 -4.93857e-07 0.000121711 -0.000116587 -6.10743e-07
 4.09551e-06 -5.66386e-07 9.49031e-05 -9.12831e-05 -4.97409e-07
 2.39788e-06 -5.27672e-07 6.97894e-05 -6.73869e-05 -3.76194e-07
 1.26404e-06 -3.95764e-07 4.59413e-05 -4.45264e-05 -2.48686e-07
 6.1114e-07 -3.06053e-07 3.08518e-05 -2.99997e-05 -1.69954e-07
 2.53996e-07 -2.18098e-07 1.97823e-05 -1.92947e-05 -1.09998e-07
 7.59906e-08 -1.34156e-07 1.12598e-05 -1.10139e-05 -6.27594e-08
 1.44338e-08 -5.98793e-08 4.89338e-06 -4.80033e-06 -2.67696e-08
 -7.83519e-09 -2.64124e-08 1.96743e-06 -1.93455e-06 -1.10069e-08
 -3.00419e-09 -5.32458e-09 3.7943e-07 -3.74059e-07 -2.14933e-09
 -2.44429e-09 -2.56325e-09 1.70719e-07 -1.68621e-07 -9.76087e-10
 0 0 0 0 0
 0 0 0 0 0
 0 0 0 0 0
 0 0 0 0 0
 0 0 0 0 0
 0 0 0 0 0
 0 0 0 0 0
 0 0 0 0 0
 0 0 0 0 0
 0 0 0 0 0
 0 0 0 0 0
 0 0 0 0 0
 0 0 0 0 0
 0 0 0 0 0
 0 0 0 0 0
 0 0 0 0 0
 0 0 0 0 0
 0 0 0 0 0
 0 0 0 0 0
 0 0 0 0 0
 0 0 0 0 0
 0 0 0 0 0
 0 0 0 0 0
 0 0 0 0 0
 0 0 0 0 0
 0 0 0 0 0
 0 0 0 0 0
 0 0 0 0 0
 0 0 0 0 0
 0 0 0 0 0
 0 0 0 0 0
 0 0 0 0 0
 0 0 0 0 0
 0 0 0 0 0
 0 0 0 0 0
 0 0 0 0 0
 0 0 0 0 0
 0 0 0 0 0
 0 0 0 0 0
 0 0 0 0 0
 0 0 0 0 0
 0 0 0 0 0
 0 0 0 0 0
 0 0 0 0 0
 0 0 0 0 0
 0 0 0 0 0
 0 0 0 0 0
 0 0 0 0 0
 0 0 0 0 0
 0 0 0 0 0
 0 0 0 0 0
 0 0 0 0 0
 0 0 0 0 0
 0 0 0 0 0
 0 0 0 0 0
 0 0 0 0 0
 0 0 0 0 0
 0 0 0 0 0
 0 0 0 0 0
 0 0 0 0 0
 0 0 0 0 0
 0 0 0 0 0
 0 0 0 0 0
 0 0 0 0 0
 0 0 0 0 0
 0 0 0 0 0
 0 0 0 0 0
 0 0 0 0 0
 0 0 0 0 0
 0 0 0 0 0
 0 0 0 0 0
 0 0 0 0 0
 0 0 0 0 0
 0 0 0 0 0
 0 0 0 0 0
 0 0 0 0 0
 0 0 0 0 0
 0 0 0 0 0
 0 0 0 0 0
 0 0 0 0 0
 0 0 0 0 0
 0 0 0 0 0
 0 0 0 0 0
 0 0 0 0 0
 0 0 0 0 0
 0.0277667 0.0129404 0.00889069 -0.00586383 0.00604678
 0.0197773 0.00874612 0.00840319 -0.00573153 0.00387829
 0.0145229 0.00610416 0.00789781 -0.00555586 0.00257181
 0.0108917 0.00435716 0.00737594 -0.005339 0.00174577
 0.00828538 0.00315863 0.0068375 -0.00508197 0.00120418
 0.0063695 0.00231651 0.00629506 -0.00479512 0.000840431
 0.0049306 0.00171201 0.00575453 -0.00448431 0.00059082
 0.00384424 0.00127424 0.00524739 -0.004175 0.000417704
 0.00301381 0.00095305 0.00477526 -0.00387226 0.000296007
 0.00237007 0.000714806 0.0043267 -0.00357064 0.000209811
 0.00187284 0.000538201 0.00391939 -0.00328679 0.000148762
 0.00148446 0.000406034 0.00354577 -0.0030175 0.000105236
 0.00118051 0.000306756 0.00321081 -0.00276916 7.411e-05
 0.000936462 0.000230724 0.00289164 -0.00252474 5.15539e-05
 0.000738756 0.000172109 0.0025834 -0.0022814 3.51492e-05
 0.000580448 0.000127262 0.00229872 -0.00205123 2.32993e-05
 0.000453951 9.29881e-05 0.00203998 -0.00183769 1.47676e-05
 0.000351332 6.67644e-05 0.00179091 -0.00162758 8.74344e-06
 0.000267996 4.68621e-05 0.00154809 -0.00141852 4.6148e-06
 0.000200816 3.20128e-05 0.00131217 -0.00121166 1.91999e-06
 0.000147774 2.12658e-05 0.00108859 -0.00101255 2.94799e-07
 0.000108853 1.36337e-05 0.000914381 -0.000856075 -7.71544e-07
 7.85969e-05 8.19212e-06 0.000756787 -0.000712819 -1.35671e-06
 5.49605e-05 4.48093e-06 0.00060659 -0.000574626 -1.5508e-06
 3.69128e-05 2.08879e-06 0.000467014 -0.000444818 -1.48856e-06
 2.45162e-05 6.37319e-07 0.000360283 -0.000344855 -1.35076e-06
 1.61164e-05 -1.74687e-07 0.00027857 -0.000267834 -1.17042e-06
 1.00761e-05 -5.47455e-07 0.000205567 -0.000198496 -9.43163e-07
 6.45725e-06 -7.99981e-07 0.000164684 -0.000159584 -8.1665e-07
 3.97548e-06 -8.83994e-07 0.000131379 -0.000127721 -6.85675e-07
 2.22209e-06 -8.49137e-07 0.000101159 -9.86363e-05 -5.49124e-07
 1.07704e-06 -7.10819e-07 7.2995e-05 -7.13756e-05 -4.05629e-07
 4.39872e-07 -4.93267e-07 4.67522e-05 -4.58413e-05 -2.59629e-07
 8.81494e-08 -3.60413e-07 3.07848e-05 -3.02569e-05 -1.73862e-07
 -5.29117e-08 -2.37797e-07 1.88457e-05 -1.85642e-05 -1.07117e-07
 -7.10944e-08 -1.2933e-07 9.78844e-06 -9.663e-06 -5.53246e-08
 -4.85606e-08 -5.98491e-08 4.38078e-06 -4.33338e-06 -2.45243e-08
 -2.21392e-08 -1.93962e-08 1.32227e-06 -1.31028e-06 -7.55575e-09
 -6.56969e-09 -4.88322e-09 3.19233e-07 -3.16904e-07 -1.84516e-09
 -2.77561e-09 -1.71311e-09 1.05682e-07 -1.05059e-07 -6.17265e-10
 0 0 0 0 0
 0 0 0 0 0
 0 0 0 0 0
 0 0 0 0 0
 0 0 0 0 0
 0 0 0 0 0
 0 0 0 0 0
 0 0 0 0 0
 0 0 0 0 0
 0 0 0 0 0
 0 0 0 0 0
 0 0 0 0 0
 0 0 0 0 0
 0 0 0 0 0
 0 0 0 0 0
 0 0 0 0 0
 0 0 0 0 0
 0 0 0 0 0
 0 0 0 0 0
 0 0 0 0 0
 0 0 0 0 0
 0 0 0 0 0
 0 0 0 0 0
 0 0 0 0 0
 0 0 0 0 0
 0 0 0 0 0
 0 0 0 0 0
 0 0 0 0 0
 0 0 0 0 0
 0 0 0 0 0
 0 0 0 0 0
 0 0 0 0 0
 0 0 0 0 0
 0 0 0 0 0
 0 0 0 0 0
 0 0 0 0 0
 0 0 0 0 0
 0 0 0 0 0
 0 0 0 0 0
 0 0 0 0 0
 0 0 0 0 0
 0 0 0 0 0
 0 0 0 0 0
 0 0 0 0 0
 0 0 0 0 0
 0 0 0 0 0
 0 0 0 0 0
 0 0 0 0 0
 0 0 0 0 0
 0 0 0 0 0
 0 0 0 0 0
 0 0 0 0 0
 0 0 0 0 0
 0 0 0 0 0
 0 0 0 0 0
 0 0 0 0 0
 0 0 0 0 0
 0 0 0 0 0
 0 0 0 0 0
 0 0 0 0 0
 0 0 0 0 0
 0 0 0 0 0
 0 0 0 0 0
 0 0 0 0 0
 0 0 0 0 0
 0 0 0 0 0
 0 0 0 0 0
 0 0 0 0 0
 0 0 0 0 0
 0 0 0 0 0
 0 0 0 0 0
 0 0 0 0 0
 0 0 0 0 0
 0 0 0 0 0
 0 0 0 0 0
 0 0 0 0 0
 0 0 0 0 0
 0 0 0 0 0
 0 0 0 0 0
 0 0 0 0 0
 0 0 0 0 0
 0 0 0 0 0
 0.0546001 0.0281078 0.0149853 -0.0101601 0.0144979
 0.0378358 0.0185301 0.0140502 -0.00983844 0.00909381
 0.0272654 0.0127241 0.0131481 -0.0094815 0.00594976
 0.0202679 0.00902125 0.0123408 -0.00913706 0.00402223
 0.0153667 0.00652937 0.0115486 -0.00875944 0.00277749
 0.0118064 0.00479281 0.0107524 -0.00833938 0.00194588
 0.00914887 0.00355119 0.00994375 -0.00787337 0.00137636
 0.00713056 0.00264802 0.00913294 -0.00737169 0.000979581
 0.00557361 0.00198142 0.00832044 -0.00683725 0.000699313
 0.00436844 0.00148676 0.00753731 -0.00629719 0.000500033
 0.00342881 0.00111647 0.006798 -0.00576647 0.000357009
 0.00269457 0.000838675 0.00610806 -0.00525425 0.00025419
 0.00211401 0.000628375 0.00545154 -0.00475075 0.000179824
 0.0016627 0.000471231 0.00486445 -0.00428973 0.000126685
 0.00130703 0.000352616 0.00432594 -0.00385669 8.85087e-05
 0.00103134 0.000263993 0.00386442 -0.00347923 6.12949e-05
 0.000812037 0.000196561 0.00344337 -0.00312807 4.17079e-05
 0.000634656 0.000144658 0.0030434 -0.00278774 2.753e-05
 0.000492734 0.000104994 0.00267825 -0.0024719 1.73399e-05
 0.000379374 7.48931e-05 0.00234229 -0.00217694 1.01408e-05
 0.000288887 5.21971e-05 0.00203101 -0.00189984 5.16051e-06
 0.00021643 3.52652e-05 0.00173508 -0.0016328 1.86601e-06
 0.000158943 2.29737e-05 0.00145126 -0.00137346 -1.26501e-07
 0.000114125 1.43527e-05 0.00118304 -0.00112564 -1.17122e-06
 8.167e-05 8.28937e-06 0.000979181 -0.000936125 -1.84179e-06
 5.70147e-05 4.17974e-06 0.000796531 -0.000764894 -2.09599e-06
 3.83619e-05 1.53924e-06 0.000629175 -0.000606709 -2.05169e-06
 2.46129e-05 4.12593e-08 0.000475392 -0.000460246 -1.79538e-06
 1.552e-05 -7.76475e-07 0.000362257 -0.000351971 -1.53616e-06
 9.50162e-06 -1.0939e-06 0.000272146 -0.000265294 -1.24936e-06
 5.49396e-06 -1.17276e-06 0.000201368 -0.000196898 -9.94313e-07
 3.03423e-06 -1.21726e-06 0.000158658 -0.000155534 -8.33044e-07
 1.43223e-06 -1.1455e-06 0.000123495 -0.000121348 -6.76738e-07
 4.38224e-07 -9.758e-07 9.16063e-05 -9.02119e-05 -5.17489e-07
 -4.76336e-08 -7.24913e-07 6.22285e-05 -6.14099e-05 -3.55846e-07
 -2.25716e-07 -4.94604e-07 3.96788e-05 -3.92336e-05 -2.27964e-07
 -2.54778e-07 -3.16199e-07 2.37497e-05 -2.35251e-05 -1.37436e-07
 -2.1087e-07 -1.92574e-07 1.36958e-05 -1.35887e-05 -7.95544e-08
 -1.02978e-07 -8.26956e-08 5.84488e-06 -5.80874e-06 -3.31405e-08
 -5.82399e-08 -3.82311e-08 2.52506e-06 -2.51288e-06 -1.45906e-08
 -1.06039e-08 -6.33119e-09 4.01956e-07 -4.00578e-07 -2.35904e-09
 -5.5021e-09 -2.89032e-09 1.73383e-07 -1.72987e-07 -1.0314e-09
 0 0 0 0 0
 0 0 0 0 0
 0 0 0 0 0
 0 0 0 0 0
 0 0 0 0 0
 0 0 0 0 0
 0 0 0 0 0
 0 0 0 0 0
 0 0 0 0 0
 0 0 0 0 0
 0 0 0 0 0
 0 0 0 0 0
 0 0 0 0 0
 0 0 0 0 0
 0 0 0 0 0
 0 0 0 0 0
 0 0 0 0 0
 0 0 0 0 0
 0 0 0 0 0
 0 0 0 0 0
 0 0 0 0 0
 0 0 0 0 0
 0 0 0 0 0
 0 0 0 0 0
 0 0 0 0 0
 0 0 0 0 0
 0 0 0 0 0
 0 0 0 0 0
 0 0 0 0 0
 0 0 0 0 0
 0 0 0 0 0
 0 0 0 0 0
 0 0 0 0 0
 0 0 0 0 0
 0 0 0 0 0
 0 0 0 0 0
 0 0 0 0 0
 0 0 0 0 0
 0 0 0 0 0
 0 0 0 0 0
 0 0 0 0 0
 0 0 0 0 0
 0 0 0 0 0
 0 0 0 0 0
 0 0 0 0 0
 0 0 0 0 0
 0 0 0 0 0
 0 0 0 0 0
 0 0 0 0 0
 0 0 0 0 0
 0 0 0 0 0
 0 0 0 0 0
 0 0 0 0 0
 0 0 0 0 0
 0 0 0 0 0
 0 0 0 0 0
 0 0 0 0 0
 0 0 0 0 0
 0 0 0 0 0
 0 0 0 0 0
 0 0 0 0 0
 0 0 0 0 0
 0 0 0 0 0
 0 0 0 0 0
 0 0 0 0 0
 0 0 0 0 0
 0 0 0 0 0
 0 0 0 0 0
 0 0 0 0 0
 0 0 0 0 0
 0 0 0 0 0
 0 0 0 0 0
 0 0 0 0 0
 0 0 0 0 0
 0 0 0 0 0
 0 0 0 0 0
 0 0 0 0 0
 0 0 0 0 0
 0 0 0 0 0
 0 0 0 0 0
 0.0996725 0.0555768 0.0235549 -0.0163903 0.0310342
 0.06758 0.0359156 0.0221062 -0.0158496 0.0191194
 0.0478559 0.0242809 0.0206586 -0.0152259 0.0123413
 0.0349958 0.0169744 0.0192693 -0.0145647 0.00824719
 0.0261612 0.0121458 0.0178936 -0.0138435 0.00564653
 0.0199204 0.00885956 0.0166032 -0.0131201 0.00394344
 0.0153992 0.00656275 0.0154277 -0.012426 0.00279691
 0.0120108 0.00490664 0.0142866 -0.0117105 0.00200209
 0.00941706 0.00368899 0.0131563 -0.0109606 0.00144089
 0.00740431 0.00278207 0.0120371 -0.0101807 0.00103974
 0.00582653 0.00210034 0.0109302 -0.00937556 0.000750562
 0.00458347 0.00158516 0.0098525 -0.00856256 0.000541019
 0.00360507 0.00119525 0.00884069 -0.00777631 0.000388738
 0.00283067 0.000898775 0.00788856 -0.00701638 0.000277676
 0.00221798 0.000673531 0.00700063 -0.006291 0.000196849
 0.00173202 0.000502277 0.00617153 -0.00559915 0.000138138
 0.00135294 0.000373714 0.00543901 -0.00497772 9.59888e-05
 0.00105554 0.000276927 0.0047848 -0.00441401 6.57969e-05
 0.000824681 0.000204504 0.00422741 -0.00392776 4.42789e-05
 0.000641019 0.000149469 0.00372043 -0.00347939 2.88724e-05
 0.000493809 0.000107451 0.00325225 -0.00305987 1.78469e-05
 0.000376511 7.56569e-05 0.00282309 -0.0026708 1.00982e-05
 0.000283994 5.18979e-05 0.00243523 -0.00231562 4.76936e-06
 0.000210928 3.43118e-05 0.0020784 -0.00198566 1.24284e-06
 0.000153546 2.16416e-05 0.00174233 -0.00167196 -8.79794e-07
 0.000109234 1.28966e-05 0.00142544 -0.00137361 -1.94202e-06
 7.59856e-05 6.96637e-06 0.00114816 -0.00111073 -2.40242e-06
 5.21315e-05 2.90118e-06 0.00093685 -0.00090945 -2.63763e-06
 3.43678e-05 3.79458e-07 0.000744275 -0.000724862 -2.54471e-06
 2.15364e-05 -9.70525e-07 0.000569437 -0.000556297 -2.23023e-06
 1.27552e-05 -1.54036e-06 0.000421181 -0.000412654 -1.83046e-06
 7.31475e-06 -1.7359e-06 0.000318054 -0.000312416 -1.49602e-06
 3.82942e-06 -1.60443e-06 0.000229827 -0.000226307 -1.14849e-06
 1.64825e-06 -1.52825e-06 0.000175246 -0.000172919 -9.34031e-07
 3.45764e-07 -1.39689e-06 0.000136285 -0.000134724 -7.591e-07
 -3.82188e-07 -1.17681e-06 0.000101551 -0.000100561 -5.84604e-07
 -6.29269e-07 -8.80681e-07 6.9925e-05 -6.93581e-05 -4.09178e-07
 -5.75872e-07 -5.82252e-07 4.38831e-05 -4.35953e-05 -2.57073e-07
 -4.76486e-07 -3.76488e-07 2.66568e-05 -2.65193e-05 -1.57825e-07
 -3.32938e-07 -2.23857e-07 1.51261e-05 -1.5068e-05 -8.98369e-08
 -1.52371e-07 -9.50944e-08 6.42506e-06 -6.40856e-06 -3.71712e-08
 -8.38662e-08 -4.59488e-08 2.9183e-06 -2.91403e-06 -1.72001e-08
 -1.34789e-08 -6.92256e-09 4.23601e-07 -4.23423e-07 -2.53651e-09
 -6.90688e-09 -3.23204e-09 1.87316e-07 -1.87415e-07 -1.13915e-09
 0 0 0 0 0
 0 0 0 0 0
 0 0 0 0 0
 0 0 0 0 0
 0 0 0 0 0
 0 0 0 0 0
 0 0 0 0 0
 0 0 0 0 0
 0 0 0 0 0
 0 0 0 0 0
 0 0 0 0 0
 0 0 0 0 0
 0 0 0 0 0
 0 0 0 0 0
 0 0 0 0 0
 0 0 0 0 0
 0 0 0 0 0
 0 0 0 0 0
 0 0 0 0 0
 0 0 0 0 0
 0 0 0 0 0
 0 0 0 0 0
 0 0 0 0 0
 0 0 0 0 0
 0 0 0 0 0
 0 0 0 0 0
 0 0 0 0 0
 0 0 0 0 0
 0 0 0 0 0
 0 0 0 0 0
 0 0 0 0 0
 0 0 0 0 0
 0 0 0 0 0
 0 0 0 0 0
 0 0 0 0 0
 0 0 0 0 0
 0 0 0 0 0
 0 0 0 0 0
 0 0 0 0 0
 0 0 0 0 0
 0 0 0 0 0
 0 0 0 0 0
 0 0 0 0 0
 0 0 0 0 0
 0 0 0 0 0
 0 0 0 0 0
 0 0 0 0 0
 0 0 0 0 0
 0 0 0 0 0
 0 0 0 0 0
 0 0 0 0 0
 0 0 0 0 0
 0 0 0 0 0
 0 0 0 0 0
 0 0 0 0 0
 0 0 0 0 0
 0 0 0 0 0
 0 0 0 0 0
 0 0 0 0 0
 0 0 0 0 0
 0 0 0 0 0
 0 0 0 0 0
 0 0 0 0 0
 0 0 0 0 0
 0 0 0 0 0
 0 0 0 0 0
 0 0 0 0 0
 0 0 0 0 0
 0 0 0 0 0
 0 0 0 0 0
 0 0 0 0 0
 0 0 0 0 0
 0 0 0 0 0
 0 0 0 0 0
 0 0 0 0 0
 0 0 0 0 0
 0 0 0 0 0
 0 0 0 0 0
 0.169933 0.101172 0.0346822 -0.0247444 0.0602986
 0.112779 0.0641162 0.0325759 -0.0238934 0.0364989
 0.0794913 0.043229 0.0307588 -0.0231519 0.0235438
 0.0574817 0.0299359 0.0287246 -0.0221335 0.0156148
 0.0425431 0.0212425 0.0266775 -0.0210049 0.0106227
 0.0320676 0.0153677 0.0246765 -0.0198203 0.00737387
 0.0245116 0.0112825 0.0227561 -0.0186145 0.00519741
 0.0189581 0.0083875 0.0209313 -0.017413 0.003711
 0.0148153 0.00630025 0.019282 -0.0162857 0.00267675
 0.0116259 0.00475144 0.0177004 -0.0151574 0.00193752
 0.00914213 0.00359072 0.0161605 -0.0140162 0.0014045
 0.00727075 0.00274596 0.0147857 -0.0129794 0.00103016
 0.00572923 0.00207948 0.0133435 -0.0118437 0.000747144
 0.00454432 0.00158599 0.0120265 -0.0107871 0.000545489
 0.00357093 0.00119655 0.0107239 -0.00971075 0.000392742
 0.00280369 0.000900844 0.00952756 -0.00870369 0.000281223
 0.00218746 0.000673081 0.00838506 -0.00772294 0.000199029
 0.00170471 0.000501173 0.00736331 -0.00683312 0.000139493
 0.00132001 0.000369928 0.006413 -0.00599297 9.61644e-05
 0.00102101 0.000271681 0.00558759 -0.00525489 6.51869e-05
 0.000789775 0.000198471 0.00488557 -0.00462094 4.32088e-05
 0.000608704 0.000143466 0.00427333 -0.00406273 2.75944e-05
 0.000464456 0.000101724 0.00371322 -0.00354697 1.6499e-05
 0.000350051 7.0315e-05 0.00320204 -0.00307203 8.76519e-06
 0.000260369 4.71064e-05 0.00273804 -0.00263748 3.56465e-06
 0.000190576 3.00768e-05 0.00232587 -0.00224877 1.29816e-07
 0.000136466 1.80026e-05 0.00194261 -0.00188475 -1.87165e-06
 9.53512e-05 9.8655e-06 0.00158572 -0.00154356 -2.79528e-06
 6.475e-05 4.57783e-06 0.00126538 -0.00123552 -3.05287e-06
 4.29515e-05 1.01884e-06 0.00102093 -0.000999594 -3.13016e-06
 2.71832e-05 -1.11628e-06 0.000809156 -0.000794262 -2.94516e-06
 1.61286e-05 -2.12322e-06 0.00061899 -0.000609062 -2.5472e-06
 8.82087e-06 -2.34826e-06 0.000453437 -0.000447182 -2.04414e-06
 4.37625e-06 -2.31471e-06 0.000338366 -0.000334376 -1.64263e-06
 1.77191e-06 -2.00164e-06 0.000243329 -0.000240917 -1.24707e-06
 1.45655e-07 -1.78445e-06 0.000181519 -0.000180018 -9.89269e-07
 -7.72419e-07 -1.57832e-06 0.000139747 -0.000138794 -7.96531e-07
 -1.16625e-06 -1.29649e-06 0.000103216 -0.000102654 -6.07946e-07
 -1.12818e-06 -9.4935e-07 7.03288e-05 -7.00369e-05 -4.20949e-07
 -8.64819e-07 -6.17914e-07 4.37445e-05 -4.3617e-05 -2.62252e-07
 -6.27488e-07 -3.89008e-07 2.60806e-05 -2.60339e-05 -1.57943e-07
 -3.97895e-07 -2.22822e-07 1.43626e-05 -1.43521e-05 -8.71475e-08
 -1.78632e-07 -9.47325e-08 6.1034e-06 -6.10501e-06 -3.61507e-08
 -8.85956e-08 -4.28908e-08 2.61061e-06 -2.61368e-06 -1.57586e-08
 -1.44313e-08 -6.65569e-09 3.90787e-07 -3.91543e-07 -2.39722e-09
 -6.50737e-09 -2.79616e-09 1.55874e-07 -1.56302e-07 -9.72637e-10
 0 0 0 0 0
 0 0 0 0 0
 0 0 0 0 0
 0 0 0 0 0
 0 0 0 0 0
 0 0 0 0 0
 0 0 0 0 0
 0 0 0 0 0
 0 0 0 0 0
 0 0 0 0 0
 0 0 0 0 0
 0 0 0 0 0
 0 0 0 0 0
 0 0 0 0 0
 0 0 0 0 0
 0 0 0 0 0
 0 0 0 0 0
 0 0 0 0 0
 0 0 0 0 0
 0 0 0 0 0
 0 0 0 0 0
 0 0 0 0 0
 0 0 0 0 0
 0 0 0 0 0
 0 0 0 0 0
 0 0 0 0 0
 0 0 0 0 0
 0 0 0 0 0
 0 0 0 0 0
 0 0 0 0 0
 0 0 0 0 0
 0 0 0 0 0
 0 0 0 0 0
 0 0 0 0 0
 0 0 0 0 0
 0 0 0 0 0
 0 0 0 0 0
 0 0 0 0 0
 0 0 0 0 0
 0 0 0 0 0
 0 0 0 0 0
 0 0 0 0 0
 0 0 0 0 0
 0 0 0 0 0
 0 0 0 0 0
 0 0 0 0 0
 0 0 0 0 0
 0 0 0 0 0
 0 0 0 0 0
 0 0 0 0 0
 0 0 0 0 0
 0 0 0 0 0
 0 0 0 0 0
 0 0 0 0 0
 0 0 0 0 0
 0 0 0 0 0
 0 0 0 0 0
 0 0 0 0 0
 0 0 0 0 0
 0 0 0 0 0
 0 0 0 0 0
 0 0 0 0 0
 0 0 0 0 0
 0 0 0 0 0
 0 0 0 0 0
 0 0 0 0 0
 0 0 0 0 0
 0 0 0 0 0
 0 0 0 0 0
 0 0 0 0 0
 0 0 0 0 0
 0 0 0 0 0
 0 0 0 0 0
 0 0 0 0 0
 0 0 0 0 0
 0 0 0 0 0
 0.287604 0.180961 0.0504721 -0.0369626 0.113947
 0.185664 0.111768 0.0471083 -0.0353866 0.0673494
 0.130266 0.0751606 0.0449117 -0.0345603 0.0434166
 0.09259 0.0512491 0.0417409 -0.0328141 0.0284041
 0.0675444 0.0359022 0.0386143 -0.0309573 0.0191099
 0.0512366 0.0261882 0.0361702 -0.0295421 0.0134034
 0.0388137 0.0190862 0.0332749 -0.0276376 0.00939631
 0.0303076 0.0143567 0.0309876 -0.0261495 0.00680637
 0.023467 0.0107093 0.0283437 -0.0242619 0.00488864
 0.0182609 0.00803175 0.025792 -0.02237 0.00353074
 0.0143119 0.00606555 0.0235044 -0.0206284 0.00256659
 0.0112287 0.00458391 0.0213337 -0.0189259 0.00186571
 0.00880256 0.00346012 0.0192503 -0.017248 0.00135343
 0.00688656 0.00260531 0.0172562 -0.0156043 0.000978169
 0.00554052 0.00201981 0.0157365 -0.0143588 0.000728162
 0.00433541 0.00152032 0.0139672 -0.0128475 0.000524751
 0.00338449 0.00114019 0.0123429 -0.0114382 0.000375674
 0.00262549 0.000848325 0.0108211 -0.0100971 0.000265771
 0.00205267 0.000635656 0.00951463 -0.00893606 0.000188689
 0.00158142 0.000467705 0.00825913 -0.00780306 0.000130464
 0.00122591 0.000345904 0.00717863 -0.00682031 9.01244e-05
 0.000941525 0.000251981 0.00621313 -0.00593274 6.03649e-05
 0.000719994 0.00018159 0.00537856 -0.00515911 3.91562e-05
 0.000549311 0.000129428 0.00467214 -0.00449977 2.42693e-05
 0.000413948 8.99875e-05 0.00403379 -0.00389942 1.37342e-05
 0.000307471 6.06343e-05 0.00345301 -0.00334946 6.51625e-06
 0.000224757 3.92548e-05 0.00292588 -0.0028472 1.79663e-06
 0.000161152 2.373e-05 0.00246774 -0.0024084 -1.27954e-06
 0.000112673 1.30064e-05 0.00204576 -0.00200204 -2.95527e-06
 7.65975e-05 6.02836e-06 0.00165852 -0.00162726 -3.60819e-06
 5.035e-05 1.73059e-06 0.00131336 -0.00129174 -3.6319e-06
 3.18133e-05 -1.06731e-06 0.00104814 -0.00103313 -3.52191e-06
 1.87341e-05 -2.63849e-06 0.000824325 -0.00081415 -3.21664e-06
 9.96331e-06 -3.18223e-06 0.000625431 -0.000618879 -2.72201e-06
 4.56338e-06 -3.03384e-06 0.000454589 -0.000450627 -2.14321e-06
 1.42971e-06 -2.73269e-06 0.000334601 -0.000332214 -1.68367e-06
 -2.15145e-07 -2.25645e-06 0.000238236 -0.000236888 -1.26234e-06
 -1.21869e-06 -1.94131e-06 0.000176728 -0.000175955 -9.92069e-07
 -1.71963e-06 -1.66659e-06 0.000134658 -0.000134227 -7.895e-07
 -1.75676e-06 -1.32144e-06 9.7535e-05 -9.73306e-05 -5.89624e-07
 -1.42458e-06 -9.24681e-07 6.44287e-05 -6.43612e-05 -3.94189e-07
 -1.0274e-06 -5.98709e-07 3.98816e-05 -3.98791e-05 -2.45367e-07
 -6.55425e-07 -3.49579e-07 2.23504e-05 -2.23696e-05 -1.38144e-07
 -3.83467e-07 -1.9067e-07 1.18077e-05 -1.18279e-05 -7.29713e-08
 -1.76862e-07 -8.3725e-08 5.12909e-06 -5.14187e-06 -3.12404e-08
 -6.73306e-08 -2.99037e-08 1.74745e-06 -1.75312e-06 -1.08113e-08
 -1.32181e-08 -5.63038e-09 3.16124e-07 -3.17326e-07 -1.99476e-09
 -4.15947e-09 -1.67622e-09 8.96175e-08 -9.00237e-08 -5.7565e-10
 0 0 0 0 0
 0 0 0 0 0
 0 0 0 0 0
 0 0 0 0 0
 0 0 0 0 0
 0 0 0 0 0
 0 0 0 0 0
 0 0 0 0 0
 0 0 0 0 0
 0 0 0 0 0
 0 0 0 0 0
 0 0 0 0 0
 0 0 0 0 0
 0 0 0 0 0
 0 0 0 0 0
 0 0 0 0 0
 0 0 0 0 0
 0 0 0 0 0
 0 0 0 0 0
 0 0 0 0 0
 0 0 0 0 0
 0 0 0 0 0
 0 0 0 0 0
 0 0 0 0 0
 0 0 0 0 0
 0 0 0 0 0
 0 0 0 0 0
 0 0 0 0 0
 0 0 0 0 0
 0 0 0 0 0
 0 0 0 0 0
 0 0 0 0 0
 0 0 0 0 0
 0 0 0 0 0
 0 0 0 0 0
 0 0 0 0 0
 0 0 0 0 0
 0 0 0 0 0
 0 0 0 0 0
 0 0 0 0 0
 0 0 0 0 0
 0 0 0 0 0
 0 0 0 0 0
 0 0 0 0 0
 0 0 0 0 0
 0 0 0 0 0
 0 0 0 0 0
 0 0 0 0 0
 0 0 0 0 0
 0 0 0 0 0
 0 0 0 0 0
 0 0 0 0 0
 0 0 0 0 0
 0 0 0 0 0
 0 0 0 0 0
 0 0 0 0 0
 0 0 0 0 0
 0 0 0 0 0
 0 0 0 0 0
 0 0 0 0 0
 0 0 0 0 0
 0 0 0 0 0
 0 0 0 0 0
 0 0 0 0 0
 0 0 0 0 0
 0 0 0 0 0
 0 0 0 0 0
 0 0 0 0 0
 0 0 0 0 0
 0 0 0 0 0
 0 0 0 0 0
 0 0 0 0 0
 0 0 0 0 0
 0 0 0 0 0
 0.518275 0.341933 0.07762 -0.0584659 0.225712
 0.328769 0.207943 0.072685 -0.0560176 0.131617
 0.222457 0.13508 0.0679725 -0.0535153 0.0820975
 0.156146 0.0911294 0.0630425 -0.0506124 0.0532412
 0.114268 0.0641638 0.0589463 -0.0481861 0.0360719
 0.0843575 0.0456144 0.0542382 -0.0450741 0.0246959
 0.0631294 0.0328957 0.0496122 -0.0418584 0.0171629
 0.0478133 0.0240236 0.0452102 -0.0386815 0.0120844
 0.036327 0.0176094 0.0407927 -0.0353561 0.00854387
 0.0280421 0.0131259 0.0369199 -0.0323909 0.00614715
 0.0221809 0.0100293 0.0339319 -0.0301058 0.00453444
 0.0171903 0.00750675 0.0303929 -0.0272419 0.003275
 0.0135888 0.00572947 0.0276293 -0.0249972 0.00241048
 0.0109123 0.00444516 0.025344 -0.0231282 0.00180446
 0.00858919 0.00337624 0.0227661 -0.0209388 0.00131988
 0.00673713 0.00255374 0.0203164 -0.0188215 0.000960106
 0.00524887 0.00191742 0.0179502 -0.0167419 0.000692213
 0.00406536 0.00142964 0.0157342 -0.0147671 0.000494439
 0.00312093 0.00105457 0.0136691 -0.0129026 0.000348123
 0.00243504 0.000789981 0.0120097 -0.0113986 0.000248115
 0.00188352 0.000585627 0.0104441 -0.00996325 0.000174159
 0.00143327 0.000425286 0.00896325 -0.00859037 0.000118593
 0.00107951 0.000304437 0.00762119 -0.00733556 7.867e-05
 0.000827087 0.000220891 0.00658356 -0.00636219 5.21662e-05
 0.000620208 0.000155189 0.00562734 -0.00545728 3.24019e-05
 0.000473279 0.000110211 0.00489722 -0.00476463 1.95959e-05
 0.000350704 7.44825e-05 0.00419569 -0.00409398 1.00849e-05
 0.000256006 4.85051e-05 0.00356249 -0.00348556 3.79499e-06
 0.000183116 2.98021e-05 0.00299367 -0.00293639 -2.27474e-07
 0.00012768 1.64487e-05 0.00250179 -0.00245957 -2.75012e-06
 8.63831e-05 7.58619e-06 0.00205239 -0.00202213 -3.95867e-06
 5.64033e-05 2.07714e-06 0.00164784 -0.00162684 -4.27447e-06
 3.53409e-05 -9.95063e-07 0.00128946 -0.00127546 -4.0191e-06
 2.05311e-05 -3.03299e-06 0.00102378 -0.00101439 -3.77908e-06
 1.0528e-05 -3.91534e-06 0.000793938 -0.000787906 -3.32602e-06
 4.24226e-06 -3.94698e-06 0.000593144 -0.000589511 -2.73434e-06
 7.74362e-07 -3.47129e-06 0.000428034 -0.000426003 -2.1175e-06
 -1.01266e-06 -2.92643e-06 0.000310302 -0.000309216 -1.6222e-06
 -1.82159e-06 -2.36808e-06 0.000220877 -0.000220355 -1.21589e-06
 -2.29064e-06 -2.00029e-06 0.000164177 -0.000163957 -9.54844e-07
 -2.36699e-06 -1.65015e-06 0.000122464 -0.000122416 -7.41294e-07
 -2.05839e-06 -1.24607e-06 8.58519e-05 -8.58962e-05 -5.333e-07
 -1.45393e-06 -8.07456e-07 5.35413e-05 -5.36147e-05 -3.33434e-07
 -1.0299e-06 -5.25786e-07 3.31029e-05 -3.3175e-05 -2.09143e-07
 -6.12728e-07 -2.93904e-07 1.78924e-05 -1.79449e-05 -1.13319e-07
 -2.82809e-07 -1.30543e-07 7.93387e-06 -7.96231e-06 -4.9226e-08
 -1.45075e-07 -6.32919e-08 3.68499e-06 -3.70074e-06 -2.31496e-08
 -2.45668e-08 -1.03291e-08 5.82109e-07 -5.8487e-07 -3.70299e-09
 -9.84237e-09 -3.94909e-09 2.11618e-07 -2.12747e-07 -1.37813e-09
 -1.71316e-12 -6.57387e-13 3.36478e-11 -3.38502e-11 -2.23101e-13
 0 0 0 0 0
 0 0 0 0 0
 0 0 0 0 0
 0 0 0 0 0
 0 0 0 0 0
 0 0 0 0 0
 0 0 0 0 0
 0 0 0 0 0
 0 0 0 0 0
 0 0 0 0 0
 0 0 0 0 0
 0 0 0 0 0
 0 0 0 0 0
 0 0 0 0 0
 0 0 0 0 0
 0 0 0 0 0
 0 0 0 0 0
 0 0 0 0 0
 0 0 0 0 0
 0 0 0 0 0
 0 0 0 0 0
 0 0 0 0 0
 0 0 0 0 0
 0 0 0 0 0
 0 0 0 0 0
 0 0 0 0 0
 0 0 0 0 0
 0 0 0 0 0
 0 0 0 0 0
 0 0 0 0 0
 0 0 0 0 0
 0 0 0 0 0
 0 0 0 0 0
 0 0 0 0 0
 0 0 0 0 0
 0 0 0 0 0
 0 0 0 0 0
 0 0 0 0 0
 0 0 0 0 0
 0 0 0 0 0
 0 0 0 0 0
 0 0 0 0 0
 0 0 0 0 0
 0 0 0 0 0
 0 0 0 0 0
 0 0 0 0 0
 0 0 0 0 0
 0 0 0 0 0
 0 0 0 0 0
 0 0 0 0 0
 0 0 0 0 0
 0 0 0 0 0
 0 0 0 0 0
 0 0 0 0 0
 0 0 0 0 0
 0 0 0 0 0
 0 0 0 0 0
 0 0 0 0 0
 0 0 0 0 0
 0 0 0 0 0
 0 0 0 0 0
 0 0 0 0 0
 0 0 0 0 0
 0 0 0 0 0
 0 0 0 0 0
 0 0 0 0 0
 0 0 0 0 0
 0 0 0 0 0
 0 0 0 0 0
 0 0 0 0 0
 0 0 0 0 0
 0 0 0 0 0
 0.9037 0.620344 0.116947 -0.0902887 0.425997
 0.563825 0.371734 0.109797 -0.0865625 0.245221
 0.375549 0.238118 0.102473 -0.0823763 0.151086
 0.260944 0.159296 0.0950031 -0.0777475 0.0973269
 0.188331 0.110796 0.0883025 -0.0734594 0.0652469
 0.138524 0.0786075 0.0814181 -0.0687613 0.0446571
 0.103451 0.0566699 0.0746319 -0.0639112 0.0310814
 0.0780144 0.0412836 0.0679281 -0.0589197 0.0218741
 0.0593875 0.030375 0.0615731 -0.0540423 0.0155552
 0.045843 0.0226761 0.0559213 -0.0496256 0.0112291
 0.0357739 0.0171191 0.0508756 -0.0456099 0.00819881
 0.0277031 0.0128274 0.0455971 -0.0412621 0.00594173
 0.0213777 0.00957938 0.0404671 -0.0369364 0.0042915
 0.0164354 0.00712656 0.0356142 -0.0327648 0.00308671
 0.0126222 0.00529176 0.0312748 -0.0289774 0.00221342
 0.0101814 0.00412942 0.0286499 -0.026724 0.00166859
 0.00785925 0.00307912 0.0251376 -0.0235902 0.00119932
 0.00614279 0.00232302 0.0222518 -0.0210022 0.000870675
 0.00491793 0.00179727 0.0200268 -0.0190049 0.000648819
 0.00380387 0.00133979 0.0174714 -0.0166613 0.000463837
 0.00291673 0.000988088 0.0151182 -0.0144824 0.000326756
 0.00221081 0.000718656 0.0129358 -0.0124437 0.00022587
 0.00165401 0.000514355 0.0109327 -0.0105577 0.000152574
 0.00126158 0.00037416 0.00940469 -0.00911556 0.000103809
 0.0009515 0.000268065 0.00800438 -0.00778469 6.8725e-05
 0.000704206 0.000186768 0.00674187 -0.00657681 4.31209e-05
 0.000527797 0.000130534 0.00578526 -0.00565924 2.61711e-05
 0.000386344 8.74369e-05 0.00491982 -0.00482449 1.39643e-05
 0.000282944 5.75537e-05 0.00419889 -0.00412705 6.15549e-06
 0.000201848 3.56068e-05 0.00353064 -0.00347767 1.00312e-06
 0.000139938 1.99081e-05 0.00294291 -0.00290446 -2.25484e-06
 9.42312e-05 9.26237e-06 0.00243362 -0.00240621 -4.06016e-06
 6.09166e-05 2.53463e-06 0.00196989 -0.00195105 -4.72588e-06
 3.74327e-05 -1.37511e-06 0.0015612 -0.00154875 -4.67956e-06
 2.15396e-05 -3.35881e-06 0.00121447 -0.00120659 -4.24369e-06
 1.04659e-05 -4.58874e-06 0.000954306 -0.000949388 -3.8572e-06
 3.51869e-06 -4.80227e-06 0.000727219 -0.000724375 -3.27544e-06
 -2.13121e-07 -4.27568e-06 0.000528711 -0.000527264 -2.57328e-06
 -2.03754e-06 -3.59148e-06 0.000380071 -0.000379436 -1.97104e-06
 -2.65609e-06 -2.86883e-06 0.000270264 -0.000270076 -1.46823e-06
 -2.90043e-06 -2.32851e-06 0.000194628 -0.000194664 -1.11656e-06
 -2.95397e-06 -1.93946e-06 0.000144938 -0.000145086 -8.75787e-07
 -2.64606e-06 -1.52536e-06 0.000104817 -0.000105007 -6.55925e-07
 -2.03266e-06 -1.07392e-06 6.97613e-05 -6.99406e-05 -4.44302e-07
 -1.36746e-06 -6.78106e-07 4.24984e-05 -4.26373e-05 -2.7178e-07
 -8.66275e-07 -4.04578e-07 2.4312e-05 -2.44079e-05 -1.57091e-07
 -4.77753e-07 -2.13076e-07 1.24773e-05 -1.25342e-05 -8.05569e-08
 -2.13006e-07 -9.18675e-08 5.35229e-06 -5.37954e-06 -3.39964e-08
 -8.442e-08 -3.4765e-08 1.93569e-06 -1.94672e-06 -1.25149e-08
 -1.47141e-08 -5.88118e-09 3.1543e-07 -3.17316e-07 -2.08068e-09
 -4.59398e-09 -1.76094e-09 8.99744e-08 -9.05713e-08 -6.06315e-10
 0 0 0 0 0
 0 0 0 0 0
 0 0 0 0 0
 0 0 0 0 0
 0 0 0 0 0
 0 0 0 0 0
 0 0 0 0 0
 0 0 0 0 0
 0 0 0 0 0
 0 0 0 0 0
 0 0 0 0 0
 0 0 0 0 0
 0 0 0 0 0
 0 0 0 0 0
 0 0 0 0 0
 0 0 0 0 0
 0 0 0 0 0
 0 0 0 0 0
 0 0 0 0 0
 0 0 0 0 0
 0 0 0 0 0
 0 0 0 0 0
 0 0 0 0 0
 0 0 0 0 0
 0 0 0 0 0
 0 0 0 0 0
 0 0 0 0 0
 0 0 0 0 0
 0 0 0 0 0
 0 0 0 0 0
 0 0 0 0 0
 0 0 0 0 0
 0 0 0 0 0
 0 0 0 0 0
 0 0 0 0 0
 0 0 0 0 0
 0 0 0 0 0
 0 0 0 0 0
 0 0 0 0 0
 0 0 0 0 0
 0 0 0 0 0
 0 0 0 0 0
 0 0 0 0 0
 0 0 0 0 0
 0 0 0 0 0
 0 0 0 0 0
 0 0 0 0 0
 0 0 0 0 0
 0 0 0 0 0
 0 0 0 0 0
 0 0 0 0 0
 0 0 0 0 0
 0 0 0 0 0
 0 0 0 0 0
 0 0 0 0 0
 0 0 0 0 0
 0 0 0 0 0
 0 0 0 0 0
 0 0 0 0 0
 0 0 0 0 0
 0 0 0 0 0
 0 0 0 0 0
 0 0 0 0 0
 0 0 0 0 0
 0 0 0 0 0
 0 0 0 0 0
 0 0 0 0 0
 0 0 0 0 0
 0 0 0 0 0
 0 0 0 0 0
 0 0 0 0 0
 1.49703 1.06271 0.169807 -0.133799 0.754606
 0.906844 0.619249 0.157717 -0.126725 0.42304
 0.592461 0.389663 0.146216 -0.119623 0.256427
 0.409089 0.259414 0.13601 -0.113123 0.164618
 0.294347 0.180146 0.126913 -0.107163 0.110348
 0.215077 0.127163 0.116758 -0.0999875 0.0752581
 0.161174 0.0921306 0.107788 -0.0934994 0.0527236
 0.122243 0.0676025 0.0989425 -0.0868525 0.0374317
 0.0933919 0.0499981 0.0901906 -0.08004 0.0268019
 0.0722956 0.0374817 0.0824006 -0.0738631 0.019458
 0.0558448 0.0280549 0.0743256 -0.0672481 0.014112
 0.0432067 0.0210398 0.0666112 -0.0607891 0.0102571
 0.0333584 0.0157514 0.0591273 -0.0543914 0.00744431
 0.0260028 0.0119077 0.0526732 -0.0488144 0.0054557
 0.0204637 0.00908562 0.0472268 -0.0440637 0.00403321
 0.0158676 0.00682938 0.0415835 -0.0390384 0.00293644
 0.0122257 0.00509754 0.0363446 -0.0343113 0.00212094
 0.00936313 0.00377842 0.0315555 -0.0299431 0.00151904
 0.00728587 0.00284388 0.0277714 -0.0264786 0.00110344
 0.00566049 0.00213688 0.0243059 -0.0232786 0.000799675
 0.00433185 0.00157836 0.0209806 -0.0201773 0.000567729
 0.00337761 0.00118691 0.018405 -0.017769 0.000409556
 0.00261081 0.000883925 0.0159772 -0.0154806 0.000291872
 0.00197119 0.000640475 0.0136072 -0.0132276 0.000200891
 0.00146719 0.000455891 0.0114445 -0.0111592 0.000134753
 0.00107462 0.000317646 0.00951031 -0.00929925 8.73706e-05
 0.000800875 0.000223921 0.00805075 -0.00789275 5.63352e-05
 0.000589941 0.000154648 0.00678113 -0.00666387 3.45821e-05
 0.000425621 0.000102629 0.00569857 -0.00561179 1.90359e-05
 0.000308208 6.69931e-05 0.00484456 -0.00478007 9.02337e-06
 0.000215164 4.04939e-05 0.00403994 -0.00399329 2.26237e-06
 0.000150562 2.34861e-05 0.0033768 -0.00334352 -1.48304e-06
 0.000100072 1.09294e-05 0.0027933 -0.00277004 -3.94843e-06
 6.38456e-05 2.9726e-06 0.00227554 -0.00225987 -5.03185e-06
 3.84154e-05 -1.68845e-06 0.00181591 -0.00180586 -5.19985e-06
 2.14971e-05 -3.91528e-06 0.00141186 -0.00140583 -4.75616e-06
 9.9555e-06 -5.15709e-06 0.00110105 -0.00109762 -4.28903e-06
 2.51589e-06 -5.53816e-06 0.0008485 -0.000846763 -3.72852e-06
 -1.59745e-06 -5.14313e-06 0.0006312 -0.000630538 -3.04051e-06
 -3.22434e-06 -4.25908e-06 0.000450246 -0.000450183 -2.3131e-06
 -3.76882e-06 -3.44695e-06 0.000321971 -0.000322194 -1.74716e-06
 -3.63334e-06 -2.68583e-06 0.000225984 -0.000226311 -1.28702e-06
 -3.50713e-06 -2.18971e-06 0.000164641 -0.000164998 -9.92112e-07
 -3.17872e-06 -1.76297e-06 0.000121117 -0.000121466 -7.611e-07
 -2.54575e-06 -1.29961e-06 8.35494e-05 -8.38463e-05 -5.39497e-07
 -1.68868e-06 -8.17106e-07 5.0938e-05 -5.11499e-05 -3.2945e-07
 -1.14756e-06 -5.24326e-07 3.10852e-05 -3.12339e-05 -2.04768e-07
 -6.43475e-07 -2.81795e-07 1.62464e-05 -1.63332e-05 -1.0723e-07
 -2.79776e-07 -1.19331e-07 6.9175e-06 -6.95731e-06 -4.45766e-08
 -1.3876e-07 -5.66329e-08 3.12768e-06 -3.14758e-06 -2.0579e-08
 -1.87577e-08 -7.47219e-09 4.00509e-07 -4.03114e-07 -2.67485e-09
 -8.37413e-09 -3.20743e-09 1.63388e-07 -1.64555e-07 -1.11833e-09
 0 0 0 0 0
 0 0 0 0 0
 0 0 0 0 0
 0 0 0 0 0
 0 0 0 0 0
 0 0 0 0 0
 0 0 0 0 0
 0 0 0 0 0
 0 0 0 0 0
 0 0 0 0 0
 0 0 0 0 0
 0 0 0 0 0
 0 0 0 0 0
 0 0 0 0 0
 0 0 0 0 0
 0 0 0 0 0
 0 0 0 0 0
 0 0 0 0 0
 0 0 0 0 0
 0 0 0 0 0
 0 0 0 0 0
 0 0 0 0 0
 0 0 0 0 0
 0 0 0 0 0
 0 0 0 0 0
 0 0 0 0 0
 0 0 0 0 0
 0 0 0 0 0
 0 0 0 0 0
 0 0 0 0 0
 0 0 0 0 0
 0 0 0 0 0
 0 0 0 0 0
 0 0 0 0 0
 0 0 0 0 0
 0 0 0 0 0
 0 0 0 0 0
 0 0 0 0 0
 0 0 0 0 0
 0 0 0 0 0
 0 0 0 0 0
 0 0 0 0 0
 0 0 0 0 0
 0 0 0 0 0
 0 0 0 0 0
 0 0 0 0 0
 0 0 0 0 0
 0 0 0 0 0
 0 0 0 0 0
 0 0 0 0 0
 0 0 0 0 0
 0 0 0 0 0
 0 0 0 0 0
 0 0 0 0 0
 0 0 0 0 0
 0 0 0 0 0
 0 0 0 0 0
 0 0 0 0 0
 0 0 0 0 0
 0 0 0 0 0
 0 0 0 0 0
 0 0 0 0 0
 0 0 0 0 0
 0 0 0 0 0
 0 0 0 0 0
 0 0 0 0 0
 0 0 0 0 0
 0 0 0 0 0
 0 0 0 0 0
 0 0 0 0 0
 2.38424 1.74184 0.240244 -0.192432 1.27284
 1.41666 0.996994 0.222912 -0.181858 0.701906
 0.913712 0.620164 0.206594 -0.171421 0.421134
 0.620546 0.406624 0.19063 -0.160645 0.266617
 0.439845 0.278514 0.176336 -0.150733 0.176495
 0.318075 0.194819 0.161227 -0.139669 0.119436
 0.237363 0.140729 0.148763 -0.130437 0.0835238
 0.178185 0.102346 0.135346 -0.120022 0.0588546
 0.137394 0.0764931 0.124827 -0.11182 0.0426426
 0.106404 0.0574557 0.11417 -0.103236 0.0310684
 0.0825956 0.0432769 0.103588 -0.0944831 0.0227088
 0.0645025 0.0328057 0.0937863 -0.0862275 0.0167096
 0.0505957 0.0249843 0.0847069 -0.0784544 0.0123548
 0.0395204 0.0189546 0.0756681 -0.0705619 0.00910256
 0.0308033 0.0143521 0.0670856 -0.0629538 0.00669388
 0.0238988 0.0108186 0.0589445 -0.0556361 0.00490067
 0.018458 0.008118 0.0513736 -0.0487501 0.00357085
 0.0146074 0.00623461 0.0459536 -0.0438166 0.00265902
 0.0112942 0.00467659 0.0400748 -0.0383801 0.00193279
 0.0086615 0.00347609 0.0346566 -0.0333258 0.00139016
 0.00655669 0.00254808 0.0295571 -0.0285293 0.000984519
 0.00503043 0.00189104 0.0255291 -0.0247278 0.000704587
 0.00384905 0.00139866 0.0219491 -0.0213294 0.000501764
 0.00289636 0.00101423 0.0186247 -0.0181533 0.0003485
 0.00222231 0.000748962 0.0160804 -0.0157177 0.000245713
 0.0016881 0.000546621 0.0137309 -0.0134563 0.000170505
 0.00124743 0.000385782 0.0114893 -0.0112863 0.000113037
 0.000905544 0.000265848 0.00949131 -0.00934412 7.2095e-05
 0.000643781 0.000177636 0.00775381 -0.00764875 4.34089e-05
 0.000468496 0.000119826 0.00654944 -0.0064725 2.51631e-05
 0.000335146 7.77888e-05 0.00551938 -0.00546352 1.27019e-05
 0.000228583 4.61471e-05 0.00454231 -0.00450309 4.08987e-06
 0.000157778 2.63821e-05 0.00379689 -0.00376954 -7.46994e-07
 0.000101589 1.18606e-05 0.00309197 -0.00307374 -3.81804e-06
 6.54325e-05 3.42651e-06 0.00255549 -0.0025436 -5.17124e-06
 3.8297e-05 -1.96289e-06 0.00204403 -0.00203688 -5.57627e-06
 2.04267e-05 -4.64886e-06 0.00160411 -0.00160022 -5.27904e-06
 9.04962e-06 -5.64724e-06 0.00123229 -0.00123054 -4.6314e-06
 1.21881e-06 -6.20542e-06 0.000956675 -0.0009562 -4.11302e-06
 -3.06075e-06 -5.88402e-06 0.0007202 -0.000720456 -3.42801e-06
 -4.51874e-06 -4.88811e-06 0.000514998 -0.000515581 -2.62539e-06
 -4.84313e-06 -3.94188e-06 0.000366406 -0.000367081 -1.98269e-06
 -4.44289e-06 -3.05068e-06 0.000256914 -0.000257553 -1.45638e-06
 -4.05989e-06 -2.42768e-06 0.000183856 -0.000184428 -1.10144e-06
 -3.65342e-06 -1.96153e-06 0.000134688 -0.000135192 -8.49175e-07
 -2.98749e-06 -1.48503e-06 9.481e-05 -9.52237e-05 -6.18471e-07
 -2.10039e-06 -9.89438e-07 6.04734e-05 -6.07713e-05 -3.99721e-07
 -1.38251e-06 -6.21554e-07 3.6529e-05 -3.67289e-05 -2.44138e-07
 -7.795e-07 -3.37023e-07 1.92384e-05 -1.93534e-05 -1.29098e-07
 -3.8477e-07 -1.61379e-07 9.10087e-06 -9.15925e-06 -6.05339e-08
 -1.82601e-07 -7.40875e-08 4.06874e-06 -4.09678e-06 -2.71664e-08
 -4.51835e-08 -1.77868e-08 9.44719e-07 -9.51612e-07 -6.38863e-09
 -1.13518e-08 -4.34568e-09 2.20406e-07 -2.22074e-07 -1.53198e-09
 -7.38769e-10 -2.73772e-10 1.32524e-08 -1.33615e-08 -9.427e-11
 0 0 0 0 0
 0 0 0 0 0
 0 0 0 0 0
 0 0 0 0 0
 0 0 0 0 0
 0 0 0 0 0
 0 0 0 0 0
 0 0 0 0 0
 0 0 0 0 0
 0 0 0 0 0
 0 0 0 0 0
 0 0 0 0 0
 0 0 0 0 0
 0 0 0 0 0
 0 0 0 0 0
 0 0 0 0 0
 0 0 0 0 0
 0 0 0 0 0
 0 0 0 0 0
 0 0 0 0 0
 0 0 0 0 0
 0 0 0 0 0
 0 0 0 0 0
 0 0 0 0 0
 0 0 0 0 0
 0 0 0 0 0
 0 0 0 0 0
 0 0 0 0 0
 0 0 0 0 0
 0 0 0 0 0
 0 0 0 0 0
 0 0 0 0 0
 0 0 0 0 0
 0 0 0 0 0
 0 0 0 0 0
 0 0 0 0 0
 0 0 0 0 0
 0 0 0 0 0
 0 0 0 0 0
 0 0 0 0 0
 0 0 0 0 0
 0 0 0 0 0
 0 0 0 0 0
 0 0 0 0 0
 0 0 0 0 0
 0 0 0 0 0
 0 0 0 0 0
 0 0 0 0 0
 0 0 0 0 0
 0 0 0 0 0
 0 0 0 0 0
 0 0 0 0 0
 0 0 0 0 0
 0 0 0 0 0
 0 0 0 0 0
 0 0 0 0 0
 0 0 0 0 0
 0 0 0 0 0
 0 0 0 0 0
 0 0 0 0 0
 0 0 0 0 0
 0 0 0 0 0
 0 0 0 0 0
 0 0 0 0 0
 0 0 0 0 0
 0 0 0 0 0
 0 0 0 0 0
 0 0 0 0 0
 3.55419 2.66213 0.320989 -0.260717 1.99437
 2.08559 1.50664 0.299869 -0.247764 1.08874
 1.33254 0.929481 0.278806 -0.234042 0.648625
 0.900256 0.606963 0.258046 -0.219822 0.409459
 0.631806 0.412134 0.237594 -0.205174 0.269037
 0.456144 0.288133 0.217987 -0.190612 0.182167
 0.337432 0.206554 0.200014 -0.176916 0.126571
 0.253388 0.150422 0.182641 -0.163273 0.0894019
 0.192712 0.111025 0.166186 -0.150027 0.0640469
 0.148365 0.0829956 0.151184 -0.137715 0.0464936
 0.115078 0.0625444 0.137039 -0.125864 0.0340447
 0.0906275 0.0478717 0.125184 -0.115836 0.0253284
 0.0714131 0.0366766 0.113559 -0.105801 0.0188689
 0.0561665 0.0280559 0.10212 -0.0957513 0.0140386
 0.0441899 0.021472 0.0914225 -0.0862219 0.0104509
 0.0349315 0.0165115 0.0818813 -0.0776419 0.00781656
 0.0273727 0.01259 0.0723463 -0.0689444 0.00579818
 0.0213572 0.0095575 0.0634819 -0.0607741 0.00428091
 0.016543 0.00720175 0.0551869 -0.0530541 0.00313646
 0.0127446 0.00539378 0.0477195 -0.0460497 0.00228197
 0.0100164 0.00411565 0.0421787 -0.0408445 0.0016884
 0.00766356 0.00305603 0.0362148 -0.0351826 0.00121474
 0.00579923 0.0022415 0.0307765 -0.0299884 0.000861575
 0.00432049 0.00161598 0.0257836 -0.0251924 0.000599068
 0.00332126 0.00120103 0.0222603 -0.0218056 0.000428644
 0.00245521 0.000856188 0.0185264 -0.0181909 0.000292856
 0.00186359 0.000624725 0.0158627 -0.01561 0.000203533
 0.00139493 0.000448594 0.0133862 -0.0131998 0.000138508
 0.0010205 0.000312844 0.0111203 -0.010986 9.0325e-05
 0.000731437 0.000211976 0.00912925 -0.00903437 5.60868e-05
 0.000512164 0.000138443 0.00742544 -0.00735962 3.23276e-05
 0.000362524 8.94112e-05 0.00621815 -0.00617165 1.69896e-05
 0.000249308 5.42942e-05 0.00515002 -0.00511811 6.81369e-06
 0.000164226 2.95664e-05 0.00419348 -0.00417253 3.2678e-07
 0.000107663 1.43101e-05 0.00344686 -0.00343357 -3.15344e-06
 6.42706e-05 3.45291e-06 0.00277984 -0.00277203 -5.26274e-06
 3.76282e-05 -2.14392e-06 0.00225136 -0.00224727 -5.81812e-06
 1.87349e-05 -5.30659e-06 0.00176943 -0.00176786 -5.68063e-06
 7.56569e-06 -6.22127e-06 0.00135448 -0.00135444 -4.96205e-06
 -2.53102e-07 -6.78325e-06 0.00104895 -0.00104976 -4.42035e-06
 -4.55266e-06 -6.50706e-06 0.000794731 -0.000795937 -3.73897e-06
 -6.01846e-06 -5.54341e-06 0.000576722 -0.000577984 -2.93539e-06
 -5.94356e-06 -4.40627e-06 0.000406867 -0.000408004 -2.19759e-06
 -5.29694e-06 -3.40678e-06 0.000285196 -0.000286151 -1.61701e-06
 -4.60899e-06 -2.64787e-06 0.000200799 -0.000201577 -1.20047e-06
 -4.06303e-06 -2.12123e-06 0.000145404 -0.00014605 -9.19863e-07
 -3.35403e-06 -1.63109e-06 0.000103505 -0.000104024 -6.81119e-07
 -2.43321e-06 -1.12391e-06 6.77562e-05 -6.81319e-05 -4.55261e-07
 -1.57016e-06 -6.96806e-07 4.06448e-05 -4.08899e-05 -2.75102e-07
 -9.41937e-07 -4.02276e-07 2.26065e-05 -2.27543e-05 -1.5484e-07
 -4.81799e-07 -1.99729e-07 1.10205e-05 -1.10972e-05 -7.52712e-08
 -2.16076e-07 -8.72663e-08 4.76376e-06 -4.79869e-06 -3.22589e-08
 -7.24594e-08 -2.8385e-08 1.49361e-06 -1.50528e-06 -1.02672e-08
 -1.3551e-08 -5.18617e-09 2.61516e-07 -2.63588e-07 -1.84613e-09
 -2.80202e-09 -1.04009e-09 4.99758e-08 -5.04056e-08 -3.6193e-10
 0 0 0 0 0
 0 0 0 0 0
 0 0 0 0 0
 0 0 0 0 0
 0 0 0 0 0
 0 0 0 0 0
 0 0 0 0 0
 0 0 0 0 0
 0 0 0 0 0
 0 0 0 0 0
 0 0 0 0 0
 0 0 0 0 0
 0 0 0 0 0
 0 0 0 0 0
 0 0 0 0 0
 0 0 0 0 0
 0 0 0 0 0
 0 0 0 0 0
 0 0 0 0 0
 0 0 0 0 0
 0 0 0 0 0
 0 0 0 0 0
 0 0 0 0 0
 0 0 0 0 0
 0 0 0 0 0
 0 0 0 0 0
 0 0 0 0 0
 0 0 0 0 0
 0 0 0 0 0
 0 0 0 0 0
 0 0 0 0 0
 0 0 0 0 0
 0 0 0 0 0
 0 0 0 0 0
 0 0 0 0 0
 0 0 0 0 0
 0 0 0 0 0
 0 0 0 0 0
 0 0 0 0 0
 0 0 0 0 0
 0 0 0 0 0
 0 0 0 0 0
 0 0 0 0 0
 0 0 0 0 0
 0 0 0 0 0
 0 0 0 0 0
 0 0 0 0 0
 0 0 0 0 0
 0 0 0 0 0
 0 0 0 0 0
 0 0 0 0 0
 0 0 0 0 0
 0 0 0 0 0
 0 0 0 0 0
 0 0 0 0 0
 0 0 0 0 0
 0 0 0 0 0
 0 0 0 0 0
 0 0 0 0 0
 0 0 0 0 0
 0 0 0 0 0
 0 0 0 0 0
 0 0 0 0 0
 0 0 0 0 0
 0 0 0 0 0
 0 0 0 0 0
 0 0 0 0 0
 4.93166 3.7758 0.401306 -0.330053 2.89134
 2.8536 2.10966 0.376391 -0.314616 1.56009
 1.81853 1.29948 0.35377 -0.300069 0.928944
 1.22697 0.848306 0.330064 -0.283834 0.586816
 0.861806 0.577039 0.306311 -0.266789 0.386632
 0.622966 0.404316 0.282777 -0.249223 0.26263
 0.460119 0.289695 0.259841 -0.23153 0.182578
 0.345392 0.211113 0.237729 -0.213977 0.129189
 0.26326 0.156304 0.217388 -0.197482 0.0929256
 0.20186 0.116501 0.197058 -0.18056 0.0673375
 0.156317 0.0877381 0.178471 -0.164824 0.0493254
 0.121792 0.0665175 0.161049 -0.149817 0.0363922
 0.096035 0.0510514 0.146129 -0.136833 0.0271886
 0.075435 0.0390483 0.131059 -0.123474 0.0202514
 0.0601621 0.0303306 0.118928 -0.112655 0.0153216
 0.0478615 0.0235064 0.1071 -0.101963 0.0115684
 0.0378906 0.0181305 0.0955881 -0.0914275 0.00869269
 0.029906 0.0139447 0.0846844 -0.0813481 0.00651437
 0.0236068 0.0107234 0.0749419 -0.0722738 0.00487891
 0.0184706 0.00817306 0.0655913 -0.0634844 0.003621
 0.014332 0.00617554 0.05689 -0.0552435 0.00266295
 0.011022 0.00462207 0.0488983 -0.0476259 0.00193823
 0.00858669 0.00349952 0.0426792 -0.0416835 0.0014244
 0.00655194 0.00259374 0.0364324 -0.0356738 0.00102374
 0.00493729 0.00189564 0.0307732 -0.0302034 0.000723862
 0.00365779 0.00135952 0.0256071 -0.0251876 0.00050078
 0.00272923 0.000979981 0.0215016 -0.0211919 0.000346999
 0.00202553 0.000701619 0.0179398 -0.0177144 0.000238087
 0.00147469 0.000490069 0.014797 -0.0146365 0.000157812
 0.00111389 0.000354597 0.0126298 -0.0125128 0.000107855
 0.000803906 0.000243043 0.0104171 -0.0103356 6.85625e-05
 0.000566691 0.000160923 0.00849169 -0.0084365 4.09448e-05
 0.000387842 0.000101228 0.00688769 -0.006851 2.17817e-05
 0.000265277 6.15719e-05 0.00570743 -0.00568337 9.58375e-06
 0.000174847 3.41989e-05 0.00465301 -0.0046382 1.9441e-06
 0.000109241 1.57989e-05 0.0037283 -0.00372006 -2.57284e-06
 6.60656e-05 4.46761e-06 0.00303856 -0.00303463 -4.99909e-06
 3.48954e-05 -2.65768e-06 0.00240349 -0.00240244 -6.02793e-06
 1.68537e-05 -5.82509e-06 0.0019116 -0.0019123 -5.95693e-06
 5.41112e-06 -6.92919e-06 0.00146389 -0.00146551 -5.30047e-06
 -1.81628e-06 -7.26756e-06 0.0011238 -0.00112582 -4.65114e-06
 -6.02576e-06 -7.01912e-06 0.000854106 -0.000856206 -3.97749e-06
 -7.40431e-06 -6.06993e-06 0.000625019 -0.000626925 -3.17469e-06
 -6.97062e-06 -4.79549e-06 0.000439546 -0.000441114 -2.37195e-06
 -6.11403e-06 -3.71912e-06 0.000308095 -0.000309343 -1.75398e-06
 -5.10824e-06 -2.83167e-06 0.000214106 -0.000215068 -1.28136e-06
 -4.39963e-06 -2.24153e-06 0.000153155 -0.000153921 -9.72781e-07
 -3.64319e-06 -1.73906e-06 0.000109651 -0.000110259 -7.27681e-07
 -2.68657e-06 -1.22186e-06 7.28331e-05 -7.32744e-05 -4.96242e-07
 -1.71117e-06 -7.5115e-07 4.34743e-05 -4.37565e-05 -2.97866e-07
 -1.0664e-06 -4.51173e-07 2.50106e-05 -2.51855e-05 -1.74471e-07
 -5.50179e-07 -2.26352e-07 1.23008e-05 -1.23918e-05 -8.5755e-08
 -2.40781e-07 -9.68612e-08 5.24543e-06 -5.28584e-06 -3.606e-08
 -9.40231e-08 -3.67078e-08 1.90528e-06 -1.92096e-06 -1.33699e-08
 -1.50083e-08 -5.74366e-09 2.8753e-07 -2.89899e-07 -2.06231e-09
 -4.17481e-09 -1.55239e-09 7.39494e-08 -7.461e-08 -5.45325e-10
 0 0 0 0 0
 0 0 0 0 0
 0 0 0 0 0
 0 0 0 0 0
 0 0 0 0 0
 0 0 0 0 0
 0 0 0 0 0
 0 0 0 0 0
 0 0 0 0 0
 0 0 0 0 0
 0 0 0 0 0
 0 0 0 0 0
 0 0 0 0 0
 0 0 0 0 0
 0 0 0 0 0
 0 0 0 0 0
 0 0 0 0 0
 0 0 0 0 0
 0 0 0 0 0
 0 0 0 0 0
 0 0 0 0 0
 0 0 0 0 0
 0 0 0 0 0
 0 0 0 0 0
 0 0 0 0 0
 0 0 0 0 0
 0 0 0 0 0
 0 0 0 0 0
 0 0 0 0 0
 0 0 0 0 0
 0 0 0 0 0
 0 0 0 0 0
 0 0 0 0 0
 0 0 0 0 0
 0 0 0 0 0
 0 0 0 0 0
 0 0 0 0 0
 0 0 0 0 0
 0 0 0 0 0
 0 0 0 0 0
 0 0 0 0 0
 0 0 0 0 0
 0 0 0 0 0
 0 0 0 0 0
 0 0 0 0 0
 0 0 0 0 0
 0 0 0 0 0
 0 0 0 0 0
 0 0 0 0 0
 0 0 0 0 0
 0 0 0 0 0
 0 0 0 0 0
 0 0 0 0 0
 0 0 0 0 0
 0 0 0 0 0
 0 0 0 0 0
 0 0 0 0 0
 0 0 0 0 0
 0 0 0 0 0
 0 0 0 0 0
 0 0 0 0 0
 0 0 0 0 0
 0 0 0 0 0
 0 0 0 0 0
 0 0 0 0 0
 0 0 0 0 0
 6.55981 5.12002 0.485849 -0.403484 3.99684
 3.72967 2.81399 0.455386 -0.384204 2.12364
 2.34427 1.71151 0.426077 -0.364726 1.24999
 1.57039 1.1105 0.397259 -0.344633 0.785675
 1.10866 0.759906 0.373518 -0.327863 0.521185
 0.803969 0.534608 0.34781 -0.308709 0.355772
 0.596046 0.384813 0.3222 -0.288942 0.248677
 0.449182 0.281769 0.296888 -0.268799 0.176953
 0.342598 0.20896 0.272019 -0.248473 0.127618
 0.264148 0.156742 0.248472 -0.228817 0.0931475
 0.204998 0.118412 0.225741 -0.209448 0.0685125
 0.160353 0.0902044 0.204757 -0.191291 0.0508366
 0.125476 0.0687825 0.184003 -0.173004 0.0377793
 0.0991875 0.0529933 0.166169 -0.157141 0.0283723
 0.0784975 0.0408914 0.149281 -0.141924 0.0213481
 0.0622906 0.0316492 0.133739 -0.127771 0.0161173
 0.0499545 0.0247559 0.120862 -0.115973 0.0122972
 0.0399129 0.0192971 0.108364 -0.104399 0.00935212
 0.0317338 0.0149682 0.0963988 -0.0932169 0.00707687
 0.0250571 0.0115328 0.0848638 -0.0823444 0.00532011
 0.0198407 0.00890569 0.0749675 -0.0729681 0.00400541
 0.0155376 0.00679975 0.0654487 -0.0638837 0.00298062
 0.0120461 0.00513812 0.0565214 -0.0553132 0.00219401
 0.0092425 0.00383994 0.0483111 -0.0473912 0.00159585
 0.00702275 0.00283986 0.0408868 -0.0401969 0.00114737
 0.00542345 0.00213007 0.0353601 -0.0348337 0.000834237
 0.00405944 0.00154662 0.0296519 -0.0292649 0.000586031
 0.002982 0.00109981 0.0244642 -0.0241864 0.000401836
 0.00219835 0.00078305 0.0203046 -0.0201061 0.000274788
 0.00161041 0.000552919 0.0167474 -0.0166081 0.00018562
 0.00115533 0.000379714 0.0136728 -0.0135775 0.000120452
 0.000845781 0.000264859 0.0114276 -0.0113621 7.85475e-05
 0.000608992 0.000180364 0.00946106 -0.00941756 4.91051e-05
 0.000419253 0.000115085 0.00768669 -0.00765925 2.73185e-05
 0.000277219 6.82712e-05 0.0061825 -0.00616627 1.25421e-05
 0.000181847 3.81043e-05 0.00505516 -0.00504644 3.55386e-06
 0.000113858 1.81973e-05 0.004067 -0.00406343 -1.69624e-06
 6.461e-05 4.89129e-06 0.00320946 -0.00320921 -4.71771e-06
 3.43787e-05 -2.45512e-06 0.00257961 -0.00258135 -5.98656e-06
 1.35484e-05 -6.53056e-06 0.00199642 -0.00199919 -6.17821e-06
 3.24849e-06 -7.51556e-06 0.00155321 -0.00155636 -5.54701e-06
 -3.47483e-06 -7.67588e-06 0.00117851 -0.00118161 -4.81249e-06
 -7.43531e-06 -7.425e-06 0.000897956 -0.000900844 -4.14799e-06
 -8.64269e-06 -6.47269e-06 0.0006598 -0.000662269 -3.34664e-06
 -7.85581e-06 -5.08654e-06 0.000462591 -0.000464527 -2.49614e-06
 -6.78612e-06 -3.94644e-06 0.000323781 -0.000325274 -1.85049e-06
 -5.51851e-06 -2.96544e-06 0.00022305 -0.000224163 -1.33858e-06
 -4.66875e-06 -2.32781e-06 0.000158273 -0.000159136 -1.01018e-06
 -3.85436e-06 -1.81054e-06 0.000113319 -0.000113996 -7.58688e-07
 -2.86139e-06 -1.28494e-06 7.5795e-05 -7.62863e-05 -5.23112e-07
 -1.80731e-06 -7.85963e-07 4.50895e-05 -4.53995e-05 -3.12832e-07
 -1.14586e-06 -4.81299e-07 2.63634e-05 -2.65579e-05 -1.86947e-07
 -5.91269e-07 -2.41948e-07 1.29839e-05 -1.30848e-05 -9.21394e-08
 -2.56767e-07 -1.02948e-07 5.52039e-06 -5.56472e-06 -3.85649e-08
 -1.06594e-07 -4.15423e-08 2.13141e-06 -2.1497e-06 -1.52339e-08
 -1.57707e-08 -6.03646e-09 2.99548e-07 -3.02103e-07 -2.18424e-09
 -4.90886e-09 -1.82873e-09 8.6255e-08 -8.70531e-08 -6.47906e-10
 0 0 0 0 0
 0 0 0 0 0
 0 0 0 0 0
 0 0 0 0 0
 0 0 0 0 0
 0 0 0 0 0
 0 0 0 0 0
 0 0 0 0 0
 0 0 0 0 0
 0 0 0 0 0
 0 0 0 0 0
 0 0 0 0 0
 0 0 0 0 0
 0 0 0 0 0
 0 0 0 0 0
 0 0 0 0 0
 0 0 0 0 0
 0 0 0 0 0
 0 0 0 0 0
 0 0 0 0 0
 0 0 0 0 0
 0 0 0 0 0
 0 0 0 0 0
 0 0 0 0 0
 0 0 0 0 0
 0 0 0 0 0
 0 0 0 0 0
 0 0 0 0 0
 0 0 0 0 0
 0 0 0 0 0
 0 0 0 0 0
 0 0 0 0 0
 0 0 0 0 0
 0 0 0 0 0
 0 0 0 0 0
 0 0 0 0 0
 0 0 0 0 0
 0 0 0 0 0
 0 0 0 0 0
 0 0 0 0 0
 0 0 0 0 0
 0 0 0 0 0
 0 0 0 0 0
 0 0 0 0 0
 0 0 0 0 0
 0 0 0 0 0
 0 0 0 0 0
 0 0 0 0 0
 0 0 0 0 0
 0 0 0 0 0
 0 0 0 0 0
 0 0 0 0 0
 0 0 0 0 0
 0 0 0 0 0
 0 0 0 0 0
 0 0 0 0 0
 0 0 0 0 0
 0 0 0 0 0
 0 0 0 0 0
 0 0 0 0 0
 0 0 0 0 0
 0 0 0 0 0
 0 0 0 0 0
 0 0 0 0 0
 0 0 0 0 0
 8.34825 6.62856 0.565754 -0.473789 5.26386
 4.68331 3.59806 0.532702 -0.452922 2.76489
 2.91661 2.17032 0.499206 -0.430455 1.61551
 1.94572 1.40364 0.467115 -0.408001 1.01304
 1.36097 0.952644 0.436289 -0.385601 0.667212
 0.984094 0.668925 0.406178 -0.362905 0.455024
 0.733644 0.484557 0.380049 -0.342851 0.320331
 0.556657 0.357483 0.354064 -0.322276 0.229824
 0.427134 0.266902 0.327378 -0.300484 0.166991
 0.330815 0.201269 0.300949 -0.278371 0.122632
 0.258079 0.152969 0.275184 -0.256365 0.0908187
 0.202734 0.117121 0.250915 -0.235289 0.0677881
 0.15966 0.0899512 0.227185 -0.214332 0.0507812
 0.126436 0.06949 0.205459 -0.194912 0.0382767
 0.0999906 0.0536392 0.184124 -0.175573 0.0288423
 0.0796588 0.0417138 0.165605 -0.158649 0.0218981
 0.0634856 0.0324614 0.148291 -0.14267 0.0166412
 0.0506408 0.0252922 0.132283 -0.127769 0.0126659
 0.0407666 0.0198852 0.119044 -0.115385 0.00972638
 0.0326851 0.0155741 0.106341 -0.103403 0.00744175
 0.0260564 0.0121263 0.0943181 -0.0919831 0.00565906
 0.0206043 0.009367 0.0827281 -0.0808994 0.00426971
 0.0163158 0.007239 0.0728938 -0.0714563 0.00321954
 0.0127523 0.005521 0.0633112 -0.0622017 0.00239512
 0.00985625 0.00416217 0.0543485 -0.053506 0.00176022
 0.00752875 0.00309901 0.0461228 -0.0454938 0.00127641
 0.00574541 0.00230176 0.0392286 -0.0387613 0.000921431
 0.00436194 0.00169791 0.0333109 -0.0329668 0.000659044
 0.00323129 0.00122027 0.0276314 -0.0273864 0.000458162
 0.00234515 0.000857169 0.0225248 -0.0223554 0.000310139
 0.00170851 0.000602556 0.0185137 -0.0183977 0.000209019
 0.00123479 0.000418929 0.0151318 -0.0150544 0.000138524
 0.000889938 0.000288469 0.0124531 -0.0124026 8.97663e-05
 0.000638644 0.000196225 0.0102999 -0.0102682 5.64816e-05
 0.000441602 0.000126569 0.00838263 -0.00836431 3.24348e-05
 0.000293386 7.61619e-05 0.00676469 -0.00675556 1.58577e-05
 0.000184837 4.13263e-05 0.00534199 -0.00533895 5.26063e-06
 0.00011458 1.97469e-05 0.00431483 -0.0043156 -8.86006e-07
 6.56863e-05 5.98874e-06 0.00343156 -0.00343459 -4.24966e-06
 3.12624e-05 -2.67056e-06 0.00265576 -0.00265991 -5.89109e-06
 1.21436e-05 -6.66869e-06 0.00210483 -0.00210944 -6.21791e-06
 1.07239e-07 -8.20275e-06 0.00158701 -0.00159143 -5.73476e-06
 -5.04517e-06 -8.00113e-06 0.00121976 -0.00122378 -4.91842e-06
 -8.79956e-06 -7.73812e-06 0.000923669 -0.0009272 -4.25485e-06
 -9.70575e-06 -6.75669e-06 0.000681281 -0.000684212 -3.45522e-06
 -8.58556e-06 -5.28458e-06 0.000476253 -0.000478483 -2.57334e-06
 -7.30538e-06 -4.09252e-06 0.000332473 -0.000334155 -1.90861e-06
 -5.83045e-06 -3.04917e-06 0.000227674 -0.000228899 -1.37246e-06
 -4.87671e-06 -2.38509e-06 0.000161099 -0.000162038 -1.03427e-06
 -3.98837e-06 -1.84742e-06 0.000114629 -0.000115356 -7.74888e-07
 -2.96004e-06 -1.31518e-06 7.67744e-05 -7.72988e-05 -5.36551e-07
 -1.85754e-06 -8.0135e-07 4.55232e-05 -4.5851e-05 -3.19976e-07
 -1.18263e-06 -4.93904e-07 2.6747e-05 -2.69533e-05 -1.92632e-07
 -6.06809e-07 -2.47323e-07 1.31224e-05 -1.32285e-05 -9.465e-08
 -2.62606e-07 -1.05012e-07 5.5716e-06 -5.61799e-06 -3.95591e-08
 -1.10861e-07 -4.31664e-08 2.18996e-06 -2.20944e-06 -1.59308e-08
 -1.58936e-08 -6.08581e-09 2.98906e-07 -3.01538e-07 -2.2175e-09
 -5.06312e-09 -1.88989e-09 8.81494e-08 -8.89919e-08 -6.748e-10
 0 0 0 0 0
 0 0 0 0 0
 0 0 0 0 0
 0 0 0 0 0
 0 0 0 0 0
 0 0 0 0 0
 0 0 0 0 0
 0 0 0 0 0
 0 0 0 0 0
 0 0 0 0 0
 0 0 0 0 0
 0 0 0 0 0
 0 0 0 0 0
 0 0 0 0 0
 0 0 0 0 0
 0 0 0 0 0
 0 0 0 0 0
 0 0 0 0 0
 0 0 0 0 0
 0 0 0 0 0
 0 0 0 0 0
 0 0 0 0 0
 0 0 0 0 0
 0 0 0 0 0
 0 0 0 0 0
 0 0 0 0 0
 0 0 0 0 0
 0 0 0 0 0
 0 0 0 0 0
 0 0 0 0 0
 0 0 0 0 0
 0 0 0 0 0
 0 0 0 0 0
 0 0 0 0 0
 0 0 0 0 0
 0 0 0 0 0
 0 0 0 0 0
 0 0 0 0 0
 0 0 0 0 0
 0 0 0 0 0
 0 0 0 0 0
 0 0 0 0 0
 0 0 0 0 0
 0 0 0 0 0
 0 0 0 0 0
 0 0 0 0 0
 0 0 0 0 0
 0 0 0 0 0
 0 0 0 0 0
 0 0 0 0 0
 0 0 0 0 0
 0 0 0 0 0
 0 0 0 0 0
 0 0 0 0 0
 0 0 0 0 0
 0 0 0 0 0
 0 0 0 0 0
 0 0 0 0 0
 0 0 0 0 0
 0 0 0 0 0
 0 0 0 0 0
 0 0 0 0 0
 0 0 0 0 0
 0 0 0 0 0
 10.1744 8.20387 0.632762 -0.534012 6.61575
 5.64401 4.40735 0.599941 -0.513676 3.44233
 3.49644 2.6468 0.565711 -0.490937 2.00421
 2.32621 1.70857 0.532113 -0.467525 1.25544
 1.62226 1.1571 0.498016 -0.442616 0.825763
 1.17272 0.812925 0.465352 -0.417946 0.563902
 0.870713 0.587015 0.434014 -0.393561 0.396091
 0.660594 0.433418 0.404686 -0.370176 0.284661
 0.510471 0.326106 0.378051 -0.348536 0.208582
 0.3979 0.247661 0.350618 -0.325619 0.154368
 0.312516 0.189626 0.323503 -0.302474 0.115246
 0.246704 0.146012 0.296671 -0.279127 0.086575
 0.195494 0.112916 0.270507 -0.255985 0.0653531
 0.155607 0.087745 0.246029 -0.234051 0.0495892
 0.123903 0.0682419 0.222163 -0.212379 0.0376774
 0.0989875 0.0532654 0.200236 -0.192273 0.0287373
 0.0788719 0.041485 0.178821 -0.172421 0.0218809
 0.0632319 0.0325096 0.160339 -0.155179 0.0167629
 0.0506529 0.0254627 0.143064 -0.138934 0.0128384
 0.0405874 0.0199529 0.127274 -0.123986 0.00983931
 0.0328013 0.0157666 0.114269 -0.111629 0.00760256
 0.0263758 0.0123973 0.101858 -0.0997569 0.00584584
 0.0210266 0.00966325 0.0898631 -0.0882163 0.00445516
 0.016623 0.00746856 0.078565 -0.07729 0.00336604
 0.0131403 0.00576529 0.0689731 -0.0679844 0.00253667
 0.0102317 0.00438339 0.0595327 -0.0587838 0.00188246
 0.00786644 0.00328947 0.0507013 -0.0501454 0.00137804
 0.00596883 0.00243422 0.0426612 -0.0422568 0.000993631
 0.00455544 0.00180777 0.036346 -0.0360513 0.000716888
 0.0034029 0.00131212 0.0303625 -0.0301546 0.000504411
 0.00249147 0.000931506 0.0249319 -0.0247902 0.000346034
 0.00177912 0.000643462 0.0200111 -0.0199189 0.000230079
 0.00127982 0.000445796 0.0163151 -0.016256 0.000152331
 0.00091085 0.000304506 0.0131886 -0.0131529 9.87519e-05
 0.000651281 0.000206611 0.0109214 -0.0109011 6.22653e-05
 0.000454703 0.000135334 0.00894994 -0.00894012 3.69038e-05
 0.000303028 8.2295e-05 0.00724244 -0.00723981 1.88351e-05
 0.000191547 4.53518e-05 0.00574142 -0.00574333 7.09356e-06
 0.000116733 2.17847e-05 0.00457965 -0.00458421 1.26603e-07
 6.3325e-05 6.31781e-06 0.00354869 -0.00355451 -3.85632e-06
 3.04842e-05 -2.36316e-06 0.00279152 -0.00279779 -5.6987e-06
 1.02102e-05 -6.81481e-06 0.00217146 -0.00217758 -6.18022e-06
 -1.46461e-06 -8.42131e-06 0.00163844 -0.00164394 -5.77282e-06
 -6.58556e-06 -8.25813e-06 0.00124299 -0.00124773 -4.97108e-06
 -9.94013e-06 -7.94119e-06 0.000938294 -0.000942331 -4.30561e-06
 -1.05715e-05 -6.927e-06 0.000689956 -0.000693231 -3.50479e-06
 -9.147e-06 -5.39329e-06 0.000480897 -0.000483337 -2.6064e-06
 -7.66744e-06 -4.16158e-06 0.000334534 -0.000336345 -1.93076e-06
 -6.03795e-06 -3.0836e-06 0.000228111 -0.000229411 -1.38368e-06
 -4.99738e-06 -2.40271e-06 0.000160813 -0.000161798 -1.04075e-06
 -4.04731e-06 -1.85186e-06 0.000113749 -0.000114503 -7.77194e-07
 -2.98604e-06 -1.31487e-06 7.59375e-05 -7.64781e-05 -5.37419e-07
 -1.86424e-06 -7.98719e-07 4.48794e-05 -4.52153e-05 -3.19806e-07
 -1.17963e-06 -4.90396e-07 2.62591e-05 -2.64691e-05 -1.91991e-07
 -5.98846e-07 -2.43369e-07 1.27757e-05 -1.28826e-05 -9.357e-08
 -2.59121e-07 -1.03407e-07 5.42349e-06 -5.47014e-06 -3.91525e-08
 -1.07608e-07 -4.18877e-08 2.10117e-06 -2.12048e-06 -1.55515e-08
 -1.54393e-08 -5.91523e-09 2.87123e-07 -2.89728e-07 -2.16903e-09
 -4.70188e-09 -1.75864e-09 8.1015e-08 -8.18144e-08 -6.32425e-10
 0 0 0 0 0
 0 0 0 0 0
 0 0 0 0 0
 0 0 0 0 0
 0 0 0 0 0
 0 0 0 0 0
 0 0 0 0 0
 0 0 0 0 0
 0 0 0 0 0
 0 0 0 0 0
 0 0 0 0 0
 0 0 0 0 0
 0 0 0 0 0
 0 0 0 0 0
 0 0 0 0 0
 0 0 0 0 0
 0 0 0 0 0
 0 0 0 0 0
 0 0 0 0 0
 0 0 0 0 0
 0 0 0 0 0
 0 0 0 0 0
 0 0 0 0 0
 0 0 0 0 0
 0 0 0 0 0
 0 0 0 0 0
 0 0 0 0 0
 0 0 0 0 0
 0 0 0 0 0
 0 0 0 0 0
 0 0 0 0 0
 0 0 0 0 0
 0 0 0 0 0
 0 0 0 0 0
 0 0 0 0 0
 0 0 0 0 0
 0 0 0 0 0
 0 0 0 0 0
 0 0 0 0 0
 0 0 0 0 0
 0 0 0 0 0
 0 0 0 0 0
 0 0 0 0 0
 0 0 0 0 0
 0 0 0 0 0
 0 0 0 0 0
 0 0 0 0 0
 0 0 0 0 0
 0 0 0 0 0
 0 0 0 0 0
 0 0 0 0 0
 0 0 0 0 0
 0 0 0 0 0
 0 0 0 0 0
 0 0 0 0 0
 0 0 0 0 0
 0 0 0 0 0
 0 0 0 0 0
 0 0 0 0 0
 0 0 0 0 0
 0 0 0 0 0
 0 0 0 0 0
 0 0 0 0 0
 11.9848 9.79837 0.686475 -0.583353 8.01162
 6.55869 5.19767 0.652937 -0.562717 4.11981
 4.04578 3.11065 0.620177 -0.541389 2.39231
 2.68788 2.00672 0.587139 -0.518653 1.49874
 1.87528 1.36062 0.552904 -0.493821 0.9877
 1.35718 0.957681 0.519545 -0.46873 0.676219
 1.00701 0.691619 0.485396 -0.442042 0.475387
 0.763644 0.510809 0.452928 -0.41601 0.342021
 0.588763 0.383807 0.42182 -0.390472 0.250488
 0.460735 0.292851 0.393151 -0.366499 0.186394
 0.364946 0.226265 0.366832 -0.344142 0.140504
 0.290209 0.175608 0.339549 -0.320437 0.106452
 0.231636 0.136869 0.312398 -0.296433 0.081035
 0.185316 0.106977 0.285628 -0.272403 0.061892
 0.148579 0.0838294 0.259881 -0.249002 0.0474124
 0.11935 0.065835 0.235575 -0.226674 0.0364118
 0.0957387 0.0516557 0.21188 -0.204676 0.0279504
 0.0769806 0.0406337 0.190304 -0.184493 0.0215133
 0.0618556 0.0319498 0.170107 -0.165456 0.0165554
 0.0496634 0.0251102 0.151286 -0.147593 0.0127381
 0.0399479 0.0197708 0.134611 -0.131684 0.00981844
 0.0323432 0.0156677 0.120521 -0.11819 0.00761663
 0.0261474 0.0123989 0.107596 -0.105749 0.00590079
 0.0209831 0.00973788 0.0953094 -0.0938644 0.00453574
 0.0167047 0.00758594 0.0837162 -0.0825994 0.0034575
 0.0132001 0.00586351 0.073035 -0.0721812 0.00261382
 0.0103782 0.00450431 0.0636575 -0.06301 0.00196127
 0.00803306 0.00340642 0.0544983 -0.0540201 0.00144852
 0.00613529 0.00254014 0.0460787 -0.0457336 0.00105387
 0.00460765 0.00186159 0.0382908 -0.0380492 0.000752975
 0.00349878 0.00137435 0.032586 -0.0324161 0.000539403
 0.00257766 0.000983569 0.0268636 -0.0267506 0.000373991
 0.00185669 0.000686419 0.0217434 -0.0216719 0.000251862
 0.00132799 0.000473974 0.0175839 -0.0175411 0.000166865
 0.000942294 0.000323414 0.0141744 -0.0141511 0.000108487
 0.000650375 0.000212514 0.0113119 -0.0113014 6.6725e-05
 0.000453271 0.000139135 0.009304 -0.00930169 3.97743e-05
 0.000306483 8.65469e-05 0.00760963 -0.00761269 2.13382e-05
 0.00019388 4.81807e-05 0.00604646 -0.00605264 8.6895e-06
 0.000113933 2.2669e-05 0.0046826 -0.0046902 1.00791e-06
 6.285e-05 7.134e-06 0.00370294 -0.0037111 -3.33135e-06
 2.88853e-05 -2.17889e-06 0.00288157 -0.00288953 -5.46692e-06
 7.4225e-06 -7.02419e-06 0.00216811 -0.00217529 -6.05895e-06
 -2.93759e-06 -8.53506e-06 0.00166737 -0.00167369 -5.73695e-06
 -8.57169e-06 -8.54381e-06 0.00122298 -0.00122819 -4.97897e-06
 -1.09232e-05 -8.05081e-06 0.000938231 -0.000942619 -4.30324e-06
 -1.12537e-05 -6.99081e-06 0.00068425 -0.000687737 -3.49763e-06
 -9.52969e-06 -5.41585e-06 0.000477034 -0.000479602 -2.59801e-06
 -7.87125e-06 -4.15812e-06 0.000330456 -0.000332336 -1.91959e-06
 -6.14495e-06 -3.07319e-06 0.000224723 -0.000226061 -1.37451e-06
 -5.03298e-06 -2.38346e-06 0.000157682 -0.000158688 -1.031e-06
 -4.03446e-06 -1.82623e-06 0.000110883 -0.000111646 -7.66662e-07
 -2.944e-06 -1.28655e-06 7.34806e-05 -7.40225e-05 -5.26713e-07
 -1.83042e-06 -7.79606e-07 4.32788e-05 -4.36138e-05 -3.12911e-07
 -1.14026e-06 -4.72314e-07 2.50089e-05 -2.52155e-05 -1.85568e-07
 -5.69682e-07 -2.3105e-07 1.20095e-05 -1.21131e-05 -8.92263e-08
 -2.47233e-07 -9.85125e-08 5.10299e-06 -5.14826e-06 -3.7473e-08
 -9.76862e-08 -3.80356e-08 1.88682e-06 -1.90468e-06 -1.42012e-08
 -1.44746e-08 -5.54986e-09 2.65839e-07 -2.68326e-07 -2.04689e-09
 -3.89297e-09 -1.45919e-09 6.631e-08 -6.69856e-08 -5.28203e-10
 0 0 0 0 0
 0 0 0 0 0
 0 0 0 0 0
 0 0 0 0 0
 0 0 0 0 0
 0 0 0 0 0
 0 0 0 0 0
 0 0 0 0 0
 0 0 0 0 0
 0 0 0 0 0
 0 0 0 0 0
 0 0 0 0 0
 0 0 0 0 0
 0 0 0 0 0
 0 0 0 0 0
 0 0 0 0 0
 0 0 0 0 0
 0 0 0 0 0
 0 0 0 0 0
 0 0 0 0 0
 0 0 0 0 0
 0 0 0 0 0
 0 0 0 0 0
 0 0 0 0 0
 0 0 0 0 0
 0 0 0 0 0
 0 0 0 0 0
 0 0 0 0 0
 0 0 0 0 0
 0 0 0 0 0
 0 0 0 0 0
 0 0 0 0 0
 0 0 0 0 0
 0 0 0 0 0
 0 0 0 0 0
 0 0 0 0 0
 0 0 0 0 0
 0 0 0 0 0
 0 0 0 0 0
 0 0 0 0 0
 0 0 0 0 0
 0 0 0 0 0
 0 0 0 0 0
 0 0 0 0 0
 0 0 0 0 0
 0 0 0 0 0
 0 0 0 0 0
 0 0 0 0 0
 0 0 0 0 0
 0 0 0 0 0
 0 0 0 0 0
 0 0 0 0 0
 0 0 0 0 0
 0 0 0 0 0
 0 0 0 0 0
 0 0 0 0 0
 0 0 0 0 0
 0 0 0 0 0
 0 0 0 0 0
 0 0 0 0 0
 0 0 0 0 0
 0 0 0 0 0
 13.7207 11.3589 0.725994 -0.62079 9.4045
 7.41819 5.95782 0.694081 -0.601626 4.78571
 4.54891 3.54731 0.662256 -0.58123 2.76692
 3.01436 2.28427 0.6298 -0.559116 1.73162
 2.10633 1.55227 0.597651 -0.536179 1.1445
 1.52593 1.09446 0.56435 -0.511263 0.785469
 1.13646 0.793856 0.531282 -0.485635 0.554959
 0.863412 0.587797 0.49782 -0.458827 0.400534
 0.665862 0.442085 0.464103 -0.431033 0.293836
 0.521887 0.338088 0.433389 -0.405284 0.219304
 0.412372 0.260813 0.402384 -0.378689 0.165204
 0.330709 0.204261 0.376391 -0.356207 0.126377
 0.265935 0.160484 0.3494 -0.332387 0.097035
 0.214507 0.126529 0.322717 -0.308474 0.0747969
 0.173136 0.0998725 0.295869 -0.284064 0.0577491
 0.139842 0.07892 0.269624 -0.259923 0.0446559
 0.113013 0.0624184 0.244546 -0.236626 0.034573
 0.0913519 0.0493924 0.220808 -0.214388 0.0267878
 0.0737469 0.0390476 0.198136 -0.192979 0.0207427
 0.0594964 0.0308582 0.176951 -0.172842 0.0160602
 0.0479864 0.0243827 0.157561 -0.154307 0.012434
 0.0386568 0.0192484 0.139634 -0.137079 0.00962019
 0.0313249 0.0152816 0.124598 -0.122581 0.00748369
 0.0254272 0.0121524 0.111358 -0.109769 0.00583097
 0.0205586 0.00962531 0.099095 -0.0978525 0.00452483
 0.0164673 0.00755112 0.0873688 -0.0864113 0.00347683
 0.0130697 0.00586793 0.0763631 -0.0756362 0.00264532
 0.0103256 0.00453457 0.0667006 -0.0661537 0.00199917
 0.00803963 0.0034528 0.0573508 -0.0569501 0.00148822
 0.00617221 0.00259111 0.0486255 -0.0483398 0.00109113
 0.00466631 0.00191306 0.0406779 -0.0404803 0.000786131
 0.00350786 0.00140171 0.0340298 -0.0338968 0.000560652
 0.00261143 0.00101476 0.0283573 -0.0282711 0.000393851
 0.00189252 0.000713606 0.0230737 -0.0230221 0.000267883
 0.00133444 0.000486973 0.0183229 -0.0182953 0.000176062
 0.000942081 0.000330986 0.0147273 -0.014715 0.000114306
 0.000655131 0.0002203 0.0117654 -0.0117629 7.1915e-05
 0.0004516 0.000143061 0.00959681 -0.00960056 4.28805e-05
 0.00030413 8.88575e-05 0.00786056 -0.00786825 2.32661e-05
 0.000192228 4.97832e-05 0.00625575 -0.00626538 9.97306e-06
 0.000112673 2.36678e-05 0.00485417 -0.00486431 1.79048e-06
 6.08443e-05 7.55463e-06 0.003798 -0.00380796 -2.86283e-06
 2.53986e-05 -2.39542e-06 0.00287732 -0.00288644 -5.25214e-06
 5.79262e-06 -7.032e-06 0.00220129 -0.00220937 -5.92704e-06
 -4.35386e-06 -8.55944e-06 0.00166907 -0.00167593 -5.63177e-06
 -9.56956e-06 -8.55888e-06 0.00121753 -0.00122307 -4.90851e-06
 -1.17242e-05 -8.07013e-06 0.000924469 -0.000929063 -4.25266e-06
 -1.16671e-05 -6.94819e-06 0.000670769 -0.000674369 -3.44362e-06
 -9.72994e-06 -5.35708e-06 0.000465417 -0.000468034 -2.55158e-06
 -7.91869e-06 -4.08697e-06 0.000320834 -0.000322729 -1.87787e-06
 -6.15545e-06 -3.02192e-06 0.000217916 -0.000219259 -1.34704e-06
 -4.98642e-06 -2.33001e-06 0.000152016 -0.000153017 -1.00636e-06
 -3.95408e-06 -1.77307e-06 0.000106267 -0.000107022 -7.44431e-07
 -2.8394e-06 -1.23293e-06 6.96194e-05 -7.01487e-05 -5.05529e-07
 -1.75956e-06 -7.45669e-07 4.08544e-05 -4.11805e-05 -2.9994e-07
 -1.06833e-06 -4.41296e-07 2.31134e-05 -2.331e-05 -1.73966e-07
 -5.21796e-07 -2.11374e-07 1.08925e-05 -1.09889e-05 -8.19781e-08
 -2.27937e-07 -9.07294e-08 4.63861e-06 -4.68101e-06 -3.46614e-08
 -8.1995e-08 -3.19536e-08 1.56944e-06 -1.5847e-06 -1.19957e-08
 -1.30697e-08 -5.01594e-09 2.36764e-07 -2.39051e-07 -1.8599e-09
 -2.70613e-09 -1.01659e-09 4.55174e-08 -4.59977e-08 -3.70242e-10
 0 0 0 0 0
 0 0 0 0 0
 0 0 0 0 0
 0 0 0 0 0
 0 0 0 0 0
 0 0 0 0 0
 0 0 0 0 0
 0 0 0 0 0
 0 0 0 0 0
 0 0 0 0 0
 0 0 0 0 0
 0 0 0 0 0
 0 0 0 0 0
 0 0 0 0 0
 0 0 0 0 0
 0 0 0 0 0
 0 0 0 0 0
 0 0 0 0 0
 0 0 0 0 0
 0 0 0 0 0
 0 0 0 0 0
 0 0 0 0 0
 0 0 0 0 0
 0 0 0 0 0
 0 0 0 0 0
 0 0 0 0 0
 0 0 0 0 0
 0 0 0 0 0
 0 0 0 0 0
 0 0 0 0 0
 0 0 0 0 0
 0 0 0 0 0
 0 0 0 0 0
 0 0 0 0 0
 0 0 0 0 0
 0 0 0 0 0
 0 0 0 0 0
 0 0 0 0 0
 0 0 0 0 0
 0 0 0 0 0
 0 0 0 0 0
 0 0 0 0 0
 0 0 0 0 0
 0 0 0 0 0
 0 0 0 0 0
 0 0 0 0 0
 0 0 0 0 0
 0 0 0 0 0
 0 0 0 0 0
 0 0 0 0 0
 0 0 0 0 0
 0 0 0 0 0
 0 0 0 0 0
 0 0 0 0 0
 0 0 0 0 0
 0 0 0 0 0
 0 0 0 0 0
 0 0 0 0 0
 0 0 0 0 0
 0 0 0 0 0
 0 0 0 0 0
 15.3402 12.8449 0.751638 -0.646406 10.7563
 8.19938 6.66569 0.722894 -0.629869 5.41969
 4.99778 3.94798 0.69265 -0.610859 3.11939
 3.30211 2.53669 0.661212 -0.589673 1.94932
 2.30704 1.72473 0.630669 -0.568159 1.28996
 1.6736 1.2185 0.598734 -0.544488 0.887662
 1.24988 0.886819 0.567178 -0.520243 0.629675
 0.952456 0.659025 0.53437 -0.494077 0.456397
 0.738463 0.498573 0.502339 -0.467861 0.336966
 0.579146 0.381775 0.469529 -0.440266 0.251979
 0.459436 0.295864 0.438082 -0.413311 0.190802
 0.367822 0.231503 0.408058 -0.387144 0.145944
 0.297022 0.182779 0.38019 -0.362525 0.112687
 0.241571 0.145383 0.354561 -0.339624 0.0876787
 0.196518 0.115717 0.328071 -0.315574 0.0682975
 0.159911 0.0921688 0.301568 -0.291207 0.05326
 0.130062 0.0734069 0.275342 -0.266833 0.0415472
 0.105796 0.0584873 0.250258 -0.243314 0.0324321
 0.0859838 0.0465746 0.226212 -0.220592 0.0253106
 0.0697194 0.0370157 0.202985 -0.198486 0.0197213
 0.0565616 0.0294389 0.181727 -0.178144 0.0153787
 0.0458203 0.0233839 0.161918 -0.159089 0.0119798
 0.0370606 0.0185499 0.143561 -0.141348 0.00932206
 0.030008 0.0147304 0.127349 -0.125622 0.00726081
 0.0242639 0.0116825 0.112618 -0.111282 0.0056488
 0.0198452 0.0093655 0.101389 -0.100338 0.00443934
 0.0159836 0.00739394 0.0896769 -0.0888706 0.00343582
 0.0127571 0.0057828 0.0786669 -0.0780581 0.00263327
 0.0100676 0.00447091 0.0682294 -0.0677794 0.00199444
 0.00791138 0.00343729 0.0592789 -0.0589506 0.00149979
 0.00610434 0.00259478 0.0504453 -0.0502146 0.00110729
 0.00463801 0.00192708 0.0423667 -0.0422104 0.000803356
 0.00346441 0.00140613 0.0349767 -0.0348759 0.000572112
 0.00259802 0.00102621 0.0294021 -0.0293398 0.000405606
 0.00189144 0.000726013 0.0240075 -0.0239733 0.000278119
 0.00134078 0.000498804 0.0191619 -0.0191467 0.000184459
 0.000943113 0.000338529 0.0153174 -0.0153142 0.000120017
 0.000653344 0.000224884 0.0121982 -0.0122023 7.56556e-05
 0.00044576 0.000145066 0.00983831 -0.00984688 4.51802e-05
 0.000291729 8.75113e-05 0.00791381 -0.00792487 2.39128e-05
 0.000187067 5.01897e-05 0.00637106 -0.00638331 1.08974e-05
 0.000109051 2.39419e-05 0.00494675 -0.00495874 2.39446e-06
 5.7479e-05 7.57663e-06 0.00383248 -0.00384369 -2.47635e-06
 2.32295e-05 -2.33408e-06 0.00290375 -0.00291374 -4.99217e-06
 3.94946e-06 -7.04544e-06 0.00219899 -0.00220762 -5.75553e-06
 -5.72432e-06 -8.50631e-06 0.00164025 -0.00164739 -5.46393e-06
 -1.04068e-05 -8.50512e-06 0.00119876 -0.00120448 -4.80063e-06
 -1.23235e-05 -8.00181e-06 0.000898262 -0.000902919 -4.15829e-06
 -1.18529e-05 -6.80756e-06 0.000647244 -0.000650844 -3.34363e-06
 -9.74987e-06 -5.22303e-06 0.000446974 -0.00044957 -2.47096e-06
 -7.81581e-06 -3.95382e-06 0.000306368 -0.00030823 -1.80871e-06
 -6.07038e-06 -2.93193e-06 0.000208087 -0.000209407 -1.30259e-06
 -4.86194e-06 -2.24524e-06 0.000144159 -0.000145135 -9.68256e-07
 -3.81128e-06 -1.69509e-06 0.000100158 -0.000100891 -7.117e-07
 -2.67841e-06 -1.15686e-06 6.4585e-05 -6.50894e-05 -4.75041e-07
 -1.65652e-06 -6.99038e-07 3.77628e-05 -3.80731e-05 -2.81743e-07
 -9.67944e-07 -3.99042e-07 2.06935e-05 -2.08743e-05 -1.57826e-07
 -4.57792e-07 -1.85382e-07 9.4945e-06 -9.58044e-06 -7.22056e-08
 -2.03401e-07 -8.09081e-08 4.07769e-06 -4.11613e-06 -3.10333e-08
 -6.42319e-08 -2.50537e-08 1.21328e-06 -1.22539e-06 -9.45294e-09
 -1.12964e-08 -4.34024e-09 2.01615e-07 -2.03629e-07 -1.61739e-09
 -1.21146e-09 -4.56151e-10 2.01017e-08 -2.03216e-08 -1.67081e-10
 0 0 0 0 0
 0 0 0 0 0
 0 0 0 0 0
 0 0 0 0 0
 0 0 0 0 0
 0 0 0 0 0
 0 0 0 0 0
 0 0 0 0 0
 0 0 0 0 0
 0 0 0 0 0
 0 0 0 0 0
 0 0 0 0 0
 0 0 0 0 0
 0 0 0 0 0
 0 0 0 0 0
 0 0 0 0 0
 0 0 0 0 0
 0 0 0 0 0
 0 0 0 0 0
 0 0 0 0 0
 0 0 0 0 0
 0 0 0 0 0
 0 0 0 0 0
 0 0 0 0 0
 0 0 0 0 0
 0 0 0 0 0
 0 0 0 0 0
 0 0 0 0 0
 0 0 0 0 0
 0 0 0 0 0
 0 0 0 0 0
 0 0 0 0 0
 0 0 0 0 0
 0 0 0 0 0
 0 0 0 0 0
 0 0 0 0 0
 0 0 0 0 0
 0 0 0 0 0
 0 0 0 0 0
 0 0 0 0 0
 0 0 0 0 0
 0 0 0 0 0
 0 0 0 0 0
 0 0 0 0 0
 0 0 0 0 0
 0 0 0 0 0
 0 0 0 0 0
 0 0 0 0 0
 0 0 0 0 0
 0 0 0 0 0
 0 0 0 0 0
 0 0 0 0 0
 0 0 0 0 0
 0 0 0 0 0
 0 0 0 0 0
 0 0 0 0 0
 0 0 0 0 0
 0 0 0 0 0
 0 0 0 0 0
 0 0 0 0 0
 16.7993 14.2133 0.763713 -0.6603 12.0262
 8.87681 7.29719 0.738544 -0.646662 5.9994
 5.38405 4.30374 0.711531 -0.630325 3.4409
 3.55313 2.76385 0.683531 -0.612035 2.15054
 2.47839 1.87742 0.653744 -0.591197 1.42275
 1.79969 1.32852 0.623698 -0.569169 0.981231
 1.34578 0.968744 0.593217 -0.545882 0.697806
 1.02971 0.723219 0.563059 -0.522096 0.50838
 0.800363 0.548841 0.53147 -0.496303 0.376739
 0.630756 0.422536 0.500283 -0.470215 0.283384
 0.501927 0.328647 0.468657 -0.443127 0.215483
 0.402491 0.257731 0.437051 -0.415514 0.165294
 0.325896 0.204168 0.407974 -0.389788 0.128136
 0.265081 0.162546 0.379301 -0.364032 0.0998719
 0.217528 0.130576 0.354418 -0.341514 0.0785581
 0.178499 0.10493 0.328929 -0.318123 0.0618362
 0.146421 0.0843187 0.303389 -0.294417 0.0486895
 0.119876 0.0676544 0.27759 -0.270222 0.0382959
 0.0980325 0.0542383 0.25252 -0.246521 0.0301052
 0.0800431 0.0434266 0.228404 -0.223559 0.0236422
 0.0652569 0.0347271 0.205451 -0.201574 0.0185486
 0.0530909 0.0277202 0.183699 -0.180625 0.01453
 0.0431305 0.0221009 0.16342 -0.161006 0.0113713
 0.0350115 0.0176078 0.145029 -0.143146 0.00889294
 0.0284951 0.0140653 0.128934 -0.127469 0.00697325
 0.0231178 0.0112011 0.114047 -0.112918 0.00545183
 0.0188615 0.00896669 0.101868 -0.100994 0.0042827
 0.0153128 0.00714044 0.0907356 -0.0900656 0.00334571
 0.0122814 0.00561628 0.0798169 -0.0793144 0.00258096
 0.00973837 0.00436648 0.0694094 -0.0690419 0.00196754
 0.00767438 0.00336981 0.0603349 -0.0600709 0.00148682
 0.00594761 0.00255709 0.0515151 -0.0513329 0.00110443
 0.00453736 0.00190853 0.0433875 -0.0432674 0.000806113
 0.00339903 0.00139819 0.0358506 -0.0357764 0.000577166
 0.0025316 0.00101529 0.0297986 -0.0297566 0.000408053
 0.00185828 0.000725025 0.0245321 -0.0245124 0.000282876
 0.00132246 0.000500641 0.0196724 -0.0196675 0.000188894
 0.000912562 0.000334334 0.0153236 -0.0153273 0.000121469
 0.000640031 0.000224956 0.0124327 -0.0124417 7.76938e-05
 0.000427413 0.000142372 0.00981931 -0.00983112 4.57692e-05
 0.000282306 8.70406e-05 0.00798806 -0.00800169 2.48535e-05
 0.000178821 4.94561e-05 0.00639213 -0.00640606 1.14406e-05
 0.000103461 2.35405e-05 0.00496423 -0.00497743 2.79942e-06
 5.21685e-05 7.1545e-06 0.00374275 -0.00375452 -2.11967e-06
 2.04987e-05 -2.42423e-06 0.00288528 -0.00289576 -4.74873e-06
 2.00097e-06 -7.05906e-06 0.002164 -0.00217287 -5.55526e-06
 -7.1565e-06 -8.32694e-06 0.00154977 -0.00155682 -5.18209e-06
 -1.10905e-05 -8.37625e-06 0.00116294 -0.00116868 -4.65017e-06
 -1.30026e-05 -7.89363e-06 0.000838381 -0.000842937 -4.01819e-06
 -1.18093e-05 -6.57475e-06 0.000614989 -0.000618506 -3.20207e-06
 -9.61681e-06 -5.0293e-06 0.000422995 -0.000425514 -2.36381e-06
 -7.56956e-06 -3.76399e-06 0.000287796 -0.000289582 -1.71499e-06
 -5.89739e-06 -2.80783e-06 0.000195774 -0.000197046 -1.24346e-06
 -4.67846e-06 -2.13816e-06 0.000134884 -0.000135821 -9.20637e-07
 -3.61196e-06 -1.5951e-06 9.28281e-05 -9.35256e-05 -6.69719e-07
 -2.46781e-06 -1.06131e-06 5.86119e-05 -5.90813e-05 -4.36465e-07
 -1.52651e-06 -6.41906e-07 3.41624e-05 -3.44514e-05 -2.59201e-07
 -8.48187e-07 -3.49215e-07 1.79418e-05 -1.81025e-05 -1.38562e-07
 -3.8034e-07 -1.54123e-07 7.88425e-06 -7.95681e-06 -6.03013e-08
 -1.75534e-07 -6.97969e-08 3.46159e-06 -3.49529e-06 -2.68713e-08
 -4.3567e-08 -1.70202e-08 8.12363e-07 -8.20638e-07 -6.45506e-09
 -9.22681e-09 -3.54963e-09 1.62068e-07 -1.63747e-07 -1.32896e-09
 0 0 0 0 0
 0 0 0 0 0
 0 0 0 0 0
 0 0 0 0 0
 0 0 0 0 0
 0 0 0 0 0
 0 0 0 0 0
 0 0 0 0 0
 0 0 0 0 0
 0 0 0 0 0
 0 0 0 0 0
 0 0 0 0 0
 0 0 0 0 0
 0 0 0 0 0
 0 0 0 0 0
 0 0 0 0 0
 0 0 0 0 0
 0 0 0 0 0
 0 0 0 0 0
 0 0 0 0 0
 0 0 0 0 0
 0 0 0 0 0
 0 0 0 0 0
 0 0 0 0 0
 0 0 0 0 0
 0 0 0 0 0
 0 0 0 0 0
 0 0 0 0 0
 0 0 0 0 0
 0 0 0 0 0
 0 0 0 0 0
 0 0 0 0 0
 0 0 0 0 0
 0 0 0 0 0
 0 0 0 0 0
 0 0 0 0 0
 0 0 0 0 0
 0 0 0 0 0
 0 0 0 0 0
 0 0 0 0 0
 0 0 0 0 0
 0 0 0 0 0
 0 0 0 0 0
 0 0 0 0 0
 0 0 0 0 0
 0 0 0 0 0
 0 0 0 0 0
 0 0 0 0 0
 0 0 0 0 0
 0 0 0 0 0
 0 0 0 0 0
 0 0 0 0 0
 0 0 0 0 0
 0 0 0 0 0
 0 0 0 0 0
 0 0 0 0 0
 0 0 0 0 0
 0 0 0 0 0
 0 0 0 0 0
 0 0 0 0 0
 18.0526 15.4194 0.76245 -0.662562 13.1711
 9.44194 7.84137 0.7425 -0.653094 6.51287
 5.70296 4.60856 0.719756 -0.640244 3.72487
 3.75704 2.95639 0.6949 -0.624586 2.327
 2.62164 2.01021 0.668362 -0.606501 1.54197
 1.90517 1.42444 0.640525 -0.586376 1.06555
 1.42679 1.04085 0.611917 -0.564726 0.759781
 1.09316 0.77855 0.582731 -0.541789 0.55492
 0.852831 0.593316 0.553519 -0.518133 0.41316
 0.674019 0.458317 0.523253 -0.492883 0.311996
 0.538593 0.358146 0.492977 -0.467043 0.238466
 0.434041 0.282394 0.462677 -0.440656 0.184007
 0.35186 0.224104 0.432014 -0.413456 0.142978
 0.28733 0.179221 0.403106 -0.387488 0.112003
 0.235795 0.144088 0.375361 -0.362259 0.0882381
 0.195063 0.116792 0.351309 -0.340247 0.0700956
 0.161249 0.0946288 0.326637 -0.31738 0.0556791
 0.133139 0.0766031 0.301767 -0.294089 0.0442024
 0.109676 0.0618908 0.276706 -0.270403 0.0350348
 0.0901269 0.0498974 0.251899 -0.246776 0.0277187
 0.0739506 0.0401756 0.228254 -0.22412 0.0219059
 0.0605294 0.0322786 0.205462 -0.202161 0.0172798
 0.0494248 0.0258788 0.183781 -0.181171 0.0136054
 0.0402913 0.0207191 0.163543 -0.1615 0.0107001
 0.0328214 0.0165768 0.145193 -0.143604 0.00840969
 0.0266845 0.0132406 0.128226 -0.127003 0.00660031
 0.0217247 0.0105877 0.113595 -0.112656 0.00518456
 0.01778 0.00850813 0.101502 -0.10078 0.00409136
 0.0145029 0.00681275 0.0905869 -0.0900369 0.00321662
 0.0116844 0.00538666 0.0799037 -0.079495 0.00249632
 0.00930812 0.00421025 0.0697156 -0.0694194 0.00191451
 0.00735394 0.00326058 0.0605979 -0.0603889 0.00145331
 0.00572071 0.00248537 0.051881 -0.05174 0.00108532
 0.00437894 0.00186276 0.0437938 -0.0437041 0.000796231
 0.00329136 0.00137029 0.036285 -0.0362327 0.000572968
 0.00244982 0.00099605 0.0300074 -0.0299813 0.000406331
 0.00179972 0.000712638 0.0247155 -0.0247071 0.000282637
 0.00128368 0.000493716 0.0198751 -0.019878 0.000189659
 0.000887975 0.000330891 0.0155336 -0.0155425 0.00012263
 0.000610127 0.000218451 0.0123446 -0.012357 7.71719e-05
 0.000411089 0.000139846 0.00984831 -0.0098625 4.62336e-05
 0.000268704 8.48669e-05 0.00794775 -0.00796287 2.5142e-05
 0.000168281 4.77475e-05 0.00633669 -0.00635163 1.16063e-05
 9.63131e-05 2.25409e-05 0.0049123 -0.00492611 3.00202e-06
 4.74234e-05 6.56913e-06 0.00369996 -0.00371211 -1.94982e-06
 1.73179e-05 -2.67233e-06 0.00282685 -0.00283747 -4.54354e-06
 -6.02656e-07 -7.17763e-06 0.00205496 -0.00206371 -5.32732e-06
 -7.97494e-06 -8.11144e-06 0.00149481 -0.00150177 -4.94661e-06
 -1.16661e-05 -8.209e-06 0.00111396 -0.00111959 -4.4784e-06
 -1.3074e-05 -7.64494e-06 0.000796844 -0.000801269 -3.84933e-06
 -1.15397e-05 -6.25587e-06 0.000575446 -0.000578799 -3.02321e-06
 -9.32281e-06 -4.77512e-06 0.00039428 -0.000396673 -2.23081e-06
 -7.18863e-06 -3.52278e-06 0.000265878 -0.000267554 -1.59948e-06
 -5.64094e-06 -2.65234e-06 0.000181419 -0.000182623 -1.17109e-06
 -4.45193e-06 -2.01599e-06 0.000124796 -0.000125684 -8.66656e-07
 -3.36257e-06 -1.47602e-06 8.45494e-05 -8.52013e-05 -6.19748e-07
 -2.21475e-06 -9.49325e-07 5.19356e-05 -5.23609e-05 -3.91046e-07
 -1.37238e-06 -5.75476e-07 3.01687e-05 -3.04313e-05 -2.32804e-07
 -7.12125e-07 -2.93038e-07 1.49521e-05 -1.50889e-05 -1.16656e-07
 -2.99776e-07 -1.21667e-07 6.25094e-06 -6.309e-06 -4.78289e-08
 -1.43873e-07 -5.72102e-08 2.79189e-06 -2.81998e-06 -2.2105e-08
 -2.04479e-08 -8.02237e-09 3.79849e-07 -3.83652e-07 -3.06423e-09
 -6.93181e-09 -2.67058e-09 1.1971e-07 -1.21e-07 -1.00427e-09
 0 0 0 0 0
 0 0 0 0 0
 0 0 0 0 0
 0 0 0 0 0
 0 0 0 0 0
 0 0 0 0 0
 0 0 0 0 0
 0 0 0 0 0
 0 0 0 0 0
 0 0 0 0 0
 0 0 0 0 0
 0 0 0 0 0
 0 0 0 0 0
 0 0 0 0 0
 0 0 0 0 0
 0 0 0 0 0
 0 0 0 0 0
 0 0 0 0 0
 0 0 0 0 0
 0 0 0 0 0
 0 0 0 0 0
 0 0 0 0 0
 0 0 0 0 0
 0 0 0 0 0
 0 0 0 0 0
 0 0 0 0 0
 0 0 0 0 0
 0 0 0 0 0
 0 0 0 0 0
 0 0 0 0 0
 0 0 0 0 0
 0 0 0 0 0
 0 0 0 0 0
 0 0 0 0 0
 0 0 0 0 0
 0 0 0 0 0
 0 0 0 0 0
 0 0 0 0 0
 0 0 0 0 0
 0 0 0 0 0
 0 0 0 0 0
 0 0 0 0 0
 0 0 0 0 0
 0 0 0 0 0
 0 0 0 0 0
 0 0 0 0 0
 0 0 0 0 0
 0 0 0 0 0
 0 0 0 0 0
 0 0 0 0 0
 0 0 0 0 0
 0 0 0 0 0
 0 0 0 0 0
 0 0 0 0 0
 0 0 0 0 0
 0 0 0 0 0
 0 0 0 0 0
 0 0 0 0 0
 0 0 0 0 0
 19.079 16.4386 0.749587 -0.654519 14.1645
 9.8775 8.28056 0.734869 -0.649181 6.94256
 5.94579 4.85333 0.717281 -0.640531 3.96228
 3.91427 3.11317 0.6968 -0.6285 2.47665
 2.73344 2.11969 0.674062 -0.613632 1.64433
 1.98932 1.50507 0.649419 -0.596246 1.13923
 1.49197 1.10197 0.623014 -0.576507 0.8144
 1.14556 0.826481 0.596019 -0.555496 0.596715
 0.89535 0.631331 0.568123 -0.532994 0.445562
 0.709462 0.489197 0.539299 -0.509029 0.337675
 0.569041 0.38388 0.510956 -0.484951 0.259291
 0.459975 0.303759 0.481341 -0.459187 0.200884
 0.374899 0.242457 0.452665 -0.433848 0.15706
 0.306929 0.194496 0.423258 -0.407407 0.123476
 0.2528 0.157024 0.395287 -0.381967 0.0977356
 0.208996 0.127294 0.368161 -0.357012 0.0777081
 0.173848 0.103846 0.343981 -0.334619 0.0621874
 0.144952 0.0849256 0.321284 -0.313429 0.0498955
 0.120446 0.0692394 0.297445 -0.290932 0.0399236
 0.099775 0.0562942 0.273234 -0.26789 0.0318661
 0.0823837 0.0456347 0.249089 -0.244751 0.0253678
 0.0678562 0.0369105 0.225782 -0.22229 0.0201535
 0.0557162 0.0297689 0.203246 -0.200466 0.0159694
 0.045627 0.0239531 0.181715 -0.179524 0.0126283
 0.0373308 0.0192585 0.161936 -0.160223 0.0099795
 0.0304959 0.0154626 0.143722 -0.142394 0.00787656
 0.0248687 0.0123962 0.126946 -0.125927 0.0062088
 0.020305 0.00994825 0.112438 -0.111659 0.00489821
 0.0166419 0.00801175 0.100279 -0.099685 0.00387679
 0.0136112 0.00643694 0.0895281 -0.0890794 0.00306031
 0.0110091 0.00511302 0.07913 -0.0787987 0.0023877
 0.00880494 0.00401488 0.0692113 -0.0689738 0.00184098
 0.00694913 0.00311038 0.0597353 -0.0595716 0.00140009
 0.00544153 0.00238691 0.0516213 -0.0515136 0.00105285
 0.00417577 0.00179516 0.0435909 -0.0435254 0.0007759
 0.00314718 0.00132489 0.0362303 -0.0361951 0.000560542
 0.00232745 0.000958975 0.0295247 -0.0295102 0.000396864
 0.00172054 0.00069045 0.0245901 -0.02459 0.00027787
 0.00122856 0.000479382 0.0197976 -0.0198059 0.00018715
 0.000850569 0.000321867 0.0155056 -0.0155181 0.000121418
 0.000582202 0.000212048 0.0122714 -0.0122859 7.647e-05
 0.000388011 0.000134726 0.00965931 -0.0096745 4.57501e-05
 0.000251064 8.10094e-05 0.00777638 -0.00779219 2.47672e-05
 0.000155894 4.51954e-05 0.00620602 -0.00622132 1.14247e-05
 8.80225e-05 2.10433e-05 0.00479791 -0.00481184 3.01449e-06
 4.20073e-05 5.71494e-06 0.00360614 -0.00361829 -1.86864e-06
 1.38834e-05 -3.03405e-06 0.0027328 -0.00274329 -4.37266e-06
 -2.27193e-06 -7.11644e-06 0.00197361 -0.00198215 -5.08393e-06
 -8.72894e-06 -7.8765e-06 0.00142137 -0.00142808 -4.69639e-06
 -1.21173e-05 -8.00544e-06 0.00105372 -0.00105914 -4.28981e-06
 -1.29423e-05 -7.32069e-06 0.000746194 -0.000750412 -3.64704e-06
 -1.10518e-05 -5.85766e-06 0.000530083 -0.000533212 -2.81119e-06
 -8.87331e-06 -4.46012e-06 0.000360112 -0.000362336 -2.07117e-06
 -6.74581e-06 -3.26258e-06 0.000242333 -0.000243879 -1.47623e-06
 -5.30806e-06 -2.46897e-06 0.000165503 -0.000166623 -1.0872e-06
 -4.17348e-06 -1.87485e-06 0.000113751 -0.000114584 -8.04819e-07
 -3.07007e-06 -1.34082e-06 7.55912e-05 -7.619e-05 -5.63072e-07
 -1.92659e-06 -8.23912e-07 4.47807e-05 -4.51546e-05 -3.40023e-07
 -1.19853e-06 -5.0152e-07 2.59149e-05 -2.61471e-05 -2.03271e-07
 -5.93632e-07 -2.44172e-07 1.23489e-05 -1.24647e-05 -9.74937e-08
 -2.54817e-07 -1.03331e-07 5.21921e-06 -5.26938e-06 -4.07292e-08
 -1.09351e-07 -4.35074e-08 2.09188e-06 -2.11362e-06 -1.68714e-08
 -1.43046e-08 -5.62346e-09 2.62132e-07 -2.64797e-07 -2.15827e-09
 -4.48007e-09 -1.72876e-09 7.60038e-08 -7.68587e-08 -6.52831e-10
 0 0 0 0 0
 0 0 0 0 0
 0 0 0 0 0
 0 0 0 0 0
 0 0 0 0 0
 0 0 0 0 0
 0 0 0 0 0
 0 0 0 0 0
 0 0 0 0 0
 0 0 0 0 0
 0 0 0 0 0
 0 0 0 0 0
 0 0 0 0 0
 0 0 0 0 0
 0 0 0 0 0
 0 0 0 0 0
 0 0 0 0 0
 0 0 0 0 0
 0 0 0 0 0
 0 0 0 0 0
 0 0 0 0 0
 0 0 0 0 0
 0 0 0 0 0
 0 0 0 0 0
 0 0 0 0 0
 0 0 0 0 0
 0 0 0 0 0
 0 0 0 0 0
 0 0 0 0 0
 0 0 0 0 0
 0 0 0 0 0
 0 0 0 0 0
 0 0 0 0 0
 0 0 0 0 0
 0 0 0 0 0
 0 0 0 0 0
 0 0 0 0 0
 0 0 0 0 0
 0 0 0 0 0
 0 0 0 0 0
 0 0 0 0 0
 0 0 0 0 0
 0 0 0 0 0
 0 0 0 0 0
 0 0 0 0 0
 0 0 0 0 0
 0 0 0 0 0
 0 0 0 0 0
 0 0 0 0 0
 0 0 0 0 0
 0 0 0 0 0
 0 0 0 0 0
 0 0 0 0 0
 0 0 0 0 0
 0 0 0 0 0
 0 0 0 0 0
 0 0 0 0 0
 0 0 0 0 0
 19.8676 17.2559 0.727031 -0.637706 14.9882
 10.1828 8.61094 0.717488 -0.636419 7.28244
 6.10849 5.03279 0.704837 -0.631738 4.14718
 4.02092 3.22984 0.689313 -0.623809 2.595
 2.81181 2.20343 0.671056 -0.612723 1.72724
 2.05059 1.56862 0.650275 -0.598659 1.20046
 1.542 1.15214 0.627475 -0.582056 0.861325
 1.18636 0.8663 0.602731 -0.563016 0.633025
 0.9292 0.663475 0.576723 -0.542179 0.474145
 0.738756 0.516059 0.550532 -0.520584 0.360858
 0.593404 0.405758 0.52266 -0.496899 0.277778
 0.481745 0.322579 0.495633 -0.473519 0.216296
 0.393506 0.258171 0.46719 -0.448372 0.169646
 0.323711 0.208174 0.439584 -0.423623 0.13411
 0.267339 0.1686 0.411445 -0.398012 0.106539
 0.221723 0.137182 0.384056 -0.372801 0.0850619
 0.184841 0.112229 0.358603 -0.349176 0.0683069
 0.154711 0.0922006 0.335132 -0.327234 0.0550932
 0.129821 0.0759419 0.313524 -0.306905 0.0445533
 0.108519 0.062329 0.290844 -0.285359 0.0359127
 0.0903569 0.0509709 0.267596 -0.2631 0.0288512
 0.0749262 0.0415231 0.244201 -0.240557 0.0230961
 0.061941 0.0337295 0.221555 -0.218627 0.0184392
 0.0510134 0.0273029 0.199491 -0.197164 0.0146736
 0.0418904 0.0220426 0.178363 -0.176534 0.0116496
 0.0343182 0.0177579 0.158596 -0.157173 0.009231
 0.0280743 0.014289 0.14035 -0.139253 0.0073075
 0.0229501 0.0114892 0.124047 -0.123206 0.00578016
 0.0188269 0.00926919 0.110176 -0.109534 0.00458694
 0.0153804 0.00744769 0.0973525 -0.0968681 0.00362546
 0.0126731 0.00603034 0.0876588 -0.0872931 0.00288525
 0.0102876 0.00481046 0.0776325 -0.077365 0.00226216
 0.008255 0.00379226 0.0680106 -0.0678213 0.00175229
 0.00653525 0.00294883 0.0588047 -0.0586763 0.0013385
 0.00512596 0.00226846 0.0508209 -0.0507393 0.00100985
 0.00394212 0.00171094 0.0429683 -0.0429214 0.000746906
 0.00297612 0.00126579 0.0357456 -0.0357233 0.000541351
 0.00220383 0.000918106 0.0291417 -0.0291355 0.000384429
 0.00162591 0.000660481 0.0241836 -0.024189 0.000269342
 0.00116102 0.000459034 0.0194716 -0.0194834 0.000181835
 0.00080335 0.000308288 0.0152643 -0.0152787 0.000118159
 0.000547556 0.000202487 0.0120448 -0.0120603 7.43494e-05
 0.000362393 0.000127836 0.00946344 -0.00947919 4.4278e-05
 0.00023227 7.62713e-05 0.00757287 -0.00758875 2.3901e-05
 0.000142208 4.19638e-05 0.00600954 -0.00602468 1.09351e-05
 7.89956e-05 1.91626e-05 0.00462886 -0.00464249 2.86156e-06
 3.621e-05 4.66786e-06 0.00346779 -0.00347961 -1.86274e-06
 1.0403e-05 -3.44954e-06 0.00260767 -0.00261779 -4.22247e-06
 -3.81429e-06 -7.0185e-06 0.00186764 -0.0018758 -4.82004e-06
 -9.42075e-06 -7.64069e-06 0.00133421 -0.00134057 -4.44608e-06
 -1.24069e-05 -7.75613e-06 0.000984162 -0.000989306 -4.08332e-06
 -1.26017e-05 -6.923e-06 0.000688156 -0.000692106 -3.41414e-06
 -1.03579e-05 -5.38734e-06 0.000480375 -0.00048323 -2.57011e-06
 -8.27369e-06 -4.09748e-06 0.000325031 -0.000327058 -1.89404e-06
 -6.27313e-06 -2.99741e-06 0.000218101 -0.000219508 -1.35148e-06
 -4.95521e-06 -2.28213e-06 0.000149275 -0.000150308 -1.00218e-06
 -3.84983e-06 -1.71762e-06 0.000102065 -0.000102833 -7.364e-07
 -2.74176e-06 -1.1925e-06 6.62119e-05 -6.675e-05 -5.00962e-07
 -1.67503e-06 -7.14513e-07 3.83589e-05 -3.86874e-05 -2.95265e-07
 -1.0094e-06 -4.21807e-07 2.15256e-05 -2.17239e-05 -1.71311e-07
 -4.78598e-07 -1.96874e-07 9.887e-06 -9.98194e-06 -7.88475e-08
 -2.08535e-07 -8.452e-08 4.19487e-06 -4.23667e-06 -3.34007e-08
 -7.36887e-08 -2.93548e-08 1.39484e-06 -1.40976e-06 -1.14267e-08
 -1.13313e-08 -4.45765e-09 2.034e-07 -2.05561e-07 -1.71653e-09
 -1.93698e-09 -7.48725e-10 3.2257e-08 -3.26369e-08 -2.83876e-10
 0 0 0 0 0
 0 0 0 0 0
 0 0 0 0 0
 0 0 0 0 0
 0 0 0 0 0
 0 0 0 0 0
 0 0 0 0 0
 0 0 0 0 0
 0 0 0 0 0
 0 0 0 0 0
 0 0 0 0 0
 0 0 0 0 0
 0 0 0 0 0
 0 0 0 0 0
 0 0 0 0 0
 0 0 0 0 0
 0 0 0 0 0
 0 0 0 0 0
 0 0 0 0 0
 0 0 0 0 0
 0 0 0 0 0
 0 0 0 0 0
 0 0 0 0 0
 0 0 0 0 0
 0 0 0 0 0
 0 0 0 0 0
 0 0 0 0 0
 0 0 0 0 0
 0 0 0 0 0
 0 0 0 0 0
 0 0 0 0 0
 0 0 0 0 0
 0 0 0 0 0
 0 0 0 0 0
 0 0 0 0 0
 0 0 0 0 0
 0 0 0 0 0
 0 0 0 0 0
 0 0 0 0 0
 0 0 0 0 0
 0 0 0 0 0
 0 0 0 0 0
 0 0 0 0 0
 0 0 0 0 0
 0 0 0 0 0
 0 0 0 0 0
 0 0 0 0 0
 0 0 0 0 0
 0 0 0 0 0
 0 0 0 0 0
 0 0 0 0 0
 0 0 0 0 0
 0 0 0 0 0
 0 0 0 0 0
 0 0 0 0 0
 0 0 0 0 0
 0 0 0 0 0
 20.4188 17.8663 0.696787 -0.613781 15.6335
 10.3614 8.83269 0.692156 -0.616298 7.53013
 6.19586 5.14906 0.684419 -0.615541 4.27974
 4.07777 3.30583 0.6736 -0.611476 2.68061
 2.85607 2.26007 0.659931 -0.604252 1.789
 2.08826 1.61396 0.643531 -0.593944 1.2479
 1.57495 1.18954 0.62457 -0.580691 0.898906
 1.21578 0.89785 0.603499 -0.564898 0.663487
 0.955169 0.690075 0.580346 -0.546606 0.498954
 0.760994 0.538127 0.555784 -0.526456 0.380892
 0.613596 0.424887 0.530829 -0.505431 0.294544
 0.498768 0.338376 0.504152 -0.48233 0.22986
 0.409035 0.271984 0.478139 -0.459436 0.181123
 0.337134 0.219834 0.450784 -0.434892 0.143587
 0.279598 0.178854 0.424244 -0.410786 0.114626
 0.232688 0.146087 0.397325 -0.38601 0.0919094
 0.194276 0.119756 0.370873 -0.361411 0.0739906
 0.163137 0.0987594 0.346858 -0.338934 0.0599386
 0.1374 0.0817031 0.32448 -0.317851 0.0487185
 0.115838 0.0676656 0.303298 -0.297762 0.0396462
 0.0974675 0.0559348 0.282447 -0.277852 0.0322052
 0.0815425 0.0459888 0.260275 -0.256512 0.0260288
 0.0678844 0.0376354 0.237772 -0.234726 0.0209442
 0.0562939 0.0306846 0.215814 -0.213371 0.0167931
 0.0464758 0.0249138 0.194254 -0.192318 0.0134124
 0.0382556 0.0201731 0.17369 -0.172172 0.0106856
 0.0314063 0.0162953 0.154358 -0.153179 0.00849475
 0.0257451 0.013147 0.136493 -0.135586 0.00674656
 0.0210961 0.0106024 0.120599 -0.119904 0.00535551
 0.0173402 0.00857594 0.107021 -0.106493 0.0042636
 0.0142028 0.00691256 0.0946131 -0.0942144 0.00338252
 0.0116886 0.00559394 0.0848063 -0.0845081 0.00269219
 0.00954444 0.00449104 0.0755156 -0.0752987 0.00212556
 0.0076805 0.00355269 0.0662394 -0.0660875 0.00165322
 0.00609564 0.00277109 0.0573503 -0.0572489 0.00126752
 0.00478771 0.00213614 0.0495648 -0.0495025 0.000959
 0.00368753 0.00161459 0.0419335 -0.0418999 0.000711325
 0.00278674 0.00119653 0.0348919 -0.0348783 0.000516834
 0.00206476 0.000869006 0.0284329 -0.0284321 0.000367819
 0.00152002 0.00062436 0.0235378 -0.0235464 0.000257657
 0.00108454 0.000433986 0.0189339 -0.0189473 0.000174186
 0.00074905 0.000291147 0.0148379 -0.0148528 0.000113199
 0.000507857 0.000190343 0.0116876 -0.0117033 7.09894e-05
 0.000333721 0.000119382 0.00915931 -0.00917488 4.20675e-05
 0.000211793 7.05969e-05 0.0072925 -0.00730794 2.25791e-05
 0.000127681 3.81961e-05 0.00575796 -0.00577256 1.01742e-05
 6.92987e-05 1.68664e-05 0.00441865 -0.00443173 2.50336e-06
 3.03019e-05 3.5087e-06 0.00329171 -0.00330299 -1.91234e-06
 7.03331e-06 -3.87398e-06 0.00245673 -0.00246633 -4.08341e-06
 -5.13657e-06 -6.8615e-06 0.00174154 -0.00174918 -4.53343e-06
 -1.00691e-05 -7.4235e-06 0.00123754 -0.00124349 -4.20897e-06
 -1.24778e-05 -7.44062e-06 0.000906988 -0.000911794 -3.85241e-06
 -1.20515e-05 -6.455e-06 0.000624615 -0.000628244 -3.15357e-06
 -9.69319e-06 -4.95065e-06 0.00043201 -0.000434601 -2.34651e-06
 -7.6035e-06 -3.71725e-06 0.000289566 -0.000291388 -1.71111e-06
 -5.82346e-06 -2.75067e-06 0.000195148 -0.000196429 -1.23548e-06
 -4.56703e-06 -2.08511e-06 0.000132762 -0.000133703 -9.13356e-07
 -3.49166e-06 -1.54872e-06 9.00869e-05 -9.07844e-05 -6.63306e-07
 -2.3851e-06 -1.03408e-06 5.66482e-05 -5.71206e-05 -4.34676e-07
 -1.45878e-06 -6.20503e-07 3.26683e-05 -3.29577e-05 -2.56617e-07
 -8.12819e-07 -3.39454e-07 1.71636e-05 -1.7326e-05 -1.38178e-07
 -3.5833e-07 -1.47591e-07 7.42838e-06 -7.50069e-06 -5.93236e-08
 -1.63833e-07 -6.63856e-08 3.232e-06 -3.26551e-06 -2.62995e-08
 -4.17813e-08 -1.66691e-08 7.78e-07 -7.86525e-07 -6.51387e-09
 -8.27956e-09 -3.2601e-09 1.45478e-07 -1.47099e-07 -1.25941e-09
 0 0 0 0 0
 0 0 0 0 0
 0 0 0 0 0
 0 0 0 0 0
 0 0 0 0 0
 0 0 0 0 0
 0 0 0 0 0
 0 0 0 0 0
 0 0 0 0 0
 0 0 0 0 0
 0 0 0 0 0
 0 0 0 0 0
 0 0 0 0 0
 0 0 0 0 0
 0 0 0 0 0
 0 0 0 0 0
 0 0 0 0 0
 0 0 0 0 0
 0 0 0 0 0
 0 0 0 0 0
 0 0 0 0 0
 0 0 0 0 0
 0 0 0 0 0
 0 0 0 0 0
 0 0 0 0 0
 0 0 0 0 0
 0 0 0 0 0
 0 0 0 0 0
 0 0 0 0 0
 0 0 0 0 0
 0 0 0 0 0
 0 0 0 0 0
 0 0 0 0 0
 0 0 0 0 0
 0 0 0 0 0
 0 0 0 0 0
 0 0 0 0 0
 0 0 0 0 0
 0 0 0 0 0
 0 0 0 0 0
 0 0 0 0 0
 0 0 0 0 0
 0 0 0 0 0
 0 0 0 0 0
 0 0 0 0 0
 0 0 0 0 0
 0 0 0 0 0
 0 0 0 0 0
 0 0 0 0 0
 0 0 0 0 0
 0 0 0 0 0
 0 0 0 0 0
 0 0 0 0 0
 0 0 0 0 0
 0 0 0 0 0
 0 0 0 0 0
 0 0 0 0 0
 20.7468 18.2777 0.660925 -0.584513 16.1031
 10.4233 8.95181 0.660719 -0.590407 7.68875
 6.21311 5.20506 0.6575 -0.593225 4.36114
 4.08882 3.34339 0.651213 -0.592853 2.7344
 2.86833 2.29057 0.641981 -0.589339 1.82971
 2.10254 1.64071 0.629806 -0.58264 1.28082
 1.59099 1.21386 0.615031 -0.573032 0.926581
 1.2325 0.919881 0.597711 -0.560554 0.686975
 0.972094 0.710088 0.57825 -0.545572 0.519088
 0.777212 0.55593 0.556608 -0.528062 0.398008
 0.628244 0.440236 0.533438 -0.508644 0.30882
 0.512711 0.352123 0.509707 -0.488257 0.242132
 0.421047 0.283548 0.484166 -0.465761 0.191222
 0.348336 0.230108 0.459149 -0.443399 0.152252
 0.289359 0.187596 0.432832 -0.41947 0.121841
 0.241665 0.15382 0.407241 -0.395946 0.0981038
 0.202503 0.126599 0.381548 -0.372061 0.0793219
 0.170182 0.104538 0.356333 -0.348407 0.0643706
 0.143788 0.086805 0.333484 -0.326854 0.0525431
 0.121822 0.0722894 0.312316 -0.306773 0.0430201
 0.103283 0.0602459 0.292377 -0.287753 0.0352521
 0.0873362 0.0500801 0.272689 -0.268854 0.028814
 0.0733844 0.0413784 0.251641 -0.248503 0.0234164
 0.0613082 0.0340014 0.230064 -0.227528 0.0189303
 0.0509742 0.0278101 0.20884 -0.206811 0.0152351
 0.0421796 0.0226433 0.18797 -0.186364 0.0122087
 0.0347804 0.0183768 0.167959 -0.166702 0.00975425
 0.0286013 0.0148774 0.149132 -0.148158 0.00777594
 0.0234876 0.0120311 0.13175 -0.131 0.00619351
 0.0192849 0.00972737 0.116345 -0.115771 0.0049318
 0.0158814 0.00788744 0.103171 -0.102732 0.00393813
 0.0130384 0.00637575 0.0912519 -0.0909212 0.00313488
 0.0107518 0.00517273 0.0818087 -0.0815631 0.00250284
 0.00880056 0.00416512 0.07291 -0.0727319 0.00198299
 0.00709869 0.00330456 0.0640112 -0.0638875 0.00154779
 0.00564484 0.00258398 0.0554684 -0.0553871 0.00119032
 0.00443804 0.00199511 0.0479354 -0.047887 0.000902656
 0.00342121 0.00151024 0.0405559 -0.0405312 0.000670969
 0.0025862 0.00112021 0.0337321 -0.033724 0.000488297
 0.00191602 0.000814075 0.0274583 -0.0274604 0.000347999
 0.00140716 0.000583909 0.0226864 -0.0226962 0.000243582
 0.00100207 0.000405384 0.018223 -0.0182365 0.000164638
 0.000689906 0.000271285 0.0142583 -0.0142728 0.000106838
 0.000464918 0.000176336 0.0112161 -0.0112311 6.66675e-05
 0.000303201 0.000109816 0.00876375 -0.00877862 3.92789e-05
 0.000190389 6.42656e-05 0.00694825 -0.00696287 2.08988e-05
 0.000112879 3.41096e-05 0.00546014 -0.00547391 9.22125e-06
 5.93936e-05 1.43344e-05 0.00417349 -0.00418583 2.00678e-06
 2.44059e-05 2.26099e-06 0.00308653 -0.00309712 -2.02028e-06
 3.91204e-06 -4.263e-06 0.00228529 -0.00229423 -3.94356e-06
 -6.22324e-06 -6.65269e-06 0.00160061 -0.00160763 -4.23324e-06
 -1.0494e-05 -7.14831e-06 0.00113163 -0.00113712 -3.95379e-06
 -1.23191e-05 -7.05713e-06 0.0008244 -0.000828825 -3.59798e-06
 -1.12967e-05 -5.92071e-06 0.000557378 -0.000560644 -2.86814e-06
 -9.02981e-06 -4.5338e-06 0.000384958 -0.000387294 -2.13469e-06
 -6.89075e-06 -3.33112e-06 0.000254801 -0.000256417 -1.52757e-06
 -5.36089e-06 -2.50596e-06 0.000172894 -0.000174055 -1.12137e-06
 -4.16676e-06 -1.88793e-06 0.000116972 -0.000117824 -8.25075e-07
 -3.10519e-06 -1.3706e-06 7.80644e-05 -7.86881e-05 -5.86577e-07
 -2.0077e-06 -8.68544e-07 4.71166e-05 -4.75189e-05 -3.65458e-07
 -1.23356e-06 -5.23575e-07 2.70561e-05 -2.73042e-05 -2.16736e-07
 -6.18047e-07 -2.58171e-07 1.29974e-05 -1.31232e-05 -1.05365e-07
 -2.62584e-07 -1.08297e-07 5.45994e-06 -5.5139e-06 -4.3678e-08
 -1.19995e-07 -4.86298e-08 2.32257e-06 -2.34764e-06 -1.9314e-08
 -1.45347e-08 -5.82797e-09 2.70691e-07 -2.73533e-07 -2.29292e-09
 -5.21254e-09 -2.05469e-09 8.95994e-08 -9.065e-08 -7.96219e-10
 0 0 0 0 0
 0 0 0 0 0
 0 0 0 0 0
 0 0 0 0 0
 0 0 0 0 0
 0 0 0 0 0
 0 0 0 0 0
 0 0 0 0 0
 0 0 0 0 0
 0 0 0 0 0
 0 0 0 0 0
 0 0 0 0 0
 0 0 0 0 0
 0 0 0 0 0
 0 0 0 0 0
 0 0 0 0 0
 0 0 0 0 0
 0 0 0 0 0
 0 0 0 0 0
 0 0 0 0 0
 0 0 0 0 0
 0 0 0 0 0
 0 0 0 0 0
 0 0 0 0 0
 0 0 0 0 0
 0 0 0 0 0
 0 0 0 0 0
 0 0 0 0 0
 0 0 0 0 0
 0 0 0 0 0
 0 0 0 0 0
 0 0 0 0 0
 0 0 0 0 0
 0 0 0 0 0
 0 0 0 0 0
 0 0 0 0 0
 0 0 0 0 0
 0 0 0 0 0
 0 0 0 0 0
 0 0 0 0 0
 0 0 0 0 0
 0 0 0 0 0
 0 0 0 0 0
 0 0 0 0 0
 0 0 0 0 0
 0 0 0 0 0
 0 0 0 0 0
 0 0 0 0 0
 0 0 0 0 0
 0 0 0 0 0
 0 0 0 0 0
 0 0 0 0 0
 0 0 0 0 0
 0 0 0 0 0
 0 0 0 0 0
 0 0 0 0 0
 20.8686 18.5018 0.621251 -0.551463 16.404
 10.381 8.9775 0.62493 -0.560278 7.76431
 6.16891 5.20688 0.625775 -0.566279 4.39542
 4.0595 3.34615 0.623639 -0.56926 2.75867
 2.85199 2.29704 0.618491 -0.569131 1.85057
 2.09593 1.65038 0.610472 -0.565964 1.30001
 1.59115 1.22556 0.599742 -0.559869 0.9444
 1.23711 0.932544 0.586219 -0.550743 0.703369
 0.979537 0.722994 0.570349 -0.538978 0.534015
 0.786506 0.56868 0.552331 -0.524756 0.411532
 0.638238 0.452273 0.532089 -0.508017 0.320817
 0.522348 0.362929 0.510243 -0.489351 0.252459
 0.43077 0.293576 0.487706 -0.469652 0.200346
 0.356898 0.238689 0.463233 -0.447763 0.159878
 0.297513 0.195328 0.439151 -0.425935 0.12846
 0.248836 0.160453 0.41384 -0.402644 0.10366
 0.209094 0.132467 0.389128 -0.379681 0.0841
 0.176292 0.109776 0.36464 -0.356712 0.0685156
 0.149032 0.0912463 0.340628 -0.33401 0.0560078
 0.126644 0.0762563 0.318992 -0.313458 0.0460424
 0.107903 0.0639031 0.299096 -0.294471 0.0379584
 0.0919637 0.0535706 0.280433 -0.276576 0.0313065
 0.0781237 0.0447624 0.261943 -0.258747 0.0257364
 0.0659019 0.0371502 0.242041 -0.239428 0.0210203
 0.0552318 0.0306401 0.221453 -0.219343 0.0170651
 0.0460242 0.0251298 0.200989 -0.199304 0.0137789
 0.0381494 0.0205068 0.180796 -0.179466 0.0110722
 0.0315003 0.0166742 0.161396 -0.160356 0.00886738
 0.0259363 0.013523 0.143114 -0.142307 0.00708513
 0.0213316 0.0109581 0.126305 -0.125683 0.00565766
 0.0175456 0.00888 0.111456 -0.110979 0.0045177
 0.0144757 0.00721725 0.0988081 -0.0984431 0.00361776
 0.0119095 0.00584921 0.087415 -0.0871381 0.00288874
 0.0098405 0.00475742 0.0784087 -0.0782025 0.00231328
 0.0080715 0.00384068 0.0699319 -0.0697831 0.00183853
 0.00652269 0.00305439 0.0614316 -0.0613286 0.00143921
 0.00519411 0.00239296 0.0532504 -0.0531831 0.00110956
 0.00408604 0.00184973 0.0460096 -0.0459704 0.000842863
 0.00315056 0.00140129 0.0389038 -0.0388846 0.000627406
 0.00238046 0.00103949 0.0323248 -0.0323195 0.00045693
 0.00176231 0.000755369 0.0262648 -0.0262679 0.000325866
 0.00129089 0.000540688 0.0216666 -0.0216763 0.000227783
 0.000916163 0.000374297 0.0173763 -0.0173891 0.000153625
 0.000628313 0.000249697 0.0135516 -0.0135649 9.94844e-05
 0.000420283 0.000161091 0.010653 -0.0106669 6.16316e-05
 0.000271899 9.95588e-05 0.00829362 -0.00830744 3.60746e-05
 0.000168668 5.75122e-05 0.00655356 -0.00656719 1.89454e-05
 9.82325e-05 2.98744e-05 0.00512573 -0.0051385 8.13975e-06
 4.97361e-05 1.17582e-05 0.00389858 -0.00391004 1.44914e-06
 1.87659e-05 1.01732e-06 0.0028585 -0.00286829 -2.15361e-06
 1.15484e-06 -4.57544e-06 0.00209849 -0.0021067 -3.79006e-06
 -7.13187e-06 -6.42775e-06 0.00145081 -0.00145718 -3.93999e-06
 -1.087e-05 -6.90069e-06 0.00102336 -0.0010284 -3.72162e-06
 -1.19224e-05 -6.60294e-06 0.000738431 -0.00074245 -3.3199e-06
 -1.03479e-05 -5.32516e-06 0.000488145 -0.000491026 -2.56072e-06
 -8.23419e-06 -4.07614e-06 0.000337351 -0.000339419 -1.90848e-06
 -6.2122e-06 -2.97415e-06 0.000223185 -0.000224611 -1.35939e-06
 -4.85015e-06 -2.24724e-06 0.000150734 -0.000151771 -1.00238e-06
 -3.75846e-06 -1.69171e-06 0.000102003 -0.000102771 -7.37775e-07
 -2.69594e-06 -1.18532e-06 6.62037e-05 -6.67494e-05 -5.07073e-07
 -1.6383e-06 -7.07731e-07 3.81364e-05 -3.84692e-05 -2.98168e-07
 -1.00151e-06 -4.24498e-07 2.15946e-05 -2.17996e-05 -1.75939e-07
 -4.74799e-07 -1.98343e-07 9.90331e-06 -1.00018e-05 -8.11313e-08
 -2.05566e-07 -8.47269e-08 4.18389e-06 -4.22708e-06 -3.42312e-08
 -7.60238e-08 -3.08394e-08 1.45362e-06 -1.46987e-06 -1.22841e-08
 -1.1002e-08 -4.41289e-09 1.99801e-07 -2.02014e-07 -1.74029e-09
 -2.18787e-09 -8.63512e-10 3.67761e-08 -3.72317e-08 -3.35639e-10
 0 0 0 0 0
 0 0 0 0 0
 0 0 0 0 0
 0 0 0 0 0
 0 0 0 0 0
 0 0 0 0 0
 0 0 0 0 0
 0 0 0 0 0
 0 0 0 0 0
 0 0 0 0 0
 0 0 0 0 0
 0 0 0 0 0
 0 0 0 0 0
 0 0 0 0 0
 0 0 0 0 0
 0 0 0 0 0
 0 0 0 0 0
 0 0 0 0 0
 0 0 0 0 0
 0 0 0 0 0
 0 0 0 0 0
 0 0 0 0 0
 0 0 0 0 0
 0 0 0 0 0
 0 0 0 0 0
 0 0 0 0 0
 0 0 0 0 0
 0 0 0 0 0
 0 0 0 0 0
 0 0 0 0 0
 0 0 0 0 0
 0 0 0 0 0
 0 0 0 0 0
 0 0 0 0 0
 0 0 0 0 0
 0 0 0 0 0
 0 0 0 0 0
 0 0 0 0 0
 0 0 0 0 0
 0 0 0 0 0
 0 0 0 0 0
 0 0 0 0 0
 0 0 0 0 0
 0 0 0 0 0
 0 0 0 0 0
 0 0 0 0 0
 0 0 0 0 0
 0 0 0 0 0
 0 0 0 0 0
 0 0 0 0 0
 0 0 0 0 0
 0 0 0 0 0
 0 0 0 0 0
 0 0 0 0 0
 0 0 0 0 0
 20.8227 18.5699 0.579706 -0.516348 16.5614
 10.2512 8.92269 0.586436 -0.527376 7.76681
 6.07195 5.16102 0.59071 -0.53601 4.38725
 3.99519 3.31797 0.592234 -0.541916 2.75603
 2.81103 2.28224 0.590866 -0.544901 1.85339
 2.07091 1.64456 0.586608 -0.544911 1.30641
 1.57698 1.22553 0.579586 -0.542012 0.952819
 1.23068 0.936413 0.569933 -0.536294 0.7129
 0.978194 0.729094 0.557551 -0.527646 0.543794
 0.788688 0.576099 0.542931 -0.516504 0.421151
 0.642931 0.460443 0.526228 -0.503013 0.330066
 0.5284 0.371176 0.507266 -0.487015 0.261024
 0.437117 0.301297 0.486657 -0.469097 0.207944
 0.363764 0.246125 0.465256 -0.450098 0.166772
 0.303695 0.201792 0.441771 -0.428801 0.134303
 0.254854 0.166355 0.418631 -0.407568 0.108786
 0.214421 0.137559 0.394222 -0.384865 0.0884287
 0.18119 0.114284 0.370534 -0.362648 0.0722444
 0.153576 0.095275 0.347021 -0.34041 0.0592493
 0.130528 0.0796712 0.324179 -0.318661 0.0487575
 0.111522 0.0669863 0.303783 -0.299171 0.0403501
 0.0955275 0.0564699 0.285203 -0.281347 0.0334838
 0.0818175 0.0475988 0.267821 -0.264605 0.0277829
 0.0697981 0.0399616 0.250535 -0.247872 0.0229605
 0.0590813 0.0332972 0.231715 -0.229539 0.0188369
 0.0496467 0.0275486 0.212083 -0.210328 0.0153482
 0.0414484 0.0226479 0.192441 -0.191041 0.0124279
 0.0344021 0.0185149 0.172959 -0.171855 0.0100094
 0.0284342 0.0150767 0.154204 -0.15334 0.00803188
 0.0234352 0.0122457 0.136537 -0.135866 0.00643019
 0.0192979 0.00994 0.120334 -0.119814 0.00514595
 0.0158973 0.00807112 0.106106 -0.105705 0.0041193
 0.0131401 0.00657506 0.094065 -0.0937569 0.00330787
 0.0108313 0.00534127 0.0832388 -0.0830038 0.00264869
 0.00896725 0.00435482 0.074725 -0.0745488 0.00212716
 0.0073685 0.00352371 0.0666831 -0.0665562 0.00169531
 0.00596253 0.00280739 0.0585902 -0.058502 0.00133016
 0.00475211 0.00220242 0.0507779 -0.0507201 0.00102739
 0.00373879 0.0017035 0.0438561 -0.0438226 0.00078135
 0.00288116 0.00129023 0.0370889 -0.0370729 0.000581713
 0.00217466 0.000956819 0.0307195 -0.0307151 0.000423862
 0.00160728 0.000694369 0.0249453 -0.0249481 0.000301998
 0.00117409 0.000496012 0.0205143 -0.0205228 0.00021085
 0.000829306 0.000341854 0.0164183 -0.0164296 0.000141648
 0.000565652 0.000226927 0.0127603 -0.0127722 9.13425e-05
 0.000375195 0.000145124 0.0100247 -0.0100374 5.60915e-05
 0.000240717 8.89875e-05 0.00776525 -0.00777775 3.26072e-05
 0.000147191 5.05721e-05 0.00612056 -0.00613299 1.68136e-05
 8.40169e-05 2.56004e-05 0.00476541 -0.0047771 6.96963e-06
 4.05922e-05 9.24637e-06 0.00360159 -0.00361211 8.72419e-07
 1.36326e-05 -1.18426e-07 0.00261322 -0.00262216 -2.27118e-06
 -1.14636e-06 -4.77526e-06 0.00190126 -0.00190868 -3.61033e-06
 -8.03569e-06 -6.2735e-06 0.00130067 -0.00130642 -3.69653e-06
 -1.09836e-05 -6.58244e-06 0.00091165 -0.000916213 -3.46941e-06
 -1.12907e-05 -6.07912e-06 0.000651025 -0.000654612 -3.01919e-06
 -9.32456e-06 -4.72181e-06 0.000420498 -0.000422995 -2.25521e-06
 -7.32675e-06 -3.58564e-06 0.000290184 -0.000291973 -1.67134e-06
 -5.58504e-06 -2.64703e-06 0.000192799 -0.000194051 -1.20502e-06
 -4.3729e-06 -2.00944e-06 0.000130231 -0.000131154 -8.93444e-07
 -3.32548e-06 -1.48857e-06 8.73906e-05 -8.80744e-05 -6.48094e-07
 -2.27154e-06 -9.95794e-07 5.47093e-05 -5.51748e-05 -4.25998e-07
 -1.38171e-06 -5.95266e-07 3.13306e-05 -3.16154e-05 -2.50814e-07
 -7.69794e-07 -3.26106e-07 1.64178e-05 -1.65785e-05 -1.35379e-07
 -3.35254e-07 -1.40228e-07 7.02619e-06 -7.09712e-06 -5.75302e-08
 -1.52796e-07 -6.2955e-08 3.04195e-06 -3.07486e-06 -2.54795e-08
 -3.90824e-08 -1.5874e-08 7.33094e-07 -7.41531e-07 -6.34256e-09
 -7.52312e-09 -3.01919e-09 1.33178e-07 -1.34739e-07 -1.19347e-09
 0 0 0 0 0
 0 0 0 0 0
 0 0 0 0 0
 0 0 0 0 0
 0 0 0 0 0
 0 0 0 0 0
 0 0 0 0 0
 0 0 0 0 0
 0 0 0 0 0
 0 0 0 0 0
 0 0 0 0 0
 0 0 0 0 0
 0 0 0 0 0
 0 0 0 0 0
 0 0 0 0 0
 0 0 0 0 0
 0 0 0 0 0
 0 0 0 0 0
 0 0 0 0 0
 0 0 0 0 0
 0 0 0 0 0
 0 0 0 0 0
 0 0 0 0 0
 0 0 0 0 0
 0 0 0 0 0
 0 0 0 0 0
 0 0 0 0 0
 0 0 0 0 0
 0 0 0 0 0
 0 0 0 0 0
 0 0 0 0 0
 0 0 0 0 0
 0 0 0 0 0
 0 0 0 0 0
 0 0 0 0 0
 0 0 0 0 0
 0 0 0 0 0
 0 0 0 0 0
 0 0 0 0 0
 0 0 0 0 0
 0 0 0 0 0
 0 0 0 0 0
 0 0 0 0 0
 0 0 0 0 0
 0 0 0 0 0
 0 0 0 0 0
 0 0 0 0 0
 0 0 0 0 0
 0 0 0 0 0
 0 0 0 0 0
 0 0 0 0 0
 0 0 0 0 0
 0 0 0 0 0
 0 0 0 0 0
 0 0 0 0 0
 20.6266 18.4959 0.537462 -0.480212 16.5857
 10.0536 8.80356 0.546771 -0.493082 7.70938
 5.93644 5.07903 0.553949 -0.503911 4.34591
 3.90535 3.26633 0.558608 -0.512289 2.73231
 2.75137 2.25069 0.560517 -0.517944 1.84154
 2.03116 1.62591 0.55958 -0.520731 1.30191
 1.55098 1.21549 0.555901 -0.520695 0.952975
 1.21426 0.932106 0.549567 -0.517877 0.715887
 0.968919 0.728869 0.540741 -0.512399 0.548644
 0.784394 0.578501 0.529342 -0.504168 0.426978
 0.642231 0.464567 0.515839 -0.49361 0.336355
 0.530358 0.376431 0.5003 -0.480788 0.267461
 0.44066 0.307013 0.482481 -0.465476 0.214159
 0.367947 0.251729 0.463014 -0.448282 0.172458
 0.308639 0.207415 0.442695 -0.429991 0.139607
 0.259381 0.171299 0.420111 -0.409256 0.113327
 0.218941 0.142137 0.397909 -0.388662 0.0924538
 0.185149 0.118213 0.374315 -0.366506 0.0756369
 0.157247 0.0987712 0.351655 -0.345078 0.0621851
 0.133913 0.082785 0.329057 -0.323548 0.0513065
 0.114384 0.0696156 0.307405 -0.302806 0.0424839
 0.0982256 0.0588644 0.288196 -0.284349 0.0353791
 0.0845694 0.049905 0.270965 -0.267746 0.0295416
 0.0727656 0.0422804 0.254899 -0.252212 0.0246497
 0.0623086 0.0356473 0.238739 -0.236516 0.0204676
 0.0528977 0.0298046 0.220931 -0.219116 0.0168576
 0.0445466 0.0247236 0.202229 -0.200765 0.0137778
 0.0372469 0.0203651 0.183472 -0.182305 0.0111829
 0.03094 0.0166702 0.164643 -0.163722 0.00902256
 0.0255898 0.0135899 0.146552 -0.145831 0.00725144
 0.0211076 0.0110519 0.129558 -0.128996 0.00581526
 0.0173983 0.008984 0.11399 -0.113552 0.00466279
 0.014352 0.00730819 0.100423 -0.100083 0.00374097
 0.0118846 0.00596676 0.0890769 -0.0888119 0.00301192
 0.00981375 0.00485778 0.0788337 -0.0786288 0.00241806
 0.00814156 0.00397025 0.0708937 -0.0707406 0.00194739
 0.00669925 0.00321855 0.0632512 -0.0631394 0.00155571
 0.00542522 0.00256742 0.0555645 -0.0554862 0.00122269
 0.00432524 0.00201575 0.0481202 -0.0480682 0.000945587
 0.00340148 0.00155912 0.0415377 -0.0415072 0.000719469
 0.00261813 0.00118006 0.0350674 -0.0350522 0.000535549
 0.00197264 0.000874063 0.0289651 -0.0289601 0.000389989
 0.00145404 0.000632881 0.0234621 -0.0234634 0.000277376
 0.00105846 0.000450612 0.0192845 -0.0192914 0.000193086
 0.000743356 0.00030892 0.0153751 -0.0153846 0.000129101
 0.000503178 0.000203539 0.0119062 -0.0119164 8.266e-05
 0.00033091 0.000129026 0.00933869 -0.00934994 5.0314e-05
 0.000210303 7.81581e-05 0.0072735 -0.00728488 2.88019e-05
 0.000126513 4.3695e-05 0.00565949 -0.00567069 1.46116e-05
 7.01719e-05 2.12459e-05 0.00439357 -0.00440421 5.68369e-06
 3.20446e-05 6.83025e-06 0.00329136 -0.00330093 2.85898e-07
 9.15037e-06 -1.08486e-06 0.00235678 -0.00236482 -2.34871e-06
 -3.00191e-06 -4.86917e-06 0.00169916 -0.00170579 -3.40953e-06
 -8.65544e-06 -6.13342e-06 0.00118453 -0.00118978 -3.50331e-06
 -1.10225e-05 -6.34431e-06 0.000833825 -0.000838031 -3.28768e-06
 -1.04345e-05 -5.48891e-06 0.000563916 -0.000567061 -2.6974e-06
 -8.4835e-06 -4.25446e-06 0.000376872 -0.000379103 -2.02484e-06
 -6.47856e-06 -3.13773e-06 0.000247929 -0.000249474 -1.45627e-06
 -5.0343e-06 -2.36281e-06 0.000166101 -0.000167211 -1.071e-06
 -3.88963e-06 -1.77481e-06 0.000111167 -0.000111982 -7.86925e-07
 -2.87874e-06 -1.28277e-06 7.34069e-05 -7.40037e-05 -5.57778e-07
 -1.83953e-06 -8.04906e-07 4.37534e-05 -4.41361e-05 -3.44524e-07
 -1.12547e-06 -4.83901e-07 2.49251e-05 -2.51614e-05 -2.03971e-07
 -5.51191e-07 -2.33587e-07 1.17264e-05 -1.1844e-05 -9.71775e-08
 -2.35698e-07 -9.86794e-08 4.93834e-06 -4.98928e-06 -4.0588e-08
 -1.0391e-07 -4.2816e-08 2.02539e-06 -2.04836e-06 -1.73614e-08
 -1.27808e-08 -5.21401e-09 2.39287e-07 -2.41935e-07 -2.09528e-09
 -4.15227e-09 -1.66769e-09 7.16406e-08 -7.25331e-08 -6.60775e-10
 0 0 0 0 0
 0 0 0 0 0
 0 0 0 0 0
 0 0 0 0 0
 0 0 0 0 0
 0 0 0 0 0
 0 0 0 0 0
 0 0 0 0 0
 0 0 0 0 0
 0 0 0 0 0
 0 0 0 0 0
 0 0 0 0 0
 0 0 0 0 0
 0 0 0 0 0
 0 0 0 0 0
 0 0 0 0 0
 0 0 0 0 0
 0 0 0 0 0
 0 0 0 0 0
 0 0 0 0 0
 0 0 0 0 0
 0 0 0 0 0
 0 0 0 0 0
 0 0 0 0 0
 0 0 0 0 0
 0 0 0 0 0
 0 0 0 0 0
 0 0 0 0 0
 0 0 0 0 0
 0 0 0 0 0
 0 0 0 0 0
 0 0 0 0 0
 0 0 0 0 0
 0 0 0 0 0
 0 0 0 0 0
 0 0 0 0 0
 0 0 0 0 0
 0 0 0 0 0
 0 0 0 0 0
 0 0 0 0 0
 0 0 0 0 0
 0 0 0 0 0
 0 0 0 0 0
 0 0 0 0 0
 0 0 0 0 0
 0 0 0 0 0
 0 0 0 0 0
 0 0 0 0 0
 0 0 0 0 0
 0 0 0 0 0
 0 0 0 0 0
 0 0 0 0 0
 0 0 0 0 0
 0 0 0 0 0
 20.3118 18.3066 0.495743 -0.444167 16.4998
 9.79669 8.627 0.506811 -0.458188 7.59744
 5.76504 4.96279 0.516164 -0.470591 4.27259
 3.79176 3.19242 0.523403 -0.480966 2.68822
 2.6759 2.20453 0.528302 -0.489051 1.81658
 1.98071 1.5975 0.530559 -0.494515 1.28881
 1.51664 1.19808 0.529989 -0.497134 0.946787
 1.19079 0.92175 0.52662 -0.49689 0.713844
 0.953119 0.723269 0.520715 -0.493993 0.549181
 0.774538 0.57645 0.512512 -0.488643 0.429333
 0.6367 0.464942 0.501989 -0.480807 0.33981
 0.528163 0.378572 0.489492 -0.470801 0.271623
 0.440985 0.310377 0.474766 -0.458383 0.218705
 0.370028 0.255822 0.458256 -0.443981 0.177098
 0.311549 0.211649 0.439969 -0.427609 0.143996
 0.263009 0.175628 0.420258 -0.409621 0.117472
 0.222456 0.146068 0.3991 -0.39001 0.0960875
 0.188593 0.121811 0.377154 -0.369432 0.0788363
 0.160198 0.101824 0.354337 -0.347824 0.064865
 0.136659 0.0855062 0.332598 -0.327114 0.0536292
 0.116891 0.0720244 0.31096 -0.306367 0.0444948
 0.100306 0.0608822 0.290441 -0.286603 0.0370563
 0.0865619 0.0517629 0.27251 -0.269294 0.0310459
 0.0748919 0.0441216 0.256628 -0.253932 0.0260766
 0.0647744 0.0375892 0.242397 -0.240141 0.021888
 0.0555943 0.0317827 0.226765 -0.2249 0.0182363
 0.0473123 0.0266503 0.209897 -0.208374 0.0150699
 0.0399147 0.0221557 0.192196 -0.190968 0.0123488
 0.0334046 0.0182747 0.174156 -0.173178 0.0100411
 0.0277623 0.014973 0.156058 -0.155285 0.00811225
 0.022967 0.0122149 0.138586 -0.137979 0.00652738
 0.0189538 0.00994306 0.122273 -0.121797 0.00524184
 0.0156387 0.00809431 0.107421 -0.107046 0.00421086
 0.0129161 0.00659506 0.0945631 -0.0942675 0.00338519
 0.0107147 0.00539621 0.0839344 -0.0837025 0.00273238
 0.00886294 0.00440266 0.0742838 -0.0741025 0.00219923
 0.00738862 0.00361681 0.0672306 -0.0670938 0.00178081
 0.00606824 0.00292796 0.059712 -0.0596109 0.00142135
 0.00491559 0.00233726 0.0524222 -0.0523505 0.00111836
 0.00391799 0.00183543 0.045338 -0.0452894 0.000865481
 0.00307804 0.00141872 0.0391054 -0.0390761 0.000658356
 0.0023643 0.00107204 0.0329413 -0.0329259 0.000489479
 0.00177721 0.000792638 0.0271091 -0.0271027 0.000356016
 0.00130563 0.000572274 0.0218822 -0.0218818 0.000252611
 0.000945931 0.00040548 0.0180064 -0.0180114 0.000174981
 0.000660106 0.000276372 0.0142689 -0.0142764 0.000116402
 0.000442634 0.000180387 0.0109991 -0.0110076 7.38419e-05
 0.000288349 0.000113225 0.00861187 -0.00862163 4.44946e-05
 0.00018117 6.77381e-05 0.0066875 -0.0066975 2.51304e-05
 0.000107184 3.70232e-05 0.00522658 -0.00523671 1.23582e-05
 5.72967e-05 1.71044e-05 0.0040117 -0.00402133 4.41962e-06
 2.42972e-05 4.60657e-06 0.00297393 -0.00298257 -2.674e-07
 5.42483e-06 -1.83311e-06 0.00209475 -0.00210189 -2.36548e-06
 -4.48081e-06 -4.88768e-06 0.00149781 -0.00150367 -3.20249e-06
 -9.26044e-06 -5.98364e-06 0.00104245 -0.00104716 -3.30054e-06
 -1.06347e-05 -5.89804e-06 0.000727662 -0.000731394 -3.00475e-06
 -9.37094e-06 -4.83769e-06 0.000478634 -0.000481329 -2.35665e-06
 -7.56156e-06 -3.74255e-06 0.000320939 -0.000322863 -1.77046e-06
 -5.70929e-06 -2.73767e-06 0.000209517 -0.000210843 -1.26499e-06
 -4.45844e-06 -2.07534e-06 0.000140804 -0.000141776 -9.37263e-07
 -3.42767e-06 -1.55444e-06 9.42044e-05 -9.49263e-05 -6.87481e-07
 -2.42112e-06 -1.07507e-06 6.01536e-05 -6.06621e-05 -4.67096e-07
 -1.46638e-06 -6.40575e-07 3.43902e-05 -3.47006e-05 -2.74324e-07
 -8.70056e-07 -3.73651e-07 1.89354e-05 -1.91223e-05 -1.57629e-07
 -3.99394e-07 -1.69295e-07 8.44188e-06 -8.529e-06 -7.05612e-08
 -1.74449e-07 -7.29875e-08 3.56794e-06 -3.60669e-06 -3.00557e-08
 -5.88855e-08 -2.4282e-08 1.12874e-06 -1.14206e-06 -9.86863e-09
 -8.99637e-09 -3.67055e-09 1.63582e-07 -1.6551e-07 -1.47756e-09
 -9.3745e-10 -3.76874e-10 1.5764e-08 -1.59733e-08 -1.49675e-10
 0 0 0 0 0
 0 0 0 0 0
 0 0 0 0 0
 0 0 0 0 0
 0 0 0 0 0
 0 0 0 0 0
 0 0 0 0 0
 0 0 0 0 0
 0 0 0 0 0
 0 0 0 0 0
 0 0 0 0 0
 0 0 0 0 0
 0 0 0 0 0
 0 0 0 0 0
 0 0 0 0 0
 0 0 0 0 0
 0 0 0 0 0
 0 0 0 0 0
 0 0 0 0 0
 0 0 0 0 0
 0 0 0 0 0
 0 0 0 0 0
 0 0 0 0 0
 0 0 0 0 0
 0 0 0 0 0
 0 0 0 0 0
 0 0 0 0 0
 0 0 0 0 0
 0 0 0 0 0
 0 0 0 0 0
 0 0 0 0 0
 0 0 0 0 0
 0 0 0 0 0
 0 0 0 0 0
 0 0 0 0 0
 0 0 0 0 0
 0 0 0 0 0
 0 0 0 0 0
 0 0 0 0 0
 0 0 0 0 0
 0 0 0 0 0
 0 0 0 0 0
 0 0 0 0 0
 0 0 0 0 0
 0 0 0 0 0
 0 0 0 0 0
 0 0 0 0 0
 0 0 0 0 0
 0 0 0 0 0
 0 0 0 0 0
 0 0 0 0 0
 0 0 0 0 0
 0 0 0 0 0
 19.8778 18.0007 0.454927 -0.408573 16.3012
 9.48612 8.39769 0.467165 -0.423261 7.4345
 5.56515 4.81843 0.478248 -0.436878 4.17228
 3.66112 3.10173 0.487693 -0.448942 2.62819
 2.58776 2.14622 0.495039 -0.458984 1.78039
 1.91983 1.55946 0.49993 -0.466624 1.26708
 1.47416 1.1733 0.502167 -0.47163 0.934175
 1.16141 0.906144 0.501786 -0.473989 0.707306
 0.9328 0.713738 0.498716 -0.473599 0.546426
 0.760506 0.570912 0.493198 -0.470654 0.428879
 0.627362 0.462256 0.485407 -0.465303 0.340879
 0.522363 0.377924 0.475477 -0.457659 0.273683
 0.438134 0.311361 0.463733 -0.448028 0.221512
 0.369299 0.257879 0.449827 -0.436078 0.180302
 0.312467 0.214471 0.434268 -0.422297 0.147416
 0.264994 0.178838 0.416996 -0.406639 0.120884
 0.225042 0.149377 0.398152 -0.389249 0.0993269
 0.191293 0.124929 0.377815 -0.370214 0.0817469
 0.162868 0.10469 0.356592 -0.350143 0.0674362
 0.138964 0.0879519 0.334927 -0.329484 0.0557937
 0.118956 0.0741581 0.313667 -0.30909 0.0463454
 0.102167 0.0627587 0.293018 -0.289181 0.0386535
 0.0881013 0.0533383 0.273841 -0.270625 0.0323839
 0.0763519 0.0455642 0.257008 -0.254308 0.0272737
 0.0663669 0.0390377 0.242429 -0.240161 0.0230369
 0.05762 0.0333991 0.229424 -0.227523 0.0194266
 0.0495885 0.028329 0.21477 -0.213197 0.0162434
 0.0422802 0.0238086 0.198786 -0.197502 0.0134594
 0.0357096 0.0198238 0.181897 -0.180861 0.0110506
 0.0298996 0.0163658 0.164611 -0.163785 0.008997
 0.0248515 0.0134156 0.147218 -0.146564 0.00727531
 0.0205605 0.0109499 0.130427 -0.12991 0.00585933
 0.0169736 0.00892019 0.114825 -0.114416 0.00471093
 0.0140383 0.00728031 0.101171 -0.100846 0.00379483
 0.0115903 0.00593343 0.0885981 -0.0883375 0.00305336
 0.00963262 0.00486531 0.0787294 -0.0785219 0.00247063
 0.00801931 0.00399537 0.0703813 -0.0702181 0.00200167
 0.00666838 0.003276 0.0632438 -0.0631181 0.00161878
 0.005478 0.00265373 0.0561298 -0.056036 0.00129335
 0.00443616 0.00211844 0.0492518 -0.0491842 0.00101803
 0.00353659 0.00166412 0.0427006 -0.0426542 0.000788175
 0.002771 0.00128381 0.0366058 -0.0365766 0.000598829
 0.00212262 0.000967844 0.0307421 -0.0307256 0.000444386
 0.00159046 0.000713675 0.0251894 -0.0251812 0.000322527
 0.00116781 0.000514559 0.0205406 -0.0205388 0.000228346
 0.00083805 0.000361495 0.0166792 -0.0166823 0.000157006
 0.000580198 0.000244511 0.0131441 -0.0131497 0.000103687
 0.00038499 0.000157936 0.0100697 -0.0100766 6.51069e-05
 0.000248187 9.80519e-05 0.00786094 -0.00786925 3.87882e-05
 0.000153638 5.76701e-05 0.00609226 -0.00610104 2.14826e-05
 8.89925e-05 3.06897e-05 0.00474846 -0.00475746 1.02003e-05
 4.56494e-05 1.33084e-05 0.00362527 -0.00363393 3.24068e-06
 1.75666e-05 2.68316e-06 0.00265401 -0.00266173 -7.3715e-07
 1.99872e-06 -2.70132e-06 0.00190122 -0.00190773 -2.52387e-06
 -5.87789e-06 -4.96529e-06 0.00130672 -0.00131192 -3.05124e-06
 -9.5305e-06 -5.7437e-06 0.000904062 -0.000908256 -3.0752e-06
 -9.96775e-06 -5.36606e-06 0.000623509 -0.000626775 -2.69461e-06
 -8.39113e-06 -4.25828e-06 0.000403291 -0.000405594 -2.05705e-06
 -6.57456e-06 -3.22004e-06 0.000268521 -0.000270146 -1.51601e-06
 -5.05212e-06 -2.39875e-06 0.000176302 -0.00017745 -1.10312e-06
 -3.92979e-06 -1.81546e-06 0.000118174 -0.000119021 -8.17038e-07
 -2.95361e-06 -1.33273e-06 7.82781e-05 -7.89062e-05 -5.88251e-07
 -1.96034e-06 -8.68331e-07 4.77733e-05 -4.81919e-05 -3.7719e-07
 -1.19127e-06 -5.19123e-07 2.71411e-05 -2.73985e-05 -2.22256e-07
 -6.28037e-07 -2.69643e-07 1.35443e-05 -1.36824e-05 -1.13904e-07
 -2.52882e-07 -1.07417e-07 5.44749e-06 -5.50384e-06 -4.49128e-08
 -1.20832e-07 -5.05344e-08 2.40906e-06 -2.4367e-06 -2.08355e-08
 -2.0358e-08 -8.41606e-09 3.85541e-07 -3.90088e-07 -3.43354e-09
 -5.37798e-09 -2.19502e-09 9.49844e-08 -9.61806e-08 -8.8515e-10
 0 0 0 0 0
 0 0 0 0 0
 0 0 0 0 0
 0 0 0 0 0
 0 0 0 0 0
 0 0 0 0 0
 0 0 0 0 0
 0 0 0 0 0
 0 0 0 0 0
 0 0 0 0 0
 0 0 0 0 0
 0 0 0 0 0
 0 0 0 0 0
 0 0 0 0 0
 0 0 0 0 0
 0 0 0 0 0
 0 0 0 0 0
 0 0 0 0 0
 0 0 0 0 0
 0 0 0 0 0
 0 0 0 0 0
 0 0 0 0 0
 0 0 0 0 0
 0 0 0 0 0
 0 0 0 0 0
 0 0 0 0 0
 0 0 0 0 0
 0 0 0 0 0
 0 0 0 0 0
 0 0 0 0 0
 0 0 0 0 0
 0 0 0 0 0
 0 0 0 0 0
 0 0 0 0 0
 0 0 0 0 0
 0 0 0 0 0
 0 0 0 0 0
 0 0 0 0 0
 0 0 0 0 0
 0 0 0 0 0
 0 0 0 0 0
 0 0 0 0 0
 0 0 0 0 0
 0 0 0 0 0
 0 0 0 0 0
 0 0 0 0 0
 0 0 0 0 0
 0 0 0 0 0
 0 0 0 0 0
 0 0 0 0 0
 0 0 0 0 0
 0 0 0 0 0
 0 0 0 0 0
 19.3734 17.6219 0.416166 -0.374506 16.0291
 9.13925 8.13069 0.428783 -0.389192 7.23375
 5.34172 4.65012 0.440831 -0.403362 4.04841
 3.51324 2.99401 0.451766 -0.416491 2.55186
 2.48733 2.07601 0.461081 -0.428074 1.73304
 1.8508 1.51354 0.468414 -0.437737 1.23807
 1.42606 1.14314 0.473322 -0.445021 0.916656
 1.12712 0.886006 0.475566 -0.449656 0.696775
 0.908081 0.700294 0.475081 -0.451542 0.540343
 0.742794 0.562203 0.472114 -0.450881 0.425794
 0.614977 0.457013 0.466814 -0.447787 0.339886
 0.514007 0.375188 0.459459 -0.442513 0.274108
 0.432716 0.31035 0.450014 -0.435016 0.222819
 0.366364 0.258269 0.438876 -0.425676 0.182284
 0.311499 0.215909 0.426039 -0.414484 0.149854
 0.265311 0.180869 0.410923 -0.400882 0.123489
 0.22638 0.151832 0.394495 -0.385816 0.102004
 0.193249 0.127552 0.376453 -0.368998 0.0843456
 0.16505 0.107242 0.357166 -0.350803 0.0698219
 0.140986 0.0902156 0.336333 -0.330942 0.0578546
 0.120724 0.0761044 0.315455 -0.310905 0.0480898
 0.103714 0.0644344 0.295016 -0.291186 0.0401334
 0.0894181 0.0547683 0.275309 -0.272092 0.0336367
 0.0775131 0.0468153 0.257711 -0.255004 0.0283565
 0.0674137 0.0401538 0.241715 -0.239436 0.0239902
 0.058952 0.0346208 0.229341 -0.227415 0.0203984
 0.0512751 0.0296881 0.216687 -0.215074 0.0172493
 0.0442241 0.0252464 0.20289 -0.201554 0.0144659
 0.0377546 0.0212534 0.187707 -0.186616 0.0120112
 0.0319087 0.0177144 0.171676 -0.170795 0.00987512
 0.0267133 0.0146283 0.154996 -0.154291 0.00804544
 0.022197 0.0119928 0.138291 -0.137731 0.00650919
 0.0183622 0.0097915 0.122189 -0.121742 0.00524603
 0.0151625 0.00798169 0.107318 -0.106961 0.00422225
 0.0125532 0.00652325 0.0945138 -0.0942256 0.00340689
 0.0103951 0.00533356 0.083005 -0.0827713 0.00275076
 0.00863806 0.00437481 0.0735263 -0.0733369 0.00222747
 0.00720956 0.00360243 0.0659737 -0.0658231 0.00181
 0.00600243 0.00295871 0.0592749 -0.0591579 0.00146682
 0.00492974 0.00239703 0.0525401 -0.0524513 0.00117256
 0.00398882 0.00191263 0.0460337 -0.0459685 0.000922856
 0.0031783 0.00150187 0.0399681 -0.0399227 0.000714325
 0.00248195 0.00115538 0.0340829 -0.0340531 0.000541492
 0.00189474 0.000868444 0.0285056 -0.0284876 0.000400828
 0.00141372 0.000637956 0.0232421 -0.0232319 0.000289949
 0.00103362 0.00045798 0.0189551 -0.0189514 0.000204386
 0.000735975 0.000319269 0.0153296 -0.0153309 0.000139473
 0.000504289 0.000213719 0.0120151 -0.0120191 9.11587e-05
 0.000333925 0.000137453 0.00936594 -0.00937212 5.68631e-05
 0.000213852 8.49156e-05 0.00721506 -0.00722231 3.3777e-05
 0.000130181 4.8936e-05 0.00560288 -0.00561084 1.82491e-05
 7.20613e-05 2.46548e-05 0.00427696 -0.00428499 8.08e-06
 3.51477e-05 9.82294e-06 0.00324649 -0.00325427 2.12991e-06
 1.19376e-05 1.10938e-06 0.00233673 -0.00234357 -1.09855e-06
 -5.46694e-07 -3.16914e-06 0.00166084 -0.00166656 -2.49612e-06
 -6.99987e-06 -5.01033e-06 0.00112866 -0.00113326 -2.91449e-06
 -9.39531e-06 -5.37555e-06 0.00076985 -0.000773531 -2.80878e-06
 -9.06694e-06 -4.77126e-06 0.000526648 -0.000529446 -2.36886e-06
 -7.49944e-06 -3.74197e-06 0.000334841 -0.00033681 -1.79162e-06
 -5.69299e-06 -2.76126e-06 0.000223132 -0.000224505 -1.29396e-06
 -4.4546e-06 -2.0974e-06 0.000148324 -0.000149326 -9.60556e-07
 -3.42993e-06 -1.57424e-06 9.84806e-05 -9.92219e-05 -7.06281e-07
 -2.47502e-06 -1.11236e-06 6.35181e-05 -6.40519e-05 -4.90271e-07
 -1.50373e-06 -6.65288e-07 3.63669e-05 -3.66944e-05 -2.89149e-07
 -9.21694e-07 -4.00992e-07 2.05152e-05 -2.07192e-05 -1.71712e-07
 -4.33298e-07 -1.86088e-07 9.31212e-06 -9.40987e-06 -7.87375e-08
 -1.86907e-07 -7.93125e-08 3.9147e-06 -3.95761e-06 -3.31829e-08
 -7.05756e-08 -2.95274e-08 1.38274e-06 -1.39937e-06 -1.21951e-08
 -9.75925e-09 -4.04286e-09 1.81726e-07 -1.8389e-07 -1.65479e-09
 -1.96952e-09 -8.04325e-10 3.3799e-08 -3.42553e-08 -3.24932e-10
 0 0 0 0 0
 0 0 0 0 0
 0 0 0 0 0
 0 0 0 0 0
 0 0 0 0 0
 0 0 0 0 0
 0 0 0 0 0
 0 0 0 0 0
 0 0 0 0 0
 0 0 0 0 0
 0 0 0 0 0
 0 0 0 0 0
 0 0 0 0 0
 0 0 0 0 0
 0 0 0 0 0
 0 0 0 0 0
 0 0 0 0 0
 0 0 0 0 0
 0 0 0 0 0
 0 0 0 0 0
 0 0 0 0 0
 0 0 0 0 0
 0 0 0 0 0
 0 0 0 0 0
 0 0 0 0 0
 0 0 0 0 0
 0 0 0 0 0
 0 0 0 0 0
 0 0 0 0 0
 0 0 0 0 0
 0 0 0 0 0
 0 0 0 0 0
 0 0 0 0 0
 0 0 0 0 0
 0 0 0 0 0
 0 0 0 0 0
 0 0 0 0 0
 0 0 0 0 0
 0 0 0 0 0
 0 0 0 0 0
 0 0 0 0 0
 0 0 0 0 0
 0 0 0 0 0
 0 0 0 0 0
 0 0 0 0 0
 0 0 0 0 0
 0 0 0 0 0
 0 0 0 0 0
 0 0 0 0 0
 0 0 0 0 0
 0 0 0 0 0
 0 0 0 0 0
 18.8654 17.2312 0.380638 -0.343073 15.7389
 8.78512 7.85194 0.392866 -0.357106 7.01819
 5.10823 4.46961 0.404987 -0.371056 3.91115
 3.35527 2.87529 0.416584 -0.384522 2.46428
 2.37848 1.99706 0.427248 -0.397101 1.67711
 1.77426 1.46024 0.436389 -0.408216 1.20209
 1.37152 1.10688 0.443478 -0.417335 0.893581
 1.08821 0.861537 0.448241 -0.42416 0.682356
 0.880256 0.683925 0.450406 -0.428397 0.531652
 0.722563 0.551173 0.449888 -0.429927 0.420693
 0.600066 0.449563 0.446883 -0.428911 0.337054
 0.503112 0.370339 0.441702 -0.425626 0.272839
 0.425194 0.30763 0.434536 -0.420243 0.222793
 0.361518 0.25717 0.425701 -0.413062 0.183148
 0.30872 0.215992 0.415268 -0.404151 0.151309
 0.264269 0.181901 0.402837 -0.393122 0.125384
 0.226562 0.153464 0.388771 -0.380331 0.104117
 0.194366 0.129594 0.373332 -0.366037 0.0865588
 0.166511 0.10932 0.355379 -0.349128 0.0719106
 0.142738 0.0923006 0.336742 -0.33141 0.0598109
 0.122317 0.0779362 0.316489 -0.311972 0.0497711
 0.105072 0.0659894 0.296382 -0.292567 0.0415449
 0.0905719 0.0560888 0.27676 -0.273543 0.0348247
 0.0783775 0.0478762 0.258023 -0.255311 0.0293254
 0.0682406 0.0411229 0.241638 -0.239346 0.0248538
 0.0596509 0.035465 0.227217 -0.225277 0.0211508
 0.0523609 0.0307048 0.216062 -0.214418 0.0180649
 0.0456536 0.0264044 0.204284 -0.202904 0.0153249
 0.0394362 0.0224969 0.191264 -0.19012 0.0128812
 0.0336907 0.0189589 0.176807 -0.17587 0.0107108
 0.028472 0.0158067 0.161421 -0.160663 0.00881181
 0.0238234 0.0130508 0.145424 -0.144816 0.00718044
 0.0197833 0.0106971 0.129349 -0.128862 0.0058103
 0.0163679 0.0087375 0.114164 -0.113773 0.00468621
 0.0135259 0.00713075 0.100082 -0.099765 0.00377751
 0.0111993 0.00583061 0.087915 -0.0876556 0.00305071
 0.00928631 0.00477534 0.0771575 -0.0769431 0.00246821
 0.00772913 0.0039241 0.0684744 -0.0682988 0.00200277
 0.00646631 0.00323997 0.0615791 -0.0614377 0.00163228
 0.00538949 0.00266482 0.0553642 -0.0552533 0.00132516
 0.00442353 0.00215818 0.0490396 -0.0489543 0.00105924
 0.00357397 0.00172026 0.0428326 -0.0427688 0.000833175
 0.00284208 0.00134846 0.0371492 -0.037104 0.000643944
 0.00221114 0.00103374 0.0315974 -0.0315669 0.000486552
 0.00168149 0.000774438 0.0262673 -0.0262477 0.000359168
 0.00124824 0.000566184 0.0213174 -0.0213054 0.000258653
 0.000906881 0.000403837 0.0173703 -0.017365 0.000181132
 0.000640806 0.000279434 0.0139761 -0.0139757 0.000122716
 0.000433776 0.000184761 0.0108866 -0.0108893 7.92169e-05
 0.000284466 0.00011761 0.00847669 -0.00848175 4.88784e-05
 0.000180102 7.18175e-05 0.00648162 -0.00648775 2.86954e-05
 0.000107646 4.04865e-05 0.00503274 -0.00503973 1.50963e-05
 5.83002e-05 1.97537e-05 0.00386496 -0.00387224 6.36394e-06
 2.60879e-05 6.82006e-06 0.00287138 -0.00287833 1.17811e-06
 7.45087e-06 -8.36706e-08 0.00202664 -0.00203263 -1.33409e-06
 -2.64242e-06 -3.53649e-06 0.00143143 -0.00143644 -2.45689e-06
 -7.79462e-06 -4.97706e-06 0.000958844 -0.000962919 -2.76443e-06
 -9.10781e-06 -5.02829e-06 0.000668394 -0.000671662 -2.58133e-06
 -7.96281e-06 -4.11448e-06 0.000433375 -0.000435706 -2.02381e-06
 -6.47544e-06 -3.18792e-06 0.000270647 -0.000272282 -1.51548e-06
 -4.94954e-06 -2.37736e-06 0.000183936 -0.000185098 -1.1085e-06
 -3.88581e-06 -1.81536e-06 0.000122639 -0.000123504 -8.28063e-07
 -2.94012e-06 -1.34212e-06 8.08994e-05 -8.15425e-05 -6.00579e-07
 -1.99654e-06 -8.94731e-07 4.99688e-05 -5.04076e-05 -3.94034e-07
 -1.20866e-06 -5.33322e-07 2.83067e-05 -2.8576e-05 -2.31637e-07
 -6.63737e-07 -2.88569e-07 1.45757e-05 -1.47266e-05 -1.23666e-07
 -2.79134e-07 -1.20022e-07 6.05236e-06 -6.11686e-06 -5.08963e-08
 -1.28568e-07 -5.45208e-08 2.61969e-06 -2.65018e-06 -2.28283e-08
 -3.00156e-08 -1.25708e-08 5.75071e-07 -5.82214e-07 -5.20364e-09
 -5.98315e-09 -2.47862e-09 1.07854e-07 -1.09235e-07 -1.01582e-09
 0 0 0 0 0
 0 0 0 0 0
 0 0 0 0 0
 0 0 0 0 0
 0 0 0 0 0
 0 0 0 0 0
 0 0 0 0 0
 0 0 0 0 0
 0 0 0 0 0
 0 0 0 0 0
 0 0 0 0 0
 0 0 0 0 0
 0 0 0 0 0
 0 0 0 0 0
 0 0 0 0 0
 0 0 0 0 0
 0 0 0 0 0
 0 0 0 0 0
 0 0 0 0 0
 0 0 0 0 0
 0 0 0 0 0
 0 0 0 0 0
 0 0 0 0 0
 0 0 0 0 0
 0 0 0 0 0
 0 0 0 0 0
 0 0 0 0 0
 0 0 0 0 0
 0 0 0 0 0
 0 0 0 0 0
 0 0 0 0 0
 0 0 0 0 0
 0 0 0 0 0
 0 0 0 0 0
 0 0 0 0 0
 0 0 0 0 0
 0 0 0 0 0
 0 0 0 0 0
 0 0 0 0 0
 0 0 0 0 0
 0 0 0 0 0
 0 0 0 0 0
 0 0 0 0 0
 0 0 0 0 0
 0 0 0 0 0
 0 0 0 0 0
 0 0 0 0 0
 0 0 0 0 0
 0 0 0 0 0
 0 0 0 0 0
 0 0 0 0 0
 0 0 0 0 0
 18.3566 16.8319 0.348176 -0.314164 15.434
 8.4395 7.57606 0.359907 -0.327488 6.80119
 4.88028 4.29078 0.371748 -0.340931 3.77277
 3.19792 2.75487 0.383338 -0.354153 2.37349
 2.26632 1.91368 0.394449 -0.366923 1.61619
 1.69301 1.40181 0.404609 -0.378779 1.16098
 1.31269 1.06621 0.413381 -0.389286 0.866281
 1.04538 0.83325 0.420224 -0.397901 0.664425
 0.848825 0.664206 0.424664 -0.404142 0.519991
 0.699594 0.537626 0.426593 -0.407872 0.413397
 0.583248 0.440354 0.425944 -0.408998 0.332699
 0.49072 0.364131 0.422929 -0.407698 0.270416
 0.415986 0.303479 0.417818 -0.404216 0.221609
 0.354802 0.254574 0.410831 -0.398756 0.182856
 0.304278 0.214788 0.402491 -0.391822 0.151802
 0.261747 0.181829 0.392414 -0.383041 0.126484
 0.225542 0.154228 0.380772 -0.372585 0.105622
 0.194305 0.130824 0.367094 -0.359991 0.08823
 0.167433 0.111021 0.352346 -0.346211 0.0737506
 0.1439 0.0940025 0.334821 -0.329571 0.0615297
 0.123731 0.0796481 0.316815 -0.312337 0.0513821
 0.106322 0.0674731 0.297102 -0.293307 0.0429188
 0.0916119 0.0573335 0.277783 -0.274571 0.0359704
 0.0792225 0.048912 0.259016 -0.256299 0.0302781
 0.0688287 0.0419348 0.241487 -0.239186 0.0256207
 0.060175 0.036186 0.226109 -0.224153 0.0218245
 0.0528617 0.0313731 0.213313 -0.211647 0.0186778
 0.0465514 0.0272594 0.203234 -0.201817 0.0160152
 0.0406672 0.0234954 0.192231 -0.191039 0.0136221
 0.0351606 0.0200432 0.179911 -0.178921 0.011468
 0.0300424 0.0168991 0.166164 -0.165352 0.00954313
 0.0253704 0.0140841 0.15136 -0.150701 0.00785094
 0.0212064 0.0116209 0.135909 -0.135378 0.00639575
 0.0176001 0.00952294 0.1206 -0.120171 0.00517586
 0.0145522 0.00777669 0.106048 -0.105699 0.00417521
 0.0120312 0.00635188 0.0927837 -0.0924969 0.00336954
 0.00996994 0.00519972 0.0814338 -0.0811956 0.00272521
 0.00830294 0.00427736 0.0719919 -0.0717937 0.00221468
 0.00690175 0.00351232 0.063455 -0.0632894 0.00179671
 0.00578812 0.00290751 0.0573149 -0.0571806 0.00146841
 0.00482755 0.00239386 0.0515403 -0.0514339 0.00119377
 0.00395749 0.00193703 0.0455602 -0.0454774 0.0009537
 0.00319115 0.00154151 0.0396769 -0.0396141 0.000749219
 0.00253058 0.00120521 0.0343647 -0.0343195 0.000577681
 0.00196024 0.000920206 0.0291035 -0.0290723 0.000434869
 0.001483 0.000686081 0.0240566 -0.0240358 0.000319605
 0.00109496 0.000498962 0.0194454 -0.0194321 0.000228993
 0.000791588 0.000353879 0.0159509 -0.0159448 0.000159347
 0.000551873 0.000241691 0.0126676 -0.0126662 0.000106607
 0.000369166 0.000157947 0.00977638 -0.00977794 6.80338e-05
 0.000239426 9.937e-05 0.00758912 -0.00759319 4.14635e-05
 0.000149109 5.94652e-05 0.00583503 -0.00584038 2.37524e-05
 8.70275e-05 3.26179e-05 0.00448383 -0.00449001 1.2098e-05
 4.51943e-05 1.50001e-05 0.00342796 -0.00343451 4.65978e-06
 1.85225e-05 4.33564e-06 0.00250716 -0.00251334 4.04828e-07
 3.9972e-06 -9.33887e-07 0.00172899 -0.00173416 -1.45762e-06
 -4.45124e-06 -3.8721e-06 0.00121969 -0.00122412 -2.43635e-06
 -8.10494e-06 -4.83657e-06 0.000829312 -0.000832944 -2.60456e-06
 -8.4e-06 -4.50518e-06 0.000557082 -0.000559873 -2.27802e-06
 -7.15912e-06 -3.62628e-06 0.000355544 -0.000357533 -1.76401e-06
 -5.53534e-06 -2.71289e-06 0.000231046 -0.000232431 -1.28766e-06
 -4.34673e-06 -2.06752e-06 0.00015177 -0.000152778 -9.58806e-07
 -3.35123e-06 -1.55511e-06 0.000100289 -0.000101034 -7.06856e-07
 -2.45098e-06 -1.114e-06 6.49244e-05 -6.54687e-05 -4.97515e-07
 -1.52587e-06 -6.82694e-07 3.76898e-05 -3.80326e-05 -3.00648e-07
 -9.30731e-07 -4.09881e-07 2.11922e-05 -2.14051e-05 -1.77968e-07
 -4.42226e-07 -1.92305e-07 9.687e-06 -9.79031e-06 -8.25237e-08
 -1.89581e-07 -8.15094e-08 4.05917e-06 -4.10427e-06 -3.46046e-08
 -7.66481e-08 -3.25008e-08 1.52624e-06 -1.54503e-06 -1.36238e-08
 -9.93344e-09 -4.17329e-09 1.88799e-07 -1.91086e-07 -1.73459e-09
 -2.46326e-09 -1.02072e-09 4.30156e-08 -4.36094e-08 -4.18891e-10
 0 0 0 0 0
 0 0 0 0 0
 0 0 0 0 0
 0 0 0 0 0
 0 0 0 0 0
 0 0 0 0 0
 0 0 0 0 0
 0 0 0 0 0
 0 0 0 0 0
 0 0 0 0 0
 0 0 0 0 0
 0 0 0 0 0
 0 0 0 0 0
 0 0 0 0 0
 0 0 0 0 0
 0 0 0 0 0
 0 0 0 0 0
 0 0 0 0 0
 0 0 0 0 0
 0 0 0 0 0
 0 0 0 0 0
 0 0 0 0 0
 0 0 0 0 0
 0 0 0 0 0
 0 0 0 0 0
 0 0 0 0 0
 0 0 0 0 0
 0 0 0 0 0
 0 0 0 0 0
 0 0 0 0 0
 0 0 0 0 0
 0 0 0 0 0
 0 0 0 0 0
 0 0 0 0 0
 0 0 0 0 0
 0 0 0 0 0
 0 0 0 0 0
 0 0 0 0 0
 0 0 0 0 0
 0 0 0 0 0
 0 0 0 0 0
 0 0 0 0 0
 0 0 0 0 0
 0 0 0 0 0
 0 0 0 0 0
 0 0 0 0 0
 0 0 0 0 0
 0 0 0 0 0
 0 0 0 0 0
 0 0 0 0 0
 0 0 0 0 0
 17.8407 16.4186 0.318445 -0.287521 15.11
 8.09856 7.29987 0.329591 -0.300085 6.58025
 4.65773 4.11378 0.341005 -0.312919 3.6336
 3.04531 2.63648 0.352423 -0.325773 2.28278
 2.15702 1.8312 0.363628 -0.338433 1.55484
 1.61221 1.34261 0.374194 -0.350484 1.11835
 1.25202 1.02318 0.383818 -0.361621 0.8364
 0.999738 0.802025 0.392037 -0.37138 0.64365
 0.814919 0.642006 0.398432 -0.379337 0.506016
 0.674387 0.521938 0.402551 -0.385031 0.404174
 0.564359 0.429244 0.404094 -0.388148 0.326693
 0.476606 0.356375 0.403192 -0.388786 0.266681
 0.405476 0.298171 0.400093 -0.387166 0.219458
 0.347046 0.251063 0.395039 -0.383511 0.181811
 0.298484 0.212496 0.388243 -0.378023 0.151455
 0.257758 0.180634 0.38014 -0.371121 0.12675
 0.223189 0.154007 0.370503 -0.362586 0.106422
 0.193416 0.131443 0.359446 -0.352533 0.0894694
 0.167461 0.112107 0.346643 -0.340645 0.0751819
 0.144731 0.0954681 0.332074 -0.326901 0.0630931
 0.12481 0.0811419 0.315501 -0.311071 0.0528612
 0.107496 0.0689013 0.297494 -0.293721 0.0442616
 0.0925831 0.0585313 0.278279 -0.275077 0.0370918
 0.08002 0.049912 0.259877 -0.257158 0.031211
 0.0694175 0.0427364 0.24188 -0.23957 0.0263806
 0.0605319 0.0367914 0.225344 -0.223375 0.0224249
 0.0532163 0.0319357 0.211769 -0.210083 0.0192217
 0.0469854 0.0278371 0.200592 -0.199147 0.0165439
 0.0414628 0.0242441 0.191366 -0.190134 0.014223
 0.0362567 0.0209239 0.180865 -0.179826 0.0121176
 0.0313437 0.0178539 0.168954 -0.168089 0.0102076
 0.0267628 0.0150481 0.155679 -0.154968 0.00849431
 0.0225717 0.0125294 0.141429 -0.14085 0.00698356
 0.0188416 0.0103277 0.126587 -0.126117 0.00568533
 0.0156202 0.00845713 0.111885 -0.111502 0.00459936
 0.0129103 0.00690619 0.0980862 -0.0977713 0.00371139
 0.0106804 0.00564637 0.0856488 -0.0853856 0.00299915
 0.00885837 0.00462756 0.0751356 -0.0749144 0.00242912
 0.00739519 0.00381687 0.0665681 -0.0663813 0.00197981
 0.00617303 0.00314819 0.0589193 -0.0587616 0.00161376
 0.00519641 0.00261631 0.0535715 -0.0534438 0.00132432
 0.00431399 0.00214492 0.0478284 -0.0477258 0.00107241
 0.00352983 0.00173279 0.0421994 -0.0421187 0.000855587
 0.00283949 0.00137625 0.0365888 -0.0365266 0.0006711
 0.00224311 0.00107204 0.031638 -0.0315929 0.000515617
 0.00172876 0.000814644 0.0266536 -0.0266219 0.000386433
 0.0013002 0.000604049 0.0218816 -0.0218599 0.000282562
 0.000955513 0.000436937 0.0178061 -0.0177923 0.000201222
 0.000683656 0.000306848 0.0144372 -0.0144302 0.000138722
 0.000470411 0.000206796 0.0113862 -0.0113839 9.1565e-05
 0.000310974 0.000133608 0.008686 -0.00868669 5.77984e-05
 0.000198978 8.2845e-05 0.006724 -0.00672719 3.46816e-05
 0.00012192 4.86685e-05 0.00515746 -0.005162 1.94537e-05
 6.87344e-05 2.55054e-05 0.00398995 -0.00399557 9.32744e-06
 3.39296e-05 1.09022e-05 0.003007 -0.0030129 3.18706e-06
 1.24496e-05 2.38718e-06 0.00215759 -0.00216302 -1.75984e-07
 7.42769e-07 -1.91164e-06 0.00151243 -0.00151707 -1.71907e-06
 -5.80036e-06 -4.08205e-06 0.00102404 -0.00102796 -2.38717e-06
 -7.92875e-06 -4.49049e-06 0.000685619 -0.000688756 -2.35535e-06
 -7.44894e-06 -3.91046e-06 0.0004554 -0.000457726 -1.95471e-06
 -6.23611e-06 -3.11122e-06 0.000286276 -0.000287933 -1.50056e-06
 -4.76397e-06 -2.31162e-06 0.000187574 -0.000188732 -1.09122e-06
 -3.74994e-06 -1.76899e-06 0.00012311 -0.000123972 -8.16575e-07
 -2.8574e-06 -1.31831e-06 8.14231e-05 -8.20669e-05 -5.97368e-07
 -1.96422e-06 -8.89937e-07 5.04888e-05 -5.09346e-05 -3.96942e-07
 -1.18674e-06 -5.29753e-07 2.85111e-05 -2.87844e-05 -2.33146e-07
 -6.6445e-07 -2.92331e-07 1.48761e-05 -1.50327e-05 -1.26971e-07
 -2.84686e-07 -1.2388e-07 6.25737e-06 -6.32569e-06 -5.32463e-08
 -1.28791e-07 -5.53241e-08 2.67596e-06 -2.7077e-06 -2.34969e-08
 -3.3791e-08 -1.43371e-08 6.57269e-07 -6.657e-07 -6.02008e-09
 -6.07972e-09 -2.55359e-09 1.115e-07 -1.12961e-07 -1.06229e-09
 0 0 0 0 0
 0 0 0 0 0
 0 0 0 0 0
 0 0 0 0 0
 0 0 0 0 0
 0 0 0 0 0
 0 0 0 0 0
 0 0 0 0 0
 0 0 0 0 0
 0 0 0 0 0
 0 0 0 0 0
 0 0 0 0 0
 0 0 0 0 0
 0 0 0 0 0
 0 0 0 0 0
 0 0 0 0 0
 0 0 0 0 0
 0 0 0 0 0
 0 0 0 0 0
 0 0 0 0 0
 0 0 0 0 0
 0 0 0 0 0
 0 0 0 0 0
 0 0 0 0 0
 0 0 0 0 0
 0 0 0 0 0
 0 0 0 0 0
 0 0 0 0 0
 0 0 0 0 0
 0 0 0 0 0
 0 0 0 0 0
 0 0 0 0 0
 0 0 0 0 0
 0 0 0 0 0
 0 0 0 0 0
 0 0 0 0 0
 0 0 0 0 0
 0 0 0 0 0
 0 0 0 0 0
 0 0 0 0 0
 0 0 0 0 0
 0 0 0 0 0
 0 0 0 0 0
 0 0 0 0 0
 0 0 0 0 0
 0 0 0 0 0
 0 0 0 0 0
 0 0 0 0 0
 0 0 0 0 0
 0 0 0 0 0
 0 0 0 0 0
 17.3178 15.992 0.291236 -0.262992 14.7679
 7.76088 7.02263 0.301691 -0.274728 6.35475
 4.43933 3.93774 0.312561 -0.28687 3.49306
 2.89602 2.51905 0.323637 -0.299224 2.19138
 2.05026 1.74947 0.334734 -0.311607 1.49303
 1.53351 1.28409 0.345507 -0.323688 1.07546
 1.19257 0.980287 0.355628 -0.335139 0.806013
 0.954094 0.770138 0.364674 -0.345543 0.621871
 0.779631 0.618197 0.372272 -0.354518 0.490402
 0.64735 0.504411 0.378061 -0.361693 0.393241
 0.544016 0.416698 0.381696 -0.366714 0.319376
 0.461213 0.347397 0.382881 -0.369272 0.26186
 0.393696 0.291709 0.381667 -0.369397 0.216324
 0.338149 0.246551 0.378449 -0.367456 0.17994
 0.291827 0.209449 0.373312 -0.363522 0.150489
 0.252864 0.178697 0.366691 -0.35802 0.126439
 0.219824 0.152998 0.359074 -0.351425 0.106633
 0.191388 0.131227 0.349874 -0.343163 0.0901131
 0.166596 0.112557 0.338978 -0.333125 0.0761731
 0.144914 0.0964881 0.327249 -0.322165 0.0643613
 0.125498 0.0823731 0.312507 -0.308131 0.0541741
 0.108485 0.07021 0.296596 -0.292848 0.0455354
 0.0935769 0.0597372 0.278733 -0.275539 0.0382216
 0.0807962 0.0508944 0.260427 -0.257709 0.0321366
 0.0699931 0.0435211 0.242428 -0.240111 0.0271304
 0.0609262 0.0374084 0.225328 -0.223347 0.0230306
 0.0533727 0.0323666 0.210116 -0.208415 0.0196834
 0.0471111 0.0282183 0.197674 -0.196206 0.0169521
 0.0418273 0.0247384 0.188594 -0.187328 0.0146771
 0.0369467 0.021574 0.179689 -0.178606 0.0126392
 0.0323243 0.0186346 0.169753 -0.168838 0.0107802
 0.0279286 0.0158967 0.158276 -0.157512 0.00908156
 0.0238157 0.0133847 0.145577 -0.144947 0.00755156
 0.0200493 0.0111277 0.131764 -0.13125 0.00620123
 0.0167057 0.00915906 0.117421 -0.117001 0.00504291
 0.0138336 0.00749431 0.103356 -0.10301 0.00407794
 0.0114306 0.00612037 0.090355 -0.0900663 0.00329194
 0.00947519 0.00501421 0.0792088 -0.0789656 0.00266585
 0.00785656 0.00411036 0.0691019 -0.0688938 0.00216067
 0.00657612 0.00339987 0.0614091 -0.0612322 0.00176633
 0.00552676 0.00282307 0.0550916 -0.0549426 0.00144931
 0.00464018 0.00234135 0.0496787 -0.0495562 0.00118763
 0.00384619 0.00191712 0.044235 -0.0441356 0.000960838
 0.00313943 0.00154544 0.0389187 -0.0388401 0.000765144
 0.00251995 0.00122447 0.0339024 -0.0338421 0.000598559
 0.00197839 0.000948481 0.0290202 -0.0289758 0.00045758
 0.00151587 0.00071685 0.0242721 -0.0242402 0.000341219
 0.00113314 0.000528548 0.0197574 -0.0197349 0.000248218
 0.000825869 0.00037896 0.0161078 -0.0160938 0.000175119
 0.000584474 0.000263201 0.0129924 -0.0129851 0.000119384
 0.000396761 0.000174992 0.0101522 -0.0101496 7.77419e-05
 0.000260785 0.000112168 0.00786688 -0.00786763 4.85768e-05
 0.000165384 6.90125e-05 0.00599337 -0.00599612 2.89581e-05
 9.91494e-05 3.94754e-05 0.00462307 -0.00462734 1.57263e-05
 5.28221e-05 1.93298e-05 0.00349049 -0.00349556 6.92919e-06
 2.45442e-05 7.49694e-06 0.00260813 -0.00261343 1.96899e-06
 7.73863e-06 9.30931e-07 0.00182695 -0.00183167 -5.78995e-07
 -1.86918e-06 -2.63133e-06 0.00127956 -0.00128369 -1.87339e-06
 -6.60288e-06 -4.12012e-06 0.00084765 -0.000851087 -2.28667e-06
 -7.31081e-06 -3.99065e-06 0.000552215 -0.000554849 -2.05207e-06
 -6.66844e-06 -3.42635e-06 0.000368365 -0.000370326 -1.69177e-06
 -5.25409e-06 -2.58854e-06 0.000223841 -0.000225185 -1.23946e-06
 -4.15728e-06 -1.99687e-06 0.00015262 -0.000153616 -9.37031e-07
 -3.21066e-06 -1.50483e-06 9.9795e-05 -0.000100531 -6.92162e-07
 -2.36536e-06 -1.08632e-06 6.45406e-05 -6.50837e-05 -4.91072e-07
 -1.48801e-06 -6.72906e-07 3.76021e-05 -3.7948e-05 -3.00009e-07
 -9.05456e-07 -4.03304e-07 2.10641e-05 -2.12788e-05 -1.77374e-07
 -4.3103e-07 -1.89651e-07 9.6255e-06 -9.73006e-06 -8.24606e-08
 -1.84491e-07 -8.02931e-08 4.02699e-06 -4.07261e-06 -3.45509e-08
 -7.62194e-08 -3.27294e-08 1.54216e-06 -1.56161e-06 -1.39108e-08
 0 0 0 0 0
 0 0 0 0 0
 0 0 0 0 0
 0 0 0 0 0
 0 0 0 0 0
 0 0 0 0 0
 0 0 0 0 0
 0 0 0 0 0
 0 0 0 0 0
 0 0 0 0 0
 0 0 0 0 0
 0 0 0 0 0
 0 0 0 0 0
 0 0 0 0 0
 0 0 0 0 0
 0 0 0 0 0
 0 0 0 0 0
 0 0 0 0 0
 0 0 0 0 0
 0 0 0 0 0
 0 0 0 0 0
 0 0 0 0 0
 0 0 0 0 0
 0 0 0 0 0
 0 0 0 0 0
 0 0 0 0 0
 0 0 0 0 0
 0 0 0 0 0
 0 0 0 0 0
 0 0 0 0 0
 0 0 0 0 0
 0 0 0 0 0
 0 0 0 0 0
 0 0 0 0 0
 0 0 0 0 0
 0 0 0 0 0
 0 0 0 0 0
 0 0 0 0 0
 0 0 0 0 0
 0 0 0 0 0
 0 0 0 0 0
 0 0 0 0 0
 0 0 0 0 0
 0 0 0 0 0
 0 0 0 0 0
 0 0 0 0 0
 0 0 0 0 0
 0 0 0 0 0
 0 0 0 0 0
 0 0 0 0 0
 0 0 0 0 0
 0 0 0 0 0
 16.7773 15.5427 0.266166 -0.240264 14.3992
 7.42663 6.74462 0.276037 -0.251291 6.12547
 4.22528 3.76311 0.2863 -0.262706 3.35169
 2.74987 2.4026 0.296882 -0.274438 2.0994
 1.94574 1.66833 0.307697 -0.286404 1.43068
 1.4562 1.22572 0.318434 -0.298304 1.03193
 1.13411 0.937431 0.328819 -0.309867 0.775063
 0.909263 0.738294 0.338472 -0.320719 0.599666
 0.744794 0.594244 0.346962 -0.330428 0.474322
 0.620067 0.486297 0.353939 -0.338638 0.381576
 0.522528 0.402948 0.359006 -0.344944 0.310919
 0.444631 0.337259 0.362026 -0.349189 0.255995
 0.381068 0.284407 0.362758 -0.351122 0.212436
 0.328356 0.241212 0.361243 -0.350771 0.177359
 0.284271 0.205609 0.357781 -0.348414 0.148869
 0.247171 0.176073 0.352724 -0.344389 0.125574
 0.215638 0.151329 0.346464 -0.339082 0.106337
 0.188509 0.130358 0.338905 -0.332398 0.0902744
 0.164882 0.112378 0.329984 -0.32428 0.0767137
 0.144151 0.0968513 0.319829 -0.314851 0.0651844
 0.125753 0.0833025 0.308274 -0.303952 0.0552851
 0.10914 0.0713013 0.293794 -0.290076 0.0466753
 0.0944769 0.0608834 0.278166 -0.274981 0.03932
 0.0815981 0.051891 0.260554 -0.257836 0.0330758
 0.0705906 0.0443149 0.242871 -0.24055 0.0278879
 0.0613214 0.0380164 0.225651 -0.223661 0.0236293
 0.0535726 0.0328103 0.209539 -0.207824 0.0201488
 0.0471925 0.0285569 0.195912 -0.194426 0.0173291
 0.0418504 0.0250202 0.184924 -0.183631 0.0150025
 0.0372648 0.022004 0.176906 -0.175786 0.0130334
 0.0329535 0.0192164 0.168576 -0.167615 0.0112426
 0.0288218 0.0165976 0.159119 -0.158305 0.00959125
 0.0248735 0.0141464 0.148092 -0.147411 0.008075
 0.0211633 0.0118881 0.135722 -0.13516 0.00670369
 0.0177743 0.0098635 0.122286 -0.121824 0.00549567
 0.0147804 0.00810512 0.108466 -0.108085 0.00446324
 0.0122299 0.0066285 0.0952825 -0.0949663 0.00360819
 0.0101101 0.00541771 0.0830575 -0.08279 0.00291614
 0.00838237 0.00444079 0.0726881 -0.07246 0.00236338
 0.0069755 0.00365432 0.0635831 -0.0633862 0.00192335
 0.00584018 0.00302434 0.0564135 -0.0562441 0.00157365
 0.00492277 0.00251891 0.0509185 -0.0507757 0.00129529
 0.00413567 0.00209101 0.0459397 -0.0458218 0.00106271
 0.00342102 0.00170905 0.0408219 -0.0407259 0.000858425
 0.00278376 0.00137394 0.0357478 -0.0356713 0.000681963
 0.00222529 0.00108423 0.0310883 -0.0310296 0.000531403
 0.00173676 0.000835119 0.0264574 -0.0264138 0.000404061
 0.00132138 0.000626931 0.0219661 -0.0219346 0.000299376
 0.0009801 0.000458662 0.0177976 -0.0177753 0.000216089
 0.00070915 0.000326264 0.0145716 -0.0145579 0.000151162
 0.000494347 0.000223235 0.0116056 -0.0115984 0.000101538
 0.000331241 0.000146539 0.00895944 -0.00895662 6.53013e-05
 0.000215 9.26825e-05 0.00692213 -0.00692256 4.02301e-05
 0.000134094 5.59242e-05 0.00528928 -0.00529172 2.34472e-05
 7.80813e-05 3.09287e-05 0.0040489 -0.00405282 1.22424e-05
 4.0493e-05 1.45638e-05 0.00307224 -0.00307697 5.08941e-06
 1.70138e-05 4.80556e-06 0.00222815 -0.00223287 1.02751e-06
 4.2169e-06 -9.72925e-08 0.00151903 -0.00152308 -8.28594e-07
 -3.83145e-06 -3.13597e-06 0.00106499 -0.00106866 -1.95869e-06
 -6.79906e-06 -3.9707e-06 0.000708737 -0.000711756 -2.13269e-06
 -6.73875e-06 -3.59181e-06 0.000463051 -0.000465302 -1.82296e-06
 -5.80524e-06 -2.93092e-06 0.000291242 -0.000292866 -1.43221e-06
 -4.50342e-06 -2.20506e-06 0.000186984 -0.000188119 -1.05251e-06
 -3.56302e-06 -1.69688e-06 0.000122161 -0.000123008 -7.92206e-07
 -2.72101e-06 -1.26768e-06 8.00288e-05 -8.06625e-05 -5.81039e-07
 -1.87797e-06 -8.596e-07 4.95179e-05 -4.99592e-05 -3.87955e-07
 -1.13385e-06 -5.11598e-07 2.78644e-05 -2.81353e-05 -2.27911e-07
 -6.3725e-07 -2.83515e-07 1.45408e-05 -1.46968e-05 -1.24693e-07
 -2.7283e-07 -1.20094e-07 6.10375e-06 -6.17187e-06 -5.22831e-08
 0 0 0 0 0
 0 0 0 0 0
 0 0 0 0 0
 0 0 0 0 0
 0 0 0 0 0
 0 0 0 0 0
 0 0 0 0 0
 0 0 0 0 0
 0 0 0 0 0
 0 0 0 0 0
 0 0 0 0 0
 0 0 0 0 0
 0 0 0 0 0
 0 0 0 0 0
 0 0 0 0 0
 0 0 0 0 0
 0 0 0 0 0
 0 0 0 0 0
 0 0 0 0 0
 0 0 0 0 0
 0 0 0 0 0
 0 0 0 0 0
 0 0 0 0 0
 0 0 0 0 0
 0 0 0 0 0
 0 0 0 0 0
 0 0 0 0 0
 0 0 0 0 0
 0 0 0 0 0
 0 0 0 0 0
 0 0 0 0 0
 0 0 0 0 0
 0 0 0 0 0
 0 0 0 0 0
 0 0 0 0 0
 0 0 0 0 0
 0 0 0 0 0
 0 0 0 0 0
 0 0 0 0 0
 0 0 0 0 0
 0 0 0 0 0
 0 0 0 0 0
 0 0 0 0 0
 0 0 0 0 0
 0 0 0 0 0
 0 0 0 0 0
 0 0 0 0 0
 0 0 0 0 0
 0 0 0 0 0
 0 0 0 0 0
 0 0 0 0 0
 0 0 0 0 0
 0 0 0 0 0
 16.2256 15.0772 0.243139 -0.219288 14.0102
 7.092 6.46287 0.25231 -0.229516 5.88975
 4.01476 3.58934 0.262018 -0.240267 3.20919
 2.60742 2.28777 0.272109 -0.251397 2.0075
 1.84348 1.58794 0.282466 -0.262796 1.368
 1.38038 1.16767 0.292983 -0.274356 0.987925
 1.07657 0.8946 0.303413 -0.285838 0.743575
 0.86485 0.706194 0.313385 -0.296877 0.576823
 0.71025 0.57006 0.32254 -0.307116 0.457719
 0.593031 0.467997 0.330497 -0.31617 0.3695
 0.501197 0.389014 0.336776 -0.323559 0.302111
 0.427695 0.326603 0.341201 -0.329088 0.249571
 0.367646 0.276304 0.343505 -0.332481 0.207815
 0.317889 0.235206 0.343655 -0.333686 0.174182
 0.276136 0.201211 0.341796 -0.332838 0.146761
 0.240757 0.172819 0.338128 -0.330126 0.124191
 0.210681 0.149021 0.333062 -0.325946 0.105538
 0.184898 0.128904 0.327009 -0.320707 0.0899906
 0.162467 0.111664 0.319686 -0.314131 0.0768619
 0.142745 0.0967375 0.311318 -0.306446 0.0656656
 0.125178 0.08366 0.301491 -0.297241 0.0560121
 0.109429 0.0721363 0.29001 -0.286322 0.0476446
 0.0951662 0.0618927 0.276139 -0.272963 0.0403361
 0.082425 0.0529012 0.260372 -0.25765 0.0340278
 0.0712606 0.0451531 0.243013 -0.240684 0.0286777
 0.0617801 0.0386594 0.226012 -0.224014 0.0242514
 0.053819 0.0332724 0.209583 -0.207858 0.0206234
 0.047206 0.0288417 0.194607 -0.193108 0.0176691
 0.0418208 0.0252536 0.182587 -0.181274 0.0152924
 0.0372834 0.0222486 0.173254 -0.172105 0.0133158
 0.0332427 0.0195983 0.16574 -0.16474 0.01159
 0.0294175 0.0171306 0.158211 -0.157351 0.0100083
 0.0256972 0.0147822 0.148944 -0.148214 0.00853269
 0.0221299 0.012576 0.138168 -0.137556 0.00717269
 0.0187758 0.0105416 0.126113 -0.125606 0.00594117
 0.0157252 0.00872488 0.113064 -0.112645 0.00486013
 0.0130523 0.00715825 0.099885 -0.0995369 0.00394208
 0.0107869 0.00584919 0.0873369 -0.0870444 0.00318528
 0.00892125 0.00478435 0.0759762 -0.0757263 0.00257701
 0.00740444 0.00392679 0.06644 -0.0662244 0.00209181
 0.00619494 0.00324872 0.0586766 -0.0584899 0.00171149
 0.00518193 0.00268754 0.0516906 -0.0515276 0.00140038
 0.00439599 0.00225289 0.0472334 -0.0470971 0.00116022
 0.00367878 0.00186351 0.0423625 -0.0422491 0.000948787
 0.00303443 0.00151912 0.0375406 -0.0374481 0.000764562
 0.00246048 0.00121738 0.0326981 -0.032624 0.000605677
 0.0019566 0.000955719 0.0283738 -0.0283171 0.000469559
 0.00151619 0.000731056 0.0239929 -0.0239508 0.00035465
 0.00114512 0.000545003 0.0197382 -0.0197074 0.000261045
 0.000842606 0.000395265 0.0160756 -0.0160544 0.000186659
 0.000602467 0.000277883 0.0130324 -0.0130193 0.000129069
 0.00041378 0.000187301 0.0102826 -0.0102758 8.53994e-05
 0.000273514 0.00012133 0.00782481 -0.00782194 5.42159e-05
 0.000174971 7.55619e-05 0.00602272 -0.00602298 3.28578e-05
 0.000107111 4.46435e-05 0.00459316 -0.00459531 1.87016e-05
 5.99653e-05 2.35019e-05 0.00353677 -0.00354048 9.17962e-06
 2.95717e-05 1.03351e-05 0.00264277 -0.00264711 3.45417e-06
 1.11494e-05 2.75462e-06 0.00187302 -0.00187717 3.33494e-07
 5.47719e-07 -1.39232e-06 0.00130534 -0.00130908 -1.27643e-06
 -5.10833e-06 -3.402e-06 0.000872563 -0.000875812 -1.96201e-06
 -6.45269e-06 -3.59709e-06 0.000565964 -0.000568503 -1.88409e-06
 -6.06123e-06 -3.155e-06 0.000370933 -0.000372822 -1.57914e-06
 -4.90254e-06 -2.44214e-06 0.000226139 -0.000227453 -1.18379e-06
 -3.90409e-06 -1.89181e-06 0.000150001 -0.000150969 -8.97231e-07
 -3.02495e-06 -1.43067e-06 9.72275e-05 -9.7945e-05 -6.65175e-07
 -2.23272e-06 -1.03531e-06 6.25781e-05 -6.31094e-05 -4.73252e-07
 -1.40328e-06 -6.41031e-07 3.62938e-05 -3.66324e-05 -2.89106e-07
 -8.53331e-07 -3.84136e-07 2.02434e-05 -2.04539e-05 -1.70964e-07
 0 0 0 0 0
 0 0 0 0 0
 0 0 0 0 0
 0 0 0 0 0
 0 0 0 0 0
 0 0 0 0 0
 0 0 0 0 0
 0 0 0 0 0
 0 0 0 0 0
 0 0 0 0 0
 0 0 0 0 0
 0 0 0 0 0
 0 0 0 0 0
 0 0 0 0 0
 0 0 0 0 0
 0 0 0 0 0
 0 0 0 0 0
 0 0 0 0 0
 0 0 0 0 0
 0 0 0 0 0
 0 0 0 0 0
 0 0 0 0 0
 0 0 0 0 0
 0 0 0 0 0
 0 0 0 0 0
 0 0 0 0 0
 0 0 0 0 0
 0 0 0 0 0
 0 0 0 0 0
 0 0 0 0 0
 0 0 0 0 0
 0 0 0 0 0
 0 0 0 0 0
 0 0 0 0 0
 0 0 0 0 0
 0 0 0 0 0
 0 0 0 0 0
 0 0 0 0 0
 0 0 0 0 0
 0 0 0 0 0
 0 0 0 0 0
 0 0 0 0 0
 0 0 0 0 0
 0 0 0 0 0
 0 0 0 0 0
 0 0 0 0 0
 0 0 0 0 0
 0 0 0 0 0
 0 0 0 0 0
 0 0 0 0 0
 0 0 0 0 0
 0 0 0 0 0
 0 0 0 0 0
 0 0 0 0 0
 15.7514 14.6783 0.223204 -0.201036 13.6784
 6.767 6.18676 0.230681 -0.209583 5.65642
 3.80763 3.41653 0.239558 -0.219432 3.06576
 2.46761 2.17379 0.249094 -0.229916 1.91511
 1.74397 1.50879 0.259027 -0.240791 1.30549
 1.30639 1.11031 0.269186 -0.251895 0.943825
 1.02004 0.851925 0.279434 -0.263092 0.711681
 0.821119 0.6741 0.289534 -0.274147 0.553567
 0.676038 0.545692 0.299096 -0.284678 0.440641
 0.566086 0.449407 0.307756 -0.29432 0.356939
 0.480052 0.374932 0.315112 -0.302668 0.292988
 0.410885 0.315805 0.320749 -0.309303 0.242879
 0.354224 0.268005 0.324436 -0.313978 0.20292
 0.307026 0.228741 0.325973 -0.316483 0.170559
 0.267479 0.196292 0.325589 -0.317026 0.144186
 0.233974 0.169184 0.323389 -0.315704 0.122464
 0.205273 0.146295 0.319441 -0.312582 0.104385
 0.180626 0.12691 0.314325 -0.308229 0.089285
 0.159409 0.110442 0.308667 -0.303264 0.0766262
 0.140731 0.0961638 0.301712 -0.296949 0.0658125
 0.124088 0.0836394 0.293609 -0.289429 0.0564714
 0.109108 0.0725525 0.284304 -0.280657 0.0483326
 0.0954456 0.0626281 0.272404 -0.269243 0.0411751
 0.0831119 0.0538222 0.25896 -0.256233 0.034928
 0.0720144 0.0460422 0.243134 -0.240794 0.0295029
 0.0623492 0.0393691 0.226454 -0.224444 0.0249176
 0.0541529 0.0337836 0.209897 -0.208162 0.0211284
 0.0473191 0.0291777 0.194199 -0.192688 0.018038
 0.0417071 0.0254246 0.180537 -0.179211 0.0155404
 0.0371226 0.0223729 0.169765 -0.168594 0.0135213
 0.0332858 0.0198265 0.162467 -0.161436 0.0118441
 0.0297166 0.0174903 0.155751 -0.154851 0.010326
 0.0262653 0.0152744 0.148224 -0.147447 0.00891156
 0.0229009 0.0131593 0.139168 -0.138507 0.0075875
 0.0196632 0.0111648 0.128688 -0.128134 0.00636219
 0.0166266 0.00932981 0.116849 -0.116389 0.00525512
 0.0138821 0.0077005 0.104171 -0.103788 0.00428832
 0.0114983 0.00630687 0.0915181 -0.0911975 0.00347342
 0.00949606 0.00515152 0.0797263 -0.0794537 0.00280636
 0.00786738 0.00422121 0.0696394 -0.069405 0.00227459
 0.00653225 0.0034675 0.0605584 -0.0603537 0.00184869
 0.00548416 0.00287913 0.0537144 -0.0535362 0.00151827
 0.00463071 0.00240393 0.0481941 -0.0480401 0.0012537
 0.00391176 0.00200767 0.0435799 -0.0434495 0.00103537
 0.00326561 0.00165712 0.038944 -0.0388353 0.000845112
 0.00268434 0.00134653 0.0343875 -0.0342987 0.000678987
 0.00216829 0.00107471 0.0300537 -0.0299832 0.000535597
 0.00171145 0.000837831 0.0258032 -0.0257489 0.000412517
 0.0013158 0.000636044 0.0216289 -0.0215884 0.000309313
 0.000985631 0.000470418 0.0176338 -0.0176041 0.000225937
 0.000717912 0.000337556 0.0143628 -0.0143427 0.000159769
 0.000506108 0.000233899 0.011582 -0.0115701 0.000108853
 0.000342756 0.000155488 0.00902056 -0.00901431 7.10481e-05
 0.000224841 9.977e-05 0.00695813 -0.00695594 4.45972e-05
 0.000142474 6.16017e-05 0.00526702 -0.00526732 2.68207e-05
 8.46994e-05 3.51425e-05 0.00405245 -0.0040548 1.46466e-05
 4.47007e-05 1.72648e-05 0.00303624 -0.00303974 6.61787e-06
 2.0798e-05 6.96212e-06 0.00224384 -0.00224779 2.16189e-06
 6.73113e-06 1.25874e-06 0.00154584 -0.00154945 -1.46697e-07
 -1.99233e-06 -2.19406e-06 0.00107742 -0.00108079 -1.50583e-06
 -5.58372e-06 -3.35554e-06 0.0006951 -0.0006979 -1.84197e-06
 -5.9361e-06 -3.21214e-06 0.0004599 -0.000462033 -1.65444e-06
 -5.30378e-06 -2.70743e-06 0.000290138 -0.000291699 -1.3391e-06
 -4.17367e-06 -2.06047e-06 0.000182093 -0.000183184 -9.93488e-07
 -3.33015e-06 -1.59953e-06 0.000118544 -0.000119366 -7.54431e-07
 -2.54454e-06 -1.19609e-06 7.69425e-05 -7.75569e-05 -5.53991e-07
 -1.75074e-06 -8.09044e-07 4.72693e-05 -4.76967e-05 -3.69141e-07
 0 0 0 0 0
 0 0 0 0 0
 0 0 0 0 0
 0 0 0 0 0
 0 0 0 0 0
 0 0 0 0 0
 0 0 0 0 0
 0 0 0 0 0
 0 0 0 0 0
 0 0 0 0 0
 0 0 0 0 0
 0 0 0 0 0
 0 0 0 0 0
 0 0 0 0 0
 0 0 0 0 0
 0 0 0 0 0
 0 0 0 0 0
 0 0 0 0 0
 0 0 0 0 0
 0 0 0 0 0
 0 0 0 0 0
 0 0 0 0 0
 0 0 0 0 0
 0 0 0 0 0
 0 0 0 0 0
 0 0 0 0 0
 0 0 0 0 0
 0 0 0 0 0
 0 0 0 0 0
 0 0 0 0 0
 0 0 0 0 0
 0 0 0 0 0
 0 0 0 0 0
 0 0 0 0 0
 0 0 0 0 0
 0 0 0 0 0
 0 0 0 0 0
 0 0 0 0 0
 0 0 0 0 0
 0 0 0 0 0
 0 0 0 0 0
 0 0 0 0 0
 0 0 0 0 0
 0 0 0 0 0
 0 0 0 0 0
 0 0 0 0 0
 0 0 0 0 0
 0 0 0 0 0
 0 0 0 0 0
 0 0 0 0 0
 0 0 0 0 0
 0 0 0 0 0
 0 0 0 0 0
 0 0 0 0 0
 0 0 0 0 0
 15.3583 14.3504 0.206044 -0.185241 13.4088
 6.49156 5.95315 0.212236 -0.192505 5.45955
 3.61394 3.25389 0.219368 -0.200636 2.92987
 2.33176 2.06191 0.227838 -0.210013 1.82346
 1.64664 1.43049 0.2372 -0.220241 1.24288
 1.23421 1.05368 0.246973 -0.230872 0.899712
 0.964862 0.809731 0.256946 -0.241704 0.679694
 0.778012 0.642 0.266923 -0.252547 0.529913
 0.642125 0.521142 0.276672 -0.263167 0.423105
 0.539283 0.430585 0.285821 -0.273198 0.343944
 0.458779 0.360469 0.293945 -0.282214 0.28337
 0.394032 0.304744 0.300653 -0.289822 0.235831
 0.340848 0.259555 0.305631 -0.295696 0.197788
 0.296317 0.222238 0.308536 -0.299487 0.16681
 0.258706 0.191157 0.309371 -0.301182 0.141373
 0.226796 0.16515 0.308384 -0.301011 0.120381
 0.199557 0.143252 0.305796 -0.299186 0.102948
 0.176093 0.124648 0.301808 -0.295908 0.0883413
 0.155773 0.108753 0.296888 -0.291641 0.0760294
 0.138072 0.0950944 0.291132 -0.286482 0.0655919
 0.122402 0.0831775 0.284611 -0.280507 0.0566136
 0.108229 0.0725756 0.276655 -0.273052 0.0487519
 0.0953375 0.0630919 0.267576 -0.264431 0.0418309
 0.0834206 0.0544955 0.255576 -0.252851 0.0356712
 0.0726681 0.0468676 0.242231 -0.239878 0.0302923
 0.0629863 0.0401229 0.226461 -0.224435 0.0256166
 0.054599 0.0343629 0.210246 -0.208496 0.0216785
 0.0475397 0.0295731 0.194418 -0.192896 0.0184423
 0.0416954 0.0256464 0.179678 -0.178341 0.0158156
 0.0369741 0.0224903 0.167654 -0.166468 0.0137168
 0.0330666 0.0198904 0.158143 -0.157087 0.0119978
 0.0297532 0.0176906 0.152219 -0.151284 0.010549
 0.0265703 0.0156139 0.145967 -0.145149 0.0092035
 0.0234516 0.0136198 0.138688 -0.137982 0.00793538
 0.020391 0.0117041 0.129841 -0.129241 0.00674069
 0.0174409 0.0098945 0.119487 -0.118983 0.00563331
 0.0146904 0.00823894 0.107818 -0.107397 0.00463793
 0.0122252 0.00677994 0.0955256 -0.0951731 0.00377461
 0.01011 0.00554544 0.0836687 -0.0833719 0.0030539
 0.008351 0.0045319 0.07265 -0.072395 0.00246944
 0.006923 0.00371675 0.063355 -0.0631338 0.00200378
 0.00577226 0.00306666 0.0552374 -0.0550425 0.00163618
 0.0048517 0.00254985 0.0489781 -0.0488072 0.00134594
 0.00411061 0.00213628 0.0443101 -0.0441629 0.00111524
 0.00347467 0.00178578 0.0400954 -0.0399711 0.000922119
 0.00289232 0.00147001 0.0357289 -0.0356251 0.0007508
 0.00236759 0.00118987 0.0313716 -0.0312868 0.000601063
 0.00190174 0.000944387 0.0273593 -0.0272923 0.000471507
 0.00148909 0.000730494 0.0233269 -0.0232756 0.000360386
 0.00113517 0.000550047 0.0193606 -0.0193222 0.000268113
 0.000841506 0.000402582 0.0156847 -0.0156569 0.000193798
 0.00060695 0.000285831 0.0128424 -0.0128243 0.000135497
 0.000420718 0.000194763 0.0102059 -0.0101953 9.07931e-05
 0.000281046 0.00012776 0.00782256 -0.00781694 5.85011e-05
 0.000181643 8.06925e-05 0.00601753 -0.00601568 3.61111e-05
 0.000112834 4.86916e-05 0.00457594 -0.00457646 2.11549e-05
 6.49081e-05 2.67599e-05 0.00348711 -0.00348949 1.10717e-05
 3.33194e-05 1.26486e-05 0.00262403 -0.00262744 4.73912e-06
 1.39631e-05 4.37475e-06 0.00187269 -0.00187624 1.19051e-06
 2.6258e-06 -2.57248e-07 0.00129935 -0.00130268 -7.00244e-07
 -3.66317e-06 -2.66279e-06 0.000871675 -0.000874675 -1.60689e-06
 -5.52521e-06 -3.14512e-06 0.000563498 -0.000565892 -1.67701e-06
 -5.39336e-06 -2.83922e-06 0.000363046 -0.000364833 -1.43839e-06
 -4.4739e-06 -2.25051e-06 0.000222103 -0.00022336 -1.103e-06
 -3.60954e-06 -1.76281e-06 0.000144338 -0.000145268 -8.441e-07
 -2.80379e-06 -1.33654e-06 9.22919e-05 -9.29819e-05 -6.27356e-07
 0 0 0 0 0
 0 0 0 0 0
 0 0 0 0 0
 0 0 0 0 0
 0 0 0 0 0
 0 0 0 0 0
 0 0 0 0 0
 0 0 0 0 0
 0 0 0 0 0
 0 0 0 0 0
 0 0 0 0 0
 0 0 0 0 0
 0 0 0 0 0
 0 0 0 0 0
 0 0 0 0 0
 0 0 0 0 0
 0 0 0 0 0
 0 0 0 0 0
 0 0 0 0 0
 0 0 0 0 0
 0 0 0 0 0
 0 0 0 0 0
 0 0 0 0 0
 0 0 0 0 0
 0 0 0 0 0
 0 0 0 0 0
 0 0 0 0 0
 0 0 0 0 0
 0 0 0 0 0
 0 0 0 0 0
 0 0 0 0 0
 0 0 0 0 0
 0 0 0 0 0
 0 0 0 0 0
 0 0 0 0 0
 0 0 0 0 0
 0 0 0 0 0
 0 0 0 0 0
 0 0 0 0 0
 0 0 0 0 0
 0 0 0 0 0
 0 0 0 0 0
 0 0 0 0 0
 0 0 0 0 0
 0 0 0 0 0
 0 0 0 0 0
 0 0 0 0 0
 0 0 0 0 0
 0 0 0 0 0
 0 0 0 0 0
 0 0 0 0 0
 0 0 0 0 0
 0 0 0 0 0
 0 0 0 0 0
 0 0 0 0 0
 0 0 0 0 0
 15.0146 14.0649 0.190938 -0.171263 13.1754
 6.25056 5.74882 0.196189 -0.177576 5.28747
 3.44864 3.11519 0.202114 -0.184503 2.81412
 2.20921 1.96061 0.209071 -0.192384 1.74012
 1.55316 1.35462 0.21711 -0.201277 1.18161
 1.16378 0.997813 0.226254 -0.211217 0.85565
 0.910937 0.767994 0.235875 -0.221621 0.647619
 0.735894 0.610231 0.245657 -0.232188 0.506163
 0.608689 0.496584 0.255361 -0.242684 0.405262
 0.512632 0.411557 0.264756 -0.252874 0.330546
 0.437567 0.345784 0.273452 -0.262375 0.273387
 0.377153 0.293444 0.281018 -0.270752 0.228445
 0.327386 0.250859 0.287073 -0.277623 0.192347
 0.285657 0.215623 0.291316 -0.282674 0.162882
 0.250104 0.186026 0.293458 -0.285608 0.138484
 0.219725 0.161089 0.293652 -0.286564 0.118214
 0.193601 0.139946 0.291963 -0.285594 0.101269
 0.171224 0.122069 0.289011 -0.283305 0.0871281
 0.151865 0.106808 0.284909 -0.279816 0.0752156
 0.134987 0.0936756 0.28013 -0.275596 0.0650988
 0.120117 0.082265 0.274484 -0.270463 0.056427
 0.106846 0.0722262 0.268252 -0.264699 0.0489039
 0.0947156 0.0632012 0.26073 -0.257607 0.0422479
 0.0834819 0.0549941 0.251476 -0.248752 0.0362967
 0.073065 0.0475262 0.239805 -0.237442 0.0309772
 0.0635981 0.0408591 0.226035 -0.223991 0.0263071
 0.0551404 0.0350031 0.210338 -0.208571 0.0222706
 0.0478822 0.030042 0.194812 -0.193276 0.0188937
 0.0418081 0.0259376 0.179635 -0.178287 0.0161315
 0.0368335 0.0226025 0.166103 -0.164906 0.0139053
 0.0328696 0.0199519 0.155676 -0.154604 0.0121427
 0.0295812 0.0177586 0.148161 -0.1472 0.0106903
 0.0266488 0.0158159 0.142904 -0.142051 0.00941369
 0.0237751 0.0139488 0.136909 -0.136163 0.0082085
 0.0209313 0.0121397 0.129615 -0.128969 0.00706319
 0.0181303 0.0103947 0.120881 -0.120331 0.00597957
 0.0154374 0.00875044 0.110541 -0.110079 0.00497751
 0.0129474 0.00725744 0.0990756 -0.0986881 0.00408298
 0.0107427 0.00595611 0.0873137 -0.0869881 0.00331486
 0.00886912 0.00486514 0.0760431 -0.0757656 0.00267923
 0.00732888 0.00397843 0.0659194 -0.0656794 0.00216832
 0.0060854 0.00326884 0.0574578 -0.0572482 0.00176306
 0.00510688 0.00271461 0.0506321 -0.0504473 0.00144899
 0.00430191 0.00226291 0.0448346 -0.0446712 0.00119541
 0.00366139 0.00190467 0.0409431 -0.0408036 0.000995225
 0.00308054 0.00158521 0.0367911 -0.0366728 0.000819512
 0.00255431 0.00130009 0.0326749 -0.0325765 0.000664913
 0.00208132 0.00104759 0.0286306 -0.0285504 0.000529941
 0.00166017 0.000825875 0.0247859 -0.0247228 0.000413025
 0.00128781 0.000632963 0.0209639 -0.0209159 0.000312844
 0.000973131 0.000472614 0.0172013 -0.0171653 0.000230875
 0.000713975 0.000342071 0.0140177 -0.0139924 0.000164905
 0.00050677 0.000238977 0.0113591 -0.0113431 0.000113439
 0.000346028 0.000160426 0.00890419 -0.00889494 7.48975e-05
 0.000228724 0.000104017 0.00685319 -0.00684869 4.76506e-05
 0.000145031 6.45e-05 0.00513415 -0.00513257 2.88971e-05
 8.84637e-05 3.80464e-05 0.00398082 -0.00398176 1.64711e-05
 4.83034e-05 1.96749e-05 0.00299358 -0.00299606 8.02625e-06
 2.36109e-05 8.72094e-06 0.00221176 -0.00221496 3.14504e-06
 8.80031e-06 2.46174e-06 0.00153385 -0.00153698 4.92887e-07
 -4.19381e-07 -1.33756e-06 0.00106458 -0.00106763 -1.07261e-06
 -4.48937e-06 -2.80089e-06 0.00068935 -0.000691956 -1.57757e-06
 -4.93581e-06 -2.70843e-06 0.000430317 -0.000432243 -1.41406e-06
 -4.74462e-06 -2.44586e-06 0.000281516 -0.000282989 -1.22302e-06
 -3.78719e-06 -1.87779e-06 0.000166704 -0.000167721 -9.11763e-07
 0 0 0 0 0
 0 0 0 0 0
 0 0 0 0 0
 0 0 0 0 0
 0 0 0 0 0
 0 0 0 0 0
 0 0 0 0 0
 0 0 0 0 0
 0 0 0 0 0
 0 0 0 0 0
 0 0 0 0 0
 0 0 0 0 0
 0 0 0 0 0
 0 0 0 0 0
 0 0 0 0 0
 0 0 0 0 0
 0 0 0 0 0
 0 0 0 0 0
 0 0 0 0 0
 0 0 0 0 0
 0 0 0 0 0
 0 0 0 0 0
 0 0 0 0 0
 0 0 0 0 0
 0 0 0 0 0
 0 0 0 0 0
 0 0 0 0 0
 0 0 0 0 0
 0 0 0 0 0
 0 0 0 0 0
 0 0 0 0 0
 0 0 0 0 0
 0 0 0 0 0
 0 0 0 0 0
 0 0 0 0 0
 0 0 0 0 0
 0 0 0 0 0
 0 0 0 0 0
 0 0 0 0 0
 0 0 0 0 0
 0 0 0 0 0
 0 0 0 0 0
 0 0 0 0 0
 0 0 0 0 0
 0 0 0 0 0
 0 0 0 0 0
 0 0 0 0 0
 0 0 0 0 0
 0 0 0 0 0
 0 0 0 0 0
 0 0 0 0 0
 0 0 0 0 0
 0 0 0 0 0
 0 0 0 0 0
 0 0 0 0 0
 0 0 0 0 0
 0 0 0 0 0
 14.6824 13.7867 0.177192 -0.158488 12.9458
 6.02904 5.56032 0.181859 -0.164184 5.12817
 3.30262 2.99253 0.187031 -0.170338 2.71169
 2.10222 1.87207 0.192801 -0.17704 1.66724
 1.47055 1.2874 0.199559 -0.184657 1.12719
 1.09687 0.944281 0.207261 -0.193159 0.81305
 0.858531 0.726994 0.216222 -0.202854 0.615737
 0.694669 0.57875 0.225666 -0.213016 0.482301
 0.575937 0.472209 0.235244 -0.223313 0.387288
 0.486289 0.392466 0.244664 -0.233459 0.316867
 0.416378 0.330861 0.253678 -0.243202 0.263029
 0.360179 0.281858 0.261879 -0.252137 0.220687
 0.313828 0.241915 0.268844 -0.259843 0.186597
 0.274823 0.208734 0.274206 -0.265942 0.158652
 0.241517 0.18079 0.277683 -0.270147 0.135443
 0.212732 0.156987 0.279066 -0.272239 0.115957
 0.187857 0.136707 0.278581 -0.272428 0.0995856
 0.166291 0.119368 0.276421 -0.270899 0.0857813
 0.147739 0.104639 0.27312 -0.268175 0.0742038
 0.131674 0.0920406 0.269126 -0.264706 0.0644225
 0.117547 0.0811056 0.264423 -0.260484 0.0560431
 0.10498 0.0715119 0.259059 -0.255562 0.0487896
 0.0936219 0.0629675 0.253045 -0.249951 0.0424219
 0.0831356 0.0552109 0.245909 -0.243187 0.0367324
 0.0732256 0.0480267 0.236037 -0.233663 0.0315602
 0.0640506 0.0414929 0.224413 -0.222352 0.0269351
 0.0556964 0.0356507 0.210308 -0.208521 0.0228694
 0.0483353 0.0305802 0.195204 -0.19365 0.0193914
 0.042047 0.0263038 0.179983 -0.178621 0.0164943
 0.036847 0.0228016 0.165688 -0.16448 0.0141448
 0.0326447 0.0199876 0.153466 -0.152382 0.0122689
 0.0292847 0.0177406 0.144357 -0.143378 0.0107751
 0.0265158 0.0158868 0.138988 -0.138108 0.00954431
 0.0238829 0.0141495 0.13396 -0.133178 0.00840675
 0.0212721 0.0124607 0.128188 -0.127502 0.00732106
 0.018664 0.0108099 0.120986 -0.120393 0.00628062
 0.0160897 0.00921444 0.112173 -0.111668 0.00529451
 0.0136303 0.00771937 0.101921 -0.101496 0.00438701
 0.0113809 0.00637575 0.0906875 -0.0903306 0.00358469
 0.00941556 0.00521907 0.07937 -0.0790681 0.00290377
 0.00776519 0.00425974 0.0688444 -0.068585 0.00234572
 0.00643025 0.00349088 0.0599366 -0.0597116 0.00190257
 0.00535556 0.0028782 0.0520888 -0.0518898 0.00155296
 0.00450613 0.00239677 0.0460472 -0.0458712 0.00127999
 0.00382537 0.00201316 0.0414928 -0.0413389 0.00106389
 0.00324944 0.00169194 0.0376097 -0.0374776 0.000884813
 0.00272545 0.00140411 0.0336722 -0.0335602 0.000726656
 0.00224972 0.00114665 0.0297514 -0.0296585 0.000587199
 0.00182282 0.000918681 0.0260588 -0.0259838 0.000465306
 0.00144022 0.000717506 0.0223748 -0.0223162 0.000359329
 0.00110695 0.000545057 0.0187061 -0.0186615 0.000269861
 0.000826881 0.00040235 0.0152079 -0.0151749 0.00019691
 0.000598636 0.000287171 0.0124011 -0.0123787 0.000138607
 0.000418565 0.0001976 0.00996106 -0.00994725 9.39019e-05
 0.000281664 0.000130775 0.007677 -0.007669 6.11433e-05
 0.000183569 8.35338e-05 0.00589557 -0.00589189 3.82916e-05
 0.00011526 5.11779e-05 0.00447151 -0.00447061 2.28919e-05
 6.75744e-05 2.89189e-05 0.00340263 -0.00340389 1.24533e-05
 3.57239e-05 1.43609e-05 0.00255722 -0.00255977 5.76738e-06
 1.6038e-05 5.68931e-06 0.00183249 -0.00183545 1.92987e-06
 4.57501e-06 8.84088e-07 0.00123723 -0.00124006 -8.79225e-08
 -2.44183e-06 -2.00353e-06 0.000853244 -0.000855994 -1.27559e-06
 -4.61061e-06 -2.67955e-06 0.000546996 -0.000549214 -1.45363e-06
 -4.73558e-06 -2.51843e-06 0.000349112 -0.000350782 -1.29003e-06
 0 0 0 0 0
 0 0 0 0 0
 0 0 0 0 0
 0 0 0 0 0
 0 0 0 0 0
 0 0 0 0 0
 0 0 0 0 0
 0 0 0 0 0
 0 0 0 0 0
 0 0 0 0 0
 0 0 0 0 0
 0 0 0 0 0
 0 0 0 0 0
 0 0 0 0 0
 0 0 0 0 0
 0 0 0 0 0
 0 0 0 0 0
 0 0 0 0 0
 0 0 0 0 0
 0 0 0 0 0
 0 0 0 0 0
 0 0 0 0 0
 0 0 0 0 0
 0 0 0 0 0
 0 0 0 0 0
 0 0 0 0 0
 0 0 0 0 0
 0 0 0 0 0
 0 0 0 0 0
 0 0 0 0 0
 0 0 0 0 0
 0 0 0 0 0
 0 0 0 0 0
 0 0 0 0 0
 0 0 0 0 0
 0 0 0 0 0
 0 0 0 0 0
 0 0 0 0 0
 0 0 0 0 0
 0 0 0 0 0
 0 0 0 0 0
 0 0 0 0 0
 0 0 0 0 0
 0 0 0 0 0
 0 0 0 0 0
 0 0 0 0 0
 0 0 0 0 0
 0 0 0 0 0
 0 0 0 0 0
 0 0 0 0 0
 0 0 0 0 0
 0 0 0 0 0
 0 0 0 0 0
 0 0 0 0 0
 0 0 0 0 0
 0 0 0 0 0
 0 0 0 0 0
 0 0 0 0 0
 14.3772 13.5308 0.164864 -0.146979 12.7343
 5.81696 5.37872 0.168794 -0.151929 4.97362
 3.16601 2.87719 0.173399 -0.157491 2.61484
 2.00726 1.79335 0.178522 -0.163522 1.60235
 1.3977 1.22801 0.184221 -0.170083 1.07904
 1.03859 0.897594 0.190789 -0.177452 0.77585
 0.809194 0.688094 0.198274 -0.185683 0.585229
 0.6547 0.547901 0.207009 -0.195098 0.458637
 0.543833 0.448017 0.216279 -0.205028 0.369195
 0.460432 0.373474 0.225636 -0.215046 0.303052
 0.395383 0.315846 0.234754 -0.224828 0.252421
 0.343184 0.270051 0.243347 -0.234091 0.212612
 0.300159 0.232716 0.251012 -0.242429 0.180536
 0.263891 0.201632 0.257339 -0.24943 0.154168
 0.232772 0.175321 0.261963 -0.254723 0.132152
 0.205769 0.152814 0.264646 -0.258061 0.113587
 0.182179 0.133438 0.265325 -0.259372 0.0978325
 0.161565 0.116749 0.264111 -0.258755 0.0844537
 0.143624 0.102416 0.261497 -0.256692 0.0731175
 0.128129 0.0901869 0.257954 -0.25365 0.0635619
 0.114683 0.0796969 0.254005 -0.250153 0.0554608
 0.10277 0.0705238 0.249407 -0.245969 0.0484677
 0.0920687 0.0623947 0.244427 -0.241369 0.0423524
 0.0822725 0.0550672 0.238591 -0.235882 0.0369214
 0.0730706 0.0483075 0.231299 -0.228917 0.0319951
 0.0643337 0.0420154 0.221511 -0.219431 0.0274934
 0.0561701 0.0362464 0.209356 -0.207549 0.0234382
 0.0488009 0.0311272 0.195099 -0.193525 0.0198976
 0.0423936 0.0267366 0.180414 -0.179036 0.0169006
 0.0369823 0.0230716 0.165863 -0.164644 0.0144273
 0.032557 0.0200981 0.152668 -0.151574 0.012437
 0.0290488 0.0177475 0.142088 -0.141098 0.0108699
 0.0262527 0.0158706 0.135106 -0.134206 0.00961894
 0.0237934 0.0142285 0.130186 -0.129375 0.0085315
 0.0214221 0.0126687 0.125717 -0.124996 0.00751325
 0.0190245 0.0111266 0.119902 -0.119271 0.00652675
 0.0166158 0.00961031 0.112689 -0.112144 0.00557576
 0.0142437 0.00814794 0.103788 -0.103324 0.00467618
 0.0120004 0.00679062 0.0935256 -0.093135 0.00385574
 0.00997762 0.00558639 0.0826525 -0.0823225 0.00313889
 0.00823487 0.00456308 0.0720006 -0.07172 0.00253773
 0.00679362 0.00372657 0.0622567 -0.0620141 0.00205183
 0.00563319 0.00305887 0.054069 -0.0538566 0.00166732
 0.004722 0.00253838 0.0474366 -0.0472484 0.00136983
 0.00397591 0.00211613 0.0417123 -0.0415442 0.00113072
 0.00338757 0.00178391 0.0379611 -0.0378152 0.000943256
 0.00287877 0.00150021 0.0344593 -0.0343344 0.000785144
 0.00240478 0.00124016 0.0307476 -0.0306423 0.0006424
 0.00197489 0.00100789 0.0269749 -0.0268876 0.000516759
 0.00158854 0.000801644 0.0235572 -0.0234874 0.000406518
 0.00124208 0.000619668 0.0200582 -0.0200043 0.000310741
 0.000945081 0.000466153 0.0165667 -0.0165259 0.000231171
 0.000697581 0.000339784 0.0135144 -0.0134851 0.000166454
 0.000497801 0.00023895 0.0109779 -0.0109586 0.000115407
 0.000341951 0.000161586 0.0086445 -0.00863287 7.68625e-05
 0.000226611 0.000105351 0.00653994 -0.00653319 4.93206e-05
 0.00014554 6.62706e-05 0.00499937 -0.00499641 3.03981e-05
 8.91294e-05 3.94952e-05 0.00379193 -0.00379151 1.76297e-05
 5.01402e-05 2.12563e-05 0.00289907 -0.00290067 9.05962e-06
 2.53926e-05 1.00138e-05 0.00213984 -0.00214236 3.92726e-06
 1.02349e-05 3.39346e-06 0.00149046 -0.00149315 1.02277e-06
 8.13619e-07 -6.17757e-07 0.00103019 -0.00103294 -6.89706e-07
 -3.4998e-06 -2.27413e-06 0.000666769 -0.000669169 -1.31505e-06
 0 0 0 0 0
 0 0 0 0 0
 0 0 0 0 0
 0 0 0 0 0
 0 0 0 0 0
 0 0 0 0 0
 0 0 0 0 0
 0 0 0 0 0
 0 0 0 0 0
 0 0 0 0 0
 0 0 0 0 0
 0 0 0 0 0
 0 0 0 0 0
 0 0 0 0 0
 0 0 0 0 0
 0 0 0 0 0
 0 0 0 0 0
 0 0 0 0 0
 0 0 0 0 0
 0 0 0 0 0
 0 0 0 0 0
 0 0 0 0 0
 0 0 0 0 0
 0 0 0 0 0
 0 0 0 0 0
 0 0 0 0 0
 0 0 0 0 0
 0 0 0 0 0
 0 0 0 0 0
 0 0 0 0 0
 0 0 0 0 0
 0 0 0 0 0
 0 0 0 0 0
 0 0 0 0 0
 0 0 0 0 0
 0 0 0 0 0
 0 0 0 0 0
 0 0 0 0 0
 0 0 0 0 0
 0 0 0 0 0
 0 0 0 0 0
 0 0 0 0 0
 0 0 0 0 0
 0 0 0 0 0
 0 0 0 0 0
 0 0 0 0 0
 0 0 0 0 0
 0 0 0 0 0
 0 0 0 0 0
 0 0 0 0 0
 0 0 0 0 0
 0 0 0 0 0
 0 0 0 0 0
 0 0 0 0 0
 0 0 0 0 0
 0 0 0 0 0
 0 0 0 0 0
 0 0 0 0 0
 0 0 0 0 0
 14.0856 13.2848 0.153648 -0.136466 12.5296
 5.62104 5.21043 0.157076 -0.140897 4.82993
 3.03655 2.76726 0.160978 -0.145747 2.52197
 1.91781 1.71877 0.165526 -0.151183 1.54049
 1.33209 1.17438 0.17062 -0.157118 1.03544
 0.98665 0.855881 0.176273 -0.163569 0.74255
 0.766344 0.654269 0.182709 -0.170751 0.558693
 0.617364 0.518878 0.190028 -0.178762 0.436204
 0.512724 0.42432 0.198556 -0.187921 0.351261
 0.435043 0.354589 0.207648 -0.197621 0.289115
 0.374711 0.300858 0.216762 -0.207343 0.241663
 0.326294 0.25813 0.225544 -0.216737 0.204307
 0.286434 0.223311 0.233679 -0.225486 0.174199
 0.252829 0.194296 0.240769 -0.233192 0.149412
 0.223931 0.169669 0.246413 -0.239449 0.12865
 0.198706 0.148475 0.250267 -0.243909 0.111034
 0.17649 0.130086 0.25212 -0.246352 0.0959712
 0.156939 0.114136 0.252099 -0.246893 0.0830912
 0.139718 0.100286 0.25034 -0.245659 0.0720631
 0.124674 0.088345 0.247308 -0.24311 0.0626781
 0.111658 0.07813 0.243586 -0.239821 0.0547419
 0.100344 0.0693456 0.239818 -0.236442 0.0479915
 0.0902431 0.0616041 0.235484 -0.232465 0.0421178
 0.0810262 0.0546408 0.230666 -0.227976 0.0369078
 0.0725006 0.0482999 0.225184 -0.222801 0.0322336
 0.0643056 0.0423288 0.217167 -0.21507 0.0279144
 0.0565471 0.0367798 0.207359 -0.205527 0.0239699
 0.049273 0.0316776 0.194725 -0.193129 0.020408
 0.0427941 0.0272032 0.180721 -0.179324 0.0173301
 0.0372259 0.0234072 0.166309 -0.165076 0.0147516
 0.032593 0.0202804 0.15251 -0.151407 0.0126485
 0.028864 0.0177776 0.140582 -0.139583 0.0109754
 0.025936 0.0158123 0.131712 -0.130799 0.00966381
 0.0235797 0.0142253 0.12652 -0.125689 0.00860369
 0.0213901 0.0127659 0.122394 -0.121644 0.00763912
 0.0192133 0.0113425 0.117842 -0.117176 0.00671463
 0.0169952 0.00992419 0.111968 -0.111384 0.00581206
 0.0147601 0.00852537 0.104624 -0.104122 0.00493937
 0.0125739 0.00718462 0.0956413 -0.095215 0.00411848
 0.0105329 0.00595513 0.0854519 -0.0850919 0.00337827
 0.00872213 0.00488083 0.074905 -0.0746 0.00274079
 0.00718494 0.00398021 0.0649275 -0.0646662 0.00221278
 0.00593793 0.0032565 0.0563147 -0.0560881 0.00179247
 0.00493254 0.00267892 0.0486434 -0.0484426 0.00146033
 0.00415711 0.00223535 0.042981 -0.0428027 0.00120651
 0.00353466 0.00188151 0.0385736 -0.0384159 0.0010054
 0.00301508 0.00158857 0.0350278 -0.0348909 0.000840338
 0.00254542 0.00132756 0.0314751 -0.0313578 0.000695275
 0.002116 0.00109229 0.0279557 -0.0278571 0.000566306
 0.0017272 0.000882156 0.0245764 -0.0244958 0.000452613
 0.00137506 0.000694613 0.0212268 -0.0211629 0.000352576
 0.00106432 0.000531691 0.0178488 -0.0177995 0.000266957
 0.000799625 0.000394969 0.0145891 -0.0145522 0.000196134
 0.000581741 0.000283579 0.0119091 -0.0118835 0.000139026
 0.000408601 0.000196255 0.00958419 -0.00956794 9.48469e-05
 0.000276424 0.000130748 0.00740994 -0.00740019 6.22528e-05
 0.000181223 8.41944e-05 0.00568126 -0.00567613 3.93931e-05
 0.000115022 5.23636e-05 0.00426679 -0.00426465 2.40156e-05
 6.81106e-05 3.00266e-05 0.00327017 -0.00327054 1.33336e-05
 3.68256e-05 1.54487e-05 0.00245152 -0.00245335 6.50812e-06
 1.73355e-05 6.64963e-06 0.00175944 -0.00176186 2.51524e-06
 5.60681e-06 1.56094e-06 0.00119173 -0.00119422 2.98317e-07
 0 0 0 0 0
 0 0 0 0 0
 0 0 0 0 0
 0 0 0 0 0
 0 0 0 0 0
 0 0 0 0 0
 0 0 0 0 0
 0 0 0 0 0
 0 0 0 0 0
 0 0 0 0 0
 0 0 0 0 0
 0 0 0 0 0
 0 0 0 0 0
 0 0 0 0 0
 0 0 0 0 0
 0 0 0 0 0
 0 0 0 0 0
 0 0 0 0 0
 0 0 0 0 0
 0 0 0 0 0
 0 0 0 0 0
 0 0 0 0 0
 0 0 0 0 0
 0 0 0 0 0
 0 0 0 0 0
 0 0 0 0 0
 0 0 0 0 0
 0 0 0 0 0
 0 0 0 0 0
 0 0 0 0 0
 0 0 0 0 0
 0 0 0 0 0
 0 0 0 0 0
 0 0 0 0 0
 0 0 0 0 0
 0 0 0 0 0
 0 0 0 0 0
 0 0 0 0 0
 0 0 0 0 0
 0 0 0 0 0
 0 0 0 0 0
 0 0 0 0 0
 0 0 0 0 0
 0 0 0 0 0
 0 0 0 0 0
 0 0 0 0 0
 0 0 0 0 0
 0 0 0 0 0
 0 0 0 0 0
 0 0 0 0 0
 0 0 0 0 0
 0 0 0 0 0
 0 0 0 0 0
 0 0 0 0 0
 0 0 0 0 0
 0 0 0 0 0
 0 0 0 0 0
 0 0 0 0 0
 0 0 0 0 0
 0 0 0 0 0
 13.8366 13.0764 0.143764 -0.127156 12.3582
 5.43498 5.04981 0.146406 -0.130816 4.69203
 2.91664 2.66507 0.149797 -0.135143 2.43529
 1.83361 1.64819 0.153693 -0.139919 1.48161
 1.2703 1.12356 0.15821 -0.145261 0.993869
 0.939375 0.817769 0.163293 -0.151122 0.712006
 0.727937 0.623872 0.168918 -0.157486 0.534778
 0.584901 0.493617 0.175264 -0.164524 0.416674
 0.483917 0.402236 0.182488 -0.172389 0.334434
 0.410436 0.336085 0.190809 -0.181296 0.275295
 0.354378 0.285924 0.199709 -0.190756 0.230787
 0.309604 0.246184 0.208554 -0.200161 0.195848
 0.272739 0.213774 0.216959 -0.209129 0.167647
 0.241672 0.186756 0.224591 -0.217325 0.144409
 0.214934 0.16379 0.231056 -0.224354 0.124903
 0.191519 0.143954 0.235967 -0.229824 0.108288
 0.170769 0.126636 0.239016 -0.233421 0.0939906
 0.152293 0.111447 0.240102 -0.235036 0.0816356
 0.135897 0.098165 0.239319 -0.234751 0.0709856
 0.121393 0.0865787 0.237021 -0.232916 0.0618205
 0.108726 0.0765831 0.233721 -0.230035 0.0540101
 0.0977506 0.0680125 0.230138 -0.226826 0.0473856
 0.0881406 0.0605896 0.226297 -0.223322 0.0417109
 0.0795125 0.0540069 0.222347 -0.219681 0.0367397
 0.0714913 0.0479836 0.217517 -0.215139 0.0322588
 0.0639681 0.0424255 0.212049 -0.209942 0.0281873
 0.0566402 0.0371272 0.203604 -0.201749 0.0243821
 0.049697 0.0321983 0.193485 -0.191862 0.0209024
 0.0432192 0.0276871 0.180472 -0.179053 0.0177739
 0.0375369 0.0237849 0.166694 -0.165444 0.0151039
 0.0327339 0.0205248 0.152826 -0.151712 0.0128983
 0.0288004 0.0178761 0.140062 -0.139056 0.0111209
 0.0257023 0.0157951 0.129739 -0.128819 0.0097295
 0.0232526 0.0141469 0.122469 -0.121623 0.00862763
 0.0212143 0.0127722 0.118537 -0.117765 0.00770887
 0.0192342 0.0114574 0.114838 -0.114142 0.00684275
 0.0172228 0.0101496 0.110322 -0.109704 0.00599774
 0.0151551 0.00883563 0.104385 -0.103846 0.00516616
 0.0130743 0.00754131 0.0968269 -0.0963644 0.00436309
 0.011063 0.00631438 0.0876856 -0.0872931 0.00361551
 0.00921425 0.00520539 0.0776356 -0.0773044 0.00295039
 0.00760513 0.00425319 0.0677094 -0.0674275 0.00238672
 0.00626275 0.00346823 0.0584251 -0.0581821 0.00192736
 0.00518441 0.00284304 0.050574 -0.0503614 0.00156461
 0.00434069 0.0023574 0.0441596 -0.0439706 0.0012849
 0.00366107 0.00196926 0.0388053 -0.0386361 0.00106311
 0.00312753 0.00166526 0.0352492 -0.0351006 0.000890012
 0.00267015 0.00140754 0.0320566 -0.0319281 0.000744881
 0.00224455 0.00117138 0.0287146 -0.0286051 0.000613813
 0.00185562 0.000958756 0.0253082 -0.0252165 0.000497479
 0.00150296 0.000768306 0.0221844 -0.0221102 0.000394515
 0.00118304 0.000598201 0.018988 -0.0189298 0.000303912
 0.000905231 0.000452769 0.0157649 -0.0157204 0.000227592
 0.000671194 0.000331944 0.0127534 -0.0127207 0.000165029
 0.000480797 0.000234445 0.0104807 -0.0104591 0.000114976
 0.000331636 0.000159374 0.00827337 -0.00825994 7.70656e-05
 0.000220794 0.000104524 0.00627225 -0.00626412 4.98095e-05
 0.000142731 6.63312e-05 0.0047865 -0.00478245 3.10457e-05
 8.80762e-05 3.99726e-05 0.00362432 -0.00362306 1.82766e-05
 5.03569e-05 2.20324e-05 0.00276358 -0.00276445 9.70681e-06
 2.61551e-05 1.08153e-05 0.00203509 -0.00203704 4.48184e-06
 0 0 0 0 0
 0 0 0 0 0
 0 0 0 0 0
 0 0 0 0 0
 0 0 0 0 0
 0 0 0 0 0
 0 0 0 0 0
 0 0 0 0 0
 0 0 0 0 0
 0 0 0 0 0
 0 0 0 0 0
 0 0 0 0 0
 0 0 0 0 0
 0 0 0 0 0
 0 0 0 0 0
 0 0 0 0 0
 0 0 0 0 0
 0 0 0 0 0
 0 0 0 0 0
 0 0 0 0 0
 0 0 0 0 0
 0 0 0 0 0
 0 0 0 0 0
 0 0 0 0 0
 0 0 0 0 0
 0 0 0 0 0
 0 0 0 0 0
 0 0 0 0 0
 0 0 0 0 0
 0 0 0 0 0
 0 0 0 0 0
 0 0 0 0 0
 0 0 0 0 0
 0 0 0 0 0
 0 0 0 0 0
 0 0 0 0 0
 0 0 0 0 0
 0 0 0 0 0
 0 0 0 0 0
 0 0 0 0 0
 0 0 0 0 0
 0 0 0 0 0
 0 0 0 0 0
 0 0 0 0 0
 0 0 0 0 0
 0 0 0 0 0
 0 0 0 0 0
 0 0 0 0 0
 0 0 0 0 0
 0 0 0 0 0
 0 0 0 0 0
 0 0 0 0 0
 0 0 0 0 0
 0 0 0 0 0
 0 0 0 0 0
 0 0 0 0 0
 0 0 0 0 0
 0 0 0 0 0
 0 0 0 0 0
 0 0 0 0 0
 0 0 0 0 0
 13.6199 12.8965 0.134964 -0.118829 12.2116
 5.26854 4.90611 0.136967 -0.121863 4.56869
 2.80361 2.56828 0.139619 -0.125462 2.35279
 1.7555 1.58244 0.143007 -0.12972 1.42652
 1.21234 1.07564 0.146911 -0.134441 0.954444
 0.894831 0.781638 0.151424 -0.139719 0.682856
 0.692719 0.595869 0.15651 -0.145526 0.512648
 0.555689 0.470816 0.162126 -0.151825 0.398991
 0.458654 0.382841 0.168415 -0.158754 0.319644
 0.387751 0.318924 0.175561 -0.166493 0.262398
 0.334673 0.271294 0.183722 -0.175196 0.220002
 0.293152 0.234252 0.192399 -0.184392 0.18727
 0.259161 0.204178 0.200938 -0.193448 0.160944
 0.230502 0.17908 0.208921 -0.201948 0.139211
 0.205827 0.157722 0.215999 -0.209545 0.120941
 0.184183 0.139234 0.221787 -0.21585 0.105334
 0.164916 0.123016 0.225921 -0.220493 0.0918387
 0.147621 0.108681 0.228145 -0.22321 0.0800869
 0.132084 0.0959994 0.228457 -0.223994 0.0698438
 0.118241 0.0848613 0.227079 -0.223058 0.0609721
 0.105948 0.075105 0.2243 -0.220684 0.0533043
 0.0952175 0.0666856 0.220713 -0.217462 0.0467636
 0.0859325 0.0594678 0.217366 -0.214439 0.0412102
 0.0777444 0.0531714 0.213764 -0.211128 0.0364188
 0.0702838 0.0475086 0.210006 -0.207639 0.0321641
 0.0632787 0.0422753 0.205717 -0.203604 0.0282906
 0.0564926 0.0373064 0.199311 -0.197438 0.0246801
 0.0499252 0.0325916 0.190919 -0.189271 0.0213162
 0.0436596 0.028181 0.179916 -0.17847 0.0182262
 0.0379179 0.0242077 0.166928 -0.165659 0.015487
 0.0329544 0.0208178 0.153283 -0.152156 0.0131793
 0.0288417 0.0180362 0.140087 -0.139072 0.0113039
 0.0255258 0.0158067 0.128402 -0.127474 0.00981019
 0.0229764 0.0140893 0.119948 -0.119092 0.0086595
 0.0209386 0.0127119 0.114568 -0.113779 0.00773569
 0.0191236 0.0114893 0.111512 -0.110794 0.00691969
 0.0172993 0.0102846 0.107911 -0.107264 0.0061301
 0.0154184 0.00907025 0.103201 -0.102627 0.00535026
 0.0134788 0.00784581 0.0970563 -0.0965581 0.00457998
 0.0115421 0.00664863 0.0891969 -0.0887712 0.00384127
 0.009698 0.00552927 0.0800069 -0.0796463 0.00316235
 0.00803644 0.00453629 0.0702288 -0.0699231 0.00256888
 0.00661344 0.00369657 0.0608307 -0.0605701 0.00207307
 0.00545406 0.00301901 0.0525785 -0.0523529 0.00167681
 0.00452538 0.00248142 0.0452926 -0.0450928 0.00136532
 0.00381339 0.00207102 0.0398709 -0.0396929 0.00112868
 0.00324709 0.00174642 0.0356875 -0.035529 0.00094265
 0.00278022 0.00148064 0.0324405 -0.0323017 0.00079145
 0.00236011 0.00124468 0.0292491 -0.0291292 0.000658944
 0.00197373 0.00103069 0.0260741 -0.0259723 0.000540382
 0.00162067 0.00083785 0.022945 -0.0228607 0.00043496
 0.00129859 0.000664262 0.0199558 -0.0198884 0.000341287
 0.00101098 0.000511675 0.0168525 -0.0168001 0.000260175
 0.000762931 0.000381986 0.0138305 -0.0137911 0.000192194
 0.000557041 0.000275481 0.0112956 -0.0112679 0.000136957
 0.000392223 0.000191302 0.00910806 -0.00909012 9.38431e-05
 0.000266238 0.000128017 0.00704981 -0.00703875 6.19386e-05
 0.000175289 8.29275e-05 0.00539541 -0.00538926 3.94959e-05
 0.000111751 5.191e-05 0.00404956 -0.00404662 2.42864e-05
 6.68462e-05 3.02036e-05 0.00309716 -0.00309683 1.37502e-05
 0 0 0 0 0
 0 0 0 0 0
 0 0 0 0 0
 0 0 0 0 0
 0 0 0 0 0
 0 0 0 0 0
 0 0 0 0 0
 0 0 0 0 0
 0 0 0 0 0
 0 0 0 0 0
 0 0 0 0 0
 0 0 0 0 0
 0 0 0 0 0
 0 0 0 0 0
 0 0 0 0 0
 0 0 0 0 0
 0 0 0 0 0
 0 0 0 0 0
 0 0 0 0 0
 0 0 0 0 0
 0 0 0 0 0
 0 0 0 0 0
 0 0 0 0 0
 0 0 0 0 0
 0 0 0 0 0
 0 0 0 0 0
 0 0 0 0 0
 0 0 0 0 0
 0 0 0 0 0
 0 0 0 0 0
 0 0 0 0 0
 0 0 0 0 0
 0 0 0 0 0
 0 0 0 0 0
 0 0 0 0 0
 0 0 0 0 0
 0 0 0 0 0
 0 0 0 0 0
 0 0 0 0 0
 0 0 0 0 0
 0 0 0 0 0
 0 0 0 0 0
 0 0 0 0 0
 0 0 0 0 0
 0 0 0 0 0
 0 0 0 0 0
 0 0 0 0 0
 0 0 0 0 0
 0 0 0 0 0
 0 0 0 0 0
 0 0 0 0 0
 0 0 0 0 0
 0 0 0 0 0
 0 0 0 0 0
 0 0 0 0 0
 0 0 0 0 0
 0 0 0 0 0
 0 0 0 0 0
 0 0 0 0 0
 0 0 0 0 0
 0 0 0 0 0
 0 0 0 0 0
 13.4474 12.7564 0.127259 -0.111498 12.101
 5.11791 4.77596 0.128551 -0.113848 4.45693
 2.70179 2.48098 0.130591 -0.116846 2.2783
 1.68209 1.52036 0.13327 -0.120406 1.37426
 1.15853 1.03096 0.136684 -0.124627 0.917519
 0.853119 0.747631 0.140612 -0.129313 0.655263
 0.659512 0.569305 0.145144 -0.134554 0.491514
 0.528736 0.449674 0.150246 -0.140322 0.382513
 0.435906 0.365323 0.155867 -0.146574 0.306246
 0.367733 0.303754 0.162126 -0.153426 0.250984
 0.316472 0.2577 0.169203 -0.16105 0.209918
 0.277185 0.222543 0.177218 -0.169566 0.178749
 0.245738 0.194563 0.185655 -0.178482 0.154122
 0.219387 0.171326 0.193846 -0.18715 0.133868
 0.196674 0.151516 0.201351 -0.195134 0.116801
 0.176729 0.134339 0.207823 -0.202082 0.10219
 0.158924 0.119223 0.212885 -0.207615 0.0895106
 0.142846 0.105781 0.216201 -0.211392 0.0784013
 0.128268 0.0937825 0.217624 -0.213261 0.068635
 0.115073 0.0830906 0.217127 -0.213184 0.0600609
 0.103301 0.0736838 0.215173 -0.211619 0.0526178
 0.0928463 0.0654363 0.212061 -0.208862 0.0461748
 0.0837563 0.0583373 0.208684 -0.2058 0.0406861
 0.0758244 0.0522024 0.205211 -0.202608 0.03599
 0.0688031 0.0468259 0.201997 -0.199648 0.0319163
 0.0622758 0.0419005 0.198251 -0.196138 0.0282362
 0.0560481 0.0372792 0.193979 -0.192093 0.0248373
 0.0499106 0.0328227 0.187041 -0.185369 0.0216238
 0.0439754 0.0285949 0.178341 -0.176869 0.0186289
 0.03833 0.0246526 0.166619 -0.165324 0.0158872
 0.0332606 0.0211658 0.153656 -0.152512 0.0134969
 0.028968 0.0182472 0.140463 -0.139438 0.0115186
 0.0254835 0.0158959 0.128223 -0.127289 0.009937
 0.0227574 0.0140602 0.118262 -0.117401 0.00870594
 0.020627 0.012622 0.111139 -0.11034 0.00774094
 0.0189071 0.0114533 0.107753 -0.107017 0.00695413
 0.0172446 0.0103394 0.104734 -0.104063 0.00621425
 0.0155458 0.00922456 0.101188 -0.100586 0.00548756
 0.0137735 0.00808831 0.0963381 -0.0958075 0.00476247
 0.0119483 0.006944 0.0898756 -0.0894169 0.00404704
 0.0101506 0.00583933 0.0817494 -0.0813588 0.00336911
 0.00846875 0.00482339 0.0725519 -0.0722213 0.00275561
 0.00698669 0.00394041 0.0632738 -0.0629937 0.0022294
 0.00574419 0.00320893 0.0544718 -0.0542308 0.00179846
 0.00474618 0.00262629 0.0470133 -0.0468029 0.00145806
 0.00396291 0.0021728 0.0405949 -0.0404069 0.00119527
 0.00335285 0.00182099 0.0358807 -0.0357126 0.00099235
 0.00287141 0.00154436 0.0325597 -0.0324111 0.000833506
 0.00246181 0.00131133 0.0296612 -0.0295317 0.000701038
 0.00208037 0.00109751 0.0266516 -0.0265403 0.000581177
 0.00172951 0.000903681 0.0235732 -0.0234793 0.000474025
 0.0014088 0.000728644 0.0207301 -0.0206533 0.000378415
 0.00111479 0.000570596 0.0178148 -0.0177541 0.000293326
 0.000856675 0.000433929 0.0148481 -0.0148015 0.000220807
 0.000637419 0.000319416 0.0120406 -0.012006 0.000160839
 0.000457412 0.000226197 0.00990013 -0.00987706 0.000112453
 0.00031628 0.000154293 0.00781894 -0.00780431 7.57062e-05
 0.000211176 0.000101594 0.00592712 -0.00591815 4.91797e-05
 0.000137036 6.48287e-05 0.00451633 -0.00451156 3.08768e-05
 0 0 0 0 0
 0 0 0 0 0
 0 0 0 0 0
 0 0 0 0 0
 0 0 0 0 0
 0 0 0 0 0
 0 0 0 0 0
 0 0 0 0 0
 0 0 0 0 0
 0 0 0 0 0
 0 0 0 0 0
 0 0 0 0 0
 0 0 0 0 0
 0 0 0 0 0
 0 0 0 0 0
 0 0 0 0 0
 0 0 0 0 0
 0 0 0 0 0
 0 0 0 0 0
 0 0 0 0 0
 0 0 0 0 0
 0 0 0 0 0
 0 0 0 0 0
 0 0 0 0 0
 0 0 0 0 0
 0 0 0 0 0
 0 0 0 0 0
 0 0 0 0 0
 0 0 0 0 0
 0 0 0 0 0
 0 0 0 0 0
 0 0 0 0 0
 0 0 0 0 0
 0 0 0 0 0
 0 0 0 0 0
 0 0 0 0 0
 0 0 0 0 0
 0 0 0 0 0
 0 0 0 0 0
 0 0 0 0 0
 0 0 0 0 0
 0 0 0 0 0
 0 0 0 0 0
 0 0 0 0 0
 0 0 0 0 0
 0 0 0 0 0
 0 0 0 0 0
 0 0 0 0 0
 0 0 0 0 0
 0 0 0 0 0
 0 0 0 0 0
 0 0 0 0 0
 0 0 0 0 0
 0 0 0 0 0
 0 0 0 0 0
 0 0 0 0 0
 0 0 0 0 0
 0 0 0 0 0
 0 0 0 0 0
 0 0 0 0 0
 0 0 0 0 0
 0 0 0 0 0
 0 0 0 0 0
 13.3059 12.6441 0.120406 -0.104943 12.0152
 4.98654 4.66276 0.121161 -0.106777 4.36009
 2.60896 2.40125 0.122515 -0.109113 2.21016
 1.61585 1.46425 0.124622 -0.112109 1.32694
 1.10795 0.988756 0.127344 -0.115649 0.882463
 0.814375 0.7159 0.13081 -0.119863 0.629406
 0.628413 0.544286 0.134774 -0.124529 0.471496
 0.503312 0.429604 0.139347 -0.129757 0.366762
 0.414824 0.349001 0.144475 -0.135501 0.293694
 0.349657 0.290013 0.15011 -0.141719 0.240613
 0.300354 0.245639 0.156357 -0.148513 0.20096
 0.262372 0.211613 0.163369 -0.15603 0.170742
 0.232669 0.185096 0.171242 -0.164366 0.147319
 0.208363 0.163527 0.179412 -0.172978 0.128407
 0.187534 0.145223 0.187204 -0.181211 0.112525
 0.169204 0.129308 0.194176 -0.188623 0.0988856
 0.152813 0.11527 0.199986 -0.194871 0.0870162
 0.137949 0.102732 0.204272 -0.199586 0.0765694
 0.124359 0.0914519 0.206743 -0.202475 0.0673137
 0.111943 0.0813081 0.207357 -0.203488 0.0591164
 0.100671 0.0722387 0.206212 -0.202717 0.0518934
 0.0906075 0.0642494 0.203741 -0.200587 0.0456127
 0.0816806 0.0572489 0.200311 -0.197467 0.0401752
 0.0739531 0.0512395 0.197169 -0.194599 0.0355495
 0.0671725 0.0460167 0.193959 -0.191632 0.0315686
 0.0610789 0.0413728 0.190979 -0.188874 0.0280668
 0.0553409 0.0370651 0.187736 -0.185843 0.0248646
 0.0496695 0.0328959 0.182564 -0.180874 0.0218238
 0.0441036 0.0288856 0.175524 -0.174027 0.0189526
 0.0386878 0.0250623 0.165816 -0.164495 0.0162663
 0.0336385 0.0215604 0.153906 -0.152741 0.0138464
 0.029191 0.0185188 0.14098 -0.139943 0.0117724
 0.0255154 0.016029 0.128351 -0.127412 0.0100906
 0.022593 0.0140595 0.117161 -0.116296 0.00876769
 0.0203698 0.0125572 0.109053 -0.108249 0.00775769
 0.0186244 0.0113713 0.104026 -0.103278 0.006958
 0.0170913 0.0103304 0.101451 -0.100763 0.00625831
 0.0155526 0.00930538 0.0985931 -0.0979675 0.00558091
 0.0139481 0.00826063 0.0948081 -0.0942481 0.00490453
 0.0122664 0.00719056 0.0896769 -0.0891863 0.00422626
 0.0105498 0.00612184 0.0828031 -0.0823819 0.00356228
 0.00888825 0.00510653 0.0745087 -0.0741506 0.00294236
 0.007369 0.00419268 0.0654594 -0.0651569 0.00239267
 0.00605589 0.00341282 0.0566308 -0.0563733 0.00192927
 0.00498518 0.00278304 0.0488042 -0.0485818 0.00155858
 0.00413068 0.00228497 0.0419113 -0.0417148 0.00126801
 0.00348091 0.00190774 0.0367836 -0.0366083 0.00104894
 0.00296882 0.00161192 0.032868 -0.0327111 0.000878081
 0.00255086 0.00137188 0.0299103 -0.0297719 0.000740325
 0.00217561 0.00115909 0.0270384 -0.0269181 0.000619707
 0.00182839 0.000964894 0.0241748 -0.0240721 0.000511074
 0.00150921 0.000788806 0.0213338 -0.0212481 0.000413865
 0.00121503 0.000628625 0.0186199 -0.0185508 0.000326559
 0.000950131 0.000486602 0.0157728 -0.0157187 0.000250278
 0.000719262 0.000364573 0.0129776 -0.0129367 0.00018563
 0.000525756 0.000263372 0.0106244 -0.0105956 0.000132579
 0.000370836 0.000183374 0.00856075 -0.00854194 9.11619e-05
 0.000252125 0.000123025 0.006621 -0.00660925 6.03793e-05
 0 0 0 0 0
 0 0 0 0 0
 0 0 0 0 0
 0 0 0 0 0
 0 0 0 0 0
 0 0 0 0 0
 0 0 0 0 0
 0 0 0 0 0
 0 0 0 0 0
 0 0 0 0 0
 0 0 0 0 0
 0 0 0 0 0
 0 0 0 0 0
 0 0 0 0 0
 0 0 0 0 0
 0 0 0 0 0
 0 0 0 0 0
 0 0 0 0 0
 0 0 0 0 0
 0 0 0 0 0
 0 0 0 0 0
 0 0 0 0 0
 0 0 0 0 0
 0 0 0 0 0
 0 0 0 0 0
 0 0 0 0 0
 0 0 0 0 0
 0 0 0 0 0
 0 0 0 0 0
 0 0 0 0 0
 0 0 0 0 0
 0 0 0 0 0
 0 0 0 0 0
 0 0 0 0 0
 0 0 0 0 0
 0 0 0 0 0
 0 0 0 0 0
 0 0 0 0 0
 0 0 0 0 0
 0 0 0 0 0
 0 0 0 0 0
 0 0 0 0 0
 0 0 0 0 0
 0 0 0 0 0
 0 0 0 0 0
 0 0 0 0 0
 0 0 0 0 0
 0 0 0 0 0
 0 0 0 0 0
 0 0 0 0 0
 0 0 0 0 0
 0 0 0 0 0
 0 0 0 0 0
 0 0 0 0 0
 0 0 0 0 0
 0 0 0 0 0
 0 0 0 0 0
 0 0 0 0 0
 0 0 0 0 0
 0 0 0 0 0
 0 0 0 0 0
 0 0 0 0 0
 0 0 0 0 0
 0 0 0 0 0
 13.1886 12.5534 0.114252 -0.0990281 11.9488
 4.86913 4.56174 0.114574 -0.100446 4.27383
 2.52703 2.33094 0.115416 -0.102288 2.15015
 1.55507 1.41264 0.116847 -0.104631 1.28333
 1.06233 0.950619 0.119046 -0.107652 0.850731
 0.777856 0.685837 0.121827 -0.111191 0.604767
 0.599537 0.520956 0.125367 -0.115423 0.452741
 0.479449 0.410659 0.12938 -0.120084 0.351805
 0.394924 0.333495 0.13401 -0.125319 0.281686
 0.332864 0.277177 0.139171 -0.13105 0.23087
 0.285757 0.234679 0.144829 -0.137246 0.192794
 0.249224 0.201893 0.151074 -0.143996 0.163614
 0.220462 0.176193 0.158014 -0.151401 0.140876
 0.19758 0.155809 0.165738 -0.159551 0.122931
 0.178434 0.138865 0.173602 -0.167823 0.108133
 0.161664 0.124184 0.18094 -0.175568 0.095455
 0.146615 0.111184 0.187319 -0.182352 0.0843762
 0.132936 0.0995406 0.192415 -0.187849 0.0745944
 0.120354 0.0890031 0.195881 -0.191706 0.0658762
 0.108744 0.0794375 0.197526 -0.193728 0.0580846
 0.09807 0.0707844 0.197291 -0.19385 0.0511429
 0.0883825 0.0630444 0.195521 -0.192412 0.0450206
 0.0797594 0.0562399 0.192684 -0.189873 0.0397033
 0.0721569 0.0503042 0.189455 -0.186912 0.0351143
 0.065525 0.0451721 0.186211 -0.183907 0.0311833
 0.0596986 0.0407009 0.183438 -0.181348 0.0277886
 0.0543442 0.0366434 0.180505 -0.178611 0.0247455
 0.0492005 0.0328087 0.177284 -0.17558 0.0219134
 0.0440116 0.0290282 0.171514 -0.169994 0.0191784
 0.0389219 0.0253918 0.16404 -0.162694 0.0165949
 0.0339914 0.0219409 0.153459 -0.152269 0.0141892
 0.0295028 0.0188479 0.141404 -0.140348 0.0120647
 0.0256458 0.0162225 0.128816 -0.127868 0.0102824
 0.0225425 0.0141252 0.117083 -0.116215 0.00886906
 0.0201576 0.0125148 0.107587 -0.10678 0.00778594
 0.0183215 0.0112701 0.100868 -0.100112 0.00694706
 0.0168592 0.0102701 0.0977963 -0.097095 0.00626975
 0.0154559 0.00932194 0.09542 -0.0947756 0.00563504
 0.0140114 0.00836612 0.0926181 -0.0920344 0.00500714
 0.0124827 0.00737856 0.0886412 -0.0881225 0.00437229
 0.0108819 0.00636794 0.0831056 -0.0826544 0.00373615
 0.00927306 0.00537292 0.0758538 -0.0754675 0.00312167
 0.00774825 0.00444606 0.0674406 -0.0671138 0.00255851
 0.00638788 0.00363067 0.0587971 -0.0585208 0.00206964
 0.00523882 0.00295025 0.0503889 -0.0501523 0.00166645
 0.00432441 0.00241281 0.0434476 -0.0432417 0.00135036
 0.00360814 0.00199529 0.0373915 -0.0372076 0.00110679
 0.00305626 0.00167469 0.0329966 -0.0328318 0.000920519
 0.00262429 0.00142451 0.0299446 -0.0297981 0.000775731
 0.00225866 0.00121466 0.0273269 -0.0271985 0.0006554
 0.00191721 0.00102149 0.0246136 -0.0245026 0.000546134
 0.00160123 0.000845263 0.0218262 -0.0217319 0.000447809
 0.00130986 0.000684719 0.0192521 -0.0191746 0.000359287
 0.00104079 0.000538653 0.0165876 -0.0165259 0.000279892
 0.000802163 0.000411013 0.0138596 -0.0138121 0.000211487
 0.000597792 0.000303152 0.0112604 -0.0112252 0.000154423
 0.000429266 0.000214979 0.00926225 -0.00923862 0.000108194
 0 0 0 0 0
 0 0 0 0 0
 0 0 0 0 0
 0 0 0 0 0
 0 0 0 0 0
 0 0 0 0 0
 0 0 0 0 0
 0 0 0 0 0
 0 0 0 0 0
 0 0 0 0 0
 0 0 0 0 0
 0 0 0 0 0
 0 0 0 0 0
 0 0 0 0 0
 0 0 0 0 0
 0 0 0 0 0
 0 0 0 0 0
 0 0 0 0 0
 0 0 0 0 0
 0 0 0 0 0
 0 0 0 0 0
 0 0 0 0 0
 0 0 0 0 0
 0 0 0 0 0
 0 0 0 0 0
 0 0 0 0 0
 0 0 0 0 0
 0 0 0 0 0
 0 0 0 0 0
 0 0 0 0 0
 0 0 0 0 0
 0 0 0 0 0
 0 0 0 0 0
 0 0 0 0 0
 0 0 0 0 0
 0 0 0 0 0
 0 0 0 0 0
 0 0 0 0 0
 0 0 0 0 0
 0 0 0 0 0
 0 0 0 0 0
 0 0 0 0 0
 0 0 0 0 0
 0 0 0 0 0
 0 0 0 0 0
 0 0 0 0 0
 0 0 0 0 0
 0 0 0 0 0
 0 0 0 0 0
 0 0 0 0 0
 0 0 0 0 0
 0 0 0 0 0
 0 0 0 0 0
 0 0 0 0 0
 0 0 0 0 0
 0 0 0 0 0
 0 0 0 0 0
 0 0 0 0 0
 0 0 0 0 0
 0 0 0 0 0
 0 0 0 0 0
 0 0 0 0 0
 0 0 0 0 0
 0 0 0 0 0
 0 0 0 0 0
 13.0967 12.4854 0.108741 -0.0937031 11.9028
 4.76312 4.47061 0.108654 -0.0947325 4.19614
 2.45282 2.26724 0.109064 -0.0961587 2.09576
 1.50127 1.36698 0.110012 -0.0980337 1.24476
 1.02025 0.91535 0.111554 -0.100418 0.8213
 0.744981 0.658719 0.113853 -0.103476 0.582514
 0.572226 0.498766 0.116715 -0.107039 0.434798
 0.457324 0.393016 0.120338 -0.111301 0.337811
 0.37618 0.318801 0.124409 -0.115971 0.270234
 0.317004 0.264973 0.129111 -0.121232 0.221541
 0.272173 0.224421 0.134311 -0.126957 0.185106
 0.237263 0.193019 0.139993 -0.133134 0.157082
 0.209621 0.168272 0.146241 -0.139847 0.135138
 0.18743 0.148489 0.153106 -0.14714 0.117696
 0.169496 0.132544 0.160661 -0.155086 0.103705
 0.154125 0.118984 0.168158 -0.162961 0.0919112
 0.140381 0.107006 0.174981 -0.170159 0.0816213
 0.127826 0.0962225 0.180711 -0.176262 0.0724875
 0.116242 0.0864294 0.185036 -0.180953 0.0643163
 0.10546 0.0774669 0.187643 -0.183916 0.0569559
 0.0954444 0.0692787 0.188454 -0.185066 0.0503362
 0.0862256 0.0618601 0.187535 -0.184466 0.0444269
 0.077865 0.0552257 0.185209 -0.182431 0.0392135
 0.0704719 0.0494235 0.182231 -0.179714 0.0347038
 0.0639731 0.0443719 0.179057 -0.176774 0.0308159
 0.0582782 0.0399818 0.176092 -0.174017 0.0274669
 0.0532128 0.0361112 0.173622 -0.171734 0.0245411
 0.048482 0.032544 0.171212 -0.169501 0.0218789
 0.0437464 0.0290487 0.167078 -0.16554 0.0193202
 0.0389808 0.0256056 0.161109 -0.159739 0.0168485
 0.0342849 0.0222827 0.152504 -0.151291 0.0145082
 0.0298361 0.0191918 0.141568 -0.140491 0.0123681
 0.0258805 0.0164824 0.129414 -0.128452 0.0105175
 0.0225771 0.0142425 0.117319 -0.116446 0.00900244
 0.0199934 0.0124978 0.106641 -0.105833 0.00782794
 0.0180704 0.0111938 0.0989762 -0.0982187 0.00694794
 0.0165811 0.0101761 0.094375 -0.093665 0.00625806
 0.0152844 0.00928919 0.09225 -0.0915925 0.00565762
 0.0139766 0.00841112 0.0899825 -0.0893794 0.00507306
 0.0125986 0.00750712 0.0869313 -0.0863875 0.00448368
 0.0111311 0.00656706 0.082615 -0.0821363 0.00388389
 0.00960956 0.00561382 0.0765812 -0.0761675 0.00328801
 0.00811025 0.00469227 0.0690581 -0.0687063 0.0027221
 0.00672581 0.00385467 0.0606976 -0.0604004 0.00221537
 0.00551895 0.00313375 0.0524281 -0.0521763 0.00178453
 0.00453439 0.00255122 0.0450461 -0.0448292 0.00143964
 0.00375333 0.00209307 0.0385559 -0.0383647 0.00117068
 0.0031635 0.00174834 0.0337662 -0.0335954 0.000969138
 0.00270376 0.00148078 0.0301557 -0.0300024 0.000813456
 0.00233099 0.00126494 0.0274781 -0.0273423 0.0006886
 0.00199607 0.00107338 0.0248879 -0.0247691 0.000579088
 0.00168421 0.000897413 0.022303 -0.0222011 0.000479794
 0.0013959 0.000736906 0.0197284 -0.0196429 0.000390395
 0.00112769 0.000589522 0.0172639 -0.0171947 0.000309338
 0.000884238 0.000457754 0.0146571 -0.0146027 0.000237907
 0.0006708 0.00034384 0.0120672 -0.0120261 0.000176982
 0 0 0 0 0
 0 0 0 0 0
 0 0 0 0 0
 0 0 0 0 0
 0 0 0 0 0
 0 0 0 0 0
 0 0 0 0 0
 0 0 0 0 0
 0 0 0 0 0
 0 0 0 0 0
 0 0 0 0 0
 0 0 0 0 0
 0 0 0 0 0
 0 0 0 0 0
 0 0 0 0 0
 0 0 0 0 0
 0 0 0 0 0
 0 0 0 0 0
 0 0 0 0 0
 0 0 0 0 0
 0 0 0 0 0
 0 0 0 0 0
 0 0 0 0 0
 0 0 0 0 0
 0 0 0 0 0
 0 0 0 0 0
 0 0 0 0 0
 0 0 0 0 0
 0 0 0 0 0
 0 0 0 0 0
 0 0 0 0 0
 0 0 0 0 0
 0 0 0 0 0
 0 0 0 0 0
 0 0 0 0 0
 0 0 0 0 0
 0 0 0 0 0
 0 0 0 0 0
 0 0 0 0 0
 0 0 0 0 0
 0 0 0 0 0
 0 0 0 0 0
 0 0 0 0 0
 0 0 0 0 0
 0 0 0 0 0
 0 0 0 0 0
 0 0 0 0 0
 0 0 0 0 0
 0 0 0 0 0
 0 0 0 0 0
 0 0 0 0 0
 0 0 0 0 0
 0 0 0 0 0
 0 0 0 0 0
 0 0 0 0 0
 0 0 0 0 0
 0 0 0 0 0
 0 0 0 0 0
 0 0 0 0 0
 0 0 0 0 0
 0 0 0 0 0
 0 0 0 0 0
 0 0 0 0 0
 0 0 0 0 0
 0 0 0 0 0
 0 0 0 0 0
 13.0242 12.4349 0.103758 -0.0888644 11.8723
 4.66773 4.38874 0.103331 -0.0895725 4.1265
 2.38549 2.20942 0.103361 -0.0906362 2.0464
 1.45221 1.32528 0.103873 -0.09209 1.2095
 0.982794 0.883937 0.104943 -0.0940156 0.795094
 0.714475 0.633475 0.106613 -0.0964625 0.56172
 0.547626 0.478742 0.109028 -0.0995775 0.41858
 0.436378 0.376217 0.11201 -0.103206 0.324406
 0.358839 0.305149 0.115707 -0.107492 0.259547
 0.302029 0.253379 0.11986 -0.112198 0.212619
 0.259338 0.214667 0.124629 -0.117481 0.177744
 0.226132 0.184714 0.12987 -0.123207 0.150936
 0.199693 0.160991 0.135571 -0.129365 0.129842
 0.178389 0.14196 0.141818 -0.136037 0.113022
 0.160989 0.126478 0.148602 -0.143215 0.0994156
 0.146682 0.113784 0.155937 -0.150909 0.0883156
 0.13412 0.102742 0.163009 -0.158329 0.0787569
 0.122665 0.0928112 0.169254 -0.164921 0.0702737
 0.11203 0.0837363 0.174275 -0.170284 0.0626381
 0.102089 0.075395 0.177786 -0.174129 0.0557288
 0.0927569 0.0676981 0.179557 -0.176221 0.0494557
 0.0840406 0.0606302 0.179481 -0.17645 0.0437853
 0.0760394 0.0542379 0.177903 -0.175154 0.0387292
 0.0688269 0.0485497 0.175198 -0.172706 0.034286
 0.0624741 0.0435882 0.172191 -0.169926 0.0304487
 0.0569084 0.0392786 0.169165 -0.167103 0.0271456
 0.0519916 0.0355017 0.16667 -0.164791 0.0242751
 0.0475276 0.0321088 0.164294 -0.162582 0.0217235
 0.0432572 0.0289116 0.161932 -0.160381 0.0193531
 0.0388877 0.0257153 0.157468 -0.156076 0.0170322
 0.0344591 0.0225467 0.150644 -0.149406 0.0147777
 0.0301394 0.0195179 0.141035 -0.139936 0.0126623
 0.0261606 0.0167722 0.129838 -0.128859 0.0107731
 0.0227234 0.0144295 0.117897 -0.117014 0.00918025
 0.0199447 0.0125494 0.106662 -0.105852 0.00791144
 0.0178573 0.0111364 0.0976581 -0.0969013 0.00695844
 0.0162898 0.0100685 0.0914212 -0.0907075 0.00623529
 0.0150488 0.00921406 0.0887906 -0.0881237 0.00565291
 0.0138596 0.00840444 0.0869031 -0.0862856 0.00510704
 0.0126206 0.00757869 0.0846862 -0.0841231 0.00456098
 0.0112927 0.00671513 0.0814588 -0.0809556 0.00400226
 0.00988119 0.00581871 0.0766194 -0.0761787 0.00343476
 0.00844156 0.00492334 0.0701225 -0.069745 0.00287873
 0.00705712 0.00407727 0.0623858 -0.0620664 0.00236191
 0.00581264 0.00332723 0.0543549 -0.0540857 0.00190979
 0.00476097 0.00270081 0.0465542 -0.0463246 0.00153643
 0.00392151 0.00220474 0.0399246 -0.0397251 0.00124309
 0.00327177 0.0018236 0.0342628 -0.0340846 0.00101933
 0.00277461 0.00153282 0.0301943 -0.0300344 0.000849244
 0.00238944 0.00130804 0.0274383 -0.0272957 0.000718181
 0.00206416 0.00111983 0.025087 -0.0249614 0.000609394
 0.00175855 0.0009455 0.0226378 -0.0225288 0.000509978
 0.00147416 0.000785538 0.0201074 -0.0200144 0.000419977
 0.00120946 0.000638413 0.0177876 -0.0177108 0.00033816
 0.000963844 0.000503907 0.0153432 -0.0152819 0.000264418
 0 0 0 0 0
 0 0 0 0 0
 0 0 0 0 0
 0 0 0 0 0
 0 0 0 0 0
 0 0 0 0 0
 0 0 0 0 0
 0 0 0 0 0
 0 0 0 0 0
 0 0 0 0 0
 0 0 0 0 0
 0 0 0 0 0
 0 0 0 0 0
 0 0 0 0 0
 0 0 0 0 0
 0 0 0 0 0
 0 0 0 0 0
 0 0 0 0 0
 0 0 0 0 0
 0 0 0 0 0
 0 0 0 0 0
 0 0 0 0 0
 0 0 0 0 0
 0 0 0 0 0
 0 0 0 0 0
 0 0 0 0 0
 0 0 0 0 0
 0 0 0 0 0
 0 0 0 0 0
 0 0 0 0 0
 0 0 0 0 0
 0 0 0 0 0
 0 0 0 0 0
 0 0 0 0 0
 0 0 0 0 0
 0 0 0 0 0
 0 0 0 0 0
 0 0 0 0 0
 0 0 0 0 0
 0 0 0 0 0
 0 0 0 0 0
 0 0 0 0 0
 0 0 0 0 0
 0 0 0 0 0
 0 0 0 0 0
 0 0 0 0 0
 0 0 0 0 0
 0 0 0 0 0
 0 0 0 0 0
 0 0 0 0 0
 0 0 0 0 0
 0 0 0 0 0
 0 0 0 0 0
 0 0 0 0 0
 0 0 0 0 0
 0 0 0 0 0
 0 0 0 0 0
 0 0 0 0 0
 0 0 0 0 0
 0 0 0 0 0
 0 0 0 0 0
 0 0 0 0 0
 0 0 0 0 0
 0 0 0 0 0
 0 0 0 0 0
 0 0 0 0 0
 0 0 0 0 0
 12.9658 12.3968 0.0992075 -0.0844256 11.8528
 4.58139 4.31476 0.0985188 -0.0848881 4.06372
 2.32393 2.15652 0.0982094 -0.0856306 2.00123
 1.40774 1.28746 0.0983688 -0.0867456 1.17752
 0.94855 0.855181 0.0989938 -0.0882413 0.771056
 0.687169 0.610863 0.100202 -0.0902381 0.543086
 0.524684 0.459996 0.102017 -0.0927669 0.403334
 0.417338 0.36091 0.104559 -0.0959531 0.312163
 0.342417 0.292145 0.107686 -0.0996725 0.249304
 0.288141 0.242577 0.111457 -0.103988 0.204268
 0.247192 0.205376 0.115708 -0.108748 0.170682
 0.215611 0.176813 0.120543 -0.114056 0.145044
 0.190475 0.154194 0.125823 -0.119782 0.124871
 0.170057 0.135914 0.131531 -0.125911 0.108674
 0.153361 0.121027 0.137761 -0.132531 0.0955569
 0.139502 0.108718 0.144436 -0.139566 0.0847744
 0.127903 0.0984525 0.151502 -0.146962 0.07583
 0.117459 0.0893138 0.158086 -0.153868 0.0679588
 0.107757 0.0809531 0.163689 -0.15979 0.0608629
 0.0986219 0.073215 0.167948 -0.164362 0.0543978
 0.0899875 0.0660281 0.170599 -0.167317 0.0484908
 0.081835 0.0593594 0.171517 -0.168526 0.0430983
 0.0742237 0.0532353 0.170734 -0.168014 0.0382211
 0.06726 0.0477106 0.168573 -0.166102 0.0338806
 0.0610511 0.0428389 0.165748 -0.163501 0.0300948
 0.0555855 0.0385893 0.162757 -0.160709 0.0268231
 0.0508138 0.0349059 0.160083 -0.158212 0.0240095
 0.0465187 0.0316202 0.157928 -0.15622 0.0215228
 0.0425603 0.0286257 0.156139 -0.154582 0.0192814
 0.0385818 0.0256789 0.15281 -0.151401 0.0171174
 0.0345092 0.022728 0.147909 -0.146647 0.0149931
 0.0303841 0.0198057 0.140042 -0.13892 0.0129323
 0.0264531 0.0170709 0.129933 -0.128935 0.011036
 0.0229346 0.0146581 0.118491 -0.117598 0.0093855
 0.0199948 0.012662 0.107009 -0.106195 0.00803331
 0.0176964 0.0111078 0.0968238 -0.0960675 0.00698519
 0.0160385 0.00997925 0.0896594 -0.0889463 0.00622082
 0.0147829 0.00911556 0.0855731 -0.0849006 0.00563165
 0.0136805 0.00835625 0.0838837 -0.0832569 0.00511419
 0.0125632 0.00760069 0.0821088 -0.08153 0.00460786
 0.0113691 0.00681238 0.0796269 -0.0791025 0.00409079
 0.0100808 0.00598234 0.0759644 -0.0755 0.00355824
 0.00872513 0.00512855 0.0706069 -0.070205 0.00302174
 0.007373 0.00429321 0.0637525 -0.0634106 0.00250615
 0.00611031 0.00352539 0.0560079 -0.0557192 0.0020393
 0.00500544 0.00286194 0.0482816 -0.048038 0.00164075
 0.00410494 0.00232625 0.0413556 -0.0411465 0.00132188
 0.00339525 0.00190754 0.0352679 -0.0350836 0.00107466
 0.00286419 0.00159517 0.0308514 -0.0306867 0.000890875
 0.00245404 0.00135474 0.0275955 -0.0274474 0.000749987
 0.00212313 0.0011617 0.0251696 -0.0250379 0.000637488
 0.0018242 0.000989387 0.0228286 -0.0227129 0.000538226
 0.00154408 0.000830063 0.0204908 -0.0203912 0.000447614
 0.00128361 0.000683862 0.0181599 -0.018076 0.000365525
 0 0 0 0 0
 0 0 0 0 0
 0 0 0 0 0
 0 0 0 0 0
 0 0 0 0 0
 0 0 0 0 0
 0 0 0 0 0
 0 0 0 0 0
 0 0 0 0 0
 0 0 0 0 0
 0 0 0 0 0
 0 0 0 0 0
 0 0 0 0 0
 0 0 0 0 0
 0 0 0 0 0
 0 0 0 0 0
 0 0 0 0 0
 0 0 0 0 0
 0 0 0 0 0
 0 0 0 0 0
 0 0 0 0 0
 0 0 0 0 0
 0 0 0 0 0
 0 0 0 0 0
 0 0 0 0 0
 0 0 0 0 0
 0 0 0 0 0
 0 0 0 0 0
 0 0 0 0 0
 0 0 0 0 0
 0 0 0 0 0
 0 0 0 0 0
 0 0 0 0 0
 0 0 0 0 0
 0 0 0 0 0
 0 0 0 0 0
 0 0 0 0 0
 0 0 0 0 0
 0 0 0 0 0
 0 0 0 0 0
 0 0 0 0 0
 0 0 0 0 0
 0 0 0 0 0
 0 0 0 0 0
 0 0 0 0 0
 0 0 0 0 0
 0 0 0 0 0
 0 0 0 0 0
 0 0 0 0 0
 0 0 0 0 0
 0 0 0 0 0
 0 0 0 0 0
 0 0 0 0 0
 0 0 0 0 0
 0 0 0 0 0
 0 0 0 0 0
 0 0 0 0 0
 0 0 0 0 0
 0 0 0 0 0
 0 0 0 0 0
 0 0 0 0 0
 0 0 0 0 0
 0 0 0 0 0
 0 0 0 0 0
 0 0 0 0 0
 0 0 0 0 0
 0 0 0 0 0
 0 0 0 0 0
 12.9232 12.3729 0.0950644 -0.080365 11.846
 4.50197 4.24674 0.0941256 -0.0805963 4.00605
 2.26781 2.1083 0.0935563 -0.0810931 1.96006
 1.36684 1.25263 0.09338 -0.0818887 1.14802
 0.917631 0.829206 0.0936775 -0.0830675 0.749344
 0.662306 0.590242 0.0944475 -0.0846387 0.52607
 0.504045 0.443111 0.0957869 -0.0867031 0.389591
 0.399641 0.346628 0.0977762 -0.0893469 0.300694
 0.327301 0.280134 0.100441 -0.0926038 0.23981
 0.275016 0.232311 0.103721 -0.0964269 0.196283
 0.235872 0.196674 0.107574 -0.100781 0.164034
 0.205627 0.169264 0.111929 -0.105604 0.139376
 0.181756 0.147722 0.116831 -0.110941 0.120104
 0.162356 0.130301 0.122142 -0.116664 0.104617
 0.14631 0.115964 0.127843 -0.122751 0.0919556
 0.133011 0.104127 0.134021 -0.129286 0.0815588
 0.121852 0.0942319 0.140592 -0.136186 0.072915
 0.112258 0.0857694 0.14729 -0.143187 0.0655738
 0.103428 0.0780856 0.153319 -0.149513 0.0589948
 0.0950844 0.0709469 0.158218 -0.154704 0.0529778
 0.0871388 0.0642688 0.161671 -0.158444 0.0474413
 0.0795681 0.0580199 0.163484 -0.160533 0.0423462
 0.0723881 0.0521978 0.163488 -0.160797 0.0376757
 0.065725 0.0468759 0.162028 -0.159579 0.0334677
 0.0596651 0.042099 0.159454 -0.157224 0.0297377
 0.0543232 0.0379264 0.156628 -0.154593 0.02651
 0.0496157 0.0342803 0.153779 -0.151919 0.0237143
 0.0455026 0.0311138 0.151661 -0.149957 0.0213029
 0.0417082 0.0282256 0.149656 -0.148096 0.0191277
 0.0381023 0.0255181 0.147899 -0.14648 0.017115
 0.0343851 0.0227912 0.144251 -0.142969 0.0151299
 0.0305405 0.020036 0.138232 -0.137088 0.0131659
 0.0267179 0.0173532 0.129376 -0.128358 0.0112901
 0.0231819 0.0149107 0.118896 -0.117987 0.00960744
 0.0201244 0.0128243 0.107601 -0.106779 0.008187
 0.0176599 0.0111543 0.0969356 -0.0961794 0.00705806
 0.0158272 0.00991094 0.0884494 -0.0877394 0.00621743
 0.0144954 0.00899887 0.0827463 -0.0820719 0.00559669
 0.0134583 0.00827863 0.0806994 -0.080065 0.00510193
 0.0124406 0.00758113 0.0791769 -0.0785869 0.00462882
 0.0113692 0.00686281 0.0774187 -0.0768781 0.00415099
 0.0102046 0.0061013 0.0747406 -0.074255 0.00365574
 0.00895119 0.0053014 0.0704875 -0.0700619 0.00314686
 0.00765806 0.00449333 0.0646081 -0.0642425 0.00264268
 0.00640156 0.00372183 0.057464 -0.057155 0.00216919
 0.00526453 0.00303324 0.0499911 -0.0497315 0.00175211
 0.00430347 0.00245785 0.0427037 -0.0424832 0.00140742
 0.00354023 0.00200444 0.0364791 -0.0362877 0.0011379
 0.00296026 0.00166179 0.031485 -0.0313148 0.000935356
 0.00250954 0.00139682 0.0275417 -0.0273882 0.00077955
 0.00216888 0.00119658 0.0250626 -0.0249252 0.000661969
 0.00188034 0.00102838 0.0229634 -0.0228421 0.00056403
 0.0016065 0.000870987 0.0207516 -0.0206459 0.000473611
 0 0 0 0 0
 0 0 0 0 0
 0 0 0 0 0
 0 0 0 0 0
 0 0 0 0 0
 0 0 0 0 0
 0 0 0 0 0
 0 0 0 0 0
 0 0 0 0 0
 0 0 0 0 0
 0 0 0 0 0
 0 0 0 0 0
 0 0 0 0 0
 0 0 0 0 0
 0 0 0 0 0
 0 0 0 0 0
 0 0 0 0 0
 0 0 0 0 0
 0 0 0 0 0
 0 0 0 0 0
 0 0 0 0 0
 0 0 0 0 0
 0 0 0 0 0
 0 0 0 0 0
 0 0 0 0 0
 0 0 0 0 0
 0 0 0 0 0
 0 0 0 0 0
 0 0 0 0 0
 0 0 0 0 0
 0 0 0 0 0
 0 0 0 0 0
 0 0 0 0 0
 0 0 0 0 0
 0 0 0 0 0
 0 0 0 0 0
 0 0 0 0 0
 0 0 0 0 0
 0 0 0 0 0
 0 0 0 0 0
 0 0 0 0 0
 0 0 0 0 0
 0 0 0 0 0
 0 0 0 0 0
 0 0 0 0 0
 0 0 0 0 0
 0 0 0 0 0
 0 0 0 0 0
 0 0 0 0 0
 0 0 0 0 0
 0 0 0 0 0
 0 0 0 0 0
 0 0 0 0 0
 0 0 0 0 0
 0 0 0 0 0
 0 0 0 0 0
 0 0 0 0 0
 0 0 0 0 0
 0 0 0 0 0
 0 0 0 0 0
 0 0 0 0 0
 0 0 0 0 0
 0 0 0 0 0
 0 0 0 0 0
 0 0 0 0 0
 0 0 0 0 0
 0 0 0 0 0
 0 0 0 0 0
 0 0 0 0 0
 12.8931 12.3601 0.0912675 -0.0766262 11.8492
 4.42932 4.1846 0.0901169 -0.0766644 3.95346
 2.21605 2.06379 0.0893163 -0.0769456 1.92204
 1.32954 1.22086 0.0888787 -0.0774937 1.12111
 0.889106 0.805188 0.0888462 -0.0783562 0.729244
 0.639781 0.571547 0.0892937 -0.0796144 0.510636
 0.485361 0.427807 0.0902156 -0.0812719 0.377123
 0.383576 0.333639 0.0917081 -0.0834294 0.290247
 0.313388 0.269044 0.0938913 -0.08621 0.231018
 0.262772 0.222691 0.0966619 -0.0895256 0.188766
 0.225213 0.188434 0.100101 -0.0934612 0.157703
 0.196269 0.162151 0.104039 -0.0978612 0.134004
 0.173458 0.141519 0.108506 -0.102756 0.115501
 0.155066 0.124951 0.11347 -0.108121 0.100725
 0.139835 0.111299 0.118809 -0.113837 0.088625
 0.127029 0.0998788 0.124489 -0.119873 0.0785706
 0.116258 0.0903113 0.130563 -0.126274 0.070195
 0.107151 0.0822488 0.136982 -0.132991 0.0631731
 0.0990719 0.0751556 0.143233 -0.139521 0.0570512
 0.0914906 0.0686006 0.148644 -0.145206 0.0514758
 0.084215 0.062425 0.152779 -0.149609 0.0463102
 0.0772225 0.0565988 0.155377 -0.152467 0.0415191
 0.0705281 0.0511214 0.156328 -0.153667 0.0370895
 0.0641981 0.0460292 0.155622 -0.153195 0.0330354
 0.0583557 0.0413963 0.153584 -0.151371 0.0293969
 0.0531051 0.0372788 0.150873 -0.148851 0.0261985
 0.04851 0.0337037 0.148088 -0.146237 0.0234443
 0.0444611 0.0305759 0.145737 -0.144039 0.0210533
 0.040855 0.0278109 0.143912 -0.142353 0.0189562
 0.0374766 0.0252508 0.142517 -0.141091 0.0170369
 0.0340836 0.0227319 0.139829 -0.138533 0.0151831
 0.0305683 0.0201803 0.135612 -0.134446 0.013343
 0.0269388 0.0176068 0.128436 -0.127397 0.0115261
 0.0234416 0.0151721 0.119006 -0.118079 0.00983644
 0.0203077 0.0130211 0.108221 -0.107389 0.00836344
 0.0177026 0.01125 0.09732 -0.09656 0.00716194
 0.0156856 0.009883 0.0878456 -0.0871381 0.00623785
 0.0142463 0.00890038 0.0810719 -0.0804012 0.00557024
 0.0132091 0.00817981 0.077965 -0.07733 0.00507439
 0.0122675 0.00752762 0.0763356 -0.0757387 0.00462756
 0.0113041 0.00687212 0.074965 -0.0744119 0.00418579
 0.0102586 0.00617827 0.0729831 -0.07248 0.00372834
 0.00911487 0.00543812 0.0697981 -0.0693512 0.00325136
 0.0079 0.00466971 0.064955 -0.0645675 0.00276643
 0.0066775 0.00391122 0.0586432 -0.0583132 0.00229627
 0.0055261 0.00320798 0.0514422 -0.051165 0.0018668
 0.00451839 0.00260005 0.0442161 -0.0439828 0.0014999
 0.00369967 0.00211055 0.0377636 -0.0375639 0.00120706
 0.00305839 0.00173017 0.0320811 -0.0319051 0.000981269
 0.00258448 0.00144968 0.0280646 -0.0279071 0.000815231
 0.00222137 0.00123534 0.0251672 -0.0250255 0.000688781
 0.00192865 0.00106336 0.023 -0.0228735 0.000587852
 0 0 0 0 0
 0 0 0 0 0
 0 0 0 0 0
 0 0 0 0 0
 0 0 0 0 0
 0 0 0 0 0
 0 0 0 0 0
 0 0 0 0 0
 0 0 0 0 0
 0 0 0 0 0
 0 0 0 0 0
 0 0 0 0 0
 0 0 0 0 0
 0 0 0 0 0
 0 0 0 0 0
 0 0 0 0 0
 0 0 0 0 0
 0 0 0 0 0
 0 0 0 0 0
 0 0 0 0 0
 0 0 0 0 0
 0 0 0 0 0
 0 0 0 0 0
 0 0 0 0 0
 0 0 0 0 0
 0 0 0 0 0
 0 0 0 0 0
 0 0 0 0 0
 0 0 0 0 0
 0 0 0 0 0
 0 0 0 0 0
 0 0 0 0 0
 0 0 0 0 0
 0 0 0 0 0
 0 0 0 0 0
 0 0 0 0 0
 0 0 0 0 0
 0 0 0 0 0
 0 0 0 0 0
 0 0 0 0 0
 0 0 0 0 0
 0 0 0 0 0
 0 0 0 0 0
 0 0 0 0 0
 0 0 0 0 0
 0 0 0 0 0
 0 0 0 0 0
 0 0 0 0 0
 0 0 0 0 0
 0 0 0 0 0
 0 0 0 0 0
 0 0 0 0 0
 0 0 0 0 0
 0 0 0 0 0
 0 0 0 0 0
 0 0 0 0 0
 0 0 0 0 0
 0 0 0 0 0
 0 0 0 0 0
 0 0 0 0 0
 0 0 0 0 0
 0 0 0 0 0
 0 0 0 0 0
 0 0 0 0 0
 0 0 0 0 0
 0 0 0 0 0
 0 0 0 0 0
 0 0 0 0 0
 0 0 0 0 0
 0 0 0 0 0
 12.8741 12.3571 0.0877744 -0.0731706 11.861
 4.36222 4.12724 0.0864363 -0.0730406 3.90496
 2.16794 2.02239 0.08543 -0.0731325 1.88665
 1.29506 1.19146 0.0847756 -0.0734763 1.09619
 0.863025 0.783219 0.0844819 -0.0740906 0.710838
 0.619016 0.554279 0.0846119 -0.0750425 0.496356
 0.4683 0.413813 0.0851981 -0.0763737 0.365706
 0.369083 0.321911 0.0862956 -0.0781437 0.280808
 0.300517 0.258753 0.0879469 -0.0804037 0.222831
 0.251604 0.213894 0.0903212 -0.0833237 0.181876
 0.215139 0.180606 0.0932156 -0.0867181 0.151653
 0.187496 0.155447 0.0968131 -0.0907687 0.128915
 0.165626 0.13563 0.100842 -0.0952219 0.111104
 0.148111 0.119811 0.105423 -0.100195 0.0969544
 0.133684 0.106835 0.110436 -0.105576 0.0854144
 0.121531 0.09596 0.115784 -0.111272 0.075805
 0.111164 0.0867331 0.121424 -0.117237 0.0677075
 0.102313 0.0788894 0.127352 -0.123463 0.060864
 0.094755 0.0722144 0.133529 -0.129909 0.0550714
 0.0878537 0.0661875 0.139279 -0.135916 0.0499001
 0.0812381 0.0605121 0.143997 -0.140886 0.0451084
 0.0748163 0.0551083 0.147323 -0.144457 0.0406254
 0.0686088 0.0499825 0.149099 -0.14647 0.0364455
 0.0626537 0.0451532 0.149194 -0.146791 0.0325721
 0.0570571 0.0406866 0.147779 -0.145584 0.0290424
 0.0519437 0.036658 0.145246 -0.143238 0.0258982
 0.0474039 0.0331136 0.14254 -0.1407 0.0231574
 0.0434515 0.0300483 0.139952 -0.138261 0.0208041
 0.0399497 0.0273499 0.138088 -0.136533 0.0187474
 0.0367454 0.0249043 0.13666 -0.135231 0.0169011
 0.0336427 0.0225723 0.135169 -0.133863 0.0151655
 0.0304418 0.0202199 0.132143 -0.130959 0.0134501
 0.0270786 0.0178074 0.126739 -0.125677 0.0117284
 0.0236786 0.0154203 0.118469 -0.117523 0.0100584
 0.0205261 0.0132414 0.108619 -0.107774 0.00855619
 0.0178089 0.0113855 0.0979056 -0.09714 0.00729131
 0.0156401 0.00991344 0.0878625 -0.087155 0.00629431
 0.0140435 0.00882744 0.0799419 -0.0792756 0.00555806
 0.0129403 0.00806513 0.0753725 -0.0747387 0.00503516
 0.0120509 0.00744456 0.0733188 -0.0727181 0.00460691
 0.0111819 0.00684469 0.07229 -0.0717281 0.00419736
 0.0102487 0.00621584 0.0708437 -0.0703269 0.00377703
 0.00921606 0.00553786 0.0685575 -0.0680925 0.00333427
 0.00809331 0.00481858 0.0647613 -0.0643525 0.00287488
 0.00692506 0.00408575 0.0593531 -0.0590022 0.00241588
 0.00578392 0.00338216 0.0527754 -0.0524796 0.00198228
 0.00474536 0.00275063 0.0457516 -0.0455041 0.00159818
 0.00387279 0.00222579 0.0389353 -0.0387253 0.00128233
 0.00318214 0.00181342 0.0331771 -0.0329953 0.00103596
 0.00266398 0.00150551 0.0286381 -0.0284764 0.000852913
 0.00226362 0.00126874 0.0249944 -0.024848 0.000712875
 0 0 0 0 0
 0 0 0 0 0
 0 0 0 0 0
 0 0 0 0 0
 0 0 0 0 0
 0 0 0 0 0
 0 0 0 0 0
 0 0 0 0 0
 0 0 0 0 0
 0 0 0 0 0
 0 0 0 0 0
 0 0 0 0 0
 0 0 0 0 0
 0 0 0 0 0
 0 0 0 0 0
 0 0 0 0 0
 0 0 0 0 0
 0 0 0 0 0
 0 0 0 0 0
 0 0 0 0 0
 0 0 0 0 0
 0 0 0 0 0
 0 0 0 0 0
 0 0 0 0 0
 0 0 0 0 0
 0 0 0 0 0
 0 0 0 0 0
 0 0 0 0 0
 0 0 0 0 0
 0 0 0 0 0
 0 0 0 0 0
 0 0 0 0 0
 0 0 0 0 0
 0 0 0 0 0
 0 0 0 0 0
 0 0 0 0 0
 0 0 0 0 0
 0 0 0 0 0
 0 0 0 0 0
 0 0 0 0 0
 0 0 0 0 0
 0 0 0 0 0
 0 0 0 0 0
 0 0 0 0 0
 0 0 0 0 0
 0 0 0 0 0
 0 0 0 0 0
 0 0 0 0 0
 0 0 0 0 0
 0 0 0 0 0
 0 0 0 0 0
 0 0 0 0 0
 0 0 0 0 0
 0 0 0 0 0
 0 0 0 0 0
 0 0 0 0 0
 0 0 0 0 0
 0 0 0 0 0
 0 0 0 0 0
 0 0 0 0 0
 0 0 0 0 0
 0 0 0 0 0
 0 0 0 0 0
 0 0 0 0 0
 0 0 0 0 0
 0 0 0 0 0
 0 0 0 0 0
 0 0 0 0 0
 0 0 0 0 0
 0 0 0 0 0
 0 0 0 0 0
 12.8643 12.3624 0.0845463 -0.0699638 11.8801
 4.30041 4.07446 0.0830544 -0.0696981 3.86043
 2.12328 1.98392 0.0818644 -0.0696238 1.85375
 1.26287 1.16396 0.0810031 -0.0697756 1.07284
 0.838894 0.762862 0.0805 -0.07019 0.693769
 0.599874 0.538338 0.0803569 -0.07088 0.483154
 0.452635 0.400943 0.0806538 -0.0719306 0.355193
 0.355725 0.311076 0.0813869 -0.0733456 0.272067
 0.288961 0.249505 0.082665 -0.0752381 0.215473
 0.241142 0.205619 0.0845119 -0.07764 0.175366
 0.206 0.173488 0.0870563 -0.0806819 0.146141
 0.179166 0.149046 0.0901331 -0.0842144 0.124024
 0.15832 0.130111 0.0938438 -0.0883413 0.106961
 0.141513 0.114902 0.0979869 -0.0928725 0.0933294
 0.127812 0.102544 0.102658 -0.0979037 0.0823031
 0.116304 0.0922087 0.1077 -0.103283 0.0731381
 0.106448 0.0834062 0.113026 -0.108928 0.0653844
 0.0979594 0.0758638 0.11861 -0.114807 0.0587846
 0.0906069 0.0693644 0.124369 -0.120838 0.0531342
 0.0842206 0.0637444 0.130208 -0.126922 0.0482786
 0.0782062 0.0585301 0.135352 -0.132302 0.0438361
 0.0723531 0.0535521 0.139315 -0.136496 0.0396678
 0.0666287 0.0487796 0.141823 -0.139227 0.0357423
 0.0610695 0.0442326 0.142684 -0.140304 0.0320667
 0.0557611 0.0399647 0.141994 -0.139815 0.028671
 0.0508214 0.0360507 0.140007 -0.138013 0.0255991
 0.0463804 0.0325686 0.13745 -0.135621 0.0228946
 0.042474 0.0295294 0.134799 -0.133117 0.0205531
 0.0390697 0.0268946 0.132779 -0.131227 0.0185355
 0.0359975 0.0245357 0.131237 -0.129807 0.0167442
 0.0330892 0.0223295 0.130212 -0.128901 0.0150884
 0.0301578 0.0201508 0.127946 -0.12675 0.0134829
 0.0270986 0.0179278 0.124306 -0.123226 0.0118778
 0.0238877 0.0156503 0.117656 -0.116691 0.0102691
 0.0207564 0.0134702 0.108755 -0.107894 0.00875562
 0.0179648 0.0115529 0.0985356 -0.0977613 0.00744169
 0.0156644 0.00998706 0.0882219 -0.0875125 0.00637788
 0.0139089 0.00879444 0.0793913 -0.0787281 0.00556973
 0.0126747 0.00794844 0.0732081 -0.0725775 0.00499263
 0.0118107 0.00734288 0.0707481 -0.0701481 0.00457273
 0.0110162 0.00678819 0.0695256 -0.0689587 0.00419002
 0.0101783 0.00621519 0.0684944 -0.0679669 0.00380193
 0.009257 0.00560112 0.0668719 -0.0663912 0.00339539
 0.00823219 0.00493566 0.0640575 -0.0636306 0.00296504
 0.00713613 0.00424004 0.0596293 -0.0592585 0.00252453
 0.00602554 0.00354854 0.0537598 -0.0534449 0.00209434
 0.00497674 0.00290538 0.047126 -0.0468627 0.00169998
 0.00405948 0.00234986 0.0402673 -0.0400461 0.00136339
 0.00332006 0.00190567 0.0342952 -0.0341062 0.00109642
 0.00274457 0.0015626 0.0290196 -0.0288529 0.000891744
 0 0 0 0 0
 0 0 0 0 0
 0 0 0 0 0
 0 0 0 0 0
 0 0 0 0 0
 0 0 0 0 0
 0 0 0 0 0
 0 0 0 0 0
 0 0 0 0 0
 0 0 0 0 0
 0 0 0 0 0
 0 0 0 0 0
 0 0 0 0 0
 0 0 0 0 0
 0 0 0 0 0
 0 0 0 0 0
 0 0 0 0 0
 0 0 0 0 0
 0 0 0 0 0
 0 0 0 0 0
 0 0 0 0 0
 0 0 0 0 0
 0 0 0 0 0
 0 0 0 0 0
 0 0 0 0 0
 0 0 0 0 0
 0 0 0 0 0
 0 0 0 0 0
 0 0 0 0 0
 0 0 0 0 0
 0 0 0 0 0
 0 0 0 0 0
 0 0 0 0 0
 0 0 0 0 0
 0 0 0 0 0
 0 0 0 0 0
 0 0 0 0 0
 0 0 0 0 0
 0 0 0 0 0
 0 0 0 0 0
 0 0 0 0 0
 0 0 0 0 0
 0 0 0 0 0
 0 0 0 0 0
 0 0 0 0 0
 0 0 0 0 0
 0 0 0 0 0
 0 0 0 0 0
 0 0 0 0 0
 0 0 0 0 0
 0 0 0 0 0
 0 0 0 0 0
 0 0 0 0 0
 0 0 0 0 0
 0 0 0 0 0
 0 0 0 0 0
 0 0 0 0 0
 0 0 0 0 0
 0 0 0 0 0
 0 0 0 0 0
 0 0 0 0 0
 0 0 0 0 0
 0 0 0 0 0
 0 0 0 0 0
 0 0 0 0 0
 0 0 0 0 0
 0 0 0 0 0
 0 0 0 0 0
 0 0 0 0 0
 0 0 0 0 0
 0 0 0 0 0
 0 0 0 0 0
 12.863 12.3752 0.0815562 -0.0669806 11.9059
 4.24283 4.02531 0.0799262 -0.0665963 3.81898
 2.08176 1.94814 0.0785869 -0.0663881 1.82314
 1.2331 1.13851 0.0775544 -0.0663825 1.05122
 0.816456 0.743912 0.07685 -0.0666087 0.67785
 0.582274 0.523664 0.0764919 -0.0670938 0.470993
 0.438124 0.388997 0.0765063 -0.0678719 0.345415
 0.343587 0.301221 0.0769756 -0.0690294 0.264114
 0.278329 0.240979 0.07788 -0.0705562 0.208674
 0.231693 0.198137 0.0793281 -0.072565 0.169474
 0.197418 0.166774 0.0814019 -0.0751412 0.140919
 0.171498 0.143134 0.0840919 -0.0782863 0.119492
 0.151373 0.124831 0.0873675 -0.0819763 0.102973
 0.135334 0.110283 0.0911769 -0.0861663 0.0899006
 0.122216 0.098425 0.0954456 -0.09079 0.0792956
 0.111317 0.0886038 0.100184 -0.0958581 0.0705544
 0.101988 0.0802394 0.105229 -0.101214 0.0631588
 0.0938663 0.0730025 0.110491 -0.106767 0.0568065
 0.0868206 0.0667569 0.115968 -0.112513 0.0513589
 0.0806575 0.0613216 0.121529 -0.118317 0.0466505
 0.0751519 0.0565029 0.126917 -0.12393 0.042511
 0.0698338 0.0519307 0.131388 -0.128618 0.0386462
 0.0645906 0.0475147 0.134539 -0.131981 0.0349812
 0.0594452 0.0432661 0.136202 -0.133849 0.0315176
 0.0544536 0.0392207 0.136257 -0.134097 0.0282752
 0.0497203 0.0354465 0.134846 -0.132866 0.0252951
 0.0453842 0.0320319 0.132475 -0.130657 0.0226311
 0.0415389 0.0290291 0.129937 -0.128264 0.0203087
 0.0381936 0.0264318 0.127633 -0.126087 0.0183127
 0.0352176 0.0241354 0.126061 -0.124634 0.01656
 0.0325001 0.0220557 0.125172 -0.123856 0.0149863
 0.0297799 0.0200126 0.123653 -0.122448 0.0134665
 0.0269829 0.0179561 0.121079 -0.119984 0.0119656
 0.0240146 0.0158263 0.116138 -0.115154 0.0104451
 0.0209871 0.0137002 0.108511 -0.107633 0.008957
 0.0181555 0.0117436 0.0989575 -0.0981725 0.00760813
 0.0157452 0.0100961 0.0888338 -0.0881206 0.00648406
 0.0138488 0.00880656 0.0793906 -0.0787294 0.00560912
 0.0124828 0.00787394 0.0721256 -0.0715006 0.00497458
 0.0115527 0.007227 0.0682519 -0.067655 0.00452807
 0.0108128 0.00670544 0.066895 -0.0663275 0.00416501
 0.0100654 0.00618671 0.0660281 -0.065495 0.00380902
 0.00924312 0.00563039 0.0648819 -0.0643894 0.00343574
 0.00831906 0.00502186 0.0628825 -0.0624393 0.00303709
 0.00730437 0.00436991 0.0594192 -0.0590299 0.00261946
 0.00624303 0.00370213 0.0543845 -0.0540509 0.00219988
 0.00520362 0.00305909 0.0482443 -0.047964 0.00180222
 0.00425778 0.00248179 0.0416638 -0.04143 0.00144981
 0.0034693 0.00200553 0.0353049 -0.035107 0.00116197
 0 0 0 0 0
 0 0 0 0 0
 0 0 0 0 0
 0 0 0 0 0
 0 0 0 0 0
 0 0 0 0 0
 0 0 0 0 0
 0 0 0 0 0
 0 0 0 0 0
 0 0 0 0 0
 0 0 0 0 0
 0 0 0 0 0
 0 0 0 0 0
 0 0 0 0 0
 0 0 0 0 0
 0 0 0 0 0
 0 0 0 0 0
 0 0 0 0 0
 0 0 0 0 0
 0 0 0 0 0
 0 0 0 0 0
 0 0 0 0 0
 0 0 0 0 0
 0 0 0 0 0
 0 0 0 0 0
 0 0 0 0 0
 0 0 0 0 0
 0 0 0 0 0
 0 0 0 0 0
 0 0 0 0 0
 0 0 0 0 0
 0 0 0 0 0
 0 0 0 0 0
 0 0 0 0 0
 0 0 0 0 0
 0 0 0 0 0
 0 0 0 0 0
 0 0 0 0 0
 0 0 0 0 0
 0 0 0 0 0
 0 0 0 0 0
 0 0 0 0 0
 0 0 0 0 0
 0 0 0 0 0
 0 0 0 0 0
 0 0 0 0 0
 0 0 0 0 0
 0 0 0 0 0
 0 0 0 0 0
 0 0 0 0 0
 0 0 0 0 0
 0 0 0 0 0
 0 0 0 0 0
 0 0 0 0 0
 0 0 0 0 0
 0 0 0 0 0
 0 0 0 0 0
 0 0 0 0 0
 0 0 0 0 0
 0 0 0 0 0
 0 0 0 0 0
 0 0 0 0 0
 0 0 0 0 0
 0 0 0 0 0
 0 0 0 0 0
 0 0 0 0 0
 0 0 0 0 0
 0 0 0 0 0
 0 0 0 0 0
 0 0 0 0 0
 0 0 0 0 0
 0 0 0 0 0
 0 0 0 0 0
 12.8695 12.3949 0.0787812 -0.0642 11.9378
 4.18904 3.9794 0.0770256 -0.06371 3.7803
 2.04286 1.91457 0.0755556 -0.0633875 1.79439
 1.20523 1.11465 0.0743713 -0.0632444 1.03092
 0.795575 0.726244 0.0734988 -0.0633144 0.662994
 0.565951 0.510037 0.0729563 -0.063625 0.459682
 0.424851 0.378062 0.0727562 -0.0641969 0.33646
 0.332339 0.292071 0.0729488 -0.0650856 0.256714
 0.268651 0.233209 0.0735769 -0.0663419 0.202474
 0.2231 0.191323 0.0746738 -0.068005 0.164102
 0.189551 0.160606 0.0763019 -0.0701431 0.136111
 0.164397 0.137641 0.0786025 -0.0728994 0.115268
 0.144841 0.119841 0.0814212 -0.0761337 0.099185
 0.12948 0.105882 0.08489 -0.0799781 0.0866131
 0.11693 0.0945125 0.0887981 -0.0842356 0.0764212
 0.10654 0.085125 0.0931881 -0.0889488 0.0680425
 0.0977325 0.0771975 0.0979738 -0.0940369 0.0610043
 0.0900625 0.0703331 0.103005 -0.0993512 0.0549533
 0.083285 0.06431 0.108172 -0.104785 0.0496854
 0.0773275 0.0590463 0.113447 -0.110304 0.0451139
 0.0721225 0.0544674 0.118776 -0.115852 0.0411611
 0.0672719 0.0502543 0.123594 -0.120876 0.0375682
 0.0625081 0.0461969 0.127335 -0.124816 0.0341684
 0.05777 0.0422465 0.129676 -0.127351 0.0309198
 0.0531084 0.0384366 0.13041 -0.128271 0.0278425
 0.0486194 0.0348312 0.129676 -0.12771 0.0249765
 0.0444214 0.0315078 0.127713 -0.125907 0.0223703
 0.0406466 0.0285489 0.125287 -0.123623 0.0200725
 0.0373256 0.0259643 0.12281 -0.121274 0.0180806
 0.0344489 0.0237337 0.121089 -0.119666 0.0163699
 0.0318129 0.0217078 0.119813 -0.118496 0.0148299
 0.02933 0.0198201 0.119202 -0.117991 0.0134104
 0.0267491 0.0179026 0.117178 -0.116071 0.0119975
 0.024039 0.0159337 0.113933 -0.112931 0.0105759
 0.0211743 0.0139026 0.107637 -0.106741 0.00914144
 0.0183685 0.0119496 0.099175 -0.0983756 0.0077855
 0.0158753 0.0102369 0.0894356 -0.0887156 0.00661131
 0.0138532 0.00885863 0.079775 -0.0791144 0.00567355
 0.0123553 0.0078375 0.0717325 -0.0711125 0.00497922
 0.0113095 0.00711675 0.0662337 -0.0656419 0.00448517
 0.0105806 0.00660212 0.0642381 -0.0636725 0.00412594
 0.00990831 0.00612907 0.0633994 -0.0628625 0.00379729
 0.009179 0.00562781 0.062675 -0.0621744 0.00345619
 0.00835531 0.00507717 0.0613609 -0.0609043 0.00309055
 0.00742844 0.00447394 0.0587674 -0.0583614 0.00269949
 0.00643025 0.00383889 0.0546389 -0.0542874 0.00229627
 0.0054168 0.00320605 0.0491298 -0.0488324 0.00190142
 0.0044617 0.00261839 0.0429171 -0.0426692 0.00153988
 0 0 0 0 0
 0 0 0 0 0
 0 0 0 0 0
 0 0 0 0 0
 0 0 0 0 0
 0 0 0 0 0
 0 0 0 0 0
 0 0 0 0 0
 0 0 0 0 0
 0 0 0 0 0
 0 0 0 0 0
 0 0 0 0 0
 0 0 0 0 0
 0 0 0 0 0
 0 0 0 0 0
 0 0 0 0 0
 0 0 0 0 0
 0 0 0 0 0
 0 0 0 0 0
 0 0 0 0 0
 0 0 0 0 0
 0 0 0 0 0
 0 0 0 0 0
 0 0 0 0 0
 0 0 0 0 0
 0 0 0 0 0
 0 0 0 0 0
 0 0 0 0 0
 0 0 0 0 0
 0 0 0 0 0
 0 0 0 0 0
 0 0 0 0 0
 0 0 0 0 0
 0 0 0 0 0
 0 0 0 0 0
 0 0 0 0 0
 0 0 0 0 0
 0 0 0 0 0
 0 0 0 0 0
 0 0 0 0 0
 0 0 0 0 0
 0 0 0 0 0
 0 0 0 0 0
 0 0 0 0 0
 0 0 0 0 0
 0 0 0 0 0
 0 0 0 0 0
 0 0 0 0 0
 0 0 0 0 0
 0 0 0 0 0
 0 0 0 0 0
 0 0 0 0 0
 0 0 0 0 0
 0 0 0 0 0
 0 0 0 0 0
 0 0 0 0 0
 0 0 0 0 0
 0 0 0 0 0
 0 0 0 0 0
 0 0 0 0 0
 0 0 0 0 0
 0 0 0 0 0
 0 0 0 0 0
 0 0 0 0 0
 0 0 0 0 0
 0 0 0 0 0
 0 0 0 0 0
 0 0 0 0 0
 0 0 0 0 0
 0 0 0 0 0
 0 0 0 0 0
 0 0 0 0 0
 0 0 0 0 0
 0 0 0 0 0
 12.8833 12.4211 0.0762006 -0.0616031 11.9755
 4.13873 3.93648 0.0743312 -0.0610197 3.74414
 2.00627 1.88298 0.0727431 -0.0605967 1.7673
 1.17919 1.09233 0.0714338 -0.0603421 1.01191
 0.776062 0.709712 0.0704094 -0.0602722 0.649069
 0.55066 0.497245 0.0696937 -0.0604199 0.449044
 0.412492 0.367862 0.069315 -0.0608204 0.328092
 0.321935 0.283593 0.0692769 -0.0614866 0.249847
 0.259691 0.226001 0.0696519 -0.0624959 0.19671
 0.215153 0.185007 0.0704388 -0.063855 0.159113
 0.182424 0.155012 0.0717356 -0.0656662 0.131746
 0.157739 0.132469 0.0735681 -0.0679606 0.111274
 0.138877 0.115276 0.0760737 -0.0708788 0.0957125
 0.123918 0.101676 0.0790744 -0.0742569 0.0834525
 0.111958 0.0908144 0.0826913 -0.0782156 0.0736894
 0.101994 0.0817938 0.0867044 -0.0825481 0.06562
 0.0936419 0.0742506 0.0911975 -0.0873362 0.0589
 0.0864075 0.0677481 0.0959969 -0.0924119 0.0531434
 0.0800031 0.0620307 0.100969 -0.0976444 0.0481207
 0.0742869 0.0569651 0.106012 -0.102929 0.0437072
 0.0692106 0.0524951 0.111062 -0.1082 0.0398416
 0.06471 0.0485551 0.116018 -0.113352 0.0364579
 0.0603769 0.0448244 0.1202 -0.117723 0.0333024
 0.0560482 0.0411771 0.123131 -0.120837 0.0302753
 0.0517336 0.0376173 0.124622 -0.122506 0.0273757
 0.0475087 0.0341974 0.124574 -0.122625 0.0246376
 0.0434819 0.0309899 0.123146 -0.121352 0.0221076
 0.0397896 0.0280838 0.12091 -0.119257 0.0198412
 0.0365207 0.025531 0.118458 -0.116929 0.0178666
 0.0336704 0.0233159 0.116461 -0.115045 0.0161631
 0.0311562 0.0213715 0.115139 -0.113824 0.0146762
 0.0288108 0.0195747 0.114591 -0.113376 0.0133151
 0.0264297 0.0177864 0.11332 -0.112204 0.0119846
 0.0239519 0.0159653 0.111099 -0.110084 0.0106558
 0.0212973 0.0140625 0.106351 -0.105438 0.00929819
 0.0185816 0.0121564 0.0990719 -0.0982575 0.00796437
 0.0160402 0.0104008 0.08996 -0.0892313 0.00675406
 0.0139089 0.00894312 0.0802881 -0.0796256 0.00575885
 0.0122626 0.00782144 0.0715163 -0.0708994 0.00499611
 0.0111229 0.00703875 0.06516 -0.0645738 0.00446072
 0.0103392 0.00649 0.0618125 -0.0612511 0.00407974
 0.00971756 0.00604784 0.0609552 -0.0604196 0.00376959
 0.00907288 0.00559777 0.0603897 -0.0598846 0.00345907
 0.00834013 0.00510058 0.0595109 -0.0590444 0.00312447
 0.0075065 0.00455046 0.0577253 -0.0573052 0.00276326
 0.00658063 0.00395451 0.0544561 -0.0540879 0.00238072
 0.00561143 0.00334321 0.0497354 -0.049421 0.00199566
 0 0 0 0 0
 0 0 0 0 0
 0 0 0 0 0
 0 0 0 0 0
 0 0 0 0 0
 0 0 0 0 0
 0 0 0 0 0
 0 0 0 0 0
 0 0 0 0 0
 0 0 0 0 0
 0 0 0 0 0
 0 0 0 0 0
 0 0 0 0 0
 0 0 0 0 0
 0 0 0 0 0
 0 0 0 0 0
 0 0 0 0 0
 0 0 0 0 0
 0 0 0 0 0
 0 0 0 0 0
 0 0 0 0 0
 0 0 0 0 0
 0 0 0 0 0
 0 0 0 0 0
 0 0 0 0 0
 0 0 0 0 0
 0 0 0 0 0
 0 0 0 0 0
 0 0 0 0 0
 0 0 0 0 0
 0 0 0 0 0
 0 0 0 0 0
 0 0 0 0 0
 0 0 0 0 0
 0 0 0 0 0
 0 0 0 0 0
 0 0 0 0 0
 0 0 0 0 0
 0 0 0 0 0
 0 0 0 0 0
 0 0 0 0 0
 0 0 0 0 0
 0 0 0 0 0
 0 0 0 0 0
 0 0 0 0 0
 0 0 0 0 0
 0 0 0 0 0
 0 0 0 0 0
 0 0 0 0 0
 0 0 0 0 0
 0 0 0 0 0
 0 0 0 0 0
 0 0 0 0 0
 0 0 0 0 0
 0 0 0 0 0
 0 0 0 0 0
 0 0 0 0 0
 0 0 0 0 0
 0 0 0 0 0
 0 0 0 0 0
 0 0 0 0 0
 0 0 0 0 0
 0 0 0 0 0
 0 0 0 0 0
 0 0 0 0 0
 0 0 0 0 0
 0 0 0 0 0
 0 0 0 0 0
 0 0 0 0 0
 0 0 0 0 0
 0 0 0 0 0
 0 0 0 0 0
 0 0 0 0 0
 0 0 0 0 0
 0 0 0 0 0
 12.9039 12.4534 0.0737963 -0.0591738 12.0186
 4.09161 3.89628 0.0718225 -0.0585069 3.71032
 1.97178 1.85316 0.0701281 -0.0579946 1.74171
 1.15467 1.07129 0.0687075 -0.0576429 0.993969
 0.757831 0.69425 0.0675594 -0.0574614 0.636031
 0.536467 0.485359 0.0667013 -0.0574762 0.43915
 0.400973 0.358339 0.0661513 -0.0577142 0.320267
 0.312326 0.275752 0.0659281 -0.0582019 0.24349
 0.251349 0.219275 0.0660531 -0.0589686 0.191321
 0.207884 0.179222 0.0666125 -0.0601037 0.154539
 0.175826 0.14982 0.0675781 -0.0615892 0.127686
 0.151712 0.127783 0.0690662 -0.0635425 0.107652
 0.133245 0.110945 0.0711438 -0.0660363 0.0924013
 0.118794 0.0977906 0.0738113 -0.0690788 0.0805244
 0.107216 0.0872656 0.0770275 -0.0726363 0.0710512
 0.0977262 0.0786519 0.0807538 -0.076675 0.0633238
 0.08973 0.0714138 0.084895 -0.0811062 0.0568594
 0.0828931 0.0652444 0.0894431 -0.0859244 0.0513759
 0.0768538 0.0598272 0.0942137 -0.0909475 0.0465958
 0.0714194 0.0549921 0.09907 -0.0960419 0.0423661
 0.0665556 0.0506951 0.103954 -0.101145 0.0386369
 0.0621906 0.0468662 0.108734 -0.106122 0.0353405
 0.058221 0.0434146 0.113204 -0.110771 0.0323961
 0.0542835 0.04006 0.116662 -0.114402 0.0295854
 0.0503185 0.0367558 0.118799 -0.116707 0.0268701
 0.0463739 0.0335354 0.119428 -0.117497 0.0242718
 0.042545 0.0304647 0.118592 -0.116812 0.021834
 0.0389552 0.0276264 0.116556 -0.114914 0.0196106
 0.0357326 0.0251012 0.114241 -0.112723 0.0176502
 0.0329153 0.0229066 0.111963 -0.110553 0.0159576
 0.0304689 0.0210067 0.110536 -0.109226 0.0144984
 0.0282307 0.0192818 0.10973 -0.108514 0.0131844
 0.0260622 0.0176334 0.109262 -0.108139 0.0119445
 0.0237704 0.0159313 0.107741 -0.106715 0.0106907
 0.0213325 0.0141637 0.104411 -0.103483 0.00941631
 0.0187571 0.0123397 0.0983325 -0.0975019 0.008129
 0.0162361 0.0105857 0.090255 -0.0895144 0.00691156
 0.014012 0.009058 0.0808906 -0.0802231 0.005864
 0.0122462 0.00785275 0.0718412 -0.0712269 0.00504278
 0.0109767 0.00698406 0.0645219 -0.0639419 0.00444998
 0.0101268 0.00639256 0.0601786 -0.0596232 0.00404099
 0.00950275 0.00594934 0.0584539 -0.0579216 0.00372999
 0.00892763 0.00554193 0.0579299 -0.0574232 0.00344526
 0.00828631 0.00509939 0.0574629 -0.0569894 0.00314299
 0.00754106 0.00460044 0.0563241 -0.0558923 0.00281106
 0.00669394 0.00404837 0.0538989 -0.0535157 0.00245259
 0 0 0 0 0
 0 0 0 0 0
 0 0 0 0 0
 0 0 0 0 0
 0 0 0 0 0
 0 0 0 0 0
 0 0 0 0 0
 0 0 0 0 0
 0 0 0 0 0
 0 0 0 0 0
 0 0 0 0 0
 0 0 0 0 0
 0 0 0 0 0
 0 0 0 0 0
 0 0 0 0 0
 0 0 0 0 0
 0 0 0 0 0
 0 0 0 0 0
 0 0 0 0 0
 0 0 0 0 0
 0 0 0 0 0
 0 0 0 0 0
 0 0 0 0 0
 0 0 0 0 0
 0 0 0 0 0
 0 0 0 0 0
 0 0 0 0 0
 0 0 0 0 0
 0 0 0 0 0
 0 0 0 0 0
 0 0 0 0 0
 0 0 0 0 0
 0 0 0 0 0
 0 0 0 0 0
 0 0 0 0 0
 0 0 0 0 0
 0 0 0 0 0
 0 0 0 0 0
 0 0 0 0 0
 0 0 0 0 0
 0 0 0 0 0
 0 0 0 0 0
 0 0 0 0 0
 0 0 0 0 0
 0 0 0 0 0
 0 0 0 0 0
 0 0 0 0 0
 0 0 0 0 0
 0 0 0 0 0
 0 0 0 0 0
 0 0 0 0 0
 0 0 0 0 0
 0 0 0 0 0
 0 0 0 0 0
 0 0 0 0 0
 0 0 0 0 0
 0 0 0 0 0
 0 0 0 0 0
 0 0 0 0 0
 0 0 0 0 0
 0 0 0 0 0
 0 0 0 0 0
 0 0 0 0 0
 0 0 0 0 0
 0 0 0 0 0
 0 0 0 0 0
 0 0 0 0 0
 0 0 0 0 0
 0 0 0 0 0
 0 0 0 0 0
 0 0 0 0 0
 0 0 0 0 0
 0 0 0 0 0
 0 0 0 0 0
 0 0 0 0 0
 0 0 0 0 0
 12.9308 12.4913 0.0715531 -0.0568974 12.0667
 4.04741 3.85861 0.0694831 -0.0561561 3.67864
 1.93924 1.82499 0.0676919 -0.0555644 1.71751
 1.13154 1.05141 0.0661713 -0.0551269 0.976994
 0.740694 0.679687 0.0649163 -0.0548503 0.623739
 0.523129 0.474169 0.0639281 -0.0547456 0.429819
 0.390214 0.349429 0.0632356 -0.0548494 0.312934
 0.303382 0.268443 0.0628538 -0.0551851 0.237553
 0.24371 0.213111 0.0627956 -0.0557734 0.186379
 0.201133 0.173839 0.0631113 -0.0566708 0.150274
 0.169807 0.145079 0.0638331 -0.0579153 0.123976
 0.146202 0.123491 0.0650062 -0.059558 0.104331
 0.128063 0.106951 0.0666837 -0.0616569 0.0893413
 0.114021 0.0941581 0.0690075 -0.064355 0.0777769
 0.10274 0.0838994 0.0718119 -0.0675006 0.0685356
 0.09366 0.07564 0.0752362 -0.0712331 0.0611082
 0.0860156 0.0687044 0.0790625 -0.0753444 0.0548983
 0.0795119 0.0628169 0.0833181 -0.0798638 0.0496489
 0.07383 0.0576963 0.08789 -0.0846813 0.0451093
 0.0687163 0.0531226 0.0925962 -0.0896194 0.0410885
 0.0640462 0.0489842 0.0972888 -0.0945281 0.0374853
 0.0598289 0.0452761 0.10191 -0.0993475 0.0342839
 0.0560702 0.0419903 0.106408 -0.104021 0.0314667
 0.0524774 0.0388967 0.110254 -0.108031 0.0288511
 0.0488636 0.0358521 0.112963 -0.110898 0.0263254
 0.0452046 0.0328379 0.114198 -0.112287 0.0238737
 0.041597 0.0299225 0.114003 -0.112237 0.0215429
 0.0381473 0.0271788 0.112508 -0.110877 0.0193814
 0.03499 0.0246953 0.110349 -0.108841 0.0174458
 0.0322079 0.0225218 0.108049 -0.106649 0.015764
 0.0297887 0.0206388 0.106343 -0.10504 0.0143139
 0.0276471 0.0189792 0.105335 -0.104121 0.0130427
 0.0256085 0.0174165 0.105066 -0.103941 0.0118583
 0.0235216 0.0158492 0.103991 -0.102956 0.010692
 0.0212861 0.0142093 0.101952 -0.101011 0.00949712
 0.0188814 0.0124888 0.09729 -0.0964444 0.00827138
 0.0164309 0.0107708 0.0902488 -0.0894944 0.00707
 0.0141556 0.0091995 0.08148 -0.080805 0.00598696
 0.0122771 0.00791394 0.0723013 -0.0716862 0.00510857
 0.0108721 0.00695394 0.0642838 -0.0637088 0.00445394
 0.00992088 0.006297 0.0586314 -0.0580822 0.00400222
 0.00928769 0.00584779 0.0564027 -0.055876 0.00368693
 0.00875181 0.0054647 0.055639 -0.0551345 0.00341697
 0.00818981 0.00507049 0.0553316 -0.0548546 0.00314381
 0.00753306 0.00462396 0.0546394 -0.0541987 0.00284262
 0 0 0 0 0
 0 0 0 0 0
 0 0 0 0 0
 0 0 0 0 0
 0 0 0 0 0
 0 0 0 0 0
 0 0 0 0 0
 0 0 0 0 0
 0 0 0 0 0
 0 0 0 0 0
 0 0 0 0 0
 0 0 0 0 0
 0 0 0 0 0
 0 0 0 0 0
 0 0 0 0 0
 0 0 0 0 0
 0 0 0 0 0
 0 0 0 0 0
 0 0 0 0 0
 0 0 0 0 0
 0 0 0 0 0
 0 0 0 0 0
 0 0 0 0 0
 0 0 0 0 0
 0 0 0 0 0
 0 0 0 0 0
 0 0 0 0 0
 0 0 0 0 0
 0 0 0 0 0
 0 0 0 0 0
 0 0 0 0 0
 0 0 0 0 0
 0 0 0 0 0
 0 0 0 0 0
 0 0 0 0 0
 0 0 0 0 0
 0 0 0 0 0
 0 0 0 0 0
 0 0 0 0 0
 0 0 0 0 0
 0 0 0 0 0
 0 0 0 0 0
 0 0 0 0 0
 0 0 0 0 0
 0 0 0 0 0
 0 0 0 0 0
 0 0 0 0 0
 0 0 0 0 0
 0 0 0 0 0
 0 0 0 0 0
 0 0 0 0 0
 0 0 0 0 0
 0 0 0 0 0
 0 0 0 0 0
 0 0 0 0 0
 0 0 0 0 0
 0 0 0 0 0
 0 0 0 0 0
 0 0 0 0 0
 0 0 0 0 0
 0 0 0 0 0
 0 0 0 0 0
 0 0 0 0 0
 0 0 0 0 0
 0 0 0 0 0
 0 0 0 0 0
 0 0 0 0 0
 0 0 0 0 0
 0 0 0 0 0
 0 0 0 0 0
 0 0 0 0 0
 0 0 0 0 0
 0 0 0 0 0
 0 0 0 0 0
 0 0 0 0 0
 0 0 0 0 0
 0 0 0 0 0
 12.9637 12.5346 0.0694569 -0.0547606 12.1197
 4.00592 3.82324 0.0672981 -0.0539529 3.64894
 1.90847 1.79832 0.0654181 -0.0532907 1.69458
 1.10969 1.0326 0.0638062 -0.0527772 0.960906
 0.724537 0.665937 0.0624565 -0.0524174 0.612108
 0.510654 0.463688 0.0613656 -0.0522194 0.421069
 0.380151 0.341082 0.0605437 -0.0522024 0.306055
 0.294991 0.261569 0.0600106 -0.0523939 0.231959
 0.236561 0.20733 0.0597918 -0.0528269 0.181735
 0.194844 0.168814 0.0598994 -0.0535213 0.146284
 0.16421 0.140661 0.0604039 -0.0545521 0.12051
 0.141069 0.119482 0.0612912 -0.055913 0.101221
 0.123346 0.10331 0.0626762 -0.0577208 0.0865487
 0.109509 0.0907081 0.0645744 -0.0599986 0.075155
 0.0986431 0.0808119 0.0671113 -0.0628731 0.0662231
 0.0897794 0.0727488 0.0701187 -0.0661881 0.0589684
 0.0825081 0.0661331 0.0736863 -0.0700356 0.0530271
 0.0762775 0.0604807 0.0776187 -0.0742275 0.0479746
 0.0709056 0.0556194 0.0819538 -0.0788019 0.0436481
 0.0661013 0.0512993 0.0864981 -0.0835712 0.0398314
 0.0617046 0.0473821 0.0910856 -0.08837 0.0364034
 0.0576629 0.0438158 0.0955856 -0.0930656 0.0333131
 0.0539884 0.0406003 0.09992 -0.0975775 0.0305512
 0.0506613 0.0377107 0.103981 -0.101796 0.0280896
 0.0473661 0.0349045 0.107131 -0.105096 0.0257399
 0.0440102 0.0321113 0.109022 -0.107132 0.0234475
 0.0406346 0.0293608 0.109448 -0.107699 0.0212321
 0.0373447 0.0267271 0.108486 -0.106869 0.0191447
 0.0342721 0.0242994 0.106582 -0.105084 0.0172442
 0.0315219 0.0221447 0.104324 -0.102934 0.0155717
 0.0291344 0.0202821 0.102334 -0.101039 0.0141333
 0.0270397 0.0186532 0.101189 -0.0999806 0.0128808
 0.0251349 0.0171809 0.100896 -0.0997706 0.0117564
 0.0232081 0.0157189 0.100284 -0.0992431 0.0106583
 0.0211515 0.0141942 0.0989569 -0.0980056 0.00953656
 0.0189343 0.0125904 0.0956862 -0.0948269 0.00838237
 0.0166012 0.0109403 0.08985 -0.0890813 0.00721906
 0.0143281 0.00936062 0.0818669 -0.0811819 0.00612359
 0.0123526 0.00800369 0.0729175 -0.0722994 0.0051929
 0.0108252 0.0069595 0.0644506 -0.0638794 0.00448022
 0.00976575 0.00623099 0.0579022 -0.0573601 0.00398088
 0.00907844 0.00574763 0.0544676 -0.0539466 0.00364361
 0.00855925 0.00537488 0.0534536 -0.0529534 0.00337969
 0.00805844 0.00501838 0.0531561 -0.052679 0.00312946
 0 0 0 0 0
 0 0 0 0 0
 0 0 0 0 0
 0 0 0 0 0
 0 0 0 0 0
 0 0 0 0 0
 0 0 0 0 0
 0 0 0 0 0
 0 0 0 0 0
 0 0 0 0 0
 0 0 0 0 0
 0 0 0 0 0
 0 0 0 0 0
 0 0 0 0 0
 0 0 0 0 0
 0 0 0 0 0
 0 0 0 0 0
 0 0 0 0 0
 0 0 0 0 0
 0 0 0 0 0
 0 0 0 0 0
 0 0 0 0 0
 0 0 0 0 0
 0 0 0 0 0
 0 0 0 0 0
 0 0 0 0 0
 0 0 0 0 0
 0 0 0 0 0
 0 0 0 0 0
 0 0 0 0 0
 0 0 0 0 0
 0 0 0 0 0
 0 0 0 0 0
 0 0 0 0 0
 0 0 0 0 0
 0 0 0 0 0
 0 0 0 0 0
 0 0 0 0 0
 0 0 0 0 0
 0 0 0 0 0
 0 0 0 0 0
 0 0 0 0 0
 0 0 0 0 0
 0 0 0 0 0
 0 0 0 0 0
 0 0 0 0 0
 0 0 0 0 0
 0 0 0 0 0
 0 0 0 0 0
 0 0 0 0 0
 0 0 0 0 0
 0 0 0 0 0
 0 0 0 0 0
 0 0 0 0 0
 0 0 0 0 0
 0 0 0 0 0
 0 0 0 0 0
 0 0 0 0 0
 0 0 0 0 0
 0 0 0 0 0
 0 0 0 0 0
 0 0 0 0 0
 0 0 0 0 0
 0 0 0 0 0
 0 0 0 0 0
 0 0 0 0 0
 0 0 0 0 0
 0 0 0 0 0
 0 0 0 0 0
 0 0 0 0 0
 0 0 0 0 0
 0 0 0 0 0
 0 0 0 0 0
 0 0 0 0 0
 0 0 0 0 0
 0 0 0 0 0
 0 0 0 0 0
 0 0 0 0 0
 13.0022 12.5829 0.0674944 -0.0527519 12.1771
 3.96691 3.79002 0.0652538 -0.0518851 3.62106
 1.87934 1.77306 0.0632925 -0.0511601 1.67282
 1.089 1.01478 0.0615983 -0.0505792 0.945637
 0.709262 0.652919 0.0601628 -0.0501458 0.601079
 0.498884 0.453784 0.0589802 -0.0498659 0.412787
 0.37071 0.333239 0.0580506 -0.0497491 0.299581
 0.287179 0.255164 0.0573963 -0.049826 0.226741
 0.229906 0.201941 0.0570328 -0.0501198 0.177399
 0.18905 0.164179 0.0569761 -0.0506542 0.142601
 0.159002 0.136541 0.0572606 -0.0514695 0.117273
 0.136389 0.115825 0.0579431 -0.0526275 0.0983819
 0.118981 0.0999331 0.0590276 -0.0541388 0.0839537
 0.105424 0.0875819 0.0606101 -0.0561026 0.0727781
 0.0947669 0.0778769 0.0627725 -0.0586043 0.064015
 0.0861744 0.0700537 0.0654569 -0.0615948 0.0569672
 0.0791506 0.0636563 0.0686875 -0.0651025 0.0512128
 0.0732212 0.0582612 0.0723587 -0.0690275 0.0463756
 0.0680937 0.0536087 0.0764069 -0.0733112 0.0422227
 0.0635725 0.0495232 0.0807644 -0.0778875 0.0385965
 0.059441 0.0458214 0.0852256 -0.0825538 0.0353401
 0.0555976 0.0424149 0.0896206 -0.0871419 0.0323757
 0.0520743 0.0393204 0.0938844 -0.0915812 0.0297078
 0.0488604 0.0365212 0.0979031 -0.0957575 0.0273156
 0.0458428 0.0339248 0.101401 -0.0993981 0.0251224
 0.0427794 0.0313475 0.103824 -0.101959 0.0229874
 0.039648 0.0287729 0.104849 -0.103119 0.020897
 0.0365387 0.0262657 0.104461 -0.102858 0.0188965
 0.0335665 0.0239059 0.102824 -0.101338 0.0170403
 0.0308609 0.0217789 0.100739 -0.0993594 0.0153833
 0.0284903 0.0199258 0.0985963 -0.09731 0.0139487
 0.026439 0.0183257 0.0972175 -0.0960156 0.0127144
 0.0246044 0.0169015 0.0964781 -0.0953544 0.0116219
 0.0228321 0.0155418 0.0965219 -0.0954794 0.0105905
 0.0209743 0.0141478 0.0957981 -0.0948381 0.00955375
 0.0189243 0.0126492 0.0935794 -0.0927081 0.00846494
 0.0167265 0.0110806 0.0888888 -0.0881069 0.00734962
 0.0145048 0.00952525 0.0820237 -0.0813269 0.00626325
 0.0124744 0.00812381 0.0735175 -0.0728944 0.00529749
 0.010831 0.00699813 0.0649119 -0.0643425 0.00452757
 0.00965656 0.00619246 0.057712 -0.0571767 0.00397612
 0.00887956 0.00565161 0.0528864 -0.0523723 0.00360161
 0.0083605 0.00527918 0.0512967 -0.0508019 0.00333771
 0 0 0 0 0
 0 0 0 0 0
 0 0 0 0 0
 0 0 0 0 0
 0 0 0 0 0
 0 0 0 0 0
 0 0 0 0 0
 0 0 0 0 0
 0 0 0 0 0
 0 0 0 0 0
 0 0 0 0 0
 0 0 0 0 0
 0 0 0 0 0
 0 0 0 0 0
 0 0 0 0 0
 0 0 0 0 0
 0 0 0 0 0
 0 0 0 0 0
 0 0 0 0 0
 0 0 0 0 0
 0 0 0 0 0
 0 0 0 0 0
 0 0 0 0 0
 0 0 0 0 0
 0 0 0 0 0
 0 0 0 0 0
 0 0 0 0 0
 0 0 0 0 0
 0 0 0 0 0
 0 0 0 0 0
 0 0 0 0 0
 0 0 0 0 0
 0 0 0 0 0
 0 0 0 0 0
 0 0 0 0 0
 0 0 0 0 0
 0 0 0 0 0
 0 0 0 0 0
 0 0 0 0 0
 0 0 0 0 0
 0 0 0 0 0
 0 0 0 0 0
 0 0 0 0 0
 0 0 0 0 0
 0 0 0 0 0
 0 0 0 0 0
 0 0 0 0 0
 0 0 0 0 0
 0 0 0 0 0
 0 0 0 0 0
 0 0 0 0 0
 0 0 0 0 0
 0 0 0 0 0
 0 0 0 0 0
 0 0 0 0 0
 0 0 0 0 0
 0 0 0 0 0
 0 0 0 0 0
 0 0 0 0 0
 0 0 0 0 0
 0 0 0 0 0
 0 0 0 0 0
 0 0 0 0 0
 0 0 0 0 0
 0 0 0 0 0
 0 0 0 0 0
 0 0 0 0 0
 0 0 0 0 0
 0 0 0 0 0
 0 0 0 0 0
 0 0 0 0 0
 0 0 0 0 0
 0 0 0 0 0
 0 0 0 0 0
 0 0 0 0 0
 0 0 0 0 0
 0 0 0 0 0
 0 0 0 0 0
 0 0 0 0 0
 13.0459 12.6359 0.0656544 -0.0508608 12.2388
 3.93021 3.75878 0.0633375 -0.0499411 3.59487
 1.85174 1.74909 0.0613019 -0.0491604 1.65216
 1.0694 0.997856 0.0595328 -0.0485196 0.931125
 0.6948 0.640575 0.0580199 -0.0480211 0.590608
 0.487766 0.444411 0.0567557 -0.0476693 0.404935
 0.361838 0.325858 0.0557368 -0.0474711 0.293479
 0.279828 0.249123 0.0549689 -0.0474412 0.22181
 0.223645 0.196859 0.0544746 -0.0476099 0.173302
 0.183623 0.159829 0.0542787 -0.0480089 0.139137
 0.154175 0.132716 0.0543883 -0.0486529 0.114263
 0.132014 0.112397 0.0548646 -0.0496077 0.0957144
 0.114954 0.0968125 0.0557132 -0.0508857 0.0815519
 0.101661 0.0846969 0.0570149 -0.0525706 0.0705806
 0.0911369 0.0751188 0.0587966 -0.0546953 0.0619321
 0.0828213 0.0675394 0.0612067 -0.0574091 0.0550939
 0.0759556 0.061287 0.0640581 -0.0605374 0.0494674
 0.0703038 0.0561308 0.0674763 -0.0642044 0.0448312
 0.0653994 0.0516695 0.0712375 -0.0681969 0.0408384
 0.0611235 0.0477897 0.075375 -0.0725475 0.0373809
 0.0572551 0.044303 0.0797069 -0.0770787 0.0342972
 0.0536534 0.0410907 0.0840375 -0.0815962 0.0314859
 0.0502684 0.0381076 0.0882025 -0.0859363 0.028905
 0.0471391 0.0353772 0.0921281 -0.09002 0.0265661
 0.0443066 0.0329231 0.0957794 -0.0938106 0.0244803
 0.0415121 0.0305466 0.0986263 -0.0967881 0.0224933
 0.0386353 0.0281575 0.100199 -0.0984887 0.0205365
 0.0357191 0.0257874 0.100391 -0.0988025 0.0186317
 0.0328756 0.0235157 0.0992813 -0.0978075 0.0168345
 0.0302324 0.0214295 0.0973931 -0.0960244 0.0152028
 0.0278844 0.0195896 0.0952431 -0.0939669 0.0137744
 0.0258612 0.0180078 0.0936306 -0.0924369 0.0125509
 0.0240716 0.0166137 0.0927144 -0.0915962 0.0114774
 0.022428 0.0153413 0.0927475 -0.0917044 0.0105043
 0.0207074 0.0140379 0.09225 -0.0912844 0.00952656
 0.0188513 0.0126646 0.0910806 -0.0901988 0.00851781
 0.0168046 0.0111893 0.0876287 -0.0868337 0.00745919
 0.0146686 0.00968206 0.0818137 -0.081105 0.0063985
 0.0126217 0.00826112 0.07403 -0.0733988 0.00541391
 0.0108801 0.00706469 0.0654425 -0.0648725 0.00459311
 0.0095735 0.00616949 0.0576227 -0.0570926 0.00398081
 0.00871638 0.00557579 0.0520699 -0.0515639 0.00357111
 0 0 0 0 0
 0 0 0 0 0
 0 0 0 0 0
 0 0 0 0 0
 0 0 0 0 0
 0 0 0 0 0
 0 0 0 0 0
 0 0 0 0 0
 0 0 0 0 0
 0 0 0 0 0
 0 0 0 0 0
 0 0 0 0 0
 0 0 0 0 0
 0 0 0 0 0
 0 0 0 0 0
 0 0 0 0 0
 0 0 0 0 0
 0 0 0 0 0
 0 0 0 0 0
 0 0 0 0 0
 0 0 0 0 0
 0 0 0 0 0
 0 0 0 0 0
 0 0 0 0 0
 0 0 0 0 0
 0 0 0 0 0
 0 0 0 0 0
 0 0 0 0 0
 0 0 0 0 0
 0 0 0 0 0
 0 0 0 0 0
 0 0 0 0 0
 0 0 0 0 0
 0 0 0 0 0
 0 0 0 0 0
 0 0 0 0 0
 0 0 0 0 0
 0 0 0 0 0
 0 0 0 0 0
 0 0 0 0 0
 0 0 0 0 0
 0 0 0 0 0
 0 0 0 0 0
 0 0 0 0 0
 0 0 0 0 0
 0 0 0 0 0
 0 0 0 0 0
 0 0 0 0 0
 0 0 0 0 0
 0 0 0 0 0
 0 0 0 0 0
 0 0 0 0 0
 0 0 0 0 0
 0 0 0 0 0
 0 0 0 0 0
 0 0 0 0 0
 0 0 0 0 0
 0 0 0 0 0
 0 0 0 0 0
 0 0 0 0 0
 0 0 0 0 0
 0 0 0 0 0
 0 0 0 0 0
 0 0 0 0 0
 0 0 0 0 0
 0 0 0 0 0
 0 0 0 0 0
 0 0 0 0 0
 0 0 0 0 0
 0 0 0 0 0
 0 0 0 0 0
 0 0 0 0 0
 0 0 0 0 0
 0 0 0 0 0
 0 0 0 0 0
 0 0 0 0 0
 0 0 0 0 0
 0 0 0 0 0
 0 0 0 0 0
 0 0 0 0 0
 13.0946 12.6934 0.0639269 -0.0490779 12.3045
 3.89563 3.72937 0.0615398 -0.0481109 3.57024
 1.82554 1.72631 0.0594352 -0.0472807 1.63251
 1.0508 0.981775 0.0575976 -0.0465868 0.917319
 0.6811 0.628856 0.0560146 -0.0460307 0.580652
 0.477241 0.435524 0.0546771 -0.0456154 0.397477
 0.353459 0.318874 0.0535792 -0.0453461 0.287694
 0.272932 0.24345 0.0527203 -0.0452315 0.217172
 0.217808 0.192116 0.0521184 -0.0452978 0.169474
 0.178544 0.155751 0.0517891 -0.0455679 0.135885
 0.149683 0.129151 0.0517519 -0.0460682 0.111453
 0.127914 0.109177 0.0520265 -0.0468251 0.0932031
 0.111224 0.0939175 0.0526894 -0.0479186 0.07932
 0.098145 0.0819944 0.0537188 -0.0493343 0.0685169
 0.0878381 0.0726094 0.0552286 -0.0511879 0.0600366
 0.0796337 0.0651375 0.0572701 -0.0535354 0.0532954
 0.0730044 0.0590924 0.0598577 -0.0563966 0.0478466
 0.0675069 0.054076 0.0629319 -0.0597184 0.043332
 0.062855 0.04983 0.0664681 -0.0634806 0.0395188
 0.0587693 0.0461124 0.0703375 -0.0675588 0.0361963
 0.0551287 0.0428142 0.0744975 -0.0719125 0.0332654
 0.051754 0.0397858 0.0787325 -0.0763294 0.0306003
 0.0485629 0.0369573 0.0828587 -0.0806263 0.0281401
 0.0455715 0.0343359 0.0867637 -0.0846887 0.0258853
 0.0427976 0.0319296 0.0903475 -0.0884131 0.0238362
 0.0402252 0.0297207 0.0934812 -0.0916713 0.0219741
 0.0375954 0.0275134 0.0955888 -0.0939 0.0201494
 0.0348859 0.0252918 0.0963444 -0.0947731 0.0183499
 0.0321857 0.0231202 0.0957356 -0.0942756 0.0166212
 0.0296191 0.0210854 0.0940825 -0.0927256 0.0150227
 0.0273039 0.0192656 0.0920725 -0.0908075 0.0136054
 0.0252895 0.0176887 0.0901769 -0.0889925 0.0123833
 0.0235478 0.0163269 0.0891331 -0.0880219 0.0113306
 0.0219767 0.0151038 0.0889663 -0.0879263 0.0103902
 0.0204056 0.0139005 0.0888237 -0.0878562 0.00947862
 0.0187197 0.0126388 0.08822 -0.08733 0.00854231
 0.016823 0.0112577 0.0859012 -0.085095 0.00754187
 0.0147996 0.0098175 0.0812075 -0.0804869 0.00652025
 0.0127793 0.00840594 0.074275 -0.0736338 0.00553595
 0.0109752 0.00716119 0.0660794 -0.065505 0.00467839
 0.00955469 0.00618708 0.0579991 -0.0574726 0.0040113
 0 0 0 0 0
 0 0 0 0 0
 0 0 0 0 0
 0 0 0 0 0
 0 0 0 0 0
 0 0 0 0 0
 0 0 0 0 0
 0 0 0 0 0
 0 0 0 0 0
 0 0 0 0 0
 0 0 0 0 0
 0 0 0 0 0
 0 0 0 0 0
 0 0 0 0 0
 0 0 0 0 0
 0 0 0 0 0
 0 0 0 0 0
 0 0 0 0 0
 0 0 0 0 0
 0 0 0 0 0
 0 0 0 0 0
 0 0 0 0 0
 0 0 0 0 0
 0 0 0 0 0
 0 0 0 0 0
 0 0 0 0 0
 0 0 0 0 0
 0 0 0 0 0
 0 0 0 0 0
 0 0 0 0 0
 0 0 0 0 0
 0 0 0 0 0
 0 0 0 0 0
 0 0 0 0 0
 0 0 0 0 0
 0 0 0 0 0
 0 0 0 0 0
 0 0 0 0 0
 0 0 0 0 0
 0 0 0 0 0
 0 0 0 0 0
 0 0 0 0 0
 0 0 0 0 0
 0 0 0 0 0
 0 0 0 0 0
 0 0 0 0 0
 0 0 0 0 0
 0 0 0 0 0
 0 0 0 0 0
 0 0 0 0 0
 0 0 0 0 0
 0 0 0 0 0
 0 0 0 0 0
 0 0 0 0 0
 0 0 0 0 0
 0 0 0 0 0
 0 0 0 0 0
 0 0 0 0 0
 0 0 0 0 0
 0 0 0 0 0
 0 0 0 0 0
 0 0 0 0 0
 0 0 0 0 0
 0 0 0 0 0
 0 0 0 0 0
 0 0 0 0 0
 0 0 0 0 0
 0 0 0 0 0
 0 0 0 0 0
 0 0 0 0 0
 0 0 0 0 0
 0 0 0 0 0
 0 0 0 0 0
 0 0 0 0 0
 0 0 0 0 0
 0 0 0 0 0
 0 0 0 0 0
 0 0 0 0 0
 0 0 0 0 0
 0 0 0 0 0
 0 0 0 0 0
 13.1479 12.7551 0.0623031 -0.0473946 12.374
 3.86302 3.70166 0.05985 -0.0463856 3.54706
 1.80063 1.70464 0.057682 -0.0455112 1.61381
 1.03312 0.966481 0.0557817 -0.0447703 0.904162
 0.668094 0.617722 0.0541351 -0.0441631 0.571174
 0.467266 0.427087 0.0527314 -0.0436917 0.390386
 0.345529 0.312253 0.0515632 -0.0433598 0.282202
 0.266431 0.238091 0.0506263 -0.0431736 0.212784
 0.212297 0.187629 0.0499241 -0.0431448 0.165846
 0.173774 0.151913 0.0494832 -0.0433075 0.132819
 0.145477 0.125808 0.0493199 -0.0436848 0.108814
 0.124139 0.106211 0.049447 -0.0442964 0.0908875
 0.107748 0.0912137 0.0499148 -0.0451974 0.0772319
 0.0949294 0.07952 0.0507429 -0.0464131 0.0666262
 0.0847944 0.0702906 0.0519892 -0.0480049 0.0582816
 0.0766869 0.0629119 0.0536968 -0.0500209 0.0516253
 0.07023 0.0570219 0.0559994 -0.0525959 0.0463114
 0.0648525 0.0521159 0.0587297 -0.0555735 0.0418945
 0.0604098 0.0480507 0.0620199 -0.0590852 0.0382338
 0.0565156 0.0444969 0.0656438 -0.0629144 0.0350479
 0.0530677 0.0413605 0.0695956 -0.067055 0.0322498
 0.0499116 0.0385104 0.0737206 -0.0713563 0.0297272
 0.0469239 0.0358447 0.0778012 -0.0756025 0.0273951
 0.0440599 0.0333249 0.0816556 -0.0796125 0.0252192
 0.0413793 0.0309926 0.0852194 -0.0833169 0.0232267
 0.0389331 0.0288807 0.0884662 -0.0866869 0.0214374
 0.0365236 0.0268375 0.090965 -0.0893 0.0197334
 0.0340319 0.0247741 0.0922631 -0.09071 0.0180476
 0.0314899 0.0227144 0.0921881 -0.0907425 0.0163968
 0.0290181 0.0207447 0.0908656 -0.0895206 0.0148417
 0.0267415 0.0189493 0.0890019 -0.0877475 0.0134386
 0.0247389 0.0173789 0.086995 -0.0858212 0.0122189
 0.0230245 0.0160354 0.0857038 -0.0846019 0.0111776
 0.0214941 0.0148406 0.0850731 -0.0840381 0.0102559
 0.0200607 0.0137299 0.0854119 -0.0844444 0.00940594
 0.0185125 0.0125594 0.0851625 -0.0842675 0.00852912
 0.0168041 0.0113003 0.0838131 -0.0829969 0.00760725
 0.014898 0.00993175 0.0801375 -0.0794044 0.00662844
 0.0129338 0.00854925 0.0742994 -0.0736481 0.00565763
 0.0110968 0.00727544 0.0666219 -0.0660419 0.00477579
 0 0 0 0 0
 0 0 0 0 0
 0 0 0 0 0
 0 0 0 0 0
 0 0 0 0 0
 0 0 0 0 0
 0 0 0 0 0
 0 0 0 0 0
 0 0 0 0 0
 0 0 0 0 0
 0 0 0 0 0
 0 0 0 0 0
 0 0 0 0 0
 0 0 0 0 0
 0 0 0 0 0
 0 0 0 0 0
 0 0 0 0 0
 0 0 0 0 0
 0 0 0 0 0
 0 0 0 0 0
 0 0 0 0 0
 0 0 0 0 0
 0 0 0 0 0
 0 0 0 0 0
 0 0 0 0 0
 0 0 0 0 0
 0 0 0 0 0
 0 0 0 0 0
 0 0 0 0 0
 0 0 0 0 0
 0 0 0 0 0
 0 0 0 0 0
 0 0 0 0 0
 0 0 0 0 0
 0 0 0 0 0
 0 0 0 0 0
 0 0 0 0 0
 0 0 0 0 0
 0 0 0 0 0
 0 0 0 0 0
 0 0 0 0 0
 0 0 0 0 0
 0 0 0 0 0
 0 0 0 0 0
 0 0 0 0 0
 0 0 0 0 0
 0 0 0 0 0
 0 0 0 0 0
 0 0 0 0 0
 0 0 0 0 0
 0 0 0 0 0
 0 0 0 0 0
 0 0 0 0 0
 0 0 0 0 0
 0 0 0 0 0
 0 0 0 0 0
 0 0 0 0 0
 0 0 0 0 0
 0 0 0 0 0
 0 0 0 0 0
 0 0 0 0 0
 0 0 0 0 0
 0 0 0 0 0
 0 0 0 0 0
 0 0 0 0 0
 0 0 0 0 0
 0 0 0 0 0
 0 0 0 0 0
 0 0 0 0 0
 0 0 0 0 0
 0 0 0 0 0
 0 0 0 0 0
 0 0 0 0 0
 0 0 0 0 0
 0 0 0 0 0
 0 0 0 0 0
 0 0 0 0 0
 0 0 0 0 0
 0 0 0 0 0
 0 0 0 0 0
 0 0 0 0 0
 0 0 0 0 0
 13.2057 12.8208 0.0607746 -0.0458034 12.4471
 3.83224 3.67552 0.0582598 -0.0447568 3.52523
 1.77694 1.68401 0.056033 -0.0438432 1.59597
 1.01631 0.951906 0.0540752 -0.0430606 0.891613
 0.655731 0.607122 0.0523708 -0.0424084 0.562139
 0.457799 0.419068 0.0509074 -0.0418873 0.383634
 0.338013 0.305966 0.049676 -0.0415002 0.276977
 0.260281 0.233013 0.0486707 -0.0412516 0.208619
 0.207129 0.183415 0.0478906 -0.0411498 0.162433
 0.169307 0.148313 0.0473511 -0.0412179 0.129939
 0.141526 0.122659 0.0470676 -0.0414785 0.106324
 0.120595 0.103419 0.0470623 -0.0419601 0.088705
 0.104475 0.0886606 0.0473474 -0.0426811 0.0752544
 0.0919162 0.0771956 0.048003 -0.0437252 0.0648456
 0.0819319 0.0681025 0.0490048 -0.0450747 0.056621
 0.0739806 0.0608649 0.0504639 -0.0468426 0.0500874
 0.0675825 0.0550356 0.0524156 -0.0490689 0.0448309
 0.0624093 0.0503084 0.0549258 -0.0518229 0.0405665
 0.0580607 0.0463314 0.0578739 -0.0549919 0.0369842
 0.0543721 0.0429526 0.0612917 -0.0586098 0.0339441
 0.0510804 0.0399495 0.0650025 -0.0625063 0.0312567
 0.0481142 0.0372561 0.0689775 -0.0666525 0.0288611
 0.0453233 0.0347491 0.0729925 -0.0708281 0.0266546
 0.0426403 0.0323724 0.0768531 -0.0748394 0.0245898
 0.0400721 0.0301286 0.0804169 -0.0785431 0.0226651
 0.0376704 0.0280529 0.0836256 -0.0818763 0.0209034
 0.0354388 0.0261434 0.0863962 -0.0847575 0.0192985
 0.0331509 0.0242299 0.0881338 -0.0866006 0.0177216
 0.0307831 0.0222949 0.0885937 -0.0871638 0.0161589
 0.0284249 0.0204039 0.0877688 -0.0864363 0.0146573
 0.0262043 0.0186458 0.0861163 -0.0848744 0.0132779
 0.0242213 0.0170872 0.0841306 -0.0829681 0.0120641
 0.0225155 0.0157488 0.0825987 -0.0815069 0.0110248
 0.0210328 0.0145866 0.0818062 -0.0807788 0.0101247
 0.0196706 0.0135246 0.0819763 -0.0810119 0.00930725
 0.0182703 0.0124536 0.0819256 -0.0810269 0.00849687
 0.0167196 0.0112974 0.0813919 -0.0805669 0.00764137
 0.0149476 0.0100129 0.0787944 -0.0780506 0.0067145
 0.0130684 0.00867994 0.0739506 -0.0732888 0.00577156
 0 0 0 0 0
 0 0 0 0 0
 0 0 0 0 0
 0 0 0 0 0
 0 0 0 0 0
 0 0 0 0 0
 0 0 0 0 0
 0 0 0 0 0
 0 0 0 0 0
 0 0 0 0 0
 0 0 0 0 0
 0 0 0 0 0
 0 0 0 0 0
 0 0 0 0 0
 0 0 0 0 0
 0 0 0 0 0
 0 0 0 0 0
 0 0 0 0 0
 0 0 0 0 0
 0 0 0 0 0
 0 0 0 0 0
 0 0 0 0 0
 0 0 0 0 0
 0 0 0 0 0
 0 0 0 0 0
 0 0 0 0 0
 0 0 0 0 0
 0 0 0 0 0
 0 0 0 0 0
 0 0 0 0 0
 0 0 0 0 0
 0 0 0 0 0
 0 0 0 0 0
 0 0 0 0 0
 0 0 0 0 0
 0 0 0 0 0
 0 0 0 0 0
 0 0 0 0 0
 0 0 0 0 0
 0 0 0 0 0
 0 0 0 0 0
 0 0 0 0 0
 0 0 0 0 0
 0 0 0 0 0
 0 0 0 0 0
 0 0 0 0 0
 0 0 0 0 0
 0 0 0 0 0
 0 0 0 0 0
 0 0 0 0 0
 0 0 0 0 0
 0 0 0 0 0
 0 0 0 0 0
 0 0 0 0 0
 0 0 0 0 0
 0 0 0 0 0
 0 0 0 0 0
 0 0 0 0 0
 0 0 0 0 0
 0 0 0 0 0
 0 0 0 0 0
 0 0 0 0 0
 0 0 0 0 0
 0 0 0 0 0
 0 0 0 0 0
 0 0 0 0 0
 0 0 0 0 0
 0 0 0 0 0
 0 0 0 0 0
 0 0 0 0 0
 0 0 0 0 0
 0 0 0 0 0
 0 0 0 0 0
 0 0 0 0 0
 0 0 0 0 0
 0 0 0 0 0
 0 0 0 0 0
 0 0 0 0 0
 0 0 0 0 0
 0 0 0 0 0
 0 0 0 0 0
 0 0 0 0 0
 0 0 0 0 0
 13.2676 12.8903 0.0593342 -0.0442972 12.5238
 3.80317 3.65085 0.0567613 -0.0432171 3.50465
 1.75437 1.66434 0.0544799 -0.0422688 1.57895
 1.00029 0.938012 0.0524692 -0.0414493 0.879631
 0.643969 0.597021 0.0507121 -0.0407572 0.553518
 0.448802 0.411434 0.0491949 -0.0401923 0.377198
 0.330881 0.299991 0.0479067 -0.0397564 0.272003
 0.254454 0.228192 0.0468403 -0.0394529 0.204658
 0.202241 0.179421 0.0459917 -0.0392874 0.159194
 0.165084 0.144904 0.0453629 -0.0392704 0.127206
 0.137816 0.1197 0.0449822 -0.0394367 0.103979
 0.117276 0.100801 0.0448617 -0.0398053 0.0866537
 0.101467 0.0863137 0.0450172 -0.0403982 0.0734362
 0.0891131 0.0750294 0.0454923 -0.0412637 0.0631844
 0.07932 0.0661056 0.0463143 -0.0424341 0.0551051
 0.0714819 0.0589722 0.0475277 -0.0439576 0.0486634
 0.0651631 0.0532188 0.0491892 -0.045895 0.0434757
 0.0600904 0.0485853 0.0514079 -0.0483571 0.0392944
 0.0558475 0.0447051 0.0540589 -0.0512279 0.0357972
 0.0523073 0.0414559 0.0572263 -0.054592 0.0328672
 0.0491813 0.0385937 0.0607259 -0.0582731 0.0302969
 0.0463704 0.0360304 0.0645087 -0.0622234 0.0280079
 0.0437636 0.0336731 0.0684337 -0.0663038 0.0259208
 0.0412539 0.0314346 0.0722694 -0.0702856 0.0239643
 0.038809 0.0292881 0.0758319 -0.0739856 0.0221146
 0.0364931 0.0272796 0.0790569 -0.077335 0.0204039
 0.0343488 0.0254373 0.0818981 -0.0802863 0.0188493
 0.0322485 0.0236627 0.0840506 -0.0825394 0.0173741
 0.0300623 0.0218595 0.0850163 -0.0836031 0.0159057
 0.0278305 0.0200575 0.0846569 -0.0833388 0.0144658
 0.0256789 0.0183464 0.0832456 -0.0820156 0.0131174
 0.0237229 0.0168045 0.0814106 -0.08026 0.0119129
 0.0220234 0.0154696 0.0796331 -0.0785519 0.0108747
 0.0205673 0.0143254 0.07868 -0.0776613 0.009986
 0.0192626 0.013303 0.0786181 -0.0776594 0.00919512
 0.0179813 0.0123126 0.0787956 -0.0778975 0.00843856
 0.016568 0.0112474 0.0786569 -0.0778275 0.00764281
 0.0149712 0.0100763 0.0771138 -0.07636 0.00678869
 0 0 0 0 0
 0 0 0 0 0
 0 0 0 0 0
 0 0 0 0 0
 0 0 0 0 0
 0 0 0 0 0
 0 0 0 0 0
 0 0 0 0 0
 0 0 0 0 0
 0 0 0 0 0
 0 0 0 0 0
 0 0 0 0 0
 0 0 0 0 0
 0 0 0 0 0
 0 0 0 0 0
 0 0 0 0 0
 0 0 0 0 0
 0 0 0 0 0
 0 0 0 0 0
 0 0 0 0 0
 0 0 0 0 0
 0 0 0 0 0
 0 0 0 0 0
 0 0 0 0 0
 0 0 0 0 0
 0 0 0 0 0
 0 0 0 0 0
 0 0 0 0 0
 0 0 0 0 0
 0 0 0 0 0
 0 0 0 0 0
 0 0 0 0 0
 0 0 0 0 0
 0 0 0 0 0
 0 0 0 0 0
 0 0 0 0 0
 0 0 0 0 0
 0 0 0 0 0
 0 0 0 0 0
 0 0 0 0 0
 0 0 0 0 0
 0 0 0 0 0
 0 0 0 0 0
 0 0 0 0 0
 0 0 0 0 0
 0 0 0 0 0
 0 0 0 0 0
 0 0 0 0 0
 0 0 0 0 0
 0 0 0 0 0
 0 0 0 0 0
 0 0 0 0 0
 0 0 0 0 0
 0 0 0 0 0
 0 0 0 0 0
 0 0 0 0 0
 0 0 0 0 0
 0 0 0 0 0
 0 0 0 0 0
 0 0 0 0 0
 0 0 0 0 0
 0 0 0 0 0
 0 0 0 0 0
 0 0 0 0 0
 0 0 0 0 0
 0 0 0 0 0
 0 0 0 0 0
 0 0 0 0 0
 0 0 0 0 0
 0 0 0 0 0
 0 0 0 0 0
 0 0 0 0 0
 0 0 0 0 0
 0 0 0 0 0
 0 0 0 0 0
 0 0 0 0 0
 0 0 0 0 0
 0 0 0 0 0
 0 0 0 0 0
 0 0 0 0 0
 0 0 0 0 0
 0 0 0 0 0
 0 0 0 0 0
 0 0 0 0 0
 13.3336 12.9634 0.057975 -0.0428699 12.6036
 3.77569 3.62754 0.0553475 -0.04176 3.48524
 1.73284 1.64556 0.0530151 -0.0407809 1.56269
 0.985012 0.924737 0.0509558 -0.0399287 0.868175
 0.632762 0.587385 0.0491506 -0.0392014 0.545282
 0.440242 0.40416 0.0475845 -0.0385979 0.371054
 0.324103 0.294303 0.0462454 -0.0381189 0.26726
 0.248923 0.223609 0.0451243 -0.0377669 0.200886
 0.197611 0.175633 0.0442158 -0.0375463 0.156114
 0.161121 0.1417 0.043519 -0.0374649 0.124634
 0.134331 0.116914 0.0430483 -0.0375443 0.101769
 0.114149 0.0983281 0.0428188 -0.0378063 0.0847125
 0.0986275 0.0840925 0.0428538 -0.0382804 0.0717119
 0.086465 0.0729775 0.0431641 -0.038983 0.0616059
 0.0768587 0.0642181 0.0438268 -0.0399946 0.0536684
 0.0691244 0.0571801 0.0448157 -0.0412952 0.0473106
 0.0629181 0.0515294 0.0462481 -0.0430036 0.0422131
 0.0578705 0.0469274 0.0481343 -0.0451351 0.0380641
 0.053792 0.0431907 0.0505829 -0.0478001 0.0346893
 0.0503234 0.0400096 0.0534359 -0.0508491 0.0318202
 0.0473635 0.0372887 0.0567425 -0.0543326 0.0293676
 0.0446837 0.0348371 0.0603115 -0.0580656 0.0271711
 0.0422377 0.0326119 0.0641088 -0.0620141 0.0251906
 0.0398998 0.0305113 0.0679056 -0.0659525 0.0233427
 0.0376153 0.0284909 0.0715 -0.0696806 0.0215906
 0.0353891 0.0265527 0.0747387 -0.0730425 0.0199334
 0.0332897 0.0247461 0.0775863 -0.0760012 0.0184057
 0.0313314 0.0230779 0.0799925 -0.078505 0.0170091
 0.0293208 0.0214032 0.0814038 -0.0800094 0.0156337
 0.0272319 0.0197031 0.0815425 -0.0802387 0.0142656
 0.0251625 0.0180489 0.0804413 -0.0792237 0.0129556
 0.0232398 0.0165285 0.0787669 -0.0776281 0.011764
 0.0215481 0.0151978 0.0769019 -0.0758319 0.0107271
 0.0201057 0.0140628 0.0756988 -0.07469 0.00984381
 0.0188413 0.0130689 0.0752044 -0.0742519 0.00907231
 0.0176483 0.0121381 0.0756875 -0.0747931 0.0083555
 0.0163853 0.0111742 0.075865 -0.0750325 0.00762725
 0 0 0 0 0
 0 0 0 0 0
 0 0 0 0 0
 0 0 0 0 0
 0 0 0 0 0
 0 0 0 0 0
 0 0 0 0 0
 0 0 0 0 0
 0 0 0 0 0
 0 0 0 0 0
 0 0 0 0 0
 0 0 0 0 0
 0 0 0 0 0
 0 0 0 0 0
 0 0 0 0 0
 0 0 0 0 0
 0 0 0 0 0
 0 0 0 0 0
 0 0 0 0 0
 0 0 0 0 0
 0 0 0 0 0
 0 0 0 0 0
 0 0 0 0 0
 0 0 0 0 0
 0 0 0 0 0
 0 0 0 0 0
 0 0 0 0 0
 0 0 0 0 0
 0 0 0 0 0
 0 0 0 0 0
 0 0 0 0 0
 0 0 0 0 0
 0 0 0 0 0
 0 0 0 0 0
 0 0 0 0 0
 0 0 0 0 0
 0 0 0 0 0
 0 0 0 0 0
 0 0 0 0 0
 0 0 0 0 0
 0 0 0 0 0
 0 0 0 0 0
 0 0 0 0 0
 0 0 0 0 0
 0 0 0 0 0
 0 0 0 0 0
 0 0 0 0 0
 0 0 0 0 0
 0 0 0 0 0
 0 0 0 0 0
 0 0 0 0 0
 0 0 0 0 0
 0 0 0 0 0
 0 0 0 0 0
 0 0 0 0 0
 0 0 0 0 0
 0 0 0 0 0
 0 0 0 0 0
 0 0 0 0 0
 0 0 0 0 0
 0 0 0 0 0
 0 0 0 0 0
 0 0 0 0 0
 0 0 0 0 0
 0 0 0 0 0
 0 0 0 0 0
 0 0 0 0 0
 0 0 0 0 0
 0 0 0 0 0
 0 0 0 0 0
 0 0 0 0 0
 0 0 0 0 0
 0 0 0 0 0
 0 0 0 0 0
 0 0 0 0 0
 0 0 0 0 0
 0 0 0 0 0
 0 0 0 0 0
 0 0 0 0 0
 0 0 0 0 0
 0 0 0 0 0
 0 0 0 0 0
 0 0 0 0 0
 0 0 0 0 0
 0 0 0 0 0
 13.4034 13.0401 0.0566911 -0.0415158 12.6867
 3.74968 3.60551 0.0540119 -0.0403794 3.46691
 1.71229 1.62761 0.0516321 -0.0393729 1.54714
 0.970431 0.912056 0.0495276 -0.0384921 0.857213
 0.622076 0.578182 0.0476786 -0.0377337 0.537404
 0.432088 0.39722 0.0460682 -0.0370961 0.365184
 0.317655 0.288883 0.0446831 -0.0365793 0.262733
 0.243669 0.219247 0.0435131 -0.0361844 0.197289
 0.193218 0.172031 0.0425512 -0.0359151 0.153182
 0.157364 0.138657 0.0417939 -0.0357766 0.122188
 0.131033 0.114273 0.0412432 -0.0357791 0.0996687
 0.111211 0.0960019 0.0409266 -0.0359561 0.0828844
 0.0959656 0.0820069 0.0408558 -0.0363259 0.07009
 0.0840269 0.0710875 0.0410478 -0.036911 0.0601516
 0.0745619 0.0624544 0.0415424 -0.0377559 0.0523234
 0.0669719 0.0555436 0.0423695 -0.0388949 0.0460757
 0.0608363 0.0499601 0.0435682 -0.0403707 0.0410384
 0.0558559 0.0454223 0.0452005 -0.0422489 0.0369474
 0.0518352 0.0417426 0.0473618 -0.0446266 0.0336248
 0.0484542 0.0386418 0.0499474 -0.0474068 0.0308261
 0.045609 0.0360216 0.0530157 -0.0506491 0.0284593
 0.0430724 0.0336912 0.056401 -0.0541944 0.026363
 0.0407554 0.0315739 0.0600276 -0.0579686 0.0244708
 0.0385746 0.0296005 0.063755 -0.0618327 0.0227241
 0.0364396 0.0276986 0.0673456 -0.0655531 0.0210644
 0.0343296 0.0258513 0.07062 -0.0689488 0.0194769
 0.0323071 0.0241042 0.073515 -0.0719544 0.0179941
 0.0304149 0.0224867 0.0760037 -0.07454 0.016635
 0.0285587 0.0209261 0.077755 -0.0763806 0.015343
 0.0266217 0.0193358 0.0783744 -0.0770869 0.0140531
 0.0246519 0.0177513 0.0777413 -0.0765375 0.012791
 0.0227786 0.0162641 0.0762794 -0.0751531 0.0116209
 0.0211 0.0149409 0.0744419 -0.0733844 0.0105875
 0.0196634 0.0138095 0.0730231 -0.0720256 0.00970563
 0.0184266 0.0128346 0.0723306 -0.0713875 0.00894663
 0.0173005 0.0119502 0.0726406 -0.0717513 0.00826131
 0 0 0 0 0
 0 0 0 0 0
 0 0 0 0 0
 0 0 0 0 0
 0 0 0 0 0
 0 0 0 0 0
 0 0 0 0 0
 0 0 0 0 0
 0 0 0 0 0
 0 0 0 0 0
 0 0 0 0 0
 0 0 0 0 0
 0 0 0 0 0
 0 0 0 0 0
 0 0 0 0 0
 0 0 0 0 0
 0 0 0 0 0
 0 0 0 0 0
 0 0 0 0 0
 0 0 0 0 0
 0 0 0 0 0
 0 0 0 0 0
 0 0 0 0 0
 0 0 0 0 0
 0 0 0 0 0
 0 0 0 0 0
 0 0 0 0 0
 0 0 0 0 0
 0 0 0 0 0
 0 0 0 0 0
 0 0 0 0 0
 0 0 0 0 0
 0 0 0 0 0
 0 0 0 0 0
 0 0 0 0 0
 0 0 0 0 0
 0 0 0 0 0
 0 0 0 0 0
 0 0 0 0 0
 0 0 0 0 0
 0 0 0 0 0
 0 0 0 0 0
 0 0 0 0 0
 0 0 0 0 0
 0 0 0 0 0
 0 0 0 0 0
 0 0 0 0 0
 0 0 0 0 0
 0 0 0 0 0
 0 0 0 0 0
 0 0 0 0 0
 0 0 0 0 0
 0 0 0 0 0
 0 0 0 0 0
 0 0 0 0 0
 0 0 0 0 0
 0 0 0 0 0
 0 0 0 0 0
 0 0 0 0 0
 0 0 0 0 0
 0 0 0 0 0
 0 0 0 0 0
 0 0 0 0 0
 0 0 0 0 0
 0 0 0 0 0
 0 0 0 0 0
 0 0 0 0 0
 0 0 0 0 0
 0 0 0 0 0
 0 0 0 0 0
 0 0 0 0 0
 0 0 0 0 0
 0 0 0 0 0
 0 0 0 0 0
 0 0 0 0 0
 0 0 0 0 0
 0 0 0 0 0
 0 0 0 0 0
 0 0 0 0 0
 0 0 0 0 0
 0 0 0 0 0
 0 0 0 0 0
 0 0 0 0 0
 0 0 0 0 0
 0 0 0 0 0
 0 0 0 0 0
 13.4767 13.12 0.0554769 -0.0402297 12.7727
 3.72504 3.58467 0.0527489 -0.0390697 3.44961
 1.69266 1.61045 0.0503245 -0.0380391 1.53225
 0.956494 0.899919 0.0481784 -0.0371329 0.846706
 0.611872 0.569383 0.0462891 -0.0363473 0.529863
 0.424311 0.390592 0.0446386 -0.0356798 0.35957
 0.311514 0.283712 0.0432121 -0.0351294 0.258408
 0.238669 0.21509 0.0419982 -0.034697 0.193855
 0.189044 0.168603 0.0409887 -0.0343846 0.150386
 0.153801 0.135766 0.0401784 -0.0341967 0.119859
 0.127931 0.111786 0.0395669 -0.0341409 0.0976894
 0.108446 0.0938075 0.0391686 -0.0342385 0.0811569
 0.0934519 0.0800337 0.0389981 -0.0345104 0.0685525
 0.0817194 0.0692944 0.0390793 -0.0349857 0.0587689
 0.0723894 0.0607812 0.0394221 -0.0356801 0.0510442
 0.0649356 0.0539908 0.0401017 -0.0366718 0.0449004
 0.0588722 0.048475 0.0410938 -0.0379421 0.0399233
 0.0539716 0.0440109 0.0425109 -0.0396049 0.0358976
 0.0499605 0.0403484 0.044363 -0.0416749 0.0325946
 0.0467106 0.0373623 0.0467586 -0.044262 0.0298938
 0.0439214 0.0347959 0.0495378 -0.0472144 0.0275754
 0.0415221 0.0325823 0.052745 -0.0505775 0.0255763
 0.0393171 0.03056 0.0561834 -0.0541604 0.0237625
 0.0372748 0.0286999 0.0598068 -0.0579169 0.0221068
 0.0352902 0.0269181 0.0633831 -0.0616179 0.0205414
 0.0333205 0.0251804 0.0667094 -0.0650619 0.0190383
 0.031375 0.0234934 0.0696362 -0.0680981 0.0176009
 0.0295213 0.0219061 0.0721306 -0.0706912 0.0162643
 0.0277851 0.0204349 0.0741712 -0.0728181 0.015038
 0.0259971 0.0189531 0.0752225 -0.0739519 0.0138264
 0.0241415 0.0174498 0.0750331 -0.0738431 0.0126211
 0.0223275 0.0160032 0.0738325 -0.0727188 0.0114781
 0.0206691 0.0146927 0.072105 -0.0710594 0.0104518
 0.0192352 0.0135626 0.070455 -0.0694694 0.00956975
 0.0180148 0.0125989 0.0696038 -0.0686712 0.00881788
 0 0 0 0 0
 0 0 0 0 0
 0 0 0 0 0
 0 0 0 0 0
 0 0 0 0 0
 0 0 0 0 0
 0 0 0 0 0
 0 0 0 0 0
 0 0 0 0 0
 0 0 0 0 0
 0 0 0 0 0
 0 0 0 0 0
 0 0 0 0 0
 0 0 0 0 0
 0 0 0 0 0
 0 0 0 0 0
 0 0 0 0 0
 0 0 0 0 0
 0 0 0 0 0
 0 0 0 0 0
 0 0 0 0 0
 0 0 0 0 0
 0 0 0 0 0
 0 0 0 0 0
 0 0 0 0 0
 0 0 0 0 0
 0 0 0 0 0
 0 0 0 0 0
 0 0 0 0 0
 0 0 0 0 0
 0 0 0 0 0
 0 0 0 0 0
 0 0 0 0 0
 0 0 0 0 0
 0 0 0 0 0
 0 0 0 0 0
 0 0 0 0 0
 0 0 0 0 0
 0 0 0 0 0
 0 0 0 0 0
 0 0 0 0 0
 0 0 0 0 0
 0 0 0 0 0
 0 0 0 0 0
 0 0 0 0 0
 0 0 0 0 0
 0 0 0 0 0
 0 0 0 0 0
 0 0 0 0 0
 0 0 0 0 0
 0 0 0 0 0
 0 0 0 0 0
 0 0 0 0 0
 0 0 0 0 0
 0 0 0 0 0
 0 0 0 0 0
 0 0 0 0 0
 0 0 0 0 0
 0 0 0 0 0
 0 0 0 0 0
 0 0 0 0 0
 0 0 0 0 0
 0 0 0 0 0
 0 0 0 0 0
 0 0 0 0 0
 0 0 0 0 0
 0 0 0 0 0
 0 0 0 0 0
 0 0 0 0 0
 0 0 0 0 0
 0 0 0 0 0
 0 0 0 0 0
 0 0 0 0 0
 0 0 0 0 0
 0 0 0 0 0
 0 0 0 0 0
 0 0 0 0 0
 0 0 0 0 0
 0 0 0 0 0
 0 0 0 0 0
 0 0 0 0 0
 0 0 0 0 0
 0 0 0 0 0
 0 0 0 0 0
 0 0 0 0 0
 0 0 0 0 0
 0 0 0 0 0
 13.5536 13.2031 0.0543276 -0.0390068 12.8617
 3.7017 3.56494 0.0515531 -0.0378259 3.43324
 1.67388 1.59402 0.0490869 -0.0367742 1.51799
 0.943156 0.888294 0.0469021 -0.0358457 0.836637
 0.602119 0.560962 0.0449759 -0.0350361 0.522636
 0.416887 0.384255 0.0432888 -0.0343423 0.354194
 0.305657 0.278774 0.041825 -0.0337627 0.25427
 0.233908 0.211124 0.0405719 -0.033297 0.190574
 0.185073 0.165336 0.0395197 -0.0329467 0.147716
 0.150416 0.133014 0.0386624 -0.0327152 0.117638
 0.124988 0.109421 0.0379967 -0.0326077 0.0958038
 0.105823 0.0917231 0.0375255 -0.0326346 0.0795125
 0.0910875 0.0781744 0.0372754 -0.0328281 0.0671012
 0.0795525 0.0676075 0.0372589 -0.0332067 0.0574658
 0.0703856 0.0592373 0.0374927 -0.0337926 0.0498637
 0.0630319 0.0525367 0.0380164 -0.0346293 0.043798
 0.0570741 0.047115 0.0388574 -0.0357483 0.0389022
 0.0522206 0.0426971 0.0400564 -0.0371938 0.0349187
 0.0482578 0.0390819 0.0416734 -0.039029 0.031659
 0.0450471 0.0361361 0.043799 -0.0413459 0.0289961
 0.0423276 0.033634 0.0463309 -0.0440496 0.0267342
 0.0400229 0.0315034 0.0493189 -0.0471908 0.0248058
 0.0379412 0.0295852 0.052596 -0.0506086 0.0230778
 0.0360097 0.0278173 0.0560732 -0.0542157 0.0214973
 0.0341613 0.0261452 0.0596014 -0.0578646 0.0200186
 0.0323218 0.0245103 0.0629444 -0.0613217 0.0185953
 0.0304793 0.0229032 0.0659294 -0.0644138 0.0172188
 0.0286952 0.0213694 0.0684981 -0.0670806 0.0159223
 0.0270139 0.0199399 0.0706431 -0.0693119 0.0147266
 0.0253579 0.0185551 0.0720487 -0.0707962 0.0135855
 0.0236257 0.0171404 0.0723019 -0.0711269 0.0124432
 0.0218814 0.0157426 0.0713419 -0.0702412 0.0113335
 0.0202519 0.0144509 0.0698212 -0.0687881 0.0103186
 0.0188204 0.0133216 0.0680875 -0.0671131 0.00943581
 0 0 0 0 0
 0 0 0 0 0
 0 0 0 0 0
 0 0 0 0 0
 0 0 0 0 0
 0 0 0 0 0
 0 0 0 0 0
 0 0 0 0 0
 0 0 0 0 0
 0 0 0 0 0
 0 0 0 0 0
 0 0 0 0 0
 0 0 0 0 0
 0 0 0 0 0
 0 0 0 0 0
 0 0 0 0 0
 0 0 0 0 0
 0 0 0 0 0
 0 0 0 0 0
 0 0 0 0 0
 0 0 0 0 0
 0 0 0 0 0
 0 0 0 0 0
 0 0 0 0 0
 0 0 0 0 0
 0 0 0 0 0
 0 0 0 0 0
 0 0 0 0 0
 0 0 0 0 0
 0 0 0 0 0
 0 0 0 0 0
 0 0 0 0 0
 0 0 0 0 0
 0 0 0 0 0
 0 0 0 0 0
 0 0 0 0 0
 0 0 0 0 0
 0 0 0 0 0
 0 0 0 0 0
 0 0 0 0 0
 0 0 0 0 0
 0 0 0 0 0
 0 0 0 0 0
 0 0 0 0 0
 0 0 0 0 0
 0 0 0 0 0
 0 0 0 0 0
 0 0 0 0 0
 0 0 0 0 0
 0 0 0 0 0
 0 0 0 0 0
 0 0 0 0 0
 0 0 0 0 0
 0 0 0 0 0
 0 0 0 0 0
 0 0 0 0 0
 0 0 0 0 0
 0 0 0 0 0
 0 0 0 0 0
 0 0 0 0 0
 0 0 0 0 0
 0 0 0 0 0
 0 0 0 0 0
 0 0 0 0 0
 0 0 0 0 0
 0 0 0 0 0
 0 0 0 0 0
 0 0 0 0 0
 0 0 0 0 0
 0 0 0 0 0
 0 0 0 0 0
 0 0 0 0 0
 0 0 0 0 0
 0 0 0 0 0
 0 0 0 0 0
 0 0 0 0 0
 0 0 0 0 0
 0 0 0 0 0
 0 0 0 0 0
 0 0 0 0 0
 0 0 0 0 0
 0 0 0 0 0
 0 0 0 0 0
 0 0 0 0 0
 0 0 0 0 0
 0 0 0 0 0
 0 0 0 0 0
 0 0 0 0 0
 13.6337 13.2892 0.0532386 -0.0378429 12.9534
 3.67956 3.54624 0.0504197 -0.0366436 3.41778
 1.65589 1.57827 0.0479142 -0.0355732 1.50431
 0.930388 0.877144 0.0456934 -0.0346252 0.826969
 0.592789 0.552895 0.0437332 -0.0337946 0.515702
 0.409792 0.378191 0.0420129 -0.0330779 0.349042
 0.300066 0.274052 0.0405154 -0.0324726 0.250308
 0.229368 0.207337 0.0392271 -0.0319778 0.187435
 0.181291 0.162219 0.038137 -0.0315941 0.145165
 0.147196 0.130392 0.0372377 -0.0313239 0.115518
 0.122194 0.107171 0.0365247 -0.0311716 0.0940062
 0.103355 0.0897588 0.0359983 -0.0311449 0.0779612
 0.0888587 0.0764181 0.0356739 -0.0312657 0.0657294
 0.0775044 0.06601 0.0355656 -0.0315536 0.0562293
 0.0684875 0.0577707 0.0356964 -0.0320371 0.0487396
 0.0612243 0.0511521 0.0360754 -0.03273 0.0427451
 0.0553689 0.0458213 0.0367808 -0.0337133 0.037928
 0.0505627 0.0414492 0.0377846 -0.0349646 0.0339859
 0.0466584 0.0378891 0.0392004 -0.0365982 0.0307755
 0.0434491 0.0349525 0.0410391 -0.0386294 0.028125
 0.0408374 0.0325447 0.0433939 -0.041153 0.0259435
 0.0385776 0.0304578 0.0461159 -0.0440274 0.0240545
 0.036613 0.0286386 0.0492325 -0.0472809 0.0224087
 0.0347786 0.0269526 0.0525467 -0.0507221 0.0208955
 0.0330509 0.0253788 0.0559951 -0.0542874 0.0194956
 0.0313436 0.0238488 0.0593453 -0.0577476 0.0181541
 0.029624 0.0223373 0.0623986 -0.0609047 0.0168509
 0.0279071 0.0208554 0.0650206 -0.0636244 0.0155934
 0.0262602 0.0194525 0.0672081 -0.0658981 0.0144174
 0.0247042 0.0181421 0.0688413 -0.0676081 0.0133306
 0.0230982 0.0168189 0.069515 -0.0683556 0.0122539
 0.0214428 0.0154837 0.0690013 -0.0679137 0.0111877
 0.0198529 0.0142189 0.0676775 -0.0666562 0.0101904
 0 0 0 0 0
 0 0 0 0 0
 0 0 0 0 0
 0 0 0 0 0
 0 0 0 0 0
 0 0 0 0 0
 0 0 0 0 0
 0 0 0 0 0
 0 0 0 0 0
 0 0 0 0 0
 0 0 0 0 0
 0 0 0 0 0
 0 0 0 0 0
 0 0 0 0 0
 0 0 0 0 0
 0 0 0 0 0
 0 0 0 0 0
 0 0 0 0 0
 0 0 0 0 0
 0 0 0 0 0
 0 0 0 0 0
 0 0 0 0 0
 0 0 0 0 0
 0 0 0 0 0
 0 0 0 0 0
 0 0 0 0 0
 0 0 0 0 0
 0 0 0 0 0
 0 0 0 0 0
 0 0 0 0 0
 0 0 0 0 0
 0 0 0 0 0
 0 0 0 0 0
 0 0 0 0 0
 0 0 0 0 0
 0 0 0 0 0
 0 0 0 0 0
 0 0 0 0 0
 0 0 0 0 0
 0 0 0 0 0
 0 0 0 0 0
 0 0 0 0 0
 0 0 0 0 0
 0 0 0 0 0
 0 0 0 0 0
 0 0 0 0 0
 0 0 0 0 0
 0 0 0 0 0
 0 0 0 0 0
 0 0 0 0 0
 0 0 0 0 0
 0 0 0 0 0
 0 0 0 0 0
 0 0 0 0 0
 0 0 0 0 0
 0 0 0 0 0
 0 0 0 0 0
 0 0 0 0 0
 0 0 0 0 0
 0 0 0 0 0
 0 0 0 0 0
 0 0 0 0 0
 0 0 0 0 0
 0 0 0 0 0
 0 0 0 0 0
 0 0 0 0 0
 0 0 0 0 0
 0 0 0 0 0
 0 0 0 0 0
 0 0 0 0 0
 0 0 0 0 0
 0 0 0 0 0
 0 0 0 0 0
 0 0 0 0 0
 0 0 0 0 0
 0 0 0 0 0
 0 0 0 0 0
 0 0 0 0 0
 0 0 0 0 0
 0 0 0 0 0
 0 0 0 0 0
 0 0 0 0 0
 0 0 0 0 0
 0 0 0 0 0
 0 0 0 0 0
 0 0 0 0 0
 0 0 0 0 0
 0 0 0 0 0
 0 0 0 0 0
 13.7171 13.3782 0.0522056 -0.0367341 13.0478
 3.65856 3.52853 0.0493445 -0.0355185 3.40314
 1.63866 1.56317 0.0468018 -0.0344318 1.49117
 0.91815 0.86645 0.0445475 -0.0334667 0.817681
 0.583853 0.545159 0.0425559 -0.032618 0.509046
 0.403004 0.372381 0.0408054 -0.0318811 0.344099
 0.294724 0.269534 0.0392776 -0.0312533 0.24651
 0.225034 0.203716 0.0379576 -0.030733 0.184429
 0.177684 0.159242 0.0368336 -0.03032 0.142724
 0.144129 0.12789 0.0358969 -0.0300159 0.113491
 0.119536 0.105028 0.035142 -0.029824 0.0922906
 0.10101 0.0878887 0.0345666 -0.02975 0.0764813
 0.0867425 0.0747481 0.0341754 -0.0298054 0.0644213
 0.0755719 0.0645 0.0339916 -0.0300187 0.0550586
 0.0666988 0.0563868 0.0340319 -0.0304121 0.0476771
 0.0595587 0.0498759 0.0343114 -0.0310054 0.0417749
 0.0537744 0.0446096 0.0348711 -0.0318437 0.0370142
 0.0490461 0.0403075 0.0357329 -0.0329524 0.033133
 0.0451726 0.0367791 0.0369443 -0.0343822 0.0299523
 0.0419928 0.0338735 0.0385575 -0.0361881 0.027331
 0.0394136 0.0314993 0.0406653 -0.0384644 0.0251811
 0.0372065 0.0294617 0.0431526 -0.0411027 0.0233359
 0.0353257 0.0277157 0.0460744 -0.0441589 0.0217521
 0.0335971 0.0261186 0.0492459 -0.0474539 0.0203119
 0.0319676 0.024626 0.0525753 -0.0508972 0.0189777
 0.0303798 0.0231917 0.0559 -0.0543281 0.0177117
 0.0287747 0.0217701 0.0589902 -0.0575187 0.0164779
 0.0271476 0.0203574 0.0616829 -0.0603066 0.0152729
 0.0255587 0.0189989 0.0639275 -0.0626381 0.0141299
 0.0240547 0.0177274 0.0657319 -0.0645188 0.0130714
 0.0225609 0.0164863 0.0667581 -0.0656156 0.0120541
 0.0210038 0.0152214 0.0666481 -0.0655744 0.0110375
 0 0 0 0 0
 0 0 0 0 0
 0 0 0 0 0
 0 0 0 0 0
 0 0 0 0 0
 0 0 0 0 0
 0 0 0 0 0
 0 0 0 0 0
 0 0 0 0 0
 0 0 0 0 0
 0 0 0 0 0
 0 0 0 0 0
 0 0 0 0 0
 0 0 0 0 0
 0 0 0 0 0
 0 0 0 0 0
 0 0 0 0 0
 0 0 0 0 0
 0 0 0 0 0
 0 0 0 0 0
 0 0 0 0 0
 0 0 0 0 0
 0 0 0 0 0
 0 0 0 0 0
 0 0 0 0 0
 0 0 0 0 0
 0 0 0 0 0
 0 0 0 0 0
 0 0 0 0 0
 0 0 0 0 0
 0 0 0 0 0
 0 0 0 0 0
 0 0 0 0 0
 0 0 0 0 0
 0 0 0 0 0
 0 0 0 0 0
 0 0 0 0 0
 0 0 0 0 0
 0 0 0 0 0
 0 0 0 0 0
 0 0 0 0 0
 0 0 0 0 0
 0 0 0 0 0
 0 0 0 0 0
 0 0 0 0 0
 0 0 0 0 0
 0 0 0 0 0
 0 0 0 0 0
 0 0 0 0 0
 0 0 0 0 0
 0 0 0 0 0
 0 0 0 0 0
 0 0 0 0 0
 0 0 0 0 0
 0 0 0 0 0
 0 0 0 0 0
 0 0 0 0 0
 0 0 0 0 0
 0 0 0 0 0
 0 0 0 0 0
 0 0 0 0 0
 0 0 0 0 0
 0 0 0 0 0
 0 0 0 0 0
 0 0 0 0 0
 0 0 0 0 0
 0 0 0 0 0
 0 0 0 0 0
 0 0 0 0 0
 0 0 0 0 0
 0 0 0 0 0
 0 0 0 0 0
 0 0 0 0 0
 0 0 0 0 0
 0 0 0 0 0
 0 0 0 0 0
 0 0 0 0 0
 0 0 0 0 0
 0 0 0 0 0
 0 0 0 0 0
 0 0 0 0 0
 0 0 0 0 0
 0 0 0 0 0
 0 0 0 0 0
 0 0 0 0 0
 0 0 0 0 0
 0 0 0 0 0
 0 0 0 0 0
 0 0 0 0 0
 0 0 0 0 0
 13.8034 13.4701 0.0512249 -0.0356766 13.1448
 3.63861 3.51173 0.0483234 -0.0344469 3.38929
 1.62213 1.54867 0.0457455 -0.0333459 1.47856
 0.906406 0.856181 0.0434599 -0.0323661 0.80875
 0.575288 0.537735 0.0414394 -0.0315015 0.502649
 0.396504 0.366809 0.0396613 -0.0307472 0.339353
 0.289613 0.265205 0.0381059 -0.0300999 0.242867
 0.220893 0.20025 0.0367576 -0.0295572 0.181548
 0.174242 0.156395 0.0356034 -0.0291184 0.140387
 0.141205 0.1255 0.0346336 -0.0287844 0.111552
 0.117003 0.102982 0.0338414 -0.0285576 0.0906506
 0.09878 0.0861075 0.0332231 -0.0284424 0.0750694
 0.0847456 0.0731694 0.0327799 -0.0284468 0.0631831
 0.0737512 0.063075 0.0325294 -0.0285942 0.0539524
 0.0650094 0.0550767 0.0324844 -0.0289029 0.0466693
 0.0579778 0.0486614 0.0326671 -0.0293997 0.0408493
 0.0522566 0.0434528 0.0330905 -0.0301023 0.0361391
 0.0476035 0.0392181 0.0338239 -0.0310824 0.0323165
 0.0437595 0.0357199 0.0348495 -0.0323269 0.0291638
 0.0406229 0.0328558 0.0362733 -0.033943 0.0265801
 0.0380437 0.0304886 0.0381181 -0.0359569 0.0244403
 0.0359243 0.0285278 0.0404371 -0.0384244 0.0226606
 0.0340806 0.0268179 0.0431144 -0.0412351 0.0211095
 0.0324548 0.0253076 0.0461454 -0.0443862 0.0197409
 0.0309109 0.0238867 0.0493369 -0.0476889 0.0184654
 0.0294295 0.0225386 0.0526054 -0.0510601 0.0172679
 0.0279406 0.0212085 0.0557218 -0.0542732 0.0161053
 0.0264213 0.0198793 0.0584974 -0.0571407 0.0149639
 0.0248915 0.0185659 0.0608148 -0.0595442 0.0138546
 0.0234174 0.0173173 0.0626906 -0.0614976 0.0128128
 0.0220141 0.0161428 0.0639894 -0.0628644 0.011844
 0 0 0 0 0
 0 0 0 0 0
 0 0 0 0 0
 0 0 0 0 0
 0 0 0 0 0
 0 0 0 0 0
 0 0 0 0 0
 0 0 0 0 0
 0 0 0 0 0
 0 0 0 0 0
 0 0 0 0 0
 0 0 0 0 0
 0 0 0 0 0
 0 0 0 0 0
 0 0 0 0 0
 0 0 0 0 0
 0 0 0 0 0
 0 0 0 0 0
 0 0 0 0 0
 0 0 0 0 0
 0 0 0 0 0
 0 0 0 0 0
 0 0 0 0 0
 0 0 0 0 0
 0 0 0 0 0
 0 0 0 0 0
 0 0 0 0 0
 0 0 0 0 0
 0 0 0 0 0
 0 0 0 0 0
 0 0 0 0 0
 0 0 0 0 0
 0 0 0 0 0
 0 0 0 0 0
 0 0 0 0 0
 0 0 0 0 0
 0 0 0 0 0
 0 0 0 0 0
 0 0 0 0 0
 0 0 0 0 0
 0 0 0 0 0
 0 0 0 0 0
 0 0 0 0 0
 0 0 0 0 0
 0 0 0 0 0
 0 0 0 0 0
 0 0 0 0 0
 0 0 0 0 0
 0 0 0 0 0
 0 0 0 0 0
 0 0 0 0 0
 0 0 0 0 0
 0 0 0 0 0
 0 0 0 0 0
 0 0 0 0 0
 0 0 0 0 0
 0 0 0 0 0
 0 0 0 0 0
 0 0 0 0 0
 0 0 0 0 0
 0 0 0 0 0
 0 0 0 0 0
 0 0 0 0 0
 0 0 0 0 0
 0 0 0 0 0
 0 0 0 0 0
 0 0 0 0 0
 0 0 0 0 0
 0 0 0 0 0
 0 0 0 0 0
 0 0 0 0 0
 0 0 0 0 0
 0 0 0 0 0
 0 0 0 0 0
 0 0 0 0 0
 0 0 0 0 0
 0 0 0 0 0
 0 0 0 0 0
 0 0 0 0 0
 0 0 0 0 0
 0 0 0 0 0
 0 0 0 0 0
 0 0 0 0 0
 0 0 0 0 0
 0 0 0 0 0
 0 0 0 0 0
 0 0 0 0 0
 0 0 0 0 0
 0 0 0 0 0
 0 0 0 0 0
 0 0 0 0 0
 13.8928 13.5646 0.0502932 -0.0346673 13.2443
 3.61966 3.49579 0.0473528 -0.0334251 3.37617
 1.60626 1.53474 0.0447416 -0.0323118 1.46642
 0.895138 0.846306 0.0424266 -0.0313193 0.800163
 0.56707 0.530603 0.0403794 -0.0304411 0.496496
 0.390275 0.361463 0.038576 -0.0296718 0.334791
 0.28472 0.261055 0.0369959 -0.0290074 0.239369
 0.216933 0.196931 0.0356221 -0.0284453 0.178784
 0.170954 0.153671 0.0344409 -0.027984 0.138146
 0.138414 0.123215 0.0334416 -0.0276237 0.109696
 0.114589 0.101028 0.0326162 -0.0273661 0.0890813
 0.0966569 0.0844081 0.0319603 -0.0272146 0.0737194
 0.0828481 0.0716675 0.0314723 -0.0271753 0.0620032
 0.0720194 0.0617173 0.0311598 -0.0272615 0.0528961
 0.0634075 0.0538326 0.0310411 -0.0274971 0.0457105
 0.0564833 0.0475112 0.0311395 -0.0279096 0.0399711
 0.0508513 0.0423812 0.0314667 -0.0285159 0.0353284
 0.0462534 0.0381971 0.0320679 -0.0293638 0.0315501
 0.0424646 0.0347492 0.0329559 -0.0304704 0.0284416
 0.0393502 0.0319089 0.0341896 -0.0318966 0.0258807
 0.0367803 0.0295555 0.0358084 -0.033685 0.0237557
 0.0346985 0.0276313 0.0379131 -0.0359371 0.0220093
 0.0328913 0.0259568 0.0403624 -0.0385189 0.0204902
 0.0313451 0.0245149 0.0432279 -0.0415017 0.0191792
 0.0298913 0.0231695 0.0462926 -0.0446745 0.0179654
 0.0284996 0.021895 0.0494716 -0.0479533 0.0168272
 0.0271167 0.0206492 0.0525844 -0.0511595 0.0157307
 0.0256989 0.0193992 0.0554154 -0.0540792 0.0146501
 0.0242464 0.0181451 0.0578173 -0.0565653 0.0135854
 0.0228196 0.0169323 0.0597747 -0.0585999 0.0125701
 0 0 0 0 0
 0 0 0 0 0
 0 0 0 0 0
 0 0 0 0 0
 0 0 0 0 0
 0 0 0 0 0
 0 0 0 0 0
 0 0 0 0 0
 0 0 0 0 0
 0 0 0 0 0
 0 0 0 0 0
 0 0 0 0 0
 0 0 0 0 0
 0 0 0 0 0
 0 0 0 0 0
 0 0 0 0 0
 0 0 0 0 0
 0 0 0 0 0
 0 0 0 0 0
 0 0 0 0 0
 0 0 0 0 0
 0 0 0 0 0
 0 0 0 0 0
 0 0 0 0 0
 0 0 0 0 0
 0 0 0 0 0
 0 0 0 0 0
 0 0 0 0 0
 0 0 0 0 0
 0 0 0 0 0
 0 0 0 0 0
 0 0 0 0 0
 0 0 0 0 0
 0 0 0 0 0
 0 0 0 0 0
 0 0 0 0 0
 0 0 0 0 0
 0 0 0 0 0
 0 0 0 0 0
 0 0 0 0 0
 0 0 0 0 0
 0 0 0 0 0
 0 0 0 0 0
 0 0 0 0 0
 0 0 0 0 0
 0 0 0 0 0
 0 0 0 0 0
 0 0 0 0 0
 0 0 0 0 0
 0 0 0 0 0
 0 0 0 0 0
 0 0 0 0 0
 0 0 0 0 0
 0 0 0 0 0
 0 0 0 0 0
 0 0 0 0 0
 0 0 0 0 0
 0 0 0 0 0
 0 0 0 0 0
 0 0 0 0 0
 0 0 0 0 0
 0 0 0 0 0
 0 0 0 0 0
 0 0 0 0 0
 0 0 0 0 0
 0 0 0 0 0
 0 0 0 0 0
 0 0 0 0 0
 0 0 0 0 0
 0 0 0 0 0
 0 0 0 0 0
 0 0 0 0 0
 0 0 0 0 0
 0 0 0 0 0
 0 0 0 0 0
 0 0 0 0 0
 0 0 0 0 0
 0 0 0 0 0
 0 0 0 0 0
 0 0 0 0 0
 0 0 0 0 0
 0 0 0 0 0
 0 0 0 0 0
 0 0 0 0 0
 0 0 0 0 0
 0 0 0 0 0
 0 0 0 0 0
 0 0 0 0 0
 0 0 0 0 0
 0 0 0 0 0
 0 0 0 0 0
 0 0 0 0 0
 13.9849 13.6618 0.0494071 -0.0337031 13.3463
 3.60164 3.48065 0.0464293 -0.0324501 3.36374
 1.59101 1.52135 0.0437864 -0.0313262 1.45475
 0.8843 0.836812 0.0414438 -0.0303229 0.791887
 0.559179 0.523747 0.0393719 -0.029433 0.490574
 0.384299 0.356327 0.0375455 -0.0286508 0.330404
 0.280031 0.257072 0.0359429 -0.0279717 0.236006
 0.213141 0.193748 0.0345464 -0.0273927 0.17613
 0.167808 0.151062 0.0333411 -0.0269117 0.135997
 0.135747 0.121028 0.0323155 -0.0265284 0.107915
 0.112285 0.09916 0.0314608 -0.0262436 0.0875775
 0.0946319 0.0827844 0.0307712 -0.02606 0.0724281
 0.0810419 0.0702344 0.0302441 -0.0259823 0.0608755
 0.07038 0.0604297 0.0298813 -0.0260189 0.0518931
 0.0619013 0.052661 0.029703 -0.0261951 0.0448066
 0.0550731 0.0464241 0.0297214 -0.0265281 0.0391396
 0.0495208 0.0413646 0.0299572 -0.0270427 0.0345576
 0.0449682 0.0372223 0.0304309 -0.0277635 0.0308164
 0.0412351 0.0338249 0.0311967 -0.0287475 0.027752
 0.0381355 0.0310019 0.03225 -0.0299938 0.0252082
 0.0356013 0.028683 0.0336943 -0.0316071 0.0231145
 0.0335171 0.026763 0.0355539 -0.0336146 0.0213754
 0.0317826 0.0251522 0.0378442 -0.0360349 0.0199106
 0.0302671 0.0237406 0.0404843 -0.0387914 0.0186269
 0.0289063 0.0224729 0.0434307 -0.0418426 0.017477
 0.0275905 0.0212615 0.0464958 -0.0450051 0.0163901
 0.0263024 0.0200921 0.049576 -0.0481754 0.0153539
 0.0249865 0.0189219 0.0524494 -0.0511341 0.0143351
 0.0236287 0.0177406 0.0549453 -0.0537113 0.0133257
 0 0 0 0 0
 0 0 0 0 0
 0 0 0 0 0
 0 0 0 0 0
 0 0 0 0 0
 0 0 0 0 0
 0 0 0 0 0
 0 0 0 0 0
 0 0 0 0 0
 0 0 0 0 0
 0 0 0 0 0
 0 0 0 0 0
 0 0 0 0 0
 0 0 0 0 0
 0 0 0 0 0
 0 0 0 0 0
 0 0 0 0 0
 0 0 0 0 0
 0 0 0 0 0
 0 0 0 0 0
 0 0 0 0 0
 0 0 0 0 0
 0 0 0 0 0
 0 0 0 0 0
 0 0 0 0 0
 0 0 0 0 0
 0 0 0 0 0
 0 0 0 0 0
 0 0 0 0 0
 0 0 0 0 0
 0 0 0 0 0
 0 0 0 0 0
 0 0 0 0 0
 0 0 0 0 0
 0 0 0 0 0
 0 0 0 0 0
 0 0 0 0 0
 0 0 0 0 0
 0 0 0 0 0
 0 0 0 0 0
 0 0 0 0 0
 0 0 0 0 0
 0 0 0 0 0
 0 0 0 0 0
 0 0 0 0 0
 0 0 0 0 0
 0 0 0 0 0
 0 0 0 0 0
 0 0 0 0 0
 0 0 0 0 0
 0 0 0 0 0
 0 0 0 0 0
 0 0 0 0 0
 0 0 0 0 0
 0 0 0 0 0
 0 0 0 0 0
 0 0 0 0 0
 0 0 0 0 0
 0 0 0 0 0
 0 0 0 0 0
 0 0 0 0 0
 0 0 0 0 0
 0 0 0 0 0
 0 0 0 0 0
 0 0 0 0 0
 0 0 0 0 0
 0 0 0 0 0
 0 0 0 0 0
 0 0 0 0 0
 0 0 0 0 0
 0 0 0 0 0
 0 0 0 0 0
 0 0 0 0 0
 0 0 0 0 0
 0 0 0 0 0
 0 0 0 0 0
 0 0 0 0 0
 0 0 0 0 0
 0 0 0 0 0
 0 0 0 0 0
 0 0 0 0 0
 0 0 0 0 0
 0 0 0 0 0
 0 0 0 0 0
 0 0 0 0 0
 0 0 0 0 0
 0 0 0 0 0
 0 0 0 0 0
 0 0 0 0 0
 0 0 0 0 0
 0 0 0 0 0
 0 0 0 0 0
 0 0 0 0 0
 14.0798 13.7615 0.0485638 -0.0327811 13.4505
 3.5845 3.46627 0.0455499 -0.0315188 3.35197
 1.57636 1.50846 0.0428767 -0.0303859 1.44351
 0.873881 0.827663 0.0405083 -0.0293734 0.783906
 0.551595 0.51715 0.0384135 -0.0284736 0.484869
 0.378561 0.351389 0.0365659 -0.0276804 0.326181
 0.275534 0.253246 0.0349431 -0.0269888 0.232772
 0.209508 0.190693 0.0335261 -0.0263953 0.173579
 0.164797 0.14856 0.0322994 -0.0258972 0.133932
 0.133196 0.118933 0.0312505 -0.0254936 0.106207
 0.110083 0.0973719 0.0303698 -0.025185 0.0861362
 0.0926994 0.0812319 0.0296505 -0.0249731 0.0711906
 0.0793206 0.0688663 0.0290888 -0.0248617 0.0597967
 0.0688244 0.0592059 0.0286847 -0.0248574 0.0509382
 0.0604667 0.0515429 0.0284484 -0.024976 0.0439422
 0.0537299 0.0453862 0.028394 -0.0252364 0.0383439
 0.0482571 0.0403967 0.0285494 -0.0256706 0.0338222
 0.0437659 0.0363093 0.0289261 -0.0262942 0.0301284
 0.040078 0.0329534 0.0295724 -0.0271583 0.0271006
 0.0370165 0.0301661 0.030491 -0.0282696 0.0245886
 0.0344973 0.0278644 0.031755 -0.0297026 0.0225118
 0.0324075 0.0259454 0.0333876 -0.0314838 0.0207769
 0.0307206 0.0243784 0.0355 -0.0337245 0.0193506
 0.0292357 0.0229964 0.0379287 -0.0362687 0.0180937
 0.0279463 0.0217899 0.0407299 -0.0391722 0.0169949
 0.026707 0.0206423 0.043683 -0.0422199 0.0159601
 0.0255029 0.0195411 0.0467044 -0.0453286 0.0149784
 0.0242817 0.0184457 0.0495952 -0.0483014 0.0140179
 0 0 0 0 0
 0 0 0 0 0
 0 0 0 0 0
 0 0 0 0 0
 0 0 0 0 0
 0 0 0 0 0
 0 0 0 0 0
 0 0 0 0 0
 0 0 0 0 0
 0 0 0 0 0
 0 0 0 0 0
 0 0 0 0 0
 0 0 0 0 0
 0 0 0 0 0
 0 0 0 0 0
 0 0 0 0 0
 0 0 0 0 0
 0 0 0 0 0
 0 0 0 0 0
 0 0 0 0 0
 0 0 0 0 0
 0 0 0 0 0
 0 0 0 0 0
 0 0 0 0 0
 0 0 0 0 0
 0 0 0 0 0
 0 0 0 0 0
 0 0 0 0 0
 0 0 0 0 0
 0 0 0 0 0
 0 0 0 0 0
 0 0 0 0 0
 0 0 0 0 0
 0 0 0 0 0
 0 0 0 0 0
 0 0 0 0 0
 0 0 0 0 0
 0 0 0 0 0
 0 0 0 0 0
 0 0 0 0 0
 0 0 0 0 0
 0 0 0 0 0
 0 0 0 0 0
 0 0 0 0 0
 0 0 0 0 0
 0 0 0 0 0
 0 0 0 0 0
 0 0 0 0 0
 0 0 0 0 0
 0 0 0 0 0
 0 0 0 0 0
 0 0 0 0 0
 0 0 0 0 0
 0 0 0 0 0
 0 0 0 0 0
 0 0 0 0 0
 0 0 0 0 0
 0 0 0 0 0
 0 0 0 0 0
 0 0 0 0 0
 0 0 0 0 0
 0 0 0 0 0
 0 0 0 0 0
 0 0 0 0 0
 0 0 0 0 0
 0 0 0 0 0
 0 0 0 0 0
 0 0 0 0 0
 0 0 0 0 0
 0 0 0 0 0
 0 0 0 0 0
 0 0 0 0 0
 0 0 0 0 0
 0 0 0 0 0
 0 0 0 0 0
 0 0 0 0 0
 0 0 0 0 0
 0 0 0 0 0
 0 0 0 0 0
 0 0 0 0 0
 0 0 0 0 0
 0 0 0 0 0
 0 0 0 0 0
 0 0 0 0 0
 0 0 0 0 0
 0 0 0 0 0
 0 0 0 0 0
 0 0 0 0 0
 0 0 0 0 0
 0 0 0 0 0
 0 0 0 0 0
 0 0 0 0 0
 0 0 0 0 0
 0 0 0 0 0
 14.1773 13.8637 0.0477606 -0.0318988 13.5571
 3.56819 3.45262 0.0447117 -0.0306286 3.3408
 1.56225 1.49605 0.0420098 -0.0294881 1.43268
 0.86385 0.818856 0.0396169 -0.0284679 0.776219
 0.544301 0.510797 0.0375008 -0.0275599 0.479368
 0.373048 0.346639 0.0356339 -0.0267574 0.322112
 0.271216 0.249568 0.0339927 -0.0260551 0.229659
 0.206022 0.187759 0.0325574 -0.0254491 0.171125
 0.161911 0.146159 0.0313117 -0.0249362 0.131947
 0.130754 0.116924 0.0302421 -0.0245151 0.104566
 0.107977 0.0956587 0.0293384 -0.0241854 0.0847531
 0.0908525 0.0797462 0.0285928 -0.0239486 0.0700044
 0.0776769 0.0675575 0.0280004 -0.0238074 0.0587631
 0.0673412 0.0580368 0.0275597 -0.0237669 0.0500242
 0.0591031 0.0504781 0.0272736 -0.023836 0.0431176
 0.0524686 0.0444106 0.0271655 -0.0240424 0.0375956
 0.0470678 0.0394846 0.0272465 -0.0244021 0.0331283
 0.0426359 0.03545 0.0275364 -0.0249386 0.0294801
 0.0389801 0.0321245 0.0280624 -0.0256826 0.0264794
 0.0359599 0.0293751 0.0288638 -0.0266762 0.0240009
 0.0334494 0.0270852 0.0299577 -0.0279394 0.0219364
 0.0313869 0.0251932 0.0314246 -0.0295541 0.0202262
 0.0296964 0.0236286 0.0333076 -0.0315658 0.0188052
 0.0282652 0.0222943 0.035575 -0.0339468 0.0175894
 0.0270124 0.0211216 0.0381856 -0.0366584 0.0165202
 0.0258557 0.0200426 0.0410389 -0.0396032 0.0155414
 0.0247195 0.0189976 0.0439702 -0.0426195 0.0146051
 0 0 0 0 0
 0 0 0 0 0
 0 0 0 0 0
 0 0 0 0 0
 0 0 0 0 0
 0 0 0 0 0
 0 0 0 0 0
 0 0 0 0 0
 0 0 0 0 0
 0 0 0 0 0
 0 0 0 0 0
 0 0 0 0 0
 0 0 0 0 0
 0 0 0 0 0
 0 0 0 0 0
 0 0 0 0 0
 0 0 0 0 0
 0 0 0 0 0
 0 0 0 0 0
 0 0 0 0 0
 0 0 0 0 0
 0 0 0 0 0
 0 0 0 0 0
 0 0 0 0 0
 0 0 0 0 0
 0 0 0 0 0
 0 0 0 0 0
 0 0 0 0 0
 0 0 0 0 0
 0 0 0 0 0
 0 0 0 0 0
 0 0 0 0 0
 0 0 0 0 0
 0 0 0 0 0
 0 0 0 0 0
 0 0 0 0 0
 0 0 0 0 0
 0 0 0 0 0
 0 0 0 0 0
 0 0 0 0 0
 0 0 0 0 0
 0 0 0 0 0
 0 0 0 0 0
 0 0 0 0 0
 0 0 0 0 0
 0 0 0 0 0
 0 0 0 0 0
 0 0 0 0 0
 0 0 0 0 0
 0 0 0 0 0
 0 0 0 0 0
 0 0 0 0 0
 0 0 0 0 0
 0 0 0 0 0
 0 0 0 0 0
 0 0 0 0 0
 0 0 0 0 0
 0 0 0 0 0
 0 0 0 0 0
 0 0 0 0 0
 0 0 0 0 0
 0 0 0 0 0
 0 0 0 0 0
 0 0 0 0 0
 0 0 0 0 0
 0 0 0 0 0
 0 0 0 0 0
 0 0 0 0 0
 0 0 0 0 0
 0 0 0 0 0
 0 0 0 0 0
 0 0 0 0 0
 0 0 0 0 0
 0 0 0 0 0
 0 0 0 0 0
 0 0 0 0 0
 0 0 0 0 0
 0 0 0 0 0
 0 0 0 0 0
 0 0 0 0 0
 0 0 0 0 0
 0 0 0 0 0
 0 0 0 0 0
 0 0 0 0 0
 0 0 0 0 0
 0 0 0 0 0
 0 0 0 0 0
 0 0 0 0 0
 0 0 0 0 0
 0 0 0 0 0
 0 0 0 0 0
 0 0 0 0 0
 0 0 0 0 0
 0 0 0 0 0
 0 0 0 0 0
 14.2773 13.9682 0.0469949 -0.0310539 13.6658
 3.55266 3.43963 0.0439123 -0.0297769 3.33021
 1.54867 1.48409 0.0411827 -0.0286302 1.42223
 0.854188 0.810356 0.0387668 -0.0276036 0.768794
 0.537281 0.504676 0.0366309 -0.0266888 0.474062
 0.367746 0.342065 0.0347462 -0.0258786 0.318189
 0.267067 0.24603 0.0330884 -0.0251674 0.22666
 0.202677 0.184939 0.0316368 -0.0245506 0.168763
 0.159144 0.143853 0.0303741 -0.0240251 0.130039
 0.128414 0.114997 0.0292864 -0.0235887 0.102989
 0.105961 0.0940156 0.0283622 -0.0232407 0.0834244
 0.0890862 0.0783225 0.0275932 -0.0229819 0.0688656
 0.0761062 0.066305 0.0269739 -0.0228144 0.0577719
 0.0659262 0.0569196 0.0265012 -0.0227423 0.0491493
 0.0578115 0.0494682 0.0261766 -0.0227728 0.0423345
 0.0512669 0.0434792 0.0260139 -0.0229248 0.0368797
 0.0459339 0.0386129 0.0260262 -0.0232156 0.0324638
 0.0415603 0.0346301 0.0262386 -0.0236743 0.0288601
 0.0379395 0.0313371 0.0266599 -0.0243136 0.0258881
 0.0349584 0.0286236 0.027354 -0.0251993 0.0234411
 0.0324671 0.0263533 0.0283069 -0.0263214 0.0213952
 0.0304195 0.0244779 0.0296082 -0.0277704 0.0197011
 0.0287167 0.0229084 0.0312686 -0.0295602 0.0182792
 0.0273397 0.0216223 0.0333887 -0.0317917 0.0171048
 0.026113 0.0204749 0.035804 -0.0343072 0.0160586
 0.0250234 0.0194528 0.0385358 -0.0371279 0.0151269
 0 0 0 0 0
 0 0 0 0 0
 0 0 0 0 0
 0 0 0 0 0
 0 0 0 0 0
 0 0 0 0 0
 0 0 0 0 0
 0 0 0 0 0
 0 0 0 0 0
 0 0 0 0 0
 0 0 0 0 0
 0 0 0 0 0
 0 0 0 0 0
 0 0 0 0 0
 0 0 0 0 0
 0 0 0 0 0
 0 0 0 0 0
 0 0 0 0 0
 0 0 0 0 0
 0 0 0 0 0
 0 0 0 0 0
 0 0 0 0 0
 0 0 0 0 0
 0 0 0 0 0
 0 0 0 0 0
 0 0 0 0 0
 0 0 0 0 0
 0 0 0 0 0
 0 0 0 0 0
 0 0 0 0 0
 0 0 0 0 0
 0 0 0 0 0
 0 0 0 0 0
 0 0 0 0 0
 0 0 0 0 0
 0 0 0 0 0
 0 0 0 0 0
 0 0 0 0 0
 0 0 0 0 0
 0 0 0 0 0
 0 0 0 0 0
 0 0 0 0 0
 0 0 0 0 0
 0 0 0 0 0
 0 0 0 0 0
 0 0 0 0 0
 0 0 0 0 0
 0 0 0 0 0
 0 0 0 0 0
 0 0 0 0 0
 0 0 0 0 0
 0 0 0 0 0
 0 0 0 0 0
 0 0 0 0 0
 0 0 0 0 0
 0 0 0 0 0
 0 0 0 0 0
 0 0 0 0 0
 0 0 0 0 0
 0 0 0 0 0
 0 0 0 0 0
 0 0 0 0 0
 0 0 0 0 0
 0 0 0 0 0
 0 0 0 0 0
 0 0 0 0 0
 0 0 0 0 0
 0 0 0 0 0
 0 0 0 0 0
 0 0 0 0 0
 0 0 0 0 0
 0 0 0 0 0
 0 0 0 0 0
 0 0 0 0 0
 0 0 0 0 0
 0 0 0 0 0
 0 0 0 0 0
 0 0 0 0 0
 0 0 0 0 0
 0 0 0 0 0
 0 0 0 0 0
 0 0 0 0 0
 0 0 0 0 0
 0 0 0 0 0
 0 0 0 0 0
 0 0 0 0 0
 0 0 0 0 0
 0 0 0 0 0
 0 0 0 0 0
 0 0 0 0 0
 0 0 0 0 0
 0 0 0 0 0
 0 0 0 0 0
 0 0 0 0 0
 0 0 0 0 0
 0 0 0 0 0
 14.3798 14.075 0.0462646 -0.0302441 13.7766
 3.53787 3.42729 0.0431493 -0.0289616 3.32017
 1.53558 1.47256 0.0403931 -0.0278097 1.41214
 0.844875 0.802162 0.0379554 -0.026778 0.761619
 0.530518 0.498773 0.0358009 -0.0258576 0.468939
 0.362642 0.337658 0.0339001 -0.0250412 0.314404
 0.263078 0.242623 0.0322272 -0.0243226 0.223768
 0.199463 0.182226 0.030761 -0.0236968 0.166487
 0.156488 0.141636 0.0294833 -0.0231604 0.128201
 0.12617 0.113145 0.0283794 -0.0227108 0.101471
 0.104029 0.0924387 0.0274373 -0.0223469 0.0821469
 0.0873956 0.0769569 0.0266478 -0.0220688 0.0677713
 0.0746044 0.0651044 0.0260044 -0.021878 0.0568204
 0.0645738 0.05585 0.0255036 -0.0217779 0.0483102
 0.0565785 0.0485023 0.0251444 -0.0217739 0.0415841
 0.0501208 0.0425892 0.0249329 -0.0218771 0.0361942
 0.0448608 0.0377869 0.0248901 -0.0221125 0.0318329
 0.0405425 0.0338529 0.0250324 -0.0225007 0.0282715
 0.0369711 0.0306039 0.0253761 -0.0230619 0.0253375
 0.0340131 0.0279129 0.0259562 -0.0238335 0.0229108
 0.0315524 0.0256714 0.0267963 -0.0248423 0.0208905
 0.0295094 0.0238037 0.0279359 -0.0261297 0.0192052
 0.0278222 0.0222512 0.0294307 -0.0277534 0.0177996
 0.0264478 0.0209717 0.0313445 -0.0297786 0.0166335
 0.0252564 0.0198568 0.0335918 -0.0321246 0.0156157
 0 0 0 0 0
 0 0 0 0 0
 0 0 0 0 0
 0 0 0 0 0
 0 0 0 0 0
 0 0 0 0 0
 0 0 0 0 0
 0 0 0 0 0
 0 0 0 0 0
 0 0 0 0 0
 0 0 0 0 0
 0 0 0 0 0
 0 0 0 0 0
 0 0 0 0 0
 0 0 0 0 0
 0 0 0 0 0
 0 0 0 0 0
 0 0 0 0 0
 0 0 0 0 0
 0 0 0 0 0
 0 0 0 0 0
 0 0 0 0 0
 0 0 0 0 0
 0 0 0 0 0
 0 0 0 0 0
 0 0 0 0 0
 0 0 0 0 0
 0 0 0 0 0
 0 0 0 0 0
 0 0 0 0 0
 0 0 0 0 0
 0 0 0 0 0
 0 0 0 0 0
 0 0 0 0 0
 0 0 0 0 0
 0 0 0 0 0
 0 0 0 0 0
 0 0 0 0 0
 0 0 0 0 0
 0 0 0 0 0
 0 0 0 0 0
 0 0 0 0 0
 0 0 0 0 0
 0 0 0 0 0
 0 0 0 0 0
 0 0 0 0 0
 0 0 0 0 0
 0 0 0 0 0
 0 0 0 0 0
 0 0 0 0 0
 0 0 0 0 0
 0 0 0 0 0
 0 0 0 0 0
 0 0 0 0 0
 0 0 0 0 0
 0 0 0 0 0
 0 0 0 0 0
 0 0 0 0 0
 0 0 0 0 0
 0 0 0 0 0
 0 0 0 0 0
 0 0 0 0 0
 0 0 0 0 0
 0 0 0 0 0
 0 0 0 0 0
 0 0 0 0 0
 0 0 0 0 0
 0 0 0 0 0
 0 0 0 0 0
 0 0 0 0 0
 0 0 0 0 0
 0 0 0 0 0
 0 0 0 0 0
 0 0 0 0 0
 0 0 0 0 0
 0 0 0 0 0
 0 0 0 0 0
 0 0 0 0 0
 0 0 0 0 0
 0 0 0 0 0
 0 0 0 0 0
 0 0 0 0 0
 0 0 0 0 0
 0 0 0 0 0
 0 0 0 0 0
 0 0 0 0 0
 0 0 0 0 0
 0 0 0 0 0
 0 0 0 0 0
 0 0 0 0 0
 0 0 0 0 0
 0 0 0 0 0
 0 0 0 0 0
 0 0 0 0 0
 0 0 0 0 0
 0 0 0 0 0
 0 0 0 0 0
 14.4847 14.1841 0.0455675 -0.0294674 13.8896
 3.52378 3.41554 0.0424203 -0.0281803 3.31064
 1.52296 1.46143 0.0396386 -0.0270244 1.40241
 0.835894 0.79425 0.0371802 -0.0259887 0.754688
 0.523999 0.493076 0.0350085 -0.0250641 0.463989
 0.357728 0.333407 0.0330926 -0.0242426 0.310751
 0.259239 0.239341 0.0314063 -0.0235179 0.220979
 0.196373 0.179614 0.029927 -0.0228847 0.164292
 0.153936 0.139502 0.0286361 -0.0223391 0.126431
 0.124016 0.111364 0.0275179 -0.0218781 0.100011
 0.102176 0.0909244 0.0265601 -0.0215004 0.0809181
 0.085775 0.0756463 0.0257524 -0.0212053 0.0667194
 0.0731663 0.0639538 0.0250879 -0.020994 0.0559064
 0.0632806 0.0548251 0.024562 -0.0208691 0.0475046
 0.0554008 0.0475781 0.0241727 -0.0208349 0.0408648
 0.0490339 0.041744 0.0239229 -0.0208995 0.0355424
 0.0438438 0.0370028 0.0238305 -0.0210851 0.0312334
 0.0395761 0.0331136 0.0239074 -0.0214077 0.0277106
 0.0360473 0.0299029 0.0241756 -0.0218928 0.0248097
 0.033109 0.0272313 0.024649 -0.0225579 0.0224008
 0.0306784 0.0250177 0.0253867 -0.0234635 0.0204052
 0.0286396 0.0231572 0.0263784 -0.0246032 0.018728
 0.0269692 0.0216224 0.0277227 -0.0260759 0.0173392
 0.0255851 0.0203396 0.0294289 -0.0278939 0.0161732
 0 0 0 0 0
 0 0 0 0 0
 0 0 0 0 0
 0 0 0 0 0
 0 0 0 0 0
 0 0 0 0 0
 0 0 0 0 0
 0 0 0 0 0
 0 0 0 0 0
 0 0 0 0 0
 0 0 0 0 0
 0 0 0 0 0
 0 0 0 0 0
 0 0 0 0 0
 0 0 0 0 0
 0 0 0 0 0
 0 0 0 0 0
 0 0 0 0 0
 0 0 0 0 0
 0 0 0 0 0
 0 0 0 0 0
 0 0 0 0 0
 0 0 0 0 0
 0 0 0 0 0
 0 0 0 0 0
 0 0 0 0 0
 0 0 0 0 0
 0 0 0 0 0
 0 0 0 0 0
 0 0 0 0 0
 0 0 0 0 0
 0 0 0 0 0
 0 0 0 0 0
 0 0 0 0 0
 0 0 0 0 0
 0 0 0 0 0
 0 0 0 0 0
 0 0 0 0 0
 0 0 0 0 0
 0 0 0 0 0
 0 0 0 0 0
 0 0 0 0 0
 0 0 0 0 0
 0 0 0 0 0
 0 0 0 0 0
 0 0 0 0 0
 0 0 0 0 0
 0 0 0 0 0
 0 0 0 0 0
 0 0 0 0 0
 0 0 0 0 0
 0 0 0 0 0
 0 0 0 0 0
 0 0 0 0 0
 0 0 0 0 0
 0 0 0 0 0
 0 0 0 0 0
 0 0 0 0 0
 0 0 0 0 0
 0 0 0 0 0
 0 0 0 0 0
 0 0 0 0 0
 0 0 0 0 0
 0 0 0 0 0
 0 0 0 0 0
 0 0 0 0 0
 0 0 0 0 0
 0 0 0 0 0
 0 0 0 0 0
 0 0 0 0 0
 0 0 0 0 0
 0 0 0 0 0
 0 0 0 0 0
 0 0 0 0 0
 0 0 0 0 0
 0 0 0 0 0
 0 0 0 0 0
 0 0 0 0 0
 0 0 0 0 0
 0 0 0 0 0
 0 0 0 0 0
 0 0 0 0 0
 0 0 0 0 0
 0 0 0 0 0
 0 0 0 0 0
 0 0 0 0 0
 0 0 0 0 0
 0 0 0 0 0
 0 0 0 0 0
 0 0 0 0 0
 0 0 0 0 0
 0 0 0 0 0
 0 0 0 0 0
 0 0 0 0 0
 0 0 0 0 0
 0 0 0 0 0
 0 0 0 0 0
 0 0 0 0 0
 14.592 14.2953 0.0449016 -0.0287218 14.0046
 3.51035 3.40436 0.0417234 -0.0274312 3.30159
 1.51078 1.45069 0.0389172 -0.0262722 1.393
 0.827225 0.7866 0.036439 -0.0252336 0.747981
 0.517711 0.487576 0.0342512 -0.0243056 0.459204
 0.352991 0.329306 0.0323216 -0.0234803 0.307221
 0.255543 0.236176 0.030623 -0.0227507 0.218285
 0.1934 0.177096 0.0291321 -0.0221115 0.162176
 0.151482 0.137449 0.0278295 -0.0215582 0.124723
 0.121947 0.109652 0.0266989 -0.0210876 0.0986031
 0.100398 0.0894681 0.0257271 -0.0206978 0.0797344
 0.0842206 0.0743875 0.0249036 -0.020388 0.0657075
 0.0717881 0.0628488 0.0242205 -0.0201587 0.0550274
 0.0620422 0.053842 0.0236724 -0.0200118 0.0467306
 0.0542746 0.0466927 0.0232567 -0.019951 0.0401745
 0.0479976 0.0409367 0.0229743 -0.0199826 0.0349189
 0.0428723 0.0362522 0.0228349 -0.020121 0.0306584
 0.0386531 0.032406 0.0228524 -0.020384 0.0271724
 0.0351676 0.0292338 0.0230542 -0.0208023 0.0243049
 0.0322659 0.0265952 0.0234513 -0.0213903 0.0219247
 0.0298573 0.0244027 0.0240868 -0.0221934 0.0199482
 0.0278408 0.0225637 0.0249682 -0.0232224 0.0182903
 0.0261721 0.0210338 0.0261576 -0.0245402 0.0169077
 0 0 0 0 0
 0 0 0 0 0
 0 0 0 0 0
 0 0 0 0 0
 0 0 0 0 0
 0 0 0 0 0
 0 0 0 0 0
 0 0 0 0 0
 0 0 0 0 0
 0 0 0 0 0
 0 0 0 0 0
 0 0 0 0 0
 0 0 0 0 0
 0 0 0 0 0
 0 0 0 0 0
 0 0 0 0 0
 0 0 0 0 0
 0 0 0 0 0
 0 0 0 0 0
 0 0 0 0 0
 0 0 0 0 0
 0 0 0 0 0
 0 0 0 0 0
 0 0 0 0 0
 0 0 0 0 0
 0 0 0 0 0
 0 0 0 0 0
 0 0 0 0 0
 0 0 0 0 0
 0 0 0 0 0
 0 0 0 0 0
 0 0 0 0 0
 0 0 0 0 0
 0 0 0 0 0
 0 0 0 0 0
 0 0 0 0 0
 0 0 0 0 0
 0 0 0 0 0
 0 0 0 0 0
 0 0 0 0 0
 0 0 0 0 0
 0 0 0 0 0
 0 0 0 0 0
 0 0 0 0 0
 0 0 0 0 0
 0 0 0 0 0
 0 0 0 0 0
 0 0 0 0 0
 0 0 0 0 0
 0 0 0 0 0
 0 0 0 0 0
 0 0 0 0 0
 0 0 0 0 0
 0 0 0 0 0
 0 0 0 0 0
 0 0 0 0 0
 0 0 0 0 0
 0 0 0 0 0
 0 0 0 0 0
 0 0 0 0 0
 0 0 0 0 0
 0 0 0 0 0
 0 0 0 0 0
 0 0 0 0 0
 0 0 0 0 0
 0 0 0 0 0
 0 0 0 0 0
 0 0 0 0 0
 0 0 0 0 0
 0 0 0 0 0
 0 0 0 0 0
 0 0 0 0 0
 0 0 0 0 0
 0 0 0 0 0
 0 0 0 0 0
 0 0 0 0 0
 0 0 0 0 0
 0 0 0 0 0
 0 0 0 0 0
 0 0 0 0 0
 0 0 0 0 0
 0 0 0 0 0
 0 0 0 0 0
 0 0 0 0 0
 0 0 0 0 0
 0 0 0 0 0
 0 0 0 0 0
 0 0 0 0 0
 0 0 0 0 0
 0 0 0 0 0
 0 0 0 0 0
 0 0 0 0 0
 0 0 0 0 0
 0 0 0 0 0
 0 0 0 0 0
 0 0 0 0 0
 0 0 0 0 0
 0 0 0 0 0
 0 0 0 0 0
 14.7016 14.4086 0.0442653 -0.0280057 14.1216
 3.49754 3.39373 0.0410566 -0.0267124 3.29301
 1.49902 1.44031 0.0382268 -0.0255513 1.38391
 0.81885 0.779206 0.0357299 -0.0245106 0.741494
 0.511642 0.48226 0.0335269 -0.0235804 0.454576
 0.348423 0.325347 0.0315847 -0.0227522 0.303808
 0.251981 0.233122 0.029875 -0.0220189 0.215683
 0.190537 0.17467 0.0283738 -0.0213748 0.160132
 0.149122 0.135471 0.0270609 -0.0208151 0.123076
 0.119957 0.108002 0.0259195 -0.0203364 0.0972456
 0.0986887 0.0880669 0.0249356 -0.0199364 0.0785944
 0.0827287 0.0731769 0.0240982 -0.0196137 0.0647325
 0.0704663 0.0617868 0.0233986 -0.0193685 0.0541814
 0.0608554 0.0528982 0.0228309 -0.0192022 0.0459862
 0.0531964 0.0458434 0.0223918 -0.0191177 0.0395111
 0.0470063 0.0401631 0.0220803 -0.01912 0.0343202
 0.0419457 0.0355351 0.0219006 -0.0192176 0.0301081
 0.0377842 0.0317394 0.0218748 -0.0194367 0.0266653
 0.0343366 0.0286009 0.0220139 -0.0197919 0.0238269
 0.0314669 0.0259914 0.022338 -0.0203065 0.0214719
 0.0290722 0.0238133 0.0228718 -0.0210078 0.0195088
 0.0270779 0.0219954 0.0236534 -0.0219362 0.0178699
 0 0 0 0 0
 0 0 0 0 0
 0 0 0 0 0
 0 0 0 0 0
 0 0 0 0 0
 0 0 0 0 0
 0 0 0 0 0
 0 0 0 0 0
 0 0 0 0 0
 0 0 0 0 0
 0 0 0 0 0
 0 0 0 0 0
 0 0 0 0 0
 0 0 0 0 0
 0 0 0 0 0
 0 0 0 0 0
 0 0 0 0 0
 0 0 0 0 0
 0 0 0 0 0
 0 0 0 0 0
 0 0 0 0 0
 0 0 0 0 0
 0 0 0 0 0
 0 0 0 0 0
 0 0 0 0 0
 0 0 0 0 0
 0 0 0 0 0
 0 0 0 0 0
 0 0 0 0 0
 0 0 0 0 0
 0 0 0 0 0
 0 0 0 0 0
 0 0 0 0 0
 0 0 0 0 0
 0 0 0 0 0
 0 0 0 0 0
 0 0 0 0 0
 0 0 0 0 0
 0 0 0 0 0
 0 0 0 0 0
 0 0 0 0 0
 0 0 0 0 0
 0 0 0 0 0
 0 0 0 0 0
 0 0 0 0 0
 0 0 0 0 0
 0 0 0 0 0
 0 0 0 0 0
 0 0 0 0 0
 0 0 0 0 0
 0 0 0 0 0
 0 0 0 0 0
 0 0 0 0 0
 0 0 0 0 0
 0 0 0 0 0
 0 0 0 0 0
 0 0 0 0 0
 0 0 0 0 0
 0 0 0 0 0
 0 0 0 0 0
 0 0 0 0 0
 0 0 0 0 0
 0 0 0 0 0
 0 0 0 0 0
 0 0 0 0 0
 0 0 0 0 0
 0 0 0 0 0
 0 0 0 0 0
 0 0 0 0 0
 0 0 0 0 0
 0 0 0 0 0
 0 0 0 0 0
 0 0 0 0 0
 0 0 0 0 0
 0 0 0 0 0
 0 0 0 0 0
 0 0 0 0 0
 0 0 0 0 0
 0 0 0 0 0
 0 0 0 0 0
 0 0 0 0 0
 0 0 0 0 0
 0 0 0 0 0
 0 0 0 0 0
 0 0 0 0 0
 0 0 0 0 0
 0 0 0 0 0
 0 0 0 0 0
 0 0 0 0 0
 0 0 0 0 0
 0 0 0 0 0
 0 0 0 0 0
 0 0 0 0 0
 0 0 0 0 0
 0 0 0 0 0
 0 0 0 0 0
 0 0 0 0 0
 0 0 0 0 0
 0 0 0 0 0
 0 0 0 0 0
 14.8133 14.5241 0.0436566 -0.0273175 14.2406
 3.48532 3.3836 0.0404184 -0.0260222 3.28486
 1.48767 1.43027 0.0375656 -0.0248597 1.37511
 0.810756 0.772056 0.0350508 -0.0238178 0.735213
 0.50578 0.477121 0.0328336 -0.0228863 0.450096
 0.344014 0.321521 0.0308799 -0.0220562 0.300507
 0.248546 0.230174 0.0291602 -0.0213202 0.213168
 0.187778 0.172328 0.0276498 -0.0206724 0.158157
 0.146849 0.133563 0.026328 -0.0201076 0.121485
 0.118043 0.106413 0.0251771 -0.0196221 0.0959356
 0.0970462 0.0867175 0.0241827 -0.0192132 0.0774944
 0.0812956 0.0720119 0.0233331 -0.0188794 0.0637931
 0.0691975 0.0607659 0.0226191 -0.0186203 0.0533667
 0.0597171 0.0519915 0.0220342 -0.0184369 0.0452698
 0.0521631 0.0450281 0.0215743 -0.0183314 0.0388732
 0.0460579 0.0394217 0.0212376 -0.0183081 0.0337454
 0.0410658 0.0348532 0.0210266 -0.0183739 0.0295841
 0.0369534 0.0311006 0.0209559 -0.0185477 0.0261782
 0.0335419 0.0279945 0.0210376 -0.0188451 0.0233678
 0.030704 0.0254135 0.0212963 -0.0192936 0.0210377
 0.0283248 0.0232507 0.0217398 -0.0199045 0.0190886
 0 0 0 0 0
 0 0 0 0 0
 0 0 0 0 0
 0 0 0 0 0
 0 0 0 0 0
 0 0 0 0 0
 0 0 0 0 0
 0 0 0 0 0
 0 0 0 0 0
 0 0 0 0 0
 0 0 0 0 0
 0 0 0 0 0
 0 0 0 0 0
 0 0 0 0 0
 0 0 0 0 0
 0 0 0 0 0
 0 0 0 0 0
 0 0 0 0 0
 0 0 0 0 0
 0 0 0 0 0
 0 0 0 0 0
 0 0 0 0 0
 0 0 0 0 0
 0 0 0 0 0
 0 0 0 0 0
 0 0 0 0 0
 0 0 0 0 0
 0 0 0 0 0
 0 0 0 0 0
 0 0 0 0 0
 0 0 0 0 0
 0 0 0 0 0
 0 0 0 0 0
 0 0 0 0 0
 0 0 0 0 0
 0 0 0 0 0
 0 0 0 0 0
 0 0 0 0 0
 0 0 0 0 0
 0 0 0 0 0
 0 0 0 0 0
 0 0 0 0 0
 0 0 0 0 0
 0 0 0 0 0
 0 0 0 0 0
 0 0 0 0 0
 0 0 0 0 0
 0 0 0 0 0
 0 0 0 0 0
 0 0 0 0 0
 0 0 0 0 0
 0 0 0 0 0
 0 0 0 0 0
 0 0 0 0 0
 0 0 0 0 0
 0 0 0 0 0
 0 0 0 0 0
 0 0 0 0 0
 0 0 0 0 0
 0 0 0 0 0
 0 0 0 0 0
 0 0 0 0 0
 0 0 0 0 0
 0 0 0 0 0
 0 0 0 0 0
 0 0 0 0 0
 0 0 0 0 0
 0 0 0 0 0
 0 0 0 0 0
 0 0 0 0 0
 0 0 0 0 0
 0 0 0 0 0
 0 0 0 0 0
 0 0 0 0 0
 0 0 0 0 0
 0 0 0 0 0
 0 0 0 0 0
 0 0 0 0 0
 0 0 0 0 0
 0 0 0 0 0
 0 0 0 0 0
 0 0 0 0 0
 0 0 0 0 0
 0 0 0 0 0
 0 0 0 0 0
 0 0 0 0 0
 0 0 0 0 0
 0 0 0 0 0
 0 0 0 0 0
 0 0 0 0 0
 0 0 0 0 0
 0 0 0 0 0
 0 0 0 0 0
 0 0 0 0 0
 0 0 0 0 0
 0 0 0 0 0
 0 0 0 0 0
 0 0 0 0 0
 0 0 0 0 0
 0 0 0 0 0
 0 0 0 0 0
 14.9272 14.6416 0.0430742 -0.0266556 14.3614
 3.47366 3.37396 0.039807 -0.0253591 3.27713
 1.47669 1.42057 0.0369319 -0.0241959 1.36659
 0.802931 0.765137 0.0344001 -0.0231536 0.729131
 0.500114 0.472149 0.0321696 -0.0222215 0.445757
 0.339756 0.317822 0.0302051 -0.0213904 0.297312
 0.245231 0.227325 0.0284764 -0.0206527 0.210734
 0.185118 0.170067 0.026958 -0.020002 0.156247
 0.144659 0.131722 0.0256283 -0.0194332 0.119949
 0.1162 0.104881 0.0244692 -0.0189421 0.0946706
 0.0954656 0.0854175 0.0234658 -0.0185258 0.0764325
 0.0799175 0.07089 0.0226056 -0.0181824 0.0628875
 0.0679781 0.0597835 0.0218792 -0.0179112 0.0525813
 0.0586244 0.0511196 0.0212791 -0.0177128 0.0445796
 0.051172 0.0442447 0.0208008 -0.0175887 0.0382591
 0.0451492 0.0387099 0.0204418 -0.0175425 0.0331926
 0.0402234 0.0341992 0.0202029 -0.0175799 0.0290806
 0.0361585 0.0304883 0.0200916 -0.0177126 0.0257104
 0.0327862 0.0274167 0.0201255 -0.0179617 0.0229296
 0.0299784 0.0248629 0.0203246 -0.0183501 0.0206232
 0 0 0 0 0
 0 0 0 0 0
 0 0 0 0 0
 0 0 0 0 0
 0 0 0 0 0
 0 0 0 0 0
 0 0 0 0 0
 0 0 0 0 0
 0 0 0 0 0
 0 0 0 0 0
 0 0 0 0 0
 0 0 0 0 0
 0 0 0 0 0
 0 0 0 0 0
 0 0 0 0 0
 0 0 0 0 0
 0 0 0 0 0
 0 0 0 0 0
 0 0 0 0 0
 0 0 0 0 0
 0 0 0 0 0
 0 0 0 0 0
 0 0 0 0 0
 0 0 0 0 0
 0 0 0 0 0
 0 0 0 0 0
 0 0 0 0 0
 0 0 0 0 0
 0 0 0 0 0
 0 0 0 0 0
 0 0 0 0 0
 0 0 0 0 0
 0 0 0 0 0
 0 0 0 0 0
 0 0 0 0 0
 0 0 0 0 0
 0 0 0 0 0
 0 0 0 0 0
 0 0 0 0 0
 0 0 0 0 0
 0 0 0 0 0
 0 0 0 0 0
 0 0 0 0 0
 0 0 0 0 0
 0 0 0 0 0
 0 0 0 0 0
 0 0 0 0 0
 0 0 0 0 0
 0 0 0 0 0
 0 0 0 0 0
 0 0 0 0 0
 0 0 0 0 0
 0 0 0 0 0
 0 0 0 0 0
 0 0 0 0 0
 0 0 0 0 0
 0 0 0 0 0
 0 0 0 0 0
 0 0 0 0 0
 0 0 0 0 0
 0 0 0 0 0
 0 0 0 0 0
 0 0 0 0 0
 0 0 0 0 0
 0 0 0 0 0
 0 0 0 0 0
 0 0 0 0 0
 0 0 0 0 0
 0 0 0 0 0
 0 0 0 0 0
 0 0 0 0 0
 0 0 0 0 0
 0 0 0 0 0
 0 0 0 0 0
 0 0 0 0 0
 0 0 0 0 0
 0 0 0 0 0
 0 0 0 0 0
 0 0 0 0 0
 0 0 0 0 0
 0 0 0 0 0
 0 0 0 0 0
 0 0 0 0 0
 0 0 0 0 0
 0 0 0 0 0
 0 0 0 0 0
 0 0 0 0 0
 0 0 0 0 0
 0 0 0 0 0
 0 0 0 0 0
 0 0 0 0 0
 0 0 0 0 0
 0 0 0 0 0
 0 0 0 0 0
 0 0 0 0 0
 0 0 0 0 0
 0 0 0 0 0
 0 0 0 0 0
 0 0 0 0 0
 0 0 0 0 0
 0 0 0 0 0
 0 0 0 0 0
 15.0432 14.761 0.0425166 -0.0260185 14.4841
 3.46253 3.36477 0.0392209 -0.0247215 3.26979
 1.46608 1.41117 0.0363243 -0.0235584 1.35834
 0.795356 0.758431 0.0337761 -0.0225164 0.723231
 0.494636 0.467337 0.031533 -0.0215844 0.441553
 0.335642 0.314243 0.0295586 -0.0207531 0.294217
 0.24203 0.224571 0.0278219 -0.0200144 0.208379
 0.182552 0.167884 0.0262964 -0.0193618 0.154401
 0.142547 0.129944 0.02496 -0.0187899 0.118462
 0.114424 0.103403 0.0237939 -0.0182944 0.0934481
 0.0939431 0.0841637 0.0227826 -0.0178719 0.0754075
 0.0785912 0.0698088 0.0219134 -0.0175204 0.0620126
 0.0668056 0.0588374 0.021176 -0.0172387 0.0518237
 0.0575745 0.0502804 0.0205627 -0.0170269 0.0439143
 0.0502205 0.0434913 0.0200682 -0.0168864 0.0376675
 0.0442775 0.038026 0.0196894 -0.0168199 0.0326606
 0.0394163 0.0335714 0.0194257 -0.016832 0.0285965
 0.0354009 0.0299037 0.0192812 -0.0169309 0.0252632
 0.0320696 0.0268682 0.0192751 -0.0171393 0.0225133
 0 0 0 0 0
 0 0 0 0 0
 0 0 0 0 0
 0 0 0 0 0
 0 0 0 0 0
 0 0 0 0 0
 0 0 0 0 0
 0 0 0 0 0
 0 0 0 0 0
 0 0 0 0 0
 0 0 0 0 0
 0 0 0 0 0
 0 0 0 0 0
 0 0 0 0 0
 0 0 0 0 0
 0 0 0 0 0
 0 0 0 0 0
 0 0 0 0 0
 0 0 0 0 0
 0 0 0 0 0
 0 0 0 0 0
 0 0 0 0 0
 0 0 0 0 0
 0 0 0 0 0
 0 0 0 0 0
 0 0 0 0 0
 0 0 0 0 0
 0 0 0 0 0
 0 0 0 0 0
 0 0 0 0 0
 0 0 0 0 0
 0 0 0 0 0
 0 0 0 0 0
 0 0 0 0 0
 0 0 0 0 0
 0 0 0 0 0
 0 0 0 0 0
 0 0 0 0 0
 0 0 0 0 0
 0 0 0 0 0
 0 0 0 0 0
 0 0 0 0 0
 0 0 0 0 0
 0 0 0 0 0
 0 0 0 0 0
 0 0 0 0 0
 0 0 0 0 0
 0 0 0 0 0
 0 0 0 0 0
 0 0 0 0 0
 0 0 0 0 0
 0 0 0 0 0
 0 0 0 0 0
 0 0 0 0 0
 0 0 0 0 0
 0 0 0 0 0
 0 0 0 0 0
 0 0 0 0 0
 0 0 0 0 0
 0 0 0 0 0
 0 0 0 0 0
 0 0 0 0 0
 0 0 0 0 0
 0 0 0 0 0
 0 0 0 0 0
 0 0 0 0 0
 0 0 0 0 0
 0 0 0 0 0
 0 0 0 0 0
 0 0 0 0 0
 0 0 0 0 0
 0 0 0 0 0
 0 0 0 0 0
 0 0 0 0 0
 0 0 0 0 0
 0 0 0 0 0
 0 0 0 0 0
 0 0 0 0 0
 0 0 0 0 0
 0 0 0 0 0
 0 0 0 0 0
 0 0 0 0 0
 0 0 0 0 0
 0 0 0 0 0
 0 0 0 0 0
 0 0 0 0 0
 0 0 0 0 0
 0 0 0 0 0
 0 0 0 0 0
 0 0 0 0 0
 0 0 0 0 0
 0 0 0 0 0
 0 0 0 0 0
 0 0 0 0 0
 0 0 0 0 0
 0 0 0 0 0
 0 0 0 0 0
 0 0 0 0 0
 0 0 0 0 0
 0 0 0 0 0
 0 0 0 0 0
 0 0 0 0 0
 0 0 0 0 0
 15.1612 14.8824 0.0419825 -0.0254051 14.6086
 3.4519 3.35602 0.0386588 -0.0241081 3.26281
 1.4558 1.40208 0.0357412 -0.0229457 1.35034
 0.788025 0.751938 0.0331773 -0.0219046 0.717506
 0.489335 0.462675 0.0309224 -0.0209734 0.437477
 0.331664 0.31078 0.0289389 -0.0201425 0.291219
 0.238938 0.221908 0.0271949 -0.0194036 0.206098
 0.180074 0.165772 0.0256632 -0.01875 0.152613
 0.140509 0.128227 0.024321 -0.0181759 0.117025
 0.112712 0.101975 0.0231489 -0.0176769 0.0922663
 0.0924769 0.0829544 0.022131 -0.0172494 0.0744169
 0.0773144 0.0687663 0.021254 -0.0168909 0.0611678
 0.0656775 0.0579255 0.0205072 -0.0166001 0.0510924
 0.0565649 0.0494721 0.0198824 -0.0163767 0.0432724
 0.0493063 0.0427663 0.0193736 -0.0162216 0.0370971
 0.0434407 0.0373683 0.0189772 -0.0161371 0.0321479
 0.0386426 0.0329686 0.0186921 -0.016127 0.0281308
 0.0346784 0.0293454 0.0185204 -0.0161981 0.0248355
 0 0 0 0 0
 0 0 0 0 0
 0 0 0 0 0
 0 0 0 0 0
 0 0 0 0 0
 0 0 0 0 0
 0 0 0 0 0
 0 0 0 0 0
 0 0 0 0 0
 0 0 0 0 0
 0 0 0 0 0
 0 0 0 0 0
 0 0 0 0 0
 0 0 0 0 0
 0 0 0 0 0
 0 0 0 0 0
 0 0 0 0 0
 0 0 0 0 0
 0 0 0 0 0
 0 0 0 0 0
 0 0 0 0 0
 0 0 0 0 0
 0 0 0 0 0
 0 0 0 0 0
 0 0 0 0 0
 0 0 0 0 0
 0 0 0 0 0
 0 0 0 0 0
 0 0 0 0 0
 0 0 0 0 0
 0 0 0 0 0
 0 0 0 0 0
 0 0 0 0 0
 0 0 0 0 0
 0 0 0 0 0
 0 0 0 0 0
 0 0 0 0 0
 0 0 0 0 0
 0 0 0 0 0
 0 0 0 0 0
 0 0 0 0 0
 0 0 0 0 0
 0 0 0 0 0
 0 0 0 0 0
 0 0 0 0 0
 0 0 0 0 0
 0 0 0 0 0
 0 0 0 0 0
 0 0 0 0 0
 0 0 0 0 0
 0 0 0 0 0
 0 0 0 0 0
 0 0 0 0 0
 0 0 0 0 0
 0 0 0 0 0
 0 0 0 0 0
 0 0 0 0 0
 0 0 0 0 0
 0 0 0 0 0
 0 0 0 0 0
 0 0 0 0 0
 0 0 0 0 0
 0 0 0 0 0
 0 0 0 0 0
 0 0 0 0 0
 0 0 0 0 0
 0 0 0 0 0
 0 0 0 0 0
 0 0 0 0 0
 0 0 0 0 0
 0 0 0 0 0
 0 0 0 0 0
 0 0 0 0 0
 0 0 0 0 0
 0 0 0 0 0
 0 0 0 0 0
 0 0 0 0 0
 0 0 0 0 0
 0 0 0 0 0
 0 0 0 0 0
 0 0 0 0 0
 0 0 0 0 0
 0 0 0 0 0
 0 0 0 0 0
 0 0 0 0 0
 0 0 0 0 0
 0 0 0 0 0
 0 0 0 0 0
 0 0 0 0 0
 0 0 0 0 0
 0 0 0 0 0
 0 0 0 0 0
 0 0 0 0 0
 0 0 0 0 0
 0 0 0 0 0
 0 0 0 0 0
 0 0 0 0 0
 0 0 0 0 0
 0 0 0 0 0
 0 0 0 0 0
 0 0 0 0 0
 0 0 0 0 0
 0 0 0 0 0
 0 0 0 0 0
 15.2812 15.0056 0.0414705 -0.0248139 14.7349
 3.44175 3.34768 0.0381194 -0.0235176 3.25619
 1.44585 1.39326 0.0351814 -0.0223565 1.34259
 0.780925 0.745638 0.0326023 -0.0213169 0.711956
 0.484202 0.458158 0.0303362 -0.0203871 0.433522
 0.327816 0.307426 0.0283443 -0.0195572 0.288311
 0.235948 0.219329 0.0265938 -0.0188189 0.203887
 0.177679 0.16373 0.0250567 -0.0181649 0.150883
 0.138542 0.126568 0.0237096 -0.0175895 0.115634
 0.11106 0.100596 0.0225326 -0.0170878 0.0911231
 0.0910625 0.0817862 0.0215091 -0.0166563 0.0734587
 0.0760844 0.0677606 0.0206254 -0.016292 0.0603513
 0.0645912 0.0570461 0.0198706 -0.0159934 0.0503859
 0.0555934 0.0486931 0.0192357 -0.0157599 0.0426528
 0.0484272 0.0420679 0.0187144 -0.015592 0.0365469
 0.0426367 0.0367352 0.0183026 -0.0154914 0.0316536
 0.0378999 0.0323889 0.0179983 -0.0154614 0.0276821
 0 0 0 0 0
 0 0 0 0 0
 0 0 0 0 0
 0 0 0 0 0
 0 0 0 0 0
 0 0 0 0 0
 0 0 0 0 0
 0 0 0 0 0
 0 0 0 0 0
 0 0 0 0 0
 0 0 0 0 0
 0 0 0 0 0
 0 0 0 0 0
 0 0 0 0 0
 0 0 0 0 0
 0 0 0 0 0
 0 0 0 0 0
 0 0 0 0 0
 0 0 0 0 0
 0 0 0 0 0
 0 0 0 0 0
 0 0 0 0 0
 0 0 0 0 0
 0 0 0 0 0
 0 0 0 0 0
 0 0 0 0 0
 0 0 0 0 0
 0 0 0 0 0
 0 0 0 0 0
 0 0 0 0 0
 0 0 0 0 0
 0 0 0 0 0
 0 0 0 0 0
 0 0 0 0 0
 0 0 0 0 0
 0 0 0 0 0
 0 0 0 0 0
 0 0 0 0 0
 0 0 0 0 0
 0 0 0 0 0
 0 0 0 0 0
 0 0 0 0 0
 0 0 0 0 0
 0 0 0 0 0
 0 0 0 0 0
 0 0 0 0 0
 0 0 0 0 0
 0 0 0 0 0
 0 0 0 0 0
 0 0 0 0 0
 0 0 0 0 0
 0 0 0 0 0
 0 0 0 0 0
 0 0 0 0 0
 0 0 0 0 0
 0 0 0 0 0
 0 0 0 0 0
 0 0 0 0 0
 0 0 0 0 0
 0 0 0 0 0
 0 0 0 0 0
 0 0 0 0 0
 0 0 0 0 0
 0 0 0 0 0
 0 0 0 0 0
 0 0 0 0 0
 0 0 0 0 0
 0 0 0 0 0
 0 0 0 0 0
 0 0 0 0 0
 0 0 0 0 0
 0 0 0 0 0
 0 0 0 0 0
 0 0 0 0 0
 0 0 0 0 0
 0 0 0 0 0
 0 0 0 0 0
 0 0 0 0 0
 0 0 0 0 0
 0 0 0 0 0
 0 0 0 0 0
 0 0 0 0 0
 0 0 0 0 0
 0 0 0 0 0
 0 0 0 0 0
 0 0 0 0 0
 0 0 0 0 0
 0 0 0 0 0
 0 0 0 0 0
 0 0 0 0 0
 0 0 0 0 0
 0 0 0 0 0
 0 0 0 0 0
 0 0 0 0 0
 0 0 0 0 0
 0 0 0 0 0
 0 0 0 0 0
 0 0 0 0 0
 0 0 0 0 0
 0 0 0 0 0
 0 0 0 0 0
 0 0 0 0 0
 0 0 0 0 0
 0 0 0 0 0
 0 0 0 0 0
 15.4033 15.1308 0.0409796 -0.0242441 14.8631
 3.43206 3.33974 0.0376013 -0.0229489 3.24991
 1.43621 1.38471 0.0346434 -0.0217896 1.33508
 0.774044 0.739531 0.0320498 -0.0207519 0.706563
 0.479231 0.453778 0.0297731 -0.0198241 0.429685
 0.32409 0.304175 0.0277735 -0.0189959 0.285491
 0.233056 0.216833 0.0260171 -0.0182586 0.201745
 0.175365 0.161754 0.0244754 -0.017605 0.149204
 0.136642 0.124963 0.0231241 -0.0170289 0.114286
 0.109464 0.0992625 0.021943 -0.0165254 0.0900163
 0.0896981 0.0806575 0.0209149 -0.0160907 0.0725319
 0.0748975 0.0667887 0.0200258 -0.0157217 0.0595616
 0.063545 0.0561972 0.019264 -0.0154165 0.0497029
 0.0546579 0.0479417 0.0186205 -0.0151742 0.0420541
 0.0475813 0.0413947 0.0180884 -0.0149949 0.0360156
 0.0418636 0.0361255 0.0176628 -0.0148802 0.0311767
 0 0 0 0 0
 0 0 0 0 0
 0 0 0 0 0
 0 0 0 0 0
 0 0 0 0 0
 0 0 0 0 0
 0 0 0 0 0
 0 0 0 0 0
 0 0 0 0 0
 0 0 0 0 0
 0 0 0 0 0
 0 0 0 0 0
 0 0 0 0 0
 0 0 0 0 0
 0 0 0 0 0
 0 0 0 0 0
 0 0 0 0 0
 0 0 0 0 0
 0 0 0 0 0
 0 0 0 0 0
 0 0 0 0 0
 0 0 0 0 0
 0 0 0 0 0
 0 0 0 0 0
 0 0 0 0 0
 0 0 0 0 0
 0 0 0 0 0
 0 0 0 0 0
 0 0 0 0 0
 0 0 0 0 0
 0 0 0 0 0
 0 0 0 0 0
 0 0 0 0 0
 0 0 0 0 0
 0 0 0 0 0
 0 0 0 0 0
 0 0 0 0 0
 0 0 0 0 0
 0 0 0 0 0
 0 0 0 0 0
 0 0 0 0 0
 0 0 0 0 0
 0 0 0 0 0
 0 0 0 0 0
 0 0 0 0 0
 0 0 0 0 0
 0 0 0 0 0
 0 0 0 0 0
 0 0 0 0 0
 0 0 0 0 0
 0 0 0 0 0
 0 0 0 0 0
 0 0 0 0 0
 0 0 0 0 0
 0 0 0 0 0
 0 0 0 0 0
 0 0 0 0 0
 0 0 0 0 0
 0 0 0 0 0
 0 0 0 0 0
 0 0 0 0 0
 0 0 0 0 0
 0 0 0 0 0
 0 0 0 0 0
 0 0 0 0 0
 0 0 0 0 0
 0 0 0 0 0
 0 0 0 0 0
 0 0 0 0 0
 0 0 0 0 0
 0 0 0 0 0
 0 0 0 0 0
 0 0 0 0 0
 0 0 0 0 0
 0 0 0 0 0
 0 0 0 0 0
 0 0 0 0 0
 0 0 0 0 0
 0 0 0 0 0
 0 0 0 0 0
 0 0 0 0 0
 0 0 0 0 0
 0 0 0 0 0
 0 0 0 0 0
 0 0 0 0 0
 0 0 0 0 0
 0 0 0 0 0
 0 0 0 0 0
 0 0 0 0 0
 0 0 0 0 0
 0 0 0 0 0
 0 0 0 0 0
 0 0 0 0 0
 0 0 0 0 0
 0 0 0 0 0
 0 0 0 0 0
 0 0 0 0 0
 0 0 0 0 0
 0 0 0 0 0
 0 0 0 0 0
 0 0 0 0 0
 0 0 0 0 0
 0 0 0 0 0
 0 0 0 0 0
 0 0 0 0 0
 0 0 0 0 0
 15.5272 15.2577 0.0405085 -0.0236944 14.9929
 3.42279 3.33217 0.0371036 -0.0224008 3.24395
 1.42687 1.37642 0.0341262 -0.0212437 1.32778
 0.767369 0.7336 0.0315185 -0.0202086 0.701331
 0.474413 0.449529 0.0292318 -0.0192832 0.425958
 0.320482 0.301024 0.0272251 -0.0184572 0.282754
 0.230257 0.214413 0.0254636 -0.0177216 0.199666
 0.173127 0.159839 0.0239178 -0.0170688 0.147578
 0.134805 0.123408 0.0225632 -0.0164927 0.11298
 0.107924 0.0979725 0.0213787 -0.0159882 0.0889438
 0.0883812 0.0795656 0.0203469 -0.0155511 0.0716344
 0.0737531 0.06585 0.0194531 -0.0151782 0.0587974
 0.062535 0.0553774 0.0186856 -0.0148674 0.0490423
 0.0537563 0.0472164 0.0180347 -0.0146176 0.0414753
 0.0467666 0.0407453 0.0174931 -0.0144284 0.0355022
 0 0 0 0 0
 0 0 0 0 0
 0 0 0 0 0
 0 0 0 0 0
 0 0 0 0 0
 0 0 0 0 0
 0 0 0 0 0
 0 0 0 0 0
 0 0 0 0 0
 0 0 0 0 0
 0 0 0 0 0
 0 0 0 0 0
 0 0 0 0 0
 0 0 0 0 0
 0 0 0 0 0
 0 0 0 0 0
 0 0 0 0 0
 0 0 0 0 0
 0 0 0 0 0
 0 0 0 0 0
 0 0 0 0 0
 0 0 0 0 0
 0 0 0 0 0
 0 0 0 0 0
 0 0 0 0 0
 0 0 0 0 0
 0 0 0 0 0
 0 0 0 0 0
 0 0 0 0 0
 0 0 0 0 0
 0 0 0 0 0
 0 0 0 0 0
 0 0 0 0 0
 0 0 0 0 0
 0 0 0 0 0
 0 0 0 0 0
 0 0 0 0 0
 0 0 0 0 0
 0 0 0 0 0
 0 0 0 0 0
 0 0 0 0 0
 0 0 0 0 0
 0 0 0 0 0
 0 0 0 0 0
 0 0 0 0 0
 0 0 0 0 0
 0 0 0 0 0
 0 0 0 0 0
 0 0 0 0 0
 0 0 0 0 0
 0 0 0 0 0
 0 0 0 0 0
 0 0 0 0 0
 0 0 0 0 0
 0 0 0 0 0
 0 0 0 0 0
 0 0 0 0 0
 0 0 0 0 0
 0 0 0 0 0
 0 0 0 0 0
 0 0 0 0 0
 0 0 0 0 0
 0 0 0 0 0
 0 0 0 0 0
 0 0 0 0 0
 0 0 0 0 0
 0 0 0 0 0
 0 0 0 0 0
 0 0 0 0 0
 0 0 0 0 0
 0 0 0 0 0
 0 0 0 0 0
 0 0 0 0 0
 0 0 0 0 0
 0 0 0 0 0
 0 0 0 0 0
 0 0 0 0 0
 0 0 0 0 0
 0 0 0 0 0
 0 0 0 0 0
 0 0 0 0 0
 0 0 0 0 0
 0 0 0 0 0
 0 0 0 0 0
 0 0 0 0 0
 0 0 0 0 0
 0 0 0 0 0
 0 0 0 0 0
 0 0 0 0 0
 0 0 0 0 0
 0 0 0 0 0
 0 0 0 0 0
 0 0 0 0 0
 0 0 0 0 0
 0 0 0 0 0
 0 0 0 0 0
 0 0 0 0 0
 0 0 0 0 0
 0 0 0 0 0
 0 0 0 0 0
 0 0 0 0 0
 0 0 0 0 0
 0 0 0 0 0
 0 0 0 0 0
 0 0 0 0 0
 0 0 0 0 0
 0 0 0 0 0
 15.6531 15.3864 0.0400564 -0.0231638 15.1244
 3.41394 3.32495 0.0366252 -0.0218723 3.23829
 1.41781 1.36839 0.0336287 -0.0207179 1.32069
 0.760894 0.727844 0.0310074 -0.0196857 0.696238
 0.469742 0.445406 0.0287113 -0.0187633 0.422338
 0.316986 0.297967 0.0266979 -0.0179398 0.280096
 0.227547 0.212068 0.0249318 -0.0172063 0.197649
 0.170961 0.157985 0.0233826 -0.0165551 0.146
 0.133029 0.121904 0.0220253 -0.0159796 0.111714
 0.106434 0.0967244 0.0208382 -0.0154746 0.0879044
 0.0871081 0.07851 0.0198034 -0.0150358 0.070765
 0.0726475 0.0649419 0.018906 -0.0146599 0.0580574
 0.0615612 0.0545851 0.0181337 -0.0143445 0.0484029
 0.0528868 0.0465158 0.0174765 -0.0140881 0.0409154
 0 0 0 0 0
 0 0 0 0 0
 0 0 0 0 0
 0 0 0 0 0
 0 0 0 0 0
 0 0 0 0 0
 0 0 0 0 0
 0 0 0 0 0
 0 0 0 0 0
 0 0 0 0 0
 0 0 0 0 0
 0 0 0 0 0
 0 0 0 0 0
 0 0 0 0 0
 0 0 0 0 0
 0 0 0 0 0
 0 0 0 0 0
 0 0 0 0 0
 0 0 0 0 0
 0 0 0 0 0
 0 0 0 0 0
 0 0 0 0 0
 0 0 0 0 0
 0 0 0 0 0
 0 0 0 0 0
 0 0 0 0 0
 0 0 0 0 0
 0 0 0 0 0
 0 0 0 0 0
 0 0 0 0 0
 0 0 0 0 0
 0 0 0 0 0
 0 0 0 0 0
 0 0 0 0 0
 0 0 0 0 0
 0 0 0 0 0
 0 0 0 0 0
 0 0 0 0 0
 0 0 0 0 0
 0 0 0 0 0
 0 0 0 0 0
 0 0 0 0 0
 0 0 0 0 0
 0 0 0 0 0
 0 0 0 0 0
 0 0 0 0 0
 0 0 0 0 0
 0 0 0 0 0
 0 0 0 0 0
 0 0 0 0 0
 0 0 0 0 0
 0 0 0 0 0
 0 0 0 0 0
 0 0 0 0 0
 0 0 0 0 0
 0 0 0 0 0
 0 0 0 0 0
 0 0 0 0 0
 0 0 0 0 0
 0 0 0 0 0
 0 0 0 0 0
 0 0 0 0 0
 0 0 0 0 0
 0 0 0 0 0
 0 0 0 0 0
 0 0 0 0 0
 0 0 0 0 0
 0 0 0 0 0
 0 0 0 0 0
 0 0 0 0 0
 0 0 0 0 0
 0 0 0 0 0
 0 0 0 0 0
 0 0 0 0 0
 0 0 0 0 0
 0 0 0 0 0
 0 0 0 0 0
 0 0 0 0 0
 0 0 0 0 0
 0 0 0 0 0
 0 0 0 0 0
 0 0 0 0 0
 0 0 0 0 0
 0 0 0 0 0
 0 0 0 0 0
 0 0 0 0 0
 0 0 0 0 0
 0 0 0 0 0
 0 0 0 0 0
 0 0 0 0 0
 0 0 0 0 0
 0 0 0 0 0
 0 0 0 0 0
 0 0 0 0 0
 0 0 0 0 0
 0 0 0 0 0
 0 0 0 0 0
 0 0 0 0 0
 0 0 0 0 0
 0 0 0 0 0
 0 0 0 0 0
 0 0 0 0 0
 0 0 0 0 0
 0 0 0 0 0
 0 0 0 0 0
 0 0 0 0 0
 0 0 0 0 0
 0 0 0 0 0
 15.7807 15.5169 0.0396222 -0.0226515 15.2576
 3.40549 3.31808 0.036165 -0.0213624 3.23292
 1.40902 1.36058 0.0331499 -0.0202111 1.31381
 0.754606 0.72225 0.0305154 -0.0191822 0.691294
 0.465209 0.441401 0.0282102 -0.0182631 0.418819
 0.313596 0.295001 0.0261907 -0.0174427 0.277514
 0.224921 0.209794 0.0244205 -0.0167118 0.195689
 0.168863 0.156187 0.0228686 -0.0160624 0.144469
 0.131309 0.120446 0.0215091 -0.0154881 0.110486
 0.104993 0.095515 0.0203201 -0.0149833 0.0868969
 0.0858781 0.0774881 0.0192831 -0.0145436 0.0699219
 0.0715794 0.0640637 0.0183827 -0.0141653 0.0573403
 0.0606206 0.053819 0.0176066 -0.0138461 0.0477837
 0 0 0 0 0
 0 0 0 0 0
 0 0 0 0 0
 0 0 0 0 0
 0 0 0 0 0
 0 0 0 0 0
 0 0 0 0 0
 0 0 0 0 0
 0 0 0 0 0
 0 0 0 0 0
 0 0 0 0 0
 0 0 0 0 0
 0 0 0 0 0
 0 0 0 0 0
 0 0 0 0 0
 0 0 0 0 0
 0 0 0 0 0
 0 0 0 0 0
 0 0 0 0 0
 0 0 0 0 0
 0 0 0 0 0
 0 0 0 0 0
 0 0 0 0 0
 0 0 0 0 0
 0 0 0 0 0
 0 0 0 0 0
 0 0 0 0 0
 0 0 0 0 0
 0 0 0 0 0
 0 0 0 0 0
 0 0 0 0 0
 0 0 0 0 0
 0 0 0 0 0
 0 0 0 0 0
 0 0 0 0 0
 0 0 0 0 0
 0 0 0 0 0
 0 0 0 0 0
 0 0 0 0 0
 0 0 0 0 0
 0 0 0 0 0
 0 0 0 0 0
 0 0 0 0 0
 0 0 0 0 0
 0 0 0 0 0
 0 0 0 0 0
 0 0 0 0 0
 0 0 0 0 0
 0 0 0 0 0
 0 0 0 0 0
 0 0 0 0 0
 0 0 0 0 0
 0 0 0 0 0
 0 0 0 0 0
 0 0 0 0 0
 0 0 0 0 0
 0 0 0 0 0
 0 0 0 0 0
 0 0 0 0 0
 0 0 0 0 0
 0 0 0 0 0
 0 0 0 0 0
 0 0 0 0 0
 0 0 0 0 0
 0 0 0 0 0
 0 0 0 0 0
 0 0 0 0 0
 0 0 0 0 0
 0 0 0 0 0
 0 0 0 0 0
 0 0 0 0 0
 0 0 0 0 0
 0 0 0 0 0
 0 0 0 0 0
 0 0 0 0 0
 0 0 0 0 0
 0 0 0 0 0
 0 0 0 0 0
 0 0 0 0 0
 0 0 0 0 0
 0 0 0 0 0
 0 0 0 0 0
 0 0 0 0 0
 0 0 0 0 0
 0 0 0 0 0
 0 0 0 0 0
 0 0 0 0 0
 0 0 0 0 0
 0 0 0 0 0
 0 0 0 0 0
 0 0 0 0 0
 0 0 0 0 0
 0 0 0 0 0
 0 0 0 0 0
 0 0 0 0 0
 0 0 0 0 0
 0 0 0 0 0
 0 0 0 0 0
 0 0 0 0 0
 0 0 0 0 0
 0 0 0 0 0
 0 0 0 0 0
 0 0 0 0 0
 0 0 0 0 0
 0 0 0 0 0
 0 0 0 0 0
 0 0 0 0 0
 0 0 0 0 0
 0 0 0 0 0
 15.9103 15.6492 0.0392052 -0.0221565 15.3924
 3.39741 3.31153 0.0357222 -0.0208702 3.22782
 1.4005 1.353 0.0326887 -0.0197223 1.30712
 0.748506 0.716819 0.0300416 -0.0186971 0.686481
 0.460811 0.437511 0.0277277 -0.0177817 0.415397
 0.310309 0.292121 0.0257026 -0.0169648 0.275005
 0.222375 0.207586 0.0239288 -0.0162368 0.193787
 0.166831 0.154444 0.0223746 -0.0155899 0.142982
 0.129644 0.119032 0.0210135 -0.0150172 0.109293
 0.103599 0.0943437 0.0198231 -0.0145131 0.0859194
 0.0846881 0.0764981 0.0187845 -0.0140729 0.0691044
 0.0705469 0.0632131 0.0178821 -0.0136931 0.0566451
 0 0 0 0 0
 0 0 0 0 0
 0 0 0 0 0
 0 0 0 0 0
 0 0 0 0 0
 0 0 0 0 0
 0 0 0 0 0
 0 0 0 0 0
 0 0 0 0 0
 0 0 0 0 0
 0 0 0 0 0
 0 0 0 0 0
 0 0 0 0 0
 0 0 0 0 0
 0 0 0 0 0
 0 0 0 0 0
 0 0 0 0 0
 0 0 0 0 0
 0 0 0 0 0
 0 0 0 0 0
 0 0 0 0 0
 0 0 0 0 0
 0 0 0 0 0
 0 0 0 0 0
 0 0 0 0 0
 0 0 0 0 0
 0 0 0 0 0
 0 0 0 0 0
 0 0 0 0 0
 0 0 0 0 0
 0 0 0 0 0
 0 0 0 0 0
 0 0 0 0 0
 0 0 0 0 0
 0 0 0 0 0
 0 0 0 0 0
 0 0 0 0 0
 0 0 0 0 0
 0 0 0 0 0
 0 0 0 0 0
 0 0 0 0 0
 0 0 0 0 0
 0 0 0 0 0
 0 0 0 0 0
 0 0 0 0 0
 0 0 0 0 0
 0 0 0 0 0
 0 0 0 0 0
 0 0 0 0 0
 0 0 0 0 0
 0 0 0 0 0
 0 0 0 0 0
 0 0 0 0 0
 0 0 0 0 0
 0 0 0 0 0
 0 0 0 0 0
 0 0 0 0 0
 0 0 0 0 0
 0 0 0 0 0
 0 0 0 0 0
 0 0 0 0 0
 0 0 0 0 0
 0 0 0 0 0
 0 0 0 0 0
 0 0 0 0 0
 0 0 0 0 0
 0 0 0 0 0
 0 0 0 0 0
 0 0 0 0 0
 0 0 0 0 0
 0 0 0 0 0
 0 0 0 0 0
 0 0 0 0 0
 0 0 0 0 0
 0 0 0 0 0
 0 0 0 0 0
 0 0 0 0 0
 0 0 0 0 0
 0 0 0 0 0
 0 0 0 0 0
 0 0 0 0 0
 0 0 0 0 0
 0 0 0 0 0
 0 0 0 0 0
 0 0 0 0 0
 0 0 0 0 0
 0 0 0 0 0
 0 0 0 0 0
 0 0 0 0 0
 0 0 0 0 0
 0 0 0 0 0
 0 0 0 0 0
 0 0 0 0 0
 0 0 0 0 0
 0 0 0 0 0
 0 0 0 0 0
 0 0 0 0 0
 0 0 0 0 0
 0 0 0 0 0
 0 0 0 0 0
 0 0 0 0 0
 0 0 0 0 0
 0 0 0 0 0
 0 0 0 0 0
 0 0 0 0 0
 0 0 0 0 0
 0 0 0 0 0
 0 0 0 0 0
 0 0 0 0 0
 0 0 0 0 0
 16.0416 15.7831 0.0388043 -0.021678 15.5289
 3.38968 3.30528 0.0352958 -0.0203949 3.22299
 1.39222 1.34564 0.0322444 -0.0192507 1.30062
 0.742575 0.711537 0.0295849 -0.0182296 0.6818
 0.456539 0.433731 0.0272629 -0.0173182 0.412069
 0.307118 0.289323 0.0252325 -0.016505 0.272565
 0.219906 0.205443 0.0234555 -0.0157804 0.191937
 0.164861 0.152752 0.0218995 -0.0151363 0.141537
 0.128031 0.117661 0.0205374 -0.0145656 0.108135
 0.102249 0.0932075 0.0193461 -0.0140626 0.08497
 0.0835362 0.0755394 0.0183065 -0.0136226 0.0683112
 0 0 0 0 0
 0 0 0 0 0
 0 0 0 0 0
 0 0 0 0 0
 0 0 0 0 0
 0 0 0 0 0
 0 0 0 0 0
 0 0 0 0 0
 0 0 0 0 0
 0 0 0 0 0
 0 0 0 0 0
 0 0 0 0 0
 0 0 0 0 0
 0 0 0 0 0
 0 0 0 0 0
 0 0 0 0 0
 0 0 0 0 0
 0 0 0 0 0
 0 0 0 0 0
 0 0 0 0 0
 0 0 0 0 0
 0 0 0 0 0
 0 0 0 0 0
 0 0 0 0 0
 0 0 0 0 0
 0 0 0 0 0
 0 0 0 0 0
 0 0 0 0 0
 0 0 0 0 0
 0 0 0 0 0
 0 0 0 0 0
 0 0 0 0 0
 0 0 0 0 0
 0 0 0 0 0
 0 0 0 0 0
 0 0 0 0 0
 0 0 0 0 0
 0 0 0 0 0
 0 0 0 0 0
 0 0 0 0 0
 0 0 0 0 0
 0 0 0 0 0
 0 0 0 0 0
 0 0 0 0 0
 0 0 0 0 0
 0 0 0 0 0
 0 0 0 0 0
 0 0 0 0 0
 0 0 0 0 0
 0 0 0 0 0
 0 0 0 0 0
 0 0 0 0 0
 0 0 0 0 0
 0 0 0 0 0
 0 0 0 0 0
 0 0 0 0 0
 0 0 0 0 0
 0 0 0 0 0
 0 0 0 0 0
 0 0 0 0 0
 0 0 0 0 0
 0 0 0 0 0
 0 0 0 0 0
 0 0 0 0 0
 0 0 0 0 0
 0 0 0 0 0
 0 0 0 0 0
 0 0 0 0 0
 0 0 0 0 0
 0 0 0 0 0
 0 0 0 0 0
 0 0 0 0 0
 0 0 0 0 0
 0 0 0 0 0
 0 0 0 0 0
 0 0 0 0 0
 0 0 0 0 0
 0 0 0 0 0
 0 0 0 0 0
 0 0 0 0 0
 0 0 0 0 0
 0 0 0 0 0
 0 0 0 0 0
 0 0 0 0 0
 0 0 0 0 0
 0 0 0 0 0
 0 0 0 0 0
 0 0 0 0 0
 0 0 0 0 0
 0 0 0 0 0
 0 0 0 0 0
 0 0 0 0 0
 0 0 0 0 0
 0 0 0 0 0
 0 0 0 0 0
 0 0 0 0 0
 0 0 0 0 0
 0 0 0 0 0
 0 0 0 0 0
 0 0 0 0 0
 0 0 0 0 0
 0 0 0 0 0
 0 0 0 0 0
 0 0 0 0 0
 0 0 0 0 0
 0 0 0 0 0
 0 0 0 0 0
 0 0 0 0 0
 0 0 0 0 0
 0 0 0 0 0
 0 0 0 0 0
 16.1746 15.9187 0.0384189 -0.0212152 15.6669
 3.38229 3.29933 0.0348852 -0.0199356 3.21841
 1.38418 1.33848 0.0318161 -0.0187955 1.29431
 0.736813 0.706394 0.0291446 -0.0177787 0.677237
 0.452389 0.430055 0.0268146 -0.0168716 0.408829
 0.30402 0.286604 0.0247795 -0.0160626 0.270191
 0.21751 0.203362 0.0229997 -0.0153417 0.190139
 0.162951 0.151109 0.0214424 -0.0147006 0.140133
 0.126468 0.116331 0.0200796 -0.0141324 0.10701
 0.100941 0.0921063 0.018888 -0.0136309 0.0840481
 0 0 0 0 0
 0 0 0 0 0
 0 0 0 0 0
 0 0 0 0 0
 0 0 0 0 0
 0 0 0 0 0
 0 0 0 0 0
 0 0 0 0 0
 0 0 0 0 0
 0 0 0 0 0
 0 0 0 0 0
 0 0 0 0 0
 0 0 0 0 0
 0 0 0 0 0
 0 0 0 0 0
 0 0 0 0 0
 0 0 0 0 0
 0 0 0 0 0
 0 0 0 0 0
 0 0 0 0 0
 0 0 0 0 0
 0 0 0 0 0
 0 0 0 0 0
 0 0 0 0 0
 0 0 0 0 0
 0 0 0 0 0
 0 0 0 0 0
 0 0 0 0 0
 0 0 0 0 0
 0 0 0 0 0
 0 0 0 0 0
 0 0 0 0 0
 0 0 0 0 0
 0 0 0 0 0
 0 0 0 0 0
 0 0 0 0 0
 0 0 0 0 0
 0 0 0 0 0
 0 0 0 0 0
 0 0 0 0 0
 0 0 0 0 0
 0 0 0 0 0
 0 0 0 0 0
 0 0 0 0 0
 0 0 0 0 0
 0 0 0 0 0
 0 0 0 0 0
 0 0 0 0 0
 0 0 0 0 0
 0 0 0 0 0
 0 0 0 0 0
 0 0 0 0 0
 0 0 0 0 0
 0 0 0 0 0
 0 0 0 0 0
 0 0 0 0 0
 0 0 0 0 0
 0 0 0 0 0
 0 0 0 0 0
 0 0 0 0 0
 0 0 0 0 0
 0 0 0 0 0
 0 0 0 0 0
 0 0 0 0 0
 0 0 0 0 0
 0 0 0 0 0
 0 0 0 0 0
 0 0 0 0 0
 0 0 0 0 0
 0 0 0 0 0
 0 0 0 0 0
 0 0 0 0 0
 0 0 0 0 0
 0 0 0 0 0
 0 0 0 0 0
 0 0 0 0 0
 0 0 0 0 0
 0 0 0 0 0
 0 0 0 0 0
 0 0 0 0 0
 0 0 0 0 0
 0 0 0 0 0
 0 0 0 0 0
 0 0 0 0 0
 0 0 0 0 0
 0 0 0 0 0
 0 0 0 0 0
 0 0 0 0 0
 0 0 0 0 0
 0 0 0 0 0
 0 0 0 0 0
 0 0 0 0 0
 0 0 0 0 0
 0 0 0 0 0
 0 0 0 0 0
 0 0 0 0 0
 0 0 0 0 0
 0 0 0 0 0
 0 0 0 0 0
 0 0 0 0 0
 0 0 0 0 0
 0 0 0 0 0
 0 0 0 0 0
 0 0 0 0 0
 0 0 0 0 0
 0 0 0 0 0
 0 0 0 0 0
 0 0 0 0 0
 0 0 0 0 0
 0 0 0 0 0
 0 0 0 0 0
 0 0 0 0 0
 16.3094 16.056 0.0380483 -0.0207675 15.8066
 3.37523 3.29366 0.0344894 -0.0194916 3.21406
 1.37636 1.33152 0.0314029 -0.0183558 1.28815
 0.731213 0.701394 0.0287197 -0.0173437 0.6728
 0.448357 0.426479 0.0263823 -0.0164411 0.405676
 0.301011 0.283961 0.0243427 -0.0156365 0.267881
 0.215184 0.201339 0.0225606 -0.0149196 0.188389
 0.161097 0.149514 0.0210022 -0.014282 0.138767
 0.124952 0.115039 0.0196392 -0.0137165 0.105916
 0 0 0 0 0
 0 0 0 0 0
 0 0 0 0 0
 0 0 0 0 0
 0 0 0 0 0
 0 0 0 0 0
 0 0 0 0 0
 0 0 0 0 0
 0 0 0 0 0
 0 0 0 0 0
 0 0 0 0 0
 0 0 0 0 0
 0 0 0 0 0
 0 0 0 0 0
 0 0 0 0 0
 0 0 0 0 0
 0 0 0 0 0
 0 0 0 0 0
 0 0 0 0 0
 0 0 0 0 0
 0 0 0 0 0
 0 0 0 0 0
 0 0 0 0 0
 0 0 0 0 0
 0 0 0 0 0
 0 0 0 0 0
 0 0 0 0 0
 0 0 0 0 0
 0 0 0 0 0
 0 0 0 0 0
 0 0 0 0 0
 0 0 0 0 0
 0 0 0 0 0
 0 0 0 0 0
 0 0 0 0 0
 0 0 0 0 0
 0 0 0 0 0
 0 0 0 0 0
 0 0 0 0 0
 0 0 0 0 0
 0 0 0 0 0
 0 0 0 0 0
 0 0 0 0 0
 0 0 0 0 0
 0 0 0 0 0
 0 0 0 0 0
 0 0 0 0 0
 0 0 0 0 0
 0 0 0 0 0
 0 0 0 0 0
 0 0 0 0 0
 0 0 0 0 0
 0 0 0 0 0
 0 0 0 0 0
 0 0 0 0 0
 0 0 0 0 0
 0 0 0 0 0
 0 0 0 0 0
 0 0 0 0 0
 0 0 0 0 0
 0 0 0 0 0
 0 0 0 0 0
 0 0 0 0 0
 0 0 0 0 0
 0 0 0 0 0
 0 0 0 0 0
 0 0 0 0 0
 0 0 0 0 0
 0 0 0 0 0
 0 0 0 0 0
 0 0 0 0 0
 0 0 0 0 0
 0 0 0 0 0
 0 0 0 0 0
 0 0 0 0 0
 0 0 0 0 0
 0 0 0 0 0
 0 0 0 0 0
 0 0 0 0 0
 0 0 0 0 0
 0 0 0 0 0
 0 0 0 0 0
 0 0 0 0 0
 0 0 0 0 0
 0 0 0 0 0
 0 0 0 0 0
 0 0 0 0 0
 0 0 0 0 0
 0 0 0 0 0
 0 0 0 0 0
 0 0 0 0 0
 0 0 0 0 0
 0 0 0 0 0
 0 0 0 0 0
 0 0 0 0 0
 0 0 0 0 0
 0 0 0 0 0
 0 0 0 0 0
 0 0 0 0 0
 0 0 0 0 0
 0 0 0 0 0
 0 0 0 0 0
 0 0 0 0 0
 0 0 0 0 0
 0 0 0 0 0
 0 0 0 0 0
 0 0 0 0 0
 0 0 0 0 0
 0 0 0 0 0
 0 0 0 0 0
 0 0 0 0 0
 0 0 0 0 0
 0 0 0 0 0
 16.4459 16.1949 0.0376916 -0.0203341 15.9478
 3.36848 3.28826 0.0341079 -0.0190622 3.20995
 1.36876 1.32475 0.0310043 -0.017931 1.28216
 0.725762 0.696525 0.0283096 -0.0169237 0.668475
 0.444436 0.422999 0.025965 -0.0160261 0.402604
 0.298088 0.281389 0.0239213 -0.015226 0.265632
 0.212926 0.199372 0.0221371 -0.0145134 0.186687
 0.159298 0.147963 0.0205781 -0.0138795 0.137439
 0 0 0 0 0
 0 0 0 0 0
 0 0 0 0 0
 0 0 0 0 0
 0 0 0 0 0
 0 0 0 0 0
 0 0 0 0 0
 0 0 0 0 0
 0 0 0 0 0
 0 0 0 0 0
 0 0 0 0 0
 0 0 0 0 0
 0 0 0 0 0
 0 0 0 0 0
 0 0 0 0 0
 0 0 0 0 0
 0 0 0 0 0
 0 0 0 0 0
 0 0 0 0 0
 0 0 0 0 0
 0 0 0 0 0
 0 0 0 0 0
 0 0 0 0 0
 0 0 0 0 0
 0 0 0 0 0
 0 0 0 0 0
 0 0 0 0 0
 0 0 0 0 0
 0 0 0 0 0
 0 0 0 0 0
 0 0 0 0 0
 0 0 0 0 0
 0 0 0 0 0
 0 0 0 0 0
 0 0 0 0 0
 0 0 0 0 0
 0 0 0 0 0
 0 0 0 0 0
 0 0 0 0 0
 0 0 0 0 0
 0 0 0 0 0
 0 0 0 0 0
 0 0 0 0 0
 0 0 0 0 0
 0 0 0 0 0
 0 0 0 0 0
 0 0 0 0 0
 0 0 0 0 0
 0 0 0 0 0
 0 0 0 0 0
 0 0 0 0 0
 0 0 0 0 0
 0 0 0 0 0
 0 0 0 0 0
 0 0 0 0 0
 0 0 0 0 0
 0 0 0 0 0
 0 0 0 0 0
 0 0 0 0 0
 0 0 0 0 0
 0 0 0 0 0
 0 0 0 0 0
 0 0 0 0 0
 0 0 0 0 0
 0 0 0 0 0
 0 0 0 0 0
 0 0 0 0 0
 0 0 0 0 0
 0 0 0 0 0
 0 0 0 0 0
 0 0 0 0 0
 0 0 0 0 0
 0 0 0 0 0
 0 0 0 0 0
 0 0 0 0 0
 0 0 0 0 0
 0 0 0 0 0
 0 0 0 0 0
 0 0 0 0 0
 0 0 0 0 0
 0 0 0 0 0
 0 0 0 0 0
 0 0 0 0 0
 0 0 0 0 0
 0 0 0 0 0
 0 0 0 0 0
 0 0 0 0 0
 0 0 0 0 0
 0 0 0 0 0
 0 0 0 0 0
 0 0 0 0 0
 0 0 0 0 0
 0 0 0 0 0
 0 0 0 0 0
 0 0 0 0 0
 0 0 0 0 0
 0 0 0 0 0
 0 0 0 0 0
 0 0 0 0 0
 0 0 0 0 0
 0 0 0 0 0
 0 0 0 0 0
 0 0 0 0 0
 0 0 0 0 0
 0 0 0 0 0
 0 0 0 0 0
 0 0 0 0 0
 0 0 0 0 0
 0 0 0 0 0
 0 0 0 0 0
 0 0 0 0 0
 0 0 0 0 0
 0 0 0 0 0
 0 0 0 0 0
 16.5841 16.3355 0.0373482 -0.0199142 16.0906
 3.36203 3.28311 0.0337399 -0.0186467 3.20605
 1.36136 1.31816 0.0306193 -0.0175203 1.27634
 0.720456 0.691787 0.0279136 -0.0165181 0.664263
 0.440621 0.419612 0.0255621 -0.0156255 0.399611
 0.295245 0.278888 0.0235144 -0.0148304 0.263442
 0.210731 0.19746 0.0217286 -0.0141222 0.185029
 0 0 0 0 0
 0 0 0 0 0
 0 0 0 0 0
 0 0 0 0 0
 0 0 0 0 0
 0 0 0 0 0
 0 0 0 0 0
 0 0 0 0 0
 0 0 0 0 0
 0 0 0 0 0
 0 0 0 0 0
 0 0 0 0 0
 0 0 0 0 0
 0 0 0 0 0
 0 0 0 0 0
 0 0 0 0 0
 0 0 0 0 0
 0 0 0 0 0
 0 0 0 0 0
 0 0 0 0 0
 0 0 0 0 0
 0 0 0 0 0
 0 0 0 0 0
 0 0 0 0 0
 0 0 0 0 0
 0 0 0 0 0
 0 0 0 0 0
 0 0 0 0 0
 0 0 0 0 0
 0 0 0 0 0
 0 0 0 0 0
 0 0 0 0 0
 0 0 0 0 0
 0 0 0 0 0
 0 0 0 0 0
 0 0 0 0 0
 0 0 0 0 0
 0 0 0 0 0
 0 0 0 0 0
 0 0 0 0 0
 0 0 0 0 0
 0 0 0 0 0
 0 0 0 0 0
 0 0 0 0 0
 0 0 0 0 0
 0 0 0 0 0
 0 0 0 0 0
 0 0 0 0 0
 0 0 0 0 0
 0 0 0 0 0
 0 0 0 0 0
 0 0 0 0 0
 0 0 0 0 0
 0 0 0 0 0
 0 0 0 0 0
 0 0 0 0 0
 0 0 0 0 0
 0 0 0 0 0
 0 0 0 0 0
 0 0 0 0 0
 0 0 0 0 0
 0 0 0 0 0
 0 0 0 0 0
 0 0 0 0 0
 0 0 0 0 0
 0 0 0 0 0
 0 0 0 0 0
 0 0 0 0 0
 0 0 0 0 0
 0 0 0 0 0
 0 0 0 0 0
 0 0 0 0 0
 0 0 0 0 0
 0 0 0 0 0
 0 0 0 0 0
 0 0 0 0 0
 0 0 0 0 0
 0 0 0 0 0
 0 0 0 0 0
 0 0 0 0 0
 0 0 0 0 0
 0 0 0 0 0
 0 0 0 0 0
 0 0 0 0 0
 0 0 0 0 0
 0 0 0 0 0
 0 0 0 0 0
 0 0 0 0 0
 0 0 0 0 0
 0 0 0 0 0
 0 0 0 0 0
 0 0 0 0 0
 0 0 0 0 0
 0 0 0 0 0
 0 0 0 0 0
 0 0 0 0 0
 0 0 0 0 0
 0 0 0 0 0
 0 0 0 0 0
 0 0 0 0 0
 0 0 0 0 0
 0 0 0 0 0
 0 0 0 0 0
 0 0 0 0 0
 0 0 0 0 0
 0 0 0 0 0
 0 0 0 0 0
 0 0 0 0 0
 0 0 0 0 0
 0 0 0 0 0
 0 0 0 0 0
 0 0 0 0 0
 0 0 0 0 0
 0 0 0 0 0
 0 0 0 0 0
 16.7239 16.4776 0.0370177 -0.0195076 16.2349
 3.35586 3.27821 0.0333849 -0.0182445 3.20236
 1.35417 1.31174 0.0302476 -0.0171232 1.27066
 0.715294 0.687169 0.0275309 -0.0161262 0.66015
 0.436909 0.416313 0.0251728 -0.0152389 0.396693
 0.29248 0.276453 0.0231216 -0.0144488 0.261308
 0 0 0 0 0
 0 0 0 0 0
 0 0 0 0 0
 0 0 0 0 0
 0 0 0 0 0
 0 0 0 0 0
 0 0 0 0 0
 0 0 0 0 0
 0 0 0 0 0
 0 0 0 0 0
 0 0 0 0 0
 0 0 0 0 0
 0 0 0 0 0
 0 0 0 0 0
 0 0 0 0 0
 0 0 0 0 0
 0 0 0 0 0
 0 0 0 0 0
 0 0 0 0 0
 0 0 0 0 0
 0 0 0 0 0
 0 0 0 0 0
 0 0 0 0 0
 0 0 0 0 0
 0 0 0 0 0
 0 0 0 0 0
 0 0 0 0 0
 0 0 0 0 0
 0 0 0 0 0
 0 0 0 0 0
 0 0 0 0 0
 0 0 0 0 0
 0 0 0 0 0
 0 0 0 0 0
 0 0 0 0 0
 0 0 0 0 0
 0 0 0 0 0
 0 0 0 0 0
 0 0 0 0 0
 0 0 0 0 0
 0 0 0 0 0
 0 0 0 0 0
 0 0 0 0 0
 0 0 0 0 0
 0 0 0 0 0
 0 0 0 0 0
 0 0 0 0 0
 0 0 0 0 0
 0 0 0 0 0
 0 0 0 0 0
 0 0 0 0 0
 0 0 0 0 0
 0 0 0 0 0
 0 0 0 0 0
 0 0 0 0 0
 0 0 0 0 0
 0 0 0 0 0
 0 0 0 0 0
 0 0 0 0 0
 0 0 0 0 0
 0 0 0 0 0
 0 0 0 0 0
 0 0 0 0 0
 0 0 0 0 0
 0 0 0 0 0
 0 0 0 0 0
 0 0 0 0 0
 0 0 0 0 0
 0 0 0 0 0
 0 0 0 0 0
 0 0 0 0 0
 0 0 0 0 0
 0 0 0 0 0
 0 0 0 0 0
 0 0 0 0 0
 0 0 0 0 0
 0 0 0 0 0
 0 0 0 0 0
 0 0 0 0 0
 0 0 0 0 0
 0 0 0 0 0
 0 0 0 0 0
 0 0 0 0 0
 0 0 0 0 0
 0 0 0 0 0
 0 0 0 0 0
 0 0 0 0 0
 0 0 0 0 0
 0 0 0 0 0
 0 0 0 0 0
 0 0 0 0 0
 0 0 0 0 0
 0 0 0 0 0
 0 0 0 0 0
 0 0 0 0 0
 0 0 0 0 0
 0 0 0 0 0
 0 0 0 0 0
 0 0 0 0 0
 0 0 0 0 0
 0 0 0 0 0
 0 0 0 0 0
 0 0 0 0 0
 0 0 0 0 0
 0 0 0 0 0
 0 0 0 0 0
 0 0 0 0 0
 0 0 0 0 0
 0 0 0 0 0
 0 0 0 0 0
 0 0 0 0 0
 0 0 0 0 0
 0 0 0 0 0
 0 0 0 0 0
 0 0 0 0 0
 0 0 0 0 0
 16.8654 16.6213 0.0366994 -0.0191134 16.3807
 3.34997 3.27354 0.0330421 -0.0178549 3.19887
 1.34717 1.3055 0.0298882 -0.0167389 1.26512
 0.710269 0.682662 0.0271609 -0.0157474 0.656144
 0.433296 0.413099 0.0247964 -0.0148656 0.393849
 0 0 0 0 0
 0 0 0 0 0
 0 0 0 0 0
 0 0 0 0 0
 0 0 0 0 0
 0 0 0 0 0
 0 0 0 0 0
 0 0 0 0 0
 0 0 0 0 0
 0 0 0 0 0
 0 0 0 0 0
 0 0 0 0 0
 0 0 0 0 0
 0 0 0 0 0
 0 0 0 0 0
 0 0 0 0 0
 0 0 0 0 0
 0 0 0 0 0
 0 0 0 0 0
 0 0 0 0 0
 0 0 0 0 0
 0 0 0 0 0
 0 0 0 0 0
 0 0 0 0 0
 0 0 0 0 0
 0 0 0 0 0
 0 0 0 0 0
 0 0 0 0 0
 0 0 0 0 0
 0 0 0 0 0
 0 0 0 0 0
 0 0 0 0 0
 0 0 0 0 0
 0 0 0 0 0
 0 0 0 0 0
 0 0 0 0 0
 0 0 0 0 0
 0 0 0 0 0
 0 0 0 0 0
 0 0 0 0 0
 0 0 0 0 0
 0 0 0 0 0
 0 0 0 0 0
 0 0 0 0 0
 0 0 0 0 0
 0 0 0 0 0
 0 0 0 0 0
 0 0 0 0 0
 0 0 0 0 0
 0 0 0 0 0
 0 0 0 0 0
 0 0 0 0 0
 0 0 0 0 0
 0 0 0 0 0
 0 0 0 0 0
 0 0 0 0 0
 0 0 0 0 0
 0 0 0 0 0
 0 0 0 0 0
 0 0 0 0 0
 0 0 0 0 0
 0 0 0 0 0
 0 0 0 0 0
 0 0 0 0 0
 0 0 0 0 0
 0 0 0 0 0
 0 0 0 0 0
 0 0 0 0 0
 0 0 0 0 0
 0 0 0 0 0
 0 0 0 0 0
 0 0 0 0 0
 0 0 0 0 0
 0 0 0 0 0
 0 0 0 0 0
 0 0 0 0 0
 0 0 0 0 0
 0 0 0 0 0
 0 0 0 0 0
 0 0 0 0 0
 0 0 0 0 0
 0 0 0 0 0
 0 0 0 0 0
 0 0 0 0 0
 0 0 0 0 0
 0 0 0 0 0
 0 0 0 0 0
 0 0 0 0 0
 0 0 0 0 0
 0 0 0 0 0
 0 0 0 0 0
 0 0 0 0 0
 0 0 0 0 0
 0 0 0 0 0
 0 0 0 0 0
 0 0 0 0 0
 0 0 0 0 0
 0 0 0 0 0
 0 0 0 0 0
 0 0 0 0 0
 0 0 0 0 0
 0 0 0 0 0
 0 0 0 0 0
 0 0 0 0 0
 0 0 0 0 0
 0 0 0 0 0
 0 0 0 0 0
 0 0 0 0 0
 0 0 0 0 0
 0 0 0 0 0
 0 0 0 0 0
 0 0 0 0 0
 0 0 0 0 0
 0 0 0 0 0
 0 0 0 0 0
 0 0 0 0 0
 0 0 0 0 0
 17.0086 16.7666 0.0363927 -0.0187311 16.5281
 3.34433 3.26911 0.0327111 -0.0174776 3.19558
 1.34036 1.29941 0.0295409 -0.0163669 1.25973
 0.705369 0.678275 0.0268032 -0.0153811 0.652231
 0 0 0 0 0
 0 0 0 0 0
 0 0 0 0 0
 0 0 0 0 0
 0 0 0 0 0
 0 0 0 0 0
 0 0 0 0 0
 0 0 0 0 0
 0 0 0 0 0
 0 0 0 0 0
 0 0 0 0 0
 0 0 0 0 0
 0 0 0 0 0
 0 0 0 0 0
 0 0 0 0 0
 0 0 0 0 0
 0 0 0 0 0
 0 0 0 0 0
 0 0 0 0 0
 0 0 0 0 0
 0 0 0 0 0
 0 0 0 0 0
 0 0 0 0 0
 0 0 0 0 0
 0 0 0 0 0
 0 0 0 0 0
 0 0 0 0 0
 0 0 0 0 0
 0 0 0 0 0
 0 0 0 0 0
 0 0 0 0 0
 0 0 0 0 0
 0 0 0 0 0
 0 0 0 0 0
 0 0 0 0 0
 0 0 0 0 0
 0 0 0 0 0
 0 0 0 0 0
 0 0 0 0 0
 0 0 0 0 0
 0 0 0 0 0
 0 0 0 0 0
 0 0 0 0 0
 0 0 0 0 0
 0 0 0 0 0
 0 0 0 0 0
 0 0 0 0 0
 0 0 0 0 0
 0 0 0 0 0
 0 0 0 0 0
 0 0 0 0 0
 0 0 0 0 0
 0 0 0 0 0
 0 0 0 0 0
 0 0 0 0 0
 0 0 0 0 0
 0 0 0 0 0
 0 0 0 0 0
 0 0 0 0 0
 0 0 0 0 0
 0 0 0 0 0
 0 0 0 0 0
 0 0 0 0 0
 0 0 0 0 0
 0 0 0 0 0
 0 0 0 0 0
 0 0 0 0 0
 0 0 0 0 0
 0 0 0 0 0
 0 0 0 0 0
 0 0 0 0 0
 0 0 0 0 0
 0 0 0 0 0
 0 0 0 0 0
 0 0 0 0 0
 0 0 0 0 0
 0 0 0 0 0
 0 0 0 0 0
 0 0 0 0 0
 0 0 0 0 0
 0 0 0 0 0
 0 0 0 0 0
 0 0 0 0 0
 0 0 0 0 0
 0 0 0 0 0
 0 0 0 0 0
 0 0 0 0 0
 0 0 0 0 0
 0 0 0 0 0
 0 0 0 0 0
 0 0 0 0 0
 0 0 0 0 0
 0 0 0 0 0
 0 0 0 0 0
 0 0 0 0 0
 0 0 0 0 0
 0 0 0 0 0
 0 0 0 0 0
 0 0 0 0 0
 0 0 0 0 0
 0 0 0 0 0
 0 0 0 0 0
 0 0 0 0 0
 0 0 0 0 0
 0 0 0 0 0
 0 0 0 0 0
 0 0 0 0 0
 0 0 0 0 0
 0 0 0 0 0
 0 0 0 0 0
 0 0 0 0 0
 0 0 0 0 0
 0 0 0 0 0
 0 0 0 0 0
 0 0 0 0 0
 0 0 0 0 0
 0 0 0 0 0
 0 0 0 0 0
 17.1533 16.9134 0.0360971 -0.0183603 16.6769
 3.33894 3.26488 0.0323914 -0.0171118 3.19247
 1.33372 1.29348 0.029205 -0.0160068 1.25447
 0 0 0 0 0
 0 0 0 0 0
 0 0 0 0 0
 0 0 0 0 0
 0 0 0 0 0
 0 0 0 0 0
 0 0 0 0 0
 0 0 0 0 0
 0 0 0 0 0
 0 0 0 0 0
 0 0 0 0 0
 0 0 0 0 0
 0 0 0 0 0
 0 0 0 0 0
 0 0 0 0 0
 0 0 0 0 0
 0 0 0 0 0
 0 0 0 0 0
 0 0 0 0 0
 0 0 0 0 0
 0 0 0 0 0
 0 0 0 0 0
 0 0 0 0 0
 0 0 0 0 0
 0 0 0 0 0
 0 0 0 0 0
 0 0 0 0 0
 0 0 0 0 0
 0 0 0 0 0
 0 0 0 0 0
 0 0 0 0 0
 0 0 0 0 0
 0 0 0 0 0
 0 0 0 0 0
 0 0 0 0 0
 0 0 0 0 0
 0 0 0 0 0
 0 0 0 0 0
 0 0 0 0 0
 0 0 0 0 0
 0 0 0 0 0
 0 0 0 0 0
 0 0 0 0 0
 0 0 0 0 0
 0 0 0 0 0
 0 0 0 0 0
 0 0 0 0 0
 0 0 0 0 0
 0 0 0 0 0
 0 0 0 0 0
 0 0 0 0 0
 0 0 0 0 0
 0 0 0 0 0
 0 0 0 0 0
 0 0 0 0 0
 0 0 0 0 0
 0 0 0 0 0
 0 0 0 0 0
 0 0 0 0 0
 0 0 0 0 0
 0 0 0 0 0
 0 0 0 0 0
 0 0 0 0 0
 0 0 0 0 0
 0 0 0 0 0
 0 0 0 0 0
 0 0 0 0 0
 0 0 0 0 0
 0 0 0 0 0
 0 0 0 0 0
 0 0 0 0 0
 0 0 0 0 0
 0 0 0 0 0
 0 0 0 0 0
 0 0 0 0 0
 0 0 0 0 0
 0 0 0 0 0
 0 0 0 0 0
 0 0 0 0 0
 0 0 0 0 0
 0 0 0 0 0
 0 0 0 0 0
 0 0 0 0 0
 0 0 0 0 0
 0 0 0 0 0
 0 0 0 0 0
 0 0 0 0 0
 0 0 0 0 0
 0 0 0 0 0
 0 0 0 0 0
 0 0 0 0 0
 0 0 0 0 0
 0 0 0 0 0
 0 0 0 0 0
 0 0 0 0 0
 0 0 0 0 0
 0 0 0 0 0
 0 0 0 0 0
 0 0 0 0 0
 0 0 0 0 0
 0 0 0 0 0
 0 0 0 0 0
 0 0 0 0 0
 0 0 0 0 0
 0 0 0 0 0
 0 0 0 0 0
 0 0 0 0 0
 0 0 0 0 0
 0 0 0 0 0
 0 0 0 0 0
 0 0 0 0 0
 0 0 0 0 0
 0 0 0 0 0
 0 0 0 0 0
 0 0 0 0 0
 0 0 0 0 0
 0 0 0 0 0
 0 0 0 0 0
 0 0 0 0 0
 17.2996 17.0618 0.0358122 -0.0180004 16.8272
 3.33379 3.26086 0.0320824 -0.0167571 3.18953
 0 0 0 0 0
 0 0 0 0 0
 0 0 0 0 0
 0 0 0 0 0
 0 0 0 0 0
 0 0 0 0 0
 0 0 0 0 0
 0 0 0 0 0
 0 0 0 0 0
 0 0 0 0 0
 0 0 0 0 0
 0 0 0 0 0
 0 0 0 0 0
 0 0 0 0 0
 0 0 0 0 0
 0 0 0 0 0
 0 0 0 0 0
 0 0 0 0 0
 0 0 0 0 0
 0 0 0 0 0
 0 0 0 0 0
 0 0 0 0 0
 0 0 0 0 0
 0 0 0 0 0
 0 0 0 0 0
 0 0 0 0 0
 0 0 0 0 0
 0 0 0 0 0
 0 0 0 0 0
 0 0 0 0 0
 0 0 0 0 0
 0 0 0 0 0
 0 0 0 0 0
 0 0 0 0 0
 0 0 0 0 0
 0 0 0 0 0
 0 0 0 0 0
 0 0 0 0 0
 0 0 0 0 0
 0 0 0 0 0
 0 0 0 0 0
 0 0 0 0 0
 0 0 0 0 0
 0 0 0 0 0
 0 0 0 0 0
 0 0 0 0 0
 0 0 0 0 0
 0 0 0 0 0
 0 0 0 0 0
 0 0 0 0 0
 0 0 0 0 0
 0 0 0 0 0
 0 0 0 0 0
 0 0 0 0 0
 0 0 0 0 0
 0 0 0 0 0
 0 0 0 0 0
 0 0 0 0 0
 0 0 0 0 0
 0 0 0 0 0
 0 0 0 0 0
 0 0 0 0 0
 0 0 0 0 0
 0 0 0 0 0
 0 0 0 0 0
 0 0 0 0 0
 0 0 0 0 0
 0 0 0 0 0
 0 0 0 0 0
 0 0 0 0 0
 0 0 0 0 0
 0 0 0 0 0
 0 0 0 0 0
 0 0 0 0 0
 0 0 0 0 0
 0 0 0 0 0
 0 0 0 0 0
 0 0 0 0 0
 0 0 0 0 0
 0 0 0 0 0
 0 0 0 0 0
 0 0 0 0 0
 0 0 0 0 0
 0 0 0 0 0
 0 0 0 0 0
 0 0 0 0 0
 0 0 0 0 0
 0 0 0 0 0
 0 0 0 0 0
 0 0 0 0 0
 0 0 0 0 0
 0 0 0 0 0
 0 0 0 0 0
 0 0 0 0 0
 0 0 0 0 0
 0 0 0 0 0
 0 0 0 0 0
 0 0 0 0 0
 0 0 0 0 0
 0 0 0 0 0
 0 0 0 0 0
 0 0 0 0 0
 0 0 0 0 0
 0 0 0 0 0
 0 0 0 0 0
 0 0 0 0 0
 0 0 0 0 0
 0 0 0 0 0
 0 0 0 0 0
 0 0 0 0 0
 0 0 0 0 0
 0 0 0 0 0
 0 0 0 0 0
 0 0 0 0 0
 0 0 0 0 0
 0 0 0 0 0
 0 0 0 0 0
 0 0 0 0 0
 0 0 0 0 0
 0 0 0 0 0
 17.4476 17.2116 0.0355375 -0.0176511 16.9789
