Valencia2020 O16 np: per nucleon, W in GeV^-1; converted from MeV^-1
8 16 MEC_Valencia2020_np 121 121
0 0.0000 0.0100 0 0.0000 0.0100
 0 0 0 0 0
 0 0 0 0 0
 0 0 0 0 0
 0 0 0 0 0
 0 0 0 0 0
 0 0 0 0 0
 0 0 0 0 0
 0 0 0 0 0
 0 0 0 0 0
 0 0 0 0 0
 0 0 0 0 0
 0 0 0 0 0
 0 0 0 0 0
 0 0 0 0 0
 0 0 0 0 0
 0 0 0 0 0
 0 0 0 0 0
 0 0 0 0 0
 0 0 0 0 0
 0 0 0 0 0
 0 0 0 0 0
 0 0 0 0 0
 0 0 0 0 0
 0 0 0 0 0
 0 0 0 0 0
 0 0 0 0 0
 0 0 0 0 0
 0 0 0 0 0
 0 0 0 0 0
 0 0 0 0 0
 0 0 0 0 0
 0 0 0 0 0
 0 0 0 0 0
 0 0 0 0 0
 0 0 0 0 0
 0 0 0 0 0
 0 0 0 0 0
 0 0 0 0 0
 0 0 0 0 0
 0 0 0 0 0
 0 0 0 0 0
 0 0 0 0 0
 0 0 0 0 0
 0 0 0 0 0
 0 0 0 0 0
 0 0 0 0 0
 0 0 0 0 0
 0 0 0 0 0
 0 0 0 0 0
 0 0 0 0 0
 0 0 0 0 0
 0 0 0 0 0
 0 0 0 0 0
 0 0 0 0 0
 0 0 0 0 0
 0 0 0 0 0
 0 0 0 0 0
 0 0 0 0 0
 0 0 0 0 0
 0 0 0 0 0
 0 0 0 0 0
 0 0 0 0 0
 0 0 0 0 0
 0 0 0 0 0
 0 0 0 0 0
 0 0 0 0 0
 0 0 0 0 0
 0 0 0 0 0
 0 0 0 0 0
 0 0 0 0 0
 0 0 0 0 0
 0 0 0 0 0
 0 0 0 0 0
 0 0 0 0 0
 0 0 0 0 0
 0 0 0 0 0
 0 0 0 0 0
 0 0 0 0 0
 0 0 0 0 0
 0 0 0 0 0
 0 0 0 0 0
 0 0 0 0 0
 0 0 0 0 0
 0 0 0 0 0
 0 0 0 0 0
 0 0 0 0 0
 0 0 0 0 0
 0 0 0 0 0
 0 0 0 0 0
 0 0 0 0 0
 0 0 0 0 0
 0 0 0 0 0
 0 0 0 0 0
 0 0 0 0 0
 0 0 0 0 0
 0 0 0 0 0
 0 0 0 0 0
 0 0 0 0 0
 0 0 0 0 0
 0 0 0 0 0
 0 0 0 0 0
 0 0 0 0 0
 0 0 0 0 0
 0 0 0 0 0
 0 0 0 0 0
 0 0 0 0 0
 0 0 0 0 0
 0 0 0 0 0
 0 0 0 0 0
 0 0 0 0 0
 0 0 0 0 0
 0 0 0 0 0
 0 0 0 0 0
 0 0 0 0 0
 0 0 0 0 0
 0 0 0 0 0
 0 0 0 0 0
 0 0 0 0 0
 0 0 0 0 0
 0 0 0 0 0
 0 0 0 0 0
 0 0 0 0 0
 0.000194618 -4.08818e-05 -9.22306e-05 5.01554e-05 -9.55581e-05
 -3.26206e-05 -7.5895e-05 -0.000145256 4.51023e-05 -0.000225852
 -0.000214612 -9.66681e-05 -6.999e-05 -2.95806e-05 -0.000360581
 -0.000316239 -9.12131e-05 0.000159628 -0.000152993 -0.000437337
 -0.000294801 -6.35431e-05 0.000469637 -0.000379816 -0.000512469
 -0.000208028 -3.31826e-05 0.000808613 -0.000613453 -0.000574091
 -0.000140924 -2.15568e-06 0.00131474 -0.000901531 -0.000611885
 -1.66027e-05 3.44023e-05 0.00140771 -0.00110833 -0.000644037
 8.80344e-05 5.88343e-05 0.00154466 -0.0012827 -0.000643238
 0.000171186 8.07413e-05 0.00146167 -0.00131543 -0.000650138
 0.000235946 0.000107138 0.00137701 -0.00141651 -0.000648825
 0.000274261 0.000116307 0.00117528 -0.00138611 -0.000647325
 0.000306614 0.000120594 0.000880006 -0.00123316 -0.000636481
 0.000317488 0.000128131 0.000625631 -0.00109951 -0.000632831
 0.000325653 0.000128988 0.000349429 -0.000925375 -0.000622641
 0.000319473 0.000123113 7.34519e-05 -0.000701206 -0.000615958
 0.000323698 0.000115459 -0.000186648 -0.000483155 -0.000600033
 0.00030641 0.0001062 -0.000365062 -0.000287712 -0.000594372
 0.000295731 9.63106e-05 -0.000549034 -0.000125549 -0.000590022
 0.000281852 8.11106e-05 -0.000671806 2.12286e-05 -0.000581252
 0.000262843 6.95544e-05 -0.00073555 0.000145341 -0.000567726
 0.000250256 5.79111e-05 -0.000833888 0.000262448 -0.000553813
 0.000229848 4.30342e-05 -0.0008365 0.000335724 -0.000536212
 0.000215506 3.19197e-05 -0.00085995 0.00039137 -0.000518121
 0.000200979 1.89829e-05 -0.000830775 0.000409582 -0.000509047
 0.000187708 1.23464e-05 -0.000797894 0.000424496 -0.000476453
 0.000176034 4.15508e-06 -0.000757344 0.000431819 -0.00047493
 0.000165311 -5.29168e-06 -0.0007116 0.000428389 -0.000444624
 0.000155393 -1.04019e-05 -0.0006482 0.000398053 -0.000419932
 0.000145177 -1.54121e-05 -0.000587814 0.000380737 -0.000389714
 0.000134731 -1.98995e-05 -0.000530936 0.000350483 -0.000376454
 0.00012786 -2.16355e-05 -0.000481133 0.000325772 -0.000354691
 0.000118754 -2.39913e-05 -0.000427168 0.000293919 -0.000326189
 0.000111981 -2.48491e-05 -0.000376439 0.000267578 -0.000288099
 0.000104978 -2.66406e-05 -0.000329924 0.00023648 -0.000266547
 9.93944e-05 -2.73821e-05 -0.000291696 0.000215506 -0.000256879
 9.18119e-05 -2.61965e-05 -0.000250143 0.000186678 -0.000230559
 8.68656e-05 -2.62204e-05 -0.000219786 0.000165354 -0.000207403
 8.11981e-05 -2.56025e-05 -0.000189214 0.000143527 -0.00018101
 7.62163e-05 -2.39949e-05 -0.000163997 0.000126806 -0.000167888
 7.06525e-05 -2.27958e-05 -0.000142278 0.00011206 -0.000150425
 6.51969e-05 -2.13757e-05 -0.000120379 9.52812e-05 -0.000131684
 6.15957e-05 -2.02936e-05 -0.000103289 8.42794e-05 -0.000118927
 5.71137e-05 -1.88269e-05 -8.76331e-05 7.20944e-05 -9.99831e-05
 5.38332e-05 -1.76707e-05 -7.49213e-05 6.34238e-05 -8.83687e-05
 4.95761e-05 -1.61182e-05 -6.4445e-05 5.53004e-05 -7.40175e-05
 4.60332e-05 -1.48419e-05 -5.48009e-05 4.75779e-05 -6.61181e-05
 4.25588e-05 -1.35524e-05 -4.61307e-05 4.11786e-05 -5.60924e-05
 3.97261e-05 -1.25562e-05 -3.87193e-05 3.58053e-05 -4.64364e-05
 3.66877e-05 -1.11798e-05 -3.23222e-05 3.04891e-05 -3.90687e-05
 3.38719e-05 -1.00569e-05 -2.68122e-05 2.58103e-05 -2.97617e-05
 3.02783e-05 -8.67094e-06 -2.16114e-05 2.15939e-05 -2.60473e-05
 2.85922e-05 -7.83806e-06 -1.85834e-05 1.91636e-05 -2.03123e-05
 2.64862e-05 -7.07794e-06 -1.54349e-05 1.65812e-05 -1.60247e-05
 2.39163e-05 -6.09821e-06 -1.25269e-05 1.38947e-05 -1.28142e-05
 2.19014e-05 -5.32036e-06 -1.02778e-05 1.17722e-05 -9.82456e-06
 2.00081e-05 -4.73384e-06 -8.91806e-06 1.03873e-05 -7.97987e-06
 1.79077e-05 -4.01794e-06 -7.14162e-06 8.82819e-06 -6.0297e-06
 1.65893e-05 -3.55451e-06 -6.29219e-06 8.037e-06 -4.46944e-06
 1.49927e-05 -3.08984e-06 -5.24055e-06 6.80525e-06 -3.72309e-06
 1.36692e-05 -2.67897e-06 -4.66209e-06 6.1493e-06 -2.68533e-06
 1.25973e-05 -2.40079e-06 -4.06676e-06 5.45264e-06 -2.2787e-06
 1.10326e-05 -2.02401e-06 -3.28183e-06 4.5062e-06 -1.73806e-06
 1.01724e-05 -1.77858e-06 -3.03501e-06 4.17993e-06 -1.36282e-06
 9.18862e-06 -1.53719e-06 -2.59318e-06 3.66112e-06 -9.92812e-07
 8.12994e-06 -1.32636e-06 -2.23652e-06 3.19314e-06 -7.59256e-07
 7.40906e-06 -1.14918e-06 -1.97027e-06 2.84732e-06 -5.15293e-07
 6.64581e-06 -9.87819e-07 -1.74435e-06 2.50504e-06 -3.77342e-07
 5.99542e-06 -8.6845e-07 -1.57269e-06 2.23886e-06 -3.14135e-07
 5.44206e-06 -7.51906e-07 -1.37352e-06 1.99829e-06 -2.11777e-07
 4.72221e-06 -6.27588e-07 -1.16071e-06 1.66875e-06 -1.54283e-07
 4.11579e-06 -5.23723e-07 -9.92356e-07 1.43647e-06 -1.00086e-07
 3.70119e-06 -4.55404e-07 -8.90006e-07 1.26377e-06 -5.46968e-08
 3.2282e-06 -3.84365e-07 -7.56256e-07 1.073e-06 -3.37545e-08
 2.88224e-06 -3.28651e-07 -6.528e-07 9.14506e-07 -3.99987e-08
 2.51884e-06 -2.76058e-07 -5.59722e-07 7.71731e-07 -3.48593e-08
 2.19961e-06 -2.32891e-07 -4.76841e-07 6.56731e-07 -2.11636e-08
 1.91667e-06 -1.95207e-07 -4.03387e-07 5.54684e-07 -1.80684e-09
 1.64368e-06 -1.62371e-07 -3.33869e-07 4.52315e-07 -1.08909e-08
 1.41734e-06 -1.34086e-07 -2.79069e-07 3.78677e-07 -7.26619e-09
 1.24518e-06 -1.1362e-07 -2.3841e-07 3.22647e-07 -2.82521e-10
 1.06794e-06 -9.39787e-08 -2.01692e-07 2.64717e-07 2.31462e-10
 9.17844e-07 -7.77675e-08 -1.65186e-07 2.15187e-07 -6.05553e-09
 7.52e-07 -6.10658e-08 -1.30669e-07 1.68679e-07 -4.46264e-09
 6.49406e-07 -5.06362e-08 -1.08116e-07 1.40908e-07 -1.05557e-08
 5.66835e-07 -4.25658e-08 -9.13125e-08 1.16376e-07 2.71543e-09
 4.41171e-07 -3.19604e-08 -6.73438e-08 8.52612e-08 -2.81708e-09
 3.71634e-07 -2.59604e-08 -5.53213e-08 6.99575e-08 -3.63128e-10
 2.97075e-07 -1.97911e-08 -4.08843e-08 5.09112e-08 -2.00029e-09
 2.44621e-07 -1.56581e-08 -3.26114e-08 4.09959e-08 -3.17656e-11
 2.04598e-07 -1.26128e-08 -2.58693e-08 3.12664e-08 -2.07331e-09
 1.66171e-07 -9.85462e-09 -1.96789e-08 2.37719e-08 -1.48357e-09
 1.29764e-07 -7.35587e-09 -1.47032e-08 1.74936e-08 6.51869e-10
 9.117e-08 -4.98055e-09 -9.72e-09 1.14324e-08 -1.15207e-09
 8.06019e-08 -4.18477e-09 -7.95887e-09 9.17169e-09 1.76342e-10
 5.64796e-08 -2.82151e-09 -5.14241e-09 5.94922e-09 2.34243e-10
 4.27379e-08 -2.06672e-09 -3.66219e-09 4.09595e-09 -1.42694e-10
 3.13171e-08 -1.44129e-09 -2.4553e-09 2.70575e-09 -1.28039e-10
 2.23511e-08 -9.86794e-10 -1.63064e-09 1.76719e-09 2.40384e-10
 1.36683e-08 -5.78692e-10 -8.93656e-10 9.51169e-10 -5.69164e-11
 9.15413e-09 -3.72482e-10 -5.43406e-10 5.55906e-10 8.42369e-11
 5.62404e-09 -2.19159e-10 -3.00549e-10 2.92214e-10 5.95699e-11
 3.42303e-09 -1.27384e-10 -1.58473e-10 1.48213e-10 1.20359e-10
 1.56668e-09 -5.58969e-11 -6.35962e-11 5.37672e-11 3.06986e-11
 6.83994e-10 -2.34913e-11 -2.35836e-11 1.82499e-11 1.99037e-11
 1.86112e-10 -6.09219e-12 -5.37617e-12 3.54751e-12 7.31444e-12
 4.49811e-11 -1.41214e-12 -9.82044e-13 4.65804e-13 1.80591e-12
 6.08839e-12 -1.83714e-13 -9.9265e-14 1.07106e-14 1.68981e-13
 1.32705e-13 -3.8709e-15 -1.56766e-15 -4.38561e-16 1.50761e-15
 0 0 0 0 0
 0 0 0 0 0
 0 0 0 0 0
 0 0 0 0 0
 0 0 0 0 0
 0 0 0 0 0
 0 0 0 0 0
 0 0 0 0 0
 0 0 0 0 0
 0 0 0 0 0
 0 0 0 0 0
 0 0 0 0 0
 0 0 0 0 0
 0.00146464 -0.000164241 -0.000442775 0.000184624 -0.000545746
 0.0008635 -0.000268987 -0.000379352 0.000145269 -0.0007265
 0.000288419 -0.000354512 -0.000269496 2.35852e-05 -0.000910788
 -5.46515e-05 -0.000435463 4.70064e-05 -0.000159007 -0.00127204
 -0.000238414 -0.000400364 0.000401574 -0.00057686 -0.00171704
 -0.000156749 -0.00036418 0.000929419 -0.00113119 -0.00199922
 6.742e-05 -0.000292593 0.00145964 -0.00165697 -0.00232479
 0.000371514 -0.000155807 0.00155114 -0.00220872 -0.00273459
 0.000720475 -7.88444e-05 0.00165449 -0.00266244 -0.00288212
 0.00103605 7.69019e-06 0.00143074 -0.00299371 -0.00308568
 0.00132201 8.66087e-05 0.00125646 -0.00325633 -0.00329582
 0.00146476 0.000135542 0.000631781 -0.00302728 -0.00334585
 0.00163406 0.00017043 9.17144e-05 -0.00301882 -0.00344154
 0.00172642 0.000205614 -0.000681569 -0.00267333 -0.00359399
 0.00180271 0.000226264 -0.00147918 -0.0020648 -0.00361298
 0.00182495 0.000218793 -0.0022347 -0.00131779 -0.0036849
 0.00180727 0.000226138 -0.0029402 -0.000763125 -0.00366894
 0.00179259 0.000207626 -0.00370326 2.85664e-05 -0.00367463
 0.00176579 0.000191506 -0.00425849 0.000583033 -0.00360807
 0.00169388 0.000165976 -0.00463017 0.00114636 -0.00352829
 0.00165032 0.000130443 -0.0051162 0.00174754 -0.00354822
 0.00158103 9.07062e-05 -0.00520428 0.00204646 -0.00339632
 0.00151581 5.86176e-05 -0.00541396 0.00244593 -0.00329987
 0.00145018 1.50514e-05 -0.00542096 0.00270033 -0.00324879
 0.00137132 -2.07386e-05 -0.00526857 0.00286378 -0.00310397
 0.00129572 -6.157e-05 -0.00517652 0.00293627 -0.00298432
 0.0012308 -9.2895e-05 -0.00498143 0.00295041 -0.00288239
 0.00117951 -0.000127596 -0.00477744 0.00297399 -0.00273593
 0.00110239 -0.000150611 -0.00440258 0.00284303 -0.00256238
 0.00104542 -0.000161696 -0.00406599 0.00270834 -0.00240125
 0.000983031 -0.000177803 -0.00373688 0.00253831 -0.0022374
 0.000919888 -0.000191839 -0.00334949 0.00232685 -0.00212485
 0.000878931 -0.000199901 -0.00307761 0.00220334 -0.00199009
 0.000820513 -0.000204418 -0.00269142 0.00194572 -0.00175017
 0.000775225 -0.000208453 -0.00241087 0.00178593 -0.00168054
 0.000733269 -0.000209523 -0.00216744 0.00162444 -0.00155021
 0.000682856 -0.000199536 -0.00188792 0.00143871 -0.00138507
 0.000647113 -0.000199064 -0.00165514 0.00128896 -0.00125021
 0.000597216 -0.000190583 -0.00141408 0.00111849 -0.00111118
 0.000558553 -0.000179302 -0.00120921 0.000961613 -0.0009908
 0.000522919 -0.000174232 -0.00102879 0.000834013 -0.000879181
 0.000489276 -0.000162879 -0.000892944 0.000733956 -0.000801963
 0.000455698 -0.000147841 -0.000752894 0.0006371 -0.000687288
 0.000420873 -0.000138653 -0.000640531 0.000542935 -0.000614999
 0.000393263 -0.000128638 -0.000541114 0.000463359 -0.000511934
 0.000364755 -0.000115799 -0.000447035 0.00039718 -0.000441651
 0.000336607 -0.000105476 -0.000383733 0.000347625 -0.000390178
 0.000312064 -9.73675e-05 -0.000318814 0.000294013 -0.000325341
 0.000287493 -8.73569e-05 -0.000262417 0.000249294 -0.000286476
 0.00026729 -7.66169e-05 -0.000215415 0.000211459 -0.00022936
 0.000242474 -6.70019e-05 -0.000178758 0.000179986 -0.00018495
 0.000223064 -5.97569e-05 -0.000148216 0.000152842 -0.000155266
 0.000207449 -5.29867e-05 -0.000126086 0.000134642 -0.000131606
 0.000189092 -4.56008e-05 -0.000104507 0.000115716 -0.000100189
 0.000172189 -4.00914e-05 -8.47756e-05 9.6885e-05 -8.24725e-05
 0.000157156 -3.43087e-05 -7.08819e-05 8.31138e-05 -6.37013e-05
 0.00014211 -3.00754e-05 -6.03893e-05 7.37319e-05 -5.28894e-05
 0.000129778 -2.60323e-05 -5.11977e-05 6.418e-05 -3.87426e-05
 0.00011921 -2.30402e-05 -4.46812e-05 5.68212e-05 -2.95474e-05
 0.000107832 -1.98419e-05 -3.84909e-05 4.99296e-05 -2.20499e-05
 9.73556e-05 -1.70176e-05 -3.26927e-05 4.4107e-05 -1.67254e-05
 8.81069e-05 -1.47406e-05 -2.85081e-05 3.90488e-05 -1.39484e-05
 8.12612e-05 -1.30332e-05 -2.55119e-05 3.52474e-05 -9.83813e-06
 7.17694e-05 -1.10623e-05 -2.1405e-05 2.96916e-05 -8.07119e-06
 6.52975e-05 -9.76019e-06 -1.88727e-05 2.65122e-05 -6.38319e-06
 5.94704e-05 -8.39088e-06 -1.67864e-05 2.38603e-05 -4.58724e-06
 5.24234e-05 -7.05675e-06 -1.44001e-05 2.06805e-05 -3.53418e-06
 4.60991e-05 -5.91426e-06 -1.23197e-05 1.76546e-05 -1.91086e-06
 4.2231e-05 -5.27266e-06 -1.11893e-05 1.59131e-05 -1.42569e-06
 3.64588e-05 -4.35546e-06 -9.26756e-06 1.32264e-05 -1.36278e-06
 3.29842e-05 -3.75037e-06 -8.27762e-06 1.19186e-05 -9.10438e-07
 2.95146e-05 -3.20816e-06 -7.24819e-06 1.03081e-05 -5.49441e-07
 2.55873e-05 -2.65981e-06 -6.15609e-06 8.66994e-06 -3.98089e-07
 2.26601e-05 -2.2769e-06 -5.29211e-06 7.422e-06 -1.35746e-07
 2.02954e-05 -1.95097e-06 -4.56575e-06 6.42312e-06 -2.81573e-07
 1.73047e-05 -1.58252e-06 -3.86005e-06 5.30148e-06 -2.98026e-09
 1.54241e-05 -1.35497e-06 -3.33112e-06 4.57416e-06 -2.74321e-08
 1.31546e-05 -1.11705e-06 -2.76455e-06 3.74315e-06 1.91907e-07
 1.12069e-05 -9.16656e-07 -2.28523e-06 3.06761e-06 1.21084e-08
 1.01463e-05 -7.90881e-07 -2.01012e-06 2.71966e-06 1.24332e-07
 8.34906e-06 -6.22044e-07 -1.59432e-06 2.11746e-06 9.23969e-08
 7.06944e-06 -5.05036e-07 -1.30654e-06 1.73593e-06 4.07572e-09
 6.11049e-06 -4.17111e-07 -1.10179e-06 1.43112e-06 9.61413e-08
 5.18085e-06 -3.38447e-07 -8.91825e-07 1.14884e-06 9.36119e-08
 4.30223e-06 -2.68083e-07 -7.136e-07 9.209e-07 8.87569e-08
 3.51598e-06 -2.08705e-07 -5.53717e-07 7.08712e-07 6.97588e-08
 2.98003e-06 -1.68784e-07 -4.52418e-07 5.72985e-07 7.21906e-08
 2.51909e-06 -1.37069e-07 -3.63306e-07 4.60295e-07 5.88697e-08
 1.98552e-06 -1.03099e-07 -2.6994e-07 3.34159e-07 3.10151e-08
 1.60614e-06 -8.00294e-08 -2.08277e-07 2.54132e-07 3.82186e-08
 1.32608e-06 -6.30206e-08 -1.60985e-07 1.95668e-07 2.11036e-08
 1.00875e-06 -4.5669e-08 -1.15376e-07 1.37425e-07 1.24866e-08
 8.34219e-07 -3.57722e-08 -8.82206e-08 1.05337e-07 1.77892e-08
 6.18504e-07 -2.51214e-08 -6.25262e-08 7.33212e-08 1.61563e-08
 4.95274e-07 -1.93387e-08 -4.64937e-08 5.34292e-08 7.99063e-09
 3.49781e-07 -1.29701e-08 -3.03553e-08 3.42974e-08 8.74481e-09
 2.72385e-07 -9.57706e-09 -2.14751e-08 2.37009e-08 8.43312e-09
 1.88732e-07 -6.27256e-09 -1.36368e-08 1.46709e-08 4.09781e-09
 1.38404e-07 -4.3909e-09 -8.98056e-09 9.38569e-09 3.56404e-09
 8.622e-08 -2.5916e-09 -5.00201e-09 5.10769e-09 3.60786e-09
 5.82232e-08 -1.66178e-09 -3.02159e-09 2.95363e-09 1.93919e-09
 3.94054e-08 -1.06318e-09 -1.80269e-09 1.65014e-09 1.30391e-09
 2.39754e-08 -6.12318e-10 -9.37931e-10 7.93112e-10 9.8375e-10
 1.48419e-08 -3.60517e-10 -4.68724e-10 3.61371e-10 5.93098e-10
 6.01946e-09 -1.37136e-10 -1.59542e-10 9.78594e-11 2.36739e-10
 3.50457e-09 -7.63956e-11 -6.92056e-11 2.51844e-11 1.34086e-10
 1.69563e-09 -3.45313e-11 -2.30125e-11 -9.54956e-13 5.72073e-11
 6.24241e-10 -1.21456e-11 -4.23558e-12 -6.20441e-12 1.81689e-11
 1.58932e-10 -2.92693e-12 -1.28862e-13 -2.70192e-12 5.01509e-12
 1.21448e-11 -2.20554e-13 6.33763e-14 -3.02631e-13 -1.23096e-13
 5.54157e-13 -9.41812e-15 4.78416e-15 -1.6893e-14 -3.67047e-15
 0 0 0 0 0
 0 0 0 0 0
 0 0 0 0 0
 0 0 0 0 0
 0 0 0 0 0
 0 0 0 0 0
 0 0 0 0 0
 0 0 0 0 0
 0 0 0 0 0
 0 0 0 0 0
 0 0 0 0 0
 0.0048913 1.3987e-06 -0.000971181 -0.000358162 -0.00178597
 0.00385429 -0.000199356 -0.000439348 -0.000559213 -0.00182097
 0.00299627 -0.000387281 -0.000397436 -0.000813725 -0.00242078
 0.00259964 -0.000543939 0.000108897 -0.00120096 -0.00304776
 0.00212719 -0.000645981 0.000755069 -0.00176754 -0.00368663
 0.00220712 -0.000638 0.000710581 -0.00207875 -0.00461909
 0.00246327 -0.000561734 0.00104547 -0.00284867 -0.00545618
 0.00294329 -0.000499772 0.0010439 -0.00341183 -0.00599994
 0.00325834 -0.000336235 0.000883394 -0.00417151 -0.00664606
 0.00366968 -0.000265834 0.000917419 -0.00465277 -0.00724444
 0.00402737 -0.000119144 0.000534733 -0.00532309 -0.00762556
 0.00430268 -3.03166e-05 -0.00114394 -0.00462632 -0.00829925
 0.0045484 8.95206e-06 -0.00180185 -0.00461763 -0.00857688
 0.00466254 5.72088e-05 -0.0031107 -0.00394621 -0.00868062
 0.00467159 3.61318e-05 -0.00422348 -0.00319891 -0.00906556
 0.0047743 5.56833e-05 -0.00537165 -0.00238463 -0.00910669
 0.00467447 5.75881e-05 -0.00658838 -0.00125381 -0.00890075
 0.00461268 1.40681e-05 -0.00774475 -0.000182694 -0.00904594
 0.00449728 1.23619e-05 -0.00872325 0.000847662 -0.00887537
 0.00438617 -5.47934e-05 -0.00968831 0.00224576 -0.00862144
 0.00428134 -0.000113752 -0.0106313 0.00331408 -0.00849137
 0.00410444 -0.000163866 -0.0111519 0.00404883 -0.00824306
 0.00396981 -0.000238201 -0.0114028 0.00482516 -0.00802213
 0.00375538 -0.00032704 -0.0115801 0.00542718 -0.00764131
 0.00366576 -0.000355238 -0.0118313 0.00608691 -0.00741119
 0.00351459 -0.000411866 -0.0115094 0.00636137 -0.00715813
 0.00338128 -0.000490299 -0.0113837 0.00657375 -0.00682588
 0.00323089 -0.000514081 -0.0108895 0.00662206 -0.006499
 0.00308061 -0.000550447 -0.0105757 0.00664713 -0.00619253
 0.00296219 -0.000568172 -0.00993612 0.00648094 -0.00571199
 0.00278818 -0.00060925 -0.00932444 0.00632244 -0.00520016
 0.00267577 -0.000644562 -0.00869494 0.00603764 -0.00502559
 0.00254862 -0.000662844 -0.00818937 0.00577756 -0.00456789
 0.00239704 -0.000654025 -0.00733344 0.00528766 -0.00408532
 0.00225044 -0.000635356 -0.00649788 0.00482369 -0.00369964
 0.0021451 -0.000629975 -0.00592072 0.00446443 -0.00350131
 0.00204756 -0.00061164 -0.00537529 0.00414297 -0.00314655
 0.00192895 -0.000598188 -0.00469361 0.00365343 -0.00283033
 0.00182392 -0.000587372 -0.0041657 0.003336 -0.00254447
 0.00170828 -0.000543477 -0.00363231 0.00297789 -0.00227373
 0.00156671 -0.000498627 -0.00302048 0.00250629 -0.00202924
 0.00148704 -0.000475946 -0.00263793 0.00221 -0.00173978
 0.00139218 -0.000443627 -0.00229473 0.00198412 -0.00153829
 0.0012869 -0.000407917 -0.0019148 0.00166544 -0.00133886
 0.00120179 -0.000372464 -0.00158007 0.00140635 -0.00117654
 0.00110566 -0.000331289 -0.00134866 0.00122023 -0.00100002
 0.0010272 -0.000303631 -0.00110612 0.00102761 -0.000864656
 0.000960631 -0.00027806 -0.000931606 0.000897506 -0.000746881
 0.000876206 -0.000241967 -0.000763181 0.000751506 -0.000648106
 0.000803831 -0.000211377 -0.000635919 0.000645687 -0.000530376
 0.0007267 -0.000183014 -0.000522813 0.000536819 -0.000454614
 0.0006736 -0.000161805 -0.000434373 0.000463213 -0.000361569
 0.000619576 -0.000140477 -0.000370746 0.000404976 -0.000307269
 0.000561114 -0.000121751 -0.000309889 0.000346628 -0.000254476
 0.000524094 -0.000109934 -0.000268252 0.000312416 -0.000197379
 0.000466276 -9.09894e-05 -0.000224172 0.000270994 -0.000157406
 0.000427759 -7.95294e-05 -0.000188432 0.000232326 -0.000129741
 0.000391019 -7.0385e-05 -0.000162926 0.000202377 -0.000104412
 0.000347007 -5.87452e-05 -0.000134719 0.000173721 -7.75313e-05
 0.000320046 -5.15209e-05 -0.000119293 0.000157315 -6.21621e-05
 0.000288921 -4.42302e-05 -0.000102395 0.000136606 -4.6581e-05
 0.000264689 -3.89471e-05 -8.79756e-05 0.000121311 -4.07192e-05
 0.000236824 -3.31401e-05 -7.67413e-05 0.000106037 -2.64867e-05
 0.000211235 -2.82118e-05 -6.67062e-05 9.27531e-05 -2.19482e-05
 0.000188684 -2.39803e-05 -5.71082e-05 7.97881e-05 -1.56183e-05
 0.000168375 -2.04398e-05 -4.97312e-05 6.98462e-05 -1.20557e-05
 0.000151718 -1.75044e-05 -4.37595e-05 6.14536e-05 -9.74594e-06
 0.000135679 -1.49198e-05 -3.80056e-05 5.3718e-05 -5.21428e-06
 0.000120642 -1.25808e-05 -3.3105e-05 4.64321e-05 -5.01607e-06
 0.000107391 -1.06679e-05 -2.84089e-05 4.00254e-05 -1.92904e-06
 9.52662e-05 -9.03369e-06 -2.4489e-05 3.45738e-05 -8.06156e-07
 8.41125e-05 -7.57244e-06 -2.13916e-05 3.00284e-05 -5.45078e-07
 7.27563e-05 -6.27412e-06 -1.8203e-05 2.51821e-05 5.87695e-08
 6.55431e-05 -5.42121e-06 -1.58893e-05 2.17968e-05 3.75936e-07
 5.64239e-05 -4.40968e-06 -1.31588e-05 1.83344e-05 4.53799e-07
 5.009e-05 -3.70475e-06 -1.13054e-05 1.54234e-05 3.91906e-07
 4.27067e-05 -3.0561e-06 -9.38906e-06 1.27984e-05 5.11829e-07
 3.77703e-05 -2.54377e-06 -8.06713e-06 1.08882e-05 9.30031e-07
 3.21696e-05 -2.06312e-06 -6.63556e-06 8.94175e-06 6.67594e-07
 2.78396e-05 -1.70859e-06 -5.55114e-06 7.419e-06 5.85029e-07
 2.39311e-05 -1.3956e-06 -4.57248e-06 6.06261e-06 5.66936e-07
 2.05653e-05 -1.12882e-06 -3.79071e-06 4.93857e-06 5.0488e-07
 1.72527e-05 -9.06756e-07 -3.0604e-06 3.96401e-06 4.02414e-07
 1.44729e-05 -7.1855e-07 -2.47007e-06 3.19831e-06 3.67777e-07
 1.19041e-05 -5.64532e-07 -1.91649e-06 2.45186e-06 3.58724e-07
 1.02466e-05 -4.55944e-07 -1.58018e-06 1.99187e-06 3.81586e-07
 8.31306e-06 -3.53306e-07 -1.23787e-06 1.54229e-06 2.75946e-07
 6.83681e-06 -2.7273e-07 -9.46931e-07 1.18266e-06 2.50923e-07
 5.73483e-06 -2.1478e-07 -7.55625e-07 9.29512e-07 2.28764e-07
 4.55758e-06 -1.62554e-07 -5.63791e-07 6.88656e-07 1.80591e-07
 3.86206e-06 -1.29419e-07 -4.52503e-07 5.47851e-07 1.44843e-07
 2.98004e-06 -9.31256e-08 -3.26208e-07 3.83666e-07 1.04387e-07
 2.29474e-06 -6.78906e-08 -2.32399e-07 2.72208e-07 9.54825e-08
 1.80588e-06 -4.98142e-08 -1.72135e-07 1.97588e-07 6.25037e-08
 1.39716e-06 -3.58925e-08 -1.20898e-07 1.36512e-07 6.55575e-08
 1.10901e-06 -2.68391e-08 -8.80506e-08 9.7505e-08 4.39162e-08
 7.81469e-07 -1.7715e-08 -5.63683e-08 6.13184e-08 3.10981e-08
 6.05254e-07 -1.28305e-08 -3.93291e-08 4.08233e-08 2.67591e-08
 4.3585e-07 -8.54638e-09 -2.45846e-08 2.52743e-08 1.75074e-08
 3.21623e-07 -5.79576e-09 -1.60723e-08 1.57107e-08 1.25035e-08
 2.14484e-07 -3.60082e-09 -9.38388e-09 8.6535e-09 8.58062e-09
 1.45882e-07 -2.28612e-09 -5.37679e-09 4.41588e-09 4.69806e-09
 9.73162e-08 -1.39447e-09 -2.93372e-09 2.22002e-09 4.10485e-09
 5.31303e-08 -7.01588e-10 -1.22589e-09 7.00644e-10 1.95254e-09
 3.70608e-08 -4.45653e-10 -6.45869e-10 1.95822e-10 1.34069e-09
 1.94912e-08 -2.14341e-10 -2.22278e-10 -4.72661e-11 6.46525e-10
 1.28127e-08 -1.26829e-10 -6.9045e-11 -1.36792e-10 5.01739e-10
 5.86936e-09 -5.31408e-11 2.07145e-12 -1.07034e-10 1.98322e-10
 2.31154e-09 -1.86641e-11 1.45589e-11 -6.07615e-11 6.985e-11
 8.803e-10 -6.41537e-12 9.80356e-12 -2.83178e-11 2.22502e-11
 1.90822e-10 -1.29807e-12 2.84676e-12 -7.30056e-12 3.43375e-12
 3.8916e-11 -2.45823e-13 9.06831e-13 -1.86284e-12 -3.41343e-14
 2.44661e-12 -1.44622e-14 6.41037e-14 -1.28187e-13 -6.37656e-14
 0 0 0 0 0
 0 0 0 0 0
 0 0 0 0 0
 0 0 0 0 0
 0 0 0 0 0
 0 0 0 0 0
 0 0 0 0 0
 0 0 0 0 0
 0 0 0 0 0
 0.0106124 0.000997425 -0.00120603 -0.00326214 -0.00322505
 0.00932913 0.000684887 0.000612101 -0.00368756 -0.00319398
 0.00821519 0.000328047 0.00145129 -0.00417917 -0.00391478
 0.00762663 3.65237e-05 0.00197394 -0.00454568 -0.00553614
 0.00700462 -0.000235841 0.00254237 -0.00524861 -0.00678156
 0.00662369 -0.000307119 0.00281717 -0.00570284 -0.00817525
 0.00687106 -0.000405449 0.00306078 -0.00647925 -0.00933613
 0.00703206 -0.000384321 0.0029006 -0.00723794 -0.0107076
 0.00733069 -0.000170791 0.00245842 -0.00766206 -0.0113306
 0.00782687 -0.000195539 0.00224389 -0.00815525 -0.0124145
 0.00816406 -2.53143e-05 0.00122399 -0.00853381 -0.0128487
 0.0084155 2.73086e-06 -0.000404092 -0.00802925 -0.0138809
 0.00859037 3.61846e-05 -0.00135273 -0.0078345 -0.0144366
 0.00866944 -5.43366e-06 -0.00381408 -0.00659931 -0.0144372
 0.00865994 9.256e-06 -0.00466251 -0.0063655 -0.0145052
 0.00861581 -3.66351e-05 -0.00626919 -0.00513824 -0.0147374
 0.00838087 -7.25713e-05 -0.00762588 -0.00396584 -0.0144387
 0.0084295 -0.000185488 -0.00972481 -0.00197638 -0.0144697
 0.00818269 -0.000256013 -0.0106361 -0.00077045 -0.0143813
 0.00786669 -0.000356108 -0.0123274 0.000945075 -0.0136809
 0.0076315 -0.000392469 -0.0134764 0.00239964 -0.0134369
 0.00727913 -0.000579107 -0.0144973 0.00383746 -0.0130268
 0.00711688 -0.000684388 -0.0153086 0.00513514 -0.0125454
 0.00702344 -0.000772581 -0.0164099 0.0066865 -0.0122414
 0.00673344 -0.000866925 -0.0161601 0.00713987 -0.0115839
 0.00647831 -0.000980631 -0.0166413 0.00842875 -0.0109076
 0.00612529 -0.00102827 -0.0160857 0.00851775 -0.0103314
 0.00600698 -0.00110382 -0.0159414 0.00899037 -0.00996363
 0.00569403 -0.0011318 -0.0153599 0.00899512 -0.00913887
 0.0054494 -0.00120026 -0.0147015 0.00909944 -0.00834869
 0.00524916 -0.0012118 -0.0143856 0.00934725 -0.00791463
 0.00506969 -0.00124739 -0.0138501 0.00929744 -0.00733969
 0.00484314 -0.00123118 -0.0126966 0.00874612 -0.00675294
 0.00464886 -0.00123986 -0.0122508 0.00883356 -0.00616473
 0.00442437 -0.00120507 -0.0112143 0.00828487 -0.00560848
 0.0041736 -0.00115849 -0.0102771 0.0077335 -0.00496659
 0.00402404 -0.00115276 -0.00944356 0.00725294 -0.00453714
 0.00376946 -0.00112276 -0.0083445 0.00656894 -0.00415478
 0.00352861 -0.00106874 -0.007528 0.00600139 -0.00378155
 0.00337726 -0.00101659 -0.00666531 0.00548175 -0.00327151
 0.00313677 -0.000937912 -0.00580871 0.00485711 -0.00287028
 0.00298449 -0.000896525 -0.00506327 0.00434116 -0.00255866
 0.00280479 -0.000823938 -0.00446082 0.00392164 -0.00218959
 0.00261842 -0.0007627 -0.00379957 0.00339353 -0.0019956
 0.00245162 -0.00070695 -0.00333696 0.0030268 -0.00171038
 0.00227137 -0.000629919 -0.00273656 0.00256292 -0.00148279
 0.00208986 -0.000569608 -0.00234821 0.00225611 -0.00127242
 0.00194546 -0.000515506 -0.00194629 0.00187718 -0.00109752
 0.00179469 -0.000447676 -0.00163561 0.00164356 -0.000936131
 0.00164576 -0.000396569 -0.00136667 0.00140411 -0.000780944
 0.00151844 -0.000346564 -0.00114444 0.00121336 -0.000697813
 0.00138318 -0.000298736 -0.000968419 0.00104634 -0.000528992
 0.00126789 -0.000261953 -0.000829025 0.000913006 -0.000463743
 0.00116684 -0.000225152 -0.000706612 0.000810981 -0.000353529
 0.00104177 -0.000189247 -0.000585861 0.000682394 -0.000313127
 0.00095345 -0.00016448 -0.000495536 0.000592166 -0.000254207
 0.000876231 -0.000143494 -0.00042193 0.000517158 -0.000206706
 0.000798831 -0.000123721 -0.000364204 0.000458622 -0.000163018
 0.00070325 -0.000103429 -0.000302633 0.000382777 -0.000128166
 0.000653994 -9.27994e-05 -0.000262806 0.000341327 -0.000104669
 0.000581146 -7.80569e-05 -0.000225476 0.000299054 -7.909e-05
 0.000527554 -6.65956e-05 -0.000197113 0.000261726 -5.88439e-05
 0.000479806 -5.78301e-05 -0.000168955 0.000228391 -4.59128e-05
 0.000431012 -4.89622e-05 -0.000148173 0.000201642 -3.03374e-05
 0.00038634 -4.13265e-05 -0.000126315 0.000173872 -2.47383e-05
 0.000341527 -3.44835e-05 -0.000108165 0.000149961 -1.65411e-05
 0.00031194 -3.00241e-05 -9.66275e-05 0.000133879 -8.911e-06
 0.000268988 -2.41306e-05 -7.98206e-05 0.000110868 -5.33332e-06
 0.000242593 -2.07662e-05 -7.04125e-05 9.75775e-05 -2.43518e-06
 0.000213663 -1.73059e-05 -6.01164e-05 8.27775e-05 -1.14988e-06
 0.000192908 -1.47139e-05 -5.25634e-05 7.22219e-05 1.22061e-07
 0.000169852 -1.22398e-05 -4.44016e-05 6.09493e-05 9.35194e-07
 0.000146481 -9.98794e-06 -3.77232e-05 5.16968e-05 2.76639e-06
 0.000129249 -8.23856e-06 -3.22537e-05 4.39911e-05 2.45566e-06
 0.000113744 -6.96325e-06 -2.74282e-05 3.71763e-05 2.79633e-06
 0.000101045 -5.82013e-06 -2.34226e-05 3.19604e-05 2.69642e-06
 8.57762e-05 -4.59958e-06 -1.92032e-05 2.59096e-05 2.91521e-06
 7.53462e-05 -3.85737e-06 -1.63291e-05 2.18467e-05 2.44963e-06
 6.41756e-05 -3.06146e-06 -1.3268e-05 1.76596e-05 2.36608e-06
 5.51664e-05 -2.46503e-06 -1.11661e-05 1.46637e-05 2.33276e-06
 4.82061e-05 -2.03722e-06 -9.27894e-06 1.21408e-05 1.8582e-06
 3.94828e-05 -1.57456e-06 -7.19144e-06 9.34419e-06 1.71106e-06
 3.35612e-05 -1.23916e-06 -5.85738e-06 7.56581e-06 1.47482e-06
 2.92028e-05 -1.01021e-06 -4.85709e-06 6.24144e-06 1.33025e-06
 2.43742e-05 -7.84931e-07 -3.87511e-06 4.92751e-06 1.08091e-06
 2.00902e-05 -6.04756e-07 -3.00764e-06 3.78651e-06 8.90763e-07
 1.694e-05 -4.69608e-07 -2.43471e-06 3.05038e-06 8.14575e-07
 1.36924e-05 -3.51785e-07 -1.82852e-06 2.24053e-06 6.47981e-07
 1.1666e-05 -2.76294e-07 -1.4907e-06 1.82519e-06 6.4155e-07
 9.21187e-06 -2.02915e-07 -1.08851e-06 1.31949e-06 4.02841e-07
 7.72263e-06 -1.53828e-07 -8.43225e-07 9.93587e-07 3.87158e-07
 5.77744e-06 -1.06006e-07 -5.81975e-07 6.81206e-07 2.8104e-07
 5.03331e-06 -8.27319e-08 -4.72329e-07 5.44855e-07 2.48341e-07
 3.81824e-06 -5.67976e-08 -3.30248e-07 3.75092e-07 1.8523e-07
 3.07099e-06 -4.09712e-08 -2.40525e-07 2.69436e-07 1.61572e-07
 2.32423e-06 -2.77599e-08 -1.63271e-07 1.75462e-07 1.12181e-07
 1.77086e-06 -1.88142e-08 -1.14111e-07 1.19584e-07 8.36494e-08
 1.36239e-06 -1.28428e-08 -7.64869e-08 7.795e-08 5.75838e-08
 1.02913e-06 -8.0815e-09 -4.94417e-08 4.77827e-08 4.35785e-08
 7.07094e-07 -4.78949e-09 -3.02027e-08 2.69064e-08 2.75439e-08
 5.35045e-07 -3.07204e-09 -1.89214e-08 1.56815e-08 2.05606e-08
 3.74309e-07 -1.69921e-09 -1.09192e-08 8.03394e-09 1.47539e-08
 2.71969e-07 -9.72631e-10 -6.46906e-09 3.51396e-09 1.09879e-08
 1.71191e-07 -4.09067e-10 -2.96487e-09 7.78006e-10 6.76538e-09
 1.19949e-07 -2.04151e-10 -1.06066e-09 -7.15525e-10 4.43926e-09
 6.8785e-08 -4.88999e-11 -2.54062e-10 -8.74625e-10 1.90371e-09
 4.25273e-08 9.21388e-12 1.42254e-11 -8.04094e-10 1.26745e-09
 2.31424e-08 2.20158e-11 1.88074e-10 -6.46031e-10 8.09512e-10
 1.31477e-08 2.15047e-11 1.93058e-10 -4.74814e-10 3.30725e-10
 6.25087e-09 1.47943e-11 1.23653e-10 -2.66396e-10 1.37773e-10
 2.71333e-09 7.41044e-12 6.57175e-11 -1.32764e-10 3.07008e-11
 8.86281e-10 2.96344e-12 2.65344e-11 -4.98815e-11 7.4935e-12
 2.68196e-10 9.4185e-13 9.12781e-12 -1.63765e-11 -7.29244e-13
 4.01683e-11 1.6209e-13 1.6028e-12 -2.79168e-12 -6.32506e-13
 2.08705e-12 8.25562e-15 9.92856e-14 -1.60569e-13 -9.51219e-14
 0 0 0 0 0
 0 0 0 0 0
 0 0 0 0 0
 0 0 0 0 0
 0 0 0 0 0
 0 0 0 0 0
 0 0 0 0 0
 0.019709 0.00369102 0.00264499 -0.0102341 -0.00213454
 0.0177842 0.00335038 0.00531158 -0.0113421 -0.00250964
 0.0162075 0.00269024 0.00683181 -0.0118041 -0.0041349
 0.0150101 0.00236272 0.00821213 -0.0126325 -0.00497407
 0.0138983 0.00180948 0.00883187 -0.0128793 -0.00846163
 0.0132686 0.00157685 0.00952681 -0.0135774 -0.00968838
 0.0131573 0.00122472 0.00904581 -0.0141647 -0.0115472
 0.0128346 0.00115934 0.00941137 -0.01456 -0.0129609
 0.0126504 0.0010486 0.00843706 -0.0143676 -0.0147684
 0.0131838 0.00105022 0.00749775 -0.0147103 -0.0157218
 0.0127229 0.000868519 0.00760456 -0.0152494 -0.0161912
 0.0130274 0.00085805 0.00538729 -0.0142996 -0.0168872
 0.012897 0.000877225 0.00245296 -0.0135371 -0.0178083
 0.0129753 0.000835144 0.00208667 -0.0132336 -0.0178982
 0.0126067 0.000678875 -0.000506024 -0.0114955 -0.0180814
 0.0126294 0.000729662 -0.00240175 -0.0102299 -0.018623
 0.0125501 0.000580267 -0.00525597 -0.00883631 -0.0177423
 0.0120799 0.000280209 -0.00522429 -0.00788319 -0.017784
 0.0119023 9.08344e-05 -0.00918437 -0.00457327 -0.0175214
 0.0113723 3.27787e-05 -0.00954431 -0.00378216 -0.0167139
 0.0110611 -0.000347793 -0.0119228 -0.00148854 -0.0162676
 0.0108589 -0.000486578 -0.0127743 0.000238295 -0.0157436
 0.0104314 -0.000540548 -0.0132965 0.00171232 -0.0150752
 0.0100275 -0.000679056 -0.0146582 0.00347317 -0.0144627
 0.00985469 -0.000931556 -0.0159041 0.00500481 -0.0138123
 0.00938794 -0.00111629 -0.0165192 0.0064955 -0.0130273
 0.00908175 -0.00121501 -0.0167389 0.0075145 -0.0121409
 0.00880306 -0.00129659 -0.0172356 0.00870281 -0.0112281
 0.00840487 -0.00138341 -0.0164979 0.00884806 -0.0104847
 0.00814413 -0.00148881 -0.0162538 0.009359 -0.00997456
 0.00784494 -0.00143523 -0.0160866 0.00985144 -0.009194
 0.00754312 -0.001562 -0.0157419 0.0101246 -0.00832813
 0.0071465 -0.0015706 -0.0151708 0.0101579 -0.00767663
 0.00687944 -0.00157783 -0.0139734 0.00964344 -0.00704869
 0.00656169 -0.00156169 -0.0133982 0.00952944 -0.00651756
 0.0063555 -0.00153796 -0.0129613 0.00974431 -0.00589564
 0.00602536 -0.00151255 -0.0117003 0.0089905 -0.00522203
 0.00573198 -0.00144035 -0.0109784 0.00878125 -0.00474322
 0.00547322 -0.00141859 -0.0104728 0.00851338 -0.00423854
 0.00515953 -0.00135149 -0.00914569 0.00758144 -0.00385764
 0.00491436 -0.00125191 -0.00818513 0.00692506 -0.00326391
 0.00455614 -0.00116039 -0.00735163 0.00641606 -0.0028492
 0.00427483 -0.00106058 -0.00647656 0.00577853 -0.00254794
 0.00406777 -0.00105155 -0.00583874 0.00531666 -0.00229838
 0.00383343 -0.0009717 -0.00519555 0.00486636 -0.00204729
 0.00359622 -0.000881456 -0.00441039 0.00425066 -0.00172132
 0.00332172 -0.000799056 -0.00394896 0.00384824 -0.00147359
 0.00311719 -0.000735319 -0.00340456 0.0034216 -0.00131766
 0.00289735 -0.000662012 -0.00296063 0.00302298 -0.00110983
 0.00267635 -0.000585094 -0.00257256 0.00267279 -0.000935756
 0.00246566 -0.000516489 -0.00217558 0.00228939 -0.000742844
 0.00226753 -0.000448795 -0.00187451 0.00201284 -0.000646231
 0.00205376 -0.000383295 -0.00154065 0.00170781 -0.000525032
 0.00189071 -0.000332376 -0.00132124 0.00149192 -0.000435717
 0.00172023 -0.00028757 -0.00112288 0.00129329 -0.000355244
 0.00157793 -0.000242061 -0.000961775 0.00112794 -0.000286104
 0.00142242 -0.000205069 -0.000807125 0.00097015 -0.00023598
 0.00128793 -0.000174344 -0.000659825 0.000805344 -0.000193109
 0.00117047 -0.000147625 -0.000577382 0.000713337 -0.000144331
 0.00106003 -0.000127899 -0.000492751 0.000622429 -0.000112271
 0.000970669 -0.000108153 -0.000428116 0.000545928 -8.21525e-05
 0.000868925 -9.18144e-05 -0.000355804 0.000460482 -6.37062e-05
 0.000781325 -7.701e-05 -0.000309703 0.00040351 -3.9982e-05
 0.000682775 -6.29394e-05 -0.000255751 0.000338496 -2.83895e-05
 0.000620884 -5.44892e-05 -0.000222164 0.000295828 -1.93358e-05
 0.000562454 -4.61011e-05 -0.000194386 0.000260409 -9.5755e-06
 0.000499956 -3.85387e-05 -0.000165322 0.000222474 -4.28108e-06
 0.000445276 -3.1968e-05 -0.000140048 0.000190737 -1.01626e-06
 0.000393201 -2.64255e-05 -0.000119951 0.000162395 1.18538e-06
 0.000354189 -2.23494e-05 -0.000104889 0.000142282 5.57397e-06
 0.000309514 -1.81775e-05 -8.77569e-05 0.000119123 7.20644e-06
 0.000276226 -1.51344e-05 -7.59175e-05 0.000102487 6.76931e-06
 0.000240401 -1.22735e-05 -6.31912e-05 8.55219e-05 6.29781e-06
 0.000213178 -1.02169e-05 -5.38018e-05 7.24281e-05 7.49619e-06
 0.000182529 -8.09844e-06 -4.45309e-05 5.97622e-05 6.78119e-06
 0.000161269 -6.55656e-06 -3.78485e-05 5.04942e-05 6.27875e-06
 0.000141354 -5.34401e-06 -3.20821e-05 4.27409e-05 6.59362e-06
 0.000122427 -4.33981e-06 -2.60411e-05 3.44568e-05 4.59849e-06
 0.000108997 -3.52857e-06 -2.26119e-05 2.99708e-05 5.0305e-06
 9.16119e-05 -2.70152e-06 -1.82454e-05 2.38403e-05 4.8194e-06
 7.66175e-05 -2.10913e-06 -1.45349e-05 1.89445e-05 3.81964e-06
 6.59694e-05 -1.63769e-06 -1.20178e-05 1.54917e-05 3.20377e-06
 5.73074e-05 -1.29328e-06 -9.68319e-06 1.24327e-05 2.86652e-06
 4.75831e-05 -9.57494e-07 -7.64663e-06 9.7315e-06 2.32639e-06
 4.08998e-05 -7.39025e-07 -6.31531e-06 7.94956e-06 2.17054e-06
 3.45364e-05 -5.52294e-07 -5.03854e-06 6.32969e-06 1.87421e-06
 2.87111e-05 -4.0248e-07 -3.91613e-06 4.84886e-06 1.51616e-06
 2.37899e-05 -2.91631e-07 -3.07094e-06 3.74511e-06 1.34658e-06
 1.94434e-05 -2.10141e-07 -2.31197e-06 2.79828e-06 9.57919e-07
 1.60333e-05 -1.39867e-07 -1.76887e-06 2.13636e-06 8.54031e-07
 1.3454e-05 -9.9165e-08 -1.38019e-06 1.61708e-06 6.94244e-07
 1.05287e-05 -6.04594e-08 -9.99206e-07 1.16904e-06 5.46553e-07
 8.72156e-06 -3.82157e-08 -7.60381e-07 8.68762e-07 4.27581e-07
 7.00106e-06 -2.02162e-08 -5.53356e-07 6.22433e-07 3.34774e-07
 5.50118e-06 -8.36437e-09 -3.95504e-07 4.34907e-07 2.70584e-07
 4.41816e-06 -9.37325e-10 -2.87808e-07 3.06019e-07 2.129e-07
 3.38408e-06 2.82412e-09 -1.96061e-07 2.00968e-07 1.57068e-07
 2.59155e-06 5.65139e-09 -1.32317e-07 1.29599e-07 1.18122e-07
 1.92517e-06 5.92604e-09 -8.24419e-08 7.44188e-08 8.67731e-08
 1.54282e-06 6.15629e-09 -5.46462e-08 4.62203e-08 6.51869e-08
 1.08383e-06 5.46627e-09 -3.18816e-08 2.28094e-08 4.18224e-08
 7.66e-07 4.6823e-09 -1.66831e-08 8.68531e-09 3.07237e-08
 5.89973e-07 4.09505e-09 -9.29463e-09 1.77529e-09 2.23515e-08
 4.08306e-07 3.21707e-09 -3.82382e-09 -2.04579e-09 1.43736e-08
 2.68475e-07 2.26676e-09 -8.70556e-10 -3.55961e-09 8.882e-09
 1.75034e-07 1.62271e-09 2.96802e-10 -3.46251e-09 5.82884e-09
 1.18148e-07 1.17832e-09 8.84988e-10 -3.2355e-09 3.67279e-09
 7.80531e-08 8.39194e-10 1.08016e-09 -2.7337e-09 2.22742e-09
 4.27369e-08 4.81267e-10 8.08681e-10 -1.78178e-09 1.18022e-09
 2.88582e-08 3.4374e-10 7.2655e-10 -1.44025e-09 7.33519e-10
 1.36981e-08 1.69577e-10 4.09731e-10 -7.62613e-10 2.50304e-10
 6.833e-09 8.8105e-11 2.42163e-10 -4.21239e-10 1.18361e-10
 2.30851e-09 3.12802e-11 8.76669e-11 -1.53729e-10 4.30004e-11
 6.91006e-10 9.22831e-12 3.28969e-11 -5.36019e-11 -2.85343e-12
 1.61069e-10 2.12276e-12 8.44819e-12 -1.348e-11 -2.53159e-12
 1.58098e-11 1.96553e-13 9.05519e-13 -1.41568e-12 -9.07756e-13
 0 0 0 0 0
 0 0 0 0 0
 0 0 0 0 0
 0 0 0 0 0
 0 0 0 0 0
 0 0 0 0 0
 0.0296261 0.00594137 0.00423485 -0.0152505 -0.00435657
 0.0276782 0.00597193 0.00877225 -0.0180233 -0.00383419
 0.0261612 0.00594669 0.0131588 -0.0205773 -0.00397779
 0.0239398 0.0055386 0.016514 -0.0228081 -0.00503966
 0.0222607 0.00512247 0.0182731 -0.0240331 -0.00778719
 0.0207376 0.00490349 0.0192433 -0.0245688 -0.00854231
 0.0199286 0.00452152 0.0207901 -0.0254491 -0.0115989
 0.0189342 0.00430877 0.0194396 -0.0249718 -0.0128725
 0.0184404 0.00385906 0.0196217 -0.0249511 -0.0135911
 0.0176428 0.00369141 0.0188794 -0.0251487 -0.0171339
 0.0172482 0.00333816 0.0178598 -0.0246119 -0.0166896
 0.0175138 0.00327439 0.0148849 -0.0237093 -0.0178244
 0.0169439 0.00302515 0.013009 -0.0229144 -0.0183538
 0.0165395 0.00296836 0.0117116 -0.0219003 -0.0183013
 0.0164097 0.00260309 0.00967894 -0.0205681 -0.0186484
 0.0163243 0.00223947 0.00730362 -0.0191116 -0.0188286
 0.0156879 0.00188254 0.00491661 -0.0172218 -0.0190048
 0.0153081 0.00161114 0.00330889 -0.0151508 -0.018203
 0.0149846 0.00146509 0.00103071 -0.0135561 -0.0175553
 0.0145896 0.0010551 -0.00149143 -0.0111212 -0.0174744
 0.0143386 0.000647025 -0.00363237 -0.00887588 -0.0173385
 0.0132957 0.000539642 -0.00529146 -0.00666512 -0.0163163
 0.0129932 0.000282762 -0.00730075 -0.00465473 -0.0146236
 0.0129172 -0.000183266 -0.00971456 -0.00208373 -0.0149019
 0.0123583 -0.000352164 -0.0103506 -0.000266132 -0.0145066
 0.0121089 -0.000426575 -0.0113919 0.00118509 -0.0138475
 0.0114518 -0.000752006 -0.0127559 0.00317089 -0.0124994
 0.0111191 -0.000864619 -0.0131835 0.00434166 -0.0117845
 0.0107497 -0.00112081 -0.013425 0.00545777 -0.0109383
 0.0104749 -0.00127133 -0.0143524 0.00681656 -0.00982144
 0.00995513 -0.00128025 -0.0139815 0.00752506 -0.00936863
 0.00969844 -0.00145764 -0.0143822 0.00840019 -0.00857756
 0.00926937 -0.00142522 -0.0139841 0.00878181 -0.0078435
 0.00900556 -0.00159827 -0.0143646 0.00960275 -0.00730825
 0.00866275 -0.00156379 -0.0136692 0.00971919 -0.00703037
 0.00817831 -0.00152376 -0.0131504 0.00962038 -0.00614846
 0.0079795 -0.001584 -0.0125974 0.00964769 -0.00559171
 0.00751525 -0.00152932 -0.0118417 0.00950538 -0.00485042
 0.00717869 -0.0014641 -0.0108969 0.00901656 -0.00441101
 0.00691356 -0.0014864 -0.0106885 0.00910669 -0.00405289
 0.00654888 -0.00139267 -0.00971169 0.00849931 -0.00356047
 0.00623919 -0.00136738 -0.00937756 0.00829344 -0.00307831
 0.00587651 -0.00125334 -0.0083475 0.00765094 -0.00278408
 0.00556405 -0.0011905 -0.00789406 0.00736975 -0.00242291
 0.00522883 -0.00112421 -0.00700687 0.00667075 -0.00213119
 0.0049854 -0.00108211 -0.00644525 0.00623993 -0.00187084
 0.00460781 -0.000970181 -0.00554861 0.00547404 -0.0015657
 0.00427376 -0.000885337 -0.00501731 0.00506451 -0.00136653
 0.00402955 -0.00082045 -0.00458715 0.00470656 -0.00120451
 0.00370796 -0.000731356 -0.0039636 0.00412341 -0.000922462
 0.00336313 -0.000629619 -0.00340058 0.00361157 -0.000791419
 0.00316219 -0.000571726 -0.002943 0.00315907 -0.000695056
 0.0029657 -0.000507539 -0.00260537 0.00285566 -0.000566783
 0.00269661 -0.000435051 -0.00218128 0.00242542 -0.000489174
 0.00247749 -0.000376595 -0.0018465 0.00210003 -0.000393994
 0.00225816 -0.000319509 -0.00158976 0.00183914 -0.000306458
 0.00203681 -0.000262866 -0.00134026 0.00156218 -0.00024296
 0.00185976 -0.000221138 -0.00112799 0.00135096 -0.000187299
 0.0016901 -0.000187208 -0.000944394 0.00113981 -0.000132296
 0.00151458 -0.000154687 -0.000801775 0.000983225 -0.000119152
 0.00135854 -0.000128406 -0.000666537 0.000831862 -8.05375e-05
 0.00123839 -0.000108848 -0.000576504 0.000727762 -4.62696e-05
 0.00112353 -9.11169e-05 -0.000488483 0.000626925 -3.48266e-05
 0.00101564 -7.76288e-05 -0.000416798 0.000538307 -2.15127e-05
 0.000900894 -6.32962e-05 -0.000351366 0.000457104 -1.07254e-05
 0.000802375 -5.17731e-05 -0.000299138 0.000391298 -5.13929e-06
 0.000723481 -4.30627e-05 -0.000255344 0.000338402 8.14487e-06
 0.000642394 -3.48907e-05 -0.000218312 0.000288663 7.98988e-06
 0.000568477 -2.84326e-05 -0.000182943 0.000243256 1.24278e-05
 0.000526239 -2.40799e-05 -0.000163181 0.000216961 1.2661e-05
 0.000449013 -1.88471e-05 -0.000131515 0.000174738 1.34153e-05
 0.000410406 -1.58679e-05 -0.000115918 0.000153984 1.54844e-05
 0.000355574 -1.22691e-05 -9.62875e-05 0.000127895 1.38587e-05
 0.000308801 -9.71131e-06 -7.95725e-05 0.000105227 1.19904e-05
 0.000269779 -7.57081e-06 -6.6895e-05 8.85569e-05 1.20989e-05
 0.000237385 -6.12828e-06 -5.55993e-05 7.32812e-05 1.07191e-05
 0.000207137 -4.67194e-06 -4.69437e-05 6.19678e-05 9.79463e-06
 0.000183458 -3.65476e-06 -3.96812e-05 5.20648e-05 9.81862e-06
 0.000159657 -2.71752e-06 -3.30068e-05 4.30963e-05 8.48606e-06
 0.000135075 -1.98328e-06 -2.65041e-05 3.43044e-05 6.79331e-06
 0.000117197 -1.48124e-06 -2.16788e-05 2.80773e-05 6.16927e-06
 9.87769e-05 -1.03759e-06 -1.73473e-05 2.22581e-05 5.36559e-06
 8.50475e-05 -7.05438e-07 -1.41596e-05 1.79896e-05 4.45222e-06
 7.23887e-05 -4.70895e-07 -1.13377e-05 1.43481e-05 3.85144e-06
 6.23906e-05 -3.00895e-07 -9.26819e-06 1.16544e-05 3.3446e-06
 5.25834e-05 -1.41054e-07 -7.299e-06 9.09869e-06 2.81254e-06
 4.30579e-05 -4.82186e-08 -5.63821e-06 6.92363e-06 2.36049e-06
 3.71801e-05 1.54786e-08 -4.51442e-06 5.49494e-06 2.00561e-06
 3.06321e-05 6.9725e-08 -3.5011e-06 4.21481e-06 1.73948e-06
 2.53548e-05 8.44525e-08 -2.66906e-06 3.16912e-06 1.28159e-06
 2.12266e-05 1.07868e-07 -2.07318e-06 2.42254e-06 1.07318e-06
 1.70616e-05 1.04669e-07 -1.50846e-06 1.7364e-06 7.92788e-07
 1.38865e-05 1.05153e-07 -1.11961e-06 1.26049e-06 6.70469e-07
 1.17698e-05 1.018e-07 -8.55694e-07 9.38869e-07 6.05731e-07
 8.74244e-06 8.49519e-08 -5.59507e-07 6.01563e-07 4.31779e-07
 7.31394e-06 7.94819e-08 -4.20665e-07 4.35941e-07 3.45922e-07
 5.83847e-06 6.94812e-08 -2.96749e-07 2.96186e-07 2.84579e-07
 4.51295e-06 5.79978e-08 -1.96587e-07 1.83412e-07 1.8841e-07
 3.29124e-06 4.49898e-08 -1.1434e-07 9.568e-08 1.35241e-07
 2.66631e-06 3.91116e-08 -7.7585e-08 5.61579e-08 1.09041e-07
 2.03949e-06 3.1721e-08 -4.51507e-08 2.58289e-08 8.31831e-08
 1.49339e-06 2.43944e-08 -2.40118e-08 6.80313e-09 5.20582e-08
 1.14983e-06 1.94806e-08 -1.22059e-08 -2.81308e-09 3.82846e-08
 8.23231e-07 1.46332e-08 -2.69442e-09 -1.09948e-08 2.9274e-08
 6.00056e-07 1.11483e-08 1.70806e-09 -1.22481e-08 2.01456e-08
 4.22826e-07 8.02306e-09 3.54112e-09 -1.18392e-08 1.29993e-08
 2.61744e-07 5.10698e-09 3.99508e-09 -9.40425e-09 6.88594e-09
 1.81483e-07 3.64634e-09 3.87421e-09 -8.10894e-09 4.80473e-09
 1.08874e-07 2.21263e-09 2.9979e-09 -5.62181e-09 2.34243e-09
 6.72763e-08 1.41009e-09 2.23029e-09 -3.92816e-09 1.42773e-09
 3.98526e-08 8.44931e-10 1.45664e-09 -2.52726e-09 6.92713e-10
 2.40794e-08 5.28624e-10 9.90363e-10 -1.68391e-09 4.03866e-10
 1.07581e-08 2.39324e-10 5.04137e-10 -8.219e-10 1.4925e-10
 4.63361e-09 1.04424e-10 2.40854e-10 -3.83667e-10 3.18889e-11
 1.72593e-09 3.94391e-11 9.34662e-11 -1.48674e-10 1.58664e-11
 0 0 0 0 0
 0 0 0 0 0
 0 0 0 0 0
 0 0 0 0 0
 0 0 0 0 0
 0 0 0 0 0
 0 0 0 0 0
 0.0391379 0.00736956 0.00330447 -0.0166097 -0.00678581
 0.0373327 0.00790781 0.009996 -0.0204331 -0.00580041
 0.0345309 0.00797488 0.0138422 -0.0236946 -0.00668719
 0.0324016 0.00810444 0.0188315 -0.0273485 -0.00666294
 0.0298647 0.00815238 0.0241746 -0.0307137 -0.006753
 0.0274914 0.00788312 0.0262811 -0.0326601 -0.00864556
 0.0262495 0.00776756 0.0313952 -0.0355227 -0.0097055
 0.0245512 0.00753663 0.0321702 -0.0363079 -0.0107334
 0.0228078 0.00739281 0.0326657 -0.0366704 -0.0118064
 0.0222755 0.00713287 0.0309887 -0.0362871 -0.0135166
 0.0214909 0.00684612 0.0321118 -0.0361367 -0.0154704
 0.0208139 0.00657469 0.0294143 -0.0345884 -0.0160367
 0.0197499 0.00595412 0.0294756 -0.0349049 -0.0161417
 0.0193052 0.00567362 0.0247561 -0.0322431 -0.0164127
 0.0186588 0.00514643 0.0225625 -0.0313974 -0.0175467
 0.0181309 0.00490979 0.0219767 -0.0295605 -0.0168286
 0.0182063 0.00443608 0.0172399 -0.0269687 -0.0176979
 0.0171372 0.00388299 0.0138671 -0.0239611 -0.0171399
 0.0170505 0.00352518 0.0134776 -0.0230705 -0.0163599
 0.016678 0.00290209 0.0102721 -0.0207133 -0.0162333
 0.0159461 0.00266763 0.008139 -0.0186441 -0.015981
 0.0157636 0.002228 0.00509681 -0.0156947 -0.0151974
 0.0148659 0.00169008 0.00271931 -0.0128937 -0.0145314
 0.0145455 0.00110551 0.000359056 -0.0105836 -0.0141643
 0.0139763 0.0009808 -0.000653869 -0.00886062 -0.0130824
 0.0136985 0.000543674 -0.00367334 -0.00544586 -0.0127214
 0.0134049 0.000264319 -0.00534218 -0.0027345 -0.0119837
 0.0127818 7.96713e-05 -0.0073635 -0.000859606 -0.0112969
 0.0124531 -0.000355026 -0.007714 0.000799969 -0.0102718
 0.0120127 -0.000410859 -0.00903631 0.00231534 -0.00981894
 0.0116979 -0.000772806 -0.00959038 0.00353199 -0.00917794
 0.0112617 -0.000930806 -0.0107308 0.0049984 -0.00830894
 0.0109464 -0.000997687 -0.0107818 0.00591372 -0.00763038
 0.0104909 -0.0012366 -0.0112673 0.00667381 -0.00754644
 0.0100719 -0.00106791 -0.0110472 0.00712725 -0.00650038
 0.00969719 -0.00128602 -0.0114959 0.00811944 -0.00598896
 0.00947556 -0.00132354 -0.0116852 0.00894775 -0.00566464
 0.00892506 -0.00133377 -0.0114946 0.009266 -0.00505274
 0.00865037 -0.00134473 -0.0112053 0.00912275 -0.00437284
 0.00833663 -0.00133097 -0.0107674 0.00907 -0.00398389
 0.00797356 -0.00137679 -0.0103737 0.00918681 -0.00365409
 0.00753938 -0.00134057 -0.00982337 0.00896025 -0.0030602
 0.00710169 -0.00126045 -0.00942569 0.00872575 -0.00278886
 0.00674537 -0.0011791 -0.00893644 0.0083945 -0.00242842
 0.00648063 -0.00117803 -0.00860519 0.00831987 -0.00223434
 0.00609955 -0.00109624 -0.00764456 0.00749256 -0.00198781
 0.00582567 -0.00107811 -0.00724806 0.0072555 -0.00173199
 0.00550812 -0.00101508 -0.006556 0.00666413 -0.00151204
 0.00509064 -0.000902644 -0.00584043 0.00600479 -0.00119994
 0.00477232 -0.000846162 -0.00536199 0.0056203 -0.00107832
 0.00443884 -0.000750975 -0.00473699 0.00499843 -0.000867456
 0.00410039 -0.000668456 -0.00423753 0.00450769 -0.000766487
 0.00380112 -0.000597465 -0.00361539 0.00393246 -0.000597074
 0.00352002 -0.000512784 -0.00315104 0.00350166 -0.000486441
 0.00325107 -0.000449578 -0.00277434 0.00308873 -0.000391665
 0.00300404 -0.000392749 -0.00234151 0.00264436 -0.000328638
 0.00267618 -0.000315202 -0.00196598 0.00226236 -0.000265261
 0.00245425 -0.000261886 -0.00167424 0.00195465 -0.000201349
 0.00219738 -0.000216095 -0.00138019 0.00163848 -0.000169656
 0.00201783 -0.000178036 -0.00119864 0.00143726 -0.000103872
 0.00184681 -0.000147218 -0.00101326 0.00123507 -8.22625e-05
 0.00166007 -0.000121808 -0.00086045 0.00105871 -5.39088e-05
 0.00151904 -9.97081e-05 -0.000728881 0.0009076 -4.07859e-05
 0.00132776 -7.91919e-05 -0.000598321 0.000751944 -2.08391e-05
 0.00123163 -6.49519e-05 -0.000511307 0.00065325 5.98118e-07
 0.00108863 -5.32698e-05 -0.000429824 0.000552325 5.22047e-06
 0.000978081 -4.23142e-05 -0.000362899 0.000466528 1.01583e-05
 0.000878519 -3.38308e-05 -0.000311381 0.000404086 1.76471e-05
 0.000785125 -2.71422e-05 -0.000264009 0.000344275 2.05305e-05
 0.000690875 -2.09192e-05 -0.000219067 0.000286208 1.97396e-05
 0.000604292 -1.59737e-05 -0.000183907 0.000239921 1.93498e-05
 0.000546666 -1.26227e-05 -0.000158992 0.000207996 1.88931e-05
 0.00048546 -9.5755e-06 -0.000131518 0.000173632 2.08056e-05
 0.000433787 -7.21362e-06 -0.000112162 0.000147794 1.83873e-05
 0.000373496 -4.99486e-06 -9.23769e-05 0.000121108 1.66522e-05
 0.000327964 -3.67401e-06 -7.68894e-05 9.99819e-05 1.5201e-05
 0.000288956 -2.18183e-06 -6.51881e-05 8.47594e-05 1.43541e-05
 0.000251192 -1.40878e-06 -5.41249e-05 7.02025e-05 1.34448e-05
 0.000220997 -6.98963e-07 -4.45462e-05 5.77778e-05 1.19615e-05
 0.000187909 -1.61965e-07 -3.56896e-05 4.59807e-05 1.01806e-05
 0.000164706 1.38936e-07 -2.98786e-05 3.83657e-05 8.91188e-06
 0.00014049 3.95874e-07 -2.41465e-05 3.07796e-05 7.23738e-06
 0.000122745 6.08789e-07 -2.00381e-05 2.54952e-05 6.81456e-06
 0.000103023 6.83175e-07 -1.56267e-05 1.97211e-05 5.59849e-06
 8.79788e-05 6.98112e-07 -1.25088e-05 1.54677e-05 4.74819e-06
 7.75794e-05 7.37944e-07 -1.02904e-05 1.27121e-05 4.36617e-06
 6.29862e-05 6.93031e-07 -7.79212e-06 9.48869e-06 3.26061e-06
 5.37381e-05 6.96719e-07 -6.28594e-06 7.572e-06 2.92927e-06
 4.46151e-05 6.25475e-07 -4.70554e-06 5.62496e-06 2.35995e-06
 3.66476e-05 5.60595e-07 -3.63591e-06 4.25324e-06 1.75674e-06
 3.03543e-05 5.02431e-07 -2.73598e-06 3.18637e-06 1.57844e-06
 2.54263e-05 4.52061e-07 -2.09032e-06 2.37337e-06 1.28348e-06
 2.02662e-05 3.80566e-07 -1.50171e-06 1.67764e-06 9.87506e-07
 1.71357e-05 3.41336e-07 -1.15193e-06 1.24311e-06 7.90338e-07
 1.41734e-05 2.95278e-07 -8.33012e-07 8.64538e-07 6.57519e-07
 1.12351e-05 2.42978e-07 -5.59784e-07 5.58707e-07 5.05042e-07
 8.89875e-06 2.01674e-07 -3.91754e-07 3.65858e-07 4.04518e-07
 7.28138e-06 1.69214e-07 -2.63412e-07 2.2944e-07 3.15849e-07
 5.4636e-06 1.31606e-07 -1.57391e-07 1.17201e-07 2.35453e-07
 4.25851e-06 1.05146e-07 -8.90356e-08 4.89907e-08 1.56436e-07
 3.26703e-06 8.35975e-08 -5.50318e-08 1.83681e-08 1.26644e-07
 2.55787e-06 6.73794e-08 -2.38266e-08 -1.13024e-08 9.51994e-08
 1.91384e-06 5.1406e-08 -4.67071e-09 -2.48703e-08 6.50669e-08
 1.41131e-06 3.88172e-08 6.03812e-09 -3.02005e-08 4.67277e-08
 1.0533e-06 2.94174e-08 9.1845e-09 -2.90151e-08 3.25369e-08
 7.66081e-07 2.17282e-08 1.1705e-08 -2.69012e-08 2.37892e-08
 5.06969e-07 1.47119e-08 1.04144e-08 -2.17245e-08 1.38429e-08
 3.54459e-07 1.04703e-08 9.70081e-09 -1.80914e-08 9.33356e-09
 2.36218e-07 7.02887e-09 7.43894e-09 -1.34209e-08 5.86276e-09
 1.52943e-07 4.55634e-09 5.91145e-09 -9.96363e-09 2.84238e-09
 9.05775e-08 2.73577e-09 3.81629e-09 -6.33888e-09 1.54693e-09
 5.28712e-08 1.60522e-09 2.45478e-09 -4.01421e-09 6.761e-10
 3.45569e-08 1.0633e-09 1.79657e-09 -2.83321e-09 3.77102e-10
 1.63289e-08 5.02981e-10 9.28619e-10 -1.44523e-09 1.02525e-10
 0 0 0 0 0
 0 0 0 0 0
 0 0 0 0 0
 0 0 0 0 0
 0 0 0 0 0
 0 0 0 0 0
 0 0 0 0 0
 0 0 0 0 0
 0.0488352 0.00964031 0.00374469 -0.0173805 -0.00892006
 0.0459136 0.00980056 0.00873087 -0.020089 -0.00897381
 0.0429316 0.00991013 0.0127022 -0.0236678 -0.00906181
 0.0396061 0.00983438 0.0199054 -0.027306 -0.00869225
 0.0367887 0.0102097 0.0244403 -0.0310494 -0.00903531
 0.0341722 0.0104694 0.0300896 -0.0356532 -0.00914262
 0.0318869 0.0105873 0.0328649 -0.0384921 -0.00854219
 0.0293412 0.0104969 0.0393999 -0.0418575 -0.00975219
 0.0273895 0.0104464 0.0420366 -0.0437666 -0.0111093
 0.0253459 0.0100131 0.0415002 -0.0436954 -0.0122844
 0.0242441 0.0101469 0.0424273 -0.0444614 -0.0127377
 0.0228959 0.00954131 0.0421794 -0.0439337 -0.0128159
 0.0218867 0.00922069 0.0406616 -0.0429154 -0.0132291
 0.0209384 0.00873225 0.0386567 -0.0422151 -0.0142708
 0.0205879 0.00848488 0.0373657 -0.0410014 -0.013569
 0.0198673 0.0077885 0.0359115 -0.0405031 -0.0142044
 0.0189545 0.00716463 0.0316594 -0.0368986 -0.0145805
 0.0191052 0.00661094 0.0290965 -0.0352391 -0.0141812
 0.0177986 0.00619722 0.02706 -0.0330976 -0.0136205
 0.0179924 0.00547846 0.0239844 -0.0305314 -0.0139931
 0.016984 0.00453152 0.0181886 -0.0257721 -0.0137284
 0.0169394 0.0042498 0.0156991 -0.0236072 -0.0133355
 0.0164793 0.003829 0.0131031 -0.0215731 -0.0130936
 0.0159696 0.0031978 0.0113039 -0.0191562 -0.0129079
 0.0153346 0.00237986 0.00688575 -0.0152181 -0.012613
 0.0148302 0.0019487 0.00424436 -0.0116963 -0.0118095
 0.0145195 0.00166011 0.00283997 -0.0104004 -0.0108719
 0.0139484 0.00101603 0.00121424 -0.00744194 -0.0106223
 0.0135985 0.000744981 -0.00162227 -0.0050723 -0.0100684
 0.0132109 0.000480135 -0.00245366 -0.00305926 -0.00934131
 0.0127378 0.000367834 -0.00476127 -0.000830481 -0.00880219
 0.0125686 -0.000182236 -0.00567067 0.000977644 -0.00838275
 0.0119981 -0.000394069 -0.006832 0.00246181 -0.00775238
 0.0118222 -0.000727063 -0.0082475 0.00473704 -0.00726887
 0.0113249 -0.000786169 -0.00783931 0.00481636 -0.00667194
 0.0110356 -0.000763031 -0.00947675 0.00643844 -0.00581974
 0.0106244 -0.00105014 -0.00943731 0.00666262 -0.00554359
 0.0101936 -0.00104859 -0.00938388 0.00765144 -0.00511003
 0.00986944 -0.00114694 -0.00984719 0.00813088 -0.00478546
 0.00943575 -0.0011566 -0.0110456 0.00968056 -0.00417988
 0.009093 -0.00125209 -0.0105268 0.00921719 -0.00375771
 0.00874706 -0.00119189 -0.0101409 0.00952987 -0.00314361
 0.00824494 -0.00121651 -0.0097195 0.00934475 -0.00311176
 0.00798944 -0.00117551 -0.00979169 0.009414 -0.00254
 0.00764237 -0.00118913 -0.00922188 0.00904831 -0.00224444
 0.00710687 -0.00109399 -0.00853981 0.00845119 -0.00194162
 0.00690281 -0.00108137 -0.00829869 0.00839406 -0.00166974
 0.00644481 -0.00100077 -0.00759306 0.00780512 -0.00150054
 0.00605365 -0.0009303 -0.00704488 0.00731925 -0.00134124
 0.00562944 -0.000845587 -0.00631794 0.00667356 -0.00103947
 0.00532953 -0.000786369 -0.00578953 0.00619334 -0.000904312
 0.00500303 -0.000729863 -0.00522495 0.00564447 -0.000856794
 0.00461307 -0.000636156 -0.00458479 0.00497307 -0.000692538
 0.00420481 -0.00055731 -0.00403311 0.00443636 -0.000552424
 0.00397944 -0.000490207 -0.00364117 0.00404626 -0.000442805
 0.00365629 -0.00042341 -0.00311489 0.00350731 -0.000355021
 0.00336433 -0.000352392 -0.00273921 0.00311847 -0.000281096
 0.00304703 -0.000295139 -0.00231604 0.00264633 -0.000228706
 0.00278508 -0.000241104 -0.00195087 0.00226421 -0.000162719
 0.00251884 -0.000190067 -0.00163809 0.00193145 -0.000131652
 0.00230422 -0.000159413 -0.00138708 0.00165049 -0.000103294
 0.00209653 -0.00012229 -0.00119544 0.00143515 -6.54469e-05
 0.00189379 -9.86031e-05 -0.00099555 0.00121506 -3.94643e-05
 0.00172237 -7.87556e-05 -0.000833169 0.00102454 -1.28549e-05
 0.00154019 -5.92153e-05 -0.000703087 0.000877112 -1.52011e-06
 0.00139467 -4.75533e-05 -0.000593088 0.000740794 1.17434e-05
 0.00123872 -3.57308e-05 -0.000497519 0.000626275 1.54072e-05
 0.00112262 -2.63698e-05 -0.000419216 0.000535374 2.25268e-05
 0.0009795 -1.94094e-05 -0.000344013 0.000440909 2.26892e-05
 0.000891338 -1.43656e-05 -0.000295663 0.000380696 2.83369e-05
 0.000795169 -9.8595e-06 -0.000251491 0.000324041 2.67922e-05
 0.00069525 -5.81592e-06 -0.000205439 0.000266524 2.5398e-05
 0.000626681 -3.605e-06 -0.000175211 0.000227403 2.55986e-05
 0.000557715 -1.28892e-06 -0.000147737 0.000193004 2.35695e-05
 0.000493136 2.68022e-07 -0.000122121 0.000157854 2.22759e-05
 0.000424315 1.26439e-06 -0.000101898 0.000131053 1.97761e-05
 0.000366741 2.01291e-06 -8.18306e-05 0.000106206 1.84222e-05
 0.000330248 2.56636e-06 -6.93794e-05 8.92975e-05 1.68047e-05
 0.000292387 2.90379e-06 -5.83214e-05 7.49356e-05 1.49952e-05
 0.000246852 2.93023e-06 -4.66454e-05 5.97777e-05 1.20259e-05
 0.000221046 3.06118e-06 -3.91243e-05 4.97696e-05 1.19374e-05
 0.000182888 2.88486e-06 -3.07453e-05 3.89277e-05 9.36775e-06
 0.000162581 2.79031e-06 -2.58904e-05 3.24748e-05 8.33781e-06
 0.000140999 2.67104e-06 -2.06294e-05 2.57582e-05 7.1685e-06
 0.000122761 2.47735e-06 -1.66133e-05 2.05835e-05 6.31544e-06
 0.000101141 2.21448e-06 -1.29606e-05 1.59114e-05 5.27678e-06
 8.81206e-05 2.05191e-06 -1.06077e-05 1.29085e-05 4.48218e-06
 7.21581e-05 1.75048e-06 -7.88137e-06 9.47412e-06 3.62569e-06
 6.15691e-05 1.57032e-06 -6.28906e-06 7.44131e-06 3.04134e-06
 5.18551e-05 1.38032e-06 -4.70774e-06 5.47679e-06 2.62137e-06
 4.43026e-05 1.23889e-06 -3.75676e-06 4.30199e-06 2.09569e-06
 3.60059e-05 1.03562e-06 -2.70327e-06 3.02557e-06 1.67531e-06
 3.00688e-05 8.90438e-07 -2.04172e-06 2.22987e-06 1.40371e-06
 2.51546e-05 7.72e-07 -1.4714e-06 1.54416e-06 1.17769e-06
 2.01191e-05 6.282e-07 -1.04771e-06 1.06409e-06 8.67725e-07
 1.66026e-05 5.33863e-07 -7.51988e-07 7.14981e-07 7.20512e-07
 1.32417e-05 4.34754e-07 -5.04003e-07 4.52673e-07 5.71292e-07
 1.04673e-05 3.49396e-07 -3.05934e-07 2.45417e-07 4.03326e-07
 8.19337e-06 2.80123e-07 -1.86242e-07 1.21253e-07 3.09186e-07
 6.73025e-06 2.33648e-07 -1.14411e-07 3.87731e-08 2.56726e-07
 5.07657e-06 1.79775e-07 -5.23534e-08 -1.09852e-08 1.86982e-07
 4.07496e-06 1.46459e-07 -1.38819e-08 -4.89495e-08 1.48871e-07
 3.02885e-06 1.09921e-07 5.3387e-09 -5.54889e-08 9.77819e-08
 2.38882e-06 8.79425e-08 2.50145e-08 -6.94537e-08 7.5515e-08
 1.80073e-06 6.69369e-08 2.75806e-08 -6.2745e-08 5.6043e-08
 1.33523e-06 5.01953e-08 2.64237e-08 -5.52634e-08 3.79063e-08
 9.1985e-07 3.48614e-08 2.39446e-08 -4.50809e-08 2.45264e-08
 6.3305e-07 2.43404e-08 2.00955e-08 -3.57791e-08 1.61622e-08
 4.45959e-07 1.71037e-08 1.67868e-08 -2.83398e-08 9.21787e-09
 2.98107e-07 1.15244e-08 1.28876e-08 -2.09605e-08 5.35164e-09
 2.14881e-07 8.38763e-09 1.03538e-08 -1.66632e-08 4.02883e-09
 1.19799e-07 4.68524e-09 6.35231e-09 -9.95806e-09 1.94048e-09
 7.68181e-08 3.01909e-09 4.4435e-09 -6.761e-09 1.14304e-09
 0 0 0 0 0
 0 0 0 0 0
 0 0 0 0 0
 0 0 0 0 0
 0 0 0 0 0
 0 0 0 0 0
 0 0 0 0 0
 0 0 0 0 0
 0 0 0 0 0
 0.0601236 0.0131418 0.00582856 -0.0175289 -0.00891913
 0.0550406 0.0128224 0.00987344 -0.0202355 -0.00907612
 0.0511814 0.0127641 0.014463 -0.0234206 -0.00993925
 0.0470624 0.0125822 0.0209823 -0.0265389 -0.0103074
 0.0438169 0.0125169 0.0233615 -0.0302273 -0.0100791
 0.0400944 0.012381 0.0284565 -0.0332301 -0.00908481
 0.0369393 0.0124888 0.0348542 -0.0373146 -0.0094725
 0.0336887 0.0124198 0.0376599 -0.0404808 -0.0101684
 0.0310625 0.0125901 0.0430211 -0.0434444 -0.00984206
 0.0287304 0.0126114 0.0466171 -0.0465802 -0.00907775
 0.0266458 0.0123652 0.048247 -0.0473046 -0.0100092
 0.0252066 0.0125437 0.0503394 -0.0493064 -0.00958806
 0.0238643 0.0119135 0.0489818 -0.0478401 -0.0102346
 0.0226052 0.0117443 0.0507496 -0.0496056 -0.0103946
 0.0212963 0.0110723 0.0480631 -0.0473612 -0.0110725
 0.0204517 0.0103438 0.0458958 -0.0455056 -0.0113397
 0.0197671 0.00988419 0.0444181 -0.0449524 -0.0109334
 0.0192372 0.00919737 0.0413105 -0.0424333 -0.0113758
 0.019003 0.00848837 0.0357836 -0.0389534 -0.0113825
 0.0182837 0.00772838 0.0336732 -0.0371781 -0.0116873
 0.0178709 0.00690537 0.0316851 -0.0351497 -0.0111482
 0.0174471 0.006417 0.028182 -0.033385 -0.0112282
 0.0168714 0.00534056 0.0238044 -0.0292107 -0.0108376
 0.0164897 0.00496883 0.0217016 -0.0262382 -0.0109338
 0.0159638 0.00429477 0.0175764 -0.0225681 -0.0116999
 0.0155382 0.00347324 0.0138081 -0.0196373 -0.0106419
 0.015221 0.00287583 0.0122058 -0.0173876 -0.00978369
 0.0149243 0.00250236 0.00822487 -0.0134919 -0.00977519
 0.0145977 0.00197661 0.00579686 -0.0110517 -0.009468
 0.0140986 0.00150694 0.00415662 -0.00837738 -0.00872194
 0.0140524 0.00128276 0.00167207 -0.00610996 -0.00828575
 0.0133953 0.000589159 0.000163334 -0.00359205 -0.00793356
 0.0129751 0.000387221 -0.00130228 -0.00154528 -0.00738225
 0.0128782 -5.39837e-06 -0.00361986 0.0007 -0.00684156
 0.0123614 -0.000182137 -0.00390718 0.00185247 -0.00623082
 0.0118302 -0.000311656 -0.00642381 0.00384221 -0.00564102
 0.0115842 -0.000599095 -0.007555 0.00535969 -0.00556632
 0.0110284 -0.000592528 -0.00801837 0.00639913 -0.00497086
 0.0107333 -0.0008376 -0.008391 0.00690388 -0.00470105
 0.0104381 -0.000905156 -0.00941506 0.00827769 -0.0041832
 0.0101269 -0.00103844 -0.00904537 0.00846925 -0.00353329
 0.00973938 -0.0010509 -0.00929506 0.00884812 -0.00324433
 0.00933844 -0.00111264 -0.00959862 0.00946831 -0.0031973
 0.00883606 -0.00101116 -0.009309 0.00910206 -0.00257259
 0.00857406 -0.00102155 -0.00898044 0.00886912 -0.00212434
 0.00816175 -0.00105111 -0.00890025 0.00890731 -0.00212937
 0.00769594 -0.000981469 -0.00856919 0.00876656 -0.00172227
 0.00729725 -0.00092745 -0.00824344 0.00849094 -0.00154304
 0.00694587 -0.000908787 -0.00769375 0.00809306 -0.00140149
 0.0065725 -0.000845513 -0.00703069 0.00745344 -0.00121635
 0.00613493 -0.000752387 -0.0065865 0.00707487 -0.000953719
 0.00578745 -0.000721725 -0.00601771 0.00650225 -0.000839687
 0.00535446 -0.000635719 -0.00545507 0.00594588 -0.000689113
 0.00503574 -0.000593603 -0.00492202 0.00537945 -0.000619073
 0.00467463 -0.000511636 -0.00431057 0.00477271 -0.000506591
 0.00434603 -0.000439122 -0.00392737 0.00440624 -0.000360824
 0.00398412 -0.000379279 -0.0033825 0.00382989 -0.000365886
 0.00367083 -0.000307461 -0.00296502 0.00335574 -0.000254055
 0.0033319 -0.000259019 -0.0025512 0.00291224 -0.0002092
 0.00309251 -0.000207336 -0.00223791 0.00257968 -0.000160882
 0.00278494 -0.000162564 -0.00182031 0.00212005 -9.81819e-05
 0.00253225 -0.000121864 -0.00153032 0.00181372 -8.02538e-05
 0.00230732 -9.32481e-05 -0.00129268 0.00154851 -3.2609e-05
 0.00207888 -6.90275e-05 -0.00107797 0.00130949 -2.16346e-05
 0.00187833 -5.10734e-05 -0.000902762 0.00110449 -1.09268e-05
 0.00169949 -3.52046e-05 -0.000772219 0.000949663 4.42104e-06
 0.00153215 -2.34056e-05 -0.000647838 0.000806744 1.82327e-05
 0.00136578 -1.46332e-05 -0.000530952 0.000665119 2.12887e-05
 0.00122831 -7.89825e-06 -0.000448971 0.000564591 2.78765e-05
 0.00110953 -2.62613e-06 -0.000376532 0.000475978 2.68837e-05
 0.000986956 1.1913e-06 -0.000313838 0.000400169 3.05451e-05
 0.000886156 4.20751e-06 -0.000266599 0.000340182 2.94206e-05
 0.000784706 6.21464e-06 -0.000221039 0.000283305 2.88981e-05
 0.000694513 7.79956e-06 -0.000182304 0.000235448 2.7395e-05
 0.000612116 8.47894e-06 -0.000153903 0.000197359 2.60721e-05
 0.000529874 8.50781e-06 -0.000124619 0.000159523 2.19793e-05
 0.000480529 8.95487e-06 -0.000106449 0.000136768 2.18222e-05
 0.000413017 8.65581e-06 -8.73212e-05 0.000111713 1.93079e-05
 0.000370119 8.52525e-06 -7.31619e-05 9.3375e-05 1.83456e-05
 0.000322467 8.00244e-06 -5.89784e-05 7.50613e-05 1.50566e-05
 0.000278426 7.35631e-06 -4.84919e-05 6.12371e-05 1.39203e-05
 0.00023943 6.60806e-06 -3.87403e-05 4.89402e-05 1.12087e-05
 0.000212068 6.22227e-06 -3.19674e-05 4.01382e-05 1.05988e-05
 0.000177673 5.46944e-06 -2.52854e-05 3.13709e-05 8.79869e-06
 0.000158262 5.12358e-06 -2.09688e-05 2.58071e-05 7.70887e-06
 0.000134024 4.43877e-06 -1.62453e-05 1.98099e-05 6.59587e-06
 0.000113276 3.92272e-06 -1.28335e-05 1.55396e-05 5.55918e-06
 9.69837e-05 3.44306e-06 -1.00242e-05 1.19374e-05 4.74587e-06
 8.09413e-05 2.99091e-06 -7.76687e-06 9.15781e-06 3.92902e-06
 6.79319e-05 2.53826e-06 -5.82584e-06 6.73544e-06 3.10611e-06
 5.89035e-05 2.27071e-06 -4.63128e-06 5.24438e-06 2.78626e-06
 4.86809e-05 1.91502e-06 -3.46889e-06 3.85588e-06 2.21833e-06
 4.03946e-05 1.61889e-06 -2.52709e-06 2.70043e-06 1.83717e-06
 3.44095e-05 1.41154e-06 -1.84874e-06 1.93318e-06 1.53479e-06
 2.75462e-05 1.14637e-06 -1.27459e-06 1.26274e-06 1.15979e-06
 2.25904e-05 9.54425e-07 -8.89575e-07 8.07525e-07 9.56025e-07
 1.84622e-05 7.89919e-07 -5.73705e-07 4.78633e-07 7.33225e-07
 1.47489e-05 6.37763e-07 -3.46874e-07 2.36384e-07 5.68458e-07
 1.20866e-05 5.30768e-07 -2.26474e-07 1.04808e-07 4.54209e-07
 1.00749e-05 4.46382e-07 -1.17959e-07 -4.96428e-09 3.62138e-07
 7.5195e-06 3.37053e-07 -3.77449e-08 -7.0395e-08 2.58966e-07
 5.97043e-06 2.70676e-07 4.47173e-09 -9.7715e-08 2.07622e-07
 4.48257e-06 2.05374e-07 2.75406e-08 -1.05138e-07 1.44129e-07
 3.47517e-06 1.59206e-07 5.18799e-08 -1.19075e-07 1.01452e-07
 2.74217e-06 1.26753e-07 5.32492e-08 -1.09519e-07 8.27106e-08
 1.93461e-06 9.00225e-08 4.82143e-08 -9.17056e-08 5.17669e-08
 1.50451e-06 6.99481e-08 4.74304e-08 -8.43231e-08 3.52261e-08
 1.0842e-06 5.09215e-08 4.08347e-08 -6.82106e-08 2.48805e-08
 7.61612e-07 3.59106e-08 3.20135e-08 -5.27114e-08 1.59781e-08
 5.65017e-07 2.67359e-08 2.73727e-08 -4.303e-08 1.15819e-08
 3.89073e-07 1.83812e-08 2.05924e-08 -3.20868e-08 6.2111e-09
 2.51201e-07 1.18639e-08 1.46218e-08 -2.22588e-08 3.15661e-09
 0 0 0 0 0
 0 0 0 0 0
 0 0 0 0 0
 0 0 0 0 0
 0 0 0 0 0
 0 0 0 0 0
 0 0 0 0 0
 0 0 0 0 0
 0 0 0 0 0
 0 0 0 0 0
 0.0711831 0.0179712 0.00762663 -0.0175725 -0.00709494
 0.0645975 0.0170836 0.0116724 -0.0197669 -0.00815344
 0.0593991 0.0164422 0.0156197 -0.0224843 -0.00778131
 0.0547745 0.015984 0.019873 -0.0250255 -0.00837106
 0.0496171 0.0151579 0.0233114 -0.0281472 -0.00961969
 0.0456501 0.015015 0.0278236 -0.0314739 -0.00935681
 0.0418333 0.0147435 0.0325223 -0.0343653 -0.00947463
 0.0382907 0.0145888 0.0368026 -0.0376538 -0.00879481
 0.0354609 0.0143054 0.0418727 -0.0411056 -0.00857319
 0.0320798 0.0143564 0.0471469 -0.0443478 -0.00884587
 0.0296528 0.014902 0.0505778 -0.0478276 -0.00753781
 0.0273216 0.0145905 0.0525588 -0.0490183 -0.00828831
 0.0255612 0.0140902 0.0535928 -0.0505807 -0.00814475
 0.0245757 0.0142656 0.0548541 -0.0509869 -0.00809044
 0.0226913 0.0130879 0.0533 -0.0491726 -0.00906625
 0.0212251 0.0126111 0.0502617 -0.0485697 -0.00954556
 0.0209589 0.0121011 0.0500372 -0.0481535 -0.00977738
 0.0197386 0.0115029 0.0492949 -0.0473794 -0.00896044
 0.018701 0.0106304 0.0444614 -0.0444713 -0.00890306
 0.018714 0.00995831 0.0424681 -0.0426221 -0.010177
 0.018155 0.00911513 0.0406386 -0.0413146 -0.0093975
 0.0178271 0.00847944 0.0367672 -0.0373872 -0.00969706
 0.0172373 0.00753981 0.0316791 -0.0342036 -0.00961656
 0.016833 0.00681881 0.02854 -0.0313402 -0.00961038
 0.0163982 0.00596856 0.0265322 -0.0285588 -0.00892056
 0.0162214 0.00526659 0.0232794 -0.0260374 -0.00942387
 0.0159644 0.00467841 0.0206187 -0.0233056 -0.00873419
 0.0151962 0.00389401 0.0170382 -0.0202809 -0.00814069
 0.0151186 0.00316835 0.0133921 -0.0167571 -0.00865244
 0.0147805 0.00242828 0.0101745 -0.0132959 -0.00829706
 0.0144329 0.00209986 0.00772644 -0.0106814 -0.00753837
 0.0141208 0.00170216 0.00467762 -0.00770681 -0.00725219
 0.0138954 0.00111797 0.00336796 -0.00591796 -0.00716825
 0.0133221 0.000856444 0.00161812 -0.00365304 -0.00651263
 0.0129538 0.000547161 -0.00213762 -0.000509981 -0.0058939
 0.0126378 8.50131e-05 -0.00297588 0.00122577 -0.00566048
 0.0123322 -3.62178e-05 -0.00489406 0.0030819 -0.00497304
 0.0119866 -0.000150314 -0.00454207 0.00350665 -0.00494693
 0.0115599 -0.000400707 -0.00681337 0.00583403 -0.00463816
 0.0111171 -0.000493523 -0.0072525 0.00660081 -0.00403923
 0.0108388 -0.000650656 -0.00764875 0.00710969 -0.00388095
 0.0104726 -0.000771131 -0.00786531 0.00756381 -0.0033977
 0.00992938 -0.000850081 -0.00862181 0.0086585 -0.00308092
 0.00961712 -0.000881238 -0.00839856 0.00867781 -0.00272945
 0.00932481 -0.000922281 -0.00905006 0.00913744 -0.00245456
 0.00876244 -0.0008332 -0.00851769 0.00865088 -0.00204065
 0.00856862 -0.000901625 -0.00865437 0.00908237 -0.00193317
 0.00809869 -0.000874594 -0.00819744 0.00861262 -0.00174344
 0.0076995 -0.00086305 -0.00805962 0.00851744 -0.00150266
 0.0073935 -0.000798125 -0.00760513 0.00810225 -0.00122269
 0.00684425 -0.000716575 -0.00698588 0.00752194 -0.00106847
 0.006576 -0.000688788 -0.00685531 0.00739437 -0.000903194
 0.00612744 -0.000614567 -0.00616596 0.006747 -0.000741756
 0.00570815 -0.000559356 -0.00555313 0.00610406 -0.00065225
 0.00534306 -0.000476919 -0.00503133 0.00555473 -0.000548104
 0.00496202 -0.000426574 -0.00459054 0.00511097 -0.000439152
 0.00456457 -0.000377908 -0.00407797 0.00455936 -0.000391112
 0.00422206 -0.000313756 -0.00348411 0.00394637 -0.000294249
 0.00389616 -0.000259603 -0.00316502 0.00356201 -0.000241482
 0.00357753 -0.000203091 -0.00267073 0.00307054 -0.000172041
 0.00331066 -0.000151707 -0.00228344 0.00264208 -0.000117654
 0.00300431 -0.000114079 -0.0019236 0.00224619 -9.03269e-05
 0.00265121 -7.92325e-05 -0.00160174 0.00187278 -5.84875e-05
 0.00246504 -5.46792e-05 -0.00134712 0.00160584 -3.32599e-05
 0.00221921 -3.42754e-05 -0.00114928 0.00137958 -1.56663e-05
 0.00203971 -1.72213e-05 -0.000968738 0.00117429 3.75504e-06
 0.00183839 -7.08025e-06 -0.000815406 0.00099715 1.50049e-05
 0.00165191 2.73811e-06 -0.000676081 0.00083245 2.46897e-05
 0.00146556 8.74388e-06 -0.000567811 0.0007015 2.12863e-05
 0.00129016 1.39796e-05 -0.000459403 0.000575891 2.61879e-05
 0.00116966 1.67026e-05 -0.000386448 0.000483738 3.08877e-05
 0.00104537 1.81686e-05 -0.000322124 0.000406229 3.15143e-05
 0.000931056 1.9015e-05 -0.000266714 0.000337094 3.32023e-05
 0.00082705 1.92057e-05 -0.000222961 0.000283497 3.05472e-05
 0.000750906 1.93843e-05 -0.000190353 0.000241358 2.94111e-05
 0.000667994 1.87741e-05 -0.000159734 0.000201952 2.79568e-05
 0.000594939 1.84503e-05 -0.000131844 0.000167534 2.57151e-05
 0.000503869 1.64712e-05 -0.000105453 0.000133471 2.10529e-05
 0.000451526 1.55267e-05 -8.8105e-05 0.000111343 2.01363e-05
 0.000403053 1.45501e-05 -7.33594e-05 9.2845e-05 1.83121e-05
 0.000342662 1.29529e-05 -5.80544e-05 7.30437e-05 1.52757e-05
 0.000303905 1.21783e-05 -4.81156e-05 6.04051e-05 1.4221e-05
 0.000254489 1.04216e-05 -3.84675e-05 4.75526e-05 1.19393e-05
 0.000226313 9.61381e-06 -3.10172e-05 3.85029e-05 1.04915e-05
 0.000193976 8.40631e-06 -2.46608e-05 3.01335e-05 9.01012e-06
 0.000167363 7.48025e-06 -1.97703e-05 2.40124e-05 7.98162e-06
 0.000142858 6.48437e-06 -1.54169e-05 1.84065e-05 6.70231e-06
 0.000120597 5.59917e-06 -1.16769e-05 1.38151e-05 5.44983e-06
 0.000103479 4.8873e-06 -9.13663e-06 1.06849e-05 4.62276e-06
 8.96606e-05 4.328e-06 -7.28e-06 8.34888e-06 3.98474e-06
 7.46613e-05 3.63269e-06 -5.4397e-06 6.05417e-06 3.31839e-06
 6.35169e-05 3.14403e-06 -4.12609e-06 4.55009e-06 2.68865e-06
 5.24908e-05 2.63746e-06 -2.97905e-06 3.11002e-06 2.26756e-06
 4.41537e-05 2.25141e-06 -2.172e-06 2.20539e-06 1.84729e-06
 3.60241e-05 1.84258e-06 -1.46277e-06 1.39748e-06 1.40882e-06
 2.96722e-05 1.53802e-06 -1.01938e-06 9.14006e-07 1.15579e-06
 2.43038e-05 1.27086e-06 -6.33456e-07 4.68428e-07 9.28225e-07
 2.04176e-05 1.07786e-06 -3.85194e-07 1.97671e-07 7.54775e-07
 1.63939e-05 8.76006e-07 -1.96228e-07 1.58696e-08 5.88779e-07
 1.26304e-05 6.78044e-07 -8.29006e-08 -9.44538e-08 4.42691e-07
 1.02586e-05 5.52014e-07 6.735e-09 -1.66041e-07 3.22426e-07
 8.26713e-06 4.4915e-07 5.37191e-08 -1.9225e-07 2.5983e-07
 6.52681e-06 3.56871e-07 8.568e-08 -2.07804e-07 1.94698e-07
 5.19731e-06 2.8446e-07 1.03216e-07 -2.08308e-07 1.50547e-07
 4.03682e-06 2.22458e-07 9.55444e-08 -1.84031e-07 1.14739e-07
 3.12601e-06 1.72051e-07 9.62563e-08 -1.68592e-07 8.08031e-08
 2.28385e-06 1.26033e-07 8.22494e-08 -1.39429e-07 5.65478e-08
 1.66659e-06 9.2355e-08 6.92725e-08 -1.11467e-07 3.42966e-08
 1.26139e-06 6.98825e-08 6.09714e-08 -9.55719e-08 2.4038e-08
 9.09481e-07 5.06239e-08 4.78942e-08 -7.39406e-08 1.77689e-08
 6.14505e-07 3.40755e-08 3.55487e-08 -5.37516e-08 8.79381e-09
 0 0 0 0 0
 0 0 0 0 0
 0 0 0 0 0
 0 0 0 0 0
 0 0 0 0 0
 0 0 0 0 0
 0 0 0 0 0
 0 0 0 0 0
 0 0 0 0 0
 0 0 0 0 0
 0 0 0 0 0
 0.0827356 0.0242398 0.0111251 -0.0172006 -0.00415681
 0.0748856 0.0225456 0.0144891 -0.0192051 -0.00632825
 0.0685656 0.0212914 0.0172006 -0.0216178 -0.00644956
 0.0613071 0.0198261 0.0204237 -0.0235606 -0.00678381
 0.0564061 0.0189629 0.0233665 -0.0261155 -0.00711869
 0.0513108 0.0181204 0.027362 -0.028655 -0.00762881
 0.0467478 0.0174117 0.0302351 -0.0312639 -0.00781281
 0.0429496 0.0169716 0.0350521 -0.0343162 -0.00778519
 0.0384406 0.0164819 0.0381952 -0.0371671 -0.00794481
 0.0352927 0.0160846 0.0441973 -0.0405901 -0.0073915
 0.0320096 0.0162046 0.0475294 -0.0433152 -0.00693106
 0.029266 0.0159329 0.0516222 -0.0464821 -0.00669856
 0.0269867 0.0161153 0.0539596 -0.0489803 -0.00593803
 0.0249584 0.0156867 0.0563681 -0.0501741 -0.00624101
 0.0231098 0.0151394 0.0563365 -0.0504593 -0.00640119
 0.0220143 0.0145801 0.0564351 -0.0512463 -0.00685969
 0.0209912 0.0140911 0.0549963 -0.0496699 -0.00725412
 0.0204011 0.0136197 0.0544183 -0.0497572 -0.00675363
 0.0198974 0.0126433 0.0503412 -0.0470666 -0.00816131
 0.0190024 0.0119501 0.04982 -0.0463711 -0.00776694
 0.0181372 0.0113176 0.0472777 -0.0444409 -0.00759544
 0.0179758 0.00989619 0.0425002 -0.0420845 -0.00773525
 0.0175612 0.00908631 0.0393338 -0.0392279 -0.00859419
 0.0171484 0.00837906 0.0358207 -0.0357146 -0.008268
 0.0162382 0.00734731 0.0316453 -0.0321423 -0.008313
 0.0164536 0.00652194 0.0281693 -0.0295194 -0.00830994
 0.0162188 0.00553654 0.0258157 -0.0269972 -0.00818356
 0.0157697 0.00489499 0.0228437 -0.0247338 -0.00794206
 0.0152815 0.00449858 0.0186029 -0.020719 -0.00765394
 0.0153617 0.00374066 0.0170633 -0.0188552 -0.00736994
 0.0149217 0.00305749 0.0123292 -0.0145715 -0.00734081
 0.0143856 0.00244896 0.00938137 -0.0110877 -0.00707669
 0.0143646 0.00182695 0.00781744 -0.00893763 -0.00648281
 0.0139074 0.00159194 0.00589266 -0.00740944 -0.00597206
 0.0134034 0.00105798 0.00336704 -0.00470474 -0.00603575
 0.0132837 0.0006675 0.00109816 -0.00226692 -0.00571557
 0.0129025 0.000503993 -0.000198657 -0.000696731 -0.00520611
 0.0126185 0.000217823 -0.00180681 0.00120313 -0.0047558
 0.0122369 3.05629e-05 -0.00314285 0.00262519 -0.00402337
 0.0118412 -0.000275911 -0.00481659 0.00451968 -0.00427333
 0.0116603 -0.000461416 -0.00541123 0.00526875 -0.00390292
 0.0110049 -0.000452955 -0.00638819 0.00633194 -0.00349183
 0.0107648 -0.000624734 -0.00664294 0.00652456 -0.00309703
 0.0102671 -0.000613449 -0.00748087 0.00750056 -0.00272165
 0.009978 -0.000661263 -0.00756719 0.00794088 -0.00250758
 0.00945688 -0.000664481 -0.00785781 0.00824037 -0.00221257
 0.00922175 -0.000722669 -0.00774056 0.00821913 -0.00194131
 0.00870413 -0.000729869 -0.00741538 0.00796794 -0.00181841
 0.00835569 -0.000667181 -0.00732931 0.00803188 -0.00147067
 0.00792694 -0.000674162 -0.00771606 0.00835612 -0.0013283
 0.00754225 -0.00066 -0.00733637 0.00794006 -0.00120247
 0.00714606 -0.000588342 -0.00690844 0.00751575 -0.00101835
 0.00667638 -0.000542849 -0.00644475 0.00706331 -0.000882
 0.00629506 -0.000502078 -0.00593749 0.00655881 -0.000692475
 0.0058884 -0.000435232 -0.00544889 0.00604788 -0.000568275
 0.00556844 -0.000399286 -0.00500936 0.00561599 -0.000495889
 0.00507773 -0.000337161 -0.00446871 0.00495163 -0.00040935
 0.00482079 -0.00028555 -0.00403201 0.00456876 -0.000296635
 0.00442821 -0.000232274 -0.00359674 0.00406536 -0.000237387
 0.00404836 -0.000187773 -0.00312441 0.00355312 -0.000204371
 0.00374692 -0.000141935 -0.00270999 0.00310371 -0.000147969
 0.00343099 -0.00010201 -0.00232702 0.00268465 -0.000106047
 0.00310726 -6.5515e-05 -0.00196619 0.00228622 -7.12681e-05
 0.00283878 -3.68454e-05 -0.00164732 0.00192786 -3.46301e-05
 0.00256632 -1.27121e-05 -0.00137561 0.00162871 -3.04414e-05
 0.00234839 4.44151e-06 -0.00114958 0.00137489 1.90729e-06
 0.00212506 1.72785e-05 -0.000960962 0.00116313 7.73769e-06
 0.00189016 2.54295e-05 -0.000800606 0.000973606 1.21009e-05
 0.00173114 3.17675e-05 -0.000678662 0.000831094 2.62209e-05
 0.00155301 3.45048e-05 -0.000566157 0.000695288 3.04518e-05
 0.00139873 3.61764e-05 -0.000472831 0.000587234 3.27568e-05
 0.00125077 3.67355e-05 -0.000400688 0.00049748 3.12658e-05
 0.00110623 3.47548e-05 -0.000325761 0.000405043 3.19496e-05
 0.000997844 3.55435e-05 -0.000269345 0.000338937 3.25052e-05
 0.00088585 3.44444e-05 -0.000225484 0.000284864 2.99983e-05
 0.000790906 3.18816e-05 -0.00018834 0.000237491 2.83235e-05
 0.000696894 2.9526e-05 -0.000156849 0.000195719 2.68562e-05
 0.000615476 2.74823e-05 -0.000128336 0.000160969 2.52399e-05
 0.000550134 2.53954e-05 -0.000105837 0.000132899 2.3289e-05
 0.000481395 2.30302e-05 -8.58131e-05 0.000107637 2.02932e-05
 0.000413031 2.03446e-05 -6.80438e-05 8.50256e-05 1.70189e-05
 0.000360046 1.82749e-05 -5.61093e-05 6.97594e-05 1.56341e-05
 0.000317827 1.65603e-05 -4.5422e-05 5.61974e-05 1.42127e-05
 0.000273785 1.45653e-05 -3.66487e-05 4.50465e-05 1.1839e-05
 0.000236483 1.28437e-05 -2.89715e-05 3.53411e-05 1.04909e-05
 0.000207622 1.14142e-05 -2.35495e-05 2.83523e-05 8.97669e-06
 0.000181185 1.01701e-05 -1.8598e-05 2.21911e-05 8.11069e-06
 0.000151346 8.60631e-06 -1.4333e-05 1.69951e-05 6.48031e-06
 0.000130639 7.50469e-06 -1.10844e-05 1.28806e-05 5.53484e-06
 0.000111873 6.511e-06 -8.41662e-06 9.61325e-06 4.81921e-06
 9.44469e-05 5.58144e-06 -6.35125e-06 7.06356e-06 4.04379e-06
 7.97794e-05 4.74931e-06 -4.75559e-06 5.12818e-06 3.21233e-06
 6.91244e-05 4.15157e-06 -3.52162e-06 3.63326e-06 2.88647e-06
 5.68447e-05 3.4518e-06 -2.46957e-06 2.41682e-06 2.27196e-06
 4.68191e-05 2.85874e-06 -1.68706e-06 1.55168e-06 1.78944e-06
 3.99308e-05 2.44824e-06 -1.08374e-06 8.537e-07 1.52484e-06
 3.27032e-05 2.02909e-06 -7.14106e-07 4.47323e-07 1.24192e-06
 2.70943e-05 1.68422e-06 -4.09487e-07 1.47806e-07 9.87931e-07
 2.11306e-05 1.32564e-06 -1.83667e-07 -6.58419e-08 7.41113e-07
 1.78827e-05 1.11793e-06 -1.07575e-08 -2.5083e-07 5.83767e-07
 1.39353e-05 8.767e-07 8.42494e-08 -3.10091e-07 4.33985e-07
 1.15124e-05 7.2725e-07 1.32622e-07 -3.37524e-07 3.45337e-07
 8.78644e-06 5.56602e-07 1.60066e-07 -3.31062e-07 2.60182e-07
 7.13337e-06 4.52194e-07 1.75038e-07 -3.25573e-07 1.84952e-07
 5.62604e-06 3.57801e-07 1.63687e-07 -2.92707e-07 1.49821e-07
 4.42081e-06 2.81225e-07 1.60277e-07 -2.65796e-07 1.13603e-07
 3.34896e-06 2.13301e-07 1.41941e-07 -2.27092e-07 7.95962e-08
 2.62489e-06 1.67579e-07 1.20602e-07 -1.91889e-07 6.00449e-08
 1.77441e-06 1.12659e-07 9.15825e-08 -1.41665e-07 3.13932e-08
 1.32488e-06 8.43981e-08 7.63169e-08 -1.15077e-07 2.46994e-08
 0 0 0 0 0
 0 0 0 0 0
 0 0 0 0 0
 0 0 0 0 0
 0 0 0 0 0
 0 0 0 0 0
 0 0 0 0 0
 0 0 0 0 0
 0 0 0 0 0
 0 0 0 0 0
 0 0 0 0 0
 0 0 0 0 0
 0.0970375 0.0323696 0.0131363 -0.0168574 -0.000864881
 0.0860987 0.0293349 0.0170161 -0.0186889 -0.00147202
 0.0768681 0.0267875 0.0192149 -0.0203928 -0.00320417
 0.0690681 0.0246058 0.0223517 -0.0222192 -0.00395446
 0.062429 0.0229151 0.0243695 -0.0244513 -0.00535046
 0.0565181 0.0214405 0.0258519 -0.0260663 -0.00500667
 0.0511723 0.0202408 0.0305946 -0.0282763 -0.00594677
 0.0464249 0.0192098 0.0329794 -0.0305631 -0.0057199
 0.0425449 0.0185081 0.0379928 -0.0335651 -0.00580477
 0.0389371 0.0181628 0.0397672 -0.0358641 -0.00555998
 0.0350884 0.0177743 0.0441226 -0.0387645 -0.00499874
 0.0322218 0.0175745 0.0486055 -0.0423784 -0.00532437
 0.0288925 0.0173327 0.0516836 -0.0445994 -0.00493015
 0.0268775 0.0170826 0.0538978 -0.0466083 -0.00434782
 0.0244231 0.0165445 0.0538366 -0.0468048 -0.00441882
 0.0230416 0.0163179 0.0566487 -0.0487888 -0.00437354
 0.0220861 0.015741 0.0569738 -0.0489638 -0.00495276
 0.0206193 0.0150702 0.0543327 -0.0483164 -0.00492157
 0.0199376 0.014235 0.0549451 -0.0489948 -0.00627725
 0.0192021 0.0135464 0.0523866 -0.0474948 -0.00615776
 0.018867 0.0128616 0.0501319 -0.0451146 -0.00569576
 0.0180669 0.0116989 0.046256 -0.0433254 -0.00649831
 0.0173415 0.0107213 0.044448 -0.0418167 -0.00636269
 0.0175069 0.00986812 0.0412074 -0.039192 -0.006739
 0.0168766 0.00876669 0.0368527 -0.0355001 -0.00642225
 0.0168459 0.00805475 0.0343385 -0.0331599 -0.00641063
 0.0162889 0.0071255 0.0308697 -0.0301136 -0.00666213
 0.0158314 0.00631462 0.0278884 -0.0280241 -0.00694956
 0.0157884 0.00545282 0.0225676 -0.0239967 -0.00710481
 0.0152423 0.00487906 0.0205903 -0.0215298 -0.006442
 0.0152836 0.00406608 0.0183171 -0.0184622 -0.00622653
 0.0149368 0.00347893 0.0146519 -0.0152876 -0.00602686
 0.0144117 0.00262086 0.0114982 -0.0127548 -0.00614743
 0.0142928 0.00223081 0.00898244 -0.0102095 -0.00600241
 0.0138861 0.00175311 0.00682537 -0.00759775 -0.00558571
 0.0134811 0.00143029 0.00503266 -0.00568297 -0.00517509
 0.0130886 0.00116198 0.00286907 -0.00361096 -0.00458319
 0.0129259 0.000657063 0.000244449 -0.000611114 -0.00469824
 0.0127257 0.000463351 -0.000658469 0.000660288 -0.00422771
 0.0123837 0.000298089 -0.002216 0.00198239 -0.00363372
 0.0119849 -2.53447e-05 -0.00386616 0.0038515 -0.00369858
 0.0115966 -4.87548e-05 -0.00439929 0.00444287 -0.00322856
 0.0112092 -0.000180573 -0.00461726 0.00512838 -0.00285084
 0.0107942 -0.000271717 -0.00610673 0.00637094 -0.00268945
 0.0103132 -0.000355428 -0.00608774 0.00654062 -0.00240763
 0.0100968 -0.000440392 -0.0070745 0.0075 -0.0022255
 0.00956263 -0.000502087 -0.00695119 0.00755881 -0.00202126
 0.00931506 -0.000522816 -0.00729419 0.00790988 -0.00179415
 0.00890481 -0.000506523 -0.00723256 0.00795431 -0.00152934
 0.00847112 -0.000491349 -0.00734794 0.008023 -0.00127812
 0.008038 -0.000484287 -0.00694194 0.00761606 -0.00110514
 0.00761744 -0.000484712 -0.00690731 0.00752819 -0.00102978
 0.00722144 -0.000429657 -0.00642813 0.00708894 -0.000866794
 0.00686081 -0.000411404 -0.00643556 0.00711413 -0.000732869
 0.00644881 -0.000378397 -0.00576938 0.00633325 -0.000696725
 0.00593818 -0.000313243 -0.00514489 0.00576777 -0.000543274
 0.00561541 -0.000277597 -0.00479206 0.00534012 -0.000428251
 0.00529372 -0.00024182 -0.00445738 0.00500837 -0.000354537
 0.00485038 -0.000198701 -0.00399664 0.00450256 -0.000272018
 0.00454948 -0.000156811 -0.00350583 0.00398106 -0.000224834
 0.00416187 -0.000110838 -0.00305258 0.00348369 -0.000169391
 0.00386653 -8.04275e-05 -0.0026901 0.00307901 -0.000125119
 0.00353131 -3.96134e-05 -0.00228857 0.00265492 -7.19213e-05
 0.00316702 -1.38314e-05 -0.00187991 0.00220023 -6.29487e-05
 0.00290755 1.33031e-05 -0.00165279 0.00193466 -3.71231e-05
 0.00266023 3.05913e-05 -0.00139699 0.00163694 -1.94723e-05
 0.00240621 4.50276e-05 -0.00113701 0.00135938 -1.29919e-06
 0.00218971 4.91782e-05 -0.000981175 0.0011768 1.41424e-05
 0.0019972 5.79074e-05 -0.000802 0.000973006 1.80724e-05
 0.00178124 5.90291e-05 -0.000665037 0.00081145 2.50886e-05
 0.001607 5.92286e-05 -0.000573007 0.000700625 2.83572e-05
 0.00144401 5.81951e-05 -0.000459628 0.000568276 3.03256e-05
 0.00127555 5.63577e-05 -0.000382074 0.000473568 3.06875e-05
 0.00115922 5.38484e-05 -0.00032043 0.000396512 3.31124e-05
 0.00103099 5.05689e-05 -0.000266454 0.000331899 3.11501e-05
 0.000919744 4.75391e-05 -0.000216153 0.000270888 3.02788e-05
 0.000817469 4.42171e-05 -0.000183059 0.000226736 2.81746e-05
 0.000726081 4.03724e-05 -0.000147519 0.000185467 2.74209e-05
 0.00065615 3.76844e-05 -0.000123764 0.000153795 2.48627e-05
 0.000570567 3.34311e-05 -0.000100244 0.000124732 2.32346e-05
 0.000498548 3.01604e-05 -8.28862e-05 0.000102736 2.06842e-05
 0.000443832 2.74616e-05 -6.77175e-05 8.37413e-05 1.84497e-05
 0.00038511 2.41772e-05 -5.46303e-05 6.69262e-05 1.59244e-05
 0.000334309 2.1397e-05 -4.30435e-05 5.25611e-05 1.40499e-05
 0.000290725 1.88108e-05 -3.44436e-05 4.16273e-05 1.22012e-05
 0.000252224 1.65506e-05 -2.77706e-05 3.33672e-05 1.09161e-05
 0.000217528 1.45233e-05 -2.1625e-05 2.56523e-05 9.17481e-06
 0.000185467 1.24244e-05 -1.63564e-05 1.91543e-05 7.62456e-06
 0.000161698 1.09509e-05 -1.28295e-05 1.47297e-05 6.52406e-06
 0.000136373 9.30937e-06 -9.747e-06 1.08455e-05 5.55732e-06
 0.000116157 8.00156e-06 -7.27388e-06 7.99688e-06 4.62629e-06
 9.91194e-05 6.86206e-06 -5.26169e-06 5.51807e-06 3.87928e-06
 8.24213e-05 5.74005e-06 -3.77487e-06 3.79184e-06 3.17013e-06
 7.02394e-05 4.92259e-06 -2.86479e-06 2.73551e-06 2.63659e-06
 5.97602e-05 4.21144e-06 -1.87944e-06 1.59842e-06 2.24194e-06
 4.88674e-05 3.44377e-06 -1.17107e-06 8.3165e-07 1.74765e-06
 4.13942e-05 2.93808e-06 -7.21194e-07 3.45655e-07 1.45714e-06
 3.44443e-05 2.45503e-06 -3.28494e-07 -3.82019e-08 1.18155e-06
 2.74657e-05 1.96318e-06 -6.29494e-08 -3.02102e-07 9.36075e-07
 2.29672e-05 1.64014e-06 9.18194e-08 -4.32664e-07 7.30988e-07
 1.89835e-05 1.36387e-06 1.59683e-07 -4.81098e-07 5.95998e-07
 1.54256e-05 1.10821e-06 2.57507e-07 -5.46631e-07 4.62476e-07
 1.23587e-05 8.89362e-07 2.62208e-07 -5.16009e-07 3.47379e-07
 9.87294e-06 7.08081e-07 2.91559e-07 -5.05074e-07 2.61009e-07
 7.53269e-06 5.43212e-07 2.43986e-07 -4.24636e-07 2.00222e-07
 5.82234e-06 4.17904e-07 2.27806e-07 -3.73318e-07 1.34323e-07
 4.43929e-06 3.18461e-07 2.05268e-07 -3.18743e-07 9.9345e-08
 3.39231e-06 2.43234e-07 1.74831e-07 -2.68251e-07 6.62369e-08
 2.66337e-06 1.90534e-07 1.50025e-07 -2.26681e-07 4.89143e-08
 0 0 0 0 0
 0 0 0 0 0
 0 0 0 0 0
 0 0 0 0 0
 0 0 0 0 0
 0 0 0 0 0
 0 0 0 0 0
 0 0 0 0 0
 0 0 0 0 0
 0 0 0 0 0
 0 0 0 0 0
 0 0 0 0 0
 0 0 0 0 0
 0.113155 0.0423637 0.0165614 -0.0161201 0.00529454
 0.0984306 0.0375037 0.0181414 -0.0175972 0.00375094
 0.08611 0.0333014 0.0210387 -0.0190123 0.000606022
 0.07733 0.0301421 0.022945 -0.0203713 0.000724075
 0.0686269 0.0272156 0.0243859 -0.0220068 -0.00160881
 0.0617186 0.0251714 0.0275017 -0.0237626 -0.00183533
 0.0557547 0.0234875 0.0293528 -0.0257463 -0.00327807
 0.0507186 0.0223061 0.0325397 -0.027604 -0.00344161
 0.0457993 0.0208318 0.0339784 -0.0288511 -0.00364081
 0.0417824 0.0200163 0.0374433 -0.0318478 -0.00342311
 0.0377351 0.0191084 0.0400042 -0.0340906 -0.00443255
 0.0339732 0.0187586 0.0437266 -0.0366766 -0.00369296
 0.0309403 0.0182187 0.0469756 -0.0392311 -0.00423541
 0.0279961 0.0179772 0.0505944 -0.0422321 -0.00341368
 0.0259407 0.0176532 0.0522085 -0.0439526 -0.00334969
 0.0241145 0.0173827 0.0534472 -0.0452488 -0.00344136
 0.0225692 0.0169841 0.0562013 -0.0465089 -0.00329942
 0.0217553 0.0164879 0.0561639 -0.047458 -0.00361099
 0.0205343 0.0158558 0.0550139 -0.0473001 -0.00402068
 0.0196633 0.0149446 0.0520795 -0.045664 -0.00436353
 0.0190381 0.0138859 0.0520767 -0.0448945 -0.00461243
 0.0185912 0.0130863 0.0512596 -0.0442999 -0.00508461
 0.0180003 0.0118788 0.0451914 -0.0414291 -0.00519812
 0.0172577 0.0112225 0.0444826 -0.0408501 -0.00514673
 0.0170946 0.0100634 0.0398533 -0.0376717 -0.00548712
 0.0168021 0.00928719 0.0368646 -0.0354099 -0.00569806
 0.0165829 0.00853794 0.0345563 -0.0330546 -0.00549476
 0.0161777 0.00739719 0.0319802 -0.0302494 -0.00563213
 0.0160077 0.00655519 0.0282641 -0.0273917 -0.00567032
 0.0157512 0.0056672 0.0247062 -0.0236465 -0.00612509
 0.0150061 0.00507697 0.0235118 -0.0232859 -0.0054841
 0.0151601 0.00435406 0.0196886 -0.0192583 -0.00555115
 0.0145147 0.00348926 0.0153786 -0.0159496 -0.00563568
 0.0144732 0.00303777 0.0130336 -0.0132403 -0.00560369
 0.0142626 0.00242296 0.00934619 -0.0097935 -0.00542006
 0.0138759 0.0019027 0.00800888 -0.00798462 -0.00484893
 0.0134895 0.00155376 0.00684875 -0.00657656 -0.00484694
 0.0134096 0.00128774 0.00391904 -0.00364382 -0.00449331
 0.0130364 0.00102246 0.00206656 -0.00194132 -0.00400574
 0.0124717 0.000764612 0.00077445 -0.000710694 -0.00351125
 0.0123586 0.000364058 -0.000797687 0.0009415 -0.00362144
 0.0120355 0.000276614 -0.00260356 0.00326855 -0.00330272
 0.011564 7.4725e-05 -0.00346869 0.00371452 -0.00290963
 0.0112409 -4.88031e-05 -0.00471845 0.00521658 -0.00289629
 0.0109256 -0.000240993 -0.00523819 0.00583264 -0.00268864
 0.0104947 -0.000201432 -0.00537246 0.00615521 -0.00222362
 0.0100852 -0.000267678 -0.00614662 0.00687381 -0.00206745
 0.009658 -0.00033546 -0.00670688 0.00736325 -0.00192146
 0.00942894 -0.000319639 -0.00656431 0.00733725 -0.0015865
 0.00895 -0.000320565 -0.0065805 0.00748862 -0.0013285
 0.00854344 -0.000367193 -0.00633606 0.00710744 -0.00123619
 0.00811819 -0.000363196 -0.00649144 0.00720563 -0.00110696
 0.00763544 -0.000328849 -0.00605426 0.00684131 -0.000971644
 0.00732862 -0.000289686 -0.00598949 0.00672181 -0.000855481
 0.00689069 -0.000278864 -0.00597898 0.00668662 -0.000677381
 0.00646981 -0.000250691 -0.00535641 0.00602966 -0.000568364
 0.00612864 -0.000214698 -0.00509949 0.00572457 -0.000464808
 0.00564887 -0.000176471 -0.00451562 0.00507109 -0.000353236
 0.00527673 -0.000136918 -0.00420454 0.00472397 -0.000340863
 0.00494555 -0.000103361 -0.00373751 0.00423045 -0.000234189
 0.00459301 -6.6705e-05 -0.0034264 0.00390216 -0.000203014
 0.00424139 -3.87819e-05 -0.00303258 0.00345616 -0.000135359
 0.00388572 -9.29619e-06 -0.00253189 0.00291419 -0.000122914
 0.00352927 2.15803e-05 -0.00220111 0.00253956 -7.83725e-05
 0.00321464 4.5174e-05 -0.00188461 0.00218164 -5.41286e-05
 0.00302159 6.44469e-05 -0.00164062 0.00190626 -2.00943e-05
 0.00270329 7.41013e-05 -0.00133007 0.00156167 -1.47354e-05
 0.00244413 8.09444e-05 -0.00111788 0.00132489 -1.80747e-06
 0.00220576 8.67313e-05 -0.000916706 0.00109574 1.54202e-05
 0.00199673 8.63688e-05 -0.000775256 0.000931531 2.09754e-05
 0.00182023 8.72656e-05 -0.000647675 0.000783212 2.80543e-05
 0.00162448 8.30925e-05 -0.000537191 0.000652888 2.98918e-05
 0.00146829 8.04212e-05 -0.000449439 0.000547336 2.99696e-05
 0.00133524 7.6605e-05 -0.000380746 0.000464115 3.54846e-05
 0.00117597 7.08675e-05 -0.000309671 0.000380327 3.30856e-05
 0.00106519 6.63163e-05 -0.000259552 0.00031752 3.20673e-05
 0.0009534 6.13206e-05 -0.000212196 0.000261658 3.23183e-05
 0.000844619 5.61901e-05 -0.000174564 0.000215994 2.93973e-05
 0.000745919 5.05177e-05 -0.000141472 0.000174779 2.62694e-05
 0.000651925 4.52111e-05 -0.0001132 0.000140161 2.32449e-05
 0.000585896 4.15638e-05 -9.61119e-05 0.000118253 2.2032e-05
 0.000510786 3.68856e-05 -7.71519e-05 9.42806e-05 1.94051e-05
 0.000442584 3.24706e-05 -6.13524e-05 7.49881e-05 1.762e-05
 0.00039241 2.90901e-05 -4.94011e-05 5.9358e-05 1.58692e-05
 0.000340397 2.54462e-05 -3.94732e-05 4.71328e-05 1.30861e-05
 0.000299876 2.26683e-05 -3.17094e-05 3.75768e-05 1.17601e-05
 0.000256611 1.96361e-05 -2.46616e-05 2.90014e-05 1.06265e-05
 0.000223919 1.72563e-05 -1.90732e-05 2.19638e-05 8.593e-06
 0.000186981 1.44267e-05 -1.43844e-05 1.61874e-05 7.06369e-06
 0.000164503 1.28423e-05 -1.10076e-05 1.23038e-05 6.35331e-06
 0.000142908 1.12107e-05 -8.49338e-06 9.03575e-06 5.62323e-06
 0.000117987 9.28619e-06 -5.83369e-06 6.04878e-06 4.33907e-06
 0.000100274 7.94013e-06 -4.18036e-06 4.18568e-06 3.69386e-06
 8.793e-05 6.96856e-06 -2.98109e-06 2.66505e-06 3.27031e-06
 7.22269e-05 5.73062e-06 -2.03439e-06 1.60218e-06 2.55539e-06
 5.90511e-05 4.7011e-06 -1.06389e-06 5.97427e-07 2.02326e-06
 5.00801e-05 4.00025e-06 -6.13746e-07 1.47651e-07 1.70151e-06
 4.21208e-05 3.36367e-06 -1.92257e-07 -2.92548e-07 1.32489e-06
 3.5245e-05 2.82503e-06 4.80327e-08 -5.30199e-07 1.17391e-06
 2.85906e-05 2.29569e-06 2.04136e-07 -6.59994e-07 9.28837e-07
 2.38988e-05 1.92138e-06 3.42734e-07 -7.54694e-07 7.38881e-07
 1.93886e-05 1.55866e-06 3.95879e-07 -7.73987e-07 5.73519e-07
 1.54032e-05 1.23395e-06 4.1722e-07 -7.38356e-07 4.15686e-07
 1.27506e-05 1.02409e-06 4.081e-07 -6.96406e-07 3.50915e-07
 9.88394e-06 7.92056e-07 3.77641e-07 -6.15341e-07 2.52917e-07
 8.11669e-06 6.51156e-07 3.63982e-07 -5.7387e-07 2.00316e-07
 6.07219e-06 4.85115e-07 3.06725e-07 -4.66308e-07 1.39352e-07
 4.96628e-06 3.97175e-07 2.74119e-07 -4.10114e-07 1.08491e-07
 0 0 0 0 0
 0 0 0 0 0
 0 0 0 0 0
 0 0 0 0 0
 0 0 0 0 0
 0 0 0 0 0
 0 0 0 0 0
 0 0 0 0 0
 0 0 0 0 0
 0 0 0 0 0
 0 0 0 0 0
 0 0 0 0 0
 0 0 0 0 0
 0 0 0 0 0
 0.130414 0.0546859 0.0193986 -0.0156833 0.0131941
 0.112813 0.0471958 0.0203348 -0.0165523 0.009461
 0.0978006 0.0413398 0.0223652 -0.0179315 0.00670075
 0.0850831 0.0362756 0.0237446 -0.0190506 0.00433409
 0.0756975 0.0326796 0.0259456 -0.0207794 0.00226601
 0.067245 0.0293655 0.0273423 -0.0214863 0.0008483
 0.0600223 0.0269914 0.029003 -0.0228569 -0.000495304
 0.0543877 0.0250507 0.0313906 -0.0248904 -0.00111773
 0.0493651 0.0233629 0.0334119 -0.0262581 -0.00155422
 0.0446383 0.0220087 0.0360048 -0.0285308 -0.00283183
 0.0402866 0.0208167 0.0379316 -0.0301761 -0.002894
 0.0361269 0.0199581 0.0400182 -0.0321239 -0.00240667
 0.0327995 0.0194441 0.0424857 -0.034862 -0.00291286
 0.0301587 0.0189786 0.0469263 -0.0375419 -0.00233549
 0.0273275 0.0183996 0.0479748 -0.0390466 -0.00258769
 0.0254704 0.0184028 0.0498876 -0.0407836 -0.0019445
 0.0237971 0.0179256 0.0516786 -0.0426655 -0.00163116
 0.0220783 0.0172551 0.0535851 -0.0437884 -0.00256472
 0.0213931 0.0170517 0.0537389 -0.0449474 -0.00146963
 0.0199331 0.0160614 0.0528627 -0.0441871 -0.00268984
 0.0194999 0.0151748 0.0517351 -0.0438008 -0.00301859
 0.0182329 0.0140251 0.0504847 -0.0435354 -0.00322929
 0.0177006 0.0130274 0.0468216 -0.0411927 -0.00348554
 0.0171987 0.0121767 0.0450921 -0.0395332 -0.00314956
 0.0172799 0.0115061 0.0424849 -0.0383831 -0.00380489
 0.0168856 0.0104781 0.0414979 -0.0378857 -0.00411096
 0.0163102 0.00937181 0.0380489 -0.0347809 -0.00443328
 0.0162184 0.00819263 0.0329386 -0.030364 -0.00474925
 0.0161848 0.00759606 0.0307382 -0.0284617 -0.00458271
 0.0155797 0.0066585 0.0275983 -0.0263062 -0.00497659
 0.0153164 0.00559938 0.0234281 -0.0225867 -0.00521419
 0.0149801 0.00496099 0.0215279 -0.0205483 -0.00478991
 0.0148385 0.00432033 0.0181754 -0.0178718 -0.00512599
 0.0145246 0.00382063 0.0161619 -0.0156148 -0.00491529
 0.0140849 0.00335761 0.0135709 -0.0133556 -0.00439007
 0.0140506 0.00266609 0.0106797 -0.0104306 -0.00448942
 0.0137497 0.00212842 0.00948956 -0.0088565 -0.00468302
 0.0133865 0.00187226 0.006829 -0.00653719 -0.00408537
 0.0133681 0.00140546 0.00494531 -0.00400836 -0.00392368
 0.0128634 0.00112459 0.00249839 -0.00211047 -0.00361587
 0.0126623 0.000838587 0.00135871 -0.000759925 -0.00344559
 0.0121493 0.000623284 -0.000534384 0.00120119 -0.00309893
 0.0117991 0.000491195 -0.00100152 0.00182264 -0.00307918
 0.0117019 0.000314255 -0.00288847 0.00348088 -0.00258243
 0.0111494 8.77412e-05 -0.00403188 0.00477626 -0.00245409
 0.0107409 3.39639e-05 -0.00400577 0.00489055 -0.00218517
 0.01049 -4.21757e-05 -0.00478896 0.00569863 -0.00206131
 0.0100784 -9.64375e-05 -0.00539407 0.00627938 -0.00184561
 0.00961612 -0.000105302 -0.00546969 0.00623108 -0.00166026
 0.00928087 -0.00014198 -0.00572806 0.00672706 -0.00138089
 0.00883369 -0.000176028 -0.00565041 0.00655363 -0.00124991
 0.00842881 -0.000192206 -0.00584738 0.00673744 -0.00111086
 0.00804106 -0.000153876 -0.00568719 0.00654006 -0.000925125
 0.00757562 -0.000145338 -0.00569038 0.00650338 -0.000748519
 0.00743531 -0.000166469 -0.00553922 0.00631794 -0.000786094
 0.00686338 -0.000132093 -0.00533227 0.00603207 -0.000630981
 0.006494 -0.000118063 -0.00496513 0.00560795 -0.000523358
 0.00605777 -8.71431e-05 -0.00466496 0.00525776 -0.000428349
 0.00562622 -6.56163e-05 -0.00433641 0.0048861 -0.000328008
 0.00534199 -4.29031e-05 -0.00411284 0.00464552 -0.000271888
 0.00490747 -2.48019e-05 -0.00362237 0.00411779 -0.000216623
 0.00456681 7.89737e-06 -0.00317886 0.00361652 -0.000181047
 0.00424194 3.61569e-05 -0.00281468 0.00322533 -0.000132084
 0.00387572 5.73363e-05 -0.00243556 0.00279257 -9.42113e-05
 0.00351411 7.67975e-05 -0.00209442 0.00239618 -5.47961e-05
 0.00324076 9.24694e-05 -0.00178687 0.00207496 -3.53308e-05
 0.00301603 0.000110583 -0.00156578 0.00181414 -1.62638e-05
 0.00274249 0.000121003 -0.0012944 0.00152292 1.56843e-06
 0.00249882 0.000120843 -0.00110287 0.00129557 6.33831e-06
 0.00226808 0.000121457 -0.000912444 0.00108375 1.60533e-05
 0.00203681 0.000117661 -0.000746906 0.000893375 2.30722e-05
 0.00183862 0.000113044 -0.000612454 0.000736181 3.06351e-05
 0.00166904 0.000107124 -0.000521582 0.000626156 3.09472e-05
 0.00147608 0.000100403 -0.000423936 0.000512858 3.35774e-05
 0.00133246 9.43831e-05 -0.00035454 0.000432156 3.34212e-05
 0.00120231 8.7235e-05 -0.000293211 0.00036029 3.24135e-05
 0.0010728 8.013e-05 -0.000237691 0.000289519 3.1755e-05
 0.000944831 7.19969e-05 -0.000194793 0.000238393 2.90384e-05
 0.000849125 6.66725e-05 -0.000160049 0.000195546 2.76629e-05
 0.000755475 6.02359e-05 -0.000130822 0.000160377 2.58349e-05
 0.000651775 5.25473e-05 -0.000103678 0.000125967 2.20542e-05
 0.000579465 4.73481e-05 -8.53506e-05 0.000103723 2.08388e-05
 0.000512384 4.26533e-05 -6.91944e-05 8.39787e-05 1.84337e-05
 0.000454508 3.80758e-05 -5.60039e-05 6.71938e-05 1.6821e-05
 0.000400306 3.38268e-05 -4.49663e-05 5.33856e-05 1.46536e-05
 0.000347801 2.96543e-05 -3.50717e-05 4.10231e-05 1.27676e-05
 0.000294059 2.52321e-05 -2.70211e-05 3.11796e-05 1.0954e-05
 0.000260628 2.24647e-05 -2.14132e-05 2.43716e-05 9.86125e-06
 0.000228976 1.98725e-05 -1.63941e-05 1.83804e-05 8.52756e-06
 0.000197351 1.72384e-05 -1.27432e-05 1.40559e-05 7.32144e-06
 0.000166311 1.45721e-05 -9.27538e-06 9.77456e-06 6.12912e-06
 0.000141332 1.24199e-05 -6.485e-06 6.55819e-06 5.17316e-06
 0.000122109 1.07731e-05 -4.69886e-06 4.56296e-06 4.32436e-06
 0.000103508 9.15769e-06 -3.02459e-06 2.55058e-06 3.64109e-06
 8.80331e-05 7.77612e-06 -2.07434e-06 1.45357e-06 2.93174e-06
 7.53312e-05 6.65825e-06 -1.16355e-06 5.15189e-07 2.52611e-06
 6.33044e-05 5.60249e-06 -6.28744e-07 -9.25875e-08 2.07405e-06
 5.16731e-05 4.57602e-06 -1.95399e-08 -6.36825e-07 1.65544e-06
 4.30487e-05 3.80684e-06 1.89247e-07 -8.14431e-07 1.2616e-06
 3.55822e-05 3.15211e-06 4.40696e-07 -1.04078e-06 1.06088e-06
 2.94439e-05 2.61035e-06 5.2229e-07 -1.06218e-06 8.68162e-07
 2.37326e-05 2.09954e-06 5.87247e-07 -1.06737e-06 6.60206e-07
 1.98698e-05 1.75688e-06 6.11081e-07 -1.03182e-06 5.31479e-07
 1.60482e-05 1.41421e-06 5.93302e-07 -9.58819e-07 4.11404e-07
 1.25887e-05 1.10652e-06 5.34481e-07 -8.45887e-07 2.95786e-07
 1.02627e-05 9.02831e-07 5.04453e-07 -7.66469e-07 2.49861e-07
 8.26556e-06 7.25231e-07 4.43388e-07 -6.6745e-07 1.79196e-07
 0 0 0 0 0
 0 0 0 0 0
 0 0 0 0 0
 0 0 0 0 0
 0 0 0 0 0
 0 0 0 0 0
 0 0 0 0 0
 0 0 0 0 0
 0 0 0 0 0
 0 0 0 0 0
 0 0 0 0 0
 0 0 0 0 0
 0 0 0 0 0
 0 0 0 0 0
 0 0 0 0 0
 0.15157 0.0697669 0.0209509 -0.0152127 0.0232989
 0.126487 0.0581467 0.0221499 -0.0158598 0.0170839
 0.107991 0.0496761 0.0228558 -0.0165861 0.0126365
 0.0933544 0.0429191 0.0243101 -0.0179106 0.00899
 0.0813644 0.0377224 0.0259598 -0.0187824 0.00624116
 0.072525 0.0339631 0.0280251 -0.0198016 0.00463519
 0.0638763 0.0302869 0.0284125 -0.0211516 0.00229412
 0.0577436 0.0278263 0.0299833 -0.0219627 0.00129087
 0.0514541 0.0254646 0.0323072 -0.0231531 0.000190376
 0.046665 0.0238624 0.0328174 -0.0249036 -0.000445649
 0.0420582 0.0222674 0.0349606 -0.0263592 -0.00152663
 0.0388802 0.0215576 0.0372734 -0.0281066 -0.000900519
 0.0348012 0.0203341 0.0379644 -0.0291681 -0.00150903
 0.0318406 0.0199399 0.0402495 -0.0315687 -0.000714356
 0.0292123 0.0194416 0.0433646 -0.0338664 -0.000888569
 0.0264099 0.0188708 0.0462106 -0.0361646 -0.000457062
 0.0247298 0.0186186 0.0480546 -0.0380885 -0.000957694
 0.0231232 0.0177316 0.0495762 -0.0395928 -0.00127512
 0.0215562 0.0174935 0.0502169 -0.0410385 -0.00083605
 0.020836 0.0167936 0.0512047 -0.0412718 -0.000898881
 0.0197368 0.0160067 0.0506367 -0.0415343 -0.00160031
 0.0190572 0.0152092 0.0481288 -0.0415782 -0.00221349
 0.0184199 0.0142738 0.0469896 -0.0403939 -0.00211503
 0.0177666 0.0133407 0.0474081 -0.0405968 -0.00265029
 0.0175436 0.0123822 0.0440259 -0.0386359 -0.00291894
 0.0171986 0.0114272 0.0406713 -0.0360651 -0.00324116
 0.0166568 0.0101939 0.0389128 -0.0350891 -0.00415279
 0.0163881 0.00914319 0.0347565 -0.0314994 -0.00437969
 0.0160533 0.00843194 0.0334771 -0.030938 -0.00405863
 0.0156789 0.00733475 0.0298849 -0.0280889 -0.00429073
 0.0154662 0.00667556 0.027491 -0.0254203 -0.00452276
 0.0152341 0.00572955 0.0247614 -0.0232626 -0.00458544
 0.0150924 0.00497691 0.0204257 -0.0193896 -0.00440905
 0.0146916 0.00435501 0.0183591 -0.0174491 -0.00441308
 0.0146021 0.0039039 0.0164106 -0.0150887 -0.00414308
 0.0141278 0.00316068 0.0134171 -0.0127069 -0.00439447
 0.0137964 0.00272311 0.0111211 -0.0102516 -0.00410913
 0.0137401 0.00212104 0.008886 -0.0082905 -0.00398593
 0.0131049 0.00196064 0.008175 -0.00687538 -0.00386675
 0.0128079 0.00161759 0.00539452 -0.00490218 -0.00341972
 0.0126447 0.00113334 0.00284816 -0.00185221 -0.00330219
 0.0123934 0.000959019 0.00143112 -0.000745781 -0.00313689
 0.0120779 0.000712625 0.000564596 0.000423969 -0.00296173
 0.0116553 0.000492978 -0.00116623 0.00195694 -0.00272199
 0.0113176 0.000405573 -0.00224134 0.00307177 -0.00245321
 0.0109369 0.000325986 -0.00302999 0.00380004 -0.00217855
 0.0106609 0.000227674 -0.00392394 0.00471191 -0.00202811
 0.0102801 0.000125683 -0.00375032 0.00467631 -0.00173706
 0.010045 9.13231e-05 -0.00463036 0.00554952 -0.00156455
 0.00955325 4.87368e-05 -0.00502773 0.00599477 -0.00137887
 0.00926 7.143e-06 -0.00533912 0.00631194 -0.00128189
 0.00885481 -2.02869e-05 -0.00514225 0.00606656 -0.00115557
 0.00839888 1.12444e-06 -0.00538863 0.00622845 -0.000910875
 0.00801712 -6.04291e-06 -0.00544592 0.00626125 -0.000844437
 0.00761644 -2.13699e-05 -0.00517256 0.00594847 -0.000749544
 0.00728694 -1.11716e-05 -0.00525056 0.00603485 -0.00060499
 0.00689137 -1.31989e-06 -0.00505714 0.00573091 -0.000515139
 0.00633813 3.10798e-06 -0.00454564 0.00522056 -0.000477399
 0.00604415 2.29507e-05 -0.00442339 0.00501821 -0.000353701
 0.00565259 3.43565e-05 -0.00396428 0.00449127 -0.000266175
 0.00524411 6.03965e-05 -0.00366731 0.00417751 -0.000229318
 0.00498128 6.3955e-05 -0.00347016 0.00394101 -0.000210357
 0.00457408 8.48075e-05 -0.00298615 0.00340007 -0.000152492
 0.00421364 0.000100911 -0.00266773 0.00303452 -0.000114878
 0.00390808 0.000126638 -0.00231871 0.00265109 -5.75273e-05
 0.00359155 0.000133521 -0.00203026 0.00232108 -4.88308e-05
 0.00322868 0.000144042 -0.00167852 0.00193314 -1.94159e-05
 0.00297246 0.000152453 -0.00145348 0.00167929 -4.14474e-06
 0.00268469 0.000157173 -0.00120478 0.00141153 1.61042e-05
 0.00246972 0.000154458 -0.00102696 0.00119662 1.11538e-05
 0.00223473 0.000150257 -0.000844194 0.000999388 2.16866e-05
 0.00199924 0.000144058 -0.0006883 0.000817812 3.36129e-05
 0.00183707 0.000136481 -0.000571635 0.000686387 3.09396e-05
 0.00163342 0.000127739 -0.000475418 0.000572852 3.47614e-05
 0.00147022 0.000117941 -0.000386875 0.000468099 3.47049e-05
 0.00132597 0.000110114 -0.000327153 0.000395641 3.415e-05
 0.00118324 0.000100562 -0.000267924 0.000324272 3.08408e-05
 0.00108052 9.35075e-05 -0.000226114 0.000272509 3.29527e-05
 0.000959906 8.45056e-05 -0.000183927 0.000222025 2.95882e-05
 0.000845687 7.52625e-05 -0.000146362 0.0001763 2.73276e-05
 0.000749806 6.79019e-05 -0.000116661 0.000140993 2.52064e-05
 0.000660681 6.09138e-05 -9.58506e-05 0.000115574 2.23784e-05
 0.000592117 5.49415e-05 -7.856e-05 9.42625e-05 2.06802e-05
 0.000518123 4.84668e-05 -6.25813e-05 7.456e-05 1.83464e-05
 0.000453016 4.26244e-05 -5.01614e-05 5.88668e-05 1.59216e-05
 0.000400704 3.807e-05 -3.96002e-05 4.66248e-05 1.48108e-05
 0.000342846 3.25567e-05 -3.02877e-05 3.48473e-05 1.17936e-05
 0.000301173 2.87586e-05 -2.32209e-05 2.62252e-05 1.06732e-05
 0.000262914 2.52204e-05 -1.79724e-05 1.98881e-05 9.49575e-06
 0.000227495 2.19576e-05 -1.3852e-05 1.49075e-05 8.40281e-06
 0.000195823 1.89194e-05 -9.95356e-06 1.02895e-05 7.07644e-06
 0.0001694 1.64009e-05 -7.41338e-06 7.43844e-06 5.90913e-06
 0.000141949 1.37216e-05 -4.76109e-06 4.34767e-06 4.79733e-06
 0.000121079 1.17269e-05 -3.07974e-06 2.45893e-06 4.1896e-06
 0.000103584 1.00493e-05 -1.89632e-06 1.17226e-06 3.45768e-06
 8.79356e-05 8.51819e-06 -1.07716e-06 2.15816e-07 2.77311e-06
 7.394e-05 7.16544e-06 -2.95966e-07 -5.90641e-07 2.35304e-06
 6.30181e-05 6.10095e-06 1.65209e-07 -1.03654e-06 1.97382e-06
 5.27419e-05 5.10601e-06 4.22667e-07 -1.28309e-06 1.57418e-06
 4.47375e-05 4.3441e-06 6.63963e-07 -1.44464e-06 1.38226e-06
 3.56971e-05 3.44282e-06 8.36844e-07 -1.50335e-06 9.99519e-07
 3.02256e-05 2.92021e-06 8.31781e-07 -1.4609e-06 8.73144e-07
 2.4638e-05 2.37082e-06 8.48269e-07 -1.38517e-06 6.36225e-07
 1.99929e-05 1.92244e-06 8.11475e-07 -1.27962e-06 5.12785e-07
 1.64165e-05 1.57524e-06 7.71781e-07 -1.1816e-06 4.05449e-07
 1.30373e-05 1.24593e-06 6.75731e-07 -1.01781e-06 3.01706e-07
 0 0 0 0 0
 0 0 0 0 0
 0 0 0 0 0
 0 0 0 0 0
 0 0 0 0 0
 0 0 0 0 0
 0 0 0 0 0
 0 0 0 0 0
 0 0 0 0 0
 0 0 0 0 0
 0 0 0 0 0
 0 0 0 0 0
 0 0 0 0 0
 0 0 0 0 0
 0 0 0 0 0
 0 0 0 0 0
 0.174634 0.08695 0.0221439 -0.0142644 0.0346486
 0.1417 0.0701694 0.0242225 -0.0150124 0.025987
 0.119454 0.0587704 0.0244044 -0.0155014 0.0197808
 0.102091 0.050291 0.0250797 -0.0168215 0.0147871
 0.0903556 0.0446014 0.0271256 -0.0178336 0.0126517
 0.0776056 0.0385532 0.0277948 -0.0181606 0.00852519
 0.0692031 0.0345151 0.0280124 -0.0193457 0.00645681
 0.0621069 0.0314016 0.0300991 -0.0203939 0.00432383
 0.0547 0.0281863 0.0310581 -0.0208407 0.00398495
 0.0494812 0.0261762 0.0323141 -0.0224855 0.00193519
 0.0446287 0.0243144 0.033428 -0.0233544 0.00103577
 0.0409629 0.0231408 0.0347522 -0.0244591 0.000786137
 0.0365014 0.0213999 0.0346994 -0.0257756 -9.72744e-05
 0.0333082 0.0203215 0.0380946 -0.0276889 -0.000608296
 0.0307757 0.019708 0.0394014 -0.0294034 -0.000598333
 0.0279869 0.0190941 0.0418661 -0.0314654 -0.000314135
 0.025909 0.0189685 0.0450223 -0.0341548 3.23263e-05
 0.0238241 0.0183575 0.0457774 -0.0361852 -0.000281334
 0.0222221 0.0177797 0.0473957 -0.0373051 -0.000254894
 0.0209981 0.0172429 0.0475944 -0.0379396 -9.84044e-05
 0.0201477 0.0165514 0.0479718 -0.0386306 -4.16837e-05
 0.0190153 0.0154933 0.046447 -0.0384889 -0.00118683
 0.0189919 0.0150497 0.047326 -0.0389769 -0.000680537
 0.0181131 0.0138706 0.0445316 -0.0381668 -0.0020353
 0.0177238 0.0130464 0.0431821 -0.0370051 -0.00167855
 0.0173494 0.0118409 0.041625 -0.0357724 -0.00267826
 0.0169641 0.0109028 0.0390268 -0.0348169 -0.00339765
 0.0165489 0.00999994 0.0372656 -0.0325459 -0.00282719
 0.0161523 0.00905281 0.0340429 -0.0304379 -0.00313111
 0.0157553 0.00787144 0.0318622 -0.0286332 -0.00384506
 0.0155333 0.00719763 0.0278783 -0.0253844 -0.00372804
 0.0151236 0.00657037 0.0259508 -0.0237117 -0.00400461
 0.0153876 0.00578004 0.0235148 -0.0216344 -0.00364692
 0.0146652 0.00488087 0.0204538 -0.0195089 -0.00406381
 0.0141582 0.00423286 0.01763 -0.016611 -0.00380922
 0.0141136 0.0037899 0.0154921 -0.0146366 -0.00361168
 0.0137039 0.00307619 0.0134809 -0.0121687 -0.00375221
 0.0138139 0.00282963 0.0122676 -0.0109323 -0.00329519
 0.0132318 0.00235594 0.00875244 -0.00798294 -0.00350643
 0.013158 0.00186965 0.00713488 -0.00627756 -0.00349307
 0.0126671 0.00165129 0.00559323 -0.00459652 -0.00310691
 0.0124669 0.00135386 0.00318486 -0.00207774 -0.00288164
 0.0123591 0.001062 0.00222747 -0.00137762 -0.00281713
 0.0119095 0.000878225 3.78312e-05 0.000952963 -0.00248493
 0.0116027 0.000867031 -0.00025048 0.00135537 -0.00213929
 0.0111573 0.000580043 -0.0016421 0.00238081 -0.00206039
 0.0108151 0.000489667 -0.0022477 0.0033182 -0.00188039
 0.0106284 0.00033654 -0.00286042 0.00372775 -0.00188317
 0.0101358 0.000336683 -0.00365498 0.00461014 -0.00155296
 0.00970219 0.000269029 -0.00400718 0.004985 -0.00136464
 0.009511 0.000165557 -0.00470155 0.00575473 -0.00126006
 0.00905456 0.000189772 -0.00479956 0.00572947 -0.0010105
 0.00858056 8.97569e-05 -0.00514363 0.00608504 -0.00109228
 0.00828831 9.22281e-05 -0.00503508 0.00576304 -0.000919912
 0.00790138 0.000100799 -0.00518207 0.00598593 -0.000717919
 0.00762412 0.000114481 -0.00508031 0.00587021 -0.000649325
 0.00708444 0.000110231 -0.00476483 0.00548893 -0.000538251
 0.00670087 9.16206e-05 -0.00459302 0.00521128 -0.000480365
 0.00639319 9.88875e-05 -0.00433358 0.00498333 -0.000361553
 0.00585388 0.000110615 -0.00386932 0.00444623 -0.000349821
 0.00553426 0.000133329 -0.00364521 0.00419081 -0.00023406
 0.00521702 0.000145748 -0.00339581 0.0038754 -0.000174767
 0.00484104 0.000144011 -0.00312534 0.00355626 -0.000156681
 0.00453474 0.000162739 -0.00288269 0.00324358 -0.000101215
 0.00416911 0.000162977 -0.00251052 0.00285485 -8.87994e-05
 0.00378884 0.000180144 -0.00215205 0.00245059 -4.08096e-05
 0.00349316 0.000187824 -0.00187775 0.00213769 -2.68462e-05
 0.00325329 0.0001941 -0.00159103 0.00183806 -9.48981e-06
 0.00292741 0.000187687 -0.00133533 0.00154419 -1.01383e-05
 0.00267269 0.000193651 -0.00110517 0.00129049 1.98703e-05
 0.00243833 0.000187581 -0.00093115 0.00109023 2.33761e-05
 0.00223386 0.000179381 -0.000779856 0.0009244 2.81317e-05
 0.00201236 0.000171095 -0.000646112 0.000766069 3.49474e-05
 0.00182771 0.000160223 -0.000528916 0.000636694 3.60129e-05
 0.00164964 0.000149208 -0.000445692 0.000532188 3.85251e-05
 0.00145972 0.00013446 -0.000364414 0.000433607 3.48008e-05
 0.0013302 0.000125611 -0.000305258 0.000366617 3.42172e-05
 0.00119022 0.000113764 -0.000247515 0.000294663 3.22623e-05
 0.00107389 0.000105301 -0.000203173 0.000245187 3.07959e-05
 0.000935494 9.24138e-05 -0.000163708 0.000196467 2.63544e-05
 0.000843219 8.45881e-05 -0.000131888 0.000158697 2.64783e-05
 0.0007471 7.55263e-05 -0.000106361 0.000126987 2.39873e-05
 0.000658862 6.71463e-05 -8.66206e-05 0.000103425 2.20899e-05
 0.000579919 5.96752e-05 -6.85575e-05 8.09844e-05 1.96571e-05
 0.000512969 5.31119e-05 -5.46222e-05 6.42219e-05 1.78214e-05
 0.000452483 4.68963e-05 -4.28901e-05 4.93241e-05 1.54019e-05
 0.000397109 4.13496e-05 -3.39315e-05 3.86339e-05 1.3692e-05
 0.000343539 3.59311e-05 -2.50501e-05 2.81896e-05 1.18567e-05
 0.000299271 3.13981e-05 -1.93665e-05 2.13729e-05 1.03678e-05
 0.000261781 2.75054e-05 -1.44541e-05 1.54518e-05 8.81375e-06
 0.000225861 2.37588e-05 -1.04471e-05 1.07652e-05 7.89725e-06
 0.000195181 2.05662e-05 -7.59081e-06 7.31838e-06 6.7475e-06
 0.000167463 1.76753e-05 -5.01945e-06 4.36194e-06 5.76499e-06
 0.000142462 1.50208e-05 -3.10369e-06 2.23535e-06 4.73371e-06
 0.000119933 1.26127e-05 -1.82964e-06 7.99231e-07 3.78882e-06
 0.000101184 1.06631e-05 -7.78144e-07 -3.06056e-07 3.28154e-06
 8.7355e-05 9.20137e-06 8.8755e-08 -1.19619e-06 2.69482e-06
 7.37888e-05 7.75513e-06 4.05407e-07 -1.4981e-06 2.29938e-06
 6.17733e-05 6.50731e-06 7.26306e-07 -1.72449e-06 1.93323e-06
 5.21552e-05 5.4747e-06 9.94563e-07 -1.90958e-06 1.52804e-06
 4.34915e-05 4.5437e-06 1.13991e-06 -2.00034e-06 1.24499e-06
 3.60887e-05 3.77561e-06 1.14988e-06 -1.90583e-06 1.04216e-06
 3.04249e-05 3.16642e-06 1.16759e-06 -1.85793e-06 7.93481e-07
 2.44734e-05 2.53999e-06 1.08499e-06 -1.66791e-06 6.09713e-07
 2.02006e-05 2.09805e-06 9.973e-07 -1.50713e-06 5.22765e-07
 0 0 0 0 0
 0 0 0 0 0
 0 0 0 0 0
 0 0 0 0 0
 0 0 0 0 0
 0 0 0 0 0
 0 0 0 0 0
 0 0 0 0 0
 0 0 0 0 0
 0 0 0 0 0
 0 0 0 0 0
 0 0 0 0 0
 0 0 0 0 0
 0 0 0 0 0
 0 0 0 0 0
 0 0 0 0 0
 0 0 0 0 0
 0.201547 0.107453 0.0252357 -0.0140631 0.0495651
 0.160964 0.0849131 0.0259613 -0.014921 0.0362803
 0.133682 0.0702056 0.0260757 -0.0149951 0.0288702
 0.111992 0.0584703 0.0259877 -0.0157177 0.0216819
 0.0950625 0.0496886 0.0272451 -0.0161989 0.0166687
 0.0824056 0.042946 0.0276774 -0.0167079 0.0122499
 0.0723631 0.0380871 0.0286867 -0.0178202 0.00992625
 0.065615 0.0345654 0.0298991 -0.0182775 0.00728156
 0.0576561 0.0307625 0.0297487 -0.0191917 0.00529317
 0.0519141 0.0282809 0.0310943 -0.0199216 0.00431236
 0.0461927 0.0256149 0.0307987 -0.0206609 0.0027432
 0.042523 0.0243994 0.0318994 -0.0214896 0.00290665
 0.0388905 0.0227901 0.0339936 -0.0229186 0.000989881
 0.0349047 0.0213568 0.0341434 -0.0239908 0.000955063
 0.0318893 0.020389 0.0374148 -0.0258839 0.00100256
 0.0293601 0.0199381 0.0386359 -0.0278746 0.00125814
 0.0270553 0.0193105 0.0391179 -0.0291415 0.000901656
 0.0249604 0.0185516 0.042419 -0.031487 0.000183543
 0.0230958 0.0181777 0.0431404 -0.0334134 0.00104811
 0.0219504 0.0177229 0.0440576 -0.033998 0.000645513
 0.0207134 0.0170413 0.0448962 -0.0349096 0.000579096
 0.0197713 0.0161911 0.0444123 -0.0358227 -0.000231799
 0.0189243 0.0154636 0.0431745 -0.0348615 0.000505619
 0.0182399 0.0140054 0.0416112 -0.0350891 -0.00117777
 0.0178627 0.0137792 0.0426445 -0.0358476 -0.000663663
 0.0169475 0.0123899 0.0399691 -0.0338391 -0.00130839
 0.0167504 0.0115212 0.0382076 -0.0332755 -0.00181088
 0.0166567 0.0106324 0.0370613 -0.0321314 -0.00182394
 0.0164075 0.00988187 0.0346297 -0.0304015 -0.00225758
 0.0160041 0.00859844 0.0308342 -0.0271425 -0.00320774
 0.0156919 0.00804438 0.0301692 -0.0271999 -0.00236332
 0.0152987 0.00681925 0.0267939 -0.0241256 -0.00339756
 0.0151094 0.00616203 0.0234768 -0.0212851 -0.00314967
 0.0149428 0.00552576 0.0227716 -0.0204556 -0.00304497
 0.0142967 0.00471428 0.0192226 -0.0180161 -0.00366681
 0.0140621 0.00420359 0.0171579 -0.0155348 -0.00345099
 0.0139484 0.00362338 0.0144144 -0.0132628 -0.0033541
 0.013551 0.00324884 0.0139126 -0.0122944 -0.00326569
 0.0132494 0.00267243 0.0102748 -0.00899475 -0.0030843
 0.0134697 0.00238814 0.00938681 -0.00804119 -0.00308319
 0.0126437 0.00196181 0.00670719 -0.00530377 -0.00289069
 0.0125829 0.00173563 0.00537732 -0.00399587 -0.00256512
 0.0122285 0.00146984 0.00467726 -0.0033799 -0.00275259
 0.0119384 0.00115914 0.00300764 -0.00207761 -0.00246459
 0.0115701 0.00116117 0.00158032 -0.000399866 -0.00204879
 0.0114298 0.000865712 0.000174448 0.000999156 -0.00203856
 0.0107957 0.000682962 -0.00123179 0.00245941 -0.00193391
 0.0106573 0.000707413 -0.00157116 0.00265483 -0.0015652
 0.0102071 0.000539463 -0.00220142 0.00314198 -0.00153029
 0.00982763 0.000535763 -0.00247312 0.00349751 -0.00131242
 0.00955125 0.00038629 -0.00400648 0.00489224 -0.00123046
 0.00935631 0.000314541 -0.00409807 0.00506361 -0.00114115
 0.00884119 0.00034098 -0.00436336 0.00535337 -0.000924819
 0.00848831 0.000292429 -0.00447301 0.00530096 -0.000829269
 0.00801488 0.000246176 -0.00432444 0.00526104 -0.000754562
 0.00772494 0.000242807 -0.00466895 0.00550887 -0.000625875
 0.00737531 0.000241844 -0.00436661 0.00509854 -0.000527992
 0.00692013 0.000221727 -0.00450383 0.00513501 -0.000508605
 0.00660381 0.000230753 -0.00408454 0.00479828 -0.000382837
 0.0061985 0.000214386 -0.00405561 0.0046503 -0.000324715
 0.00576839 0.000208416 -0.00373631 0.00424597 -0.000264346
 0.00549659 0.00023448 -0.00345686 0.00397232 -0.000202161
 0.00517887 0.000212673 -0.00328947 0.0037068 -0.000160388
 0.00472759 0.000215326 -0.00294031 0.00331134 -0.000132898
 0.00437998 0.000230242 -0.00256622 0.0029067 -8.26825e-05
 0.00407909 0.000222639 -0.00230167 0.00260518 -8.09956e-05
 0.00376609 0.000234444 -0.00199814 0.00228501 -3.91041e-05
 0.00345502 0.000233147 -0.00171164 0.00195924 -2.11424e-05
 0.00317057 0.000235086 -0.00144641 0.00166762 7.75125e-06
 0.00288823 0.000231901 -0.00122829 0.00142518 1.49789e-05
 0.0026085 0.000222096 -0.00101072 0.00117701 1.04225e-05
 0.00240826 0.000215422 -0.000855163 0.000997475 2.66141e-05
 0.00219265 0.000203282 -0.000703938 0.000828763 2.64803e-05
 0.00198467 0.000192184 -0.000584346 0.000690887 3.61895e-05
 0.00179993 0.000180612 -0.00049628 0.00058729 3.95207e-05
 0.00162234 0.00016409 -0.000410643 0.000487703 3.65334e-05
 0.0014406 0.00014967 -0.00032847 0.00039034 3.46007e-05
 0.00129254 0.000136466 -0.000266513 0.000319309 3.36928e-05
 0.00116807 0.000125191 -0.000225333 0.000268797 3.20193e-05
 0.0010519 0.000114154 -0.000183649 0.000218004 3.2666e-05
 0.000930413 0.000101971 -0.000145701 0.000173061 2.81051e-05
 0.000830087 9.11319e-05 -0.00011858 0.00014012 2.55068e-05
 0.000738781 8.20569e-05 -9.46069e-05 0.000111351 2.33608e-05
 0.000650344 7.25731e-05 -7.42906e-05 8.7575e-05 2.00955e-05
 0.000575866 6.47869e-05 -5.99722e-05 6.98875e-05 1.88799e-05
 0.00049939 5.62692e-05 -4.73626e-05 5.37629e-05 1.69361e-05
 0.000440726 4.97373e-05 -3.67036e-05 4.12494e-05 1.45921e-05
 0.000392015 4.45599e-05 -2.78837e-05 3.09465e-05 1.34667e-05
 0.000340661 3.86878e-05 -2.08655e-05 2.27306e-05 1.16101e-05
 0.000294678 3.35137e-05 -1.60783e-05 1.69551e-05 9.79419e-06
 0.000258663 2.93719e-05 -1.10729e-05 1.09318e-05 8.60981e-06
 0.000223048 2.54175e-05 -8.06281e-06 7.5685e-06 7.38794e-06
 0.000192094 2.18256e-05 -5.37217e-06 4.55765e-06 6.20326e-06
 0.000165657 1.88193e-05 -3.44866e-06 2.23179e-06 5.26473e-06
 0.000138933 1.57365e-05 -1.62678e-06 3.61889e-07 4.40047e-06
 0.000119522 1.35707e-05 -4.59688e-07 -9.46625e-07 3.80199e-06
 0.000102268 1.15961e-05 2.43078e-07 -1.60634e-06 3.28526e-06
 8.69237e-05 9.84838e-06 8.94463e-07 -2.22369e-06 2.71094e-06
 7.23131e-05 8.18012e-06 1.25284e-06 -2.45226e-06 2.20751e-06
 6.14001e-05 6.90994e-06 1.41645e-06 -2.57087e-06 1.81909e-06
 5.14925e-05 5.78374e-06 1.53783e-06 -2.58937e-06 1.4426e-06
 4.37852e-05 4.89755e-06 1.55737e-06 -2.50168e-06 1.15241e-06
 3.54972e-05 3.97169e-06 1.48167e-06 -2.28679e-06 9.47612e-07
 2.96743e-05 3.30632e-06 1.41423e-06 -2.12464e-06 7.54288e-07
 0 0 0 0 0
 0 0 0 0 0
 0 0 0 0 0
 0 0 0 0 0
 0 0 0 0 0
 0 0 0 0 0
 0 0 0 0 0
 0 0 0 0 0
 0 0 0 0 0
 0 0 0 0 0
 0 0 0 0 0
 0 0 0 0 0
 0 0 0 0 0
 0 0 0 0 0
 0 0 0 0 0
 0 0 0 0 0
 0 0 0 0 0
 0 0 0 0 0
 0.228307 0.12916 0.0268758 -0.0137984 0.0664944
 0.181644 0.101661 0.0271906 -0.0143647 0.049433
 0.147649 0.0816825 0.0275666 -0.0144684 0.0376842
 0.121833 0.0671787 0.0276993 -0.0147664 0.0284361
 0.103908 0.0568644 0.0277398 -0.0152614 0.0225351
 0.0887969 0.0484113 0.0285346 -0.0159838 0.017004
 0.0777237 0.0426287 0.029014 -0.0163791 0.0137226
 0.0685275 0.0379035 0.0289723 -0.0167723 0.0112035
 0.0604739 0.0334068 0.0296463 -0.0173203 0.0084235
 0.0543896 0.0304967 0.0297489 -0.0176631 0.00658581
 0.048238 0.027558 0.0300826 -0.0183281 0.00516047
 0.0441557 0.0256568 0.0301698 -0.0192942 0.00426076
 0.0396911 0.0236183 0.0308018 -0.0200011 0.00292737
 0.0363426 0.0223176 0.0319028 -0.0210989 0.00269904
 0.0339312 0.0216272 0.033387 -0.0223721 0.00311134
 0.0303461 0.0201599 0.0334084 -0.0233521 0.0017242
 0.0285586 0.0198944 0.0363514 -0.025532 0.00179528
 0.0256884 0.0188257 0.0372239 -0.0271017 0.00192488
 0.0241395 0.0185152 0.0397151 -0.0291164 0.00175513
 0.0226839 0.0178993 0.0403729 -0.0305754 0.00197447
 0.0214746 0.0172499 0.0419789 -0.0318702 0.00112738
 0.0202755 0.0164878 0.0417512 -0.0329865 0.000779463
 0.0193276 0.0155388 0.0427221 -0.0337622 9.69362e-05
 0.0189128 0.0149444 0.0419879 -0.0338703 0.000449241
 0.0182591 0.0141235 0.0405346 -0.0336383 -4.9283e-05
 0.0175201 0.0130505 0.039725 -0.0333713 -0.000562118
 0.0170865 0.0122627 0.0384891 -0.032231 -0.000923013
 0.0167989 0.0109323 0.0362275 -0.0313527 -0.00193032
 0.0163253 0.0101338 0.034207 -0.0294828 -0.00181851
 0.0160376 0.00931344 0.0332064 -0.0287129 -0.00197703
 0.0152416 0.0083165 0.0301742 -0.0265824 -0.00213187
 0.0153398 0.007739 0.0294333 -0.0257611 -0.00218374
 0.0148467 0.00663269 0.0248271 -0.0224575 -0.00306735
 0.0147295 0.00588127 0.0239074 -0.0214346 -0.00301961
 0.0143753 0.00527663 0.0211551 -0.0191701 -0.00306043
 0.0143477 0.00485623 0.0185641 -0.0164843 -0.00281477
 0.0138254 0.00423533 0.017745 -0.0158612 -0.00261888
 0.0134969 0.00356986 0.0144618 -0.0128966 -0.00309257
 0.0132667 0.00314995 0.0132607 -0.0118267 -0.00290741
 0.0130918 0.00277581 0.0111033 -0.00968344 -0.00259334
 0.0129236 0.0023047 0.00900394 -0.00756569 -0.00272068
 0.0124711 0.00220306 0.00697381 -0.00591981 -0.00247511
 0.0122096 0.00168758 0.0050473 -0.00392918 -0.00271614
 0.0120566 0.00157199 0.00452874 -0.00316407 -0.00203597
 0.0116183 0.00131237 0.0030014 -0.00168877 -0.00217956
 0.0113881 0.0011115 0.00143838 -0.000113927 -0.00206181
 0.0109624 0.000942031 0.000101996 0.000997675 -0.00182703
 0.0106876 0.000796819 -0.00121039 0.00226868 -0.00168847
 0.0104796 0.000796044 -0.0014802 0.00256942 -0.00148147
 0.00999381 0.000696475 -0.00200834 0.00302991 -0.00126941
 0.00980075 0.000567097 -0.00206939 0.00335193 -0.00120006
 0.00948825 0.000520155 -0.00329931 0.00431079 -0.00110154
 0.00904 0.000483057 -0.00382151 0.00476541 -0.000919137
 0.00867306 0.000397612 -0.00411271 0.00505204 -0.000904031
 0.00827119 0.000398619 -0.00434261 0.00532432 -0.0007031
 0.00785575 0.000389079 -0.00408518 0.00492738 -0.00061268
 0.00759444 0.000367916 -0.00420532 0.00500926 -0.000536489
 0.00706944 0.000329931 -0.00408988 0.00480661 -0.000489106
 0.00671356 0.000335285 -0.0038101 0.00451309 -0.000384616
 0.0063375 0.000316601 -0.00366966 0.00430571 -0.000292731
 0.00591578 0.000283689 -0.00349619 0.00405172 -0.000295791
 0.00567609 0.000309429 -0.00341162 0.00392986 -0.000183584
 0.00534506 0.000296042 -0.00328059 0.00370295 -0.00017794
 0.00497721 0.000305229 -0.00290602 0.00330026 -0.000122895
 0.00462976 0.000284899 -0.0026905 0.00303484 -8.86856e-05
 0.0042959 0.000291351 -0.00236851 0.00269484 -6.46325e-05
 0.00401398 0.000290894 -0.00210383 0.00239228 -3.52216e-05
 0.00362594 0.000274576 -0.00181796 0.0020729 -2.24663e-05
 0.00333533 0.000273909 -0.00153003 0.00174442 -1.67763e-05
 0.00309654 0.000267799 -0.00131666 0.00151164 4.70635e-06
 0.00282783 0.000263123 -0.0011157 0.00128349 2.13596e-05
 0.00256234 0.000255372 -0.000910788 0.00106188 3.06988e-05
 0.00237892 0.000242661 -0.000775031 0.000906181 3.45337e-05
 0.00218217 0.000231364 -0.000658562 0.000769194 3.69238e-05
 0.00193952 0.000209427 -0.00053441 0.0006266 3.85e-05
 0.00178736 0.000197728 -0.000450138 0.00053119 4.06346e-05
 0.00159346 0.000179359 -0.000367474 0.000431821 3.71185e-05
 0.00143778 0.000164335 -0.000303012 0.000357139 3.45913e-05
 0.00129276 0.000149664 -0.000242045 0.000286797 3.43777e-05
 0.00116885 0.000137208 -0.000205741 0.000241271 3.38696e-05
 0.00103246 0.000122193 -0.000160832 0.000189157 3.08027e-05
 0.000908544 0.000107947 -0.000129555 0.000152258 2.71386e-05
 0.000812744 9.74538e-05 -0.000103424 0.000120829 2.55111e-05
 0.000723481 8.72056e-05 -8.3095e-05 9.59937e-05 2.34065e-05
 0.000636794 7.72188e-05 -6.58544e-05 7.54888e-05 2.10446e-05
 0.000570296 6.93581e-05 -5.09525e-05 5.81108e-05 1.92008e-05
 0.000502606 6.1265e-05 -4.03331e-05 4.48206e-05 1.76611e-05
 0.000441994 5.40183e-05 -3.02212e-05 3.30974e-05 1.54104e-05
 0.000381726 4.66379e-05 -2.24962e-05 2.37301e-05 1.30161e-05
 0.000334024 4.08105e-05 -1.7083e-05 1.72508e-05 1.15125e-05
 0.000291302 3.56192e-05 -1.15566e-05 1.11983e-05 1.00118e-05
 0.000254317 3.10373e-05 -7.77119e-06 6.81112e-06 8.53213e-06
 0.000219247 2.67845e-05 -5.22245e-06 4.10726e-06 7.27244e-06
 0.000186979 2.27495e-05 -2.97181e-06 1.53321e-06 6.03495e-06
 0.000162828 1.98231e-05 -1.46042e-06 -1.23404e-07 5.13529e-06
 0.000141369 1.71795e-05 -9.25094e-08 -1.59105e-06 4.494e-06
 0.000118217 1.4344e-05 8.77462e-07 -2.58814e-06 3.7933e-06
 9.87437e-05 1.19516e-05 1.21994e-06 -2.8173e-06 3.07764e-06
 8.54744e-05 1.03061e-05 1.71501e-06 -3.19709e-06 2.53043e-06
 7.16713e-05 8.61662e-06 1.92967e-06 -3.26047e-06 2.02412e-06
 6.1259e-05 7.36237e-06 1.99359e-06 -3.30289e-06 1.77309e-06
 5.21939e-05 6.25225e-06 2.03983e-06 -3.17661e-06 1.44754e-06
 4.20641e-05 5.02339e-06 1.91589e-06 -2.90176e-06 1.15937e-06
 0 0 0 0 0
 0 0 0 0 0
 0 0 0 0 0
 0 0 0 0 0
 0 0 0 0 0
 0 0 0 0 0
 0 0 0 0 0
 0 0 0 0 0
 0 0 0 0 0
 0 0 0 0 0
 0 0 0 0 0
 0 0 0 0 0
 0 0 0 0 0
 0 0 0 0 0
 0 0 0 0 0
 0 0 0 0 0
 0 0 0 0 0
 0 0 0 0 0
 0 0 0 0 0
 0.265422 0.158208 0.0290851 -0.0135226 0.0879756
 0.202119 0.118836 0.0286169 -0.0140213 0.0629994
 0.161527 0.0937794 0.0282528 -0.0140763 0.0472494
 0.134806 0.0773337 0.0290558 -0.0146506 0.036424
 0.112894 0.0644094 0.0285796 -0.0143794 0.0292074
 0.0960287 0.0546919 0.0293876 -0.0150299 0.0230917
 0.082525 0.0469864 0.0292031 -0.0154602 0.0180915
 0.0722825 0.0412416 0.0288584 -0.0158717 0.0149417
 0.0636969 0.0364123 0.0283291 -0.0159214 0.0113193
 0.0566553 0.0326993 0.0292539 -0.016454 0.00921987
 0.0505323 0.0294178 0.0300573 -0.0171172 0.00656994
 0.0467769 0.0277822 0.0296321 -0.0173744 0.00627356
 0.0419159 0.0250168 0.0301883 -0.0180653 0.00427854
 0.0377783 0.0230982 0.0308296 -0.0189624 0.00349559
 0.0349911 0.0220178 0.0315445 -0.019619 0.00301572
 0.0317966 0.0207356 0.0319347 -0.0209329 0.00266814
 0.0292076 0.0197052 0.0333614 -0.0223006 0.00217408
 0.0270845 0.0188899 0.0341819 -0.0236057 0.00146636
 0.0249729 0.0185324 0.0361094 -0.0254441 0.002514
 0.0236363 0.0180616 0.039244 -0.0280547 0.00210922
 0.0215535 0.0170698 0.0383026 -0.0286049 0.00162387
 0.0208269 0.0165215 0.0388432 -0.0291406 0.00157441
 0.0198303 0.0159459 0.0383507 -0.0299293 0.00137613
 0.0187222 0.0148542 0.0394935 -0.0305469 0.000995656
 0.0180985 0.0143751 0.0391354 -0.0312999 0.000722719
 0.0176848 0.0134835 0.0385323 -0.0311015 0.000277618
 0.0171205 0.012557 0.0372903 -0.0305094 5.31057e-05
 0.0166454 0.0114052 0.0355478 -0.0297608 -0.000894188
 0.0164284 0.0106503 0.0338957 -0.0289377 -0.00125848
 0.0158198 0.00975875 0.0327698 -0.0283477 -0.00109034
 0.0157639 0.00882631 0.0297261 -0.0262685 -0.00158675
 0.0152754 0.00816519 0.0289804 -0.025441 -0.00164982
 0.0150084 0.00720044 0.0270408 -0.0236792 -0.00247883
 0.0145857 0.00619923 0.0228598 -0.0205354 -0.00223986
 0.0142396 0.00588186 0.0228243 -0.0201893 -0.00229831
 0.0141746 0.00503916 0.0196456 -0.0176993 -0.00266837
 0.0138852 0.00455852 0.0166154 -0.0145235 -0.00249795
 0.0134486 0.00392288 0.0146106 -0.0129403 -0.00271451
 0.0133205 0.00352414 0.0139201 -0.0121685 -0.00250074
 0.0130801 0.00319045 0.0113454 -0.0101379 -0.00214136
 0.0128451 0.00294199 0.0110867 -0.00964613 -0.00195166
 0.0125709 0.00226399 0.00857613 -0.00724381 -0.00224067
 0.0122679 0.00204389 0.00710725 -0.00582097 -0.00216536
 0.0119674 0.00183261 0.00483101 -0.00332023 -0.00221331
 0.0116527 0.0016745 0.00393995 -0.00235367 -0.00177892
 0.0113103 0.00141524 0.00262954 -0.00115191 -0.00185831
 0.0111888 0.00129497 0.00178963 -0.000270479 -0.00170442
 0.0108497 0.00107511 0.000309116 0.00117528 -0.00153037
 0.0105356 0.000962731 -0.00064175 0.00190064 -0.00137327
 0.0100697 0.000862613 -0.000758069 0.00199278 -0.00136629
 0.009655 0.000766225 -0.00192058 0.00300807 -0.00117334
 0.00941556 0.000736156 -0.00255001 0.00360255 -0.00103195
 0.00911169 0.000637213 -0.00280941 0.00374267 -0.000918169
 0.00888012 0.000598907 -0.00342596 0.00430304 -0.000762706
 0.00836363 0.000590242 -0.00319828 0.00415484 -0.000665263
 0.00805556 0.000507818 -0.00364481 0.00444642 -0.000638006
 0.00756075 0.000484971 -0.00362334 0.00441724 -0.000537143
 0.00726894 0.000448244 -0.00377914 0.00444179 -0.000411796
 0.00692125 0.000456979 -0.00374909 0.00443077 -0.000351351
 0.00663438 0.000433856 -0.00380071 0.00438288 -0.000287628
 0.00614751 0.000393808 -0.00339696 0.00395328 -0.000280458
 0.00578992 0.000375597 -0.00332563 0.00381555 -0.000231171
 0.00548471 0.000381103 -0.00311052 0.00357471 -0.000144473
 0.0051693 0.000362151 -0.00288066 0.00328904 -0.000125472
 0.00480293 0.000342238 -0.00268779 0.00303994 -0.000111336
 0.0045444 0.000354037 -0.00240864 0.00275749 -5.78108e-05
 0.00417222 0.000338731 -0.00214279 0.00241693 -4.74589e-05
 0.0038579 0.000330954 -0.00192037 0.00218387 -1.84377e-05
 0.00357451 0.000324023 -0.00167694 0.0019023 2.59047e-06
 0.00324177 0.000312641 -0.00138539 0.00157647 9.78781e-06
 0.00301632 0.000302329 -0.00120359 0.00138176 1.39407e-05
 0.00277704 0.000292111 -0.00100231 0.00115796 2.04547e-05
 0.00252066 0.000277855 -0.000844975 0.000979106 3.38471e-05
 0.00228951 0.000258593 -0.000693825 0.000802769 3.01938e-05
 0.0020602 0.000241326 -0.000572701 0.00066785 4.24479e-05
 0.00186851 0.000222537 -0.000466099 0.000547246 3.60608e-05
 0.00171109 0.000207801 -0.000396647 0.000461764 3.90885e-05
 0.00153492 0.000189512 -0.000320294 0.000375969 3.97898e-05
 0.0014051 0.000175248 -0.000263306 0.000309406 3.70199e-05
 0.00124579 0.00015689 -0.000215844 0.000251745 3.39491e-05
 0.00112051 0.000142569 -0.000176284 0.000205111 3.32521e-05
 0.000992819 0.000126802 -0.000135137 0.00015676 3.09707e-05
 0.0008914 0.000114732 -0.000115666 0.000132884 2.72424e-05
 0.000801881 0.000103101 -9.03119e-05 0.000103648 2.41284e-05
 0.00070665 9.16031e-05 -7.02412e-05 7.97056e-05 2.33252e-05
 0.000614076 7.95131e-05 -5.33962e-05 5.98772e-05 1.94463e-05
 0.00054222 7.04006e-05 -4.11778e-05 4.52051e-05 1.74196e-05
 0.000483977 6.305e-05 -3.13789e-05 3.38759e-05 1.58722e-05
 0.000432129 5.62774e-05 -2.49396e-05 2.60813e-05 1.42308e-05
 0.000372118 4.85489e-05 -1.71899e-05 1.72083e-05 1.23422e-05
 0.000314373 4.09633e-05 -1.16798e-05 1.10061e-05 1.02561e-05
 0.000280506 3.65255e-05 -8.72006e-06 7.30919e-06 9.31438e-06
 0.000242282 3.15253e-05 -4.99031e-06 3.42201e-06 7.98025e-06
 0.000215814 2.79963e-05 -2.86968e-06 9.71838e-07 6.9765e-06
 0.000182033 2.36241e-05 -7.28975e-07 -1.16614e-06 5.98796e-06
 0.000159274 2.05933e-05 5.73967e-07 -2.57135e-06 5.12653e-06
 0.000133071 1.7197e-05 1.28656e-06 -3.33936e-06 4.23936e-06
 0.000113916 1.46589e-05 1.89285e-06 -3.79211e-06 3.53903e-06
 9.63075e-05 1.2377e-05 2.23444e-06 -3.93044e-06 2.97128e-06
 8.31662e-05 1.06318e-05 2.60919e-06 -4.23788e-06 2.43957e-06
 7.01406e-05 8.96675e-06 2.4937e-06 -3.92824e-06 2.10635e-06
 5.78964e-05 7.348e-06 2.47666e-06 -3.77189e-06 1.57179e-06
 0 0 0 0 0
 0 0 0 0 0
 0 0 0 0 0
 0 0 0 0 0
 0 0 0 0 0
 0 0 0 0 0
 0 0 0 0 0
 0 0 0 0 0
 0 0 0 0 0
 0 0 0 0 0
 0 0 0 0 0
 0 0 0 0 0
 0 0 0 0 0
 0 0 0 0 0
 0 0 0 0 0
 0 0 0 0 0
 0 0 0 0 0
 0 0 0 0 0
 0 0 0 0 0
 0 0 0 0 0
 0.30662 0.190862 0.0311676 -0.0143747 0.112971
 0.231257 0.141736 0.0307735 -0.0141966 0.0811381
 0.178324 0.107755 0.0302929 -0.0142958 0.0588161
 0.145774 0.0869094 0.0300818 -0.0146659 0.0447523
 0.119863 0.0706819 0.0303218 -0.0143875 0.0341029
 0.102007 0.0598748 0.030687 -0.0149842 0.0268506
 0.0873419 0.0511564 0.0305127 -0.014762 0.0218824
 0.0752419 0.0441214 0.0294863 -0.0148312 0.0168999
 0.0669794 0.0392982 0.0293021 -0.0151985 0.0144761
 0.0591786 0.0349914 0.0293516 -0.0154506 0.0118197
 0.0530364 0.0314043 0.0290834 -0.0155144 0.00925244
 0.0473811 0.0283143 0.0285889 -0.0160996 0.007086
 0.0434122 0.0265341 0.0290509 -0.0168328 0.00637369
 0.0391999 0.0244033 0.0290621 -0.0169139 0.00573142
 0.0361511 0.0226694 0.0292872 -0.0177423 0.00366296
 0.0330196 0.0211861 0.0291986 -0.0187696 0.00379274
 0.0305223 0.0203994 0.0307652 -0.0198428 0.0033012
 0.0279308 0.0191989 0.0314246 -0.0210046 0.00240116
 0.0258738 0.0184646 0.0327693 -0.0227372 0.00281702
 0.0236856 0.0177673 0.0334588 -0.023929 0.00270394
 0.0224054 0.0172406 0.0355764 -0.02543 0.00238204
 0.0211286 0.0164474 0.0368664 -0.0270405 0.00178783
 0.0200087 0.0159051 0.0366814 -0.0273428 0.00203247
 0.0193046 0.0152845 0.0367681 -0.0283764 0.00197634
 0.0184228 0.014158 0.0366061 -0.0289881 0.00104118
 0.0179899 0.0134622 0.0370365 -0.0293629 0.000685369
 0.0171716 0.0127494 0.0357965 -0.0288449 0.000593591
 0.0167195 0.0116718 0.0342702 -0.0284899 0.000141836
 0.0162356 0.0108286 0.0332676 -0.0282935 -0.000568274
 0.0159243 0.0099735 0.0322234 -0.027698 -0.000574839
 0.0155788 0.00940113 0.0310693 -0.0266101 -0.000853987
 0.0150883 0.00825913 0.0279812 -0.0246682 -0.00144036
 0.0148978 0.00766794 0.0262919 -0.0229326 -0.00142307
 0.0144365 0.00685975 0.0254214 -0.0225956 -0.00154621
 0.014328 0.00609741 0.0234372 -0.0208133 -0.00208118
 0.0142789 0.00558523 0.0215313 -0.0186596 -0.00198662
 0.0136511 0.00506755 0.0187688 -0.0165564 -0.00152805
 0.0133243 0.00431707 0.0160671 -0.0143406 -0.00207236
 0.0130666 0.0037128 0.0139933 -0.0121832 -0.00248451
 0.0127521 0.00324296 0.0129539 -0.0112646 -0.00218336
 0.0126942 0.00294676 0.0112671 -0.00960456 -0.00225294
 0.0124217 0.00265616 0.00815694 -0.00700081 -0.00213801
 0.0123016 0.00244313 0.00857663 -0.00702356 -0.00207911
 0.0117583 0.0020342 0.00580604 -0.00476267 -0.00190349
 0.0115559 0.00186976 0.00503954 -0.00370884 -0.00185114
 0.011335 0.00178579 0.00398737 -0.00271736 -0.00157118
 0.0109197 0.00143606 0.00205409 -0.000746787 -0.0015906
 0.0107068 0.0013845 0.00144268 -0.000223793 -0.00142184
 0.0104846 0.00120911 0.000100274 0.000919869 -0.00121108
 0.0100775 0.00107384 -0.000200422 0.00125743 -0.00123947
 0.009792 0.000925162 -0.00121338 0.00221858 -0.00122029
 0.00954306 0.000916294 -0.00177346 0.00290864 -0.00098975
 0.00910337 0.000830581 -0.00215207 0.00306604 -0.0008244
 0.00895737 0.000766144 -0.00259956 0.00364344 -0.000699144
 0.0083955 0.000683112 -0.00291953 0.00373759 -0.000725944
 0.00812844 0.000639831 -0.00321593 0.00404328 -0.000595096
 0.00783556 0.0006022 -0.00338304 0.00412526 -0.000518606
 0.00749681 0.000616378 -0.00350691 0.00427987 -0.000372118
 0.00706581 0.000528211 -0.00336914 0.00403644 -0.000353376
 0.00676719 0.000510643 -0.00356297 0.00411657 -0.000320744
 0.00636094 0.000499954 -0.00337596 0.00390031 -0.000237841
 0.00607047 0.000493892 -0.0032399 0.00380747 -0.00020225
 0.00565946 0.000457962 -0.00322441 0.00366231 -0.000163594
 0.00527878 0.00042199 -0.00273869 0.00315244 -0.000135976
 0.00500814 0.000419427 -0.00263881 0.00301216 -9.153e-05
 0.00469504 0.000410204 -0.00246129 0.00279694 -5.51749e-05
 0.00435462 0.000399886 -0.00224027 0.00252964 -2.82714e-05
 0.00402046 0.000383842 -0.00194151 0.00220181 -1.73973e-05
 0.00373347 0.000366742 -0.00174781 0.00196985 -5.86824e-06
 0.00348653 0.000365049 -0.00148911 0.00169882 1.66981e-05
 0.00317214 0.000344725 -0.00125528 0.00143694 2.63621e-05
 0.00290299 0.000329276 -0.00105656 0.00120198 3.08098e-05
 0.00270339 0.000321064 -0.000913912 0.00105062 3.89778e-05
 0.00247375 0.000301767 -0.000749469 0.000866125 4.53961e-05
 0.002215 0.000277267 -0.000605091 0.000703375 4.32241e-05
 0.00201102 0.000256566 -0.000514656 0.000595507 4.13511e-05
 0.00182509 0.000237444 -0.000421207 0.000492627 4.15561e-05
 0.00166533 0.000219202 -0.000348497 0.000405454 3.98665e-05
 0.00149276 0.000198206 -0.000289551 0.000333909 4.00977e-05
 0.00134059 0.000180215 -0.000231926 0.000270438 3.62787e-05
 0.0011847 0.000160022 -0.000186171 0.00021423 3.36698e-05
 0.00106879 0.000145116 -0.000146285 0.000167161 3.10182e-05
 0.000968294 0.000132875 -0.000121198 0.000138979 3.13014e-05
 0.000865487 0.000118582 -9.52662e-05 0.000107598 2.70884e-05
 0.000759937 0.000104956 -7.30094e-05 8.24194e-05 2.51867e-05
 0.000680444 9.35412e-05 -6.09933e-05 6.73025e-05 2.0378e-05
 0.000606774 8.40706e-05 -4.5567e-05 4.99586e-05 2.06725e-05
 0.000527504 7.30969e-05 -3.34861e-05 3.57599e-05 1.76621e-05
 0.000467229 6.46931e-05 -2.5331e-05 2.62814e-05 1.55711e-05
 0.000412423 5.70768e-05 -1.89098e-05 1.81278e-05 1.39471e-05
 0.000362163 5.01089e-05 -1.26873e-05 1.14644e-05 1.22634e-05
 0.000309127 4.26716e-05 -7.45256e-06 5.90518e-06 1.02029e-05
 0.000266519 3.66599e-05 -4.45698e-06 2.33841e-06 8.38481e-06
 0.000236192 3.24534e-05 -2.39083e-06 -3.65009e-08 7.683e-06
 0.000201974 2.76826e-05 -3.30869e-07 -1.96864e-06 6.45575e-06
 0.000172038 2.35893e-05 1.17546e-06 -3.50236e-06 5.51403e-06
 0.000148492 2.02436e-05 1.98284e-06 -4.31003e-06 4.57581e-06
 0.000127289 1.72941e-05 2.63012e-06 -4.76046e-06 3.77325e-06
 0.000111014 1.50744e-05 3.00999e-06 -5.10727e-06 3.47967e-06
 9.47094e-05 1.28164e-05 3.07919e-06 -4.96808e-06 2.83143e-06
 7.90069e-05 1.06619e-05 3.12658e-06 -4.81841e-06 2.28926e-06
 0 0 0 0 0
 0 0 0 0 0
 0 0 0 0 0
 0 0 0 0 0
 0 0 0 0 0
 0 0 0 0 0
 0 0 0 0 0
 0 0 0 0 0
 0 0 0 0 0
 0 0 0 0 0
 0 0 0 0 0
 0 0 0 0 0
 0 0 0 0 0
 0 0 0 0 0
 0 0 0 0 0
 0 0 0 0 0
 0 0 0 0 0
 0 0 0 0 0
 0 0 0 0 0
 0 0 0 0 0
 0 0 0 0 0
 0.355108 0.229847 0.0343881 -0.0148964 0.143839
 0.262397 0.166695 0.0341119 -0.0146339 0.100674
 0.197676 0.123576 0.0327325 -0.0148191 0.0711087
 0.160274 0.0986294 0.0315907 -0.01481 0.0545183
 0.133103 0.0812669 0.0321874 -0.0144414 0.0431904
 0.111064 0.0672112 0.0321799 -0.0150296 0.0333443
 0.0931531 0.0562728 0.0307886 -0.0145957 0.0265379
 0.0803431 0.0481516 0.0292467 -0.0145209 0.0210709
 0.0705356 0.0422745 0.0293856 -0.0148489 0.0171115
 0.0617759 0.0372168 0.028481 -0.0148777 0.0141933
 0.0549871 0.0332865 0.0292596 -0.0155171 0.0111029
 0.0495949 0.030118 0.02857 -0.0154025 0.0091795
 0.0448494 0.0274816 0.0278276 -0.0155946 0.0078675
 0.0409944 0.0255509 0.0280864 -0.0156784 0.00677038
 0.0372471 0.0235271 0.0288484 -0.0166104 0.00567854
 0.0339097 0.0218714 0.0283408 -0.016902 0.00468764
 0.0317229 0.0206378 0.029536 -0.0182243 0.0036029
 0.0288972 0.019498 0.0293984 -0.0184764 0.00413569
 0.0266081 0.0185494 0.0304227 -0.0197138 0.00290002
 0.0246874 0.0178494 0.0317194 -0.0211415 0.00307453
 0.0230853 0.0170048 0.0316269 -0.0225111 0.00243081
 0.0216644 0.0167629 0.0336771 -0.0240655 0.00315944
 0.0204419 0.0159188 0.0348769 -0.0255762 0.00242257
 0.0193444 0.015183 0.0350501 -0.0264387 0.00217411
 0.0185172 0.0144638 0.035371 -0.0270443 0.00183293
 0.0182462 0.0139187 0.0351695 -0.0275946 0.00177009
 0.017649 0.0129963 0.0342724 -0.0274591 0.00114183
 0.0167181 0.0119315 0.0329191 -0.0269117 0.000695944
 0.0165048 0.0113134 0.0319792 -0.0265969 0.000897731
 0.0159516 0.0102642 0.0311347 -0.0258717 -5.74784e-05
 0.0155436 0.00941087 0.0290554 -0.0247861 -0.000770987
 0.0153785 0.00871256 0.0284394 -0.0240788 -0.000468686
 0.014749 0.00768794 0.0251799 -0.0220397 -0.00128151
 0.0145586 0.00724331 0.0255624 -0.0225829 -0.00103795
 0.0141091 0.00647594 0.0231539 -0.0198631 -0.00132434
 0.0137468 0.00563574 0.0209426 -0.0186906 -0.0018118
 0.0138241 0.0051559 0.01922 -0.0167709 -0.00166287
 0.0133066 0.00482826 0.0178656 -0.0151944 -0.00173019
 0.0130891 0.00409598 0.0149433 -0.0130873 -0.0021462
 0.0128221 0.00362204 0.0138397 -0.0116974 -0.00193734
 0.0128496 0.00328756 0.0128934 -0.0105818 -0.00177881
 0.0124421 0.00295636 0.0114063 -0.00939981 -0.00183436
 0.0120647 0.00246144 0.00853475 -0.00688925 -0.00207114
 0.0118753 0.00223192 0.00701025 -0.00567627 -0.00188749
 0.0114182 0.00203841 0.00523896 -0.00392082 -0.00174098
 0.0111451 0.00190872 0.00480602 -0.00332422 -0.00145429
 0.0108481 0.00169851 0.00397864 -0.00254447 -0.00138781
 0.0108092 0.0015423 0.00210896 -0.000914719 -0.00125887
 0.0104433 0.00142331 0.00147107 -0.000233771 -0.00116654
 0.0102044 0.00126511 0.000262112 0.000913938 -0.00109511
 0.00974756 0.00118204 -0.000226016 0.00155508 -0.000912094
 0.00953606 0.00105056 -0.00125882 0.00217359 -0.000868919
 0.00927331 0.000959362 -0.00157868 0.00255999 -0.000862156
 0.00882706 0.000931975 -0.00199008 0.00294763 -0.00067435
 0.00858544 0.000813856 -0.00262373 0.00341836 -0.000669812
 0.00812619 0.000783031 -0.00275746 0.00355942 -0.000571311
 0.00795887 0.000717394 -0.00307166 0.00386891 -0.000516791
 0.0074615 0.000683881 -0.00308645 0.00379161 -0.000430398
 0.00718719 0.000606279 -0.00327636 0.0039322 -0.000412214
 0.00677162 0.000621376 -0.00302228 0.00365746 -0.000293609
 0.00646569 0.000592127 -0.00306597 0.00361788 -0.000266806
 0.00614942 0.00056317 -0.00302452 0.00358175 -0.000195186
 0.00579852 0.000537302 -0.00290667 0.00335596 -0.000144298
 0.00546038 0.000514355 -0.00269074 0.00317123 -0.0001178
 0.00511929 0.000495936 -0.00255182 0.00294427 -7.86819e-05
 0.00483676 0.00047092 -0.00241468 0.00278397 -7.40088e-05
 0.00459001 0.000461999 -0.00223912 0.00254203 -4.415e-05
 0.00427434 0.000444886 -0.00202657 0.00227434 -6.08661e-06
 0.00390047 0.000425799 -0.00178079 0.0020101 6.58531e-06
 0.00359944 0.000405744 -0.00154985 0.00174891 1.8105e-05
 0.00336644 0.000390007 -0.00133856 0.00152038 2.31621e-05
 0.00309815 0.000378136 -0.00114052 0.00130092 3.98872e-05
 0.00282046 0.000352884 -0.000941087 0.00107359 3.67692e-05
 0.00255943 0.000332776 -0.000790913 0.000908694 4.09473e-05
 0.00234141 0.000312119 -0.000659513 0.000758344 4.91103e-05
 0.00214069 0.000290603 -0.000547733 0.000630287 4.80287e-05
 0.00195121 0.000267936 -0.000443157 0.000511004 4.11571e-05
 0.00175382 0.00024463 -0.000367732 0.000423233 4.60781e-05
 0.00159086 0.000224888 -0.000307253 0.00035309 4.23311e-05
 0.00142432 0.000203035 -0.000245667 0.000282246 4.06921e-05
 0.0012736 0.000182441 -0.000200631 0.000227924 3.78707e-05
 0.00116662 0.000168719 -0.000161071 0.000184861 3.53817e-05
 0.00104814 0.000152644 -0.000130379 0.000148173 3.37149e-05
 0.000933988 0.000136058 -0.000105062 0.000117977 2.98145e-05
 0.000842025 0.000123232 -8.33294e-05 9.29525e-05 2.78414e-05
 0.000745413 0.000109034 -6.29681e-05 6.89425e-05 2.46507e-05
 0.000656138 9.58819e-05 -4.7483e-05 5.08789e-05 2.16083e-05
 0.000574128 8.3915e-05 -3.48859e-05 3.61986e-05 1.85331e-05
 0.000510896 7.46238e-05 -2.63558e-05 2.63573e-05 1.68173e-05
 0.000460168 6.73925e-05 -1.98868e-05 1.93484e-05 1.52004e-05
 0.000397409 5.79641e-05 -1.30273e-05 1.13966e-05 1.32225e-05
 0.000344577 5.02031e-05 -8.41362e-06 6.22274e-06 1.15927e-05
 0.000300218 4.37239e-05 -4.21074e-06 1.83691e-06 1.0073e-05
 0.000264866 3.84323e-05 -1.90958e-06 -8.43713e-07 8.53406e-06
 0.00022525 3.25907e-05 -2.29872e-08 -2.76915e-06 7.38437e-06
 0.00019443 2.80724e-05 1.44663e-06 -4.19721e-06 6.23551e-06
 0.000170891 2.45653e-05 2.72896e-06 -5.47493e-06 5.2426e-06
 0.000145271 2.08603e-05 3.17306e-06 -5.72507e-06 4.54656e-06
 0.000120372 1.71964e-05 3.58899e-06 -5.83071e-06 3.59692e-06
 0.000109021 1.55684e-05 3.87102e-06 -6.16052e-06 3.48824e-06
 0 0 0 0 0
 0 0 0 0 0
 0 0 0 0 0
 0 0 0 0 0
 0 0 0 0 0
 0 0 0 0 0
 0 0 0 0 0
 0 0 0 0 0
 0 0 0 0 0
 0 0 0 0 0
 0 0 0 0 0
 0 0 0 0 0
 0 0 0 0 0
 0 0 0 0 0
 0 0 0 0 0
 0 0 0 0 0
 0 0 0 0 0
 0 0 0 0 0
 0 0 0 0 0
 0 0 0 0 0
 0 0 0 0 0
 0 0 0 0 0
 0.415248 0.277916 0.0376733 -0.0163993 0.181776
 0.297509 0.195179 0.0356436 -0.0160398 0.123206
 0.225785 0.145428 0.0352961 -0.0156391 0.0882675
 0.175924 0.111734 0.0352162 -0.0158034 0.0649275
 0.142202 0.0891475 0.0333553 -0.0155188 0.0497426
 0.118546 0.0736944 0.0339277 -0.0153914 0.0391373
 0.0989544 0.0610423 0.0314579 -0.0150057 0.0309148
 0.0861388 0.0530801 0.0319534 -0.0153246 0.0253666
 0.0727113 0.0447139 0.0305268 -0.0148136 0.0199399
 0.0652075 0.0398579 0.0303056 -0.0151249 0.0163661
 0.0574056 0.035189 0.0295626 -0.0149199 0.0135985
 0.0513928 0.0316748 0.0289637 -0.0150484 0.0112264
 0.0469523 0.0291632 0.0288883 -0.0151876 0.009957
 0.0419746 0.0263299 0.0278216 -0.0151963 0.0076995
 0.0384619 0.0243371 0.028169 -0.0153893 0.00695587
 0.0345808 0.0221937 0.0274898 -0.0157242 0.00565513
 0.0316399 0.0206742 0.0274028 -0.016241 0.0047927
 0.0293109 0.0194219 0.0269612 -0.016866 0.00386246
 0.0274578 0.0188337 0.0284396 -0.0179695 0.00425968
 0.0254867 0.0178299 0.0289225 -0.0188785 0.0037976
 0.0235552 0.0169968 0.0293982 -0.0198544 0.00322202
 0.0219993 0.0161624 0.0311181 -0.0213314 0.00231006
 0.0207483 0.0159124 0.0316984 -0.0227518 0.00297987
 0.0197086 0.0152264 0.0325036 -0.0238707 0.00258937
 0.0190512 0.0146143 0.0322844 -0.0240664 0.00287162
 0.0181714 0.0139341 0.0334474 -0.0258226 0.00203349
 0.0175043 0.0128076 0.0328797 -0.0253574 0.00130912
 0.0172706 0.0126296 0.0333181 -0.0259429 0.00175143
 0.0164691 0.0113551 0.0309627 -0.0251231 0.000748975
 0.0159165 0.0104424 0.0300553 -0.0249729 0.000547246
 0.0155439 0.00959256 0.028778 -0.0241896 -0.000377657
 0.0152294 0.00888894 0.0271779 -0.0234859 -0.000526174
 0.0147474 0.008303 0.0265609 -0.0228282 -0.000360569
 0.014421 0.00757244 0.0253365 -0.0216611 -0.000614732
 0.0141186 0.00664306 0.0220476 -0.0196738 -0.00112396
 0.0139928 0.00583356 0.0208418 -0.0185623 -0.00156125
 0.0140234 0.00545166 0.0195903 -0.0167216 -0.00143945
 0.0132112 0.00501711 0.0183794 -0.016079 -0.00145432
 0.013083 0.00438411 0.0164289 -0.0143743 -0.00174133
 0.0127368 0.00401248 0.0147359 -0.0131231 -0.00154668
 0.0125434 0.00358827 0.0130243 -0.0109356 -0.00156851
 0.0122646 0.00314463 0.0110288 -0.00952225 -0.00179567
 0.0120694 0.00283928 0.00912237 -0.0074165 -0.00165532
 0.0117507 0.00256431 0.00800956 -0.006611 -0.00148842
 0.0116472 0.00239374 0.00715837 -0.0055287 -0.00151871
 0.0111231 0.00212389 0.00508349 -0.00396811 -0.00141826
 0.010987 0.0019804 0.00433114 -0.00307298 -0.00125591
 0.0105736 0.00165246 0.00262159 -0.00129085 -0.00132608
 0.0103345 0.00161426 0.00214569 -0.000926612 -0.00107651
 0.0100482 0.00147916 0.00138598 -0.000157192 -0.00101299
 0.00992912 0.00133448 0.000691881 0.000609731 -0.000886038
 0.00951444 0.0012598 -4.94948e-05 0.00120609 -0.000790363
 0.009154 0.00117921 -0.00129214 0.00231101 -0.000681581
 0.00886794 0.00108654 -0.0014333 0.00238221 -0.000565486
 0.00855712 0.00101315 -0.00164139 0.0026274 -0.000487347
 0.00829719 0.000910744 -0.00220444 0.00315368 -0.000503252
 0.00790187 0.000841669 -0.00232864 0.00315013 -0.000462813
 0.00763481 0.000827419 -0.00267111 0.00343642 -0.000407288
 0.00718606 0.000773781 -0.00284362 0.00353346 -0.000292404
 0.00690975 0.000716044 -0.00279983 0.00341656 -0.000308133
 0.00656931 0.000681169 -0.00278193 0.00337639 -0.000254313
 0.00617049 0.000679425 -0.00266404 0.00324051 -0.000149119
 0.0058957 0.000625112 -0.00276715 0.00324418 -0.000114353
 0.00557951 0.000584795 -0.00266564 0.00310356 -0.000144679
 0.00524873 0.000571474 -0.00241276 0.00282047 -6.67031e-05
 0.00497801 0.000542955 -0.00240254 0.00271871 -6.26712e-05
 0.00462852 0.000513776 -0.00218344 0.00247941 -4.06605e-05
 0.00434746 0.000494688 -0.0019622 0.00222786 -6.60606e-06
 0.00401583 0.000469824 -0.00177836 0.00201425 -9.00894e-06
 0.00373137 0.000449629 -0.00156446 0.00178532 2.01365e-05
 0.00343478 0.000428482 -0.00135543 0.00152943 2.5315e-05
 0.00318963 0.000407504 -0.0011745 0.00132381 2.91738e-05
 0.00292448 0.000389888 -0.00099025 0.00111999 4.57841e-05
 0.00268969 0.000370597 -0.000822169 0.000938937 5.81179e-05
 0.00248026 0.00034874 -0.000696131 0.000792675 5.12221e-05
 0.00226215 0.000324887 -0.00057973 0.000663031 5.00029e-05
 0.00206443 0.000300824 -0.00047383 0.000541873 4.72785e-05
 0.00187056 0.000275889 -0.000394405 0.000451234 4.82418e-05
 0.00170561 0.000255777 -0.000321126 0.000367818 5.08488e-05
 0.0015155 0.000228071 -0.000258298 0.000295991 4.31816e-05
 0.00138596 0.000210715 -0.000218714 0.000247915 4.31176e-05
 0.00123897 0.000189697 -0.000177941 0.000198849 4.07796e-05
 0.0011196 0.000171776 -0.000134381 0.000151733 3.56569e-05
 0.00098925 0.00015165 -0.000106049 0.000118951 3.18846e-05
 0.0009144 0.000141306 -8.99656e-05 9.89525e-05 3.15766e-05
 0.000774631 0.000119184 -6.36331e-05 6.86013e-05 2.53119e-05
 0.000716544 0.000110683 -5.07722e-05 5.45374e-05 2.43672e-05
 0.000614329 9.47944e-05 -3.7694e-05 3.87218e-05 2.12937e-05
 0.000566561 8.73963e-05 -2.84349e-05 2.80257e-05 2.03481e-05
 0.000505657 7.78594e-05 -2.11487e-05 1.96772e-05 1.72794e-05
 0.000435282 6.69019e-05 -1.34455e-05 1.12139e-05 1.50492e-05
 0.000385535 5.9094e-05 -8.12931e-06 5.38104e-06 1.27906e-05
 0.000332583 5.08835e-05 -3.66051e-06 7.69037e-07 1.138e-05
 0.000285053 4.35454e-05 -7.50913e-07 -2.38264e-06 9.79994e-06
 0.000250059 3.8144e-05 6.74194e-07 -3.91806e-06 8.71313e-06
 0.000217826 3.30637e-05 2.60758e-06 -5.76947e-06 7.17906e-06
 0.000187149 2.83732e-05 3.44521e-06 -6.57031e-06 6.349e-06
 0.000158751 2.39725e-05 4.0153e-06 -6.93675e-06 5.21014e-06
 0.000139449 2.09369e-05 4.70153e-06 -7.36412e-06 4.44274e-06
 0 0 0 0 0
 0 0 0 0 0
 0 0 0 0 0
 0 0 0 0 0
 0 0 0 0 0
 0 0 0 0 0
 0 0 0 0 0
 0 0 0 0 0
 0 0 0 0 0
 0 0 0 0 0
 0 0 0 0 0
 0 0 0 0 0
 0 0 0 0 0
 0 0 0 0 0
 0 0 0 0 0
 0 0 0 0 0
 0 0 0 0 0
 0 0 0 0 0
 0 0 0 0 0
 0 0 0 0 0
 0 0 0 0 0
 0 0 0 0 0
 0 0 0 0 0
 0.492094 0.33899 0.0414903 -0.0187057 0.229681
 0.338136 0.227989 0.0395824 -0.0181267 0.149356
 0.251489 0.166366 0.0381364 -0.0179764 0.104822
 0.195376 0.127176 0.0368989 -0.0174492 0.0774656
 0.156237 0.100443 0.0360351 -0.0167669 0.0593899
 0.127924 0.0812963 0.0353398 -0.0166164 0.0453597
 0.106888 0.0674844 0.0341145 -0.0164029 0.0360982
 0.0907013 0.056824 0.0338782 -0.016138 0.0285508
 0.07808 0.0487703 0.0317002 -0.0156025 0.0234648
 0.0686444 0.0427741 0.0314326 -0.0156232 0.0195866
 0.061075 0.0378318 0.0305794 -0.015381 0.0157958
 0.0538614 0.0336031 0.0292908 -0.0150728 0.0134003
 0.0484741 0.0302448 0.0292191 -0.0151407 0.0107685
 0.0436511 0.0273584 0.0280324 -0.0153654 0.00934125
 0.0392571 0.024877 0.0276306 -0.0150676 0.00789331
 0.0364417 0.0234263 0.0278881 -0.0151033 0.00706588
 0.0329559 0.0214479 0.0271962 -0.0157031 0.00576138
 0.0303651 0.0199 0.0273225 -0.0159311 0.00500709
 0.0286474 0.0192444 0.0276719 -0.0165714 0.00496309
 0.0260106 0.0178918 0.0264766 -0.0169102 0.00412854
 0.0242036 0.0169932 0.0264962 -0.0176636 0.00360863
 0.0227226 0.0163846 0.0287285 -0.0192439 0.00339744
 0.0212027 0.0158413 0.0294589 -0.020245 0.00373429
 0.0201478 0.0149579 0.0303575 -0.0217125 0.00266591
 0.0193544 0.0147003 0.0299962 -0.022417 0.00291129
 0.0184132 0.0139476 0.0308542 -0.0233154 0.00265112
 0.0176651 0.0128372 0.0304768 -0.0236023 0.00176342
 0.0173386 0.0124601 0.0306876 -0.0239444 0.00204316
 0.0165155 0.0113741 0.0297156 -0.0236936 0.00119552
 0.0161806 0.0107956 0.029339 -0.0236644 0.00115588
 0.0155989 0.009993 0.0285279 -0.0234294 0.000855331
 0.0154122 0.00910019 0.0268571 -0.0223974 9.83712e-05
 0.0147517 0.00827519 0.0254498 -0.0213797 -0.00025679
 0.0144708 0.00768656 0.0251473 -0.0214396 -0.000573807
 0.0142776 0.00683756 0.0232335 -0.0201606 -0.000771219
 0.0140377 0.00633025 0.0213486 -0.0182016 -0.000917944
 0.0137007 0.00563441 0.0204472 -0.017779 -0.00121186
 0.0132326 0.00534949 0.0177456 -0.0153386 -0.00100998
 0.0130711 0.004713 0.0163337 -0.0139946 -0.00120008
 0.0127157 0.0041546 0.0147799 -0.0127067 -0.00151006
 0.0123203 0.00368504 0.0136538 -0.0114875 -0.00144242
 0.0120949 0.00344952 0.0113191 -0.0099645 -0.00136187
 0.0120894 0.00310389 0.00953419 -0.00799425 -0.00141659
 0.0115071 0.00273398 0.00966494 -0.00787006 -0.00134867
 0.0111633 0.00246383 0.00708569 -0.00580511 -0.00143587
 0.0110299 0.00227562 0.00558538 -0.00409619 -0.0011867
 0.010946 0.00219334 0.00455242 -0.00318432 -0.0011367
 0.0106498 0.00192946 0.00368989 -0.00262276 -0.00112069
 0.0102317 0.00178337 0.00234129 -0.00109977 -0.000989906
 0.00992238 0.00160091 0.00197162 -0.000836819 -0.000982781
 0.00958225 0.00153502 0.00155124 -0.000391806 -0.000803219
 0.00957375 0.00135643 0.000240298 0.000711763 -0.000826406
 0.00927438 0.00126078 -0.000625175 0.00162486 -0.000704369
 0.00897681 0.00114795 -0.000993175 0.00188353 -0.000686481
 0.00859944 0.00109768 -0.00137837 0.0022368 -0.000605555
 0.00825831 0.00103107 -0.00171697 0.00264678 -0.000454571
 0.00798462 0.000995325 -0.00190779 0.00277682 -0.000414136
 0.00776544 0.000944694 -0.00251066 0.00323893 -0.000388099
 0.00726506 0.000866069 -0.00270756 0.00336339 -0.000268507
 0.00699681 0.000853763 -0.00254421 0.00314636 -0.000202109
 0.00666737 0.000783625 -0.00266567 0.00321346 -0.000219819
 0.006377 0.000721169 -0.00282429 0.00330786 -0.000186328
 0.00605902 0.00072335 -0.00259776 0.00307905 -0.000112092
 0.00572589 0.000668888 -0.00246686 0.00287341 -9.08681e-05
 0.00546577 0.000636062 -0.00251818 0.00290944 -8.90731e-05
 0.00506409 0.000600327 -0.00223487 0.00262604 -5.5351e-05
 0.00470734 0.000582379 -0.00207184 0.00236506 -2.43962e-05
 0.00445074 0.000546985 -0.00195569 0.00220634 -1.01794e-05
 0.00418845 0.000522818 -0.00182711 0.00204689 -7.00275e-07
 0.00386225 0.000498712 -0.00158601 0.00178884 1.52692e-05
 0.00360794 0.000481102 -0.00143935 0.00163089 4.1997e-05
 0.00334479 0.000454692 -0.00124583 0.00140778 5.06397e-05
 0.00304237 0.000426909 -0.00104364 0.00117612 4.79827e-05
 0.00284413 0.000412098 -0.000873606 0.00098765 5.62881e-05
 0.00256592 0.000380185 -0.000719031 0.000814375 5.12299e-05
 0.00237467 0.000360107 -0.000606553 0.000690994 5.9537e-05
 0.00218301 0.000335242 -0.000503115 0.000573666 5.49246e-05
 0.00196037 0.000305628 -0.000411226 0.000467667 5.19756e-05
 0.0017862 0.00028141 -0.000343828 0.000387353 4.92415e-05
 0.00163936 0.000260833 -0.00027611 0.000314878 5.075e-05
 0.00145679 0.000232219 -0.000219662 0.000247428 4.48994e-05
 0.00133114 0.000213654 -0.000184747 0.000206444 4.34489e-05
 0.00119389 0.000192615 -0.000146222 0.000162774 4.05603e-05
 0.00106184 0.000171521 -0.000116068 0.000128537 3.55323e-05
 0.000964962 0.000156019 -9.34156e-05 0.000101511 3.30963e-05
 0.000851606 0.000137621 -7.08313e-05 7.572e-05 2.87697e-05
 0.000744194 0.000120399 -5.20721e-05 5.39271e-05 2.57935e-05
 0.000670669 0.00010822 -3.82533e-05 3.89392e-05 2.22722e-05
 0.000599638 9.71519e-05 -2.85534e-05 2.75923e-05 2.22072e-05
 0.000532749 8.58925e-05 -2.11626e-05 1.90639e-05 1.82674e-05
 0.000464051 7.46369e-05 -1.24654e-05 9.29762e-06 1.62054e-05
 0.000412852 6.637e-05 -7.58563e-06 4.13553e-06 1.4443e-05
 0.000360364 5.782e-05 -3.47131e-06 -2.29669e-08 1.26065e-05
 0.00031376 5.0024e-05 1.10519e-07 -3.80172e-06 1.02481e-05
 0.000275497 4.40052e-05 1.82031e-06 -5.67026e-06 9.55675e-06
 0.000239996 3.82339e-05 3.43902e-06 -7.06531e-06 8.3325e-06
 0.000208418 3.30351e-05 4.42829e-06 -7.90044e-06 7.02931e-06
 0.000179319 2.82672e-05 5.19371e-06 -8.56812e-06 5.85514e-06
 0 0 0 0 0
 0 0 0 0 0
 0 0 0 0 0
 0 0 0 0 0
 0 0 0 0 0
 0 0 0 0 0
 0 0 0 0 0
 0 0 0 0 0
 0 0 0 0 0
 0 0 0 0 0
 0 0 0 0 0
 0 0 0 0 0
 0 0 0 0 0
 0 0 0 0 0
 0 0 0 0 0
 0 0 0 0 0
 0 0 0 0 0
 0 0 0 0 0
 0 0 0 0 0
 0 0 0 0 0
 0 0 0 0 0
 0 0 0 0 0
 0 0 0 0 0
 0 0 0 0 0
 0.575331 0.406826 0.0470408 -0.0215971 0.284071
 0.391177 0.270276 0.0450103 -0.0211489 0.182456
 0.284797 0.192779 0.0426706 -0.020462 0.125996
 0.216013 0.143763 0.0407161 -0.0195532 0.0909069
 0.172823 0.113215 0.0399803 -0.0194138 0.0687781
 0.13727 0.088855 0.038556 -0.0186222 0.051812
 0.114496 0.0734225 0.0363641 -0.0179063 0.0414179
 0.0991306 0.0630875 0.0360446 -0.0179311 0.0340307
 0.0823325 0.0521784 0.0342379 -0.0169275 0.0268821
 0.0728856 0.0459369 0.033893 -0.0166959 0.0224677
 0.0628375 0.0395285 0.0320618 -0.0161329 0.0181566
 0.0560546 0.0353006 0.0305987 -0.0157241 0.015182
 0.0497073 0.0313568 0.0298996 -0.0156731 0.0123319
 0.045131 0.0284787 0.0286986 -0.0154783 0.010559
 0.0407901 0.0258529 0.0281112 -0.0151724 0.00905131
 0.0368076 0.0235206 0.0275123 -0.0151394 0.00757731
 0.0337831 0.0215481 0.0268379 -0.0154834 0.00567122
 0.0313466 0.0203609 0.0266496 -0.0153191 0.00560039
 0.0293433 0.0193398 0.0270927 -0.01607 0.00522834
 0.0269857 0.0180648 0.0260526 -0.0163043 0.00440608
 0.0248271 0.0170399 0.0260001 -0.0167 0.00419939
 0.0230736 0.0163116 0.0274572 -0.0178951 0.00396397
 0.021892 0.0157028 0.0273788 -0.0186487 0.0035099
 0.0207402 0.0153489 0.0284042 -0.0198534 0.00386176
 0.0196603 0.0145391 0.0290733 -0.0208984 0.0031892
 0.0185298 0.0137839 0.0287851 -0.0214 0.00318213
 0.0177193 0.0129754 0.0293179 -0.0221348 0.00235263
 0.0173189 0.0125287 0.0295848 -0.0229446 0.00195622
 0.0166639 0.0115683 0.0281339 -0.0218834 0.00184192
 0.0158932 0.0108152 0.0282984 -0.0222466 0.00159292
 0.0152987 0.0099045 0.0270389 -0.0220291 0.00121891
 0.0150891 0.0092745 0.0261235 -0.0217826 0.000658588
 0.0146863 0.0085725 0.0255317 -0.0214702 0.000337136
 0.0142156 0.00763269 0.0231314 -0.0195866 -0.000156229
 0.0139228 0.00715337 0.0231027 -0.0200431 -0.000307289
 0.0137584 0.00657088 0.021313 -0.0183406 -0.000319268
 0.013475 0.00615482 0.0197687 -0.0165357 -0.000335317
 0.0130023 0.00521514 0.0181487 -0.0153376 -0.00104405
 0.0127535 0.00504522 0.0174148 -0.0149111 -0.000764994
 0.0125848 0.00433777 0.0154283 -0.0129607 -0.00118156
 0.0123535 0.00400187 0.0128974 -0.0111819 -0.00109887
 0.0120654 0.00362968 0.0121354 -0.0102572 -0.00126373
 0.011828 0.00340169 0.0112596 -0.00930581 -0.00118161
 0.0115292 0.00307536 0.0103143 -0.00838056 -0.00106261
 0.0110965 0.00261321 0.00734006 -0.00595277 -0.00123729
 0.0110134 0.0024683 0.00634256 -0.00494752 -0.00104073
 0.0107432 0.00225592 0.00566276 -0.00409257 -0.00105401
 0.0104039 0.00209626 0.00393552 -0.00272509 -0.000845913
 0.0101747 0.00201194 0.00337291 -0.00218362 -0.000803962
 0.00998356 0.00172003 0.0024009 -0.00113881 -0.000995119
 0.0097285 0.00166711 0.00161424 -0.000575985 -0.000696869
 0.00924638 0.00143183 0.000990144 9.19338e-05 -0.000804763
 0.009215 0.00139627 -0.000432795 0.00141409 -0.000578639
 0.0088015 0.00135003 -0.000275153 0.00139263 -0.000593612
 0.00858663 0.00126523 -0.0008271 0.0018055 -0.000430704
 0.00838719 0.00118084 -0.00125001 0.00217154 -0.000408595
 0.00806206 0.00108666 -0.0017455 0.00254474 -0.000390836
 0.00763963 0.00107684 -0.00175694 0.00245301 -0.000295081
 0.00742056 0.000990488 -0.00209266 0.00281724 -0.000272031
 0.00697856 0.000912519 -0.00243082 0.00305076 -0.000195383
 0.00681456 0.000893244 -0.00245452 0.00312133 -0.000155796
 0.00635963 0.000834056 -0.00244471 0.00293175 -0.000121208
 0.00607716 0.000805844 -0.00234139 0.00280328 -9.46362e-05
 0.00587769 0.000752006 -0.00250394 0.00288287 -5.992e-05
 0.00542264 0.0006961 -0.00228607 0.00269468 -5.03614e-05
 0.00512313 0.000675387 -0.00217738 0.00250871 -1.90646e-05
 0.00485861 0.000641681 -0.0021244 0.00241966 -5.33902e-06
 0.00461109 0.000622687 -0.00197681 0.00223618 2.33107e-05
 0.00421506 0.000577914 -0.00171597 0.00195778 2.29356e-05
 0.00403493 0.000553272 -0.00162486 0.00182278 3.12654e-05
 0.0036664 0.000517323 -0.0013891 0.00157265 4.19751e-05
 0.00345125 0.000494434 -0.00125634 0.00141723 4.44573e-05
 0.00316846 0.000469329 -0.00106284 0.00119969 5.84049e-05
 0.00294492 0.000446209 -0.000910856 0.00102072 5.84261e-05
 0.00274214 0.00042894 -0.000780044 0.000879306 6.59706e-05
 0.00244845 0.000388665 -0.000629206 0.000712394 5.83202e-05
 0.00226636 0.000366909 -0.000519925 0.000584901 6.62481e-05
 0.00207634 0.000338813 -0.000436594 0.000492479 5.84433e-05
 0.00187074 0.000308346 -0.000350882 0.000394916 5.55785e-05
 0.00172142 0.000286591 -0.000293471 0.000329442 5.55982e-05
 0.00154066 0.000257387 -0.0002323 0.000260843 4.87442e-05
 0.0014194 0.000238468 -0.000189753 0.000212924 4.63226e-05
 0.00124772 0.00021063 -0.000149748 0.000165149 4.17956e-05
 0.00113279 0.000191705 -0.000118651 0.000130432 4.0069e-05
 0.00102156 0.000172883 -9.387e-05 0.000100583 3.59155e-05
 0.000917456 0.000155439 -7.53187e-05 7.94644e-05 3.16317e-05
 0.000823131 0.000139398 -5.41272e-05 5.61344e-05 2.93293e-05
 0.000739637 0.000125175 -4.31816e-05 4.31534e-05 2.63328e-05
 0.000645062 0.000109222 -2.94209e-05 2.79855e-05 2.38714e-05
 0.000572679 9.65062e-05 -1.96659e-05 1.69943e-05 2.00827e-05
 0.000506228 8.53888e-05 -1.23061e-05 9.03919e-06 1.85546e-05
 0.000444468 7.47675e-05 -8.02775e-06 4.19121e-06 1.58568e-05
 0.00039782 6.671e-05 -3.03344e-06 -1.00991e-06 1.43944e-05
 0.000347083 5.80312e-05 2.5574e-07 -4.53432e-06 1.23343e-05
 0.000297743 4.95401e-05 2.72364e-06 -6.97387e-06 1.03486e-05
 0.000255561 4.24697e-05 4.03225e-06 -8.08375e-06 8.89875e-06
 0.000226868 3.75825e-05 5.4015e-06 -9.36037e-06 8.16131e-06
 0 0 0 0 0
 0 0 0 0 0
 0 0 0 0 0
 0 0 0 0 0
 0 0 0 0 0
 0 0 0 0 0
 0 0 0 0 0
 0 0 0 0 0
 0 0 0 0 0
 0 0 0 0 0
 0 0 0 0 0
 0 0 0 0 0
 0 0 0 0 0
 0 0 0 0 0
 0 0 0 0 0
 0 0 0 0 0
 0 0 0 0 0
 0 0 0 0 0
 0 0 0 0 0
 0 0 0 0 0
 0 0 0 0 0
 0 0 0 0 0
 0 0 0 0 0
 0 0 0 0 0
 0 0 0 0 0
 0.700506 0.506851 0.0541893 -0.0262231 0.363619
 0.459286 0.3243 0.0506034 -0.0251673 0.225329
 0.329254 0.227659 0.0478762 -0.0245927 0.153397
 0.247061 0.167682 0.0464861 -0.0236519 0.109012
 0.192371 0.128266 0.0443287 -0.0226106 0.0806362
 0.153942 0.101373 0.0434649 -0.0219514 0.0615658
 0.126814 0.0825263 0.0407469 -0.021123 0.0482963
 0.10508 0.0677919 0.0392009 -0.0203399 0.0378889
 0.0900525 0.0578616 0.0377928 -0.0192318 0.0310834
 0.0780831 0.0496641 0.0353642 -0.018558 0.0255507
 0.067205 0.0426546 0.0341849 -0.0179025 0.0207072
 0.05903 0.0374537 0.0324992 -0.0172221 0.0175569
 0.0525104 0.0332491 0.0312381 -0.0167986 0.0141935
 0.0470538 0.0297814 0.0300204 -0.0164976 0.0120969
 0.0427689 0.0271313 0.0289649 -0.015932 0.0103218
 0.0383892 0.0245259 0.027674 -0.0154912 0.00891375
 0.0345063 0.0221307 0.0274106 -0.0153978 0.007021
 0.0318052 0.0204339 0.0265003 -0.0156463 0.00618046
 0.0298729 0.0194736 0.0268678 -0.01567 0.00571066
 0.0273843 0.0181016 0.0258414 -0.0155747 0.00493527
 0.0255454 0.0171378 0.0256841 -0.0159104 0.00453643
 0.0238581 0.0161879 0.025861 -0.0164714 0.00399032
 0.0221653 0.0156224 0.0256989 -0.0171874 0.0040008
 0.0205388 0.0146914 0.0259283 -0.0177208 0.00383187
 0.0196897 0.0141156 0.0269761 -0.0192077 0.00295167
 0.0189395 0.0137372 0.0273368 -0.0197094 0.00351557
 0.0180406 0.0131906 0.0274519 -0.0205736 0.00334534
 0.0173863 0.0124515 0.0276352 -0.0208394 0.00269417
 0.0166402 0.0114194 0.0272692 -0.0213011 0.00182543
 0.0159335 0.0110458 0.0276954 -0.0218969 0.00211587
 0.0156321 0.0101026 0.0262025 -0.0209612 0.00119224
 0.0152288 0.00931831 0.0253383 -0.0207388 0.000796594
 0.0146039 0.00874412 0.0259106 -0.0210641 0.000741856
 0.0144287 0.00809412 0.0234574 -0.0195634 0.000348009
 0.0139611 0.007492 0.0224502 -0.0191285 0.000184669
 0.013633 0.0068055 0.0212815 -0.0182917 9.31544e-05
 0.0132933 0.006155 0.0199757 -0.0175011 -0.000581263
 0.0129566 0.00571451 0.0182121 -0.0157058 -0.000592242
 0.0127121 0.00511875 0.0166263 -0.0143989 -0.000660562
 0.0124775 0.00467574 0.014852 -0.0125479 -0.000844113
 0.0122174 0.00433409 0.0139792 -0.0118824 -0.000782888
 0.0119181 0.00384803 0.0128523 -0.0106095 -0.000912412
 0.0114066 0.0034347 0.0110446 -0.00941106 -0.000951294
 0.0116104 0.00336086 0.01045 -0.00882456 -0.000655469
 0.0109814 0.0028993 0.00837462 -0.00678463 -0.000844894
 0.0108779 0.00278627 0.00688031 -0.00541897 -0.000880987
 0.0105714 0.00236542 0.00631444 -0.00470551 -0.0008286
 0.010476 0.00221084 0.00466124 -0.00335408 -0.000874869
 0.0102616 0.0020689 0.00426492 -0.00298722 -0.000762537
 0.00979794 0.00192153 0.00304264 -0.00183196 -0.000791562
 0.00954538 0.00174601 0.0023497 -0.00115454 -0.000780269
 0.00942062 0.00163551 0.00148889 -0.000318734 -0.000655994
 0.00912619 0.00155678 0.00104416 8.96287e-05 -0.000549575
 0.00881662 0.00145469 0.000151569 0.00083675 -0.000526586
 0.00860356 0.00138873 -0.000265544 0.00135216 -0.000379132
 0.00823237 0.00125495 -0.0015294 0.00235117 -0.000409072
 0.00803581 0.00120029 -0.00132892 0.00205802 -0.000318667
 0.00774081 0.00115884 -0.00168452 0.00239644 -0.000263786
 0.00731456 0.0010538 -0.00178248 0.0025313 -0.000247138
 0.007083 0.00102408 -0.0019744 0.00256612 -0.000214751
 0.00665563 0.000953875 -0.00207186 0.00266139 -0.000166543
 0.00656088 0.000931275 -0.00221156 0.00278561 -0.000111289
 0.00617534 0.000873525 -0.00235668 0.00280612 -9.77337e-05
 0.0057516 0.0008037 -0.00227803 0.00268101 -6.73381e-05
 0.00549656 0.000781087 -0.00206889 0.0024941 -3.16198e-05
 0.00530664 0.000746894 -0.00201358 0.00236206 -2.43289e-05
 0.00489435 0.000692356 -0.00198755 0.00228684 -2.90376e-06
 0.00460227 0.0006612 -0.00179035 0.00207766 3.51266e-05
 0.00439524 0.00063225 -0.00172722 0.00196039 4.13715e-05
 0.00403245 0.000592848 -0.00153819 0.00174099 3.87962e-05
 0.00379761 0.000566224 -0.00142612 0.00159389 4.57709e-05
 0.00357634 0.00054394 -0.00128214 0.00144291 5.46268e-05
 0.00331813 0.000516141 -0.00110816 0.00124206 6.10017e-05
 0.00305174 0.000484902 -0.000956437 0.00106664 6.39856e-05
 0.0027561 0.000447591 -0.000776537 0.000873706 6.23695e-05
 0.00257201 0.000427517 -0.000666056 0.000747562 7.00269e-05
 0.00240274 0.000407369 -0.000552949 0.000620859 7.61019e-05
 0.00216801 0.000372277 -0.000449137 0.000505731 6.73237e-05
 0.00195084 0.000336921 -0.000367341 0.000411597 6.14248e-05
 0.00179574 0.000312973 -0.000302225 0.000337384 5.93697e-05
 0.00164796 0.000287808 -0.000242553 0.000270674 5.42554e-05
 0.00148364 0.000261077 -0.000201638 0.000223212 5.33319e-05
 0.00132709 0.000233113 -0.000164683 0.000178322 4.52633e-05
 0.00122307 0.000216752 -0.000125438 0.000137056 4.76482e-05
 0.00110161 0.000195654 -0.000100081 0.000108356 4.18685e-05
 0.000979494 0.000173213 -7.81881e-05 8.13775e-05 3.64179e-05
 0.00088565 0.000157021 -5.93145e-05 6.06757e-05 3.54119e-05
 0.000786994 0.000138902 -4.14951e-05 4.09353e-05 2.83472e-05
 0.000684994 0.000121037 -3.22091e-05 2.99142e-05 2.60116e-05
 0.000613575 0.000107969 -1.96807e-05 1.65053e-05 2.26904e-05
 0.000545044 9.58262e-05 -1.352e-05 9.55281e-06 2.0137e-05
 0.000480014 8.40006e-05 -6.65556e-06 2.02786e-06 1.78625e-05
 0.000426996 7.46494e-05 -2.09597e-06 -2.85122e-06 1.59498e-05
 0.000368474 6.41244e-05 1.35028e-06 -5.98895e-06 1.33164e-05
 0.000314392 5.44853e-05 3.21981e-06 -7.93375e-06 1.10876e-05
 0.000284461 4.92318e-05 5.25667e-06 -9.81319e-06 1.04958e-05
 0 0 0 0 0
 0 0 0 0 0
 0 0 0 0 0
 0 0 0 0 0
 0 0 0 0 0
 0 0 0 0 0
 0 0 0 0 0
 0 0 0 0 0
 0 0 0 0 0
 0 0 0 0 0
 0 0 0 0 0
 0 0 0 0 0
 0 0 0 0 0
 0 0 0 0 0
 0 0 0 0 0
 0 0 0 0 0
 0 0 0 0 0
 0 0 0 0 0
 0 0 0 0 0
 0 0 0 0 0
 0 0 0 0 0
 0 0 0 0 0
 0 0 0 0 0
 0 0 0 0 0
 0 0 0 0 0
 0 0 0 0 0
 0.850237 0.6284 0.0614966 -0.0320306 0.46172
 0.552006 0.397446 0.0591275 -0.031507 0.28284
 0.3855 0.271367 0.0563238 -0.0300626 0.187246
 0.284968 0.196723 0.0534111 -0.0283636 0.131346
 0.215992 0.146577 0.0511742 -0.0270953 0.0950569
 0.173333 0.115691 0.04762 -0.0263866 0.0724662
 0.138875 0.0916231 0.0454539 -0.0248807 0.0552804
 0.115396 0.0753594 0.0430745 -0.0240244 0.0436911
 0.0968731 0.0626231 0.0410771 -0.022543 0.0350161
 0.0835056 0.0537075 0.0393936 -0.0217248 0.0288045
 0.07221 0.0462249 0.0373787 -0.0205496 0.0238048
 0.0633438 0.0403498 0.0355687 -0.0196924 0.0195369
 0.0552143 0.0349915 0.0329051 -0.0186491 0.0158813
 0.0494646 0.0314766 0.0317422 -0.0179564 0.0138856
 0.0440843 0.0280086 0.0302424 -0.0172241 0.0112317
 0.0402397 0.0255838 0.0288592 -0.0167208 0.0101811
 0.0361626 0.0231105 0.0286251 -0.016329 0.00855106
 0.0332436 0.0213886 0.0272026 -0.0156462 0.00755894
 0.0305736 0.0197704 0.0267421 -0.015849 0.0062226
 0.0281747 0.0183457 0.0253793 -0.0156504 0.00540773
 0.0263035 0.0172261 0.025369 -0.0158034 0.00453546
 0.0245681 0.0164634 0.0255322 -0.0163264 0.00459146
 0.0226017 0.0153315 0.0246989 -0.0164463 0.00408304
 0.0213083 0.0148796 0.026392 -0.0177372 0.00401791
 0.0199852 0.0141821 0.0260526 -0.017999 0.00382831
 0.0192222 0.0137383 0.0262319 -0.0187316 0.00368706
 0.0182111 0.0130039 0.0268744 -0.0195993 0.00322787
 0.0173347 0.0120078 0.0262228 -0.0195858 0.00248598
 0.0168239 0.0114983 0.0255939 -0.0201407 0.00223305
 0.0162183 0.0109268 0.0263629 -0.0209593 0.00186646
 0.0156103 0.0100742 0.0254603 -0.0201548 0.00184927
 0.0151149 0.00966381 0.0256982 -0.0204762 0.00181343
 0.0144374 0.00849687 0.0229706 -0.0189093 0.00085785
 0.0143776 0.008088 0.0234084 -0.0196378 0.000545598
 0.0138866 0.00760881 0.0215669 -0.0183092 0.000611503
 0.0134096 0.00687263 0.0217559 -0.0181594 0.000316831
 0.0131398 0.00621342 0.0189609 -0.0158777 -0.000348913
 0.0128119 0.00571788 0.0178813 -0.0152609 -0.000234139
 0.0125648 0.00522369 0.0168927 -0.0142783 -0.000410564
 0.0121372 0.00471897 0.0155845 -0.0131207 -0.000673356
 0.0120231 0.00434875 0.0145139 -0.0121828 -0.00088075
 0.0116841 0.00377598 0.0128305 -0.010476 -0.00111098
 0.0113654 0.00362133 0.0110538 -0.00929969 -0.0007554
 0.0113187 0.00334225 0.009605 -0.00818169 -0.000753056
 0.010909 0.00298769 0.00908325 -0.00757862 -0.000902738
 0.0107764 0.00276329 0.00670656 -0.00516727 -0.000751487
 0.0103921 0.0025976 0.00572709 -0.00449179 -0.000727537
 0.0103587 0.00241646 0.00576126 -0.00438682 -0.000694412
 0.0100308 0.00219574 0.00478119 -0.00345152 -0.000729744
 0.00972856 0.00201963 0.00374509 -0.00217682 -0.000608249
 0.00954563 0.00190239 0.00245575 -0.00123673 -0.000644844
 0.00925438 0.00177725 0.00140936 -0.000372076 -0.00050569
 0.00896463 0.00169667 0.00123094 -0.000221154 -0.000469173
 0.0088195 0.0016125 0.000562515 0.000404548 -0.000388832
 0.00837931 0.00146814 0.000415466 0.000577244 -0.000393033
 0.00820113 0.00139595 -0.00043873 0.00117502 -0.000330004
 0.00780169 0.00129647 -0.00079705 0.00152419 -0.000280009
 0.00754019 0.00121856 -0.00114556 0.00179507 -0.000234217
 0.00733381 0.00119566 -0.00154271 0.00223861 -0.000134778
 0.00711706 0.00111171 -0.00175776 0.00231966 -0.000151593
 0.00681506 0.00105651 -0.00175429 0.0023233 -0.000131391
 0.00649312 0.00101433 -0.00196981 0.0024524 -6.37713e-05
 0.006252 0.000954306 -0.0020224 0.00247055 -7.471e-05
 0.00588611 0.000894687 -0.0020538 0.00240771 -4.95612e-05
 0.00558833 0.000837206 -0.00195593 0.00231789 -3.37966e-05
 0.00524497 0.000796163 -0.00200138 0.00233481 -6.87294e-06
 0.00502907 0.000768275 -0.00191507 0.00221234 2.27755e-05
 0.00469133 0.0007276 -0.00175704 0.00204278 4.17079e-05
 0.00447279 0.000688631 -0.00177689 0.00199909 3.50439e-05
 0.00414677 0.000650575 -0.00157351 0.00176838 5.44629e-05
 0.00386256 0.000608294 -0.00140224 0.00158856 5.86523e-05
 0.00367676 0.000591332 -0.0012921 0.00144032 6.0211e-05
 0.00337246 0.000548314 -0.00108035 0.00120902 7.18375e-05
 0.00314199 0.000522844 -0.000970031 0.00108273 7.54625e-05
 0.00290786 0.000493266 -0.000827906 0.000925469 7.674e-05
 0.00263189 0.00045388 -0.000672331 0.000751569 7.30894e-05
 0.00245849 0.000431934 -0.00057136 0.000640137 7.28169e-05
 0.00221286 0.000393863 -0.000471658 0.000521635 6.95319e-05
 0.00204975 0.000370018 -0.000384337 0.000428123 7.07281e-05
 0.00187815 0.000340612 -0.000311831 0.000345228 6.63556e-05
 0.00168855 0.00030738 -0.000252216 0.000278554 5.80307e-05
 0.00153064 0.000279942 -0.000205862 0.000225697 5.50219e-05
 0.00139058 0.000254806 -0.000164902 0.000179635 4.98699e-05
 0.00129143 0.000237949 -0.000138102 0.000148546 4.97684e-05
 0.00114564 0.000210794 -0.000101079 0.000108209 4.35586e-05
 0.00102046 0.000187794 -8.12556e-05 8.34713e-05 3.91591e-05
 0.000941437 0.000173431 -5.95826e-05 6.03939e-05 3.69522e-05
 0.000833113 0.000152806 -4.28192e-05 4.10426e-05 3.15776e-05
 0.000726338 0.000133396 -3.08936e-05 2.82938e-05 2.86254e-05
 0.000658756 0.000120714 -2.05296e-05 1.67577e-05 2.52454e-05
 0.000585842 0.000107279 -1.21896e-05 7.61025e-06 2.3471e-05
 0.000522017 9.51262e-05 -6.83731e-06 1.51255e-06 2.03885e-05
 0.000453619 8.26181e-05 -1.53584e-06 -3.61205e-06 1.81155e-05
 0.000398788 7.233e-05 2.46583e-06 -7.91944e-06 1.55542e-05
 0.000341811 6.16948e-05 4.22679e-06 -9.71081e-06 1.29121e-05
 0 0 0 0 0
 0 0 0 0 0
 0 0 0 0 0
 0 0 0 0 0
 0 0 0 0 0
 0 0 0 0 0
 0 0 0 0 0
 0 0 0 0 0
 0 0 0 0 0
 0 0 0 0 0
 0 0 0 0 0
 0 0 0 0 0
 0 0 0 0 0
 0 0 0 0 0
 0 0 0 0 0
 0 0 0 0 0
 0 0 0 0 0
 0 0 0 0 0
 0 0 0 0 0
 0 0 0 0 0
 0 0 0 0 0
 0 0 0 0 0
 0 0 0 0 0
 0 0 0 0 0
 0 0 0 0 0
 0 0 0 0 0
 0 0 0 0 0
 1.04173 0.784625 0.0711887 -0.03976 0.588641
 0.652581 0.478792 0.0673969 -0.037552 0.348261
 0.441858 0.316675 0.0636956 -0.0359705 0.223539
 0.32377 0.227169 0.0610685 -0.034887 0.155662
 0.246204 0.169631 0.0576859 -0.0328531 0.113011
 0.194541 0.131842 0.0545692 -0.0314164 0.0853662
 0.155753 0.104146 0.0503903 -0.0294334 0.06528
 0.126409 0.0835006 0.0491832 -0.0280298 0.0504004
 0.105213 0.0688125 0.0456784 -0.0266284 0.0396061
 0.0895569 0.0581403 0.0434813 -0.0250916 0.0323747
 0.076855 0.0494972 0.0406825 -0.0238563 0.0266079
 0.06689 0.0427821 0.0387918 -0.0227616 0.0215653
 0.0591139 0.0376967 0.0363154 -0.0215446 0.0184794
 0.0525483 0.0333802 0.0348411 -0.0207565 0.0155241
 0.0456016 0.0289848 0.0321043 -0.0194259 0.0127132
 0.0416305 0.0264633 0.0318487 -0.0186488 0.0108894
 0.0377858 0.0240846 0.0303443 -0.0179689 0.00959475
 0.0344905 0.0221089 0.0286483 -0.0172833 0.00860181
 0.0315257 0.0201974 0.0276159 -0.016945 0.00696987
 0.0289035 0.0186704 0.0259345 -0.0162269 0.006256
 0.0269903 0.0174416 0.0260363 -0.0165373 0.00532518
 0.0250426 0.0163644 0.0253327 -0.0160029 0.00481366
 0.023293 0.0154058 0.0252608 -0.0163269 0.00446684
 0.0215603 0.0147015 0.0250961 -0.016889 0.00445034
 0.0204462 0.0141865 0.02489 -0.0168708 0.00420174
 0.0194329 0.0135844 0.0259481 -0.0182123 0.00361188
 0.0182946 0.0129451 0.0252066 -0.0184391 0.00374978
 0.0178194 0.0123259 0.0262199 -0.0193644 0.00307261
 0.016982 0.0117528 0.0250558 -0.0190372 0.00287439
 0.0161491 0.0107104 0.0249818 -0.0193334 0.00203401
 0.0153875 0.0099575 0.0239741 -0.0187401 0.00205566
 0.0150117 0.00946481 0.0234111 -0.0186795 0.00162343
 0.0145353 0.00891744 0.0231404 -0.0192724 0.00169744
 0.0142961 0.008056 0.0225706 -0.0186024 0.000646156
 0.0139213 0.007473 0.0211081 -0.0171602 0.000335457
 0.0132446 0.00693506 0.0201984 -0.0169208 0.000586966
 0.0130873 0.00645494 0.019792 -0.0167496 0.000342877
 0.0126799 0.00587786 0.0181083 -0.0154097 0.000204117
 0.012475 0.00552009 0.0181277 -0.0155649 -3.06021e-05
 0.0121797 0.00482595 0.015399 -0.0128409 -0.000578906
 0.0119674 0.00464391 0.0139818 -0.0115679 -0.000317513
 0.0114509 0.00398294 0.0132949 -0.0113739 -0.0008101
 0.0113575 0.00386349 0.0118354 -0.00981387 -0.000403269
 0.0110309 0.00349174 0.0105286 -0.00868819 -0.000557634
 0.0109699 0.00327728 0.00931 -0.00787244 -0.000563466
 0.0105856 0.00301186 0.00837213 -0.00674363 -0.000451326
 0.0105383 0.00275808 0.00744381 -0.00600204 -0.000531428
 0.0101142 0.00247751 0.00570195 -0.00436042 -0.000630362
 0.00986219 0.00243577 0.00497201 -0.00358741 -0.000476623
 0.00971031 0.00210285 0.0039556 -0.00267569 -0.000605638
 0.00941931 0.00206171 0.00338591 -0.00224606 -0.000493313
 0.00914244 0.00191938 0.00210062 -0.00126062 -0.000445173
 0.00896731 0.00187786 0.00183724 -0.000748475 -0.000280352
 0.00870231 0.00166296 0.00107309 -6.5305e-05 -0.000341763
 0.00838756 0.00157349 0.000436201 0.000501891 -0.000340515
 0.00809456 0.00147593 -0.000338124 0.00106394 -0.000234086
 0.00789231 0.00141628 -0.000368089 0.00122561 -0.000270136
 0.00775394 0.00136651 -0.000687794 0.00140231 -0.000151864
 0.00741937 0.00127801 -0.00107403 0.00176381 -0.000185234
 0.0072235 0.00121671 -0.00142179 0.00203503 -0.000153656
 0.00677644 0.00112334 -0.00170909 0.00225193 -9.41875e-05
 0.00650156 0.00106932 -0.00171269 0.00225966 -5.92142e-05
 0.00621863 0.00103252 -0.00194379 0.00246127 -2.15141e-05
 0.00589215 0.000981144 -0.00190159 0.00229206 -6.54612e-06
 0.00566082 0.000927281 -0.00196931 0.00235947 1.31126e-05
 0.00533135 0.000878337 -0.00182129 0.00218346 3.79099e-05
 0.0050208 0.000819856 -0.00183455 0.00217358 3.22106e-05
 0.00473414 0.000774081 -0.00174621 0.00197831 4.6779e-05
 0.00455772 0.000745356 -0.00165279 0.00190106 5.54649e-05
 0.00421582 0.000701975 -0.00155309 0.00174629 6.83269e-05
 0.00396296 0.000667319 -0.00139606 0.00157732 7.64862e-05
 0.00366837 0.000618133 -0.00124214 0.00139194 6.61575e-05
 0.00350677 0.000599727 -0.00115116 0.00127329 8.10794e-05
 0.00321369 0.000555494 -0.000959544 0.00107059 7.51625e-05
 0.00299763 0.000530435 -0.000852262 0.000941788 8.85931e-05
 0.00273253 0.000492869 -0.000705837 0.00078365 8.90856e-05
 0.00254234 0.000464837 -0.000595094 0.000658263 8.52719e-05
 0.00229998 0.000424283 -0.000492198 0.000543681 7.61788e-05
 0.00213684 0.000397705 -0.000401796 0.000441953 7.21725e-05
 0.00192038 0.000362369 -0.000310646 0.000342492 7.23894e-05
 0.00177397 0.000336389 -0.000265538 0.000291003 6.82625e-05
 0.00161595 0.000308197 -0.000212561 0.000231736 6.47712e-05
 0.00149196 0.000285234 -0.000175812 0.000189243 5.9598e-05
 0.00132851 0.000253934 -0.000135324 0.000143597 5.21157e-05
 0.00118273 0.000226057 -0.000104796 0.000110136 4.62182e-05
 0.00108228 0.000207349 -8.16481e-05 8.39375e-05 4.37342e-05
 0.000979431 0.000187627 -6.44062e-05 6.41106e-05 4.07727e-05
 0.000878456 0.000167878 -4.51022e-05 4.28557e-05 3.63402e-05
 0.000774338 0.000147719 -3.09635e-05 2.73298e-05 3.15002e-05
 0.000690475 0.000131606 -2.23603e-05 1.81041e-05 2.88261e-05
 0.000603814 0.000114344 -1.27304e-05 7.15112e-06 2.39191e-05
 0.000551268 0.000104419 -7.74881e-06 1.81797e-06 2.25026e-05
 0.000482244 9.10619e-05 -7.19012e-07 -5.19881e-06 1.93366e-05
 0.00042366 7.94869e-05 3.72733e-06 -9.80169e-06 1.63929e-05
 0 0 0 0 0
 0 0 0 0 0
 0 0 0 0 0
 0 0 0 0 0
 0 0 0 0 0
 0 0 0 0 0
 0 0 0 0 0
 0 0 0 0 0
 0 0 0 0 0
 0 0 0 0 0
 0 0 0 0 0
 0 0 0 0 0
 0 0 0 0 0
 0 0 0 0 0
 0 0 0 0 0
 0 0 0 0 0
 0 0 0 0 0
 0 0 0 0 0
 0 0 0 0 0
 0 0 0 0 0
 0 0 0 0 0
 0 0 0 0 0
 0 0 0 0 0
 0 0 0 0 0
 0 0 0 0 0
 0 0 0 0 0
 0 0 0 0 0
 0 0 0 0 0
 1.25941 0.966025 0.0819706 -0.0483766 0.738819
 0.763913 0.570409 0.0763075 -0.0454623 0.423122
 0.523132 0.381104 0.0743275 -0.0441431 0.274313
 0.373687 0.266366 0.0692725 -0.0419036 0.186533
 0.281029 0.196316 0.0654525 -0.0396201 0.133719
 0.217988 0.149679 0.0619057 -0.0374124 0.0989931
 0.173709 0.117388 0.0581526 -0.0356351 0.0754519
 0.142659 0.0952081 0.0557864 -0.0337936 0.0592265
 0.117416 0.0775563 0.0523111 -0.0318682 0.0467473
 0.0985081 0.0643119 0.0493861 -0.0300299 0.037436
 0.0837156 0.0543667 0.0457559 -0.0280806 0.0303029
 0.0720194 0.0462524 0.0440849 -0.0271253 0.0243801
 0.0626744 0.0401283 0.0406159 -0.0250453 0.0206876
 0.0545981 0.0348479 0.0383836 -0.0239637 0.0170402
 0.0491242 0.0312661 0.0362352 -0.0222714 0.0146219
 0.0439812 0.0280131 0.0339857 -0.021123 0.0126819
 0.0391079 0.0248549 0.0319241 -0.0199536 0.0105871
 0.0352767 0.0224934 0.0300544 -0.0188554 0.00880919
 0.0323093 0.0205438 0.0284568 -0.0179594 0.00791819
 0.0298891 0.0190958 0.0271886 -0.0170513 0.00693919
 0.0272767 0.0174551 0.0260332 -0.0166701 0.00580654
 0.0255817 0.0164424 0.0257187 -0.0167564 0.00531566
 0.0236408 0.0154258 0.0247787 -0.0164175 0.00478741
 0.022374 0.0148273 0.0246399 -0.0163121 0.00458498
 0.0204052 0.0136873 0.0247998 -0.0170521 0.00366982
 0.019517 0.0134704 0.0246471 -0.0173307 0.00453516
 0.0182547 0.0124291 0.0243031 -0.0174483 0.00331994
 0.0180257 0.0123347 0.0244216 -0.0177827 0.00388178
 0.0168375 0.0115134 0.0245432 -0.0180899 0.00340606
 0.0162689 0.0108736 0.0252274 -0.0188341 0.00255526
 0.0159462 0.0106056 0.0237019 -0.0185092 0.00266849
 0.0150979 0.00946775 0.0236506 -0.0187264 0.00151696
 0.0147793 0.00898238 0.0221145 -0.018154 0.00180064
 0.0140428 0.00839806 0.0213761 -0.0174551 0.00161121
 0.0137503 0.00781188 0.0211859 -0.0175032 0.00117527
 0.0132634 0.00714281 0.0206666 -0.0170129 0.000807187
 0.0129311 0.00641169 0.0194606 -0.0167184 0.000186459
 0.0126331 0.00610239 0.0184731 -0.0154461 0.0004422
 0.0123437 0.00548765 0.0175146 -0.0145123 -7.62369e-05
 0.0122347 0.00522351 0.0162012 -0.0135789 0.000160424
 0.011542 0.00457167 0.0139221 -0.0119141 -0.000182098
 0.011393 0.00429209 0.0130364 -0.0109068 -0.000134325
 0.0113623 0.00400211 0.0123681 -0.0102777 -0.000342582
 0.0109272 0.00361388 0.0114793 -0.00972088 -0.000477789
 0.0107144 0.0033447 0.0100046 -0.00827344 -0.000458956
 0.0104733 0.00310014 0.00834069 -0.00668381 -0.000385241
 0.0103209 0.00282572 0.00759762 -0.00598349 -0.000513797
 0.00995831 0.00269254 0.00631662 -0.00508421 -0.000537916
 0.00978919 0.00245662 0.00571406 -0.00440349 -0.000507234
 0.00963063 0.00245133 0.00444574 -0.00328247 -0.000228121
 0.00931125 0.00222689 0.00362184 -0.00249969 -0.000307612
 0.009074 0.00199336 0.00209086 -0.00101952 -0.000386322
 0.00873975 0.00185851 0.00165908 -0.0006986 -0.000331291
 0.00843131 0.0017836 0.00140037 -0.000445769 -0.000296903
 0.00826431 0.00167479 0.000628138 0.000269225 -0.000193248
 0.00793962 0.00156764 0.000302447 0.000570159 -0.000218692
 0.0079825 0.00148171 -0.000177411 0.000989338 -0.000254543
 0.00754812 0.00143447 -0.000634213 0.00130446 -0.000131247
 0.007282 0.00132152 -0.000869863 0.00159539 -0.00014399
 0.0070445 0.00128255 -0.00111904 0.00185393 -5.23143e-05
 0.00681056 0.00119241 -0.00132777 0.00199392 -8.81806e-05
 0.00648619 0.00115393 -0.00133538 0.00188977 -3.03197e-05
 0.006219 0.00109374 -0.00159173 0.00207629 -4.46732e-06
 0.00594039 0.00102771 -0.00176618 0.00220788 -9.98881e-06
 0.00570519 0.000999844 -0.00175118 0.00211583 2.64221e-05
 0.00537296 0.00094965 -0.00163223 0.0019457 6.03055e-05
 0.00519222 0.000897987 -0.00179549 0.00208935 6.88212e-05
 0.00481159 0.000835469 -0.00167355 0.00192767 5.67766e-05
 0.00459879 0.000795231 -0.00164532 0.00188701 6.90287e-05
 0.00426404 0.00074325 -0.00143639 0.00166743 8.20638e-05
 0.00407212 0.000722906 -0.00136228 0.00155188 9.52175e-05
 0.00375065 0.00066435 -0.00122859 0.00139018 8.60944e-05
 0.0035241 0.0006321 -0.00109766 0.00121546 9.70887e-05
 0.00330617 0.000598134 -0.000999069 0.00110427 9.04244e-05
 0.00301881 0.000555878 -0.000863125 0.000949525 9.638e-05
 0.00287187 0.000536339 -0.00073155 0.000809438 9.42094e-05
 0.00259189 0.000491396 -0.000605364 0.000665894 9.24462e-05
 0.00239696 0.000459433 -0.000504352 0.00055417 8.45831e-05
 0.00221279 0.000429474 -0.000416446 0.000450942 8.46094e-05
 0.00202948 0.000398458 -0.000334199 0.000368186 8.03088e-05
 0.00185461 0.000364396 -0.000271967 0.000293885 7.41469e-05
 0.00168473 0.00033177 -0.000219485 0.000238552 6.53994e-05
 0.00154522 0.000305673 -0.000180422 0.000192201 6.38994e-05
 0.00139765 0.000277229 -0.000140821 0.000148684 5.84184e-05
 0.00126863 0.000252031 -0.000109053 0.000114318 5.44147e-05
 0.00112059 0.000222018 -8.62475e-05 8.69937e-05 4.65843e-05
 0.00102398 0.000203207 -6.76138e-05 6.57425e-05 4.41714e-05
 0.000907581 0.000179142 -4.46678e-05 4.09893e-05 3.81149e-05
 0.000829919 0.000164067 -3.12581e-05 2.67322e-05 3.54536e-05
 0.000732106 0.000144143 -1.95531e-05 1.38939e-05 3.03299e-05
 0.000641856 0.000126081 -1.21668e-05 6.24417e-06 2.60329e-05
 0.000582329 0.000114222 -4.20614e-06 -2.12504e-06 2.51839e-05
 0.000516811 0.000101096 5.17522e-07 -7.16637e-06 2.2098e-05
 0 0 0 0 0
 0 0 0 0 0
 0 0 0 0 0
 0 0 0 0 0
 0 0 0 0 0
 0 0 0 0 0
 0 0 0 0 0
 0 0 0 0 0
 0 0 0 0 0
 0 0 0 0 0
 0 0 0 0 0
 0 0 0 0 0
 0 0 0 0 0
 0 0 0 0 0
 0 0 0 0 0
 0 0 0 0 0
 0 0 0 0 0
 0 0 0 0 0
 0 0 0 0 0
 0 0 0 0 0
 0 0 0 0 0
 0 0 0 0 0
 0 0 0 0 0
 0 0 0 0 0
 0 0 0 0 0
 0 0 0 0 0
 0 0 0 0 0
 0 0 0 0 0
 0 0 0 0 0
 1.51213 1.17946 0.0918206 -0.0569768 0.917725
 0.8967 0.680694 0.0861681 -0.0538504 0.514086
 0.60271 0.445978 0.08249 -0.0517835 0.327352
 0.424804 0.307161 0.0792638 -0.0502752 0.219106
 0.313308 0.222108 0.0737944 -0.0468176 0.154044
 0.243084 0.169097 0.0698569 -0.0450057 0.113976
 0.190937 0.130697 0.0650213 -0.0424623 0.085875
 0.156347 0.105453 0.0623697 -0.0401134 0.0672112
 0.129359 0.086135 0.0588437 -0.0380251 0.0534381
 0.105964 0.0697881 0.0549257 -0.0357141 0.0416232
 0.0903831 0.058958 0.051305 -0.0335281 0.0342845
 0.0779619 0.0506019 0.0478635 -0.0312185 0.0282549
 0.0665044 0.042793 0.0439245 -0.0291228 0.0230196
 0.0591271 0.0377641 0.0423114 -0.0277101 0.0191936
 0.0518226 0.0329188 0.0397852 -0.0260322 0.0161616
 0.0461123 0.0292364 0.0374148 -0.0241826 0.0135211
 0.0413094 0.0262098 0.0344671 -0.0225329 0.0117567
 0.0373837 0.0235568 0.0330668 -0.0213476 0.00968081
 0.0341961 0.0216171 0.0312646 -0.0203631 0.0087865
 0.0311095 0.0196096 0.0291977 -0.0189354 0.00721269
 0.0282044 0.0178681 0.0275947 -0.0184261 0.00642925
 0.026135 0.0167361 0.0264036 -0.0174196 0.00607569
 0.0244931 0.0157426 0.0253994 -0.0171141 0.00531917
 0.0228414 0.0147931 0.0250723 -0.0167855 0.0047814
 0.0212422 0.0139476 0.0240479 -0.016745 0.00456032
 0.0196742 0.0131409 0.0238514 -0.0168519 0.00407137
 0.0187524 0.0127242 0.0246016 -0.0173933 0.00385918
 0.0178396 0.0120116 0.0240109 -0.0172505 0.00354666
 0.0168748 0.0112794 0.0241904 -0.0180568 0.00308458
 0.0163427 0.0109168 0.0237529 -0.0179521 0.00322158
 0.0158327 0.0102871 0.0234851 -0.0179255 0.00261532
 0.0150017 0.00954287 0.0229171 -0.0180131 0.00237706
 0.0146389 0.00914081 0.0226362 -0.0182332 0.00191152
 0.0141369 0.00838913 0.0213355 -0.0170973 0.00155498
 0.0136947 0.00787787 0.0208823 -0.0173242 0.00134176
 0.0133766 0.00729825 0.0197739 -0.0165283 0.00110431
 0.0129529 0.00671306 0.0189599 -0.0160122 0.000832194
 0.0126229 0.00635588 0.0175059 -0.0148729 0.000888238
 0.0121528 0.00566179 0.0156648 -0.0133808 0.000396659
 0.0118306 0.00525461 0.0155476 -0.0129064 0.000178808
 0.0115387 0.00483184 0.0133751 -0.0113495 -6.66431e-06
 0.0114608 0.00450364 0.0131274 -0.011277 -3.26458e-05
 0.0109442 0.00401994 0.0122161 -0.0104681 -0.000288788
 0.0108656 0.00366388 0.0110448 -0.00945775 -0.000431987
 0.0104704 0.00351538 0.00991612 -0.00837406 -0.000222609
 0.0104026 0.00319656 0.00872481 -0.00723519 -0.000242139
 0.00989956 0.00290172 0.00803606 -0.00656194 -0.000300854
 0.00982831 0.00280569 0.00676237 -0.00536829 -0.000161209
 0.00961469 0.00255406 0.00585321 -0.00437169 -0.000279284
 0.00939212 0.00243502 0.0048037 -0.00360837 -0.000210202
 0.00909981 0.002201 0.00406997 -0.00296983 -0.000383296
 0.00895731 0.00219526 0.00310537 -0.00197531 -0.000183173
 0.00887844 0.00199669 0.00270631 -0.00158586 -0.000235925
 0.00853331 0.00189103 0.00214399 -0.00100922 -0.000198429
 0.00825138 0.00175976 0.00123212 -0.000387069 -0.000267946
 0.00803269 0.00169178 0.000502479 0.000326483 -9.77681e-05
 0.00779225 0.0015975 0.000367653 0.000492556 -5.96618e-05
 0.00752088 0.00150901 -5.05054e-05 0.000760937 -7.56362e-05
 0.00709406 0.00139483 -0.000546606 0.00129569 -9.0855e-05
 0.00694825 0.00136418 -0.000757256 0.00135974 -9.09337e-06
 0.00671975 0.00129866 -0.00120617 0.00167859 8.59688e-06
 0.00649169 0.00124669 -0.00102635 0.00160024 1.51745e-05
 0.006285 0.00121115 -0.00137724 0.00189466 4.84799e-05
 0.00601961 0.00112478 -0.00151254 0.00199096 4.61792e-05
 0.00570369 0.00105371 -0.00156186 0.00193271 5.79247e-05
 0.00534365 0.000993 -0.00149245 0.00184995 8.18044e-05
 0.0050792 0.00093155 -0.00150418 0.00183174 6.67875e-05
 0.00494427 0.000900112 -0.00160086 0.00184127 8.00019e-05
 0.00462789 0.000855113 -0.00142616 0.00170364 9.15356e-05
 0.00433602 0.000798044 -0.00141761 0.0016088 0.000102649
 0.00410543 0.000760813 -0.00129887 0.00149199 0.000103405
 0.00384578 0.000713944 -0.00118347 0.00134169 0.000102596
 0.00362159 0.000681794 -0.00108266 0.0012178 0.000115314
 0.00334738 0.000632813 -0.000961238 0.00107304 0.000103959
 0.00315283 0.000605213 -0.000859031 0.000939856 0.000112449
 0.00286636 0.000553117 -0.000740319 0.000810631 9.76119e-05
 0.00272893 0.000534303 -0.000627919 0.000683594 9.99175e-05
 0.00247012 0.000492011 -0.000502191 0.000549745 9.44369e-05
 0.00226698 0.000456619 -0.000417379 0.000458941 9.36919e-05
 0.0020821 0.000421461 -0.000348909 0.000377459 8.49525e-05
 0.00191856 0.000389766 -0.000279109 0.000302786 7.89156e-05
 0.001737 0.000354311 -0.000223048 0.000240898 7.123e-05
 0.00159431 0.000325942 -0.000181015 0.000192328 6.75975e-05
 0.00145121 0.000297511 -0.000142251 0.000146988 6.39425e-05
 0.00130978 0.000268807 -0.00011165 0.000114274 5.85472e-05
 0.00119354 0.000244546 -8.41175e-05 8.408e-05 5.22917e-05
 0.00105652 0.000216688 -6.44731e-05 6.20336e-05 4.70913e-05
 0.00096855 0.000198406 -4.49469e-05 3.97237e-05 4.33604e-05
 0.000863394 0.00017653 -3.12008e-05 2.56526e-05 3.95546e-05
 0.000775381 0.000158162 -2.09714e-05 1.44266e-05 3.50412e-05
 0.000684381 0.000139003 -1.07369e-05 4.09113e-06 2.96292e-05
 0.000616187 0.000125019 -3.79509e-06 -3.1005e-06 2.7417e-05
 0 0 0 0 0
 0 0 0 0 0
 0 0 0 0 0
 0 0 0 0 0
 0 0 0 0 0
 0 0 0 0 0
 0 0 0 0 0
 0 0 0 0 0
 0 0 0 0 0
 0 0 0 0 0
 0 0 0 0 0
 0 0 0 0 0
 0 0 0 0 0
 0 0 0 0 0
 0 0 0 0 0
 0 0 0 0 0
 0 0 0 0 0
 0 0 0 0 0
 0 0 0 0 0
 0 0 0 0 0
 0 0 0 0 0
 0 0 0 0 0
 0 0 0 0 0
 0 0 0 0 0
 0 0 0 0 0
 0 0 0 0 0
 0 0 0 0 0
 0 0 0 0 0
 0 0 0 0 0
 0 0 0 0 0
 1.73271 1.3731 0.0994169 -0.0642363 1.08614
 1.02704 0.791731 0.0945206 -0.0619824 0.608066
 0.682363 0.512988 0.0914531 -0.0599973 0.383207
 0.479702 0.352156 0.086385 -0.0574601 0.255698
 0.352338 0.253208 0.081665 -0.0546488 0.178562
 0.269584 0.189984 0.0774394 -0.0518287 0.130616
 0.208632 0.144527 0.0714475 -0.0486344 0.0967262
 0.169327 0.115524 0.068495 -0.0466971 0.0751775
 0.140308 0.094245 0.0651112 -0.044238 0.0595612
 0.115768 0.0770038 0.0607472 -0.0414383 0.0472469
 0.0979031 0.0643938 0.0573464 -0.0388948 0.0383481
 0.0837344 0.0545226 0.0526215 -0.0359268 0.0314512
 0.0714638 0.0461639 0.0500014 -0.03433 0.0255752
 0.0630825 0.0405845 0.046989 -0.0320916 0.0221849
 0.0542521 0.0345342 0.0434123 -0.0296132 0.0173171
 0.0485968 0.0308645 0.0408641 -0.0275587 0.0151166
 0.0430101 0.0272211 0.0377534 -0.0255154 0.0126342
 0.0384702 0.0242818 0.0344234 -0.0237054 0.0108352
 0.0352311 0.0220748 0.0336456 -0.0227748 0.00916944
 0.0316916 0.0199416 0.0308891 -0.0211512 0.00808425
 0.0290893 0.0183317 0.0290239 -0.0197613 0.00708131
 0.0269528 0.0169799 0.0273608 -0.0188136 0.00629781
 0.0247552 0.0156469 0.0267456 -0.0185111 0.00538912
 0.0229043 0.014567 0.0257547 -0.0177316 0.00493229
 0.0217964 0.0139944 0.0246904 -0.0173258 0.00447744
 0.0201999 0.0133558 0.0243194 -0.0172204 0.00469104
 0.0191188 0.0127194 0.0236309 -0.0171417 0.00443768
 0.018193 0.012197 0.0236652 -0.0173194 0.00408628
 0.0172371 0.0115494 0.0236026 -0.0175781 0.00374314
 0.0164733 0.0109846 0.0227909 -0.0173385 0.00359059
 0.0156293 0.0100853 0.0231824 -0.0178005 0.00255093
 0.0152036 0.00972331 0.0222633 -0.017313 0.0029273
 0.0144042 0.00923519 0.0220057 -0.0172786 0.002702
 0.0139621 0.00835263 0.0201044 -0.0164028 0.00182483
 0.01347 0.007648 0.0203098 -0.016263 0.0014585
 0.0131315 0.00721369 0.0190712 -0.0160331 0.0011962
 0.0126249 0.006596 0.0183406 -0.0151251 0.00068895
 0.0122816 0.00609058 0.0174376 -0.0147085 0.000650631
 0.0120874 0.00585837 0.0161796 -0.0137408 0.000879988
 0.0116208 0.00525875 0.0164462 -0.0138539 0.000273076
 0.0114754 0.00500086 0.0149155 -0.0127089 0.000390443
 0.0111178 0.00458052 0.0127341 -0.0106971 0.000207927
 0.0109293 0.00415946 0.0121334 -0.0102214 0.000168514
 0.0108119 0.00394334 0.0117909 -0.009773 1.67127e-06
 0.0105476 0.00356877 0.0101851 -0.0084095 -0.000208214
 0.0101226 0.00336816 0.00901369 -0.00741388 -3.2268e-05
 0.0100085 0.0031231 0.00762969 -0.00616686 -3.03679e-05
 0.0097135 0.00285222 0.00690687 -0.00539459 -0.000246786
 0.00942944 0.00269231 0.00605173 -0.00480701 -0.000176328
 0.00923269 0.00250691 0.00446828 -0.00333269 -0.000229965
 0.00898519 0.00238676 0.00435931 -0.00325028 -0.000121773
 0.00884344 0.00220009 0.0036536 -0.00254849 -0.000205621
 0.00868888 0.00214561 0.00278182 -0.00175181 -0.000119331
 0.00847713 0.00202213 0.00184917 -0.000959125 -0.000108004
 0.00825087 0.00187336 0.00128342 -0.000394858 -7.42606e-05
 0.007843 0.00177111 0.000974063 -0.000178344 -3.75204e-05
 0.00768325 0.00168579 0.000341197 0.000335381 -1.24866e-06
 0.00741656 0.00160835 -7.75106e-05 0.000760212 1.46209e-06
 0.00715337 0.00146415 -0.000481781 0.00116459 -5.65693e-05
 0.00696519 0.00145161 -0.000607694 0.0011883 7.96113e-05
 0.00673112 0.00136367 -0.000917131 0.00143747 3.72799e-05
 0.006513 0.00129223 -0.00105927 0.00162842 3.49619e-05
 0.006212 0.00122711 -0.00126927 0.00175415 5.32783e-05
 0.00593517 0.00116861 -0.00135253 0.00176903 8.33e-05
 0.00565358 0.00110475 -0.00148316 0.0018111 8.04219e-05
 0.00543637 0.00104684 -0.00151105 0.00179541 8.19406e-05
 0.00517964 0.00100311 -0.00152646 0.00182971 0.000113542
 0.00489675 0.000950031 -0.00146046 0.00174254 0.000119587
 0.00464098 0.000895762 -0.00138713 0.00161719 0.000112363
 0.00442767 0.000860462 -0.00142583 0.00159631 0.000122147
 0.00415538 0.000811012 -0.00128423 0.0014378 0.000119851
 0.00389926 0.000756844 -0.00118682 0.00134415 0.000122452
 0.00365423 0.000719375 -0.00108373 0.00121187 0.000120213
 0.00341617 0.000671069 -0.000975781 0.00106529 0.000118998
 0.00321213 0.000640425 -0.000876594 0.000955844 0.000119816
 0.00292084 0.000583539 -0.000756438 0.000813712 0.000101501
 0.00272461 0.000554711 -0.000625581 0.000679269 0.000110106
 0.00255052 0.000523578 -0.000516545 0.000567023 0.000105617
 0.00233268 0.000485618 -0.000422276 0.000459467 0.000101551
 0.00211973 0.000442227 -0.000346774 0.000376606 8.84987e-05
 0.00194232 0.000407788 -0.000279986 0.000301713 8.56888e-05
 0.00180042 0.000381214 -0.000229213 0.000243508 8.24287e-05
 0.00163602 0.00034706 -0.00018014 0.000190925 7.66694e-05
 0.00149834 0.000318043 -0.000141659 0.000149519 7.06575e-05
 0.00137112 0.000290439 -0.000112666 0.000114414 6.29669e-05
 0.00124431 0.00026422 -8.36444e-05 8.29987e-05 5.84114e-05
 0.00110977 0.000235127 -6.28556e-05 5.9026e-05 5.13866e-05
 0.00101711 0.000214961 -4.57872e-05 4.02218e-05 4.71539e-05
 0.00090355 0.00019097 -3.07669e-05 2.46e-05 4.26326e-05
 0.0007943 0.000167226 -1.91947e-05 1.22223e-05 3.70901e-05
 0.000708913 0.000149006 -1.17564e-05 4.34369e-06 3.35724e-05
 0 0 0 0 0
 0 0 0 0 0
 0 0 0 0 0
 0 0 0 0 0
 0 0 0 0 0
 0 0 0 0 0
 0 0 0 0 0
 0 0 0 0 0
 0 0 0 0 0
 0 0 0 0 0
 0 0 0 0 0
 0 0 0 0 0
 0 0 0 0 0
 0 0 0 0 0
 0 0 0 0 0
 0 0 0 0 0
 0 0 0 0 0
 0 0 0 0 0
 0 0 0 0 0
 0 0 0 0 0
 0 0 0 0 0
 0 0 0 0 0
 0 0 0 0 0
 0 0 0 0 0
 0 0 0 0 0
 0 0 0 0 0
 0 0 0 0 0
 0 0 0 0 0
 0 0 0 0 0
 0 0 0 0 0
 0 0 0 0 0
 1.97836 1.59082 0.106963 -0.0711594 1.27747
 1.14754 0.898062 0.101739 -0.068645 0.700781
 0.755531 0.576159 0.0992987 -0.0672788 0.437131
 0.527098 0.392682 0.0932462 -0.0638325 0.290198
 0.386301 0.281621 0.0888438 -0.0612496 0.20252
 0.292593 0.209053 0.0828537 -0.0576582 0.146751
 0.231728 0.162612 0.0802538 -0.0559762 0.111214
 0.185776 0.128158 0.0749244 -0.0530861 0.0848381
 0.150386 0.102181 0.0711769 -0.0500072 0.0660325
 0.123414 0.082915 0.0658469 -0.0464299 0.052163
 0.104589 0.0692475 0.0630669 -0.0445248 0.0421049
 0.0885969 0.0580361 0.0578804 -0.0416869 0.0340125
 0.0764125 0.0497911 0.0539161 -0.038548 0.0287802
 0.0655019 0.0423216 0.0505501 -0.0360904 0.0233494
 0.0580037 0.0370588 0.0478089 -0.0343189 0.0194514
 0.0511863 0.0325427 0.0451403 -0.0317771 0.0166204
 0.0448828 0.0284374 0.0414506 -0.029115 0.0139444
 0.0409568 0.0259417 0.0387634 -0.0272246 0.0124909
 0.0367869 0.02311 0.0361676 -0.0253417 0.0104935
 0.0326472 0.0204455 0.0329296 -0.0234093 0.00870738
 0.0297875 0.018698 0.0315161 -0.0221703 0.00774025
 0.0279901 0.0174606 0.0299361 -0.0210996 0.00677869
 0.0257642 0.0161527 0.0277939 -0.0198607 0.00618556
 0.0238795 0.0149881 0.0268448 -0.0192083 0.00537412
 0.0221937 0.0141589 0.0255106 -0.0180644 0.00521132
 0.0204738 0.0130257 0.0246107 -0.0175935 0.00421538
 0.0193401 0.0126957 0.0240531 -0.0174767 0.00451974
 0.0181604 0.0119375 0.0234143 -0.0170052 0.00403941
 0.0173574 0.0113556 0.0229124 -0.0172555 0.00362686
 0.0163115 0.0106463 0.0235523 -0.0178361 0.00333134
 0.0157384 0.0100949 0.0223657 -0.0170916 0.00297726
 0.0151319 0.00977144 0.0215249 -0.0169669 0.00312606
 0.014463 0.0091 0.0207981 -0.016502 0.00274441
 0.0139124 0.00843231 0.0199384 -0.0160029 0.00219558
 0.0134308 0.00773506 0.0190497 -0.0158668 0.00144703
 0.0131286 0.00734894 0.0192349 -0.0158479 0.00158645
 0.0125543 0.00672419 0.0173952 -0.0145977 0.00134849
 0.0121912 0.00637588 0.0176373 -0.0147569 0.00116199
 0.0120442 0.00583105 0.0158866 -0.0133079 0.000783394
 0.0115266 0.00548831 0.0146489 -0.0121852 0.000741094
 0.0111652 0.0048127 0.0145667 -0.0120614 0.000177191
 0.0109721 0.00454038 0.0130504 -0.0111466 0.000107735
 0.0107482 0.00420201 0.0120183 -0.0102044 1.77059e-05
 0.0104257 0.00394866 0.0105027 -0.00879294 9.41288e-05
 0.0102662 0.00363968 0.0100362 -0.00840081 -5.32617e-05
 0.0100781 0.00338232 0.00926394 -0.00770319 -0.000132364
 0.00971512 0.00314196 0.00857519 -0.00699006 -0.000168269
 0.00958806 0.00297459 0.00745481 -0.00599794 -0.000121907
 0.00934631 0.0028328 0.0070565 -0.00540616 -2.49121e-05
 0.00923638 0.00265754 0.00542891 -0.00413124 -2.5665e-05
 0.00886163 0.00238133 0.00382824 -0.00291724 -0.000181933
 0.00873813 0.00230062 0.00361756 -0.00249086 -8.97962e-05
 0.00852069 0.00216941 0.00313391 -0.00209267 -0.000132016
 0.00833544 0.00205536 0.00233489 -0.00123248 -8.83125e-05
 0.00812762 0.00196803 0.00176675 -0.000786925 -1.68354e-05
 0.00787075 0.00188588 0.0012007 -0.000272437 4.52008e-05
 0.00762737 0.00175992 0.000748531 5.38078e-05 8.44681e-06
 0.007393 0.00166849 0.000553681 0.000153011 2.83897e-06
 0.00716456 0.00158525 -7.882e-05 0.000634944 8.82813e-05
 0.00695794 0.00150193 -0.000397841 0.00102195 4.04939e-05
 0.00665812 0.00144894 -0.000594505 0.00118446 0.000110324
 0.00638325 0.0013744 -0.000699888 0.00122333 9.22587e-05
 0.00610279 0.00129311 -0.00108978 0.00154063 0.000118207
 0.00597849 0.001258 -0.000951706 0.00139376 0.000117137
 0.00574381 0.00117954 -0.00133625 0.00172439 0.000113186
 0.00543983 0.00110565 -0.00139698 0.00171279 0.000124475
 0.00522813 0.00107202 -0.00129278 0.00159536 0.000145554
 0.00495069 0.00100769 -0.00131133 0.00158151 0.000131938
 0.00468219 0.000952056 -0.00133428 0.00157364 0.000144594
 0.00443019 0.000899 -0.00123947 0.00142693 0.000135631
 0.00424222 0.000858106 -0.00126239 0.00142211 0.000148512
 0.00394481 0.000802031 -0.00113961 0.00127963 0.000141622
 0.00369465 0.000758263 -0.00104372 0.00116183 0.0001376
 0.00345347 0.000707187 -0.000918081 0.00101361 0.000128864
 0.00320491 0.000662306 -0.000837525 0.000907581 0.000128525
 0.00305404 0.0006352 -0.000751519 0.000819288 0.000130461
 0.00280117 0.000586068 -0.000638831 0.000686712 0.000118268
 0.00259928 0.000550289 -0.000546146 0.000586503 0.000115062
 0.00237762 0.00050968 -0.000439153 0.000477741 0.00010791
 0.00220012 0.000473769 -0.000357472 0.000384459 9.77525e-05
 0.00203371 0.000440746 -0.000284513 0.000306986 9.44725e-05
 0.00185582 0.000404293 -0.000227176 0.000241724 8.74869e-05
 0.00171551 0.000375111 -0.000187044 0.000195727 8.39656e-05
 0.00155539 0.000340426 -0.000145613 0.000149501 7.79288e-05
 0.00140724 0.000308133 -0.000112255 0.000114268 7.00094e-05
 0.00129498 0.000283228 -8.45519e-05 8.39188e-05 6.33506e-05
 0.00116486 0.000255035 -6.30894e-05 5.98586e-05 5.91748e-05
 0.00105121 0.000229059 -4.37965e-05 3.75626e-05 5.13247e-05
 0.000941144 0.000204984 -2.94905e-05 2.27754e-05 4.64695e-05
 0.000849044 0.000184161 -1.77681e-05 9.66544e-06 4.0878e-05
 0 0 0 0 0
 0 0 0 0 0
 0 0 0 0 0
 0 0 0 0 0
 0 0 0 0 0
 0 0 0 0 0
 0 0 0 0 0
 0 0 0 0 0
 0 0 0 0 0
 0 0 0 0 0
 0 0 0 0 0
 0 0 0 0 0
 0 0 0 0 0
 0 0 0 0 0
 0 0 0 0 0
 0 0 0 0 0
 0 0 0 0 0
 0 0 0 0 0
 0 0 0 0 0
 0 0 0 0 0
 0 0 0 0 0
 0 0 0 0 0
 0 0 0 0 0
 0 0 0 0 0
 0 0 0 0 0
 0 0 0 0 0
 0 0 0 0 0
 0 0 0 0 0
 0 0 0 0 0
 0 0 0 0 0
 0 0 0 0 0
 0 0 0 0 0
 2.20942 1.80069 0.113976 -0.0773175 1.46603
 1.26796 1.00577 0.107027 -0.0744944 0.796113
 0.80795 0.624892 0.1022 -0.0720375 0.481393
 0.575096 0.434227 0.100216 -0.0707856 0.325483
 0.409655 0.302586 0.0941763 -0.0671587 0.220884
 0.310324 0.224724 0.08957 -0.0638894 0.159829
 0.245545 0.174362 0.0860806 -0.0619379 0.120963
 0.198218 0.138492 0.0809381 -0.0586936 0.0939625
 0.161808 0.111327 0.076825 -0.0557662 0.0735631
 0.131679 0.0892437 0.0713887 -0.0521259 0.0569559
 0.111958 0.0749525 0.0675831 -0.0496551 0.0467829
 0.0929119 0.0614231 0.0627369 -0.0458416 0.0370503
 0.08054 0.0526814 0.0597744 -0.0439379 0.0308793
 0.0701538 0.045482 0.0554278 -0.0411022 0.0257783
 0.060497 0.0389723 0.0519097 -0.0385339 0.0214979
 0.052715 0.0337029 0.0479 -0.0349259 0.0179723
 0.0474669 0.030146 0.0456554 -0.033227 0.0155299
 0.0421653 0.0265801 0.0420603 -0.031164 0.0131128
 0.0380106 0.0238697 0.0389063 -0.0283752 0.0112368
 0.0344095 0.0214459 0.0368259 -0.0267273 0.00956919
 0.0307772 0.019123 0.0338469 -0.0247446 0.008145
 0.028612 0.0178538 0.0314089 -0.0227978 0.00766194
 0.0263929 0.0163352 0.0298104 -0.0216145 0.00636069
 0.0241374 0.0149979 0.02858 -0.0208173 0.00558198
 0.0227312 0.0141147 0.0268634 -0.0197288 0.00499804
 0.0208867 0.0133507 0.0249254 -0.0184303 0.00516051
 0.0195357 0.0126075 0.0242929 -0.0179274 0.0045949
 0.0183876 0.011942 0.0235986 -0.0175198 0.00435015
 0.0176262 0.0115459 0.0233656 -0.017509 0.00428964
 0.0165403 0.0107554 0.0224046 -0.0171977 0.00369542
 0.0157744 0.0102399 0.0215889 -0.0168569 0.0035637
 0.0150579 0.00953 0.0212993 -0.0165653 0.00301699
 0.0145575 0.00909838 0.0210776 -0.0166864 0.00275792
 0.013933 0.00832387 0.0204326 -0.0162203 0.00226526
 0.0132771 0.00779769 0.0197093 -0.0156557 0.00203726
 0.0128909 0.00721819 0.0181963 -0.0150688 0.00151358
 0.0123549 0.0067985 0.018105 -0.0149161 0.00145518
 0.0121529 0.00648275 0.0167716 -0.0139255 0.00137434
 0.0116782 0.00585644 0.0164738 -0.0137914 0.000964725
 0.0115365 0.00550296 0.0151947 -0.0129845 0.000828531
 0.0111515 0.00503176 0.0142399 -0.0119856 0.000663012
 0.0107457 0.00470163 0.0123794 -0.0105066 0.000395129
 0.0106509 0.00426994 0.0126004 -0.0106808 1.88913e-05
 0.0104276 0.00425256 0.011288 -0.00945531 0.000571776
 0.00992994 0.00364836 0.00982706 -0.00820556 -4.00333e-05
 0.00980687 0.00349404 0.00929525 -0.00790244 1.64587e-06
 0.00979506 0.00331046 0.00796662 -0.00669169 9.0375e-05
 0.00942194 0.00300191 0.00712425 -0.00569768 -4.41264e-05
 0.00939944 0.00293671 0.00663444 -0.00540553 6.2004e-05
 0.00901244 0.00261681 0.00583234 -0.00472478 -0.000166429
 0.00875331 0.00247814 0.00447625 -0.00338688 -2.96442e-05
 0.00869925 0.00240464 0.00467289 -0.00359272 3.62933e-05
 0.00829037 0.00222345 0.00338647 -0.00229175 -1.15079e-05
 0.00820575 0.00217508 0.00307554 -0.00205228 9.66994e-05
 0.00791887 0.00201924 0.00235497 -0.00133318 -1.29551e-05
 0.00778425 0.00192061 0.0013019 -0.000677675 4.14473e-05
 0.00750394 0.00181896 0.00109694 -0.000316751 6.283e-05
 0.00746838 0.00178243 0.000845275 -8.62288e-05 6.99744e-05
 0.00706731 0.00164442 0.000265216 0.000362473 7.445e-05
 0.0068335 0.00155109 -0.000222491 0.000795319 7.7775e-05
 0.00658706 0.00148581 -0.000369572 0.000916962 0.000100324
 0.006461 0.00143656 -0.000720719 0.00118341 0.000133538
 0.00612591 0.00133168 -0.000827606 0.00123548 0.000114726
 0.00590041 0.00129921 -0.00107339 0.00145199 0.000152977
 0.00562515 0.00119579 -0.00114544 0.0015305 0.000116098
 0.00541216 0.00116581 -0.00120088 0.00156643 0.000150349
 0.00520243 0.00110887 -0.0012389 0.00151258 0.000145229
 0.00497583 0.00105011 -0.00130279 0.00155255 0.000165353
 0.00471956 0.000987369 -0.00130338 0.00152928 0.000128864
 0.00436806 0.000925369 -0.00116811 0.00133983 0.000154085
 0.00422787 0.000886463 -0.00119296 0.00135616 0.000149956
 0.00399966 0.000839925 -0.00108174 0.00122934 0.000140274
 0.00374967 0.000788644 -0.00103756 0.00113366 0.000138234
 0.00349981 0.000738431 -0.000932231 0.00104384 0.000137501
 0.00331664 0.000706281 -0.000845681 0.0009214 0.000137789
 0.00307388 0.000662738 -0.00073615 0.0008006 0.000138096
 0.00284809 0.000619791 -0.000637762 0.000690863 0.00013702
 0.00265254 0.000577921 -0.000539023 0.000582187 0.000119643
 0.00244419 0.000539223 -0.000445179 0.000480924 0.000115086
 0.0022662 0.000504649 -0.000366684 0.000391301 0.000113033
 0.00208751 0.000467404 -0.000297859 0.000315399 0.000105461
 0.00190333 0.000427388 -0.000233338 0.000246562 9.39619e-05
 0.0017311 0.000389233 -0.000185573 0.000192519 8.8925e-05
 0.00159479 0.000360301 -0.000145782 0.000150067 8.32875e-05
 0.00145613 0.000328542 -0.000112022 0.000111478 7.52581e-05
 0.00133493 0.000301179 -8.55362e-05 8.27044e-05 6.93631e-05
 0.00121257 0.000272671 -6.42163e-05 5.96659e-05 6.25463e-05
 0.00110684 0.000248869 -4.74509e-05 4.09761e-05 5.83249e-05
 0.000971787 0.000217933 -2.94744e-05 2.17697e-05 5.05083e-05
 0 0 0 0 0
 0 0 0 0 0
 0 0 0 0 0
 0 0 0 0 0
 0 0 0 0 0
 0 0 0 0 0
 0 0 0 0 0
 0 0 0 0 0
 0 0 0 0 0
 0 0 0 0 0
 0 0 0 0 0
 0 0 0 0 0
 0 0 0 0 0
 0 0 0 0 0
 0 0 0 0 0
 0 0 0 0 0
 0 0 0 0 0
 0 0 0 0 0
 0 0 0 0 0
 0 0 0 0 0
 0 0 0 0 0
 0 0 0 0 0
 0 0 0 0 0
 0 0 0 0 0
 0 0 0 0 0
 0 0 0 0 0
 0 0 0 0 0
 0 0 0 0 0
 0 0 0 0 0
 0 0 0 0 0
 0 0 0 0 0
 0 0 0 0 0
 0 0 0 0 0
 2.39371 1.9754 0.113992 -0.0799431 1.62919
 1.35892 1.09182 0.110802 -0.0788037 0.87555
 0.848269 0.66455 0.104865 -0.07466 0.518545
 0.603016 0.461376 0.103784 -0.07497 0.350961
 0.43698 0.327076 0.0976456 -0.0716225 0.242823
 0.326797 0.239833 0.0928481 -0.0678819 0.173591
 0.256396 0.184497 0.0885681 -0.06547 0.130066
 0.20653 0.146039 0.0849731 -0.0633587 0.100384
 0.165607 0.115245 0.0801706 -0.0593305 0.0772694
 0.135978 0.0933119 0.0743562 -0.0560041 0.0612829
 0.115336 0.0780063 0.0717256 -0.0536684 0.0495956
 0.0973713 0.0649906 0.0678025 -0.0509581 0.0402506
 0.084055 0.0553735 0.0643669 -0.0485758 0.0330864
 0.0720287 0.0470529 0.059508 -0.0448085 0.0272627
 0.0631938 0.0408378 0.0561187 -0.0425716 0.0229193
 0.0556977 0.0357602 0.0518107 -0.0392342 0.0195923
 0.0489838 0.0311632 0.0475982 -0.0360492 0.016364
 0.0432156 0.0272887 0.0452349 -0.0339429 0.0137833
 0.0390716 0.0244841 0.0425951 -0.0319912 0.0118187
 0.0362233 0.0224351 0.0405176 -0.0308268 0.0101929
 0.0322959 0.0200439 0.036308 -0.0273829 0.00880112
 0.0295221 0.0182401 0.0340559 -0.02565 0.00779287
 0.0270727 0.0166519 0.0325362 -0.0242208 0.00670463
 0.0245662 0.0150785 0.0299938 -0.0222894 0.00575142
 0.0233821 0.0145289 0.0284414 -0.0211691 0.00567585
 0.0211598 0.0132814 0.0263021 -0.0197434 0.00522529
 0.0197663 0.0123212 0.0254381 -0.0190921 0.00426857
 0.0185915 0.0119186 0.0243669 -0.018368 0.00452048
 0.0172965 0.0110047 0.0236044 -0.0180491 0.00368859
 0.0168327 0.0107625 0.0235131 -0.0179509 0.00370712
 0.016009 0.0103489 0.0221482 -0.0171953 0.00393986
 0.0150701 0.00947106 0.0218885 -0.0172147 0.00295696
 0.0145033 0.00903719 0.020785 -0.0164435 0.00288992
 0.0138738 0.00828794 0.0197317 -0.0159839 0.00235922
 0.0134354 0.0080475 0.0189432 -0.0152901 0.00240246
 0.0129081 0.00750125 0.0181372 -0.0147146 0.00213839
 0.0125576 0.00685394 0.0169038 -0.0138697 0.00148577
 0.0120446 0.00637725 0.0168091 -0.0140754 0.00145289
 0.0118251 0.00595866 0.0166138 -0.0135814 0.00102497
 0.0114689 0.00573342 0.0155837 -0.0130097 0.00127198
 0.0110463 0.00513582 0.0140662 -0.0118703 0.000818819
 0.0107495 0.00476358 0.0127474 -0.0107158 0.000807906
 0.0103407 0.00431218 0.0121035 -0.0103794 0.000326515
 0.0102282 0.00398464 0.0112224 -0.00936263 0.000124009
 0.00993044 0.00376269 0.0107033 -0.008807 0.000114029
 0.00962681 0.00353576 0.00947631 -0.00788812 0.000165409
 0.009689 0.00341736 0.00849537 -0.00694862 0.000314128
 0.00922738 0.00325056 0.00786456 -0.00645313 0.000275867
 0.0090465 0.00280952 0.00656406 -0.00527763 -5.59381e-05
 0.00888569 0.00274124 0.00599877 -0.00478081 0.000108756
 0.00871075 0.00257528 0.00519663 -0.00405236 9.65619e-05
 0.00838794 0.0024561 0.00424531 -0.003232 9.1725e-05
 0.00826456 0.00234093 0.00352208 -0.00262152 7.33462e-05
 0.00801563 0.00217209 0.00258009 -0.0016519 1.56877e-05
 0.00784225 0.00207882 0.00224679 -0.00138727 0.000115026
 0.007588 0.00195057 0.00141059 -0.000547574 7.44656e-05
 0.007447 0.00185574 0.00129457 -0.000492873 6.54763e-05
 0.00737131 0.00189236 0.00082405 -7.07712e-05 0.000214245
 0.00706938 0.00168429 0.000390517 0.000173363 8.20469e-05
 0.00680106 0.00164873 0.000333602 0.00029927 0.000181889
 0.00662637 0.00156395 -0.000201563 0.000770594 0.000175954
 0.00633819 0.00147366 -0.000496977 0.000968337 0.000154131
 0.00608751 0.00140758 -0.000680937 0.00109325 0.000162739
 0.00591226 0.00133722 -0.000893025 0.00131902 0.00016466
 0.0056609 0.00128431 -0.000860856 0.00125073 0.000168252
 0.00536681 0.0012145 -0.000970362 0.00130056 0.000171359
 0.0051845 0.00114946 -0.00108701 0.00138353 0.000167607
 0.00487689 0.00108162 -0.00112901 0.00139146 0.000157008
 0.00471917 0.00103886 -0.00119329 0.00139719 0.000170396
 0.00442575 0.000970219 -0.00112441 0.00129742 0.000165822
 0.00426943 0.000938031 -0.00111658 0.00127528 0.00018203
 0.00395361 0.000869806 -0.000960994 0.00110038 0.000160245
 0.00374623 0.000826194 -0.000991913 0.00110955 0.00016392
 0.00356885 0.000785694 -0.000936212 0.00102086 0.000152191
 0.00329089 0.000730831 -0.000806844 0.000901731 0.000153068
 0.00311439 0.000691069 -0.000728675 0.00078525 0.000145487
 0.00287584 0.000638175 -0.000632825 0.000679075 0.000128923
 0.00271478 0.000612877 -0.000536924 0.000581274 0.000139494
 0.00249609 0.000566776 -0.000447599 0.000477388 0.000128963
 0.00231778 0.000530496 -0.000370312 0.000390979 0.000121173
 0.00209404 0.000481088 -0.000291719 0.000306181 0.000110048
 0.00194807 0.000448923 -0.000233489 0.000242693 0.000102932
 0.00180333 0.000417149 -0.000186628 0.000194675 9.57912e-05
 0.00164476 0.00038122 -0.000142946 0.000146444 8.93775e-05
 0.00150583 0.000349888 -0.000112704 0.000111617 8.28106e-05
 0.00135851 0.000314692 -8.27212e-05 7.96338e-05 7.24706e-05
 0.0012577 0.000290794 -6.06891e-05 5.55579e-05 6.74437e-05
 0.00111741 0.000258404 -4.50746e-05 3.72632e-05 6.09076e-05
 0 0 0 0 0
 0 0 0 0 0
 0 0 0 0 0
 0 0 0 0 0
 0 0 0 0 0
 0 0 0 0 0
 0 0 0 0 0
 0 0 0 0 0
 0 0 0 0 0
 0 0 0 0 0
 0 0 0 0 0
 0 0 0 0 0
 0 0 0 0 0
 0 0 0 0 0
 0 0 0 0 0
 0 0 0 0 0
 0 0 0 0 0
 0 0 0 0 0
 0 0 0 0 0
 0 0 0 0 0
 0 0 0 0 0
 0 0 0 0 0
 0 0 0 0 0
 0 0 0 0 0
 0 0 0 0 0
 0 0 0 0 0
 0 0 0 0 0
 0 0 0 0 0
 0 0 0 0 0
 0 0 0 0 0
 0 0 0 0 0
 0 0 0 0 0
 0 0 0 0 0
 0 0 0 0 0
 2.53749 2.11811 0.115227 -0.0822206 1.76679
 1.43251 1.16471 0.111996 -0.0810312 0.945731
 0.890338 0.706106 0.106079 -0.0773375 0.558132
 0.612643 0.474751 0.102471 -0.075055 0.366277
 0.450682 0.341635 0.0997094 -0.0737363 0.25676
 0.340392 0.252763 0.0950188 -0.0713381 0.185506
 0.268181 0.195425 0.0933113 -0.0700637 0.140394
 0.214266 0.153293 0.0894344 -0.0676888 0.107162
 0.171513 0.120756 0.0822975 -0.062565 0.0823056
 0.14076 0.0976875 0.0780181 -0.0596118 0.0652294
 0.120047 0.0820981 0.0745919 -0.0572144 0.0534859
 0.100435 0.0677031 0.0704256 -0.0542525 0.0427496
 0.0865569 0.0576789 0.0667944 -0.0513867 0.0356044
 0.0750881 0.0495406 0.0629331 -0.0486004 0.0298822
 0.0648394 0.0422889 0.0590872 -0.0453956 0.0245092
 0.0575127 0.037116 0.0557604 -0.0430879 0.0209689
 0.0503014 0.0321509 0.0513305 -0.0396661 0.017394
 0.0453299 0.0286841 0.0485916 -0.0374668 0.0149812
 0.0411029 0.0259097 0.0456621 -0.0352491 0.0133729
 0.0362054 0.0226381 0.0419351 -0.0324309 0.0111105
 0.0333451 0.020589 0.0392415 -0.0301508 0.00931131
 0.0301294 0.0185844 0.0364239 -0.0282176 0.00816356
 0.027915 0.0172077 0.0341664 -0.0262164 0.00752013
 0.0253693 0.0156036 0.0316448 -0.0241805 0.00648625
 0.0232279 0.0142174 0.0295152 -0.022584 0.00546496
 0.0214907 0.0132036 0.0281153 -0.021522 0.00484046
 0.0205523 0.0128941 0.0268656 -0.0202236 0.0053122
 0.0189694 0.0119202 0.0248107 -0.0191227 0.00455719
 0.0177041 0.0113069 0.0241452 -0.0186648 0.00434546
 0.0170591 0.0108343 0.0240299 -0.0186032 0.00402491
 0.0158716 0.0100441 0.0227326 -0.0176878 0.00353388
 0.0151885 0.00956494 0.0214656 -0.0172446 0.00310298
 0.0143413 0.00890331 0.0205828 -0.0164482 0.00283729
 0.0138406 0.00848837 0.0201244 -0.0163001 0.00270538
 0.0131469 0.00783394 0.0190933 -0.0156182 0.00242912
 0.0126659 0.00730331 0.0188704 -0.0152243 0.00201671
 0.0123662 0.00697619 0.0175417 -0.0142061 0.00203331
 0.0120551 0.006518 0.0161906 -0.013564 0.00142384
 0.0115851 0.00595156 0.0156304 -0.0130496 0.00124141
 0.0113266 0.00564775 0.0150966 -0.0127633 0.0012119
 0.0107915 0.00506873 0.0138591 -0.0114141 0.000860138
 0.0105424 0.00480364 0.0137266 -0.0114132 0.000831356
 0.0104588 0.00460839 0.0133477 -0.0113586 0.000682606
 0.0101828 0.00417073 0.0112897 -0.00958038 0.000465391
 0.0100006 0.00409735 0.0103842 -0.00862163 0.000634788
 0.00960375 0.00358501 0.00901313 -0.00761363 0.000210483
 0.00936662 0.00335061 0.00826381 -0.00663981 0.000246868
 0.00917563 0.00331843 0.00766531 -0.006257 0.000356486
 0.008987 0.0029768 0.0061838 -0.00505398 0.000185622
 0.00869537 0.00280138 0.00580641 -0.00479455 0.000129289
 0.00854612 0.00271464 0.00472826 -0.00366219 0.000243852
 0.00824812 0.00247112 0.00449874 -0.00331035 0.000146822
 0.00809869 0.0023868 0.00357196 -0.00263543 0.000219658
 0.0080465 0.00232423 0.003356 -0.00237668 0.000186707
 0.00786781 0.00217652 0.00268375 -0.00184008 0.000173214
 0.00745719 0.00208548 0.00221219 -0.0014255 0.000265311
 0.00743163 0.00199659 0.0016223 -0.000875256 0.000216783
 0.00714244 0.00186612 0.00104396 -0.000395303 0.000234866
 0.00704712 0.00180418 0.000599238 -3.87914e-05 0.000203191
 0.00684744 0.00170763 0.000717131 -0.000107566 0.000164924
 0.00642681 0.00158494 -0.000102398 0.000648406 0.000172951
 0.00628444 0.00153204 -0.000412376 0.000809231 0.000203107
 0.00605721 0.00144152 -0.000486238 0.000884094 0.000191209
 0.00593294 0.00140346 -0.000637688 0.00107794 0.000190257
 0.00557846 0.00132524 -0.000803037 0.00118118 0.000214521
 0.00538469 0.00125626 -0.000863963 0.00119372 0.000183589
 0.00514879 0.00119179 -0.000985794 0.0012631 0.000194661
 0.00494854 0.00115051 -0.00105433 0.00127686 0.000203798
 0.00474132 0.00109839 -0.00103765 0.00127983 0.000209766
 0.00442177 0.00101341 -0.000977006 0.0011742 0.000187633
 0.00425761 0.000966381 -0.000985975 0.00116975 0.000173483
 0.00402004 0.000919512 -0.0009933 0.0011177 0.000186728
 0.003745 0.000857719 -0.000925637 0.00104526 0.000178837
 0.00352975 0.0008075 -0.000864438 0.000949856 0.000172091
 0.00335676 0.000762819 -0.000779456 0.000857 0.000153546
 0.00318744 0.000733163 -0.000709694 0.000776056 0.0001613
 0.00297169 0.000687844 -0.000634513 0.0006825 0.000158351
 0.00270431 0.000628463 -0.000533898 0.000570595 0.000147448
 0.00253909 0.000593252 -0.000448479 0.000483517 0.000137906
 0.00232264 0.000546333 -0.000365507 0.0003898 0.000129624
 0.00215971 0.000509382 -0.000293548 0.000308637 0.000117116
 0.00202166 0.000482085 -0.000240404 0.000251828 0.000119093
 0.00184197 0.000439883 -0.000188274 0.000194169 0.000109671
 0.00168225 0.000401677 -0.000152478 0.000153106 9.79244e-05
 0.00155584 0.000371282 -0.000111331 0.000108363 8.89419e-05
 0.00141149 0.000336917 -8.52725e-05 8.02769e-05 8.28775e-05
 0.00126311 0.000300813 -6.03379e-05 5.46227e-05 7.35031e-05
 0 0 0 0 0
 0 0 0 0 0
 0 0 0 0 0
 0 0 0 0 0
 0 0 0 0 0
 0 0 0 0 0
 0 0 0 0 0
 0 0 0 0 0
 0 0 0 0 0
 0 0 0 0 0
 0 0 0 0 0
 0 0 0 0 0
 0 0 0 0 0
 0 0 0 0 0
 0 0 0 0 0
 0 0 0 0 0
 0 0 0 0 0
 0 0 0 0 0
 0 0 0 0 0
 0 0 0 0 0
 0 0 0 0 0
 0 0 0 0 0
 0 0 0 0 0
 0 0 0 0 0
 0 0 0 0 0
 0 0 0 0 0
 0 0 0 0 0
 0 0 0 0 0
 0 0 0 0 0
 0 0 0 0 0
 0 0 0 0 0
 0 0 0 0 0
 0 0 0 0 0
 0 0 0 0 0
 0 0 0 0 0
 2.63758 2.22525 0.112219 -0.0812556 1.87641
 1.4665 1.20561 0.109504 -0.0805612 0.990006
 0.930588 0.746531 0.10812 -0.0799144 0.597256
 0.629025 0.493134 0.103159 -0.0771831 0.384883
 0.461254 0.353794 0.100567 -0.0756656 0.269533
 0.348601 0.26202 0.0978612 -0.0741069 0.195018
 0.272053 0.2006 0.0938756 -0.0719706 0.145753
 0.218346 0.158198 0.0904306 -0.0695362 0.112568
 0.176582 0.125754 0.0854325 -0.0660306 0.0871212
 0.145207 0.101876 0.0807187 -0.0624177 0.0690356
 0.120848 0.0834775 0.0766631 -0.0599949 0.0551092
 0.104535 0.0712694 0.0740344 -0.0582292 0.0461921
 0.0890369 0.0599548 0.0703725 -0.0549592 0.0378679
 0.0767637 0.0508927 0.0657119 -0.0518664 0.0308514
 0.0670444 0.0440894 0.0617823 -0.0489591 0.0263116
 0.0586789 0.0381189 0.0584147 -0.0459384 0.0219527
 0.0518411 0.0332263 0.0548976 -0.0433028 0.0181396
 0.0466266 0.0295889 0.0512209 -0.0405053 0.0155391
 0.0411835 0.0259244 0.0486506 -0.0380549 0.0132246
 0.0370023 0.02321 0.0447933 -0.0351374 0.0117335
 0.0335078 0.0209012 0.0417753 -0.0328356 0.010177
 0.0308649 0.0191266 0.0391361 -0.0308195 0.00907375
 0.0283417 0.0174732 0.0361009 -0.0283147 0.0077815
 0.0254122 0.0155768 0.0331219 -0.0258482 0.006657
 0.0236672 0.0145059 0.0321389 -0.0249164 0.00617966
 0.0219098 0.0132808 0.0290569 -0.0228942 0.00498672
 0.0204892 0.0125762 0.0275821 -0.0216247 0.00499185
 0.0189928 0.0116601 0.0260096 -0.0203069 0.0042762
 0.0180673 0.0113879 0.0251618 -0.0195659 0.00465859
 0.0170807 0.0108248 0.0241141 -0.018876 0.00429247
 0.0159225 0.0100417 0.0227858 -0.0179753 0.00374093
 0.0150399 0.00942806 0.0217462 -0.0173126 0.00349375
 0.0144645 0.008866 0.0211773 -0.0170759 0.00297669
 0.0139147 0.00858969 0.0205267 -0.0164479 0.00290136
 0.0134072 0.00794325 0.0194709 -0.0159794 0.0025049
 0.0127019 0.00741131 0.0181619 -0.014652 0.00234504
 0.0125055 0.00708831 0.0172871 -0.0144317 0.00220994
 0.0118556 0.00644894 0.0164828 -0.0139149 0.00163117
 0.0114218 0.00603309 0.0157128 -0.01316 0.00164357
 0.0111387 0.00560105 0.014772 -0.0124599 0.00118746
 0.0106587 0.00516927 0.0139897 -0.0121259 0.00100248
 0.0104522 0.0048907 0.0132764 -0.0109795 0.00107332
 0.0102271 0.00451428 0.0121398 -0.0102481 0.000625238
 0.00992631 0.00426521 0.0109664 -0.00910081 0.000688619
 0.00960531 0.00389976 0.010299 -0.00872237 0.000501096
 0.00944762 0.00378504 0.00971262 -0.00815569 0.000571421
 0.00930981 0.00340393 0.00838706 -0.00696881 0.000232382
 0.00906869 0.00331874 0.0083245 -0.00696675 0.000355674
 0.00872931 0.00304972 0.00665875 -0.00542469 0.000304063
 0.00875019 0.00289503 0.00553287 -0.00452975 0.000230876
 0.00837931 0.00276815 0.00551883 -0.00426548 0.000318256
 0.00831963 0.00262309 0.00421669 -0.00324861 0.000256267
 0.00790594 0.00243181 0.00431044 -0.00338885 0.000284243
 0.007722 0.00235222 0.0031861 -0.00219169 0.000306618
 0.00766931 0.00220702 0.00288986 -0.002022 0.000244416
 0.00741313 0.00211888 0.00194791 -0.00122596 0.000239864
 0.0071995 0.00196326 0.00149848 -0.000822881 0.000183597
 0.00718494 0.00195906 0.00120673 -0.000512787 0.000248976
 0.00694706 0.00182691 0.000492872 0.00013285 0.00021602
 0.00671188 0.00172271 0.000451827 0.000133026 0.000175477
 0.00638412 0.00164352 0.000300447 0.000220377 0.000236217
 0.00634969 0.00159877 -0.000209 0.000704231 0.000208678
 0.00602296 0.00152017 -0.000290296 0.000753275 0.000242613
 0.00579399 0.00143337 -0.000609489 0.000947456 0.000219177
 0.00561876 0.0013639 -0.000723619 0.00107278 0.000215372
 0.00532319 0.00131066 -0.000758925 0.00110223 0.000250604
 0.00521775 0.00127387 -0.000760244 0.00107675 0.000259053
 0.00482846 0.00115333 -0.000908 0.00115366 0.000209337
 0.00469005 0.00111327 -0.000914587 0.0011723 0.000208046
 0.00447355 0.00106419 -0.000956244 0.00113934 0.000218275
 0.00421087 0.000995144 -0.000954444 0.00108876 0.000200415
 0.00398686 0.000943869 -0.000948869 0.00107601 0.00020029
 0.00376924 0.000891181 -0.000809412 0.000921006 0.000191964
 0.00362188 0.000854431 -0.000819819 0.000915269 0.000179428
 0.00340705 0.000807156 -0.000751431 0.000832375 0.000189979
 0.00318762 0.000760769 -0.000687256 0.000745919 0.000177397
 0.00297923 0.000707806 -0.000613247 0.000660438 0.000159194
 0.00274222 0.000653094 -0.000534365 0.000564313 0.000154395
 0.00256259 0.000614991 -0.000443949 0.000470551 0.000147998
 0.00236838 0.000571916 -0.000367891 0.000392008 0.000139061
 0.00220225 0.000533731 -0.000301814 0.000314658 0.000129302
 0.00205574 0.000502639 -0.000239095 0.000245783 0.000125033
 0.00189551 0.000462719 -0.000190966 0.000195523 0.000113059
 0.00172981 0.000423318 -0.000149799 0.000149298 0.00010662
 0.00159547 0.000390456 -0.000113781 0.000110688 9.71225e-05
 0.00148062 0.000362394 -8.76112e-05 8.13713e-05 9.1665e-05
 0 0 0 0 0
 0 0 0 0 0
 0 0 0 0 0
 0 0 0 0 0
 0 0 0 0 0
 0 0 0 0 0
 0 0 0 0 0
 0 0 0 0 0
 0 0 0 0 0
 0 0 0 0 0
 0 0 0 0 0
 0 0 0 0 0
 0 0 0 0 0
 0 0 0 0 0
 0 0 0 0 0
 0 0 0 0 0
 0 0 0 0 0
 0 0 0 0 0
 0 0 0 0 0
 0 0 0 0 0
 0 0 0 0 0
 0 0 0 0 0
 0 0 0 0 0
 0 0 0 0 0
 0 0 0 0 0
 0 0 0 0 0
 0 0 0 0 0
 0 0 0 0 0
 0 0 0 0 0
 0 0 0 0 0
 0 0 0 0 0
 0 0 0 0 0
 0 0 0 0 0
 0 0 0 0 0
 0 0 0 0 0
 0 0 0 0 0
 2.74879 2.34165 0.111049 -0.0815413 1.99377
 1.48967 1.23739 0.107331 -0.079665 1.02669
 0.9362 0.759069 0.105871 -0.0790681 0.614027
 0.633706 0.502278 0.102401 -0.0772562 0.396487
 0.454988 0.352981 0.0981081 -0.0751387 0.272229
 0.345719 0.26276 0.0957031 -0.0736388 0.197928
 0.277816 0.207122 0.0948169 -0.0737419 0.152539
 0.216619 0.158657 0.0895319 -0.069915 0.1142
 0.175628 0.126531 0.0862094 -0.0673525 0.0892575
 0.147843 0.104738 0.0842575 -0.0663006 0.0719206
 0.124732 0.0871256 0.0803331 -0.0633769 0.0584827
 0.104153 0.0716269 0.0753544 -0.0596351 0.046824
 0.0909412 0.0617719 0.0722575 -0.0574255 0.0394479
 0.0778163 0.0522944 0.0673631 -0.0538761 0.0330007
 0.0687187 0.0455886 0.0649306 -0.0520938 0.0278684
 0.0596473 0.0391894 0.0600069 -0.0484282 0.0235321
 0.0522504 0.0338788 0.0561921 -0.0450268 0.0194943
 0.0464361 0.0297439 0.0529676 -0.0424186 0.0163653
 0.0422489 0.0268185 0.0502198 -0.040423 0.0143843
 0.0379891 0.0239613 0.0464982 -0.0372146 0.0126373
 0.0340804 0.0213069 0.0438444 -0.0350064 0.010782
 0.0311959 0.0193964 0.0403646 -0.0322752 0.00959338
 0.0284053 0.0174419 0.0380467 -0.0304394 0.00804169
 0.0259659 0.0158299 0.0346869 -0.0278666 0.00678725
 0.024085 0.014694 0.033371 -0.0266957 0.00632706
 0.0222396 0.0135177 0.0307923 -0.0243162 0.00555052
 0.0209591 0.0127979 0.0286775 -0.0230217 0.0051149
 0.0190673 0.0116791 0.0273875 -0.0216914 0.00449171
 0.0182666 0.0113944 0.0260461 -0.020723 0.00479954
 0.0169931 0.0104714 0.0243155 -0.0194761 0.00382529
 0.0161444 0.0101358 0.0235777 -0.0189504 0.00408283
 0.015103 0.00927813 0.0219521 -0.0175538 0.00331245
 0.0144657 0.009097 0.0211956 -0.0171187 0.00378449
 0.0140021 0.00859619 0.0207303 -0.0170092 0.00311602
 0.0133213 0.00797813 0.0196005 -0.0159221 0.00282352
 0.0124831 0.0071575 0.0178859 -0.0149207 0.00217212
 0.0123463 0.00696125 0.017384 -0.0144586 0.00215176
 0.0117339 0.00638369 0.0160731 -0.0133466 0.00164071
 0.0113501 0.00600969 0.0162284 -0.0136171 0.00143559
 0.0109199 0.00565601 0.0153945 -0.0129809 0.0013949
 0.0106894 0.00524283 0.0138879 -0.011797 0.00117297
 0.0102406 0.00486512 0.0125284 -0.0104938 0.00102694
 0.0101236 0.00456291 0.0122766 -0.0104663 0.000805694
 0.00973031 0.00427073 0.0107724 -0.00918656 0.000825694
 0.0096115 0.00400216 0.0101847 -0.00878138 0.000570146
 0.00933606 0.00381831 0.00986225 -0.00841269 0.000702712
 0.00915719 0.00355812 0.00826863 -0.00674169 0.000467665
 0.00876869 0.003197 0.00773787 -0.00631 0.000330636
 0.00875462 0.00304717 0.00701187 -0.00579454 0.000293327
 0.00848669 0.00290662 0.00596462 -0.00495254 0.000303969
 0.00822344 0.00273142 0.00588702 -0.00457846 0.000206509
 0.00816344 0.00267766 0.0052554 -0.00413581 0.0003345
 0.00792775 0.00249834 0.00394595 -0.00303732 0.000286691
 0.00774719 0.00240214 0.00343433 -0.00246151 0.000327112
 0.007557 0.00224908 0.00291179 -0.00213501 0.000231392
 0.00748931 0.0021748 0.00231557 -0.00148597 0.000293576
 0.00709606 0.00202266 0.00194194 -0.0011998 0.000259707
 0.00700394 0.00196744 0.00151485 -0.000803625 0.000331957
 0.00679137 0.00189374 0.00122876 -0.000623178 0.000301476
 0.0067305 0.00184104 0.000586816 -6.00837e-05 0.000305106
 0.00633294 0.00165286 8.26387e-05 0.000391604 0.00020001
 0.00615271 0.00162643 -1.90687e-05 0.000402834 0.000266236
 0.00599637 0.00157164 -0.00021615 0.000645706 0.000272503
 0.0057368 0.00148702 -0.000555203 0.000927263 0.000293618
 0.00554624 0.00141056 -0.000604796 0.000889156 0.000257619
 0.00539806 0.00137261 -0.000680506 0.00100499 0.000258156
 0.00510931 0.00127433 -0.000854356 0.00113131 0.000255146
 0.00484615 0.0012071 -0.000821513 0.00108096 0.00024172
 0.00474327 0.00118065 -0.000878869 0.00106391 0.000242846
 0.00443443 0.00108836 -0.000931931 0.00111166 0.000221418
 0.00427005 0.00104832 -0.00090625 0.00105864 0.000234187
 0.00402523 0.000980394 -0.000923156 0.00104856 0.000209288
 0.00379873 0.000923219 -0.000893881 0.00099345 0.000208409
 0.00363365 0.000884319 -0.000803581 0.000880487 0.0002076
 0.00342354 0.00083305 -0.000727363 0.000790988 0.000195969
 0.00320181 0.000779363 -0.000678925 0.000734894 0.00018875
 0.00300329 0.000732231 -0.000606688 0.0006473 0.00017289
 0.00279149 0.00068475 -0.000533216 0.000567211 0.000168667
 0.00258432 0.000636925 -0.000441328 0.000466546 0.000158784
 0.00241241 0.00059623 -0.000372689 0.000391695 0.000149176
 0.00226154 0.000563076 -0.000296313 0.000310772 0.0001405
 0.0020887 0.000522292 -0.000234136 0.000240463 0.000131828
 0.00190864 0.000478574 -0.000183897 0.000186542 0.000120696
 0.00176513 0.000442466 -0.000144477 0.000142703 0.000111861
 0.00161329 0.00040501 -0.000108377 0.000104401 0.000104294
 0 0 0 0 0
 0 0 0 0 0
 0 0 0 0 0
 0 0 0 0 0
 0 0 0 0 0
 0 0 0 0 0
 0 0 0 0 0
 0 0 0 0 0
 0 0 0 0 0
 0 0 0 0 0
 0 0 0 0 0
 0 0 0 0 0
 0 0 0 0 0
 0 0 0 0 0
 0 0 0 0 0
 0 0 0 0 0
 0 0 0 0 0
 0 0 0 0 0
 0 0 0 0 0
 0 0 0 0 0
 0 0 0 0 0
 0 0 0 0 0
 0 0 0 0 0
 0 0 0 0 0
 0 0 0 0 0
 0 0 0 0 0
 0 0 0 0 0
 0 0 0 0 0
 0 0 0 0 0
 0 0 0 0 0
 0 0 0 0 0
 0 0 0 0 0
 0 0 0 0 0
 0 0 0 0 0
 0 0 0 0 0
 0 0 0 0 0
 0 0 0 0 0
 2.71412 2.33326 0.102972 -0.0762425 2.00484
 1.46609 1.22959 0.101016 -0.0756862 1.03036
 0.9358 0.766387 0.101114 -0.0769356 0.62645
 0.6278 0.502827 0.0990619 -0.0754713 0.401451
 0.461495 0.361855 0.0978006 -0.0754194 0.282259
 0.348735 0.268054 0.0953212 -0.074025 0.204589
 0.271 0.204284 0.0927275 -0.07223 0.152107
 0.219206 0.162401 0.0895425 -0.0705956 0.118697
 0.178411 0.129924 0.0867469 -0.0686719 0.09276
 0.147013 0.105381 0.0829587 -0.0659625 0.0737269
 0.125427 0.0884562 0.0806425 -0.0642794 0.0602797
 0.105764 0.0736156 0.07644 -0.061689 0.0492705
 0.0919475 0.0630563 0.0735319 -0.059567 0.0410556
 0.0777644 0.0525523 0.0697331 -0.0563952 0.0332251
 0.0683019 0.045612 0.0657813 -0.0533096 0.0281644
 0.0600986 0.0396516 0.0622122 -0.0507009 0.0238333
 0.0534903 0.0349218 0.0589948 -0.0483049 0.0204531
 0.0472261 0.03056 0.0548771 -0.0446158 0.0174751
 0.0430818 0.0274156 0.0532184 -0.0435856 0.0148301
 0.0387278 0.0245306 0.0493454 -0.0404448 0.0132017
 0.0346277 0.0216541 0.0452194 -0.0370506 0.0111144
 0.0316756 0.0196584 0.0431898 -0.0350802 0.00963781
 0.028638 0.0177809 0.0393161 -0.0319422 0.008803
 0.0264989 0.0161831 0.0378221 -0.0305416 0.00725788
 0.0243908 0.014895 0.0343243 -0.0277377 0.00675056
 0.0225034 0.0137332 0.0326456 -0.0264285 0.00610464
 0.0212117 0.0129224 0.0305195 -0.0246101 0.00552332
 0.0196493 0.0120142 0.0286283 -0.0228996 0.00500106
 0.018512 0.0113828 0.0268101 -0.0217238 0.0046492
 0.0172105 0.0106839 0.025665 -0.0208081 0.00439674
 0.0163131 0.0101025 0.0242227 -0.0195997 0.0039603
 0.0154821 0.00953981 0.0232229 -0.0187501 0.00363127
 0.0144619 0.00890725 0.0214134 -0.017423 0.00343541
 0.013755 0.0084225 0.0206393 -0.0169738 0.00307466
 0.0131213 0.00791581 0.0196282 -0.0162856 0.00296516
 0.0126491 0.00739181 0.0187551 -0.0152821 0.00255538
 0.0121721 0.00695975 0.0181194 -0.0149335 0.00228211
 0.0116458 0.00639519 0.0165964 -0.0139415 0.00186449
 0.0113777 0.00609356 0.0157437 -0.0131766 0.00173019
 0.0110099 0.00575536 0.015542 -0.012995 0.00146706
 0.0105347 0.00531854 0.0135665 -0.0114846 0.00142515
 0.0102876 0.00496287 0.0130592 -0.0113363 0.00120836
 0.00988112 0.00450174 0.0118459 -0.0100511 0.000905944
 0.00962919 0.00433951 0.0105899 -0.00905794 0.000915406
 0.00954256 0.0040496 0.0104138 -0.00885306 0.000714413
 0.00924106 0.00382781 0.00964994 -0.00823369 0.000630319
 0.00892881 0.00352091 0.00858162 -0.00727988 0.000601747
 0.00863531 0.00333116 0.00832587 -0.00690844 0.000501458
 0.00848812 0.00315344 0.00712644 -0.00579169 0.000468116
 0.00838537 0.00301493 0.00628306 -0.00519907 0.000445343
 0.008094 0.00278494 0.00555907 -0.00442161 0.00043431
 0.008076 0.00273133 0.00525587 -0.004099 0.000395637
 0.00773544 0.00257933 0.00420419 -0.00328446 0.000445101
 0.00769363 0.00248412 0.00384398 -0.00296271 0.000446854
 0.00737138 0.00228264 0.00306296 -0.00225314 0.000344693
 0.00716069 0.00217132 0.00255371 -0.00187127 0.000302568
 0.00706556 0.00206628 0.00220141 -0.00145856 0.000251013
 0.00681837 0.00195389 0.00147126 -0.000899625 0.000225456
 0.00659094 0.00187999 0.00124241 -0.000750438 0.000284354
 0.00643244 0.00178282 0.000606054 -9.39656e-05 0.000280152
 0.00635044 0.0017489 0.000406559 0.000121773 0.000292166
 0.00606968 0.00165595 0.000229341 0.000183271 0.000291298
 0.00591557 0.00158613 -0.000205457 0.000520796 0.000312761
 0.00577668 0.00153155 -0.000328752 0.000677537 0.000293266
 0.00547292 0.00144411 -0.000416078 0.000806588 0.000285182
 0.00531663 0.00138213 -0.000656081 0.000915281 0.000283376
 0.00507621 0.00132062 -0.0006508 0.000939837 0.000291201
 0.00487864 0.00124322 -0.000731294 0.000976519 0.000264061
 0.00475614 0.00120415 -0.000855619 0.00107043 0.000261225
 0.00442162 0.0011341 -0.000775606 0.0009546 0.000265013
 0.00423398 0.00107418 -0.000837163 0.000963169 0.000241476
 0.00408045 0.0010304 -0.000843013 0.000968894 0.000238367
 0.00380139 0.000958744 -0.000754131 0.00087765 0.000226848
 0.00359083 0.000908044 -0.000702369 0.000803688 0.000224572
 0.00345476 0.00086745 -0.000725319 0.000795662 0.000210805
 0.00320449 0.00080445 -0.000655181 0.000715775 0.000200992
 0.00301096 0.00075455 -0.000560992 0.000602629 0.000185079
 0.00285239 0.000719588 -0.00052067 0.000553504 0.000184344
 0.00260092 0.000657525 -0.000432297 0.000453828 0.000166661
 0.00247994 0.000629894 -0.000376935 0.000396789 0.000160874
 0.00227038 0.000580001 -0.000305327 0.000317971 0.000156179
 0.00213709 0.000546784 -0.000240788 0.000247441 0.000140469
 0.00196744 0.000505784 -0.000186036 0.000187267 0.000134313
 0.00180216 0.000462705 -0.000142669 0.000140778 0.000119902
 0 0 0 0 0
 0 0 0 0 0
 0 0 0 0 0
 0 0 0 0 0
 0 0 0 0 0
 0 0 0 0 0
 0 0 0 0 0
 0 0 0 0 0
 0 0 0 0 0
 0 0 0 0 0
 0 0 0 0 0
 0 0 0 0 0
 0 0 0 0 0
 0 0 0 0 0
 0 0 0 0 0
 0 0 0 0 0
 0 0 0 0 0
 0 0 0 0 0
 0 0 0 0 0
 0 0 0 0 0
 0 0 0 0 0
 0 0 0 0 0
 0 0 0 0 0
 0 0 0 0 0
 0 0 0 0 0
 0 0 0 0 0
 0 0 0 0 0
 0 0 0 0 0
 0 0 0 0 0
 0 0 0 0 0
 0 0 0 0 0
 0 0 0 0 0
 0 0 0 0 0
 0 0 0 0 0
 0 0 0 0 0
 0 0 0 0 0
 0 0 0 0 0
 0 0 0 0 0
 2.7818 2.41164 0.0991625 -0.07399 2.09018
 1.5006 1.26944 0.100139 -0.0749644 1.07275
 0.929238 0.7682 0.0990163 -0.0752487 0.633906
 0.634163 0.512881 0.0977694 -0.0749025 0.413678
 0.457391 0.362377 0.0945031 -0.0734412 0.285792
 0.344727 0.267736 0.0929675 -0.0731925 0.206649
 0.271169 0.206638 0.09141 -0.0718719 0.155899
 0.217377 0.162706 0.0885437 -0.0700963 0.120117
 0.178382 0.131307 0.0863987 -0.0690975 0.0951163
 0.147361 0.106671 0.0826075 -0.0662488 0.0755188
 0.123869 0.088255 0.0800525 -0.0648969 0.0609395
 0.102364 0.0719281 0.0744894 -0.0604626 0.0485854
 0.0896137 0.0620291 0.073005 -0.0597466 0.0410013
 0.0789675 0.0539362 0.0711181 -0.0582251 0.0347818
 0.0687388 0.0463429 0.0671237 -0.0553739 0.0291451
 0.0613358 0.0408109 0.0644319 -0.0528483 0.0249934
 0.0538918 0.0355061 0.0605546 -0.0497982 0.0214166
 0.0480532 0.0312721 0.0571414 -0.047315 0.018258
 0.0430521 0.027744 0.0540654 -0.0445351 0.0158745
 0.0385716 0.0245711 0.0512467 -0.0425124 0.0135397
 0.0347727 0.0218891 0.0467564 -0.0386654 0.0114349
 0.0325067 0.0203118 0.0453919 -0.0371524 0.0104515
 0.0291534 0.0179928 0.0419489 -0.0344768 0.00881544
 0.0272344 0.0167596 0.0398378 -0.0327656 0.00816169
 0.0244481 0.0150461 0.0351786 -0.0289694 0.00725112
 0.0228985 0.0140243 0.033846 -0.02772 0.00646869
 0.0211194 0.0128331 0.0313673 -0.0255376 0.00567908
 0.0197231 0.0120321 0.0295162 -0.0241135 0.00527816
 0.0182497 0.0111451 0.0275315 -0.0225615 0.00470398
 0.0171986 0.0105138 0.0259644 -0.0214357 0.00422254
 0.0161633 0.00993638 0.0247639 -0.0202766 0.0040061
 0.0153572 0.00940437 0.0236379 -0.0196499 0.00361287
 0.0144627 0.008851 0.0219415 -0.0181247 0.00345184
 0.0138065 0.0084185 0.0216937 -0.0177974 0.00320015
 0.0132228 0.00809362 0.0199656 -0.0164327 0.00329766
 0.0126758 0.00732731 0.0192301 -0.0161072 0.00231087
 0.011945 0.00691456 0.018045 -0.0151305 0.00244256
 0.0115919 0.00648194 0.0169401 -0.0141012 0.00227799
 0.0113386 0.0063215 0.0159092 -0.013513 0.00230133
 0.0107614 0.00560982 0.0154818 -0.0131817 0.00144916
 0.0102692 0.00510912 0.0136026 -0.011632 0.00115641
 0.0100319 0.00497168 0.0124899 -0.0107464 0.00136173
 0.00974131 0.0045806 0.0121189 -0.0102629 0.000962906
 0.00956131 0.00428016 0.0111144 -0.00956825 0.000855912
 0.00927462 0.00413591 0.0102881 -0.00874069 0.000983175
 0.00911387 0.00378379 0.0092195 -0.00773744 0.000663819
 0.00877962 0.00356691 0.00869437 -0.00734394 0.000663469
 0.00861169 0.00334217 0.00734706 -0.00622984 0.000547879
 0.00843244 0.00318221 0.00754381 -0.00628419 0.000535216
 0.00831169 0.00310232 0.00613932 -0.00512577 0.000633444
 0.00804444 0.00281906 0.00576849 -0.00481259 0.000364559
 0.00773938 0.0027105 0.0048023 -0.0037189 0.000511635
 0.00758113 0.00253548 0.00414574 -0.00327649 0.000383466
 0.00758369 0.00247501 0.00360609 -0.0027692 0.000429791
 0.00740175 0.00237665 0.00321509 -0.0023754 0.000422678
 0.0071665 0.00227302 0.00238926 -0.00177335 0.000451535
 0.00689287 0.00212921 0.00176082 -0.00113913 0.000368632
 0.00677012 0.00201966 0.00133996 -0.00077575 0.000343103
 0.0066645 0.00199141 0.00134432 -0.000747275 0.000398818
 0.00636881 0.00186595 0.00117306 -0.000637888 0.000352666
 0.00623436 0.00176816 0.000599379 -0.000113661 0.000317545
 0.00597488 0.00166891 0.000181514 0.000250245 0.000292319
 0.0058629 0.00164448 0.000102038 0.000333943 0.000344459
 0.00565614 0.00156964 -5.56284e-05 0.000385777 0.000334236
 0.00546756 0.00148886 -0.000222625 0.000566564 0.000309948
 0.00531572 0.00145249 -0.000425574 0.000707656 0.000336446
 0.00509417 0.00136158 -0.00055671 0.000817569 0.000308819
 0.00485399 0.00128683 -0.000754875 0.000930594 0.000287872
 0.00467887 0.00122597 -0.0007244 0.0008586 0.00028078
 0.00441616 0.00116366 -0.000751063 0.000908081 0.000276761
 0.00423561 0.00111109 -0.000759906 0.000893931 0.000270073
 0.00397709 0.00103491 -0.00073155 0.000845025 0.0002442
 0.00385472 0.000999031 -0.000710037 0.000829013 0.000247274
 0.0036193 0.00093715 -0.000722319 0.000807713 0.000238314
 0.00344859 0.000894138 -0.0006598 0.000730769 0.000231008
 0.00325896 0.000845156 -0.000585826 0.000651862 0.000223253
 0.00303742 0.000781925 -0.000555809 0.000601236 0.000202767
 0.00285837 0.000739775 -0.000505644 0.000538313 0.000190639
 0.00265466 0.000690081 -0.000431013 0.000451689 0.00018477
 0.00249488 0.000647631 -0.00038493 0.000396257 0.000167037
 0.00231661 0.000606681 -0.000300057 0.000310383 0.000162335
 0.00215892 0.000565017 -0.000239336 0.000241946 0.000151096
 0.00197726 0.000519256 -0.000186258 0.000184528 0.000138181
 0 0 0 0 0
 0 0 0 0 0
 0 0 0 0 0
 0 0 0 0 0
 0 0 0 0 0
 0 0 0 0 0
 0 0 0 0 0
 0 0 0 0 0
 0 0 0 0 0
 0 0 0 0 0
 0 0 0 0 0
 0 0 0 0 0
 0 0 0 0 0
 0 0 0 0 0
 0 0 0 0 0
 0 0 0 0 0
 0 0 0 0 0
 0 0 0 0 0
 0 0 0 0 0
 0 0 0 0 0
 0 0 0 0 0
 0 0 0 0 0
 0 0 0 0 0
 0 0 0 0 0
 0 0 0 0 0
 0 0 0 0 0
 0 0 0 0 0
 0 0 0 0 0
 0 0 0 0 0
 0 0 0 0 0
 0 0 0 0 0
 0 0 0 0 0
 0 0 0 0 0
 0 0 0 0 0
 0 0 0 0 0
 0 0 0 0 0
 0 0 0 0 0
 0 0 0 0 0
 0 0 0 0 0
 2.75965 2.4108 0.0926031 -0.0691069 2.10547
 1.45853 1.24436 0.093395 -0.0705775 1.06093
 0.908263 0.757663 0.0922537 -0.0709769 0.631231
 0.628569 0.512964 0.0939262 -0.0725156 0.417514
 0.457219 0.365614 0.0940556 -0.0732487 0.291312
 0.341565 0.267812 0.0903125 -0.0712594 0.209028
 0.2685 0.206579 0.0888287 -0.071025 0.157454
 0.216698 0.163861 0.0877219 -0.0703406 0.122706
 0.174108 0.129342 0.0846894 -0.0680444 0.0945181
 0.147807 0.108043 0.0824325 -0.0667213 0.0774475
 0.122782 0.0884694 0.0800281 -0.06524 0.0622781
 0.106114 0.075285 0.0781313 -0.0641638 0.0518532
 0.0897212 0.0627156 0.0737819 -0.0602716 0.0420825
 0.0783275 0.0541084 0.0702644 -0.0580333 0.0359863
 0.0686144 0.0467373 0.0667681 -0.0552544 0.0301234
 0.0606914 0.0407659 0.0648325 -0.053805 0.0255154
 0.0538956 0.0357704 0.0610637 -0.0508343 0.021828
 0.0488155 0.0320644 0.0575736 -0.0482078 0.0192289
 0.0427024 0.0277331 0.0540835 -0.045071 0.0162134
 0.039299 0.0252598 0.0519407 -0.0435845 0.0144608
 0.0353533 0.022351 0.0488769 -0.0410666 0.0120154
 0.0323048 0.0203453 0.04543 -0.0380056 0.0108492
 0.0292651 0.0181578 0.0427984 -0.0357918 0.00908094
 0.0270738 0.0166769 0.0401382 -0.0335431 0.00822025
 0.0244425 0.0149549 0.0368086 -0.0307854 0.00715269
 0.0228195 0.0138769 0.0344688 -0.0287649 0.00643319
 0.0212569 0.0129855 0.0329196 -0.0273318 0.00610923
 0.0198507 0.0121157 0.0306036 -0.0254708 0.0055595
 0.0185948 0.0112808 0.0289319 -0.0237681 0.00485156
 0.0174888 0.0107171 0.0270691 -0.0222804 0.00467727
 0.0164406 0.0101543 0.0256726 -0.0212753 0.00441354
 0.0154715 0.00948825 0.0246517 -0.02039 0.00387161
 0.0144844 0.00887531 0.0229205 -0.0191068 0.00354512
 0.0136659 0.00829281 0.0218037 -0.0182014 0.00313202
 0.0129989 0.00780863 0.0202674 -0.0170176 0.00300629
 0.0126008 0.00745075 0.0192744 -0.0161413 0.00276163
 0.0122466 0.00703369 0.0186232 -0.0157552 0.00243046
 0.0114227 0.00630863 0.016848 -0.0141631 0.00189208
 0.0109244 0.00597974 0.0161693 -0.0135855 0.00190287
 0.0106048 0.00561097 0.0152591 -0.0129849 0.00160146
 0.010162 0.00518911 0.0140243 -0.0120391 0.00136565
 0.0100118 0.00506009 0.0134797 -0.0115179 0.00146754
 0.00977294 0.00476009 0.0125516 -0.0106101 0.00126004
 0.00943612 0.00442465 0.0113991 -0.009829 0.00109433
 0.00916075 0.00414809 0.0105663 -0.00900506 0.000951025
 0.00882538 0.0038087 0.00927106 -0.00782987 0.000879525
 0.00880863 0.00372369 0.00883294 -0.00745956 0.000870175
 0.00838781 0.00338637 0.00732538 -0.00620997 0.000697088
 0.00820806 0.00326094 0.00724481 -0.00621879 0.000759869
 0.00804875 0.00303117 0.00673381 -0.00560054 0.00056208
 0.00807819 0.00300702 0.00589066 -0.00501518 0.000611491
 0.00770825 0.00272994 0.00464907 -0.00392067 0.000492709
 0.00757212 0.00263704 0.00425309 -0.00336064 0.000564036
 0.00745237 0.00251773 0.00375306 -0.00306929 0.000437078
 0.00725319 0.00242134 0.00325207 -0.0025317 0.000516816
 0.00705519 0.00224458 0.00282054 -0.00213333 0.000340007
 0.0069005 0.00221302 0.00232146 -0.00162355 0.000425598
 0.00667787 0.00205203 0.00155931 -0.000955781 0.000397681
 0.00644862 0.00196194 0.00146361 -0.000841731 0.00038913
 0.00636725 0.00192728 0.00108774 -0.00066925 0.000418104
 0.0061584 0.00180578 0.00079395 -0.000322137 0.000340651
 0.00595286 0.00174201 0.000514995 -6.95625e-05 0.000375321
 0.00578606 0.0016624 0.000168024 0.000211941 0.000355529
 0.00562817 0.00159622 3.4276e-05 0.000360649 0.000350239
 0.00540954 0.00151704 -0.000248737 0.000593523 0.000347572
 0.00528209 0.00147848 -0.000286989 0.000560317 0.000348376
 0.00497519 0.00137583 -0.000426619 0.000682225 0.000307211
 0.00483826 0.00132536 -0.000591933 0.000816144 0.000319422
 0.00455019 0.00124303 -0.000667206 0.000862575 0.000304893
 0.00443512 0.00120264 -0.000685438 0.000845725 0.000291789
 0.00422532 0.00113966 -0.000695869 0.000832756 0.000279912
 0.00408457 0.00109204 -0.000738012 0.000853038 0.000271667
 0.00383344 0.0010245 -0.000689313 0.000766019 0.000265126
 0.00361281 0.000958356 -0.000635725 0.000717912 0.00024484
 0.00345272 0.000916931 -0.000658413 0.000719138 0.000238686
 0.00324529 0.000856687 -0.00056989 0.000636675 0.000220736
 0.00307593 0.0008173 -0.000539199 0.000582239 0.000219667
 0.00287176 0.000760925 -0.000475676 0.000505993 0.000201884
 0.00271123 0.000722438 -0.000405924 0.000433605 0.000197274
 0.00252524 0.000672119 -0.00036231 0.000379599 0.000179436
 0.00234382 0.000622976 -0.000291601 0.000300242 0.000164096
 0.00210228 0.000562968 -0.000242794 0.000244034 0.00015243
 0 0 0 0 0
 0 0 0 0 0
 0 0 0 0 0
 0 0 0 0 0
 0 0 0 0 0
 0 0 0 0 0
 0 0 0 0 0
 0 0 0 0 0
 0 0 0 0 0
 0 0 0 0 0
 0 0 0 0 0
 0 0 0 0 0
 0 0 0 0 0
 0 0 0 0 0
 0 0 0 0 0
 0 0 0 0 0
 0 0 0 0 0
 0 0 0 0 0
 0 0 0 0 0
 0 0 0 0 0
 0 0 0 0 0
 0 0 0 0 0
 0 0 0 0 0
 0 0 0 0 0
 0 0 0 0 0
 0 0 0 0 0
 0 0 0 0 0
 0 0 0 0 0
 0 0 0 0 0
 0 0 0 0 0
 0 0 0 0 0
 0 0 0 0 0
 0 0 0 0 0
 0 0 0 0 0
 0 0 0 0 0
 0 0 0 0 0
 0 0 0 0 0
 0 0 0 0 0
 0 0 0 0 0
 0 0 0 0 0
 2.7006 2.37647 0.0856394 -0.0639475 2.09109
 1.40296 1.20635 0.0851794 -0.0643688 1.03679
 0.879462 0.739806 0.0877175 -0.0671844 0.621756
 0.605796 0.49876 0.0885244 -0.0685362 0.409991
 0.439467 0.354681 0.087865 -0.0690569 0.285491
 0.337147 0.26683 0.088345 -0.0697575 0.210056
 0.260621 0.202504 0.0856956 -0.0686275 0.156344
 0.207072 0.158139 0.0832756 -0.0669969 0.119754
 0.169441 0.127236 0.0811706 -0.0660963 0.0943706
 0.144618 0.10674 0.0814994 -0.0665888 0.0773425
 0.120321 0.0875231 0.0772075 -0.0633444 0.0623881
 0.103858 0.074375 0.0754019 -0.0623757 0.0518479
 0.0890494 0.0628394 0.0730487 -0.0605979 0.0428954
 0.0788163 0.0548481 0.0724531 -0.0599682 0.0365902
 0.0682663 0.0468763 0.0674225 -0.0562466 0.0306223
 0.0612139 0.0414911 0.0651931 -0.0545558 0.0265013
 0.0541708 0.0362789 0.061843 -0.0516214 0.0226804
 0.0482027 0.0318432 0.059004 -0.0497776 0.0193171
 0.0436182 0.0285161 0.0566483 -0.0476308 0.0170797
 0.0394849 0.0255758 0.0535649 -0.0450136 0.0148759
 0.0358239 0.0228908 0.0502636 -0.0422517 0.0128362
 0.0320567 0.0202503 0.0475066 -0.0400782 0.0110054
 0.0294529 0.0183792 0.0446774 -0.0375279 0.00951213
 0.0274269 0.0169839 0.0414224 -0.0347599 0.00863163
 0.0245264 0.0150354 0.0384649 -0.0323869 0.00724163
 0.0228809 0.0140051 0.0359176 -0.0302576 0.00672494
 0.0213955 0.0130426 0.0340156 -0.0287051 0.00617525
 0.0200525 0.01218 0.0323708 -0.0270689 0.00569486
 0.0185046 0.0112453 0.0292439 -0.0245432 0.00499964
 0.0173329 0.0106235 0.0279664 -0.0234322 0.0048373
 0.0161465 0.0100639 0.0258473 -0.0215417 0.00483016
 0.0154611 0.00946519 0.024301 -0.0205756 0.00414379
 0.0144341 0.00883894 0.0232426 -0.0195298 0.00389168
 0.0137149 0.00831006 0.0220286 -0.0183928 0.00333677
 0.0129754 0.00793013 0.0202046 -0.0170898 0.00335727
 0.0124822 0.0073935 0.0196074 -0.0164886 0.00285197
 0.0119224 0.00703931 0.0187557 -0.0157666 0.00287111
 0.0115494 0.0065965 0.0174713 -0.0148418 0.00238465
 0.0111537 0.00625331 0.0163832 -0.0138269 0.00230172
 0.0106571 0.00568588 0.0155009 -0.0132314 0.00177418
 0.0102185 0.00539757 0.0150875 -0.012829 0.00173503
 0.00981031 0.00501064 0.0128396 -0.0109105 0.00164446
 0.00960725 0.00462111 0.0120781 -0.0104556 0.00113753
 0.00947337 0.00443058 0.0113271 -0.00992687 0.0011944
 0.00908669 0.00405878 0.0104293 -0.008769 0.000852931
 0.00882037 0.00398599 0.00995019 -0.00841706 0.00113206
 0.00864163 0.00368393 0.00925994 -0.00778812 0.000842675
 0.00844256 0.00347479 0.008086 -0.00661619 0.000789481
 0.00813775 0.003219 0.00728194 -0.00597697 0.000657112
 0.00803869 0.00313723 0.00638619 -0.00529899 0.000689962
 0.00785075 0.00300965 0.00547491 -0.00459194 0.000717263
 0.00763575 0.00278474 0.00513626 -0.00429965 0.000541478
 0.00748294 0.00264931 0.00480994 -0.00371383 0.000521803
 0.00731719 0.00258869 0.00416805 -0.00322722 0.000580716
 0.00713362 0.00241484 0.00357533 -0.00270566 0.000482931
 0.00696781 0.00229904 0.00289312 -0.00214228 0.000469851
 0.00680719 0.00220389 0.00266136 -0.00190061 0.000457554
 0.00663625 0.00210821 0.00214536 -0.00140591 0.000446233
 0.00649156 0.00205513 0.00165034 -0.00108864 0.000451073
 0.00621842 0.00193332 0.00125744 -0.000753731 0.000413907
 0.00599833 0.00184079 0.00102593 -0.000509688 0.000428439
 0.00591736 0.00177167 0.000362135 5.20351e-05 0.000413933
 0.00571857 0.00171433 0.000240854 0.000155055 0.000420757
 0.00555636 0.00166352 0.000151671 0.000268618 0.00043254
 0.00546672 0.00160079 -0.000161869 0.000436324 0.000406988
 0.00521532 0.0014918 -0.000335888 0.000625956 0.000365669
 0.00494169 0.00141456 -0.000244101 0.000523143 0.000338622
 0.00486344 0.00137822 -0.000404393 0.0006388 0.0003534
 0.00455605 0.00128487 -0.000491752 0.000681456 0.000329958
 0.00439483 0.00122639 -0.000633781 0.000806344 0.000317443
 0.00420298 0.0011699 -0.000611583 0.000757225 0.00031301
 0.00399039 0.00109954 -0.00058985 0.000727363 0.000281865
 0.00377724 0.00104188 -0.000604922 0.000682525 0.000278077
 0.00363998 0.00100223 -0.000644144 0.000715225 0.000267628
 0.00341573 0.000935025 -0.000598919 0.000643544 0.000250026
 0.00322084 0.000876219 -0.000542084 0.000589679 0.000235286
 0.0030593 0.0008343 -0.000495527 0.00055262 0.000233161
 0.00289644 0.00078805 -0.000469421 0.000499068 0.000215849
 0.00268052 0.000729931 -0.000397773 0.00041349 0.000202764
 0.00250856 0.000683169 -0.00035021 0.000360249 0.000190159
 0.00235207 0.000640963 -0.000298286 0.000299547 0.000177072
 0 0 0 0 0
 0 0 0 0 0
 0 0 0 0 0
 0 0 0 0 0
 0 0 0 0 0
 0 0 0 0 0
 0 0 0 0 0
 0 0 0 0 0
 0 0 0 0 0
 0 0 0 0 0
 0 0 0 0 0
 0 0 0 0 0
 0 0 0 0 0
 0 0 0 0 0
 0 0 0 0 0
 0 0 0 0 0
 0 0 0 0 0
 0 0 0 0 0
 0 0 0 0 0
 0 0 0 0 0
 0 0 0 0 0
 0 0 0 0 0
 0 0 0 0 0
 0 0 0 0 0
 0 0 0 0 0
 0 0 0 0 0
 0 0 0 0 0
 0 0 0 0 0
 0 0 0 0 0
 0 0 0 0 0
 0 0 0 0 0
 0 0 0 0 0
 0 0 0 0 0
 0 0 0 0 0
 0 0 0 0 0
 0 0 0 0 0
 0 0 0 0 0
 0 0 0 0 0
 0 0 0 0 0
 0 0 0 0 0
 0 0 0 0 0
 2.69676 2.38906 0.0800087 -0.0596843 2.11633
 1.38414 1.19897 0.08009 -0.0609878 1.03824
 0.8407 0.712637 0.0805175 -0.0618303 0.603612
 0.578191 0.479978 0.0825269 -0.0642819 0.397571
 0.424126 0.345204 0.0833519 -0.0654325 0.280206
 0.319979 0.255501 0.0820969 -0.0652819 0.203033
 0.255066 0.200097 0.0822988 -0.0657425 0.156229
 0.201261 0.155083 0.0812094 -0.0656206 0.118472
 0.165262 0.125209 0.0791306 -0.0643363 0.0937969
 0.139984 0.104416 0.07736 -0.0636156 0.0768862
 0.121654 0.0892263 0.0783469 -0.0647569 0.0641906
 0.102774 0.0742956 0.07457 -0.0620736 0.0524832
 0.0897269 0.0639213 0.0733256 -0.0611165 0.0443412
 0.0775619 0.0545147 0.070655 -0.058632 0.0370004
 0.068105 0.0472211 0.066675 -0.0557194 0.0313633
 0.059947 0.0410347 0.06425 -0.0539743 0.0267104
 0.0534576 0.0361083 0.0616911 -0.0521047 0.0230352
 0.047671 0.0317555 0.0588961 -0.0501157 0.0195814
 0.0434996 0.0285866 0.0568797 -0.0482079 0.017114
 0.0386871 0.0251614 0.0531451 -0.0452581 0.0147924
 0.0361226 0.0232625 0.0513964 -0.0436207 0.0133676
 0.0324302 0.0206821 0.0486441 -0.0414411 0.0115905
 0.029168 0.0184218 0.0450774 -0.038181 0.0100879
 0.0268921 0.0167918 0.0419471 -0.0357993 0.00888819
 0.0251079 0.0156118 0.0398092 -0.0338812 0.00819344
 0.0229521 0.0140599 0.0368728 -0.0311811 0.00686769
 0.0213743 0.0130289 0.0349143 -0.0295186 0.00625744
 0.0196649 0.0119433 0.0320387 -0.0271294 0.00557572
 0.0184786 0.0112969 0.0305351 -0.0257803 0.00546946
 0.0172558 0.0105022 0.0287042 -0.0245368 0.00484026
 0.0163931 0.00999081 0.0272342 -0.023041 0.00455649
 0.0151557 0.00927162 0.0249577 -0.021146 0.00411217
 0.0145975 0.00889444 0.0240033 -0.0203196 0.00388729
 0.0138277 0.00848981 0.0220755 -0.0187084 0.00379621
 0.0127896 0.00757906 0.0210954 -0.0180391 0.00296015
 0.0123742 0.0073165 0.0197401 -0.0167033 0.00287489
 0.0119918 0.00708513 0.0188715 -0.0160315 0.00291055
 0.0112549 0.00650587 0.0175425 -0.0149558 0.00249874
 0.0109161 0.0061344 0.0162771 -0.0138589 0.00231369
 0.0103588 0.0055833 0.0154599 -0.0131649 0.001743
 0.0101159 0.00541129 0.0147234 -0.012563 0.00190897
 0.00974225 0.00503038 0.0133904 -0.0116014 0.00150058
 0.009413 0.00468314 0.0123509 -0.0107494 0.00139214
 0.00916 0.0044138 0.0115252 -0.00988475 0.00128554
 0.00903238 0.0042321 0.0106366 -0.00905963 0.00122077
 0.00865594 0.00388422 0.00945219 -0.0081345 0.000987262
 0.00825581 0.00358711 0.0087205 -0.00746606 0.000865344
 0.00822556 0.00344884 0.008172 -0.00708687 0.000802706
 0.0081045 0.0033051 0.00738225 -0.00630806 0.000803569
 0.00782806 0.00314205 0.00635144 -0.00534814 0.000767731
 0.00765175 0.00297578 0.00600354 -0.00506647 0.000668025
 0.00740506 0.00273336 0.00533267 -0.00432203 0.000492313
 0.00724725 0.00262569 0.00432261 -0.00359744 0.000543529
 0.007168 0.00254003 0.00426737 -0.00342378 0.000542564
 0.00704819 0.00251524 0.00377238 -0.00300413 0.000592643
 0.00689506 0.00233762 0.00296521 -0.00218104 0.00047967
 0.00679463 0.00228044 0.00259019 -0.00181412 0.000531678
 0.00654325 0.00216888 0.00221514 -0.00145886 0.000497411
 0.00632381 0.00203127 0.0017898 -0.00122586 0.000445051
 0.00608839 0.00195709 0.00124463 -0.000820544 0.000479546
 0.00603699 0.00189658 0.00107611 -0.000542901 0.000469489
 0.00583236 0.00179465 0.000617313 -0.000228309 0.000425184
 0.00563193 0.00171032 0.000537882 -9.80456e-05 0.000429891
 0.00547638 0.00166303 0.000290216 6.23936e-05 0.000429976
 0.00535122 0.00161256 1.03222e-05 0.000241216 0.000428049
 0.00510442 0.00150681 -0.000274499 0.000525354 0.000384484
 0.00488503 0.00144534 -0.000164527 0.000433223 0.000384703
 0.00470548 0.00136911 -0.000323736 0.000553906 0.000361537
 0.00459018 0.00131347 -0.000498292 0.000688656 0.000344472
 0.00440947 0.00127302 -0.000457505 0.000636588 0.000345419
 0.00423441 0.00121184 -0.000561535 0.000690487 0.000332021
 0.00400273 0.00113158 -0.000512011 0.00064665 0.000303616
 0.00390694 0.00109458 -0.000613099 0.000714775 0.000292157
 0.00361534 0.00101754 -0.000571651 0.000679938 0.000287941
 0.00342277 0.000962 -0.000526111 0.000587788 0.00027076
 0.00325365 0.000910194 -0.000503411 0.000562222 0.000251648
 0.00307301 0.000855463 -0.000466317 0.000502712 0.000241128
 0.00293394 0.000815362 -0.000443086 0.000470261 0.00023011
 0.00274079 0.000762856 -0.000367228 0.000392828 0.000214179
 0.00253847 0.000707525 -0.000321173 0.000335767 0.000201144
 0 0 0 0 0
 0 0 0 0 0
 0 0 0 0 0
 0 0 0 0 0
 0 0 0 0 0
 0 0 0 0 0
 0 0 0 0 0
 0 0 0 0 0
 0 0 0 0 0
 0 0 0 0 0
 0 0 0 0 0
 0 0 0 0 0
 0 0 0 0 0
 0 0 0 0 0
 0 0 0 0 0
 0 0 0 0 0
 0 0 0 0 0
 0 0 0 0 0
 0 0 0 0 0
 0 0 0 0 0
 0 0 0 0 0
 0 0 0 0 0
 0 0 0 0 0
 0 0 0 0 0
 0 0 0 0 0
 0 0 0 0 0
 0 0 0 0 0
 0 0 0 0 0
 0 0 0 0 0
 0 0 0 0 0
 0 0 0 0 0
 0 0 0 0 0
 0 0 0 0 0
 0 0 0 0 0
 0 0 0 0 0
 0 0 0 0 0
 0 0 0 0 0
 0 0 0 0 0
 0 0 0 0 0
 0 0 0 0 0
 0 0 0 0 0
 0 0 0 0 0
 2.64152 2.35451 0.0732575 -0.0546216 2.09847
 1.34211 1.17043 0.0740794 -0.0560464 1.02037
 0.826006 0.705294 0.0759031 -0.0583299 0.601774
 0.561411 0.469835 0.0770806 -0.0597233 0.392707
 0.414918 0.340466 0.0791794 -0.0623549 0.278698
 0.309403 0.249251 0.077195 -0.0611498 0.200084
 0.244383 0.193318 0.0780206 -0.0626681 0.152159
 0.198845 0.154572 0.0770944 -0.0627213 0.119305
 0.166036 0.126904 0.07837 -0.0639331 0.0961025
 0.136792 0.102846 0.0763013 -0.0629475 0.0762062
 0.117002 0.0865987 0.0741538 -0.0615907 0.0629863
 0.101229 0.0738431 0.0733994 -0.0611456 0.0527764
 0.0883213 0.0634975 0.0720425 -0.0605269 0.0446328
 0.0780937 0.0552784 0.0703275 -0.0594482 0.0378344
 0.0672525 0.0470724 0.0668494 -0.0561774 0.0318664
 0.0582299 0.040043 0.0634569 -0.0536677 0.0260196
 0.0533159 0.0362819 0.0621422 -0.05279 0.0232832
 0.0476318 0.0320856 0.0587041 -0.0500603 0.020348
 0.0432206 0.0286293 0.0568375 -0.0484664 0.0174106
 0.038679 0.0253457 0.0541627 -0.0461641 0.0151099
 0.0359786 0.0234149 0.0522198 -0.0446052 0.0138655
 0.0328338 0.0210179 0.0489356 -0.0418717 0.0119431
 0.0292304 0.0186304 0.0450866 -0.0385026 0.0105128
 0.0268994 0.0168692 0.0428118 -0.0369202 0.00903587
 0.0248344 0.0154766 0.0408147 -0.0349132 0.00812688
 0.0229301 0.0141111 0.0375752 -0.0322246 0.00708181
 0.0213613 0.0131017 0.0351457 -0.0302377 0.00653006
 0.0200217 0.0122042 0.0335058 -0.0286852 0.00587154
 0.0186228 0.0112015 0.0312544 -0.0267531 0.00500839
 0.0172516 0.0104366 0.0288249 -0.0246187 0.00480823
 0.0162634 0.00984138 0.0271052 -0.0231331 0.00436241
 0.0152601 0.00933587 0.0254901 -0.0215686 0.00424293
 0.0142176 0.00857975 0.0243462 -0.0207007 0.00362873
 0.0135835 0.00822838 0.0229577 -0.0197376 0.00356091
 0.013007 0.00782056 0.0216151 -0.0183216 0.00336105
 0.0124355 0.00734906 0.020313 -0.0174925 0.00300868
 0.0118149 0.00691631 0.0187027 -0.0159448 0.00282714
 0.01136 0.00651175 0.0184671 -0.0158591 0.00246813
 0.0107945 0.00612736 0.0164814 -0.0142932 0.00243512
 0.0104097 0.00569711 0.0160212 -0.0137884 0.0020799
 0.00998156 0.00536381 0.0145324 -0.0125239 0.00184145
 0.00967787 0.00498761 0.0131647 -0.0113367 0.00167709
 0.00923394 0.00464155 0.0126616 -0.0108717 0.00150034
 0.00914819 0.00442849 0.0117997 -0.0101351 0.0013367
 0.00879187 0.00419852 0.0107657 -0.00921669 0.00115974
 0.00848806 0.00400787 0.00960231 -0.00822669 0.00126722
 0.00837281 0.00377714 0.00882912 -0.00743681 0.00108166
 0.00823087 0.00352431 0.00809306 -0.00690656 0.00087445
 0.00793469 0.003324 0.00738406 -0.00632087 0.000848788
 0.00773775 0.00324589 0.00705412 -0.00589829 0.00094855
 0.00755862 0.00298695 0.00569145 -0.00476632 0.00074645
 0.00727369 0.00280034 0.00510167 -0.00424486 0.000690906
 0.0071665 0.00272532 0.00489394 -0.00392375 0.000701169
 0.00708069 0.00257462 0.00407687 -0.00320041 0.000625606
 0.00685288 0.00247353 0.00352526 -0.00278975 0.000628794
 0.00679344 0.00234098 0.00294634 -0.00229348 0.000538034
 0.006506 0.00223498 0.00265831 -0.00205131 0.000529514
 0.00642587 0.00220032 0.00203466 -0.0014363 0.000567524
 0.00616871 0.00206483 0.00189892 -0.00131922 0.000536671
 0.00608784 0.00200379 0.00124025 -0.000735944 0.000521443
 0.00587566 0.0018967 0.00127311 -0.000748469 0.000481438
 0.00571556 0.00180707 0.000835613 -0.000455161 0.000469925
 0.00558336 0.00176708 0.000409764 -8.94631e-05 0.000483822
 0.00542431 0.00167931 0.000361409 -4.72426e-05 0.000423613
 0.00528646 0.00164363 0.000107014 0.000175152 0.000452064
 0.00504586 0.00154042 -1.06182e-05 0.0002552 0.000405557
 0.00486888 0.00147016 -6.946e-05 0.000312828 0.000389373
 0.00463076 0.00140234 -0.000238887 0.000463393 0.000398836
 0.00445687 0.0013218 -0.000317579 0.000566819 0.000363336
 0.00432038 0.00126842 -0.000371341 0.000551622 0.000355005
 0.00420006 0.00123039 -0.000416077 0.000590813 0.000340206
 0.0039722 0.00115108 -0.000479905 0.00059091 0.00032084
 0.00382576 0.00110944 -0.000526382 0.0006426 0.000316856
 0.00361184 0.00104434 -0.000530812 0.000617584 0.000298639
 0.0034643 0.000992394 -0.000516951 0.000574749 0.000283161
 0.00328476 0.0009414 -0.000442642 0.000504406 0.000272176
 0.00309574 0.000884344 -0.000460606 0.000503417 0.000255534
 0.00288718 0.000822481 -0.000397194 0.000423842 0.00023488
 0.00273414 0.000780606 -0.000354629 0.000374459 0.000226353
 0 0 0 0 0
 0 0 0 0 0
 0 0 0 0 0
 0 0 0 0 0
 0 0 0 0 0
 0 0 0 0 0
 0 0 0 0 0
 0 0 0 0 0
 0 0 0 0 0
 0 0 0 0 0
 0 0 0 0 0
 0 0 0 0 0
 0 0 0 0 0
 0 0 0 0 0
 0 0 0 0 0
 0 0 0 0 0
 0 0 0 0 0
 0 0 0 0 0
 0 0 0 0 0
 0 0 0 0 0
 0 0 0 0 0
 0 0 0 0 0
 0 0 0 0 0
 0 0 0 0 0
 0 0 0 0 0
 0 0 0 0 0
 0 0 0 0 0
 0 0 0 0 0
 0 0 0 0 0
 0 0 0 0 0
 0 0 0 0 0
 0 0 0 0 0
 0 0 0 0 0
 0 0 0 0 0
 0 0 0 0 0
 0 0 0 0 0
 0 0 0 0 0
 0 0 0 0 0
 0 0 0 0 0
 0 0 0 0 0
 0 0 0 0 0
 0 0 0 0 0
 0 0 0 0 0
 2.53903 2.27658 0.06607 -0.0487228 2.04118
 1.29795 1.13919 0.0680106 -0.0512085 0.999762
 0.797156 0.685412 0.0700044 -0.0537099 0.588991
 0.535059 0.451118 0.07098 -0.0550283 0.380011
 0.390851 0.32332 0.0720487 -0.0565697 0.267204
 0.297024 0.241211 0.0723175 -0.0575943 0.195358
 0.237169 0.189226 0.0740081 -0.0594327 0.150518
 0.193856 0.151928 0.0747325 -0.0608114 0.118302
 0.16055 0.123782 0.0741069 -0.0607156 0.0946775
 0.131676 0.0999381 0.0723912 -0.0594436 0.0750756
 0.114324 0.08535 0.0722481 -0.0599471 0.0628281
 0.0981194 0.0721737 0.07122 -0.0597052 0.0522604
 0.0849062 0.0614689 0.0689775 -0.058066 0.0433809
 0.0742269 0.0530609 0.0667881 -0.0564555 0.0369464
 0.066665 0.0470249 0.0666044 -0.0565885 0.032263
 0.0586197 0.0407167 0.0636619 -0.0544476 0.0270661
 0.0529305 0.0363841 0.0622786 -0.0531722 0.0239185
 0.0472526 0.0320005 0.0591779 -0.0505368 0.0204438
 0.0425696 0.0284979 0.056954 -0.048638 0.0178719
 0.0379717 0.0251149 0.0528235 -0.0452177 0.0153573
 0.0344462 0.0225256 0.0499264 -0.0430114 0.0135057
 0.0322354 0.0208853 0.0486534 -0.0420819 0.0122953
 0.0292569 0.0186864 0.0466485 -0.0400184 0.0105911
 0.0271468 0.0172342 0.0436769 -0.0378658 0.00974106
 0.0248507 0.0156507 0.0409052 -0.0351263 0.00857031
 0.0230574 0.014285 0.0392429 -0.0339764 0.00745462
 0.0212938 0.0130945 0.0366172 -0.0313453 0.00661525
 0.0198732 0.0121456 0.034302 -0.0295158 0.00601369
 0.0182663 0.0111645 0.0312951 -0.0268174 0.00552061
 0.0175219 0.0106436 0.0302114 -0.0260618 0.00507438
 0.0162293 0.00995188 0.0278035 -0.0237313 0.00492506
 0.0149649 0.00912 0.0258316 -0.0221318 0.00417866
 0.0143282 0.00875731 0.0249707 -0.0213966 0.00406564
 0.0137777 0.00848169 0.0235001 -0.0201341 0.00410149
 0.0129027 0.00775538 0.0219199 -0.0188227 0.00336639
 0.0124736 0.00745925 0.0212841 -0.0183937 0.00328655
 0.0116624 0.00685825 0.019355 -0.0166712 0.00279549
 0.0113227 0.00661156 0.0180706 -0.0157496 0.00282238
 0.0108189 0.0061309 0.0168354 -0.0145773 0.00241616
 0.010292 0.00561709 0.0155495 -0.0136035 0.00190375
 0.00992813 0.00538969 0.0147046 -0.0125386 0.00196873
 0.00947856 0.00499469 0.0138896 -0.0117802 0.00174459
 0.00919013 0.00460554 0.0120533 -0.0105968 0.00140616
 0.00909438 0.00455911 0.0124301 -0.0108095 0.0015799
 0.00873181 0.00426881 0.0105664 -0.00918313 0.00148081
 0.00861037 0.00408064 0.0101914 -0.00892344 0.00135263
 0.00825694 0.00372556 0.00929094 -0.0079295 0.00104339
 0.00791931 0.00350301 0.00844556 -0.00712031 0.000963719
 0.00765569 0.00334101 0.00744919 -0.00652581 0.00103292
 0.00766162 0.00320286 0.00661487 -0.00553667 0.000917113
 0.007493 0.00307673 0.00582672 -0.00501613 0.00086145
 0.00732675 0.00285475 0.00505534 -0.00433999 0.000697856
 0.00717375 0.00275581 0.00438842 -0.00354213 0.000725244
 0.00682694 0.00256914 0.00428611 -0.00350451 0.000671412
 0.00693469 0.00258338 0.00388321 -0.00307504 0.0007215
 0.00671863 0.00242248 0.00304232 -0.00239933 0.000647181
 0.00645725 0.00226807 0.00262466 -0.00195128 0.000556344
 0.00638344 0.00221519 0.00214459 -0.00161566 0.000583439
 0.00617807 0.00213321 0.00177657 -0.00126947 0.000609422
 0.00603034 0.00202736 0.00144308 -0.000926381 0.000553738
 0.00577674 0.0019275 0.00113079 -0.000797475 0.000530061
 0.00562719 0.00183238 0.000966194 -0.000565306 0.000487149
 0.00552827 0.00177669 0.000563432 -0.000244881 0.000495933
 0.00533851 0.00172525 0.000464088 -0.000152309 0.000495121
 0.00515109 0.00163562 0.000388086 -7.31294e-05 0.000450501
 0.00493117 0.00154026 9.93269e-05 0.000190217 0.000434843
 0.00486133 0.00150136 3.19683e-06 0.000217464 0.000418216
 0.00461048 0.00141878 -0.000236278 0.000385546 0.000396335
 0.00449479 0.00136876 -0.000365757 0.000526849 0.00040084
 0.00437856 0.00132703 -0.000333117 0.000481397 0.000386536
 0.00416788 0.00125288 -0.000427809 0.000556674 0.000359282
 0.0039733 0.00118713 -0.000442436 0.000558106 0.000353502
 0.00373389 0.00110582 -0.000425388 0.000501176 0.000323973
 0.00358879 0.0010578 -0.000496841 0.000583841 0.000307569
 0.00344594 0.00102086 -0.000428297 0.000497054 0.00030713
 0.00328177 0.00096145 -0.000448199 0.000492386 0.000284656
 0.00307931 0.000901469 -0.00042398 0.000460228 0.000270288
 0.00291141 0.00084905 -0.000379352 0.000410478 0.000251876
 0 0 0 0 0
 0 0 0 0 0
 0 0 0 0 0
 0 0 0 0 0
 0 0 0 0 0
 0 0 0 0 0
 0 0 0 0 0
 0 0 0 0 0
 0 0 0 0 0
 0 0 0 0 0
 0 0 0 0 0
 0 0 0 0 0
 0 0 0 0 0
 0 0 0 0 0
 0 0 0 0 0
 0 0 0 0 0
 0 0 0 0 0
 0 0 0 0 0
 0 0 0 0 0
 0 0 0 0 0
 0 0 0 0 0
 0 0 0 0 0
 0 0 0 0 0
 0 0 0 0 0
 0 0 0 0 0
 0 0 0 0 0
 0 0 0 0 0
 0 0 0 0 0
 0 0 0 0 0
 0 0 0 0 0
 0 0 0 0 0
 0 0 0 0 0
 0 0 0 0 0
 0 0 0 0 0
 0 0 0 0 0
 0 0 0 0 0
 0 0 0 0 0
 0 0 0 0 0
 0 0 0 0 0
 0 0 0 0 0
 0 0 0 0 0
 0 0 0 0 0
 0 0 0 0 0
 0 0 0 0 0
 2.46687 2.22398 0.0597301 -0.0435238 2.00504
 1.24157 1.09631 0.0619904 -0.0461076 0.967987
 0.76165 0.659112 0.0643419 -0.0487559 0.570077
 0.510981 0.433807 0.0653138 -0.0504876 0.368275
 0.375066 0.312367 0.0669275 -0.0526436 0.259728
 0.290064 0.237319 0.0690437 -0.0547364 0.193894
 0.231794 0.186282 0.0701313 -0.0563599 0.149143
 0.187531 0.148199 0.0705812 -0.0574148 0.116573
 0.155157 0.120498 0.0707375 -0.0578992 0.0927287
 0.12959 0.09915 0.0701862 -0.0579873 0.0753481
 0.111678 0.0841306 0.0696756 -0.0581799 0.0628213
 0.0954469 0.0707844 0.06864 -0.0575675 0.0517609
 0.0835425 0.0611136 0.0676156 -0.0568644 0.0440161
 0.0746488 0.0537963 0.0673137 -0.0571604 0.0379024
 0.0650594 0.0462244 0.0644144 -0.0548583 0.0319212
 0.0576416 0.0403972 0.0627794 -0.0536173 0.0272377
 0.0520658 0.0360061 0.0611186 -0.052148 0.023841
 0.0466514 0.031928 0.0587173 -0.0504513 0.0209473
 0.0422978 0.0286004 0.0560773 -0.0482662 0.0184011
 0.0377796 0.0251421 0.0532253 -0.0462226 0.0155535
 0.0345636 0.0226812 0.0513257 -0.0444876 0.0136732
 0.0319369 0.0207164 0.0484691 -0.0420824 0.0120933
 0.0292175 0.0187912 0.0474156 -0.0410288 0.0108598
 0.0264664 0.0169019 0.0432704 -0.0376074 0.00967294
 0.0244504 0.0154621 0.0414241 -0.0359705 0.00867175
 0.0227309 0.0142493 0.0384531 -0.0332406 0.00777313
 0.0211807 0.0131562 0.037107 -0.0321578 0.00699844
 0.0198744 0.0122704 0.0343769 -0.0299066 0.00636619
 0.0182538 0.0112004 0.0317342 -0.0275584 0.00573124
 0.0170706 0.0103568 0.0298708 -0.0258019 0.00498493
 0.0158621 0.00972737 0.0280989 -0.0242968 0.00485082
 0.0154151 0.00945744 0.0269119 -0.0232046 0.00468759
 0.0144228 0.00884 0.0256158 -0.0221293 0.00433612
 0.0133504 0.00811013 0.023654 -0.0204333 0.00372137
 0.0129482 0.00783275 0.0226239 -0.0194323 0.00355975
 0.0119844 0.00714844 0.0210788 -0.0181566 0.00306717
 0.0115576 0.00682812 0.0199318 -0.0171807 0.00291953
 0.0112066 0.00663481 0.0182591 -0.0157742 0.00299037
 0.0107123 0.00612094 0.0173416 -0.0151509 0.00251328
 0.0102987 0.00585486 0.0159743 -0.013915 0.00241584
 0.00969675 0.00531896 0.0152116 -0.0131577 0.00198836
 0.00935587 0.00491618 0.0136513 -0.0118646 0.0017063
 0.00914181 0.00478197 0.0130881 -0.0114069 0.00181527
 0.00885919 0.00444855 0.0118781 -0.0102939 0.00148363
 0.00844437 0.00413986 0.0108021 -0.00937025 0.00138131
 0.00850694 0.00405994 0.0101371 -0.00876669 0.00136649
 0.00811981 0.00367059 0.00936131 -0.00802787 0.00103249
 0.00786537 0.00346545 0.00843012 -0.00730994 0.00096075
 0.00773006 0.00338767 0.00775981 -0.00656306 0.00101044
 0.00750844 0.0031641 0.00679937 -0.00571138 0.000856312
 0.00732294 0.00305873 0.00589592 -0.0050816 0.000892163
 0.00714 0.00288038 0.00558528 -0.00456833 0.00079665
 0.00698156 0.00274069 0.00482917 -0.00399983 0.000697881
 0.00688637 0.00262824 0.00428381 -0.00350771 0.000691525
 0.00678569 0.00253719 0.00388569 -0.00315899 0.000681338
 0.00647619 0.00238374 0.00325311 -0.00262887 0.000643625
 0.00633063 0.00229133 0.00304932 -0.0023073 0.000634363
 0.00629719 0.0022289 0.00247311 -0.00196959 0.000643238
 0.00607971 0.00210612 0.00193057 -0.00139076 0.000546323
 0.00575773 0.00198619 0.0016387 -0.00113368 0.000554315
 0.00572246 0.00197545 0.00134294 -0.000955787 0.000593065
 0.00563947 0.00191461 0.00107285 -0.000730125 0.000567796
 0.00546085 0.00180143 0.000741556 -0.000448111 0.000533284
 0.00534809 0.00176308 0.000544754 -0.000192751 0.000523701
 0.00520417 0.00171037 0.000379945 -7.4225e-05 0.000540618
 0.00498189 0.00159912 0.000139592 0.000125683 0.000471437
 0.00476105 0.00151297 -1.79833e-05 0.000225426 0.000439669
 0.00454489 0.00144018 4.34323e-06 0.000236978 0.000417828
 0.00446517 0.00139442 -0.000274177 0.000456969 0.000409953
 0.0042915 0.00134113 -0.000231778 0.000425029 0.000401265
 0.00419199 0.00128338 -0.000448149 0.000549081 0.000377371
 0.00394115 0.00120556 -0.000495887 0.00059513 0.000369193
 0.00376328 0.00114454 -0.000379023 0.00043264 0.000351261
 0.00361711 0.00109383 -0.000412212 0.000480683 0.000328486
 0.0034214 0.00102792 -0.000416961 0.000463738 0.000302581
 0.00325045 0.000977325 -0.000375597 0.000430409 0.00029882
 0.00304949 0.000909287 -0.000366631 0.000401051 0.000271271
 0 0 0 0 0
 0 0 0 0 0
 0 0 0 0 0
 0 0 0 0 0
 0 0 0 0 0
 0 0 0 0 0
 0 0 0 0 0
 0 0 0 0 0
 0 0 0 0 0
 0 0 0 0 0
 0 0 0 0 0
 0 0 0 0 0
 0 0 0 0 0
 0 0 0 0 0
 0 0 0 0 0
 0 0 0 0 0
 0 0 0 0 0
 0 0 0 0 0
 0 0 0 0 0
 0 0 0 0 0
 0 0 0 0 0
 0 0 0 0 0
 0 0 0 0 0
 0 0 0 0 0
 0 0 0 0 0
 0 0 0 0 0
 0 0 0 0 0
 0 0 0 0 0
 0 0 0 0 0
 0 0 0 0 0
 0 0 0 0 0
 0 0 0 0 0
 0 0 0 0 0
 0 0 0 0 0
 0 0 0 0 0
 0 0 0 0 0
 0 0 0 0 0
 0 0 0 0 0
 0 0 0 0 0
 0 0 0 0 0
 0 0 0 0 0
 0 0 0 0 0
 0 0 0 0 0
 0 0 0 0 0
 0 0 0 0 0
 2.39096 2.16653 0.0534491 -0.0383752 1.96324
 1.19768 1.06343 0.0564274 -0.0414951 0.944219
 0.724656 0.630962 0.0581438 -0.0438969 0.549365
 0.491377 0.419806 0.0601869 -0.0462426 0.358569
 0.362588 0.304185 0.0625856 -0.0488889 0.255126
 0.276496 0.22787 0.0639312 -0.0504653 0.187673
 0.22016 0.178178 0.0648938 -0.0520649 0.143694
 0.178622 0.142214 0.06533 -0.0530213 0.112726
 0.146202 0.114639 0.0649963 -0.0531163 0.0897613
 0.125706 0.0969519 0.0669575 -0.0551678 0.0742525
 0.110196 0.0836956 0.0682819 -0.0568153 0.0631669
 0.0934906 0.0698994 0.0665175 -0.0558453 0.0516446
 0.08148 0.0600423 0.0649656 -0.0548799 0.0436155
 0.0726875 0.0528013 0.0650894 -0.0553366 0.0376809
 0.0646294 0.0462473 0.0638856 -0.0545896 0.0322957
 0.0572703 0.0404974 0.0619704 -0.0529727 0.0278371
 0.0502994 0.0350751 0.0585644 -0.0503646 0.0235589
 0.0455964 0.0312891 0.0574102 -0.0496855 0.0203319
 0.0421447 0.0286713 0.0567339 -0.0491041 0.0186151
 0.037502 0.0251426 0.0538128 -0.0466157 0.0157696
 0.034244 0.0227031 0.0506056 -0.0438927 0.013999
 0.0312736 0.0204741 0.0491389 -0.0427476 0.0122732
 0.0289156 0.0188082 0.0461249 -0.0401908 0.0112836
 0.0261075 0.0166944 0.0428129 -0.0374088 0.00952231
 0.0249974 0.0158821 0.0421828 -0.0367976 0.00894787
 0.0228332 0.0142844 0.0401778 -0.0351338 0.00774525
 0.021085 0.0131421 0.0374219 -0.0326197 0.00707712
 0.0194283 0.0119691 0.034874 -0.0302904 0.00614058
 0.0180683 0.0111071 0.0324717 -0.0284621 0.00576444
 0.0171297 0.0104754 0.0312201 -0.0271758 0.00529576
 0.0159163 0.00965144 0.0290205 -0.0252991 0.00465876
 0.0151159 0.00916894 0.0270617 -0.0234008 0.00441487
 0.0142071 0.00869062 0.0254981 -0.0222066 0.00426524
 0.0133798 0.00812744 0.0242779 -0.0210385 0.00382391
 0.0127656 0.00773431 0.0226576 -0.0196634 0.00364093
 0.0122633 0.00747994 0.0215066 -0.0184433 0.00362021
 0.0114457 0.00683262 0.01928 -0.0169124 0.00318538
 0.0110939 0.00649 0.0190645 -0.0165762 0.00277144
 0.0105852 0.00611236 0.0177188 -0.0153073 0.00268199
 0.0101284 0.00577304 0.0166513 -0.0144798 0.00247762
 0.00970544 0.00535458 0.0153078 -0.0132861 0.0021397
 0.00948375 0.00519356 0.0137755 -0.0120916 0.00217663
 0.00910075 0.00483452 0.0128617 -0.0113885 0.00189924
 0.00879744 0.00449059 0.0119239 -0.0104528 0.00160595
 0.00843619 0.00421306 0.0109866 -0.00957863 0.00152362
 0.00824363 0.00397771 0.0104777 -0.00913244 0.00130217
 0.00789087 0.0037114 0.0089945 -0.00796038 0.00123225
 0.00771988 0.00355211 0.00830494 -0.0072255 0.00122568
 0.00753825 0.00337028 0.00769125 -0.00667044 0.00106302
 0.00729431 0.00318517 0.00718563 -0.00610481 0.000985119
 0.00715125 0.00295898 0.00622084 -0.00518412 0.000802013
 0.00706588 0.00286366 0.00546144 -0.00459584 0.000813331
 0.00682469 0.00271984 0.00462584 -0.00384971 0.000766913
 0.00668094 0.00265891 0.00430115 -0.00356006 0.000784719
 0.00645594 0.00249827 0.00386105 -0.00317598 0.000718937
 0.00635912 0.00242134 0.00310518 -0.00246602 0.000739506
 0.00623931 0.00231306 0.00316367 -0.00252885 0.000651725
 0.0061772 0.00228533 0.00237079 -0.00183251 0.000712356
 0.00590236 0.00213009 0.00201733 -0.00158878 0.000609953
 0.00569961 0.00199905 0.00164877 -0.00119227 0.000564432
 0.00575991 0.00201094 0.00133704 -0.000968963 0.000613489
 0.00553373 0.00192872 0.00122837 -0.000903213 0.00058796
 0.00530147 0.00179879 0.000923569 -0.000595022 0.000523047
 0.00519401 0.00174078 0.000561172 -0.000254824 0.000518587
 0.00508978 0.00168729 0.000300577 -2.05018e-05 0.000494133
 0.00485407 0.001595 0.000314559 -7.23969e-05 0.000461664
 0.00480136 0.00154995 -0.000124398 0.000298982 0.000461643
 0.00456347 0.00145991 -5.98119e-05 0.000234628 0.000431371
 0.00443187 0.00143088 -0.000171483 0.000324374 0.000450274
 0.0042407 0.00134741 -0.000189378 0.000379987 0.000414457
 0.00408696 0.00128778 -0.000340369 0.000427696 0.000398282
 0.00394194 0.00123235 -0.000410348 0.000506718 0.000386765
 0.00373111 0.00115567 -0.000394984 0.000461782 0.000360132
 0.0035447 0.00110129 -0.000395825 0.000439403 0.000347832
 0.003452 0.00107337 -0.000363054 0.000420938 0.000342929
 0.00322271 0.000988312 -0.000404337 0.000449367 0.000306204
 0 0 0 0 0
 0 0 0 0 0
 0 0 0 0 0
 0 0 0 0 0
 0 0 0 0 0
 0 0 0 0 0
 0 0 0 0 0
 0 0 0 0 0
 0 0 0 0 0
 0 0 0 0 0
 0 0 0 0 0
 0 0 0 0 0
 0 0 0 0 0
 0 0 0 0 0
 0 0 0 0 0
 0 0 0 0 0
 0 0 0 0 0
 0 0 0 0 0
 0 0 0 0 0
 0 0 0 0 0
 0 0 0 0 0
 0 0 0 0 0
 0 0 0 0 0
 0 0 0 0 0
 0 0 0 0 0
 0 0 0 0 0
 0 0 0 0 0
 0 0 0 0 0
 0 0 0 0 0
 0 0 0 0 0
 0 0 0 0 0
 0 0 0 0 0
 0 0 0 0 0
 0 0 0 0 0
 0 0 0 0 0
 0 0 0 0 0
 0 0 0 0 0
 0 0 0 0 0
 0 0 0 0 0
 0 0 0 0 0
 0 0 0 0 0
 0 0 0 0 0
 0 0 0 0 0
 0 0 0 0 0
 0 0 0 0 0
 0 0 0 0 0
 2.30423 2.09794 0.0476049 -0.0337544 1.9104
 1.13496 1.01322 0.0498416 -0.0362036 0.904719
 0.704256 0.616788 0.0539009 -0.0401155 0.540312
 0.473709 0.407199 0.0549324 -0.0417084 0.349956
 0.348783 0.29452 0.0576112 -0.0445726 0.248668
 0.269633 0.223839 0.0590791 -0.0464905 0.185918
 0.215338 0.175708 0.0619464 -0.0495713 0.143219
 0.174991 0.140371 0.0625762 -0.0506077 0.112351
 0.148277 0.117029 0.0647888 -0.0528613 0.0920656
 0.125101 0.0971469 0.0651213 -0.053761 0.0749969
 0.106236 0.0812963 0.0643419 -0.0537321 0.0618925
 0.09164 0.06906 0.0640381 -0.0537702 0.0514892
 0.0790087 0.0587653 0.0619547 -0.0521368 0.0432341
 0.071195 0.0521374 0.0626619 -0.0533258 0.0375871
 0.0628975 0.0453718 0.0622551 -0.0534224 0.0319707
 0.0560136 0.0399486 0.0606599 -0.0518949 0.0278829
 0.0491654 0.0345547 0.0572851 -0.0492801 0.0235955
 0.0451202 0.0312466 0.0572521 -0.0494497 0.0208042
 0.0414798 0.0283471 0.0562946 -0.0487939 0.0184417
 0.0366954 0.0248049 0.0523255 -0.0455549 0.0158504
 0.0344773 0.0230864 0.0513395 -0.0446389 0.0145707
 0.0310932 0.0205604 0.0487554 -0.0426056 0.0127352
 0.0282836 0.0184278 0.0456874 -0.0399486 0.0109912
 0.0264901 0.01714 0.0444147 -0.0389048 0.0101765
 0.0242023 0.0154172 0.0417473 -0.0366621 0.0087205
 0.0225513 0.0142968 0.0394776 -0.0346172 0.00810606
 0.0208922 0.0130351 0.0379643 -0.0333356 0.00707031
 0.0196491 0.0122212 0.0358151 -0.031292 0.0066075
 0.0181741 0.011193 0.0331441 -0.0289529 0.00584976
 0.0170171 0.0104106 0.0314215 -0.027555 0.00533454
 0.0159543 0.00973056 0.0290489 -0.0254896 0.00489483
 0.0148976 0.00914331 0.0272039 -0.0239061 0.00470722
 0.0141961 0.00868244 0.0260402 -0.0227441 0.00427502
 0.0132636 0.00807575 0.0244586 -0.0214739 0.00390173
 0.0125554 0.00767562 0.0230838 -0.0201353 0.00375551
 0.0120061 0.00726575 0.0215334 -0.0188608 0.00347001
 0.0113698 0.00681869 0.0199966 -0.0175207 0.00318911
 0.0111181 0.00651081 0.0192737 -0.0170446 0.00285004
 0.0103759 0.00607364 0.0180594 -0.0157681 0.00274268
 0.00993362 0.00561184 0.0169387 -0.0147203 0.00226339
 0.00972538 0.00552014 0.0158201 -0.0137311 0.00245276
 0.009294 0.00508399 0.0142508 -0.0125812 0.00214404
 0.00889194 0.00473169 0.0131651 -0.011445 0.00181189
 0.00870269 0.00447898 0.0122254 -0.0107906 0.00164394
 0.00851431 0.00428204 0.0111325 -0.00983913 0.00158507
 0.00803119 0.00397251 0.0101929 -0.00899956 0.0014935
 0.00789781 0.00376324 0.00981306 -0.00853137 0.0012699
 0.00765963 0.00355472 0.008495 -0.00732675 0.00112631
 0.00752438 0.00344669 0.00753025 -0.00653787 0.00118465
 0.00728544 0.0032422 0.00709956 -0.00610408 0.00107479
 0.00707369 0.00305968 0.006475 -0.00545472 0.000963138
 0.0069065 0.00288623 0.00530789 -0.00447277 0.000876787
 0.00677094 0.00277704 0.00554273 -0.00480123 0.000832125
 0.00651619 0.00265242 0.00458703 -0.00379534 0.00085525
 0.00640012 0.00251554 0.00368554 -0.00300846 0.000760412
 0.00638919 0.00247889 0.00314579 -0.00259894 0.000787875
 0.00619581 0.00233726 0.00314295 -0.00246558 0.000680406
 0.00595876 0.0022556 0.00248298 -0.00194037 0.0007228
 0.00588977 0.00217008 0.00193997 -0.00156327 0.000677781
 0.00574019 0.00207047 0.00194794 -0.00149093 0.000605011
 0.00566257 0.00202804 0.0017784 -0.00133742 0.000638313
 0.00549859 0.00194679 0.00129139 -0.000884844 0.000618851
 0.00525705 0.00181009 0.000849494 -0.000587476 0.000548205
 0.00515221 0.00177392 0.00053846 -0.000246194 0.000552914
 0.00494881 0.00167139 0.000451956 -0.000149628 0.000506264
 0.00493131 0.00166549 0.000345064 -6.11014e-05 0.000544788
 0.00469863 0.00156992 -1.70836e-05 0.00017554 0.000496531
 0.00448836 0.00148178 5.82604e-05 0.000122056 0.000463391
 0.0043486 0.00142589 -0.000105503 0.000265408 0.000452732
 0.00420009 0.00137311 -0.000195492 0.000318273 0.000444709
 0.00405644 0.0013126 -0.000248246 0.000365746 0.000412317
 0.00388244 0.00124844 -0.000301579 0.000370523 0.000407045
 0.00371713 0.00118463 -0.000306281 0.000389829 0.000377484
 0.0035929 0.00113429 -0.000351216 0.0004136 0.000358043
 0.00341856 0.00107669 -0.000351252 0.000404709 0.000343887
 0 0 0 0 0
 0 0 0 0 0
 0 0 0 0 0
 0 0 0 0 0
 0 0 0 0 0
 0 0 0 0 0
 0 0 0 0 0
 0 0 0 0 0
 0 0 0 0 0
 0 0 0 0 0
 0 0 0 0 0
 0 0 0 0 0
 0 0 0 0 0
 0 0 0 0 0
 0 0 0 0 0
 0 0 0 0 0
 0 0 0 0 0
 0 0 0 0 0
 0 0 0 0 0
 0 0 0 0 0
 0 0 0 0 0
 0 0 0 0 0
 0 0 0 0 0
 0 0 0 0 0
 0 0 0 0 0
 0 0 0 0 0
 0 0 0 0 0
 0 0 0 0 0
 0 0 0 0 0
 0 0 0 0 0
 0 0 0 0 0
 0 0 0 0 0
 0 0 0 0 0
 0 0 0 0 0
 0 0 0 0 0
 0 0 0 0 0
 0 0 0 0 0
 0 0 0 0 0
 0 0 0 0 0
 0 0 0 0 0
 0 0 0 0 0
 0 0 0 0 0
 0 0 0 0 0
 0 0 0 0 0
 0 0 0 0 0
 0 0 0 0 0
 0 0 0 0 0
 2.24603 2.05416 0.0428676 -0.0293846 1.87916
 1.09601 0.983212 0.0453572 -0.0323053 0.882331
 0.68115 0.599777 0.0486363 -0.0356001 0.528262
 0.453521 0.392334 0.0501244 -0.0375449 0.339642
 0.330804 0.281089 0.0524204 -0.0399739 0.238989
 0.255716 0.213627 0.0547394 -0.0428421 0.178541
 0.202769 0.16652 0.0560579 -0.0445924 0.136835
 0.165349 0.133616 0.0573533 -0.0461882 0.107969
 0.138214 0.109838 0.0588511 -0.0478181 0.0870919
 0.118864 0.0930669 0.0595474 -0.0490614 0.0727656
 0.102212 0.0787406 0.0601275 -0.0502059 0.0603331
 0.0891519 0.0676306 0.0607984 -0.0509262 0.0507905
 0.0780313 0.0584385 0.0608569 -0.0512747 0.0434341
 0.0679894 0.0501647 0.0591231 -0.0502562 0.0364851
 0.0602661 0.0438806 0.0581476 -0.0496373 0.0315331
 0.0545011 0.0391328 0.0577824 -0.0498087 0.0275465
 0.0486634 0.0344445 0.056383 -0.0486147 0.0237388
 0.0444366 0.0310978 0.0560026 -0.0485781 0.0211497
 0.0398678 0.0274974 0.0534145 -0.0464568 0.0182366
 0.0369087 0.0251891 0.0523294 -0.0456177 0.0165569
 0.0336291 0.0226088 0.0505672 -0.0442399 0.0144184
 0.0301715 0.0201126 0.0476484 -0.041604 0.0126496
 0.0283194 0.0186078 0.0460717 -0.0404161 0.0113528
 0.026468 0.0171889 0.0447831 -0.0391578 0.0102271
 0.0238789 0.0152949 0.040897 -0.0360653 0.00881388
 0.0226128 0.0144081 0.0402651 -0.0353459 0.00830681
 0.0208836 0.0132032 0.0378571 -0.0333153 0.00755531
 0.0191966 0.0120027 0.0353061 -0.0310466 0.006615
 0.0180642 0.0111318 0.0334109 -0.0293923 0.00581756
 0.0169662 0.0103967 0.0313738 -0.0275316 0.00535648
 0.0157459 0.00964606 0.0294808 -0.0259167 0.00495494
 0.0148826 0.00906588 0.0276179 -0.0242828 0.00457044
 0.0137699 0.00840175 0.0253378 -0.0223019 0.00422945
 0.0133731 0.008185 0.0249546 -0.0218046 0.0040906
 0.0124313 0.00764387 0.0228949 -0.0200985 0.00393334
 0.0119362 0.00726013 0.0218354 -0.0193401 0.00355278
 0.0112611 0.00673094 0.0204926 -0.0179949 0.00312917
 0.0107089 0.00625919 0.0189761 -0.0167226 0.00271041
 0.0104386 0.00617602 0.0181968 -0.0160651 0.00291778
 0.009896 0.00567167 0.0167594 -0.0147576 0.00250601
 0.00960094 0.0053821 0.0161482 -0.0141606 0.0022194
 0.00922931 0.00506998 0.0149259 -0.0131262 0.00203637
 0.00880869 0.00473807 0.0131676 -0.0115734 0.00190866
 0.00835819 0.00434619 0.0120676 -0.0106175 0.00164116
 0.00819888 0.00412521 0.0113088 -0.00987788 0.00148388
 0.00792619 0.00395565 0.010139 -0.00887781 0.00141169
 0.00776619 0.00375666 0.00968613 -0.00851231 0.00133005
 0.00758306 0.00360039 0.00866744 -0.00765669 0.0012495
 0.00721394 0.00329295 0.00732981 -0.00641731 0.0010975
 0.00714656 0.00321098 0.00719087 -0.00603515 0.00103415
 0.00691919 0.00307765 0.00630206 -0.00544944 0.00106753
 0.00679969 0.00288419 0.00575723 -0.00489004 0.000889875
 0.00649462 0.00271032 0.00510022 -0.00430677 0.000873881
 0.00643912 0.00264014 0.00467169 -0.00395109 0.000822813
 0.00641694 0.00257427 0.00374575 -0.00314846 0.000794438
 0.00616206 0.00245725 0.00329246 -0.00273098 0.000782137
 0.00604202 0.00234179 0.00291708 -0.00242756 0.000749413
 0.00591064 0.0022311 0.00238884 -0.00188629 0.000701031
 0.00585255 0.00219781 0.00235348 -0.00183626 0.000711231
 0.00555758 0.00206067 0.00209655 -0.00161992 0.000634463
 0.00540496 0.00196764 0.00168887 -0.00130916 0.000614023
 0.0053628 0.00192295 0.00130736 -0.000913131 0.000600576
 0.00521616 0.00185584 0.00100224 -0.000717775 0.000613979
 0.00513805 0.00179007 0.000572332 -0.000359798 0.000543288
 0.00497358 0.00171879 0.000605147 -0.000323066 0.000550436
 0.00482434 0.00165139 0.000304088 -8.93088e-05 0.000526757
 0.00468487 0.00159513 0.000206436 4.72704e-06 0.000512181
 0.00445873 0.00150285 2.27239e-06 0.00016715 0.000491484
 0.00436857 0.00145569 2.18953e-05 0.000166339 0.000466212
 0.00413447 0.00137264 -8.534e-05 0.000209078 0.000445143
 0.00404949 0.00133031 -0.000228692 0.000341724 0.000431617
 0.00387966 0.00127041 -0.000233853 0.000345593 0.000415296
 0.00370527 0.00120277 -0.000245612 0.000336938 0.00039264
 0.00350771 0.00113866 -0.000255718 0.000325463 0.000378025
 0 0 0 0 0
 0 0 0 0 0
 0 0 0 0 0
 0 0 0 0 0
 0 0 0 0 0
 0 0 0 0 0
 0 0 0 0 0
 0 0 0 0 0
 0 0 0 0 0
 0 0 0 0 0
 0 0 0 0 0
 0 0 0 0 0
 0 0 0 0 0
 0 0 0 0 0
 0 0 0 0 0
 0 0 0 0 0
 0 0 0 0 0
 0 0 0 0 0
 0 0 0 0 0
 0 0 0 0 0
 0 0 0 0 0
 0 0 0 0 0
 0 0 0 0 0
 0 0 0 0 0
 0 0 0 0 0
 0 0 0 0 0
 0 0 0 0 0
 0 0 0 0 0
 0 0 0 0 0
 0 0 0 0 0
 0 0 0 0 0
 0 0 0 0 0
 0 0 0 0 0
 0 0 0 0 0
 0 0 0 0 0
 0 0 0 0 0
 0 0 0 0 0
 0 0 0 0 0
 0 0 0 0 0
 0 0 0 0 0
 0 0 0 0 0
 0 0 0 0 0
 0 0 0 0 0
 0 0 0 0 0
 0 0 0 0 0
 0 0 0 0 0
 0 0 0 0 0
 0 0 0 0 0
 2.25297 2.06886 0.0393421 -0.0262999 1.90052
 1.0795 0.972944 0.0414896 -0.0285915 0.877269
 0.6284 0.556194 0.0424865 -0.0302138 0.49267
 0.447373 0.388999 0.0466784 -0.0342505 0.338401
 0.318039 0.271828 0.0476977 -0.0359188 0.232576
 0.245002 0.205927 0.0498051 -0.0383111 0.173299
 0.199236 0.16467 0.0531691 -0.0417756 0.136208
 0.162731 0.132306 0.0541674 -0.0433402 0.107564
 0.131087 0.104954 0.0541124 -0.0439416 0.0841156
 0.115114 0.0907469 0.0567408 -0.0466388 0.0714687
 0.0987962 0.0766894 0.0575624 -0.0478553 0.0594319
 0.085395 0.0653338 0.0569537 -0.0477309 0.0498012
 0.0761156 0.0573069 0.0579253 -0.0488702 0.0427767
 0.0682512 0.0507163 0.058472 -0.0496925 0.0373176
 0.0595133 0.0436138 0.0573336 -0.0490396 0.0315282
 0.0536971 0.0388214 0.0560841 -0.0482442 0.0276326
 0.0475416 0.0338839 0.0546578 -0.0472366 0.0236692
 0.0432026 0.0304212 0.0537763 -0.0466812 0.0208666
 0.0394812 0.0274849 0.0539826 -0.0470178 0.0186574
 0.0361404 0.0248627 0.0508619 -0.0442551 0.0165869
 0.0327631 0.0222749 0.0486303 -0.0424694 0.0145676
 0.0302694 0.0203107 0.0474396 -0.0416135 0.0129391
 0.0279111 0.0184409 0.0456594 -0.0401159 0.0113503
 0.0259176 0.0169482 0.0440273 -0.0388969 0.0102597
 0.0238558 0.0154314 0.0413042 -0.0363977 0.00919338
 0.0223307 0.0143214 0.0400851 -0.0353034 0.00841125
 0.0205692 0.0130644 0.0377415 -0.033319 0.00751494
 0.0191941 0.0120524 0.0355052 -0.0311625 0.00671637
 0.0182024 0.011371 0.033758 -0.0298191 0.00630656
 0.0168221 0.0104164 0.0314279 -0.0277134 0.00564878
 0.0156086 0.0095865 0.0296532 -0.0262189 0.00505199
 0.0147624 0.00907769 0.0278035 -0.0245599 0.00477301
 0.0136698 0.0084235 0.0261198 -0.0231077 0.00443072
 0.0130145 0.00796612 0.0245176 -0.0215704 0.00401745
 0.0125174 0.00766475 0.0239754 -0.0210217 0.00387991
 0.0118629 0.00718894 0.0219832 -0.0194887 0.00355441
 0.0112676 0.0067745 0.0207371 -0.0183156 0.00324112
 0.0105761 0.00631363 0.0187306 -0.0165064 0.00299543
 0.0101796 0.00604064 0.0182492 -0.0161697 0.0029265
 0.00982631 0.00572059 0.0169949 -0.0150486 0.00266084
 0.00939869 0.00528162 0.0154217 -0.0136186 0.00224189
 0.00912275 0.00515586 0.015002 -0.0133599 0.00233998
 0.0087595 0.00472531 0.0138566 -0.0122844 0.00188812
 0.00845744 0.00445996 0.0123504 -0.0110054 0.00175532
 0.00821375 0.0043131 0.0121221 -0.0106659 0.00181493
 0.0078565 0.00394374 0.0104576 -0.00932775 0.00148576
 0.00755625 0.00369339 0.00981825 -0.00861637 0.00127608
 0.0074985 0.00365055 0.008798 -0.00769406 0.00139945
 0.00714388 0.00334828 0.00795256 -0.00693325 0.00115524
 0.00701019 0.00318353 0.00690987 -0.00594687 0.00106884
 0.006861 0.00306653 0.00648544 -0.00566386 0.00105026
 0.00664131 0.00289987 0.00579353 -0.00503872 0.000964056
 0.00647556 0.0027516 0.00545092 -0.00469653 0.0008665
 0.00640763 0.00266579 0.00470606 -0.00410306 0.000847575
 0.00620704 0.00252462 0.0039535 -0.00330771 0.000822706
 0.00622752 0.00251376 0.00357469 -0.0029868 0.000823944
 0.00593738 0.00235904 0.00298383 -0.00254016 0.000767456
 0.00576744 0.00223791 0.00283425 -0.0022713 0.000718381
 0.00562941 0.00213749 0.00214191 -0.00161912 0.000658938
 0.00556809 0.00209778 0.00179198 -0.00142349 0.000704769
 0.00543958 0.00202651 0.00179214 -0.00139784 0.000658087
 0.0053102 0.00195231 0.00129994 -0.000926013 0.000660062
 0.00514211 0.00187214 0.00109796 -0.0008096 0.000617966
 0.00493327 0.00176461 0.000878656 -0.000583693 0.000569708
 0.00485017 0.00172864 0.000517868 -0.000285577 0.000582038
 0.0047526 0.00166705 0.000479283 -0.000189393 0.000559533
 0.00450989 0.00158063 0.000277842 -9.98787e-05 0.000541791
 0.00439487 0.00151654 0.000187036 5.89096e-06 0.000511931
 0.00418091 0.00142934 0.000114336 4.03399e-05 0.000475756
 0.00410546 0.00139725 -0.000160491 0.000261679 0.000479309
 0.00394136 0.00132631 -7.36463e-05 0.000177727 0.000446858
 0.00378657 0.00126943 -0.000137958 0.000248041 0.000427793
 0.00367779 0.00121874 -0.000219044 0.000289437 0.000399419
 0 0 0 0 0
 0 0 0 0 0
 0 0 0 0 0
 0 0 0 0 0
 0 0 0 0 0
 0 0 0 0 0
 0 0 0 0 0
 0 0 0 0 0
 0 0 0 0 0
 0 0 0 0 0
 0 0 0 0 0
 0 0 0 0 0
 0 0 0 0 0
 0 0 0 0 0
 0 0 0 0 0
 0 0 0 0 0
 0 0 0 0 0
 0 0 0 0 0
 0 0 0 0 0
 0 0 0 0 0
 0 0 0 0 0
 0 0 0 0 0
 0 0 0 0 0
 0 0 0 0 0
 0 0 0 0 0
 0 0 0 0 0
 0 0 0 0 0
 0 0 0 0 0
 0 0 0 0 0
 0 0 0 0 0
 0 0 0 0 0
 0 0 0 0 0
 0 0 0 0 0
 0 0 0 0 0
 0 0 0 0 0
 0 0 0 0 0
 0 0 0 0 0
 0 0 0 0 0
 0 0 0 0 0
 0 0 0 0 0
 0 0 0 0 0
 0 0 0 0 0
 0 0 0 0 0
 0 0 0 0 0
 0 0 0 0 0
 0 0 0 0 0
 0 0 0 0 0
 0 0 0 0 0
 0 0 0 0 0
 2.19976 2.02758 0.0353931 -0.022849 1.86946
 1.01961 0.923131 0.0363915 -0.0244018 0.836544
 0.619267 0.550813 0.0388938 -0.0272435 0.490478
 0.415441 0.36315 0.0407576 -0.0295388 0.317805
 0.307264 0.264113 0.0436432 -0.0324829 0.227346
 0.236596 0.20005 0.0458788 -0.0350354 0.169496
 0.186738 0.155423 0.0472584 -0.0367878 0.129788
 0.15499 0.126876 0.0499232 -0.0395401 0.104102
 0.131393 0.105869 0.0519249 -0.0420089 0.0853788
 0.1117 0.0887381 0.0530932 -0.0434714 0.0706337
 0.0949831 0.0742413 0.0532386 -0.0440043 0.058036
 0.0840038 0.0647544 0.0548446 -0.0458373 0.0499124
 0.0725512 0.0550626 0.0539771 -0.0454591 0.0415516
 0.06615 0.0496117 0.0558162 -0.0473836 0.0371414
 0.0582376 0.0429897 0.0544577 -0.0465152 0.0314281
 0.052537 0.0382689 0.0547055 -0.0471609 0.0276431
 0.0466569 0.0334721 0.0534018 -0.0462144 0.0235002
 0.0427417 0.0303129 0.0530213 -0.0461533 0.0210513
 0.0383769 0.0268354 0.0512636 -0.0444717 0.0182458
 0.0354439 0.0244804 0.0498336 -0.0434967 0.0163132
 0.032068 0.0219413 0.0476537 -0.0417262 0.0144901
 0.0298759 0.0201212 0.0467336 -0.0411487 0.0129194
 0.0273977 0.0182926 0.0449954 -0.0396573 0.0116312
 0.0254259 0.0167082 0.0434377 -0.0383514 0.0102704
 0.0232678 0.0151249 0.0410296 -0.0362308 0.00909706
 0.0217406 0.0139976 0.0397111 -0.0352308 0.00832269
 0.0203882 0.0129126 0.0378648 -0.0336491 0.00727537
 0.0193018 0.0122024 0.0361146 -0.0320282 0.00698663
 0.0180424 0.0112705 0.0346619 -0.0308038 0.00627194
 0.0164186 0.0101808 0.0316826 -0.0280641 0.00552833
 0.0155656 0.00964112 0.0299517 -0.0264088 0.00526466
 0.014746 0.00901225 0.028213 -0.025044 0.00466516
 0.0139354 0.00859231 0.026727 -0.0236361 0.00455787
 0.0129641 0.00800287 0.0248328 -0.0220318 0.00426557
 0.0123255 0.00757212 0.0233326 -0.0206323 0.00389109
 0.0116765 0.00711256 0.0222092 -0.0198095 0.00359404
 0.0109794 0.0065835 0.0205017 -0.0182667 0.00313102
 0.0105348 0.00632456 0.0193674 -0.0172514 0.00303077
 0.0101016 0.00599574 0.0181212 -0.0161703 0.00287702
 0.00980213 0.00579266 0.0172638 -0.0154254 0.00289534
 0.0093925 0.00541659 0.0154945 -0.0137638 0.00252095
 0.00882119 0.00491657 0.014759 -0.0131902 0.00214304
 0.00863156 0.00471119 0.0138696 -0.0123484 0.00200811
 0.00824369 0.00441941 0.0127494 -0.0113629 0.00185206
 0.00803919 0.00424485 0.0113619 -0.0103373 0.00174069
 0.00775144 0.00396733 0.0106781 -0.00942719 0.00153656
 0.00753606 0.00378885 0.00978637 -0.00847731 0.00149301
 0.00734612 0.00363263 0.00909612 -0.00802825 0.00141756
 0.00703869 0.00339562 0.00805169 -0.00712169 0.00127436
 0.00686644 0.00318097 0.00725294 -0.00636269 0.00112578
 0.00676519 0.00314806 0.00710563 -0.00610395 0.00120527
 0.00661525 0.00293625 0.00590991 -0.00505679 0.00103269
 0.0064405 0.00277426 0.00497926 -0.00432038 0.000920437
 0.00618966 0.00265112 0.00471387 -0.00399043 0.000879831
 0.00603141 0.00250808 0.0038453 -0.00315756 0.000831837
 0.00604504 0.00246224 0.00389622 -0.00329433 0.00083245
 0.00588957 0.00236603 0.00318385 -0.00263029 0.000788169
 0.00581045 0.00231938 0.00253876 -0.00202031 0.000802819
 0.00564454 0.00220914 0.0023413 -0.00191113 0.000778588
 0.00546975 0.00212213 0.00213106 -0.00169752 0.000741
 0.00529118 0.00199781 0.00159189 -0.00125101 0.000654375
 0.00520717 0.00197144 0.00132204 -0.0010603 0.000695275
 0.00505935 0.00184079 0.00086735 -0.000611059 0.000589459
 0.00493619 0.00182121 0.000822388 -0.000586455 0.000632406
 0.004835 0.0017609 0.000621851 -0.000408668 0.000613475
 0.00459478 0.00168233 0.000576286 -0.000337917 0.000606166
 0.00455813 0.00161181 0.00023174 -2.70273e-05 0.000550881
 0.00436523 0.00154488 0.000218424 -9.96231e-05 0.000535965
 0.00422749 0.00147472 0.000131251 3.21332e-06 0.00051677
 0.00405023 0.00139843 2.30141e-05 0.000101131 0.000471923
 0.00392066 0.00135363 -2.45267e-05 0.000142068 0.000467174
 0.00385073 0.00131706 -5.66606e-05 0.00016815 0.000461642
 0 0 0 0 0
 0 0 0 0 0
 0 0 0 0 0
 0 0 0 0 0
 0 0 0 0 0
 0 0 0 0 0
 0 0 0 0 0
 0 0 0 0 0
 0 0 0 0 0
 0 0 0 0 0
 0 0 0 0 0
 0 0 0 0 0
 0 0 0 0 0
 0 0 0 0 0
 0 0 0 0 0
 0 0 0 0 0
 0 0 0 0 0
 0 0 0 0 0
 0 0 0 0 0
 0 0 0 0 0
 0 0 0 0 0
 0 0 0 0 0
 0 0 0 0 0
 0 0 0 0 0
 0 0 0 0 0
 0 0 0 0 0
 0 0 0 0 0
 0 0 0 0 0
 0 0 0 0 0
 0 0 0 0 0
 0 0 0 0 0
 0 0 0 0 0
 0 0 0 0 0
 0 0 0 0 0
 0 0 0 0 0
 0 0 0 0 0
 0 0 0 0 0
 0 0 0 0 0
 0 0 0 0 0
 0 0 0 0 0
 0 0 0 0 0
 0 0 0 0 0
 0 0 0 0 0
 0 0 0 0 0
 0 0 0 0 0
 0 0 0 0 0
 0 0 0 0 0
 0 0 0 0 0
 0 0 0 0 0
 0 0 0 0 0
 2.16097 1.99906 0.0312842 -0.0193629 1.85006
 1.01624 0.923563 0.0335759 -0.0220321 0.840038
 0.603631 0.539208 0.0352259 -0.0238082 0.482298
 0.408516 0.358849 0.0377668 -0.0266054 0.315781
 0.297189 0.25677 0.0397057 -0.0288958 0.222289
 0.223741 0.19015 0.0408392 -0.0306494 0.161867
 0.181534 0.151871 0.0439184 -0.0336391 0.127401
 0.149979 0.123509 0.0460055 -0.0359216 0.101973
 0.125584 0.101868 0.0475594 -0.0381149 0.0828269
 0.107521 0.0859456 0.0492395 -0.0399646 0.0689275
 0.09231 0.0727175 0.0502428 -0.0412662 0.0574693
 0.0822012 0.06374 0.0517712 -0.0429333 0.0494298
 0.0715444 0.0546356 0.0519495 -0.0436117 0.0415874
 0.0635937 0.0478855 0.0520865 -0.0440297 0.0358448
 0.0570771 0.0424465 0.0527962 -0.0449889 0.0314575
 0.0518726 0.0380335 0.0533677 -0.0458502 0.0276329
 0.0460702 0.0333392 0.0516436 -0.0446384 0.0238754
 0.0421406 0.0300661 0.0518351 -0.0450822 0.0210833
 0.0389411 0.0274678 0.0519174 -0.0452528 0.0190359
 0.0350164 0.0243363 0.0491667 -0.0431634 0.0164488
 0.0321053 0.0220849 0.0471493 -0.0415541 0.0147205
 0.0289221 0.0196741 0.0452108 -0.0398955 0.0129612
 0.0273932 0.0184376 0.0442601 -0.0391656 0.01195
 0.024896 0.0164836 0.042791 -0.0377884 0.0102853
 0.0236641 0.015545 0.0421001 -0.0372884 0.009619
 0.0213781 0.0139184 0.0388613 -0.0344794 0.00852294
 0.0201574 0.0130272 0.0371817 -0.0329454 0.007919
 0.0189479 0.0120616 0.0354656 -0.0314911 0.00701762
 0.0176892 0.011137 0.0335381 -0.0297317 0.006299
 0.0163683 0.0102508 0.0316367 -0.0282099 0.00582097
 0.0155881 0.00965175 0.0300896 -0.0267494 0.00525165
 0.0143516 0.00884812 0.0281551 -0.025046 0.00477404
 0.0136114 0.00833638 0.0268907 -0.0238768 0.00436448
 0.0129144 0.00792719 0.0255733 -0.0228129 0.00411999
 0.0121841 0.00745938 0.0235824 -0.0210243 0.00383344
 0.0116681 0.00718031 0.0224716 -0.0200836 0.0037834
 0.0109756 0.00670469 0.0205661 -0.0182866 0.00345229
 0.0104575 0.00635106 0.0197833 -0.0176752 0.00328419
 0.00991188 0.00592593 0.0184429 -0.016446 0.00294127
 0.00969206 0.0057426 0.0176024 -0.0155721 0.00276641
 0.0091055 0.00534218 0.0159961 -0.0140584 0.00267531
 0.0089015 0.00505196 0.0151179 -0.0133402 0.00235296
 0.00860694 0.00474531 0.0140296 -0.0123864 0.00206721
 0.0082365 0.00450981 0.0130122 -0.0116323 0.00200453
 0.0079725 0.00431086 0.011595 -0.0104013 0.00192082
 0.00756344 0.0039448 0.0112196 -0.010059 0.00159114
 0.007408 0.00375912 0.00963738 -0.00862375 0.00154458
 0.00722237 0.00351116 0.00847119 -0.0076275 0.00127139
 0.00693625 0.00338211 0.00800175 -0.00705475 0.00134284
 0.00678894 0.00322648 0.00745581 -0.006521 0.00123802
 0.006576 0.00298318 0.00641737 -0.00568401 0.000997475
 0.00639844 0.00289021 0.00589597 -0.00507252 0.00103532
 0.00637025 0.00279299 0.0055323 -0.00482144 0.00101713
 0.00616699 0.00268027 0.00459079 -0.00388657 0.000957881
 0.00605269 0.00257304 0.0039925 -0.00332967 0.000951163
 0.00587647 0.00244152 0.00359658 -0.00306276 0.000849963
 0.0057458 0.00236452 0.0032487 -0.00269666 0.000823925
 0.00560596 0.00222888 0.0028102 -0.00232834 0.000749725
 0.00544594 0.00212594 0.00233361 -0.00191541 0.000697306
 0.00538749 0.00213039 0.00193032 -0.00149234 0.0007534
 0.00522395 0.00203902 0.00165855 -0.00128983 0.000727475
 0.00515879 0.00197435 0.00162262 -0.00124402 0.000699175
 0.00491549 0.0018507 0.00108303 -0.000753375 0.000663537
 0.00491981 0.00183356 0.000977038 -0.000651031 0.000627581
 0.00471269 0.00174378 0.000711088 -0.000455141 0.000603428
 0.00454529 0.00165471 0.000524281 -0.000299149 0.000571432
 0.00448658 0.00162286 0.000412882 -0.000210301 0.000568178
 0.00430589 0.00155285 0.000308694 -0.000138724 0.000546754
 0.00417739 0.00147868 0.000179068 -2.12247e-05 0.000501035
 0.00394316 0.00138889 7.09131e-05 9.28588e-05 0.000488131
 0.00382444 0.00134101 1.47152e-05 0.000111843 0.000459881
 0 0 0 0 0
 0 0 0 0 0
 0 0 0 0 0
 0 0 0 0 0
 0 0 0 0 0
 0 0 0 0 0
 0 0 0 0 0
 0 0 0 0 0
 0 0 0 0 0
 0 0 0 0 0
 0 0 0 0 0
 0 0 0 0 0
 0 0 0 0 0
 0 0 0 0 0
 0 0 0 0 0
 0 0 0 0 0
 0 0 0 0 0
 0 0 0 0 0
 0 0 0 0 0
 0 0 0 0 0
 0 0 0 0 0
 0 0 0 0 0
 0 0 0 0 0
 0 0 0 0 0
 0 0 0 0 0
 0 0 0 0 0
 0 0 0 0 0
 0 0 0 0 0
 0 0 0 0 0
 0 0 0 0 0
 0 0 0 0 0
 0 0 0 0 0
 0 0 0 0 0
 0 0 0 0 0
 0 0 0 0 0
 0 0 0 0 0
 0 0 0 0 0
 0 0 0 0 0
 0 0 0 0 0
 0 0 0 0 0
 0 0 0 0 0
 0 0 0 0 0
 0 0 0 0 0
 0 0 0 0 0
 0 0 0 0 0
 0 0 0 0 0
 0 0 0 0 0
 0 0 0 0 0
 0 0 0 0 0
 0 0 0 0 0
 0 0 0 0 0
 2.22232 2.06252 0.0297303 -0.0176968 1.91511
 1.01012 0.921475 0.0309463 -0.0194298 0.841506
 0.583108 0.523058 0.0316272 -0.020859 0.469868
 0.395865 0.349387 0.0341439 -0.0233661 0.309061
 0.286357 0.248681 0.0358508 -0.0254164 0.216587
 0.224192 0.191579 0.0386756 -0.0282796 0.164217
 0.175418 0.147552 0.0400244 -0.030184 0.124471
 0.145071 0.120151 0.0422058 -0.0326604 0.0998144
 0.123362 0.100654 0.0449751 -0.0357561 0.0823813
 0.104682 0.0840881 0.0463044 -0.0371992 0.0677062
 0.0899588 0.0711738 0.0470938 -0.0384624 0.0564091
 0.0794056 0.0619366 0.0489004 -0.0404113 0.0483861
 0.0689087 0.0530301 0.0487949 -0.0408236 0.0408762
 0.0624006 0.0473492 0.0503861 -0.0425716 0.0359404
 0.0557331 0.0417781 0.0503792 -0.0429773 0.0312964
 0.0503101 0.0371691 0.0504143 -0.0432944 0.0273999
 0.0451121 0.0329469 0.049555 -0.0428827 0.0239717
 0.0415568 0.0298732 0.0493401 -0.0428358 0.0212319
 0.0372854 0.0264186 0.0488979 -0.0428051 0.0183247
 0.0346899 0.0243214 0.0478004 -0.0418464 0.0166884
 0.0312357 0.0216913 0.0454839 -0.0399944 0.0148047
 0.029174 0.0199963 0.0451831 -0.0398829 0.0133281
 0.0268844 0.0181332 0.0433787 -0.0383347 0.0116744
 0.0243496 0.0162506 0.0415191 -0.0367249 0.0103377
 0.0227791 0.0150603 0.039725 -0.0353534 0.00946806
 0.0211142 0.013795 0.0381583 -0.0338908 0.00847287
 0.0199877 0.0128838 0.0372576 -0.0331209 0.00763556
 0.0185872 0.0118806 0.0348765 -0.0311469 0.00698394
 0.0172099 0.010918 0.0331463 -0.0295056 0.00631219
 0.0162482 0.0101738 0.0319398 -0.0284048 0.00564921
 0.0154234 0.00968088 0.0298659 -0.0266757 0.0055403
 0.0144087 0.00885519 0.0287253 -0.0256821 0.00469669
 0.0134144 0.00827994 0.0262696 -0.0234279 0.00453116
 0.0125585 0.00774181 0.0248569 -0.0222147 0.00419614
 0.0120452 0.00738862 0.0231514 -0.0205867 0.00383428
 0.0115573 0.00722094 0.0222604 -0.0196878 0.00404126
 0.0108027 0.00654306 0.0208352 -0.0186556 0.0032954
 0.0102746 0.00618571 0.0198096 -0.0176197 0.00308147
 0.00999856 0.00596634 0.0188594 -0.0167479 0.00300844
 0.00952144 0.00564559 0.0174295 -0.0156217 0.00280988
 0.00911825 0.00530576 0.016345 -0.0145356 0.00254139
 0.00860656 0.00489908 0.0150103 -0.0134393 0.0021988
 0.00837687 0.00477451 0.0139304 -0.0125076 0.00228702
 0.00813481 0.00443564 0.0133174 -0.0119076 0.00194001
 0.00782169 0.00416686 0.0119426 -0.0106865 0.00179946
 0.00746425 0.00387278 0.0108945 -0.00973519 0.00156564
 0.00722237 0.00370049 0.00989169 -0.00883306 0.00152503
 0.00708606 0.00352607 0.009514 -0.00839075 0.00138678
 0.00679212 0.00333403 0.00808844 -0.00724987 0.00134123
 0.00673719 0.00323631 0.00745713 -0.00652931 0.00128338
 0.0065695 0.00308426 0.0068295 -0.00613261 0.00115131
 0.00631731 0.0028805 0.00589888 -0.00520553 0.00105176
 0.0062615 0.00278841 0.00530909 -0.00452794 0.000998188
 0.00602914 0.00267371 0.00480796 -0.00415388 0.00100712
 0.00589203 0.00251728 0.00431747 -0.00370685 0.000895781
 0.00582367 0.00247064 0.00354391 -0.00299307 0.000914925
 0.00557906 0.00233471 0.00311631 -0.00258812 0.000844962
 0.00547385 0.00223717 0.00247578 -0.00205876 0.000785444
 0.00539846 0.00219128 0.00235493 -0.00191879 0.000797819
 0.00527648 0.00212474 0.00204258 -0.00164749 0.000799525
 0.00516926 0.0020682 0.00193953 -0.00157619 0.000777388
 0.00491552 0.00191061 0.00152856 -0.00117543 0.000673188
 0.00492453 0.00188962 0.00125709 -0.000927531 0.000675344
 0.00473222 0.00180067 0.000910106 -0.000623936 0.000653419
 0.00472178 0.00177359 0.000867088 -0.000600195 0.000624501
 0.00452048 0.00170144 0.000648781 -0.000442076 0.000620157
 0.0044249 0.00163164 0.000650925 -0.000395826 0.000590338
 0.00430669 0.00157625 0.000411694 -0.000220518 0.000567601
 0.00412848 0.00149495 0.000211944 -0.000102845 0.000526496
 0.00394344 0.00141681 0.000152378 -2.80249e-05 0.000500091
 0 0 0 0 0
 0 0 0 0 0
 0 0 0 0 0
 0 0 0 0 0
 0 0 0 0 0
 0 0 0 0 0
 0 0 0 0 0
 0 0 0 0 0
 0 0 0 0 0
 0 0 0 0 0
 0 0 0 0 0
 0 0 0 0 0
 0 0 0 0 0
 0 0 0 0 0
 0 0 0 0 0
 0 0 0 0 0
 0 0 0 0 0
 0 0 0 0 0
 0 0 0 0 0
 0 0 0 0 0
 0 0 0 0 0
 0 0 0 0 0
 0 0 0 0 0
 0 0 0 0 0
 0 0 0 0 0
 0 0 0 0 0
 0 0 0 0 0
 0 0 0 0 0
 0 0 0 0 0
 0 0 0 0 0
 0 0 0 0 0
 0 0 0 0 0
 0 0 0 0 0
 0 0 0 0 0
 0 0 0 0 0
 0 0 0 0 0
 0 0 0 0 0
 0 0 0 0 0
 0 0 0 0 0
 0 0 0 0 0
 0 0 0 0 0
 0 0 0 0 0
 0 0 0 0 0
 0 0 0 0 0
 0 0 0 0 0
 0 0 0 0 0
 0 0 0 0 0
 0 0 0 0 0
 0 0 0 0 0
 0 0 0 0 0
 0 0 0 0 0
 0 0 0 0 0
 2.17277 2.0228 0.026329 -0.0147818 1.88426
 1.00229 0.917456 0.0281466 -0.0168669 0.840713
 0.588725 0.530168 0.0299089 -0.0188956 0.478286
 0.390265 0.345761 0.0311785 -0.0206776 0.307039
 0.280656 0.244709 0.0329021 -0.0227197 0.21395
 0.213126 0.183093 0.034433 -0.0246973 0.157919
 0.172296 0.145624 0.0371599 -0.0276025 0.123575
 0.14064 0.117151 0.0389845 -0.0298721 0.0980925
 0.119558 0.0981244 0.0411144 -0.0321194 0.0809581
 0.1011 0.08167 0.0422791 -0.0336228 0.0662056
 0.0862225 0.0687469 0.0431495 -0.0349723 0.0551548
 0.0764844 0.060027 0.0455536 -0.0374297 0.0472293
 0.0679581 0.0525941 0.0462473 -0.0384056 0.0407622
 0.0604083 0.0461275 0.0471639 -0.0396918 0.0352938
 0.0548402 0.0413098 0.0483318 -0.0411436 0.0311334
 0.0484186 0.0359344 0.047489 -0.0405872 0.026509
 0.0452074 0.0331508 0.0489766 -0.0423648 0.0241619
 0.0394764 0.0285912 0.0464557 -0.0403421 0.0205664
 0.0369724 0.0264263 0.0474646 -0.0413202 0.0186788
 0.0339878 0.0239398 0.0465738 -0.0407684 0.0164846
 0.0306709 0.0213932 0.0444733 -0.0390686 0.0145939
 0.0285651 0.0197293 0.0440743 -0.0389625 0.0133688
 0.0266648 0.0181309 0.0436424 -0.0385307 0.0118564
 0.0245113 0.0164921 0.0413575 -0.0366586 0.010663
 0.0227358 0.0151341 0.0394722 -0.0350301 0.00964825
 0.0209912 0.0137317 0.0381796 -0.0339793 0.00837769
 0.0196289 0.0127943 0.036282 -0.0323157 0.00788312
 0.0184034 0.0118449 0.0352893 -0.0315261 0.00710081
 0.0171681 0.0108913 0.0330468 -0.0294711 0.00625569
 0.0158247 0.00997244 0.0309192 -0.027651 0.00568771
 0.0152427 0.009609 0.0300082 -0.0268436 0.00559435
 0.014097 0.00873487 0.0277318 -0.0247417 0.00480041
 0.0134767 0.00835644 0.0266031 -0.0237546 0.00461353
 0.0125756 0.00772288 0.0249708 -0.022427 0.00412511
 0.0119738 0.00744756 0.0238866 -0.0213536 0.00414597
 0.011434 0.00704763 0.0225022 -0.0201654 0.00380534
 0.0107898 0.00654856 0.0210155 -0.0188869 0.00327812
 0.0103237 0.00629319 0.0201412 -0.0179965 0.00328551
 0.0096425 0.00578751 0.0183536 -0.0164241 0.00295226
 0.00945337 0.00563231 0.0175779 -0.0157748 0.00285853
 0.00897887 0.00525322 0.0163869 -0.0147562 0.00253976
 0.00857988 0.00492916 0.0152811 -0.0137077 0.00239254
 0.00825194 0.00473444 0.0141003 -0.0126182 0.00231559
 0.00795731 0.00437425 0.0130666 -0.0117547 0.00195691
 0.00768744 0.00417826 0.0120698 -0.0109811 0.00185506
 0.00750469 0.00401831 0.011253 -0.0100836 0.00179861
 0.00729394 0.00379941 0.0104958 -0.00924306 0.00164319
 0.00694994 0.00350884 0.009439 -0.00842112 0.00142594
 0.00671106 0.0033286 0.00834912 -0.00746775 0.00134961
 0.00647194 0.00313244 0.00736737 -0.0065065 0.00123079
 0.00642888 0.00302592 0.00666681 -0.00594623 0.00116212
 0.00633781 0.00294963 0.00613847 -0.00541748 0.00117244
 0.00606334 0.00274272 0.00503821 -0.00440127 0.00105446
 0.00593142 0.00266668 0.00472436 -0.00416993 0.00103814
 0.00581809 0.00256256 0.00451054 -0.0039351 0.000958944
 0.00566859 0.00241304 0.00348653 -0.00304211 0.000864669
 0.00556201 0.00233788 0.00333466 -0.00276994 0.000858131
 0.00535661 0.00222137 0.00293048 -0.00250589 0.0007934
 0.00534559 0.00220749 0.00241837 -0.00205951 0.000822656
 0.00519587 0.00209863 0.00212241 -0.00173131 0.000750488
 0.00498333 0.00201626 0.00185375 -0.00144549 0.000759231
 0.00489793 0.00192731 0.00156861 -0.00128022 0.000676206
 0.00480196 0.0018848 0.00126341 -0.000944681 0.000701156
 0.00464152 0.00179154 0.00110382 -0.000876513 0.000662087
 0.00462499 0.00176501 0.000875069 -0.000634056 0.000644569
 0.00447696 0.00170659 0.000649138 -0.000425356 0.00062875
 0.00434911 0.00163661 0.000558788 -0.000351012 0.000610403
 0.00417189 0.00155423 0.000423689 -0.000280667 0.000559781
 0.00396557 0.0014676 0.000275637 -0.000138517 0.00053164
 0 0 0 0 0
 0 0 0 0 0
 0 0 0 0 0
 0 0 0 0 0
 0 0 0 0 0
 0 0 0 0 0
 0 0 0 0 0
 0 0 0 0 0
 0 0 0 0 0
 0 0 0 0 0
 0 0 0 0 0
 0 0 0 0 0
 0 0 0 0 0
 0 0 0 0 0
 0 0 0 0 0
 0 0 0 0 0
 0 0 0 0 0
 0 0 0 0 0
 0 0 0 0 0
 0 0 0 0 0
 0 0 0 0 0
 0 0 0 0 0
 0 0 0 0 0
 0 0 0 0 0
 0 0 0 0 0
 0 0 0 0 0
 0 0 0 0 0
 0 0 0 0 0
 0 0 0 0 0
 0 0 0 0 0
 0 0 0 0 0
 0 0 0 0 0
 0 0 0 0 0
 0 0 0 0 0
 0 0 0 0 0
 0 0 0 0 0
 0 0 0 0 0
 0 0 0 0 0
 0 0 0 0 0
 0 0 0 0 0
 0 0 0 0 0
 0 0 0 0 0
 0 0 0 0 0
 0 0 0 0 0
 0 0 0 0 0
 0 0 0 0 0
 0 0 0 0 0
 0 0 0 0 0
 0 0 0 0 0
 0 0 0 0 0
 0 0 0 0 0
 0 0 0 0 0
 0 0 0 0 0
 2.25801 2.10801 0.0250627 -0.0133815 1.96902
 1.00676 0.924456 0.0258639 -0.0148045 0.849838
 0.580119 0.524188 0.0273671 -0.0165864 0.474529
 0.379718 0.337846 0.0286792 -0.0184444 0.301464
 0.275102 0.240997 0.0301184 -0.0201202 0.211949
 0.209795 0.181107 0.0320224 -0.0223484 0.15719
 0.163923 0.139342 0.0330134 -0.0240073 0.119049
 0.140095 0.117257 0.0366924 -0.0275821 0.0986325
 0.115827 0.0955981 0.0377108 -0.0291036 0.0795044
 0.100546 0.08173 0.0401897 -0.0316186 0.0668619
 0.0861075 0.0689475 0.0412636 -0.0330899 0.0554439
 0.075115 0.0593117 0.0424574 -0.0346999 0.0470712
 0.0668369 0.0520629 0.0443459 -0.0368219 0.0406994
 0.059782 0.0459244 0.0451993 -0.0378899 0.0354213
 0.0534271 0.0404966 0.0454971 -0.038486 0.0307627
 0.0480971 0.0359528 0.0462614 -0.0396608 0.0268688
 0.0436966 0.0322366 0.0461619 -0.0398071 0.0237167
 0.0401349 0.0291969 0.0467584 -0.040636 0.021043
 0.036721 0.026447 0.0455829 -0.0397319 0.0189417
 0.0332636 0.0235989 0.0451051 -0.0395558 0.0164837
 0.0301706 0.0211558 0.0437671 -0.0385513 0.0145678
 0.0283049 0.0196189 0.0436271 -0.0384754 0.0132989
 0.0265381 0.0181677 0.0427427 -0.0379174 0.0120542
 0.0237368 0.0160512 0.0400718 -0.0356401 0.0104652
 0.0225708 0.0151272 0.0396143 -0.0353041 0.00979888
 0.0205506 0.0135747 0.0373501 -0.0333857 0.00853113
 0.0193452 0.0126888 0.0362735 -0.0323117 0.00791431
 0.0183193 0.0119083 0.0346009 -0.0310229 0.00731794
 0.0170341 0.0109874 0.0330672 -0.0295606 0.00670181
 0.0159263 0.0101098 0.0311514 -0.027876 0.00591148
 0.0149958 0.00935262 0.0302176 -0.0271136 0.00519268
 0.0140596 0.00880412 0.0281044 -0.0251886 0.00501139
 0.0133619 0.00835244 0.0269001 -0.0240751 0.00478702
 0.0124819 0.00774106 0.0249526 -0.0224119 0.00425477
 0.0117268 0.00722556 0.0236272 -0.0211624 0.00390668
 0.0113335 0.00701869 0.0222144 -0.0199514 0.00382604
 0.0105598 0.00654088 0.0210104 -0.0189518 0.00363867
 0.0100588 0.00615516 0.0195806 -0.0176951 0.0032755
 0.00986094 0.00596666 0.018984 -0.017031 0.00311093
 0.009362 0.00563543 0.0176685 -0.0159672 0.00291909
 0.00892925 0.00516547 0.016716 -0.0149417 0.00246608
 0.00847788 0.0049634 0.0152681 -0.0138306 0.00245099
 0.00815256 0.00466518 0.0143326 -0.0129326 0.00224264
 0.00788006 0.00445323 0.0131983 -0.0118909 0.0021198
 0.007625 0.00411495 0.0119476 -0.0108161 0.00182615
 0.00734612 0.00397415 0.0111888 -0.0100801 0.00185161
 0.00704081 0.00376552 0.0103201 -0.00926363 0.00179461
 0.00680956 0.00345144 0.00910975 -0.00819144 0.00142851
 0.00662194 0.00337859 0.00860344 -0.00786006 0.0014756
 0.00658569 0.00324966 0.00797387 -0.00716287 0.00134475
 0.00639075 0.00310116 0.0069725 -0.0061389 0.0012922
 0.00605606 0.00283881 0.00629956 -0.0055565 0.00104436
 0.00593266 0.00271879 0.00505823 -0.00455394 0.00103637
 0.00590708 0.00270571 0.00476631 -0.00409636 0.00109338
 0.0057702 0.00256261 0.00452204 -0.00389953 0.0009741
 0.00550005 0.00242632 0.00399963 -0.00345173 0.000953075
 0.00536696 0.00233727 0.00317607 -0.00273124 0.0009088
 0.00531279 0.00224516 0.00303793 -0.00256215 0.000833213
 0.00519281 0.00216947 0.00253097 -0.00212024 0.000809862
 0.00509993 0.00210924 0.00210961 -0.00178784 0.000805225
 0.00500153 0.00204691 0.00173281 -0.00136178 0.000798825
 0.00476273 0.00191811 0.00151012 -0.00122474 0.000716762
 0.00477794 0.00192561 0.00149071 -0.00117629 0.000745506
 0.0045489 0.00179777 0.00117831 -0.000930406 0.000675375
 0.00444633 0.00173699 0.000968887 -0.000779894 0.00065375
 0.00445357 0.00172654 0.000675137 -0.000472781 0.000662494
 0.00420804 0.00162708 0.000606634 -0.000484542 0.000618848
 0.00409758 0.00154584 0.000484768 -0.000299645 0.000568413
 0 0 0 0 0
 0 0 0 0 0
 0 0 0 0 0
 0 0 0 0 0
 0 0 0 0 0
 0 0 0 0 0
 0 0 0 0 0
 0 0 0 0 0
 0 0 0 0 0
 0 0 0 0 0
 0 0 0 0 0
 0 0 0 0 0
 0 0 0 0 0
 0 0 0 0 0
 0 0 0 0 0
 0 0 0 0 0
 0 0 0 0 0
 0 0 0 0 0
 0 0 0 0 0
 0 0 0 0 0
 0 0 0 0 0
 0 0 0 0 0
 0 0 0 0 0
 0 0 0 0 0
 0 0 0 0 0
 0 0 0 0 0
 0 0 0 0 0
 0 0 0 0 0
 0 0 0 0 0
 0 0 0 0 0
 0 0 0 0 0
 0 0 0 0 0
 0 0 0 0 0
 0 0 0 0 0
 0 0 0 0 0
 0 0 0 0 0
 0 0 0 0 0
 0 0 0 0 0
 0 0 0 0 0
 0 0 0 0 0
 0 0 0 0 0
 0 0 0 0 0
 0 0 0 0 0
 0 0 0 0 0
 0 0 0 0 0
 0 0 0 0 0
 0 0 0 0 0
 0 0 0 0 0
 0 0 0 0 0
 0 0 0 0 0
 0 0 0 0 0
 0 0 0 0 0
 0 0 0 0 0
 0 0 0 0 0
 2.23996 2.09665 0.0225788 -0.0112996 1.96367
 0.991594 0.913312 0.0236362 -0.0128107 0.842275
 0.573123 0.519696 0.0248623 -0.0145146 0.472389
 0.373392 0.333532 0.0259716 -0.0158264 0.299004
 0.26541 0.233466 0.0269721 -0.0174675 0.206309
 0.203796 0.176606 0.0286502 -0.0194349 0.153813
 0.16324 0.139363 0.0309423 -0.0219053 0.119672
 0.13302 0.111874 0.0323832 -0.0238514 0.0946281
 0.112728 0.0934587 0.0350119 -0.0264563 0.0780975
 0.0964144 0.0788181 0.0364364 -0.0282852 0.0649262
 0.0834356 0.0673094 0.0376064 -0.02988 0.0547995
 0.0729763 0.0579699 0.0392343 -0.0317937 0.04639
 0.0652444 0.0510988 0.0413166 -0.0339623 0.0401865
 0.0580322 0.0448274 0.0423691 -0.0353815 0.0347827
 0.0514076 0.039143 0.0424162 -0.0357789 0.0298991
 0.0463478 0.0348259 0.0428951 -0.0367038 0.0261704
 0.043022 0.0319309 0.0442007 -0.0379618 0.0236851
 0.0391644 0.0286942 0.0440188 -0.0381147 0.0209475
 0.0361589 0.0262007 0.043825 -0.0380324 0.0188866
 0.031947 0.0227826 0.0426482 -0.0373458 0.0160465
 0.0297556 0.0210106 0.0422236 -0.0370858 0.0146992
 0.0275464 0.0192333 0.0413801 -0.0365016 0.0132034
 0.0257824 0.0177323 0.0415844 -0.0368667 0.0118816
 0.0237438 0.0161804 0.0400431 -0.0356046 0.0107692
 0.0216367 0.0145404 0.0374212 -0.0333944 0.00941469
 0.0203414 0.0134995 0.0369524 -0.0330743 0.00853419
 0.0193851 0.012757 0.0361391 -0.0323914 0.00798475
 0.0179942 0.0116956 0.0345133 -0.0309124 0.00717119
 0.0167692 0.0108348 0.0330087 -0.0297334 0.00660894
 0.0157764 0.0100661 0.0314003 -0.0281534 0.00595477
 0.0146219 0.00930675 0.0292852 -0.0262068 0.00552635
 0.0139714 0.00874631 0.0281093 -0.0252062 0.00493307
 0.0130709 0.00817837 0.0263822 -0.0236808 0.00467089
 0.0123987 0.00774775 0.0250944 -0.0226549 0.00442633
 0.0117799 0.00736363 0.0233333 -0.0209844 0.00418336
 0.0110736 0.00684819 0.0225903 -0.0203661 0.00376378
 0.010662 0.00659831 0.0212806 -0.0189819 0.00360628
 0.0102134 0.00626425 0.0198893 -0.0179967 0.0033705
 0.00941756 0.005752 0.0181468 -0.016369 0.00305638
 0.0091025 0.00553656 0.0173086 -0.0156726 0.00299663
 0.00893569 0.00527708 0.0164748 -0.0149313 0.00264849
 0.00845206 0.00500689 0.0154198 -0.0139806 0.00262096
 0.008015 0.00466951 0.0138732 -0.0125501 0.00239508
 0.0077705 0.00441292 0.0132059 -0.0118174 0.00220086
 0.00750675 0.00421333 0.0121336 -0.0110165 0.00207065
 0.00726044 0.00394081 0.0111669 -0.0102176 0.00181651
 0.00704425 0.00376509 0.0104757 -0.00952119 0.00177892
 0.00677188 0.00352239 0.00937525 -0.00834137 0.00152914
 0.00645931 0.00330058 0.008643 -0.007751 0.00142984
 0.0063415 0.00312486 0.00781756 -0.00700663 0.00124849
 0.0061081 0.00298813 0.00716531 -0.00633375 0.00121906
 0.00614546 0.00297565 0.00623561 -0.00550559 0.00129409
 0.00590505 0.00276414 0.00554046 -0.00488101 0.00108764
 0.00572427 0.0026726 0.00488268 -0.00425532 0.00106879
 0.00557928 0.00253007 0.0044485 -0.0038742 0.000993194
 0.00552253 0.00246849 0.00394592 -0.00341057 0.00097745
 0.00531482 0.00233596 0.00347997 -0.00293356 0.000909031
 0.00530783 0.00230087 0.00292603 -0.00237924 0.000906694
 0.00514526 0.00217858 0.00244096 -0.00205775 0.000832156
 0.00505072 0.00211834 0.00230942 -0.00194295 0.000811056
 0.00487649 0.00202321 0.00176173 -0.0014972 0.000772662
 0.00470177 0.00193144 0.00155502 -0.00127892 0.000734394
 0.00473371 0.00192003 0.00128891 -0.00101294 0.000754144
 0.00456511 0.00183416 0.0012311 -0.000957887 0.000705325
 0.00443456 0.00176281 0.000956394 -0.000723369 0.000678425
 0.004375 0.0017209 0.000778144 -0.000585046 0.000657869
 0.00419846 0.00164009 0.000608424 -0.000435642 0.000634706
 0 0 0 0 0
 0 0 0 0 0
 0 0 0 0 0
 0 0 0 0 0
 0 0 0 0 0
 0 0 0 0 0
 0 0 0 0 0
 0 0 0 0 0
 0 0 0 0 0
 0 0 0 0 0
 0 0 0 0 0
 0 0 0 0 0
 0 0 0 0 0
 0 0 0 0 0
 0 0 0 0 0
 0 0 0 0 0
 0 0 0 0 0
 0 0 0 0 0
 0 0 0 0 0
 0 0 0 0 0
 0 0 0 0 0
 0 0 0 0 0
 0 0 0 0 0
 0 0 0 0 0
 0 0 0 0 0
 0 0 0 0 0
 0 0 0 0 0
 0 0 0 0 0
 0 0 0 0 0
 0 0 0 0 0
 0 0 0 0 0
 0 0 0 0 0
 0 0 0 0 0
 0 0 0 0 0
 0 0 0 0 0
 0 0 0 0 0
 0 0 0 0 0
 0 0 0 0 0
 0 0 0 0 0
 0 0 0 0 0
 0 0 0 0 0
 0 0 0 0 0
 0 0 0 0 0
 0 0 0 0 0
 0 0 0 0 0
 0 0 0 0 0
 0 0 0 0 0
 0 0 0 0 0
 0 0 0 0 0
 0 0 0 0 0
 0 0 0 0 0
 0 0 0 0 0
 0 0 0 0 0
 0 0 0 0 0
 0 0 0 0 0
 2.35601 2.2108 0.0214757 -0.0102214 2.07587
 1.02384 0.945544 0.0224879 -0.0113907 0.874256
 0.580183 0.527622 0.023318 -0.0128627 0.480891
 0.369929 0.331368 0.0239074 -0.0141163 0.297796
 0.266568 0.235349 0.0253581 -0.0158239 0.208757
 0.202256 0.175907 0.0264251 -0.0174024 0.153807
 0.162763 0.139566 0.028609 -0.0196846 0.120494
 0.132245 0.111751 0.0304019 -0.0219276 0.0950825
 0.111491 0.0928531 0.0322169 -0.0239489 0.07784
 0.0951238 0.0781431 0.0333679 -0.0255303 0.0647138
 0.0832319 0.067405 0.0359431 -0.0282541 0.0550502
 0.0722156 0.0576863 0.0371156 -0.0297099 0.0464449
 0.0630256 0.0496039 0.0381836 -0.0311791 0.0392381
 0.0559516 0.0434642 0.039458 -0.0326469 0.0339834
 0.0514067 0.0394288 0.0407404 -0.0341198 0.0304151
 0.0465046 0.0351937 0.0419365 -0.0356321 0.0267915
 0.0419473 0.0313437 0.042349 -0.0363131 0.0235389
 0.038256 0.0281632 0.0425599 -0.0366774 0.0206542
 0.0344318 0.0250631 0.0413889 -0.0359797 0.018185
 0.0316624 0.0227515 0.0411286 -0.0358559 0.0162313
 0.0293801 0.0208251 0.0411087 -0.0361306 0.0145696
 0.0273774 0.0192163 0.0398843 -0.0353019 0.0133506
 0.0248625 0.0172101 0.0391289 -0.0346905 0.0116712
 0.0232545 0.0159219 0.0388824 -0.0344458 0.0106284
 0.0217959 0.0147813 0.0376087 -0.0334951 0.00973475
 0.0201834 0.0135249 0.0363764 -0.0324816 0.00877494
 0.0186606 0.0123408 0.0342768 -0.030805 0.00778881
 0.0175286 0.0114751 0.0334899 -0.0300675 0.00711012
 0.0165642 0.0107857 0.0322744 -0.0289804 0.00670356
 0.0156665 0.0100102 0.0312943 -0.0282006 0.00590279
 0.0147094 0.0093445 0.0292613 -0.0263235 0.00546717
 0.0138001 0.00875406 0.0282814 -0.0254887 0.00518842
 0.0129552 0.00815706 0.0260191 -0.0235232 0.00475897
 0.0122597 0.00764563 0.0246364 -0.0222276 0.00433771
 0.0116397 0.007233 0.0242284 -0.0218648 0.004079
 0.0109076 0.00675838 0.0224668 -0.0202141 0.00375987
 0.0106 0.00659237 0.0214629 -0.0193842 0.00370601
 0.00996419 0.00615038 0.0199029 -0.017889 0.00337559
 0.00941675 0.00580426 0.0187238 -0.0169184 0.00321486
 0.00903806 0.00544397 0.017714 -0.0159442 0.00284835
 0.00873038 0.00524668 0.0167216 -0.0151048 0.00275868
 0.00829206 0.00490959 0.0152634 -0.0138884 0.0025229
 0.00804219 0.00462942 0.0142119 -0.0129768 0.00226274
 0.00768838 0.00437909 0.0134476 -0.0122356 0.00215606
 0.00747269 0.00420286 0.0124386 -0.0113454 0.00211988
 0.007167 0.00393442 0.0113481 -0.010239 0.00189814
 0.0068065 0.00361616 0.010154 -0.00921813 0.00161979
 0.00675844 0.00354537 0.00941719 -0.00854606 0.00158683
 0.00639681 0.00333994 0.008658 -0.00769613 0.00154506
 0.00630831 0.00318142 0.00792444 -0.00709844 0.00135689
 0.00601941 0.00300544 0.00693275 -0.00617402 0.00130911
 0.00582341 0.00281545 0.00649769 -0.00566355 0.00113618
 0.00586256 0.00278651 0.00571565 -0.00500806 0.00116608
 0.00559661 0.00262026 0.00493486 -0.00435114 0.00106197
 0.00554962 0.00255549 0.00452927 -0.00391972 0.00103265
 0.00542723 0.00245059 0.00407131 -0.00366992 0.000977962
 0.00533371 0.00236973 0.00350573 -0.00309158 0.000950856
 0.00518713 0.0022819 0.00311739 -0.00265346 0.0009285
 0.00499452 0.0021293 0.0026318 -0.00222291 0.000817056
 0.00494511 0.00211513 0.00223494 -0.00188978 0.000851144
 0.00470794 0.0019665 0.00186733 -0.00159978 0.000746219
 0.00474925 0.00198931 0.00172726 -0.00139295 0.000788756
 0.00448419 0.00185602 0.0014877 -0.00117395 0.000730156
 0.00451209 0.00184293 0.00110324 -0.000878775 0.000726719
 0.00440109 0.00176497 0.00103491 -0.000819081 0.000691375
 0.00424529 0.00168333 0.000800194 -0.000604704 0.000648044
 0 0 0 0 0
 0 0 0 0 0
 0 0 0 0 0
 0 0 0 0 0
 0 0 0 0 0
 0 0 0 0 0
 0 0 0 0 0
 0 0 0 0 0
 0 0 0 0 0
 0 0 0 0 0
 0 0 0 0 0
 0 0 0 0 0
 0 0 0 0 0
 0 0 0 0 0
 0 0 0 0 0
 0 0 0 0 0
 0 0 0 0 0
 0 0 0 0 0
 0 0 0 0 0
 0 0 0 0 0
 0 0 0 0 0
 0 0 0 0 0
 0 0 0 0 0
 0 0 0 0 0
 0 0 0 0 0
 0 0 0 0 0
 0 0 0 0 0
 0 0 0 0 0
 0 0 0 0 0
 0 0 0 0 0
 0 0 0 0 0
 0 0 0 0 0
 0 0 0 0 0
 0 0 0 0 0
 0 0 0 0 0
 0 0 0 0 0
 0 0 0 0 0
 0 0 0 0 0
 0 0 0 0 0
 0 0 0 0 0
 0 0 0 0 0
 0 0 0 0 0
 0 0 0 0 0
 0 0 0 0 0
 0 0 0 0 0
 0 0 0 0 0
 0 0 0 0 0
 0 0 0 0 0
 0 0 0 0 0
 0 0 0 0 0
 0 0 0 0 0
 0 0 0 0 0
 0 0 0 0 0
 0 0 0 0 0
 0 0 0 0 0
 0 0 0 0 0
 2.38121 2.23964 0.0199711 -0.00882037 2.10795
 1.0201 0.9446 0.0204871 -0.00987775 0.875988
 0.578647 0.527781 0.0216418 -0.0112878 0.48256
 0.37279 0.335065 0.0222427 -0.0124341 0.302247
 0.265471 0.235122 0.0233266 -0.0139401 0.209173
 0.200784 0.175283 0.0245281 -0.0155805 0.1538
 0.159794 0.137607 0.026186 -0.0173952 0.119422
 0.130349 0.110624 0.0278874 -0.0194089 0.0945706
 0.10848 0.0907931 0.0292564 -0.0211236 0.07656
 0.091485 0.0754562 0.0305329 -0.0229282 0.0627575
 0.0802044 0.0652825 0.0325422 -0.0249985 0.0536453
 0.06989 0.056099 0.0337694 -0.0266366 0.0454193
 0.0617 0.0488366 0.0351918 -0.0284806 0.0389683
 0.0555135 0.0433706 0.0368726 -0.0303228 0.0341776
 0.0502385 0.0386688 0.0389027 -0.0324735 0.0298782
 0.0457014 0.0347978 0.0397142 -0.0334098 0.0266792
 0.0405793 0.0304788 0.0389521 -0.0331528 0.0230366
 0.0372294 0.0276221 0.0398958 -0.0343555 0.0206038
 0.0339064 0.0247941 0.0402316 -0.0349875 0.0181129
 0.0307753 0.022238 0.0394839 -0.0345294 0.016026
 0.0290703 0.0207738 0.0397409 -0.0347868 0.0147528
 0.0267743 0.0189064 0.0392027 -0.0346543 0.0132394
 0.0247196 0.0172494 0.0384382 -0.0340691 0.011883
 0.0227988 0.0156877 0.0374736 -0.0332631 0.0105315
 0.0211925 0.0144362 0.0369191 -0.0328957 0.00956931
 0.0200514 0.0134701 0.0358022 -0.0320851 0.00874881
 0.0187554 0.0125292 0.0341302 -0.0304993 0.00813394
 0.0174014 0.0114506 0.0324106 -0.0290564 0.00717887
 0.0164929 0.0107392 0.0321646 -0.0289547 0.00662569
 0.0150488 0.009717 0.0297935 -0.0268181 0.00592509
 0.0144742 0.00922912 0.0292568 -0.0263161 0.00543542
 0.0136627 0.00867963 0.0278214 -0.0251369 0.00514692
 0.0126151 0.00798938 0.0253517 -0.0228482 0.00473979
 0.0120761 0.00760187 0.0243611 -0.0221028 0.00443386
 0.0114177 0.00712969 0.0231772 -0.0208616 0.00407987
 0.0107225 0.00661544 0.0220057 -0.0199079 0.0035729
 0.0102244 0.0063635 0.0207852 -0.0187821 0.00359877
 0.00983988 0.00603388 0.0200365 -0.0180813 0.00322348
 0.00927138 0.00572495 0.0183685 -0.0166762 0.00324649
 0.00881994 0.00532743 0.0174178 -0.0158528 0.00283867
 0.0085055 0.00513046 0.0167435 -0.0151813 0.00277093
 0.0081415 0.00486109 0.0152231 -0.0137375 0.00261594
 0.00795756 0.0046332 0.0143978 -0.0131109 0.00236541
 0.00751431 0.00431695 0.0134041 -0.0121094 0.00218096
 0.00736675 0.00416323 0.0122734 -0.011259 0.00207068
 0.00708981 0.00394427 0.0116918 -0.0105421 0.00191994
 0.00668106 0.00362056 0.0100994 -0.00931369 0.00165662
 0.00651025 0.00345994 0.00937088 -0.0085405 0.00158808
 0.00630356 0.00328675 0.00890963 -0.00806369 0.00151298
 0.00617661 0.00318168 0.00789906 -0.00718756 0.00143089
 0.00610346 0.00306309 0.00696137 -0.00623387 0.00134194
 0.00590148 0.00287963 0.00667069 -0.00591158 0.00121013
 0.00571767 0.00277998 0.00562432 -0.00511785 0.00120643
 0.00560865 0.00262174 0.00531289 -0.00469013 0.00105096
 0.00539439 0.00250269 0.00478307 -0.00416443 0.00102862
 0.00530209 0.00244844 0.00379184 -0.00336743 0.00100632
 0.00511468 0.00232196 0.00356463 -0.00315918 0.000967237
 0.00509857 0.00229071 0.00323116 -0.00283151 0.000944994
 0.00506939 0.00221637 0.00257691 -0.00218292 0.000897494
 0.00474356 0.00208118 0.00243073 -0.00211039 0.000865425
 0.00482291 0.00204561 0.00193815 -0.00161786 0.000803275
 0.00469934 0.00197137 0.00170666 -0.00143098 0.000783856
 0.00448573 0.00187498 0.00139461 -0.0011792 0.000735156
 0.00445042 0.00182539 0.00142242 -0.00114174 0.000718325
 0.00429808 0.00176826 0.00110522 -0.000914913 0.000716163
 0 0 0 0 0
 0 0 0 0 0
 0 0 0 0 0
 0 0 0 0 0
 0 0 0 0 0
 0 0 0 0 0
 0 0 0 0 0
 0 0 0 0 0
 0 0 0 0 0
 0 0 0 0 0
 0 0 0 0 0
 0 0 0 0 0
 0 0 0 0 0
 0 0 0 0 0
 0 0 0 0 0
 0 0 0 0 0
 0 0 0 0 0
 0 0 0 0 0
 0 0 0 0 0
 0 0 0 0 0
 0 0 0 0 0
 0 0 0 0 0
 0 0 0 0 0
 0 0 0 0 0
 0 0 0 0 0
 0 0 0 0 0
 0 0 0 0 0
 0 0 0 0 0
 0 0 0 0 0
 0 0 0 0 0
 0 0 0 0 0
 0 0 0 0 0
 0 0 0 0 0
 0 0 0 0 0
 0 0 0 0 0
 0 0 0 0 0
 0 0 0 0 0
 0 0 0 0 0
 0 0 0 0 0
 0 0 0 0 0
 0 0 0 0 0
 0 0 0 0 0
 0 0 0 0 0
 0 0 0 0 0
 0 0 0 0 0
 0 0 0 0 0
 0 0 0 0 0
 0 0 0 0 0
 0 0 0 0 0
 0 0 0 0 0
 0 0 0 0 0
 0 0 0 0 0
 0 0 0 0 0
 0 0 0 0 0
 0 0 0 0 0
 0 0 0 0 0
 0 0 0 0 0
 2.45087 2.31018 0.0185282 -0.00763675 2.17901
 1.03968 0.965156 0.0192611 -0.00865356 0.89735
 0.571097 0.522282 0.0197129 -0.00959781 0.478876
 0.37056 0.334014 0.0203019 -0.0107579 0.302244
 0.263981 0.234612 0.021468 -0.0122663 0.209604
 0.198096 0.173568 0.0222114 -0.0135177 0.153001
 0.153769 0.132911 0.0232686 -0.0149981 0.115804
 0.129062 0.109973 0.0256576 -0.0174326 0.0943669
 0.105661 0.0888388 0.0266163 -0.0188815 0.0753787
 0.0905206 0.0749938 0.0282253 -0.020699 0.0626888
 0.0789794 0.0645813 0.0303072 -0.0230454 0.0532924
 0.0688019 0.0554294 0.0315089 -0.0245136 0.0450771
 0.0600895 0.0478182 0.0326416 -0.0259526 0.0384433
 0.0547502 0.0429534 0.0348361 -0.0284152 0.0339593
 0.0484348 0.0375415 0.0352093 -0.0291904 0.0294379
 0.0441366 0.0337471 0.0364431 -0.0306499 0.0259759
 0.0403729 0.0304941 0.0378921 -0.0321592 0.0232112
 0.0367572 0.0274118 0.0380511 -0.0325926 0.0205669
 0.0335263 0.0247327 0.0384348 -0.0332842 0.0183856
 0.0304153 0.0221363 0.0378835 -0.0330626 0.0161168
 0.0286473 0.0205916 0.0385643 -0.0338528 0.0147736
 0.0267284 0.0189896 0.0391968 -0.0345348 0.0134425
 0.0245578 0.0172388 0.0377983 -0.0334371 0.0120021
 0.0226563 0.0157452 0.0361629 -0.0320791 0.0108557
 0.0208245 0.0143113 0.034759 -0.0309561 0.00971463
 0.0196811 0.0132897 0.0350091 -0.0313724 0.00866137
 0.0183252 0.0122149 0.0335828 -0.0301496 0.00780631
 0.0169118 0.0111877 0.032201 -0.0289645 0.007076
 0.0158713 0.0103855 0.0310463 -0.0279053 0.00647656
 0.0148346 0.00965925 0.0293714 -0.0264994 0.00600826
 0.0141743 0.00915313 0.0284579 -0.0258061 0.00563307
 0.0133894 0.00856569 0.0271776 -0.0245157 0.005176
 0.0125588 0.00787994 0.0258324 -0.0234367 0.00446878
 0.0119733 0.00757512 0.0246021 -0.0222226 0.00449532
 0.0113272 0.00705763 0.0233654 -0.0211405 0.00399209
 0.0108593 0.00677287 0.0224981 -0.0204136 0.00385007
 0.0101671 0.00634012 0.0209044 -0.0189995 0.00361544
 0.00974175 0.00602401 0.0198337 -0.0179734 0.00334069
 0.00916325 0.0056764 0.0185757 -0.0168178 0.00319608
 0.00891281 0.00547621 0.0177862 -0.0161601 0.00306344
 0.008349 0.00504836 0.0162912 -0.0147432 0.00272344
 0.00818888 0.00493554 0.0154094 -0.0139852 0.00267494
 0.00772669 0.00455236 0.0145055 -0.0131836 0.00236614
 0.00752713 0.00440892 0.0132891 -0.0120624 0.0023102
 0.00716525 0.00408225 0.0121668 -0.0111419 0.00204756
 0.0069065 0.00385548 0.0115209 -0.0104627 0.00188966
 0.00656475 0.00363056 0.0101692 -0.0092285 0.0017535
 0.00652712 0.00352197 0.00933144 -0.00851275 0.001659
 0.00629131 0.00335444 0.00916006 -0.00828456 0.00159923
 0.00597322 0.00306869 0.00810519 -0.00736575 0.00136469
 0.00592871 0.00303183 0.00730312 -0.00651444 0.00139611
 0.00570485 0.0028213 0.00667869 -0.00595953 0.00117265
 0.0056298 0.00274994 0.00575771 -0.00516484 0.00118412
 0.00555309 0.00267096 0.00532322 -0.00477735 0.00113151
 0.00527458 0.00251169 0.00443486 -0.00398534 0.00109769
 0.00522979 0.00242532 0.00408429 -0.00365062 0.00101864
 0.00508776 0.00235146 0.00367703 -0.00317554 0.00101294
 0.00500702 0.00224645 0.00301259 -0.00260193 0.0009307
 0.00489296 0.00216664 0.00283492 -0.00240361 0.000897375
 0.00467113 0.00205189 0.00229474 -0.00195973 0.000839169
 0.00468407 0.00202529 0.00214318 -0.00186648 0.000822831
 0.00450746 0.00194496 0.00170879 -0.00146634 0.000807144
 0.00441517 0.00188127 0.00144894 -0.00123521 0.000781444
 0.00437261 0.00182769 0.00132776 -0.00110277 0.000746619
 0 0 0 0 0
 0 0 0 0 0
 0 0 0 0 0
 0 0 0 0 0
 0 0 0 0 0
 0 0 0 0 0
 0 0 0 0 0
 0 0 0 0 0
 0 0 0 0 0
 0 0 0 0 0
 0 0 0 0 0
 0 0 0 0 0
 0 0 0 0 0
 0 0 0 0 0
 0 0 0 0 0
 0 0 0 0 0
 0 0 0 0 0
 0 0 0 0 0
 0 0 0 0 0
 0 0 0 0 0
 0 0 0 0 0
 0 0 0 0 0
 0 0 0 0 0
 0 0 0 0 0
 0 0 0 0 0
 0 0 0 0 0
 0 0 0 0 0
 0 0 0 0 0
 0 0 0 0 0
 0 0 0 0 0
 0 0 0 0 0
 0 0 0 0 0
 0 0 0 0 0
 0 0 0 0 0
 0 0 0 0 0
 0 0 0 0 0
 0 0 0 0 0
 0 0 0 0 0
 0 0 0 0 0
 0 0 0 0 0
 0 0 0 0 0
 0 0 0 0 0
 0 0 0 0 0
 0 0 0 0 0
 0 0 0 0 0
 0 0 0 0 0
 0 0 0 0 0
 0 0 0 0 0
 0 0 0 0 0
 0 0 0 0 0
 0 0 0 0 0
 0 0 0 0 0
 0 0 0 0 0
 0 0 0 0 0
 0 0 0 0 0
 0 0 0 0 0
 0 0 0 0 0
 0 0 0 0 0
 2.56787 2.42549 0.0177105 -0.0068505 2.29254
 1.07221 0.997537 0.0183963 -0.00778963 0.929444
 0.578478 0.530404 0.0182991 -0.00852619 0.487624
 0.368391 0.333043 0.0188066 -0.00947775 0.302319
 0.262184 0.233719 0.0200625 -0.0108961 0.209366
 0.197019 0.173144 0.0206527 -0.0120589 0.153099
 0.154412 0.133928 0.0217764 -0.0134913 0.117084
 0.125036 0.106919 0.0227929 -0.0150452 0.0922025
 0.103672 0.08748 0.0241512 -0.0167239 0.0745713
 0.0879694 0.0732675 0.0253869 -0.0181472 0.0617221
 0.0770394 0.0632694 0.0272858 -0.0205125 0.0525477
 0.0667206 0.0540958 0.0286885 -0.0219605 0.0444234
 0.0608863 0.0486442 0.0313109 -0.0247189 0.0392489
 0.0525109 0.0414174 0.0316446 -0.0254627 0.0330293
 0.0480523 0.0374004 0.0337266 -0.0277193 0.0293973
 0.0433519 0.0333103 0.0343121 -0.0286007 0.0258509
 0.0395313 0.0300119 0.0354064 -0.0299838 0.0229421
 0.0355906 0.0266531 0.0354643 -0.0302622 0.0200719
 0.0331396 0.0245073 0.0371225 -0.0319517 0.0181775
 0.0304174 0.0222394 0.0369899 -0.0322417 0.0163072
 0.0279597 0.0202137 0.0368317 -0.032234 0.0146536
 0.0257144 0.0183681 0.0362047 -0.0317895 0.0131044
 0.0241863 0.0170948 0.0362816 -0.0320038 0.0120422
 0.0224366 0.0156366 0.0356209 -0.0316799 0.0107456
 0.0205959 0.0142163 0.034794 -0.0309997 0.009693
 0.0192558 0.0130868 0.0333693 -0.0298638 0.00865894
 0.0179857 0.0121585 0.0322096 -0.0288197 0.00806969
 0.0169546 0.0112807 0.0316785 -0.0285441 0.00720625
 0.0161985 0.0106978 0.0313133 -0.028211 0.00682044
 0.0151364 0.00993275 0.0298823 -0.0268887 0.00631231
 0.0140125 0.00904156 0.0283698 -0.0256768 0.00550006
 0.0129243 0.00831631 0.0260834 -0.0235135 0.00509471
 0.0125211 0.00797863 0.0256688 -0.023219 0.00479571
 0.0117254 0.00737119 0.0241417 -0.021861 0.0042508
 0.0110632 0.00693075 0.0228153 -0.020687 0.00395891
 0.010569 0.00664088 0.0217288 -0.0196296 0.00383981
 0.0102542 0.00638806 0.0212237 -0.0193538 0.00362759
 0.00951844 0.00593239 0.019515 -0.0176596 0.00340512
 0.0092305 0.00574182 0.0184643 -0.0168304 0.00328329
 0.00872869 0.00540122 0.0173287 -0.0158044 0.00307817
 0.00822394 0.00502271 0.0161522 -0.0147065 0.00277194
 0.00811225 0.00491367 0.0157164 -0.0143721 0.00271863
 0.00755838 0.004481 0.0141169 -0.0128245 0.00234389
 0.00722038 0.00425135 0.0131993 -0.0120512 0.00228739
 0.0070245 0.00404429 0.0124218 -0.0111544 0.00209353
 0.00667931 0.00375594 0.0115589 -0.0105637 0.00185977
 0.00653106 0.00363127 0.0102682 -0.00942725 0.00178509
 0.00645113 0.00351594 0.00974413 -0.00882163 0.00169064
 0.00623247 0.0032748 0.00887756 -0.00813263 0.00149579
 0.00586771 0.00307708 0.00789562 -0.00716938 0.00141529
 0.00584171 0.00297796 0.00749838 -0.00681131 0.00133711
 0.00573267 0.00292772 0.0067855 -0.00613475 0.00135218
 0.00553871 0.00275281 0.00593457 -0.00536584 0.0012432
 0.00544282 0.00266997 0.00543222 -0.00487838 0.00119556
 0.00528257 0.00254318 0.00462096 -0.00406085 0.00111734
 0.00503617 0.0023775 0.00415473 -0.00364507 0.00101672
 0.0049664 0.00229499 0.0037667 -0.00327753 0.000962944
 0.00484239 0.00221811 0.00331719 -0.00294496 0.000933319
 0.00479081 0.0021814 0.00272096 -0.00232321 0.000930306
 0.00468386 0.00208501 0.00248981 -0.00217951 0.000854612
 0.00456685 0.00201814 0.00232923 -0.00195902 0.000841294
 0.00441864 0.00192363 0.00179254 -0.0015573 0.000796344
 0.00432864 0.00187191 0.00138954 -0.00114472 0.000794369
 0 0 0 0 0
 0 0 0 0 0
 0 0 0 0 0
 0 0 0 0 0
 0 0 0 0 0
 0 0 0 0 0
 0 0 0 0 0
 0 0 0 0 0
 0 0 0 0 0
 0 0 0 0 0
 0 0 0 0 0
 0 0 0 0 0
 0 0 0 0 0
 0 0 0 0 0
 0 0 0 0 0
 0 0 0 0 0
 0 0 0 0 0
 0 0 0 0 0
 0 0 0 0 0
 0 0 0 0 0
 0 0 0 0 0
 0 0 0 0 0
 0 0 0 0 0
 0 0 0 0 0
 0 0 0 0 0
 0 0 0 0 0
 0 0 0 0 0
 0 0 0 0 0
 0 0 0 0 0
 0 0 0 0 0
 0 0 0 0 0
 0 0 0 0 0
 0 0 0 0 0
 0 0 0 0 0
 0 0 0 0 0
 0 0 0 0 0
 0 0 0 0 0
 0 0 0 0 0
 0 0 0 0 0
 0 0 0 0 0
 0 0 0 0 0
 0 0 0 0 0
 0 0 0 0 0
 0 0 0 0 0
 0 0 0 0 0
 0 0 0 0 0
 0 0 0 0 0
 0 0 0 0 0
 0 0 0 0 0
 0 0 0 0 0
 0 0 0 0 0
 0 0 0 0 0
 0 0 0 0 0
 0 0 0 0 0
 0 0 0 0 0
 0 0 0 0 0
 0 0 0 0 0
 0 0 0 0 0
 0 0 0 0 0
 2.68175 2.53788 0.0169199 -0.00586926 2.40329
 1.09559 1.02138 0.017196 -0.00682319 0.953613
 0.588302 0.540662 0.0173456 -0.00748869 0.498179
 0.380048 0.344346 0.0179186 -0.00856419 0.313149
 0.266207 0.237919 0.0185939 -0.00963588 0.213721
 0.19875 0.175274 0.0192699 -0.0106774 0.155643
 0.153966 0.133974 0.0201713 -0.011961 0.117513
 0.124046 0.106505 0.0212221 -0.0133554 0.0923931
 0.101476 0.0859363 0.0218008 -0.0145755 0.073505
 0.0886731 0.0740875 0.0241177 -0.0169581 0.062545
 0.0764106 0.0630162 0.0257517 -0.0188585 0.0525467
 0.0667519 0.0543289 0.0269984 -0.0203822 0.0447904
 0.0583602 0.0468657 0.0276702 -0.0214671 0.0381239
 0.0527654 0.0418058 0.0300191 -0.0239959 0.0335444
 0.0472246 0.0369236 0.0315342 -0.0257131 0.029141
 0.0428381 0.0330671 0.0326593 -0.0270649 0.0258065
 0.0389115 0.0296604 0.0333486 -0.0279816 0.0228061
 0.0357899 0.0269383 0.03428 -0.0291012 0.0204251
 0.0325639 0.0242339 0.0348354 -0.0298001 0.0181798
 0.0297102 0.021853 0.0347272 -0.0300814 0.0162174
 0.0278348 0.0201939 0.0355287 -0.031073 0.0146556
 0.0253553 0.0181362 0.0351374 -0.0309237 0.0128671
 0.0238211 0.0169196 0.0354722 -0.031345 0.0120079
 0.0217497 0.0152587 0.0339044 -0.0300893 0.0106594
 0.0204041 0.0141051 0.0333293 -0.0297064 0.00960419
 0.0189581 0.013004 0.0323682 -0.0289208 0.00879887
 0.0176679 0.0118931 0.0319657 -0.0287529 0.00771981
 0.0170135 0.01138 0.0316955 -0.0284518 0.00737531
 0.0159201 0.0105989 0.0303686 -0.0273166 0.00687225
 0.0148719 0.00980331 0.0289082 -0.0261339 0.00627081
 0.0141092 0.009193 0.0280856 -0.0253471 0.00575623
 0.0131788 0.00852256 0.0266034 -0.0240879 0.00525247
 0.0123074 0.00790463 0.0250088 -0.0226826 0.00483777
 0.0116274 0.00737925 0.0242276 -0.0219796 0.00439001
 0.0111085 0.00706956 0.0230846 -0.0209222 0.0042665
 0.0106018 0.00672275 0.0216124 -0.0196175 0.00402546
 0.00994181 0.00623051 0.0208004 -0.0189471 0.00360062
 0.00952556 0.00595871 0.0198084 -0.0180089 0.00343369
 0.00886488 0.00554161 0.0183406 -0.0166033 0.00319045
 0.00856356 0.00527311 0.0170251 -0.0154428 0.00293411
 0.00821056 0.00502321 0.0163809 -0.0149613 0.00279204
 0.00785525 0.00477856 0.0151332 -0.0137223 0.00262277
 0.00749712 0.00442229 0.0148588 -0.0135085 0.00228248
 0.00727475 0.00430576 0.0130546 -0.0118593 0.00233434
 0.00699881 0.00403126 0.0124543 -0.0113384 0.00206237
 0.00672156 0.00379753 0.0112925 -0.0104504 0.00190937
 0.00644119 0.00357634 0.0105478 -0.00970225 0.00176441
 0.00621668 0.00339965 0.00966475 -0.00886569 0.00163627
 0.00615494 0.00333788 0.00895519 -0.00813525 0.00163651
 0.0058092 0.00309728 0.00802831 -0.00737644 0.00148076
 0.0058164 0.00301995 0.00744856 -0.00680506 0.00140327
 0.00552958 0.00281259 0.0066465 -0.00610455 0.00128136
 0.00545246 0.00274067 0.00589302 -0.0053938 0.0012466
 0.00526361 0.00258548 0.00528705 -0.00483839 0.00112691
 0.00513163 0.00248668 0.00477547 -0.00431276 0.00111104
 0.00502777 0.00240849 0.00418267 -0.00371386 0.00106046
 0.00477889 0.00223019 0.00360868 -0.00326734 0.000942388
 0.00478881 0.00222326 0.0031108 -0.00271009 0.000955325
 0.00471285 0.00215047 0.00287428 -0.00249332 0.000917731
 0.00456374 0.00205965 0.0023937 -0.0020728 0.00088075
 0.00438811 0.00197218 0.00213047 -0.00187664 0.000842887
 0.00439902 0.00193991 0.00183043 -0.00157013 0.000833025
 0 0 0 0 0
 0 0 0 0 0
 0 0 0 0 0
 0 0 0 0 0
 0 0 0 0 0
 0 0 0 0 0
 0 0 0 0 0
 0 0 0 0 0
 0 0 0 0 0
 0 0 0 0 0
 0 0 0 0 0
 0 0 0 0 0
 0 0 0 0 0
 0 0 0 0 0
 0 0 0 0 0
 0 0 0 0 0
 0 0 0 0 0
 0 0 0 0 0
 0 0 0 0 0
 0 0 0 0 0
 0 0 0 0 0
 0 0 0 0 0
 0 0 0 0 0
 0 0 0 0 0
 0 0 0 0 0
 0 0 0 0 0
 0 0 0 0 0
 0 0 0 0 0
 0 0 0 0 0
 0 0 0 0 0
 0 0 0 0 0
 0 0 0 0 0
 0 0 0 0 0
 0 0 0 0 0
 0 0 0 0 0
 0 0 0 0 0
 0 0 0 0 0
 0 0 0 0 0
 0 0 0 0 0
 0 0 0 0 0
 0 0 0 0 0
 0 0 0 0 0
 0 0 0 0 0
 0 0 0 0 0
 0 0 0 0 0
 0 0 0 0 0
 0 0 0 0 0
 0 0 0 0 0
 0 0 0 0 0
 0 0 0 0 0
 0 0 0 0 0
 0 0 0 0 0
 0 0 0 0 0
 0 0 0 0 0
 0 0 0 0 0
 0 0 0 0 0
 0 0 0 0 0
 0 0 0 0 0
 0 0 0 0 0
 0 0 0 0 0
 2.80021 2.65482 0.0161361 -0.00515045 2.51867
 1.10556 1.03293 0.0160899 -0.00587291 0.966594
 0.599729 0.552355 0.0161731 -0.00647769 0.510064
 0.375564 0.34116 0.0163292 -0.00721038 0.311099
 0.266646 0.239024 0.0171266 -0.00845106 0.215433
 0.195822 0.173204 0.0177276 -0.00930513 0.1543
 0.151891 0.132572 0.0184318 -0.0104245 0.116697
 0.125293 0.107841 0.0197303 -0.0120295 0.0937
 0.101703 0.0864375 0.0203292 -0.0130459 0.0742775
 0.086685 0.0727344 0.0217341 -0.0147299 0.0617511
 0.0743831 0.0615738 0.02314 -0.0164031 0.0515528
 0.0660825 0.0539767 0.0250386 -0.0186681 0.0446168
 0.05794 0.0467508 0.0261156 -0.0198777 0.038226
 0.0519939 0.0414001 0.0279544 -0.0219313 0.0333917
 0.0468355 0.0368133 0.0293755 -0.0236097 0.0293289
 0.0418736 0.0324901 0.0305515 -0.0251217 0.0255059
 0.0383217 0.029355 0.0315604 -0.0262738 0.0227153
 0.0352242 0.0266587 0.0325008 -0.0274798 0.0203829
 0.0315946 0.0235955 0.032668 -0.0279053 0.0177724
 0.0297848 0.0220175 0.0337114 -0.0290747 0.0163926
 0.0274246 0.0199923 0.0343749 -0.0299534 0.0145929
 0.0255761 0.0184359 0.0345461 -0.0302718 0.0132794
 0.0234544 0.0166875 0.0337128 -0.0296868 0.0118112
 0.0213026 0.0150249 0.0322742 -0.0286091 0.0105704
 0.0199699 0.0138999 0.0319048 -0.0283759 0.00955981
 0.0191017 0.0131683 0.0327987 -0.0292769 0.00895306
 0.0175075 0.0119191 0.0314468 -0.0282024 0.00794662
 0.0163582 0.0110216 0.0308426 -0.0278438 0.00722869
 0.0156599 0.0104437 0.0295986 -0.0266462 0.00677944
 0.0145466 0.00962806 0.0286961 -0.0259627 0.00618893
 0.0136366 0.00893644 0.0274646 -0.0248403 0.00565166
 0.0131012 0.0084935 0.0261717 -0.0237217 0.00527992
 0.0121724 0.00779456 0.0250744 -0.0227575 0.00470819
 0.0115558 0.00733538 0.0240043 -0.021797 0.00434567
 0.0110614 0.00704106 0.0227719 -0.0206973 0.00422641
 0.0101923 0.00644381 0.0209492 -0.0190629 0.00382421
 0.00991856 0.0062875 0.020264 -0.018429 0.00376687
 0.00937094 0.00589137 0.0193562 -0.0176108 0.00345397
 0.00883144 0.00551833 0.0185064 -0.0168988 0.00318233
 0.00838888 0.00520752 0.0171503 -0.0156957 0.00297953
 0.00811444 0.00504746 0.0161706 -0.0147383 0.00295802
 0.00771475 0.00465864 0.0147354 -0.0135515 0.00253016
 0.00742606 0.00445814 0.0144694 -0.0132137 0.00244152
 0.00702669 0.00415436 0.0130751 -0.0119389 0.00219283
 0.00693869 0.00402247 0.0126202 -0.0115604 0.00207854
 0.00662144 0.00378641 0.0117196 -0.0106567 0.00196007
 0.00642237 0.00363588 0.0107302 -0.00983844 0.00187244
 0.00620604 0.00342116 0.00972019 -0.00895887 0.00169449
 0.00605984 0.00332142 0.009178 -0.008458 0.00166033
 0.00573899 0.00305781 0.00815406 -0.00747569 0.00143535
 0.00558941 0.00295336 0.00750081 -0.006816 0.00142903
 0.0054445 0.00281889 0.006857 -0.00617776 0.00132949
 0.0052569 0.00267146 0.00598594 -0.00545494 0.00124636
 0.00522142 0.00258999 0.00544198 -0.00493314 0.00116676
 0.00505411 0.00247726 0.00465106 -0.00423368 0.00111106
 0.00493925 0.00238916 0.0043789 -0.00386252 0.00105642
 0.004804 0.00228768 0.00373524 -0.00332414 0.00101553
 0.00467661 0.00218607 0.00318127 -0.0028183 0.000941519
 0.00462284 0.00215418 0.0030062 -0.00264134 0.000965656
 0.00448884 0.00205986 0.00252976 -0.00227055 0.000897569
 0.00439476 0.00199011 0.0022267 -0.00197073 0.000855094
 0 0 0 0 0
 0 0 0 0 0
 0 0 0 0 0
 0 0 0 0 0
 0 0 0 0 0
 0 0 0 0 0
 0 0 0 0 0
 0 0 0 0 0
 0 0 0 0 0
 0 0 0 0 0
 0 0 0 0 0
 0 0 0 0 0
 0 0 0 0 0
 0 0 0 0 0
 0 0 0 0 0
 0 0 0 0 0
 0 0 0 0 0
 0 0 0 0 0
 0 0 0 0 0
 0 0 0 0 0
 0 0 0 0 0
 0 0 0 0 0
 0 0 0 0 0
 0 0 0 0 0
 0 0 0 0 0
 0 0 0 0 0
 0 0 0 0 0
 0 0 0 0 0
 0 0 0 0 0
 0 0 0 0 0
 0 0 0 0 0
 0 0 0 0 0
 0 0 0 0 0
 0 0 0 0 0
 0 0 0 0 0
 0 0 0 0 0
 0 0 0 0 0
 0 0 0 0 0
 0 0 0 0 0
 0 0 0 0 0
 0 0 0 0 0
 0 0 0 0 0
 0 0 0 0 0
 0 0 0 0 0
 0 0 0 0 0
 0 0 0 0 0
 0 0 0 0 0
 0 0 0 0 0
 0 0 0 0 0
 0 0 0 0 0
 0 0 0 0 0
 0 0 0 0 0
 0 0 0 0 0
 0 0 0 0 0
 0 0 0 0 0
 0 0 0 0 0
 0 0 0 0 0
 0 0 0 0 0
 0 0 0 0 0
 0 0 0 0 0
 0 0 0 0 0
 2.88528 2.74029 0.0149316 -0.00431859 2.60433
 1.13631 1.06369 0.0154431 -0.00508496 0.997319
 0.612309 0.565163 0.0153344 -0.00574233 0.523078
 0.387929 0.353202 0.0157611 -0.00649619 0.322864
 0.265308 0.238407 0.0158811 -0.00735794 0.215526
 0.198716 0.17619 0.0166168 -0.00825688 0.157331
 0.154228 0.135022 0.0174126 -0.0094675 0.119287
 0.124054 0.10721 0.0181511 -0.010603 0.093565
 0.101658 0.0866837 0.0189277 -0.0117766 0.0747162
 0.0869637 0.073195 0.0202617 -0.0133504 0.0623139
 0.0753644 0.0626431 0.0217421 -0.0150627 0.0527777
 0.0652737 0.053547 0.0231177 -0.0167002 0.0445271
 0.0565709 0.0458377 0.0240942 -0.0181291 0.0376532
 0.0513978 0.0410768 0.0259058 -0.0201192 0.0332454
 0.0460046 0.0363367 0.0269236 -0.0213436 0.0291021
 0.041441 0.0323058 0.0283326 -0.0229336 0.0255116
 0.0377279 0.0290251 0.0292798 -0.0241339 0.0225825
 0.0342983 0.0260738 0.0300919 -0.0252629 0.0200708
 0.0318891 0.0239837 0.0317436 -0.0269566 0.0182572
 0.0292043 0.0216891 0.0319698 -0.0275107 0.0162653
 0.0266577 0.0195134 0.0321162 -0.0278721 0.0143216
 0.0248797 0.0180076 0.0323034 -0.0282389 0.0130517
 0.0233091 0.0167451 0.0328638 -0.0289977 0.0121297
 0.0214277 0.0151554 0.0321498 -0.0285058 0.0106704
 0.0198194 0.0138547 0.0314605 -0.0279854 0.00960069
 0.0183801 0.0127377 0.0302555 -0.0270056 0.00875819
 0.0172309 0.0117883 0.0303736 -0.0272248 0.0079445
 0.0163381 0.0110464 0.0297315 -0.0267457 0.00728119
 0.0151557 0.0101728 0.0288417 -0.0260555 0.00667875
 0.0143294 0.00952256 0.02792 -0.0251759 0.00616658
 0.0134584 0.0088535 0.0266987 -0.0241362 0.00561749
 0.0128356 0.00837937 0.0260684 -0.0236335 0.00527666
 0.0120876 0.00782987 0.0245029 -0.0222944 0.00489427
 0.0112364 0.00721006 0.0228733 -0.0207909 0.00440493
 0.0108526 0.00692406 0.0223333 -0.0203292 0.00419614
 0.0103577 0.00656131 0.0214504 -0.0195853 0.00390812
 0.00965562 0.00609906 0.0203328 -0.018546 0.00360887
 0.009099 0.00572241 0.0190565 -0.0174301 0.00334991
 0.00868981 0.00540603 0.0181331 -0.0165734 0.00307896
 0.00839675 0.00524736 0.0168581 -0.0154309 0.00305211
 0.0079505 0.00491367 0.0158497 -0.0145909 0.00280126
 0.00759031 0.00467025 0.0145971 -0.0133534 0.00265038
 0.00724319 0.00436232 0.0142575 -0.0131796 0.00238174
 0.00694281 0.00413103 0.012973 -0.0118726 0.00221835
 0.00675694 0.0039921 0.0122065 -0.0111349 0.00220682
 0.00664306 0.00379791 0.0116503 -0.0106292 0.00195497
 0.00627881 0.00358714 0.0104844 -0.00970525 0.00186408
 0.00606091 0.00339299 0.0101441 -0.00917788 0.00172021
 0.00586062 0.00322961 0.0089435 -0.00818175 0.00163789
 0.00567213 0.00307728 0.008084 -0.00739044 0.00153626
 0.00554086 0.00295991 0.0076465 -0.00697325 0.00145654
 0.00533179 0.00279472 0.00687888 -0.00624029 0.00133766
 0.00528334 0.0027319 0.00614829 -0.00555188 0.00131406
 0.00507558 0.00254229 0.0056339 -0.00506229 0.00112659
 0.00499544 0.00249281 0.00490237 -0.00441818 0.00116784
 0.00485782 0.00238463 0.00445694 -0.00403291 0.00108419
 0.00482803 0.00235924 0.00392999 -0.00348275 0.00109554
 0.00472698 0.00225094 0.00354721 -0.0031264 0.00100501
 0.00454331 0.00215643 0.00302702 -0.00268594 0.000977544
 0.00450098 0.00209673 0.00263571 -0.00230877 0.000935088
 0 0 0 0 0
 0 0 0 0 0
 0 0 0 0 0
 0 0 0 0 0
 0 0 0 0 0
 0 0 0 0 0
 0 0 0 0 0
 0 0 0 0 0
 0 0 0 0 0
 0 0 0 0 0
 0 0 0 0 0
 0 0 0 0 0
 0 0 0 0 0
 0 0 0 0 0
 0 0 0 0 0
 0 0 0 0 0
 0 0 0 0 0
 0 0 0 0 0
 0 0 0 0 0
 0 0 0 0 0
 0 0 0 0 0
 0 0 0 0 0
 0 0 0 0 0
 0 0 0 0 0
 0 0 0 0 0
 0 0 0 0 0
 0 0 0 0 0
 0 0 0 0 0
 0 0 0 0 0
 0 0 0 0 0
 0 0 0 0 0
 0 0 0 0 0
 0 0 0 0 0
 0 0 0 0 0
 0 0 0 0 0
 0 0 0 0 0
 0 0 0 0 0
 0 0 0 0 0
 0 0 0 0 0
 0 0 0 0 0
 0 0 0 0 0
 0 0 0 0 0
 0 0 0 0 0
 0 0 0 0 0
 0 0 0 0 0
 0 0 0 0 0
 0 0 0 0 0
 0 0 0 0 0
 0 0 0 0 0
 0 0 0 0 0
 0 0 0 0 0
 0 0 0 0 0
 0 0 0 0 0
 0 0 0 0 0
 0 0 0 0 0
 0 0 0 0 0
 0 0 0 0 0
 0 0 0 0 0
 0 0 0 0 0
 0 0 0 0 0
 0 0 0 0 0
 0 0 0 0 0
 3.03166 2.88395 0.0143041 -0.00368232 2.7452
 1.17904 1.10568 0.0145327 -0.00432681 1.03845
 0.629913 0.582636 0.0147566 -0.00512141 0.540373
 0.39116 0.357006 0.0149773 -0.00581145 0.327206
 0.268958 0.242234 0.0150521 -0.00646294 0.219417
 0.197004 0.175105 0.0155032 -0.00734519 0.156712
 0.154651 0.135665 0.0161102 -0.00833769 0.119971
 0.122679 0.106345 0.0166752 -0.00932381 0.0931781
 0.102055 0.0872981 0.017346 -0.0103507 0.0754812
 0.0863181 0.0729531 0.0188768 -0.0120032 0.0624709
 0.0733281 0.0611258 0.0196254 -0.0131929 0.0516459
 0.0640244 0.0527034 0.0209914 -0.0148891 0.0439987
 0.0570348 0.0463378 0.0225723 -0.0166665 0.0381304
 0.0510619 0.0409815 0.0241257 -0.0183678 0.0333406
 0.045142 0.0357983 0.0249518 -0.0195648 0.0288327
 0.0408201 0.0319505 0.026248 -0.0210412 0.0253659
 0.0370404 0.0286098 0.0277323 -0.0227654 0.0223784
 0.0338588 0.0259114 0.0287739 -0.0240219 0.0201755
 0.0307205 0.0231951 0.0294277 -0.0248832 0.0177289
 0.0279751 0.0208114 0.0295133 -0.0252909 0.0155786
 0.0259813 0.0191507 0.0299871 -0.0259972 0.0142356
 0.0244913 0.0178066 0.0311566 -0.0271441 0.0129761
 0.0228798 0.0164891 0.031629 -0.0278106 0.0119564
 0.0213216 0.015206 0.0308759 -0.0273963 0.0108878
 0.0196386 0.0138088 0.030338 -0.026896 0.00966925
 0.0180868 0.012562 0.0299005 -0.0267661 0.00863294
 0.017461 0.0119669 0.0299357 -0.0268396 0.00803994
 0.0159434 0.0108671 0.0284474 -0.0255976 0.00730375
 0.0148764 0.0100464 0.0273384 -0.0246053 0.00666606
 0.0141176 0.00943012 0.0268731 -0.0242731 0.00615674
 0.0134401 0.00890588 0.0263433 -0.0238374 0.00576742
 0.0124744 0.00815269 0.0253146 -0.0230436 0.00510597
 0.0117376 0.00767644 0.0238982 -0.0217579 0.00491527
 0.0113892 0.00734394 0.0236836 -0.0215071 0.00452279
 0.0107801 0.00685838 0.0222839 -0.0203594 0.00409002
 0.00999825 0.0063905 0.0204748 -0.0186739 0.00389395
 0.00955681 0.00603727 0.019955 -0.0182049 0.00356598
 0.00916581 0.005808 0.0191371 -0.0174838 0.00347366
 0.00885163 0.00555796 0.0180405 -0.0165177 0.00324716
 0.00822719 0.0051422 0.0170431 -0.0156104 0.00298929
 0.00788569 0.00492119 0.0157676 -0.0145324 0.00288548
 0.00743425 0.00456619 0.0149088 -0.0136179 0.00258249
 0.00726075 0.00442292 0.0139702 -0.0128328 0.00249743
 0.00705781 0.00425032 0.0134416 -0.0123373 0.0023426
 0.00664069 0.00394019 0.0122961 -0.0112943 0.00212636
 0.00652787 0.00382261 0.0116235 -0.0107062 0.0020645
 0.00623337 0.00359394 0.0106406 -0.00980625 0.00191143
 0.00585816 0.00331293 0.0098035 -0.00905006 0.00170883
 0.00579346 0.00320213 0.00913594 -0.00837675 0.00163408
 0.00570538 0.00312837 0.008293 -0.00758906 0.00158655
 0.00553416 0.00297156 0.00756331 -0.00698394 0.00144998
 0.00543004 0.00285579 0.00691156 -0.00634062 0.00138124
 0.00511149 0.00266766 0.00621676 -0.00564016 0.00129175
 0.00504934 0.00256301 0.00564569 -0.00509988 0.00120772
 0.00491322 0.00247101 0.00502175 -0.00456415 0.00116475
 0.00472749 0.00236588 0.00438834 -0.00394681 0.00111864
 0.00465291 0.00225841 0.00407105 -0.0037027 0.00101779
 0.00454015 0.00219098 0.00337565 -0.00302307 0.0010248
 0.00436107 0.00206763 0.00294294 -0.00259487 0.000916731
 0 0 0 0 0
 0 0 0 0 0
 0 0 0 0 0
 0 0 0 0 0
 0 0 0 0 0
 0 0 0 0 0
 0 0 0 0 0
 0 0 0 0 0
 0 0 0 0 0
 0 0 0 0 0
 0 0 0 0 0
 0 0 0 0 0
 0 0 0 0 0
 0 0 0 0 0
 0 0 0 0 0
 0 0 0 0 0
 0 0 0 0 0
 0 0 0 0 0
 0 0 0 0 0
 0 0 0 0 0
 0 0 0 0 0
 0 0 0 0 0
 0 0 0 0 0
 0 0 0 0 0
 0 0 0 0 0
 0 0 0 0 0
 0 0 0 0 0
 0 0 0 0 0
 0 0 0 0 0
 0 0 0 0 0
 0 0 0 0 0
 0 0 0 0 0
 0 0 0 0 0
 0 0 0 0 0
 0 0 0 0 0
 0 0 0 0 0
 0 0 0 0 0
 0 0 0 0 0
 0 0 0 0 0
 0 0 0 0 0
 0 0 0 0 0
 0 0 0 0 0
 0 0 0 0 0
 0 0 0 0 0
 0 0 0 0 0
 0 0 0 0 0
 0 0 0 0 0
 0 0 0 0 0
 0 0 0 0 0
 0 0 0 0 0
 0 0 0 0 0
 0 0 0 0 0
 0 0 0 0 0
 0 0 0 0 0
 0 0 0 0 0
 0 0 0 0 0
 0 0 0 0 0
 0 0 0 0 0
 0 0 0 0 0
 0 0 0 0 0
 0 0 0 0 0
 0 0 0 0 0
 0 0 0 0 0
 3.19296 3.04226 0.0138673 -0.00312226 2.90059
 1.22784 1.1534 0.0139499 -0.00379858 1.08504
 0.645881 0.598561 0.0140358 -0.00441614 0.55628
 0.398511 0.364403 0.0138854 -0.00491979 0.334526
 0.278078 0.250969 0.0144884 -0.00584695 0.227764
 0.203001 0.180961 0.0149383 -0.00663494 0.162536
 0.155656 0.136981 0.0150401 -0.007368 0.121609
 0.124384 0.108046 0.0157349 -0.00829037 0.094755
 0.102624 0.0880531 0.0164783 -0.00940575 0.0764313
 0.0861413 0.0729831 0.0174344 -0.0107391 0.0626156
 0.0736731 0.0616571 0.0182617 -0.0118117 0.0523289
 0.06402 0.0529019 0.0194557 -0.013267 0.0443135
 0.0561037 0.045748 0.0208566 -0.0151056 0.0378351
 0.0506177 0.0407939 0.0223667 -0.0167642 0.0334448
 0.0445351 0.0354432 0.0233366 -0.0180776 0.0286539
 0.0399962 0.0314373 0.0240297 -0.0189742 0.0250486
 0.0368329 0.0285969 0.0262634 -0.0212537 0.0224954
 0.0330928 0.0253556 0.0266649 -0.0220176 0.0196746
 0.0310268 0.0235143 0.0284605 -0.0238808 0.0180328
 0.0286046 0.021431 0.0296257 -0.0252584 0.0162331
 0.0260626 0.0192948 0.0290146 -0.0250949 0.014424
 0.0241051 0.0176336 0.0292394 -0.0254162 0.0130036
 0.0223051 0.0161131 0.0301561 -0.0264574 0.011656
 0.0210121 0.0150055 0.0300797 -0.0265849 0.0106947
 0.0192928 0.0136476 0.02971 -0.0263692 0.00964487
 0.0180104 0.0125981 0.0285865 -0.0254552 0.00877644
 0.0166803 0.0115169 0.0283372 -0.0253426 0.00786831
 0.0158188 0.0108289 0.0282043 -0.025389 0.00730244
 0.0149472 0.0101477 0.0272334 -0.0246387 0.00681056
 0.0137842 0.00926487 0.0262073 -0.0236583 0.00614006
 0.0132061 0.00882638 0.0256122 -0.0232111 0.00582273
 0.0122403 0.00803419 0.0240629 -0.0218741 0.00506624
 0.0118898 0.00774394 0.0238316 -0.0216908 0.00484204
 0.0111182 0.00720706 0.0226004 -0.0206169 0.00449883
 0.0104422 0.00670856 0.0214129 -0.0195881 0.00409686
 0.0098995 0.00629644 0.0205899 -0.0188135 0.00375654
 0.00949944 0.00606648 0.0197038 -0.0179837 0.0037114
 0.00911538 0.00576489 0.0188406 -0.0172831 0.00341696
 0.00837319 0.00526488 0.0172339 -0.0157823 0.00306827
 0.00818169 0.00513897 0.0165166 -0.0151638 0.00302756
 0.00788375 0.00495116 0.0158633 -0.0144631 0.00295357
 0.00735725 0.00453606 0.0151002 -0.0138983 0.00256986
 0.00712844 0.0043785 0.0137706 -0.0126174 0.00250438
 0.00695925 0.00420068 0.0130723 -0.0120195 0.00235224
 0.00653625 0.00391967 0.0120767 -0.0111237 0.00221282
 0.00636487 0.00374155 0.011496 -0.0107044 0.00205664
 0.00618356 0.00355033 0.0108456 -0.0101056 0.00183141
 0.00594054 0.00335975 0.00995087 -0.00919294 0.00172553
 0.00570382 0.00318249 0.00923912 -0.00847506 0.00163331
 0.00553529 0.00306308 0.00856781 -0.00791063 0.00155432
 0.00551429 0.00296488 0.00766162 -0.00706669 0.00144248
 0.00518935 0.00274984 0.00690062 -0.00622914 0.00132948
 0.00509073 0.00271643 0.00661531 -0.00612358 0.00138486
 0.00494713 0.00255991 0.00571553 -0.00525509 0.00123786
 0.00477843 0.00241579 0.00507488 -0.00470746 0.00111964
 0.00467386 0.00234491 0.00436731 -0.00399824 0.00110301
 0.00461852 0.00228504 0.00405291 -0.00363758 0.00107248
 0.00452448 0.00222283 0.00357618 -0.00318556 0.00106577
 0 0 0 0 0
 0 0 0 0 0
 0 0 0 0 0
 0 0 0 0 0
 0 0 0 0 0
 0 0 0 0 0
 0 0 0 0 0
 0 0 0 0 0
 0 0 0 0 0
 0 0 0 0 0
 0 0 0 0 0
 0 0 0 0 0
 0 0 0 0 0
 0 0 0 0 0
 0 0 0 0 0
 0 0 0 0 0
 0 0 0 0 0
 0 0 0 0 0
 0 0 0 0 0
 0 0 0 0 0
 0 0 0 0 0
 0 0 0 0 0
 0 0 0 0 0
 0 0 0 0 0
 0 0 0 0 0
 0 0 0 0 0
 0 0 0 0 0
 0 0 0 0 0
 0 0 0 0 0
 0 0 0 0 0
 0 0 0 0 0
 0 0 0 0 0
 0 0 0 0 0
 0 0 0 0 0
 0 0 0 0 0
 0 0 0 0 0
 0 0 0 0 0
 0 0 0 0 0
 0 0 0 0 0
 0 0 0 0 0
 0 0 0 0 0
 0 0 0 0 0
 0 0 0 0 0
 0 0 0 0 0
 0 0 0 0 0
 0 0 0 0 0
 0 0 0 0 0
 0 0 0 0 0
 0 0 0 0 0
 0 0 0 0 0
 0 0 0 0 0
 0 0 0 0 0
 0 0 0 0 0
 0 0 0 0 0
 0 0 0 0 0
 0 0 0 0 0
 0 0 0 0 0
 0 0 0 0 0
 0 0 0 0 0
 0 0 0 0 0
 0 0 0 0 0
 0 0 0 0 0
 0 0 0 0 0
 0 0 0 0 0
 3.30658 3.15513 0.0130851 -0.00257065 3.01254
 1.23224 1.15953 0.0130599 -0.00319064 1.09279
 0.646269 0.600033 0.0129598 -0.00353644 0.558637
 0.410634 0.376312 0.0134352 -0.00440542 0.346308
 0.27787 0.251446 0.0135043 -0.00506152 0.228939
 0.206031 0.184021 0.0139109 -0.00575064 0.165535
 0.155352 0.137042 0.0140944 -0.00645238 0.121985
 0.123434 0.107544 0.0145337 -0.00730544 0.0946831
 0.102733 0.0884044 0.0154116 -0.00839656 0.07697
 0.0865631 0.0736031 0.0160625 -0.00946875 0.0634681
 0.0734319 0.0616713 0.0170838 -0.0107919 0.0525337
 0.0629563 0.0521906 0.0176311 -0.0117437 0.0439025
 0.0551022 0.04516 0.0190262 -0.0132569 0.0376056
 0.0489842 0.0396633 0.0201904 -0.0148087 0.0326811
 0.0440692 0.0352366 0.021816 -0.0164966 0.0286647
 0.0403279 0.0318044 0.0233684 -0.0183373 0.0254472
 0.0363612 0.0283177 0.0241429 -0.0193807 0.0223567
 0.0328663 0.0253054 0.0250052 -0.0205373 0.0197386
 0.0302244 0.0229914 0.0265398 -0.0223336 0.0177159
 0.0277175 0.0208471 0.0269067 -0.0227671 0.0158957
 0.0256564 0.0190938 0.0277987 -0.0238129 0.0143692
 0.0243067 0.0178691 0.0288144 -0.0249296 0.0132287
 0.0217854 0.0158479 0.0281702 -0.0245462 0.011641
 0.0202998 0.0145662 0.0277685 -0.0244407 0.0104639
 0.0189414 0.0134897 0.0283862 -0.0251671 0.00966588
 0.017522 0.0123455 0.0280229 -0.0249781 0.00871025
 0.0168298 0.0116909 0.0282626 -0.0252437 0.00806744
 0.0157054 0.0108186 0.0271831 -0.0243781 0.00739338
 0.0146088 0.00994275 0.0267929 -0.0241334 0.00664912
 0.0138049 0.00936338 0.0262434 -0.0237573 0.006328
 0.0132038 0.00881688 0.0255339 -0.0231994 0.00576323
 0.0120684 0.00799406 0.0237842 -0.0215968 0.00516319
 0.0115211 0.00752469 0.0234169 -0.0212662 0.00470893
 0.011101 0.00721875 0.0228882 -0.0209104 0.00452821
 0.0103508 0.0066935 0.0213325 -0.0194554 0.00416386
 0.00983675 0.00627925 0.0204384 -0.0186484 0.00379477
 0.00935837 0.00599547 0.0196693 -0.0180347 0.00367732
 0.00886394 0.00564248 0.0185888 -0.0170227 0.00339851
 0.0084145 0.00537189 0.0175057 -0.016038 0.00329819
 0.00798919 0.0050273 0.0159268 -0.0147131 0.00297891
 0.00780025 0.00488304 0.0159487 -0.0146239 0.00286806
 0.00728838 0.00453386 0.0145049 -0.0133756 0.00267621
 0.00703894 0.00434576 0.0137064 -0.0127051 0.00250501
 0.00683094 0.00419342 0.0129657 -0.0119649 0.00243691
 0.0064015 0.00382299 0.0120795 -0.0111804 0.00209374
 0.00620077 0.00367847 0.0113205 -0.010471 0.00201307
 0.00598474 0.00348238 0.0105399 -0.00970231 0.00188453
 0.00570782 0.00328094 0.00965756 -0.00896512 0.00173724
 0.00564884 0.00323456 0.00900175 -0.00834106 0.00172767
 0.00542704 0.00303539 0.00849531 -0.00782681 0.00157891
 0.00530808 0.00287635 0.00769962 -0.00712994 0.00140764
 0.00512827 0.0027712 0.00687175 -0.00633975 0.00140846
 0.00502834 0.00267743 0.00626738 -0.00578611 0.00134878
 0.00483983 0.00251341 0.0057094 -0.00525277 0.00119313
 0.00481414 0.00243846 0.00518913 -0.0046857 0.00113442
 0.00452048 0.00228384 0.00452868 -0.00412977 0.00108419
 0.00455127 0.0022752 0.0039613 -0.00358027 0.00108001
 0 0 0 0 0
 0 0 0 0 0
 0 0 0 0 0
 0 0 0 0 0
 0 0 0 0 0
 0 0 0 0 0
 0 0 0 0 0
 0 0 0 0 0
 0 0 0 0 0
 0 0 0 0 0
 0 0 0 0 0
 0 0 0 0 0
 0 0 0 0 0
 0 0 0 0 0
 0 0 0 0 0
 0 0 0 0 0
 0 0 0 0 0
 0 0 0 0 0
 0 0 0 0 0
 0 0 0 0 0
 0 0 0 0 0
 0 0 0 0 0
 0 0 0 0 0
 0 0 0 0 0
 0 0 0 0 0
 0 0 0 0 0
 0 0 0 0 0
 0 0 0 0 0
 0 0 0 0 0
 0 0 0 0 0
 0 0 0 0 0
 0 0 0 0 0
 0 0 0 0 0
 0 0 0 0 0
 0 0 0 0 0
 0 0 0 0 0
 0 0 0 0 0
 0 0 0 0 0
 0 0 0 0 0
 0 0 0 0 0
 0 0 0 0 0
 0 0 0 0 0
 0 0 0 0 0
 0 0 0 0 0
 0 0 0 0 0
 0 0 0 0 0
 0 0 0 0 0
 0 0 0 0 0
 0 0 0 0 0
 0 0 0 0 0
 0 0 0 0 0
 0 0 0 0 0
 0 0 0 0 0
 0 0 0 0 0
 0 0 0 0 0
 0 0 0 0 0
 0 0 0 0 0
 0 0 0 0 0
 0 0 0 0 0
 0 0 0 0 0
 0 0 0 0 0
 0 0 0 0 0
 0 0 0 0 0
 0 0 0 0 0
 0 0 0 0 0
 3.48995 3.33481 0.0125521 -0.00203477 3.18837
 1.29794 1.22332 0.0125423 -0.00256888 1.15467
 0.668881 0.622111 0.0124549 -0.00307292 0.580183
 0.416031 0.381968 0.0126891 -0.0038404 0.352124
 0.281108 0.254844 0.0127691 -0.00439693 0.232369
 0.205649 0.184047 0.0128831 -0.00498178 0.16585
 0.157503 0.139308 0.0131428 -0.00565599 0.124396
 0.126096 0.110157 0.0139425 -0.00664944 0.0972381
 0.102229 0.0882231 0.0141884 -0.00735169 0.0770794
 0.0852687 0.0727312 0.014868 -0.00839838 0.0629306
 0.07332 0.0617583 0.0158216 -0.00965081 0.0528016
 0.0639206 0.0531254 0.0167881 -0.0109063 0.0447364
 0.054398 0.0446743 0.017283 -0.011845 0.0372356
 0.0485221 0.0393909 0.0187806 -0.0133771 0.0325031
 0.0437894 0.0351313 0.0200405 -0.0148951 0.0286546
 0.0390065 0.0309225 0.0209366 -0.0160333 0.0249641
 0.0365611 0.0286287 0.0230911 -0.0184051 0.0227781
 0.0324611 0.0251004 0.0236252 -0.0191371 0.0196957
 0.0296189 0.0226331 0.0242551 -0.0201063 0.0175366
 0.0273412 0.0206559 0.0257056 -0.0216944 0.0158194
 0.0255137 0.0190424 0.0262936 -0.0224452 0.0143767
 0.0232891 0.0172105 0.026732 -0.023035 0.0128672
 0.0218958 0.0159735 0.0273179 -0.0238123 0.0117307
 0.0202763 0.014668 0.0274189 -0.024004 0.0107206
 0.018696 0.0133474 0.0273948 -0.0242316 0.009565
 0.0176642 0.0124663 0.0274186 -0.0244613 0.00880063
 0.0163193 0.0114054 0.0265686 -0.0237406 0.00794669
 0.0153093 0.0106026 0.0261197 -0.0233686 0.00732456
 0.0144864 0.0099005 0.0256817 -0.0231539 0.00667725
 0.0138711 0.009422 0.0256754 -0.0232611 0.00635012
 0.0129281 0.00866181 0.0244721 -0.0222112 0.00567119
 0.0121531 0.00810838 0.0236227 -0.0214681 0.00531746
 0.0116719 0.00770925 0.0235144 -0.0214198 0.00498439
 0.0108636 0.00708175 0.0219981 -0.0200601 0.00442781
 0.0102149 0.00667112 0.0205987 -0.0188053 0.00425118
 0.00965456 0.00621883 0.019869 -0.0182309 0.00384908
 0.009105 0.00584139 0.0189844 -0.0174224 0.00358958
 0.00879031 0.00564633 0.0183689 -0.0167851 0.00350039
 0.00850256 0.00543924 0.0176345 -0.0161693 0.00333765
 0.00802288 0.00510918 0.0162964 -0.0149319 0.00310161
 0.00761687 0.00481638 0.0156501 -0.0144071 0.00289178
 0.00714825 0.00447366 0.0143128 -0.0131306 0.00265249
 0.00690175 0.00428284 0.0137013 -0.0126679 0.00251178
 0.00673181 0.00413003 0.0128347 -0.0118475 0.00237134
 0.00631937 0.0038354 0.0119274 -0.011083 0.0021989
 0.00605171 0.00360241 0.0112451 -0.0104294 0.00200459
 0.00593186 0.00349383 0.0107796 -0.00994869 0.0019376
 0.00568454 0.00328684 0.00972694 -0.00900831 0.00177278
 0.00558894 0.00317506 0.00919656 -0.00847762 0.00168781
 0.00530251 0.00300978 0.00811137 -0.00745681 0.00161121
 0.00514896 0.00283666 0.00766562 -0.007124 0.0014645
 0.00512346 0.0027894 0.00690094 -0.00642287 0.00141437
 0.00495438 0.00265469 0.006346 -0.00587993 0.00133146
 0.00479453 0.00252394 0.00592626 -0.00546746 0.00125283
 0.00470551 0.00244626 0.00512989 -0.00467386 0.00118485
 0.00447747 0.00228676 0.00455523 -0.00412129 0.00110964
 0 0 0 0 0
 0 0 0 0 0
 0 0 0 0 0
 0 0 0 0 0
 0 0 0 0 0
 0 0 0 0 0
 0 0 0 0 0
 0 0 0 0 0
 0 0 0 0 0
 0 0 0 0 0
 0 0 0 0 0
 0 0 0 0 0
 0 0 0 0 0
 0 0 0 0 0
 0 0 0 0 0
 0 0 0 0 0
 0 0 0 0 0
 0 0 0 0 0
 0 0 0 0 0
 0 0 0 0 0
 0 0 0 0 0
 0 0 0 0 0
 0 0 0 0 0
 0 0 0 0 0
 0 0 0 0 0
 0 0 0 0 0
 0 0 0 0 0
 0 0 0 0 0
 0 0 0 0 0
 0 0 0 0 0
 0 0 0 0 0
 0 0 0 0 0
 0 0 0 0 0
 0 0 0 0 0
 0 0 0 0 0
 0 0 0 0 0
 0 0 0 0 0
 0 0 0 0 0
 0 0 0 0 0
 0 0 0 0 0
 0 0 0 0 0
 0 0 0 0 0
 0 0 0 0 0
 0 0 0 0 0
 0 0 0 0 0
 0 0 0 0 0
 0 0 0 0 0
 0 0 0 0 0
 0 0 0 0 0
 0 0 0 0 0
 0 0 0 0 0
 0 0 0 0 0
 0 0 0 0 0
 0 0 0 0 0
 0 0 0 0 0
 0 0 0 0 0
 0 0 0 0 0
 0 0 0 0 0
 0 0 0 0 0
 0 0 0 0 0
 0 0 0 0 0
 0 0 0 0 0
 0 0 0 0 0
 0 0 0 0 0
 0 0 0 0 0
 0 0 0 0 0
 3.63557 3.47856 0.0119182 -0.00166643 3.33009
 1.34395 1.26849 0.0119481 -0.00208411 1.19882
 0.693019 0.645663 0.011998 -0.00269936 0.60314
 0.42224 0.388339 0.0120385 -0.00321267 0.358585
 0.289808 0.263192 0.0122047 -0.00382191 0.240366
 0.207925 0.186565 0.0121067 -0.00435761 0.168708
 0.162769 0.144236 0.0125706 -0.00505907 0.128927
 0.127757 0.111872 0.0131033 -0.00583509 0.0989713
 0.103657 0.0896981 0.0134704 -0.00658862 0.0785575
 0.0859119 0.0734556 0.0139122 -0.00746256 0.0636856
 0.0730625 0.0616954 0.0144848 -0.00841012 0.0528584
 0.0626369 0.0522473 0.0152447 -0.00942825 0.044238
 0.0550461 0.0454333 0.0162241 -0.0106431 0.0381558
 0.0485651 0.0396213 0.0173913 -0.0121415 0.0329354
 0.0431263 0.0347324 0.0181535 -0.0132662 0.0284729
 0.0385244 0.0306447 0.0194892 -0.0147647 0.0248051
 0.0347862 0.0273691 0.0207126 -0.0162161 0.0219467
 0.0322241 0.0250414 0.022116 -0.0177924 0.0197995
 0.0294636 0.0226386 0.022957 -0.0188152 0.0177114
 0.0269638 0.0204398 0.0241677 -0.0201313 0.0156921
 0.0253643 0.0190467 0.0254651 -0.0216254 0.0145213
 0.0228895 0.0169926 0.0252309 -0.0216198 0.0127862
 0.0214029 0.0157039 0.0258942 -0.022438 0.0116556
 0.0198139 0.0143644 0.0259508 -0.0226778 0.0104741
 0.0185165 0.0133043 0.0265872 -0.0234653 0.00963406
 0.0173873 0.0123131 0.0265229 -0.0235336 0.008701
 0.0161921 0.0113506 0.0259499 -0.0232108 0.00791725
 0.0154511 0.0107353 0.0261956 -0.0234905 0.007431
 0.0141438 0.00972906 0.0250518 -0.0225377 0.00663725
 0.0134744 0.009161 0.0247651 -0.0224394 0.00613909
 0.0126899 0.00855913 0.0237788 -0.0215057 0.00568543
 0.0117835 0.00787838 0.0227122 -0.0205872 0.00517811
 0.0113375 0.00752438 0.0225601 -0.0205435 0.00489604
 0.0106314 0.0069925 0.0214881 -0.019591 0.00449022
 0.0100238 0.0065715 0.0201084 -0.0183709 0.00422346
 0.00944475 0.00609009 0.0193712 -0.0177662 0.00377134
 0.00908931 0.00584099 0.0188101 -0.0172119 0.00358917
 0.00864825 0.00553206 0.0178431 -0.0163374 0.00336407
 0.00813512 0.00521059 0.0168256 -0.0154738 0.00320765
 0.00770944 0.00493047 0.0158254 -0.0145192 0.00303179
 0.00739675 0.00467599 0.0150154 -0.0138755 0.00280932
 0.00710625 0.00448029 0.0145678 -0.0133727 0.00267363
 0.00681356 0.00425638 0.0136515 -0.0126121 0.00251318
 0.00652481 0.00400923 0.0128357 -0.0119097 0.00233953
 0.00639775 0.00389933 0.0123425 -0.0114087 0.0022412
 0.00594984 0.00356816 0.0110129 -0.0102285 0.00201575
 0.00594903 0.00355449 0.0105319 -0.00977287 0.00201504
 0.00562925 0.00329276 0.00979406 -0.00909256 0.00181843
 0.00536086 0.00308376 0.00872525 -0.00813019 0.00166732
 0.00528059 0.00297759 0.00835263 -0.00765706 0.00157905
 0.00515664 0.00288592 0.00758987 -0.00706038 0.00154367
 0.00499426 0.00276218 0.00680319 -0.00628131 0.00146371
 0.00472808 0.00256968 0.00611674 -0.00565746 0.00132114
 0.00474496 0.00253494 0.00583761 -0.00537666 0.00130517
 0.00455511 0.00241026 0.00517773 -0.00471996 0.00121398
 0 0 0 0 0
 0 0 0 0 0
 0 0 0 0 0
 0 0 0 0 0
 0 0 0 0 0
 0 0 0 0 0
 0 0 0 0 0
 0 0 0 0 0
 0 0 0 0 0
 0 0 0 0 0
 0 0 0 0 0
 0 0 0 0 0
 0 0 0 0 0
 0 0 0 0 0
 0 0 0 0 0
 0 0 0 0 0
 0 0 0 0 0
 0 0 0 0 0
 0 0 0 0 0
 0 0 0 0 0
 0 0 0 0 0
 0 0 0 0 0
 0 0 0 0 0
 0 0 0 0 0
 0 0 0 0 0
 0 0 0 0 0
 0 0 0 0 0
 0 0 0 0 0
 0 0 0 0 0
 0 0 0 0 0
 0 0 0 0 0
 0 0 0 0 0
 0 0 0 0 0
 0 0 0 0 0
 0 0 0 0 0
 0 0 0 0 0
 0 0 0 0 0
 0 0 0 0 0
 0 0 0 0 0
 0 0 0 0 0
 0 0 0 0 0
 0 0 0 0 0
 0 0 0 0 0
 0 0 0 0 0
 0 0 0 0 0
 0 0 0 0 0
 0 0 0 0 0
 0 0 0 0 0
 0 0 0 0 0
 0 0 0 0 0
 0 0 0 0 0
 0 0 0 0 0
 0 0 0 0 0
 0 0 0 0 0
 0 0 0 0 0
 0 0 0 0 0
 0 0 0 0 0
 0 0 0 0 0
 0 0 0 0 0
 0 0 0 0 0
 0 0 0 0 0
 0 0 0 0 0
 0 0 0 0 0
 0 0 0 0 0
 0 0 0 0 0
 0 0 0 0 0
 0 0 0 0 0
 3.79239 3.63346 0.0116081 -0.00121352 3.48307
 1.39545 1.31912 0.011537 -0.00169275 1.24865
 0.716444 0.668437 0.0113242 -0.00205056 0.625225
 0.430979 0.39709 0.0113927 -0.00263669 0.367282
 0.295869 0.269219 0.0115066 -0.00317518 0.246345
 0.211598 0.190272 0.011627 -0.00387492 0.172364
 0.163628 0.145352 0.0120396 -0.00450377 0.130331
 0.126114 0.110679 0.0120328 -0.00505673 0.0981281
 0.10164 0.0881187 0.0122803 -0.00574796 0.0772575
 0.087015 0.0745794 0.0131819 -0.00676188 0.0647981
 0.072905 0.0617147 0.0133322 -0.00750256 0.0529516
 0.0614774 0.0514825 0.0140124 -0.00841794 0.0438595
 0.0552183 0.0456444 0.0150246 -0.00967406 0.0383017
 0.0496976 0.0406392 0.0162336 -0.0109556 0.0337821
 0.0429882 0.034717 0.0169402 -0.0120704 0.0285592
 0.0383826 0.0306509 0.0180582 -0.0134604 0.0249326
 0.035257 0.0278372 0.0192786 -0.0148723 0.0223971
 0.0318305 0.0248023 0.0206289 -0.0164277 0.0196652
 0.0288801 0.0222577 0.0215921 -0.0176251 0.0174418
 0.0264559 0.0201229 0.0223967 -0.0186297 0.0154974
 0.0248671 0.0187308 0.0239561 -0.0202106 0.0143152
 0.0228199 0.0170296 0.0241754 -0.0206762 0.0129189
 0.0210276 0.0154967 0.0246372 -0.0212776 0.0115767
 0.0198481 0.01446 0.0249886 -0.0217951 0.0106176
 0.0184893 0.0133322 0.0249826 -0.021951 0.00969838
 0.0170967 0.0121859 0.0251612 -0.0223276 0.00872881
 0.0159151 0.0112203 0.025596 -0.0228852 0.00791238
 0.0148019 0.0103562 0.0246597 -0.0220619 0.00726019
 0.0138748 0.00958413 0.0242009 -0.0217844 0.00658269
 0.0132335 0.00904956 0.0239912 -0.0216079 0.00612868
 0.0124608 0.00847875 0.0233038 -0.0211222 0.00575119
 0.0116287 0.00779813 0.0226195 -0.0205394 0.00514203
 0.0109827 0.00730669 0.0212925 -0.0194012 0.00475591
 0.0105704 0.00699356 0.0214469 -0.0196035 0.00453855
 0.00994219 0.00650369 0.0201974 -0.0184719 0.00412883
 0.0094895 0.006222 0.0193037 -0.0176514 0.00403121
 0.00914063 0.00590089 0.0188462 -0.0172736 0.00366522
 0.00851594 0.00549309 0.0175079 -0.0160291 0.00343294
 0.00792575 0.00506794 0.0165196 -0.0152492 0.00308868
 0.007545 0.00478688 0.0155234 -0.0142993 0.00286944
 0.00725594 0.00462377 0.0146996 -0.0135475 0.00282498
 0.00708062 0.00446736 0.0142886 -0.0131824 0.00268841
 0.0067505 0.00425793 0.0133364 -0.0123103 0.00259324
 0.00641937 0.00396124 0.0125942 -0.0116967 0.00229071
 0.00623579 0.00381088 0.0120119 -0.0111269 0.00219153
 0.00586974 0.00357511 0.0107946 -0.00999881 0.00208641
 0.00569352 0.00339251 0.0103753 -0.009655 0.00191449
 0.00550478 0.00327023 0.00969487 -0.00903331 0.00184736
 0.00538561 0.00313193 0.00903406 -0.00842162 0.00171484
 0.00519308 0.00296787 0.00847606 -0.00780981 0.00159247
 0.00508958 0.00287173 0.007888 -0.00736344 0.00154519
 0.00491891 0.00271891 0.00703144 -0.00647325 0.00143207
 0.00479694 0.00259432 0.006331 -0.00589881 0.00130758
 0.00465391 0.00252941 0.00571573 -0.0052218 0.00132317
 0 0 0 0 0
 0 0 0 0 0
 0 0 0 0 0
 0 0 0 0 0
 0 0 0 0 0
 0 0 0 0 0
 0 0 0 0 0
 0 0 0 0 0
 0 0 0 0 0
 0 0 0 0 0
 0 0 0 0 0
 0 0 0 0 0
 0 0 0 0 0
 0 0 0 0 0
 0 0 0 0 0
 0 0 0 0 0
 0 0 0 0 0
 0 0 0 0 0
 0 0 0 0 0
 0 0 0 0 0
 0 0 0 0 0
 0 0 0 0 0
 0 0 0 0 0
 0 0 0 0 0
 0 0 0 0 0
 0 0 0 0 0
 0 0 0 0 0
 0 0 0 0 0
 0 0 0 0 0
 0 0 0 0 0
 0 0 0 0 0
 0 0 0 0 0
 0 0 0 0 0
 0 0 0 0 0
 0 0 0 0 0
 0 0 0 0 0
 0 0 0 0 0
 0 0 0 0 0
 0 0 0 0 0
 0 0 0 0 0
 0 0 0 0 0
 0 0 0 0 0
 0 0 0 0 0
 0 0 0 0 0
 0 0 0 0 0
 0 0 0 0 0
 0 0 0 0 0
 0 0 0 0 0
 0 0 0 0 0
 0 0 0 0 0
 0 0 0 0 0
 0 0 0 0 0
 0 0 0 0 0
 0 0 0 0 0
 0 0 0 0 0
 0 0 0 0 0
 0 0 0 0 0
 0 0 0 0 0
 0 0 0 0 0
 0 0 0 0 0
 0 0 0 0 0
 0 0 0 0 0
 0 0 0 0 0
 0 0 0 0 0
 0 0 0 0 0
 0 0 0 0 0
 0 0 0 0 0
 0 0 0 0 0
 4.02873 3.86457 0.0109886 -0.000796237 3.70901
 1.40664 1.33157 0.0109504 -0.00125024 1.26224
 0.723331 0.675919 0.0107593 -0.00169568 0.633206
 0.44341 0.409205 0.0108481 -0.00222575 0.379088
 0.299091 0.272676 0.0110514 -0.00282448 0.249983
 0.213983 0.192679 0.0110278 -0.00328772 0.174638
 0.162461 0.144629 0.0113548 -0.00394066 0.129962
 0.128398 0.112951 0.0115349 -0.00462003 0.100431
 0.104602 0.0909013 0.0116415 -0.00510701 0.0799394
 0.0877037 0.0753787 0.0122304 -0.0059317 0.0656612
 0.0731156 0.0620747 0.0124916 -0.0066795 0.0534558
 0.0629775 0.0528606 0.0133832 -0.00774306 0.0450855
 0.0552854 0.0458548 0.014054 -0.00869019 0.0386726
 0.0483045 0.0396148 0.01481 -0.00976075 0.0330509
 0.0424385 0.0344021 0.0155767 -0.0108248 0.0284155
 0.0375019 0.0300296 0.0164751 -0.0119917 0.024506
 0.0350844 0.0277854 0.018199 -0.0137873 0.0223861
 0.0313952 0.0245958 0.0195206 -0.015361 0.0196538
 0.0286955 0.0221886 0.0205033 -0.016568 0.017431
 0.0267539 0.0204751 0.0213634 -0.0175595 0.0159559
 0.0245247 0.0185332 0.0221161 -0.0186004 0.0141869
 0.0226052 0.0169183 0.0227302 -0.019248 0.0128513
 0.0212558 0.0157404 0.0234981 -0.0201842 0.0118153
 0.0192714 0.0140517 0.024202 -0.0210999 0.0103094
 0.0182129 0.0131806 0.0242685 -0.0213323 0.00961044
 0.0168994 0.0121007 0.0239314 -0.0211434 0.00871537
 0.0157232 0.0111649 0.0240631 -0.0214499 0.00797375
 0.0148673 0.0104247 0.0243554 -0.0218351 0.00729587
 0.0136913 0.00951287 0.0232493 -0.0208705 0.0065945
 0.0130589 0.00897031 0.0234949 -0.021186 0.00610514
 0.0122175 0.0083345 0.0225928 -0.0204613 0.00565379
 0.0116834 0.00787419 0.0220746 -0.0200479 0.00522675
 0.0108701 0.007298 0.0212754 -0.0193768 0.00486564
 0.0104837 0.0069545 0.0207327 -0.0189596 0.00452276
 0.00993194 0.00650256 0.0200119 -0.0183409 0.00411449
 0.00943369 0.00614967 0.0191302 -0.0175263 0.00387443
 0.00884194 0.0057356 0.0182286 -0.0167277 0.00361206
 0.00853425 0.00549336 0.0175821 -0.0161209 0.00339089
 0.00796406 0.00511446 0.0158598 -0.0145702 0.00314029
 0.0075425 0.00484532 0.0156595 -0.0144751 0.00300535
 0.00725656 0.00463139 0.0148605 -0.0136774 0.00284065
 0.00692488 0.00437239 0.013912 -0.0128505 0.00262621
 0.00659981 0.00416289 0.0132879 -0.0122737 0.00251432
 0.0064025 0.00399134 0.0126895 -0.0117286 0.00235596
 0.00609949 0.00374213 0.0117559 -0.010887 0.00217251
 0.00585054 0.00354281 0.0110759 -0.0103317 0.00201755
 0.00561177 0.00339149 0.0100668 -0.00942081 0.00196727
 0.00550577 0.00325499 0.00970106 -0.00900175 0.00178736
 0.00529521 0.00308687 0.00865444 -0.0080765 0.00168394
 0.00516862 0.00300259 0.00843463 -0.00790294 0.00166892
 0.00496865 0.00283296 0.00759881 -0.0070175 0.00154031
 0.00480727 0.00269931 0.00692356 -0.00646594 0.00143697
 0.00475193 0.00262234 0.00660637 -0.00612051 0.00135893
 0 0 0 0 0
 0 0 0 0 0
 0 0 0 0 0
 0 0 0 0 0
 0 0 0 0 0
 0 0 0 0 0
 0 0 0 0 0
 0 0 0 0 0
 0 0 0 0 0
 0 0 0 0 0
 0 0 0 0 0
 0 0 0 0 0
 0 0 0 0 0
 0 0 0 0 0
 0 0 0 0 0
 0 0 0 0 0
 0 0 0 0 0
 0 0 0 0 0
 0 0 0 0 0
 0 0 0 0 0
 0 0 0 0 0
 0 0 0 0 0
 0 0 0 0 0
 0 0 0 0 0
 0 0 0 0 0
 0 0 0 0 0
 0 0 0 0 0
 0 0 0 0 0
 0 0 0 0 0
 0 0 0 0 0
 0 0 0 0 0
 0 0 0 0 0
 0 0 0 0 0
 0 0 0 0 0
 0 0 0 0 0
 0 0 0 0 0
 0 0 0 0 0
 0 0 0 0 0
 0 0 0 0 0
 0 0 0 0 0
 0 0 0 0 0
 0 0 0 0 0
 0 0 0 0 0
 0 0 0 0 0
 0 0 0 0 0
 0 0 0 0 0
 0 0 0 0 0
 0 0 0 0 0
 0 0 0 0 0
 0 0 0 0 0
 0 0 0 0 0
 0 0 0 0 0
 0 0 0 0 0
 0 0 0 0 0
 0 0 0 0 0
 0 0 0 0 0
 0 0 0 0 0
 0 0 0 0 0
 0 0 0 0 0
 0 0 0 0 0
 0 0 0 0 0
 0 0 0 0 0
 0 0 0 0 0
 0 0 0 0 0
 0 0 0 0 0
 0 0 0 0 0
 0 0 0 0 0
 0 0 0 0 0
 0 0 0 0 0
 4.23878 4.07081 0.0106064 -0.000374519 3.91137
 1.47567 1.39876 0.0102099 -0.000768712 1.3277
 0.743962 0.696262 0.0104686 -0.00135328 0.653238
 0.457459 0.422864 0.0106426 -0.00189736 0.392339
 0.301167 0.275051 0.0104024 -0.00227447 0.252615
 0.220706 0.199116 0.0105526 -0.002803 0.180832
 0.166784 0.148762 0.0107211 -0.00341236 0.133869
 0.129923 0.114502 0.0108212 -0.00399854 0.101905
 0.103698 0.0903538 0.0109422 -0.00451595 0.0796288
 0.0857975 0.0739069 0.0113751 -0.00533358 0.0645369
 0.0717944 0.0611018 0.0116459 -0.00595214 0.0527465
 0.0616201 0.0518939 0.0120428 -0.00659237 0.0444759
 0.0543201 0.0452142 0.0127556 -0.00760525 0.0383125
 0.0481152 0.0395659 0.0138447 -0.00885031 0.0331023
 0.0419955 0.0341427 0.014385 -0.00971912 0.028243
 0.0375645 0.03018 0.0153664 -0.0109276 0.024662
 0.0344764 0.0274178 0.0167503 -0.0124266 0.0222284
 0.0311631 0.0244815 0.0181696 -0.0140311 0.0195713
 0.0287263 0.0223215 0.0188596 -0.01501 0.0176728
 0.0259969 0.0199421 0.0196632 -0.0159564 0.0155242
 0.0241234 0.0183471 0.0206517 -0.0171402 0.0142062
 0.0222823 0.0167284 0.0218402 -0.0184595 0.0127414
 0.0204824 0.0152067 0.0222095 -0.019045 0.0114394
 0.0191956 0.0141163 0.0227201 -0.0196927 0.0104922
 0.0180819 0.0131621 0.023509 -0.0206169 0.00970631
 0.0163874 0.011796 0.0223572 -0.0196594 0.0085675
 0.0154799 0.0110108 0.0232424 -0.0206313 0.007857
 0.0146013 0.0103103 0.0230176 -0.0205688 0.0073285
 0.0135748 0.00945781 0.0219731 -0.0196437 0.00657931
 0.0131199 0.009046 0.0228414 -0.0206393 0.00618008
 0.0121385 0.00833519 0.0219603 -0.0198893 0.00571878
 0.0114028 0.00773238 0.0211836 -0.0191748 0.00520402
 0.0108076 0.00727737 0.0208528 -0.0190332 0.00485766
 0.0102636 0.00683081 0.0203112 -0.0185402 0.00445687
 0.00984187 0.00651669 0.0197897 -0.0180708 0.00424556
 0.00911862 0.00597281 0.0186051 -0.0170191 0.00381362
 0.00859606 0.00561114 0.0176282 -0.0161977 0.00357988
 0.0082875 0.00537957 0.0170194 -0.0156378 0.00338696
 0.00790944 0.00510036 0.0164476 -0.0151032 0.00316814
 0.00745956 0.00480769 0.0152218 -0.0140399 0.00298462
 0.00710237 0.00453093 0.0145553 -0.0134568 0.00273746
 0.0068015 0.0043129 0.0137105 -0.0126317 0.00261363
 0.00658662 0.00415858 0.0132694 -0.0122723 0.00251816
 0.00631675 0.00396418 0.0122898 -0.0113737 0.00240519
 0.00598882 0.00372939 0.0117188 -0.0108156 0.00221684
 0.00578616 0.00355238 0.0110766 -0.0103157 0.00208004
 0.00562542 0.00338131 0.0102722 -0.00953037 0.00192173
 0.00529618 0.00313288 0.00946387 -0.00877012 0.00175952
 0.00522679 0.00308024 0.0089155 -0.00831612 0.00172981
 0.00510234 0.00299097 0.00825575 -0.00765338 0.00168454
 0.0049953 0.00285742 0.00754931 -0.00710338 0.00155752
 0.00469586 0.00263476 0.00712387 -0.00663419 0.00139237
 0 0 0 0 0
 0 0 0 0 0
 0 0 0 0 0
 0 0 0 0 0
 0 0 0 0 0
 0 0 0 0 0
 0 0 0 0 0
 0 0 0 0 0
 0 0 0 0 0
 0 0 0 0 0
 0 0 0 0 0
 0 0 0 0 0
 0 0 0 0 0
 0 0 0 0 0
 0 0 0 0 0
 0 0 0 0 0
 0 0 0 0 0
 0 0 0 0 0
 0 0 0 0 0
 0 0 0 0 0
 0 0 0 0 0
 0 0 0 0 0
 0 0 0 0 0
 0 0 0 0 0
 0 0 0 0 0
 0 0 0 0 0
 0 0 0 0 0
 0 0 0 0 0
 0 0 0 0 0
 0 0 0 0 0
 0 0 0 0 0
 0 0 0 0 0
 0 0 0 0 0
 0 0 0 0 0
 0 0 0 0 0
 0 0 0 0 0
 0 0 0 0 0
 0 0 0 0 0
 0 0 0 0 0
 0 0 0 0 0
 0 0 0 0 0
 0 0 0 0 0
 0 0 0 0 0
 0 0 0 0 0
 0 0 0 0 0
 0 0 0 0 0
 0 0 0 0 0
 0 0 0 0 0
 0 0 0 0 0
 0 0 0 0 0
 0 0 0 0 0
 0 0 0 0 0
 0 0 0 0 0
 0 0 0 0 0
 0 0 0 0 0
 0 0 0 0 0
 0 0 0 0 0
 0 0 0 0 0
 0 0 0 0 0
 0 0 0 0 0
 0 0 0 0 0
 0 0 0 0 0
 0 0 0 0 0
 0 0 0 0 0
 0 0 0 0 0
 0 0 0 0 0
 0 0 0 0 0
 0 0 0 0 0
 0 0 0 0 0
 0 0 0 0 0
 4.43706 4.26613 0.0101172 -2.87579e-05 4.10376
 1.55614 1.47685 0.0100363 -0.000504997 1.40336
 0.784969 0.7357 0.0100336 -0.000930681 0.691175
 0.462219 0.427963 0.0100605 -0.00146542 0.397776
 0.307241 0.281067 0.00991175 -0.00185964 0.258531
 0.222596 0.201217 0.0100185 -0.00246552 0.183144
 0.170528 0.152369 0.0100829 -0.00290841 0.13731
 0.131888 0.116516 0.0104973 -0.00353681 0.104011
 0.105993 0.09254 0.0104232 -0.00405163 0.0817431
 0.0880569 0.0760169 0.0105834 -0.0045238 0.0665106
 0.0746406 0.0636925 0.0110712 -0.00529923 0.0551188
 0.0640531 0.0540929 0.0118094 -0.00621521 0.0464206
 0.0544676 0.045452 0.0119444 -0.00681462 0.0385399
 0.0477565 0.0394031 0.0126882 -0.007819 0.0331253
 0.0423977 0.0345804 0.0134146 -0.00880394 0.0287266
 0.0385617 0.0311042 0.0149579 -0.0104761 0.0255575
 0.0337621 0.0269286 0.0154053 -0.011187 0.0218791
 0.0317006 0.0249704 0.0168657 -0.0128345 0.0200015
 0.0285818 0.0223201 0.0176448 -0.0138021 0.0177928
 0.0254997 0.0196735 0.0184201 -0.0148367 0.0154663
 0.0234563 0.0178902 0.0192457 -0.0158141 0.0139191
 0.0219711 0.0165875 0.0203232 -0.0170556 0.0127567
 0.0206918 0.0154379 0.0215556 -0.0183976 0.0116916
 0.0190741 0.0140576 0.0214751 -0.018513 0.0104669
 0.0177872 0.0129841 0.0221051 -0.0192581 0.00958087
 0.0166205 0.0119956 0.0225868 -0.0199371 0.00872119
 0.0151995 0.0108868 0.0223431 -0.0197551 0.00786569
 0.0144659 0.0102516 0.0221243 -0.0197844 0.00731781
 0.0134057 0.00940681 0.0220777 -0.0197726 0.0066245
 0.0128855 0.00892081 0.0215834 -0.0194282 0.00614586
 0.0120372 0.00826456 0.0212183 -0.0192623 0.00564028
 0.0113323 0.00771981 0.0211558 -0.0192572 0.00521833
 0.0107462 0.00722744 0.0204021 -0.0186088 0.00478021
 0.0101031 0.00678906 0.0198601 -0.0181601 0.00452364
 0.00961856 0.00638175 0.0192322 -0.0175738 0.00415216
 0.00898719 0.00591763 0.0183515 -0.0168504 0.00380413
 0.00870644 0.00570819 0.0178436 -0.016391 0.00366392
 0.00812338 0.00529662 0.016538 -0.0152139 0.00337939
 0.00765044 0.00495967 0.0155426 -0.0143506 0.00311844
 0.00736138 0.00472776 0.0152778 -0.0140821 0.00290379
 0.00700631 0.00451954 0.0141479 -0.0130002 0.00282102
 0.00667869 0.0042652 0.0132438 -0.0121827 0.00262296
 0.00643087 0.00407396 0.0130986 -0.0120832 0.0024729
 0.00608774 0.00383397 0.0122326 -0.011344 0.00232271
 0.00593811 0.00371419 0.0112182 -0.0103992 0.00225063
 0.00580774 0.00355883 0.011051 -0.0103346 0.00206733
 0.00553907 0.00337583 0.0104011 -0.00965487 0.00197726
 0.00526047 0.00317646 0.009187 -0.00857281 0.00184536
 0.00517437 0.00307354 0.0088805 -0.008235 0.00174979
 0.00492378 0.00288428 0.00805162 -0.00758275 0.00162334
 0.00481978 0.00277219 0.00771525 -0.007249 0.00151526
 0 0 0 0 0
 0 0 0 0 0
 0 0 0 0 0
 0 0 0 0 0
 0 0 0 0 0
 0 0 0 0 0
 0 0 0 0 0
 0 0 0 0 0
 0 0 0 0 0
 0 0 0 0 0
 0 0 0 0 0
 0 0 0 0 0
 0 0 0 0 0
 0 0 0 0 0
 0 0 0 0 0
 0 0 0 0 0
 0 0 0 0 0
 0 0 0 0 0
 0 0 0 0 0
 0 0 0 0 0
 0 0 0 0 0
 0 0 0 0 0
 0 0 0 0 0
 0 0 0 0 0
 0 0 0 0 0
 0 0 0 0 0
 0 0 0 0 0
 0 0 0 0 0
 0 0 0 0 0
 0 0 0 0 0
 0 0 0 0 0
 0 0 0 0 0
 0 0 0 0 0
 0 0 0 0 0
 0 0 0 0 0
 0 0 0 0 0
 0 0 0 0 0
 0 0 0 0 0
 0 0 0 0 0
 0 0 0 0 0
 0 0 0 0 0
 0 0 0 0 0
 0 0 0 0 0
 0 0 0 0 0
 0 0 0 0 0
 0 0 0 0 0
 0 0 0 0 0
 0 0 0 0 0
 0 0 0 0 0
 0 0 0 0 0
 0 0 0 0 0
 0 0 0 0 0
 0 0 0 0 0
 0 0 0 0 0
 0 0 0 0 0
 0 0 0 0 0
 0 0 0 0 0
 0 0 0 0 0
 0 0 0 0 0
 0 0 0 0 0
 0 0 0 0 0
 0 0 0 0 0
 0 0 0 0 0
 0 0 0 0 0
 0 0 0 0 0
 0 0 0 0 0
 0 0 0 0 0
 0 0 0 0 0
 0 0 0 0 0
 0 0 0 0 0
 0 0 0 0 0
 4.74091 4.56329 0.00996787 0.000300151 4.39435
 1.59521 1.51592 0.00988062 -0.000193787 1.44241
 0.788344 0.739881 0.00958612 -0.000602597 0.696037
 0.478185 0.443394 0.00931875 -0.000997444 0.412618
 0.311174 0.285044 0.00925775 -0.00146025 0.262455
 0.225257 0.204022 0.00938769 -0.00192279 0.186075
 0.166868 0.149377 0.00941894 -0.00242826 0.134881
 0.135557 0.119975 0.00990856 -0.00306123 0.107212
 0.107897 0.094385 0.00966313 -0.00344914 0.083525
 0.0884825 0.0765663 0.0101806 -0.00409892 0.06712
 0.0730725 0.0625225 0.0104188 -0.00480717 0.0542931
 0.0624173 0.0528444 0.0105753 -0.00526211 0.0455092
 0.0549403 0.0459814 0.0114758 -0.00632669 0.0391478
 0.0484601 0.0400798 0.0119912 -0.00715487 0.0337357
 0.0426094 0.0348648 0.0128889 -0.00828044 0.0290572
 0.0378894 0.0306537 0.0135869 -0.00920462 0.0252866
 0.0344766 0.0276053 0.0144637 -0.0103124 0.0225689
 0.0308862 0.024431 0.0152741 -0.011317 0.0197092
 0.0276821 0.021675 0.0164434 -0.0127081 0.0173091
 0.0256326 0.0198349 0.0174887 -0.0139212 0.0156275
 0.0235979 0.0180298 0.0184424 -0.0150564 0.0139817
 0.0217174 0.0164503 0.0194093 -0.0161572 0.0126892
 0.0202419 0.0151779 0.0201358 -0.0171176 0.0115979
 0.0188563 0.0139539 0.0206451 -0.0177488 0.0104441
 0.0170907 0.0125174 0.0204497 -0.0177114 0.00926525
 0.0162225 0.0117526 0.0214809 -0.0188366 0.00857006
 0.0151805 0.0109146 0.0214496 -0.0189419 0.00793437
 0.0142141 0.0100994 0.0212974 -0.0189606 0.00720112
 0.0131836 0.00928913 0.0206817 -0.0184774 0.00658194
 0.0128014 0.00892806 0.0214591 -0.0193368 0.00623157
 0.0117864 0.00813331 0.0206005 -0.0186184 0.00559045
 0.0112369 0.00769869 0.0205835 -0.0186314 0.00526184
 0.0107408 0.0072925 0.0202518 -0.0184325 0.00492386
 0.00988869 0.00665494 0.0188359 -0.0172237 0.00443362
 0.00956212 0.00638306 0.0192424 -0.0176196 0.0042171
 0.00902075 0.00595783 0.0180309 -0.0165594 0.00384702
 0.00840031 0.00555181 0.0169257 -0.0156001 0.00362966
 0.00811075 0.00528695 0.0165361 -0.0152054 0.00333366
 0.00782963 0.00509234 0.0161607 -0.0148945 0.00321597
 0.00731425 0.00472402 0.0152482 -0.0140829 0.00293153
 0.00695862 0.00449605 0.0141591 -0.0131089 0.00282387
 0.00666 0.00428043 0.0134584 -0.0124924 0.00266543
 0.00648494 0.00413837 0.0128967 -0.0119697 0.00255786
 0.00601218 0.00381465 0.0121109 -0.0112042 0.00234821
 0.00590354 0.00368901 0.0116133 -0.0107779 0.0022075
 0.00555524 0.00344353 0.0104275 -0.00972244 0.00204701
 0.00539187 0.00330828 0.00992587 -0.00933494 0.00195611
 0.00523433 0.00316252 0.00948662 -0.00892556 0.00182093
 0.00507506 0.00304707 0.00869287 -0.00816956 0.00176576
 0.00499258 0.00294232 0.00813469 -0.00759981 0.00167903
 0 0 0 0 0
 0 0 0 0 0
 0 0 0 0 0
 0 0 0 0 0
 0 0 0 0 0
 0 0 0 0 0
 0 0 0 0 0
 0 0 0 0 0
 0 0 0 0 0
 0 0 0 0 0
 0 0 0 0 0
 0 0 0 0 0
 0 0 0 0 0
 0 0 0 0 0
 0 0 0 0 0
 0 0 0 0 0
 0 0 0 0 0
 0 0 0 0 0
 0 0 0 0 0
 0 0 0 0 0
 0 0 0 0 0
 0 0 0 0 0
 0 0 0 0 0
 0 0 0 0 0
 0 0 0 0 0
 0 0 0 0 0
 0 0 0 0 0
 0 0 0 0 0
 0 0 0 0 0
 0 0 0 0 0
 0 0 0 0 0
 0 0 0 0 0
 0 0 0 0 0
 0 0 0 0 0
 0 0 0 0 0
 0 0 0 0 0
 0 0 0 0 0
 0 0 0 0 0
 0 0 0 0 0
 0 0 0 0 0
 0 0 0 0 0
 0 0 0 0 0
 0 0 0 0 0
 0 0 0 0 0
 0 0 0 0 0
 0 0 0 0 0
 0 0 0 0 0
 0 0 0 0 0
 0 0 0 0 0
 0 0 0 0 0
 0 0 0 0 0
 0 0 0 0 0
 0 0 0 0 0
 0 0 0 0 0
 0 0 0 0 0
 0 0 0 0 0
 0 0 0 0 0
 0 0 0 0 0
 0 0 0 0 0
 0 0 0 0 0
 0 0 0 0 0
 0 0 0 0 0
 0 0 0 0 0
 0 0 0 0 0
 0 0 0 0 0
 0 0 0 0 0
 0 0 0 0 0
 0 0 0 0 0
 0 0 0 0 0
 0 0 0 0 0
 0 0 0 0 0
 0 0 0 0 0
 4.89735 4.71871 0.00944438 0.000569256 4.5486
 1.6277 1.54862 0.00932681 0.000105576 1.47519
 0.822675 0.773062 0.00916106 -0.000271523 0.728038
 0.488913 0.45394 0.00909537 -0.000677556 0.42297
 0.322528 0.295917 0.00905212 -0.00113424 0.272808
 0.226762 0.205701 0.00886656 -0.00155558 0.187883
 0.174163 0.156179 0.00912975 -0.00208342 0.141208
 0.136492 0.121037 0.00918456 -0.00258949 0.108414
 0.107818 0.0945769 0.00941469 -0.0031083 0.0839763
 0.0905812 0.0785394 0.00946806 -0.00355959 0.06895
 0.0751744 0.0644381 0.00971662 -0.00414545 0.055983
 0.0623513 0.0528726 0.00998763 -0.00474589 0.0455724
 0.0553684 0.0464421 0.0108741 -0.00574774 0.0396175
 0.0486125 0.0403068 0.0111819 -0.00634838 0.0339714
 0.042432 0.0348329 0.0118562 -0.00729531 0.0291708
 0.0373461 0.0303192 0.0125208 -0.00819756 0.0251117
 0.0336346 0.0269914 0.0134493 -0.00935987 0.0220652
 0.0305451 0.0242474 0.0144426 -0.0106042 0.0196539
 0.0281579 0.0220924 0.0155354 -0.0118192 0.0176478
 0.0255582 0.0198498 0.016082 -0.0126128 0.0156938
 0.0231492 0.0178031 0.0170414 -0.0137298 0.013979
 0.0216888 0.0164611 0.0183084 -0.0152272 0.0126785
 0.0200455 0.0150645 0.0187217 -0.0157467 0.0115014
 0.0184302 0.0136994 0.0192796 -0.0164421 0.0103214
 0.0174809 0.0128339 0.0206219 -0.0179022 0.00950819
 0.0158759 0.0115443 0.0202416 -0.0176966 0.00846594
 0.0149842 0.0108232 0.0204511 -0.0180254 0.00792794
 0.0142734 0.010204 0.0206974 -0.0184001 0.00738131
 0.0130491 0.00921488 0.0202946 -0.0181869 0.00651413
 0.0123559 0.00862962 0.0206007 -0.0184956 0.00601801
 0.0115041 0.00796687 0.0195983 -0.0176544 0.00550227
 0.0111651 0.0076805 0.0197499 -0.017878 0.00527219
 0.0104954 0.00716487 0.0195429 -0.0177574 0.00486819
 0.00980913 0.00661669 0.0184834 -0.0168696 0.00440456
 0.00927806 0.00620891 0.0178055 -0.0162889 0.00409027
 0.00874556 0.00583559 0.0174774 -0.0160597 0.00386814
 0.00840012 0.00553789 0.0170576 -0.0157088 0.00357138
 0.00789775 0.00519145 0.0161268 -0.0148535 0.00335131
 0.007591 0.00496151 0.0152088 -0.0139764 0.00316842
 0.00716169 0.00465379 0.0143566 -0.0132871 0.00294432
 0.00683387 0.0044387 0.0139837 -0.0129661 0.00282357
 0.00651231 0.00417885 0.0131362 -0.0121656 0.00256833
 0.00623154 0.00400888 0.0125066 -0.0116172 0.00250116
 0.00602699 0.00381753 0.0117893 -0.0109739 0.00232193
 0.00582596 0.00366551 0.0111537 -0.0104152 0.00222451
 0.00572672 0.00356833 0.0108629 -0.0101178 0.00215126
 0.00533931 0.00328492 0.00998775 -0.00927038 0.00194079
 0.00511611 0.00311398 0.00923663 -0.00860169 0.00182734
 0.00510567 0.00306321 0.00873312 -0.00813756 0.00176683
 0 0 0 0 0
 0 0 0 0 0
 0 0 0 0 0
 0 0 0 0 0
 0 0 0 0 0
 0 0 0 0 0
 0 0 0 0 0
 0 0 0 0 0
 0 0 0 0 0
 0 0 0 0 0
 0 0 0 0 0
 0 0 0 0 0
 0 0 0 0 0
 0 0 0 0 0
 0 0 0 0 0
 0 0 0 0 0
 0 0 0 0 0
 0 0 0 0 0
 0 0 0 0 0
 0 0 0 0 0
 0 0 0 0 0
 0 0 0 0 0
 0 0 0 0 0
 0 0 0 0 0
 0 0 0 0 0
 0 0 0 0 0
 0 0 0 0 0
 0 0 0 0 0
 0 0 0 0 0
 0 0 0 0 0
 0 0 0 0 0
 0 0 0 0 0
 0 0 0 0 0
 0 0 0 0 0
 0 0 0 0 0
 0 0 0 0 0
 0 0 0 0 0
 0 0 0 0 0
 0 0 0 0 0
 0 0 0 0 0
 0 0 0 0 0
 0 0 0 0 0
 0 0 0 0 0
 0 0 0 0 0
 0 0 0 0 0
 0 0 0 0 0
 0 0 0 0 0
 0 0 0 0 0
 0 0 0 0 0
 0 0 0 0 0
 0 0 0 0 0
 0 0 0 0 0
 0 0 0 0 0
 0 0 0 0 0
 0 0 0 0 0
 0 0 0 0 0
 0 0 0 0 0
 0 0 0 0 0
 0 0 0 0 0
 0 0 0 0 0
 0 0 0 0 0
 0 0 0 0 0
 0 0 0 0 0
 0 0 0 0 0
 0 0 0 0 0
 0 0 0 0 0
 0 0 0 0 0
 0 0 0 0 0
 0 0 0 0 0
 0 0 0 0 0
 0 0 0 0 0
 0 0 0 0 0
 0 0 0 0 0
 5.34372 5.15383 0.00924937 0.000841437 4.9727
 1.73069 1.64842 0.00917969 0.000421096 1.57189
 0.853206 0.802781 0.00886 -2.56971e-05 0.756975
 0.498188 0.463206 0.00881487 -0.000475637 0.43222
 0.328858 0.302256 0.00861881 -0.000845088 0.279213
 0.234003 0.212597 0.00843681 -0.00121081 0.194465
 0.174341 0.156637 0.00861994 -0.00169306 0.141849
 0.134937 0.1199 0.00877331 -0.00222561 0.107596
 0.109028 0.0957869 0.00876931 -0.0025959 0.0851112
 0.0895544 0.0778331 0.00924931 -0.00330629 0.0685525
 0.0741369 0.0637419 0.00923987 -0.00367634 0.0556263
 0.0636206 0.0540687 0.00935062 -0.00425407 0.0466437
 0.0545044 0.0458291 0.009867 -0.00495096 0.039202
 0.0475688 0.0395734 0.0103412 -0.00565219 0.0335156
 0.0419557 0.0345011 0.0107817 -0.00644613 0.0288927
 0.0369715 0.0300728 0.0113006 -0.00717 0.0249296
 0.0341109 0.0274744 0.0124317 -0.008382 0.0225775
 0.0300291 0.0238929 0.0131432 -0.00940575 0.0193753
 0.0277783 0.0218947 0.0145429 -0.0109144 0.0176125
 0.0259522 0.0202284 0.0155101 -0.0120093 0.0160582
 0.0230831 0.0177869 0.0158956 -0.012662 0.0139693
 0.0212026 0.0161469 0.0170214 -0.0139519 0.0125059
 0.0200385 0.0151333 0.0182903 -0.0152829 0.0116439
 0.0181307 0.0135279 0.0184647 -0.0157414 0.0102329
 0.0172007 0.0127134 0.0193529 -0.0166382 0.00951944
 0.015995 0.0117065 0.019654 -0.0171083 0.00869162
 0.0149764 0.010848 0.0201524 -0.0177314 0.00793725
 0.0139816 0.0100518 0.0197191 -0.0174634 0.00733225
 0.0129574 0.00921938 0.0193989 -0.0172652 0.00663606
 0.0121648 0.00856781 0.0198941 -0.0178929 0.00608286
 0.0114106 0.00794781 0.0191386 -0.0172774 0.00552862
 0.0108382 0.00751319 0.0189246 -0.0171048 0.00523581
 0.0103199 0.00705125 0.0185361 -0.0167782 0.00478399
 0.0096435 0.00656737 0.0185099 -0.0168879 0.00446336
 0.00919156 0.00618489 0.0179704 -0.0164692 0.00411998
 0.00865 0.00578406 0.0169751 -0.0156079 0.00382923
 0.00845075 0.00563319 0.0169655 -0.0156361 0.00373111
 0.00783744 0.00518054 0.0157066 -0.0144398 0.00337796
 0.00754494 0.00497517 0.0153299 -0.0141754 0.00324624
 0.00701013 0.00454542 0.0143197 -0.0132714 0.00282886
 0.00663181 0.00428141 0.0133387 -0.0123254 0.00266214
 0.00640944 0.00414608 0.0130478 -0.0121131 0.0026117
 0.00595873 0.00383541 0.011953 -0.0111272 0.00239435
 0.00605975 0.00388048 0.0119401 -0.0111416 0.00243317
 0.00576363 0.00365236 0.011241 -0.0104731 0.00226884
 0.00542576 0.00339103 0.010497 -0.00980044 0.00204787
 0.00539706 0.00331778 0.0101332 -0.00945913 0.00195159
 0.00500826 0.00304475 0.00932619 -0.00867488 0.00175914
 0 0 0 0 0
 0 0 0 0 0
 0 0 0 0 0
 0 0 0 0 0
 0 0 0 0 0
 0 0 0 0 0
 0 0 0 0 0
 0 0 0 0 0
 0 0 0 0 0
 0 0 0 0 0
 0 0 0 0 0
 0 0 0 0 0
 0 0 0 0 0
 0 0 0 0 0
 0 0 0 0 0
 0 0 0 0 0
 0 0 0 0 0
 0 0 0 0 0
 0 0 0 0 0
 0 0 0 0 0
 0 0 0 0 0
 0 0 0 0 0
 0 0 0 0 0
 0 0 0 0 0
 0 0 0 0 0
 0 0 0 0 0
 0 0 0 0 0
 0 0 0 0 0
 0 0 0 0 0
 0 0 0 0 0
 0 0 0 0 0
 0 0 0 0 0
 0 0 0 0 0
 0 0 0 0 0
 0 0 0 0 0
 0 0 0 0 0
 0 0 0 0 0
 0 0 0 0 0
 0 0 0 0 0
 0 0 0 0 0
 0 0 0 0 0
 0 0 0 0 0
 0 0 0 0 0
 0 0 0 0 0
 0 0 0 0 0
 0 0 0 0 0
 0 0 0 0 0
 0 0 0 0 0
 0 0 0 0 0
 0 0 0 0 0
 0 0 0 0 0
 0 0 0 0 0
 0 0 0 0 0
 0 0 0 0 0
 0 0 0 0 0
 0 0 0 0 0
 0 0 0 0 0
 0 0 0 0 0
 0 0 0 0 0
 0 0 0 0 0
 0 0 0 0 0
 0 0 0 0 0
 0 0 0 0 0
 0 0 0 0 0
 0 0 0 0 0
 0 0 0 0 0
 0 0 0 0 0
 0 0 0 0 0
 0 0 0 0 0
 0 0 0 0 0
 0 0 0 0 0
 0 0 0 0 0
 0 0 0 0 0
 0 0 0 0 0
 5.62549 5.43082 0.0089265 0.00120424 5.24481
 1.78108 1.69827 0.00863688 0.000719444 1.62108
 0.8644 0.814319 0.00827206 0.000355441 0.768781
 0.511384 0.476116 0.00828519 -0.000123317 0.444779
 0.33579 0.309079 0.00828112 -0.000559317 0.28588
 0.239395 0.217831 0.00811313 -0.000925756 0.199433
 0.174777 0.157254 0.00811144 -0.00135588 0.142612
 0.139208 0.12391 0.00833394 -0.00177209 0.111377
 0.109384 0.0962825 0.00831375 -0.00231149 0.0856981
 0.0900144 0.0783694 0.008546 -0.00281632 0.0691156
 0.0745637 0.0642231 0.00845512 -0.00315739 0.0561047
 0.0647687 0.0552301 0.00906675 -0.00382391 0.0478567
 0.0549953 0.0463729 0.00936825 -0.00451692 0.0397721
 0.0481054 0.0401217 0.009668 -0.00505733 0.0340524
 0.0422359 0.0348316 0.0103086 -0.00590181 0.0292221
 0.0367871 0.0300386 0.0106619 -0.00659875 0.0249992
 0.0333038 0.0268932 0.0115553 -0.00757675 0.0221386
 0.0303406 0.0242394 0.0123657 -0.008639 0.0197711
 0.0273698 0.0216038 0.0134388 -0.00987 0.0173572
 0.0245021 0.0191536 0.0137617 -0.0105161 0.0152531
 0.0231163 0.0179076 0.0154872 -0.0123106 0.0141912
 0.0212638 0.0162684 0.0162082 -0.0131526 0.0126737
 0.0191389 0.0145085 0.0166655 -0.0138789 0.0112159
 0.0181836 0.0136441 0.0179561 -0.0152106 0.0104215
 0.016589 0.0123123 0.017956 -0.0153459 0.00927831
 0.0157276 0.0115919 0.0184669 -0.0159887 0.00871312
 0.0145639 0.0105975 0.0187666 -0.0164213 0.0078185
 0.0137351 0.00990244 0.0187233 -0.0165711 0.0072225
 0.0129586 0.00924475 0.0192961 -0.0171993 0.00665438
 0.0122356 0.00866287 0.0189583 -0.0169442 0.00619631
 0.0113713 0.00796269 0.0189641 -0.0171456 0.00559877
 0.0107006 0.00741331 0.0180604 -0.0163291 0.00513216
 0.00991413 0.00681288 0.0175246 -0.0159233 0.00466677
 0.00969556 0.00659781 0.0178795 -0.0162671 0.00445232
 0.00904606 0.00613478 0.0170176 -0.0155579 0.004152
 0.00853894 0.00571646 0.0165476 -0.0151606 0.00376056
 0.00823738 0.00547524 0.0159717 -0.0146764 0.00357213
 0.00773562 0.00513175 0.0151556 -0.0139397 0.0033653
 0.00749937 0.00493428 0.0151393 -0.0140128 0.00318198
 0.007023 0.00459302 0.0142861 -0.0131935 0.0029264
 0.00670087 0.00436529 0.0138103 -0.0128047 0.00276888
 0.0063135 0.00409465 0.0127737 -0.0118312 0.00259191
 0.00614067 0.00396535 0.0120941 -0.0112436 0.00249526
 0.00584344 0.00372798 0.0114826 -0.0106622 0.00229374
 0.00552194 0.00352519 0.0108329 -0.010107 0.00219851
 0.00544575 0.0034402 0.010301 -0.00962706 0.00211626
 0.00516971 0.00320604 0.009696 -0.00908925 0.00190116
 0 0 0 0 0
 0 0 0 0 0
 0 0 0 0 0
 0 0 0 0 0
 0 0 0 0 0
 0 0 0 0 0
 0 0 0 0 0
 0 0 0 0 0
 0 0 0 0 0
 0 0 0 0 0
 0 0 0 0 0
 0 0 0 0 0
 0 0 0 0 0
 0 0 0 0 0
 0 0 0 0 0
 0 0 0 0 0
 0 0 0 0 0
 0 0 0 0 0
 0 0 0 0 0
 0 0 0 0 0
 0 0 0 0 0
 0 0 0 0 0
 0 0 0 0 0
 0 0 0 0 0
 0 0 0 0 0
 0 0 0 0 0
 0 0 0 0 0
 0 0 0 0 0
 0 0 0 0 0
 0 0 0 0 0
 0 0 0 0 0
 0 0 0 0 0
 0 0 0 0 0
 0 0 0 0 0
 0 0 0 0 0
 0 0 0 0 0
 0 0 0 0 0
 0 0 0 0 0
 0 0 0 0 0
 0 0 0 0 0
 0 0 0 0 0
 0 0 0 0 0
 0 0 0 0 0
 0 0 0 0 0
 0 0 0 0 0
 0 0 0 0 0
 0 0 0 0 0
 0 0 0 0 0
 0 0 0 0 0
 0 0 0 0 0
 0 0 0 0 0
 0 0 0 0 0
 0 0 0 0 0
 0 0 0 0 0
 0 0 0 0 0
 0 0 0 0 0
 0 0 0 0 0
 0 0 0 0 0
 0 0 0 0 0
 0 0 0 0 0
 0 0 0 0 0
 0 0 0 0 0
 0 0 0 0 0
 0 0 0 0 0
 0 0 0 0 0
 0 0 0 0 0
 0 0 0 0 0
 0 0 0 0 0
 0 0 0 0 0
 0 0 0 0 0
 0 0 0 0 0
 0 0 0 0 0
 0 0 0 0 0
 0 0 0 0 0
 0 0 0 0 0
 5.84144 5.64454 0.00847169 0.00139842 5.45631
 1.81183 1.72943 0.00829475 0.000972438 1.65256
 0.888644 0.838125 0.00804769 0.000594766 0.792106
 0.527561 0.49177 0.00809831 0.000136864 0.459864
 0.339581 0.312981 0.00782631 -0.000245063 0.289847
 0.243019 0.221524 0.00798519 -0.000707413 0.203246
 0.177606 0.160051 0.00778875 -0.00112202 0.145314
 0.139046 0.123984 0.00769819 -0.00146677 0.111615
 0.110729 0.0976631 0.00795131 -0.00190805 0.0871256
 0.0896269 0.0782119 0.00806894 -0.00238236 0.0691244
 0.07555 0.065235 0.00817438 -0.00288867 0.0571625
 0.0634025 0.05415 0.00833575 -0.00333535 0.0469526
 0.0550694 0.0465135 0.00882925 -0.00396337 0.0399316
 0.0477136 0.0398928 0.00905706 -0.00453251 0.0339616
 0.0421213 0.034849 0.00938275 -0.00517822 0.0293806
 0.037622 0.0307987 0.0100083 -0.00594718 0.0257029
 0.0327491 0.0265323 0.0109502 -0.00705775 0.0219496
 0.0299732 0.0240351 0.0116325 -0.0079105 0.019684
 0.0268487 0.0212803 0.0121571 -0.00875363 0.0172132
 0.0248738 0.0194997 0.0133671 -0.0101251 0.0155945
 0.0226528 0.0175684 0.0138921 -0.0108307 0.0138902
 0.0210273 0.0161555 0.0151562 -0.0121523 0.0126462
 0.0191689 0.0145599 0.0155164 -0.0126507 0.0112531
 0.0179292 0.0134917 0.0162744 -0.0136281 0.010337
 0.0164338 0.0122346 0.0167734 -0.0142698 0.00927019
 0.0152584 0.0112514 0.017039 -0.0146512 0.00842725
 0.0146489 0.0107149 0.0180683 -0.0157861 0.00796788
 0.013717 0.00991381 0.0184876 -0.0162824 0.00724212
 0.0126576 0.00908012 0.0182176 -0.0162337 0.00658631
 0.0118149 0.0083515 0.0181632 -0.0161971 0.00590769
 0.0111224 0.00779694 0.0180948 -0.0162487 0.00547018
 0.0105263 0.00735594 0.0177529 -0.0159999 0.00518362
 0.00995762 0.00684706 0.017614 -0.0160014 0.00466916
 0.00958831 0.006582 0.0175742 -0.0160536 0.00452396
 0.00900763 0.00610406 0.016982 -0.0155218 0.00409526
 0.00852981 0.00574899 0.0163041 -0.0149311 0.00384833
 0.00814231 0.00545147 0.0155888 -0.0142927 0.00361809
 0.00754006 0.00502154 0.0149548 -0.0137516 0.00332334
 0.00730919 0.0048083 0.0142239 -0.013145 0.00308246
 0.00692356 0.00453637 0.0137271 -0.0127256 0.00289577
 0.00644437 0.00420733 0.0129721 -0.0120486 0.0026643
 0.00635506 0.0041617 0.0127917 -0.0119 0.00268502
 0.00609861 0.00394116 0.0120341 -0.0112169 0.00248657
 0.00579453 0.00372718 0.0115424 -0.0107476 0.00234119
 0.00545617 0.0034771 0.0107449 -0.0099875 0.00214326
 0.00537642 0.00339759 0.0104492 -0.00981194 0.00210281
 0 0 0 0 0
 0 0 0 0 0
 0 0 0 0 0
 0 0 0 0 0
 0 0 0 0 0
 0 0 0 0 0
 0 0 0 0 0
 0 0 0 0 0
 0 0 0 0 0
 0 0 0 0 0
 0 0 0 0 0
 0 0 0 0 0
 0 0 0 0 0
 0 0 0 0 0
 0 0 0 0 0
 0 0 0 0 0
 0 0 0 0 0
 0 0 0 0 0
 0 0 0 0 0
 0 0 0 0 0
 0 0 0 0 0
 0 0 0 0 0
 0 0 0 0 0
 0 0 0 0 0
 0 0 0 0 0
 0 0 0 0 0
 0 0 0 0 0
 0 0 0 0 0
 0 0 0 0 0
 0 0 0 0 0
 0 0 0 0 0
 0 0 0 0 0
 0 0 0 0 0
 0 0 0 0 0
 0 0 0 0 0
 0 0 0 0 0
 0 0 0 0 0
 0 0 0 0 0
 0 0 0 0 0
 0 0 0 0 0
 0 0 0 0 0
 0 0 0 0 0
 0 0 0 0 0
 0 0 0 0 0
 0 0 0 0 0
 0 0 0 0 0
 0 0 0 0 0
 0 0 0 0 0
 0 0 0 0 0
 0 0 0 0 0
 0 0 0 0 0
 0 0 0 0 0
 0 0 0 0 0
 0 0 0 0 0
 0 0 0 0 0
 0 0 0 0 0
 0 0 0 0 0
 0 0 0 0 0
 0 0 0 0 0
 0 0 0 0 0
 0 0 0 0 0
 0 0 0 0 0
 0 0 0 0 0
 0 0 0 0 0
 0 0 0 0 0
 0 0 0 0 0
 0 0 0 0 0
 0 0 0 0 0
 0 0 0 0 0
 0 0 0 0 0
 0 0 0 0 0
 0 0 0 0 0
 0 0 0 0 0
 0 0 0 0 0
 0 0 0 0 0
 0 0 0 0 0
 5.95812 5.76242 0.00823806 0.00157082 5.57506
 1.90718 1.82231 0.00799312 0.00114355 1.74305
 0.899731 0.849531 0.00760856 0.00077425 0.803719
 0.525245 0.49029 0.00771581 0.000326834 0.459129
 0.349315 0.322439 0.00764375 -2.67436e-05 0.299027
 0.247441 0.225809 0.0073805 -0.000425547 0.207304
 0.185923 0.167834 0.0075235 -0.000789137 0.152624
 0.141992 0.126782 0.00759431 -0.00121811 0.114217
 0.111362 0.0983969 0.00750281 -0.00165609 0.0878906
 0.0914494 0.0799125 0.007658 -0.00201953 0.0706531
 0.0762869 0.066005 0.00796781 -0.00258554 0.0579279
 0.0630987 0.0540243 0.00769044 -0.00287151 0.0469892
 0.054529 0.0461529 0.00807306 -0.00349274 0.0396724
 0.0474221 0.0397744 0.00857556 -0.00412914 0.0339588
 0.0417536 0.0346559 0.00902069 -0.00477122 0.0293511
 0.0372838 0.0305899 0.00951031 -0.00549457 0.0255481
 0.032644 0.0264902 0.0100178 -0.00622895 0.0218929
 0.0297204 0.023855 0.0106089 -0.00704344 0.0194925
 0.0268023 0.0213026 0.0112553 -0.00795112 0.0172583
 0.0246813 0.0194303 0.0123526 -0.00909594 0.0156236
 0.0224819 0.0175106 0.0132191 -0.0101461 0.0139139
 0.0209349 0.0161422 0.0142906 -0.0113316 0.0127011
 0.0190726 0.0145573 0.014995 -0.012233 0.0113301
 0.0174858 0.013186 0.0155439 -0.0129583 0.0101073
 0.0167469 0.0125148 0.0164381 -0.0139506 0.00949712
 0.0155294 0.0115002 0.0171122 -0.0147407 0.00865531
 0.0140741 0.0103276 0.0167073 -0.0144852 0.00770069
 0.0134017 0.00972737 0.0178083 -0.0157079 0.00714931
 0.0124236 0.00895787 0.017003 -0.0150578 0.00655687
 0.0120404 0.00856275 0.0179702 -0.0160683 0.00612584
 0.0110137 0.00777238 0.0174439 -0.0157261 0.00552214
 0.0104492 0.00734187 0.0174376 -0.0157429 0.00520396
 0.00988606 0.0068415 0.0167627 -0.0151836 0.004719
 0.0092965 0.006407 0.0169951 -0.0154414 0.00442696
 0.00885125 0.00603282 0.0162004 -0.0147791 0.00409516
 0.00830794 0.00559225 0.0157837 -0.0144812 0.00370594
 0.00809425 0.00543469 0.0158761 -0.0146068 0.00361516
 0.00751612 0.00498068 0.0148753 -0.0137077 0.00322434
 0.00702625 0.00467516 0.013633 -0.0125701 0.00308789
 0.00680612 0.00449836 0.0133107 -0.0123094 0.0029355
 0.00643056 0.00423661 0.0126604 -0.0117146 0.00274371
 0.00623176 0.00409014 0.0124956 -0.0115863 0.00264371
 0.00589907 0.00384356 0.011906 -0.0110998 0.00245603
 0.00570374 0.00370458 0.0113003 -0.0105723 0.00237467
 0.005372 0.00345606 0.0103794 -0.00963275 0.00218021
 0 0 0 0 0
 0 0 0 0 0
 0 0 0 0 0
 0 0 0 0 0
 0 0 0 0 0
 0 0 0 0 0
 0 0 0 0 0
 0 0 0 0 0
 0 0 0 0 0
 0 0 0 0 0
 0 0 0 0 0
 0 0 0 0 0
 0 0 0 0 0
 0 0 0 0 0
 0 0 0 0 0
 0 0 0 0 0
 0 0 0 0 0
 0 0 0 0 0
 0 0 0 0 0
 0 0 0 0 0
 0 0 0 0 0
 0 0 0 0 0
 0 0 0 0 0
 0 0 0 0 0
 0 0 0 0 0
 0 0 0 0 0
 0 0 0 0 0
 0 0 0 0 0
 0 0 0 0 0
 0 0 0 0 0
 0 0 0 0 0
 0 0 0 0 0
 0 0 0 0 0
 0 0 0 0 0
 0 0 0 0 0
 0 0 0 0 0
 0 0 0 0 0
 0 0 0 0 0
 0 0 0 0 0
 0 0 0 0 0
 0 0 0 0 0
 0 0 0 0 0
 0 0 0 0 0
 0 0 0 0 0
 0 0 0 0 0
 0 0 0 0 0
 0 0 0 0 0
 0 0 0 0 0
 0 0 0 0 0
 0 0 0 0 0
 0 0 0 0 0
 0 0 0 0 0
 0 0 0 0 0
 0 0 0 0 0
 0 0 0 0 0
 0 0 0 0 0
 0 0 0 0 0
 0 0 0 0 0
 0 0 0 0 0
 0 0 0 0 0
 0 0 0 0 0
 0 0 0 0 0
 0 0 0 0 0
 0 0 0 0 0
 0 0 0 0 0
 0 0 0 0 0
 0 0 0 0 0
 0 0 0 0 0
 0 0 0 0 0
 0 0 0 0 0
 0 0 0 0 0
 0 0 0 0 0
 0 0 0 0 0
 0 0 0 0 0
 0 0 0 0 0
 0 0 0 0 0
 0 0 0 0 0
 6.25775 6.05735 0.007852 0.00177181 5.86537
 1.92777 1.84384 0.00777106 0.00136169 1.76538
 0.917181 0.867044 0.00744944 0.000946119 0.821256
 0.556277 0.519858 0.00732837 0.00068095 0.487304
 0.354672 0.327781 0.00708769 0.000224772 0.304328
 0.253045 0.231323 0.007173 -0.000152462 0.212774
 0.188108 0.170078 0.007106 -0.00050466 0.154909
 0.141597 0.126697 0.00736481 -0.000973269 0.114408
 0.113472 0.100423 0.00728219 -0.00136919 0.0897819
 0.0922262 0.0807531 0.00720756 -0.00170469 0.0715631
 0.0762525 0.0661213 0.00758556 -0.00232991 0.0581324
 0.06474 0.0555469 0.00767825 -0.0026982 0.0484091
 0.0564828 0.0479678 0.00781287 -0.00317789 0.0414439
 0.0482587 0.0405629 0.00823794 -0.00375344 0.0347213
 0.0421971 0.0350926 0.00827106 -0.00418912 0.0297241
 0.0378936 0.0311694 0.00903944 -0.00503789 0.0261212
 0.0333603 0.0271776 0.00939575 -0.00561467 0.0225997
 0.0293141 0.0236283 0.00993281 -0.0064865 0.0194321
 0.0267339 0.0213161 0.0104456 -0.00708656 0.0173289
 0.0241985 0.0191122 0.0111548 -0.0080705 0.0154203
 0.0222937 0.0174346 0.0124428 -0.00938269 0.0139296
 0.0204056 0.0158052 0.0131363 -0.0103471 0.0125238
 0.0190193 0.0145658 0.0138568 -0.0111958 0.0113908
 0.0172033 0.0130327 0.0147874 -0.0122301 0.0100519
 0.0162368 0.0121694 0.0147569 -0.012341 0.00927012
 0.0152179 0.0112846 0.0158584 -0.0136001 0.00848413
 0.0140366 0.0103279 0.0162563 -0.014076 0.00770787
 0.0131619 0.00959219 0.0165772 -0.0145189 0.0070885
 0.0124525 0.00898494 0.0170319 -0.0150308 0.00654481
 0.0116256 0.00832563 0.0169949 -0.0151419 0.00602316
 0.0110541 0.00783394 0.0168706 -0.0150899 0.00559984
 0.0103899 0.00731656 0.0168574 -0.0152258 0.00519811
 0.00981569 0.00684569 0.0165119 -0.0149331 0.00480841
 0.00927988 0.0064325 0.0166575 -0.0151449 0.00448983
 0.00864337 0.00591726 0.0156501 -0.0143085 0.00403829
 0.00831062 0.00561953 0.0153438 -0.0140597 0.00374107
 0.00791719 0.00533855 0.0152437 -0.0139862 0.00356958
 0.00753938 0.00502184 0.0143731 -0.0132386 0.00328405
 0.00707694 0.00473462 0.0135978 -0.012545 0.00316253
 0.00667056 0.00442196 0.0131285 -0.0121443 0.00290019
 0.00646869 0.00426948 0.0127897 -0.0118406 0.00277574
 0.00608171 0.00399081 0.0116051 -0.0108108 0.00257012
 0.00584696 0.00380939 0.0115165 -0.0106973 0.00241283
 0.00581372 0.0037635 0.0114006 -0.0106387 0.00238081
 0 0 0 0 0
 0 0 0 0 0
 0 0 0 0 0
 0 0 0 0 0
 0 0 0 0 0
 0 0 0 0 0
 0 0 0 0 0
 0 0 0 0 0
 0 0 0 0 0
 0 0 0 0 0
 0 0 0 0 0
 0 0 0 0 0
 0 0 0 0 0
 0 0 0 0 0
 0 0 0 0 0
 0 0 0 0 0
 0 0 0 0 0
 0 0 0 0 0
 0 0 0 0 0
 0 0 0 0 0
 0 0 0 0 0
 0 0 0 0 0
 0 0 0 0 0
 0 0 0 0 0
 0 0 0 0 0
 0 0 0 0 0
 0 0 0 0 0
 0 0 0 0 0
 0 0 0 0 0
 0 0 0 0 0
 0 0 0 0 0
 0 0 0 0 0
 0 0 0 0 0
 0 0 0 0 0
 0 0 0 0 0
 0 0 0 0 0
 0 0 0 0 0
 0 0 0 0 0
 0 0 0 0 0
 0 0 0 0 0
 0 0 0 0 0
 0 0 0 0 0
 0 0 0 0 0
 0 0 0 0 0
 0 0 0 0 0
 0 0 0 0 0
 0 0 0 0 0
 0 0 0 0 0
 0 0 0 0 0
 0 0 0 0 0
 0 0 0 0 0
 0 0 0 0 0
 0 0 0 0 0
 0 0 0 0 0
 0 0 0 0 0
 0 0 0 0 0
 0 0 0 0 0
 0 0 0 0 0
 0 0 0 0 0
 0 0 0 0 0
 0 0 0 0 0
 0 0 0 0 0
 0 0 0 0 0
 0 0 0 0 0
 0 0 0 0 0
 0 0 0 0 0
 0 0 0 0 0
 0 0 0 0 0
 0 0 0 0 0
 0 0 0 0 0
 0 0 0 0 0
 0 0 0 0 0
 0 0 0 0 0
 0 0 0 0 0
 0 0 0 0 0
 0 0 0 0 0
 0 0 0 0 0
 0 0 0 0 0
 6.61356 6.40706 0.00767769 0.001971 6.20896
 1.98596 1.90127 0.00731675 0.00164724 1.82193
 0.979681 0.927106 0.00717069 0.00121453 0.879025
 0.571896 0.535106 0.00719338 0.000875263 0.502172
 0.359353 0.332525 0.00694556 0.000467897 0.309078
 0.255374 0.233744 0.00687575 8.69525e-05 0.215188
 0.190146 0.172161 0.00670163 -0.000271838 0.156989
 0.142589 0.127783 0.00672231 -0.000623489 0.115574
 0.11423 0.101288 0.00686831 -0.00105469 0.0907862
 0.0924637 0.0811425 0.00680525 -0.00148681 0.0720831
 0.0764844 0.0663937 0.00692856 -0.00188372 0.058393
 0.0654156 0.0562131 0.00716175 -0.00230404 0.0490196
 0.055991 0.047655 0.00730694 -0.00277557 0.0412352
 0.0487149 0.0410187 0.00757231 -0.00326646 0.0351268
 0.0419224 0.0349372 0.00792562 -0.00386481 0.0296391
 0.0371638 0.0306523 0.00830844 -0.00446837 0.0257689
 0.0324368 0.0265128 0.00853963 -0.00486954 0.0221321
 0.0292335 0.0236246 0.00933669 -0.00586573 0.019469
 0.0273509 0.0218724 0.0102468 -0.00688656 0.0178167
 0.0241492 0.0191238 0.0106777 -0.00755913 0.0154579
 0.0221946 0.0173884 0.0116229 -0.00866531 0.0138899
 0.0204939 0.0158969 0.0126471 -0.00987369 0.0125977
 0.0187441 0.0143969 0.0134063 -0.0107555 0.0112763
 0.0175871 0.0133842 0.0138102 -0.0112553 0.0103968
 0.0161686 0.0121697 0.0147956 -0.0124322 0.009321
 0.0151509 0.0113131 0.0151056 -0.0128 0.00861844
 0.0141602 0.0104641 0.0155766 -0.0134406 0.00786019
 0.0126783 0.00927087 0.0156342 -0.0136749 0.00687038
 0.0122707 0.00890113 0.0163628 -0.0143855 0.0065395
 0.0113836 0.00817856 0.0160041 -0.0142089 0.00594474
 0.0107583 0.00764706 0.0162108 -0.0145104 0.00547383
 0.00996419 0.00702569 0.0159143 -0.0143246 0.00498481
 0.00966544 0.00675275 0.0164519 -0.0149111 0.00473235
 0.00904806 0.00628369 0.0155426 -0.0141087 0.00438832
 0.00858669 0.00590731 0.0155842 -0.0142199 0.00406339
 0.00812569 0.00554415 0.0148854 -0.0136031 0.00377036
 0.0077595 0.00527406 0.0145216 -0.0133106 0.00358567
 0.00733394 0.00495562 0.0139834 -0.0128644 0.00334662
 0.00696937 0.00467244 0.0137159 -0.0126593 0.00311469
 0.00664806 0.00442004 0.0130298 -0.0120882 0.00290503
 0.00638269 0.00420967 0.012596 -0.0116973 0.00271967
 0.0061125 0.00404893 0.0120919 -0.0111949 0.00265532
 0.00582701 0.00382417 0.0114756 -0.0106877 0.00247475
 0 0 0 0 0
 0 0 0 0 0
 0 0 0 0 0
 0 0 0 0 0
 0 0 0 0 0
 0 0 0 0 0
 0 0 0 0 0
 0 0 0 0 0
 0 0 0 0 0
 0 0 0 0 0
 0 0 0 0 0
 0 0 0 0 0
 0 0 0 0 0
 0 0 0 0 0
 0 0 0 0 0
 0 0 0 0 0
 0 0 0 0 0
 0 0 0 0 0
 0 0 0 0 0
 0 0 0 0 0
 0 0 0 0 0
 0 0 0 0 0
 0 0 0 0 0
 0 0 0 0 0
 0 0 0 0 0
 0 0 0 0 0
 0 0 0 0 0
 0 0 0 0 0
 0 0 0 0 0
 0 0 0 0 0
 0 0 0 0 0
 0 0 0 0 0
 0 0 0 0 0
 0 0 0 0 0
 0 0 0 0 0
 0 0 0 0 0
 0 0 0 0 0
 0 0 0 0 0
 0 0 0 0 0
 0 0 0 0 0
 0 0 0 0 0
 0 0 0 0 0
 0 0 0 0 0
 0 0 0 0 0
 0 0 0 0 0
 0 0 0 0 0
 0 0 0 0 0
 0 0 0 0 0
 0 0 0 0 0
 0 0 0 0 0
 0 0 0 0 0
 0 0 0 0 0
 0 0 0 0 0
 0 0 0 0 0
 0 0 0 0 0
 0 0 0 0 0
 0 0 0 0 0
 0 0 0 0 0
 0 0 0 0 0
 0 0 0 0 0
 0 0 0 0 0
 0 0 0 0 0
 0 0 0 0 0
 0 0 0 0 0
 0 0 0 0 0
 0 0 0 0 0
 0 0 0 0 0
 0 0 0 0 0
 0 0 0 0 0
 0 0 0 0 0
 0 0 0 0 0
 0 0 0 0 0
 0 0 0 0 0
 0 0 0 0 0
 0 0 0 0 0
 0 0 0 0 0
 0 0 0 0 0
 0 0 0 0 0
 0 0 0 0 0
 6.73225 6.52731 0.00762381 0.00209276 6.33063
 2.08564 1.99856 0.00741275 0.00175772 1.91691
 0.978762 0.927194 0.00701969 0.00137061 0.879875
 0.567991 0.53207 0.00671194 0.00105021 0.499936
 0.371685 0.34436 0.00660738 0.000670494 0.320372
 0.260224 0.238518 0.00655794 0.000273624 0.219874
 0.194588 0.176443 0.00643113 -2.51614e-05 0.161104
 0.145824 0.130862 0.00642619 -0.000421828 0.118447
 0.118149 0.104941 0.00651888 -0.000829506 0.0941862
 0.0933375 0.0820225 0.00652994 -0.00122577 0.0729294
 0.0785456 0.0683362 0.00673825 -0.00164441 0.0602518
 0.0667644 0.0575018 0.00686587 -0.002012 0.0502372
 0.0555244 0.0473349 0.00710269 -0.00260297 0.0409706
 0.0483263 0.0407619 0.00704431 -0.00289058 0.0349307
 0.042128 0.035191 0.00737319 -0.00336071 0.0299298
 0.0370452 0.0306447 0.00765175 -0.00391539 0.0258433
 0.0327864 0.0268541 0.00838419 -0.00473275 0.02244
 0.029551 0.0239455 0.00879506 -0.00531524 0.0197895
 0.026371 0.0211472 0.00925069 -0.00606563 0.0173066
 0.0240644 0.0191269 0.00984787 -0.00679075 0.0155373
 0.0218593 0.0171822 0.0106316 -0.00777494 0.0137824
 0.0201264 0.0156496 0.011472 -0.00872881 0.0124
 0.0185299 0.0142917 0.0123922 -0.00986044 0.0112564
 0.01723 0.0131419 0.0130826 -0.0106092 0.0102229
 0.0160769 0.0121512 0.014021 -0.0116287 0.00934594
 0.0148222 0.0110859 0.0138461 -0.0116702 0.00843956
 0.0135611 0.0100524 0.0144211 -0.012347 0.00757769
 0.0126949 0.00930913 0.0149539 -0.0130113 0.0069145
 0.0118612 0.00863325 0.014953 -0.0130678 0.00637319
 0.0110956 0.00800419 0.0151422 -0.0133668 0.00585074
 0.0107721 0.00769769 0.0159111 -0.0142516 0.00555578
 0.0100173 0.00709863 0.0152071 -0.0136165 0.00508153
 0.00948619 0.0066755 0.0156528 -0.0141571 0.00474704
 0.00904062 0.00629681 0.0153519 -0.013965 0.00440441
 0.00855712 0.00589469 0.0151588 -0.0138218 0.00405086
 0.00804763 0.00553033 0.0145279 -0.0133056 0.00381583
 0.00754444 0.00511271 0.0142582 -0.0130894 0.00342827
 0.00715663 0.00481891 0.0134985 -0.0124243 0.00321686
 0.00700025 0.00470657 0.0134397 -0.0123923 0.00315458
 0.00642181 0.00428689 0.0125266 -0.0115826 0.00284023
 0.00621999 0.00415056 0.0119582 -0.0110916 0.00275586
 0.00586857 0.00389996 0.0113294 -0.0105339 0.00257644
 0 0 0 0 0
 0 0 0 0 0
 0 0 0 0 0
 0 0 0 0 0
 0 0 0 0 0
 0 0 0 0 0
 0 0 0 0 0
 0 0 0 0 0
 0 0 0 0 0
 0 0 0 0 0
 0 0 0 0 0
 0 0 0 0 0
 0 0 0 0 0
 0 0 0 0 0
 0 0 0 0 0
 0 0 0 0 0
 0 0 0 0 0
 0 0 0 0 0
 0 0 0 0 0
 0 0 0 0 0
 0 0 0 0 0
 0 0 0 0 0
 0 0 0 0 0
 0 0 0 0 0
 0 0 0 0 0
 0 0 0 0 0
 0 0 0 0 0
 0 0 0 0 0
 0 0 0 0 0
 0 0 0 0 0
 0 0 0 0 0
 0 0 0 0 0
 0 0 0 0 0
 0 0 0 0 0
 0 0 0 0 0
 0 0 0 0 0
 0 0 0 0 0
 0 0 0 0 0
 0 0 0 0 0
 0 0 0 0 0
 0 0 0 0 0
 0 0 0 0 0
 0 0 0 0 0
 0 0 0 0 0
 0 0 0 0 0
 0 0 0 0 0
 0 0 0 0 0
 0 0 0 0 0
 0 0 0 0 0
 0 0 0 0 0
 0 0 0 0 0
 0 0 0 0 0
 0 0 0 0 0
 0 0 0 0 0
 0 0 0 0 0
 0 0 0 0 0
 0 0 0 0 0
 0 0 0 0 0
 0 0 0 0 0
 0 0 0 0 0
 0 0 0 0 0
 0 0 0 0 0
 0 0 0 0 0
 0 0 0 0 0
 0 0 0 0 0
 0 0 0 0 0
 0 0 0 0 0
 0 0 0 0 0
 0 0 0 0 0
 0 0 0 0 0
 0 0 0 0 0
 0 0 0 0 0
 0 0 0 0 0
 0 0 0 0 0
 0 0 0 0 0
 0 0 0 0 0
 0 0 0 0 0
 0 0 0 0 0
 0 0 0 0 0
 0 0 0 0 0
 7.19625 6.98237 0.00715231 0.00234716 6.77687
 2.18043 2.09114 0.00691206 0.00197338 2.00724
 1.01085 0.958512 0.0067585 0.00155917 0.910425
 0.581961 0.545812 0.00655425 0.00117449 0.513436
 0.376922 0.34966 0.00646487 0.000783375 0.325723
 0.259663 0.238342 0.00630587 0.00044875 0.219938
 0.196506 0.178459 0.00628788 0.000121819 0.163212
 0.151507 0.136154 0.006346 -0.00024122 0.123378
 0.118129 0.105124 0.00629588 -0.000587761 0.09452
 0.0947425 0.0834106 0.00629506 -0.000985163 0.0742644
 0.0788744 0.0687475 0.00652625 -0.00144631 0.0606732
 0.0663263 0.0572266 0.00639725 -0.00171136 0.0500464
 0.0562928 0.0480666 0.00657 -0.00214485 0.0416709
 0.0481071 0.0406803 0.00674612 -0.00259189 0.0349932
 0.0416388 0.0348759 0.0068885 -0.00297501 0.0297418
 0.0362943 0.0300864 0.00712263 -0.00348267 0.0254314
 0.0323596 0.0265589 0.00761394 -0.00407429 0.0222284
 0.0297241 0.0241492 0.00833619 -0.00493282 0.020004
 0.0260855 0.0210056 0.00852531 -0.00536913 0.0173011
 0.0240584 0.0191539 0.00946231 -0.00644769 0.0155357
 0.0218213 0.017209 0.0102427 -0.00737194 0.0138519
 0.020223 0.0157951 0.0108194 -0.00810856 0.0126
 0.0185527 0.0143443 0.0116288 -0.00910269 0.0113335
 0.0171696 0.0131417 0.0122841 -0.00982288 0.0102404
 0.0156986 0.0119096 0.0126284 -0.0103606 0.00921238
 0.014767 0.011083 0.013715 -0.0115604 0.00845913
 0.0138084 0.0102623 0.0143363 -0.0122388 0.00774
 0.0126718 0.009332 0.0143376 -0.0124131 0.00696781
 0.0118238 0.00863713 0.0144133 -0.0125982 0.00639706
 0.0113692 0.00823481 0.0151991 -0.0134451 0.00604688
 0.0104446 0.0074875 0.0149918 -0.0133661 0.00542465
 0.00988019 0.00703988 0.0152321 -0.0136687 0.0050832
 0.00931725 0.00656925 0.0150245 -0.0135929 0.00466768
 0.00883256 0.00617771 0.0148569 -0.0134765 0.00434002
 0.00839944 0.00584446 0.0146097 -0.0132808 0.00409951
 0.00789262 0.00544484 0.0140289 -0.0128118 0.00378399
 0.00745875 0.00511132 0.0136104 -0.0125146 0.00352016
 0.00723888 0.00491681 0.0136777 -0.0125601 0.00333028
 0.00703006 0.00474391 0.0133968 -0.0123919 0.00319199
 0.00635219 0.00425858 0.0122371 -0.0113174 0.00283624
 0.00627094 0.00418111 0.0122926 -0.0114181 0.00274974
 0 0 0 0 0
 0 0 0 0 0
 0 0 0 0 0
 0 0 0 0 0
 0 0 0 0 0
 0 0 0 0 0
 0 0 0 0 0
 0 0 0 0 0
 0 0 0 0 0
 0 0 0 0 0
 0 0 0 0 0
 0 0 0 0 0
 0 0 0 0 0
 0 0 0 0 0
 0 0 0 0 0
 0 0 0 0 0
 0 0 0 0 0
 0 0 0 0 0
 0 0 0 0 0
 0 0 0 0 0
 0 0 0 0 0
 0 0 0 0 0
 0 0 0 0 0
 0 0 0 0 0
 0 0 0 0 0
 0 0 0 0 0
 0 0 0 0 0
 0 0 0 0 0
 0 0 0 0 0
 0 0 0 0 0
 0 0 0 0 0
 0 0 0 0 0
 0 0 0 0 0
 0 0 0 0 0
 0 0 0 0 0
 0 0 0 0 0
 0 0 0 0 0
 0 0 0 0 0
 0 0 0 0 0
 0 0 0 0 0
 0 0 0 0 0
 0 0 0 0 0
 0 0 0 0 0
 0 0 0 0 0
 0 0 0 0 0
 0 0 0 0 0
 0 0 0 0 0
 0 0 0 0 0
 0 0 0 0 0
 0 0 0 0 0
 0 0 0 0 0
 0 0 0 0 0
 0 0 0 0 0
 0 0 0 0 0
 0 0 0 0 0
 0 0 0 0 0
 0 0 0 0 0
 0 0 0 0 0
 0 0 0 0 0
 0 0 0 0 0
 0 0 0 0 0
 0 0 0 0 0
 0 0 0 0 0
 0 0 0 0 0
 0 0 0 0 0
 0 0 0 0 0
 0 0 0 0 0
 0 0 0 0 0
 0 0 0 0 0
 0 0 0 0 0
 0 0 0 0 0
 0 0 0 0 0
 0 0 0 0 0
 0 0 0 0 0
 0 0 0 0 0
 0 0 0 0 0
 0 0 0 0 0
 0 0 0 0 0
 0 0 0 0 0
 0 0 0 0 0
 0 0 0 0 0
 7.42287 7.20756 0.00714694 0.00247148 7.00044
 2.20559 2.11713 0.00680025 0.00207424 2.03396
 1.0576 1.00386 0.00655294 0.00177416 0.954481
 0.60112 0.564391 0.00641869 0.00137362 0.531394
 0.393903 0.365863 0.00634769 0.00103083 0.341179
 0.268829 0.247046 0.00613406 0.000643794 0.228231
 0.1963 0.178519 0.00605406 0.000267578 0.163499
 0.14899 0.134117 0.00597959 -4.81352e-05 0.121756
 0.118544 0.105624 0.00589601 -0.000391219 0.0950537
 0.0976119 0.0860844 0.00611599 -0.000799281 0.0767981
 0.0790569 0.0690313 0.00608889 -0.00116248 0.0610103
 0.0654012 0.056535 0.00607291 -0.00150886 0.0495562
 0.0567601 0.0485834 0.00627475 -0.00186469 0.0422399
 0.0485728 0.0411811 0.00644381 -0.00225612 0.0355222
 0.0423146 0.0354946 0.00655456 -0.00268755 0.0302886
 0.0363526 0.0302152 0.00687519 -0.00317058 0.0255912
 0.0326461 0.026843 0.00710244 -0.00368759 0.0225055
 0.0296398 0.0241628 0.00766356 -0.00436646 0.020114
 0.0259041 0.0209137 0.00799544 -0.00492568 0.0172799
 0.0235989 0.0188557 0.00866519 -0.00572217 0.0153876
 0.0215321 0.0170277 0.00917819 -0.00642325 0.0137506
 0.0198292 0.015524 0.0100209 -0.00736069 0.0124049
 0.0185298 0.0143737 0.0107809 -0.00824081 0.0113788
 0.0168583 0.0129511 0.0112618 -0.008875 0.0101481
 0.015469 0.0117596 0.0117355 -0.00950988 0.00911231
 0.0142011 0.0107024 0.0123287 -0.0102463 0.00821813
 0.0134464 0.0100466 0.0135896 -0.0115615 0.00765444
 0.0124536 0.00921738 0.013544 -0.0116497 0.00694256
 0.0116317 0.00851625 0.0139678 -0.0122041 0.00632138
 0.0112007 0.00813569 0.0143369 -0.0126186 0.0059944
 0.0102341 0.007364 0.0142434 -0.0126614 0.00536706
 0.00987337 0.00705969 0.0145631 -0.0130361 0.00511983
 0.00938106 0.00664812 0.0146461 -0.0131884 0.00475535
 0.00857113 0.006024 0.0139412 -0.0126176 0.00426847
 0.00817131 0.00568161 0.0139686 -0.0127357 0.00395343
 0.00778069 0.00537742 0.0137278 -0.0125521 0.00372887
 0.00741631 0.00508523 0.0132599 -0.0121709 0.00348138
 0.00699638 0.00476836 0.0127907 -0.0117631 0.00325505
 0.00672406 0.00456204 0.0127045 -0.0117318 0.00310361
 0.00634475 0.0042785 0.0120509 -0.0111566 0.0028798
 0 0 0 0 0
 0 0 0 0 0
 0 0 0 0 0
 0 0 0 0 0
 0 0 0 0 0
 0 0 0 0 0
 0 0 0 0 0
 0 0 0 0 0
 0 0 0 0 0
 0 0 0 0 0
 0 0 0 0 0
 0 0 0 0 0
 0 0 0 0 0
 0 0 0 0 0
 0 0 0 0 0
 0 0 0 0 0
 0 0 0 0 0
 0 0 0 0 0
 0 0 0 0 0
 0 0 0 0 0
 0 0 0 0 0
 0 0 0 0 0
 0 0 0 0 0
 0 0 0 0 0
 0 0 0 0 0
 0 0 0 0 0
 0 0 0 0 0
 0 0 0 0 0
 0 0 0 0 0
 0 0 0 0 0
 0 0 0 0 0
 0 0 0 0 0
 0 0 0 0 0
 0 0 0 0 0
 0 0 0 0 0
 0 0 0 0 0
 0 0 0 0 0
 0 0 0 0 0
 0 0 0 0 0
 0 0 0 0 0
 0 0 0 0 0
 0 0 0 0 0
 0 0 0 0 0
 0 0 0 0 0
 0 0 0 0 0
 0 0 0 0 0
 0 0 0 0 0
 0 0 0 0 0
 0 0 0 0 0
 0 0 0 0 0
 0 0 0 0 0
 0 0 0 0 0
 0 0 0 0 0
 0 0 0 0 0
 0 0 0 0 0
 0 0 0 0 0
 0 0 0 0 0
 0 0 0 0 0
 0 0 0 0 0
 0 0 0 0 0
 0 0 0 0 0
 0 0 0 0 0
 0 0 0 0 0
 0 0 0 0 0
 0 0 0 0 0
 0 0 0 0 0
 0 0 0 0 0
 0 0 0 0 0
 0 0 0 0 0
 0 0 0 0 0
 0 0 0 0 0
 0 0 0 0 0
 0 0 0 0 0
 0 0 0 0 0
 0 0 0 0 0
 0 0 0 0 0
 0 0 0 0 0
 0 0 0 0 0
 0 0 0 0 0
 0 0 0 0 0
 0 0 0 0 0
 0 0 0 0 0
 7.81519 7.59387 0.006832 0.00259004 7.38075
 2.24492 2.1567 0.00641225 0.00218359 2.07368
 1.06333 1.01024 0.00635569 0.00182142 0.961388
 0.623299 0.585765 0.00613416 0.00159117 0.551921
 0.388592 0.361333 0.00584718 0.0011662 0.33731
 0.270942 0.249284 0.00595399 0.000766225 0.230541
 0.200956 0.182999 0.00588126 0.000434629 0.167741
 0.151816 0.13686 0.00565559 0.000120636 0.124384
 0.119134 0.106301 0.00555699 -0.000228093 0.0957825
 0.096425 0.0851831 0.00562193 -0.000561432 0.0760844
 0.0785025 0.0686756 0.00578179 -0.000924606 0.0608565
 0.0667844 0.0578516 0.00588822 -0.00130778 0.0508169
 0.055911 0.0479706 0.00574088 -0.00155814 0.0417796
 0.0477595 0.040565 0.00606639 -0.00197831 0.0350375
 0.0425386 0.0357853 0.00633613 -0.00246228 0.03064
 0.0364691 0.0303577 0.0065465 -0.00291716 0.0257278
 0.0332904 0.0274608 0.00689819 -0.00344591 0.0230699
 0.0293694 0.0240098 0.00721213 -0.00391971 0.0200368
 0.0268689 0.0217534 0.00768219 -0.00456545 0.0179944
 0.0242219 0.0194209 0.00813756 -0.00523871 0.0159266
 0.0216589 0.0171945 0.00873188 -0.00597057 0.0139521
 0.0197416 0.0154855 0.00935694 -0.00677413 0.0123578
 0.0181759 0.0141529 0.0101586 -0.00766031 0.0112559
 0.0166641 0.0128368 0.0110298 -0.00871975 0.0100865
 0.0154877 0.0118131 0.0116559 -0.00947394 0.00917688
 0.0142436 0.0107658 0.0120981 -0.0100062 0.00829238
 0.0134259 0.0100531 0.0131286 -0.0111506 0.00765087
 0.012666 0.00940919 0.0134989 -0.0116527 0.00711456
 0.0116608 0.00858119 0.0134394 -0.0116421 0.00642006
 0.0109795 0.00800769 0.0139156 -0.0122388 0.00592716
 0.0101193 0.007304 0.0137648 -0.0122038 0.00533532
 0.00982475 0.00704019 0.0144348 -0.0129452 0.00509628
 0.009034 0.00640681 0.0140376 -0.0126314 0.00457056
 0.008626 0.00606785 0.013874 -0.0125496 0.00428895
 0.008019 0.00560699 0.0134866 -0.0122722 0.00395134
 0.00758512 0.00527298 0.0133681 -0.0122039 0.00368902
 0.0074035 0.00510418 0.0132278 -0.0121041 0.00353117
 0.00689144 0.00470802 0.0127297 -0.0116722 0.00320946
 0.00655144 0.00442663 0.0124149 -0.0114682 0.00295693
 0 0 0 0 0
 0 0 0 0 0
 0 0 0 0 0
 0 0 0 0 0
 0 0 0 0 0
 0 0 0 0 0
 0 0 0 0 0
 0 0 0 0 0
 0 0 0 0 0
 0 0 0 0 0
 0 0 0 0 0
 0 0 0 0 0
 0 0 0 0 0
 0 0 0 0 0
 0 0 0 0 0
 0 0 0 0 0
 0 0 0 0 0
 0 0 0 0 0
 0 0 0 0 0
 0 0 0 0 0
 0 0 0 0 0
 0 0 0 0 0
 0 0 0 0 0
 0 0 0 0 0
 0 0 0 0 0
 0 0 0 0 0
 0 0 0 0 0
 0 0 0 0 0
 0 0 0 0 0
 0 0 0 0 0
 0 0 0 0 0
 0 0 0 0 0
 0 0 0 0 0
 0 0 0 0 0
 0 0 0 0 0
 0 0 0 0 0
 0 0 0 0 0
 0 0 0 0 0
 0 0 0 0 0
 0 0 0 0 0
 0 0 0 0 0
 0 0 0 0 0
 0 0 0 0 0
 0 0 0 0 0
 0 0 0 0 0
 0 0 0 0 0
 0 0 0 0 0
 0 0 0 0 0
 0 0 0 0 0
 0 0 0 0 0
 0 0 0 0 0
 0 0 0 0 0
 0 0 0 0 0
 0 0 0 0 0
 0 0 0 0 0
 0 0 0 0 0
 0 0 0 0 0
 0 0 0 0 0
 0 0 0 0 0
 0 0 0 0 0
 0 0 0 0 0
 0 0 0 0 0
 0 0 0 0 0
 0 0 0 0 0
 0 0 0 0 0
 0 0 0 0 0
 0 0 0 0 0
 0 0 0 0 0
 0 0 0 0 0
 0 0 0 0 0
 0 0 0 0 0
 0 0 0 0 0
 0 0 0 0 0
 0 0 0 0 0
 0 0 0 0 0
 0 0 0 0 0
 0 0 0 0 0
 0 0 0 0 0
 0 0 0 0 0
 0 0 0 0 0
 0 0 0 0 0
 0 0 0 0 0
 0 0 0 0 0
 8.37056 8.139 0.00657694 0.00276501 7.91581
 2.35689 2.26613 0.00628456 0.00239959 2.18064
 1.07392 1.02122 0.00610571 0.00195945 0.972656
 0.609012 0.572959 0.00604684 0.00159177 0.540439
 0.398706 0.371144 0.00575611 0.00128292 0.346808
 0.280321 0.258254 0.00569694 0.000954912 0.239167
 0.204772 0.186719 0.00563339 0.000641256 0.171344
 0.15342 0.138499 0.0055577 0.000308224 0.126009
 0.120141 0.107367 0.00536748 -3.60254e-05 0.0968369
 0.0960169 0.0849694 0.00550357 -0.000426535 0.0760119
 0.0783881 0.0686919 0.00567556 -0.000812669 0.0609416
 0.0670237 0.0581596 0.00547438 -0.0010252 0.0511718
 0.0568536 0.0488519 0.00555141 -0.00137541 0.0426312
 0.0480153 0.0408544 0.00576784 -0.00181101 0.0353343
 0.0428998 0.0361578 0.00614091 -0.00227569 0.0310115
 0.0369307 0.0308007 0.00621053 -0.00259883 0.0261286
 0.0324626 0.0268564 0.00633075 -0.00299281 0.0226727
 0.0294817 0.0241569 0.00686888 -0.0036117 0.0202068
 0.0259001 0.0210011 0.00699969 -0.00402426 0.0173721
 0.0238489 0.0191632 0.00756587 -0.00477698 0.0157381
 0.0212884 0.0169379 0.00801888 -0.00536953 0.0137598
 0.0197587 0.0155781 0.0088475 -0.00633063 0.0125452
 0.018046 0.0140708 0.00957756 -0.00714031 0.0111814
 0.0163427 0.0126196 0.0100442 -0.00776531 0.009935
 0.0152892 0.0117184 0.0109 -0.00879144 0.0091665
 0.0141025 0.0106981 0.0117879 -0.00974456 0.00827794
 0.0131989 0.0099215 0.0120271 -0.0100618 0.00759869
 0.0123916 0.00922356 0.01254 -0.0107083 0.00697356
 0.0114319 0.00844088 0.0127654 -0.0110592 0.00634012
 0.0107268 0.00784312 0.0129829 -0.0114164 0.00581656
 0.0101799 0.00738681 0.0134744 -0.0119564 0.00543666
 0.00939625 0.00674887 0.0133859 -0.0119524 0.00489518
 0.0089965 0.0064085 0.0134789 -0.0121089 0.00460098
 0.00851987 0.00602197 0.0134508 -0.0121851 0.0042828
 0.008118 0.00570852 0.0132782 -0.0120788 0.00405146
 0.007566 0.00527187 0.0129361 -0.0117711 0.00369482
 0.00720862 0.00498834 0.0126275 -0.0115728 0.00347474
 0.00691363 0.00476151 0.0126131 -0.0116263 0.00330333
 0 0 0 0 0
 0 0 0 0 0
 0 0 0 0 0
 0 0 0 0 0
 0 0 0 0 0
 0 0 0 0 0
 0 0 0 0 0
 0 0 0 0 0
 0 0 0 0 0
 0 0 0 0 0
 0 0 0 0 0
 0 0 0 0 0
 0 0 0 0 0
 0 0 0 0 0
 0 0 0 0 0
 0 0 0 0 0
 0 0 0 0 0
 0 0 0 0 0
 0 0 0 0 0
 0 0 0 0 0
 0 0 0 0 0
 0 0 0 0 0
 0 0 0 0 0
 0 0 0 0 0
 0 0 0 0 0
 0 0 0 0 0
 0 0 0 0 0
 0 0 0 0 0
 0 0 0 0 0
 0 0 0 0 0
 0 0 0 0 0
 0 0 0 0 0
 0 0 0 0 0
 0 0 0 0 0
 0 0 0 0 0
 0 0 0 0 0
 0 0 0 0 0
 0 0 0 0 0
 0 0 0 0 0
 0 0 0 0 0
 0 0 0 0 0
 0 0 0 0 0
 0 0 0 0 0
 0 0 0 0 0
 0 0 0 0 0
 0 0 0 0 0
 0 0 0 0 0
 0 0 0 0 0
 0 0 0 0 0
 0 0 0 0 0
 0 0 0 0 0
 0 0 0 0 0
 0 0 0 0 0
 0 0 0 0 0
 0 0 0 0 0
 0 0 0 0 0
 0 0 0 0 0
 0 0 0 0 0
 0 0 0 0 0
 0 0 0 0 0
 0 0 0 0 0
 0 0 0 0 0
 0 0 0 0 0
 0 0 0 0 0
 0 0 0 0 0
 0 0 0 0 0
 0 0 0 0 0
 0 0 0 0 0
 0 0 0 0 0
 0 0 0 0 0
 0 0 0 0 0
 0 0 0 0 0
 0 0 0 0 0
 0 0 0 0 0
 0 0 0 0 0
 0 0 0 0 0
 0 0 0 0 0
 0 0 0 0 0
 0 0 0 0 0
 0 0 0 0 0
 0 0 0 0 0
 0 0 0 0 0
 0 0 0 0 0
 0 0 0 0 0
 8.379 8.15263 0.00627194 0.0028318 7.93425
 2.50189 2.40734 0.00624028 0.00250586 2.31814
 1.1541 1.09847 0.00596764 0.00216488 1.04709
 0.622038 0.585794 0.00569613 0.00171797 0.553071
 0.400778 0.373505 0.00551665 0.00142444 0.349391
 0.278453 0.256795 0.00530032 0.00105338 0.237961
 0.203223 0.185559 0.00532234 0.000786706 0.170528
 0.157961 0.142802 0.00535442 0.000429844 0.130139
 0.122026 0.109235 0.00527569 8.02738e-05 0.0987219
 0.0982981 0.0871206 0.00526317 -0.000226229 0.0780394
 0.079675 0.0699188 0.0051569 -0.000529801 0.0621123
 0.0677869 0.0589167 0.00533836 -0.000867269 0.0519228
 0.0568333 0.0489445 0.00541255 -0.00115287 0.0427991
 0.0485076 0.0413651 0.00543816 -0.00150722 0.0358381
 0.04235 0.0357615 0.00561613 -0.00188529 0.0307222
 0.0367221 0.0307144 0.00573867 -0.00226478 0.0261421
 0.0328544 0.0272167 0.00613446 -0.00278559 0.0229609
 0.0287173 0.0235585 0.00615223 -0.00307156 0.0196929
 0.0257368 0.0209275 0.006664 -0.00368569 0.0173666
 0.023657 0.0190489 0.00709325 -0.00432146 0.0156553
 0.0214231 0.0170918 0.00766406 -0.00504105 0.0139174
 0.0192356 0.015191 0.00813681 -0.0056648 0.0122314
 0.0178566 0.0139908 0.00894406 -0.00656594 0.0112038
 0.0162229 0.0125924 0.00956 -0.00730994 0.00998669
 0.0150221 0.0115478 0.0104164 -0.0083045 0.00906387
 0.0137511 0.0104674 0.0105034 -0.00855413 0.00813206
 0.0129662 0.00976469 0.0114518 -0.00957512 0.00747681
 0.0120618 0.009022 0.01159 -0.00981269 0.00688119
 0.0112018 0.008317 0.0125118 -0.0108444 0.00630656
 0.0107281 0.00789012 0.0125367 -0.0109289 0.00591233
 0.00986725 0.00720288 0.0125222 -0.0110687 0.00535841
 0.00937831 0.00677819 0.0127552 -0.0113204 0.00497462
 0.0087235 0.00625931 0.0126447 -0.0113329 0.00456033
 0.00832356 0.00591419 0.0128326 -0.0115564 0.00424725
 0.0078375 0.00551318 0.0126763 -0.0115153 0.00390188
 0.00739994 0.00516992 0.0125799 -0.0114781 0.00363191
 0.00704475 0.00487478 0.0124477 -0.0114062 0.00336842
 0 0 0 0 0
 0 0 0 0 0
 0 0 0 0 0
 0 0 0 0 0
 0 0 0 0 0
 0 0 0 0 0
 0 0 0 0 0
 0 0 0 0 0
 0 0 0 0 0
 0 0 0 0 0
 0 0 0 0 0
 0 0 0 0 0
 0 0 0 0 0
 0 0 0 0 0
 0 0 0 0 0
 0 0 0 0 0
 0 0 0 0 0
 0 0 0 0 0
 0 0 0 0 0
 0 0 0 0 0
 0 0 0 0 0
 0 0 0 0 0
 0 0 0 0 0
 0 0 0 0 0
 0 0 0 0 0
 0 0 0 0 0
 0 0 0 0 0
 0 0 0 0 0
 0 0 0 0 0
 0 0 0 0 0
 0 0 0 0 0
 0 0 0 0 0
 0 0 0 0 0
 0 0 0 0 0
 0 0 0 0 0
 0 0 0 0 0
 0 0 0 0 0
 0 0 0 0 0
 0 0 0 0 0
 0 0 0 0 0
 0 0 0 0 0
 0 0 0 0 0
 0 0 0 0 0
 0 0 0 0 0
 0 0 0 0 0
 0 0 0 0 0
 0 0 0 0 0
 0 0 0 0 0
 0 0 0 0 0
 0 0 0 0 0
 0 0 0 0 0
 0 0 0 0 0
 0 0 0 0 0
 0 0 0 0 0
 0 0 0 0 0
 0 0 0 0 0
 0 0 0 0 0
 0 0 0 0 0
 0 0 0 0 0
 0 0 0 0 0
 0 0 0 0 0
 0 0 0 0 0
 0 0 0 0 0
 0 0 0 0 0
 0 0 0 0 0
 0 0 0 0 0
 0 0 0 0 0
 0 0 0 0 0
 0 0 0 0 0
 0 0 0 0 0
 0 0 0 0 0
 0 0 0 0 0
 0 0 0 0 0
 0 0 0 0 0
 0 0 0 0 0
 0 0 0 0 0
 0 0 0 0 0
 0 0 0 0 0
 0 0 0 0 0
 0 0 0 0 0
 0 0 0 0 0
 0 0 0 0 0
 0 0 0 0 0
 0 0 0 0 0
 0 0 0 0 0
 8.73781 8.50725 0.00625231 0.00290151 8.28469
 2.51237 2.41923 0.00576045 0.00260771 2.33125
 1.13852 1.08458 0.00565409 0.00223312 1.03475
 0.650706 0.613417 0.00579735 0.00189761 0.579758
 0.417439 0.389441 0.00536796 0.00156792 0.364607
 0.285603 0.263736 0.00524397 0.0011989 0.244703
 0.207011 0.18923 0.00511796 0.000845225 0.174034
 0.156891 0.142026 0.00512292 0.000551361 0.129557
 0.123565 0.110767 0.00493667 0.000249378 0.100202
 0.0985606 0.08748 0.00500128 -7.55769e-05 0.0784344
 0.0818463 0.0719675 0.00507259 -0.000366939 0.0640437
 0.0652762 0.0568226 0.00503909 -0.000721944 0.0501196
 0.0570586 0.0491988 0.0050936 -0.00100084 0.0430192
 0.0481783 0.0411598 0.0051621 -0.00130697 0.0357179
 0.0421358 0.0356648 0.00540133 -0.00171492 0.0307026
 0.0369015 0.0309419 0.00546984 -0.00205984 0.0264174
 0.0322215 0.0267697 0.00564856 -0.00238441 0.0226701
 0.0289097 0.0237907 0.00579762 -0.00277892 0.01997
 0.025491 0.0207691 0.00624496 -0.00338207 0.0172694
 0.0237181 0.0191666 0.00659069 -0.00385119 0.0158246
 0.0211357 0.0169096 0.00715394 -0.00451771 0.0138266
 0.0189626 0.0150372 0.007466 -0.00499704 0.0121886
 0.0179634 0.0140956 0.00844925 -0.00608872 0.0112825
 0.0159482 0.0123945 0.0087705 -0.00664425 0.009832
 0.0150089 0.0115556 0.00945125 -0.00739237 0.00907
 0.0137433 0.0104971 0.0102487 -0.00829481 0.00816837
 0.0128599 0.00971775 0.0106934 -0.00884244 0.00747394
 0.0121284 0.00911144 0.0113974 -0.00964325 0.00698331
 0.0109599 0.00812519 0.0114551 -0.009837 0.00610821
 0.0105214 0.00775519 0.0120641 -0.0105116 0.0058072
 0.009774 0.00713775 0.0121592 -0.0106951 0.00529003
 0.00928906 0.00672856 0.0125531 -0.0111728 0.00493088
 0.00888575 0.00639719 0.0128657 -0.0115126 0.00467441
 0.00813713 0.00579592 0.0125085 -0.0112731 0.00416703
 0.00777269 0.00549826 0.0125153 -0.0113474 0.00392501
 0.00747681 0.00524346 0.012338 -0.0112524 0.00369644
 0 0 0 0 0
 0 0 0 0 0
 0 0 0 0 0
 0 0 0 0 0
 0 0 0 0 0
 0 0 0 0 0
 0 0 0 0 0
 0 0 0 0 0
 0 0 0 0 0
 0 0 0 0 0
 0 0 0 0 0
 0 0 0 0 0
 0 0 0 0 0
 0 0 0 0 0
 0 0 0 0 0
 0 0 0 0 0
 0 0 0 0 0
 0 0 0 0 0
 0 0 0 0 0
 0 0 0 0 0
 0 0 0 0 0
 0 0 0 0 0
 0 0 0 0 0
 0 0 0 0 0
 0 0 0 0 0
 0 0 0 0 0
 0 0 0 0 0
 0 0 0 0 0
 0 0 0 0 0
 0 0 0 0 0
 0 0 0 0 0
 0 0 0 0 0
 0 0 0 0 0
 0 0 0 0 0
 0 0 0 0 0
 0 0 0 0 0
 0 0 0 0 0
 0 0 0 0 0
 0 0 0 0 0
 0 0 0 0 0
 0 0 0 0 0
 0 0 0 0 0
 0 0 0 0 0
 0 0 0 0 0
 0 0 0 0 0
 0 0 0 0 0
 0 0 0 0 0
 0 0 0 0 0
 0 0 0 0 0
 0 0 0 0 0
 0 0 0 0 0
 0 0 0 0 0
 0 0 0 0 0
 0 0 0 0 0
 0 0 0 0 0
 0 0 0 0 0
 0 0 0 0 0
 0 0 0 0 0
 0 0 0 0 0
 0 0 0 0 0
 0 0 0 0 0
 0 0 0 0 0
 0 0 0 0 0
 0 0 0 0 0
 0 0 0 0 0
 0 0 0 0 0
 0 0 0 0 0
 0 0 0 0 0
 0 0 0 0 0
 0 0 0 0 0
 0 0 0 0 0
 0 0 0 0 0
 0 0 0 0 0
 0 0 0 0 0
 0 0 0 0 0
 0 0 0 0 0
 0 0 0 0 0
 0 0 0 0 0
 0 0 0 0 0
 0 0 0 0 0
 0 0 0 0 0
 0 0 0 0 0
 0 0 0 0 0
 0 0 0 0 0
 0 0 0 0 0
 0 0 0 0 0
 9.10725 8.87238 0.00628062 0.00300151 8.64544
 2.62082 2.5255 0.00579278 0.00272077 2.43539
 1.18184 1.12674 0.00546853 0.00226806 1.07574
 0.660813 0.623472 0.00532683 0.0020224 0.589667
 0.418667 0.390963 0.00517479 0.00161229 0.366356
 0.292671 0.270592 0.00500062 0.00131989 0.251372
 0.206819 0.189299 0.00499558 0.000946969 0.174291
 0.15768 0.142925 0.00488178 0.000713025 0.130547
 0.125301 0.112463 0.00487548 0.000344392 0.101833
 0.0996988 0.0886637 0.00486903 7.98175e-05 0.0796712
 0.0804356 0.0708313 0.00484608 -0.000264015 0.063095
 0.0682744 0.0595397 0.00490068 -0.000540476 0.0525931
 0.0581589 0.0502451 0.00486189 -0.000845513 0.0440091
 0.0492716 0.0421959 0.00506629 -0.00121409 0.0367391
 0.0426235 0.0361452 0.00516555 -0.0015537 0.0311506
 0.0371412 0.0311988 0.00534106 -0.0018918 0.0266534
 0.0316841 0.0263861 0.00545701 -0.00224193 0.0224108
 0.0286555 0.0236369 0.00567064 -0.00264451 0.0198886
 0.0255473 0.0208636 0.00588464 -0.00302771 0.0173812
 0.0227963 0.0184383 0.006098 -0.00347851 0.0152037
 0.0210271 0.0168424 0.00666975 -0.00414879 0.013754
 0.0190066 0.0151041 0.00718575 -0.00476936 0.0122574
 0.0173808 0.0136669 0.00768612 -0.00546098 0.0109557
 0.0160554 0.0125094 0.00830031 -0.00620382 0.00993237
 0.0146041 0.0112891 0.0087665 -0.00674081 0.00890456
 0.0135204 0.0103423 0.00953475 -0.00766588 0.00806288
 0.0125138 0.00950269 0.00981806 -0.007991 0.00735775
 0.0119648 0.00901163 0.0106439 -0.00892562 0.006921
 0.0112392 0.00837488 0.0112453 -0.00960169 0.00633538
 0.0101654 0.00753475 0.0112336 -0.00971938 0.00570716
 0.0096665 0.00705937 0.0116664 -0.0102668 0.00520689
 0.009136 0.00665919 0.0118782 -0.0105499 0.00494171
 0.00870225 0.00627194 0.0124174 -0.0111526 0.00457352
 0.00800469 0.00573336 0.0120565 -0.0108734 0.00415736
 0.00783269 0.00557655 0.0121815 -0.0110182 0.00402693
 0 0 0 0 0
 0 0 0 0 0
 0 0 0 0 0
 0 0 0 0 0
 0 0 0 0 0
 0 0 0 0 0
 0 0 0 0 0
 0 0 0 0 0
 0 0 0 0 0
 0 0 0 0 0
 0 0 0 0 0
 0 0 0 0 0
 0 0 0 0 0
 0 0 0 0 0
 0 0 0 0 0
 0 0 0 0 0
 0 0 0 0 0
 0 0 0 0 0
 0 0 0 0 0
 0 0 0 0 0
 0 0 0 0 0
 0 0 0 0 0
 0 0 0 0 0
 0 0 0 0 0
 0 0 0 0 0
 0 0 0 0 0
 0 0 0 0 0
 0 0 0 0 0
 0 0 0 0 0
 0 0 0 0 0
 0 0 0 0 0
 0 0 0 0 0
 0 0 0 0 0
 0 0 0 0 0
 0 0 0 0 0
 0 0 0 0 0
 0 0 0 0 0
 0 0 0 0 0
 0 0 0 0 0
 0 0 0 0 0
 0 0 0 0 0
 0 0 0 0 0
 0 0 0 0 0
 0 0 0 0 0
 0 0 0 0 0
 0 0 0 0 0
 0 0 0 0 0
 0 0 0 0 0
 0 0 0 0 0
 0 0 0 0 0
 0 0 0 0 0
 0 0 0 0 0
 0 0 0 0 0
 0 0 0 0 0
 0 0 0 0 0
 0 0 0 0 0
 0 0 0 0 0
 0 0 0 0 0
 0 0 0 0 0
 0 0 0 0 0
 0 0 0 0 0
 0 0 0 0 0
 0 0 0 0 0
 0 0 0 0 0
 0 0 0 0 0
 0 0 0 0 0
 0 0 0 0 0
 0 0 0 0 0
 0 0 0 0 0
 0 0 0 0 0
 0 0 0 0 0
 0 0 0 0 0
 0 0 0 0 0
 0 0 0 0 0
 0 0 0 0 0
 0 0 0 0 0
 0 0 0 0 0
 0 0 0 0 0
 0 0 0 0 0
 0 0 0 0 0
 0 0 0 0 0
 0 0 0 0 0
 0 0 0 0 0
 0 0 0 0 0
 0 0 0 0 0
 0 0 0 0 0
 0 0 0 0 0
 9.74838 9.50256 0.00611921 0.00316191 9.26475
 2.68914 2.59319 0.00566447 0.00280205 2.50236
 1.20769 1.15234 0.00547584 0.00242659 1.10103
 0.65985 0.623116 0.00525573 0.00201886 0.589794
 0.426719 0.398893 0.00501296 0.00172425 0.374109
 0.290732 0.269076 0.00493603 0.00135804 0.250167
 0.210598 0.19299 0.00468323 0.00107732 0.177881
 0.158688 0.144012 0.00467567 0.00076925 0.131646
 0.12743 0.114548 0.0047496 0.000462339 0.103859
 0.0990856 0.088215 0.00469437 9.73819e-05 0.0793012
 0.0837569 0.0738638 0.00467306 -0.000139703 0.0658731
 0.0677694 0.0591831 0.00463814 -0.000438661 0.0523247
 0.0561178 0.0485629 0.00467637 -0.000746438 0.0426285
 0.0484929 0.0415903 0.00474151 -0.000983194 0.0362376
 0.0428114 0.036392 0.00498883 -0.00137134 0.0314506
 0.0365027 0.0307416 0.00498262 -0.00166797 0.0263689
 0.032304 0.0269556 0.00500983 -0.00196312 0.0229278
 0.0281774 0.0232907 0.00529918 -0.00236727 0.0196327
 0.0258604 0.0211564 0.00560595 -0.00282357 0.0176294
 0.0231649 0.0187926 0.00592061 -0.00328749 0.0155509
 0.0206548 0.0166162 0.00619789 -0.00374121 0.0136637
 0.019077 0.0152009 0.00681044 -0.00445692 0.012381
 0.0173606 0.0136962 0.0071595 -0.00492069 0.0110236
 0.0159151 0.0124549 0.00769356 -0.00562481 0.00996844
 0.0146891 0.011399 0.00857931 -0.006602 0.00904556
 0.0135081 0.0103817 0.00868837 -0.006857 0.00814938
 0.0127017 0.0096685 0.00963306 -0.00785138 0.00750212
 0.0117861 0.00889544 0.0101201 -0.00843238 0.00684119
 0.0109699 0.00820431 0.0107792 -0.00917925 0.00624073
 0.0102642 0.00760656 0.0108481 -0.00935431 0.00572725
 0.00960481 0.0070815 0.0109725 -0.00959144 0.00532274
 0.00896606 0.00655356 0.0114653 -0.0101538 0.00487071
 0.00852188 0.00617421 0.0117997 -0.0105541 0.00453997
 0.00801619 0.00576271 0.01163 -0.0104487 0.00420084
 0 0 0 0 0
 0 0 0 0 0
 0 0 0 0 0
 0 0 0 0 0
 0 0 0 0 0
 0 0 0 0 0
 0 0 0 0 0
 0 0 0 0 0
 0 0 0 0 0
 0 0 0 0 0
 0 0 0 0 0
 0 0 0 0 0
 0 0 0 0 0
 0 0 0 0 0
 0 0 0 0 0
 0 0 0 0 0
 0 0 0 0 0
 0 0 0 0 0
 0 0 0 0 0
 0 0 0 0 0
 0 0 0 0 0
 0 0 0 0 0
 0 0 0 0 0
 0 0 0 0 0
 0 0 0 0 0
 0 0 0 0 0
 0 0 0 0 0
 0 0 0 0 0
 0 0 0 0 0
 0 0 0 0 0
 0 0 0 0 0
 0 0 0 0 0
 0 0 0 0 0
 0 0 0 0 0
 0 0 0 0 0
 0 0 0 0 0
 0 0 0 0 0
 0 0 0 0 0
 0 0 0 0 0
 0 0 0 0 0
 0 0 0 0 0
 0 0 0 0 0
 0 0 0 0 0
 0 0 0 0 0
 0 0 0 0 0
 0 0 0 0 0
 0 0 0 0 0
 0 0 0 0 0
 0 0 0 0 0
 0 0 0 0 0
 0 0 0 0 0
 0 0 0 0 0
 0 0 0 0 0
 0 0 0 0 0
 0 0 0 0 0
 0 0 0 0 0
 0 0 0 0 0
 0 0 0 0 0
 0 0 0 0 0
 0 0 0 0 0
 0 0 0 0 0
 0 0 0 0 0
 0 0 0 0 0
 0 0 0 0 0
 0 0 0 0 0
 0 0 0 0 0
 0 0 0 0 0
 0 0 0 0 0
 0 0 0 0 0
 0 0 0 0 0
 0 0 0 0 0
 0 0 0 0 0
 0 0 0 0 0
 0 0 0 0 0
 0 0 0 0 0
 0 0 0 0 0
 0 0 0 0 0
 0 0 0 0 0
 0 0 0 0 0
 0 0 0 0 0
 0 0 0 0 0
 0 0 0 0 0
 0 0 0 0 0
 0 0 0 0 0
 0 0 0 0 0
 0 0 0 0 0
 0 0 0 0 0
 0 0 0 0 0
 10.1653 9.91469 0.00593438 0.00324105 9.67219
 2.78295 2.68551 0.00564606 0.00286733 2.59324
 1.23418 1.17857 0.00525606 0.00251215 1.12699
 0.69035 0.652513 0.00525459 0.00212943 0.618171
 0.440589 0.41223 0.00494972 0.00184782 0.386907
 0.299506 0.277507 0.0047715 0.00149323 0.258299
 0.214839 0.197101 0.0047677 0.00112407 0.181891
 0.159744 0.145174 0.00460433 0.000808019 0.132913
 0.126079 0.113497 0.00439993 0.000647163 0.103071
 0.100647 0.0897275 0.00453621 0.000263098 0.08079
 0.0818437 0.0722969 0.00427946 6.27669e-05 0.0645969
 0.0681613 0.0596659 0.00448519 -0.000274221 0.0529099
 0.0577619 0.0500658 0.00453729 -0.000549139 0.0439792
 0.0480331 0.0412741 0.00452108 -0.000858469 0.0360136
 0.040605 0.034582 0.00452424 -0.00112844 0.0299638
 0.0363374 0.0306524 0.00466184 -0.00142896 0.0262986
 0.0321608 0.0268883 0.00488272 -0.00177555 0.0228966
 0.0286792 0.0237504 0.00505 -0.00214071 0.0200274
 0.0256764 0.021077 0.00530214 -0.00253585 0.0176436
 0.0226713 0.0184331 0.00555487 -0.00293673 0.0152936
 0.0205666 0.0165883 0.00579303 -0.00335644 0.0136691
 0.0189347 0.0151361 0.00635844 -0.00402503 0.0123677
 0.0173461 0.0137165 0.00674812 -0.00457779 0.0110574
 0.0159959 0.0125449 0.00744169 -0.00535368 0.0100514
 0.0146711 0.0113907 0.00806531 -0.00611119 0.00901619
 0.0133037 0.0102566 0.008392 -0.00663381 0.00808344
 0.0122722 0.00937131 0.00906019 -0.00733731 0.00729875
 0.0116626 0.00882594 0.00963625 -0.00798137 0.00680525
 0.0107279 0.008054 0.00980412 -0.00831406 0.00617041
 0.0101698 0.00757525 0.0104684 -0.00897587 0.00575344
 0.00941087 0.00695225 0.0107844 -0.00941188 0.0052283
 0.00910237 0.00667063 0.0112668 -0.00992362 0.00497499
 0.00852612 0.00617581 0.0113166 -0.0100742 0.00452307
 0 0 0 0 0
 0 0 0 0 0
 0 0 0 0 0
 0 0 0 0 0
 0 0 0 0 0
 0 0 0 0 0
 0 0 0 0 0
 0 0 0 0 0
 0 0 0 0 0
 0 0 0 0 0
 0 0 0 0 0
 0 0 0 0 0
 0 0 0 0 0
 0 0 0 0 0
 0 0 0 0 0
 0 0 0 0 0
 0 0 0 0 0
 0 0 0 0 0
 0 0 0 0 0
 0 0 0 0 0
 0 0 0 0 0
 0 0 0 0 0
 0 0 0 0 0
 0 0 0 0 0
 0 0 0 0 0
 0 0 0 0 0
 0 0 0 0 0
 0 0 0 0 0
 0 0 0 0 0
 0 0 0 0 0
 0 0 0 0 0
 0 0 0 0 0
 0 0 0 0 0
 0 0 0 0 0
 0 0 0 0 0
 0 0 0 0 0
 0 0 0 0 0
 0 0 0 0 0
 0 0 0 0 0
 0 0 0 0 0
 0 0 0 0 0
 0 0 0 0 0
 0 0 0 0 0
 0 0 0 0 0
 0 0 0 0 0
 0 0 0 0 0
 0 0 0 0 0
 0 0 0 0 0
 0 0 0 0 0
 0 0 0 0 0
 0 0 0 0 0
 0 0 0 0 0
 0 0 0 0 0
 0 0 0 0 0
 0 0 0 0 0
 0 0 0 0 0
 0 0 0 0 0
 0 0 0 0 0
 0 0 0 0 0
 0 0 0 0 0
 0 0 0 0 0
 0 0 0 0 0
 0 0 0 0 0
 0 0 0 0 0
 0 0 0 0 0
 0 0 0 0 0
 0 0 0 0 0
 0 0 0 0 0
 0 0 0 0 0
 0 0 0 0 0
 0 0 0 0 0
 0 0 0 0 0
 0 0 0 0 0
 0 0 0 0 0
 0 0 0 0 0
 0 0 0 0 0
 0 0 0 0 0
 0 0 0 0 0
 0 0 0 0 0
 0 0 0 0 0
 0 0 0 0 0
 0 0 0 0 0
 0 0 0 0 0
 0 0 0 0 0
 0 0 0 0 0
 0 0 0 0 0
 0 0 0 0 0
 0 0 0 0 0
 0 0 0 0 0
 10.3817 10.1314 0.00575093 0.00320122 9.88894
 2.82427 2.72711 0.00540432 0.00289419 2.63491
 1.24588 1.19064 0.00529973 0.0024428 1.13936
 0.697881 0.660175 0.00496778 0.0021994 0.625856
 0.44693 0.418604 0.00471448 0.00193099 0.393318
 0.304092 0.282032 0.00465716 0.00151927 0.262697
 0.215126 0.197605 0.00448097 0.00121081 0.182554
 0.160962 0.146446 0.00441041 0.000926869 0.134139
 0.127971 0.115317 0.00440594 0.000696719 0.10477
 0.0998206 0.0891281 0.00434161 0.000365943 0.0803681
 0.0817988 0.072365 0.00422224 0.000100606 0.064735
 0.0678469 0.059449 0.00432411 -0.000207153 0.0527287
 0.0567904 0.0493085 0.00426638 -0.000427829 0.0433749
 0.0492788 0.0423961 0.00423919 -0.000644169 0.037015
 0.0416872 0.0355473 0.00440964 -0.00102506 0.0308055
 0.0372278 0.0314665 0.00466881 -0.00138231 0.0270505
 0.0320128 0.0268096 0.00471713 -0.00166909 0.0228495
 0.0286259 0.0237471 0.00464951 -0.00187061 0.0200583
 0.025257 0.0207697 0.00498766 -0.00227701 0.0174097
 0.0230631 0.0188098 0.00514397 -0.00263637 0.0156803
 0.0207233 0.0167487 0.00562684 -0.00320909 0.0138149
 0.0186049 0.014906 0.00604231 -0.00374527 0.0121988
 0.0168274 0.0133556 0.00626344 -0.00411124 0.010836
 0.0155896 0.012257 0.00684537 -0.00484151 0.00984044
 0.0140476 0.0109594 0.00719469 -0.00529009 0.00874438
 0.0135488 0.0104643 0.0084005 -0.00653956 0.00823806
 0.0123436 0.00945681 0.00861381 -0.00689894 0.007396
 0.0112803 0.00855731 0.0089495 -0.00736181 0.00661163
 0.0107619 0.00809575 0.00974687 -0.00819 0.00618536
 0.0100846 0.00753731 0.0101616 -0.00868869 0.00573688
 0.00934269 0.00691825 0.0103111 -0.0089505 0.00520877
 0.00887512 0.00652369 0.0105292 -0.0092345 0.00487607
 0 0 0 0 0
 0 0 0 0 0
 0 0 0 0 0
 0 0 0 0 0
 0 0 0 0 0
 0 0 0 0 0
 0 0 0 0 0
 0 0 0 0 0
 0 0 0 0 0
 0 0 0 0 0
 0 0 0 0 0
 0 0 0 0 0
 0 0 0 0 0
 0 0 0 0 0
 0 0 0 0 0
 0 0 0 0 0
 0 0 0 0 0
 0 0 0 0 0
 0 0 0 0 0
 0 0 0 0 0
 0 0 0 0 0
 0 0 0 0 0
 0 0 0 0 0
 0 0 0 0 0
 0 0 0 0 0
 0 0 0 0 0
 0 0 0 0 0
 0 0 0 0 0
 0 0 0 0 0
 0 0 0 0 0
 0 0 0 0 0
 0 0 0 0 0
 0 0 0 0 0
 0 0 0 0 0
 0 0 0 0 0
 0 0 0 0 0
 0 0 0 0 0
 0 0 0 0 0
 0 0 0 0 0
 0 0 0 0 0
 0 0 0 0 0
 0 0 0 0 0
 0 0 0 0 0
 0 0 0 0 0
 0 0 0 0 0
 0 0 0 0 0
 0 0 0 0 0
 0 0 0 0 0
 0 0 0 0 0
 0 0 0 0 0
 0 0 0 0 0
 0 0 0 0 0
 0 0 0 0 0
 0 0 0 0 0
 0 0 0 0 0
 0 0 0 0 0
 0 0 0 0 0
 0 0 0 0 0
 0 0 0 0 0
 0 0 0 0 0
 0 0 0 0 0
 0 0 0 0 0
 0 0 0 0 0
 0 0 0 0 0
 0 0 0 0 0
 0 0 0 0 0
 0 0 0 0 0
 0 0 0 0 0
 0 0 0 0 0
 0 0 0 0 0
 0 0 0 0 0
 0 0 0 0 0
 0 0 0 0 0
 0 0 0 0 0
 0 0 0 0 0
 0 0 0 0 0
 0 0 0 0 0
 0 0 0 0 0
 0 0 0 0 0
 0 0 0 0 0
 0 0 0 0 0
 0 0 0 0 0
 0 0 0 0 0
 0 0 0 0 0
 0 0 0 0 0
 0 0 0 0 0
 0 0 0 0 0
 0 0 0 0 0
 0 0 0 0 0
 0 0 0 0 0
 10.9584 10.6999 0.00567972 0.00328163 10.4493
 2.87061 2.77367 0.00541731 0.00296281 2.6816
 1.26343 1.20831 0.00502073 0.00256182 1.15704
 0.689819 0.653125 0.00480767 0.00215116 0.619694
 0.451141 0.422921 0.00457254 0.00194719 0.397674
 0.311771 0.289453 0.00447616 0.00165416 0.26988
 0.219795 0.202124 0.00449954 0.00129249 0.186931
 0.165706 0.150939 0.00419397 0.00103896 0.138426
 0.129159 0.116537 0.00420106 0.000756969 0.106002
 0.101731 0.0909456 0.00406067 0.000513532 0.0820838
 0.0825569 0.0731169 0.00399116 0.000239805 0.0654481
 0.0680419 0.0596983 0.00399976 -2.96438e-05 0.0529924
 0.0581404 0.0505675 0.00411774 -0.000306651 0.0445531
 0.0486746 0.0419463 0.00424319 -0.000684544 0.0366749
 0.0429176 0.0366756 0.00422378 -0.000832706 0.0318361
 0.0369224 0.0312546 0.00435336 -0.00114371 0.0268981
 0.0314459 0.0263962 0.00437119 -0.00144125 0.0225494
 0.0285906 0.0238026 0.00460128 -0.00176626 0.0202144
 0.0253621 0.0209094 0.00468251 -0.00203331 0.0175696
 0.0228676 0.0186795 0.0049244 -0.00244314 0.0155601
 0.0202322 0.0163748 0.00520168 -0.00285992 0.0135185
 0.0183801 0.0147547 0.00544934 -0.00326746 0.0121019
 0.0170035 0.0135285 0.00595821 -0.00384901 0.0109874
 0.0153557 0.0121187 0.00620429 -0.00425354 0.00977531
 0.0139509 0.0109155 0.00686594 -0.00501296 0.00872762
 0.0129509 0.0100355 0.00733487 -0.00560273 0.00794369
 0.0121043 0.00930044 0.00833069 -0.00665694 0.00729087
 0.0112719 0.00859575 0.00883569 -0.00729 0.00669525
 0.0106469 0.00804375 0.00923756 -0.00770988 0.00619228
 0.00996413 0.0074685 0.00948844 -0.00809044 0.00570466
 0.00927188 0.00687969 0.00997588 -0.00863175 0.00518674
 0 0 0 0 0
 0 0 0 0 0
 0 0 0 0 0
 0 0 0 0 0
 0 0 0 0 0
 0 0 0 0 0
 0 0 0 0 0
 0 0 0 0 0
 0 0 0 0 0
 0 0 0 0 0
 0 0 0 0 0
 0 0 0 0 0
 0 0 0 0 0
 0 0 0 0 0
 0 0 0 0 0
 0 0 0 0 0
 0 0 0 0 0
 0 0 0 0 0
 0 0 0 0 0
 0 0 0 0 0
 0 0 0 0 0
 0 0 0 0 0
 0 0 0 0 0
 0 0 0 0 0
 0 0 0 0 0
 0 0 0 0 0
 0 0 0 0 0
 0 0 0 0 0
 0 0 0 0 0
 0 0 0 0 0
 0 0 0 0 0
 0 0 0 0 0
 0 0 0 0 0
 0 0 0 0 0
 0 0 0 0 0
 0 0 0 0 0
 0 0 0 0 0
 0 0 0 0 0
 0 0 0 0 0
 0 0 0 0 0
 0 0 0 0 0
 0 0 0 0 0
 0 0 0 0 0
 0 0 0 0 0
 0 0 0 0 0
 0 0 0 0 0
 0 0 0 0 0
 0 0 0 0 0
 0 0 0 0 0
 0 0 0 0 0
 0 0 0 0 0
 0 0 0 0 0
 0 0 0 0 0
 0 0 0 0 0
 0 0 0 0 0
 0 0 0 0 0
 0 0 0 0 0
 0 0 0 0 0
 0 0 0 0 0
 0 0 0 0 0
 0 0 0 0 0
 0 0 0 0 0
 0 0 0 0 0
 0 0 0 0 0
 0 0 0 0 0
 0 0 0 0 0
 0 0 0 0 0
 0 0 0 0 0
 0 0 0 0 0
 0 0 0 0 0
 0 0 0 0 0
 0 0 0 0 0
 0 0 0 0 0
 0 0 0 0 0
 0 0 0 0 0
 0 0 0 0 0
 0 0 0 0 0
 0 0 0 0 0
 0 0 0 0 0
 0 0 0 0 0
 0 0 0 0 0
 0 0 0 0 0
 0 0 0 0 0
 0 0 0 0 0
 0 0 0 0 0
 0 0 0 0 0
 0 0 0 0 0
 0 0 0 0 0
 0 0 0 0 0
 0 0 0 0 0
 0 0 0 0 0
 11.2309 10.9717 0.00553929 0.00329997 10.7203
 2.91561 2.81892 0.00530153 0.00291842 2.72703
 1.31442 1.25795 0.00495519 0.00267595 1.20531
 0.739681 0.700881 0.00479496 0.00234786 0.665456
 0.457538 0.429317 0.00439681 0.00202669 0.404067
 0.304269 0.282766 0.00437231 0.00161648 0.263875
 0.216664 0.199442 0.00417977 0.00134876 0.184593
 0.164498 0.150021 0.00419029 0.00106123 0.137758
 0.127034 0.114743 0.00406145 0.000789394 0.10445
 0.103979 0.0930825 0.0040312 0.000567397 0.084115
 0.0840725 0.0745706 0.00399909 0.000313281 0.0668481
 0.0689975 0.0606481 0.00398851 4.62397e-06 0.053938
 0.0579351 0.0504708 0.00399468 -0.000236904 0.0445637
 0.048924 0.0422432 0.00406703 -0.000532989 0.0370128
 0.0420933 0.0360188 0.0041593 -0.000763438 0.0312914
 0.0364013 0.0308681 0.00410355 -0.000987794 0.0265981
 0.0314541 0.0264428 0.00429777 -0.00133007 0.0226157
 0.0284059 0.0236713 0.00436821 -0.00163598 0.0200887
 0.0251556 0.0207859 0.00456573 -0.00196378 0.0175127
 0.0229363 0.0187804 0.00475368 -0.00229122 0.0156871
 0.0206227 0.0167374 0.00496005 -0.00263724 0.0138505
 0.0185646 0.0149459 0.00531855 -0.00315541 0.0122778
 0.0163098 0.0130126 0.00555693 -0.00352903 0.0106154
 0.0154223 0.0121829 0.00620344 -0.00426768 0.00981394
 0.0141189 0.0110708 0.00679644 -0.00493489 0.00886625
 0.0129266 0.0100516 0.00701981 -0.0053018 0.00799006
 0.0120707 0.00930231 0.00757619 -0.00593319 0.00732238
 0.0110736 0.00845938 0.00817925 -0.00665494 0.00659263
 0.0104981 0.007956 0.00877313 -0.00727513 0.00614651
 0.0100576 0.00755781 0.00962331 -0.00823556 0.00578563
 0 0 0 0 0
 0 0 0 0 0
 0 0 0 0 0
 0 0 0 0 0
 0 0 0 0 0
 0 0 0 0 0
 0 0 0 0 0
 0 0 0 0 0
 0 0 0 0 0
 0 0 0 0 0
 0 0 0 0 0
 0 0 0 0 0
 0 0 0 0 0
 0 0 0 0 0
 0 0 0 0 0
 0 0 0 0 0
 0 0 0 0 0
 0 0 0 0 0
 0 0 0 0 0
 0 0 0 0 0
 0 0 0 0 0
 0 0 0 0 0
 0 0 0 0 0
 0 0 0 0 0
 0 0 0 0 0
 0 0 0 0 0
 0 0 0 0 0
 0 0 0 0 0
 0 0 0 0 0
 0 0 0 0 0
 0 0 0 0 0
 0 0 0 0 0
 0 0 0 0 0
 0 0 0 0 0
 0 0 0 0 0
 0 0 0 0 0
 0 0 0 0 0
 0 0 0 0 0
 0 0 0 0 0
 0 0 0 0 0
 0 0 0 0 0
 0 0 0 0 0
 0 0 0 0 0
 0 0 0 0 0
 0 0 0 0 0
 0 0 0 0 0
 0 0 0 0 0
 0 0 0 0 0
 0 0 0 0 0
 0 0 0 0 0
 0 0 0 0 0
 0 0 0 0 0
 0 0 0 0 0
 0 0 0 0 0
 0 0 0 0 0
 0 0 0 0 0
 0 0 0 0 0
 0 0 0 0 0
 0 0 0 0 0
 0 0 0 0 0
 0 0 0 0 0
 0 0 0 0 0
 0 0 0 0 0
 0 0 0 0 0
 0 0 0 0 0
 0 0 0 0 0
 0 0 0 0 0
 0 0 0 0 0
 0 0 0 0 0
 0 0 0 0 0
 0 0 0 0 0
 0 0 0 0 0
 0 0 0 0 0
 0 0 0 0 0
 0 0 0 0 0
 0 0 0 0 0
 0 0 0 0 0
 0 0 0 0 0
 0 0 0 0 0
 0 0 0 0 0
 0 0 0 0 0
 0 0 0 0 0
 0 0 0 0 0
 0 0 0 0 0
 0 0 0 0 0
 0 0 0 0 0
 0 0 0 0 0
 0 0 0 0 0
 0 0 0 0 0
 0 0 0 0 0
 0 0 0 0 0
 0 0 0 0 0
 11.7337 11.4686 0.00552234 0.00334766 11.2113
 3.07025 2.97019 0.0052486 0.00305015 2.87493
 1.28701 1.23262 0.00493921 0.00256125 1.18196
 0.731225 0.693419 0.00447634 0.00233735 0.658831
 0.470714 0.442072 0.00444171 0.00203721 0.416378
 0.323022 0.300486 0.00430151 0.00173091 0.28066
 0.224804 0.207143 0.00414682 0.00140538 0.191821
 0.168706 0.154031 0.00407273 0.00116671 0.141552
 0.129616 0.117257 0.00396717 0.000895462 0.106894
 0.104208 0.0934188 0.00390021 0.000651594 0.0844913
 0.0850844 0.0755862 0.00379804 0.000411272 0.0678362
 0.0693475 0.0610466 0.00384622 0.000114872 0.0543738
 0.0589942 0.0514829 0.00384546 -0.000107571 0.0454953
 0.0493058 0.0426268 0.00390526 -0.000414644 0.0373542
 0.0418257 0.0358508 0.00401364 -0.000709538 0.0311908
 0.0363758 0.0309066 0.00399376 -0.000907162 0.026693
 0.0315721 0.0266024 0.00409358 -0.0012164 0.0228124
 0.0281529 0.0235059 0.00414115 -0.00144228 0.0199786
 0.0249297 0.0206313 0.00425923 -0.00171159 0.0173876
 0.0220283 0.0180875 0.00434424 -0.00198561 0.0151632
 0.0205351 0.0167077 0.00476139 -0.00244252 0.0138702
 0.0181666 0.0146564 0.00490609 -0.00278123 0.0120571
 0.0166844 0.0133445 0.00520587 -0.00317798 0.0109032
 0.0151292 0.0119899 0.00553491 -0.00365354 0.0096985
 0.0139219 0.0109432 0.00603201 -0.00427241 0.00878412
 0.0131043 0.0102086 0.00685756 -0.00513604 0.00811281
 0.0119402 0.00922881 0.00731819 -0.00568794 0.00728288
 0.0111205 0.00852169 0.00776812 -0.00626025 0.00666706
 0.0102737 0.00781738 0.008315 -0.0068955 0.00607777
 0 0 0 0 0
 0 0 0 0 0
 0 0 0 0 0
 0 0 0 0 0
 0 0 0 0 0
 0 0 0 0 0
 0 0 0 0 0
 0 0 0 0 0
 0 0 0 0 0
 0 0 0 0 0
 0 0 0 0 0
 0 0 0 0 0
 0 0 0 0 0
 0 0 0 0 0
 0 0 0 0 0
 0 0 0 0 0
 0 0 0 0 0
 0 0 0 0 0
 0 0 0 0 0
 0 0 0 0 0
 0 0 0 0 0
 0 0 0 0 0
 0 0 0 0 0
 0 0 0 0 0
 0 0 0 0 0
 0 0 0 0 0
 0 0 0 0 0
 0 0 0 0 0
 0 0 0 0 0
 0 0 0 0 0
 0 0 0 0 0
 0 0 0 0 0
 0 0 0 0 0
 0 0 0 0 0
 0 0 0 0 0
 0 0 0 0 0
 0 0 0 0 0
 0 0 0 0 0
 0 0 0 0 0
 0 0 0 0 0
 0 0 0 0 0
 0 0 0 0 0
 0 0 0 0 0
 0 0 0 0 0
 0 0 0 0 0
 0 0 0 0 0
 0 0 0 0 0
 0 0 0 0 0
 0 0 0 0 0
 0 0 0 0 0
 0 0 0 0 0
 0 0 0 0 0
 0 0 0 0 0
 0 0 0 0 0
 0 0 0 0 0
 0 0 0 0 0
 0 0 0 0 0
 0 0 0 0 0
 0 0 0 0 0
 0 0 0 0 0
 0 0 0 0 0
 0 0 0 0 0
 0 0 0 0 0
 0 0 0 0 0
 0 0 0 0 0
 0 0 0 0 0
 0 0 0 0 0
 0 0 0 0 0
 0 0 0 0 0
 0 0 0 0 0
 0 0 0 0 0
 0 0 0 0 0
 0 0 0 0 0
 0 0 0 0 0
 0 0 0 0 0
 0 0 0 0 0
 0 0 0 0 0
 0 0 0 0 0
 0 0 0 0 0
 0 0 0 0 0
 0 0 0 0 0
 0 0 0 0 0
 0 0 0 0 0
 0 0 0 0 0
 0 0 0 0 0
 0 0 0 0 0
 0 0 0 0 0
 0 0 0 0 0
 0 0 0 0 0
 0 0 0 0 0
 0 0 0 0 0
 0 0 0 0 0
 0 0 0 0 0
 12.1149 11.847 0.00554704 0.00330921 11.5868
 3.11651 3.01672 0.00518103 0.0029691 2.92171
 1.38562 1.32796 0.00485436 0.00272717 1.27418
 0.751513 0.713231 0.00468152 0.0023259 0.678244
 0.468625 0.440499 0.00446042 0.00201519 0.415253
 0.319587 0.297542 0.00413472 0.00179024 0.278075
 0.229001 0.211251 0.00410336 0.00147379 0.195881
 0.170966 0.156234 0.00397074 0.00116355 0.143682
 0.129986 0.117724 0.00389204 0.000917763 0.107417
 0.106688 0.0957656 0.00388334 0.00068795 0.0867056
 0.0852112 0.0758013 0.00385421 0.00041653 0.0681269
 0.0713212 0.0628825 0.00371678 0.000200869 0.0560933
 0.05729 0.0500629 0.00373877 -6.22014e-05 0.0443281
 0.0505659 0.0437824 0.00376318 -0.000309362 0.0384111
 0.0429169 0.0368464 0.00382457 -0.000556612 0.0320925
 0.0365681 0.0311193 0.00379994 -0.000758256 0.0268956
 0.0317315 0.0267783 0.00387078 -0.00107029 0.022988
 0.0280843 0.0234993 0.00403517 -0.00136292 0.0200127
 0.0245849 0.0203957 0.00397442 -0.00152036 0.0172428
 0.0224963 0.0184949 0.00423161 -0.00185853 0.0154947
 0.0199169 0.0162345 0.00448145 -0.00221067 0.0134976
 0.0181366 0.0146557 0.00484297 -0.00269377 0.0120822
 0.0165377 0.0132584 0.00509481 -0.00307626 0.010846
 0.0149662 0.0119034 0.00533956 -0.00346776 0.00967619
 0.0138998 0.0109569 0.00584288 -0.0040733 0.00882156
 0.0124254 0.00970013 0.00590183 -0.00429153 0.00773138
 0.012162 0.00942081 0.006949 -0.00533674 0.00744625
 0.0110146 0.00845425 0.00737537 -0.00586162 0.00660763
 0 0 0 0 0
 0 0 0 0 0
 0 0 0 0 0
 0 0 0 0 0
 0 0 0 0 0
 0 0 0 0 0
 0 0 0 0 0
 0 0 0 0 0
 0 0 0 0 0
 0 0 0 0 0
 0 0 0 0 0
 0 0 0 0 0
 0 0 0 0 0
 0 0 0 0 0
 0 0 0 0 0
 0 0 0 0 0
 0 0 0 0 0
 0 0 0 0 0
 0 0 0 0 0
 0 0 0 0 0
 0 0 0 0 0
 0 0 0 0 0
 0 0 0 0 0
 0 0 0 0 0
 0 0 0 0 0
 0 0 0 0 0
 0 0 0 0 0
 0 0 0 0 0
 0 0 0 0 0
 0 0 0 0 0
 0 0 0 0 0
 0 0 0 0 0
 0 0 0 0 0
 0 0 0 0 0
 0 0 0 0 0
 0 0 0 0 0
 0 0 0 0 0
 0 0 0 0 0
 0 0 0 0 0
 0 0 0 0 0
 0 0 0 0 0
 0 0 0 0 0
 0 0 0 0 0
 0 0 0 0 0
 0 0 0 0 0
 0 0 0 0 0
 0 0 0 0 0
 0 0 0 0 0
 0 0 0 0 0
 0 0 0 0 0
 0 0 0 0 0
 0 0 0 0 0
 0 0 0 0 0
 0 0 0 0 0
 0 0 0 0 0
 0 0 0 0 0
 0 0 0 0 0
 0 0 0 0 0
 0 0 0 0 0
 0 0 0 0 0
 0 0 0 0 0
 0 0 0 0 0
 0 0 0 0 0
 0 0 0 0 0
 0 0 0 0 0
 0 0 0 0 0
 0 0 0 0 0
 0 0 0 0 0
 0 0 0 0 0
 0 0 0 0 0
 0 0 0 0 0
 0 0 0 0 0
 0 0 0 0 0
 0 0 0 0 0
 0 0 0 0 0
 0 0 0 0 0
 0 0 0 0 0
 0 0 0 0 0
 0 0 0 0 0
 0 0 0 0 0
 0 0 0 0 0
 0 0 0 0 0
 0 0 0 0 0
 0 0 0 0 0
 0 0 0 0 0
 0 0 0 0 0
 0 0 0 0 0
 0 0 0 0 0
 0 0 0 0 0
 0 0 0 0 0
 0 0 0 0 0
 0 0 0 0 0
 0 0 0 0 0
 0 0 0 0 0
 12.3346 12.0676 0.00543091 0.00335503 11.808
 3.28334 3.18002 0.00500689 0.00311457 3.0815
 1.35035 1.29502 0.00469563 0.0026645 1.2434
 0.758819 0.720713 0.00461877 0.00232741 0.68585
 0.467675 0.439956 0.00431302 0.00201177 0.415077
 0.319394 0.297652 0.00415356 0.00176409 0.278465
 0.228795 0.211234 0.00393042 0.00149033 0.195973
 0.172959 0.158241 0.00389224 0.00121725 0.14565
 0.130916 0.118699 0.00380666 0.000949431 0.108431
 0.105053 0.094405 0.00363248 0.000723313 0.0855512
 0.0839988 0.0748281 0.00373233 0.000450985 0.0673381
 0.0679625 0.0599937 0.00358324 0.000230998 0.053548
 0.0580399 0.0507894 0.00357988 -1.68501e-06 0.0449937
 0.0489694 0.0424826 0.00354548 -0.000186174 0.0373534
 0.0421887 0.0362759 0.00359712 -0.000433405 0.0316423
 0.0361105 0.0307901 0.00372612 -0.000704006 0.0266739
 0.0316078 0.0267346 0.00369604 -0.000892481 0.022997
 0.0278872 0.0233824 0.00386536 -0.00119241 0.0199632
 0.0245628 0.0204174 0.00394711 -0.00151385 0.0172868
 0.0220072 0.0181426 0.00400913 -0.00171074 0.0152444
 0.0200362 0.0163688 0.00425227 -0.00204707 0.0136212
 0.0179527 0.014548 0.00445101 -0.00238996 0.0120391
 0.0162383 0.0130467 0.00476748 -0.00284371 0.0106953
 0.014947 0.0119109 0.00503026 -0.00319996 0.00970225
 0.0137896 0.0108928 0.00532835 -0.00359393 0.00878281
 0.0125235 0.0098015 0.00592381 -0.00429423 0.00782369
 0.0114929 0.00893813 0.00614047 -0.00461713 0.007113
 0 0 0 0 0
 0 0 0 0 0
 0 0 0 0 0
 0 0 0 0 0
 0 0 0 0 0
 0 0 0 0 0
 0 0 0 0 0
 0 0 0 0 0
 0 0 0 0 0
 0 0 0 0 0
 0 0 0 0 0
 0 0 0 0 0
 0 0 0 0 0
 0 0 0 0 0
 0 0 0 0 0
 0 0 0 0 0
 0 0 0 0 0
 0 0 0 0 0
 0 0 0 0 0
 0 0 0 0 0
 0 0 0 0 0
 0 0 0 0 0
 0 0 0 0 0
 0 0 0 0 0
 0 0 0 0 0
 0 0 0 0 0
 0 0 0 0 0
 0 0 0 0 0
 0 0 0 0 0
 0 0 0 0 0
 0 0 0 0 0
 0 0 0 0 0
 0 0 0 0 0
 0 0 0 0 0
 0 0 0 0 0
 0 0 0 0 0
 0 0 0 0 0
 0 0 0 0 0
 0 0 0 0 0
 0 0 0 0 0
 0 0 0 0 0
 0 0 0 0 0
 0 0 0 0 0
 0 0 0 0 0
 0 0 0 0 0
 0 0 0 0 0
 0 0 0 0 0
 0 0 0 0 0
 0 0 0 0 0
 0 0 0 0 0
 0 0 0 0 0
 0 0 0 0 0
 0 0 0 0 0
 0 0 0 0 0
 0 0 0 0 0
 0 0 0 0 0
 0 0 0 0 0
 0 0 0 0 0
 0 0 0 0 0
 0 0 0 0 0
 0 0 0 0 0
 0 0 0 0 0
 0 0 0 0 0
 0 0 0 0 0
 0 0 0 0 0
 0 0 0 0 0
 0 0 0 0 0
 0 0 0 0 0
 0 0 0 0 0
 0 0 0 0 0
 0 0 0 0 0
 0 0 0 0 0
 0 0 0 0 0
 0 0 0 0 0
 0 0 0 0 0
 0 0 0 0 0
 0 0 0 0 0
 0 0 0 0 0
 0 0 0 0 0
 0 0 0 0 0
 0 0 0 0 0
 0 0 0 0 0
 0 0 0 0 0
 0 0 0 0 0
 0 0 0 0 0
 0 0 0 0 0
 0 0 0 0 0
 0 0 0 0 0
 0 0 0 0 0
 0 0 0 0 0
 0 0 0 0 0
 0 0 0 0 0
 0 0 0 0 0
 0 0 0 0 0
 0 0 0 0 0
 13.2995 13.0176 0.00543252 0.00339502 12.7433
 3.24994 3.14942 0.00499307 0.00297816 3.05355
 1.38774 1.33169 0.00463386 0.00267261 1.27926
 0.772431 0.73415 0.00455902 0.0023553 0.699037
 0.481727 0.453551 0.00421689 0.00207738 0.428179
 0.33782 0.315117 0.00410049 0.00188142 0.295011
 0.231128 0.213601 0.00381009 0.00146293 0.198362
 0.172008 0.157564 0.00368236 0.00127318 0.145196
 0.130388 0.118354 0.00359126 0.00101845 0.10821
 0.106888 0.0961775 0.00361614 0.000784169 0.0873025
 0.0847269 0.0755606 0.00356004 0.000489694 0.0680556
 0.0697781 0.0616802 0.00347231 0.000307569 0.0551039
 0.0587684 0.0515032 0.00349247 6.2302e-05 0.0456673
 0.0501256 0.0435591 0.00355841 -0.000155391 0.0383698
 0.0415014 0.0357472 0.00350054 -0.000379887 0.0312275
 0.0361847 0.0309036 0.00348789 -0.000570229 0.0268102
 0.03145 0.0266379 0.00349201 -0.00077235 0.022943
 0.0280731 0.0235744 0.00356724 -0.00103902 0.0201456
 0.0244868 0.0203894 0.00366217 -0.00126259 0.0172959
 0.0216469 0.0178733 0.00380201 -0.00154833 0.0150464
 0.0195555 0.0160109 0.0039482 -0.0018202 0.0133642
 0.0174906 0.0142006 0.00419052 -0.00215459 0.0117634
 0.0157359 0.0126671 0.00436216 -0.00248199 0.0104023
 0.0147597 0.0117799 0.00476287 -0.002953 0.00958656
 0.0135316 0.0107202 0.00507816 -0.0033871 0.00866938
 0.0123974 0.00973119 0.00551925 -0.00394421 0.00779287
 0 0 0 0 0
 0 0 0 0 0
 0 0 0 0 0
 0 0 0 0 0
 0 0 0 0 0
 0 0 0 0 0
 0 0 0 0 0
 0 0 0 0 0
 0 0 0 0 0
 0 0 0 0 0
 0 0 0 0 0
 0 0 0 0 0
 0 0 0 0 0
 0 0 0 0 0
 0 0 0 0 0
 0 0 0 0 0
 0 0 0 0 0
 0 0 0 0 0
 0 0 0 0 0
 0 0 0 0 0
 0 0 0 0 0
 0 0 0 0 0
 0 0 0 0 0
 0 0 0 0 0
 0 0 0 0 0
 0 0 0 0 0
 0 0 0 0 0
 0 0 0 0 0
 0 0 0 0 0
 0 0 0 0 0
 0 0 0 0 0
 0 0 0 0 0
 0 0 0 0 0
 0 0 0 0 0
 0 0 0 0 0
 0 0 0 0 0
 0 0 0 0 0
 0 0 0 0 0
 0 0 0 0 0
 0 0 0 0 0
 0 0 0 0 0
 0 0 0 0 0
 0 0 0 0 0
 0 0 0 0 0
 0 0 0 0 0
 0 0 0 0 0
 0 0 0 0 0
 0 0 0 0 0
 0 0 0 0 0
 0 0 0 0 0
 0 0 0 0 0
 0 0 0 0 0
 0 0 0 0 0
 0 0 0 0 0
 0 0 0 0 0
 0 0 0 0 0
 0 0 0 0 0
 0 0 0 0 0
 0 0 0 0 0
 0 0 0 0 0
 0 0 0 0 0
 0 0 0 0 0
 0 0 0 0 0
 0 0 0 0 0
 0 0 0 0 0
 0 0 0 0 0
 0 0 0 0 0
 0 0 0 0 0
 0 0 0 0 0
 0 0 0 0 0
 0 0 0 0 0
 0 0 0 0 0
 0 0 0 0 0
 0 0 0 0 0
 0 0 0 0 0
 0 0 0 0 0
 0 0 0 0 0
 0 0 0 0 0
 0 0 0 0 0
 0 0 0 0 0
 0 0 0 0 0
 0 0 0 0 0
 0 0 0 0 0
 0 0 0 0 0
 0 0 0 0 0
 0 0 0 0 0
 0 0 0 0 0
 0 0 0 0 0
 0 0 0 0 0
 0 0 0 0 0
 0 0 0 0 0
 0 0 0 0 0
 0 0 0 0 0
 0 0 0 0 0
 0 0 0 0 0
 0 0 0 0 0
 13.8373 13.5499 0.00538594 0.00341246 13.2703
 3.42057 3.31657 0.00504954 0.00309733 3.21731
 1.42588 1.36919 0.00469531 0.00261295 1.31617
 0.788431 0.749912 0.00440774 0.0023775 0.714575
 0.503339 0.474274 0.00413382 0.00216381 0.448044
 0.319712 0.298486 0.0039956 0.00175406 0.2797
 0.237058 0.219317 0.00380038 0.00159678 0.203854
 0.177153 0.162429 0.00372538 0.00133191 0.14979
 0.134302 0.122051 0.00366334 0.00101643 0.111701
 0.106401 0.0958456 0.00358133 0.000798769 0.0870575
 0.0868644 0.0775719 0.00345257 0.000621766 0.0699444
 0.0684556 0.0606127 0.00337979 0.000317001 0.0542527
 0.0583453 0.0512163 0.0033026 0.000184146 0.0455007
 0.0506644 0.0440793 0.00334814 -7.1015e-05 0.0388384
 0.0423662 0.0365509 0.00345863 -0.000338542 0.0319751
 0.0362528 0.0310247 0.00354538 -0.000582072 0.0269766
 0.0320134 0.0271669 0.00345089 -0.000765612 0.0234441
 0.0273557 0.0230026 0.00350667 -0.000995425 0.0196719
 0.0245342 0.020467 0.00346334 -0.00113692 0.0173736
 0.0218889 0.0181169 0.00377712 -0.00151041 0.0152838
 0.0193228 0.0158629 0.0038243 -0.00171488 0.0132862
 0.0174614 0.0142009 0.00401504 -0.0020069 0.0117712
 0.015855 0.012798 0.00412851 -0.00227263 0.0105462
 0.014671 0.0117497 0.00448746 -0.00269896 0.00960725
 0.0131452 0.0104381 0.00478686 -0.00314277 0.00847088
 0 0 0 0 0
 0 0 0 0 0
 0 0 0 0 0
 0 0 0 0 0
 0 0 0 0 0
 0 0 0 0 0
 0 0 0 0 0
 0 0 0 0 0
 0 0 0 0 0
 0 0 0 0 0
 0 0 0 0 0
 0 0 0 0 0
 0 0 0 0 0
 0 0 0 0 0
 0 0 0 0 0
 0 0 0 0 0
 0 0 0 0 0
 0 0 0 0 0
 0 0 0 0 0
 0 0 0 0 0
 0 0 0 0 0
 0 0 0 0 0
 0 0 0 0 0
 0 0 0 0 0
 0 0 0 0 0
 0 0 0 0 0
 0 0 0 0 0
 0 0 0 0 0
 0 0 0 0 0
 0 0 0 0 0
 0 0 0 0 0
 0 0 0 0 0
 0 0 0 0 0
 0 0 0 0 0
 0 0 0 0 0
 0 0 0 0 0
 0 0 0 0 0
 0 0 0 0 0
 0 0 0 0 0
 0 0 0 0 0
 0 0 0 0 0
 0 0 0 0 0
 0 0 0 0 0
 0 0 0 0 0
 0 0 0 0 0
 0 0 0 0 0
 0 0 0 0 0
 0 0 0 0 0
 0 0 0 0 0
 0 0 0 0 0
 0 0 0 0 0
 0 0 0 0 0
 0 0 0 0 0
 0 0 0 0 0
 0 0 0 0 0
 0 0 0 0 0
 0 0 0 0 0
 0 0 0 0 0
 0 0 0 0 0
 0 0 0 0 0
 0 0 0 0 0
 0 0 0 0 0
 0 0 0 0 0
 0 0 0 0 0
 0 0 0 0 0
 0 0 0 0 0
 0 0 0 0 0
 0 0 0 0 0
 0 0 0 0 0
 0 0 0 0 0
 0 0 0 0 0
 0 0 0 0 0
 0 0 0 0 0
 0 0 0 0 0
 0 0 0 0 0
 0 0 0 0 0
 0 0 0 0 0
 0 0 0 0 0
 0 0 0 0 0
 0 0 0 0 0
 0 0 0 0 0
 0 0 0 0 0
 0 0 0 0 0
 0 0 0 0 0
 0 0 0 0 0
 0 0 0 0 0
 0 0 0 0 0
 0 0 0 0 0
 0 0 0 0 0
 0 0 0 0 0
 0 0 0 0 0
 0 0 0 0 0
 0 0 0 0 0
 0 0 0 0 0
 0 0 0 0 0
 0 0 0 0 0
 0 0 0 0 0
 14.3873 14.0945 0.00534106 0.00340246 13.8094
 3.39632 3.29476 0.00509052 0.00295726 3.19773
 1.44126 1.38481 0.00472533 0.00268399 1.33193
 0.779506 0.741906 0.00432651 0.00234537 0.707281
 0.480461 0.453062 0.00414836 0.00201213 0.428369
 0.333014 0.311143 0.00399403 0.00178801 0.291702
 0.235871 0.218419 0.00377628 0.00153637 0.203193
 0.174063 0.15975 0.00363551 0.00127356 0.147447
 0.136187 0.123901 0.00354283 0.00107961 0.113482
 0.10435 0.0941181 0.00339082 0.000832925 0.085595
 0.0864419 0.0772787 0.00337541 0.000623231 0.06975
 0.0696469 0.0617395 0.00340599 0.000334099 0.0553339
 0.0572862 0.0503547 0.00325042 0.00017331 0.0447896
 0.0492167 0.0429118 0.00332318 -4.09019e-05 0.0379266
 0.042496 0.0367363 0.00327951 -0.000244771 0.0322133
 0.0363234 0.0311163 0.00340229 -0.000486157 0.0270409
 0.0306754 0.0260607 0.00326751 -0.000677512 0.0224926
 0.0275033 0.0231922 0.00341657 -0.000896044 0.0199156
 0.0245882 0.0205525 0.00345098 -0.00110238 0.0174851
 0.0219753 0.0182203 0.00358046 -0.00136346 0.0153915
 0.0193562 0.0159193 0.00367304 -0.00161676 0.0133547
 0.0175908 0.0143489 0.00381162 -0.00184424 0.0119391
 0.0158331 0.0128028 0.00399004 -0.00215086 0.0105538
 0.0145545 0.0116825 0.00428911 -0.00256229 0.00957531
 0 0 0 0 0
 0 0 0 0 0
 0 0 0 0 0
 0 0 0 0 0
 0 0 0 0 0
 0 0 0 0 0
 0 0 0 0 0
 0 0 0 0 0
 0 0 0 0 0
 0 0 0 0 0
 0 0 0 0 0
 0 0 0 0 0
 0 0 0 0 0
 0 0 0 0 0
 0 0 0 0 0
 0 0 0 0 0
 0 0 0 0 0
 0 0 0 0 0
 0 0 0 0 0
 0 0 0 0 0
 0 0 0 0 0
 0 0 0 0 0
 0 0 0 0 0
 0 0 0 0 0
 0 0 0 0 0
 0 0 0 0 0
 0 0 0 0 0
 0 0 0 0 0
 0 0 0 0 0
 0 0 0 0 0
 0 0 0 0 0
 0 0 0 0 0
 0 0 0 0 0
 0 0 0 0 0
 0 0 0 0 0
 0 0 0 0 0
 0 0 0 0 0
 0 0 0 0 0
 0 0 0 0 0
 0 0 0 0 0
 0 0 0 0 0
 0 0 0 0 0
 0 0 0 0 0
 0 0 0 0 0
 0 0 0 0 0
 0 0 0 0 0
 0 0 0 0 0
 0 0 0 0 0
 0 0 0 0 0
 0 0 0 0 0
 0 0 0 0 0
 0 0 0 0 0
 0 0 0 0 0
 0 0 0 0 0
 0 0 0 0 0
 0 0 0 0 0
 0 0 0 0 0
 0 0 0 0 0
 0 0 0 0 0
 0 0 0 0 0
 0 0 0 0 0
 0 0 0 0 0
 0 0 0 0 0
 0 0 0 0 0
 0 0 0 0 0
 0 0 0 0 0
 0 0 0 0 0
 0 0 0 0 0
 0 0 0 0 0
 0 0 0 0 0
 0 0 0 0 0
 0 0 0 0 0
 0 0 0 0 0
 0 0 0 0 0
 0 0 0 0 0
 0 0 0 0 0
 0 0 0 0 0
 0 0 0 0 0
 0 0 0 0 0
 0 0 0 0 0
 0 0 0 0 0
 0 0 0 0 0
 0 0 0 0 0
 0 0 0 0 0
 0 0 0 0 0
 0 0 0 0 0
 0 0 0 0 0
 0 0 0 0 0
 0 0 0 0 0
 0 0 0 0 0
 0 0 0 0 0
 0 0 0 0 0
 0 0 0 0 0
 0 0 0 0 0
 0 0 0 0 0
 0 0 0 0 0
 0 0 0 0 0
 0 0 0 0 0
 14.6061 14.3149 0.00541166 0.00327637 14.0311
 3.45756 3.35587 0.0049034 0.00291434 3.25866
 1.48812 1.43066 0.00472266 0.00264199 1.37676
 0.802562 0.764369 0.00444161 0.00228914 0.729206
 0.488744 0.461239 0.00407226 0.00208015 0.436401
 0.334481 0.312811 0.00384971 0.00183104 0.293546
 0.239839 0.222288 0.00377317 0.00155151 0.206938
 0.175058 0.160834 0.00360853 0.00128052 0.148604
 0.133907 0.121941 0.0035166 0.00105546 0.111801
 0.103257 0.0932231 0.00330329 0.00080995 0.0848663
 0.0827031 0.0740519 0.00321199 0.00060794 0.0669412
 0.0700131 0.0621389 0.00325772 0.000404513 0.0557323
 0.0576008 0.0506965 0.00318667 0.000184324 0.0451508
 0.0494192 0.0431229 0.00315738 3.39936e-05 0.0380939
 0.0414871 0.035909 0.00298651 -0.000119974 0.0315101
 0.0365618 0.0313879 0.00321159 -0.000389504 0.027361
 0.0314327 0.0267637 0.00312404 -0.00055994 0.0231541
 0.0271934 0.0229627 0.00329325 -0.000817869 0.0197207
 0.0235432 0.0197112 0.00328922 -0.00102401 0.0167954
 0.0213661 0.0177432 0.00340823 -0.00124994 0.0150038
 0.0191167 0.0157467 0.00349506 -0.00146401 0.0132248
 0.0176801 0.0144552 0.00367275 -0.00176433 0.0120516
 0.0154401 0.0125142 0.00378739 -0.00199421 0.0103496
 0 0 0 0 0
 0 0 0 0 0
 0 0 0 0 0
 0 0 0 0 0
 0 0 0 0 0
 0 0 0 0 0
 0 0 0 0 0
 0 0 0 0 0
 0 0 0 0 0
 0 0 0 0 0
 0 0 0 0 0
 0 0 0 0 0
 0 0 0 0 0
 0 0 0 0 0
 0 0 0 0 0
 0 0 0 0 0
 0 0 0 0 0
 0 0 0 0 0
 0 0 0 0 0
 0 0 0 0 0
 0 0 0 0 0
 0 0 0 0 0
 0 0 0 0 0
 0 0 0 0 0
 0 0 0 0 0
 0 0 0 0 0
 0 0 0 0 0
 0 0 0 0 0
 0 0 0 0 0
 0 0 0 0 0
 0 0 0 0 0
 0 0 0 0 0
 0 0 0 0 0
 0 0 0 0 0
 0 0 0 0 0
 0 0 0 0 0
 0 0 0 0 0
 0 0 0 0 0
 0 0 0 0 0
 0 0 0 0 0
 0 0 0 0 0
 0 0 0 0 0
 0 0 0 0 0
 0 0 0 0 0
 0 0 0 0 0
 0 0 0 0 0
 0 0 0 0 0
 0 0 0 0 0
 0 0 0 0 0
 0 0 0 0 0
 0 0 0 0 0
 0 0 0 0 0
 0 0 0 0 0
 0 0 0 0 0
 0 0 0 0 0
 0 0 0 0 0
 0 0 0 0 0
 0 0 0 0 0
 0 0 0 0 0
 0 0 0 0 0
 0 0 0 0 0
 0 0 0 0 0
 0 0 0 0 0
 0 0 0 0 0
 0 0 0 0 0
 0 0 0 0 0
 0 0 0 0 0
 0 0 0 0 0
 0 0 0 0 0
 0 0 0 0 0
 0 0 0 0 0
 0 0 0 0 0
 0 0 0 0 0
 0 0 0 0 0
 0 0 0 0 0
 0 0 0 0 0
 0 0 0 0 0
 0 0 0 0 0
 0 0 0 0 0
 0 0 0 0 0
 0 0 0 0 0
 0 0 0 0 0
 0 0 0 0 0
 0 0 0 0 0
 0 0 0 0 0
 0 0 0 0 0
 0 0 0 0 0
 0 0 0 0 0
 0 0 0 0 0
 0 0 0 0 0
 0 0 0 0 0
 0 0 0 0 0
 0 0 0 0 0
 0 0 0 0 0
 0 0 0 0 0
 0 0 0 0 0
 0 0 0 0 0
 0 0 0 0 0
 0 0 0 0 0
 14.8064 14.5171 0.00541863 0.00322841 14.2349
 3.50529 3.40389 0.00492439 0.00291331 3.30688
 1.52849 1.47032 0.00468854 0.00260051 1.41572
 0.802037 0.764375 0.00428971 0.00225521 0.72965
 0.501188 0.473323 0.00394939 0.00205395 0.448091
 0.333711 0.312323 0.00385303 0.0017774 0.293252
 0.234544 0.217569 0.00359326 0.00148683 0.202714
 0.175096 0.161016 0.0035638 0.00130402 0.148898
 0.137058 0.124959 0.00350279 0.00111381 0.114688
 0.104474 0.0944144 0.00322666 0.000847819 0.0859838
 0.0842606 0.0755144 0.00322261 0.000645969 0.0682919
 0.0693219 0.0616002 0.00316879 0.000421821 0.0552963
 0.0565814 0.0498572 0.00315905 0.000223656 0.0444315
 0.0488167 0.0426681 0.00313832 5.82786e-05 0.0377534
 0.0415081 0.0359782 0.00316234 -0.000176828 0.0316247
 0.0364512 0.0313373 0.00309601 -0.000318151 0.0273433
 0.0307981 0.0262509 0.00301763 -0.000490149 0.0227201
 0.0275621 0.0233071 0.0030886 -0.000718925 0.0200312
 0.0235832 0.0197806 0.00311361 -0.000903806 0.0168854
 0.0218886 0.0182288 0.00325586 -0.0011216 0.0154693
 0.018953 0.0156462 0.00335257 -0.0013546 0.0131642
 0.016983 0.0139071 0.00344087 -0.00157803 0.0116148
 0 0 0 0 0
 0 0 0 0 0
 0 0 0 0 0
 0 0 0 0 0
 0 0 0 0 0
 0 0 0 0 0
 0 0 0 0 0
 0 0 0 0 0
 0 0 0 0 0
 0 0 0 0 0
 0 0 0 0 0
 0 0 0 0 0
 0 0 0 0 0
 0 0 0 0 0
 0 0 0 0 0
 0 0 0 0 0
 0 0 0 0 0
 0 0 0 0 0
 0 0 0 0 0
 0 0 0 0 0
 0 0 0 0 0
 0 0 0 0 0
 0 0 0 0 0
 0 0 0 0 0
 0 0 0 0 0
 0 0 0 0 0
 0 0 0 0 0
 0 0 0 0 0
 0 0 0 0 0
 0 0 0 0 0
 0 0 0 0 0
 0 0 0 0 0
 0 0 0 0 0
 0 0 0 0 0
 0 0 0 0 0
 0 0 0 0 0
 0 0 0 0 0
 0 0 0 0 0
 0 0 0 0 0
 0 0 0 0 0
 0 0 0 0 0
 0 0 0 0 0
 0 0 0 0 0
 0 0 0 0 0
 0 0 0 0 0
 0 0 0 0 0
 0 0 0 0 0
 0 0 0 0 0
 0 0 0 0 0
 0 0 0 0 0
 0 0 0 0 0
 0 0 0 0 0
 0 0 0 0 0
 0 0 0 0 0
 0 0 0 0 0
 0 0 0 0 0
 0 0 0 0 0
 0 0 0 0 0
 0 0 0 0 0
 0 0 0 0 0
 0 0 0 0 0
 0 0 0 0 0
 0 0 0 0 0
 0 0 0 0 0
 0 0 0 0 0
 0 0 0 0 0
 0 0 0 0 0
 0 0 0 0 0
 0 0 0 0 0
 0 0 0 0 0
 0 0 0 0 0
 0 0 0 0 0
 0 0 0 0 0
 0 0 0 0 0
 0 0 0 0 0
 0 0 0 0 0
 0 0 0 0 0
 0 0 0 0 0
 0 0 0 0 0
 0 0 0 0 0
 0 0 0 0 0
 0 0 0 0 0
 0 0 0 0 0
 0 0 0 0 0
 0 0 0 0 0
 0 0 0 0 0
 0 0 0 0 0
 0 0 0 0 0
 0 0 0 0 0
 0 0 0 0 0
 0 0 0 0 0
 0 0 0 0 0
 0 0 0 0 0
 0 0 0 0 0
 0 0 0 0 0
 0 0 0 0 0
 0 0 0 0 0
 0 0 0 0 0
 0 0 0 0 0
 0 0 0 0 0
 15.1343 14.8443 0.00563494 0.0030635 14.5614
 3.66127 3.55703 0.00505539 0.00289911 3.4572
 1.51579 1.45889 0.00455728 0.00248456 1.40539
 0.846675 0.807431 0.00430668 0.00234746 0.771162
 0.505981 0.478188 0.0040416 0.00208979 0.452975
 0.345186 0.323326 0.00373247 0.00178496 0.303843
 0.237062 0.220106 0.00361257 0.00151089 0.205266
 0.176541 0.162478 0.00343587 0.00129914 0.150334
 0.138426 0.126325 0.00338433 0.00112361 0.116011
 0.107486 0.0972556 0.00319669 0.000933744 0.0886731
 0.08554 0.0767381 0.00310069 0.000662231 0.0694419
 0.0705775 0.0627975 0.00313082 0.000488058 0.0564344
 0.0586389 0.0517284 0.00303931 0.000288948 0.0461362
 0.0492919 0.0431388 0.0029682 0.000106736 0.0382103
 0.0422711 0.0366869 0.0029448 -8.55462e-05 0.0322616
 0.0359236 0.0309267 0.00300156 -0.000275235 0.0269983
 0.0320341 0.0273666 0.00300574 -0.000425394 0.0237426
 0.02765 0.0234261 0.00305611 -0.000668369 0.0201733
 0.0244629 0.0205679 0.00314516 -0.000863587 0.0176004
 0.0209926 0.0175023 0.00316169 -0.00106116 0.0148594
 0.0191597 0.0158367 0.00323752 -0.00126928 0.0133258
 0 0 0 0 0
 0 0 0 0 0
 0 0 0 0 0
 0 0 0 0 0
 0 0 0 0 0
 0 0 0 0 0
 0 0 0 0 0
 0 0 0 0 0
 0 0 0 0 0
 0 0 0 0 0
 0 0 0 0 0
 0 0 0 0 0
 0 0 0 0 0
 0 0 0 0 0
 0 0 0 0 0
 0 0 0 0 0
 0 0 0 0 0
 0 0 0 0 0
 0 0 0 0 0
 0 0 0 0 0
 0 0 0 0 0
 0 0 0 0 0
 0 0 0 0 0
 0 0 0 0 0
 0 0 0 0 0
 0 0 0 0 0
 0 0 0 0 0
 0 0 0 0 0
 0 0 0 0 0
 0 0 0 0 0
 0 0 0 0 0
 0 0 0 0 0
 0 0 0 0 0
 0 0 0 0 0
 0 0 0 0 0
 0 0 0 0 0
 0 0 0 0 0
 0 0 0 0 0
 0 0 0 0 0
 0 0 0 0 0
 0 0 0 0 0
 0 0 0 0 0
 0 0 0 0 0
 0 0 0 0 0
 0 0 0 0 0
 0 0 0 0 0
 0 0 0 0 0
 0 0 0 0 0
 0 0 0 0 0
 0 0 0 0 0
 0 0 0 0 0
 0 0 0 0 0
 0 0 0 0 0
 0 0 0 0 0
 0 0 0 0 0
 0 0 0 0 0
 0 0 0 0 0
 0 0 0 0 0
 0 0 0 0 0
 0 0 0 0 0
 0 0 0 0 0
 0 0 0 0 0
 0 0 0 0 0
 0 0 0 0 0
 0 0 0 0 0
 0 0 0 0 0
 0 0 0 0 0
 0 0 0 0 0
 0 0 0 0 0
 0 0 0 0 0
 0 0 0 0 0
 0 0 0 0 0
 0 0 0 0 0
 0 0 0 0 0
 0 0 0 0 0
 0 0 0 0 0
 0 0 0 0 0
 0 0 0 0 0
 0 0 0 0 0
 0 0 0 0 0
 0 0 0 0 0
 0 0 0 0 0
 0 0 0 0 0
 0 0 0 0 0
 0 0 0 0 0
 0 0 0 0 0
 0 0 0 0 0
 0 0 0 0 0
 0 0 0 0 0
 0 0 0 0 0
 0 0 0 0 0
 0 0 0 0 0
 0 0 0 0 0
 0 0 0 0 0
 0 0 0 0 0
 0 0 0 0 0
 0 0 0 0 0
 0 0 0 0 0
 0 0 0 0 0
 0 0 0 0 0
 0 0 0 0 0
 16.5715 16.2601 0.00563408 0.00317382 15.9563
 3.77533 3.66956 0.00487934 0.00284801 3.56819
 1.56012 1.50242 0.00462147 0.0025088 1.44814
 0.813669 0.776475 0.00428402 0.00222546 0.742137
 0.502717 0.475451 0.00397141 0.00196661 0.450724
 0.34309 0.32163 0.00377407 0.00172291 0.302491
 0.245176 0.22782 0.00359059 0.00153832 0.212526
 0.180649 0.166426 0.00341099 0.00129353 0.154135
 0.139234 0.12719 0.00327189 0.00114476 0.116935
 0.10625 0.0962562 0.00326717 0.000893556 0.0878494
 0.0862612 0.0774813 0.00304442 0.000715362 0.0701875
 0.0717894 0.0639581 0.00301617 0.000512171 0.0575269
 0.057704 0.050981 0.00294691 0.000277746 0.0455441
 0.049551 0.0434185 0.00293544 0.000149634 0.0385056
 0.0417005 0.0362533 0.00291101 -5.97804e-05 0.0319392
 0.0350856 0.0302447 0.00298508 -0.000314356 0.0264428
 0.0306225 0.0261956 0.00288721 -0.000416843 0.0227666
 0.0276559 0.0234571 0.00299564 -0.000603474 0.0202101
 0.0244499 0.0205758 0.00303074 -0.000796831 0.0176061
 0.0215063 0.0179607 0.00299941 -0.000923719 0.0152666
 0 0 0 0 0
 0 0 0 0 0
 0 0 0 0 0
 0 0 0 0 0
 0 0 0 0 0
 0 0 0 0 0
 0 0 0 0 0
 0 0 0 0 0
 0 0 0 0 0
 0 0 0 0 0
 0 0 0 0 0
 0 0 0 0 0
 0 0 0 0 0
 0 0 0 0 0
 0 0 0 0 0
 0 0 0 0 0
 0 0 0 0 0
 0 0 0 0 0
 0 0 0 0 0
 0 0 0 0 0
 0 0 0 0 0
 0 0 0 0 0
 0 0 0 0 0
 0 0 0 0 0
 0 0 0 0 0
 0 0 0 0 0
 0 0 0 0 0
 0 0 0 0 0
 0 0 0 0 0
 0 0 0 0 0
 0 0 0 0 0
 0 0 0 0 0
 0 0 0 0 0
 0 0 0 0 0
 0 0 0 0 0
 0 0 0 0 0
 0 0 0 0 0
 0 0 0 0 0
 0 0 0 0 0
 0 0 0 0 0
 0 0 0 0 0
 0 0 0 0 0
 0 0 0 0 0
 0 0 0 0 0
 0 0 0 0 0
 0 0 0 0 0
 0 0 0 0 0
 0 0 0 0 0
 0 0 0 0 0
 0 0 0 0 0
 0 0 0 0 0
 0 0 0 0 0
 0 0 0 0 0
 0 0 0 0 0
 0 0 0 0 0
 0 0 0 0 0
 0 0 0 0 0
 0 0 0 0 0
 0 0 0 0 0
 0 0 0 0 0
 0 0 0 0 0
 0 0 0 0 0
 0 0 0 0 0
 0 0 0 0 0
 0 0 0 0 0
 0 0 0 0 0
 0 0 0 0 0
 0 0 0 0 0
 0 0 0 0 0
 0 0 0 0 0
 0 0 0 0 0
 0 0 0 0 0
 0 0 0 0 0
 0 0 0 0 0
 0 0 0 0 0
 0 0 0 0 0
 0 0 0 0 0
 0 0 0 0 0
 0 0 0 0 0
 0 0 0 0 0
 0 0 0 0 0
 0 0 0 0 0
 0 0 0 0 0
 0 0 0 0 0
 0 0 0 0 0
 0 0 0 0 0
 0 0 0 0 0
 0 0 0 0 0
 0 0 0 0 0
 0 0 0 0 0
 0 0 0 0 0
 0 0 0 0 0
 0 0 0 0 0
 0 0 0 0 0
 0 0 0 0 0
 0 0 0 0 0
 0 0 0 0 0
 0 0 0 0 0
 0 0 0 0 0
 0 0 0 0 0
 0 0 0 0 0
 0 0 0 0 0
 16.0095 15.7145 0.00535269 0.0030334 15.4266
 3.83448 3.72877 0.00518621 0.00282564 3.62743
 1.61232 1.55352 0.00469108 0.00251324 1.49815
 0.850956 0.812537 0.00423676 0.00224254 0.777006
 0.524581 0.496467 0.00400759 0.0019988 0.470904
 0.343293 0.322036 0.00375163 0.00171587 0.303007
 0.249898 0.232411 0.00363156 0.00149828 0.217015
 0.176386 0.162654 0.00341966 0.00126478 0.150771
 0.139131 0.127211 0.00330576 0.00112189 0.117049
 0.10844 0.0983219 0.00313523 0.000913469 0.0897912
 0.0882969 0.0793981 0.00301743 0.000691431 0.0719831
 0.0700244 0.0624567 0.0030049 0.000498536 0.0562439
 0.0573306 0.0507041 0.00289155 0.000289509 0.0453134
 0.0490816 0.0430751 0.00296631 0.000124549 0.0382629
 0.0411692 0.0358266 0.00291263 -7.46256e-05 0.0315696
 0.036156 0.0312106 0.00286701 -0.000179916 0.0273169
 0.0311737 0.0267073 0.00286948 -0.000368239 0.0232309
 0.0267345 0.0227149 0.00286146 -0.000531256 0.0196088
 0.0234316 0.0197623 0.00283922 -0.000717912 0.0169487
 0 0 0 0 0
 0 0 0 0 0
 0 0 0 0 0
 0 0 0 0 0
 0 0 0 0 0
 0 0 0 0 0
 0 0 0 0 0
 0 0 0 0 0
 0 0 0 0 0
 0 0 0 0 0
 0 0 0 0 0
 0 0 0 0 0
 0 0 0 0 0
 0 0 0 0 0
 0 0 0 0 0
 0 0 0 0 0
 0 0 0 0 0
 0 0 0 0 0
 0 0 0 0 0
 0 0 0 0 0
 0 0 0 0 0
 0 0 0 0 0
 0 0 0 0 0
 0 0 0 0 0
 0 0 0 0 0
 0 0 0 0 0
 0 0 0 0 0
 0 0 0 0 0
 0 0 0 0 0
 0 0 0 0 0
 0 0 0 0 0
 0 0 0 0 0
 0 0 0 0 0
 0 0 0 0 0
 0 0 0 0 0
 0 0 0 0 0
 0 0 0 0 0
 0 0 0 0 0
 0 0 0 0 0
 0 0 0 0 0
 0 0 0 0 0
 0 0 0 0 0
 0 0 0 0 0
 0 0 0 0 0
 0 0 0 0 0
 0 0 0 0 0
 0 0 0 0 0
 0 0 0 0 0
 0 0 0 0 0
 0 0 0 0 0
 0 0 0 0 0
 0 0 0 0 0
 0 0 0 0 0
 0 0 0 0 0
 0 0 0 0 0
 0 0 0 0 0
 0 0 0 0 0
 0 0 0 0 0
 0 0 0 0 0
 0 0 0 0 0
 0 0 0 0 0
 0 0 0 0 0
 0 0 0 0 0
 0 0 0 0 0
 0 0 0 0 0
 0 0 0 0 0
 0 0 0 0 0
 0 0 0 0 0
 0 0 0 0 0
 0 0 0 0 0
 0 0 0 0 0
 0 0 0 0 0
 0 0 0 0 0
 0 0 0 0 0
 0 0 0 0 0
 0 0 0 0 0
 0 0 0 0 0
 0 0 0 0 0
 0 0 0 0 0
 0 0 0 0 0
 0 0 0 0 0
 0 0 0 0 0
 0 0 0 0 0
 0 0 0 0 0
 0 0 0 0 0
 0 0 0 0 0
 0 0 0 0 0
 0 0 0 0 0
 0 0 0 0 0
 0 0 0 0 0
 0 0 0 0 0
 0 0 0 0 0
 0 0 0 0 0
 0 0 0 0 0
 0 0 0 0 0
 0 0 0 0 0
 0 0 0 0 0
 0 0 0 0 0
 0 0 0 0 0
 0 0 0 0 0
 0 0 0 0 0
 0 0 0 0 0
 0 0 0 0 0
 16.6616 16.3604 0.00556553 0.00298232 16.0663
 3.91099 3.80486 0.00516675 0.00273089 3.70302
 1.60904 1.55117 0.0048145 0.00236474 1.49665
 0.857619 0.819406 0.00427954 0.00219063 0.784063
 0.524201 0.496419 0.00405608 0.00193359 0.471138
 0.347093 0.325862 0.00384109 0.00173334 0.306869
 0.237899 0.221426 0.00352403 0.00143812 0.20689
 0.180078 0.166206 0.00342481 0.00125156 0.154194
 0.139316 0.127482 0.00317854 0.00108567 0.117339
 0.107159 0.0972587 0.00308464 0.000874475 0.0889012
 0.0863519 0.0777356 0.0030645 0.000681756 0.0705731
 0.0711781 0.0635619 0.00296807 0.00053263 0.0572952
 0.0590497 0.0523199 0.0029389 0.000323839 0.0468531
 0.0500237 0.0439491 0.0028202 0.000183912 0.0390608
 0.0405791 0.0353758 0.00277662 -1.97374e-05 0.0312482
 0.0355181 0.0307108 0.00278804 -0.000178901 0.026912
 0.0310113 0.0266099 0.00277587 -0.000316719 0.0231724
 0.0267477 0.0227672 0.00275934 -0.000484568 0.0196824
 0 0 0 0 0
 0 0 0 0 0
 0 0 0 0 0
 0 0 0 0 0
 0 0 0 0 0
 0 0 0 0 0
 0 0 0 0 0
 0 0 0 0 0
 0 0 0 0 0
 0 0 0 0 0
 0 0 0 0 0
 0 0 0 0 0
 0 0 0 0 0
 0 0 0 0 0
 0 0 0 0 0
 0 0 0 0 0
 0 0 0 0 0
 0 0 0 0 0
 0 0 0 0 0
 0 0 0 0 0
 0 0 0 0 0
 0 0 0 0 0
 0 0 0 0 0
 0 0 0 0 0
 0 0 0 0 0
 0 0 0 0 0
 0 0 0 0 0
 0 0 0 0 0
 0 0 0 0 0
 0 0 0 0 0
 0 0 0 0 0
 0 0 0 0 0
 0 0 0 0 0
 0 0 0 0 0
 0 0 0 0 0
 0 0 0 0 0
 0 0 0 0 0
 0 0 0 0 0
 0 0 0 0 0
 0 0 0 0 0
 0 0 0 0 0
 0 0 0 0 0
 0 0 0 0 0
 0 0 0 0 0
 0 0 0 0 0
 0 0 0 0 0
 0 0 0 0 0
 0 0 0 0 0
 0 0 0 0 0
 0 0 0 0 0
 0 0 0 0 0
 0 0 0 0 0
 0 0 0 0 0
 0 0 0 0 0
 0 0 0 0 0
 0 0 0 0 0
 0 0 0 0 0
 0 0 0 0 0
 0 0 0 0 0
 0 0 0 0 0
 0 0 0 0 0
 0 0 0 0 0
 0 0 0 0 0
 0 0 0 0 0
 0 0 0 0 0
 0 0 0 0 0
 0 0 0 0 0
 0 0 0 0 0
 0 0 0 0 0
 0 0 0 0 0
 0 0 0 0 0
 0 0 0 0 0
 0 0 0 0 0
 0 0 0 0 0
 0 0 0 0 0
 0 0 0 0 0
 0 0 0 0 0
 0 0 0 0 0
 0 0 0 0 0
 0 0 0 0 0
 0 0 0 0 0
 0 0 0 0 0
 0 0 0 0 0
 0 0 0 0 0
 0 0 0 0 0
 0 0 0 0 0
 0 0 0 0 0
 0 0 0 0 0
 0 0 0 0 0
 0 0 0 0 0
 0 0 0 0 0
 0 0 0 0 0
 0 0 0 0 0
 0 0 0 0 0
 0 0 0 0 0
 0 0 0 0 0
 0 0 0 0 0
 0 0 0 0 0
 0 0 0 0 0
 0 0 0 0 0
 0 0 0 0 0
 0 0 0 0 0
 0 0 0 0 0
 0 0 0 0 0
 17.4877 17.1776 0.00581744 0.00290335 16.8745
 3.97077 3.86468 0.00530712 0.00261454 3.76283
 1.56995 1.51426 0.00459945 0.00228484 1.46175
 0.89065 0.851463 0.00436194 0.00217469 0.81515
 0.536916 0.508827 0.00418975 0.00189708 0.483272
 0.354247 0.332805 0.00371795 0.00166295 0.313582
 0.255472 0.237978 0.00365864 0.00144909 0.222529
 0.180802 0.167006 0.00339286 0.00124325 0.154992
 0.138003 0.126422 0.00315593 0.00104375 0.116504
 0.107326 0.0975106 0.00308242 0.000866837 0.0892038
 0.0862387 0.0776987 0.00298049 0.000726681 0.0705525
 0.0714206 0.0638312 0.00289023 0.000524609 0.0575611
 0.0572686 0.0507822 0.00276474 0.000329469 0.0455068
 0.0491996 0.0432782 0.00275502 0.000174637 0.0384873
 0.0409704 0.0357551 0.00283507 -3.4245e-05 0.0315951
 0.0356054 0.0308283 0.00268972 -0.000116669 0.0270551
 0.030696 0.0263794 0.00270486 -0.000347746 0.0230224
 0 0 0 0 0
 0 0 0 0 0
 0 0 0 0 0
 0 0 0 0 0
 0 0 0 0 0
 0 0 0 0 0
 0 0 0 0 0
 0 0 0 0 0
 0 0 0 0 0
 0 0 0 0 0
 0 0 0 0 0
 0 0 0 0 0
 0 0 0 0 0
 0 0 0 0 0
 0 0 0 0 0
 0 0 0 0 0
 0 0 0 0 0
 0 0 0 0 0
 0 0 0 0 0
 0 0 0 0 0
 0 0 0 0 0
 0 0 0 0 0
 0 0 0 0 0
 0 0 0 0 0
 0 0 0 0 0
 0 0 0 0 0
 0 0 0 0 0
 0 0 0 0 0
 0 0 0 0 0
 0 0 0 0 0
 0 0 0 0 0
 0 0 0 0 0
 0 0 0 0 0
 0 0 0 0 0
 0 0 0 0 0
 0 0 0 0 0
 0 0 0 0 0
 0 0 0 0 0
 0 0 0 0 0
 0 0 0 0 0
 0 0 0 0 0
 0 0 0 0 0
 0 0 0 0 0
 0 0 0 0 0
 0 0 0 0 0
 0 0 0 0 0
 0 0 0 0 0
 0 0 0 0 0
 0 0 0 0 0
 0 0 0 0 0
 0 0 0 0 0
 0 0 0 0 0
 0 0 0 0 0
 0 0 0 0 0
 0 0 0 0 0
 0 0 0 0 0
 0 0 0 0 0
 0 0 0 0 0
 0 0 0 0 0
 0 0 0 0 0
 0 0 0 0 0
 0 0 0 0 0
 0 0 0 0 0
 0 0 0 0 0
 0 0 0 0 0
 0 0 0 0 0
 0 0 0 0 0
 0 0 0 0 0
 0 0 0 0 0
 0 0 0 0 0
 0 0 0 0 0
 0 0 0 0 0
 0 0 0 0 0
 0 0 0 0 0
 0 0 0 0 0
 0 0 0 0 0
 0 0 0 0 0
 0 0 0 0 0
 0 0 0 0 0
 0 0 0 0 0
 0 0 0 0 0
 0 0 0 0 0
 0 0 0 0 0
 0 0 0 0 0
 0 0 0 0 0
 0 0 0 0 0
 0 0 0 0 0
 0 0 0 0 0
 0 0 0 0 0
 0 0 0 0 0
 0 0 0 0 0
 0 0 0 0 0
 0 0 0 0 0
 0 0 0 0 0
 0 0 0 0 0
 0 0 0 0 0
 0 0 0 0 0
 0 0 0 0 0
 0 0 0 0 0
 0 0 0 0 0
 0 0 0 0 0
 0 0 0 0 0
 0 0 0 0 0
 0 0 0 0 0
 0 0 0 0 0
 17.8613 17.5506 0.00578832 0.00277713 17.2467
 3.96535 3.86104 0.00527692 0.00246451 3.76081
 1.63659 1.57932 0.00476182 0.00224213 1.52526
 0.871056 0.833194 0.00441343 0.00204863 0.798094
 0.543391 0.515263 0.00416949 0.00190502 0.489596
 0.347901 0.327072 0.0036091 0.00164682 0.308374
 0.252993 0.235857 0.00354699 0.00146454 0.220708
 0.181923 0.168179 0.00334102 0.00119486 0.156218
 0.138937 0.12737 0.00324088 0.00102351 0.117444
 0.109508 0.0995894 0.00302637 0.000878169 0.0911862
 0.08993 0.0811156 0.00293987 0.0007307 0.0737231
 0.0700031 0.0626487 0.00279322 0.00051028 0.0565697
 0.0595611 0.0528843 0.00280006 0.000374599 0.0474414
 0.0485469 0.0427541 0.00272768 0.000190372 0.0380793
 0.0412537 0.0360627 0.00264467 4.67956e-05 0.0319371
 0.0350148 0.0303584 0.00257594 -0.000109244 0.0266719
 0 0 0 0 0
 0 0 0 0 0
 0 0 0 0 0
 0 0 0 0 0
 0 0 0 0 0
 0 0 0 0 0
 0 0 0 0 0
 0 0 0 0 0
 0 0 0 0 0
 0 0 0 0 0
 0 0 0 0 0
 0 0 0 0 0
 0 0 0 0 0
 0 0 0 0 0
 0 0 0 0 0
 0 0 0 0 0
 0 0 0 0 0
 0 0 0 0 0
 0 0 0 0 0
 0 0 0 0 0
 0 0 0 0 0
 0 0 0 0 0
 0 0 0 0 0
 0 0 0 0 0
 0 0 0 0 0
 0 0 0 0 0
 0 0 0 0 0
 0 0 0 0 0
 0 0 0 0 0
 0 0 0 0 0
 0 0 0 0 0
 0 0 0 0 0
 0 0 0 0 0
 0 0 0 0 0
 0 0 0 0 0
 0 0 0 0 0
 0 0 0 0 0
 0 0 0 0 0
 0 0 0 0 0
 0 0 0 0 0
 0 0 0 0 0
 0 0 0 0 0
 0 0 0 0 0
 0 0 0 0 0
 0 0 0 0 0
 0 0 0 0 0
 0 0 0 0 0
 0 0 0 0 0
 0 0 0 0 0
 0 0 0 0 0
 0 0 0 0 0
 0 0 0 0 0
 0 0 0 0 0
 0 0 0 0 0
 0 0 0 0 0
 0 0 0 0 0
 0 0 0 0 0
 0 0 0 0 0
 0 0 0 0 0
 0 0 0 0 0
 0 0 0 0 0
 0 0 0 0 0
 0 0 0 0 0
 0 0 0 0 0
 0 0 0 0 0
 0 0 0 0 0
 0 0 0 0 0
 0 0 0 0 0
 0 0 0 0 0
 0 0 0 0 0
 0 0 0 0 0
 0 0 0 0 0
 0 0 0 0 0
 0 0 0 0 0
 0 0 0 0 0
 0 0 0 0 0
 0 0 0 0 0
 0 0 0 0 0
 0 0 0 0 0
 0 0 0 0 0
 0 0 0 0 0
 0 0 0 0 0
 0 0 0 0 0
 0 0 0 0 0
 0 0 0 0 0
 0 0 0 0 0
 0 0 0 0 0
 0 0 0 0 0
 0 0 0 0 0
 0 0 0 0 0
 0 0 0 0 0
 0 0 0 0 0
 0 0 0 0 0
 0 0 0 0 0
 0 0 0 0 0
 0 0 0 0 0
 0 0 0 0 0
 0 0 0 0 0
 0 0 0 0 0
 0 0 0 0 0
 0 0 0 0 0
 0 0 0 0 0
 0 0 0 0 0
 0 0 0 0 0
 0 0 0 0 0
 0 0 0 0 0
 18.7074 18.388 0.00598849 0.00278229 18.0756
 4.07454 3.96898 0.00520521 0.00252386 3.86749
 1.71281 1.65368 0.00480506 0.00226814 1.59786
 0.860288 0.823325 0.00450475 0.00194033 0.789013
 0.545282 0.517399 0.00407662 0.00177948 0.491954
 0.36107 0.339687 0.00374026 0.00153757 0.320465
 0.246191 0.229686 0.00349595 0.00134902 0.215094
 0.184568 0.170779 0.00327344 0.0012002 0.158754
 0.139707 0.128206 0.00315639 0.00100449 0.118323
 0.110601 0.100688 0.00309221 0.000860462 0.0922837
 0.086045 0.0776875 0.00286825 0.000656444 0.0706569
 0.0703437 0.0630175 0.00280721 0.000499939 0.0569455
 0.0565936 0.0503039 0.00266503 0.000347454 0.0451716
 0.0488519 0.0430804 0.00261531 0.000245128 0.0384181
 0.0411064 0.0359601 0.00263084 4.51508e-05 0.0318427
 0 0 0 0 0
 0 0 0 0 0
 0 0 0 0 0
 0 0 0 0 0
 0 0 0 0 0
 0 0 0 0 0
 0 0 0 0 0
 0 0 0 0 0
 0 0 0 0 0
 0 0 0 0 0
 0 0 0 0 0
 0 0 0 0 0
 0 0 0 0 0
 0 0 0 0 0
 0 0 0 0 0
 0 0 0 0 0
 0 0 0 0 0
 0 0 0 0 0
 0 0 0 0 0
 0 0 0 0 0
 0 0 0 0 0
 0 0 0 0 0
 0 0 0 0 0
 0 0 0 0 0
 0 0 0 0 0
 0 0 0 0 0
 0 0 0 0 0
 0 0 0 0 0
 0 0 0 0 0
 0 0 0 0 0
 0 0 0 0 0
 0 0 0 0 0
 0 0 0 0 0
 0 0 0 0 0
 0 0 0 0 0
 0 0 0 0 0
 0 0 0 0 0
 0 0 0 0 0
 0 0 0 0 0
 0 0 0 0 0
 0 0 0 0 0
 0 0 0 0 0
 0 0 0 0 0
 0 0 0 0 0
 0 0 0 0 0
 0 0 0 0 0
 0 0 0 0 0
 0 0 0 0 0
 0 0 0 0 0
 0 0 0 0 0
 0 0 0 0 0
 0 0 0 0 0
 0 0 0 0 0
 0 0 0 0 0
 0 0 0 0 0
 0 0 0 0 0
 0 0 0 0 0
 0 0 0 0 0
 0 0 0 0 0
 0 0 0 0 0
 0 0 0 0 0
 0 0 0 0 0
 0 0 0 0 0
 0 0 0 0 0
 0 0 0 0 0
 0 0 0 0 0
 0 0 0 0 0
 0 0 0 0 0
 0 0 0 0 0
 0 0 0 0 0
 0 0 0 0 0
 0 0 0 0 0
 0 0 0 0 0
 0 0 0 0 0
 0 0 0 0 0
 0 0 0 0 0
 0 0 0 0 0
 0 0 0 0 0
 0 0 0 0 0
 0 0 0 0 0
 0 0 0 0 0
 0 0 0 0 0
 0 0 0 0 0
 0 0 0 0 0
 0 0 0 0 0
 0 0 0 0 0
 0 0 0 0 0
 0 0 0 0 0
 0 0 0 0 0
 0 0 0 0 0
 0 0 0 0 0
 0 0 0 0 0
 0 0 0 0 0
 0 0 0 0 0
 0 0 0 0 0
 0 0 0 0 0
 0 0 0 0 0
 0 0 0 0 0
 0 0 0 0 0
 0 0 0 0 0
 0 0 0 0 0
 0 0 0 0 0
 0 0 0 0 0
 0 0 0 0 0
 0 0 0 0 0
 0 0 0 0 0
 0 0 0 0 0
 18.7939 18.4789 0.00580244 0.00262903 18.1706
 4.13374 4.02825 0.00535708 0.00241576 3.9268
 1.72685 1.66802 0.00487009 0.00217687 1.6124
 0.889 0.8513 0.00452271 0.00190858 0.81625
 0.561005 0.53262 0.00412172 0.00176236 0.506648
 0.360926 0.339786 0.00372767 0.00154546 0.320747
 0.246503 0.230153 0.0035434 0.00136012 0.215679
 0.179458 0.166177 0.00323164 0.00112767 0.154586
 0.136424 0.125312 0.00309824 0.00100541 0.115759
 0.108317 0.0987 0.00290769 0.000805344 0.0905381
 0.0853644 0.0771494 0.0028849 0.000617212 0.0702594
 0.0716569 0.0642688 0.00270741 0.000502605 0.0581563
 0.0575202 0.0511788 0.00276183 0.000329222 0.0459899
 0.0486367 0.0429299 0.00261389 0.000225637 0.038302
 0 0 0 0 0
 0 0 0 0 0
 0 0 0 0 0
 0 0 0 0 0
 0 0 0 0 0
 0 0 0 0 0
 0 0 0 0 0
 0 0 0 0 0
 0 0 0 0 0
 0 0 0 0 0
 0 0 0 0 0
 0 0 0 0 0
 0 0 0 0 0
 0 0 0 0 0
 0 0 0 0 0
 0 0 0 0 0
 0 0 0 0 0
 0 0 0 0 0
 0 0 0 0 0
 0 0 0 0 0
 0 0 0 0 0
 0 0 0 0 0
 0 0 0 0 0
 0 0 0 0 0
 0 0 0 0 0
 0 0 0 0 0
 0 0 0 0 0
 0 0 0 0 0
 0 0 0 0 0
 0 0 0 0 0
 0 0 0 0 0
 0 0 0 0 0
 0 0 0 0 0
 0 0 0 0 0
 0 0 0 0 0
 0 0 0 0 0
 0 0 0 0 0
 0 0 0 0 0
 0 0 0 0 0
 0 0 0 0 0
 0 0 0 0 0
 0 0 0 0 0
 0 0 0 0 0
 0 0 0 0 0
 0 0 0 0 0
 0 0 0 0 0
 0 0 0 0 0
 0 0 0 0 0
 0 0 0 0 0
 0 0 0 0 0
 0 0 0 0 0
 0 0 0 0 0
 0 0 0 0 0
 0 0 0 0 0
 0 0 0 0 0
 0 0 0 0 0
 0 0 0 0 0
 0 0 0 0 0
 0 0 0 0 0
 0 0 0 0 0
 0 0 0 0 0
 0 0 0 0 0
 0 0 0 0 0
 0 0 0 0 0
 0 0 0 0 0
 0 0 0 0 0
 0 0 0 0 0
 0 0 0 0 0
 0 0 0 0 0
 0 0 0 0 0
 0 0 0 0 0
 0 0 0 0 0
 0 0 0 0 0
 0 0 0 0 0
 0 0 0 0 0
 0 0 0 0 0
 0 0 0 0 0
 0 0 0 0 0
 0 0 0 0 0
 0 0 0 0 0
 0 0 0 0 0
 0 0 0 0 0
 0 0 0 0 0
 0 0 0 0 0
 0 0 0 0 0
 0 0 0 0 0
 0 0 0 0 0
 0 0 0 0 0
 0 0 0 0 0
 0 0 0 0 0
 0 0 0 0 0
 0 0 0 0 0
 0 0 0 0 0
 0 0 0 0 0
 0 0 0 0 0
 0 0 0 0 0
 0 0 0 0 0
 0 0 0 0 0
 0 0 0 0 0
 0 0 0 0 0
 0 0 0 0 0
 0 0 0 0 0
 0 0 0 0 0
 0 0 0 0 0
 0 0 0 0 0
 0 0 0 0 0
 0 0 0 0 0
 0 0 0 0 0
 19.4021 19.0829 0.00601856 0.00256767 18.7704
 4.14367 4.03947 0.00536158 0.00225432 3.93919
 1.70013 1.64294 0.00492448 0.0020492 1.58882
 0.896794 0.859212 0.00442352 0.00190367 0.824281
 0.556564 0.528735 0.00410857 0.00164016 0.503276
 0.353012 0.332581 0.00368474 0.00148453 0.314182
 0.252661 0.236064 0.00347361 0.00128849 0.221329
 0.183892 0.170433 0.00332784 0.0011766 0.15867
 0.140129 0.128828 0.00307232 0.000959088 0.119082
 0.108682 0.0991137 0.00295863 0.000785313 0.090975
 0.0881725 0.0797794 0.00284501 0.000660225 0.072715
 0.0719794 0.0646119 0.00267326 0.000534234 0.0584808
 0.0572514 0.0510006 0.00270289 0.000333261 0.0458876
 0 0 0 0 0
 0 0 0 0 0
 0 0 0 0 0
 0 0 0 0 0
 0 0 0 0 0
 0 0 0 0 0
 0 0 0 0 0
 0 0 0 0 0
 0 0 0 0 0
 0 0 0 0 0
 0 0 0 0 0
 0 0 0 0 0
 0 0 0 0 0
 0 0 0 0 0
 0 0 0 0 0
 0 0 0 0 0
 0 0 0 0 0
 0 0 0 0 0
 0 0 0 0 0
 0 0 0 0 0
 0 0 0 0 0
 0 0 0 0 0
 0 0 0 0 0
 0 0 0 0 0
 0 0 0 0 0
 0 0 0 0 0
 0 0 0 0 0
 0 0 0 0 0
 0 0 0 0 0
 0 0 0 0 0
 0 0 0 0 0
 0 0 0 0 0
 0 0 0 0 0
 0 0 0 0 0
 0 0 0 0 0
 0 0 0 0 0
 0 0 0 0 0
 0 0 0 0 0
 0 0 0 0 0
 0 0 0 0 0
 0 0 0 0 0
 0 0 0 0 0
 0 0 0 0 0
 0 0 0 0 0
 0 0 0 0 0
 0 0 0 0 0
 0 0 0 0 0
 0 0 0 0 0
 0 0 0 0 0
 0 0 0 0 0
 0 0 0 0 0
 0 0 0 0 0
 0 0 0 0 0
 0 0 0 0 0
 0 0 0 0 0
 0 0 0 0 0
 0 0 0 0 0
 0 0 0 0 0
 0 0 0 0 0
 0 0 0 0 0
 0 0 0 0 0
 0 0 0 0 0
 0 0 0 0 0
 0 0 0 0 0
 0 0 0 0 0
 0 0 0 0 0
 0 0 0 0 0
 0 0 0 0 0
 0 0 0 0 0
 0 0 0 0 0
 0 0 0 0 0
 0 0 0 0 0
 0 0 0 0 0
 0 0 0 0 0
 0 0 0 0 0
 0 0 0 0 0
 0 0 0 0 0
 0 0 0 0 0
 0 0 0 0 0
 0 0 0 0 0
 0 0 0 0 0
 0 0 0 0 0
 0 0 0 0 0
 0 0 0 0 0
 0 0 0 0 0
 0 0 0 0 0
 0 0 0 0 0
 0 0 0 0 0
 0 0 0 0 0
 0 0 0 0 0
 0 0 0 0 0
 0 0 0 0 0
 0 0 0 0 0
 0 0 0 0 0
 0 0 0 0 0
 0 0 0 0 0
 0 0 0 0 0
 0 0 0 0 0
 0 0 0 0 0
 0 0 0 0 0
 0 0 0 0 0
 0 0 0 0 0
 0 0 0 0 0
 0 0 0 0 0
 0 0 0 0 0
 0 0 0 0 0
 0 0 0 0 0
 0 0 0 0 0
 0 0 0 0 0
 20.7466 20.4114 0.00637462 0.00231131 20.083
 4.06989 3.96904 0.00532674 0.00220889 3.872
 1.72642 1.66912 0.00490081 0.00193145 1.61489
 0.907794 0.8702 0.00459034 0.00180024 0.835225
 0.551283 0.524016 0.00404996 0.00154353 0.499015
 0.364681 0.343767 0.00386449 0.00143517 0.3249
 0.258366 0.241568 0.00361073 0.00128611 0.226636
 0.186152 0.172641 0.00340704 0.0010506 0.160789
 0.138554 0.127484 0.00312089 0.000923444 0.117923
 0.107884 0.0984694 0.00288848 0.000793194 0.0904512
 0.0841331 0.0762 0.00272099 0.000643694 0.0695312
 0.0687338 0.0617636 0.00270418 0.000450673 0.0559699
 0 0 0 0 0
 0 0 0 0 0
 0 0 0 0 0
 0 0 0 0 0
 0 0 0 0 0
 0 0 0 0 0
 0 0 0 0 0
 0 0 0 0 0
 0 0 0 0 0
 0 0 0 0 0
 0 0 0 0 0
 0 0 0 0 0
 0 0 0 0 0
 0 0 0 0 0
 0 0 0 0 0
 0 0 0 0 0
 0 0 0 0 0
 0 0 0 0 0
 0 0 0 0 0
 0 0 0 0 0
 0 0 0 0 0
 0 0 0 0 0
 0 0 0 0 0
 0 0 0 0 0
 0 0 0 0 0
 0 0 0 0 0
 0 0 0 0 0
 0 0 0 0 0
 0 0 0 0 0
 0 0 0 0 0
 0 0 0 0 0
 0 0 0 0 0
 0 0 0 0 0
 0 0 0 0 0
 0 0 0 0 0
 0 0 0 0 0
 0 0 0 0 0
 0 0 0 0 0
 0 0 0 0 0
 0 0 0 0 0
 0 0 0 0 0
 0 0 0 0 0
 0 0 0 0 0
 0 0 0 0 0
 0 0 0 0 0
 0 0 0 0 0
 0 0 0 0 0
 0 0 0 0 0
 0 0 0 0 0
 0 0 0 0 0
 0 0 0 0 0
 0 0 0 0 0
 0 0 0 0 0
 0 0 0 0 0
 0 0 0 0 0
 0 0 0 0 0
 0 0 0 0 0
 0 0 0 0 0
 0 0 0 0 0
 0 0 0 0 0
 0 0 0 0 0
 0 0 0 0 0
 0 0 0 0 0
 0 0 0 0 0
 0 0 0 0 0
 0 0 0 0 0
 0 0 0 0 0
 0 0 0 0 0
 0 0 0 0 0
 0 0 0 0 0
 0 0 0 0 0
 0 0 0 0 0
 0 0 0 0 0
 0 0 0 0 0
 0 0 0 0 0
 0 0 0 0 0
 0 0 0 0 0
 0 0 0 0 0
 0 0 0 0 0
 0 0 0 0 0
 0 0 0 0 0
 0 0 0 0 0
 0 0 0 0 0
 0 0 0 0 0
 0 0 0 0 0
 0 0 0 0 0
 0 0 0 0 0
 0 0 0 0 0
 0 0 0 0 0
 0 0 0 0 0
 0 0 0 0 0
 0 0 0 0 0
 0 0 0 0 0
 0 0 0 0 0
 0 0 0 0 0
 0 0 0 0 0
 0 0 0 0 0
 0 0 0 0 0
 0 0 0 0 0
 0 0 0 0 0
 0 0 0 0 0
 0 0 0 0 0
 0 0 0 0 0
 0 0 0 0 0
 0 0 0 0 0
 0 0 0 0 0
 0 0 0 0 0
 0 0 0 0 0
 0 0 0 0 0
 0 0 0 0 0
 20.2451 19.9238 0.00628906 0.00219874 19.6091
 4.42534 4.31731 0.00565076 0.00210004 4.21323
 1.80587 1.74671 0.00509341 0.00192161 1.69064
 0.929256 0.891213 0.00444701 0.00175263 0.855725
 0.549506 0.522629 0.00423036 0.00152338 0.497974
 0.368228 0.347336 0.00391975 0.00133986 0.328482
 0.255148 0.238729 0.00364526 0.00116338 0.224104
 0.185226 0.171916 0.00329308 0.00103091 0.160254
 0.143092 0.131763 0.00311331 0.000921394 0.121959
 0.111988 0.102309 0.00300083 0.000760781 0.0940381
 0.0890925 0.0807644 0.00289638 0.000599446 0.0737444
 0 0 0 0 0
 0 0 0 0 0
 0 0 0 0 0
 0 0 0 0 0
 0 0 0 0 0
 0 0 0 0 0
 0 0 0 0 0
 0 0 0 0 0
 0 0 0 0 0
 0 0 0 0 0
 0 0 0 0 0
 0 0 0 0 0
 0 0 0 0 0
 0 0 0 0 0
 0 0 0 0 0
 0 0 0 0 0
 0 0 0 0 0
 0 0 0 0 0
 0 0 0 0 0
 0 0 0 0 0
 0 0 0 0 0
 0 0 0 0 0
 0 0 0 0 0
 0 0 0 0 0
 0 0 0 0 0
 0 0 0 0 0
 0 0 0 0 0
 0 0 0 0 0
 0 0 0 0 0
 0 0 0 0 0
 0 0 0 0 0
 0 0 0 0 0
 0 0 0 0 0
 0 0 0 0 0
 0 0 0 0 0
 0 0 0 0 0
 0 0 0 0 0
 0 0 0 0 0
 0 0 0 0 0
 0 0 0 0 0
 0 0 0 0 0
 0 0 0 0 0
 0 0 0 0 0
 0 0 0 0 0
 0 0 0 0 0
 0 0 0 0 0
 0 0 0 0 0
 0 0 0 0 0
 0 0 0 0 0
 0 0 0 0 0
 0 0 0 0 0
 0 0 0 0 0
 0 0 0 0 0
 0 0 0 0 0
 0 0 0 0 0
 0 0 0 0 0
 0 0 0 0 0
 0 0 0 0 0
 0 0 0 0 0
 0 0 0 0 0
 0 0 0 0 0
 0 0 0 0 0
 0 0 0 0 0
 0 0 0 0 0
 0 0 0 0 0
 0 0 0 0 0
 0 0 0 0 0
 0 0 0 0 0
 0 0 0 0 0
 0 0 0 0 0
 0 0 0 0 0
 0 0 0 0 0
 0 0 0 0 0
 0 0 0 0 0
 0 0 0 0 0
 0 0 0 0 0
 0 0 0 0 0
 0 0 0 0 0
 0 0 0 0 0
 0 0 0 0 0
 0 0 0 0 0
 0 0 0 0 0
 0 0 0 0 0
 0 0 0 0 0
 0 0 0 0 0
 0 0 0 0 0
 0 0 0 0 0
 0 0 0 0 0
 0 0 0 0 0
 0 0 0 0 0
 0 0 0 0 0
 0 0 0 0 0
 0 0 0 0 0
 0 0 0 0 0
 0 0 0 0 0
 0 0 0 0 0
 0 0 0 0 0
 0 0 0 0 0
 0 0 0 0 0
 0 0 0 0 0
 0 0 0 0 0
 0 0 0 0 0
 0 0 0 0 0
 0 0 0 0 0
 0 0 0 0 0
 0 0 0 0 0
 0 0 0 0 0
 0 0 0 0 0
 0 0 0 0 0
 0 0 0 0 0
 0 0 0 0 0
 21.1933 20.863 0.00638869 0.00219302 20.5392
 4.43911 4.33228 0.00581414 0.00202021 4.22932
 1.75558 1.69878 0.00503831 0.00168078 1.64489
 0.945088 0.906869 0.00455581 0.00159282 0.87125
 0.549288 0.522714 0.00415231 0.00145258 0.498301
 0.370134 0.349372 0.00392342 0.00130533 0.330644
 0.251236 0.235216 0.00361833 0.00108662 0.220956
 0.187332 0.173993 0.00334771 0.000990544 0.162283
 0.13804 0.127209 0.00307394 0.000912631 0.117816
 0.104942 0.09596 0.00293142 0.000751213 0.0882881
 0 0 0 0 0
 0 0 0 0 0
 0 0 0 0 0
 0 0 0 0 0
 0 0 0 0 0
 0 0 0 0 0
 0 0 0 0 0
 0 0 0 0 0
 0 0 0 0 0
 0 0 0 0 0
 0 0 0 0 0
 0 0 0 0 0
 0 0 0 0 0
 0 0 0 0 0
 0 0 0 0 0
 0 0 0 0 0
 0 0 0 0 0
 0 0 0 0 0
 0 0 0 0 0
 0 0 0 0 0
 0 0 0 0 0
 0 0 0 0 0
 0 0 0 0 0
 0 0 0 0 0
 0 0 0 0 0
 0 0 0 0 0
 0 0 0 0 0
 0 0 0 0 0
 0 0 0 0 0
 0 0 0 0 0
 0 0 0 0 0
 0 0 0 0 0
 0 0 0 0 0
 0 0 0 0 0
 0 0 0 0 0
 0 0 0 0 0
 0 0 0 0 0
 0 0 0 0 0
 0 0 0 0 0
 0 0 0 0 0
 0 0 0 0 0
 0 0 0 0 0
 0 0 0 0 0
 0 0 0 0 0
 0 0 0 0 0
 0 0 0 0 0
 0 0 0 0 0
 0 0 0 0 0
 0 0 0 0 0
 0 0 0 0 0
 0 0 0 0 0
 0 0 0 0 0
 0 0 0 0 0
 0 0 0 0 0
 0 0 0 0 0
 0 0 0 0 0
 0 0 0 0 0
 0 0 0 0 0
 0 0 0 0 0
 0 0 0 0 0
 0 0 0 0 0
 0 0 0 0 0
 0 0 0 0 0
 0 0 0 0 0
 0 0 0 0 0
 0 0 0 0 0
 0 0 0 0 0
 0 0 0 0 0
 0 0 0 0 0
 0 0 0 0 0
 0 0 0 0 0
 0 0 0 0 0
 0 0 0 0 0
 0 0 0 0 0
 0 0 0 0 0
 0 0 0 0 0
 0 0 0 0 0
 0 0 0 0 0
 0 0 0 0 0
 0 0 0 0 0
 0 0 0 0 0
 0 0 0 0 0
 0 0 0 0 0
 0 0 0 0 0
 0 0 0 0 0
 0 0 0 0 0
 0 0 0 0 0
 0 0 0 0 0
 0 0 0 0 0
 0 0 0 0 0
 0 0 0 0 0
 0 0 0 0 0
 0 0 0 0 0
 0 0 0 0 0
 0 0 0 0 0
 0 0 0 0 0
 0 0 0 0 0
 0 0 0 0 0
 0 0 0 0 0
 0 0 0 0 0
 0 0 0 0 0
 0 0 0 0 0
 0 0 0 0 0
 0 0 0 0 0
 0 0 0 0 0
 0 0 0 0 0
 0 0 0 0 0
 0 0 0 0 0
 0 0 0 0 0
 0 0 0 0 0
 0 0 0 0 0
 0 0 0 0 0
 21.6542 21.3227 0.00653337 0.00199116 20.9976
 4.53296 4.42539 0.00585823 0.00182294 4.32165
 1.82244 1.76422 0.00520383 0.00172954 1.70903
 0.9284 0.891281 0.00458759 0.00156171 0.856637
 0.565808 0.538732 0.0043039 0.00139379 0.513818
 0.374999 0.354176 0.00394129 0.00127915 0.335332
 0.252758 0.236826 0.00352167 0.00115092 0.222606
 0.188164 0.174909 0.00334999 0.00100331 0.16326
 0.142465 0.131384 0.00314411 0.000822481 0.121756
 0 0 0 0 0
 0 0 0 0 0
 0 0 0 0 0
 0 0 0 0 0
 0 0 0 0 0
 0 0 0 0 0
 0 0 0 0 0
 0 0 0 0 0
 0 0 0 0 0
 0 0 0 0 0
 0 0 0 0 0
 0 0 0 0 0
 0 0 0 0 0
 0 0 0 0 0
 0 0 0 0 0
 0 0 0 0 0
 0 0 0 0 0
 0 0 0 0 0
 0 0 0 0 0
 0 0 0 0 0
 0 0 0 0 0
 0 0 0 0 0
 0 0 0 0 0
 0 0 0 0 0
 0 0 0 0 0
 0 0 0 0 0
 0 0 0 0 0
 0 0 0 0 0
 0 0 0 0 0
 0 0 0 0 0
 0 0 0 0 0
 0 0 0 0 0
 0 0 0 0 0
 0 0 0 0 0
 0 0 0 0 0
 0 0 0 0 0
 0 0 0 0 0
 0 0 0 0 0
 0 0 0 0 0
 0 0 0 0 0
 0 0 0 0 0
 0 0 0 0 0
 0 0 0 0 0
 0 0 0 0 0
 0 0 0 0 0
 0 0 0 0 0
 0 0 0 0 0
 0 0 0 0 0
 0 0 0 0 0
 0 0 0 0 0
 0 0 0 0 0
 0 0 0 0 0
 0 0 0 0 0
 0 0 0 0 0
 0 0 0 0 0
 0 0 0 0 0
 0 0 0 0 0
 0 0 0 0 0
 0 0 0 0 0
 0 0 0 0 0
 0 0 0 0 0
 0 0 0 0 0
 0 0 0 0 0
 0 0 0 0 0
 0 0 0 0 0
 0 0 0 0 0
 0 0 0 0 0
 0 0 0 0 0
 0 0 0 0 0
 0 0 0 0 0
 0 0 0 0 0
 0 0 0 0 0
 0 0 0 0 0
 0 0 0 0 0
 0 0 0 0 0
 0 0 0 0 0
 0 0 0 0 0
 0 0 0 0 0
 0 0 0 0 0
 0 0 0 0 0
 0 0 0 0 0
 0 0 0 0 0
 0 0 0 0 0
 0 0 0 0 0
 0 0 0 0 0
 0 0 0 0 0
 0 0 0 0 0
 0 0 0 0 0
 0 0 0 0 0
 0 0 0 0 0
 0 0 0 0 0
 0 0 0 0 0
 0 0 0 0 0
 0 0 0 0 0
 0 0 0 0 0
 0 0 0 0 0
 0 0 0 0 0
 0 0 0 0 0
 0 0 0 0 0
 0 0 0 0 0
 0 0 0 0 0
 0 0 0 0 0
 0 0 0 0 0
 0 0 0 0 0
 0 0 0 0 0
 0 0 0 0 0
 0 0 0 0 0
 0 0 0 0 0
 0 0 0 0 0
 0 0 0 0 0
 0 0 0 0 0
 0 0 0 0 0
 0 0 0 0 0
 22.8746 22.5304 0.0066335 0.00190472 22.1929
 4.62182 4.51369 0.00598174 0.00166808 4.40934
 1.78441 1.72811 0.00527056 0.00151359 1.67468
 0.920975 0.884544 0.0047692 0.00137754 0.850506
 0.568872 0.541929 0.00427904 0.00129519 0.517165
 0.361928 0.342029 0.00384713 0.00119131 0.324001
 0.255017 0.239079 0.00372506 0.00103781 0.224833
 0.187884 0.174777 0.00336605 0.000914012 0.16325
 0 0 0 0 0
 0 0 0 0 0
 0 0 0 0 0
 0 0 0 0 0
 0 0 0 0 0
 0 0 0 0 0
 0 0 0 0 0
 0 0 0 0 0
 0 0 0 0 0
 0 0 0 0 0
 0 0 0 0 0
 0 0 0 0 0
 0 0 0 0 0
 0 0 0 0 0
 0 0 0 0 0
 0 0 0 0 0
 0 0 0 0 0
 0 0 0 0 0
 0 0 0 0 0
 0 0 0 0 0
 0 0 0 0 0
 0 0 0 0 0
 0 0 0 0 0
 0 0 0 0 0
 0 0 0 0 0
 0 0 0 0 0
 0 0 0 0 0
 0 0 0 0 0
 0 0 0 0 0
 0 0 0 0 0
 0 0 0 0 0
 0 0 0 0 0
 0 0 0 0 0
 0 0 0 0 0
 0 0 0 0 0
 0 0 0 0 0
 0 0 0 0 0
 0 0 0 0 0
 0 0 0 0 0
 0 0 0 0 0
 0 0 0 0 0
 0 0 0 0 0
 0 0 0 0 0
 0 0 0 0 0
 0 0 0 0 0
 0 0 0 0 0
 0 0 0 0 0
 0 0 0 0 0
 0 0 0 0 0
 0 0 0 0 0
 0 0 0 0 0
 0 0 0 0 0
 0 0 0 0 0
 0 0 0 0 0
 0 0 0 0 0
 0 0 0 0 0
 0 0 0 0 0
 0 0 0 0 0
 0 0 0 0 0
 0 0 0 0 0
 0 0 0 0 0
 0 0 0 0 0
 0 0 0 0 0
 0 0 0 0 0
 0 0 0 0 0
 0 0 0 0 0
 0 0 0 0 0
 0 0 0 0 0
 0 0 0 0 0
 0 0 0 0 0
 0 0 0 0 0
 0 0 0 0 0
 0 0 0 0 0
 0 0 0 0 0
 0 0 0 0 0
 0 0 0 0 0
 0 0 0 0 0
 0 0 0 0 0
 0 0 0 0 0
 0 0 0 0 0
 0 0 0 0 0
 0 0 0 0 0
 0 0 0 0 0
 0 0 0 0 0
 0 0 0 0 0
 0 0 0 0 0
 0 0 0 0 0
 0 0 0 0 0
 0 0 0 0 0
 0 0 0 0 0
 0 0 0 0 0
 0 0 0 0 0
 0 0 0 0 0
 0 0 0 0 0
 0 0 0 0 0
 0 0 0 0 0
 0 0 0 0 0
 0 0 0 0 0
 0 0 0 0 0
 0 0 0 0 0
 0 0 0 0 0
 0 0 0 0 0
 0 0 0 0 0
 0 0 0 0 0
 0 0 0 0 0
 0 0 0 0 0
 0 0 0 0 0
 0 0 0 0 0
 0 0 0 0 0
 0 0 0 0 0
 0 0 0 0 0
 0 0 0 0 0
 0 0 0 0 0
 0 0 0 0 0
 23.2788 22.9346 0.00694494 0.00171688 22.5969
 4.55792 4.45276 0.0061338 0.00158003 4.35126
 1.83506 1.77785 0.00545908 0.00141777 1.7235
 0.972587 0.934575 0.00490031 0.00136009 0.899031
 0.584882 0.557493 0.00446726 0.00118937 0.532273
 0.360727 0.341086 0.00405959 0.00108878 0.323286
 0.252628 0.236999 0.00362584 0.000965681 0.223037
 0 0 0 0 0
 0 0 0 0 0
 0 0 0 0 0
 0 0 0 0 0
 0 0 0 0 0
 0 0 0 0 0
 0 0 0 0 0
 0 0 0 0 0
 0 0 0 0 0
 0 0 0 0 0
 0 0 0 0 0
 0 0 0 0 0
 0 0 0 0 0
 0 0 0 0 0
 0 0 0 0 0
 0 0 0 0 0
 0 0 0 0 0
 0 0 0 0 0
 0 0 0 0 0
 0 0 0 0 0
 0 0 0 0 0
 0 0 0 0 0
 0 0 0 0 0
 0 0 0 0 0
 0 0 0 0 0
 0 0 0 0 0
 0 0 0 0 0
 0 0 0 0 0
 0 0 0 0 0
 0 0 0 0 0
 0 0 0 0 0
 0 0 0 0 0
 0 0 0 0 0
 0 0 0 0 0
 0 0 0 0 0
 0 0 0 0 0
 0 0 0 0 0
 0 0 0 0 0
 0 0 0 0 0
 0 0 0 0 0
 0 0 0 0 0
 0 0 0 0 0
 0 0 0 0 0
 0 0 0 0 0
 0 0 0 0 0
 0 0 0 0 0
 0 0 0 0 0
 0 0 0 0 0
 0 0 0 0 0
 0 0 0 0 0
 0 0 0 0 0
 0 0 0 0 0
 0 0 0 0 0
 0 0 0 0 0
 0 0 0 0 0
 0 0 0 0 0
 0 0 0 0 0
 0 0 0 0 0
 0 0 0 0 0
 0 0 0 0 0
 0 0 0 0 0
 0 0 0 0 0
 0 0 0 0 0
 0 0 0 0 0
 0 0 0 0 0
 0 0 0 0 0
 0 0 0 0 0
 0 0 0 0 0
 0 0 0 0 0
 0 0 0 0 0
 0 0 0 0 0
 0 0 0 0 0
 0 0 0 0 0
 0 0 0 0 0
 0 0 0 0 0
 0 0 0 0 0
 0 0 0 0 0
 0 0 0 0 0
 0 0 0 0 0
 0 0 0 0 0
 0 0 0 0 0
 0 0 0 0 0
 0 0 0 0 0
 0 0 0 0 0
 0 0 0 0 0
 0 0 0 0 0
 0 0 0 0 0
 0 0 0 0 0
 0 0 0 0 0
 0 0 0 0 0
 0 0 0 0 0
 0 0 0 0 0
 0 0 0 0 0
 0 0 0 0 0
 0 0 0 0 0
 0 0 0 0 0
 0 0 0 0 0
 0 0 0 0 0
 0 0 0 0 0
 0 0 0 0 0
 0 0 0 0 0
 0 0 0 0 0
 0 0 0 0 0
 0 0 0 0 0
 0 0 0 0 0
 0 0 0 0 0
 0 0 0 0 0
 0 0 0 0 0
 0 0 0 0 0
 0 0 0 0 0
 0 0 0 0 0
 0 0 0 0 0
 0 0 0 0 0
 0 0 0 0 0
 0 0 0 0 0
 23.9191 23.5715 0.00699 0.00154174 23.2304
 4.66199 4.55591 0.00603942 0.00152447 4.45343
 1.81187 1.75611 0.00533608 0.00141024 1.70309
 0.948362 0.9117 0.00491718 0.00128673 0.877419
 0.585001 0.557903 0.00438389 0.00118832 0.532946
 0.36626 0.346526 0.00398323 0.00100693 0.328631
 0 0 0 0 0
 0 0 0 0 0
 0 0 0 0 0
 0 0 0 0 0
 0 0 0 0 0
 0 0 0 0 0
 0 0 0 0 0
 0 0 0 0 0
 0 0 0 0 0
 0 0 0 0 0
 0 0 0 0 0
 0 0 0 0 0
 0 0 0 0 0
 0 0 0 0 0
 0 0 0 0 0
 0 0 0 0 0
 0 0 0 0 0
 0 0 0 0 0
 0 0 0 0 0
 0 0 0 0 0
 0 0 0 0 0
 0 0 0 0 0
 0 0 0 0 0
 0 0 0 0 0
 0 0 0 0 0
 0 0 0 0 0
 0 0 0 0 0
 0 0 0 0 0
 0 0 0 0 0
 0 0 0 0 0
 0 0 0 0 0
 0 0 0 0 0
 0 0 0 0 0
 0 0 0 0 0
 0 0 0 0 0
 0 0 0 0 0
 0 0 0 0 0
 0 0 0 0 0
 0 0 0 0 0
 0 0 0 0 0
 0 0 0 0 0
 0 0 0 0 0
 0 0 0 0 0
 0 0 0 0 0
 0 0 0 0 0
 0 0 0 0 0
 0 0 0 0 0
 0 0 0 0 0
 0 0 0 0 0
 0 0 0 0 0
 0 0 0 0 0
 0 0 0 0 0
 0 0 0 0 0
 0 0 0 0 0
 0 0 0 0 0
 0 0 0 0 0
 0 0 0 0 0
 0 0 0 0 0
 0 0 0 0 0
 0 0 0 0 0
 0 0 0 0 0
 0 0 0 0 0
 0 0 0 0 0
 0 0 0 0 0
 0 0 0 0 0
 0 0 0 0 0
 0 0 0 0 0
 0 0 0 0 0
 0 0 0 0 0
 0 0 0 0 0
 0 0 0 0 0
 0 0 0 0 0
 0 0 0 0 0
 0 0 0 0 0
 0 0 0 0 0
 0 0 0 0 0
 0 0 0 0 0
 0 0 0 0 0
 0 0 0 0 0
 0 0 0 0 0
 0 0 0 0 0
 0 0 0 0 0
 0 0 0 0 0
 0 0 0 0 0
 0 0 0 0 0
 0 0 0 0 0
 0 0 0 0 0
 0 0 0 0 0
 0 0 0 0 0
 0 0 0 0 0
 0 0 0 0 0
 0 0 0 0 0
 0 0 0 0 0
 0 0 0 0 0
 0 0 0 0 0
 0 0 0 0 0
 0 0 0 0 0
 0 0 0 0 0
 0 0 0 0 0
 0 0 0 0 0
 0 0 0 0 0
 0 0 0 0 0
 0 0 0 0 0
 0 0 0 0 0
 0 0 0 0 0
 0 0 0 0 0
 0 0 0 0 0
 0 0 0 0 0
 0 0 0 0 0
 0 0 0 0 0
 0 0 0 0 0
 0 0 0 0 0
 0 0 0 0 0
 0 0 0 0 0
 0 0 0 0 0
 0 0 0 0 0
 24.8041 24.4497 0.00718638 0.00137318 24.1019
 4.66541 4.56071 0.00603599 0.00148349 4.45952
 1.86364 1.80694 0.00560159 0.00127333 1.75303
 1.00043 0.962194 0.00513987 0.00104416 0.926375
 0.554159 0.528753 0.00440447 0.00103629 0.505325
 0 0 0 0 0
 0 0 0 0 0
 0 0 0 0 0
 0 0 0 0 0
 0 0 0 0 0
 0 0 0 0 0
 0 0 0 0 0
 0 0 0 0 0
 0 0 0 0 0
 0 0 0 0 0
 0 0 0 0 0
 0 0 0 0 0
 0 0 0 0 0
 0 0 0 0 0
 0 0 0 0 0
 0 0 0 0 0
 0 0 0 0 0
 0 0 0 0 0
 0 0 0 0 0
 0 0 0 0 0
 0 0 0 0 0
 0 0 0 0 0
 0 0 0 0 0
 0 0 0 0 0
 0 0 0 0 0
 0 0 0 0 0
 0 0 0 0 0
 0 0 0 0 0
 0 0 0 0 0
 0 0 0 0 0
 0 0 0 0 0
 0 0 0 0 0
 0 0 0 0 0
 0 0 0 0 0
 0 0 0 0 0
 0 0 0 0 0
 0 0 0 0 0
 0 0 0 0 0
 0 0 0 0 0
 0 0 0 0 0
 0 0 0 0 0
 0 0 0 0 0
 0 0 0 0 0
 0 0 0 0 0
 0 0 0 0 0
 0 0 0 0 0
 0 0 0 0 0
 0 0 0 0 0
 0 0 0 0 0
 0 0 0 0 0
 0 0 0 0 0
 0 0 0 0 0
 0 0 0 0 0
 0 0 0 0 0
 0 0 0 0 0
 0 0 0 0 0
 0 0 0 0 0
 0 0 0 0 0
 0 0 0 0 0
 0 0 0 0 0
 0 0 0 0 0
 0 0 0 0 0
 0 0 0 0 0
 0 0 0 0 0
 0 0 0 0 0
 0 0 0 0 0
 0 0 0 0 0
 0 0 0 0 0
 0 0 0 0 0
 0 0 0 0 0
 0 0 0 0 0
 0 0 0 0 0
 0 0 0 0 0
 0 0 0 0 0
 0 0 0 0 0
 0 0 0 0 0
 0 0 0 0 0
 0 0 0 0 0
 0 0 0 0 0
 0 0 0 0 0
 0 0 0 0 0
 0 0 0 0 0
 0 0 0 0 0
 0 0 0 0 0
 0 0 0 0 0
 0 0 0 0 0
 0 0 0 0 0
 0 0 0 0 0
 0 0 0 0 0
 0 0 0 0 0
 0 0 0 0 0
 0 0 0 0 0
 0 0 0 0 0
 0 0 0 0 0
 0 0 0 0 0
 0 0 0 0 0
 0 0 0 0 0
 0 0 0 0 0
 0 0 0 0 0
 0 0 0 0 0
 0 0 0 0 0
 0 0 0 0 0
 0 0 0 0 0
 0 0 0 0 0
 0 0 0 0 0
 0 0 0 0 0
 0 0 0 0 0
 0 0 0 0 0
 0 0 0 0 0
 0 0 0 0 0
 0 0 0 0 0
 0 0 0 0 0
 0 0 0 0 0
 0 0 0 0 0
 0 0 0 0 0
 0 0 0 0 0
 0 0 0 0 0
 25.0438 24.6921 0.00725775 0.00128364 24.3466
 4.68581 4.58209 0.00623149 0.00118842 4.48186
 1.87259 1.81632 0.00561786 0.00123134 1.76279
 1.01263 0.974344 0.0052747 0.000928513 0.938469
 0 0 0 0 0
 0 0 0 0 0
 0 0 0 0 0
 0 0 0 0 0
 0 0 0 0 0
 0 0 0 0 0
 0 0 0 0 0
 0 0 0 0 0
 0 0 0 0 0
 0 0 0 0 0
 0 0 0 0 0
 0 0 0 0 0
 0 0 0 0 0
 0 0 0 0 0
 0 0 0 0 0
 0 0 0 0 0
 0 0 0 0 0
 0 0 0 0 0
 0 0 0 0 0
 0 0 0 0 0
 0 0 0 0 0
 0 0 0 0 0
 0 0 0 0 0
 0 0 0 0 0
 0 0 0 0 0
 0 0 0 0 0
 0 0 0 0 0
 0 0 0 0 0
 0 0 0 0 0
 0 0 0 0 0
 0 0 0 0 0
 0 0 0 0 0
 0 0 0 0 0
 0 0 0 0 0
 0 0 0 0 0
 0 0 0 0 0
 0 0 0 0 0
 0 0 0 0 0
 0 0 0 0 0
 0 0 0 0 0
 0 0 0 0 0
 0 0 0 0 0
 0 0 0 0 0
 0 0 0 0 0
 0 0 0 0 0
 0 0 0 0 0
 0 0 0 0 0
 0 0 0 0 0
 0 0 0 0 0
 0 0 0 0 0
 0 0 0 0 0
 0 0 0 0 0
 0 0 0 0 0
 0 0 0 0 0
 0 0 0 0 0
 0 0 0 0 0
 0 0 0 0 0
 0 0 0 0 0
 0 0 0 0 0
 0 0 0 0 0
 0 0 0 0 0
 0 0 0 0 0
 0 0 0 0 0
 0 0 0 0 0
 0 0 0 0 0
 0 0 0 0 0
 0 0 0 0 0
 0 0 0 0 0
 0 0 0 0 0
 0 0 0 0 0
 0 0 0 0 0
 0 0 0 0 0
 0 0 0 0 0
 0 0 0 0 0
 0 0 0 0 0
 0 0 0 0 0
 0 0 0 0 0
 0 0 0 0 0
 0 0 0 0 0
 0 0 0 0 0
 0 0 0 0 0
 0 0 0 0 0
 0 0 0 0 0
 0 0 0 0 0
 0 0 0 0 0
 0 0 0 0 0
 0 0 0 0 0
 0 0 0 0 0
 0 0 0 0 0
 0 0 0 0 0
 0 0 0 0 0
 0 0 0 0 0
 0 0 0 0 0
 0 0 0 0 0
 0 0 0 0 0
 0 0 0 0 0
 0 0 0 0 0
 0 0 0 0 0
 0 0 0 0 0
 0 0 0 0 0
 0 0 0 0 0
 0 0 0 0 0
 0 0 0 0 0
 0 0 0 0 0
 0 0 0 0 0
 0 0 0 0 0
 0 0 0 0 0
 0 0 0 0 0
 0 0 0 0 0
 0 0 0 0 0
 0 0 0 0 0
 0 0 0 0 0
 0 0 0 0 0
 0 0 0 0 0
 0 0 0 0 0
 0 0 0 0 0
 0 0 0 0 0
 0 0 0 0 0
 24.8656 24.5222 0.00746838 0.00101004 24.1848
 4.807 4.70203 0.00636844 0.00125094 4.60051
 1.88699 1.83096 0.00561106 0.00116481 1.77759
 0 0 0 0 0
 0 0 0 0 0
 0 0 0 0 0
 0 0 0 0 0
 0 0 0 0 0
 0 0 0 0 0
 0 0 0 0 0
 0 0 0 0 0
 0 0 0 0 0
 0 0 0 0 0
 0 0 0 0 0
 0 0 0 0 0
 0 0 0 0 0
 0 0 0 0 0
 0 0 0 0 0
 0 0 0 0 0
 0 0 0 0 0
 0 0 0 0 0
 0 0 0 0 0
 0 0 0 0 0
 0 0 0 0 0
 0 0 0 0 0
 0 0 0 0 0
 0 0 0 0 0
 0 0 0 0 0
 0 0 0 0 0
 0 0 0 0 0
 0 0 0 0 0
 0 0 0 0 0
 0 0 0 0 0
 0 0 0 0 0
 0 0 0 0 0
 0 0 0 0 0
 0 0 0 0 0
 0 0 0 0 0
 0 0 0 0 0
 0 0 0 0 0
 0 0 0 0 0
 0 0 0 0 0
 0 0 0 0 0
 0 0 0 0 0
 0 0 0 0 0
 0 0 0 0 0
 0 0 0 0 0
 0 0 0 0 0
 0 0 0 0 0
 0 0 0 0 0
 0 0 0 0 0
 0 0 0 0 0
 0 0 0 0 0
 0 0 0 0 0
 0 0 0 0 0
 0 0 0 0 0
 0 0 0 0 0
 0 0 0 0 0
 0 0 0 0 0
 0 0 0 0 0
 0 0 0 0 0
 0 0 0 0 0
 0 0 0 0 0
 0 0 0 0 0
 0 0 0 0 0
 0 0 0 0 0
 0 0 0 0 0
 0 0 0 0 0
 0 0 0 0 0
 0 0 0 0 0
 0 0 0 0 0
 0 0 0 0 0
 0 0 0 0 0
 0 0 0 0 0
 0 0 0 0 0
 0 0 0 0 0
 0 0 0 0 0
 0 0 0 0 0
 0 0 0 0 0
 0 0 0 0 0
 0 0 0 0 0
 0 0 0 0 0
 0 0 0 0 0
 0 0 0 0 0
 0 0 0 0 0
 0 0 0 0 0
 0 0 0 0 0
 0 0 0 0 0
 0 0 0 0 0
 0 0 0 0 0
 0 0 0 0 0
 0 0 0 0 0
 0 0 0 0 0
 0 0 0 0 0
 0 0 0 0 0
 0 0 0 0 0
 0 0 0 0 0
 0 0 0 0 0
 0 0 0 0 0
 0 0 0 0 0
 0 0 0 0 0
 0 0 0 0 0
 0 0 0 0 0
 0 0 0 0 0
 0 0 0 0 0
 0 0 0 0 0
 0 0 0 0 0
 0 0 0 0 0
 0 0 0 0 0
 0 0 0 0 0
 0 0 0 0 0
 0 0 0 0 0
 0 0 0 0 0
 0 0 0 0 0
 0 0 0 0 0
 0 0 0 0 0
 0 0 0 0 0
 0 0 0 0 0
 0 0 0 0 0
 0 0 0 0 0
 0 0 0 0 0
 0 0 0 0 0
 25.3019 24.9584 0.00774331 0.000974244 24.6208
 4.87005 4.76509 0.00672025 0.000942844 4.66353
 0 0 0 0 0
 0 0 0 0 0
 0 0 0 0 0
 0 0 0 0 0
 0 0 0 0 0
 0 0 0 0 0
 0 0 0 0 0
 0 0 0 0 0
 0 0 0 0 0
 0 0 0 0 0
 0 0 0 0 0
 0 0 0 0 0
 0 0 0 0 0
 0 0 0 0 0
 0 0 0 0 0
 0 0 0 0 0
 0 0 0 0 0
 0 0 0 0 0
 0 0 0 0 0
 0 0 0 0 0
 0 0 0 0 0
 0 0 0 0 0
 0 0 0 0 0
 0 0 0 0 0
 0 0 0 0 0
 0 0 0 0 0
 0 0 0 0 0
 0 0 0 0 0
 0 0 0 0 0
 0 0 0 0 0
 0 0 0 0 0
 0 0 0 0 0
 0 0 0 0 0
 0 0 0 0 0
 0 0 0 0 0
 0 0 0 0 0
 0 0 0 0 0
 0 0 0 0 0
 0 0 0 0 0
 0 0 0 0 0
 0 0 0 0 0
 0 0 0 0 0
 0 0 0 0 0
 0 0 0 0 0
 0 0 0 0 0
 0 0 0 0 0
 0 0 0 0 0
 0 0 0 0 0
 0 0 0 0 0
 0 0 0 0 0
 0 0 0 0 0
 0 0 0 0 0
 0 0 0 0 0
 0 0 0 0 0
 0 0 0 0 0
 0 0 0 0 0
 0 0 0 0 0
 0 0 0 0 0
 0 0 0 0 0
 0 0 0 0 0
 0 0 0 0 0
 0 0 0 0 0
 0 0 0 0 0
 0 0 0 0 0
 0 0 0 0 0
 0 0 0 0 0
 0 0 0 0 0
 0 0 0 0 0
 0 0 0 0 0
 0 0 0 0 0
 0 0 0 0 0
 0 0 0 0 0
 0 0 0 0 0
 0 0 0 0 0
 0 0 0 0 0
 0 0 0 0 0
 0 0 0 0 0
 0 0 0 0 0
 0 0 0 0 0
 0 0 0 0 0
 0 0 0 0 0
 0 0 0 0 0
 0 0 0 0 0
 0 0 0 0 0
 0 0 0 0 0
 0 0 0 0 0
 0 0 0 0 0
 0 0 0 0 0
 0 0 0 0 0
 0 0 0 0 0
 0 0 0 0 0
 0 0 0 0 0
 0 0 0 0 0
 0 0 0 0 0
 0 0 0 0 0
 0 0 0 0 0
 0 0 0 0 0
 0 0 0 0 0
 0 0 0 0 0
 0 0 0 0 0
 0 0 0 0 0
 0 0 0 0 0
 0 0 0 0 0
 0 0 0 0 0
 0 0 0 0 0
 0 0 0 0 0
 0 0 0 0 0
 0 0 0 0 0
 0 0 0 0 0
 0 0 0 0 0
 0 0 0 0 0
 0 0 0 0 0
 0 0 0 0 0
 0 0 0 0 0
 0 0 0 0 0
 0 0 0 0 0
 0 0 0 0 0
 0 0 0 0 0
 0 0 0 0 0
 0 0 0 0 0
 26.9546 26.5946 0.0077825 0.0008606 26.2407
