Valencia2020 C12 3p3h: per nucleon, W in GeV^-1; converted from MeV^-1
6 12 MEC_Valencia2020_3p3h 121 121
0 0.0000 0.0100 0 0.0000 0.0100
 0 0 0 0 0
 0 0 0 0 0
 0 0 0 0 0
 0 0 0 0 0
 0 0 0 0 0
 0 0 0 0 0
 0 0 0 0 0
 0 0 0 0 0
 0 0 0 0 0
 0 0 0 0 0
 0 0 0 0 0
 0 0 0 0 0
 0 0 0 0 0
 0 0 0 0 0
 0 0 0 0 0
 0 0 0 0 0
 0 0 0 0 0
 0 0 0 0 0
 0 0 0 0 0
 0 0 0 0 0
 0 0 0 0 0
 0 0 0 0 0
 0 0 0 0 0
 0 0 0 0 0
 0 0 0 0 0
 0 0 0 0 0
 0 0 0 0 0
 0 0 0 0 0
 0 0 0 0 0
 0 0 0 0 0
 0 0 0 0 0
 0 0 0 0 0
 0 0 0 0 0
 0 0 0 0 0
 0 0 0 0 0
 0 0 0 0 0
 0 0 0 0 0
 0 0 0 0 0
 0 0 0 0 0
 0 0 0 0 0
 0 0 0 0 0
 0 0 0 0 0
 0 0 0 0 0
 0 0 0 0 0
 0 0 0 0 0
 0 0 0 0 0
 0 0 0 0 0
 0 0 0 0 0
 0 0 0 0 0
 0 0 0 0 0
 0 0 0 0 0
 0 0 0 0 0
 0 0 0 0 0
 0 0 0 0 0
 0 0 0 0 0
 0 0 0 0 0
 0 0 0 0 0
 0 0 0 0 0
 0 0 0 0 0
 0 0 0 0 0
 0 0 0 0 0
 0 0 0 0 0
 0 0 0 0 0
 0 0 0 0 0
 0 0 0 0 0
 0 0 0 0 0
 0 0 0 0 0
 0 0 0 0 0
 0 0 0 0 0
 0 0 0 0 0
 0 0 0 0 0
 0 0 0 0 0
 0 0 0 0 0
 0 0 0 0 0
 0 0 0 0 0
 0 0 0 0 0
 0 0 0 0 0
 0 0 0 0 0
 0 0 0 0 0
 0 0 0 0 0
 0 0 0 0 0
 0 0 0 0 0
 0 0 0 0 0
 0 0 0 0 0
 0 0 0 0 0
 0 0 0 0 0
 0 0 0 0 0
 0 0 0 0 0
 0 0 0 0 0
 0 0 0 0 0
 0 0 0 0 0
 0 0 0 0 0
 0 0 0 0 0
 0 0 0 0 0
 0 0 0 0 0
 0 0 0 0 0
 0 0 0 0 0
 0 0 0 0 0
 0 0 0 0 0
 0 0 0 0 0
 0 0 0 0 0
 0 0 0 0 0
 0 0 0 0 0
 0 0 0 0 0
 0 0 0 0 0
 0 0 0 0 0
 0 0 0 0 0
 0 0 0 0 0
 0 0 0 0 0
 0 0 0 0 0
 0 0 0 0 0
 0 0 0 0 0
 0 0 0 0 0
 0 0 0 0 0
 0 0 0 0 0
 0 0 0 0 0
 0 0 0 0 0
 0 0 0 0 0
 0 0 0 0 0
 0 0 0 0 0
 0 0 0 0 0
 0 0 0 0 0
 0 0 0 0 0
 0 0 0 0 0
 0 0 0 0 0
 0 0 0 0 0
 0 0 0 0 0
 0 0 0 0 0
 0 0 0 0 0
 0 0 0 0 0
 0 0 0 0 0
 0 0 0 0 0
 0 0 0 0 0
 0 0 0 0 0
 0 0 0 0 0
 0 0 0 0 0
 0 0 0 0 0
 0 0 0 0 0
 0 0 0 0 0
 0 0 0 0 0
 0 0 0 0 0
 0 0 0 0 0
 0 0 0 0 0
 0 0 0 0 0
 0 0 0 0 0
 0 0 0 0 0
 0 0 0 0 0
 0 0 0 0 0
 0 0 0 0 0
 0 0 0 0 0
 0 0 0 0 0
 0 0 0 0 0
 0 0 0 0 0
 0 0 0 0 0
 0 0 0 0 0
 0 0 0 0 0
 0 0 0 0 0
 0 0 0 0 0
 0 0 0 0 0
 0 0 0 0 0
 0 0 0 0 0
 0 0 0 0 0
 0 0 0 0 0
 0 0 0 0 0
 0 0 0 0 0
 0 0 0 0 0
 0 0 0 0 0
 0 0 0 0 0
 0 0 0 0 0
 0 0 0 0 0
 0 0 0 0 0
 0 0 0 0 0
 0 0 0 0 0
 0 0 0 0 0
 0 0 0 0 0
 0 0 0 0 0
 0 0 0 0 0
 0 0 0 0 0
 0 0 0 0 0
 0 0 0 0 0
 0 0 0 0 0
 0 0 0 0 0
 0 0 0 0 0
 0 0 0 0 0
 0 0 0 0 0
 0 0 0 0 0
 0 0 0 0 0
 0 0 0 0 0
 0 0 0 0 0
 0 0 0 0 0
 0 0 0 0 0
 0 0 0 0 0
 0 0 0 0 0
 0 0 0 0 0
 0 0 0 0 0
 0 0 0 0 0
 0 0 0 0 0
 0 0 0 0 0
 0 0 0 0 0
 0 0 0 0 0
 0 0 0 0 0
 0 0 0 0 0
 0 0 0 0 0
 0 0 0 0 0
 0 0 0 0 0
 0 0 0 0 0
 0 0 0 0 0
 0 0 0 0 0
 0 0 0 0 0
 0 0 0 0 0
 0 0 0 0 0
 0 0 0 0 0
 0 0 0 0 0
 0 0 0 0 0
 0 0 0 0 0
 0 0 0 0 0
 0 0 0 0 0
 0 0 0 0 0
 0 0 0 0 0
 0 0 0 0 0
 0 0 0 0 0
 0 0 0 0 0
 0 0 0 0 0
 0 0 0 0 0
 0 0 0 0 0
 0 0 0 0 0
 0 0 0 0 0
 0 0 0 0 0
 0 0 0 0 0
 0 0 0 0 0
 0 0 0 0 0
 0 0 0 0 0
 0 0 0 0 0
 0 0 0 0 0
 0 0 0 0 0
 0 0 0 0 0
 0 0 0 0 0
 0 0 0 0 0
 0 0 0 0 0
 0 0 0 0 0
 0 0 0 0 0
 0 0 0 0 0
 0 0 0 0 0
 0 0 0 0 0
 0 0 0 0 0
 0 0 0 0 0
 0 0 0 0 0
 0 0 0 0 0
 0 0 0 0 0
 0 0 0 0 0
 0 0 0 0 0
 0 0 0 0 0
 0 0 0 0 0
 0 0 0 0 0
 0 0 0 0 0
 0 0 0 0 0
 0 0 0 0 0
 0 0 0 0 0
 0 0 0 0 0
 0 0 0 0 0
 0 0 0 0 0
 0 0 0 0 0
 0 0 0 0 0
 0 0 0 0 0
 0 0 0 0 0
 0 0 0 0 0
 0 0 0 0 0
 0 0 0 0 0
 0 0 0 0 0
 0 0 0 0 0
 0 0 0 0 0
 0 0 0 0 0
 0 0 0 0 0
 0 0 0 0 0
 0 0 0 0 0
 0 0 0 0 0
 0 0 0 0 0
 0 0 0 0 0
 0 0 0 0 0
 0 0 0 0 0
 0 0 0 0 0
 0 0 0 0 0
 0 0 0 0 0
 0 0 0 0 0
 0 0 0 0 0
 0 0 0 0 0
 0 0 0 0 0
 0 0 0 0 0
 0 0 0 0 0
 0 0 0 0 0
 0 0 0 0 0
 0 0 0 0 0
 0 0 0 0 0
 0 0 0 0 0
 0 0 0 0 0
 0 0 0 0 0
 0 0 0 0 0
 0 0 0 0 0
 0 0 0 0 0
 0 0 0 0 0
 0 0 0 0 0
 0 0 0 0 0
 0 0 0 0 0
 0 0 0 0 0
 0 0 0 0 0
 0 0 0 0 0
 0 0 0 0 0
 0 0 0 0 0
 0 0 0 0 0
 0 0 0 0 0
 0 0 0 0 0
 0 0 0 0 0
 0 0 0 0 0
 0 0 0 0 0
 0 0 0 0 0
 0 0 0 0 0
 0 0 0 0 0
 0 0 0 0 0
 0 0 0 0 0
 0 0 0 0 0
 0 0 0 0 0
 0 0 0 0 0
 0 0 0 0 0
 0 0 0 0 0
 0 0 0 0 0
 0 0 0 0 0
 0 0 0 0 0
 0 0 0 0 0
 0 0 0 0 0
 0 0 0 0 0
 0 0 0 0 0
 0 0 0 0 0
 0 0 0 0 0
 0 0 0 0 0
 0 0 0 0 0
 0 0 0 0 0
 0 0 0 0 0
 0 0 0 0 0
 0 0 0 0 0
 0 0 0 0 0
 0 0 0 0 0
 0 0 0 0 0
 0 0 0 0 0
 0 0 0 0 0
 0 0 0 0 0
 0 0 0 0 0
 0 0 0 0 0
 0 0 0 0 0
 0 0 0 0 0
 0 0 0 0 0
 0 0 0 0 0
 0 0 0 0 0
 0 0 0 0 0
 0 0 0 0 0
 0 0 0 0 0
 0 0 0 0 0
 0 0 0 0 0
 0 0 0 0 0
 0 0 0 0 0
 0 0 0 0 0
 0 0 0 0 0
 0 0 0 0 0
 0 0 0 0 0
 0 0 0 0 0
 0 0 0 0 0
 0 0 0 0 0
 0 0 0 0 0
 0 0 0 0 0
 0 0 0 0 0
 0 0 0 0 0
 0 0 0 0 0
 0 0 0 0 0
 0 0 0 0 0
 0 0 0 0 0
 0 0 0 0 0
 0 0 0 0 0
 0 0 0 0 0
 0 0 0 0 0
 0 0 0 0 0
 0 0 0 0 0
 0 0 0 0 0
 0 0 0 0 0
 0 0 0 0 0
 0 0 0 0 0
 0 0 0 0 0
 0 0 0 0 0
 0 0 0 0 0
 0 0 0 0 0
 0 0 0 0 0
 0 0 0 0 0
 0 0 0 0 0
 0 0 0 0 0
 0 0 0 0 0
 0 0 0 0 0
 0 0 0 0 0
 0 0 0 0 0
 0 0 0 0 0
 0 0 0 0 0
 0 0 0 0 0
 0 0 0 0 0
 0 0 0 0 0
 0 0 0 0 0
 0 0 0 0 0
 0 0 0 0 0
 0 0 0 0 0
 0 0 0 0 0
 0 0 0 0 0
 0 0 0 0 0
 0 0 0 0 0
 0 0 0 0 0
 0 0 0 0 0
 0 0 0 0 0
 0 0 0 0 0
 0 0 0 0 0
 0 0 0 0 0
 0 0 0 0 0
 0 0 0 0 0
 0 0 0 0 0
 0 0 0 0 0
 0 0 0 0 0
 0 0 0 0 0
 0 0 0 0 0
 0 0 0 0 0
 0 0 0 0 0
 0 0 0 0 0
 0 0 0 0 0
 0 0 0 0 0
 0 0 0 0 0
 0 0 0 0 0
 0 0 0 0 0
 0 0 0 0 0
 0 0 0 0 0
 0 0 0 0 0
 0 0 0 0 0
 0 0 0 0 0
 0 0 0 0 0
 0 0 0 0 0
 0 0 0 0 0
 0 0 0 0 0
 0 0 0 0 0
 0 0 0 0 0
 0 0 0 0 0
 0 0 0 0 0
 0 0 0 0 0
 0 0 0 0 0
 0 0 0 0 0
 0 0 0 0 0
 0 0 0 0 0
 0 0 0 0 0
 0 0 0 0 0
 0 0 0 0 0
 0 0 0 0 0
 0 0 0 0 0
 0 0 0 0 0
 0 0 0 0 0
 0 0 0 0 0
 0 0 0 0 0
 0 0 0 0 0
 0 0 0 0 0
 0 0 0 0 0
 0 0 0 0 0
 0 0 0 0 0
 0 0 0 0 0
 0 0 0 0 0
 0 0 0 0 0
 0 0 0 0 0
 0 0 0 0 0
 0 0 0 0 0
 0 0 0 0 0
 0 0 0 0 0
 0 0 0 0 0
 0 0 0 0 0
 0 0 0 0 0
 0 0 0 0 0
 0 0 0 0 0
 0 0 0 0 0
 0 0 0 0 0
 0 0 0 0 0
 0 0 0 0 0
 0 0 0 0 0
 0 0 0 0 0
 0 0 0 0 0
 0 0 0 0 0
 0 0 0 0 0
 0 0 0 0 0
 0 0 0 0 0
 0 0 0 0 0
 0 0 0 0 0
 0 0 0 0 0
 0 0 0 0 0
 0 0 0 0 0
 0 0 0 0 0
 0 0 0 0 0
 0 0 0 0 0
 0 0 0 0 0
 0 0 0 0 0
 0 0 0 0 0
 0 0 0 0 0
 0 0 0 0 0
 0 0 0 0 0
 0 0 0 0 0
 0 0 0 0 0
 0 0 0 0 0
 0 0 0 0 0
 0 0 0 0 0
 0 0 0 0 0
 0 0 0 0 0
 0 0 0 0 0
 0 0 0 0 0
 0 0 0 0 0
 0 0 0 0 0
 0 0 0 0 0
 0 0 0 0 0
 0 0 0 0 0
 0 0 0 0 0
 0 0 0 0 0
 0 0 0 0 0
 0 0 0 0 0
 0 0 0 0 0
 0 0 0 0 0
 0 0 0 0 0
 0 0 0 0 0
 0 0 0 0 0
 0 0 0 0 0
 0 0 0 0 0
 0 0 0 0 0
 0 0 0 0 0
 0 0 0 0 0
 0 0 0 0 0
 0 0 0 0 0
 0 0 0 0 0
 0 0 0 0 0
 0 0 0 0 0
 0 0 0 0 0
 0 0 0 0 0
 0 0 0 0 0
 0 0 0 0 0
 0 0 0 0 0
 0 0 0 0 0
 0 0 0 0 0
 0 0 0 0 0
 0 0 0 0 0
 0 0 0 0 0
 0 0 0 0 0
 0 0 0 0 0
 0 0 0 0 0
 0 0 0 0 0
 0 0 0 0 0
 0 0 0 0 0
 0 0 0 0 0
 0 0 0 0 0
 0 0 0 0 0
 0 0 0 0 0
 0 0 0 0 0
 0 0 0 0 0
 0 0 0 0 0
 0 0 0 0 0
 0 0 0 0 0
 0 0 0 0 0
 0 0 0 0 0
 0 0 0 0 0
 0 0 0 0 0
 0 0 0 0 0
 0 0 0 0 0
 0 0 0 0 0
 0 0 0 0 0
 0 0 0 0 0
 0 0 0 0 0
 0 0 0 0 0
 0 0 0 0 0
 0 0 0 0 0
 0 0 0 0 0
 0 0 0 0 0
 0 0 0 0 0
 0 0 0 0 0
 0 0 0 0 0
 0 0 0 0 0
 0 0 0 0 0
 0 0 0 0 0
 0 0 0 0 0
 0 0 0 0 0
 0 0 0 0 0
 0 0 0 0 0
 0 0 0 0 0
 0 0 0 0 0
 0 0 0 0 0
 0 0 0 0 0
 0 0 0 0 0
 0 0 0 0 0
 0 0 0 0 0
 0 0 0 0 0
 0 0 0 0 0
 0 0 0 0 0
 0 0 0 0 0
 0 0 0 0 0
 0 0 0 0 0
 0 0 0 0 0
 0 0 0 0 0
 0 0 0 0 0
 0 0 0 0 0
 0 0 0 0 0
 0 0 0 0 0
 0 0 0 0 0
 0 0 0 0 0
 0 0 0 0 0
 0 0 0 0 0
 0 0 0 0 0
 0 0 0 0 0
 0 0 0 0 0
 0 0 0 0 0
 0 0 0 0 0
 0 0 0 0 0
 0 0 0 0 0
 0 0 0 0 0
 0 0 0 0 0
 0 0 0 0 0
 0 0 0 0 0
 0 0 0 0 0
 0 0 0 0 0
 0 0 0 0 0
 0 0 0 0 0
 0 0 0 0 0
 0 0 0 0 0
 0 0 0 0 0
 0 0 0 0 0
 0 0 0 0 0
 0 0 0 0 0
 0 0 0 0 0
 0 0 0 0 0
 0 0 0 0 0
 0 0 0 0 0
 0 0 0 0 0
 0 0 0 0 0
 0 0 0 0 0
 0 0 0 0 0
 0 0 0 0 0
 0 0 0 0 0
 0 0 0 0 0
 0 0 0 0 0
 0 0 0 0 0
 0 0 0 0 0
 0 0 0 0 0
 0 0 0 0 0
 0 0 0 0 0
 0 0 0 0 0
 0 0 0 0 0
 0 0 0 0 0
 0 0 0 0 0
 0 0 0 0 0
 0 0 0 0 0
 0 0 0 0 0
 0 0 0 0 0
 0 0 0 0 0
 0 0 0 0 0
 0 0 0 0 0
 0 0 0 0 0
 0 0 0 0 0
 0 0 0 0 0
 0 0 0 0 0
 0 0 0 0 0
 0 0 0 0 0
 0 0 0 0 0
 0 0 0 0 0
 0 0 0 0 0
 0 0 0 0 0
 0 0 0 0 0
 0 0 0 0 0
 0 0 0 0 0
 0 0 0 0 0
 0 0 0 0 0
 0 0 0 0 0
 0 0 0 0 0
 0 0 0 0 0
 0 0 0 0 0
 0 0 0 0 0
 0 0 0 0 0
 0 0 0 0 0
 0 0 0 0 0
 0 0 0 0 0
 0 0 0 0 0
 0 0 0 0 0
 0 0 0 0 0
 0 0 0 0 0
 0 0 0 0 0
 0 0 0 0 0
 0 0 0 0 0
 0 0 0 0 0
 0 0 0 0 0
 0 0 0 0 0
 0 0 0 0 0
 0 0 0 0 0
 0 0 0 0 0
 0 0 0 0 0
 0 0 0 0 0
 0 0 0 0 0
 0 0 0 0 0
 0 0 0 0 0
 0 0 0 0 0
 0 0 0 0 0
 0 0 0 0 0
 0 0 0 0 0
 0 0 0 0 0
 0 0 0 0 0
 0 0 0 0 0
 0 0 0 0 0
 0 0 0 0 0
 0 0 0 0 0
 0 0 0 0 0
 0 0 0 0 0
 0 0 0 0 0
 0 0 0 0 0
 0 0 0 0 0
 0 0 0 0 0
 0 0 0 0 0
 0 0 0 0 0
 0 0 0 0 0
 0 0 0 0 0
 0 0 0 0 0
 0 0 0 0 0
 0 0 0 0 0
 0 0 0 0 0
 0 0 0 0 0
 0 0 0 0 0
 0 0 0 0 0
 0 0 0 0 0
 0 0 0 0 0
 0 0 0 0 0
 0 0 0 0 0
 0 0 0 0 0
 0 0 0 0 0
 0 0 0 0 0
 0 0 0 0 0
 0 0 0 0 0
 0 0 0 0 0
 0 0 0 0 0
 0 0 0 0 0
 0 0 0 0 0
 0 0 0 0 0
 0 0 0 0 0
 0 0 0 0 0
 0 0 0 0 0
 0 0 0 0 0
 0 0 0 0 0
 0 0 0 0 0
 0 0 0 0 0
 0 0 0 0 0
 0 0 0 0 0
 0 0 0 0 0
 0 0 0 0 0
 0 0 0 0 0
 0 0 0 0 0
 0 0 0 0 0
 0 0 0 0 0
 0 0 0 0 0
 0 0 0 0 0
 0 0 0 0 0
 0 0 0 0 0
 0 0 0 0 0
 0 0 0 0 0
 0 0 0 0 0
 0 0 0 0 0
 0 0 0 0 0
 0 0 0 0 0
 0 0 0 0 0
 0 0 0 0 0
 0 0 0 0 0
 0 0 0 0 0
 0 0 0 0 0
 0 0 0 0 0
 0 0 0 0 0
 0 0 0 0 0
 0 0 0 0 0
 0 0 0 0 0
 0 0 0 0 0
 0 0 0 0 0
 0 0 0 0 0
 0 0 0 0 0
 0 0 0 0 0
 0 0 0 0 0
 0 0 0 0 0
 0 0 0 0 0
 0 0 0 0 0
 0 0 0 0 0
 0 0 0 0 0
 0 0 0 0 0
 0 0 0 0 0
 0 0 0 0 0
 0 0 0 0 0
 0 0 0 0 0
 0 0 0 0 0
 0 0 0 0 0
 0 0 0 0 0
 0 0 0 0 0
 0 0 0 0 0
 0 0 0 0 0
 0 0 0 0 0
 0 0 0 0 0
 0 0 0 0 0
 0 0 0 0 0
 0 0 0 0 0
 0 0 0 0 0
 0 0 0 0 0
 0 0 0 0 0
 0 0 0 0 0
 0 0 0 0 0
 0 0 0 0 0
 0 0 0 0 0
 0 0 0 0 0
 0 0 0 0 0
 0 0 0 0 0
 0 0 0 0 0
 0 0 0 0 0
 0 0 0 0 0
 0 0 0 0 0
 0 0 0 0 0
 0 0 0 0 0
 0 0 0 0 0
 0 0 0 0 0
 0 0 0 0 0
 0 0 0 0 0
 0 0 0 0 0
 0 0 0 0 0
 0 0 0 0 0
 0 0 0 0 0
 0 0 0 0 0
 0 0 0 0 0
 0 0 0 0 0
 0 0 0 0 0
 0 0 0 0 0
 0 0 0 0 0
 0 0 0 0 0
 0 0 0 0 0
 0 0 0 0 0
 0 0 0 0 0
 0 0 0 0 0
 0 0 0 0 0
 0 0 0 0 0
 0 0 0 0 0
 0 0 0 0 0
 0 0 0 0 0
 0 0 0 0 0
 0 0 0 0 0
 0 0 0 0 0
 0 0 0 0 0
 0 0 0 0 0
 0 0 0 0 0
 0 0 0 0 0
 0 0 0 0 0
 0 0 0 0 0
 0 0 0 0 0
 0 0 0 0 0
 0 0 0 0 0
 0 0 0 0 0
 0 0 0 0 0
 0 0 0 0 0
 0 0 0 0 0
 0 0 0 0 0
 0 0 0 0 0
 0 0 0 0 0
 0 0 0 0 0
 0 0 0 0 0
 0 0 0 0 0
 0 0 0 0 0
 0 0 0 0 0
 0 0 0 0 0
 0 0 0 0 0
 0 0 0 0 0
 0 0 0 0 0
 0 0 0 0 0
 0 0 0 0 0
 0 0 0 0 0
 0 0 0 0 0
 0 0 0 0 0
 0 0 0 0 0
 0 0 0 0 0
 0 0 0 0 0
 0 0 0 0 0
 0 0 0 0 0
 0 0 0 0 0
 0 0 0 0 0
 0 0 0 0 0
 0 0 0 0 0
 0 0 0 0 0
 0 0 0 0 0
 0 0 0 0 0
 0 0 0 0 0
 0 0 0 0 0
 0 0 0 0 0
 0 0 0 0 0
 0 0 0 0 0
 0 0 0 0 0
 0 0 0 0 0
 0 0 0 0 0
 0 0 0 0 0
 0 0 0 0 0
 0 0 0 0 0
 0 0 0 0 0
 0 0 0 0 0
 0 0 0 0 0
 0 0 0 0 0
 0 0 0 0 0
 0 0 0 0 0
 0 0 0 0 0
 0 0 0 0 0
 0 0 0 0 0
 0 0 0 0 0
 0 0 0 0 0
 0 0 0 0 0
 0 0 0 0 0
 0 0 0 0 0
 0 0 0 0 0
 0 0 0 0 0
 0 0 0 0 0
 0 0 0 0 0
 0 0 0 0 0
 0 0 0 0 0
 0 0 0 0 0
 0 0 0 0 0
 0 0 0 0 0
 0 0 0 0 0
 0 0 0 0 0
 0 0 0 0 0
 0 0 0 0 0
 0 0 0 0 0
 0 0 0 0 0
 0 0 0 0 0
 0 0 0 0 0
 0 0 0 0 0
 0 0 0 0 0
 0 0 0 0 0
 0 0 0 0 0
 0 0 0 0 0
 0 0 0 0 0
 0 0 0 0 0
 0 0 0 0 0
 0 0 0 0 0
 0 0 0 0 0
 0 0 0 0 0
 0 0 0 0 0
 0 0 0 0 0
 0 0 0 0 0
 0 0 0 0 0
 0 0 0 0 0
 0 0 0 0 0
 0 0 0 0 0
 0 0 0 0 0
 0 0 0 0 0
 0 0 0 0 0
 0 0 0 0 0
 0 0 0 0 0
 0 0 0 0 0
 0 0 0 0 0
 0 0 0 0 0
 0 0 0 0 0
 0 0 0 0 0
 0 0 0 0 0
 0 0 0 0 0
 0 0 0 0 0
 0 0 0 0 0
 0 0 0 0 0
 0 0 0 0 0
 0 0 0 0 0
 0 0 0 0 0
 0 0 0 0 0
 0 0 0 0 0
 0 0 0 0 0
 0 0 0 0 0
 0 0 0 0 0
 0 0 0 0 0
 0 0 0 0 0
 0 0 0 0 0
 0 0 0 0 0
 0 0 0 0 0
 0 0 0 0 0
 0 0 0 0 0
 0 0 0 0 0
 0 0 0 0 0
 0 0 0 0 0
 0 0 0 0 0
 0 0 0 0 0
 0 0 0 0 0
 0 0 0 0 0
 0 0 0 0 0
 0 0 0 0 0
 0 0 0 0 0
 0 0 0 0 0
 0 0 0 0 0
 0 0 0 0 0
 0 0 0 0 0
 0 0 0 0 0
 0 0 0 0 0
 0 0 0 0 0
 0 0 0 0 0
 0 0 0 0 0
 0 0 0 0 0
 0 0 0 0 0
 0 0 0 0 0
 0 0 0 0 0
 0 0 0 0 0
 0 0 0 0 0
 0 0 0 0 0
 0 0 0 0 0
 0 0 0 0 0
 0 0 0 0 0
 0 0 0 0 0
 0 0 0 0 0
 0 0 0 0 0
 0 0 0 0 0
 0 0 0 0 0
 0 0 0 0 0
 0 0 0 0 0
 0 0 0 0 0
 0 0 0 0 0
 0 0 0 0 0
 0 0 0 0 0
 0 0 0 0 0
 0 0 0 0 0
 0 0 0 0 0
 0 0 0 0 0
 0 0 0 0 0
 0 0 0 0 0
 0 0 0 0 0
 0 0 0 0 0
 0 0 0 0 0
 0 0 0 0 0
 0 0 0 0 0
 0 0 0 0 0
 0 0 0 0 0
 0 0 0 0 0
 0 0 0 0 0
 0 0 0 0 0
 0 0 0 0 0
 0 0 0 0 0
 0 0 0 0 0
 0 0 0 0 0
 0 0 0 0 0
 0 0 0 0 0
 0 0 0 0 0
 0 0 0 0 0
 0 0 0 0 0
 0 0 0 0 0
 0 0 0 0 0
 0 0 0 0 0
 0 0 0 0 0
 0 0 0 0 0
 0 0 0 0 0
 0 0 0 0 0
 0 0 0 0 0
 0 0 0 0 0
 0 0 0 0 0
 0 0 0 0 0
 0 0 0 0 0
 0 0 0 0 0
 0 0 0 0 0
 0 0 0 0 0
 0 0 0 0 0
 0 0 0 0 0
 0 0 0 0 0
 0 0 0 0 0
 0 0 0 0 0
 0 0 0 0 0
 0 0 0 0 0
 0 0 0 0 0
 0 0 0 0 0
 0 0 0 0 0
 0 0 0 0 0
 0 0 0 0 0
 0 0 0 0 0
 0 0 0 0 0
 0 0 0 0 0
 0 0 0 0 0
 0 0 0 0 0
 0 0 0 0 0
 0 0 0 0 0
 0 0 0 0 0
 0 0 0 0 0
 0 0 0 0 0
 0 0 0 0 0
 0 0 0 0 0
 0 0 0 0 0
 0 0 0 0 0
 0 0 0 0 0
 0 0 0 0 0
 0 0 0 0 0
 0 0 0 0 0
 0 0 0 0 0
 0 0 0 0 0
 0 0 0 0 0
 0 0 0 0 0
 0 0 0 0 0
 0 0 0 0 0
 0 0 0 0 0
 0 0 0 0 0
 0 0 0 0 0
 0 0 0 0 0
 0 0 0 0 0
 0 0 0 0 0
 0 0 0 0 0
 0 0 0 0 0
 0 0 0 0 0
 0 0 0 0 0
 0 0 0 0 0
 0 0 0 0 0
 0 0 0 0 0
 0 0 0 0 0
 0 0 0 0 0
 0 0 0 0 0
 0 0 0 0 0
 0 0 0 0 0
 0 0 0 0 0
 0 0 0 0 0
 0 0 0 0 0
 0 0 0 0 0
 0 0 0 0 0
 0 0 0 0 0
 0 0 0 0 0
 0 0 0 0 0
 0 0 0 0 0
 0 0 0 0 0
 0 0 0 0 0
 0 0 0 0 0
 0 0 0 0 0
 0 0 0 0 0
 0 0 0 0 0
 0 0 0 0 0
 0 0 0 0 0
 0 0 0 0 0
 0 0 0 0 0
 0 0 0 0 0
 0 0 0 0 0
 0 0 0 0 0
 0 0 0 0 0
 0 0 0 0 0
 0 0 0 0 0
 0 0 0 0 0
 0 0 0 0 0
 0 0 0 0 0
 0 0 0 0 0
 0 0 0 0 0
 0 0 0 0 0
 0 0 0 0 0
 0 0 0 0 0
 0 0 0 0 0
 0 0 0 0 0
 0 0 0 0 0
 0 0 0 0 0
 0 0 0 0 0
 0 0 0 0 0
 0 0 0 0 0
 0 0 0 0 0
 0 0 0 0 0
 0 0 0 0 0
 0 0 0 0 0
 0 0 0 0 0
 0 0 0 0 0
 0 0 0 0 0
 0 0 0 0 0
 0 0 0 0 0
 0 0 0 0 0
 0 0 0 0 0
 0 0 0 0 0
 0 0 0 0 0
 0 0 0 0 0
 0 0 0 0 0
 0 0 0 0 0
 0 0 0 0 0
 0 0 0 0 0
 0 0 0 0 0
 0 0 0 0 0
 0 0 0 0 0
 0 0 0 0 0
 0 0 0 0 0
 0 0 0 0 0
 0 0 0 0 0
 0 0 0 0 0
 0 0 0 0 0
 0 0 0 0 0
 0 0 0 0 0
 0 0 0 0 0
 0 0 0 0 0
 0 0 0 0 0
 0 0 0 0 0
 0 0 0 0 0
 0 0 0 0 0
 0 0 0 0 0
 0 0 0 0 0
 0 0 0 0 0
 0 0 0 0 0
 0 0 0 0 0
 0 0 0 0 0
 0 0 0 0 0
 0 0 0 0 0
 0 0 0 0 0
 0 0 0 0 0
 0 0 0 0 0
 0 0 0 0 0
 0 0 0 0 0
 0 0 0 0 0
 0 0 0 0 0
 0 0 0 0 0
 0 0 0 0 0
 0 0 0 0 0
 0 0 0 0 0
 0 0 0 0 0
 0 0 0 0 0
 0 0 0 0 0
 0 0 0 0 0
 0 0 0 0 0
 0 0 0 0 0
 0 0 0 0 0
 0 0 0 0 0
 0 0 0 0 0
 0 0 0 0 0
 0 0 0 0 0
 0 0 0 0 0
 0 0 0 0 0
 0 0 0 0 0
 0 0 0 0 0
 0 0 0 0 0
 0 0 0 0 0
 0 0 0 0 0
 0 0 0 0 0
 0 0 0 0 0
 0 0 0 0 0
 0 0 0 0 0
 0 0 0 0 0
 0 0 0 0 0
 0 0 0 0 0
 0 0 0 0 0
 0 0 0 0 0
 0 0 0 0 0
 0 0 0 0 0
 0 0 0 0 0
 0 0 0 0 0
 0 0 0 0 0
 0 0 0 0 0
 0 0 0 0 0
 0 0 0 0 0
 0 0 0 0 0
 0 0 0 0 0
 0 0 0 0 0
 0 0 0 0 0
 0 0 0 0 0
 0 0 0 0 0
 0 0 0 0 0
 0 0 0 0 0
 0 0 0 0 0
 0 0 0 0 0
 0 0 0 0 0
 0 0 0 0 0
 0 0 0 0 0
 0 0 0 0 0
 0 0 0 0 0
 0 0 0 0 0
 0 0 0 0 0
 0 0 0 0 0
 0 0 0 0 0
 0 0 0 0 0
 0 0 0 0 0
 0 0 0 0 0
 0 0 0 0 0
 0 0 0 0 0
 0 0 0 0 0
 0 0 0 0 0
 0 0 0 0 0
 0 0 0 0 0
 0 0 0 0 0
 0 0 0 0 0
 0 0 0 0 0
 0 0 0 0 0
 0 0 0 0 0
 0 0 0 0 0
 0 0 0 0 0
 0 0 0 0 0
 0 0 0 0 0
 0 0 0 0 0
 0 0 0 0 0
 0 0 0 0 0
 0 0 0 0 0
 0 0 0 0 0
 0 0 0 0 0
 0 0 0 0 0
 0 0 0 0 0
 0 0 0 0 0
 0 0 0 0 0
 0 0 0 0 0
 0 0 0 0 0
 0 0 0 0 0
 0 0 0 0 0
 0 0 0 0 0
 0 0 0 0 0
 0 0 0 0 0
 0 0 0 0 0
 0 0 0 0 0
 0 0 0 0 0
 0 0 0 0 0
 0 0 0 0 0
 0 0 0 0 0
 0 0 0 0 0
 0 0 0 0 0
 0 0 0 0 0
 0 0 0 0 0
 0 0 0 0 0
 0 0 0 0 0
 0 0 0 0 0
 0 0 0 0 0
 0 0 0 0 0
 0 0 0 0 0
 0 0 0 0 0
 0 0 0 0 0
 0 0 0 0 0
 0 0 0 0 0
 0 0 0 0 0
 0 0 0 0 0
 0 0 0 0 0
 0 0 0 0 0
 0 0 0 0 0
 0 0 0 0 0
 0 0 0 0 0
 0 0 0 0 0
 0 0 0 0 0
 0 0 0 0 0
 0 0 0 0 0
 0 0 0 0 0
 0 0 0 0 0
 0 0 0 0 0
 0 0 0 0 0
 0 0 0 0 0
 0 0 0 0 0
 0 0 0 0 0
 0 0 0 0 0
 0 0 0 0 0
 0 0 0 0 0
 0 0 0 0 0
 0 0 0 0 0
 0 0 0 0 0
 0 0 0 0 0
 0 0 0 0 0
 0 0 0 0 0
 0 0 0 0 0
 0 0 0 0 0
 0 0 0 0 0
 0 0 0 0 0
 0 0 0 0 0
 0 0 0 0 0
 0 0 0 0 0
 0 0 0 0 0
 0 0 0 0 0
 0 0 0 0 0
 0 0 0 0 0
 0 0 0 0 0
 0 0 0 0 0
 0 0 0 0 0
 0 0 0 0 0
 0 0 0 0 0
 0 0 0 0 0
 0 0 0 0 0
 0 0 0 0 0
 0 0 0 0 0
 0 0 0 0 0
 0 0 0 0 0
 0 0 0 0 0
 0 0 0 0 0
 0 0 0 0 0
 0 0 0 0 0
 0 0 0 0 0
 0 0 0 0 0
 0 0 0 0 0
 0 0 0 0 0
 0 0 0 0 0
 0 0 0 0 0
 0 0 0 0 0
 0 0 0 0 0
 0 0 0 0 0
 0 0 0 0 0
 0 0 0 0 0
 0 0 0 0 0
 0 0 0 0 0
 0 0 0 0 0
 0 0 0 0 0
 0 0 0 0 0
 0 0 0 0 0
 0 0 0 0 0
 0 0 0 0 0
 0 0 0 0 0
 0 0 0 0 0
 0 0 0 0 0
 0 0 0 0 0
 0 0 0 0 0
 0 0 0 0 0
 0 0 0 0 0
 0 0 0 0 0
 0 0 0 0 0
 0 0 0 0 0
 0 0 0 0 0
 0 0 0 0 0
 0 0 0 0 0
 0 0 0 0 0
 0 0 0 0 0
 0 0 0 0 0
 0 0 0 0 0
 0 0 0 0 0
 0 0 0 0 0
 0 0 0 0 0
 0 0 0 0 0
 0 0 0 0 0
 0 0 0 0 0
 0 0 0 0 0
 0 0 0 0 0
 0 0 0 0 0
 0 0 0 0 0
 0 0 0 0 0
 0 0 0 0 0
 0 0 0 0 0
 0 0 0 0 0
 0 0 0 0 0
 0 0 0 0 0
 0 0 0 0 0
 0 0 0 0 0
 0 0 0 0 0
 0 0 0 0 0
 0 0 0 0 0
 0 0 0 0 0
 0 0 0 0 0
 0 0 0 0 0
 0 0 0 0 0
 0 0 0 0 0
 0 0 0 0 0
 0 0 0 0 0
 0 0 0 0 0
 0 0 0 0 0
 0 0 0 0 0
 0 0 0 0 0
 0 0 0 0 0
 0 0 0 0 0
 0 0 0 0 0
 0 0 0 0 0
 0 0 0 0 0
 0 0 0 0 0
 0 0 0 0 0
 0 0 0 0 0
 0 0 0 0 0
 0 0 0 0 0
 0 0 0 0 0
 0 0 0 0 0
 0 0 0 0 0
 0 0 0 0 0
 0 0 0 0 0
 0 0 0 0 0
 0 0 0 0 0
 0 0 0 0 0
 0 0 0 0 0
 0 0 0 0 0
 0 0 0 0 0
 0 0 0 0 0
 0 0 0 0 0
 0 0 0 0 0
 0 0 0 0 0
 0 0 0 0 0
 0 0 0 0 0
 0 0 0 0 0
 0 0 0 0 0
 0 0 0 0 0
 0 0 0 0 0
 0 0 0 0 0
 0 0 0 0 0
 0 0 0 0 0
 0 0 0 0 0
 0 0 0 0 0
 0 0 0 0 0
 0 0 0 0 0
 0 0 0 0 0
 0 0 0 0 0
 0 0 0 0 0
 0 0 0 0 0
 0 0 0 0 0
 0 0 0 0 0
 0 0 0 0 0
 0 0 0 0 0
 0 0 0 0 0
 0 0 0 0 0
 0 0 0 0 0
 0 0 0 0 0
 0 0 0 0 0
 0 0 0 0 0
 0 0 0 0 0
 0 0 0 0 0
 0 0 0 0 0
 0 0 0 0 0
 0 0 0 0 0
 0 0 0 0 0
 0 0 0 0 0
 0 0 0 0 0
 0 0 0 0 0
 0 0 0 0 0
 0 0 0 0 0
 0 0 0 0 0
 0 0 0 0 0
 0 0 0 0 0
 0 0 0 0 0
 0 0 0 0 0
 0 0 0 0 0
 0 0 0 0 0
 0 0 0 0 0
 0 0 0 0 0
 0 0 0 0 0
 0 0 0 0 0
 0 0 0 0 0
 0 0 0 0 0
 0 0 0 0 0
 0 0 0 0 0
 0 0 0 0 0
 0 0 0 0 0
 0 0 0 0 0
 0 0 0 0 0
 0 0 0 0 0
 0 0 0 0 0
 0 0 0 0 0
 0 0 0 0 0
 0 0 0 0 0
 0 0 0 0 0
 0 0 0 0 0
 0 0 0 0 0
 0 0 0 0 0
 0 0 0 0 0
 0 0 0 0 0
 0 0 0 0 0
 0 0 0 0 0
 0 0 0 0 0
 0 0 0 0 0
 0 0 0 0 0
 0 0 0 0 0
 0 0 0 0 0
 0 0 0 0 0
 0 0 0 0 0
 0 0 0 0 0
 0 0 0 0 0
 0 0 0 0 0
 0 0 0 0 0
 0 0 0 0 0
 0 0 0 0 0
 0 0 0 0 0
 0 0 0 0 0
 0 0 0 0 0
 0 0 0 0 0
 0 0 0 0 0
 0 0 0 0 0
 0 0 0 0 0
 0 0 0 0 0
 0 0 0 0 0
 0 0 0 0 0
 0 0 0 0 0
 0 0 0 0 0
 0 0 0 0 0
 0 0 0 0 0
 0 0 0 0 0
 0 0 0 0 0
 0 0 0 0 0
 0 0 0 0 0
 0 0 0 0 0
 0 0 0 0 0
 0 0 0 0 0
 0 0 0 0 0
 0 0 0 0 0
 0 0 0 0 0
 0 0 0 0 0
 0 0 0 0 0
 0 0 0 0 0
 0 0 0 0 0
 0 0 0 0 0
 0 0 0 0 0
 0 0 0 0 0
 0 0 0 0 0
 0 0 0 0 0
 0 0 0 0 0
 0 0 0 0 0
 0 0 0 0 0
 0 0 0 0 0
 0 0 0 0 0
 0 0 0 0 0
 0 0 0 0 0
 0 0 0 0 0
 0 0 0 0 0
 0 0 0 0 0
 0 0 0 0 0
 0 0 0 0 0
 0 0 0 0 0
 0 0 0 0 0
 0 0 0 0 0
 0 0 0 0 0
 0 0 0 0 0
 0 0 0 0 0
 0 0 0 0 0
 0 0 0 0 0
 0 0 0 0 0
 0 0 0 0 0
 0 0 0 0 0
 0 0 0 0 0
 0 0 0 0 0
 0 0 0 0 0
 0 0 0 0 0
 0 0 0 0 0
 0 0 0 0 0
 0 0 0 0 0
 0 0 0 0 0
 0 0 0 0 0
 0 0 0 0 0
 0 0 0 0 0
 0 0 0 0 0
 0 0 0 0 0
 0 0 0 0 0
 0 0 0 0 0
 0 0 0 0 0
 0 0 0 0 0
 0 0 0 0 0
 0 0 0 0 0
 0 0 0 0 0
 0 0 0 0 0
 0 0 0 0 0
 0 0 0 0 0
 0 0 0 0 0
 0 0 0 0 0
 0 0 0 0 0
 0 0 0 0 0
 0 0 0 0 0
 0 0 0 0 0
 0 0 0 0 0
 0 0 0 0 0
 0 0 0 0 0
 0 0 0 0 0
 0 0 0 0 0
 0 0 0 0 0
 0 0 0 0 0
 0 0 0 0 0
 0 0 0 0 0
 0 0 0 0 0
 0 0 0 0 0
 0 0 0 0 0
 0 0 0 0 0
 0 0 0 0 0
 0 0 0 0 0
 0 0 0 0 0
 0 0 0 0 0
 0 0 0 0 0
 0 0 0 0 0
 0 0 0 0 0
 0 0 0 0 0
 0 0 0 0 0
 0 0 0 0 0
 0 0 0 0 0
 0 0 0 0 0
 0 0 0 0 0
 0 0 0 0 0
 0 0 0 0 0
 0 0 0 0 0
 0 0 0 0 0
 0 0 0 0 0
 0 0 0 0 0
 0 0 0 0 0
 0 0 0 0 0
 0 0 0 0 0
 0 0 0 0 0
 0 0 0 0 0
 0 0 0 0 0
 0 0 0 0 0
 0 0 0 0 0
 0 0 0 0 0
 0 0 0 0 0
 0 0 0 0 0
 0 0 0 0 0
 0 0 0 0 0
 0 0 0 0 0
 0 0 0 0 0
 0 0 0 0 0
 0 0 0 0 0
 0 0 0 0 0
 0 0 0 0 0
 0 0 0 0 0
 0 0 0 0 0
 0 0 0 0 0
 0 0 0 0 0
 0 0 0 0 0
 0 0 0 0 0
 0 0 0 0 0
 0 0 0 0 0
 0 0 0 0 0
 0 0 0 0 0
 0 0 0 0 0
 0 0 0 0 0
 0 0 0 0 0
 0 0 0 0 0
 0 0 0 0 0
 0 0 0 0 0
 0 0 0 0 0
 0 0 0 0 0
 0 0 0 0 0
 0 0 0 0 0
 0 0 0 0 0
 0 0 0 0 0
 0 0 0 0 0
 0 0 0 0 0
 0 0 0 0 0
 0 0 0 0 0
 0 0 0 0 0
 0 0 0 0 0
 0 0 0 0 0
 0 0 0 0 0
 0 0 0 0 0
 0 0 0 0 0
 0 0 0 0 0
 0 0 0 0 0
 0 0 0 0 0
 0 0 0 0 0
 0 0 0 0 0
 0 0 0 0 0
 0 0 0 0 0
 0 0 0 0 0
 0 0 0 0 0
 0 0 0 0 0
 0 0 0 0 0
 0 0 0 0 0
 0 0 0 0 0
 0 0 0 0 0
 0 0 0 0 0
 0 0 0 0 0
 0 0 0 0 0
 0 0 0 0 0
 0 0 0 0 0
 0 0 0 0 0
 0 0 0 0 0
 0 0 0 0 0
 0 0 0 0 0
 0 0 0 0 0
 0 0 0 0 0
 0 0 0 0 0
 0 0 0 0 0
 0 0 0 0 0
 0 0 0 0 0
 0 0 0 0 0
 0 0 0 0 0
 0 0 0 0 0
 0 0 0 0 0
 0 0 0 0 0
 0 0 0 0 0
 0 0 0 0 0
 0 0 0 0 0
 0 0 0 0 0
 0 0 0 0 0
 0 0 0 0 0
 0 0 0 0 0
 0 0 0 0 0
 0 0 0 0 0
 0 0 0 0 0
 0 0 0 0 0
 0 0 0 0 0
 0 0 0 0 0
 0 0 0 0 0
 0 0 0 0 0
 0 0 0 0 0
 0 0 0 0 0
 0 0 0 0 0
 0 0 0 0 0
 0 0 0 0 0
 0 0 0 0 0
 0 0 0 0 0
 0 0 0 0 0
 0 0 0 0 0
 0 0 0 0 0
 0 0 0 0 0
 0 0 0 0 0
 0 0 0 0 0
 0 0 0 0 0
 0 0 0 0 0
 0 0 0 0 0
 0 0 0 0 0
 0 0 0 0 0
 0 0 0 0 0
 0 0 0 0 0
 0 0 0 0 0
 0 0 0 0 0
 0 0 0 0 0
 0 0 0 0 0
 0 0 0 0 0
 0 0 0 0 0
 0 0 0 0 0
 0 0 0 0 0
 0 0 0 0 0
 0 0 0 0 0
 0 0 0 0 0
 0 0 0 0 0
 0 0 0 0 0
 0 0 0 0 0
 0 0 0 0 0
 0 0 0 0 0
 0 0 0 0 0
 0 0 0 0 0
 0 0 0 0 0
 0 0 0 0 0
 0 0 0 0 0
 0 0 0 0 0
 0 0 0 0 0
 0 0 0 0 0
 0 0 0 0 0
 0 0 0 0 0
 0 0 0 0 0
 0 0 0 0 0
 0 0 0 0 0
 0 0 0 0 0
 0 0 0 0 0
 0 0 0 0 0
 0 0 0 0 0
 0 0 0 0 0
 0 0 0 0 0
 0 0 0 0 0
 0 0 0 0 0
 0 0 0 0 0
 0 0 0 0 0
 0 0 0 0 0
 0 0 0 0 0
 0 0 0 0 0
 0 0 0 0 0
 0 0 0 0 0
 0 0 0 0 0
 0 0 0 0 0
 0 0 0 0 0
 0 0 0 0 0
 0 0 0 0 0
 0 0 0 0 0
 0 0 0 0 0
 0 0 0 0 0
 6.48194e-05 1.11802e-05 4.27502e-05 -2.44697e-05 1.76481e-06
 5.89117e-05 9.80725e-06 4.57093e-05 -2.75327e-05 1.44679e-06
 5.24176e-05 8.40142e-06 4.73698e-05 -2.98579e-05 1.14294e-06
 4.57195e-05 7.05498e-06 4.76178e-05 -3.12739e-05 8.73817e-07
 3.93373e-05 5.84269e-06 4.68001e-05 -3.19062e-05 6.48467e-07
 3.41517e-05 4.82951e-06 4.64601e-05 -3.2717e-05 4.6224e-07
 2.91865e-05 3.9219e-06 4.51178e-05 -3.27265e-05 3.10687e-07
 2.49621e-05 3.15078e-06 4.38922e-05 -3.26809e-05 1.86831e-07
 2.11389e-05 2.48257e-06 4.2244e-05 -3.22023e-05 8.94967e-08
 1.7502e-05 1.90417e-06 3.95614e-05 -3.08223e-05 1.89934e-08
 1.41081e-05 1.41893e-06 3.58638e-05 -2.85171e-05 -2.65089e-08
 1.1014e-05 1.02588e-06 3.12627e-05 -2.53406e-05 -5.01076e-08
 8.40142e-06 7.12825e-07 2.66619e-05 -2.199e-05 -6.25407e-08
 6.61248e-06 4.9788e-07 2.35323e-05 -1.97154e-05 -7.09712e-08
 5.11819e-06 3.33956e-07 2.04137e-05 -1.73517e-05 -7.24377e-08
 3.86361e-06 2.05263e-07 1.73872e-05 -1.49717e-05 -7.02691e-08
 2.76357e-06 1.12051e-07 1.40186e-05 -1.22176e-05 -6.16969e-08
 1.88064e-06 4.99282e-08 1.07764e-05 -9.49758e-06 -5.07052e-08
 1.13649e-06 1.45431e-08 7.32012e-06 -6.52055e-06 -3.58588e-08
 5.18232e-07 2.73568e-09 3.64143e-06 -3.27978e-06 -1.77842e-08
 2.45293e-07 -4.09869e-09 1.97858e-06 -1.79768e-06 -1.03165e-08
 8.6245e-08 -4.05266e-09 8.10264e-07 -7.42319e-07 -4.61005e-09
 4.37288e-08 -2.56967e-09 4.52621e-07 -4.18171e-07 -2.50196e-09
 2.17997e-08 -1.71436e-09 2.5446e-07 -2.36816e-07 -1.38839e-09
 8.19522e-09 -9.37e-10 1.12514e-07 -1.05358e-07 -6.18162e-10
 0 0 0 0 0
 0 0 0 0 0
 0 0 0 0 0
 0 0 0 0 0
 0 0 0 0 0
 0 0 0 0 0
 0 0 0 0 0
 0 0 0 0 0
 0 0 0 0 0
 0 0 0 0 0
 0 0 0 0 0
 0 0 0 0 0
 0 0 0 0 0
 0 0 0 0 0
 0 0 0 0 0
 0 0 0 0 0
 0 0 0 0 0
 0 0 0 0 0
 0 0 0 0 0
 0 0 0 0 0
 0 0 0 0 0
 0 0 0 0 0
 0 0 0 0 0
 0 0 0 0 0
 0 0 0 0 0
 0 0 0 0 0
 0 0 0 0 0
 0 0 0 0 0
 0 0 0 0 0
 0 0 0 0 0
 0 0 0 0 0
 0 0 0 0 0
 0 0 0 0 0
 0 0 0 0 0
 0 0 0 0 0
 0 0 0 0 0
 0 0 0 0 0
 0 0 0 0 0
 0 0 0 0 0
 0 0 0 0 0
 0 0 0 0 0
 0 0 0 0 0
 0 0 0 0 0
 0 0 0 0 0
 0 0 0 0 0
 0 0 0 0 0
 0 0 0 0 0
 0 0 0 0 0
 0 0 0 0 0
 0 0 0 0 0
 0 0 0 0 0
 0 0 0 0 0
 0 0 0 0 0
 0 0 0 0 0
 0 0 0 0 0
 0 0 0 0 0
 0 0 0 0 0
 0 0 0 0 0
 0 0 0 0 0
 0 0 0 0 0
 0 0 0 0 0
 0 0 0 0 0
 0 0 0 0 0
 0 0 0 0 0
 0 0 0 0 0
 0 0 0 0 0
 0 0 0 0 0
 0 0 0 0 0
 0 0 0 0 0
 0 0 0 0 0
 0 0 0 0 0
 0 0 0 0 0
 0 0 0 0 0
 0 0 0 0 0
 0 0 0 0 0
 0 0 0 0 0
 0 0 0 0 0
 0 0 0 0 0
 0 0 0 0 0
 0 0 0 0 0
 0 0 0 0 0
 0 0 0 0 0
 0 0 0 0 0
 0 0 0 0 0
 0 0 0 0 0
 0 0 0 0 0
 0 0 0 0 0
 0 0 0 0 0
 0 0 0 0 0
 0 0 0 0 0
 0 0 0 0 0
 0 0 0 0 0
 0 0 0 0 0
 0 0 0 0 0
 0 0 0 0 0
 0 0 0 0 0
 0 0 0 0 0
 0.000966792 0.000263839 0.000498907 -0.000301007 7.16853e-05
 0.000769669 0.000199097 0.000487675 -0.000307042 5.08694e-05
 0.000620883 0.000152189 0.000475067 -0.000310741 3.6454e-05
 0.000506373 0.000117421 0.000462464 -0.000312978 2.62459e-05
 0.000413216 9.06225e-05 0.00044503 -0.000310732 1.88106e-05
 0.000335777 6.96334e-05 0.000421878 -0.000303192 1.33332e-05
 0.000271793 5.3191e-05 0.000395451 -0.000291817 9.28942e-06
 0.00021797 4.02063e-05 0.000364451 -0.000275619 6.31471e-06
 0.000172221 2.9933e-05 0.000328238 -0.000254002 4.15056e-06
 0.000133778 2.18821e-05 0.000288636 -0.000228207 2.60031e-06
 0.000104197 1.59411e-05 0.000254074 -0.000204847 1.53452e-06
 8.13513e-05 1.15948e-05 0.000223348 -0.000183353 8.26307e-07
 6.24605e-05 8.26544e-06 0.000192083 -0.000160378 3.55894e-07
 4.80843e-05 5.86604e-06 0.000165364 -0.000140225 6.23062e-08
 3.74986e-05 4.13228e-06 0.000144922 -0.000124601 -1.34763e-07
 2.97832e-05 2.89778e-06 0.00013007 -0.000113202 -2.55028e-07
 2.32427e-05 1.94997e-06 0.000114626 -0.000100897 -3.17328e-07
 1.76929e-05 1.24368e-06 9.83275e-05 -8.7475e-05 -3.31743e-07
 1.31498e-05 7.22218e-07 8.27392e-05 -7.43243e-05 -3.2151e-07
 9.38208e-06 3.6773e-07 6.67043e-05 -6.04688e-05 -2.83453e-07
 6.3368e-06 1.47025e-07 5.07896e-05 -4.64378e-05 -2.28115e-07
 4.05183e-06 2.70333e-08 3.65611e-05 -3.36972e-05 -1.69844e-07
 2.64822e-06 -4.44648e-08 2.74785e-05 -2.55041e-05 -1.3349e-07
 1.71047e-06 -7.39201e-08 2.04975e-05 -1.91493e-05 -1.02431e-07
 1.00873e-06 -7.36216e-08 1.40049e-05 -1.31643e-05 -7.11802e-08
 4.94072e-07 -4.69433e-08 7.7139e-06 -7.29579e-06 -3.86867e-08
 2.33908e-07 -3.15598e-08 4.28265e-06 -4.0722e-06 -2.17168e-08
 7.32485e-08 -1.48041e-08 1.64826e-06 -1.57487e-06 -8.65983e-09
 1.86252e-08 -4.82458e-09 4.90061e-07 -4.70693e-07 -2.62438e-09
 8.08845e-09 -3.12997e-09 2.81539e-07 -2.71441e-07 -1.5206e-09
 1.69094e-09 -1.01793e-09 8.33808e-08 -8.0676e-08 -4.51755e-10
 0 0 0 0 0
 0 0 0 0 0
 0 0 0 0 0
 0 0 0 0 0
 0 0 0 0 0
 0 0 0 0 0
 0 0 0 0 0
 0 0 0 0 0
 0 0 0 0 0
 0 0 0 0 0
 0 0 0 0 0
 0 0 0 0 0
 0 0 0 0 0
 0 0 0 0 0
 0 0 0 0 0
 0 0 0 0 0
 0 0 0 0 0
 0 0 0 0 0
 0 0 0 0 0
 0 0 0 0 0
 0 0 0 0 0
 0 0 0 0 0
 0 0 0 0 0
 0 0 0 0 0
 0 0 0 0 0
 0 0 0 0 0
 0 0 0 0 0
 0 0 0 0 0
 0 0 0 0 0
 0 0 0 0 0
 0 0 0 0 0
 0 0 0 0 0
 0 0 0 0 0
 0 0 0 0 0
 0 0 0 0 0
 0 0 0 0 0
 0 0 0 0 0
 0 0 0 0 0
 0 0 0 0 0
 0 0 0 0 0
 0 0 0 0 0
 0 0 0 0 0
 0 0 0 0 0
 0 0 0 0 0
 0 0 0 0 0
 0 0 0 0 0
 0 0 0 0 0
 0 0 0 0 0
 0 0 0 0 0
 0 0 0 0 0
 0 0 0 0 0
 0 0 0 0 0
 0 0 0 0 0
 0 0 0 0 0
 0 0 0 0 0
 0 0 0 0 0
 0 0 0 0 0
 0 0 0 0 0
 0 0 0 0 0
 0 0 0 0 0
 0 0 0 0 0
 0 0 0 0 0
 0 0 0 0 0
 0 0 0 0 0
 0 0 0 0 0
 0 0 0 0 0
 0 0 0 0 0
 0 0 0 0 0
 0 0 0 0 0
 0 0 0 0 0
 0 0 0 0 0
 0 0 0 0 0
 0 0 0 0 0
 0 0 0 0 0
 0 0 0 0 0
 0 0 0 0 0
 0 0 0 0 0
 0 0 0 0 0
 0 0 0 0 0
 0 0 0 0 0
 0 0 0 0 0
 0 0 0 0 0
 0 0 0 0 0
 0 0 0 0 0
 0 0 0 0 0
 0 0 0 0 0
 0 0 0 0 0
 0 0 0 0 0
 0 0 0 0 0
 0 0 0 0 0
 0 0 0 0 0
 0.00433478 0.00151072 0.0018682 -0.00116901 0.000527114
 0.00331058 0.00109117 0.00180822 -0.00117484 0.000359265
 0.00257821 0.000804816 0.00174069 -0.0011706 0.00025015
 0.00202981 0.000600864 0.00166039 -0.00115268 0.000176258
 0.00160749 0.00045176 0.00156738 -0.00112064 0.000124973
 0.00127703 0.000340989 0.00146477 -0.00107621 8.88158e-05
 0.00102072 0.00025873 0.00136535 -0.00102844 6.31908e-05
 0.000815313 0.000196055 0.00126175 -0.000972417 4.46903e-05
 0.000650871 0.000148216 0.00115894 -0.000912075 3.13081e-05
 0.000520303 0.000111929 0.00106159 -0.0008516 2.17011e-05
 0.000412866 8.37758e-05 0.000959892 -0.000783851 1.47336e-05
 0.000324247 6.19275e-05 0.0008549 -0.00070978 9.70983e-06
 0.000254451 4.54752e-05 0.000759989 -0.000640634 6.14792e-06
 0.000198059 3.29422e-05 0.000668579 -0.000571569 3.6498e-06
 0.000151451 2.33001e-05 0.000576117 -0.000499043 1.92616e-06
 0.000113331 1.59709e-05 0.000485093 -0.000425378 7.73612e-07
 8.30342e-05 1.06709e-05 0.000397371 -0.000352543 9.74067e-08
 6.10145e-05 7.05175e-06 0.000326632 -0.000292892 -2.79638e-07
 4.46892e-05 4.53553e-06 0.000268481 -0.000243091 -4.79129e-07
 3.18219e-05 2.73952e-06 0.000214777 -0.000196228 -5.57127e-07
 2.31148e-05 1.56453e-06 0.000176956 -0.000162987 -5.90032e-07
 1.72477e-05 8.32257e-07 0.000150618 -0.00013972 -5.75725e-07
 1.25898e-05 3.1672e-07 0.000126586 -0.000118193 -5.37448e-07
 8.86208e-06 -6.22363e-09 0.000102998 -9.67558e-05 -4.69966e-07
 5.95237e-06 -1.80537e-07 8.04234e-05 -7.59779e-05 -3.85742e-07
 3.73802e-06 -2.30745e-07 5.85807e-05 -5.5641e-05 -2.88318e-07
 2.2321e-06 -2.22547e-07 4.09937e-05 -3.91303e-05 -2.05418e-07
 1.25478e-06 -1.91647e-07 2.77487e-05 -2.66062e-05 -1.4174e-07
 7.01325e-07 -1.56156e-07 1.90695e-05 -1.83603e-05 -9.855e-08
 3.37019e-07 -9.85467e-08 1.104e-05 -1.06727e-05 -5.64982e-08
 1.46052e-07 -5.76834e-08 5.97125e-06 -5.79411e-06 -3.03594e-08
 4.5231e-08 -2.92943e-08 2.69593e-06 -2.62437e-06 -1.39733e-08
 6.31612e-09 -6.68443e-09 5.64262e-07 -5.51236e-07 -3.02557e-09
 1.19181e-09 -4.06479e-09 3.1437e-07 -3.07898e-07 -1.70155e-09
 -2.55808e-10 -1.18113e-09 8.51708e-08 -8.36167e-08 -4.63087e-10
 0 0 0 0 0
 0 0 0 0 0
 0 0 0 0 0
 0 0 0 0 0
 0 0 0 0 0
 0 0 0 0 0
 0 0 0 0 0
 0 0 0 0 0
 0 0 0 0 0
 0 0 0 0 0
 0 0 0 0 0
 0 0 0 0 0
 0 0 0 0 0
 0 0 0 0 0
 0 0 0 0 0
 0 0 0 0 0
 0 0 0 0 0
 0 0 0 0 0
 0 0 0 0 0
 0 0 0 0 0
 0 0 0 0 0
 0 0 0 0 0
 0 0 0 0 0
 0 0 0 0 0
 0 0 0 0 0
 0 0 0 0 0
 0 0 0 0 0
 0 0 0 0 0
 0 0 0 0 0
 0 0 0 0 0
 0 0 0 0 0
 0 0 0 0 0
 0 0 0 0 0
 0 0 0 0 0
 0 0 0 0 0
 0 0 0 0 0
 0 0 0 0 0
 0 0 0 0 0
 0 0 0 0 0
 0 0 0 0 0
 0 0 0 0 0
 0 0 0 0 0
 0 0 0 0 0
 0 0 0 0 0
 0 0 0 0 0
 0 0 0 0 0
 0 0 0 0 0
 0 0 0 0 0
 0 0 0 0 0
 0 0 0 0 0
 0 0 0 0 0
 0 0 0 0 0
 0 0 0 0 0
 0 0 0 0 0
 0 0 0 0 0
 0 0 0 0 0
 0 0 0 0 0
 0 0 0 0 0
 0 0 0 0 0
 0 0 0 0 0
 0 0 0 0 0
 0 0 0 0 0
 0 0 0 0 0
 0 0 0 0 0
 0 0 0 0 0
 0 0 0 0 0
 0 0 0 0 0
 0 0 0 0 0
 0 0 0 0 0
 0 0 0 0 0
 0 0 0 0 0
 0 0 0 0 0
 0 0 0 0 0
 0 0 0 0 0
 0 0 0 0 0
 0 0 0 0 0
 0 0 0 0 0
 0 0 0 0 0
 0 0 0 0 0
 0 0 0 0 0
 0 0 0 0 0
 0 0 0 0 0
 0 0 0 0 0
 0 0 0 0 0
 0 0 0 0 0
 0 0 0 0 0
 0 0 0 0 0
 0.0124095 0.00510781 0.00459776 -0.00295506 0.00210958
 0.009032 0.0035241 0.00432667 -0.00288433 0.0013787
 0.0067378 0.00249715 0.00404288 -0.00278779 0.000926458
 0.00513278 0.00180923 0.00377028 -0.00268149 0.00063671
 0.00397156 0.00133218 0.00351265 -0.00256927 0.000444518
 0.00311482 0.000994283 0.00327535 -0.00245739 0.000314186
 0.00245534 0.00074618 0.00303261 -0.00232941 0.000222961
 0.00195663 0.000565839 0.00281658 -0.00221009 0.000159552
 0.00156541 0.000430768 0.00260593 -0.00208527 0.000114393
 0.00125375 0.000328085 0.00239796 -0.00195387 8.17448e-05
 0.00100198 0.000249051 0.00219017 -0.00181464 5.79e-05
 0.00079727 0.000187965 0.00198253 -0.00166819 4.04843e-05
 0.000634422 0.000141285 0.00179362 -0.00153056 2.78173e-05
 0.000501692 0.000105124 0.00161001 -0.00139171 1.85994e-05
 0.000392167 7.70758e-05 0.00142369 -0.00124557 1.19833e-05
 0.000302625 5.55591e-05 0.00123918 -0.00109641 7.32562e-06
 0.000231904 3.95561e-05 0.00106887 -0.000955658 4.16418e-06
 0.000176507 2.77053e-05 0.00091595 -0.000826896 2.0318e-06
 0.000133306 1.89097e-05 0.000782474 -0.000712646 5.89886e-07
 9.83142e-05 1.23926e-05 0.000652217 -0.000598942 -2.88592e-07
 7.02753e-05 7.72743e-06 0.000524893 -0.000485829 -7.33978e-07
 4.86513e-05 4.54288e-06 0.000407633 -0.000380132 -8.88125e-07
 3.4778e-05 2.53928e-06 0.000332206 -0.000311793 -9.54608e-07
 2.39082e-05 1.2278e-06 0.000259871 -0.000245403 -8.9115e-07
 1.61485e-05 4.00723e-07 0.000201673 -0.000191529 -7.99387e-07
 1.13709e-05 -9.75892e-08 0.000166962 -0.000159325 -7.29164e-07
 7.7955e-06 -3.86887e-07 0.000136487 -0.000130818 -6.38554e-07
 5.08904e-06 -5.16656e-07 0.000107958 -0.000103897 -5.30953e-07
 3.10896e-06 -5.17765e-07 8.10234e-05 -7.82753e-05 -4.11239e-07
 1.74752e-06 -4.13108e-07 5.54031e-05 -5.37235e-05 -2.82848e-07
 9.13517e-07 -3.37174e-07 3.83685e-05 -3.7326e-05 -1.99975e-07
 4.21916e-07 -2.38407e-07 2.43672e-05 -2.37782e-05 -1.27745e-07
 1.74387e-07 -1.59445e-07 1.50545e-05 -1.4733e-05 -7.88577e-08
 6.08871e-08 -8.53942e-08 7.82987e-06 -7.68418e-06 -4.01314e-08
 4.56696e-09 -4.89495e-08 4.07757e-06 -4.0109e-06 -2.12744e-08
 -3.23178e-09 -1.08343e-08 8.41367e-07 -8.29648e-07 -4.49874e-09
 -3.84906e-09 -5.31363e-09 3.81042e-07 -3.76483e-07 -2.08329e-09
 -1.99642e-09 -1.84719e-09 1.24651e-07 -1.23376e-07 -6.86097e-10
 0 0 0 0 0
 0 0 0 0 0
 0 0 0 0 0
 0 0 0 0 0
 0 0 0 0 0
 0 0 0 0 0
 0 0 0 0 0
 0 0 0 0 0
 0 0 0 0 0
 0 0 0 0 0
 0 0 0 0 0
 0 0 0 0 0
 0 0 0 0 0
 0 0 0 0 0
 0 0 0 0 0
 0 0 0 0 0
 0 0 0 0 0
 0 0 0 0 0
 0 0 0 0 0
 0 0 0 0 0
 0 0 0 0 0
 0 0 0 0 0
 0 0 0 0 0
 0 0 0 0 0
 0 0 0 0 0
 0 0 0 0 0
 0 0 0 0 0
 0 0 0 0 0
 0 0 0 0 0
 0 0 0 0 0
 0 0 0 0 0
 0 0 0 0 0
 0 0 0 0 0
 0 0 0 0 0
 0 0 0 0 0
 0 0 0 0 0
 0 0 0 0 0
 0 0 0 0 0
 0 0 0 0 0
 0 0 0 0 0
 0 0 0 0 0
 0 0 0 0 0
 0 0 0 0 0
 0 0 0 0 0
 0 0 0 0 0
 0 0 0 0 0
 0 0 0 0 0
 0 0 0 0 0
 0 0 0 0 0
 0 0 0 0 0
 0 0 0 0 0
 0 0 0 0 0
 0 0 0 0 0
 0 0 0 0 0
 0 0 0 0 0
 0 0 0 0 0
 0 0 0 0 0
 0 0 0 0 0
 0 0 0 0 0
 0 0 0 0 0
 0 0 0 0 0
 0 0 0 0 0
 0 0 0 0 0
 0 0 0 0 0
 0 0 0 0 0
 0 0 0 0 0
 0 0 0 0 0
 0 0 0 0 0
 0 0 0 0 0
 0 0 0 0 0
 0 0 0 0 0
 0 0 0 0 0
 0 0 0 0 0
 0 0 0 0 0
 0 0 0 0 0
 0 0 0 0 0
 0 0 0 0 0
 0 0 0 0 0
 0 0 0 0 0
 0 0 0 0 0
 0 0 0 0 0
 0 0 0 0 0
 0 0 0 0 0
 0 0 0 0 0
 0.028327 0.0132358 0.008969 -0.00593194 0.00620154
 0.0202065 0.00896342 0.00848492 -0.00580272 0.00398754
 0.0148631 0.00626951 0.00798332 -0.00563041 0.00265152
 0.011166 0.00448522 0.00746399 -0.00541595 0.00180501
 0.00852017 0.00326298 0.00693815 -0.00516849 0.00125018
 0.00656245 0.002399 0.00639529 -0.00488207 0.00087535
 0.00509882 0.00178058 0.00586508 -0.00457972 0.000618538
 0.00398703 0.00133018 0.00535922 -0.00427224 0.000439398
 0.0031417 0.0010007 0.0049001 -0.00398047 0.000313632
 0.00248278 0.000754942 0.00445917 -0.00368581 0.000224032
 0.00197184 0.000571934 0.00405758 -0.00340752 0.000160232
 0.00156851 0.000433582 0.00368061 -0.00313637 0.000114242
 0.00125143 0.000329117 0.00334048 -0.00288453 8.11357e-05
 0.000995825 0.000248763 0.00301425 -0.00263482 5.70058e-05
 0.000789415 0.00018681 0.00270376 -0.0023902 3.93773e-05
 0.000622618 0.000139027 0.00241134 -0.00215386 2.65367e-05
 0.000488684 0.000102309 0.00214362 -0.00193287 1.72203e-05
 0.000379703 7.40825e-05 0.00188523 -0.00171483 1.05799e-05
 0.000290934 5.25464e-05 0.00163277 -0.00149739 5.97154e-06
 0.000219165 3.63742e-05 0.00138727 -0.00128205 2.90488e-06
 0.000162912 2.46274e-05 0.00116018 -0.00107994 9.817e-07
 0.000120952 1.6163e-05 0.000978958 -0.000917175 -3.03829e-07
 8.809e-05 1.00526e-05 0.000813781 -0.000767013 -1.05259e-06
 6.22696e-05 5.80489e-06 0.000656361 -0.000622162 -1.37114e-06
 4.23943e-05 2.99553e-06 0.000509315 -0.000485394 -1.39687e-06
 2.85832e-05 1.24034e-06 0.000395997 -0.000379249 -1.31696e-06
 1.91533e-05 2.18118e-07 0.000309141 -0.000297382 -1.17259e-06
 1.22722e-05 -3.10958e-07 0.000231073 -0.000223231 -9.67258e-07
 7.97635e-06 -6.70808e-07 0.000184797 -0.000179158 -8.50158e-07
 5.09045e-06 -8.22947e-07 0.000148878 -0.000144797 -7.25666e-07
 3.00995e-06 -8.40692e-07 0.000116381 -0.000113526 -5.93249e-07
 1.6061e-06 -7.36738e-07 8.5925e-05 -8.40517e-05 -4.49652e-07
 7.66612e-07 -5.42325e-07 5.76088e-05 -5.65065e-05 -3.01899e-07
 2.66213e-07 -4.14964e-07 3.92181e-05 -3.85583e-05 -2.09513e-07
 3.97388e-08 -2.70244e-07 2.37939e-05 -2.34467e-05 -1.27282e-07
 -3.38167e-08 -1.63977e-07 1.38118e-05 -1.36394e-05 -7.31904e-08
 -4.68465e-08 -9.10058e-08 7.37546e-06 -7.29767e-06 -3.86835e-08
 -4.02857e-08 -4.52278e-08 3.41375e-06 -3.38352e-06 -1.81519e-08
 -9.77542e-09 -8.452e-09 5.94898e-07 -5.90684e-07 -3.27832e-09
 -6.68775e-09 -4.58051e-09 3.02679e-07 -3.00951e-07 -1.68868e-09
 -1.36532e-09 -7.95402e-10 4.98468e-08 -4.96269e-08 -2.80432e-10
 0 0 0 0 0
 0 0 0 0 0
 0 0 0 0 0
 0 0 0 0 0
 0 0 0 0 0
 0 0 0 0 0
 0 0 0 0 0
 0 0 0 0 0
 0 0 0 0 0
 0 0 0 0 0
 0 0 0 0 0
 0 0 0 0 0
 0 0 0 0 0
 0 0 0 0 0
 0 0 0 0 0
 0 0 0 0 0
 0 0 0 0 0
 0 0 0 0 0
 0 0 0 0 0
 0 0 0 0 0
 0 0 0 0 0
 0 0 0 0 0
 0 0 0 0 0
 0 0 0 0 0
 0 0 0 0 0
 0 0 0 0 0
 0 0 0 0 0
 0 0 0 0 0
 0 0 0 0 0
 0 0 0 0 0
 0 0 0 0 0
 0 0 0 0 0
 0 0 0 0 0
 0 0 0 0 0
 0 0 0 0 0
 0 0 0 0 0
 0 0 0 0 0
 0 0 0 0 0
 0 0 0 0 0
 0 0 0 0 0
 0 0 0 0 0
 0 0 0 0 0
 0 0 0 0 0
 0 0 0 0 0
 0 0 0 0 0
 0 0 0 0 0
 0 0 0 0 0
 0 0 0 0 0
 0 0 0 0 0
 0 0 0 0 0
 0 0 0 0 0
 0 0 0 0 0
 0 0 0 0 0
 0 0 0 0 0
 0 0 0 0 0
 0 0 0 0 0
 0 0 0 0 0
 0 0 0 0 0
 0 0 0 0 0
 0 0 0 0 0
 0 0 0 0 0
 0 0 0 0 0
 0 0 0 0 0
 0 0 0 0 0
 0 0 0 0 0
 0 0 0 0 0
 0 0 0 0 0
 0 0 0 0 0
 0 0 0 0 0
 0 0 0 0 0
 0 0 0 0 0
 0 0 0 0 0
 0 0 0 0 0
 0 0 0 0 0
 0 0 0 0 0
 0 0 0 0 0
 0 0 0 0 0
 0 0 0 0 0
 0 0 0 0 0
 0 0 0 0 0
 0 0 0 0 0
 0.056204 0.0289922 0.0152595 -0.0103735 0.0149857
 0.0390303 0.0191604 0.0143355 -0.0100624 0.00942683
 0.0281722 0.0131837 0.0134307 -0.00970733 0.00618299
 0.0209712 0.00936417 0.0126158 -0.00936092 0.00418976
 0.0159223 0.00679044 0.0118141 -0.0089795 0.00290038
 0.0122505 0.00499432 0.0110063 -0.00855333 0.00203737
 0.00951142 0.00370964 0.0101909 -0.00808438 0.00144564
 0.00742638 0.00277288 0.00936875 -0.00757574 0.00103225
 0.00582126 0.00208191 0.0085545 -0.00704146 0.000740057
 0.00457308 0.00156697 0.00775928 -0.00649316 0.000531395
 0.00360083 0.00118143 0.00701378 -0.00595869 0.000381455
 0.00284001 0.00089155 0.006319 -0.00544352 0.000273323
 0.00223954 0.000672114 0.00566503 -0.00494321 0.000195
 0.00177046 0.000507285 0.0050768 -0.00448223 0.000138699
 0.0013988 0.000382155 0.00453302 -0.00404557 9.79792e-05
 0.00110801 0.000287773 0.00405974 -0.00365862 6.86285e-05
 0.000875683 0.00021558 0.00362544 -0.00329644 4.73439e-05
 0.000687011 0.000159757 0.00321026 -0.00294308 3.1832e-05
 0.000536223 0.000116993 0.00283519 -0.00261881 2.05878e-05
 0.00041484 8.42883e-05 0.00248525 -0.00231152 1.25633e-05
 0.000317523 5.94732e-05 0.00215959 -0.00202153 6.94127e-06
 0.000239306 4.08331e-05 0.00184926 -0.00174141 3.15323e-06
 0.000177001 2.71727e-05 0.00155142 -0.00146918 7.83283e-07
 0.000128382 1.74682e-05 0.00127281 -0.00121176 -5.60467e-07
 9.28733e-05 1.05762e-05 0.00105924 -0.00101322 -1.44654e-06
 6.56319e-05 5.80953e-06 0.000866367 -0.000832379 -1.8587e-06
 4.48425e-05 2.65325e-06 0.000689265 -0.000664966 -1.93044e-06
 2.93497e-05 7.60713e-07 0.000526071 -0.000509532 -1.75506e-06
 1.88826e-05 -3.28668e-07 0.000403066 -0.000391784 -1.53939e-06
 1.19249e-05 -8.33121e-07 0.000306618 -0.000299012 -1.28222e-06
 7.16188e-06 -1.04076e-06 0.000229215 -0.000224204 -1.04012e-06
 4.14394e-06 -1.16462e-06 0.000180213 -0.000176726 -8.81192e-07
 2.19337e-06 -1.14938e-06 0.000142027 -0.000139603 -7.28948e-07
 9.30008e-07 -1.01719e-06 0.000107328 -0.000105726 -5.69861e-07
 2.3834e-07 -7.89191e-07 7.5323e-05 -7.43523e-05 -4.05576e-07
 -9.1835e-08 -5.69793e-07 5.02943e-05 -4.9742e-05 -2.72873e-07
 -2.12443e-07 -3.82333e-07 3.14313e-05 -3.11409e-05 -1.71865e-07
 -1.97721e-07 -2.34562e-07 1.84213e-05 -1.82814e-05 -1.00342e-07
 -1.26595e-07 -1.23793e-07 9.60608e-06 -9.54833e-06 -5.11522e-08
 -9.33633e-08 -7.0303e-08 5.09838e-06 -5.07455e-06 -2.75614e-08
 -3.28777e-08 -2.11252e-08 1.45182e-06 -1.44691e-06 -7.96406e-09
 -1.11181e-08 -6.2703e-09 4.0255e-07 -4.01665e-07 -2.28299e-09
 -4.06045e-09 -2.04436e-09 1.247e-07 -1.24557e-07 -7.14811e-10
 0 0 0 0 0
 0 0 0 0 0
 0 0 0 0 0
 0 0 0 0 0
 0 0 0 0 0
 0 0 0 0 0
 0 0 0 0 0
 0 0 0 0 0
 0 0 0 0 0
 0 0 0 0 0
 0 0 0 0 0
 0 0 0 0 0
 0 0 0 0 0
 0 0 0 0 0
 0 0 0 0 0
 0 0 0 0 0
 0 0 0 0 0
 0 0 0 0 0
 0 0 0 0 0
 0 0 0 0 0
 0 0 0 0 0
 0 0 0 0 0
 0 0 0 0 0
 0 0 0 0 0
 0 0 0 0 0
 0 0 0 0 0
 0 0 0 0 0
 0 0 0 0 0
 0 0 0 0 0
 0 0 0 0 0
 0 0 0 0 0
 0 0 0 0 0
 0 0 0 0 0
 0 0 0 0 0
 0 0 0 0 0
 0 0 0 0 0
 0 0 0 0 0
 0 0 0 0 0
 0 0 0 0 0
 0 0 0 0 0
 0 0 0 0 0
 0 0 0 0 0
 0 0 0 0 0
 0 0 0 0 0
 0 0 0 0 0
 0 0 0 0 0
 0 0 0 0 0
 0 0 0 0 0
 0 0 0 0 0
 0 0 0 0 0
 0 0 0 0 0
 0 0 0 0 0
 0 0 0 0 0
 0 0 0 0 0
 0 0 0 0 0
 0 0 0 0 0
 0 0 0 0 0
 0 0 0 0 0
 0 0 0 0 0
 0 0 0 0 0
 0 0 0 0 0
 0 0 0 0 0
 0 0 0 0 0
 0 0 0 0 0
 0 0 0 0 0
 0 0 0 0 0
 0 0 0 0 0
 0 0 0 0 0
 0 0 0 0 0
 0 0 0 0 0
 0 0 0 0 0
 0 0 0 0 0
 0 0 0 0 0
 0 0 0 0 0
 0 0 0 0 0
 0 0 0 0 0
 0 0 0 0 0
 0 0 0 0 0
 0 0 0 0 0
 0.102873 0.0574606 0.0240293 -0.0167696 0.0321431
 0.0698434 0.0371967 0.0225663 -0.0162251 0.0198444
 0.0496368 0.0252437 0.0211751 -0.0156435 0.0128623
 0.0363918 0.0176981 0.0198019 -0.0149987 0.00862317
 0.0272667 0.0126965 0.0184259 -0.0142824 0.00592172
 0.0207987 0.00928133 0.0171178 -0.0135508 0.00414666
 0.0161028 0.00688901 0.0159177 -0.0128425 0.00294873
 0.0125788 0.00516127 0.0147495 -0.0121096 0.00211665
 0.00987975 0.00388957 0.0135945 -0.0113433 0.00152812
 0.00778262 0.00294078 0.0124484 -0.0105442 0.00110652
 0.00613817 0.00222674 0.0113191 -0.00972267 0.000801963
 0.00483982 0.00168584 0.0102147 -0.00888925 0.000580618
 0.00381838 0.00127619 0.009184 -0.00808852 0.000419461
 0.00300599 0.000963225 0.00820409 -0.00730597 0.000301332
 0.00236633 0.000726028 0.00730796 -0.00657453 0.000215381
 0.00185598 0.000544593 0.00646272 -0.00586938 0.000152524
 0.00145801 0.000408186 0.00572217 -0.00524168 0.000107244
 0.00114405 0.000304895 0.00505591 -0.00466792 7.45859e-05
 0.0008977 0.000226778 0.00447753 -0.00416331 5.10178e-05
 0.000700914 0.000167081 0.00394962 -0.00369633 3.39891e-05
 0.000542493 0.000121264 0.00345897 -0.00325651 2.17006e-05
 0.00041621 8.64342e-05 0.00301319 -0.00285239 1.29488e-05
 0.000315887 6.01981e-05 0.00260567 -0.00247912 6.85154e-06
 0.000236276 4.06233e-05 0.00222943 -0.0021311 2.73573e-06
 0.000173458 2.63702e-05 0.00187464 -0.00179985 1.65278e-07
 0.000124662 1.63738e-05 0.00154001 -0.00148472 -1.23435e-06
 8.78875e-05 9.46767e-06 0.00124885 -0.00120866 -1.95484e-06
 6.12105e-05 4.66459e-06 0.00102439 -0.000994842 -2.37329e-06
 4.11381e-05 1.56688e-06 0.000819584 -0.000798506 -2.41495e-06
 2.64427e-05 -2.19783e-07 0.000633114 -0.000618714 -2.19375e-06
 1.61876e-05 -1.0998e-06 0.000473137 -0.000463703 -1.84907e-06
 9.68367e-06 -1.49177e-06 0.000359541 -0.000353273 -1.5397e-06
 5.42798e-06 -1.50696e-06 0.000264297 -0.000260315 -1.21232e-06
 2.67203e-06 -1.50164e-06 0.00020099 -0.000198372 -9.93183e-07
 1.00116e-06 -1.42396e-06 0.000157341 -0.000155575 -8.19293e-07
 1.30401e-08 -1.23926e-06 0.00011924 -0.000118103 -6.44e-07
 -4.29001e-07 -9.64383e-07 8.45925e-05 -8.39217e-05 -4.65362e-07
 -5.17879e-07 -6.76497e-07 5.58484e-05 -5.54909e-05 -3.08468e-07
 -4.98392e-07 -4.62463e-07 3.56525e-05 -3.54733e-05 -1.99344e-07
 -3.52077e-07 -2.72471e-07 2.02495e-05 -2.01742e-05 -1.12631e-07
 -2.0349e-07 -1.42487e-07 1.05312e-05 -1.05052e-05 -5.71741e-08
 -1.37307e-07 -8.21511e-08 5.7068e-06 -5.69882e-06 -3.14703e-08
 -5.24699e-08 -2.81931e-08 1.86393e-06 -1.86323e-06 -1.04132e-08
 -1.39817e-08 -6.88582e-09 4.26712e-07 -4.26937e-07 -2.47e-09
 -5.23725e-09 -2.37118e-09 1.39874e-07 -1.40071e-07 -8.20028e-10
 0 0 0 0 0
 0 0 0 0 0
 0 0 0 0 0
 0 0 0 0 0
 0 0 0 0 0
 0 0 0 0 0
 0 0 0 0 0
 0 0 0 0 0
 0 0 0 0 0
 0 0 0 0 0
 0 0 0 0 0
 0 0 0 0 0
 0 0 0 0 0
 0 0 0 0 0
 0 0 0 0 0
 0 0 0 0 0
 0 0 0 0 0
 0 0 0 0 0
 0 0 0 0 0
 0 0 0 0 0
 0 0 0 0 0
 0 0 0 0 0
 0 0 0 0 0
 0 0 0 0 0
 0 0 0 0 0
 0 0 0 0 0
 0 0 0 0 0
 0 0 0 0 0
 0 0 0 0 0
 0 0 0 0 0
 0 0 0 0 0
 0 0 0 0 0
 0 0 0 0 0
 0 0 0 0 0
 0 0 0 0 0
 0 0 0 0 0
 0 0 0 0 0
 0 0 0 0 0
 0 0 0 0 0
 0 0 0 0 0
 0 0 0 0 0
 0 0 0 0 0
 0 0 0 0 0
 0 0 0 0 0
 0 0 0 0 0
 0 0 0 0 0
 0 0 0 0 0
 0 0 0 0 0
 0 0 0 0 0
 0 0 0 0 0
 0 0 0 0 0
 0 0 0 0 0
 0 0 0 0 0
 0 0 0 0 0
 0 0 0 0 0
 0 0 0 0 0
 0 0 0 0 0
 0 0 0 0 0
 0 0 0 0 0
 0 0 0 0 0
 0 0 0 0 0
 0 0 0 0 0
 0 0 0 0 0
 0 0 0 0 0
 0 0 0 0 0
 0 0 0 0 0
 0 0 0 0 0
 0 0 0 0 0
 0 0 0 0 0
 0 0 0 0 0
 0 0 0 0 0
 0 0 0 0 0
 0 0 0 0 0
 0 0 0 0 0
 0 0 0 0 0
 0 0 0 0 0
 0 0 0 0 0
 0.176283 0.105092 0.0356035 -0.0254665 0.0627205
 0.117153 0.066712 0.033464 -0.0246052 0.0380409
 0.0826112 0.045012 0.0315972 -0.0238379 0.024564
 0.0598111 0.0312198 0.0295203 -0.0227974 0.0163232
 0.0443578 0.0222067 0.0274578 -0.0216643 0.0111357
 0.0335454 0.016122 0.0254871 -0.0205078 0.00775996
 0.0257499 0.0118907 0.0235919 -0.01933 0.00549712
 0.0199312 0.0088495 0.0217103 -0.0180877 0.00393127
 0.0156023 0.0066618 0.0200177 -0.0169308 0.00284357
 0.0122658 0.00503613 0.0183905 -0.0157694 0.00206475
 0.009664 0.00381571 0.0168046 -0.0145934 0.00150193
 0.00769632 0.00292382 0.0153827 -0.0135196 0.00110482
 0.00607392 0.00221918 0.0138898 -0.0123425 0.000804007
 0.00483765 0.00170128 0.0125488 -0.0112679 0.000590943
 0.00381249 0.00128862 0.0112055 -0.0101575 0.000427908
 0.00300272 0.000974317 0.00997275 -0.00911933 0.000308375
 0.00235147 0.000731717 0.0087955 -0.00810848 0.000219982
 0.00184111 0.000548283 0.00774832 -0.00719658 0.000155729
 0.00143411 0.000407901 0.00677932 -0.00634017 0.000108758
 0.00111607 0.000302171 0.00593325 -0.00558375 7.49179e-05
 0.000867842 0.000222658 0.00520291 -0.00492414 5.06456e-05
 0.000672254 0.000162471 0.00456106 -0.00433877 3.32133e-05
 0.000515809 0.000116539 0.00397157 -0.00379578 2.07029e-05
 0.000391302 8.1761e-05 0.00343338 -0.00329562 1.18655e-05
 0.000293327 5.58504e-05 0.0029458 -0.00283892 5.80252e-06
 0.000216562 3.6667e-05 0.00250897 -0.00242685 1.71747e-06
 0.000156708 2.28901e-05 0.00210226 -0.00204046 -7.75208e-07
 0.000110895 1.3417e-05 0.00172343 -0.00167823 -2.0664e-06
 7.6496e-05 7.09554e-06 0.00138277 -0.00135062 -2.59393e-06
 5.17872e-05 2.75727e-06 0.00112251 -0.00109939 -2.87025e-06
 3.36722e-05 2.45796e-08 0.000896075 -0.000879833 -2.82809e-06
 2.07477e-05 -1.42938e-06 0.000692168 -0.00068124 -2.52768e-06
 1.19913e-05 -1.96897e-06 0.000513406 -0.00050644 -2.08269e-06
 6.48364e-06 -2.12318e-06 0.000384683 -0.000380228 -1.7005e-06
 3.13789e-06 -1.95383e-06 0.000281687 -0.000278946 -1.32492e-06
 9.995e-07 -1.79864e-06 0.000210722 -0.000209013 -1.06081e-06
 -2.74042e-07 -1.6348e-06 0.000162316 -0.000161235 -8.63775e-07
 -9.02658e-07 -1.38295e-06 0.00012197 -0.000121322 -6.72962e-07
 -1.03667e-06 -1.05283e-06 8.57542e-05 -8.54083e-05 -4.81813e-07
 -8.93925e-07 -7.27776e-07 5.62187e-05 -5.60595e-05 -3.17351e-07
 -7.13382e-07 -4.86389e-07 3.53972e-05 -3.5336e-05 -2.02195e-07
 -4.5096e-07 -2.76723e-07 1.95817e-05 -1.95683e-05 -1.11032e-07
 -2.55181e-07 -1.45823e-07 1.02371e-05 -1.02398e-05 -5.68854e-08
 -1.57203e-07 -8.086e-08 5.36712e-06 -5.37335e-06 -3.02951e-08
 -5.32947e-08 -2.53657e-08 1.60306e-06 -1.60623e-06 -9.20092e-09
 -1.45168e-08 -6.47997e-09 3.85845e-07 -3.86873e-07 -2.28878e-09
 -4.42432e-09 -1.85076e-09 1.05104e-07 -1.05464e-07 -6.32509e-10
 0 0 0 0 0
 0 0 0 0 0
 0 0 0 0 0
 0 0 0 0 0
 0 0 0 0 0
 0 0 0 0 0
 0 0 0 0 0
 0 0 0 0 0
 0 0 0 0 0
 0 0 0 0 0
 0 0 0 0 0
 0 0 0 0 0
 0 0 0 0 0
 0 0 0 0 0
 0 0 0 0 0
 0 0 0 0 0
 0 0 0 0 0
 0 0 0 0 0
 0 0 0 0 0
 0 0 0 0 0
 0 0 0 0 0
 0 0 0 0 0
 0 0 0 0 0
 0 0 0 0 0
 0 0 0 0 0
 0 0 0 0 0
 0 0 0 0 0
 0 0 0 0 0
 0 0 0 0 0
 0 0 0 0 0
 0 0 0 0 0
 0 0 0 0 0
 0 0 0 0 0
 0 0 0 0 0
 0 0 0 0 0
 0 0 0 0 0
 0 0 0 0 0
 0 0 0 0 0
 0 0 0 0 0
 0 0 0 0 0
 0 0 0 0 0
 0 0 0 0 0
 0 0 0 0 0
 0 0 0 0 0
 0 0 0 0 0
 0 0 0 0 0
 0 0 0 0 0
 0 0 0 0 0
 0 0 0 0 0
 0 0 0 0 0
 0 0 0 0 0
 0 0 0 0 0
 0 0 0 0 0
 0 0 0 0 0
 0 0 0 0 0
 0 0 0 0 0
 0 0 0 0 0
 0 0 0 0 0
 0 0 0 0 0
 0 0 0 0 0
 0 0 0 0 0
 0 0 0 0 0
 0 0 0 0 0
 0 0 0 0 0
 0 0 0 0 0
 0 0 0 0 0
 0 0 0 0 0
 0 0 0 0 0
 0 0 0 0 0
 0 0 0 0 0
 0 0 0 0 0
 0 0 0 0 0
 0 0 0 0 0
 0 0 0 0 0
 0 0 0 0 0
 0.299773 0.188818 0.0520807 -0.0382335 0.119023
 0.193988 0.116933 0.0486969 -0.0366651 0.0705579
 0.135615 0.0783627 0.0462747 -0.0356801 0.0453361
 0.0965567 0.0535387 0.0430517 -0.0339093 0.0297277
 0.0705604 0.0375831 0.0398618 -0.032017 0.0200484
 0.0537596 0.0275466 0.0374511 -0.0306455 0.0141363
 0.0407972 0.0201197 0.0344809 -0.0286908 0.009936
 0.0319017 0.0151587 0.0321676 -0.0271866 0.00721103
 0.0247715 0.0113433 0.0294978 -0.025284 0.00519793
 0.0193271 0.00853308 0.0268984 -0.0233586 0.00376751
 0.0151801 0.00646122 0.0245424 -0.0215647 0.00274776
 0.0119378 0.00489737 0.0223012 -0.0198063 0.00200497
 0.00937908 0.00370762 0.0201405 -0.0180649 0.00146019
 0.00735567 0.00280085 0.0180729 -0.0163595 0.00106008
 0.00593359 0.00217898 0.0165021 -0.0150719 0.000792909
 0.00465768 0.00164699 0.0146702 -0.0135065 0.000574749
 0.00364664 0.0012404 0.0129759 -0.0120353 0.000414108
 0.00283692 0.0009267 0.0113928 -0.0106391 0.000294902
 0.0022273 0.000698443 0.0100388 -0.00943567 0.000211283
 0.00172268 0.000516838 0.00873642 -0.00825969 0.000147545
 0.00132428 0.000379218 0.00754483 -0.00717208 0.000101403
 0.00103787 0.00028328 0.00662291 -0.00632758 7.04857e-05
 0.000798952 0.000206355 0.00575596 -0.00552387 4.68713e-05
 0.000612007 0.00014844 0.00500533 -0.00482284 2.9977e-05
 0.000465123 0.000104952 0.00433617 -0.00419352 1.80407e-05
 0.000348149 7.20974e-05 0.00371981 -0.00360969 9.67342e-06
 0.000256932 4.79144e-05 0.00316402 -0.00308006 4.04568e-06
 0.000186263 3.0183e-05 0.0026761 -0.00261262 2.94462e-07
 0.000132017 1.77285e-05 0.00222623 -0.00217933 -1.88778e-06
 9.12625e-05 9.39883e-06 0.00181343 -0.00177978 -2.91917e-06
 6.12824e-05 4.08044e-06 0.00144409 -0.00142068 -3.21015e-06
 3.98704e-05 5.14779e-07 0.0011593 -0.00114297 -3.29512e-06
 2.45259e-05 -1.63956e-06 0.00091865 -0.0009075 -3.13076e-06
 1.39784e-05 -2.61186e-06 0.000704203 -0.00069695 -2.73013e-06
 7.23009e-06 -2.75748e-06 0.000518657 -0.000514217 -2.20503e-06
 3.14327e-06 -2.61817e-06 0.000383387 -0.000380707 -1.75787e-06
 8.2781e-07 -2.2701e-06 0.000278223 -0.00027668 -1.3529e-06
 -6.12261e-07 -2.00247e-06 0.000206958 -0.000206074 -1.07335e-06
 -1.40117e-06 -1.75374e-06 0.000157645 -0.000157152 -8.62092e-07
 -1.63753e-06 -1.4316e-06 0.00011645 -0.000116213 -6.58613e-07
 -1.44616e-06 -1.04574e-06 7.98209e-05 -7.97404e-05 -4.57793e-07
 -1.13804e-06 -7.18907e-07 5.20831e-05 -5.20804e-05 -3.01399e-07
 -7.96128e-07 -4.52545e-07 3.13199e-05 -3.13463e-05 -1.82443e-07
 -4.66788e-07 -2.47912e-07 1.68462e-05 -1.68742e-05 -9.70267e-08
 -2.68761e-07 -1.34108e-07 8.93625e-06 -8.95792e-06 -5.09855e-08
 -1.44915e-07 -6.71523e-08 4.26255e-06 -4.27606e-06 -2.46627e-08
 -3.07814e-08 -1.35028e-08 8.12689e-07 -8.15737e-07 -4.83577e-09
 -1.24225e-08 -5.15478e-09 2.94111e-07 -2.95394e-07 -1.79397e-09
 -1.51344e-09 -5.96263e-10 3.24994e-08 -3.26636e-08 -2.01421e-10
 0 0 0 0 0
 0 0 0 0 0
 0 0 0 0 0
 0 0 0 0 0
 0 0 0 0 0
 0 0 0 0 0
 0 0 0 0 0
 0 0 0 0 0
 0 0 0 0 0
 0 0 0 0 0
 0 0 0 0 0
 0 0 0 0 0
 0 0 0 0 0
 0 0 0 0 0
 0 0 0 0 0
 0 0 0 0 0
 0 0 0 0 0
 0 0 0 0 0
 0 0 0 0 0
 0 0 0 0 0
 0 0 0 0 0
 0 0 0 0 0
 0 0 0 0 0
 0 0 0 0 0
 0 0 0 0 0
 0 0 0 0 0
 0 0 0 0 0
 0 0 0 0 0
 0 0 0 0 0
 0 0 0 0 0
 0 0 0 0 0
 0 0 0 0 0
 0 0 0 0 0
 0 0 0 0 0
 0 0 0 0 0
 0 0 0 0 0
 0 0 0 0 0
 0 0 0 0 0
 0 0 0 0 0
 0 0 0 0 0
 0 0 0 0 0
 0 0 0 0 0
 0 0 0 0 0
 0 0 0 0 0
 0 0 0 0 0
 0 0 0 0 0
 0 0 0 0 0
 0 0 0 0 0
 0 0 0 0 0
 0 0 0 0 0
 0 0 0 0 0
 0 0 0 0 0
 0 0 0 0 0
 0 0 0 0 0
 0 0 0 0 0
 0 0 0 0 0
 0 0 0 0 0
 0 0 0 0 0
 0 0 0 0 0
 0 0 0 0 0
 0 0 0 0 0
 0 0 0 0 0
 0 0 0 0 0
 0 0 0 0 0
 0 0 0 0 0
 0 0 0 0 0
 0 0 0 0 0
 0 0 0 0 0
 0 0 0 0 0
 0 0 0 0 0
 0 0 0 0 0
 0 0 0 0 0
 0 0 0 0 0
 0.536813 0.354426 0.0797442 -0.0601783 0.234137
 0.343583 0.217535 0.0752301 -0.0580983 0.137832
 0.23185 0.140948 0.0701724 -0.0553451 0.0857675
 0.163042 0.0952858 0.0651688 -0.0524074 0.0557503
 0.119355 0.0671283 0.0609256 -0.0498824 0.0378024
 0.0882542 0.0478103 0.0561095 -0.0466993 0.0259361
 0.0661545 0.0345464 0.0513638 -0.0433993 0.0180659
 0.0501748 0.0252729 0.0468297 -0.0401232 0.012747
 0.0381879 0.0185646 0.0422833 -0.0366978 0.00903533
 0.0297225 0.013959 0.0385427 -0.0338575 0.0065616
 0.0235227 0.0106742 0.0354423 -0.0314805 0.00484569
 0.0183077 0.00802657 0.031861 -0.0285866 0.00351789
 0.0144951 0.0061395 0.0289726 -0.0262378 0.00259685
 0.0116809 0.00478321 0.0266305 -0.0243246 0.00195385
 0.00922108 0.00364638 0.0239543 -0.0220511 0.00143596
 0.00725413 0.00276872 0.0214042 -0.0198459 0.00104994
 0.00567099 0.00208812 0.018941 -0.0176801 0.000761581
 0.00440886 0.00156472 0.016631 -0.0156205 0.000547802
 0.00339858 0.00116083 0.0144702 -0.0136688 0.000388948
 0.00265609 0.000872175 0.0127193 -0.01208 0.000278781
 0.00206674 0.000651825 0.0110938 -0.0105898 0.000198121
 0.00158205 0.000477353 0.00955442 -0.00916217 0.000136823
 0.00119701 0.00034435 0.00813761 -0.00783673 9.22083e-05
 0.00092295 0.000252278 0.0070618 -0.00682743 6.24039e-05
 0.000696634 0.000179353 0.00605595 -0.00587526 3.99942e-05
 0.000534838 0.000129057 0.00527914 -0.00513807 2.5309e-05
 0.000399493 8.88925e-05 0.00453255 -0.00442415 1.42765e-05
 0.000293762 5.9254e-05 0.00385238 -0.00377033 6.78831e-06
 0.000213065 3.79392e-05 0.00325352 -0.00319216 1.90487e-06
 0.00015077 2.2429e-05 0.00272721 -0.00268186 -1.28322e-06
 0.000103926 1.18879e-05 0.0022461 -0.00221348 -2.98785e-06
 6.94959e-05 5.08563e-06 0.00181263 -0.00178989 -3.66823e-06
 4.49339e-05 1.05039e-06 0.00142733 -0.0014121 -3.66652e-06
 2.74354e-05 -1.71096e-06 0.00114004 -0.00112977 -3.61155e-06
 1.53535e-05 -3.12714e-06 0.000891433 -0.000884775 -3.28642e-06
 7.47082e-06 -3.54069e-06 0.000673537 -0.000669489 -2.7765e-06
 2.81912e-06 -3.31722e-06 0.000492391 -0.000490099 -2.20253e-06
 2.31933e-07 -2.90628e-06 0.000359439 -0.000358207 -1.71531e-06
 -1.13465e-06 -2.44614e-06 0.000260421 -0.000259819 -1.31715e-06
 -1.92543e-06 -2.08953e-06 0.00019204 -0.000191789 -1.0353e-06
 -2.22516e-06 -1.76424e-06 0.000144793 -0.00014474 -8.16747e-07
 -2.07743e-06 -1.37653e-06 0.000104097 -0.00010415 -6.04312e-07
 -1.57785e-06 -9.41583e-07 6.81897e-05 -6.82809e-05 -3.97665e-07
 -1.20433e-06 -6.49652e-07 4.43648e-05 -4.4459e-05 -2.63411e-07
 -7.40651e-07 -3.73744e-07 2.47742e-05 -2.48445e-05 -1.46862e-07
 -3.88943e-07 -1.88735e-07 1.25599e-05 -1.26033e-05 -7.2557e-08
 -2.39044e-07 -1.08537e-07 6.88308e-06 -6.9115e-06 -4.03501e-08
 -1.0377e-07 -4.4587e-08 2.70333e-06 -2.71618e-06 -1.60921e-08
 -1.97782e-08 -8.15206e-09 4.67081e-07 -4.69473e-07 -2.88147e-09
 -7.81762e-09 -3.071e-09 1.67809e-07 -1.68775e-07 -1.0546e-09
 0 0 0 0 0
 0 0 0 0 0
 0 0 0 0 0
 0 0 0 0 0
 0 0 0 0 0
 0 0 0 0 0
 0 0 0 0 0
 0 0 0 0 0
 0 0 0 0 0
 0 0 0 0 0
 0 0 0 0 0
 0 0 0 0 0
 0 0 0 0 0
 0 0 0 0 0
 0 0 0 0 0
 0 0 0 0 0
 0 0 0 0 0
 0 0 0 0 0
 0 0 0 0 0
 0 0 0 0 0
 0 0 0 0 0
 0 0 0 0 0
 0 0 0 0 0
 0 0 0 0 0
 0 0 0 0 0
 0 0 0 0 0
 0 0 0 0 0
 0 0 0 0 0
 0 0 0 0 0
 0 0 0 0 0
 0 0 0 0 0
 0 0 0 0 0
 0 0 0 0 0
 0 0 0 0 0
 0 0 0 0 0
 0 0 0 0 0
 0 0 0 0 0
 0 0 0 0 0
 0 0 0 0 0
 0 0 0 0 0
 0 0 0 0 0
 0 0 0 0 0
 0 0 0 0 0
 0 0 0 0 0
 0 0 0 0 0
 0 0 0 0 0
 0 0 0 0 0
 0 0 0 0 0
 0 0 0 0 0
 0 0 0 0 0
 0 0 0 0 0
 0 0 0 0 0
 0 0 0 0 0
 0 0 0 0 0
 0 0 0 0 0
 0 0 0 0 0
 0 0 0 0 0
 0 0 0 0 0
 0 0 0 0 0
 0 0 0 0 0
 0 0 0 0 0
 0 0 0 0 0
 0 0 0 0 0
 0 0 0 0 0
 0 0 0 0 0
 0 0 0 0 0
 0 0 0 0 0
 0 0 0 0 0
 0 0 0 0 0
 0 0 0 0 0
 0 0 0 0 0
 0 0 0 0 0
 0.937917 0.644218 0.12045 -0.09315 0.442665
 0.587704 0.387775 0.113502 -0.0896342 0.256004
 0.391348 0.248366 0.105861 -0.0852325 0.15774
 0.272374 0.166457 0.09826 -0.0805303 0.101821
 0.196774 0.115913 0.0913742 -0.0761192 0.0683539
 0.144921 0.082362 0.0843017 -0.0712902 0.0468654
 0.108386 0.0594773 0.0773341 -0.0663078 0.0326823
 0.0820106 0.0434857 0.0705606 -0.0612777 0.0230906
 0.0629973 0.0322982 0.064451 -0.0566377 0.0165826
 0.0484938 0.0240517 0.0583287 -0.0518211 0.0119451
 0.0378838 0.0181836 0.053074 -0.0476323 0.00873767
 0.0294224 0.0136693 0.0476823 -0.0431906 0.00635565
 0.022775 0.0102438 0.0424189 -0.0387518 0.00460887
 0.0175643 0.0076483 0.0374107 -0.0344452 0.00332901
 0.0137441 0.00579337 0.0333524 -0.0309291 0.0024388
 0.0109585 0.0044694 0.0302165 -0.0282058 0.00181813
 0.00848775 0.00334691 0.0265508 -0.0249339 0.00131404
 0.00665994 0.00253745 0.0235478 -0.0222404 0.000960058
 0.00534988 0.00197181 0.0212252 -0.0201547 0.000719722
 0.0041571 0.00147875 0.0185567 -0.0177068 0.000518783
 0.00320312 0.00109786 0.0160873 -0.0154196 0.000369017
 0.00244268 0.000805001 0.0138092 -0.013291 0.000258142
 0.00183929 0.000581473 0.0117028 -0.0113072 0.000176947
 0.00140738 0.000425417 0.0100803 -0.00977467 0.000121857
 0.00106942 0.000308313 0.008609 -0.00837608 8.24555e-05
 0.000798674 0.00021791 0.00728877 -0.0071129 5.33579e-05
 0.000601448 0.000154031 0.00626228 -0.00612774 3.36291e-05
 0.000444348 0.000105302 0.00533936 -0.00523737 1.94129e-05
 0.000322526 6.93409e-05 0.00451826 -0.00444191 9.62033e-06
 0.000236667 4.55771e-05 0.00384279 -0.00378599 3.79292e-06
 0.000166689 2.72097e-05 0.00321516 -0.00317379 -3.36264e-07
 0.000114527 1.45296e-05 0.00266721 -0.00263764 -2.77137e-06
 7.60758e-05 6.24023e-06 0.00216889 -0.00214848 -3.90148e-06
 4.85355e-05 1.1514e-06 0.00172862 -0.00171508 -4.18747e-06
 2.95123e-05 -1.68459e-06 0.00135213 -0.00134351 -3.97234e-06
 1.60465e-05 -3.5686e-06 0.00107028 -0.00106486 -3.75644e-06
 7.25867e-06 -4.25584e-06 0.000823588 -0.000820428 -3.28803e-06
 2.1661e-06 -4.04735e-06 0.000606989 -0.000605358 -2.65047e-06
 -6.16582e-07 -3.54617e-06 0.000440202 -0.00043948 -2.06977e-06
 -1.87266e-06 -2.93636e-06 0.00031742 -0.000317203 -1.57591e-06
 -2.53438e-06 -2.45305e-06 0.000231161 -0.000231204 -1.22013e-06
 -2.80057e-06 -2.05814e-06 0.0001707 -0.000170869 -9.57308e-07
 -2.66561e-06 -1.66282e-06 0.000125746 -0.000125967 -7.32867e-07
 -2.16969e-06 -1.2188e-06 8.66358e-05 -8.68517e-05 -5.15137e-07
 -1.57443e-06 -8.19952e-07 5.58554e-05 -5.60323e-05 -3.34747e-07
 -1.07952e-06 -5.24797e-07 3.41222e-05 -3.42525e-05 -2.071e-07
 -5.95021e-07 -2.76987e-07 1.77868e-05 -1.78646e-05 -1.06643e-07
 -3.32773e-07 -1.48556e-07 9.39342e-06 -9.4395e-06 -5.58077e-08
 -1.77907e-07 -7.54042e-08 4.55314e-06 -4.57818e-06 -2.74973e-08
 -4.51673e-08 -1.8359e-08 1.05442e-06 -1.06068e-06 -6.53578e-09
 -1.37722e-08 -5.39142e-09 2.94141e-07 -2.96004e-07 -1.87691e-09
 -1.77802e-09 -6.69033e-10 3.48772e-08 -3.512e-08 -2.26917e-10
 0 0 0 0 0
 0 0 0 0 0
 0 0 0 0 0
 0 0 0 0 0
 0 0 0 0 0
 0 0 0 0 0
 0 0 0 0 0
 0 0 0 0 0
 0 0 0 0 0
 0 0 0 0 0
 0 0 0 0 0
 0 0 0 0 0
 0 0 0 0 0
 0 0 0 0 0
 0 0 0 0 0
 0 0 0 0 0
 0 0 0 0 0
 0 0 0 0 0
 0 0 0 0 0
 0 0 0 0 0
 0 0 0 0 0
 0 0 0 0 0
 0 0 0 0 0
 0 0 0 0 0
 0 0 0 0 0
 0 0 0 0 0
 0 0 0 0 0
 0 0 0 0 0
 0 0 0 0 0
 0 0 0 0 0
 0 0 0 0 0
 0 0 0 0 0
 0 0 0 0 0
 0 0 0 0 0
 0 0 0 0 0
 0 0 0 0 0
 0 0 0 0 0
 0 0 0 0 0
 0 0 0 0 0
 0 0 0 0 0
 0 0 0 0 0
 0 0 0 0 0
 0 0 0 0 0
 0 0 0 0 0
 0 0 0 0 0
 0 0 0 0 0
 0 0 0 0 0
 0 0 0 0 0
 0 0 0 0 0
 0 0 0 0 0
 0 0 0 0 0
 0 0 0 0 0
 0 0 0 0 0
 0 0 0 0 0
 0 0 0 0 0
 0 0 0 0 0
 0 0 0 0 0
 0 0 0 0 0
 0 0 0 0 0
 0 0 0 0 0
 0 0 0 0 0
 0 0 0 0 0
 0 0 0 0 0
 0 0 0 0 0
 0 0 0 0 0
 0 0 0 0 0
 0 0 0 0 0
 0 0 0 0 0
 0 0 0 0 0
 0 0 0 0 0
 1.5431 1.09597 0.173687 -0.137088 0.778629
 0.944342 0.645244 0.163036 -0.13118 0.441077
 0.616241 0.40561 0.150866 -0.123599 0.267131
 0.427654 0.271439 0.140985 -0.117408 0.172416
 0.307484 0.188389 0.131385 -0.111076 0.115528
 0.224992 0.133191 0.120969 -0.103714 0.0789312
 0.168828 0.0966442 0.111765 -0.0970533 0.0553915
 0.128442 0.0711483 0.102836 -0.0903642 0.0394646
 0.0983267 0.0527387 0.0938592 -0.0833775 0.0283282
 0.0762135 0.039598 0.0857833 -0.0769677 0.0206048
 0.0589928 0.0297092 0.077461 -0.0701482 0.0149842
 0.0457385 0.0223351 0.0694875 -0.0634686 0.0109223
 0.0354691 0.0168009 0.0618868 -0.0569768 0.00796821
 0.0277843 0.0127687 0.0553591 -0.0513413 0.00587365
 0.0219117 0.00976692 0.049698 -0.0464003 0.00435539
 0.0170482 0.00737034 0.0438533 -0.0411948 0.00318563
 0.0131831 0.00552498 0.0384047 -0.0362776 0.00231283
 0.0101324 0.00411328 0.0333966 -0.0317081 0.00166563
 0.00788812 0.00309977 0.0293595 -0.0280075 0.0012128
 0.00617864 0.00235126 0.0258314 -0.0247523 0.000888908
 0.00474523 0.0017453 0.0223177 -0.0214737 0.00063555
 0.00371089 0.00131802 0.0195952 -0.0189267 0.00046142
 0.00288776 0.000990267 0.0170617 -0.0165385 0.000332921
 0.00219694 0.000724733 0.014591 -0.0141898 0.000232478
 0.00164773 0.000521495 0.0123111 -0.0120088 0.00015867
 0.00121853 0.000368359 0.0102837 -0.0100589 0.000105276
 0.000912983 0.000262251 0.008723 -0.00855433 6.94457e-05
 0.000665173 0.000179863 0.00727064 -0.00714648 4.30567e-05
 0.000495192 0.000124931 0.00621926 -0.00612597 2.61504e-05
 0.000361208 8.34183e-05 0.00528712 -0.00521778 1.40693e-05
 0.000255838 5.26234e-05 0.00442127 -0.004371 5.82193e-06
 0.00017678 3.10208e-05 0.00365324 -0.00361768 6.367e-07
 0.000123075 1.72085e-05 0.00306828 -0.00304313 -2.30407e-06
 8.07118e-05 7.33099e-06 0.00250568 -0.00248869 -3.97813e-06
 5.09043e-05 1.32605e-06 0.00201246 -0.00200149 -4.55057e-06
 3.04398e-05 -1.92608e-06 0.00157515 -0.00156854 -4.39366e-06
 1.62079e-05 -3.90717e-06 0.00123519 -0.00123141 -4.11992e-06
 6.70725e-06 -4.8483e-06 0.000960225 -0.000958292 -3.70386e-06
 1.07447e-06 -4.83182e-06 0.000722324 -0.000721573 -3.10115e-06
 -1.65955e-06 -4.19831e-06 0.000523049 -0.000522973 -2.42068e-06
 -2.89637e-06 -3.49435e-06 0.000375982 -0.000376232 -1.85505e-06
 -3.25789e-06 -2.82474e-06 0.000269195 -0.000269573 -1.40325e-06
 -3.37086e-06 -2.32932e-06 0.000195773 -0.000196185 -1.08653e-06
 -3.20557e-06 -1.90711e-06 0.000144588 -0.000144991 -8.4325e-07
 -2.69712e-06 -1.45317e-06 0.000102435 -0.000102788 -6.15697e-07
 -1.91419e-06 -9.68825e-07 6.59068e-05 -6.61716e-05 -3.97777e-07
 -1.39383e-06 -6.60046e-07 4.2422e-05 -4.2618e-05 -2.61795e-07
 -8.07458e-07 -3.66e-07 2.29922e-05 -2.31102e-05 -1.41466e-07
 -4.13813e-07 -1.82292e-07 1.15155e-05 -1.15791e-05 -6.91168e-08
 -2.45009e-07 -1.0275e-07 6.17211e-06 -6.20976e-06 -3.7826e-08
 -9.591e-08 -3.86173e-08 2.21625e-06 -2.23089e-06 -1.38585e-08
 -1.87158e-08 -7.30864e-09 3.98137e-07 -4.00845e-07 -2.57521e-09
 -5.9521e-09 -2.24014e-09 1.16457e-07 -1.1732e-07 -7.69717e-10
 0 0 0 0 0
 0 0 0 0 0
 0 0 0 0 0
 0 0 0 0 0
 0 0 0 0 0
 0 0 0 0 0
 0 0 0 0 0
 0 0 0 0 0
 0 0 0 0 0
 0 0 0 0 0
 0 0 0 0 0
 0 0 0 0 0
 0 0 0 0 0
 0 0 0 0 0
 0 0 0 0 0
 0 0 0 0 0
 0 0 0 0 0
 0 0 0 0 0
 0 0 0 0 0
 0 0 0 0 0
 0 0 0 0 0
 0 0 0 0 0
 0 0 0 0 0
 0 0 0 0 0
 0 0 0 0 0
 0 0 0 0 0
 0 0 0 0 0
 0 0 0 0 0
 0 0 0 0 0
 0 0 0 0 0
 0 0 0 0 0
 0 0 0 0 0
 0 0 0 0 0
 0 0 0 0 0
 0 0 0 0 0
 0 0 0 0 0
 0 0 0 0 0
 0 0 0 0 0
 0 0 0 0 0
 0 0 0 0 0
 0 0 0 0 0
 0 0 0 0 0
 0 0 0 0 0
 0 0 0 0 0
 0 0 0 0 0
 0 0 0 0 0
 0 0 0 0 0
 0 0 0 0 0
 0 0 0 0 0
 0 0 0 0 0
 0 0 0 0 0
 0 0 0 0 0
 0 0 0 0 0
 0 0 0 0 0
 0 0 0 0 0
 0 0 0 0 0
 0 0 0 0 0
 0 0 0 0 0
 0 0 0 0 0
 0 0 0 0 0
 0 0 0 0 0
 0 0 0 0 0
 0 0 0 0 0
 0 0 0 0 0
 0 0 0 0 0
 0 0 0 0 0
 0 0 0 0 0
 0 0 0 0 0
 0 0 0 0 0
 2.46234 1.79959 0.246502 -0.197708 1.31556
 1.46791 1.03356 0.229437 -0.187409 0.728007
 0.946367 0.642722 0.212411 -0.17646 0.43673
 0.642819 0.421544 0.195853 -0.165249 0.276622
 0.457159 0.289736 0.18173 -0.155517 0.183777
 0.331433 0.203209 0.1665 -0.144388 0.124713
 0.248062 0.147248 0.154006 -0.135163 0.0875033
 0.187272 0.107715 0.140851 -0.125009 0.0620342
 0.144347 0.08049 0.129757 -0.116332 0.0449459
 0.11194 0.0605527 0.118745 -0.107458 0.032806
 0.0870575 0.0457072 0.107848 -0.0984417 0.0240368
 0.0682188 0.0347751 0.097885 -0.09006 0.0177571
 0.0536167 0.0265448 0.0884892 -0.0820125 0.0131641
 0.0419871 0.0201972 0.0791513 -0.0738578 0.00973108
 0.0328277 0.0153461 0.0703262 -0.0660341 0.00718422
 0.0255569 0.0116122 0.0619448 -0.0584992 0.00528243
 0.0198219 0.00875425 0.0541513 -0.0514112 0.0038693
 0.0157589 0.0067581 0.0485869 -0.0463489 0.0028984
 0.0122347 0.00509383 0.0424652 -0.0406872 0.00211902
 0.00942367 0.00380613 0.0368015 -0.0354032 0.00153397
 0.00716924 0.00280696 0.0314607 -0.0303788 0.00109465
 0.00550974 0.00208902 0.0271594 -0.0263167 0.000786896
 0.00425243 0.00156119 0.0234658 -0.0228114 0.000567673
 0.00321677 0.00114028 0.0199462 -0.0194479 0.000398398
 0.00247739 0.000846758 0.0172396 -0.0168559 0.000283421
 0.00189847 0.000625175 0.0147894 -0.0144977 0.000199985
 0.00141613 0.000447105 0.012428 -0.0122117 0.000135421
 0.00103909 0.000313044 0.0103147 -0.0101572 8.88192e-05
 0.00074877 0.000213573 0.00848233 -0.00836908 5.57192e-05
 0.000548803 0.000146477 0.00717238 -0.00708932 3.39978e-05
 0.000397246 9.77733e-05 0.00605412 -0.00599375 1.91071e-05
 0.000276151 6.09154e-05 0.00500206 -0.00495953 8.63267e-06
 0.000193323 3.70025e-05 0.00418324 -0.00415357 2.37409e-06
 0.000127685 1.92902e-05 0.00341698 -0.00339713 -1.76608e-06
 8.44058e-05 8.57492e-06 0.00282352 -0.00281057 -3.83941e-06
 5.20904e-05 1.54677e-06 0.00226977 -0.00226192 -4.75507e-06
 3.00207e-05 -2.38475e-06 0.00178692 -0.00178264 -4.81705e-06
 1.58603e-05 -4.19542e-06 0.00138552 -0.00138357 -4.3993e-06
 5.82747e-06 -5.35821e-06 0.00108217 -0.00108162 -4.0384e-06
 -1.4753e-07 -5.49025e-06 0.000823236 -0.000823507 -3.46728e-06
 -2.81766e-06 -4.78814e-06 0.000597785 -0.000598437 -2.72712e-06
 -3.94827e-06 -3.99758e-06 0.000429272 -0.000430037 -2.10168e-06
 -4.0513e-06 -3.1895e-06 0.000305406 -0.000306142 -1.57739e-06
 -3.96709e-06 -2.59488e-06 0.000220454 -0.000221119 -1.21078e-06
 -3.69311e-06 -2.11178e-06 0.000160483 -0.000161062 -9.35675e-07
 -3.15439e-06 -1.64548e-06 0.000115458 -0.000115942 -6.98872e-07
 -2.346e-06 -1.14995e-06 7.68582e-05 -7.72224e-05 -4.7265e-07
 -1.65848e-06 -7.70082e-07 4.91541e-05 -4.94128e-05 -3.06987e-07
 -1.033e-06 -4.58888e-07 2.83024e-05 -2.84654e-05 -1.7807e-07
 -5.24312e-07 -2.26718e-07 1.4026e-05 -1.41116e-05 -8.63275e-08
 -3.04967e-07 -1.26768e-07 7.56311e-06 -7.61294e-06 -4.70553e-08
 -1.39626e-07 -5.58969e-08 3.19527e-06 -3.21795e-06 -2.02386e-08
 -2.26288e-08 -8.81942e-09 4.79184e-07 -4.82626e-07 -3.14052e-09
 -9.30558e-09 -3.50316e-09 1.81275e-07 -1.82686e-07 -1.21743e-09
 0 0 0 0 0
 0 0 0 0 0
 0 0 0 0 0
 0 0 0 0 0
 0 0 0 0 0
 0 0 0 0 0
 0 0 0 0 0
 0 0 0 0 0
 0 0 0 0 0
 0 0 0 0 0
 0 0 0 0 0
 0 0 0 0 0
 0 0 0 0 0
 0 0 0 0 0
 0 0 0 0 0
 0 0 0 0 0
 0 0 0 0 0
 0 0 0 0 0
 0 0 0 0 0
 0 0 0 0 0
 0 0 0 0 0
 0 0 0 0 0
 0 0 0 0 0
 0 0 0 0 0
 0 0 0 0 0
 0 0 0 0 0
 0 0 0 0 0
 0 0 0 0 0
 0 0 0 0 0
 0 0 0 0 0
 0 0 0 0 0
 0 0 0 0 0
 0 0 0 0 0
 0 0 0 0 0
 0 0 0 0 0
 0 0 0 0 0
 0 0 0 0 0
 0 0 0 0 0
 0 0 0 0 0
 0 0 0 0 0
 0 0 0 0 0
 0 0 0 0 0
 0 0 0 0 0
 0 0 0 0 0
 0 0 0 0 0
 0 0 0 0 0
 0 0 0 0 0
 0 0 0 0 0
 0 0 0 0 0
 0 0 0 0 0
 0 0 0 0 0
 0 0 0 0 0
 0 0 0 0 0
 0 0 0 0 0
 0 0 0 0 0
 0 0 0 0 0
 0 0 0 0 0
 0 0 0 0 0
 0 0 0 0 0
 0 0 0 0 0
 0 0 0 0 0
 0 0 0 0 0
 0 0 0 0 0
 0 0 0 0 0
 0 0 0 0 0
 0 0 0 0 0
 0 0 0 0 0
 0 0 0 0 0
 3.67173 2.75105 0.329648 -0.268052 2.06166
 2.15639 1.55843 0.308097 -0.254836 1.12665
 1.37837 0.96195 0.286423 -0.240688 0.671648
 0.9324 0.629033 0.265324 -0.226246 0.424628
 0.655032 0.427607 0.24442 -0.211267 0.279357
 0.47433 0.299883 0.22481 -0.196754 0.189769
 0.350841 0.214982 0.206104 -0.182461 0.131876
 0.263897 0.156853 0.188318 -0.168491 0.0933458
 0.201273 0.116111 0.171823 -0.155233 0.0670752
 0.156051 0.087425 0.157387 -0.143456 0.0490536
 0.121305 0.0660419 0.142849 -0.131279 0.0360152
 0.0955342 0.0505605 0.130377 -0.120711 0.0268067
 0.075433 0.0388251 0.118397 -0.110369 0.0200213
 0.0594664 0.0297771 0.106602 -0.100007 0.01494
 0.047057 0.0229271 0.0959042 -0.0904942 0.0111926
 0.0372157 0.0176463 0.0858092 -0.0814042 0.008383
 0.0292668 0.0135082 0.0760174 -0.0724727 0.00624565
 0.0229177 0.0102961 0.0668632 -0.0640352 0.00463255
 0.0178215 0.00779295 0.0582643 -0.0560322 0.00341152
 0.0137928 0.00586725 0.050517 -0.0487655 0.00249723
 0.0108966 0.00450377 0.0447899 -0.0433867 0.0018607
 0.00838108 0.00336512 0.0385634 -0.0374753 0.00134884
 0.00637813 0.00248519 0.0328615 -0.032029 0.000964892
 0.00478238 0.00180601 0.0276076 -0.0269819 0.000677808
 0.00363082 0.00132677 0.0235163 -0.0230414 0.000480086
 0.0027541 0.000973583 0.0199441 -0.0195875 0.00033928
 0.00208672 0.000710777 0.0169962 -0.0167287 0.000236966
 0.00158438 0.000519462 0.0144692 -0.0142705 0.000165173
 0.00117191 0.000367931 0.0120849 -0.0119409 0.000110466
 0.000851075 0.000254276 0.00997925 -0.00987692 7.10955e-05
 0.000605573 0.000170452 0.00817126 -0.00809975 4.33144e-05
 0.000433529 0.000113008 0.00685127 -0.00680069 2.48258e-05
 0.000296494 6.96851e-05 0.00560316 -0.0055688 1.18381e-05
 0.000204632 4.21157e-05 0.00464504 -0.00462212 4.18768e-06
 0.000136954 2.3044e-05 0.00381827 -0.0038037 -5.95076e-07
 8.56933e-05 9.50958e-06 0.00309408 -0.00308546 -3.60997e-06
 5.01348e-05 1.21891e-06 0.00246258 -0.00245812 -4.96012e-06
 2.93505e-05 -2.66813e-06 0.00197942 -0.00197763 -5.09302e-06
 1.47298e-05 -4.59875e-06 0.00152258 -0.00152249 -4.6644e-06
 4.67094e-06 -5.80103e-06 0.00118752 -0.00118838 -4.29867e-06
 -1.45174e-06 -6.03483e-06 0.000908475 -0.0009098 -3.75347e-06
 -4.21807e-06 -5.40412e-06 0.00066825 -0.00066966 -3.02734e-06
 -5.03793e-06 -4.46807e-06 0.000478519 -0.000479811 -2.32528e-06
 -4.8937e-06 -3.54002e-06 0.000338153 -0.000339246 -1.73885e-06
 -4.57763e-06 -2.84365e-06 0.000242178 -0.000243087 -1.32398e-06
 -4.11513e-06 -2.27464e-06 0.000173121 -0.000173859 -1.00886e-06
 -3.53749e-06 -1.79692e-06 0.00012563 -0.000126236 -7.64652e-07
 -2.69817e-06 -1.29146e-06 8.5305e-05 -8.57592e-05 -5.31782e-07
 -1.87213e-06 -8.55542e-07 5.4302e-05 -5.46161e-05 -3.42581e-07
 -1.22002e-06 -5.34043e-07 3.24987e-05 -3.27022e-05 -2.08125e-07
 -6.29396e-07 -2.68141e-07 1.62559e-05 -1.6363e-05 -1.02494e-07
 -3.52655e-07 -1.45552e-07 8.62583e-06 -8.68608e-06 -5.44252e-08
 -1.74225e-07 -6.94457e-08 3.94763e-06 -3.97721e-06 -2.53505e-08
 -3.43168e-08 -1.33021e-08 7.18225e-07 -7.23758e-07 -4.76608e-09
 -1.19901e-08 -4.51486e-09 2.3201e-07 -2.33893e-07 -1.5847e-09
 0 0 0 0 0
 0 0 0 0 0
 0 0 0 0 0
 0 0 0 0 0
 0 0 0 0 0
 0 0 0 0 0
 0 0 0 0 0
 0 0 0 0 0
 0 0 0 0 0
 0 0 0 0 0
 0 0 0 0 0
 0 0 0 0 0
 0 0 0 0 0
 0 0 0 0 0
 0 0 0 0 0
 0 0 0 0 0
 0 0 0 0 0
 0 0 0 0 0
 0 0 0 0 0
 0 0 0 0 0
 0 0 0 0 0
 0 0 0 0 0
 0 0 0 0 0
 0 0 0 0 0
 0 0 0 0 0
 0 0 0 0 0
 0 0 0 0 0
 0 0 0 0 0
 0 0 0 0 0
 0 0 0 0 0
 0 0 0 0 0
 0 0 0 0 0
 0 0 0 0 0
 0 0 0 0 0
 0 0 0 0 0
 0 0 0 0 0
 0 0 0 0 0
 0 0 0 0 0
 0 0 0 0 0
 0 0 0 0 0
 0 0 0 0 0
 0 0 0 0 0
 0 0 0 0 0
 0 0 0 0 0
 0 0 0 0 0
 0 0 0 0 0
 0 0 0 0 0
 0 0 0 0 0
 0 0 0 0 0
 0 0 0 0 0
 0 0 0 0 0
 0 0 0 0 0
 0 0 0 0 0
 0 0 0 0 0
 0 0 0 0 0
 0 0 0 0 0
 0 0 0 0 0
 0 0 0 0 0
 0 0 0 0 0
 0 0 0 0 0
 0 0 0 0 0
 0 0 0 0 0
 0 0 0 0 0
 0 0 0 0 0
 0 0 0 0 0
 0 0 0 0 0
 0 0 0 0 0
 5.10082 3.90634 0.412883 -0.339887 2.99211
 2.95256 2.18358 0.387226 -0.323961 1.61532
 1.88203 1.34545 0.363858 -0.308894 0.962242
 1.27047 0.878858 0.339485 -0.292178 0.608295
 0.893175 0.59843 0.315201 -0.274748 0.401234
 0.646028 0.419604 0.290987 -0.256653 0.272777
 0.477793 0.301087 0.267614 -0.238626 0.189932
 0.359027 0.219668 0.244933 -0.220611 0.134567
 0.274167 0.162966 0.22427 -0.203863 0.0970033
 0.210499 0.121645 0.203411 -0.186495 0.0704077
 0.163933 0.0921425 0.185264 -0.171185 0.05188
 0.127638 0.0698247 0.166855 -0.1553 0.0382684
 0.101052 0.0538167 0.151921 -0.142322 0.0287178
 0.0798217 0.0414052 0.136912 -0.129039 0.0215231
 0.0636663 0.0321723 0.124097 -0.1176 0.0162937
 0.0507763 0.0250035 0.111911 -0.106583 0.0123408
 0.0403025 0.0193422 0.0999975 -0.0956792 0.0093045
 0.0319588 0.0149512 0.08893 -0.0854542 0.00701048
 0.0253128 0.0115409 0.0788746 -0.0760877 0.00527305
 0.0198833 0.00883508 0.0692009 -0.0669952 0.00393322
 0.0154953 0.00670878 0.0601693 -0.0584417 0.00290905
 0.0119722 0.00504837 0.0518397 -0.0505021 0.00213086
 0.0093815 0.00384802 0.0454028 -0.0443528 0.00157833
 0.00720188 0.00287243 0.0388818 -0.0380795 0.00114414
 0.00546292 0.00211609 0.0329444 -0.0323403 0.000817039
 0.00407793 0.00153184 0.0275092 -0.0270631 0.000572
 0.00305627 0.00111126 0.023112 -0.0227826 0.000400093
 0.00229296 0.000806412 0.0193945 -0.0191535 0.000279455
 0.0016843 0.000570315 0.0160459 -0.0158738 0.000188752
 0.0012621 0.000410137 0.0135782 -0.0134537 0.000128794
 0.000934733 0.000290695 0.011363 -0.0112751 8.60183e-05
 0.000670112 0.000197462 0.00933508 -0.00927492 5.39072e-05
 0.00046796 0.000128679 0.00762174 -0.00758153 3.12082e-05
 0.000325584 8.16033e-05 0.0063258 -0.0062993 1.62343e-05
 0.000215137 4.73048e-05 0.00510097 -0.00508476 6.20782e-06
 0.000142276 2.60257e-05 0.00415727 -0.00414806 5.59913e-07
 8.959e-05 1.14273e-05 0.00338934 -0.00338487 -2.98379e-06
 5.16288e-05 2.00328e-06 0.00269629 -0.00269502 -4.78682e-06
 2.6291e-05 -3.35178e-06 0.00210517 -0.00210584 -5.35456e-06
 1.31453e-05 -5.08493e-06 0.00165273 -0.00165446 -4.92644e-06
 3.24012e-06 -6.18576e-06 0.00127107 -0.00127325 -4.48468e-06
 -2.79542e-06 -6.47706e-06 0.000977183 -0.000979492 -3.96603e-06
 -5.54507e-06 -5.89563e-06 0.000724036 -0.000726162 -3.25503e-06
 -6.06423e-06 -4.85189e-06 0.000517588 -0.000519368 -2.50015e-06
 -5.71508e-06 -3.84762e-06 0.000364812 -0.000366232 -1.87535e-06
 -5.11019e-06 -3.03764e-06 0.000258783 -0.000259905 -1.41034e-06
 -4.50931e-06 -2.41943e-06 0.000184496 -0.000185382 -1.07282e-06
 -3.84638e-06 -1.91002e-06 0.000132992 -0.000133698 -8.13795e-07
 -2.9699e-06 -1.39485e-06 9.12783e-05 -9.18067e-05 -5.75418e-07
 -2.03457e-06 -9.1735e-07 5.78867e-05 -5.8246e-05 -3.6872e-07
 -1.36441e-06 -5.90348e-07 3.55016e-05 -3.57388e-05 -2.31002e-07
 -7.04388e-07 -2.97018e-07 1.77542e-05 -1.78781e-05 -1.14035e-07
 -3.86737e-07 -1.5869e-07 9.33842e-06 -9.40675e-06 -5.97232e-08
 -2.0137e-07 -7.99389e-08 4.49855e-06 -4.53382e-06 -2.93862e-08
 -5.48378e-08 -2.1159e-08 1.13225e-06 -1.14154e-06 -7.62267e-09
 -1.37678e-08 -5.18734e-09 2.64518e-07 -2.66742e-07 -1.83713e-09
 -1.25276e-09 -4.59154e-10 2.23367e-08 -2.25396e-08 -1.59202e-10
 0 0 0 0 0
 0 0 0 0 0
 0 0 0 0 0
 0 0 0 0 0
 0 0 0 0 0
 0 0 0 0 0
 0 0 0 0 0
 0 0 0 0 0
 0 0 0 0 0
 0 0 0 0 0
 0 0 0 0 0
 0 0 0 0 0
 0 0 0 0 0
 0 0 0 0 0
 0 0 0 0 0
 0 0 0 0 0
 0 0 0 0 0
 0 0 0 0 0
 0 0 0 0 0
 0 0 0 0 0
 0 0 0 0 0
 0 0 0 0 0
 0 0 0 0 0
 0 0 0 0 0
 0 0 0 0 0
 0 0 0 0 0
 0 0 0 0 0
 0 0 0 0 0
 0 0 0 0 0
 0 0 0 0 0
 0 0 0 0 0
 0 0 0 0 0
 0 0 0 0 0
 0 0 0 0 0
 0 0 0 0 0
 0 0 0 0 0
 0 0 0 0 0
 0 0 0 0 0
 0 0 0 0 0
 0 0 0 0 0
 0 0 0 0 0
 0 0 0 0 0
 0 0 0 0 0
 0 0 0 0 0
 0 0 0 0 0
 0 0 0 0 0
 0 0 0 0 0
 0 0 0 0 0
 0 0 0 0 0
 0 0 0 0 0
 0 0 0 0 0
 0 0 0 0 0
 0 0 0 0 0
 0 0 0 0 0
 0 0 0 0 0
 0 0 0 0 0
 0 0 0 0 0
 0 0 0 0 0
 0 0 0 0 0
 0 0 0 0 0
 0 0 0 0 0
 0 0 0 0 0
 0 0 0 0 0
 0 0 0 0 0
 0 0 0 0 0
 6.76496 5.28148 0.498087 -0.414092 4.12395
 3.86239 2.91499 0.469139 -0.396098 2.20053
 2.42805 1.77334 0.438803 -0.37589 1.29565
 1.62762 1.1515 0.409257 -0.355279 0.815067
 1.14913 0.788085 0.384597 -0.33781 0.540827
 0.833767 0.554786 0.358132 -0.318071 0.369456
 0.618524 0.399633 0.331788 -0.297717 0.258463
 0.466546 0.292919 0.305834 -0.277054 0.184127
 0.356446 0.217621 0.280572 -0.256418 0.133046
 0.274968 0.163348 0.256211 -0.236061 0.0971908
 0.214036 0.123787 0.233392 -0.216643 0.0717175
 0.167489 0.0943542 0.211573 -0.197743 0.0532562
 0.131246 0.0720613 0.190226 -0.178929 0.0396483
 0.104107 0.0557209 0.172279 -0.162979 0.0298898
 0.0829505 0.0432953 0.155773 -0.148141 0.0226513
 0.0658253 0.0335194 0.139359 -0.13318 0.0171111
 0.0529629 0.0263129 0.12621 -0.121137 0.0131068
 0.0424377 0.0205756 0.113343 -0.109224 0.0100028
 0.0338388 0.0160121 0.10098 -0.09767 0.00759743
 0.0268954 0.0124217 0.08943 -0.0867925 0.00575247
 0.0213367 0.00961542 0.0790041 -0.0769111 0.00434424
 0.0167814 0.00737742 0.0691449 -0.0675025 0.00325077
 0.0130739 0.00560562 0.0598739 -0.0586027 0.0024082
 0.0100846 0.00421515 0.0513158 -0.0503454 0.00176431
 0.00771 0.00313975 0.0435706 -0.0428406 0.00127927
 0.00599576 0.00237435 0.0378223 -0.0372633 0.00093935
 0.00452227 0.00174003 0.0318293 -0.031417 0.000667509
 0.00335154 0.00125087 0.02637 -0.0260728 0.000464099
 0.00248585 0.000898133 0.0219162 -0.0217034 0.000321226
 0.00184225 0.000643568 0.0181814 -0.0180312 0.000221347
 0.00133647 0.000448889 0.0149054 -0.0148022 0.000147071
 0.000985967 0.000316998 0.0124879 -0.0124167 9.80675e-05
 0.000719929 0.000220655 0.0103848 -0.0103372 6.38303e-05
 0.000506107 0.000145714 0.00849983 -0.00846942 3.81711e-05
 0.000343651 9.09925e-05 0.00688128 -0.00686308 2.03324e-05
 0.000231112 5.44137e-05 0.00563878 -0.00562885 8.94975e-06
 0.000146188 2.86844e-05 0.00448192 -0.00447776 1.70491e-06
 9.05417e-05 1.28421e-05 0.00360626 -0.00360573 -2.3132e-06
 5.23514e-05 2.78562e-06 0.00289871 -0.00290043 -4.50098e-06
 2.58981e-05 -3.18415e-06 0.00225973 -0.00226265 -5.32789e-06
 9.72658e-06 -5.88356e-06 0.00171769 -0.00172103 -5.17881e-06
 1.86506e-06 -6.47142e-06 0.00134059 -0.00134396 -4.60183e-06
 -4.22372e-06 -6.84148e-06 0.00102564 -0.00102881 -4.11211e-06
 -6.76491e-06 -6.26993e-06 0.000764932 -0.000767683 -3.41478e-06
 -6.97189e-06 -5.13862e-06 0.000545708 -0.000547907 -2.62282e-06
 -6.40654e-06 -4.07166e-06 0.000383473 -0.000385169 -1.97048e-06
 -5.55291e-06 -3.17721e-06 0.00027015 -0.000271447 -1.47018e-06
 -4.82686e-06 -2.52227e-06 0.000192175 -0.00019318 -1.11731e-06
 -4.07992e-06 -1.98644e-06 0.000137589 -0.000138373 -8.469e-07
 -3.16193e-06 -1.46197e-06 9.486e-05 -9.5445e-05 -6.04098e-07
 -2.14653e-06 -9.56675e-07 5.99633e-05 -6.0356e-05 -3.85728e-07
 -1.45912e-06 -6.25546e-07 3.72295e-05 -3.74911e-05 -2.45712e-07
 -7.69449e-07 -3.21657e-07 1.89378e-05 -1.90765e-05 -1.23972e-07
 -4.07809e-07 -1.66516e-07 9.72e-06 -9.79392e-06 -6.30266e-08
 -2.1742e-07 -8.60567e-08 4.79577e-06 -4.8348e-06 -3.18403e-08
 -6.70645e-08 -2.58332e-08 1.3693e-06 -1.38103e-06 -9.36858e-09
 -1.47012e-08 -5.54351e-09 2.80175e-07 -2.82605e-07 -1.97921e-09
 -2.08982e-09 -7.67822e-10 3.69906e-08 -3.73373e-08 -2.68604e-10
 0 0 0 0 0
 0 0 0 0 0
 0 0 0 0 0
 0 0 0 0 0
 0 0 0 0 0
 0 0 0 0 0
 0 0 0 0 0
 0 0 0 0 0
 0 0 0 0 0
 0 0 0 0 0
 0 0 0 0 0
 0 0 0 0 0
 0 0 0 0 0
 0 0 0 0 0
 0 0 0 0 0
 0 0 0 0 0
 0 0 0 0 0
 0 0 0 0 0
 0 0 0 0 0
 0 0 0 0 0
 0 0 0 0 0
 0 0 0 0 0
 0 0 0 0 0
 0 0 0 0 0
 0 0 0 0 0
 0 0 0 0 0
 0 0 0 0 0
 0 0 0 0 0
 0 0 0 0 0
 0 0 0 0 0
 0 0 0 0 0
 0 0 0 0 0
 0 0 0 0 0
 0 0 0 0 0
 0 0 0 0 0
 0 0 0 0 0
 0 0 0 0 0
 0 0 0 0 0
 0 0 0 0 0
 0 0 0 0 0
 0 0 0 0 0
 0 0 0 0 0
 0 0 0 0 0
 0 0 0 0 0
 0 0 0 0 0
 0 0 0 0 0
 0 0 0 0 0
 0 0 0 0 0
 0 0 0 0 0
 0 0 0 0 0
 0 0 0 0 0
 0 0 0 0 0
 0 0 0 0 0
 0 0 0 0 0
 0 0 0 0 0
 0 0 0 0 0
 0 0 0 0 0
 0 0 0 0 0
 0 0 0 0 0
 0 0 0 0 0
 0 0 0 0 0
 0 0 0 0 0
 0 0 0 0 0
 0 0 0 0 0
 8.617 6.84346 0.580748 -0.486801 5.43569
 4.83338 3.71446 0.546454 -0.465041 2.8552
 3.01012 2.24076 0.511821 -0.441727 1.66859
 2.01521 1.45439 0.480872 -0.420283 1.05013
 1.41128 0.98835 0.449593 -0.397583 0.692577
 1.02114 0.69451 0.418653 -0.374248 0.472716
 0.761576 0.503345 0.391702 -0.353537 0.332986
 0.578114 0.371552 0.364878 -0.332273 0.239065
 0.443903 0.277628 0.33741 -0.309827 0.173865
 0.344171 0.209604 0.310336 -0.287168 0.127846
 0.268708 0.159451 0.283787 -0.26448 0.0947817
 0.211285 0.12222 0.258771 -0.242744 0.0708367
 0.166669 0.0940342 0.234565 -0.221367 0.0531668
 0.132272 0.0728119 0.212447 -0.201601 0.040174
 0.10477 0.056302 0.190498 -0.181701 0.0303315
 0.0837492 0.0439408 0.171799 -0.164624 0.0231156
 0.0669018 0.0342821 0.154028 -0.148224 0.0176157
 0.0536105 0.0268399 0.137914 -0.133235 0.0134763
 0.0433074 0.0211823 0.124383 -0.12058 0.010392
 0.0348339 0.0166485 0.111331 -0.108272 0.00798193
 0.027861 0.0130106 0.0989317 -0.096495 0.00609502
 0.0221194 0.0100945 0.0869942 -0.0850808 0.00462132
 0.0176023 0.00784368 0.0769083 -0.075399 0.00350572
 0.0138252 0.00601523 0.0669797 -0.0658116 0.00262446
 0.0107445 0.00456327 0.0576696 -0.0567797 0.00194272
 0.00825718 0.0034215 0.0490918 -0.0484254 0.00142033
 0.00633852 0.0025592 0.041862 -0.0413654 0.00103411
 0.0048541 0.00190706 0.0357113 -0.0353438 0.000748677
 0.00362854 0.00138556 0.029754 -0.0294911 0.000527532
 0.00266112 0.000985892 0.0243706 -0.0241878 0.000363032
 0.00195305 0.000700063 0.0200752 -0.0199495 0.000248231
 0.00143035 0.000495191 0.0165017 -0.0164172 0.000168514
 0.00104142 0.000346156 0.0136271 -0.0135716 0.00011191
 0.00074438 0.000235678 0.011178 -0.0111433 7.13062e-05
 0.000533477 0.000159816 0.00926117 -0.0092405 4.45449e-05
 0.000364095 0.000101023 0.00752357 -0.00751288 2.46429e-05
 0.000238071 5.94506e-05 0.00598857 -0.00598466 1.14458e-05
 0.000153249 3.24675e-05 0.00484761 -0.004848 3.29207e-06
 9.00792e-05 1.38753e-05 0.00379265 -0.00379561 -1.70023e-06
 5.07334e-05 3.20515e-06 0.0030113 -0.00301563 -4.15252e-06
 2.53196e-05 -2.93691e-06 0.00239123 -0.00239612 -5.20688e-06
 8.64742e-06 -5.99179e-06 0.00181463 -0.00181942 -5.21883e-06
 3.33816e-07 -6.74079e-06 0.00139272 -0.00139708 -4.67977e-06
 -5.46618e-06 -7.09218e-06 0.00106182 -0.00106569 -4.19562e-06
 -7.84877e-06 -6.53377e-06 0.000791063 -0.000794322 -3.51168e-06
 -7.74363e-06 -5.33363e-06 0.000563032 -0.000565562 -2.69685e-06
 -6.99856e-06 -4.23629e-06 0.000395788 -0.000397704 -2.03538e-06
 -5.901e-06 -3.26521e-06 0.000276395 -0.000277822 -1.50507e-06
 -5.06262e-06 -2.58377e-06 0.0001961 -0.000197192 -1.14269e-06
 -4.23516e-06 -2.0268e-06 0.000139468 -0.000140308 -8.64233e-07
 -3.27633e-06 -1.495e-06 9.61817e-05 -9.68042e-05 -6.18589e-07
 -2.20953e-06 -9.74867e-07 6.06178e-05 -6.10321e-05 -3.94072e-07
 -1.5064e-06 -6.40991e-07 3.77707e-05 -3.80469e-05 -2.52663e-07
 -8.0468e-07 -3.34202e-07 1.94223e-05 -1.95702e-05 -1.29302e-07
 -4.16332e-07 -1.69293e-07 9.79083e-06 -9.86767e-06 -6.44016e-08
 -2.23137e-07 -8.81283e-08 4.86132e-06 -4.90218e-06 -3.28001e-08
 -7.16523e-08 -2.75826e-08 1.44653e-06 -1.45934e-06 -1.00683e-08
 -1.4862e-08 -5.60982e-09 2.80646e-07 -2.83152e-07 -2.01765e-09
 -2.29709e-09 -8.46075e-10 4.03133e-08 -4.0703e-08 -2.98389e-10
 0 0 0 0 0
 0 0 0 0 0
 0 0 0 0 0
 0 0 0 0 0
 0 0 0 0 0
 0 0 0 0 0
 0 0 0 0 0
 0 0 0 0 0
 0 0 0 0 0
 0 0 0 0 0
 0 0 0 0 0
 0 0 0 0 0
 0 0 0 0 0
 0 0 0 0 0
 0 0 0 0 0
 0 0 0 0 0
 0 0 0 0 0
 0 0 0 0 0
 0 0 0 0 0
 0 0 0 0 0
 0 0 0 0 0
 0 0 0 0 0
 0 0 0 0 0
 0 0 0 0 0
 0 0 0 0 0
 0 0 0 0 0
 0 0 0 0 0
 0 0 0 0 0
 0 0 0 0 0
 0 0 0 0 0
 0 0 0 0 0
 0 0 0 0 0
 0 0 0 0 0
 0 0 0 0 0
 0 0 0 0 0
 0 0 0 0 0
 0 0 0 0 0
 0 0 0 0 0
 0 0 0 0 0
 0 0 0 0 0
 0 0 0 0 0
 0 0 0 0 0
 0 0 0 0 0
 0 0 0 0 0
 0 0 0 0 0
 0 0 0 0 0
 0 0 0 0 0
 0 0 0 0 0
 0 0 0 0 0
 0 0 0 0 0
 0 0 0 0 0
 0 0 0 0 0
 0 0 0 0 0
 0 0 0 0 0
 0 0 0 0 0
 0 0 0 0 0
 0 0 0 0 0
 0 0 0 0 0
 0 0 0 0 0
 0 0 0 0 0
 0 0 0 0 0
 0 0 0 0 0
 0 0 0 0 0
 10.5211 8.485 0.651005 -0.549832 6.84371
 5.83327 4.55633 0.61656 -0.528317 3.55964
 3.61447 2.73705 0.581303 -0.504833 2.07325
 2.40428 1.76664 0.546357 -0.480381 1.29866
 1.67681 1.1966 0.511085 -0.454542 0.854392
 1.21633 0.843608 0.479458 -0.43082 0.585514
 0.904125 0.609912 0.447567 -0.406021 0.411802
 0.686433 0.450684 0.417465 -0.382008 0.296216
 0.530592 0.33923 0.389862 -0.359552 0.217158
 0.413842 0.257817 0.361592 -0.335921 0.160852
 0.325271 0.197567 0.333655 -0.312062 0.120202
 0.257042 0.152303 0.306113 -0.288092 0.090415
 0.203877 0.117908 0.279189 -0.264268 0.068335
 0.162493 0.0917575 0.254067 -0.241753 0.0519354
 0.129558 0.0714696 0.229529 -0.219468 0.0395259
 0.103734 0.0559169 0.207172 -0.198973 0.0302241
 0.0827951 0.0436328 0.185139 -0.178545 0.0230615
 0.0666044 0.0343165 0.166436 -0.161103 0.0177353
 0.0534953 0.0269544 0.148742 -0.144468 0.013625
 0.0430601 0.0212242 0.132772 -0.129358 0.0104962
 0.0349282 0.0168389 0.11948 -0.11673 0.00814623
 0.0281847 0.0132911 0.106757 -0.104563 0.00629015
 0.022552 0.0104027 0.094385 -0.0926608 0.00481591
 0.0179492 0.00809706 0.0829849 -0.0816415 0.00366593
 0.014231 0.00627355 0.0728687 -0.0718268 0.00277525
 0.0111423 0.00479968 0.0630837 -0.0622915 0.00207422
 0.0086215 0.00362792 0.0539238 -0.0533333 0.00153097
 0.0065865 0.00270604 0.0455138 -0.0450825 0.00111426
 0.00502928 0.00201374 0.0386033 -0.0382899 0.000807192
 0.00381779 0.00148756 0.0326516 -0.0324275 0.000579257
 0.00282465 0.00106956 0.0269416 -0.0267877 0.00040375
 0.00204242 0.000750227 0.0217588 -0.0216577 0.000273759
 0.0014816 0.000525968 0.01777 -0.0177048 0.000184468
 0.0010717 0.000366947 0.0144756 -0.0144353 0.000123203
 0.000770023 0.000251981 0.0119305 -0.0119072 7.97603e-05
 0.000549932 0.000170598 0.00988008 -0.00986842 5.00654e-05
 0.00037668 0.000108841 0.00804881 -0.00804503 2.84682e-05
 0.000247307 6.48513e-05 0.00643156 -0.0064329 1.39462e-05
 0.000157645 3.56235e-05 0.00515573 -0.00516015 4.81626e-06
 9.23767e-05 1.57693e-05 0.00402007 -0.00402604 -7.92793e-07
 5.07178e-05 3.95796e-06 0.00316797 -0.00317455 -3.74614e-06
 2.40294e-05 -2.75921e-06 0.00248043 -0.00248696 -5.02767e-06
 7.47366e-06 -5.99759e-06 0.00188168 -0.00188762 -5.16288e-06
 -1.97828e-06 -7.12627e-06 0.00139794 -0.00140305 -4.73399e-06
 -6.62925e-06 -7.26046e-06 0.00108129 -0.00108572 -4.22432e-06
 -8.816e-06 -6.7004e-06 0.000800699 -0.000804328 -3.55077e-06
 -8.36583e-06 -5.44215e-06 0.000569952 -0.000572717 -2.72606e-06
 -7.44307e-06 -4.32407e-06 0.000400413 -0.000402484 -2.06315e-06
 -6.15159e-06 -3.30467e-06 0.000277745 -0.000279258 -1.5168e-06
 -5.2249e-06 -2.61013e-06 0.000196587 -0.000197735 -1.15179e-06
 -4.31396e-06 -2.03344e-06 0.000138803 -0.000139674 -8.66867e-07
 -3.31643e-06 -1.49633e-06 9.54158e-05 -9.60575e-05 -6.19836e-07
 -2.22585e-06 -9.73442e-07 5.99635e-05 -6.03878e-05 -3.94327e-07
 -1.50922e-06 -6.38238e-07 3.72353e-05 -3.75169e-05 -2.52387e-07
 -8.02136e-07 -3.31615e-07 1.90811e-05 -1.92309e-05 -1.28809e-07
 -4.13228e-07 -1.67447e-07 9.58192e-06 -9.65933e-06 -6.39865e-08
 -2.19414e-07 -8.65233e-08 4.72116e-06 -4.76202e-06 -3.23779e-08
 -6.9342e-08 -2.66933e-08 1.38339e-06 -1.39601e-06 -9.80425e-09
 -1.43302e-08 -5.41545e-09 2.67812e-07 -2.70273e-07 -1.96086e-09
 -1.94754e-09 -7.19144e-10 3.38465e-08 -3.41839e-08 -2.55521e-10
 0 0 0 0 0
 0 0 0 0 0
 0 0 0 0 0
 0 0 0 0 0
 0 0 0 0 0
 0 0 0 0 0
 0 0 0 0 0
 0 0 0 0 0
 0 0 0 0 0
 0 0 0 0 0
 0 0 0 0 0
 0 0 0 0 0
 0 0 0 0 0
 0 0 0 0 0
 0 0 0 0 0
 0 0 0 0 0
 0 0 0 0 0
 0 0 0 0 0
 0 0 0 0 0
 0 0 0 0 0
 0 0 0 0 0
 0 0 0 0 0
 0 0 0 0 0
 0 0 0 0 0
 0 0 0 0 0
 0 0 0 0 0
 0 0 0 0 0
 0 0 0 0 0
 0 0 0 0 0
 0 0 0 0 0
 0 0 0 0 0
 0 0 0 0 0
 0 0 0 0 0
 0 0 0 0 0
 0 0 0 0 0
 0 0 0 0 0
 0 0 0 0 0
 0 0 0 0 0
 0 0 0 0 0
 0 0 0 0 0
 0 0 0 0 0
 0 0 0 0 0
 0 0 0 0 0
 0 0 0 0 0
 0 0 0 0 0
 0 0 0 0 0
 0 0 0 0 0
 0 0 0 0 0
 0 0 0 0 0
 0 0 0 0 0
 0 0 0 0 0
 0 0 0 0 0
 0 0 0 0 0
 0 0 0 0 0
 0 0 0 0 0
 0 0 0 0 0
 0 0 0 0 0
 0 0 0 0 0
 0 0 0 0 0
 0 0 0 0 0
 0 0 0 0 0
 0 0 0 0 0
 12.4095 10.1473 0.707217 -0.601413 8.29836
 6.78901 5.38147 0.672187 -0.579703 4.26653
 4.1885 3.22134 0.638393 -0.557634 2.47818
 2.78195 2.07772 0.603912 -0.533786 1.55236
 1.94129 1.40913 0.568583 -0.508104 1.02337
 1.4047 0.991733 0.533842 -0.481887 0.700645
 1.04307 0.71682 0.498933 -0.454588 0.493023
 0.793323 0.531008 0.467117 -0.429188 0.355786
 0.612354 0.399472 0.435434 -0.40319 0.260908
 0.479412 0.30497 0.405793 -0.378386 0.194274
 0.379891 0.235748 0.378545 -0.355216 0.146535
 0.302286 0.183105 0.350384 -0.330737 0.111117
 0.24147 0.142844 0.322416 -0.305999 0.0846767
 0.193412 0.111792 0.294965 -0.281357 0.0647656
 0.155197 0.0876883 0.268356 -0.257163 0.0496704
 0.124843 0.0689737 0.243408 -0.234244 0.038212
 0.100286 0.054204 0.219013 -0.211593 0.0293842
 0.0808292 0.0427466 0.197029 -0.191033 0.0226784
 0.0650502 0.0336714 0.176176 -0.171375 0.0174874
 0.0524299 0.0265707 0.157156 -0.153331 0.0135129
 0.042457 0.0210659 0.140704 -0.137651 0.0104906
 0.0343772 0.016701 0.125732 -0.123306 0.00814434
 0.0279143 0.0132792 0.112613 -0.110683 0.006342
 0.0224882 0.0104737 0.0999917 -0.0984758 0.00489786
 0.0179802 0.00819812 0.0880442 -0.0868692 0.00375337
 0.0142887 0.00637593 0.0770974 -0.0761954 0.00285679
 0.0112919 0.00492669 0.0673625 -0.0666758 0.00215801
 0.0087955 0.00375242 0.0578648 -0.0573553 0.0016068
 0.0067652 0.0028208 0.049099 -0.0487293 0.00117997
 0.00512232 0.00208677 0.0409669 -0.0407064 0.00085235
 0.00392242 0.00155615 0.0349938 -0.0348093 0.000618112
 0.00292073 0.00112793 0.0289951 -0.0288711 0.000435288
 0.00213001 0.000799067 0.0236106 -0.0235311 0.000298722
 0.00154157 0.000560186 0.0191842 -0.0191358 0.000201986
 0.00110834 0.000389069 0.0155364 -0.0155091 0.000134688
 0.000778878 0.000262204 0.0124756 -0.0124625 8.61125e-05
 0.000550677 0.000175913 0.0102834 -0.0102796 5.37811e-05
 0.000381569 0.00011424 0.00844533 -0.0084475 3.16359e-05
 0.000251161 6.86983e-05 0.00676906 -0.0067749 1.60887e-05
 0.000156363 3.73799e-05 0.00529425 -0.00530189 6.13012e-06
 9.30892e-05 1.72462e-05 0.00420397 -0.00421242 5.10068e-08
 4.79407e-05 4.05291e-06 0.00322698 -0.00323528 -3.42933e-06
 2.15608e-05 -2.72548e-06 0.0024904 -0.00249808 -4.77922e-06
 6.0896e-06 -5.97643e-06 0.00191687 -0.00192368 -5.04778e-06
 -3.01414e-06 -7.14937e-06 0.00142116 -0.00142685 -4.67889e-06
 -7.69291e-06 -7.35316e-06 0.0010842 -0.00108901 -4.20448e-06
 -9.53558e-06 -6.75731e-06 0.000800071 -0.000803943 -3.53787e-06
 -8.82817e-06 -5.46918e-06 0.000567079 -0.000569988 -2.71431e-06
 -7.71487e-06 -4.32928e-06 0.000397115 -0.000399267 -2.05223e-06
 -6.3035e-06 -3.29863e-06 0.000274532 -0.000276088 -1.50722e-06
 -5.29059e-06 -2.59366e-06 0.000193452 -0.000194623 -1.14182e-06
 -4.31926e-06 -2.00888e-06 0.000135812 -0.000136693 -8.5595e-07
 -3.28652e-06 -1.46856e-06 9.27717e-05 -9.34158e-05 -6.08911e-07
 -2.19836e-06 -9.54042e-07 5.81359e-05 -5.85598e-05 -3.87147e-07
 -1.4711e-06 -6.18977e-07 3.57502e-05 -3.60284e-05 -2.45498e-07
 -7.65371e-07 -3.15432e-07 1.80212e-05 -1.81662e-05 -1.23016e-07
 -3.99545e-07 -1.61436e-07 9.12858e-06 -9.20442e-06 -6.194e-08
 -2.07239e-07 -8.16389e-08 4.40383e-06 -4.44301e-06 -3.07041e-08
 -6.09367e-08 -2.34714e-08 1.20089e-06 -1.21212e-06 -8.67233e-09
 -1.31908e-08 -4.99153e-09 2.437e-07 -2.46006e-07 -1.81857e-09
 -1.11768e-09 -4.1378e-10 1.92125e-08 -1.94102e-08 -1.48037e-10
 0 0 0 0 0
 0 0 0 0 0
 0 0 0 0 0
 0 0 0 0 0
 0 0 0 0 0
 0 0 0 0 0
 0 0 0 0 0
 0 0 0 0 0
 0 0 0 0 0
 0 0 0 0 0
 0 0 0 0 0
 0 0 0 0 0
 0 0 0 0 0
 0 0 0 0 0
 0 0 0 0 0
 0 0 0 0 0
 0 0 0 0 0
 0 0 0 0 0
 0 0 0 0 0
 0 0 0 0 0
 0 0 0 0 0
 0 0 0 0 0
 0 0 0 0 0
 0 0 0 0 0
 0 0 0 0 0
 0 0 0 0 0
 0 0 0 0 0
 0 0 0 0 0
 0 0 0 0 0
 0 0 0 0 0
 0 0 0 0 0
 0 0 0 0 0
 0 0 0 0 0
 0 0 0 0 0
 0 0 0 0 0
 0 0 0 0 0
 0 0 0 0 0
 0 0 0 0 0
 0 0 0 0 0
 0 0 0 0 0
 0 0 0 0 0
 0 0 0 0 0
 0 0 0 0 0
 0 0 0 0 0
 0 0 0 0 0
 0 0 0 0 0
 0 0 0 0 0
 0 0 0 0 0
 0 0 0 0 0
 0 0 0 0 0
 0 0 0 0 0
 0 0 0 0 0
 0 0 0 0 0
 0 0 0 0 0
 0 0 0 0 0
 0 0 0 0 0
 0 0 0 0 0
 0 0 0 0 0
 0 0 0 0 0
 0 0 0 0 0
 0 0 0 0 0
 14.2341 11.7857 0.749447 -0.641263 9.75942
 7.69623 6.1824 0.716438 -0.621355 4.96714
 4.7164 3.67892 0.682798 -0.599587 2.87038
 3.12575 2.36946 0.649253 -0.576667 1.7968
 2.18333 1.60967 0.61555 -0.552495 1.18731
 1.5814 1.13478 0.580818 -0.526414 0.814814
 1.17778 0.823183 0.546505 -0.499758 0.575792
 0.894792 0.609553 0.511732 -0.471837 0.415637
 0.691847 0.459657 0.478408 -0.444442 0.30574
 0.543103 0.352098 0.447422 -0.418498 0.228572
 0.429564 0.271913 0.415686 -0.391279 0.172385
 0.344578 0.213027 0.388658 -0.367879 0.131932
 0.277245 0.167484 0.360757 -0.343243 0.101381
 0.223739 0.132132 0.333095 -0.318437 0.0782068
 0.180778 0.104417 0.305519 -0.293363 0.0604602
 0.146161 0.0826049 0.278472 -0.268477 0.0468127
 0.118333 0.0654582 0.252893 -0.244721 0.0363168
 0.0957333 0.0518523 0.228257 -0.221634 0.0281745
 0.0775271 0.0411258 0.205377 -0.200041 0.0218903
 0.0626077 0.0325401 0.183329 -0.17908 0.0169736
 0.0507402 0.0258403 0.163943 -0.16056 0.0132094
 0.0409077 0.0204211 0.145133 -0.14248 0.0102343
 0.033297 0.0162893 0.129938 -0.127835 0.00800159
 0.0271369 0.0130101 0.116457 -0.114793 0.00626392
 0.0220192 0.0103451 0.103844 -0.102539 0.00488183
 0.0177138 0.0081545 0.0917833 -0.0907742 0.0037709
 0.0141272 0.00637093 0.080428 -0.0796584 0.00288631
 0.0112268 0.00495543 0.0704905 -0.0699085 0.00219719
 0.008797 0.00380022 0.0608141 -0.0603852 0.00164885
 0.00680271 0.00287524 0.0517556 -0.0514477 0.00122023
 0.00518509 0.00214277 0.0434693 -0.0432545 0.000888708
 0.00392868 0.00158482 0.0364761 -0.03633 0.000641038
 0.00295797 0.00116264 0.03057 -0.0304739 0.000457528
 0.00217052 0.000829893 0.0250252 -0.0249663 0.000316982
 0.00155358 0.000576811 0.0200117 -0.0199789 0.000213239
 0.00110967 0.000398304 0.0161432 -0.0161276 0.000141603
 0.000786441 0.000271933 0.0129884 -0.0129837 9.24092e-05
 0.000550986 0.000181278 0.0106226 -0.0106251 5.77129e-05
 0.000372023 0.000114501 0.00860425 -0.00861125 3.30337e-05
 0.000250089 7.09598e-05 0.00700008 -0.00700952 1.77861e-05
 0.000155689 3.89337e-05 0.00548638 -0.00549667 7.24211e-06
 9.16858e-05 1.8126e-05 0.00432039 -0.00433072 7.71704e-07
 4.65919e-05 4.55999e-06 0.00330017 -0.00330979 -2.97746e-06
 1.9986e-05 -2.58127e-06 0.0025321 -0.00254071 -4.54968e-06
 4.76169e-06 -5.89032e-06 0.00192868 -0.00193607 -4.87966e-06
 -3.9971e-06 -7.09903e-06 0.00142184 -0.00142791 -4.56818e-06
 -9.18858e-06 -7.49682e-06 0.00104547 -0.00105044 -4.15906e-06
 -1.00611e-05 -6.72101e-06 0.000787098 -0.000791091 -3.47773e-06
 -9.152e-06 -5.42166e-06 0.000552787 -0.000555745 -2.66345e-06
 -7.81514e-06 -4.25798e-06 0.000386654 -0.000388821 -2.0062e-06
 -6.35716e-06 -3.25024e-06 0.000267172 -0.000268735 -1.47826e-06
 -5.26026e-06 -2.53657e-06 0.000187027 -0.000188192 -1.114e-06
 -4.25496e-06 -1.95577e-06 0.000130754 -0.000131626 -8.32733e-07
 -3.19177e-06 -1.41448e-06 8.84842e-05 -8.91142e-05 -5.86974e-07
 -2.13043e-06 -9.184e-07 5.52877e-05 -5.57018e-05 -3.73243e-07
 -1.39603e-06 -5.84992e-07 3.34531e-05 -3.37203e-05 -2.3267e-07
 -6.9827e-07 -2.87271e-07 1.63566e-05 -1.64907e-05 -1.12502e-07
 -3.76425e-07 -1.51739e-07 8.46867e-06 -8.54092e-06 -5.84357e-08
 -1.87662e-07 -7.38898e-08 3.93943e-06 -3.97543e-06 -2.79213e-08
 -4.72813e-08 -1.82363e-08 9.20825e-07 -9.29608e-07 -6.77837e-09
 -1.1532e-08 -4.37038e-09 2.10408e-07 -2.1246e-07 -1.60142e-09
 0 0 0 0 0
 0 0 0 0 0
 0 0 0 0 0
 0 0 0 0 0
 0 0 0 0 0
 0 0 0 0 0
 0 0 0 0 0
 0 0 0 0 0
 0 0 0 0 0
 0 0 0 0 0
 0 0 0 0 0
 0 0 0 0 0
 0 0 0 0 0
 0 0 0 0 0
 0 0 0 0 0
 0 0 0 0 0
 0 0 0 0 0
 0 0 0 0 0
 0 0 0 0 0
 0 0 0 0 0
 0 0 0 0 0
 0 0 0 0 0
 0 0 0 0 0
 0 0 0 0 0
 0 0 0 0 0
 0 0 0 0 0
 0 0 0 0 0
 0 0 0 0 0
 0 0 0 0 0
 0 0 0 0 0
 0 0 0 0 0
 0 0 0 0 0
 0 0 0 0 0
 0 0 0 0 0
 0 0 0 0 0
 0 0 0 0 0
 0 0 0 0 0
 0 0 0 0 0
 0 0 0 0 0
 0 0 0 0 0
 0 0 0 0 0
 0 0 0 0 0
 0 0 0 0 0
 0 0 0 0 0
 0 0 0 0 0
 0 0 0 0 0
 0 0 0 0 0
 0 0 0 0 0
 0 0 0 0 0
 0 0 0 0 0
 0 0 0 0 0
 0 0 0 0 0
 0 0 0 0 0
 0 0 0 0 0
 0 0 0 0 0
 0 0 0 0 0
 0 0 0 0 0
 0 0 0 0 0
 0 0 0 0 0
 0 0 0 0 0
 0 0 0 0 0
 15.9412 13.35 0.777165 -0.668789 11.181
 8.51958 6.92741 0.747241 -0.651437 5.63359
 5.19028 4.10108 0.715323 -0.63117 3.2412
 3.43042 2.63604 0.683045 -0.609389 2.02629
 2.39468 1.79092 0.650502 -0.586268 1.33999
 1.73729 1.26542 0.617412 -0.561675 0.922267
 1.29707 0.920775 0.584367 -0.536192 0.654125
 0.9885 0.684364 0.550349 -0.509008 0.474232
 0.766252 0.517687 0.516889 -0.481554 0.350131
 0.60097 0.396467 0.482805 -0.452839 0.261885
 0.478327 0.308277 0.452202 -0.426702 0.198974
 0.383246 0.241424 0.421347 -0.399806 0.152341
 0.309701 0.190769 0.392636 -0.374436 0.117735
 0.252053 0.151855 0.366233 -0.350837 0.0916858
 0.20519 0.120968 0.338879 -0.325995 0.0714868
 0.167115 0.0964467 0.311562 -0.300875 0.0558097
 0.136077 0.0769116 0.284597 -0.275812 0.0435972
 0.110758 0.0613297 0.258493 -0.251328 0.0340671
 0.0901708 0.048928 0.233906 -0.228098 0.0266393
 0.0732231 0.0389509 0.209984 -0.20533 0.0207949
 0.0595403 0.0310542 0.188244 -0.184531 0.0162589
 0.048317 0.0247151 0.167785 -0.164852 0.0126932
 0.0392247 0.0196825 0.149169 -0.146865 0.00991792
 0.0318341 0.0156703 0.132421 -0.130621 0.00774732
 0.0258777 0.0124973 0.11763 -0.116228 0.00606272
 0.0212377 0.0100576 0.106036 -0.10493 0.00478543
 0.0171888 0.00798164 0.0941375 -0.0932842 0.00372432
 0.0137833 0.00627501 0.0827659 -0.0821185 0.00287101
 0.0109608 0.00489071 0.0722163 -0.0717337 0.00219324
 0.00865292 0.00378082 0.0627833 -0.0624296 0.00166017
 0.00672569 0.00287773 0.0536297 -0.0533788 0.00123718
 0.00515261 0.00215742 0.0452251 -0.0450531 0.000907342
 0.00388514 0.00159123 0.0375105 -0.0373977 0.000654268
 0.00294263 0.00117515 0.0316599 -0.0315888 0.000470557
 0.00216955 0.000843917 0.0260112 -0.0259704 0.000328573
 0.0015613 0.000590498 0.0209057 -0.0208858 0.000222948
 0.00111333 0.000407905 0.0167982 -0.0167919 0.000148564
 0.000784951 0.000277475 0.0134517 -0.0134537 9.68742e-05
 0.000546541 0.000184447 0.0109092 -0.0109166 6.07177e-05
 0.000367269 0.000116378 0.00880292 -0.00881342 3.50482e-05
 0.000244497 7.16396e-05 0.00712138 -0.00713347 1.89813e-05
 0.00015198 3.9499e-05 0.00559052 -0.00560272 8.07545e-06
 8.84392e-05 1.8415e-05 0.00437142 -0.00438306 1.33665e-06
 4.45058e-05 4.81997e-06 0.00333875 -0.00334929 -2.58671e-06
 1.6692e-05 -2.83315e-06 0.00247965 -0.0024887 -4.36182e-06
 3.36228e-06 -5.78035e-06 0.00191037 -0.00191807 -4.67142e-06
 -4.93263e-06 -7.01737e-06 0.00140596 -0.00141221 -4.43153e-06
 -9.72283e-06 -7.39696e-06 0.00102942 -0.00103448 -4.05308e-06
 -1.03872e-05 -6.59702e-06 0.000762595 -0.000766593 -3.37478e-06
 -9.27825e-06 -5.30451e-06 0.000533903 -0.000536842 -2.58391e-06
 -7.74717e-06 -4.11605e-06 0.000369893 -0.000372013 -1.92854e-06
 -6.31447e-06 -3.16262e-06 0.000256156 -0.000257691 -1.43178e-06
 -5.16088e-06 -2.45194e-06 0.000178152 -0.000179287 -1.07406e-06
 -4.12579e-06 -1.87684e-06 0.000123914 -0.000124761 -7.98498e-07
 -3.03806e-06 -1.33695e-06 8.28072e-05 -8.34108e-05 -5.55247e-07
 -2.02591e-06 -8.68325e-07 5.15825e-05 -5.19789e-05 -3.53362e-07
 -1.28833e-06 -5.38148e-07 3.04886e-05 -3.07378e-05 -2.14623e-07
 -6.2012e-07 -2.54856e-07 1.44827e-05 -1.46034e-05 -1.00212e-07
 -3.45258e-07 -1.38922e-07 7.64459e-06 -7.71168e-06 -5.36839e-08
 -1.64958e-07 -6.49169e-08 3.40632e-06 -3.43837e-06 -2.46337e-08
 -2.92432e-08 -1.13139e-08 5.65025e-07 -5.70407e-07 -4.23461e-09
 -9.44333e-09 -3.58481e-09 1.70032e-07 -1.71746e-07 -1.32066e-09
 0 0 0 0 0
 0 0 0 0 0
 0 0 0 0 0
 0 0 0 0 0
 0 0 0 0 0
 0 0 0 0 0
 0 0 0 0 0
 0 0 0 0 0
 0 0 0 0 0
 0 0 0 0 0
 0 0 0 0 0
 0 0 0 0 0
 0 0 0 0 0
 0 0 0 0 0
 0 0 0 0 0
 0 0 0 0 0
 0 0 0 0 0
 0 0 0 0 0
 0 0 0 0 0
 0 0 0 0 0
 0 0 0 0 0
 0 0 0 0 0
 0 0 0 0 0
 0 0 0 0 0
 0 0 0 0 0
 0 0 0 0 0
 0 0 0 0 0
 0 0 0 0 0
 0 0 0 0 0
 0 0 0 0 0
 0 0 0 0 0
 0 0 0 0 0
 0 0 0 0 0
 0 0 0 0 0
 0 0 0 0 0
 0 0 0 0 0
 0 0 0 0 0
 0 0 0 0 0
 0 0 0 0 0
 0 0 0 0 0
 0 0 0 0 0
 0 0 0 0 0
 0 0 0 0 0
 0 0 0 0 0
 0 0 0 0 0
 0 0 0 0 0
 0 0 0 0 0
 0 0 0 0 0
 0 0 0 0 0
 0 0 0 0 0
 0 0 0 0 0
 0 0 0 0 0
 0 0 0 0 0
 0 0 0 0 0
 0 0 0 0 0
 0 0 0 0 0
 0 0 0 0 0
 0 0 0 0 0
 0 0 0 0 0
 0 0 0 0 0
 17.502 14.8098 0.791808 -0.684972 12.5326
 9.241 7.59791 0.764843 -0.670032 6.24781
 5.60176 4.47882 0.736203 -0.652474 3.58175
 3.69528 2.87527 0.706704 -0.633038 2.2379
 2.57814 1.95363 0.676016 -0.61153 1.48103
 1.87081 1.38159 0.644101 -0.587968 1.02086
 1.39908 1.00758 0.612501 -0.563772 0.72614
 1.06998 0.751919 0.580702 -0.538587 0.528853
 0.831517 0.570562 0.547691 -0.511567 0.391902
 0.655299 0.439287 0.515223 -0.484358 0.294836
 0.521459 0.34171 0.482307 -0.45612 0.224234
 0.419077 0.268586 0.450733 -0.428576 0.172413
 0.339917 0.213147 0.42151 -0.402753 0.133899
 0.27677 0.169881 0.392169 -0.376402 0.104487
 0.2272 0.136532 0.36631 -0.352986 0.0822359
 0.186548 0.109794 0.339922 -0.328762 0.0647857
 0.153142 0.0883075 0.313542 -0.304273 0.0510645
 0.1255 0.0709321 0.286933 -0.279317 0.0402134
 0.102744 0.0569366 0.261073 -0.254867 0.0316567
 0.08398 0.0456435 0.236115 -0.2311 0.0248961
 0.0685792 0.0365659 0.212539 -0.20852 0.019571
 0.055962 0.0292795 0.190501 -0.187304 0.0153809
 0.0455182 0.0233779 0.169404 -0.166893 0.0120577
 0.0371241 0.0187161 0.150961 -0.148991 0.0094775
 0.0302384 0.014967 0.134031 -0.132498 0.00744215
 0.0246544 0.0119813 0.119048 -0.11786 0.00585032
 0.0201982 0.00963408 0.106608 -0.105684 0.00461801
 0.0164603 0.00770419 0.0951267 -0.094415 0.00362448
 0.0132663 0.00609228 0.0838958 -0.0833583 0.00281259
 0.0105783 0.00476584 0.0731653 -0.0727693 0.00215881
 0.00839208 0.00370527 0.0638331 -0.063546 0.00164481
 0.00655242 0.00283514 0.0547087 -0.0545081 0.00123328
 0.00504117 0.00213632 0.0462706 -0.0461361 0.00090995
 0.00381329 0.00158238 0.0384213 -0.0383361 0.000659753
 0.00286665 0.00116186 0.0320363 -0.0319861 0.00047274
 0.00213273 0.000842808 0.0265587 -0.0265329 0.000333892
 0.0015411 0.000592729 0.0214449 -0.0214357 0.000228048
 0.0010832 0.000404772 0.0168567 -0.0168574 0.000150827
 0.000759708 0.000273813 0.0135287 -0.0135358 9.78267e-05
 0.00052752 0.000182086 0.0109098 -0.0109206 6.16794e-05
 0.000355329 0.000115626 0.00882583 -0.00883883 3.61586e-05
 0.000235398 7.09354e-05 0.0071512 -0.00716504 1.96725e-05
 0.000145708 3.91407e-05 0.00561137 -0.00562476 8.60975e-06
 8.26868e-05 1.8059e-05 0.00428577 -0.00429795 1.80238e-06
 4.14834e-05 4.78495e-06 0.00332608 -0.00333709 -2.2658e-06
 1.48617e-05 -2.74867e-06 0.0024636 -0.00247293 -4.10868e-06
 1.98012e-06 -5.64408e-06 0.00186571 -0.00187347 -4.43352e-06
 -5.86962e-06 -6.90249e-06 0.00136528 -0.00137153 -4.26128e-06
 -1.01876e-05 -7.24632e-06 0.00099535 -0.00100037 -3.91279e-06
 -1.05069e-05 -6.39022e-06 0.000728016 -0.000731919 -3.23352e-06
 -9.25042e-06 -5.12594e-06 0.000508032 -0.000510888 -2.47638e-06
 -7.52943e-06 -3.91512e-06 0.000348144 -0.00035017 -1.82508e-06
 -6.17881e-06 -3.03896e-06 0.000242017 -0.000243498 -1.36965e-06
 -4.98967e-06 -2.33962e-06 0.000167133 -0.000168219 -1.02226e-06
 -3.93723e-06 -1.77492e-06 0.000115597 -0.000116405 -7.54541e-07
 -2.83183e-06 -1.23894e-06 7.60047e-05 -7.65703e-05 -5.14978e-07
 -1.88893e-06 -8.05666e-07 4.71898e-05 -4.75617e-05 -3.28272e-07
 -1.15806e-06 -4.8253e-07 2.70846e-05 -2.73111e-05 -1.92947e-07
 -5.38822e-07 -2.21336e-07 1.25663e-05 -1.26723e-05 -8.73733e-08
 -3.07339e-07 -1.23501e-07 6.69622e-06 -6.7567e-06 -4.78797e-08
 -1.37633e-07 -5.41586e-08 2.79401e-06 -2.82111e-06 -2.06338e-08
 -1.97886e-08 -7.67787e-09 3.78768e-07 -3.82377e-07 -2.89179e-09
 -7.10192e-09 -2.70079e-09 1.26047e-07 -1.27363e-07 -1.00001e-09
 0 0 0 0 0
 0 0 0 0 0
 0 0 0 0 0
 0 0 0 0 0
 0 0 0 0 0
 0 0 0 0 0
 0 0 0 0 0
 0 0 0 0 0
 0 0 0 0 0
 0 0 0 0 0
 0 0 0 0 0
 0 0 0 0 0
 0 0 0 0 0
 0 0 0 0 0
 0 0 0 0 0
 0 0 0 0 0
 0 0 0 0 0
 0 0 0 0 0
 0 0 0 0 0
 0 0 0 0 0
 0 0 0 0 0
 0 0 0 0 0
 0 0 0 0 0
 0 0 0 0 0
 0 0 0 0 0
 0 0 0 0 0
 0 0 0 0 0
 0 0 0 0 0
 0 0 0 0 0
 0 0 0 0 0
 0 0 0 0 0
 0 0 0 0 0
 0 0 0 0 0
 0 0 0 0 0
 0 0 0 0 0
 0 0 0 0 0
 0 0 0 0 0
 0 0 0 0 0
 0 0 0 0 0
 0 0 0 0 0
 0 0 0 0 0
 0 0 0 0 0
 0 0 0 0 0
 0 0 0 0 0
 0 0 0 0 0
 0 0 0 0 0
 0 0 0 0 0
 0 0 0 0 0
 0 0 0 0 0
 0 0 0 0 0
 0 0 0 0 0
 0 0 0 0 0
 0 0 0 0 0
 0 0 0 0 0
 0 0 0 0 0
 0 0 0 0 0
 0 0 0 0 0
 0 0 0 0 0
 0 0 0 0 0
 18.8626 16.1131 0.792974 -0.689407 13.7652
 9.85467 8.18549 0.771068 -0.678511 6.79983
 5.94681 4.80666 0.746465 -0.664265 3.88585
 3.91498 3.08151 0.719921 -0.647297 2.42616
 2.73133 2.095 0.692162 -0.628272 1.60753
 1.98406 1.48399 0.662775 -0.606892 1.11053
 1.48522 1.08395 0.632613 -0.583951 0.791606
 1.1378 0.810753 0.60214 -0.559936 0.578173
 0.887333 0.617675 0.571397 -0.534957 0.430381
 0.701109 0.477054 0.539669 -0.508422 0.324972
 0.560281 0.372842 0.508189 -0.481517 0.248441
 0.451444 0.293962 0.476478 -0.453855 0.19171
 0.366255 0.233487 0.445009 -0.425931 0.149108
 0.299938 0.187262 0.416597 -0.400465 0.117145
 0.246313 0.150672 0.387982 -0.374443 0.09237
 0.203899 0.122221 0.363166 -0.351727 0.0734407
 0.168664 0.0991025 0.33763 -0.328056 0.0583878
 0.139376 0.0803003 0.311973 -0.304025 0.0464017
 0.114925 0.0649482 0.28612 -0.279589 0.036823
 0.0945542 0.0524329 0.260572 -0.255258 0.0291768
 0.0776462 0.04226 0.235952 -0.231664 0.0230865
 0.0636644 0.0340165 0.212597 -0.209165 0.0182476
 0.0520633 0.0273183 0.190207 -0.187491 0.0143947
 0.0425484 0.02193 0.16952 -0.167387 0.011353
 0.0347227 0.0175813 0.150537 -0.148875 0.00894308
 0.0283413 0.014101 0.133337 -0.132052 0.00704942
 0.0231431 0.0113119 0.118354 -0.117363 0.00555641
 0.0190232 0.00913267 0.106044 -0.105277 0.00440701
 0.0155906 0.00735046 0.0949075 -0.0943192 0.00348414
 0.0126218 0.00584279 0.0839225 -0.0834817 0.00271976
 0.0101112 0.00459492 0.0734257 -0.073103 0.00210007
 0.00804198 0.00358483 0.0640506 -0.0638202 0.00160723
 0.00630352 0.00275563 0.0550468 -0.0548887 0.00121161
 0.00486693 0.00208542 0.0466654 -0.0465623 0.000898633
 0.00369452 0.00155126 0.0388577 -0.0387951 0.000654878
 0.00277575 0.00114001 0.0322596 -0.0322257 0.000470467
 0.0020673 0.000828676 0.0267522 -0.0267382 0.00033341
 0.00149775 0.00058494 0.0216535 -0.0216523 0.000228893
 0.00105563 0.000400964 0.0170776 -0.0170837 0.000152197
 0.000737402 0.000270647 0.0136322 -0.0136429 9.87858e-05
 0.000509198 0.00017929 0.0109469 -0.01096 6.22483e-05
 0.00034096 0.000113497 0.00880867 -0.00882325 3.66021e-05
 0.00022323 6.89388e-05 0.00709047 -0.00710527 1.98589e-05
 0.000137364 3.79582e-05 0.00555546 -0.00556942 8.84575e-06
 7.70735e-05 1.73577e-05 0.00424058 -0.0042531 2.00625e-06
 3.76702e-05 4.45268e-06 0.00326765 -0.00327878 -2.03826e-06
 1.26252e-05 -2.7721e-06 0.00240402 -0.00241332 -3.86528e-06
 3.91547e-07 -5.47497e-06 0.0017617 -0.00176919 -4.13017e-06
 -6.66373e-06 -6.75221e-06 0.00131315 -0.00131926 -4.07571e-06
 -1.04674e-05 -7.03213e-06 0.000951775 -0.00095665 -3.74425e-06
 -1.04171e-05 -6.10537e-06 0.000684922 -0.000688649 -3.05803e-06
 -9.06075e-06 -4.8866e-06 0.000476216 -0.000478932 -2.34246e-06
 -7.22335e-06 -3.68497e-06 0.000323829 -0.000325735 -1.70932e-06
 -5.95492e-06 -2.88253e-06 0.000225327 -0.000226729 -1.29366e-06
 -4.75133e-06 -2.20231e-06 0.000154396 -0.000155418 -9.5995e-07
 -3.69692e-06 -1.65356e-06 0.000106143 -0.000106901 -7.02438e-07
 -2.57999e-06 -1.12345e-06 6.83411e-05 -6.88593e-05 -4.67436e-07
 -1.72393e-06 -7.32315e-07 4.22787e-05 -4.26204e-05 -2.98757e-07
 -1.00709e-06 -4.18933e-07 2.33388e-05 -2.3538e-05 -1.6797e-07
 -4.56977e-07 -1.87692e-07 1.06505e-05 -1.07417e-05 -7.43695e-08
 -2.63785e-07 -1.05914e-07 5.65915e-06 -5.71182e-06 -4.11909e-08
 -1.06613e-07 -4.19688e-08 2.12809e-06 -2.14936e-06 -1.60528e-08
 -1.66642e-08 -6.47027e-09 3.13386e-07 -3.16483e-07 -2.44674e-09
 -4.66371e-09 -1.77674e-09 8.14131e-08 -8.22974e-08 -6.60957e-10
 0 0 0 0 0
 0 0 0 0 0
 0 0 0 0 0
 0 0 0 0 0
 0 0 0 0 0
 0 0 0 0 0
 0 0 0 0 0
 0 0 0 0 0
 0 0 0 0 0
 0 0 0 0 0
 0 0 0 0 0
 0 0 0 0 0
 0 0 0 0 0
 0 0 0 0 0
 0 0 0 0 0
 0 0 0 0 0
 0 0 0 0 0
 0 0 0 0 0
 0 0 0 0 0
 0 0 0 0 0
 0 0 0 0 0
 0 0 0 0 0
 0 0 0 0 0
 0 0 0 0 0
 0 0 0 0 0
 0 0 0 0 0
 0 0 0 0 0
 0 0 0 0 0
 0 0 0 0 0
 0 0 0 0 0
 0 0 0 0 0
 0 0 0 0 0
 0 0 0 0 0
 0 0 0 0 0
 0 0 0 0 0
 0 0 0 0 0
 0 0 0 0 0
 0 0 0 0 0
 0 0 0 0 0
 0 0 0 0 0
 0 0 0 0 0
 0 0 0 0 0
 0 0 0 0 0
 0 0 0 0 0
 0 0 0 0 0
 0 0 0 0 0
 0 0 0 0 0
 0 0 0 0 0
 0 0 0 0 0
 0 0 0 0 0
 0 0 0 0 0
 0 0 0 0 0
 0 0 0 0 0
 0 0 0 0 0
 0 0 0 0 0
 0 0 0 0 0
 0 0 0 0 0
 0 0 0 0 0
 19.9992 17.2333 0.782319 -0.683348 14.8508
 10.3394 8.66908 0.765548 -0.676519 7.26944
 6.21628 5.07514 0.746005 -0.666387 4.14422
 4.0881 3.25224 0.723636 -0.652893 2.58796
 2.85249 2.21269 0.699147 -0.63663 1.71702
 2.07527 1.57066 0.673194 -0.618197 1.18931
 1.55529 1.14923 0.644996 -0.596954 0.849692
 1.19397 0.861817 0.616735 -0.574882 0.622534
 0.932708 0.658032 0.5872 -0.550959 0.464672
 0.739075 0.509928 0.557188 -0.525965 0.352208
 0.592605 0.400054 0.527367 -0.500568 0.270411
 0.479038 0.316592 0.496507 -0.473686 0.20954
 0.390374 0.252684 0.466466 -0.447099 0.163832
 0.319625 0.202736 0.435842 -0.419538 0.128836
 0.264072 0.164189 0.408502 -0.394731 0.102301
 0.218642 0.133307 0.381 -0.369449 0.081469
 0.181916 0.10879 0.355773 -0.346072 0.0652269
 0.151768 0.0890317 0.332273 -0.324129 0.0523765
 0.126206 0.07265 0.307608 -0.300852 0.0419506
 0.104642 0.0591285 0.282589 -0.277041 0.0335233
 0.0864842 0.0479855 0.257585 -0.253077 0.0267209
 0.0713264 0.0388678 0.233564 -0.229931 0.0212624
 0.0586767 0.0314112 0.210481 -0.20758 0.0168846
 0.048106 0.0253085 0.188101 -0.185812 0.0133728
 0.0394525 0.0203998 0.167855 -0.16606 0.0105965
 0.0322882 0.0164127 0.149017 -0.147623 0.00838258
 0.0264264 0.0132082 0.131971 -0.130895 0.00663439
 0.0216311 0.0106292 0.117011 -0.116185 0.00524978
 0.0178114 0.00860233 0.104717 -0.104082 0.00417677
 0.0146353 0.00694608 0.0937383 -0.0932542 0.00331502
 0.011894 0.00554637 0.08304 -0.0826796 0.0026013
 0.00956692 0.00438235 0.0728408 -0.0725794 0.0020194
 0.00761314 0.00342484 0.0632606 -0.063077 0.00155009
 0.00599852 0.00264724 0.0547288 -0.0546053 0.00117543
 0.00464497 0.00201069 0.0464785 -0.0464004 0.000875675
 0.00353574 0.00150083 0.0387773 -0.0387323 0.000640862
 0.00264482 0.00110045 0.031774 -0.0317519 0.00046046
 0.0019791 0.000803791 0.0265922 -0.0265866 0.000327986
 0.00143592 0.00056869 0.0215623 -0.0215668 0.000225962
 0.00101336 0.000390672 0.0170424 -0.0170521 0.000150773
 0.000706177 0.000263478 0.0135623 -0.0135751 9.80108e-05
 0.000482954 0.000173381 0.0107485 -0.0107627 6.16426e-05
 0.000322302 0.000109437 0.00868383 -0.00869908 3.62242e-05
 0.000204678 6.43519e-05 0.00686412 -0.00687903 1.90191e-05
 0.000127455 3.60798e-05 0.0054307 -0.0054447 8.80358e-06
 7.04459e-05 1.6232e-05 0.00413872 -0.00415116 2.05402e-06
 3.33617e-05 3.90383e-06 0.00316785 -0.00317879 -1.88714e-06
 1.03248e-05 -2.84264e-06 0.00231812 -0.00232718 -3.63533e-06
 -8.711e-07 -5.3487e-06 0.00168176 -0.00168896 -3.89357e-06
 -7.44703e-06 -6.615e-06 0.00124805 -0.00125392 -3.89358e-06
 -1.05924e-05 -6.76188e-06 0.000896925 -0.000901575 -3.54952e-06
 -1.01192e-05 -5.74732e-06 0.000634947 -0.000638431 -2.85207e-06
 -8.71417e-06 -4.59065e-06 0.00043943 -0.000441962 -2.1848e-06
 -6.86479e-06 -3.44103e-06 0.000297516 -0.000299283 -1.58805e-06
 -5.65052e-06 -2.69743e-06 0.000206683 -0.000207991 -1.20586e-06
 -4.45344e-06 -2.04367e-06 0.000140422 -0.000141368 -8.88867e-07
 -3.41316e-06 -1.51637e-06 9.58858e-05 -9.65858e-05 -6.43774e-07
 -2.28971e-06 -9.93492e-07 6.00742e-05 -6.05371e-05 -4.13881e-07
 -1.5355e-06 -6.5017e-07 3.70135e-05 -3.73204e-05 -2.65595e-07
 -8.42642e-07 -3.50258e-07 1.94332e-05 -1.9602e-05 -1.40842e-07
 -4.04728e-07 -1.6586e-07 9.23008e-06 -9.31175e-06 -6.58436e-08
 -2.16769e-07 -8.701e-08 4.58438e-06 -4.62838e-06 -3.39446e-08
 -7.54675e-08 -2.97299e-08 1.47903e-06 -1.49427e-06 -1.14157e-08
 -1.33024e-08 -5.16987e-09 2.45607e-07 -2.48132e-07 -1.96249e-09
 -2.07008e-09 -7.90155e-10 3.55108e-08 -3.59136e-08 -2.95253e-10
 0 0 0 0 0
 0 0 0 0 0
 0 0 0 0 0
 0 0 0 0 0
 0 0 0 0 0
 0 0 0 0 0
 0 0 0 0 0
 0 0 0 0 0
 0 0 0 0 0
 0 0 0 0 0
 0 0 0 0 0
 0 0 0 0 0
 0 0 0 0 0
 0 0 0 0 0
 0 0 0 0 0
 0 0 0 0 0
 0 0 0 0 0
 0 0 0 0 0
 0 0 0 0 0
 0 0 0 0 0
 0 0 0 0 0
 0 0 0 0 0
 0 0 0 0 0
 0 0 0 0 0
 0 0 0 0 0
 0 0 0 0 0
 0 0 0 0 0
 0 0 0 0 0
 0 0 0 0 0
 0 0 0 0 0
 0 0 0 0 0
 0 0 0 0 0
 0 0 0 0 0
 0 0 0 0 0
 0 0 0 0 0
 0 0 0 0 0
 0 0 0 0 0
 0 0 0 0 0
 0 0 0 0 0
 0 0 0 0 0
 0 0 0 0 0
 0 0 0 0 0
 0 0 0 0 0
 0 0 0 0 0
 0 0 0 0 0
 0 0 0 0 0
 0 0 0 0 0
 0 0 0 0 0
 0 0 0 0 0
 0 0 0 0 0
 0 0 0 0 0
 0 0 0 0 0
 0 0 0 0 0
 0 0 0 0 0
 0 0 0 0 0
 0 0 0 0 0
 0 0 0 0 0
 20.8992 18.1535 0.761697 -0.668281 15.7694
 10.6931 9.04375 0.750038 -0.66546 7.64948
 6.40536 5.27834 0.735431 -0.65931 4.35032
 4.21098 3.38328 0.718017 -0.649917 2.71893
 2.94061 2.30503 0.697586 -0.637078 1.80742
 2.14284 1.63975 0.675207 -0.621712 1.25533
 1.61064 1.2039 0.651036 -0.603984 0.900383
 1.23823 0.904583 0.624535 -0.583443 0.661315
 0.969967 0.692933 0.597606 -0.56184 0.495452
 0.770461 0.538522 0.569433 -0.538487 0.376793
 0.618968 0.423509 0.540506 -0.51388 0.290122
 0.502251 0.336555 0.511867 -0.489038 0.225838
 0.410182 0.269333 0.482023 -0.462612 0.177129
 0.337447 0.217203 0.453236 -0.436778 0.140057
 0.278704 0.175942 0.423898 -0.410052 0.111292
 0.231693 0.143502 0.396643 -0.384998 0.0890775
 0.19352 0.117627 0.371116 -0.361333 0.0716727
 0.162093 0.0967125 0.346908 -0.338704 0.0578594
 0.136066 0.0796962 0.324397 -0.317519 0.0468182
 0.113817 0.065463 0.300877 -0.295173 0.0377734
 0.094855 0.0535894 0.276857 -0.272176 0.0303815
 0.0787414 0.0437097 0.252677 -0.248878 0.0243544
 0.0651718 0.0355532 0.229249 -0.226193 0.019473
 0.0537701 0.0288343 0.206596 -0.20416 0.0155282
 0.0442098 0.0233131 0.184666 -0.182748 0.0123488
 0.0363309 0.0188417 0.164626 -0.163126 0.0098175
 0.0297566 0.0151831 0.145572 -0.144412 0.00778503
 0.0244492 0.0122717 0.129286 -0.128391 0.00619082
 0.0200707 0.00991033 0.114644 -0.113958 0.00491923
 0.0164796 0.00800512 0.101706 -0.101183 0.00390976
 0.0136322 0.00650968 0.0917333 -0.091335 0.00312623
 0.0111192 0.00521999 0.0814227 -0.081128 0.00246511
 0.00897358 0.00414091 0.0715353 -0.0713233 0.00192257
 0.00715147 0.0032435 0.0620494 -0.0619025 0.00148036
 0.00565459 0.00251731 0.0538478 -0.0537511 0.00112782
 0.00438845 0.00191785 0.0457359 -0.0456768 0.000843542
 0.00334757 0.00143533 0.0382438 -0.038212 0.000619347
 0.00250817 0.00105491 0.0313563 -0.0313429 0.000446424
 0.00187358 0.000770042 0.0261467 -0.0261466 0.000318217
 0.00136 0.000545557 0.0212078 -0.0212155 0.000219788
 0.000959775 0.00037508 0.0167786 -0.0167902 0.000146941
 0.000666921 0.00025253 0.0133225 -0.0133362 9.55283e-05
 0.0004533 0.000165273 0.0105324 -0.010547 5.98457e-05
 0.000300548 0.000103843 0.00846633 -0.00848158 3.51458e-05
 0.000189393 6.07144e-05 0.00666659 -0.00668128 1.84583e-05
 0.000116469 3.3649e-05 0.00524587 -0.00525949 8.51692e-06
 6.31592e-05 1.47793e-05 0.00398745 -0.00399951 1.96564e-06
 2.87867e-05 3.19963e-06 0.00303232 -0.00304284 -1.80107e-06
 7.98805e-06 -2.94906e-06 0.00220351 -0.00221214 -3.4156e-06
 -2.15808e-06 -5.26359e-06 0.0015857 -0.00159251 -3.67543e-06
 -8.15476e-06 -6.47185e-06 0.00117211 -0.00117767 -3.71066e-06
 -1.0544e-05 -6.43468e-06 0.000832975 -0.000837325 -3.33102e-06
 -9.61917e-06 -5.32132e-06 0.000579731 -0.00058292 -2.61915e-06
 -8.21895e-06 -4.24469e-06 0.000399356 -0.00040167 -2.00738e-06
 -6.46003e-06 -3.1865e-06 0.0002699 -0.000271517 -1.46312e-06
 -5.28758e-06 -2.49343e-06 0.000186878 -0.000188079 -1.11059e-06
 -4.14878e-06 -1.88684e-06 0.000127024 -0.000127901 -8.18831e-07
 -3.09008e-06 -1.36514e-06 8.50758e-05 -8.571e-05 -5.79346e-07
 -2.03839e-06 -8.80883e-07 5.25372e-05 -5.29516e-05 -3.67162e-07
 -1.32839e-06 -5.61127e-07 3.15487e-05 -3.18171e-05 -2.29562e-07
 -6.66206e-07 -2.77066e-07 1.54346e-05 -1.557e-05 -1.11797e-07
 -3.48093e-07 -1.4241e-07 7.76955e-06 -7.84071e-06 -5.66418e-08
 -1.71894e-07 -6.89882e-08 3.57351e-06 -3.60899e-06 -2.69925e-08
 -4.28731e-08 -1.69209e-08 8.27389e-07 -8.3605e-07 -6.52665e-09
 -9.79083e-09 -3.80961e-09 1.77422e-07 -1.79326e-07 -1.45148e-09
 0 0 0 0 0
 0 0 0 0 0
 0 0 0 0 0
 0 0 0 0 0
 0 0 0 0 0
 0 0 0 0 0
 0 0 0 0 0
 0 0 0 0 0
 0 0 0 0 0
 0 0 0 0 0
 0 0 0 0 0
 0 0 0 0 0
 0 0 0 0 0
 0 0 0 0 0
 0 0 0 0 0
 0 0 0 0 0
 0 0 0 0 0
 0 0 0 0 0
 0 0 0 0 0
 0 0 0 0 0
 0 0 0 0 0
 0 0 0 0 0
 0 0 0 0 0
 0 0 0 0 0
 0 0 0 0 0
 0 0 0 0 0
 0 0 0 0 0
 0 0 0 0 0
 0 0 0 0 0
 0 0 0 0 0
 0 0 0 0 0
 0 0 0 0 0
 0 0 0 0 0
 0 0 0 0 0
 0 0 0 0 0
 0 0 0 0 0
 0 0 0 0 0
 0 0 0 0 0
 0 0 0 0 0
 0 0 0 0 0
 0 0 0 0 0
 0 0 0 0 0
 0 0 0 0 0
 0 0 0 0 0
 0 0 0 0 0
 0 0 0 0 0
 0 0 0 0 0
 0 0 0 0 0
 0 0 0 0 0
 0 0 0 0 0
 0 0 0 0 0
 0 0 0 0 0
 0 0 0 0 0
 0 0 0 0 0
 0 0 0 0 0
 0 0 0 0 0
 0 0 0 0 0
 21.5587 18.8651 0.732966 -0.645746 16.5088
 10.9185 9.30867 0.726309 -0.646807 7.93691
 6.51712 5.41695 0.716502 -0.644499 4.50317
 4.28262 3.47264 0.703771 -0.638955 2.81648
 2.99547 2.37101 0.688245 -0.630252 1.87732
 2.18696 1.69078 0.669703 -0.618173 1.30773
 1.64753 1.24482 0.648882 -0.603355 0.941058
 1.27142 0.939333 0.626677 -0.586622 0.69445
 0.998083 0.721434 0.601807 -0.566838 0.52189
 0.794934 0.562436 0.575898 -0.545516 0.398324
 0.640616 0.443872 0.549393 -0.523105 0.307902
 0.520777 0.353546 0.521622 -0.499031 0.240334
 0.426892 0.284075 0.494051 -0.474711 0.189324
 0.351802 0.229593 0.465338 -0.448914 0.150094
 0.291775 0.186817 0.437621 -0.423716 0.119846
 0.242841 0.152618 0.409529 -0.397842 0.0961208
 0.203269 0.125435 0.383282 -0.373469 0.0775867
 0.170943 0.103601 0.358993 -0.350755 0.0629501
 0.144089 0.0857825 0.335952 -0.32905 0.0512147
 0.121538 0.0710871 0.313953 -0.308186 0.0417069
 0.102325 0.0588053 0.292277 -0.287485 0.0339078
 0.0856842 0.0483988 0.269351 -0.265422 0.0274365
 0.0714106 0.0396566 0.246083 -0.242898 0.0221075
 0.05929 0.0323768 0.223363 -0.220803 0.0177528
 0.049011 0.0263258 0.200995 -0.198962 0.0142022
 0.0404162 0.0213584 0.179862 -0.178262 0.0113388
 0.0332328 0.0172835 0.159852 -0.158606 0.00903192
 0.0273159 0.0139839 0.141596 -0.140631 0.00719461
 0.0224265 0.0113015 0.125147 -0.124405 0.00572471
 0.0185009 0.00917642 0.111362 -0.110791 0.00457585
 0.0152263 0.00743375 0.0988067 -0.0983717 0.00364943
 0.012585 0.00604396 0.0887475 -0.0884192 0.00291943
 0.0103222 0.00487607 0.0791679 -0.0789254 0.00231729
 0.00835475 0.00388165 0.0696416 -0.0694682 0.00181473
 0.00667587 0.00305021 0.0604863 -0.0603673 0.00140266
 0.00528654 0.00237248 0.0524931 -0.0524163 0.00107175
 0.00411006 0.00181183 0.0446187 -0.0445733 0.00080405
 0.00313933 0.00135865 0.0373235 -0.0373007 0.000591936
 0.00235433 0.00100015 0.0306001 -0.0305921 0.000427675
 0.0017555 0.000729393 0.0254484 -0.0254514 0.00030489
 0.00127385 0.000517006 0.0206319 -0.0206412 0.000210905
 0.000897975 0.000355328 0.0163169 -0.016329 0.000141105
 0.000621553 0.000238473 0.0129388 -0.0129526 9.15517e-05
 0.00041994 0.000155259 0.0101996 -0.0102139 5.71392e-05
 0.000276519 9.702e-05 0.00816308 -0.00817782 3.34718e-05
 0.000172618 5.62535e-05 0.0064024 -0.00641646 1.75003e-05
 0.000104582 3.06779e-05 0.00501487 -0.00502783 7.96382e-06
 5.55397e-05 1.31001e-05 0.00379453 -0.00380597 1.76714e-06
 2.41528e-05 2.40252e-06 0.00286703 -0.00287695 -1.76478e-06
 5.74631e-06 -3.05655e-06 0.00206528 -0.00207333 -3.20005e-06
 -3.42153e-06 -5.21093e-06 0.00147733 -0.00148368 -3.47734e-06
 -8.68633e-06 -6.28382e-06 0.00108652 -0.00109171 -3.51278e-06
 -1.03089e-05 -6.04962e-06 0.000762073 -0.000766077 -3.09048e-06
 -9.17017e-06 -4.94163e-06 0.000525498 -0.000528406 -2.40974e-06
 -7.59468e-06 -3.85732e-06 0.000357102 -0.000359175 -1.81426e-06
 -6.07132e-06 -2.9491e-06 0.000243268 -0.000244748 -1.34668e-06
 -4.86886e-06 -2.27182e-06 0.000166382 -0.000167468 -1.00862e-06
 -3.80265e-06 -1.71614e-06 0.000113151 -0.000113952 -7.43318e-07
 -2.73485e-06 -1.20274e-06 7.39887e-05 -7.45527e-05 -5.10388e-07
 -1.80867e-06 -7.78398e-07 4.55086e-05 -4.58787e-05 -3.24475e-07
 -1.1114e-06 -4.68714e-07 2.60861e-05 -2.63135e-05 -1.9208e-07
 -5.08779e-07 -2.11892e-07 1.19292e-05 -1.20343e-05 -8.5825e-08
 -2.88768e-07 -1.18003e-07 6.3129e-06 -6.37292e-06 -4.70258e-08
 -1.29627e-07 -5.20171e-08 2.63481e-06 -2.66201e-06 -2.04065e-08
 -1.79987e-08 -7.13617e-09 3.45786e-07 -3.49287e-07 -2.77087e-09
 -6.30846e-09 -2.45797e-09 1.12153e-07 -1.13412e-07 -9.3985e-10
 0 0 0 0 0
 0 0 0 0 0
 0 0 0 0 0
 0 0 0 0 0
 0 0 0 0 0
 0 0 0 0 0
 0 0 0 0 0
 0 0 0 0 0
 0 0 0 0 0
 0 0 0 0 0
 0 0 0 0 0
 0 0 0 0 0
 0 0 0 0 0
 0 0 0 0 0
 0 0 0 0 0
 0 0 0 0 0
 0 0 0 0 0
 0 0 0 0 0
 0 0 0 0 0
 0 0 0 0 0
 0 0 0 0 0
 0 0 0 0 0
 0 0 0 0 0
 0 0 0 0 0
 0 0 0 0 0
 0 0 0 0 0
 0 0 0 0 0
 0 0 0 0 0
 0 0 0 0 0
 0 0 0 0 0
 0 0 0 0 0
 0 0 0 0 0
 0 0 0 0 0
 0 0 0 0 0
 0 0 0 0 0
 0 0 0 0 0
 0 0 0 0 0
 0 0 0 0 0
 0 0 0 0 0
 0 0 0 0 0
 0 0 0 0 0
 0 0 0 0 0
 0 0 0 0 0
 0 0 0 0 0
 0 0 0 0 0
 0 0 0 0 0
 0 0 0 0 0
 0 0 0 0 0
 0 0 0 0 0
 0 0 0 0 0
 0 0 0 0 0
 0 0 0 0 0
 0 0 0 0 0
 0 0 0 0 0
 0 0 0 0 0
 0 0 0 0 0
 21.9895 19.3739 0.698179 -0.617487 17.0701
 11.0238 9.46858 0.696096 -0.622055 8.13343
 6.55762 5.49448 0.690907 -0.623411 4.60433
 4.30737 3.52278 0.682614 -0.621487 2.88169
 3.01661 2.40957 0.671458 -0.616438 1.92524
 2.2082 1.72368 0.65754 -0.608322 1.34598
 1.66834 1.27333 0.640659 -0.596936 0.972325
 1.29087 0.963833 0.621504 -0.582885 0.720109
 1.01772 0.743762 0.600905 -0.566941 0.543963
 0.81301 0.581838 0.577574 -0.547939 0.416781
 0.657169 0.460767 0.553419 -0.527666 0.323412
 0.535822 0.368236 0.527803 -0.505563 0.253383
 0.440046 0.296553 0.501149 -0.482063 0.200139
 0.3639 0.240582 0.474617 -0.458301 0.159313
 0.302256 0.19613 0.446992 -0.433154 0.1275
 0.252452 0.160842 0.420239 -0.408544 0.102684
 0.211563 0.132403 0.393405 -0.383584 0.0830493
 0.17822 0.109598 0.368293 -0.360056 0.0675641
 0.150696 0.0910833 0.344767 -0.337867 0.0552007
 0.127877 0.0759742 0.323433 -0.317647 0.0452703
 0.108472 0.0633557 0.30273 -0.297897 0.0371222
 0.0917792 0.052703 0.282263 -0.278251 0.030368
 0.0771876 0.0435904 0.260476 -0.257188 0.0247078
 0.0645578 0.0358639 0.238159 -0.235496 0.0200022
 0.0537477 0.0293768 0.216234 -0.214098 0.0161238
 0.0445291 0.0239529 0.194535 -0.192841 0.0129419
 0.0367855 0.0194782 0.173963 -0.172631 0.0103621
 0.0302988 0.0157975 0.154471 -0.153434 0.00827683
 0.0249473 0.0128106 0.136693 -0.13589 0.0066117
 0.0205227 0.0103795 0.120759 -0.120141 0.00527702
 0.0169601 0.00844725 0.10736 -0.106884 0.00423011
 0.0139882 0.00686123 0.0952725 -0.0949092 0.00338437
 0.0115847 0.00559261 0.0855833 -0.0853083 0.0027157
 0.00952533 0.00452555 0.0764104 -0.0762083 0.00216327
 0.00772855 0.00361343 0.0672733 -0.0671293 0.00170017
 0.00618856 0.00284694 0.0584829 -0.0583845 0.00131831
 0.0049065 0.00221838 0.0507523 -0.0506898 0.00100977
 0.00381893 0.00169705 0.0431478 -0.0431118 0.000759318
 0.00291887 0.00127418 0.0360829 -0.0360657 0.000560083
 0.00218952 0.000938792 0.0295619 -0.0295568 0.000405297
 0.00162164 0.000680814 0.0243441 -0.024348 0.000287693
 0.00118087 0.000484417 0.0198688 -0.0198782 0.000199861
 0.000830501 0.000332383 0.0156916 -0.0157032 0.00013362
 0.000572156 0.000222133 0.0124297 -0.0124428 8.64025e-05
 0.000384253 0.000143861 0.0097685 -0.009782 5.37133e-05
 0.000251122 8.93042e-05 0.00778879 -0.00780262 3.13213e-05
 0.000155066 5.12377e-05 0.00608233 -0.00609548 1.62418e-05
 9.22592e-05 2.73409e-05 0.00474631 -0.00475846 7.20544e-06
 4.77607e-05 1.12372e-05 0.00356929 -0.00357996 1.46281e-06
 1.96447e-05 1.57431e-06 0.00267797 -0.00268718 -1.76017e-06
 3.62102e-06 -3.17333e-06 0.00190974 -0.00191713 -2.99968e-06
 -4.51823e-06 -5.13334e-06 0.00135835 -0.0013642 -3.2776e-06
 -9.01608e-06 -6.04427e-06 0.0009939 -0.000998675 -3.29943e-06
 -9.87992e-06 -5.60643e-06 0.000686306 -0.000689923 -2.82933e-06
 -8.67058e-06 -4.56217e-06 0.000471273 -0.0004739 -2.20437e-06
 -6.8856e-06 -3.44877e-06 0.000314794 -0.000316617 -1.61465e-06
 -5.64855e-06 -2.70629e-06 0.000216818 -0.000218161 -1.22934e-06
 -4.46136e-06 -2.06128e-06 0.000146716 -0.000147694 -9.12125e-07
 -3.42247e-06 -1.53455e-06 9.91267e-05 -9.98467e-05 -6.63617e-07
 -2.35476e-06 -1.03207e-06 6.2877e-05 -6.33662e-05 -4.38117e-07
 -1.5642e-06 -6.70997e-07 3.84951e-05 -3.88183e-05 -2.79798e-07
 -8.92683e-07 -3.76171e-07 2.07978e-05 -2.09831e-05 -1.54462e-07
 -4.08094e-07 -1.6992e-07 9.5135e-06 -9.599e-06 -6.89894e-08
 -2.27768e-07 -9.30233e-08 4.88879e-06 -4.93711e-06 -3.71484e-08
 -8.73408e-08 -3.50636e-08 1.73769e-06 -1.75631e-06 -1.37948e-08
 -1.38066e-08 -5.47669e-09 2.59157e-07 -2.61912e-07 -2.13233e-09
 -3.05651e-09 -1.19255e-09 5.31723e-08 -5.38015e-08 -4.5752e-10
 0 0 0 0 0
 0 0 0 0 0
 0 0 0 0 0
 0 0 0 0 0
 0 0 0 0 0
 0 0 0 0 0
 0 0 0 0 0
 0 0 0 0 0
 0 0 0 0 0
 0 0 0 0 0
 0 0 0 0 0
 0 0 0 0 0
 0 0 0 0 0
 0 0 0 0 0
 0 0 0 0 0
 0 0 0 0 0
 0 0 0 0 0
 0 0 0 0 0
 0 0 0 0 0
 0 0 0 0 0
 0 0 0 0 0
 0 0 0 0 0
 0 0 0 0 0
 0 0 0 0 0
 0 0 0 0 0
 0 0 0 0 0
 0 0 0 0 0
 0 0 0 0 0
 0 0 0 0 0
 0 0 0 0 0
 0 0 0 0 0
 0 0 0 0 0
 0 0 0 0 0
 0 0 0 0 0
 0 0 0 0 0
 0 0 0 0 0
 0 0 0 0 0
 0 0 0 0 0
 0 0 0 0 0
 0 0 0 0 0
 0 0 0 0 0
 0 0 0 0 0
 0 0 0 0 0
 0 0 0 0 0
 0 0 0 0 0
 0 0 0 0 0
 0 0 0 0 0
 0 0 0 0 0
 0 0 0 0 0
 0 0 0 0 0
 0 0 0 0 0
 0 0 0 0 0
 0 0 0 0 0
 0 0 0 0 0
 0 0 0 0 0
 22.207 19.6896 0.65914 -0.585062 17.4581
 11.0206 9.5315 0.661123 -0.592708 8.24421
 6.53424 5.51597 0.660158 -0.597385 4.65696
 4.29082 3.53744 0.656122 -0.598909 2.9169
 3.00858 2.42371 0.649028 -0.597235 1.95307
 2.2072 1.73847 0.639147 -0.592547 1.36978
 1.67305 1.28906 0.626613 -0.584945 0.993667
 1.2988 0.979425 0.611141 -0.574145 0.739017
 1.02709 0.758426 0.593477 -0.560816 0.560444
 0.824335 0.596322 0.574363 -0.545652 0.431754
 0.668319 0.473854 0.552453 -0.527418 0.336318
 0.546931 0.380236 0.529628 -0.50789 0.264662
 0.450607 0.307305 0.505228 -0.486476 0.209863
 0.373339 0.249872 0.479646 -0.463574 0.167496
 0.311108 0.204423 0.454124 -0.440404 0.134557
 0.260176 0.167918 0.427502 -0.415883 0.108587
 0.218673 0.138674 0.401761 -0.391955 0.0881308
 0.184369 0.114931 0.376073 -0.367845 0.0718137
 0.156223 0.0957592 0.352125 -0.345229 0.0588478
 0.13287 0.080102 0.329888 -0.324113 0.048425
 0.113379 0.0672303 0.309834 -0.304993 0.039986
 0.0966717 0.0563886 0.290384 -0.286342 0.0329989
 0.0821797 0.0471544 0.271217 -0.267862 0.0271522
 0.0693845 0.0391751 0.250567 -0.247819 0.022202
 0.0582129 0.0323492 0.229227 -0.227003 0.0180488
 0.0485796 0.0265738 0.208144 -0.206362 0.0145984
 0.0403215 0.0217182 0.187187 -0.185774 0.0117507
 0.0333546 0.017694 0.1672 -0.166091 0.00943075
 0.0275097 0.014377 0.148286 -0.147421 0.00755069
 0.0226837 0.0116815 0.131071 -0.130399 0.00604652
 0.0186926 0.00948567 0.115711 -0.115192 0.00483902
 0.0154747 0.00773718 0.102823 -0.102423 0.00388966
 0.0127885 0.00630006 0.0912533 -0.0909458 0.00312118
 0.0106123 0.00514794 0.0820075 -0.0817747 0.00251197
 0.00874475 0.00417687 0.0732722 -0.0731006 0.00200734
 0.0071092 0.00334332 0.0645464 -0.064424 0.00158238
 0.00570167 0.00263966 0.0561332 -0.0560495 0.00123019
 0.00452414 0.00205965 0.0487071 -0.0486542 0.000944083
 0.00352298 0.00157699 0.0414397 -0.0414095 0.000710851
 0.00269263 0.00118487 0.0345848 -0.0345705 0.000525094
 0.00201894 0.000872967 0.0283321 -0.0283281 0.000380148
 0.00149276 0.000632491 0.0232645 -0.0232682 0.000269832
 0.00108389 0.00044897 0.0189607 -0.0189693 0.000187135
 0.000759968 0.000307341 0.0149343 -0.0149448 0.000124936
 0.000520513 0.000204237 0.0118213 -0.0118332 8.03693e-05
 0.000347458 0.000131568 0.0092575 -0.00926983 4.97588e-05
 0.000225109 8.09907e-05 0.00735831 -0.007371 2.88048e-05
 0.000137316 4.58952e-05 0.0057177 -0.00572975 1.47683e-05
 8.00594e-05 2.38766e-05 0.00444522 -0.00445642 6.34018e-06
 4.01669e-05 9.32675e-06 0.00331819 -0.003328 1.10416e-06
 1.5422e-05 7.7329e-07 0.00247096 -0.00247937 -1.76786e-06
 1.6598e-06 -3.28954e-06 0.00174244 -0.00174912 -2.81558e-06
 -5.5049e-06 -5.06272e-06 0.00123403 -0.00123936 -3.09352e-06
 -9.11792e-06 -5.74383e-06 0.000896608 -0.000900942 -3.06802e-06
 -9.256e-06 -5.10588e-06 0.000607638 -0.000610844 -2.54888e-06
 -8.0258e-06 -4.13991e-06 0.000416147 -0.000418478 -1.98463e-06
 -6.31309e-06 -3.11497e-06 0.000276811 -0.000278428 -1.44981e-06
 -5.16827e-06 -2.44725e-06 0.000190342 -0.000191543 -1.10658e-06
 -4.02302e-06 -1.84327e-06 0.000127517 -0.000128386 -8.13346e-07
 -3.02075e-06 -1.34711e-06 8.53175e-05 -8.5955e-05 -5.8185e-07
 -1.98459e-06 -8.67467e-07 5.23892e-05 -5.28053e-05 -3.68432e-07
 -1.30971e-06 -5.60497e-07 3.16359e-05 -3.19102e-05 -2.33875e-07
 -6.76357e-07 -2.85119e-07 1.57993e-05 -1.59422e-05 -1.17376e-07
 -3.39548e-07 -1.41116e-07 7.70621e-06 -7.77862e-06 -5.7351e-08
 -1.70228e-07 -6.95134e-08 3.58945e-06 -3.62635e-06 -2.78199e-08
 -4.79226e-08 -1.92622e-08 9.34192e-07 -9.44483e-07 -7.6032e-09
 -9.63775e-09 -3.82589e-09 1.76774e-07 -1.78754e-07 -1.49365e-09
 0 0 0 0 0
 0 0 0 0 0
 0 0 0 0 0
 0 0 0 0 0
 0 0 0 0 0
 0 0 0 0 0
 0 0 0 0 0
 0 0 0 0 0
 0 0 0 0 0
 0 0 0 0 0
 0 0 0 0 0
 0 0 0 0 0
 0 0 0 0 0
 0 0 0 0 0
 0 0 0 0 0
 0 0 0 0 0
 0 0 0 0 0
 0 0 0 0 0
 0 0 0 0 0
 0 0 0 0 0
 0 0 0 0 0
 0 0 0 0 0
 0 0 0 0 0
 0 0 0 0 0
 0 0 0 0 0
 0 0 0 0 0
 0 0 0 0 0
 0 0 0 0 0
 0 0 0 0 0
 0 0 0 0 0
 0 0 0 0 0
 0 0 0 0 0
 0 0 0 0 0
 0 0 0 0 0
 0 0 0 0 0
 0 0 0 0 0
 0 0 0 0 0
 0 0 0 0 0
 0 0 0 0 0
 0 0 0 0 0
 0 0 0 0 0
 0 0 0 0 0
 0 0 0 0 0
 0 0 0 0 0
 0 0 0 0 0
 0 0 0 0 0
 0 0 0 0 0
 0 0 0 0 0
 0 0 0 0 0
 0 0 0 0 0
 0 0 0 0 0
 0 0 0 0 0
 0 0 0 0 0
 0 0 0 0 0
 0 0 0 0 0
 22.2491 19.843 0.617834 -0.550225 17.6977
 10.9255 9.51033 0.623078 -0.560263 8.27897
 6.45541 5.48759 0.625718 -0.567723 4.66542
 4.23758 3.51983 0.625487 -0.5723 2.92417
 2.97507 2.41592 0.622278 -0.573833 1.96235
 2.18729 1.73742 0.616126 -0.572299 1.38054
 1.66267 1.29252 0.607317 -0.567912 1.00522
 1.29552 0.986108 0.595927 -0.560714 0.751008
 1.02812 0.766631 0.581659 -0.550418 0.572037
 0.828091 0.605163 0.565559 -0.537979 0.442613
 0.674566 0.483348 0.547559 -0.523343 0.346671
 0.553838 0.389272 0.526936 -0.505837 0.273915
 0.458118 0.31597 0.505379 -0.487075 0.218212
 0.380853 0.257873 0.482129 -0.466354 0.174862
 0.317966 0.211439 0.457553 -0.444052 0.140836
 0.266733 0.174259 0.432997 -0.421488 0.114056
 0.224398 0.144097 0.407315 -0.397583 0.0927217
 0.189658 0.119749 0.382577 -0.37437 0.075779
 0.160774 0.0998525 0.357971 -0.351091 0.0621676
 0.136972 0.0837033 0.335212 -0.329446 0.0512869
 0.117131 0.0704426 0.314258 -0.309428 0.042486
 0.100482 0.0594732 0.295542 -0.291491 0.0353103
 0.0860942 0.0501547 0.277402 -0.274019 0.0293157
 0.0734954 0.04214 0.259466 -0.256658 0.0242483
 0.0622678 0.0351486 0.239946 -0.237647 0.0199164
 0.052385 0.0291178 0.219627 -0.217767 0.0162508
 0.0437972 0.0239756 0.199327 -0.197839 0.0131815
 0.0364026 0.0196314 0.179102 -0.177922 0.0106351
 0.030144 0.0160181 0.159781 -0.158854 0.00855233
 0.0248873 0.0130349 0.141497 -0.140772 0.00686105
 0.0205462 0.010609 0.124913 -0.124348 0.00550612
 0.0169563 0.00863158 0.110173 -0.109733 0.00441724
 0.0140622 0.00705622 0.0978942 -0.0975517 0.00356011
 0.0116428 0.0057588 0.08689 -0.0866258 0.00286458
 0.00968075 0.00471711 0.0781456 -0.0779443 0.00231208
 0.00799218 0.00383632 0.0698593 -0.0697102 0.00185284
 0.00650705 0.00307676 0.0615531 -0.061446 0.00146415
 0.00522424 0.00243293 0.053525 -0.0534512 0.00114058
 0.00414703 0.00190007 0.0464292 -0.0463823 0.000876567
 0.00322876 0.00145528 0.0394672 -0.03944 0.000660572
 0.00246615 0.00109331 0.0328824 -0.032869 0.000488193
 0.00184699 0.000805018 0.0268847 -0.0268803 0.000353428
 0.00136872 0.000584569 0.0222294 -0.0222323 0.000251437
 0.000985608 0.000411897 0.0179353 -0.0179424 0.000173278
 0.000687997 0.000280858 0.0140851 -0.0140938 0.000115311
 0.000468063 0.000185397 0.0111398 -0.0111503 7.37053e-05
 0.000310588 0.000118817 0.00868392 -0.00869492 4.54547e-05
 0.000199152 7.23635e-05 0.00688482 -0.00689626 2.60376e-05
 0.000119773 4.03883e-05 0.00532077 -0.00533166 1.31415e-05
 6.83042e-05 2.04179e-05 0.00412001 -0.00413019 5.42026e-06
 3.3025e-05 7.47869e-06 0.00304784 -0.00305673 7.34162e-07
 1.16158e-05 5.18574e-08 0.00225147 -0.00225904 -1.76868e-06
 -3.08488e-07 -3.49217e-06 0.0015726 -0.00157862 -2.69123e-06
 -6.35274e-06 -4.9893e-06 0.0011084 -0.00111323 -2.92292e-06
 -8.97908e-06 -5.37726e-06 0.000796879 -0.000800756 -2.81712e-06
 -8.56967e-06 -4.60733e-06 0.000530141 -0.000532946 -2.27576e-06
 -7.2525e-06 -3.68112e-06 0.000361284 -0.000363312 -1.75328e-06
 -5.76689e-06 -2.80552e-06 0.000241175 -0.000242605 -1.29797e-06
 -4.65015e-06 -2.17992e-06 0.000164506 -0.000165567 -9.81783e-07
 -3.60877e-06 -1.64119e-06 0.000110455 -0.000111233 -7.22213e-07
 -2.59872e-06 -1.15399e-06 7.18669e-05 -7.24188e-05 -4.98072e-07
 -1.71304e-06 -7.45789e-07 4.39234e-05 -4.42862e-05 -3.16549e-07
 -1.05339e-06 -4.50134e-07 2.51008e-05 -2.5325e-05 -1.88022e-07
 -4.77154e-07 -2.01543e-07 1.13692e-05 -1.14717e-05 -8.32646e-08
 -2.70557e-07 -1.12302e-07 5.98912e-06 -6.04807e-06 -4.56939e-08
 -1.213e-07 -4.95167e-08 2.48977e-06 -2.5166e-06 -1.98538e-08
 -1.65471e-08 -6.68117e-09 3.2128e-07 -3.24677e-07 -2.65321e-09
 -5.67227e-09 -2.25393e-09 1.01679e-07 -1.02883e-07 -8.82333e-10
 0 0 0 0 0
 0 0 0 0 0
 0 0 0 0 0
 0 0 0 0 0
 0 0 0 0 0
 0 0 0 0 0
 0 0 0 0 0
 0 0 0 0 0
 0 0 0 0 0
 0 0 0 0 0
 0 0 0 0 0
 0 0 0 0 0
 0 0 0 0 0
 0 0 0 0 0
 0 0 0 0 0
 0 0 0 0 0
 0 0 0 0 0
 0 0 0 0 0
 0 0 0 0 0
 0 0 0 0 0
 0 0 0 0 0
 0 0 0 0 0
 0 0 0 0 0
 0 0 0 0 0
 0 0 0 0 0
 0 0 0 0 0
 0 0 0 0 0
 0 0 0 0 0
 0 0 0 0 0
 0 0 0 0 0
 0 0 0 0 0
 0 0 0 0 0
 0 0 0 0 0
 0 0 0 0 0
 0 0 0 0 0
 0 0 0 0 0
 0 0 0 0 0
 0 0 0 0 0
 0 0 0 0 0
 0 0 0 0 0
 0 0 0 0 0
 0 0 0 0 0
 0 0 0 0 0
 0 0 0 0 0
 0 0 0 0 0
 0 0 0 0 0
 0 0 0 0 0
 0 0 0 0 0
 0 0 0 0 0
 0 0 0 0 0
 0 0 0 0 0
 0 0 0 0 0
 0 0 0 0 0
 0 0 0 0 0
 22.1319 19.8465 0.575448 -0.514027 17.7976
 10.7582 9.42108 0.583524 -0.526118 8.25077
 6.33563 5.4211 0.589277 -0.535956 4.63908
 4.15738 3.47759 0.592353 -0.543157 2.90944
 2.92188 2.39061 0.592556 -0.547479 1.95639
 2.15221 1.7232 0.589834 -0.548821 1.38014
 1.64015 1.28574 0.584421 -0.547347 1.00834
 1.28183 0.984308 0.576414 -0.54311 0.756237
 1.02105 0.768389 0.565762 -0.536042 0.578621
 0.825393 0.609008 0.55269 -0.526338 0.4497
 0.674994 0.488511 0.537636 -0.514394 0.353873
 0.557006 0.395563 0.520868 -0.500474 0.281214
 0.462301 0.322288 0.501392 -0.483641 0.224958
 0.385975 0.264236 0.48103 -0.465641 0.181148
 0.323401 0.217498 0.45885 -0.445602 0.146507
 0.271795 0.179643 0.435214 -0.423891 0.118946
 0.229333 0.149017 0.411591 -0.40195 0.0970192
 0.193934 0.123945 0.386779 -0.378636 0.0793845
 0.16474 0.103589 0.363093 -0.356231 0.0652893
 0.140324 0.0868492 0.339452 -0.333701 0.0538893
 0.12016 0.07322 0.317899 -0.313077 0.0447388
 0.103279 0.061971 0.298222 -0.294178 0.0372942
 0.08905 0.0526159 0.280882 -0.277487 0.0311871
 0.0766537 0.0446001 0.264137 -0.261298 0.0260383
 0.0656756 0.0376288 0.2473 -0.244946 0.0216378
 0.0558077 0.0314943 0.228822 -0.226894 0.0178422
 0.0470533 0.0261597 0.209463 -0.207904 0.0146037
 0.0393985 0.0215821 0.189993 -0.188744 0.0118739
 0.0327782 0.0176966 0.170518 -0.169528 0.009598
 0.0271621 0.0144563 0.151881 -0.151101 0.00773085
 0.0224427 0.0117785 0.134269 -0.133658 0.00621243
 0.0185471 0.00960058 0.118366 -0.117885 0.00499519
 0.0153265 0.00782478 0.1043 -0.103922 0.00401604
 0.0127332 0.00641053 0.0927133 -0.0924167 0.00324506
 0.0105615 0.00524349 0.0822988 -0.0820666 0.00261798
 0.00879983 0.00430553 0.0741333 -0.0739554 0.00211902
 0.00727573 0.00350848 0.0662603 -0.0661274 0.00170229
 0.00592945 0.00281779 0.0583742 -0.0582777 0.00134767
 0.00476319 0.00223043 0.0507278 -0.0506603 0.00105141
 0.00378069 0.00174251 0.0439843 -0.0439407 0.000808666
 0.00294122 0.00133418 0.0373318 -0.0373057 0.000609519
 0.0022435 0.00100151 0.0310293 -0.0310154 0.000450338
 0.0016767 0.000736206 0.0253094 -0.0253037 0.000325645
 0.00123911 0.000533238 0.020931 -0.0209323 0.000231143
 0.0008881 0.00037417 0.01682 -0.0168252 0.000158733
 0.000616078 0.000253618 0.0131667 -0.0131738 0.000105049
 0.00041622 0.000166268 0.0103949 -0.010404 6.67078e-05
 0.000274393 0.00010571 0.0081437 -0.00815352 4.07491e-05
 0.000173926 6.37281e-05 0.00637959 -0.00638976 2.31531e-05
 0.000102527 3.47407e-05 0.00490691 -0.00491667 1.13622e-05
 5.7108e-05 1.70107e-05 0.00378032 -0.00378951 4.46134e-06
 2.65205e-05 5.77274e-06 0.00276487 -0.00277283 3.85097e-07
 8.222e-06 -5.94832e-07 0.00202598 -0.00203273 -1.76748e-06
 -2.02518e-06 -3.67082e-06 0.00140487 -0.00141027 -2.58119e-06
 -7.11899e-06 -5.00193e-06 0.00101613 -0.00102057 -2.82809e-06
 -8.5965e-06 -4.94213e-06 0.000696769 -0.00070018 -2.54602e-06
 -8.01373e-06 -4.20008e-06 0.000461062 -0.000463536 -2.05081e-06
 -6.38754e-06 -3.20073e-06 0.000308159 -0.000309882 -1.51676e-06
 -5.26991e-06 -2.52933e-06 0.000208873 -0.000210145 -1.16293e-06
 -4.15683e-06 -1.9309e-06 0.000140687 -0.000141618 -8.66325e-07
 -3.17033e-06 -1.43297e-06 9.39733e-05 -9.46592e-05 -6.29215e-07
 -2.16381e-06 -9.57975e-07 5.89802e-05 -5.94446e-05 -4.13417e-07
 -1.43447e-06 -6.22598e-07 3.58457e-05 -3.61538e-05 -2.64198e-07
 -8.06175e-07 -3.44288e-07 1.9076e-05 -1.92509e-05 -1.44024e-07
 -3.70998e-07 -1.56617e-07 8.74375e-06 -8.82508e-06 -6.48043e-08
 -2.02279e-07 -8.391e-08 4.38548e-06 -4.43068e-06 -3.41913e-08
 -7.46412e-08 -3.04792e-08 1.49424e-06 -1.51107e-06 -1.22474e-08
 -1.1929e-08 -4.81754e-09 2.25335e-07 -2.27863e-07 -1.91692e-09
 -2.10632e-09 -8.37817e-10 3.68054e-08 -3.72687e-08 -3.28812e-10
 0 0 0 0 0
 0 0 0 0 0
 0 0 0 0 0
 0 0 0 0 0
 0 0 0 0 0
 0 0 0 0 0
 0 0 0 0 0
 0 0 0 0 0
 0 0 0 0 0
 0 0 0 0 0
 0 0 0 0 0
 0 0 0 0 0
 0 0 0 0 0
 0 0 0 0 0
 0 0 0 0 0
 0 0 0 0 0
 0 0 0 0 0
 0 0 0 0 0
 0 0 0 0 0
 0 0 0 0 0
 0 0 0 0 0
 0 0 0 0 0
 0 0 0 0 0
 0 0 0 0 0
 0 0 0 0 0
 0 0 0 0 0
 0 0 0 0 0
 0 0 0 0 0
 0 0 0 0 0
 0 0 0 0 0
 0 0 0 0 0
 0 0 0 0 0
 0 0 0 0 0
 0 0 0 0 0
 0 0 0 0 0
 0 0 0 0 0
 0 0 0 0 0
 0 0 0 0 0
 0 0 0 0 0
 0 0 0 0 0
 0 0 0 0 0
 0 0 0 0 0
 0 0 0 0 0
 0 0 0 0 0
 0 0 0 0 0
 0 0 0 0 0
 0 0 0 0 0
 0 0 0 0 0
 0 0 0 0 0
 0 0 0 0 0
 0 0 0 0 0
 0 0 0 0 0
 0 0 0 0 0
 21.8855 19.7256 0.53323 -0.477599 17.7792
 10.5258 9.26967 0.543317 -0.491053 8.16384
 6.17676 5.31767 0.551472 -0.50266 4.57852
 4.05149 3.41151 0.557331 -0.512033 2.87307
 2.85179 2.34982 0.560707 -0.518949 1.93663
 2.10572 1.69867 0.561313 -0.523088 1.37073
 1.60871 1.27112 0.559021 -0.524281 1.00478
 1.26059 0.976083 0.554009 -0.522648 0.756164
 1.00721 0.764592 0.54649 -0.518358 0.580772
 0.817011 0.608316 0.536492 -0.511421 0.453263
 0.670622 0.489948 0.52437 -0.502157 0.358262
 0.555632 0.398473 0.510397 -0.490819 0.286057
 0.463577 0.326467 0.494523 -0.477366 0.230178
 0.388518 0.268779 0.476346 -0.461416 0.186191
 0.326958 0.222272 0.456899 -0.443972 0.151333
 0.275807 0.184317 0.435658 -0.424542 0.123383
 0.233129 0.153211 0.41289 -0.403401 0.100877
 0.197702 0.127812 0.390143 -0.382072 0.0827997
 0.167944 0.106857 0.366153 -0.359343 0.0681417
 0.143307 0.0897642 0.343437 -0.337698 0.0563632
 0.122613 0.0756402 0.320833 -0.316021 0.0467847
 0.105508 0.0641178 0.30056 -0.296519 0.0390743
 0.0911833 0.0545938 0.282488 -0.27909 0.0327849
 0.0789453 0.0465692 0.266117 -0.263262 0.0275592
 0.0682997 0.0396895 0.251219 -0.248826 0.0231434
 0.0586576 0.0335837 0.234941 -0.232957 0.0192987
 0.0499667 0.0281903 0.217433 -0.215809 0.0159668
 0.0422048 0.0234676 0.199082 -0.197767 0.0131029
 0.0353744 0.0193888 0.180401 -0.179348 0.0106735
 0.0294472 0.0159142 0.161651 -0.160814 0.00864
 0.0244093 0.0130103 0.143653 -0.142991 0.00696773
 0.0201792 0.0106108 0.126747 -0.126224 0.00560708
 0.0166916 0.00866025 0.111567 -0.111153 0.00451635
 0.0138098 0.00706972 0.0982317 -0.0979017 0.00363831
 0.0114937 0.00580436 0.0873708 -0.0871083 0.0029472
 0.0095505 0.00475815 0.0775632 -0.0773552 0.00238389
 0.00799363 0.00392587 0.0702747 -0.0701145 0.00193943
 0.00660011 0.00319629 0.0625544 -0.062433 0.0015574
 0.00538158 0.00256942 0.0550792 -0.0549898 0.00123461
 0.0043232 0.0020348 0.0478061 -0.0477423 0.000964092
 0.00342913 0.00158917 0.0414288 -0.0413866 0.000741557
 0.00266358 0.00121543 0.0350899 -0.0350637 0.000558566
 0.00202784 0.000911083 0.0290713 -0.0290561 0.000412342
 0.0015114 0.000668225 0.0236341 -0.0236265 0.000297641
 0.0011129 0.000482291 0.0195533 -0.0195527 0.000210555
 0.000793308 0.000336737 0.01564 -0.0156432 0.000143955
 0.000546054 0.000226519 0.0121922 -0.0121975 9.45783e-05
 0.000366047 0.000147352 0.00960508 -0.00961267 5.96051e-05
 0.000239339 9.289e-05 0.00751013 -0.00751859 3.60977e-05
 0.000149897 5.52728e-05 0.00586609 -0.00587504 2.02237e-05
 8.84683e-05 3.01507e-05 0.00455085 -0.00455971 9.92967e-06
 4.67735e-05 1.37989e-05 0.00343201 -0.00344023 3.52827e-06
 2.07942e-05 4.27434e-06 0.00247533 -0.00248237 8.5155e-08
 5.27008e-06 -1.15187e-06 0.0017997 -0.00180564 -1.75861e-06
 -3.48929e-06 -3.80456e-06 0.00123453 -0.00123932 -2.47023e-06
 -7.42175e-06 -4.79586e-06 0.000893633 -0.000897583 -2.62915e-06
 -7.99134e-06 -4.45216e-06 0.000601709 -0.000604659 -2.26282e-06
 -7.30271e-06 -3.7452e-06 0.000391513 -0.000393648 -1.80998e-06
 -5.75201e-06 -2.84035e-06 0.000263636 -0.00026513 -1.33691e-06
 -4.72403e-06 -2.2417e-06 0.000177891 -0.000179007 -1.0252e-06
 -3.66569e-06 -1.68944e-06 0.000118823 -0.000119634 -7.55476e-07
 -2.72181e-06 -1.22413e-06 7.83979e-05 -7.89905e-05 -5.3663e-07
 -1.78786e-06 -7.89187e-07 4.78222e-05 -4.82108e-05 -3.40473e-07
 -1.15361e-06 -4.99652e-07 2.82579e-05 -2.85103e-05 -2.12078e-07
 -5.69431e-07 -2.43404e-07 1.36049e-05 -1.3731e-05 -1.02069e-07
 -2.96123e-07 -1.24784e-07 6.76792e-06 -6.83437e-06 -5.16549e-08
 -1.43498e-07 -5.9501e-08 3.03582e-06 -3.06871e-06 -2.42798e-08
 -3.21595e-08 -1.31549e-08 6.31577e-07 -6.38809e-07 -5.30347e-09
 -7.48157e-09 -3.02304e-09 1.37653e-07 -1.39293e-07 -1.20536e-09
 0 0 0 0 0
 0 0 0 0 0
 0 0 0 0 0
 0 0 0 0 0
 0 0 0 0 0
 0 0 0 0 0
 0 0 0 0 0
 0 0 0 0 0
 0 0 0 0 0
 0 0 0 0 0
 0 0 0 0 0
 0 0 0 0 0
 0 0 0 0 0
 0 0 0 0 0
 0 0 0 0 0
 0 0 0 0 0
 0 0 0 0 0
 0 0 0 0 0
 0 0 0 0 0
 0 0 0 0 0
 0 0 0 0 0
 0 0 0 0 0
 0 0 0 0 0
 0 0 0 0 0
 0 0 0 0 0
 0 0 0 0 0
 0 0 0 0 0
 0 0 0 0 0
 0 0 0 0 0
 0 0 0 0 0
 0 0 0 0 0
 0 0 0 0 0
 0 0 0 0 0
 0 0 0 0 0
 0 0 0 0 0
 0 0 0 0 0
 0 0 0 0 0
 0 0 0 0 0
 0 0 0 0 0
 0 0 0 0 0
 0 0 0 0 0
 0 0 0 0 0
 0 0 0 0 0
 0 0 0 0 0
 0 0 0 0 0
 0 0 0 0 0
 0 0 0 0 0
 0 0 0 0 0
 0 0 0 0 0
 0 0 0 0 0
 0 0 0 0 0
 0 0 0 0 0
 0 0 0 0 0
 21.5069 19.4764 0.491569 -0.441307 17.6382
 10.2345 9.06058 0.503113 -0.455671 8.0218
 5.98672 5.18381 0.513259 -0.468715 4.489
 3.92703 3.32737 0.521552 -0.479977 2.81968
 2.76789 2.29595 0.527552 -0.489007 1.90488
 2.04796 1.66384 0.530944 -0.495458 1.35216
 1.56862 1.24877 0.531572 -0.499139 0.994508
 1.23302 0.962292 0.529532 -0.500096 0.751352
 0.988392 0.756524 0.524907 -0.49837 0.579386
 0.80442 0.604117 0.517861 -0.494087 0.454004
 0.662385 0.488282 0.508327 -0.487173 0.360238
 0.550691 0.39862 0.496862 -0.478142 0.288822
 0.461343 0.328037 0.483723 -0.467242 0.233511
 0.388578 0.271507 0.468749 -0.454319 0.189947
 0.328335 0.225513 0.451507 -0.438962 0.155113
 0.278294 0.187951 0.433074 -0.42222 0.127139
 0.236159 0.156883 0.412756 -0.403431 0.104405
 0.200758 0.131224 0.391463 -0.383497 0.0859417
 0.17087 0.109939 0.368857 -0.362097 0.0708876
 0.145795 0.0923725 0.346028 -0.340321 0.0586611
 0.124856 0.0779244 0.323882 -0.319076 0.0487553
 0.107271 0.0659739 0.302282 -0.298247 0.040684
 0.0927433 0.0562191 0.283304 -0.279907 0.0341763
 0.0805236 0.0481136 0.266552 -0.263687 0.028836
 0.0700297 0.0412457 0.251456 -0.249043 0.0243718
 0.0608171 0.0353011 0.237828 -0.235802 0.0205617
 0.0523737 0.0299646 0.222551 -0.220871 0.0172072
 0.0446985 0.0252107 0.205961 -0.204583 0.0142752
 0.0377998 0.0210207 0.188441 -0.187324 0.0117383
 0.0316998 0.0173839 0.170535 -0.169639 0.00957492
 0.0263927 0.0142768 0.152519 -0.151805 0.00775828
 0.0218804 0.0116782 0.135222 -0.134654 0.00626274
 0.0180954 0.00953183 0.119067 -0.118613 0.00504575
 0.0150011 0.00779849 0.105078 -0.104715 0.00407482
 0.012439 0.00638359 0.0924425 -0.0921492 0.00329316
 0.0103458 0.00523972 0.0819602 -0.081724 0.00266803
 0.00864808 0.0043213 0.073435 -0.0732463 0.00217135
 0.00722476 0.00356093 0.0661118 -0.0659641 0.00176535
 0.00596792 0.00290159 0.0588078 -0.0586945 0.00141933
 0.00486585 0.00233318 0.0517578 -0.0516731 0.00112587
 0.00391044 0.00184871 0.0450195 -0.0449583 0.000879775
 0.00309528 0.00144179 0.0388048 -0.0387629 0.000676207
 0.00239892 0.00110071 0.0327756 -0.0327485 0.00050864
 0.00182148 0.000823311 0.0270466 -0.0270297 0.000374861
 0.00135681 0.000603117 0.0221812 -0.0221723 0.000270094
 0.000991442 0.000432388 0.0181403 -0.0181378 0.000189985
 0.000701975 0.000299958 0.014441 -0.0144424 0.00012911
 0.00047905 0.000200107 0.0111928 -0.0111966 8.41558e-05
 0.000318353 0.000129041 0.00878833 -0.00879442 5.25821e-05
 0.000206288 8.05844e-05 0.00685643 -0.0068636 3.15374e-05
 0.000127339 4.71938e-05 0.00533359 -0.00534138 1.73634e-05
 7.35868e-05 2.50693e-05 0.00413003 -0.00413791 8.23613e-06
 3.75169e-05 1.08912e-05 0.00308067 -0.00308797 2.67188e-06
 1.53843e-05 2.64373e-06 0.00225417 -0.00226054 -3.68806e-07
 2.46208e-06 -1.75501e-06 0.00158286 -0.00158812 -1.80466e-06
 -4.68612e-06 -3.89397e-06 0.00107026 -0.0010745 -2.36206e-06
 -7.40794e-06 -4.49751e-06 0.000773872 -0.000777337 -2.40333e-06
 -7.44119e-06 -4.02171e-06 0.000513697 -0.000516244 -2.01528e-06
 -6.45093e-06 -3.25077e-06 0.000324584 -0.000326378 -1.55774e-06
 -5.19542e-06 -2.52931e-06 0.000224256 -0.000225563 -1.18213e-06
 -4.16055e-06 -1.95745e-06 0.000150375 -0.000151342 -8.91767e-07
 -3.21175e-06 -1.47006e-06 0.000100017 -0.000100729 -6.55351e-07
 -2.26335e-06 -1.01418e-06 6.37764e-05 -6.4275e-05 -4.44164e-07
 -1.49365e-06 -6.56933e-07 3.86791e-05 -3.9009e-05 -2.83137e-07
 -8.84183e-07 -3.825e-07 2.13708e-05 -2.15683e-05 -1.6247e-07
 -3.85749e-07 -1.65207e-07 9.42625e-06 -9.51342e-06 -6.94907e-08
 -2.23127e-07 -9.39158e-08 4.96312e-06 -5.01457e-06 -3.89056e-08
 -9.19375e-08 -3.81126e-08 1.88885e-06 -1.91041e-06 -1.55747e-08
 -1.32462e-08 -5.43497e-09 2.57086e-07 -2.59987e-07 -2.20065e-09
 -3.54299e-09 -1.43254e-09 6.34043e-08 -6.42116e-08 -5.72343e-10
 0 0 0 0 0
 0 0 0 0 0
 0 0 0 0 0
 0 0 0 0 0
 0 0 0 0 0
 0 0 0 0 0
 0 0 0 0 0
 0 0 0 0 0
 0 0 0 0 0
 0 0 0 0 0
 0 0 0 0 0
 0 0 0 0 0
 0 0 0 0 0
 0 0 0 0 0
 0 0 0 0 0
 0 0 0 0 0
 0 0 0 0 0
 0 0 0 0 0
 0 0 0 0 0
 0 0 0 0 0
 0 0 0 0 0
 0 0 0 0 0
 0 0 0 0 0
 0 0 0 0 0
 0 0 0 0 0
 0 0 0 0 0
 0 0 0 0 0
 0 0 0 0 0
 0 0 0 0 0
 0 0 0 0 0
 0 0 0 0 0
 0 0 0 0 0
 0 0 0 0 0
 0 0 0 0 0
 0 0 0 0 0
 0 0 0 0 0
 0 0 0 0 0
 0 0 0 0 0
 0 0 0 0 0
 0 0 0 0 0
 0 0 0 0 0
 0 0 0 0 0
 0 0 0 0 0
 0 0 0 0 0
 0 0 0 0 0
 0 0 0 0 0
 0 0 0 0 0
 0 0 0 0 0
 0 0 0 0 0
 0 0 0 0 0
 0 0 0 0 0
 0 0 0 0 0
 21.0447 19.1424 0.451668 -0.406269 17.4126
 9.90025 8.808 0.463855 -0.420853 7.83668
 5.76946 5.02278 0.475227 -0.434674 4.37313
 3.78314 3.2243 0.48525 -0.447212 2.74839
 2.67058 2.22923 0.493462 -0.457998 1.86118
 1.98142 1.62062 0.499487 -0.466643 1.32588
 1.52253 1.22072 0.502934 -0.472737 0.979075
 1.2003 0.943783 0.50361 -0.476053 0.742408
 0.964817 0.744286 0.501508 -0.476545 0.574472
 0.787644 0.596369 0.497008 -0.474542 0.451842
 0.651039 0.484016 0.490328 -0.470229 0.360122
 0.543143 0.396647 0.481264 -0.463403 0.289928
 0.456588 0.327648 0.470399 -0.454613 0.235367
 0.386111 0.272351 0.457939 -0.444056 0.19234
 0.327924 0.22744 0.443817 -0.431671 0.157962
 0.279147 0.190431 0.427742 -0.417185 0.130108
 0.237909 0.159686 0.409728 -0.400612 0.107363
 0.202926 0.134052 0.390231 -0.382403 0.0887192
 0.1733 0.112704 0.369896 -0.36321 0.073446
 0.148026 0.0948142 0.347878 -0.342211 0.0608651
 0.126771 0.0800027 0.325901 -0.321113 0.0506088
 0.108958 0.0677712 0.304604 -0.300567 0.0422611
 0.09398 0.0576342 0.284042 -0.280645 0.0354409
 0.081716 0.0494149 0.266877 -0.264003 0.0299687
 0.0711858 0.0424532 0.250836 -0.248407 0.0253961
 0.0622643 0.0366135 0.23793 -0.235874 0.0216007
 0.0541746 0.0314105 0.22467 -0.222943 0.0182756
 0.046755 0.0267312 0.210272 -0.208838 0.0153397
 0.0399558 0.0225287 0.194512 -0.193334 0.0127526
 0.0338137 0.0188047 0.177855 -0.176899 0.0105014
 0.028356 0.0155573 0.160595 -0.159827 0.00857267
 0.0236128 0.0127834 0.143428 -0.142813 0.00695223
 0.0195669 0.0104567 0.126696 -0.126202 0.00561458
 0.0162066 0.00855017 0.111624 -0.111226 0.00453297
 0.0134316 0.00699638 0.0981992 -0.0978758 0.00366273
 0.0111546 0.00573783 0.0863542 -0.0860892 0.00296679
 0.00928942 0.00471735 0.0765529 -0.0763362 0.00240832
 0.00778544 0.00390153 0.0688355 -0.0686607 0.001966
 0.00651354 0.00322103 0.06197 -0.0618316 0.00160204
 0.00538037 0.0026256 0.0550584 -0.0549506 0.001289
 0.00438444 0.00211088 0.0483926 -0.0483108 0.00102267
 0.00352401 0.001673 0.0421816 -0.0421218 0.000799449
 0.00278069 0.0013014 0.0361602 -0.036118 0.000613219
 0.00214883 0.00099105 0.0304293 -0.0304009 0.000460306
 0.00162582 0.000738984 0.024994 -0.0249754 0.000338342
 0.00120626 0.000539277 0.0204687 -0.020458 0.000242892
 0.000876175 0.00038433 0.0167094 -0.0167052 0.000169853
 0.000614944 0.000264322 0.0132345 -0.0132344 0.000114457
 0.000418733 0.00017565 0.010417 -0.0104203 7.41912e-05
 0.000274205 0.000111843 0.0079723 -0.00797713 4.58768e-05
 0.000177323 6.95603e-05 0.00631317 -0.00631956 2.73444e-05
 0.000106453 3.94758e-05 0.004849 -0.00485591 1.45206e-05
 5.99948e-05 2.03464e-05 0.0037125 -0.00371951 6.62617e-06
 2.94506e-05 8.351e-06 0.00273182 -0.00273825 1.92405e-06
 1.09818e-05 1.45893e-06 0.00198257 -0.00198816 -6.20227e-07
 2.55515e-08 -2.29613e-06 0.00137848 -0.00138314 -1.85677e-06
 -5.31767e-06 -3.85867e-06 0.000947325 -0.000951117 -2.241e-06
 -7.09193e-06 -4.10952e-06 0.000658864 -0.00066185 -2.15105e-06
 -6.89344e-06 -3.62179e-06 0.000431937 -0.000434134 -1.7893e-06
 -5.58495e-06 -2.79626e-06 0.000280454 -0.000281977 -1.33712e-06
 -4.65646e-06 -2.2384e-06 0.000188965 -0.000190108 -1.03932e-06
 -3.64661e-06 -1.70102e-06 0.000125106 -0.000125941 -7.71725e-07
 -2.74553e-06 -1.24971e-06 8.25158e-05 -8.31303e-05 -5.55792e-07
 -1.80263e-06 -8.05906e-07 5.0239e-05 -5.06424e-05 -3.52904e-07
 -1.19937e-06 -5.2613e-07 3.02496e-05 -3.05199e-05 -2.26662e-07
 -6.30017e-07 -2.7256e-07 1.52339e-05 -1.5378e-05 -1.15947e-07
 -3.07324e-07 -1.31325e-07 7.24074e-06 -7.31196e-06 -5.52283e-08
 -1.55113e-07 -6.52555e-08 3.37445e-06 -3.4113e-06 -2.70618e-08
 -4.61777e-08 -1.91541e-08 9.23708e-07 -9.347e-07 -7.84323e-09
 -8.54792e-09 -3.50763e-09 1.60917e-07 -1.6286e-07 -1.42237e-09
 0 0 0 0 0
 0 0 0 0 0
 0 0 0 0 0
 0 0 0 0 0
 0 0 0 0 0
 0 0 0 0 0
 0 0 0 0 0
 0 0 0 0 0
 0 0 0 0 0
 0 0 0 0 0
 0 0 0 0 0
 0 0 0 0 0
 0 0 0 0 0
 0 0 0 0 0
 0 0 0 0 0
 0 0 0 0 0
 0 0 0 0 0
 0 0 0 0 0
 0 0 0 0 0
 0 0 0 0 0
 0 0 0 0 0
 0 0 0 0 0
 0 0 0 0 0
 0 0 0 0 0
 0 0 0 0 0
 0 0 0 0 0
 0 0 0 0 0
 0 0 0 0 0
 0 0 0 0 0
 0 0 0 0 0
 0 0 0 0 0
 0 0 0 0 0
 0 0 0 0 0
 0 0 0 0 0
 0 0 0 0 0
 0 0 0 0 0
 0 0 0 0 0
 0 0 0 0 0
 0 0 0 0 0
 0 0 0 0 0
 0 0 0 0 0
 0 0 0 0 0
 0 0 0 0 0
 0 0 0 0 0
 0 0 0 0 0
 0 0 0 0 0
 0 0 0 0 0
 0 0 0 0 0
 0 0 0 0 0
 0 0 0 0 0
 0 0 0 0 0
 0 0 0 0 0
 20.5665 18.7852 0.414775 -0.373653 17.1586
 9.55175 8.53733 0.426771 -0.387748 7.63108
 5.53864 4.84646 0.438488 -0.401583 4.24112
 3.62724 3.10859 0.449441 -0.414692 2.66443
 2.56347 2.15261 0.45923 -0.426677 1.80792
 1.90641 1.56922 0.467272 -0.436962 1.29198
 1.46938 1.18607 0.473088 -0.445063 0.9577
 1.16263 0.920667 0.476429 -0.450702 0.729366
 0.93805 0.729037 0.47707 -0.453631 0.566888
 0.768302 0.586262 0.475067 -0.453866 0.447633
 0.636746 0.477234 0.470512 -0.451469 0.357947
 0.532945 0.392477 0.463924 -0.446919 0.289283
 0.449627 0.325476 0.455211 -0.440119 0.235841
 0.381708 0.271689 0.444941 -0.431614 0.193602
 0.325537 0.227902 0.433183 -0.421472 0.159755
 0.278414 0.191766 0.419687 -0.409453 0.132276
 0.238542 0.161694 0.404721 -0.395824 0.109779
 0.204385 0.136381 0.387685 -0.380004 0.0911658
 0.174961 0.114968 0.368329 -0.361749 0.0756927
 0.149969 0.0970675 0.348691 -0.343072 0.0629592
 0.128518 0.0819705 0.327302 -0.322539 0.0524014
 0.110446 0.0694407 0.30628 -0.30225 0.0437663
 0.0952425 0.0590512 0.285732 -0.282328 0.0367078
 0.0824582 0.0504322 0.266181 -0.263306 0.0309301
 0.0720488 0.0434713 0.250485 -0.248041 0.0263058
 0.063063 0.0375401 0.235931 -0.233854 0.0224163
 0.0553511 0.032501 0.224121 -0.222357 0.019147
 0.0482801 0.0279625 0.211816 -0.210332 0.0162519
 0.0417343 0.0238436 0.198227 -0.196992 0.013673
 0.0356907 0.0201169 0.183183 -0.182167 0.0113834
 0.0302064 0.0167991 0.167247 -0.16642 0.00938142
 0.0253199 0.0138968 0.150697 -0.150029 0.00766043
 0.0210744 0.011418 0.134206 -0.133668 0.00621423
 0.0174652 0.0093435 0.118395 -0.117959 0.00502211
 0.0144672 0.0076441 0.103984 -0.103628 0.00405851
 0.0119982 0.00626135 0.0913583 -0.091065 0.0032838
 0.00997867 0.00514401 0.0803465 -0.0801029 0.00266529
 0.00832286 0.00423678 0.0712898 -0.0710881 0.00216808
 0.00699313 0.00351406 0.064257 -0.0640925 0.00177545
 0.00585848 0.00290602 0.0578923 -0.0577608 0.00144971
 0.00483764 0.00236868 0.0514088 -0.0513053 0.00116669
 0.00393764 0.00190297 0.0450492 -0.0449694 0.000925358
 0.00315998 0.00150623 0.0392383 -0.0391791 0.00072261
 0.00248567 0.00116831 0.0335552 -0.0335128 0.000552833
 0.00191447 0.000887208 0.0280809 -0.0280513 0.000414032
 0.00144209 0.000658829 0.0229657 -0.0229456 0.000303169
 0.00106445 0.000478227 0.0188193 -0.0188072 0.000216452
 0.000768173 0.000338752 0.0152746 -0.0152689 0.000150512
 0.000533656 0.000230616 0.0120282 -0.0120269 0.000100407
 0.00036024 0.000151898 0.00944342 -0.00944558 6.45033e-05
 0.000233182 9.56508e-05 0.00714667 -0.00715034 3.94681e-05
 0.000149441 5.8865e-05 0.00568362 -0.00568905 2.32411e-05
 8.74375e-05 3.2407e-05 0.00434546 -0.00435154 1.19018e-05
 4.79913e-05 1.61355e-05 0.00330505 -0.00331126 5.17434e-06
 2.26387e-05 6.22249e-06 0.00239027 -0.00239586 1.30873e-06
 7.13765e-06 4.03349e-07 0.00172384 -0.00172873 -8.54475e-07
 -1.92408e-06 -2.6989e-06 0.00118114 -0.00118525 -1.87273e-06
 -5.861e-06 -3.82903e-06 0.000828763 -0.000832143 -2.13636e-06
 -6.54158e-06 -3.65671e-06 0.000549969 -0.000552487 -1.88191e-06
 -6.1632e-06 -3.16718e-06 0.000354634 -0.000356479 -1.54682e-06
 -4.97923e-06 -2.45671e-06 0.000234262 -0.000235568 -1.16578e-06
 -4.08435e-06 -1.94282e-06 0.000156297 -0.00015728 -8.97092e-07
 -3.16198e-06 -1.46422e-06 0.000103407 -0.000104129 -6.61873e-07
 -2.27535e-06 -1.03132e-06 6.64448e-05 -6.69609e-05 -4.57906e-07
 -1.49899e-06 -6.67447e-07 4.01972e-05 -4.05387e-05 -2.91809e-07
 -9.14308e-07 -4.00445e-07 2.26518e-05 -2.28628e-05 -1.72543e-07
 -4.04186e-07 -1.75225e-07 1.00569e-05 -1.01513e-05 -7.47599e-08
 -2.31179e-07 -9.86342e-08 5.27358e-06 -5.32876e-06 -4.14882e-08
 -1.01287e-07 -4.25823e-08 2.12933e-06 -2.15405e-06 -1.76744e-08
 -1.37462e-08 -5.72331e-09 2.73284e-07 -2.76405e-07 -2.35486e-09
 -4.30641e-09 -1.76778e-09 7.869e-08 -7.97094e-08 -7.1798e-10
 0 0 0 0 0
 0 0 0 0 0
 0 0 0 0 0
 0 0 0 0 0
 0 0 0 0 0
 0 0 0 0 0
 0 0 0 0 0
 0 0 0 0 0
 0 0 0 0 0
 0 0 0 0 0
 0 0 0 0 0
 0 0 0 0 0
 0 0 0 0 0
 0 0 0 0 0
 0 0 0 0 0
 0 0 0 0 0
 0 0 0 0 0
 0 0 0 0 0
 0 0 0 0 0
 0 0 0 0 0
 0 0 0 0 0
 0 0 0 0 0
 0 0 0 0 0
 0 0 0 0 0
 0 0 0 0 0
 0 0 0 0 0
 0 0 0 0 0
 0 0 0 0 0
 0 0 0 0 0
 0 0 0 0 0
 0 0 0 0 0
 0 0 0 0 0
 0 0 0 0 0
 0 0 0 0 0
 0 0 0 0 0
 0 0 0 0 0
 0 0 0 0 0
 0 0 0 0 0
 0 0 0 0 0
 0 0 0 0 0
 0 0 0 0 0
 0 0 0 0 0
 0 0 0 0 0
 0 0 0 0 0
 0 0 0 0 0
 0 0 0 0 0
 0 0 0 0 0
 0 0 0 0 0
 0 0 0 0 0
 0 0 0 0 0
 0 0 0 0 0
 20.0807 18.4129 0.380858 -0.343471 16.8839
 9.20808 8.26615 0.392516 -0.356983 7.42088
 5.31047 4.66918 0.404147 -0.370477 4.10565
 3.46978 2.98925 0.415307 -0.383527 2.57558
 2.45169 2.07038 0.425787 -0.395919 1.74869
 1.82582 1.51197 0.435076 -0.407152 1.25236
 1.41137 1.14655 0.442787 -0.416833 0.931708
 1.12059 0.893383 0.448367 -0.42441 0.712527
 0.907375 0.710202 0.451415 -0.429467 0.556149
 0.745956 0.573435 0.451876 -0.431914 0.441075
 0.620562 0.468699 0.449833 -0.431807 0.354249
 0.521134 0.386862 0.445457 -0.429286 0.287423
 0.440945 0.321845 0.438847 -0.424434 0.235138
 0.375494 0.269567 0.430499 -0.417723 0.193732
 0.321588 0.227142 0.42092 -0.409642 0.16063
 0.276365 0.192105 0.409842 -0.399935 0.133719
 0.237792 0.162718 0.396776 -0.38813 0.111515
 0.204743 0.137952 0.38226 -0.374753 0.0931058
 0.176163 0.116905 0.365829 -0.359354 0.0777232
 0.151353 0.0989567 0.347237 -0.341691 0.0648302
 0.130089 0.0838217 0.327996 -0.323263 0.0541268
 0.111792 0.0710182 0.307183 -0.303168 0.0452216
 0.09638 0.0603853 0.287027 -0.283622 0.0379277
 0.0833867 0.0515449 0.26737 -0.264483 0.0319466
 0.072543 0.044254 0.249382 -0.246929 0.0270721
 0.0636222 0.038306 0.234592 -0.232497 0.0231316
 0.0559161 0.0332282 0.221308 -0.219519 0.0198075
 0.049257 0.0288818 0.210829 -0.209303 0.0169909
 0.0430503 0.0249071 0.19934 -0.198052 0.0144608
 0.0372469 0.0212643 0.186498 -0.185425 0.0121849
 0.0318616 0.0179513 0.172206 -0.171321 0.0101537
 0.0269498 0.0149871 0.156864 -0.156142 0.00836883
 0.0225675 0.0123903 0.140855 -0.140269 0.00683204
 0.0187703 0.0101767 0.12507 -0.124593 0.00554231
 0.0155495 0.00832751 0.110016 -0.109626 0.00448052
 0.0128863 0.00681831 0.0964392 -0.0961158 0.00362492
 0.010695 0.00559089 0.0846367 -0.0843675 0.00293702
 0.00893108 0.00461228 0.0749374 -0.0747115 0.00239391
 0.00744371 0.00379791 0.066134 -0.0659436 0.00194776
 0.00626937 0.0031583 0.0598127 -0.0596563 0.00159958
 0.00525745 0.00261534 0.0539087 -0.0537825 0.00130832
 0.00433742 0.00213053 0.0477833 -0.0476828 0.00105265
 0.00352497 0.00170958 0.0417567 -0.0416783 0.0008342
 0.00282245 0.0013504 0.0363323 -0.0362736 0.000650229
 0.00221188 0.00104388 0.0309458 -0.0309029 0.000495928
 0.00169597 0.000789454 0.0257613 -0.0257308 0.000370028
 0.00127137 0.000583533 0.0209897 -0.0209683 0.000269747
 0.000932042 0.000420639 0.0171791 -0.0171662 0.000191243
 0.000666927 0.000295453 0.0138843 -0.0138778 0.000131877
 0.000458684 0.00019919 0.0108399 -0.0108378 8.71567e-05
 0.000306672 0.00012992 0.00847883 -0.00848008 5.54371e-05
 0.000199084 8.18692e-05 0.00655778 -0.00656106 3.38681e-05
 0.000123858 4.88875e-05 0.00507853 -0.00508324 1.93396e-05
 7.02824e-05 2.59538e-05 0.00385032 -0.00385568 9.478e-06
 3.76303e-05 1.24939e-05 0.00290665 -0.00291213 3.91798e-06
 1.6965e-05 4.46609e-06 0.00206183 -0.00206665 8.11901e-07
 3.73562e-06 -5.64316e-07 0.00148241 -0.00148672 -1.08708e-06
 -3.34498e-06 -2.94671e-06 0.000999167 -0.00100278 -1.84679e-06
 -5.89555e-06 -3.58993e-06 0.000699201 -0.000702113 -1.94288e-06
 -6.19568e-06 -3.33999e-06 0.000459113 -0.000461287 -1.68717e-06
 -5.30803e-06 -2.68332e-06 0.000285261 -0.000286768 -1.29932e-06
 -4.47186e-06 -2.17516e-06 0.000195132 -0.000196274 -1.02399e-06
 -3.54065e-06 -1.66872e-06 0.000127451 -0.00012829 -7.66732e-07
 -2.69038e-06 -1.23834e-06 8.43317e-05 -8.49525e-05 -5.58076e-07
 -1.80485e-06 -8.15805e-07 5.18092e-05 -5.22258e-05 -3.61946e-07
 -1.19779e-06 -5.3174e-07 3.11063e-05 -3.13852e-05 -2.3225e-07
 -6.49756e-07 -2.84446e-07 1.60127e-05 -1.61665e-05 -1.22671e-07
 -3.06479e-07 -1.32663e-07 7.42456e-06 -7.49813e-06 -5.66062e-08
 -1.59066e-07 -6.78141e-08 3.53956e-06 -3.5788e-06 -2.85423e-08
 -5.28086e-08 -2.22038e-08 1.07694e-06 -1.09009e-06 -9.22908e-09
 -8.90508e-09 -3.70686e-09 1.71069e-07 -1.73173e-07 -1.52674e-09
 -5.99822e-10 -2.46342e-10 1.06188e-08 -1.07671e-08 -1.00204e-10
 0 0 0 0 0
 0 0 0 0 0
 0 0 0 0 0
 0 0 0 0 0
 0 0 0 0 0
 0 0 0 0 0
 0 0 0 0 0
 0 0 0 0 0
 0 0 0 0 0
 0 0 0 0 0
 0 0 0 0 0
 0 0 0 0 0
 0 0 0 0 0
 0 0 0 0 0
 0 0 0 0 0
 0 0 0 0 0
 0 0 0 0 0
 0 0 0 0 0
 0 0 0 0 0
 0 0 0 0 0
 0 0 0 0 0
 0 0 0 0 0
 0 0 0 0 0
 0 0 0 0 0
 0 0 0 0 0
 0 0 0 0 0
 0 0 0 0 0
 0 0 0 0 0
 0 0 0 0 0
 0 0 0 0 0
 0 0 0 0 0
 0 0 0 0 0
 0 0 0 0 0
 0 0 0 0 0
 0 0 0 0 0
 0 0 0 0 0
 0 0 0 0 0
 0 0 0 0 0
 0 0 0 0 0
 0 0 0 0 0
 0 0 0 0 0
 0 0 0 0 0
 0 0 0 0 0
 0 0 0 0 0
 0 0 0 0 0
 0 0 0 0 0
 0 0 0 0 0
 0 0 0 0 0
 0 0 0 0 0
 0 0 0 0 0
 19.5804 18.0197 0.349608 -0.315483 16.5837
 8.866 7.99172 0.360819 -0.328349 7.20396
 5.08597 4.49213 0.372193 -0.341377 3.9679
 3.31575 2.87074 0.383352 -0.354206 2.48573
 2.34171 1.98812 0.394129 -0.366668 1.68821
 1.74487 1.45323 0.404038 -0.378288 1.21062
 1.35089 1.10412 0.412809 -0.38879 0.902692
 1.07533 0.862825 0.419956 -0.397686 0.692572
 0.873942 0.688668 0.425124 -0.40461 0.542922
 0.721202 0.558329 0.427872 -0.409113 0.432481
 0.602029 0.458054 0.42799 -0.410966 0.348742
 0.507372 0.379532 0.425787 -0.410439 0.284124
 0.430871 0.316988 0.421415 -0.407667 0.233417
 0.368095 0.266428 0.414894 -0.402658 0.193041
 0.316107 0.22517 0.406842 -0.396005 0.160581
 0.272617 0.191165 0.397583 -0.388029 0.134224
 0.235835 0.162839 0.387066 -0.378676 0.112601
 0.204044 0.138765 0.374533 -0.367216 0.0945225
 0.176499 0.118248 0.360674 -0.354323 0.0793614
 0.152367 0.100589 0.344704 -0.339229 0.066534
 0.131352 0.0854708 0.327143 -0.32245 0.055732
 0.113089 0.0725578 0.307871 -0.303869 0.0466571
 0.0974175 0.0616542 0.287618 -0.284218 0.039113
 0.0842483 0.0526096 0.268399 -0.265505 0.0329358
 0.0731357 0.0450805 0.249643 -0.247177 0.0278617
 0.0639654 0.0389268 0.233335 -0.231224 0.023756
 0.0562917 0.0338242 0.219451 -0.217637 0.0203843
 0.0497448 0.0295094 0.208142 -0.206583 0.0175602
 0.0439122 0.0257104 0.198518 -0.197185 0.0151032
 0.0384176 0.0222021 0.187564 -0.186437 0.0128758
 0.033238 0.0189613 0.175157 -0.174214 0.0108568
 0.0284146 0.0160028 0.161349 -0.16057 0.00904767
 0.0240068 0.0133493 0.146602 -0.145964 0.00745349
 0.0200762 0.0110257 0.131153 -0.130631 0.00608107
 0.0166823 0.00905042 0.116063 -0.115635 0.0049318
 0.0138148 0.00740576 0.101817 -0.101463 0.0039882
 0.0114542 0.00606867 0.0890475 -0.0887508 0.00323041
 0.00951442 0.00498175 0.0781022 -0.0778511 0.00262099
 0.00796502 0.00412097 0.069301 -0.0690882 0.00214265
 0.00667497 0.00341293 0.0614879 -0.0613069 0.0017539
 0.00564033 0.00284793 0.055939 -0.0557902 0.00144562
 0.00470779 0.00234813 0.0500434 -0.0499218 0.00117767
 0.00387805 0.00191046 0.044281 -0.0441834 0.000946592
 0.00314533 0.00153053 0.0385402 -0.0384631 0.000749242
 0.00251058 0.00120538 0.0334888 -0.0334308 0.000582367
 0.00195862 0.000927858 0.028389 -0.0283462 0.000442446
 0.00149416 0.000698432 0.0234806 -0.0234494 0.000328708
 0.00111532 0.000513764 0.0192474 -0.0192261 0.000238342
 0.000813554 0.000368553 0.0157095 -0.0156963 0.000168188
 0.000573685 0.000255197 0.0125209 -0.0125139 0.000114379
 0.000390302 0.000170246 0.00968092 -0.00967808 7.48262e-05
 0.000258132 0.000109815 0.00753727 -0.00753785 4.70595e-05
 0.000166002 6.85082e-05 0.0058195 -0.00582208 2.8445e-05
 0.000100893 3.9829e-05 0.00449726 -0.00450139 1.57529e-05
 5.71207e-05 2.10372e-05 0.00343968 -0.00344456 7.6507e-06
 2.89284e-05 9.44533e-06 0.00252358 -0.00252837 2.87292e-06
 1.16515e-05 2.63968e-06 0.00181481 -0.00181914 1.97436e-07
 1.00839e-06 -1.32085e-06 0.00125614 -0.00125994 -1.25678e-06
 -4.12223e-06 -2.96393e-06 0.000824096 -0.000827199 -1.7369e-06
 -5.60708e-06 -3.24938e-06 0.00057868 -0.000581135 -1.71807e-06
 -5.65401e-06 -2.96503e-06 0.000375363 -0.000377198 -1.47569e-06
 -4.69331e-06 -2.32812e-06 0.000227347 -0.000228607 -1.11519e-06
 -3.9172e-06 -1.88359e-06 0.000159501 -0.000160481 -8.80983e-07
 -3.04228e-06 -1.4239e-06 0.000104276 -0.000104993 -6.51853e-07
 -2.21803e-06 -1.0162e-06 6.71335e-05 -6.76532e-05 -4.56954e-07
 -1.46147e-06 -6.58173e-07 4.04963e-05 -4.08406e-05 -2.91553e-07
 -9.05242e-07 -4.01112e-07 2.30017e-05 -2.32182e-05 -1.75146e-07
 -4.03995e-07 -1.77191e-07 1.02571e-05 -1.03551e-05 -7.66132e-08
 -2.28841e-07 -9.8875e-08 5.34268e-06 -5.39938e-06 -4.21784e-08
 -1.03032e-07 -4.38863e-08 2.21068e-06 -2.23687e-06 -1.84804e-08
 -1.35793e-08 -5.73092e-09 2.75581e-07 -2.78787e-07 -2.39309e-09
 0 0 0 0 0
 0 0 0 0 0
 0 0 0 0 0
 0 0 0 0 0
 0 0 0 0 0
 0 0 0 0 0
 0 0 0 0 0
 0 0 0 0 0
 0 0 0 0 0
 0 0 0 0 0
 0 0 0 0 0
 0 0 0 0 0
 0 0 0 0 0
 0 0 0 0 0
 0 0 0 0 0
 0 0 0 0 0
 0 0 0 0 0
 0 0 0 0 0
 0 0 0 0 0
 0 0 0 0 0
 0 0 0 0 0
 0 0 0 0 0
 0 0 0 0 0
 0 0 0 0 0
 0 0 0 0 0
 0 0 0 0 0
 0 0 0 0 0
 0 0 0 0 0
 0 0 0 0 0
 0 0 0 0 0
 0 0 0 0 0
 0 0 0 0 0
 0 0 0 0 0
 0 0 0 0 0
 0 0 0 0 0
 0 0 0 0 0
 0 0 0 0 0
 0 0 0 0 0
 0 0 0 0 0
 0 0 0 0 0
 0 0 0 0 0
 0 0 0 0 0
 0 0 0 0 0
 0 0 0 0 0
 0 0 0 0 0
 0 0 0 0 0
 0 0 0 0 0
 0 0 0 0 0
 0 0 0 0 0
 0 0 0 0 0
 0 0 0 0 0
 19.067 17.6073 0.320856 -0.289578 16.2596
 8.5245 7.71363 0.331496 -0.301712 6.98014
 4.86376 4.31429 0.342443 -0.314144 3.82717
 3.16398 2.75223 0.35342 -0.326611 2.39431
 2.23359 1.906 0.364282 -0.338968 1.62671
 1.66541 1.39464 0.374572 -0.350773 1.16815
 1.29114 1.06143 0.384038 -0.361772 0.872842
 1.02968 0.831277 0.392198 -0.371482 0.671345
 0.838825 0.665269 0.398743 -0.379585 0.527852
 0.694438 0.541242 0.40331 -0.385709 0.422065
 0.581973 0.445912 0.405608 -0.389548 0.341877
 0.492165 0.37085 0.405398 -0.390852 0.279645
 0.419267 0.310789 0.402906 -0.389817 0.230577
 0.359482 0.262233 0.398478 -0.386769 0.19148
 0.309696 0.222395 0.391995 -0.381586 0.15988
 0.267959 0.189477 0.384228 -0.375016 0.134147
 0.232602 0.161997 0.375394 -0.367275 0.11298
 0.202289 0.138797 0.365272 -0.358148 0.0953775
 0.175934 0.118951 0.353549 -0.347333 0.0805579
 0.152798 0.101818 0.340364 -0.334968 0.0679707
 0.132185 0.0868375 0.324277 -0.319633 0.0571602
 0.114222 0.0739914 0.307341 -0.303357 0.0480328
 0.0985117 0.062951 0.288365 -0.284967 0.0403188
 0.08508 0.0536519 0.269052 -0.266154 0.0339152
 0.073755 0.0459139 0.250316 -0.247839 0.0286554
 0.0642516 0.0394992 0.232517 -0.230394 0.0243478
 0.0564597 0.0342815 0.217595 -0.215763 0.0208739
 0.0499285 0.0299422 0.205297 -0.203711 0.0180095
 0.0443365 0.0262552 0.195851 -0.194481 0.0155963
 0.0391682 0.0229012 0.186469 -0.185293 0.0134342
 0.0342833 0.0197916 0.176063 -0.175066 0.0114654
 0.0296478 0.0169006 0.164102 -0.163266 0.00966942
 0.0253143 0.0142502 0.150865 -0.150172 0.00805279
 0.0213503 0.0118707 0.136548 -0.135979 0.00662688
 0.0178262 0.009792 0.121718 -0.121249 0.00540149
 0.0147955 0.00803147 0.10726 -0.106872 0.00437882
 0.0122598 0.00657768 0.0940258 -0.0937008 0.00354498
 0.0101742 0.00539581 0.0823508 -0.0820758 0.00287485
 0.00846983 0.00444091 0.0721608 -0.0719251 0.00233945
 0.00709218 0.00367548 0.0639296 -0.0637277 0.00191402
 0.00598248 0.00306374 0.0574487 -0.0572772 0.00157685
 0.00504612 0.00255341 0.0518884 -0.0517457 0.0012988
 0.00420659 0.00210335 0.0463057 -0.0461882 0.00105742
 0.00345828 0.00170839 0.0408668 -0.0407719 0.000848725
 0.00280053 0.00136625 0.0357412 -0.0356667 0.000670474
 0.00222292 0.0010706 0.0307603 -0.0307033 0.000518819
 0.00172538 0.000820249 0.0259008 -0.0258582 0.000392472
 0.00130854 0.00061402 0.0212825 -0.0212512 0.000290063
 0.000969608 0.000448295 0.0174192 -0.0173978 0.000208724
 0.000701335 0.00031885 0.0141829 -0.0141697 0.000146021
 0.00048883 0.000218257 0.0112066 -0.0111995 9.81867e-05
 0.000330828 0.000144641 0.00876667 -0.00876408 6.37235e-05
 0.000215138 9.18733e-05 0.00663862 -0.0066387 3.95244e-05
 0.000137638 5.68596e-05 0.00522378 -0.00522622 2.36316e-05
 8.076e-05 3.17732e-05 0.00397578 -0.00397953 1.25114e-05
 4.4687e-05 1.6333e-05 0.00300143 -0.00300578 5.8748e-06
 2.17414e-05 6.94189e-06 0.00216057 -0.00216473 2.02326e-06
 7.21053e-06 1.16763e-06 0.00154839 -0.00155226 -2.69196e-07
 -1.18423e-06 -1.92715e-06 0.00105353 -0.00105691 -1.39081e-06
 -4.56508e-06 -2.96664e-06 0.000720428 -0.000723186 -1.66937e-06
 -5.38612e-06 -2.98136e-06 0.00047432 -0.000476417 -1.53948e-06
 -4.91102e-06 -2.52263e-06 0.000297216 -0.000298707 -1.24123e-06
 -4.20252e-06 -2.06626e-06 0.000196734 -0.000197853 -9.85067e-07
 -3.37209e-06 -1.606e-06 0.000128346 -0.000129176 -7.47043e-07
 -2.57517e-06 -1.19755e-06 8.40208e-05 -8.46358e-05 -5.46277e-07
 -1.74628e-06 -7.97603e-07 5.17051e-05 -5.21224e-05 -3.58221e-07
 -1.15867e-06 -5.20108e-07 3.09378e-05 -3.12175e-05 -2.30072e-07
 -6.36647e-07 -2.81882e-07 1.60358e-05 -1.61923e-05 -1.23142e-07
 -2.9606e-07 -1.29686e-07 7.34941e-06 -7.42325e-06 -5.6079e-08
 -1.55313e-07 -6.70375e-08 3.52609e-06 -3.56598e-06 -2.86044e-08
 0 0 0 0 0
 0 0 0 0 0
 0 0 0 0 0
 0 0 0 0 0
 0 0 0 0 0
 0 0 0 0 0
 0 0 0 0 0
 0 0 0 0 0
 0 0 0 0 0
 0 0 0 0 0
 0 0 0 0 0
 0 0 0 0 0
 0 0 0 0 0
 0 0 0 0 0
 0 0 0 0 0
 0 0 0 0 0
 0 0 0 0 0
 0 0 0 0 0
 0 0 0 0 0
 0 0 0 0 0
 0 0 0 0 0
 0 0 0 0 0
 0 0 0 0 0
 0 0 0 0 0
 0 0 0 0 0
 0 0 0 0 0
 0 0 0 0 0
 0 0 0 0 0
 0 0 0 0 0
 0 0 0 0 0
 0 0 0 0 0
 0 0 0 0 0
 0 0 0 0 0
 0 0 0 0 0
 0 0 0 0 0
 0 0 0 0 0
 0 0 0 0 0
 0 0 0 0 0
 0 0 0 0 0
 0 0 0 0 0
 0 0 0 0 0
 0 0 0 0 0
 0 0 0 0 0
 0 0 0 0 0
 0 0 0 0 0
 0 0 0 0 0
 0 0 0 0 0
 0 0 0 0 0
 0 0 0 0 0
 0 0 0 0 0
 0 0 0 0 0
 0 0 0 0 0
 18.5288 17.1653 0.294221 -0.265445 15.9025
 8.18337 7.43192 0.304375 -0.276947 6.74971
 4.64452 4.13653 0.314828 -0.288744 3.68434
 3.01459 2.63395 0.325458 -0.300716 2.30161
 2.12692 1.82376 0.336172 -0.312773 1.56404
 1.58686 1.33578 0.346604 -0.324557 1.12466
 1.23208 1.0185 0.35653 -0.335844 0.842175
 0.984533 0.799508 0.365462 -0.346156 0.649475
 0.803923 0.641533 0.373075 -0.355159 0.512159
 0.667177 0.523361 0.378963 -0.362443 0.410753
 0.560623 0.432446 0.382833 -0.367698 0.333775
 0.475764 0.360998 0.384553 -0.370779 0.274109
 0.406813 0.303744 0.384042 -0.371586 0.226973
 0.349862 0.257128 0.381341 -0.37015 0.189149
 0.302339 0.21879 0.376594 -0.366601 0.158496
 0.262433 0.187053 0.370257 -0.361377 0.133483
 0.22867 0.160574 0.363055 -0.355194 0.112905
 0.199682 0.138175 0.354634 -0.347706 0.0957517
 0.174365 0.118925 0.344434 -0.338365 0.0812415
 0.152308 0.102407 0.333552 -0.328251 0.0689736
 0.132647 0.08794 0.3205 -0.315902 0.0584106
 0.115038 0.0752197 0.304924 -0.300965 0.0492835
 0.0995317 0.0642016 0.288139 -0.284742 0.0415026
 0.0859567 0.0547194 0.269448 -0.266545 0.0349148
 0.0744088 0.0467638 0.250946 -0.24846 0.0294618
 0.0646816 0.0401474 0.232937 -0.230802 0.0249834
 0.0565509 0.0346779 0.216161 -0.214315 0.0213223
 0.0500093 0.0302983 0.203218 -0.201611 0.0184079
 0.0443826 0.0265667 0.191959 -0.190558 0.0159492
 0.0395328 0.0233725 0.183672 -0.182457 0.0138612
 0.0349648 0.0204161 0.174932 -0.173887 0.0119601
 0.0305977 0.0176449 0.165032 -0.164142 0.0102106
 0.0264309 0.0150551 0.153453 -0.152706 0.00860667
 0.0225228 0.0126727 0.140608 -0.139988 0.00715773
 0.018953 0.0105362 0.126763 -0.126249 0.00588058
 0.0158001 0.00868025 0.11259 -0.112165 0.00478863
 0.0130985 0.0071134 0.0989025 -0.0985467 0.00387969
 0.0108531 0.0058277 0.0863708 -0.0860692 0.00314307
 0.00901192 0.00478455 0.0755829 -0.075325 0.00255166
 0.00751947 0.00394801 0.0662347 -0.0660112 0.00208242
 0.00630683 0.00327373 0.0587299 -0.0585368 0.00170736
 0.00533742 0.00273808 0.0531027 -0.0529386 0.00141151
 0.0045067 0.00228503 0.0480003 -0.0478631 0.00116451
 0.00375073 0.00187963 0.0427602 -0.0426468 0.000946967
 0.00307534 0.00152316 0.0375707 -0.0374786 0.000758587
 0.00248197 0.00121412 0.0328163 -0.0327439 0.00059737
 0.00195966 0.000946617 0.0280948 -0.0280393 0.000460052
 0.00151172 0.000721042 0.0234919 -0.0234502 0.000346105
 0.00113894 0.000536282 0.019197 -0.0191662 0.000254188
 0.000836992 0.000388187 0.0157114 -0.0156906 0.000181288
 0.000598824 0.000273096 0.0127144 -0.0127017 0.000125454
 0.000412679 0.000184898 0.00993392 -0.00992692 8.34683e-05
 0.000276182 0.000121127 0.00774057 -0.00773796 5.35318e-05
 0.000179303 7.66897e-05 0.00594663 -0.00594674 3.30443e-05
 0.00011143 4.60389e-05 0.00459164 -0.00459388 1.91343e-05
 6.34342e-05 2.48443e-05 0.00346192 -0.00346533 9.72683e-06
 3.4302e-05 1.24044e-05 0.00258937 -0.00259324 4.39295e-06
 1.59647e-05 4.95385e-06 0.00182072 -0.00182428 1.3617e-06
 3.68106e-06 1.65804e-08 0.00130118 -0.0013046 -6.23632e-07
 -2.53459e-06 -2.21687e-06 0.000864692 -0.000867625 -1.40437e-06
 -4.56044e-06 -2.758e-06 0.000590819 -0.000593145 -1.50181e-06
 -4.98565e-06 -2.66747e-06 0.000382891 -0.000384657 -1.352e-06
 -4.33723e-06 -2.1833e-06 0.000234675 -0.000235912 -1.06161e-06
 -3.67842e-06 -1.78632e-06 0.000158946 -0.000159903 -8.45342e-07
 -2.86658e-06 -1.35391e-06 0.000101903 -0.000102603 -6.26718e-07
 -2.10777e-06 -9.75383e-07 6.60384e-05 -6.65504e-05 -4.43761e-07
 -1.39095e-06 -6.32998e-07 3.97024e-05 -4.00424e-05 -2.83795e-07
 -8.65317e-07 -3.87621e-07 2.25317e-05 -2.27468e-05 -1.71358e-07
 -3.89111e-07 -1.72552e-07 1.00864e-05 -1.01846e-05 -7.55432e-08
 0 0 0 0 0
 0 0 0 0 0
 0 0 0 0 0
 0 0 0 0 0
 0 0 0 0 0
 0 0 0 0 0
 0 0 0 0 0
 0 0 0 0 0
 0 0 0 0 0
 0 0 0 0 0
 0 0 0 0 0
 0 0 0 0 0
 0 0 0 0 0
 0 0 0 0 0
 0 0 0 0 0
 0 0 0 0 0
 0 0 0 0 0
 0 0 0 0 0
 0 0 0 0 0
 0 0 0 0 0
 0 0 0 0 0
 0 0 0 0 0
 0 0 0 0 0
 0 0 0 0 0
 0 0 0 0 0
 0 0 0 0 0
 0 0 0 0 0
 0 0 0 0 0
 0 0 0 0 0
 0 0 0 0 0
 0 0 0 0 0
 0 0 0 0 0
 0 0 0 0 0
 0 0 0 0 0
 0 0 0 0 0
 0 0 0 0 0
 0 0 0 0 0
 0 0 0 0 0
 0 0 0 0 0
 0 0 0 0 0
 0 0 0 0 0
 0 0 0 0 0
 0 0 0 0 0
 0 0 0 0 0
 0 0 0 0 0
 0 0 0 0 0
 0 0 0 0 0
 0 0 0 0 0
 0 0 0 0 0
 0 0 0 0 0
 0 0 0 0 0
 0 0 0 0 0
 0 0 0 0 0
 17.9725 16.7003 0.269628 -0.243052 15.5185
 7.83886 7.1435 0.279157 -0.253812 6.51004
 4.42712 3.95803 0.289143 -0.265016 3.53886
 2.86787 2.51633 0.299408 -0.276495 2.2081
 2.022 1.74175 0.309802 -0.288105 1.50056
 1.50954 1.27699 0.320197 -0.299715 1.08048
 1.17353 0.975242 0.330299 -0.311039 0.810662
 0.939683 0.76738 0.33976 -0.321733 0.62687
 0.769159 0.617429 0.348191 -0.331408 0.495827
 0.640048 0.505198 0.355197 -0.339667 0.398951
 0.5393 0.418692 0.360413 -0.346133 0.325242
 0.458865 0.350512 0.363622 -0.350577 0.267925
 0.39342 0.295784 0.36466 -0.352819 0.222551
 0.339463 0.251277 0.363676 -0.35299 0.186164
 0.29434 0.214579 0.36071 -0.351122 0.156588
 0.256158 0.183975 0.355766 -0.347214 0.132281
 0.223834 0.15842 0.349648 -0.342051 0.112263
 0.19619 0.136865 0.342645 -0.335918 0.09561
 0.172214 0.118442 0.334592 -0.328663 0.0815828
 0.151034 0.102428 0.324931 -0.319734 0.0695798
 0.132281 0.0884742 0.314153 -0.309617 0.0592805
 0.115466 0.0761791 0.301359 -0.297425 0.0503567
 0.100357 0.065326 0.286507 -0.283113 0.0426114
 0.08688 0.0558149 0.269556 -0.266644 0.035937
 0.0751252 0.0476524 0.251184 -0.248688 0.0302972
 0.0651793 0.0408326 0.233476 -0.231327 0.0256433
 0.0568237 0.0351725 0.216286 -0.214427 0.0218272
 0.0499261 0.0305417 0.201018 -0.199396 0.0187337
 0.0443488 0.0268132 0.189286 -0.187862 0.0162566
 0.0395766 0.0236458 0.179899 -0.17865 0.014169
 0.0352964 0.020835 0.172089 -0.171 0.0123365
 0.0312409 0.0182163 0.164175 -0.163236 0.0106563
 0.0273064 0.0157298 0.15448 -0.15368 0.00909217
 0.0235426 0.013399 0.143247 -0.142572 0.00765338
 0.020009 0.0112523 0.13075 -0.130188 0.0063518
 0.0167916 0.00933292 0.117209 -0.116742 0.00520781
 0.0139709 0.00767635 0.103662 -0.103272 0.00423508
 0.0115698 0.00628601 0.0907042 -0.090375 0.00342969
 0.00959008 0.00515336 0.0790399 -0.0787581 0.00278119
 0.00797038 0.00423586 0.0690908 -0.0688473 0.00226108
 0.00668464 0.00351325 0.061092 -0.0608803 0.00185481
 0.0056231 0.00292301 0.0541109 -0.053926 0.00152646
 0.00477678 0.00245428 0.0492929 -0.0491363 0.00126707
 0.00401771 0.0020409 0.0442836 -0.0441518 0.00104192
 0.0033358 0.00167518 0.0393503 -0.0392412 0.00084565
 0.00272678 0.00135382 0.0344032 -0.0343143 0.000675814
 0.00219094 0.00107446 0.0299975 -0.0299277 0.000529932
 0.00171899 0.000832649 0.0255284 -0.0254748 0.000405736
 0.00131744 0.000630347 0.0211644 -0.0211239 0.000303484
 0.000985425 0.000465192 0.017373 -0.0173438 0.000221044
 0.000718848 0.000334235 0.0141803 -0.0141607 0.000156478
 0.00050654 0.000231656 0.0113112 -0.0112993 0.000106712
 0.000344905 0.000155025 0.00872067 -0.00871392 7.02053e-05
 0.000227938 0.000100247 0.00676138 -0.00675883 4.44293e-05
 0.000146422 6.2749e-05 0.00518925 -0.00518927 2.70912e-05
 8.86317e-05 3.65727e-05 0.00399495 -0.00399707 1.51766e-05
 5.02016e-05 1.95852e-05 0.00302967 -0.00303287 7.63008e-06
 2.57788e-05 9.19533e-06 0.00220127 -0.00220469 3.19069e-06
 1.02443e-05 2.78253e-06 0.00157419 -0.00157752 5.36381e-07
 8.53717e-07 -9.03758e-07 0.00108093 -0.00108401 -9.05508e-07
 -3.14313e-06 -2.22357e-06 0.00068837 -0.000690836 -1.30845e-06
 -4.52888e-06 -2.5801e-06 0.000479345 -0.000481328 -1.36284e-06
 -4.40043e-06 -2.29708e-06 0.00030159 -0.000303028 -1.1481e-06
 -3.87983e-06 -1.91398e-06 0.000182608 -0.000183662 -9.18975e-07
 -3.1513e-06 -1.51499e-06 0.000126184 -0.000126991 -7.12589e-07
 -2.41617e-06 -1.13422e-06 8.18075e-05 -8.24062e-05 -5.2316e-07
 -1.64135e-06 -7.57078e-07 5.01334e-05 -5.05408e-05 -3.43911e-07
 -1.09072e-06 -4.94677e-07 2.98758e-05 -3.01498e-05 -2.21402e-07
 0 0 0 0 0
 0 0 0 0 0
 0 0 0 0 0
 0 0 0 0 0
 0 0 0 0 0
 0 0 0 0 0
 0 0 0 0 0
 0 0 0 0 0
 0 0 0 0 0
 0 0 0 0 0
 0 0 0 0 0
 0 0 0 0 0
 0 0 0 0 0
 0 0 0 0 0
 0 0 0 0 0
 0 0 0 0 0
 0 0 0 0 0
 0 0 0 0 0
 0 0 0 0 0
 0 0 0 0 0
 0 0 0 0 0
 0 0 0 0 0
 0 0 0 0 0
 0 0 0 0 0
 0 0 0 0 0
 0 0 0 0 0
 0 0 0 0 0
 0 0 0 0 0
 0 0 0 0 0
 0 0 0 0 0
 0 0 0 0 0
 0 0 0 0 0
 0 0 0 0 0
 0 0 0 0 0
 0 0 0 0 0
 0 0 0 0 0
 0 0 0 0 0
 0 0 0 0 0
 0 0 0 0 0
 0 0 0 0 0
 0 0 0 0 0
 0 0 0 0 0
 0 0 0 0 0
 0 0 0 0 0
 0 0 0 0 0
 0 0 0 0 0
 0 0 0 0 0
 0 0 0 0 0
 0 0 0 0 0
 0 0 0 0 0
 0 0 0 0 0
 0 0 0 0 0
 0 0 0 0 0
 0 0 0 0 0
 17.4804 16.2894 0.248051 -0.223307 15.1798
 7.50074 6.85756 0.256013 -0.232492 6.26972
 4.21166 3.77906 0.265256 -0.242864 3.39108
 2.72276 2.39857 0.275061 -0.253775 2.11317
 1.91912 1.66035 0.285151 -0.264967 1.43666
 1.43345 1.21834 0.295332 -0.276251 1.0357
 1.11571 0.931875 0.305411 -0.287434 0.778514
 0.8952 0.734979 0.315168 -0.298301 0.603617
 0.734503 0.592955 0.324162 -0.308414 0.478865
 0.61301 0.486739 0.332086 -0.317462 0.386654
 0.518086 0.404724 0.338477 -0.324981 0.316338
 0.442079 0.339872 0.343026 -0.330653 0.261462
 0.380014 0.287614 0.345502 -0.334231 0.217842
 0.328607 0.244917 0.34588 -0.335676 0.182694
 0.285668 0.209737 0.344289 -0.335101 0.154135
 0.249455 0.180471 0.341045 -0.332808 0.130703
 0.218487 0.155803 0.335938 -0.328597 0.111234
 0.191994 0.134981 0.329882 -0.323361 0.0950225
 0.169196 0.117302 0.323215 -0.317438 0.0814402
 0.149199 0.102021 0.315518 -0.310422 0.0698702
 0.13136 0.0886058 0.306422 -0.301953 0.059869
 0.115326 0.0767468 0.296058 -0.292157 0.0511669
 0.100738 0.0661569 0.282888 -0.279506 0.0435322
 0.0876658 0.0568232 0.26843 -0.26551 0.0369092
 0.0759487 0.0486059 0.251567 -0.249055 0.0311767
 0.0657789 0.0415801 0.233929 -0.231767 0.0263456
 0.0571787 0.0357125 0.216671 -0.214798 0.0223604
 0.0500155 0.0308778 0.200383 -0.198748 0.019112
 0.0442239 0.0269917 0.186968 -0.185528 0.0165181
 0.0394385 0.0237963 0.176405 -0.175132 0.0143981
 0.0353695 0.0210926 0.168828 -0.167703 0.0126152
 0.031579 0.0186095 0.161738 -0.160755 0.0110001
 0.0279188 0.0162573 0.153801 -0.152951 0.00949717
 0.0243579 0.0140162 0.144298 -0.143573 0.00809269
 0.0209425 0.0119092 0.133403 -0.132791 0.00679638
 0.0177419 0.009972 0.121137 -0.120626 0.00562578
 0.0148451 0.00824917 0.108008 -0.107581 0.00460175
 0.012326 0.0067733 0.0950233 -0.0946633 0.003737
 0.0101989 0.00554354 0.0828186 -0.0825118 0.0030256
 0.00846708 0.00455204 0.0724342 -0.0721703 0.00245761
 0.0070549 0.00375244 0.0632346 -0.063004 0.00200449
 0.00592511 0.00311738 0.0559213 -0.0557195 0.00164737
 0.00501953 0.00261182 0.0502373 -0.050062 0.00136518
 0.00425876 0.00219131 0.0454873 -0.0453376 0.00113284
 0.00357508 0.00181922 0.0407347 -0.0406084 0.000930275
 0.00295958 0.00148919 0.0360778 -0.0359732 0.000753163
 0.00241033 0.00119901 0.0315683 -0.0314836 0.000599628
 0.00192479 0.000946033 0.0273313 -0.0272646 0.000467583
 0.00149977 0.000728319 0.0230671 -0.0230158 0.000355767
 0.00114085 0.000547399 0.0189688 -0.0189301 0.000264263
 0.000845592 0.000400235 0.015532 -0.0155045 0.000190664
 0.00060989 0.000284231 0.0126502 -0.0126323 0.000133371
 0.000424454 0.00019462 0.00996992 -0.00995908 8.98825e-05
 0.000286769 0.000129062 0.00776751 -0.00776186 5.85255e-05
 0.000186393 8.21993e-05 0.00584347 -0.00584102 3.65303e-05
 0.000118513 5.07547e-05 0.00458767 -0.00458808 2.18978e-05
 6.91993e-05 2.84313e-05 0.00346746 -0.00346957 1.17398e-05
 3.84544e-05 1.48988e-05 0.00259256 -0.00259548 5.75364e-06
 1.89542e-05 6.6462e-06 0.00184181 -0.00184478 2.24608e-06
 5.97941e-06 1.24537e-06 0.00131281 -0.00131583 -9.30042e-09
 -1.00263e-06 -1.44333e-06 0.000876708 -0.0008794 -1.03632e-06
 -3.50348e-06 -2.2358e-06 0.000588138 -0.000590292 -1.25906e-06
 -4.2896e-06 -2.34012e-06 0.000380701 -0.000382367 -1.20685e-06
 -3.91366e-06 -1.99603e-06 0.00023485 -0.000236037 -9.83775e-07
 -3.39278e-06 -1.66221e-06 0.000154842 -0.000155764 -7.94976e-07
 -2.6648e-06 -1.27004e-06 9.88533e-05 -9.953e-05 -5.94198e-07
 -1.95876e-06 -9.14858e-07 6.3394e-05 -6.38888e-05 -4.20738e-07
 0 0 0 0 0
 0 0 0 0 0
 0 0 0 0 0
 0 0 0 0 0
 0 0 0 0 0
 0 0 0 0 0
 0 0 0 0 0
 0 0 0 0 0
 0 0 0 0 0
 0 0 0 0 0
 0 0 0 0 0
 0 0 0 0 0
 0 0 0 0 0
 0 0 0 0 0
 0 0 0 0 0
 0 0 0 0 0
 0 0 0 0 0
 0 0 0 0 0
 0 0 0 0 0
 0 0 0 0 0
 0 0 0 0 0
 0 0 0 0 0
 0 0 0 0 0
 0 0 0 0 0
 0 0 0 0 0
 0 0 0 0 0
 0 0 0 0 0
 0 0 0 0 0
 0 0 0 0 0
 0 0 0 0 0
 0 0 0 0 0
 0 0 0 0 0
 0 0 0 0 0
 0 0 0 0 0
 0 0 0 0 0
 0 0 0 0 0
 0 0 0 0 0
 0 0 0 0 0
 0 0 0 0 0
 0 0 0 0 0
 0 0 0 0 0
 0 0 0 0 0
 0 0 0 0 0
 0 0 0 0 0
 0 0 0 0 0
 0 0 0 0 0
 0 0 0 0 0
 0 0 0 0 0
 0 0 0 0 0
 0 0 0 0 0
 0 0 0 0 0
 0 0 0 0 0
 0 0 0 0 0
 0 0 0 0 0
 0 0 0 0 0
 17.042 15.9236 0.229005 -0.20579 14.8788
 7.20575 6.60808 0.235942 -0.213917 6.06014
 4.00778 3.60848 0.243601 -0.222709 3.24914
 2.58065 2.28202 0.252437 -0.232597 2.01811
 1.8178 1.57921 0.262061 -0.24323 1.37211
 1.35867 1.15997 0.271975 -0.254147 0.990492
 1.05894 0.888717 0.281937 -0.265112 0.746027
 0.851092 0.702349 0.291723 -0.275905 0.579769
 0.700058 0.568217 0.301087 -0.286279 0.46137
 0.585871 0.467847 0.309634 -0.295843 0.373761
 0.496702 0.390337 0.316972 -0.304201 0.306907
 0.425185 0.328917 0.322711 -0.310958 0.254599
 0.36661 0.279256 0.326549 -0.315805 0.212865
 0.31786 0.238481 0.328286 -0.318526 0.179068
 0.276902 0.204688 0.328038 -0.319222 0.151445
 0.242291 0.176518 0.326009 -0.318083 0.128731
 0.212817 0.152854 0.322288 -0.315192 0.10991
 0.187517 0.132814 0.31731 -0.310981 0.0941858
 0.165673 0.115738 0.311551 -0.305926 0.0809653
 0.146692 0.101099 0.305135 -0.300148 0.0697803
 0.129805 0.0882717 0.297488 -0.293089 0.0601241
 0.114653 0.076939 0.288944 -0.285081 0.0517206
 0.10079 0.0667538 0.278458 -0.275088 0.0442943
 0.0880908 0.0575955 0.265405 -0.262482 0.0377324
 0.0766819 0.0495026 0.250948 -0.248419 0.0320251
 0.0664663 0.042383 0.234149 -0.231968 0.027087
 0.0576596 0.036329 0.217187 -0.215297 0.0229437
 0.0502457 0.0312932 0.200604 -0.198956 0.0195376
 0.0441175 0.0271696 0.185337 -0.183884 0.016775
 0.0392788 0.0239204 0.17392 -0.172628 0.0146059
 0.0351699 0.0211795 0.164486 -0.163334 0.0127895
 0.0316389 0.018834 0.158145 -0.157125 0.0112438
 0.0282572 0.0166256 0.151575 -0.150681 0.00981158
 0.0249496 0.0145087 0.143912 -0.143138 0.008464
 0.0217107 0.0124789 0.134641 -0.133979 0.00719675
 0.0185984 0.0105672 0.12386 -0.123302 0.00602516
 0.0156981 0.0088185 0.111789 -0.11132 0.00497207
 0.0130978 0.0072762 0.0992017 -0.0988083 0.00405762
 0.0108533 0.00596405 0.0868942 -0.0865608 0.00329027
 0.00898583 0.00488553 0.0755858 -0.0752991 0.00266696
 0.00745996 0.00401288 0.065906 -0.0656572 0.00216752
 0.00623486 0.00331908 0.0575563 -0.0573368 0.0017743
 0.00524833 0.0027642 0.0509882 -0.050795 0.00146209
 0.00446328 0.00232491 0.0461925 -0.0460252 0.0012164
 0.00379118 0.00195336 0.0418696 -0.0417268 0.00101109
 0.00317489 0.0016181 0.037401 -0.0372806 0.000828634
 0.00261864 0.00132009 0.0329514 -0.0328516 0.000668807
 0.0021239 0.00105841 0.0288625 -0.0287821 0.000530211
 0.00168297 0.000828916 0.0247608 -0.0246977 0.000410518
 0.0013015 0.000633569 0.0207052 -0.0206567 0.000310201
 0.000980825 0.000471767 0.0169241 -0.0168878 0.000228286
 0.000719419 0.000341216 0.0138515 -0.0138262 0.000162873
 0.000512573 0.000239372 0.0111967 -0.0111805 0.00011255
 0.000352362 0.000161971 0.00869325 -0.00868342 7.49901e-05
 0.000234907 0.000105934 0.00674509 -0.00674012 4.81344e-05
 0.000152113 6.71007e-05 0.00515554 -0.0051537 2.98295e-05
 9.37017e-05 4.00818e-05 0.00396552 -0.00396618 1.72713e-05
 5.30645e-05 2.16941e-05 0.00296068 -0.00296273 8.90675e-06
 2.88416e-05 1.10677e-05 0.00219084 -0.00219351 4.22177e-06
 1.266e-05 4.16677e-06 0.00156426 -0.00156707 1.26539e-06
 2.64317e-06 5.48657e-08 0.00107829 -0.00108102 -4.25634e-07
 -2.00462e-06 -1.6514e-06 0.000694065 -0.000696351 -1.03733e-06
 -3.68669e-06 -2.16598e-06 0.000472501 -0.000474344 -1.1708e-06
 -3.83293e-06 -2.03196e-06 0.00029728 -0.000298634 -1.03076e-06
 -3.53763e-06 -1.76413e-06 0.000180805 -0.00018182 -8.57058e-07
 -2.89733e-06 -1.4045e-06 0.000121277 -0.00012205 -6.67253e-07
 0 0 0 0 0
 0 0 0 0 0
 0 0 0 0 0
 0 0 0 0 0
 0 0 0 0 0
 0 0 0 0 0
 0 0 0 0 0
 0 0 0 0 0
 0 0 0 0 0
 0 0 0 0 0
 0 0 0 0 0
 0 0 0 0 0
 0 0 0 0 0
 0 0 0 0 0
 0 0 0 0 0
 0 0 0 0 0
 0 0 0 0 0
 0 0 0 0 0
 0 0 0 0 0
 0 0 0 0 0
 0 0 0 0 0
 0 0 0 0 0
 0 0 0 0 0
 0 0 0 0 0
 0 0 0 0 0
 0 0 0 0 0
 0 0 0 0 0
 0 0 0 0 0
 0 0 0 0 0
 0 0 0 0 0
 0 0 0 0 0
 0 0 0 0 0
 0 0 0 0 0
 0 0 0 0 0
 0 0 0 0 0
 0 0 0 0 0
 0 0 0 0 0
 0 0 0 0 0
 0 0 0 0 0
 0 0 0 0 0
 0 0 0 0 0
 0 0 0 0 0
 0 0 0 0 0
 0 0 0 0 0
 0 0 0 0 0
 0 0 0 0 0
 0 0 0 0 0
 0 0 0 0 0
 0 0 0 0 0
 0 0 0 0 0
 0 0 0 0 0
 0 0 0 0 0
 0 0 0 0 0
 0 0 0 0 0
 0 0 0 0 0
 0 0 0 0 0
 16.6857 15.6303 0.21257 -0.190589 14.6418
 6.93806 6.38105 0.21815 -0.197377 5.86893
 3.82808 3.45793 0.224719 -0.205063 3.12372
 2.45052 2.17476 0.23224 -0.213628 1.93018
 1.71968 1.49987 0.240665 -0.223036 1.3083
 1.28523 1.10196 0.25006 -0.233358 0.944967
 1.00304 0.845675 0.259798 -0.244012 0.713147
 0.807726 0.669828 0.269537 -0.254667 0.555627
 0.665857 0.543264 0.279017 -0.265066 0.443393
 0.558769 0.448648 0.287968 -0.27494 0.360378
 0.475262 0.375631 0.29604 -0.283937 0.297032
 0.408178 0.317648 0.302762 -0.291585 0.24734
 0.353165 0.270683 0.307843 -0.297585 0.207603
 0.307174 0.23194 0.310944 -0.301592 0.175266
 0.268246 0.199598 0.311926 -0.303453 0.148647
 0.235146 0.172473 0.311042 -0.303404 0.126627
 0.206874 0.149616 0.308477 -0.301618 0.108322
 0.182651 0.13029 0.304397 -0.298262 0.09305
 0.161786 0.113856 0.299445 -0.29397 0.0802288
 0.143636 0.0997433 0.29391 -0.289038 0.0693609
 0.127688 0.0875083 0.287737 -0.283415 0.0600642
 0.113346 0.0766751 0.280327 -0.27651 0.051954
 0.100327 0.0669958 0.271977 -0.268623 0.0448178
 0.0882683 0.0581945 0.261506 -0.258578 0.0384403
 0.0771835 0.0502487 0.24891 -0.246368 0.0327798
 0.0671373 0.0431741 0.233985 -0.231782 0.0278239
 0.0582245 0.0369996 0.217342 -0.215432 0.0235652
 0.0506093 0.0317886 0.201123 -0.199458 0.0200142
 0.0442399 0.0274788 0.185337 -0.183871 0.0171098
 0.039103 0.0240237 0.17197 -0.170665 0.0147968
 0.0349467 0.0212376 0.161481 -0.160311 0.0129401
 0.031475 0.0189172 0.153938 -0.15289 0.0114005
 0.028357 0.0168496 0.148437 -0.147507 0.0100404
 0.0253032 0.0148635 0.142144 -0.141326 0.00875725
 0.0222882 0.0129435 0.134488 -0.133778 0.00754037
 0.0193255 0.0110955 0.125339 -0.124733 0.00639141
 0.0164844 0.00935808 0.114628 -0.114116 0.00533092
 0.0138562 0.00777956 0.102737 -0.102306 0.00438365
 0.0115259 0.00640134 0.0906642 -0.0903 0.00356856
 0.009535 0.0052398 0.0790228 -0.0787119 0.00289055
 0.00789642 0.00429442 0.0686026 -0.0683335 0.00234469
 0.00656552 0.00353366 0.0597321 -0.0594964 0.0019095
 0.00552107 0.00294064 0.0527257 -0.0525179 0.00157265
 0.00466536 0.00245923 0.0467593 -0.0465753 0.00130173
 0.00398406 0.00207729 0.0427024 -0.0425438 0.00108781
 0.00336918 0.0017381 0.0384414 -0.0383057 0.0009007
 0.00281211 0.00143526 0.0342342 -0.0341198 0.000735979
 0.00231014 0.00116635 0.030104 -0.0300097 0.000591756
 0.00186231 0.000929683 0.0262017 -0.0261259 0.000466493
 0.00146352 0.000722241 0.0223077 -0.0222485 0.000358348
 0.00112282 0.00054785 0.0184595 -0.0184141 0.000268818
 0.000838283 0.000403893 0.0151557 -0.0151225 0.000195762
 0.000608302 0.000288932 0.0123757 -0.0123532 0.000138113
 0.000426643 0.000199621 0.00981817 -0.00980392 9.40358e-05
 0.000290313 0.000133597 0.00764667 -0.00763837 6.19245e-05
 0.000190395 8.60342e-05 0.00578223 -0.0057779 3.9171e-05
 0.000122112 5.38432e-05 0.00450279 -0.00450163 2.39268e-05
 7.27808e-05 3.10656e-05 0.00338637 -0.00338725 1.33556e-05
 4.1231e-05 1.67922e-05 0.00254729 -0.00254934 6.86447e-06
 2.11751e-05 8.03213e-06 0.00182016 -0.00182255 3.01759e-06
 7.80179e-06 2.29423e-06 0.00129457 -0.00129717 5.44105e-07
 3.29992e-07 -7.31297e-07 0.000868875 -0.000871308 -6.80937e-07
 -2.33237e-06 -1.62399e-06 0.000555619 -0.00055752 -9.58033e-07
 -3.60392e-06 -2.00577e-06 0.000371395 -0.000372943 -1.05243e-06
 -3.46307e-06 -1.78586e-06 0.000227862 -0.00022898 -8.90667e-07
 0 0 0 0 0
 0 0 0 0 0
 0 0 0 0 0
 0 0 0 0 0
 0 0 0 0 0
 0 0 0 0 0
 0 0 0 0 0
 0 0 0 0 0
 0 0 0 0 0
 0 0 0 0 0
 0 0 0 0 0
 0 0 0 0 0
 0 0 0 0 0
 0 0 0 0 0
 0 0 0 0 0
 0 0 0 0 0
 0 0 0 0 0
 0 0 0 0 0
 0 0 0 0 0
 0 0 0 0 0
 0 0 0 0 0
 0 0 0 0 0
 0 0 0 0 0
 0 0 0 0 0
 0 0 0 0 0
 0 0 0 0 0
 0 0 0 0 0
 0 0 0 0 0
 0 0 0 0 0
 0 0 0 0 0
 0 0 0 0 0
 0 0 0 0 0
 0 0 0 0 0
 0 0 0 0 0
 0 0 0 0 0
 0 0 0 0 0
 0 0 0 0 0
 0 0 0 0 0
 0 0 0 0 0
 0 0 0 0 0
 0 0 0 0 0
 0 0 0 0 0
 0 0 0 0 0
 0 0 0 0 0
 0 0 0 0 0
 0 0 0 0 0
 0 0 0 0 0
 0 0 0 0 0
 0 0 0 0 0
 0 0 0 0 0
 0 0 0 0 0
 0 0 0 0 0
 0 0 0 0 0
 0 0 0 0 0
 0 0 0 0 0
 0 0 0 0 0
 0 0 0 0 0
 16.3413 15.3443 0.197597 -0.176678 14.4083
 6.70317 6.18198 0.202587 -0.182837 5.70146
 3.66741 3.32303 0.208083 -0.189451 3.01115
 2.33333 2.07786 0.214373 -0.196788 1.85051
 1.63138 1.4282 0.221722 -0.205103 1.25047
 1.21482 1.04583 0.22982 -0.214117 0.900483
 0.948333 0.803055 0.239018 -0.224169 0.68017
 0.764984 0.637356 0.248552 -0.234541 0.531159
 0.63213 0.518312 0.258052 -0.244879 0.425124
 0.531872 0.429292 0.267205 -0.254875 0.346633
 0.453731 0.360588 0.275734 -0.264247 0.286699
 0.391069 0.306084 0.283265 -0.272621 0.239698
 0.339516 0.261776 0.289355 -0.279552 0.201964
 0.296347 0.225148 0.293713 -0.284741 0.171178
 0.259637 0.194423 0.296062 -0.287903 0.145708
 0.228149 0.168435 0.296407 -0.289029 0.124465
 0.201071 0.146392 0.294914 -0.288275 0.106692
 0.177698 0.127625 0.291733 -0.28578 0.0917658
 0.157638 0.111717 0.287443 -0.282117 0.0792716
 0.140307 0.0981383 0.282604 -0.277846 0.0687354
 0.125094 0.0863725 0.277162 -0.272922 0.0597233
 0.111586 0.076065 0.271223 -0.267458 0.0519327
 0.0993808 0.066888 0.264623 -0.261291 0.045095
 0.0880583 0.0585248 0.25628 -0.253352 0.038967
 0.0774293 0.0508258 0.245219 -0.242662 0.0334273
 0.0676701 0.0438767 0.232667 -0.230444 0.0285077
 0.0588229 0.0376887 0.217533 -0.215602 0.0242
 0.051075 0.0323481 0.201545 -0.19986 0.020534
 0.0444858 0.0278611 0.185727 -0.184246 0.0174903
 0.0390348 0.0241843 0.170896 -0.169579 0.0150198
 0.034709 0.0212763 0.159027 -0.157844 0.0130748
 0.0311944 0.0189182 0.15014 -0.149071 0.0115028
 0.0282405 0.0169388 0.144524 -0.143563 0.0101874
 0.0254328 0.0150851 0.139192 -0.138337 0.00897267
 0.0226568 0.013288 0.13308 -0.132327 0.00781633
 0.0198922 0.0115364 0.125447 -0.124795 0.00671132
 0.0171709 0.00984742 0.116307 -0.11575 0.00566593
 0.0145749 0.00826693 0.105677 -0.105208 0.00470508
 0.0121989 0.00684515 0.09407 -0.0936717 0.00385466
 0.0101177 0.00561785 0.0824541 -0.0821163 0.00313075
 0.00836708 0.00459778 0.0717293 -0.0714393 0.00253603
 0.00693642 0.00377253 0.0623739 -0.0621217 0.00205967
 0.00578903 0.00311697 0.0542721 -0.0540491 0.0016848
 0.00487728 0.00259928 0.0479408 -0.0477432 0.00139076
 0.00415343 0.0021904 0.0432396 -0.043066 0.00115988
 0.00354338 0.0018492 0.0392425 -0.0390923 0.00096915
 0.00298869 0.00154357 0.0352065 -0.035078 0.000800727
 0.00248469 0.00126989 0.0312081 -0.0311002 0.000652007
 0.0020317 0.00102714 0.0274436 -0.0273551 0.000521776
 0.00162376 0.000811809 0.0237056 -0.023635 0.00040792
 0.00126568 0.000625761 0.0199632 -0.0199083 0.000311019
 0.000960992 0.000469808 0.0163802 -0.0163384 0.000230955
 0.000709032 0.000342131 0.0134487 -0.0134189 0.000166067
 0.00050821 0.000241743 0.0109057 -0.010886 0.000115722
 0.000351743 0.000164881 0.00851458 -0.00850208 7.78123e-05
 0.000236169 0.000108834 0.00660297 -0.00659596 5.05172e-05
 0.00015209 6.87669e-05 0.00494966 -0.00494608 3.13284e-05
 9.60267e-05 4.22985e-05 0.00386544 -0.00386486 1.8778e-05
 5.55398e-05 2.35873e-05 0.00289255 -0.00289367 1.00858e-05
 3.08363e-05 1.24717e-05 0.00213714 -0.00213912 5.05724e-06
 1.47212e-05 5.45274e-06 0.00149222 -0.00149444 1.98357e-06
 4.01285e-06 8.43625e-07 0.00105474 -0.00105716 -9.77517e-09
 -9.77475e-07 -1.10495e-06 0.000680484 -0.000682562 -7.65228e-07
 -2.91596e-06 -1.77116e-06 0.000455883 -0.000457576 -9.803e-07
 0 0 0 0 0
 0 0 0 0 0
 0 0 0 0 0
 0 0 0 0 0
 0 0 0 0 0
 0 0 0 0 0
 0 0 0 0 0
 0 0 0 0 0
 0 0 0 0 0
 0 0 0 0 0
 0 0 0 0 0
 0 0 0 0 0
 0 0 0 0 0
 0 0 0 0 0
 0 0 0 0 0
 0 0 0 0 0
 0 0 0 0 0
 0 0 0 0 0
 0 0 0 0 0
 0 0 0 0 0
 0 0 0 0 0
 0 0 0 0 0
 0 0 0 0 0
 0 0 0 0 0
 0 0 0 0 0
 0 0 0 0 0
 0 0 0 0 0
 0 0 0 0 0
 0 0 0 0 0
 0 0 0 0 0
 0 0 0 0 0
 0 0 0 0 0
 0 0 0 0 0
 0 0 0 0 0
 0 0 0 0 0
 0 0 0 0 0
 0 0 0 0 0
 0 0 0 0 0
 0 0 0 0 0
 0 0 0 0 0
 0 0 0 0 0
 0 0 0 0 0
 0 0 0 0 0
 0 0 0 0 0
 0 0 0 0 0
 0 0 0 0 0
 0 0 0 0 0
 0 0 0 0 0
 0 0 0 0 0
 0 0 0 0 0
 0 0 0 0 0
 0 0 0 0 0
 0 0 0 0 0
 0 0 0 0 0
 0 0 0 0 0
 0 0 0 0 0
 0 0 0 0 0
 0 0 0 0 0
 16.0214 15.0781 0.184097 -0.164079 14.1904
 6.47682 5.98881 0.188337 -0.169475 5.53771
 3.52145 3.20017 0.193272 -0.175494 2.90833
 2.22976 1.99212 0.198715 -0.181972 1.77992
 1.55093 1.36263 0.204804 -0.189038 1.19732
 1.15225 0.995825 0.212008 -0.197136 0.860758
 0.896333 0.762197 0.219888 -0.205868 0.648261
 0.72324 0.605274 0.228838 -0.215607 0.506676
 0.598852 0.493362 0.238165 -0.225705 0.406581
 0.505258 0.409862 0.247402 -0.23571 0.332602
 0.432299 0.345372 0.256202 -0.245282 0.276047
 0.37382 0.2942 0.26427 -0.254122 0.231659
 0.325744 0.252602 0.271217 -0.261838 0.196002
 0.285352 0.218084 0.276637 -0.268023 0.16679
 0.250883 0.189022 0.280233 -0.272369 0.142525
 0.221132 0.164287 0.281799 -0.274665 0.122161
 0.195326 0.143132 0.281453 -0.275015 0.104987
 0.172942 0.125032 0.279383 -0.273595 0.0904917
 0.153498 0.109519 0.275742 -0.270555 0.0782334
 0.136773 0.0963317 0.271423 -0.266778 0.0679343
 0.122288 0.0850383 0.266821 -0.262663 0.0592167
 0.109478 0.0751772 0.261763 -0.258052 0.0517002
 0.0978825 0.0663815 0.255809 -0.252511 0.0450903
 0.0873217 0.0584892 0.249252 -0.246331 0.039244
 0.0773929 0.0512049 0.240828 -0.23826 0.0339405
 0.0680487 0.0444784 0.230094 -0.227849 0.0291291
 0.0593609 0.0383402 0.216859 -0.214905 0.0248145
 0.0515678 0.0329249 0.201621 -0.199915 0.0210674
 0.0448425 0.0283113 0.186276 -0.184777 0.0179147
 0.0391697 0.0244642 0.171093 -0.169763 0.0153152
 0.034558 0.0213586 0.157626 -0.156432 0.0132323
 0.0309458 0.0189273 0.147609 -0.146527 0.011605
 0.0279797 0.0169332 0.140425 -0.139442 0.010274
 0.025357 0.0151803 0.135317 -0.13443 0.009112
 0.0228227 0.0135131 0.130434 -0.129644 0.00802322
 0.0202786 0.0118744 0.124457 -0.123763 0.00697357
 0.0177275 0.0102669 0.11682 -0.116219 0.00596433
 0.0152208 0.00871917 0.107603 -0.107092 0.00501085
 0.0128515 0.00728331 0.0969825 -0.0965492 0.00414153
 0.0107134 0.00600796 0.0858283 -0.0854608 0.00338095
 0.00886208 0.00491892 0.0748232 -0.0745097 0.00274006
 0.00732723 0.00402616 0.0648147 -0.0645435 0.00222042
 0.00608334 0.00330921 0.056269 -0.0560313 0.00180687
 0.00510892 0.00275144 0.0494069 -0.0491963 0.00148743
 0.0043079 0.00229716 0.0434651 -0.0432769 0.00122966
 0.00368448 0.0019443 0.0395632 -0.0393987 0.0010301
 0.00314658 0.0016435 0.0359753 -0.0358333 0.000861983
 0.00264478 0.00136731 0.0321818 -0.0320608 0.00070993
 0.00218894 0.00112018 0.0283342 -0.0282327 0.000575823
 0.00177836 0.000900208 0.0248683 -0.0247858 0.000457838
 0.00140835 0.000705129 0.021306 -0.0212408 0.000354793
 0.00108783 0.000538761 0.0177444 -0.0176939 0.000268216
 0.000817123 0.000399961 0.0145978 -0.0145603 0.000196846
 0.000595869 0.000287825 0.0119402 -0.0119141 0.000139849
 0.000420382 0.000200235 0.00951633 -0.00949933 9.598e-05
 0.00028686 0.000134697 0.00730197 -0.00729122 6.36735e-05
 0.000190058 8.771e-05 0.00562655 -0.00562066 4.07704e-05
 0.000122003 5.51634e-05 0.00429184 -0.00428921 2.51329e-05
 7.41293e-05 3.25849e-05 0.00328247 -0.00328239 1.44357e-05
 4.26369e-05 1.8045e-05 0.00245939 -0.00246068 7.68782e-06
 2.24893e-05 9.01142e-06 0.00176413 -0.001766 3.61423e-06
 9.05225e-06 3.09519e-06 0.00125206 -0.00125429 9.95283e-07
 1.40281e-06 -1.18594e-07 0.000841117 -0.000843292 -3.59525e-07
 0 0 0 0 0
 0 0 0 0 0
 0 0 0 0 0
 0 0 0 0 0
 0 0 0 0 0
 0 0 0 0 0
 0 0 0 0 0
 0 0 0 0 0
 0 0 0 0 0
 0 0 0 0 0
 0 0 0 0 0
 0 0 0 0 0
 0 0 0 0 0
 0 0 0 0 0
 0 0 0 0 0
 0 0 0 0 0
 0 0 0 0 0
 0 0 0 0 0
 0 0 0 0 0
 0 0 0 0 0
 0 0 0 0 0
 0 0 0 0 0
 0 0 0 0 0
 0 0 0 0 0
 0 0 0 0 0
 0 0 0 0 0
 0 0 0 0 0
 0 0 0 0 0
 0 0 0 0 0
 0 0 0 0 0
 0 0 0 0 0
 0 0 0 0 0
 0 0 0 0 0
 0 0 0 0 0
 0 0 0 0 0
 0 0 0 0 0
 0 0 0 0 0
 0 0 0 0 0
 0 0 0 0 0
 0 0 0 0 0
 0 0 0 0 0
 0 0 0 0 0
 0 0 0 0 0
 0 0 0 0 0
 0 0 0 0 0
 0 0 0 0 0
 0 0 0 0 0
 0 0 0 0 0
 0 0 0 0 0
 0 0 0 0 0
 0 0 0 0 0
 0 0 0 0 0
 0 0 0 0 0
 0 0 0 0 0
 0 0 0 0 0
 0 0 0 0 0
 0 0 0 0 0
 0 0 0 0 0
 0 0 0 0 0
 15.7143 14.8208 0.171786 -0.152543 13.9782
 6.26656 5.80873 0.175507 -0.157397 5.38447
 3.38223 3.08224 0.179711 -0.162677 2.80898
 2.13387 1.91238 0.18459 -0.168563 1.71399
 1.48018 1.30491 0.189999 -0.174929 1.15052
 1.0947 0.9496 0.195969 -0.181808 0.823851
 0.850158 0.725826 0.203028 -0.189696 0.619794
 0.683854 0.574766 0.210742 -0.198199 0.483193
 0.566368 0.468728 0.219458 -0.207646 0.388035
 0.478958 0.390402 0.228567 -0.217464 0.318333
 0.411048 0.330061 0.237514 -0.227118 0.265143
 0.356593 0.282133 0.245929 -0.23624 0.223333
 0.311833 0.243153 0.253489 -0.244507 0.189708
 0.274206 0.21077 0.259808 -0.251529 0.162116
 0.242001 0.183411 0.264522 -0.256938 0.139109
 0.214038 0.159987 0.267323 -0.260417 0.119685
 0.189623 0.139823 0.268181 -0.261927 0.103197
 0.168248 0.122417 0.267183 -0.261546 0.0891625
 0.149548 0.107399 0.264482 -0.259417 0.0772164
 0.133263 0.0944875 0.260536 -0.255996 0.0670762
 0.119213 0.08347 0.256077 -0.252007 0.0585206
 0.107012 0.0740042 0.251681 -0.248032 0.0512499
 0.0961283 0.0656665 0.246881 -0.243617 0.044926
 0.0861833 0.0581587 0.241553 -0.238647 0.0393108
 0.0769352 0.0512921 0.234998 -0.232424 0.0342556
 0.0681014 0.0448629 0.22587 -0.223605 0.0296089
 0.0598101 0.0389353 0.215113 -0.213131 0.025396
 0.0520885 0.0335189 0.201488 -0.199758 0.021614
 0.0452488 0.028793 0.186581 -0.185063 0.0183614
 0.0394127 0.0248094 0.171572 -0.170227 0.0156519
 0.0345615 0.0215302 0.157222 -0.156016 0.0134431
 0.0307222 0.0189437 0.145568 -0.144475 0.0117084
 0.0276624 0.0168829 0.136946 -0.135948 0.0103288
 0.0251538 0.0151912 0.131573 -0.130663 0.00919742
 0.0228104 0.0136284 0.127237 -0.126418 0.00816377
 0.0204863 0.0121078 0.12239 -0.121659 0.00717553
 0.0181306 0.0106 0.116195 -0.115554 0.00621508
 0.0157648 0.00911758 0.1085 -0.107947 0.00528912
 0.0134558 0.00769942 0.0991775 -0.0987058 0.00441958
 0.0112978 0.00639734 0.088645 -0.088245 0.00363442
 0.00938058 0.00525759 0.0778281 -0.0774883 0.00295683
 0.007744 0.00429703 0.0674961 -0.0672046 0.00239272
 0.00641203 0.00352249 0.0586184 -0.0583655 0.00194202
 0.00533215 0.00290104 0.0506103 -0.0503861 0.00158407
 0.00450257 0.00242551 0.0447548 -0.0445556 0.00131142
 0.00383848 0.00204716 0.0401892 -0.0400124 0.00109592
 0.00328683 0.00173533 0.0365263 -0.0363719 0.000919775
 0.00278949 0.00145813 0.0328835 -0.0327501 0.000765285
 0.00233468 0.00120816 0.0292937 -0.0291803 0.000627836
 0.00192146 0.000984192 0.0257813 -0.025687 0.00050633
 0.00154753 0.000784195 0.0224555 -0.0223796 0.000399223
 0.00121444 0.000608877 0.0190175 -0.0189577 0.000306752
 0.000927383 0.000459984 0.0156877 -0.015642 0.000229317
 0.000687652 0.000336972 0.0128793 -0.0128462 0.000166027
 0.000495015 0.000239343 0.010478 -0.0104557 0.000116405
 0.000344338 0.000164232 0.00820847 -0.00819401 7.88252e-05
 0.000232397 0.000109143 0.0063601 -0.0063515 5.1607e-05
 0.000151139 6.98356e-05 0.00474087 -0.00473602 3.25016e-05
 9.57508e-05 4.32152e-05 0.00371258 -0.00371102 1.96563e-05
 5.62805e-05 2.46417e-05 0.00277796 -0.00277832 1.08728e-05
 3.17788e-05 1.33788e-05 0.00204832 -0.0020497 5.6675e-06
 1.56225e-05 6.15306e-06 0.0014347 -0.00143652 2.41696e-06
 0 0 0 0 0
 0 0 0 0 0
 0 0 0 0 0
 0 0 0 0 0
 0 0 0 0 0
 0 0 0 0 0
 0 0 0 0 0
 0 0 0 0 0
 0 0 0 0 0
 0 0 0 0 0
 0 0 0 0 0
 0 0 0 0 0
 0 0 0 0 0
 0 0 0 0 0
 0 0 0 0 0
 0 0 0 0 0
 0 0 0 0 0
 0 0 0 0 0
 0 0 0 0 0
 0 0 0 0 0
 0 0 0 0 0
 0 0 0 0 0
 0 0 0 0 0
 0 0 0 0 0
 0 0 0 0 0
 0 0 0 0 0
 0 0 0 0 0
 0 0 0 0 0
 0 0 0 0 0
 0 0 0 0 0
 0 0 0 0 0
 0 0 0 0 0
 0 0 0 0 0
 0 0 0 0 0
 0 0 0 0 0
 0 0 0 0 0
 0 0 0 0 0
 0 0 0 0 0
 0 0 0 0 0
 0 0 0 0 0
 0 0 0 0 0
 0 0 0 0 0
 0 0 0 0 0
 0 0 0 0 0
 0 0 0 0 0
 0 0 0 0 0
 0 0 0 0 0
 0 0 0 0 0
 0 0 0 0 0
 0 0 0 0 0
 0 0 0 0 0
 0 0 0 0 0
 0 0 0 0 0
 0 0 0 0 0
 0 0 0 0 0
 0 0 0 0 0
 0 0 0 0 0
 0 0 0 0 0
 0 0 0 0 0
 0 0 0 0 0
 15.444 14.5954 0.160817 -0.142218 13.7937
 6.06547 5.63554 0.163772 -0.146315 5.23621
 3.25285 2.97223 0.16747 -0.151068 2.71593
 2.04302 1.83638 0.171663 -0.156261 1.65075
 1.41382 1.25048 0.176511 -0.162042 1.10612
 1.04401 0.908842 0.181902 -0.16832 0.791288
 0.807662 0.69219 0.187813 -0.175073 0.593332
 0.648788 0.547532 0.194736 -0.182767 0.462184
 0.535942 0.445485 0.202334 -0.191094 0.3704
 0.453282 0.371182 0.210817 -0.200253 0.304055
 0.390009 0.314692 0.219688 -0.209778 0.254023
 0.33946 0.269949 0.228313 -0.219053 0.214774
 0.297886 0.233515 0.236299 -0.227689 0.183155
 0.262925 0.203217 0.243305 -0.235342 0.157167
 0.232937 0.177552 0.24895 -0.241629 0.135432
 0.206838 0.155516 0.252911 -0.246219 0.117022
 0.183842 0.136382 0.254903 -0.248823 0.101262
 0.163567 0.11975 0.255028 -0.249531 0.0877567
 0.145683 0.105287 0.2534 -0.248448 0.0761728
 0.129943 0.0927292 0.25015 -0.245702 0.0662495
 0.11625 0.0819327 0.246118 -0.242126 0.0578184
 0.10443 0.0727068 0.241976 -0.238389 0.0506888
 0.0940808 0.0647156 0.237758 -0.234537 0.0445805
 0.0847067 0.0575745 0.232997 -0.230111 0.0391935
 0.0760474 0.0510761 0.227737 -0.225164 0.0343611
 0.0678644 0.045043 0.221039 -0.21876 0.0299486
 0.0599901 0.0393539 0.211685 -0.209677 0.0258646
 0.0525713 0.03409 0.20052 -0.198761 0.0221494
 0.045709 0.0293101 0.186552 -0.18501 0.0188334
 0.039728 0.0251992 0.172062 -0.170701 0.016018
 0.0346953 0.0217785 0.157593 -0.156376 0.0137008
 0.0305777 0.0190011 0.144373 -0.14327 0.011834
 0.0274155 0.0168661 0.13471 -0.133702 0.0104001
 0.0248204 0.0151165 0.127352 -0.126427 0.00922833
 0.0226439 0.0136472 0.123294 -0.122449 0.0082453
 0.0205231 0.0122382 0.11936 -0.118598 0.00731666
 0.0183762 0.0108416 0.114556 -0.113878 0.00641361
 0.0161821 0.00944583 0.108297 -0.107705 0.00552936
 0.0139816 0.00807523 0.100398 -0.0998883 0.00467787
 0.0118571 0.00677718 0.0909417 -0.0905075 0.00388574
 0.00990225 0.00560224 0.0806793 -0.0803113 0.00317977
 0.00819195 0.00458856 0.0703758 -0.0700619 0.00257878
 0.00676242 0.00375093 0.0608382 -0.0605674 0.00208764
 0.0056045 0.00307853 0.0526492 -0.0524123 0.00169689
 0.00470032 0.00255707 0.0460041 -0.0457935 0.00139599
 0.00396939 0.0021389 0.040397 -0.0402083 0.00115664
 0.0034019 0.00181479 0.0367254 -0.0365589 0.000971683
 0.00291757 0.00154113 0.0334455 -0.0333005 0.000817167
 0.00246694 0.00129033 0.0300289 -0.0299042 0.000677572
 0.00205478 0.00106427 0.0265568 -0.0264512 0.000553505
 0.00168044 0.000861417 0.0233852 -0.0232983 0.000443482
 0.00133922 0.000679325 0.0201418 -0.0200725 0.000346157
 0.00104014 0.000522148 0.0168612 -0.0168071 0.000263365
 0.000784964 0.000389862 0.0137706 -0.0137297 0.0001946
 0.00057317 0.000281107 0.0113027 -0.011274 0.000138614
 0.000407019 0.000196974 0.00909883 -0.00907992 9.58842e-05
 0.000278901 0.000133185 0.00699776 -0.00698558 6.4e-05
 0.00018574 8.73175e-05 0.00538633 -0.00537928 4.13274e-05
 0.000119698 5.52488e-05 0.00409903 -0.0040955 2.56883e-05
 7.34961e-05 3.31086e-05 0.00313137 -0.00313054 1.50323e-05
 4.27655e-05 1.86653e-05 0.00233792 -0.00233862 8.20983e-06
 0 0 0 0 0
 0 0 0 0 0
 0 0 0 0 0
 0 0 0 0 0
 0 0 0 0 0
 0 0 0 0 0
 0 0 0 0 0
 0 0 0 0 0
 0 0 0 0 0
 0 0 0 0 0
 0 0 0 0 0
 0 0 0 0 0
 0 0 0 0 0
 0 0 0 0 0
 0 0 0 0 0
 0 0 0 0 0
 0 0 0 0 0
 0 0 0 0 0
 0 0 0 0 0
 0 0 0 0 0
 0 0 0 0 0
 0 0 0 0 0
 0 0 0 0 0
 0 0 0 0 0
 0 0 0 0 0
 0 0 0 0 0
 0 0 0 0 0
 0 0 0 0 0
 0 0 0 0 0
 0 0 0 0 0
 0 0 0 0 0
 0 0 0 0 0
 0 0 0 0 0
 0 0 0 0 0
 0 0 0 0 0
 0 0 0 0 0
 0 0 0 0 0
 0 0 0 0 0
 0 0 0 0 0
 0 0 0 0 0
 0 0 0 0 0
 0 0 0 0 0
 0 0 0 0 0
 0 0 0 0 0
 0 0 0 0 0
 0 0 0 0 0
 0 0 0 0 0
 0 0 0 0 0
 0 0 0 0 0
 0 0 0 0 0
 0 0 0 0 0
 0 0 0 0 0
 0 0 0 0 0
 0 0 0 0 0
 0 0 0 0 0
 0 0 0 0 0
 0 0 0 0 0
 0 0 0 0 0
 0 0 0 0 0
 0 0 0 0 0
 0 0 0 0 0
 15.2098 14.4017 0.151051 -0.132981 13.6368
 5.88297 5.47819 0.153306 -0.136391 5.10137
 3.12992 2.86714 0.156263 -0.140413 2.62654
 1.95853 1.76542 0.159963 -0.145095 1.59144
 1.35119 1.19881 0.164167 -0.150224 1.06371
 0.99615 0.870125 0.169005 -0.15593 0.760144
 0.769976 0.662314 0.174392 -0.162136 0.569803
 0.616546 0.522371 0.180277 -0.1688 0.442677
 0.508657 0.424579 0.187092 -0.17633 0.354493
 0.429319 0.35312 0.19458 -0.184492 0.29054
 0.369469 0.299515 0.202864 -0.193402 0.242898
 0.322461 0.257691 0.211462 -0.202603 0.206023
 0.283967 0.223747 0.219727 -0.211466 0.176388
 0.251567 0.195477 0.227233 -0.219569 0.151983
 0.223751 0.171493 0.233634 -0.226563 0.131527
 0.199453 0.150818 0.238564 -0.232078 0.114129
 0.177983 0.132808 0.241732 -0.235817 0.0991825
 0.158854 0.116997 0.242982 -0.237616 0.08625
 0.141816 0.103121 0.242292 -0.237446 0.0750603
 0.126738 0.0910067 0.240094 -0.23573 0.065422
 0.113423 0.0804512 0.23647 -0.232548 0.0571324
 0.101837 0.0713661 0.232281 -0.228755 0.0500769
 0.0918158 0.0635817 0.228337 -0.225162 0.0440902
 0.0829799 0.0567901 0.224372 -0.221513 0.0389233
 0.0748989 0.050662 0.220158 -0.217593 0.0343218
 0.0672685 0.0449724 0.214948 -0.212661 0.0301165
 0.0599142 0.0395958 0.207507 -0.20548 0.0262143
 0.0528745 0.0345443 0.198315 -0.196528 0.0226111
 0.0461917 0.0298418 0.186219 -0.18465 0.0193172
 0.0401248 0.0256418 0.172347 -0.170965 0.0164202
 0.0349109 0.0220769 0.158086 -0.156856 0.0139907
 0.0306081 0.0191622 0.144357 -0.143245 0.0120226
 0.0272067 0.016866 0.133 -0.131983 0.0104788
 0.0245306 0.0150584 0.124512 -0.123576 0.00926475
 0.0223653 0.0135921 0.11911 -0.118248 0.00827958
 0.0204221 0.0122821 0.115958 -0.115172 0.00740456
 0.0184686 0.0109915 0.112126 -0.111418 0.00655815
 0.0164629 0.00969558 0.107128 -0.106499 0.00572533
 0.0144071 0.00839642 0.100667 -0.10012 0.00490708
 0.0123608 0.00712949 0.0925167 -0.0920475 0.00412426
 0.0104113 0.0059443 0.0830091 -0.0826099 0.0034043
 0.00865 0.00488982 0.0729775 -0.0726386 0.00277297
 0.00713506 0.0039943 0.0632524 -0.0629624 0.00224334
 0.00589667 0.0032692 0.0547492 -0.0544981 0.00181852
 0.00489682 0.00268948 0.0471407 -0.0469184 0.00148209
 0.00413336 0.00224856 0.0415239 -0.0413258 0.00122738
 0.00352728 0.00190046 0.0371761 -0.0369992 0.00102751
 0.00303054 0.00161701 0.0338127 -0.0336569 0.000865892
 0.00258549 0.00136633 0.030538 -0.0304024 0.000724743
 0.00217635 0.00113903 0.0272998 -0.0271838 0.000598438
 0.00180183 0.000933825 0.0241037 -0.0240063 0.000485917
 0.00145967 0.000748758 0.0210875 -0.0210083 0.000385712
 0.00115188 0.000584865 0.0179363 -0.0178736 0.000298285
 0.000883592 0.00044404 0.0148548 -0.0148064 0.000224193
 0.000657432 0.000326623 0.0122197 -0.0121846 0.000163085
 0.000474648 0.000232869 0.00994892 -0.00992483 0.00011487
 0.000331249 0.000160451 0.00780568 -0.00778988 7.81745e-05
 0.000224366 0.000107148 0.00604098 -0.00603129 5.14942e-05
 0.000146519 6.89322e-05 0.00450839 -0.00450273 3.26509e-05
 9.32975e-05 4.29921e-05 0.00351577 -0.00351351 1.99596e-05
 0 0 0 0 0
 0 0 0 0 0
 0 0 0 0 0
 0 0 0 0 0
 0 0 0 0 0
 0 0 0 0 0
 0 0 0 0 0
 0 0 0 0 0
 0 0 0 0 0
 0 0 0 0 0
 0 0 0 0 0
 0 0 0 0 0
 0 0 0 0 0
 0 0 0 0 0
 0 0 0 0 0
 0 0 0 0 0
 0 0 0 0 0
 0 0 0 0 0
 0 0 0 0 0
 0 0 0 0 0
 0 0 0 0 0
 0 0 0 0 0
 0 0 0 0 0
 0 0 0 0 0
 0 0 0 0 0
 0 0 0 0 0
 0 0 0 0 0
 0 0 0 0 0
 0 0 0 0 0
 0 0 0 0 0
 0 0 0 0 0
 0 0 0 0 0
 0 0 0 0 0
 0 0 0 0 0
 0 0 0 0 0
 0 0 0 0 0
 0 0 0 0 0
 0 0 0 0 0
 0 0 0 0 0
 0 0 0 0 0
 0 0 0 0 0
 0 0 0 0 0
 0 0 0 0 0
 0 0 0 0 0
 0 0 0 0 0
 0 0 0 0 0
 0 0 0 0 0
 0 0 0 0 0
 0 0 0 0 0
 0 0 0 0 0
 0 0 0 0 0
 0 0 0 0 0
 0 0 0 0 0
 0 0 0 0 0
 0 0 0 0 0
 0 0 0 0 0
 0 0 0 0 0
 0 0 0 0 0
 0 0 0 0 0
 0 0 0 0 0
 0 0 0 0 0
 0 0 0 0 0
 15.011 14.2396 0.142358 -0.124719 13.5079
 5.71753 5.33545 0.143957 -0.127492 4.97899
 3.01802 2.77132 0.146254 -0.130863 2.54487
 1.87848 1.69783 0.149238 -0.134837 1.53465
 1.2929 1.15051 0.152967 -0.139477 1.02388
 0.951033 0.833417 0.157193 -0.144562 0.73044
 0.734293 0.633842 0.162046 -0.150218 0.547221
 0.587728 0.499835 0.167438 -0.156369 0.425174
 0.483601 0.405289 0.173311 -0.162962 0.339746
 0.407728 0.336793 0.180057 -0.170369 0.278285
 0.350262 0.285222 0.187429 -0.178363 0.232343
 0.30584 0.245563 0.195518 -0.187031 0.19725
 0.270123 0.213888 0.203822 -0.19589 0.169446
 0.240196 0.1876 0.211678 -0.204298 0.146604
 0.214462 0.165249 0.21865 -0.211818 0.127411
 0.191947 0.145941 0.224395 -0.218106 0.111042
 0.171955 0.129037 0.228562 -0.222806 0.0969075
 0.154052 0.114121 0.230903 -0.225663 0.0846142
 0.137957 0.10091 0.231382 -0.226634 0.073883
 0.123548 0.0892542 0.230109 -0.225823 0.0645475
 0.110722 0.0790203 0.227217 -0.223356 0.0564598
 0.0994292 0.0701181 0.223457 -0.219982 0.0495082
 0.0896233 0.0624637 0.219568 -0.216437 0.0435915
 0.0810817 0.055858 0.215798 -0.212972 0.038535
 0.0734375 0.0500135 0.211906 -0.209357 0.0341116
 0.0663631 0.0446798 0.207803 -0.205512 0.0301288
 0.0595563 0.0396408 0.202428 -0.200385 0.0264295
 0.0529263 0.0348321 0.194603 -0.192791 0.0229647
 0.0465615 0.0303014 0.184906 -0.183309 0.0197567
 0.0405654 0.026114 0.172246 -0.170837 0.016844
 0.0352286 0.0224402 0.158574 -0.157327 0.0143233
 0.030723 0.0193732 0.144782 -0.143662 0.0122418
 0.0270802 0.0169107 0.132112 -0.131088 0.0105826
 0.0243 0.0150289 0.12273 -0.121787 0.00931517
 0.0220615 0.013513 0.115749 -0.114875 0.00829522
 0.0202077 0.0122533 0.112114 -0.11131 0.00744693
 0.0184253 0.0110584 0.108939 -0.108206 0.00665281
 0.016606 0.009864 0.105114 -0.104456 0.00587394
 0.0147184 0.00865292 0.0999717 -0.09939 0.00510043
 0.0127865 0.00744025 0.0931983 -0.0926942 0.00434133
 0.0108869 0.00627119 0.0847908 -0.0843592 0.00362282
 0.00910892 0.00519513 0.0753976 -0.0750316 0.00297187
 0.00753258 0.00425452 0.065776 -0.0654647 0.00241047
 0.00620878 0.00347367 0.056733 -0.0564652 0.0019496
 0.00513704 0.002847 0.048961 -0.0487272 0.00158292
 0.00429595 0.00235909 0.0423286 -0.04212 0.00129968
 0.00363743 0.00197878 0.0373562 -0.0371694 0.00108001
 0.00312398 0.00168313 0.0339153 -0.0337495 0.0009099
 0.00268957 0.00143534 0.0309313 -0.0307859 0.000768688
 0.00228567 0.00120828 0.0278536 -0.0277276 0.000641053
 0.00191403 0.00100231 0.0247174 -0.02461 0.000526854
 0.00157379 0.000816016 0.0218325 -0.0217435 0.000424778
 0.00126063 0.000647079 0.0188791 -0.0188075 0.000333528
 0.000983283 0.000499688 0.0158649 -0.0158088 0.000255043
 0.000744737 0.000374615 0.0129906 -0.0129479 0.000189304
 0.000545081 0.000270938 0.0106778 -0.0106478 0.000135345
 0.000387968 0.000190448 0.00859592 -0.00857592 9.3995e-05
 0.000266529 0.000129212 0.00661281 -0.00659973 6.30062e-05
 0.000178009 8.506e-05 0.0050843 -0.00507653 4.09033e-05
 0 0 0 0 0
 0 0 0 0 0
 0 0 0 0 0
 0 0 0 0 0
 0 0 0 0 0
 0 0 0 0 0
 0 0 0 0 0
 0 0 0 0 0
 0 0 0 0 0
 0 0 0 0 0
 0 0 0 0 0
 0 0 0 0 0
 0 0 0 0 0
 0 0 0 0 0
 0 0 0 0 0
 0 0 0 0 0
 0 0 0 0 0
 0 0 0 0 0
 0 0 0 0 0
 0 0 0 0 0
 0 0 0 0 0
 0 0 0 0 0
 0 0 0 0 0
 0 0 0 0 0
 0 0 0 0 0
 0 0 0 0 0
 0 0 0 0 0
 0 0 0 0 0
 0 0 0 0 0
 0 0 0 0 0
 0 0 0 0 0
 0 0 0 0 0
 0 0 0 0 0
 0 0 0 0 0
 0 0 0 0 0
 0 0 0 0 0
 0 0 0 0 0
 0 0 0 0 0
 0 0 0 0 0
 0 0 0 0 0
 0 0 0 0 0
 0 0 0 0 0
 0 0 0 0 0
 0 0 0 0 0
 0 0 0 0 0
 0 0 0 0 0
 0 0 0 0 0
 0 0 0 0 0
 0 0 0 0 0
 0 0 0 0 0
 0 0 0 0 0
 0 0 0 0 0
 0 0 0 0 0
 0 0 0 0 0
 0 0 0 0 0
 0 0 0 0 0
 0 0 0 0 0
 0 0 0 0 0
 0 0 0 0 0
 0 0 0 0 0
 0 0 0 0 0
 0 0 0 0 0
 0 0 0 0 0
 14.8445 14.1061 0.134597 -0.117308 13.4045
 5.56853 5.20691 0.135616 -0.119518 4.86886
 2.91588 2.68369 0.137287 -0.12228 2.47007
 1.8056 1.63616 0.139648 -0.125638 1.48271
 1.2377 1.10453 0.142679 -0.129588 0.985758
 0.90905 0.799101 0.146458 -0.134213 0.702535
 0.700653 0.60684 0.150721 -0.13927 0.52567
 0.560416 0.478333 0.155607 -0.1449 0.408353
 0.461078 0.387908 0.161013 -0.151007 0.326429
 0.387837 0.321677 0.16688 -0.157539 0.266881
 0.332912 0.272267 0.173574 -0.164844 0.222748
 0.290236 0.234093 0.180831 -0.172674 0.188888
 0.256544 0.204103 0.188721 -0.181097 0.162458
 0.228848 0.179623 0.196696 -0.189585 0.141062
 0.205131 0.158872 0.204092 -0.19749 0.123121
 0.184326 0.140892 0.210473 -0.204374 0.107767
 0.165808 0.125105 0.215509 -0.209907 0.0944658
 0.149127 0.111092 0.218878 -0.213759 0.0828279
 0.134034 0.098605 0.220448 -0.215794 0.0726074
 0.120342 0.0874492 0.220076 -0.215863 0.0636107
 0.108058 0.0775808 0.218181 -0.214378 0.0557597
 0.0971217 0.0689093 0.214889 -0.211459 0.048949
 0.0874958 0.0613627 0.210937 -0.207843 0.0430885
 0.079144 0.054872 0.207263 -0.204467 0.0380943
 0.0718256 0.0492365 0.203778 -0.201249 0.0337994
 0.0651793 0.04418 0.200178 -0.197892 0.0299911
 0.0589278 0.0394943 0.196375 -0.194321 0.0265119
 0.0527505 0.0349617 0.190245 -0.188412 0.0232108
 0.0467562 0.0306459 0.182424 -0.1808 0.0201225
 0.0409621 0.026558 0.171665 -0.170231 0.0172513
 0.0356169 0.0228498 0.158885 -0.157616 0.0146878
 0.0309482 0.0196533 0.145361 -0.144228 0.0125057
 0.0270973 0.0170411 0.132188 -0.13116 0.0107389
 0.0241008 0.0150136 0.121282 -0.120333 0.00937225
 0.0217756 0.0134375 0.113203 -0.112322 0.00830971
 0.0199264 0.0121782 0.108198 -0.107378 0.00745886
 0.0182747 0.0110565 0.105541 -0.104788 0.00670445
 0.0166243 0.00995658 0.102491 -0.101808 0.00597718
 0.0149082 0.0088385 0.0984492 -0.0978367 0.00525294
 0.0131207 0.00770005 0.0930258 -0.0924883 0.00453061
 0.0113057 0.00656854 0.0858875 -0.0854233 0.00382664
 0.00954908 0.00549341 0.0773093 -0.0769142 0.00316924
 0.007939 0.0045232 0.0680358 -0.0677005 0.00258466
 0.0065399 0.00369089 0.0589077 -0.058622 0.00208932
 0.00539543 0.00301652 0.0508347 -0.0505878 0.00169171
 0.00447491 0.00247915 0.0436383 -0.0434202 0.00137774
 0.00377582 0.00207259 0.0383148 -0.0381202 0.00114125
 0.00322627 0.00175455 0.0342352 -0.0340609 0.000957233
 0.00278072 0.00149809 0.0311641 -0.0310096 0.000809756
 0.00238305 0.00127198 0.0282154 -0.0280801 0.000681254
 0.00201545 0.00106577 0.0252958 -0.0251793 0.000565573
 0.00167697 0.00087845 0.0223982 -0.0222997 0.000461863
 0.00136477 0.000707885 0.0196606 -0.0195801 0.000368597
 0.00108164 0.000555552 0.0167748 -0.0167107 0.000286507
 0.000832398 0.000423324 0.0139289 -0.0138793 0.000216211
 0.000620554 0.000312159 0.0114795 -0.0114433 0.00015775
 0.000448747 0.000223076 0.00934692 -0.009322 0.000111448
 0.000313697 0.000154075 0.00733218 -0.0073157 7.6085e-05
 0 0 0 0 0
 0 0 0 0 0
 0 0 0 0 0
 0 0 0 0 0
 0 0 0 0 0
 0 0 0 0 0
 0 0 0 0 0
 0 0 0 0 0
 0 0 0 0 0
 0 0 0 0 0
 0 0 0 0 0
 0 0 0 0 0
 0 0 0 0 0
 0 0 0 0 0
 0 0 0 0 0
 0 0 0 0 0
 0 0 0 0 0
 0 0 0 0 0
 0 0 0 0 0
 0 0 0 0 0
 0 0 0 0 0
 0 0 0 0 0
 0 0 0 0 0
 0 0 0 0 0
 0 0 0 0 0
 0 0 0 0 0
 0 0 0 0 0
 0 0 0 0 0
 0 0 0 0 0
 0 0 0 0 0
 0 0 0 0 0
 0 0 0 0 0
 0 0 0 0 0
 0 0 0 0 0
 0 0 0 0 0
 0 0 0 0 0
 0 0 0 0 0
 0 0 0 0 0
 0 0 0 0 0
 0 0 0 0 0
 0 0 0 0 0
 0 0 0 0 0
 0 0 0 0 0
 0 0 0 0 0
 0 0 0 0 0
 0 0 0 0 0
 0 0 0 0 0
 0 0 0 0 0
 0 0 0 0 0
 0 0 0 0 0
 0 0 0 0 0
 0 0 0 0 0
 0 0 0 0 0
 0 0 0 0 0
 0 0 0 0 0
 0 0 0 0 0
 0 0 0 0 0
 0 0 0 0 0
 0 0 0 0 0
 0 0 0 0 0
 0 0 0 0 0
 0 0 0 0 0
 0 0 0 0 0
 0 0 0 0 0
 14.7078 13.9992 0.12765 -0.110639 13.3249
 5.43481 5.09165 0.128165 -0.112367 4.77025
 2.82311 2.60402 0.129266 -0.114575 2.402
 1.7388 1.57951 0.131028 -0.117348 1.43489
 1.18745 1.06257 0.133474 -0.120719 0.950883
 0.869208 0.766359 0.13657 -0.124667 0.675754
 0.669354 0.581604 0.14042 -0.129298 0.505433
 0.534614 0.457896 0.144727 -0.134343 0.39226
 0.439718 0.371312 0.149665 -0.139965 0.31362
 0.369919 0.308027 0.155089 -0.146037 0.256562
 0.316851 0.260213 0.160949 -0.152513 0.213769
 0.276112 0.223677 0.167604 -0.159729 0.181271
 0.243721 0.19479 0.174734 -0.167389 0.155753
 0.217668 0.171664 0.182408 -0.175553 0.135452
 0.195786 0.152387 0.190015 -0.183633 0.118677
 0.176646 0.135716 0.196894 -0.19098 0.104337
 0.159544 0.121016 0.202625 -0.197173 0.0918592
 0.144088 0.107923 0.206901 -0.201902 0.0808995
 0.129988 0.0961608 0.209432 -0.204872 0.0711994
 0.117126 0.0855967 0.210207 -0.206065 0.0626142
 0.105414 0.0761213 0.209204 -0.205456 0.0550251
 0.0948617 0.0677033 0.20658 -0.203193 0.0483738
 0.0855192 0.0603374 0.203111 -0.200051 0.0426211
 0.0773331 0.0539468 0.199455 -0.196687 0.0376803
 0.0701802 0.0484121 0.195965 -0.193457 0.0334407
 0.0638302 0.0435462 0.192616 -0.190341 0.0297503
 0.0580073 0.0391381 0.189407 -0.187349 0.0264467
 0.052357 0.0349375 0.185183 -0.183334 0.0233509
 0.0467245 0.0308397 0.178568 -0.17692 0.0203896
 0.0412448 0.0269283 0.170137 -0.168675 0.0176126
 0.0359958 0.0232547 0.158641 -0.157347 0.0150515
 0.0312649 0.0199926 0.145882 -0.144731 0.0128091
 0.0272227 0.0172376 0.132727 -0.13169 0.0109366
 0.0239746 0.0150386 0.120582 -0.11963 0.00945217
 0.0215468 0.0133908 0.111616 -0.110732 0.00833892
 0.0196212 0.0120808 0.105067 -0.104242 0.00745347
 0.0180499 0.0110056 0.101885 -0.101118 0.00672467
 0.0165334 0.00998117 0.0992925 -0.0985883 0.00603898
 0.0149837 0.0089555 0.09625 -0.0956125 0.00536497
 0.013351 0.00790011 0.0920058 -0.0914383 0.00468606
 0.0116533 0.0068271 0.086185 -0.08569 0.00400989
 0.00995283 0.00577385 0.0786853 -0.0782607 0.00335851
 0.00834042 0.004792 0.0700887 -0.0697281 0.00276093
 0.00689394 0.00392365 0.061133 -0.0608271 0.00223956
 0.00567126 0.00319811 0.0525958 -0.0523337 0.00180877
 0.00468543 0.00261803 0.0452619 -0.0450336 0.00146722
 0.00391529 0.0021683 0.0389983 -0.0387947 0.00120442
 0.00331771 0.00182071 0.0343563 -0.0341737 0.00100221
 0.00285596 0.00155274 0.0311858 -0.031023 0.000846833
 0.00246777 0.0013294 0.0284854 -0.0283418 0.000718467
 0.00210615 0.00112424 0.0257112 -0.0255862 0.000602114
 0.00177157 0.000937075 0.0228733 -0.0227662 0.00049738
 0.00146268 0.00076633 0.0202634 -0.020174 0.000402954
 0.00117632 0.000610362 0.0175677 -0.0174955 0.000317908
 0.000920283 0.000472922 0.0148005 -0.0147438 0.000244006
 0.000698323 0.000355348 0.0121442 -0.012101 0.000181588
 0.000511732 0.000257468 0.00998917 -0.00995875 0.000130137
 0 0 0 0 0
 0 0 0 0 0
 0 0 0 0 0
 0 0 0 0 0
 0 0 0 0 0
 0 0 0 0 0
 0 0 0 0 0
 0 0 0 0 0
 0 0 0 0 0
 0 0 0 0 0
 0 0 0 0 0
 0 0 0 0 0
 0 0 0 0 0
 0 0 0 0 0
 0 0 0 0 0
 0 0 0 0 0
 0 0 0 0 0
 0 0 0 0 0
 0 0 0 0 0
 0 0 0 0 0
 0 0 0 0 0
 0 0 0 0 0
 0 0 0 0 0
 0 0 0 0 0
 0 0 0 0 0
 0 0 0 0 0
 0 0 0 0 0
 0 0 0 0 0
 0 0 0 0 0
 0 0 0 0 0
 0 0 0 0 0
 0 0 0 0 0
 0 0 0 0 0
 0 0 0 0 0
 0 0 0 0 0
 0 0 0 0 0
 0 0 0 0 0
 0 0 0 0 0
 0 0 0 0 0
 0 0 0 0 0
 0 0 0 0 0
 0 0 0 0 0
 0 0 0 0 0
 0 0 0 0 0
 0 0 0 0 0
 0 0 0 0 0
 0 0 0 0 0
 0 0 0 0 0
 0 0 0 0 0
 0 0 0 0 0
 0 0 0 0 0
 0 0 0 0 0
 0 0 0 0 0
 0 0 0 0 0
 0 0 0 0 0
 0 0 0 0 0
 0 0 0 0 0
 0 0 0 0 0
 0 0 0 0 0
 0 0 0 0 0
 0 0 0 0 0
 0 0 0 0 0
 0 0 0 0 0
 0 0 0 0 0
 0 0 0 0 0
 14.6032 13.9215 0.121467 -0.104671 13.2718
 5.31408 4.9877 0.121474 -0.105917 4.68143
 2.73924 2.53195 0.122095 -0.107663 2.34042
 1.67786 1.52773 0.123293 -0.10989 1.39112
 1.14122 1.02385 0.125169 -0.112701 0.918625
 0.832962 0.736496 0.127718 -0.116105 0.651271
 0.639582 0.557457 0.130902 -0.120075 0.485946
 0.51064 0.43882 0.134832 -0.124728 0.377169
 0.419467 0.355474 0.139193 -0.129769 0.301312
 0.352914 0.294981 0.144192 -0.135402 0.246624
 0.302387 0.24933 0.149636 -0.141443 0.205648
 0.262972 0.213933 0.155497 -0.147872 0.174103
 0.232102 0.186324 0.162106 -0.154997 0.149639
 0.207038 0.164032 0.169097 -0.162474 0.130024
 0.186541 0.145888 0.176534 -0.170363 0.114156
 0.168923 0.130426 0.183707 -0.177972 0.100764
 0.153211 0.116807 0.190009 -0.184703 0.089115
 0.138933 0.10461 0.195033 -0.190152 0.0788262
 0.125858 0.0936092 0.198512 -0.194043 0.0696811
 0.113813 0.083635 0.200257 -0.196186 0.0615141
 0.102753 0.0746175 0.200242 -0.196545 0.054239
 0.0926508 0.0665034 0.198485 -0.195137 0.0477859
 0.083575 0.0593099 0.195417 -0.192388 0.0421375
 0.0755633 0.0530276 0.191741 -0.188997 0.0372577
 0.0685713 0.0475915 0.188327 -0.185838 0.0330729
 0.0624133 0.042846 0.185146 -0.182885 0.0294532
 0.0568781 0.0386237 0.182148 -0.180094 0.0262653
 0.0517022 0.0347283 0.179258 -0.177398 0.0233623
 0.0465187 0.0309107 0.17424 -0.172571 0.0205726
 0.0413641 0.0271907 0.167527 -0.16604 0.0179041
 0.0363239 0.0236268 0.157905 -0.156585 0.0153954
 0.0316073 0.0203492 0.146118 -0.144946 0.0131254
 0.0274533 0.017501 0.133383 -0.132332 0.0111778
 0.024 0.0151557 0.120809 -0.119852 0.00958908
 0.0213481 0.0133583 0.110339 -0.109453 0.008375
 0.019341 0.0119926 0.102743 -0.101913 0.00745071
 0.0177632 0.0109117 0.0982133 -0.0974375 0.0067164
 0.0163673 0.0099565 0.0960217 -0.0953025 0.00606938
 0.0149556 0.00900875 0.093575 -0.0929167 0.00543838
 0.0134795 0.00803993 0.0902983 -0.0897058 0.00480641
 0.0119155 0.00703724 0.0857125 -0.0851883 0.00416615
 0.0103051 0.00602698 0.0794361 -0.0789822 0.0035338
 0.00871958 0.005051 0.0716661 -0.0712788 0.00293361
 0.00725243 0.00416182 0.0630975 -0.0627692 0.0023948
 0.00596604 0.00339218 0.0545491 -0.0542703 0.00193415
 0.00491273 0.00276791 0.0469345 -0.0466943 0.00156395
 0.00407012 0.00227294 0.0401568 -0.0399451 0.00127298
 0.00343442 0.00190081 0.0351786 -0.0349896 0.00105508
 0.00293953 0.00161232 0.0314074 -0.0312375 0.000886958
 0.00254153 0.00138139 0.0286217 -0.0284706 0.00075311
 0.00218643 0.00117776 0.0259624 -0.0258294 0.000636409
 0.00185641 0.000990992 0.023327 -0.0232119 0.000530737
 0.00155074 0.000820317 0.0207041 -0.0206064 0.000435404
 0.00126633 0.000663522 0.0182206 -0.0181403 0.000348906
 0.00100641 0.000522357 0.0155818 -0.0155176 0.000272138
 0.000776263 0.000399093 0.0129484 -0.0128988 0.000205992
 0 0 0 0 0
 0 0 0 0 0
 0 0 0 0 0
 0 0 0 0 0
 0 0 0 0 0
 0 0 0 0 0
 0 0 0 0 0
 0 0 0 0 0
 0 0 0 0 0
 0 0 0 0 0
 0 0 0 0 0
 0 0 0 0 0
 0 0 0 0 0
 0 0 0 0 0
 0 0 0 0 0
 0 0 0 0 0
 0 0 0 0 0
 0 0 0 0 0
 0 0 0 0 0
 0 0 0 0 0
 0 0 0 0 0
 0 0 0 0 0
 0 0 0 0 0
 0 0 0 0 0
 0 0 0 0 0
 0 0 0 0 0
 0 0 0 0 0
 0 0 0 0 0
 0 0 0 0 0
 0 0 0 0 0
 0 0 0 0 0
 0 0 0 0 0
 0 0 0 0 0
 0 0 0 0 0
 0 0 0 0 0
 0 0 0 0 0
 0 0 0 0 0
 0 0 0 0 0
 0 0 0 0 0
 0 0 0 0 0
 0 0 0 0 0
 0 0 0 0 0
 0 0 0 0 0
 0 0 0 0 0
 0 0 0 0 0
 0 0 0 0 0
 0 0 0 0 0
 0 0 0 0 0
 0 0 0 0 0
 0 0 0 0 0
 0 0 0 0 0
 0 0 0 0 0
 0 0 0 0 0
 0 0 0 0 0
 0 0 0 0 0
 0 0 0 0 0
 0 0 0 0 0
 0 0 0 0 0
 0 0 0 0 0
 0 0 0 0 0
 0 0 0 0 0
 0 0 0 0 0
 0 0 0 0 0
 0 0 0 0 0
 0 0 0 0 0
 0 0 0 0 0
 14.52 13.863 0.115873 -0.0992442 13.2357
 5.20683 4.89559 0.115495 -0.100127 4.60303
 2.66268 2.46611 0.115636 -0.101416 2.28413
 1.62272 1.48086 0.116381 -0.103203 1.35147
 1.09884 0.9883 0.117692 -0.105465 0.888942
 0.799461 0.708808 0.1197 -0.108337 0.628499
 0.612449 0.535393 0.122367 -0.111792 0.468097
 0.487838 0.420567 0.125681 -0.115832 0.362636
 0.400689 0.340725 0.129676 -0.120494 0.289796
 0.336743 0.282491 0.13411 -0.125556 0.237041
 0.288646 0.23892 0.139166 -0.131195 0.19782
 0.251129 0.20513 0.144624 -0.137206 0.167616
 0.22123 0.178354 0.15049 -0.143592 0.143846
 0.197392 0.157088 0.157041 -0.150618 0.12507
 0.177666 0.139589 0.163878 -0.157903 0.10973
 0.161248 0.125097 0.171021 -0.165459 0.0971075
 0.146814 0.112485 0.1777 -0.172539 0.08624
 0.133705 0.101187 0.183361 -0.178597 0.0766323
 0.121614 0.0909258 0.187626 -0.183249 0.068035
 0.110413 0.0815712 0.190262 -0.186261 0.0603151
 0.10002 0.0730293 0.191194 -0.187551 0.0533723
 0.0904417 0.0652789 0.190416 -0.187108 0.0471644
 0.0816942 0.0583027 0.187994 -0.184995 0.041654
 0.0738964 0.0521561 0.184743 -0.182023 0.0368542
 0.0670403 0.0468027 0.181345 -0.178874 0.0327141
 0.0610487 0.0421621 0.178161 -0.175912 0.029156
 0.0556787 0.0380435 0.175148 -0.173101 0.0260292
 0.0508082 0.0343458 0.172571 -0.170709 0.0232508
 0.0460926 0.0308267 0.16928 -0.167596 0.0206483
 0.0413117 0.0273379 0.163714 -0.162203 0.0181199
 0.0365424 0.0239277 0.156281 -0.154937 0.0156942
 0.0319332 0.0206966 0.145784 -0.144589 0.0134376
 0.027736 0.0177984 0.133873 -0.132806 0.0114423
 0.0241358 0.0153413 0.121411 -0.120446 0.00976958
 0.021234 0.0133743 0.109799 -0.108912 0.00843975
 0.0191097 0.0119288 0.101308 -0.100479 0.00746043
 0.0174669 0.0108056 0.0952583 -0.0944775 0.00669744
 0.0161323 0.00988608 0.09254 -0.0918108 0.00607022
 0.0148463 0.00901075 0.0904725 -0.0897983 0.00548013
 0.0135098 0.00812018 0.088035 -0.0874208 0.00489117
 0.0120904 0.00719664 0.0845175 -0.0839675 0.00429334
 0.0105888 0.00624204 0.0794623 -0.0789807 0.00368836
 0.00906675 0.00529402 0.0727438 -0.0723295 0.00309882
 0.00760259 0.00439767 0.0648454 -0.0644936 0.00255038
 0.00627954 0.0035991 0.0565263 -0.0562288 0.00206833
 0.0051564 0.00292895 0.0485107 -0.0482567 0.00166826
 0.00425327 0.00239451 0.0416046 -0.0413838 0.00135179
 0.00355327 0.00198319 0.0357347 -0.0355379 0.00110995
 0.00301333 0.00166698 0.0314748 -0.0312983 0.000924758
 0.00260129 0.00142612 0.0285714 -0.0284133 0.000784093
 0.00225566 0.00122566 0.0261425 -0.0260025 0.000667967
 0.00193202 0.00104054 0.0236388 -0.0235164 0.000562125
 0.00163099 0.000870708 0.0210647 -0.0209593 0.000466305
 0.00135054 0.000714351 0.0187155 -0.0186273 0.000379103
 0.00108931 0.000570826 0.0162457 -0.0161742 0.000300176
 0 0 0 0 0
 0 0 0 0 0
 0 0 0 0 0
 0 0 0 0 0
 0 0 0 0 0
 0 0 0 0 0
 0 0 0 0 0
 0 0 0 0 0
 0 0 0 0 0
 0 0 0 0 0
 0 0 0 0 0
 0 0 0 0 0
 0 0 0 0 0
 0 0 0 0 0
 0 0 0 0 0
 0 0 0 0 0
 0 0 0 0 0
 0 0 0 0 0
 0 0 0 0 0
 0 0 0 0 0
 0 0 0 0 0
 0 0 0 0 0
 0 0 0 0 0
 0 0 0 0 0
 0 0 0 0 0
 0 0 0 0 0
 0 0 0 0 0
 0 0 0 0 0
 0 0 0 0 0
 0 0 0 0 0
 0 0 0 0 0
 0 0 0 0 0
 0 0 0 0 0
 0 0 0 0 0
 0 0 0 0 0
 0 0 0 0 0
 0 0 0 0 0
 0 0 0 0 0
 0 0 0 0 0
 0 0 0 0 0
 0 0 0 0 0
 0 0 0 0 0
 0 0 0 0 0
 0 0 0 0 0
 0 0 0 0 0
 0 0 0 0 0
 0 0 0 0 0
 0 0 0 0 0
 0 0 0 0 0
 0 0 0 0 0
 0 0 0 0 0
 0 0 0 0 0
 0 0 0 0 0
 0 0 0 0 0
 0 0 0 0 0
 0 0 0 0 0
 0 0 0 0 0
 0 0 0 0 0
 0 0 0 0 0
 0 0 0 0 0
 0 0 0 0 0
 0 0 0 0 0
 0 0 0 0 0
 0 0 0 0 0
 0 0 0 0 0
 0 0 0 0 0
 0 0 0 0 0
 14.4535 13.8192 0.110772 -0.0942725 13.2127
 5.10945 4.81206 0.110083 -0.0948633 4.53205
 2.59349 2.40663 0.109842 -0.0957917 2.2333
 1.57209 1.43775 0.110132 -0.0971425 1.31495
 1.06058 0.956158 0.111016 -0.0989892 0.862083
 0.768681 0.683307 0.112462 -0.101313 0.607474
 0.587277 0.514852 0.114607 -0.104254 0.451419
 0.466828 0.403693 0.117406 -0.107778 0.349154
 0.382828 0.32661 0.120868 -0.111907 0.278704
 0.321731 0.270845 0.124933 -0.116588 0.228063
 0.275557 0.228933 0.12946 -0.121693 0.190254
 0.239889 0.196717 0.134559 -0.127329 0.161369
 0.211413 0.171142 0.140027 -0.133306 0.138595
 0.188317 0.150509 0.145898 -0.139655 0.120345
 0.169569 0.133824 0.152354 -0.146547 0.105666
 0.153788 0.119862 0.159001 -0.153603 0.0934733
 0.140423 0.108104 0.165798 -0.160781 0.0832755
 0.128401 0.0976525 0.171921 -0.167273 0.0743182
 0.117295 0.0881408 0.17688 -0.172596 0.0662834
 0.106923 0.0794019 0.180346 -0.176416 0.0590132
 0.0972367 0.0713736 0.182208 -0.178616 0.0524363
 0.088195 0.0640009 0.182327 -0.179057 0.0464884
 0.0798437 0.0572947 0.180747 -0.177777 0.0411561
 0.0722668 0.051291 0.177873 -0.175175 0.0364434
 0.0655586 0.0460296 0.174561 -0.172107 0.0323556
 0.0596561 0.0414412 0.171233 -0.168998 0.0288232
 0.0545015 0.0374623 0.168422 -0.166382 0.0257836
 0.0498203 0.0338848 0.166061 -0.1642 0.0230779
 0.0454482 0.0305871 0.163602 -0.161909 0.0206152
 0.0410718 0.0273542 0.159455 -0.157925 0.0182458
 0.0366428 0.0241502 0.153733 -0.152364 0.0159422
 0.0322089 0.0210113 0.144982 -0.143764 0.0137298
 0.0280363 0.018108 0.134062 -0.132977 0.0117161
 0.0243411 0.0155713 0.122062 -0.121087 0.00997917
 0.021271 0.0134834 0.110133 -0.109242 0.0085625
 0.0189209 0.0118878 0.100188 -0.09936 0.00748273
 0.0171867 0.0107037 0.0930792 -0.0922983 0.0066783
 0.0158555 0.0097855 0.0890842 -0.0883492 0.00605059
 0.0146678 0.008967 0.0873483 -0.0866633 0.0054925
 0.0134604 0.00815067 0.0854242 -0.0847933 0.00494544
 0.0121756 0.00730231 0.0827356 -0.0821639 0.00438884
 0.0108013 0.0064163 0.0788252 -0.078318 0.00381994
 0.009363 0.00550932 0.0732467 -0.0728061 0.00324934
 0.00793257 0.00462432 0.0661694 -0.0657933 0.00270235
 0.00659468 0.00380942 0.0582313 -0.0579132 0.00220609
 0.00541725 0.00310132 0.0502409 -0.0499716 0.00178011
 0.00445188 0.00252612 0.0431008 -0.0428696 0.0014372
 0.00368528 0.00207322 0.0367415 -0.0365378 0.00116944
 0.00311208 0.00173555 0.0321475 -0.0319656 0.000970492
 0.00266923 0.00147558 0.0287367 -0.0285731 0.000817939
 0.0023156 0.00126887 0.0262111 -0.0260648 0.00069725
 0.00199853 0.00108564 0.0238078 -0.0236788 0.000591445
 0.00170224 0.000916633 0.0214252 -0.0213131 0.000495073
 0.00142617 0.000761233 0.019053 -0.0189575 0.000407577
 0 0 0 0 0
 0 0 0 0 0
 0 0 0 0 0
 0 0 0 0 0
 0 0 0 0 0
 0 0 0 0 0
 0 0 0 0 0
 0 0 0 0 0
 0 0 0 0 0
 0 0 0 0 0
 0 0 0 0 0
 0 0 0 0 0
 0 0 0 0 0
 0 0 0 0 0
 0 0 0 0 0
 0 0 0 0 0
 0 0 0 0 0
 0 0 0 0 0
 0 0 0 0 0
 0 0 0 0 0
 0 0 0 0 0
 0 0 0 0 0
 0 0 0 0 0
 0 0 0 0 0
 0 0 0 0 0
 0 0 0 0 0
 0 0 0 0 0
 0 0 0 0 0
 0 0 0 0 0
 0 0 0 0 0
 0 0 0 0 0
 0 0 0 0 0
 0 0 0 0 0
 0 0 0 0 0
 0 0 0 0 0
 0 0 0 0 0
 0 0 0 0 0
 0 0 0 0 0
 0 0 0 0 0
 0 0 0 0 0
 0 0 0 0 0
 0 0 0 0 0
 0 0 0 0 0
 0 0 0 0 0
 0 0 0 0 0
 0 0 0 0 0
 0 0 0 0 0
 0 0 0 0 0
 0 0 0 0 0
 0 0 0 0 0
 0 0 0 0 0
 0 0 0 0 0
 0 0 0 0 0
 0 0 0 0 0
 0 0 0 0 0
 0 0 0 0 0
 0 0 0 0 0
 0 0 0 0 0
 0 0 0 0 0
 0 0 0 0 0
 0 0 0 0 0
 0 0 0 0 0
 0 0 0 0 0
 0 0 0 0 0
 0 0 0 0 0
 0 0 0 0 0
 0 0 0 0 0
 0 0 0 0 0
 14.4 13.7867 0.106087 -0.0896892 13.1996
 5.02049 4.73583 0.105158 -0.0900558 4.46738
 2.53016 2.35217 0.104597 -0.0906825 2.18676
 1.52602 1.39848 0.104508 -0.0916725 1.28168
 1.02526 0.926442 0.104958 -0.0931017 0.8372
 0.740852 0.660226 0.105995 -0.0950242 0.588429
 0.564174 0.495954 0.107607 -0.0974425 0.436037
 0.447413 0.388047 0.109899 -0.100467 0.336612
 0.36616 0.31338 0.112827 -0.104063 0.26826
 0.307475 0.259718 0.116447 -0.108293 0.219431
 0.263334 0.219563 0.120587 -0.113001 0.183117
 0.22916 0.188629 0.125211 -0.118156 0.155317
 0.20212 0.164268 0.130346 -0.123787 0.133555
 0.180074 0.144519 0.135808 -0.129717 0.116034
 0.161928 0.128346 0.141665 -0.136012 0.101777
 0.14694 0.115039 0.147992 -0.142738 0.0901117
 0.134156 0.103758 0.15444 -0.14956 0.0802953
 0.123072 0.0940467 0.160799 -0.156268 0.0719137
 0.112897 0.0852533 0.1663 -0.162108 0.0644244
 0.103356 0.0771399 0.170503 -0.166645 0.0576184
 0.0943608 0.0696189 0.173177 -0.16964 0.0514082
 0.0858917 0.0626565 0.174151 -0.170921 0.0457488
 0.0779813 0.0562564 0.173498 -0.170557 0.0406237
 0.0706887 0.0504428 0.171233 -0.168558 0.0360332
 0.0641332 0.0452775 0.168163 -0.165727 0.032001
 0.0583752 0.0407798 0.165021 -0.162797 0.0285213
 0.0533033 0.03685 0.162073 -0.160042 0.0255068
 0.0487952 0.0333856 0.159471 -0.157612 0.022872
 0.0446488 0.030233 0.157332 -0.155635 0.0204997
 0.0406461 0.0272387 0.154708 -0.153165 0.0182802
 0.036574 0.0242579 0.150322 -0.148931 0.0161138
 0.032407 0.0212755 0.143423 -0.142181 0.01399
 0.02832 0.0184082 0.133693 -0.132586 0.0119856
 0.0245894 0.0158296 0.122572 -0.121581 0.010208
 0.0213886 0.0136428 0.110741 -0.109842 0.00871733
 0.0188188 0.0118981 0.0997392 -0.09891 0.00753571
 0.0169618 0.0106311 0.0917875 -0.09101 0.00667503
 0.0155619 0.00966892 0.0862642 -0.0855275 0.00601821
 0.0144415 0.00889075 0.0840842 -0.0833925 0.00548353
 0.0133408 0.00813654 0.0824452 -0.0818017 0.0049719
 0.0121824 0.00736006 0.0805058 -0.0799164 0.00445545
 0.0109352 0.00654414 0.0776003 -0.077071 0.00392453
 0.00960158 0.00569226 0.0731135 -0.0726483 0.00338206
 0.00823086 0.00483456 0.0670347 -0.0666342 0.00284623
 0.00690175 0.00401709 0.0597478 -0.0594081 0.00234373
 0.00569288 0.00328397 0.0520003 -0.0517139 0.00189908
 0.00466698 0.00266873 0.0445158 -0.044272 0.00152993
 0.00384339 0.00217883 0.0380251 -0.0378138 0.00123836
 0.00321707 0.00180826 0.0328303 -0.0326425 0.00101901
 0.002728 0.0015204 0.0286778 -0.0285085 0.00084955
 0.00236203 0.00130493 0.0260933 -0.0259414 0.000722826
 0.00205542 0.00112578 0.0239238 -0.0237889 0.00061828
 0.00176548 0.000958675 0.0216639 -0.0215455 0.000522043
 0 0 0 0 0
 0 0 0 0 0
 0 0 0 0 0
 0 0 0 0 0
 0 0 0 0 0
 0 0 0 0 0
 0 0 0 0 0
 0 0 0 0 0
 0 0 0 0 0
 0 0 0 0 0
 0 0 0 0 0
 0 0 0 0 0
 0 0 0 0 0
 0 0 0 0 0
 0 0 0 0 0
 0 0 0 0 0
 0 0 0 0 0
 0 0 0 0 0
 0 0 0 0 0
 0 0 0 0 0
 0 0 0 0 0
 0 0 0 0 0
 0 0 0 0 0
 0 0 0 0 0
 0 0 0 0 0
 0 0 0 0 0
 0 0 0 0 0
 0 0 0 0 0
 0 0 0 0 0
 0 0 0 0 0
 0 0 0 0 0
 0 0 0 0 0
 0 0 0 0 0
 0 0 0 0 0
 0 0 0 0 0
 0 0 0 0 0
 0 0 0 0 0
 0 0 0 0 0
 0 0 0 0 0
 0 0 0 0 0
 0 0 0 0 0
 0 0 0 0 0
 0 0 0 0 0
 0 0 0 0 0
 0 0 0 0 0
 0 0 0 0 0
 0 0 0 0 0
 0 0 0 0 0
 0 0 0 0 0
 0 0 0 0 0
 0 0 0 0 0
 0 0 0 0 0
 0 0 0 0 0
 0 0 0 0 0
 0 0 0 0 0
 0 0 0 0 0
 0 0 0 0 0
 0 0 0 0 0
 0 0 0 0 0
 0 0 0 0 0
 0 0 0 0 0
 0 0 0 0 0
 0 0 0 0 0
 0 0 0 0 0
 0 0 0 0 0
 0 0 0 0 0
 0 0 0 0 0
 0 0 0 0 0
 0 0 0 0 0
 14.3631 13.7692 0.101817 -0.0854892 13.2
 4.93755 4.66472 0.100627 -0.0856175 4.40703
 2.47221 2.30233 0.0998417 -0.0860333 2.14417
 1.48393 1.36262 0.09943 -0.0867183 1.25128
 0.993 0.899258 0.0994942 -0.0877767 0.814425
 0.715158 0.638868 0.100123 -0.0893058 0.570769
 0.543151 0.478729 0.101321 -0.0913175 0.421998
 0.429577 0.373637 0.103119 -0.0938558 0.325031
 0.35091 0.301244 0.105583 -0.0969892 0.258656
 0.294037 0.249176 0.108638 -0.100659 0.211206
 0.251774 0.210649 0.112399 -0.10498 0.176287
 0.219067 0.180978 0.116615 -0.109718 0.149558
 0.193232 0.157647 0.121338 -0.114928 0.12866
 0.172326 0.138857 0.126498 -0.120545 0.111932
 0.154953 0.123332 0.13194 -0.126418 0.0982075
 0.140505 0.110479 0.137784 -0.13266 0.0869133
 0.128291 0.0996675 0.1439 -0.139143 0.0774737
 0.117801 0.0904358 0.150111 -0.145693 0.0694703
 0.10845 0.0822847 0.155953 -0.151856 0.0624747
 0.0997142 0.074785 0.16077 -0.156985 0.0561301
 0.09141 0.0677787 0.164165 -0.160685 0.0502974
 0.0835292 0.0612433 0.166024 -0.162837 0.0449427
 0.0760833 0.0551717 0.166228 -0.163316 0.040045
 0.0691247 0.0495862 0.16475 -0.162096 0.0356058
 0.0627628 0.0445474 0.162042 -0.159622 0.0316519
 0.0570937 0.0401025 0.158902 -0.156692 0.0281994
 0.0521327 0.0362428 0.155843 -0.15382 0.0252257
 0.0477543 0.0328604 0.153401 -0.151547 0.0226396
 0.0438093 0.0298391 0.151422 -0.149724 0.0203503
 0.0400657 0.0270114 0.149421 -0.147871 0.0182355
 0.0363163 0.0242362 0.145963 -0.144555 0.0161977
 0.0324802 0.0214567 0.14099 -0.139726 0.0141961
 0.0285703 0.0186867 0.132958 -0.13183 0.0122418
 0.024854 0.0160994 0.122729 -0.121722 0.0104458
 0.0215644 0.0138392 0.111407 -0.110499 0.0088965
 0.0188466 0.0119883 0.100105 -0.0992733 0.00763881
 0.0167865 0.0105866 0.0907875 -0.0900125 0.00668798
 0.0152862 0.0095585 0.0841833 -0.0834492 0.00598712
 0.0141817 0.00878942 0.0811612 -0.0804671 0.00545685
 0.0131658 0.00808538 0.0795138 -0.0788628 0.0049743
 0.0121237 0.00737646 0.0780195 -0.0774167 0.00449649
 0.0109949 0.00662747 0.0758341 -0.0752863 0.0040027
 0.0097755 0.00583769 0.0724297 -0.0719423 0.00349334
 0.00848525 0.00502066 0.0673879 -0.0669638 0.00297714
 0.00718981 0.00421578 0.0608716 -0.0605097 0.00247757
 0.00596967 0.00346937 0.0534936 -0.0531885 0.00202104
 0.00489527 0.00282026 0.0460217 -0.0457643 0.00162874
 0.0040171 0.00229441 0.0393713 -0.0391508 0.0013137
 0.00332252 0.0018819 0.0334282 -0.033234 0.00106855
 0.00281003 0.00157816 0.0292457 -0.0290721 0.000888517
 0.00241768 0.00134623 0.0262073 -0.0260508 0.00075151
 0.00210425 0.00116174 0.0239468 -0.0238067 0.000643053
 0 0 0 0 0
 0 0 0 0 0
 0 0 0 0 0
 0 0 0 0 0
 0 0 0 0 0
 0 0 0 0 0
 0 0 0 0 0
 0 0 0 0 0
 0 0 0 0 0
 0 0 0 0 0
 0 0 0 0 0
 0 0 0 0 0
 0 0 0 0 0
 0 0 0 0 0
 0 0 0 0 0
 0 0 0 0 0
 0 0 0 0 0
 0 0 0 0 0
 0 0 0 0 0
 0 0 0 0 0
 0 0 0 0 0
 0 0 0 0 0
 0 0 0 0 0
 0 0 0 0 0
 0 0 0 0 0
 0 0 0 0 0
 0 0 0 0 0
 0 0 0 0 0
 0 0 0 0 0
 0 0 0 0 0
 0 0 0 0 0
 0 0 0 0 0
 0 0 0 0 0
 0 0 0 0 0
 0 0 0 0 0
 0 0 0 0 0
 0 0 0 0 0
 0 0 0 0 0
 0 0 0 0 0
 0 0 0 0 0
 0 0 0 0 0
 0 0 0 0 0
 0 0 0 0 0
 0 0 0 0 0
 0 0 0 0 0
 0 0 0 0 0
 0 0 0 0 0
 0 0 0 0 0
 0 0 0 0 0
 0 0 0 0 0
 0 0 0 0 0
 0 0 0 0 0
 0 0 0 0 0
 0 0 0 0 0
 0 0 0 0 0
 0 0 0 0 0
 0 0 0 0 0
 0 0 0 0 0
 0 0 0 0 0
 0 0 0 0 0
 0 0 0 0 0
 0 0 0 0 0
 0 0 0 0 0
 0 0 0 0 0
 0 0 0 0 0
 0 0 0 0 0
 0 0 0 0 0
 0 0 0 0 0
 0 0 0 0 0
 0 0 0 0 0
 14.3392 13.7634 0.097895 -0.0816139 13.2108
 4.8616 4.59969 0.0964842 -0.081544 4.35195
 2.41793 2.25557 0.0954625 -0.0817405 2.10416
 1.44532 1.32968 0.0948233 -0.0822107 1.22334
 0.963733 0.8746 0.094585 -0.0829808 0.793762
 0.691717 0.619363 0.0948317 -0.0841417 0.554626
 0.523863 0.462897 0.0956383 -0.0857733 0.409073
 0.413205 0.36038 0.0969933 -0.0878767 0.314353
 0.336733 0.289922 0.0989792 -0.0905392 0.249663
 0.28176 0.23952 0.101612 -0.0937842 0.203656
 0.240766 0.202108 0.104808 -0.0975442 0.1697
 0.209568 0.173739 0.108709 -0.101958 0.144078
 0.184795 0.151321 0.113 -0.10673 0.123952
 0.164901 0.133388 0.117819 -0.111996 0.107939
 0.14844 0.118626 0.122987 -0.117582 0.0948408
 0.134526 0.106222 0.128387 -0.123378 0.0839133
 0.122851 0.0958567 0.134174 -0.129528 0.0748338
 0.112753 0.0869483 0.140041 -0.135731 0.0670891
 0.104011 0.0792808 0.145933 -0.141933 0.0604698
 0.0960117 0.0723494 0.151203 -0.147496 0.0545573
 0.0884 0.0658649 0.155274 -0.151852 0.0491121
 0.0810994 0.0597563 0.15788 -0.154736 0.0440667
 0.0741278 0.0540249 0.158839 -0.155959 0.0394088
 0.0675423 0.0486988 0.158254 -0.155622 0.0351458
 0.0614252 0.0438243 0.156152 -0.153749 0.0312983
 0.0558873 0.0394633 0.153175 -0.150978 0.0278954
 0.0510066 0.0356511 0.150229 -0.148217 0.0249462
 0.0467406 0.0323412 0.147601 -0.145753 0.0224041
 0.0428981 0.0293857 0.145288 -0.14359 0.0201544
 0.0393677 0.0266968 0.143606 -0.142051 0.0181277
 0.0359228 0.0241163 0.141451 -0.140032 0.0162123
 0.0324028 0.0215358 0.137752 -0.136468 0.0143339
 0.0287469 0.0189172 0.131488 -0.130337 0.0124675
 0.0251081 0.0163636 0.122372 -0.121345 0.0106814
 0.0217817 0.014063 0.111906 -0.110986 0.00909433
 0.0189399 0.0121195 0.100695 -0.0998583 0.00776803
 0.0166818 0.0105838 0.0903458 -0.0895708 0.00672589
 0.0150733 0.00948283 0.0830167 -0.0822874 0.00597561
 0.013901 0.00867092 0.0784665 -0.0777738 0.00541752
 0.012944 0.00800253 0.076411 -0.0757557 0.00495588
 0.0120022 0.00735259 0.0752882 -0.0746762 0.00451218
 0.0109933 0.00667288 0.0736906 -0.0731276 0.00405788
 0.0098835 0.00594408 0.0711827 -0.070676 0.00358181
 0.00868917 0.00517819 0.0671656 -0.0667195 0.00309219
 0.00744866 0.00439904 0.0615962 -0.0612125 0.00260357
 0.0062406 0.00365306 0.0548482 -0.0545236 0.00214317
 0.00513677 0.00298086 0.0476002 -0.0473275 0.00173377
 0.00420449 0.00241921 0.0406039 -0.0403723 0.00139525
 0.00345792 0.00197291 0.0345893 -0.0343887 0.00112832
 0.00289734 0.00163933 0.0298633 -0.0296852 0.000929758
 0.00246191 0.00138155 0.0260226 -0.0258614 0.000777135
 0 0 0 0 0
 0 0 0 0 0
 0 0 0 0 0
 0 0 0 0 0
 0 0 0 0 0
 0 0 0 0 0
 0 0 0 0 0
 0 0 0 0 0
 0 0 0 0 0
 0 0 0 0 0
 0 0 0 0 0
 0 0 0 0 0
 0 0 0 0 0
 0 0 0 0 0
 0 0 0 0 0
 0 0 0 0 0
 0 0 0 0 0
 0 0 0 0 0
 0 0 0 0 0
 0 0 0 0 0
 0 0 0 0 0
 0 0 0 0 0
 0 0 0 0 0
 0 0 0 0 0
 0 0 0 0 0
 0 0 0 0 0
 0 0 0 0 0
 0 0 0 0 0
 0 0 0 0 0
 0 0 0 0 0
 0 0 0 0 0
 0 0 0 0 0
 0 0 0 0 0
 0 0 0 0 0
 0 0 0 0 0
 0 0 0 0 0
 0 0 0 0 0
 0 0 0 0 0
 0 0 0 0 0
 0 0 0 0 0
 0 0 0 0 0
 0 0 0 0 0
 0 0 0 0 0
 0 0 0 0 0
 0 0 0 0 0
 0 0 0 0 0
 0 0 0 0 0
 0 0 0 0 0
 0 0 0 0 0
 0 0 0 0 0
 0 0 0 0 0
 0 0 0 0 0
 0 0 0 0 0
 0 0 0 0 0
 0 0 0 0 0
 0 0 0 0 0
 0 0 0 0 0
 0 0 0 0 0
 0 0 0 0 0
 0 0 0 0 0
 0 0 0 0 0
 0 0 0 0 0
 0 0 0 0 0
 0 0 0 0 0
 0 0 0 0 0
 0 0 0 0 0
 0 0 0 0 0
 0 0 0 0 0
 0 0 0 0 0
 0 0 0 0 0
 0 0 0 0 0
 14.3271 13.7681 0.0942817 -0.0780272 13.2309
 4.79134 4.53957 0.0926733 -0.0777824 4.3011
 2.36732 2.21192 0.0914358 -0.0777824 2.06677
 1.40924 1.29885 0.0905867 -0.0780563 1.19716
 0.936608 0.851708 0.0901 -0.0785916 0.774554
 0.670225 0.601459 0.0900408 -0.0794579 0.539794
 0.506093 0.448283 0.09048 -0.0807343 0.39712
 0.398239 0.348242 0.0914683 -0.0824782 0.304562
 0.323637 0.279435 0.092985 -0.0846792 0.24131
 0.270265 0.230442 0.0951692 -0.0874808 0.196527
 0.230701 0.194281 0.0979733 -0.0908458 0.163648
 0.200507 0.166791 0.101369 -0.0947542 0.138783
 0.176903 0.145375 0.105359 -0.0992158 0.119504
 0.157802 0.128124 0.109743 -0.104041 0.104065
 0.142193 0.114078 0.114627 -0.109333 0.0915592
 0.129013 0.102284 0.119777 -0.11487 0.0811299
 0.117702 0.0922267 0.125113 -0.120567 0.0723014
 0.108131 0.0837475 0.13079 -0.126573 0.0648987
 0.0997092 0.0763423 0.136411 -0.1325 0.0584872
 0.0922917 0.0698657 0.141883 -0.138253 0.0529245
 0.0853233 0.0638717 0.146478 -0.143118 0.0478482
 0.0786056 0.0581977 0.149742 -0.146644 0.043122
 0.0721274 0.0528245 0.151532 -0.148687 0.0387202
 0.0659356 0.0477771 0.151732 -0.149125 0.0346507
 0.0600859 0.0430854 0.150281 -0.147896 0.0309247
 0.0547217 0.0388383 0.147777 -0.145593 0.0275931
 0.0499292 0.0350805 0.144894 -0.142892 0.0246741
 0.04573 0.0318113 0.142146 -0.140305 0.0221538
 0.0420092 0.0289347 0.139807 -0.138113 0.0199528
 0.0386493 0.0263577 0.138214 -0.136656 0.0179972
 0.0354091 0.0239087 0.136581 -0.135155 0.0161644
 0.0321558 0.0214987 0.133569 -0.132271 0.0143932
 0.0288075 0.0190702 0.129249 -0.128079 0.0126425
 0.0253428 0.0166151 0.121758 -0.120712 0.0109095
 0.0220147 0.0142979 0.112094 -0.111159 0.00930058
 0.0190867 0.0122849 0.101362 -0.100519 0.00791962
 0.0166899 0.0106506 0.0906892 -0.0899133 0.00680748
 0.0149057 0.00943308 0.0821072 -0.0813812 0.00597923
 0.0136263 0.008552 0.0762112 -0.0755219 0.00537578
 0.0126955 0.00789898 0.0737571 -0.0731025 0.00492256
 0.0118338 0.00729753 0.0724629 -0.0718456 0.00450762
 0.010926 0.00667695 0.0713026 -0.070729 0.00408739
 0.00993242 0.00601471 0.0695019 -0.0689791 0.00364892
 0.00883575 0.00530222 0.0664751 -0.0660097 0.00318788
 0.00767139 0.00456237 0.0618716 -0.0614667 0.00271883
 0.0064929 0.00382762 0.0558124 -0.0554677 0.00226117
 0.00538123 0.00314484 0.0490092 -0.0487197 0.00184192
 0.00440277 0.0025514 0.0419238 -0.04168 0.00148186
 0.00360892 0.00207382 0.0357682 -0.0355597 0.00119442
 0.00298378 0.00170072 0.0302417 -0.0300581 0.000971608
 0 0 0 0 0
 0 0 0 0 0
 0 0 0 0 0
 0 0 0 0 0
 0 0 0 0 0
 0 0 0 0 0
 0 0 0 0 0
 0 0 0 0 0
 0 0 0 0 0
 0 0 0 0 0
 0 0 0 0 0
 0 0 0 0 0
 0 0 0 0 0
 0 0 0 0 0
 0 0 0 0 0
 0 0 0 0 0
 0 0 0 0 0
 0 0 0 0 0
 0 0 0 0 0
 0 0 0 0 0
 0 0 0 0 0
 0 0 0 0 0
 0 0 0 0 0
 0 0 0 0 0
 0 0 0 0 0
 0 0 0 0 0
 0 0 0 0 0
 0 0 0 0 0
 0 0 0 0 0
 0 0 0 0 0
 0 0 0 0 0
 0 0 0 0 0
 0 0 0 0 0
 0 0 0 0 0
 0 0 0 0 0
 0 0 0 0 0
 0 0 0 0 0
 0 0 0 0 0
 0 0 0 0 0
 0 0 0 0 0
 0 0 0 0 0
 0 0 0 0 0
 0 0 0 0 0
 0 0 0 0 0
 0 0 0 0 0
 0 0 0 0 0
 0 0 0 0 0
 0 0 0 0 0
 0 0 0 0 0
 0 0 0 0 0
 0 0 0 0 0
 0 0 0 0 0
 0 0 0 0 0
 0 0 0 0 0
 0 0 0 0 0
 0 0 0 0 0
 0 0 0 0 0
 0 0 0 0 0
 0 0 0 0 0
 0 0 0 0 0
 0 0 0 0 0
 0 0 0 0 0
 0 0 0 0 0
 0 0 0 0 0
 0 0 0 0 0
 0 0 0 0 0
 0 0 0 0 0
 0 0 0 0 0
 0 0 0 0 0
 0 0 0 0 0
 0 0 0 0 0
 0 0 0 0 0
 14.3245 13.7812 0.0909358 -0.0746921 13.2586
 4.72671 4.48436 0.0891692 -0.0743101 4.25448
 2.32033 2.17138 0.0877392 -0.0741373 2.03204
 1.37535 1.26983 0.0866717 -0.0742104 1.17246
 0.911467 0.830467 0.0859992 -0.0745699 0.756707
 0.650357 0.584883 0.0856717 -0.0751804 0.526043
 0.489725 0.434802 0.0857925 -0.0761494 0.386078
 0.384363 0.336958 0.0864292 -0.0775509 0.29544
 0.311752 0.269905 0.0876067 -0.079418 0.233713
 0.25966 0.222044 0.0893267 -0.081762 0.189913
 0.221281 0.186923 0.0917067 -0.084705 0.157937
 0.192052 0.160281 0.0946608 -0.0881708 0.1338
 0.169364 0.13966 0.0982583 -0.092235 0.1152
 0.151152 0.123168 0.102332 -0.0967408 0.100399
 0.136196 0.10968 0.106823 -0.101635 0.08836
 0.123724 0.0984775 0.111728 -0.106916 0.0784159
 0.112998 0.0889033 0.116831 -0.112373 0.0699791
 0.103717 0.0806681 0.122111 -0.117982 0.0627745
 0.0957283 0.0736129 0.127589 -0.12376 0.0566396
 0.0886183 0.0673845 0.132912 -0.129359 0.0512708
 0.0822085 0.0618213 0.137857 -0.13456 0.0465222
 0.0760558 0.0565729 0.141719 -0.13867 0.0421123
 0.0700717 0.0515635 0.144203 -0.141393 0.0379745
 0.0642817 0.0468044 0.145158 -0.142577 0.0341083
 0.0587481 0.0423331 0.144498 -0.142132 0.0305326
 0.0535707 0.0382112 0.142438 -0.140268 0.0272819
 0.0488812 0.0345189 0.139693 -0.137702 0.0244014
 0.0447363 0.0312816 0.136873 -0.135042 0.0218968
 0.0411252 0.0284767 0.134538 -0.132849 0.0197403
 0.0378567 0.0259586 0.132679 -0.131122 0.0178208
 0.0348514 0.0236643 0.131567 -0.130135 0.016088
 0.0318222 0.0213972 0.129429 -0.12812 0.0144061
 0.0287362 0.0191339 0.126247 -0.12506 0.0127577
 0.0255012 0.0168168 0.120441 -0.119375 0.0111057
 0.02226 0.0145416 0.112006 -0.111053 0.00951367
 0.0192741 0.012477 0.101897 -0.101043 0.00808938
 0.016757 0.0107542 0.0912917 -0.0905142 0.00691245
 0.0148004 0.00942017 0.0817211 -0.0809976 0.00600504
 0.0134182 0.00847083 0.0749672 -0.0742834 0.00535576
 0.0124269 0.00777978 0.071089 -0.0704373 0.00487794
 0.0116241 0.0072139 0.0697218 -0.0691033 0.00448398
 0.0108124 0.00665076 0.0687789 -0.0681983 0.00409761
 0.00992283 0.00604909 0.0674942 -0.0669589 0.00369392
 0.008929 0.00539447 0.0653003 -0.064818 0.00326496
 0.00784881 0.00469979 0.0616463 -0.0612219 0.00281954
 0.0067223 0.00399009 0.0564508 -0.0560863 0.00237308
 0.00561971 0.00330698 0.0501492 -0.0498419 0.00195008
 0.00461381 0.00269216 0.0433573 -0.0431 0.00157425
 0.00377046 0.00218196 0.0368287 -0.0366105 0.00126546
 0 0 0 0 0
 0 0 0 0 0
 0 0 0 0 0
 0 0 0 0 0
 0 0 0 0 0
 0 0 0 0 0
 0 0 0 0 0
 0 0 0 0 0
 0 0 0 0 0
 0 0 0 0 0
 0 0 0 0 0
 0 0 0 0 0
 0 0 0 0 0
 0 0 0 0 0
 0 0 0 0 0
 0 0 0 0 0
 0 0 0 0 0
 0 0 0 0 0
 0 0 0 0 0
 0 0 0 0 0
 0 0 0 0 0
 0 0 0 0 0
 0 0 0 0 0
 0 0 0 0 0
 0 0 0 0 0
 0 0 0 0 0
 0 0 0 0 0
 0 0 0 0 0
 0 0 0 0 0
 0 0 0 0 0
 0 0 0 0 0
 0 0 0 0 0
 0 0 0 0 0
 0 0 0 0 0
 0 0 0 0 0
 0 0 0 0 0
 0 0 0 0 0
 0 0 0 0 0
 0 0 0 0 0
 0 0 0 0 0
 0 0 0 0 0
 0 0 0 0 0
 0 0 0 0 0
 0 0 0 0 0
 0 0 0 0 0
 0 0 0 0 0
 0 0 0 0 0
 0 0 0 0 0
 0 0 0 0 0
 0 0 0 0 0
 0 0 0 0 0
 0 0 0 0 0
 0 0 0 0 0
 0 0 0 0 0
 0 0 0 0 0
 0 0 0 0 0
 0 0 0 0 0
 0 0 0 0 0
 0 0 0 0 0
 0 0 0 0 0
 0 0 0 0 0
 0 0 0 0 0
 0 0 0 0 0
 0 0 0 0 0
 0 0 0 0 0
 0 0 0 0 0
 0 0 0 0 0
 0 0 0 0 0
 0 0 0 0 0
 0 0 0 0 0
 0 0 0 0 0
 0 0 0 0 0
 0 0 0 0 0
 14.3306 13.8021 0.0878308 -0.0715835 13.2931
 4.66637 4.43283 0.0859208 -0.0710808 4.21102
 2.27658 2.13361 0.0843333 -0.0707696 1.99967
 1.34398 1.24297 0.0830894 -0.0706813 1.14959
 0.887867 0.810481 0.0822104 -0.0708483 0.739882
 0.632071 0.569613 0.081698 -0.0712832 0.513367
 0.474765 0.42247 0.0815556 -0.0719991 0.375972
 0.371643 0.326603 0.0818668 -0.073085 0.287058
 0.300734 0.261049 0.0827037 -0.0746188 0.226637
 0.249991 0.214374 0.0840683 -0.0766122 0.183867
 0.212568 0.1801 0.0860142 -0.0791245 0.152623
 0.184271 0.154272 0.088585 -0.0822077 0.129189
 0.162207 0.134202 0.0916858 -0.0857767 0.111066
 0.144818 0.118419 0.095455 -0.0899708 0.0968642
 0.130519 0.105493 0.0996058 -0.0945183 0.085295
 0.118632 0.0947842 0.104195 -0.099475 0.0757613
 0.108503 0.0857033 0.109093 -0.104717 0.0677258
 0.0996458 0.0778189 0.114119 -0.110067 0.0608037
 0.0919425 0.0710003 0.119309 -0.115555 0.0548583
 0.0851458 0.0650245 0.124486 -0.121006 0.049688
 0.0790983 0.0597465 0.129484 -0.126252 0.0451587
 0.0734523 0.0548843 0.13379 -0.130793 0.0410393
 0.0679573 0.0502396 0.136861 -0.134091 0.0371697
 0.0625794 0.0457802 0.138527 -0.135974 0.0335181
 0.0573788 0.0415443 0.138658 -0.136313 0.0301059
 0.0524322 0.0375808 0.137198 -0.135044 0.026961
 0.0478762 0.0339761 0.134784 -0.132806 0.0241352
 0.0438086 0.0307867 0.132099 -0.130277 0.0216576
 0.0402395 0.0280065 0.129597 -0.127915 0.0195131
 0.0370867 0.0255652 0.127592 -0.126037 0.0176426
 0.0341939 0.0233445 0.126291 -0.124857 0.0159562
 0.0314082 0.021236 0.12506 -0.123743 0.014376
 0.0285362 0.0191096 0.122323 -0.121122 0.0128135
 0.0255618 0.0169532 0.118435 -0.117351 0.0112592
 0.0224686 0.0147623 0.111328 -0.110358 0.00971292
 0.0194901 0.0126886 0.102197 -0.10133 0.00827284
 0.0168763 0.0108914 0.0919275 -0.0911433 0.00703947
 0.0147737 0.0094555 0.0819434 -0.0812213 0.00606079
 0.0132483 0.00841117 0.0740798 -0.0734008 0.00534799
 0.0121739 0.00766643 0.0690133 -0.0683665 0.00483498
 0.0113845 0.00710876 0.0670158 -0.0663994 0.00444551
 0.0106522 0.0065938 0.0661009 -0.0655171 0.00408794
 0.00986008 0.00604977 0.0652564 -0.0647124 0.00371788
 0.00897217 0.00545622 0.0637684 -0.063272 0.00332372
 0.00797886 0.00480943 0.0609847 -0.0605429 0.00290417
 0.00691899 0.00413431 0.0567096 -0.0563262 0.00247503
 0.00584295 0.00346154 0.0510162 -0.0506908 0.00205477
 0.00482925 0.00283692 0.0446428 -0.0443706 0.00166993
 0 0 0 0 0
 0 0 0 0 0
 0 0 0 0 0
 0 0 0 0 0
 0 0 0 0 0
 0 0 0 0 0
 0 0 0 0 0
 0 0 0 0 0
 0 0 0 0 0
 0 0 0 0 0
 0 0 0 0 0
 0 0 0 0 0
 0 0 0 0 0
 0 0 0 0 0
 0 0 0 0 0
 0 0 0 0 0
 0 0 0 0 0
 0 0 0 0 0
 0 0 0 0 0
 0 0 0 0 0
 0 0 0 0 0
 0 0 0 0 0
 0 0 0 0 0
 0 0 0 0 0
 0 0 0 0 0
 0 0 0 0 0
 0 0 0 0 0
 0 0 0 0 0
 0 0 0 0 0
 0 0 0 0 0
 0 0 0 0 0
 0 0 0 0 0
 0 0 0 0 0
 0 0 0 0 0
 0 0 0 0 0
 0 0 0 0 0
 0 0 0 0 0
 0 0 0 0 0
 0 0 0 0 0
 0 0 0 0 0
 0 0 0 0 0
 0 0 0 0 0
 0 0 0 0 0
 0 0 0 0 0
 0 0 0 0 0
 0 0 0 0 0
 0 0 0 0 0
 0 0 0 0 0
 0 0 0 0 0
 0 0 0 0 0
 0 0 0 0 0
 0 0 0 0 0
 0 0 0 0 0
 0 0 0 0 0
 0 0 0 0 0
 0 0 0 0 0
 0 0 0 0 0
 0 0 0 0 0
 0 0 0 0 0
 0 0 0 0 0
 0 0 0 0 0
 0 0 0 0 0
 0 0 0 0 0
 0 0 0 0 0
 0 0 0 0 0
 0 0 0 0 0
 0 0 0 0 0
 0 0 0 0 0
 0 0 0 0 0
 0 0 0 0 0
 0 0 0 0 0
 0 0 0 0 0
 0 0 0 0 0
 0 0 0 0 0
 14.3448 13.8302 0.0849425 -0.0686806 13.334
 4.60992 4.38463 0.0829037 -0.0680709 4.17038
 2.23556 2.09817 0.0811809 -0.0676431 1.96926
 1.31454 1.21772 0.0797744 -0.0674092 1.12806
 0.8658 0.791771 0.0787179 -0.0674124 0.724108
 0.614911 0.555253 0.0780264 -0.0676783 0.501422
 0.460883 0.411008 0.0776779 -0.0681967 0.366567
 0.359967 0.317087 0.0777297 -0.0690315 0.279348
 0.290594 0.252886 0.0782516 -0.0702583 0.220103
 0.241062 0.207277 0.0792876 -0.0719282 0.178258
 0.204497 0.173759 0.0808298 -0.074043 0.147672
 0.176951 0.148594 0.0829945 -0.0767219 0.124813
 0.155655 0.129196 0.0857575 -0.0799501 0.107264
 0.138762 0.11385 0.0890575 -0.0836758 0.0934392
 0.125156 0.101514 0.0929433 -0.0879492 0.0823676
 0.113756 0.0912225 0.0971708 -0.0925392 0.0731816
 0.104163 0.0825908 0.101832 -0.097535 0.0655148
 0.0958025 0.0751147 0.106684 -0.102703 0.0589224
 0.08838 0.0685288 0.111591 -0.107906 0.0531642
 0.0819156 0.062821 0.116643 -0.113227 0.048205
 0.0760773 0.0577124 0.121487 -0.11832 0.0438081
 0.0708317 0.0531598 0.126035 -0.123093 0.0399238
 0.0657978 0.0488622 0.129644 -0.126916 0.0363121
 0.060841 0.0447128 0.131967 -0.129445 0.0328856
 0.0559777 0.040719 0.132793 -0.13047 0.0296443
 0.0512896 0.0369355 0.132043 -0.129907 0.0266221
 0.0468859 0.0334331 0.13001 -0.128045 0.0238623
 0.0428953 0.0302923 0.127412 -0.125601 0.021413
 0.0393722 0.0275398 0.124772 -0.123099 0.0192829
 0.0362963 0.025148 0.122792 -0.121243 0.0174423
 0.0335371 0.0230165 0.121441 -0.120007 0.0158138
 0.0309198 0.0210186 0.120481 -0.119158 0.0143046
 0.028255 0.019025 0.118608 -0.117397 0.0128258
 0.0255122 0.0170149 0.115746 -0.114647 0.0113625
 0.0226187 0.0149442 0.110229 -0.109242 0.009887
 0.0197123 0.0129051 0.102184 -0.101302 0.0084605
 0.0170362 0.0110552 0.0925167 -0.091725 0.00718429
 0.0148142 0.00953308 0.082451 -0.0817281 0.00614361
 0.0131423 0.0083895 0.073805 -0.0731303 0.00536328
 0.0119638 0.00757678 0.0676153 -0.0669745 0.00480527
 0.0111337 0.00699371 0.0644023 -0.0637895 0.00439936
 0.010455 0.00651126 0.0635503 -0.0629671 0.00406107
 0.00975292 0.00602152 0.0629147 -0.0623656 0.00372337
 0.00895975 0.00548355 0.0619028 -0.0613959 0.00336138
 0.00806494 0.00489278 0.0599425 -0.0594857 0.00297331
 0.00707696 0.00425628 0.056525 -0.0561241 0.00256438
 0.00604768 0.00360632 0.0516334 -0.0512901 0.00215451
 0 0 0 0 0
 0 0 0 0 0
 0 0 0 0 0
 0 0 0 0 0
 0 0 0 0 0
 0 0 0 0 0
 0 0 0 0 0
 0 0 0 0 0
 0 0 0 0 0
 0 0 0 0 0
 0 0 0 0 0
 0 0 0 0 0
 0 0 0 0 0
 0 0 0 0 0
 0 0 0 0 0
 0 0 0 0 0
 0 0 0 0 0
 0 0 0 0 0
 0 0 0 0 0
 0 0 0 0 0
 0 0 0 0 0
 0 0 0 0 0
 0 0 0 0 0
 0 0 0 0 0
 0 0 0 0 0
 0 0 0 0 0
 0 0 0 0 0
 0 0 0 0 0
 0 0 0 0 0
 0 0 0 0 0
 0 0 0 0 0
 0 0 0 0 0
 0 0 0 0 0
 0 0 0 0 0
 0 0 0 0 0
 0 0 0 0 0
 0 0 0 0 0
 0 0 0 0 0
 0 0 0 0 0
 0 0 0 0 0
 0 0 0 0 0
 0 0 0 0 0
 0 0 0 0 0
 0 0 0 0 0
 0 0 0 0 0
 0 0 0 0 0
 0 0 0 0 0
 0 0 0 0 0
 0 0 0 0 0
 0 0 0 0 0
 0 0 0 0 0
 0 0 0 0 0
 0 0 0 0 0
 0 0 0 0 0
 0 0 0 0 0
 0 0 0 0 0
 0 0 0 0 0
 0 0 0 0 0
 0 0 0 0 0
 0 0 0 0 0
 0 0 0 0 0
 0 0 0 0 0
 0 0 0 0 0
 0 0 0 0 0
 0 0 0 0 0
 0 0 0 0 0
 0 0 0 0 0
 0 0 0 0 0
 0 0 0 0 0
 0 0 0 0 0
 0 0 0 0 0
 0 0 0 0 0
 0 0 0 0 0
 0 0 0 0 0
 0 0 0 0 0
 14.3666 13.8649 0.082253 -0.0659651 13.3808
 4.55703 4.33948 0.080095 -0.06526 4.13235
 2.19693 2.06476 0.078251 -0.0647299 1.94057
 1.28707 1.19412 0.0767158 -0.0643831 1.10793
 0.845208 0.774286 0.075499 -0.0642402 0.70935
 0.598762 0.541711 0.074624 -0.0643347 0.49013
 0.447963 0.400324 0.0741173 -0.0647022 0.357784
 0.349112 0.308223 0.0739381 -0.0653142 0.272155
 0.281181 0.245292 0.0741791 -0.066268 0.214014
 0.232753 0.200656 0.0749124 -0.0676413 0.173013
 0.197117 0.167954 0.0761516 -0.0694558 0.143134
 0.170165 0.143317 0.0779037 -0.0717269 0.120732
 0.149473 0.12445 0.0802893 -0.0745781 0.103643
 0.133121 0.109577 0.0832154 -0.0779276 0.090225
 0.120016 0.0976783 0.0867358 -0.0818319 0.0795243
 0.109172 0.0878592 0.0907042 -0.0861558 0.0707336
 0.0999792 0.0795678 0.0950275 -0.0908092 0.0633498
 0.0920892 0.0724813 0.0996933 -0.0957817 0.0570742
 0.0850817 0.0662336 0.104458 -0.100835 0.0515867
 0.0788145 0.0606902 0.109241 -0.105887 0.0467592
 0.0732882 0.05583 0.114053 -0.110943 0.0425558
 0.0682404 0.0514347 0.118542 -0.115654 0.0387926
 0.0636039 0.04744 0.122529 -0.119846 0.0354083
 0.0590513 0.0435915 0.125408 -0.122922 0.0322029
 0.0545336 0.0398491 0.126836 -0.124538 0.0291418
 0.0501263 0.0362641 0.126861 -0.124743 0.0262574
 0.0459137 0.0328926 0.125393 -0.123441 0.0235852
 0.0420196 0.0298149 0.122973 -0.121173 0.0211747
 0.0385574 0.0271001 0.120478 -0.118815 0.0190657
 0.0355234 0.0247345 0.118235 -0.116693 0.0172397
 0.0328365 0.022651 0.116518 -0.115087 0.0156413
 0.0303558 0.0207437 0.115599 -0.114275 0.0141909
 0.0279242 0.0189028 0.11464 -0.113421 0.0128108
 0.025371 0.0170131 0.112563 -0.111452 0.0114225
 0.0226855 0.0150706 0.108485 -0.107482 0.0100248
 0.019905 0.0131032 0.101616 -0.100717 0.00863733
 0.0172335 0.011244 0.0929292 -0.0921258 0.00734638
 0.0149051 0.009643 0.0830761 -0.0823497 0.00624737
 0.0130734 0.00839017 0.0737376 -0.073066 0.00539214
 0.0118016 0.00751466 0.0669036 -0.0662693 0.00479154
 0.0109093 0.00689144 0.0626643 -0.0620579 0.00435927
 0.0102349 0.00641202 0.0609715 -0.0603914 0.00402261
 0.00960408 0.00596578 0.060398 -0.0598472 0.00371108
 0.0089065 0.00548479 0.0598305 -0.0593162 0.00338271
 0.00810367 0.00494728 0.0585317 -0.0580626 0.00302508
 0.00719696 0.00435602 0.0559287 -0.055512 0.00264092
 0 0 0 0 0
 0 0 0 0 0
 0 0 0 0 0
 0 0 0 0 0
 0 0 0 0 0
 0 0 0 0 0
 0 0 0 0 0
 0 0 0 0 0
 0 0 0 0 0
 0 0 0 0 0
 0 0 0 0 0
 0 0 0 0 0
 0 0 0 0 0
 0 0 0 0 0
 0 0 0 0 0
 0 0 0 0 0
 0 0 0 0 0
 0 0 0 0 0
 0 0 0 0 0
 0 0 0 0 0
 0 0 0 0 0
 0 0 0 0 0
 0 0 0 0 0
 0 0 0 0 0
 0 0 0 0 0
 0 0 0 0 0
 0 0 0 0 0
 0 0 0 0 0
 0 0 0 0 0
 0 0 0 0 0
 0 0 0 0 0
 0 0 0 0 0
 0 0 0 0 0
 0 0 0 0 0
 0 0 0 0 0
 0 0 0 0 0
 0 0 0 0 0
 0 0 0 0 0
 0 0 0 0 0
 0 0 0 0 0
 0 0 0 0 0
 0 0 0 0 0
 0 0 0 0 0
 0 0 0 0 0
 0 0 0 0 0
 0 0 0 0 0
 0 0 0 0 0
 0 0 0 0 0
 0 0 0 0 0
 0 0 0 0 0
 0 0 0 0 0
 0 0 0 0 0
 0 0 0 0 0
 0 0 0 0 0
 0 0 0 0 0
 0 0 0 0 0
 0 0 0 0 0
 0 0 0 0 0
 0 0 0 0 0
 0 0 0 0 0
 0 0 0 0 0
 0 0 0 0 0
 0 0 0 0 0
 0 0 0 0 0
 0 0 0 0 0
 0 0 0 0 0
 0 0 0 0 0
 0 0 0 0 0
 0 0 0 0 0
 0 0 0 0 0
 0 0 0 0 0
 0 0 0 0 0
 0 0 0 0 0
 0 0 0 0 0
 0 0 0 0 0
 0 0 0 0 0
 14.3953 13.9061 0.0797431 -0.0634205 13.4334
 4.50742 4.29714 0.0774761 -0.0626303 4.09672
 2.16047 2.03317 0.0755215 -0.0620094 1.91342
 1.26115 1.17183 0.0738712 -0.0615633 1.08888
 0.825922 0.757888 0.0725225 -0.0613022 0.695493
 0.583755 0.529113 0.0714991 -0.0612595 0.479618
 0.435812 0.390253 0.0708188 -0.0614629 0.349489
 0.339085 0.300026 0.0704779 -0.0619193 0.265497
 0.272565 0.238336 0.0704928 -0.0626536 0.208434
 0.225114 0.194559 0.0709398 -0.0637473 0.168178
 0.190261 0.162547 0.0718772 -0.0652647 0.138897
 0.163968 0.138491 0.0733154 -0.0672243 0.116997
 0.143737 0.120034 0.0753082 -0.0696857 0.100264
 0.127894 0.105607 0.077897 -0.0726961 0.0872292
 0.115116 0.094 0.0809726 -0.0761566 0.0767814
 0.104781 0.0846167 0.0846775 -0.0802098 0.0683567
 0.0960058 0.0766805 0.0887167 -0.0845725 0.0612692
 0.0884975 0.0699142 0.0931225 -0.0892792 0.0552569
 0.081899 0.0640023 0.0977458 -0.0941825 0.0500401
 0.0759426 0.0587115 0.102382 -0.0990817 0.0454134
 0.0706075 0.0540076 0.107011 -0.103953 0.0413335
 0.065786 0.0497917 0.111466 -0.10863 0.0377091
 0.0614022 0.0459932 0.115575 -0.112938 0.0344737
 0.0572129 0.0424182 0.118867 -0.116417 0.0314716
 0.0530599 0.0389438 0.120977 -0.118707 0.0286048
 0.0489369 0.0355627 0.121634 -0.119537 0.0258642
 0.0449317 0.0323357 0.120746 -0.11881 0.0232905
 0.0411723 0.0293485 0.118792 -0.117005 0.0209387
 0.0377719 0.0266726 0.116383 -0.11473 0.0188522
 0.0347803 0.0243332 0.11404 -0.112506 0.0170406
 0.0321442 0.0222824 0.112152 -0.110727 0.0154618
 0.0297889 0.0204594 0.111186 -0.109862 0.0140665
 0.0274991 0.0187117 0.110478 -0.109255 0.0127463
 0.0251527 0.016957 0.108808 -0.107687 0.011445
 0.0226746 0.0151443 0.106189 -0.105172 0.0101273
 0.0200523 0.0132711 0.100756 -0.0998417 0.00879442
 0.0174333 0.0114355 0.0929908 -0.092175 0.00751117
 0.0150428 0.00978333 0.0837133 -0.0829811 0.00637142
 0.0130883 0.00844358 0.074189 -0.0735186 0.00545462
 0.0116677 0.00746869 0.0663748 -0.0657466 0.00478722
 0.0106899 0.00678985 0.0610147 -0.0604147 0.00431835
 0.0100119 0.00630789 0.0588398 -0.0582652 0.00397949
 0.00942275 0.00588742 0.0580411 -0.0574922 0.0036835
 0.00880867 0.00545717 0.0576543 -0.0571363 0.00338563
 0.0080976 0.0049739 0.0568322 -0.0563539 0.00305972
 0 0 0 0 0
 0 0 0 0 0
 0 0 0 0 0
 0 0 0 0 0
 0 0 0 0 0
 0 0 0 0 0
 0 0 0 0 0
 0 0 0 0 0
 0 0 0 0 0
 0 0 0 0 0
 0 0 0 0 0
 0 0 0 0 0
 0 0 0 0 0
 0 0 0 0 0
 0 0 0 0 0
 0 0 0 0 0
 0 0 0 0 0
 0 0 0 0 0
 0 0 0 0 0
 0 0 0 0 0
 0 0 0 0 0
 0 0 0 0 0
 0 0 0 0 0
 0 0 0 0 0
 0 0 0 0 0
 0 0 0 0 0
 0 0 0 0 0
 0 0 0 0 0
 0 0 0 0 0
 0 0 0 0 0
 0 0 0 0 0
 0 0 0 0 0
 0 0 0 0 0
 0 0 0 0 0
 0 0 0 0 0
 0 0 0 0 0
 0 0 0 0 0
 0 0 0 0 0
 0 0 0 0 0
 0 0 0 0 0
 0 0 0 0 0
 0 0 0 0 0
 0 0 0 0 0
 0 0 0 0 0
 0 0 0 0 0
 0 0 0 0 0
 0 0 0 0 0
 0 0 0 0 0
 0 0 0 0 0
 0 0 0 0 0
 0 0 0 0 0
 0 0 0 0 0
 0 0 0 0 0
 0 0 0 0 0
 0 0 0 0 0
 0 0 0 0 0
 0 0 0 0 0
 0 0 0 0 0
 0 0 0 0 0
 0 0 0 0 0
 0 0 0 0 0
 0 0 0 0 0
 0 0 0 0 0
 0 0 0 0 0
 0 0 0 0 0
 0 0 0 0 0
 0 0 0 0 0
 0 0 0 0 0
 0 0 0 0 0
 0 0 0 0 0
 0 0 0 0 0
 0 0 0 0 0
 0 0 0 0 0
 0 0 0 0 0
 0 0 0 0 0
 0 0 0 0 0
 0 0 0 0 0
 14.4308 13.9531 0.0773973 -0.0610323 13.4913
 4.46082 4.25739 0.0750298 -0.0601662 4.06328
 2.12599 2.00328 0.0729743 -0.0594644 1.8877
 1.23667 1.15075 0.0712203 -0.058931 1.07084
 0.807797 0.742459 0.069761 -0.0585724 0.682438
 0.569632 0.517236 0.0685983 -0.0584022 0.46969
 0.424401 0.380778 0.0677646 -0.0584618 0.341669
 0.329667 0.292311 0.0672756 -0.0587765 0.259215
 0.264521 0.231829 0.0671009 -0.0593273 0.203204
 0.21805 0.188913 0.0673157 -0.0601942 0.163694
 0.18392 0.157538 0.0679811 -0.0614445 0.134964
 0.158218 0.134 0.0691268 -0.0631147 0.113513
 0.138389 0.115902 0.0707502 -0.0652102 0.0970925
 0.122938 0.101826 0.0729748 -0.0678573 0.0843608
 0.110621 0.0906183 0.0757636 -0.0710272 0.074255
 0.100567 0.0814853 0.0790578 -0.0746687 0.0660461
 0.0922333 0.073924 0.0828661 -0.0787939 0.0592711
 0.0850408 0.0674264 0.0869717 -0.0831951 0.0534822
 0.0788104 0.0618193 0.091415 -0.0879117 0.0485132
 0.0732047 0.0568136 0.0959458 -0.0926983 0.0441141
 0.0680711 0.0522742 0.100401 -0.0973933 0.0401647
 0.0634895 0.0482492 0.104829 -0.10204 0.0366884
 0.0592498 0.0445651 0.108889 -0.106299 0.0335408
 0.0553607 0.0412187 0.112491 -0.11008 0.03071
 0.0515433 0.0379938 0.115113 -0.112873 0.0280263
 0.0477194 0.0348299 0.116391 -0.114315 0.0254414
 0.0439422 0.0317639 0.116162 -0.114243 0.0229793
 0.0403289 0.0288767 0.114622 -0.112848 0.020694
 0.0369992 0.0262465 0.112356 -0.110714 0.0186352
 0.0340439 0.0239292 0.109944 -0.10842 0.0168351
 0.0314675 0.0219175 0.107995 -0.106578 0.0152804
 0.029167 0.0201309 0.106692 -0.105372 0.0139081
 0.0270425 0.0184937 0.106288 -0.105062 0.0126607
 0.0248741 0.0168556 0.105205 -0.104076 0.0114345
 0.0225764 0.0151579 0.103372 -0.102343 0.010189
 0.0201332 0.0133949 0.0993217 -0.0983933 0.00892275
 0.0176165 0.0116165 0.0927458 -0.0919158 0.00766985
 0.0152142 0.00994642 0.0842008 -0.0834592 0.00651108
 0.0131512 0.00852758 0.0748161 -0.0741443 0.00553683
 0.0115817 0.00745168 0.0662268 -0.0656032 0.00480068
 0.0105187 0.00671617 0.060148 -0.0595559 0.00429374
 0.00979042 0.00620247 0.0567531 -0.0561847 0.00393439
 0.00922583 0.00579711 0.0557638 -0.0552191 0.00364735
 0.00867392 0.00540501 0.0554188 -0.0549006 0.00337254
 0 0 0 0 0
 0 0 0 0 0
 0 0 0 0 0
 0 0 0 0 0
 0 0 0 0 0
 0 0 0 0 0
 0 0 0 0 0
 0 0 0 0 0
 0 0 0 0 0
 0 0 0 0 0
 0 0 0 0 0
 0 0 0 0 0
 0 0 0 0 0
 0 0 0 0 0
 0 0 0 0 0
 0 0 0 0 0
 0 0 0 0 0
 0 0 0 0 0
 0 0 0 0 0
 0 0 0 0 0
 0 0 0 0 0
 0 0 0 0 0
 0 0 0 0 0
 0 0 0 0 0
 0 0 0 0 0
 0 0 0 0 0
 0 0 0 0 0
 0 0 0 0 0
 0 0 0 0 0
 0 0 0 0 0
 0 0 0 0 0
 0 0 0 0 0
 0 0 0 0 0
 0 0 0 0 0
 0 0 0 0 0
 0 0 0 0 0
 0 0 0 0 0
 0 0 0 0 0
 0 0 0 0 0
 0 0 0 0 0
 0 0 0 0 0
 0 0 0 0 0
 0 0 0 0 0
 0 0 0 0 0
 0 0 0 0 0
 0 0 0 0 0
 0 0 0 0 0
 0 0 0 0 0
 0 0 0 0 0
 0 0 0 0 0
 0 0 0 0 0
 0 0 0 0 0
 0 0 0 0 0
 0 0 0 0 0
 0 0 0 0 0
 0 0 0 0 0
 0 0 0 0 0
 0 0 0 0 0
 0 0 0 0 0
 0 0 0 0 0
 0 0 0 0 0
 0 0 0 0 0
 0 0 0 0 0
 0 0 0 0 0
 0 0 0 0 0
 0 0 0 0 0
 0 0 0 0 0
 0 0 0 0 0
 0 0 0 0 0
 0 0 0 0 0
 0 0 0 0 0
 0 0 0 0 0
 0 0 0 0 0
 0 0 0 0 0
 0 0 0 0 0
 0 0 0 0 0
 0 0 0 0 0
 0 0 0 0 0
 14.4725 14.0057 0.0752016 -0.0587873 13.5541
 4.417 4.22003 0.0727411 -0.0578534 4.03188
 2.09335 1.97496 0.0705932 -0.0570797 1.86329
 1.21349 1.13077 0.0687451 -0.0564687 1.05372
 0.790681 0.727865 0.0671876 -0.0560252 0.67007
 0.556421 0.506113 0.0659168 -0.0557579 0.460383
 0.413754 0.371927 0.0649489 -0.0556927 0.334357
 0.320794 0.285026 0.0643028 -0.0558583 0.253271
 0.257048 0.225775 0.0639903 -0.0562758 0.198332
 0.211485 0.183657 0.0639947 -0.0569382 0.159513
 0.178012 0.152859 0.0644056 -0.0579391 0.131283
 0.152832 0.129783 0.0652756 -0.0593374 0.110232
 0.133502 0.112123 0.0666375 -0.0611723 0.0941892
 0.118357 0.09832 0.0685012 -0.0634608 0.0816963
 0.106371 0.0874067 0.0709519 -0.0662921 0.071844
 0.0966008 0.0785253 0.0738863 -0.0695725 0.0638521
 0.0886042 0.0712552 0.0773994 -0.0733978 0.057323
 0.0817706 0.0650609 0.0812774 -0.077565 0.0517858
 0.0758173 0.0596877 0.0854575 -0.0820131 0.0470093
 0.0705453 0.0549552 0.0898633 -0.0866683 0.0428302
 0.0657083 0.0506548 0.0942458 -0.091285 0.0390698
 0.0612662 0.0467439 0.0985125 -0.0957683 0.0356835
 0.0572501 0.0432352 0.102622 -0.100074 0.0326706
 0.0535168 0.0400102 0.106281 -0.103911 0.0299314
 0.0499937 0.0370065 0.109289 -0.107082 0.0274118
 0.0464621 0.0340574 0.111081 -0.10903 0.0249827
 0.0429324 0.0311683 0.111538 -0.109638 0.0226453
 0.0394892 0.0283993 0.110541 -0.108782 0.0204403
 0.0362584 0.0258356 0.108523 -0.106894 0.0184245
 0.0333489 0.0235466 0.106258 -0.104745 0.0166401
 0.0308048 0.0215551 0.104162 -0.102753 0.0150965
 0.0285543 0.0198017 0.102582 -0.101267 0.013745
 0.0265313 0.0182334 0.101934 -0.100709 0.0125433
 0.024523 0.0167007 0.10148 -0.100347 0.0113854
 0.0224333 0.0151392 0.100273 -0.0992342 0.0102279
 0.0201549 0.0134787 0.0974008 -0.09646 0.00902442
 0.0177605 0.0117723 0.0919533 -0.0911092 0.00781262
 0.0153938 0.0101155 0.0844475 -0.083695 0.00665543
 0.0132644 0.0086445 0.0754593 -0.0747829 0.00564088
 0.0115593 0.00747451 0.0665477 -0.0659271 0.0048393
 0.0103724 0.00665653 0.0595273 -0.0589425 0.00427713
 0.00958008 0.00610138 0.0551253 -0.0545642 0.00389058
 0.00902017 0.00569916 0.0535681 -0.0530288 0.00360528
 0 0 0 0 0
 0 0 0 0 0
 0 0 0 0 0
 0 0 0 0 0
 0 0 0 0 0
 0 0 0 0 0
 0 0 0 0 0
 0 0 0 0 0
 0 0 0 0 0
 0 0 0 0 0
 0 0 0 0 0
 0 0 0 0 0
 0 0 0 0 0
 0 0 0 0 0
 0 0 0 0 0
 0 0 0 0 0
 0 0 0 0 0
 0 0 0 0 0
 0 0 0 0 0
 0 0 0 0 0
 0 0 0 0 0
 0 0 0 0 0
 0 0 0 0 0
 0 0 0 0 0
 0 0 0 0 0
 0 0 0 0 0
 0 0 0 0 0
 0 0 0 0 0
 0 0 0 0 0
 0 0 0 0 0
 0 0 0 0 0
 0 0 0 0 0
 0 0 0 0 0
 0 0 0 0 0
 0 0 0 0 0
 0 0 0 0 0
 0 0 0 0 0
 0 0 0 0 0
 0 0 0 0 0
 0 0 0 0 0
 0 0 0 0 0
 0 0 0 0 0
 0 0 0 0 0
 0 0 0 0 0
 0 0 0 0 0
 0 0 0 0 0
 0 0 0 0 0
 0 0 0 0 0
 0 0 0 0 0
 0 0 0 0 0
 0 0 0 0 0
 0 0 0 0 0
 0 0 0 0 0
 0 0 0 0 0
 0 0 0 0 0
 0 0 0 0 0
 0 0 0 0 0
 0 0 0 0 0
 0 0 0 0 0
 0 0 0 0 0
 0 0 0 0 0
 0 0 0 0 0
 0 0 0 0 0
 0 0 0 0 0
 0 0 0 0 0
 0 0 0 0 0
 0 0 0 0 0
 0 0 0 0 0
 0 0 0 0 0
 0 0 0 0 0
 0 0 0 0 0
 0 0 0 0 0
 0 0 0 0 0
 0 0 0 0 0
 0 0 0 0 0
 0 0 0 0 0
 0 0 0 0 0
 0 0 0 0 0
 0 0 0 0 0
 14.5199 14.0636 0.0731432 -0.056674 13.6217
 4.37575 4.18488 0.0705966 -0.0556795 4.00238
 2.06241 1.94807 0.0683638 -0.0548417 1.84012
 1.19153 1.11181 0.06643 -0.0541618 1.03745
 0.77448 0.71403 0.0647838 -0.0536433 0.658327
 0.543948 0.495595 0.0634178 -0.0532916 0.451567
 0.403725 0.363574 0.0623313 -0.0531173 0.327443
 0.312487 0.278194 0.0615553 -0.0531606 0.247689
 0.250003 0.220056 0.0611018 -0.0534424 0.193718
 0.205397 0.178777 0.0609547 -0.0539571 0.155628
 0.172588 0.148561 0.061162 -0.0547587 0.1279
 0.147901 0.125918 0.0617891 -0.0559178 0.107224
 0.128949 0.108593 0.0628735 -0.057478 0.0914708
 0.114113 0.095065 0.064426 -0.0594574 0.0792164
 0.102376 0.0843767 0.066527 -0.0619401 0.0695603
 0.0929367 0.0757835 0.0691854 -0.0649413 0.0618147
 0.0851208 0.0686774 0.0722992 -0.0683675 0.0554291
 0.0786328 0.0627771 0.0759622 -0.0723128 0.0501369
 0.0729468 0.0576303 0.0798891 -0.0765032 0.045548
 0.0679587 0.0531332 0.0841175 -0.0809747 0.0415601
 0.0634194 0.049074 0.0884242 -0.0855083 0.0379918
 0.0591921 0.0453357 0.0926117 -0.0899092 0.034741
 0.0553301 0.0419501 0.0966608 -0.0941525 0.0318235
 0.0517354 0.0388339 0.100331 -0.098 0.0291673
 0.0484218 0.0359898 0.103532 -0.101359 0.0267671
 0.0451758 0.0332524 0.105857 -0.103833 0.0244929
 0.0419008 0.0305481 0.106892 -0.105012 0.0222876
 0.0386413 0.0279086 0.106433 -0.104691 0.0201725
 0.0355295 0.0254258 0.104864 -0.103248 0.0182102
 0.0326788 0.0231751 0.102726 -0.101225 0.0164491
 0.0301611 0.0211995 0.10054 -0.0991417 0.0149136
 0.0279588 0.0194779 0.0988225 -0.0975158 0.0135819
 0.0259966 0.0179504 0.0979792 -0.0967592 0.0124063
 0.0241399 0.0165198 0.0977033 -0.0965692 0.0113163
 0.0221948 0.0150533 0.096725 -0.0956783 0.0102203
 0.0201147 0.0135199 0.0950267 -0.0940742 0.00909725
 0.0178633 0.0119004 0.0908658 -0.0900092 0.00793723
 0.0155648 0.0102797 0.0843383 -0.0835733 0.00679737
 0.0134076 0.00878142 0.0760306 -0.0753472 0.00575853
 0.0115954 0.0075347 0.0670849 -0.0664648 0.0049021
 0.0102777 0.00662818 0.0594373 -0.0588589 0.00427975
 0.00939533 0.00601417 0.0540219 -0.0534693 0.00385435
 0 0 0 0 0
 0 0 0 0 0
 0 0 0 0 0
 0 0 0 0 0
 0 0 0 0 0
 0 0 0 0 0
 0 0 0 0 0
 0 0 0 0 0
 0 0 0 0 0
 0 0 0 0 0
 0 0 0 0 0
 0 0 0 0 0
 0 0 0 0 0
 0 0 0 0 0
 0 0 0 0 0
 0 0 0 0 0
 0 0 0 0 0
 0 0 0 0 0
 0 0 0 0 0
 0 0 0 0 0
 0 0 0 0 0
 0 0 0 0 0
 0 0 0 0 0
 0 0 0 0 0
 0 0 0 0 0
 0 0 0 0 0
 0 0 0 0 0
 0 0 0 0 0
 0 0 0 0 0
 0 0 0 0 0
 0 0 0 0 0
 0 0 0 0 0
 0 0 0 0 0
 0 0 0 0 0
 0 0 0 0 0
 0 0 0 0 0
 0 0 0 0 0
 0 0 0 0 0
 0 0 0 0 0
 0 0 0 0 0
 0 0 0 0 0
 0 0 0 0 0
 0 0 0 0 0
 0 0 0 0 0
 0 0 0 0 0
 0 0 0 0 0
 0 0 0 0 0
 0 0 0 0 0
 0 0 0 0 0
 0 0 0 0 0
 0 0 0 0 0
 0 0 0 0 0
 0 0 0 0 0
 0 0 0 0 0
 0 0 0 0 0
 0 0 0 0 0
 0 0 0 0 0
 0 0 0 0 0
 0 0 0 0 0
 0 0 0 0 0
 0 0 0 0 0
 0 0 0 0 0
 0 0 0 0 0
 0 0 0 0 0
 0 0 0 0 0
 0 0 0 0 0
 0 0 0 0 0
 0 0 0 0 0
 0 0 0 0 0
 0 0 0 0 0
 0 0 0 0 0
 0 0 0 0 0
 0 0 0 0 0
 0 0 0 0 0
 0 0 0 0 0
 0 0 0 0 0
 0 0 0 0 0
 0 0 0 0 0
 0 0 0 0 0
 0 0 0 0 0
 14.573 14.1264 0.0712109 -0.0546817 13.6937
 4.33688 4.15178 0.0685842 -0.0536331 3.97462
 2.03304 1.92253 0.0662732 -0.0527382 1.81807
 1.17069 1.09379 0.0642611 -0.0519973 1.02197
 0.759124 0.700896 0.0625347 -0.0514122 0.647162
 0.532151 0.48563 0.0610843 -0.050987 0.443202
 0.394321 0.355733 0.0599055 -0.0507292 0.320947
 0.304692 0.271773 0.0590093 -0.0506598 0.242435
 0.243354 0.214644 0.0584147 -0.0508073 0.189343
 0.199692 0.174193 0.0581453 -0.0512028 0.151971
 0.167507 0.144526 0.0581697 -0.0518257 0.124717
 0.143268 0.122278 0.0585695 -0.0527614 0.104382
 0.124692 0.105284 0.0594139 -0.0540843 0.0889158
 0.110181 0.0920433 0.0607107 -0.055809 0.0769099
 0.09864 0.0815335 0.0624702 -0.0579524 0.067411
 0.08944 0.0731535 0.064815 -0.0606393 0.05985
 0.081885 0.0662763 0.0676473 -0.0637809 0.0536598
 0.0756084 0.0605617 0.0709888 -0.0674023 0.0485262
 0.0702235 0.0556686 0.0747234 -0.0713937 0.0441472
 0.0654514 0.051354 0.0787072 -0.0756163 0.0403098
 0.0611848 0.0475177 0.0829033 -0.0800333 0.0369203
 0.0572132 0.0439846 0.0870492 -0.0843858 0.0338313
 0.0534802 0.0407033 0.0909917 -0.0885225 0.0309954
 0.0500805 0.0377391 0.0947433 -0.0924483 0.0284554
 0.0468717 0.0349768 0.0979858 -0.0958492 0.0261166
 0.0438673 0.0324204 0.100669 -0.098675 0.0239763
 0.0408391 0.0298969 0.102219 -0.100362 0.0219018
 0.0377842 0.0274035 0.102369 -0.100644 0.0198894
 0.0348034 0.0250118 0.101202 -0.0996 0.0179888
 0.0320213 0.0228064 0.0992483 -0.09776 0.0162564
 0.0295307 0.0208472 0.0970517 -0.0956642 0.0147294
 0.0273667 0.0191508 0.0952308 -0.0939342 0.0134131
 0.0254502 0.0176542 0.0940692 -0.092855 0.0122573
 0.023702 0.0162968 0.0938817 -0.0927492 0.0112158
 0.0219173 0.014937 0.0933558 -0.0923058 0.0101898
 0.0200187 0.013522 0.09232 -0.0913575 0.00914317
 0.0179095 0.0119907 0.0892958 -0.0884275 0.00803673
 0.0157096 0.0104269 0.0838867 -0.0831097 0.00692867
 0.0135655 0.00892858 0.0763921 -0.0756999 0.00588362
 0.0116799 0.00762635 0.0677424 -0.0671197 0.00498558
 0.0102106 0.00661667 0.0594077 -0.0588338 0.00429281
 0 0 0 0 0
 0 0 0 0 0
 0 0 0 0 0
 0 0 0 0 0
 0 0 0 0 0
 0 0 0 0 0
 0 0 0 0 0
 0 0 0 0 0
 0 0 0 0 0
 0 0 0 0 0
 0 0 0 0 0
 0 0 0 0 0
 0 0 0 0 0
 0 0 0 0 0
 0 0 0 0 0
 0 0 0 0 0
 0 0 0 0 0
 0 0 0 0 0
 0 0 0 0 0
 0 0 0 0 0
 0 0 0 0 0
 0 0 0 0 0
 0 0 0 0 0
 0 0 0 0 0
 0 0 0 0 0
 0 0 0 0 0
 0 0 0 0 0
 0 0 0 0 0
 0 0 0 0 0
 0 0 0 0 0
 0 0 0 0 0
 0 0 0 0 0
 0 0 0 0 0
 0 0 0 0 0
 0 0 0 0 0
 0 0 0 0 0
 0 0 0 0 0
 0 0 0 0 0
 0 0 0 0 0
 0 0 0 0 0
 0 0 0 0 0
 0 0 0 0 0
 0 0 0 0 0
 0 0 0 0 0
 0 0 0 0 0
 0 0 0 0 0
 0 0 0 0 0
 0 0 0 0 0
 0 0 0 0 0
 0 0 0 0 0
 0 0 0 0 0
 0 0 0 0 0
 0 0 0 0 0
 0 0 0 0 0
 0 0 0 0 0
 0 0 0 0 0
 0 0 0 0 0
 0 0 0 0 0
 0 0 0 0 0
 0 0 0 0 0
 0 0 0 0 0
 0 0 0 0 0
 0 0 0 0 0
 0 0 0 0 0
 0 0 0 0 0
 0 0 0 0 0
 0 0 0 0 0
 0 0 0 0 0
 0 0 0 0 0
 0 0 0 0 0
 0 0 0 0 0
 0 0 0 0 0
 0 0 0 0 0
 0 0 0 0 0
 0 0 0 0 0
 0 0 0 0 0
 0 0 0 0 0
 0 0 0 0 0
 0 0 0 0 0
 0 0 0 0 0
 0 0 0 0 0
 14.6312 14.194 0.0693945 -0.0528009 13.7699
 4.30023 4.12058 0.066693 -0.0517039 3.94848
 2.00512 1.89823 0.0643098 -0.0507583 1.79707
 1.15089 1.07664 0.0622262 -0.0499631 1.00722
 0.744549 0.688411 0.0604268 -0.0493191 0.636532
 0.52097 0.47617 0.0589005 -0.0488289 0.435247
 0.385423 0.348301 0.0576394 -0.0484975 0.314778
 0.297352 0.265718 0.0566423 -0.0483347 0.237473
 0.237144 0.209585 0.0559357 -0.0483758 0.185248
 0.194305 0.169857 0.0555328 -0.0486427 0.148503
 0.162786 0.140772 0.0554255 -0.0491364 0.121753
 0.139008 0.118928 0.0556446 -0.0498945 0.101767
 0.120753 0.102217 0.0562569 -0.0509885 0.086545
 0.106511 0.0892167 0.057305 -0.0524664 0.0747467
 0.0952233 0.0789309 0.0588086 -0.0543542 0.065442
 0.08618 0.0706953 0.0608201 -0.056709 0.0580083
 0.0788518 0.0640174 0.0633753 -0.0595713 0.0519893
 0.0727066 0.0584237 0.0663504 -0.0628261 0.0469622
 0.0675933 0.0537614 0.0698806 -0.0666072 0.0427755
 0.0630547 0.0496436 0.0736577 -0.0706182 0.0391002
 0.0590063 0.0459885 0.0776786 -0.0748549 0.035858
 0.0552856 0.0426578 0.0817678 -0.0791452 0.0329298
 0.051764 0.0395447 0.0856967 -0.0832636 0.0302252
 0.0484707 0.0366658 0.0893883 -0.0871292 0.027751
 0.0454053 0.0340144 0.092715 -0.0906125 0.0254962
 0.0425473 0.0315696 0.0955575 -0.093595 0.0234389
 0.0397438 0.0292126 0.0975025 -0.0956708 0.0214861
 0.0369087 0.0268779 0.0982692 -0.0965625 0.0195869
 0.0340787 0.024592 0.0976158 -0.0960292 0.0177593
 0.0313837 0.0224459 0.0959192 -0.0944433 0.016066
 0.0289376 0.0205153 0.0938867 -0.0925117 0.0145559
 0.0267924 0.0188303 0.0919333 -0.0906475 0.0132453
 0.0249147 0.0173598 0.0905042 -0.0892992 0.0121062
 0.0232282 0.0160447 0.0900017 -0.0888733 0.0110925
 0.0215952 0.0147866 0.0899592 -0.0889075 0.0101341
 0.0198367 0.0134638 0.0892108 -0.0882425 0.00914733
 0.0179212 0.012057 0.0873717 -0.0864917 0.00812024
 0.0158291 0.0105578 0.082988 -0.0821986 0.0070497
 0.0137247 0.00907725 0.0764987 -0.0757965 0.00601041
 0.0117943 0.00773787 0.0683403 -0.0677128 0.00508247
 0 0 0 0 0
 0 0 0 0 0
 0 0 0 0 0
 0 0 0 0 0
 0 0 0 0 0
 0 0 0 0 0
 0 0 0 0 0
 0 0 0 0 0
 0 0 0 0 0
 0 0 0 0 0
 0 0 0 0 0
 0 0 0 0 0
 0 0 0 0 0
 0 0 0 0 0
 0 0 0 0 0
 0 0 0 0 0
 0 0 0 0 0
 0 0 0 0 0
 0 0 0 0 0
 0 0 0 0 0
 0 0 0 0 0
 0 0 0 0 0
 0 0 0 0 0
 0 0 0 0 0
 0 0 0 0 0
 0 0 0 0 0
 0 0 0 0 0
 0 0 0 0 0
 0 0 0 0 0
 0 0 0 0 0
 0 0 0 0 0
 0 0 0 0 0
 0 0 0 0 0
 0 0 0 0 0
 0 0 0 0 0
 0 0 0 0 0
 0 0 0 0 0
 0 0 0 0 0
 0 0 0 0 0
 0 0 0 0 0
 0 0 0 0 0
 0 0 0 0 0
 0 0 0 0 0
 0 0 0 0 0
 0 0 0 0 0
 0 0 0 0 0
 0 0 0 0 0
 0 0 0 0 0
 0 0 0 0 0
 0 0 0 0 0
 0 0 0 0 0
 0 0 0 0 0
 0 0 0 0 0
 0 0 0 0 0
 0 0 0 0 0
 0 0 0 0 0
 0 0 0 0 0
 0 0 0 0 0
 0 0 0 0 0
 0 0 0 0 0
 0 0 0 0 0
 0 0 0 0 0
 0 0 0 0 0
 0 0 0 0 0
 0 0 0 0 0
 0 0 0 0 0
 0 0 0 0 0
 0 0 0 0 0
 0 0 0 0 0
 0 0 0 0 0
 0 0 0 0 0
 0 0 0 0 0
 0 0 0 0 0
 0 0 0 0 0
 0 0 0 0 0
 0 0 0 0 0
 0 0 0 0 0
 0 0 0 0 0
 0 0 0 0 0
 0 0 0 0 0
 0 0 0 0 0
 0 0 0 0 0
 14.6943 14.266 0.0676848 -0.0510231 13.8502
 4.26561 4.09115 0.0649134 -0.049883 3.92386
 1.97857 1.87508 0.0624633 -0.0488923 1.77705
 1.13205 1.06031 0.060314 -0.0480488 0.993142
 0.730698 0.676528 0.0584485 -0.0473526 0.6264
 0.510357 0.467177 0.0568534 -0.0468049 0.427672
 0.376995 0.341248 0.0555195 -0.0464094 0.308914
 0.290447 0.260014 0.0544418 -0.0461728 0.232791
 0.231288 0.204805 0.0536285 -0.0461133 0.181373
 0.189211 0.165746 0.0530982 -0.0462579 0.145208
 0.158343 0.137232 0.0528814 -0.0466445 0.118952
 0.135007 0.115774 0.0529401 -0.0472449 0.0992983
 0.117068 0.0993433 0.0533512 -0.0481406 0.0843175
 0.103093 0.0865767 0.0541831 -0.0494041 0.0727228
 0.0920242 0.0764866 0.0554435 -0.0510496 0.0635875
 0.0831069 0.0683687 0.0571352 -0.0530867 0.0562588
 0.0759462 0.0618422 0.0593933 -0.0556511 0.0503719
 0.0700353 0.0564519 0.0621428 -0.0586762 0.0455173
 0.0650539 0.0519086 0.0653437 -0.0621267 0.0414337
 0.0607615 0.0479978 0.0689465 -0.0659574 0.0379294
 0.0568954 0.0444962 0.0727562 -0.0699792 0.0348134
 0.0533984 0.0413482 0.0767483 -0.0741666 0.0320314
 0.0500979 0.0384117 0.0806614 -0.0782632 0.0294655
 0.0469377 0.0356386 0.0843142 -0.0820881 0.0270734
 0.0440222 0.0331038 0.0877142 -0.0856417 0.0249073
 0.0412425 0.0307198 0.0905708 -0.0886392 0.0228956
 0.0386375 0.0285109 0.0928958 -0.0910908 0.0210518
 0.0360098 0.0263278 0.0941425 -0.0924575 0.0192621
 0.0333464 0.0241608 0.093995 -0.092425 0.0175179
 0.0307567 0.0220874 0.0927242 -0.0912633 0.0158733
 0.0283611 0.0201899 0.0908342 -0.0894717 0.0143839
 0.0262235 0.0185086 0.0886592 -0.087385 0.0130737
 0.0243868 0.0170655 0.0872367 -0.0860417 0.0119519
 0.0227567 0.0157888 0.0865325 -0.0854108 0.0109637
 0.0212195 0.0145957 0.0864967 -0.0854475 0.0100485
 0.0196202 0.0133794 0.0860542 -0.0850808 0.00913225
 0.0178689 0.0120792 0.08506 -0.08417 0.00817363
 0.0159024 0.0106576 0.0817967 -0.0809962 0.00714999
 0.0138685 0.00921625 0.0762612 -0.0755483 0.00613135
 0 0 0 0 0
 0 0 0 0 0
 0 0 0 0 0
 0 0 0 0 0
 0 0 0 0 0
 0 0 0 0 0
 0 0 0 0 0
 0 0 0 0 0
 0 0 0 0 0
 0 0 0 0 0
 0 0 0 0 0
 0 0 0 0 0
 0 0 0 0 0
 0 0 0 0 0
 0 0 0 0 0
 0 0 0 0 0
 0 0 0 0 0
 0 0 0 0 0
 0 0 0 0 0
 0 0 0 0 0
 0 0 0 0 0
 0 0 0 0 0
 0 0 0 0 0
 0 0 0 0 0
 0 0 0 0 0
 0 0 0 0 0
 0 0 0 0 0
 0 0 0 0 0
 0 0 0 0 0
 0 0 0 0 0
 0 0 0 0 0
 0 0 0 0 0
 0 0 0 0 0
 0 0 0 0 0
 0 0 0 0 0
 0 0 0 0 0
 0 0 0 0 0
 0 0 0 0 0
 0 0 0 0 0
 0 0 0 0 0
 0 0 0 0 0
 0 0 0 0 0
 0 0 0 0 0
 0 0 0 0 0
 0 0 0 0 0
 0 0 0 0 0
 0 0 0 0 0
 0 0 0 0 0
 0 0 0 0 0
 0 0 0 0 0
 0 0 0 0 0
 0 0 0 0 0
 0 0 0 0 0
 0 0 0 0 0
 0 0 0 0 0
 0 0 0 0 0
 0 0 0 0 0
 0 0 0 0 0
 0 0 0 0 0
 0 0 0 0 0
 0 0 0 0 0
 0 0 0 0 0
 0 0 0 0 0
 0 0 0 0 0
 0 0 0 0 0
 0 0 0 0 0
 0 0 0 0 0
 0 0 0 0 0
 0 0 0 0 0
 0 0 0 0 0
 0 0 0 0 0
 0 0 0 0 0
 0 0 0 0 0
 0 0 0 0 0
 0 0 0 0 0
 0 0 0 0 0
 0 0 0 0 0
 0 0 0 0 0
 0 0 0 0 0
 0 0 0 0 0
 0 0 0 0 0
 0 0 0 0 0
 0 0 0 0 0
 14.7622 14.3423 0.0660738 -0.0493406 13.9344
 4.23291 4.06336 0.0632366 -0.0481619 3.90063
 1.95326 1.85302 0.0607244 -0.0471311 1.75794
 1.1141 1.04473 0.0585148 -0.046245 0.9797
 0.717518 0.665206 0.0565888 -0.0455025 0.616732
 0.500273 0.458617 0.0549317 -0.044904 0.420451
 0.368997 0.334545 0.0535323 -0.0444518 0.30333
 0.283904 0.2546 0.052383 -0.0441504 0.22834
 0.225773 0.200296 0.0514823 -0.0440092 0.177712
 0.184461 0.161908 0.0508545 -0.0440603 0.142131
 0.154145 0.133878 0.0505127 -0.0443257 0.116292
 0.131277 0.112832 0.0504539 -0.0448105 0.0969925
 0.113659 0.0966817 0.0506993 -0.0455426 0.0822543
 0.0999017 0.0841092 0.0513158 -0.0465932 0.070827
 0.0890233 0.074188 0.0523473 -0.0480112 0.061839
 0.0803102 0.0662509 0.0538201 -0.0498286 0.0546663
 0.0732547 0.0598231 0.0557692 -0.052085 0.0488675
 0.0674992 0.0545715 0.0582449 -0.0548348 0.0441329
 0.0626275 0.050129 0.0611234 -0.0579623 0.0401378
 0.0585419 0.0463945 0.0645225 -0.0615843 0.0367807
 0.0548775 0.0430619 0.0681597 -0.0654283 0.0338034
 0.0515547 0.0400585 0.0719891 -0.069449 0.0311388
 0.0484672 0.0372933 0.0758644 -0.0735021 0.0287086
 0.0454978 0.034671 0.0795378 -0.0773428 0.0264337
 0.0426673 0.0322041 0.0829023 -0.0808617 0.0243197
 0.0400237 0.0299246 0.0858867 -0.0839842 0.0223865
 0.0375268 0.0277977 0.0883558 -0.0865783 0.0206033
 0.0350878 0.0257537 0.090005 -0.0883425 0.0189148
 0.0326032 0.0237155 0.090405 -0.0888533 0.0172622
 0.0301299 0.0217237 0.0895167 -0.08807 0.0156739
 0.027794 0.0198664 0.0878175 -0.0864683 0.0142104
 0.0256942 0.0182094 0.0858217 -0.08456 0.0129147
 0.0238703 0.0167744 0.0841333 -0.0829486 0.0117971
 0.0222721 0.0155196 0.0831117 -0.081998 0.0108231
 0.0208173 0.0143826 0.0830753 -0.0820307 0.00994533
 0.0193541 0.0132581 0.0829552 -0.0819808 0.00909017
 0.0177477 0.0120533 0.0824429 -0.0815466 0.00819357
 0.015955 0.0107432 0.0802718 -0.0794596 0.00724107
 0 0 0 0 0
 0 0 0 0 0
 0 0 0 0 0
 0 0 0 0 0
 0 0 0 0 0
 0 0 0 0 0
 0 0 0 0 0
 0 0 0 0 0
 0 0 0 0 0
 0 0 0 0 0
 0 0 0 0 0
 0 0 0 0 0
 0 0 0 0 0
 0 0 0 0 0
 0 0 0 0 0
 0 0 0 0 0
 0 0 0 0 0
 0 0 0 0 0
 0 0 0 0 0
 0 0 0 0 0
 0 0 0 0 0
 0 0 0 0 0
 0 0 0 0 0
 0 0 0 0 0
 0 0 0 0 0
 0 0 0 0 0
 0 0 0 0 0
 0 0 0 0 0
 0 0 0 0 0
 0 0 0 0 0
 0 0 0 0 0
 0 0 0 0 0
 0 0 0 0 0
 0 0 0 0 0
 0 0 0 0 0
 0 0 0 0 0
 0 0 0 0 0
 0 0 0 0 0
 0 0 0 0 0
 0 0 0 0 0
 0 0 0 0 0
 0 0 0 0 0
 0 0 0 0 0
 0 0 0 0 0
 0 0 0 0 0
 0 0 0 0 0
 0 0 0 0 0
 0 0 0 0 0
 0 0 0 0 0
 0 0 0 0 0
 0 0 0 0 0
 0 0 0 0 0
 0 0 0 0 0
 0 0 0 0 0
 0 0 0 0 0
 0 0 0 0 0
 0 0 0 0 0
 0 0 0 0 0
 0 0 0 0 0
 0 0 0 0 0
 0 0 0 0 0
 0 0 0 0 0
 0 0 0 0 0
 0 0 0 0 0
 0 0 0 0 0
 0 0 0 0 0
 0 0 0 0 0
 0 0 0 0 0
 0 0 0 0 0
 0 0 0 0 0
 0 0 0 0 0
 0 0 0 0 0
 0 0 0 0 0
 0 0 0 0 0
 0 0 0 0 0
 0 0 0 0 0
 0 0 0 0 0
 0 0 0 0 0
 0 0 0 0 0
 0 0 0 0 0
 0 0 0 0 0
 0 0 0 0 0
 0 0 0 0 0
 0 0 0 0 0
 14.8344 14.4226 0.0645536 -0.0477462 14.0222
 4.20198 4.0371 0.0616546 -0.0465333 3.87872
 1.92913 1.83195 0.0590847 -0.0454668 1.73969
 1.09698 1.02985 0.0568193 -0.044543 0.966858
 0.704963 0.654405 0.0548383 -0.0437596 0.607494
 0.490679 0.450461 0.0531251 -0.0431162 0.413559
 0.361397 0.328164 0.0516668 -0.0426138 0.298007
 0.277699 0.249456 0.050454 -0.042256 0.224103
 0.220572 0.196037 0.0494824 -0.0420489 0.174248
 0.179964 0.158269 0.0487592 -0.0420093 0.139206
 0.150172 0.130697 0.0483042 -0.0421652 0.113764
 0.12776 0.110049 0.0481441 -0.0425504 0.0948075
 0.110457 0.094175 0.0482462 -0.0431411 0.080307
 0.0969258 0.0818033 0.0486824 -0.0440133 0.0690531
 0.0862375 0.0720512 0.0495171 -0.0452356 0.0602112
 0.077674 0.0642482 0.0507596 -0.0468234 0.0531555
 0.0707112 0.057908 0.0524206 -0.048793 0.0474352
 0.0650663 0.0527585 0.0546083 -0.0512542 0.0427908
 0.0603881 0.0484833 0.0572862 -0.054177 0.0389375
 0.0563962 0.0448349 0.0603737 -0.0574864 0.0356557
 0.0529348 0.041673 0.0638527 -0.061167 0.0328191
 0.0497677 0.0388001 0.0675015 -0.0650033 0.0302613
 0.0468669 0.0361868 0.0712952 -0.0689697 0.0279524
 0.0440897 0.0337172 0.0749758 -0.0728124 0.025797
 0.0413876 0.0313514 0.0783491 -0.0763379 0.0237608
 0.0388588 0.0291609 0.0814074 -0.0795333 0.0218951
 0.0364337 0.0270892 0.0839375 -0.0821881 0.0201528
 0.034146 0.0251581 0.0858508 -0.0842125 0.0185473
 0.031842 0.0232512 0.0867833 -0.0852508 0.016989
 0.029505 0.0213562 0.0863733 -0.0849425 0.0154683
 0.0272451 0.0195511 0.0849192 -0.0835833 0.0140397
 0.0251805 0.0179168 0.0830908 -0.0818416 0.0127577
 0.0233703 0.0164902 0.0812898 -0.0801173 0.0116443
 0.0217956 0.0152513 0.0799933 -0.0788897 0.0106803
 0.020398 0.0141542 0.0796507 -0.0786122 0.00982942
 0.0190372 0.0130986 0.0798377 -0.0788657 0.00902008
 0.0175861 0.0119979 0.0795908 -0.0786898 0.00819278
 0 0 0 0 0
 0 0 0 0 0
 0 0 0 0 0
 0 0 0 0 0
 0 0 0 0 0
 0 0 0 0 0
 0 0 0 0 0
 0 0 0 0 0
 0 0 0 0 0
 0 0 0 0 0
 0 0 0 0 0
 0 0 0 0 0
 0 0 0 0 0
 0 0 0 0 0
 0 0 0 0 0
 0 0 0 0 0
 0 0 0 0 0
 0 0 0 0 0
 0 0 0 0 0
 0 0 0 0 0
 0 0 0 0 0
 0 0 0 0 0
 0 0 0 0 0
 0 0 0 0 0
 0 0 0 0 0
 0 0 0 0 0
 0 0 0 0 0
 0 0 0 0 0
 0 0 0 0 0
 0 0 0 0 0
 0 0 0 0 0
 0 0 0 0 0
 0 0 0 0 0
 0 0 0 0 0
 0 0 0 0 0
 0 0 0 0 0
 0 0 0 0 0
 0 0 0 0 0
 0 0 0 0 0
 0 0 0 0 0
 0 0 0 0 0
 0 0 0 0 0
 0 0 0 0 0
 0 0 0 0 0
 0 0 0 0 0
 0 0 0 0 0
 0 0 0 0 0
 0 0 0 0 0
 0 0 0 0 0
 0 0 0 0 0
 0 0 0 0 0
 0 0 0 0 0
 0 0 0 0 0
 0 0 0 0 0
 0 0 0 0 0
 0 0 0 0 0
 0 0 0 0 0
 0 0 0 0 0
 0 0 0 0 0
 0 0 0 0 0
 0 0 0 0 0
 0 0 0 0 0
 0 0 0 0 0
 0 0 0 0 0
 0 0 0 0 0
 0 0 0 0 0
 0 0 0 0 0
 0 0 0 0 0
 0 0 0 0 0
 0 0 0 0 0
 0 0 0 0 0
 0 0 0 0 0
 0 0 0 0 0
 0 0 0 0 0
 0 0 0 0 0
 0 0 0 0 0
 0 0 0 0 0
 0 0 0 0 0
 0 0 0 0 0
 0 0 0 0 0
 0 0 0 0 0
 0 0 0 0 0
 0 0 0 0 0
 0 0 0 0 0
 0 0 0 0 0
 14.9109 14.5068 0.0631177 -0.0462338 14.1136
 4.1727 4.01227 0.0601603 -0.0449902 3.85802
 1.9061 1.81183 0.0575364 -0.0438922 1.72223
 1.08064 1.01563 0.0552197 -0.042935 0.954558
 0.69299 0.644089 0.0531884 -0.0421156 0.598661
 0.48154 0.442679 0.0514242 -0.0414324 0.406975
 0.354167 0.322084 0.0499128 -0.0408858 0.292927
 0.271804 0.24456 0.0486433 -0.0404781 0.220064
 0.215638 0.19199 0.0476088 -0.0402133 0.170952
 0.175724 0.154832 0.0468082 -0.0401006 0.13644
 0.146457 0.127722 0.0462647 -0.040171 0.111397
 0.12443 0.107409 0.0459909 -0.0404453 0.09273
 0.107463 0.0918292 0.0459863 -0.0409302 0.0784823
 0.0941592 0.079656 0.0462691 -0.0416505 0.0673993
 0.0836208 0.0700389 0.0469043 -0.0426753 0.0586747
 0.0751915 0.0623569 0.0479351 -0.0440523 0.0517247
 0.0683799 0.0561513 0.0493918 -0.0458167 0.0461209
 0.0628149 0.0510776 0.0513003 -0.0479991 0.0415445
 0.058249 0.046904 0.0537167 -0.0506589 0.0377797
 0.0543487 0.0433396 0.0565169 -0.05368 0.0345715
 0.0510506 0.040317 0.0598015 -0.0571618 0.0318513
 0.0480576 0.0375893 0.0633049 -0.060848 0.0294124
 0.0453003 0.0350949 0.0669547 -0.0646668 0.0271998
 0.0427058 0.0327718 0.0706158 -0.0684848 0.0251598
 0.0401713 0.0305378 0.0740327 -0.0720495 0.0232255
 0.0377182 0.0284069 0.0770854 -0.0752393 0.0214053
 0.0354092 0.0264241 0.0797214 -0.0779979 0.0197298
 0.0332103 0.0245597 0.0818322 -0.0802193 0.0181729
 0.0310636 0.0227683 0.0831405 -0.0816291 0.0166986
 0.028871 0.0209771 0.0831852 -0.0817714 0.0152513
 0.0267034 0.0192363 0.0821357 -0.0808148 0.0138666
 0.0246822 0.0176309 0.0804523 -0.0792165 0.0126029
 0.0228873 0.0162137 0.0786007 -0.0774408 0.0114942
 0.0213303 0.0149866 0.0771558 -0.0760635 0.0105373
 0.0199741 0.013918 0.0765902 -0.0755603 0.00970558
 0.0186959 0.0129192 0.0767413 -0.0757737 0.0089345
 0 0 0 0 0
 0 0 0 0 0
 0 0 0 0 0
 0 0 0 0 0
 0 0 0 0 0
 0 0 0 0 0
 0 0 0 0 0
 0 0 0 0 0
 0 0 0 0 0
 0 0 0 0 0
 0 0 0 0 0
 0 0 0 0 0
 0 0 0 0 0
 0 0 0 0 0
 0 0 0 0 0
 0 0 0 0 0
 0 0 0 0 0
 0 0 0 0 0
 0 0 0 0 0
 0 0 0 0 0
 0 0 0 0 0
 0 0 0 0 0
 0 0 0 0 0
 0 0 0 0 0
 0 0 0 0 0
 0 0 0 0 0
 0 0 0 0 0
 0 0 0 0 0
 0 0 0 0 0
 0 0 0 0 0
 0 0 0 0 0
 0 0 0 0 0
 0 0 0 0 0
 0 0 0 0 0
 0 0 0 0 0
 0 0 0 0 0
 0 0 0 0 0
 0 0 0 0 0
 0 0 0 0 0
 0 0 0 0 0
 0 0 0 0 0
 0 0 0 0 0
 0 0 0 0 0
 0 0 0 0 0
 0 0 0 0 0
 0 0 0 0 0
 0 0 0 0 0
 0 0 0 0 0
 0 0 0 0 0
 0 0 0 0 0
 0 0 0 0 0
 0 0 0 0 0
 0 0 0 0 0
 0 0 0 0 0
 0 0 0 0 0
 0 0 0 0 0
 0 0 0 0 0
 0 0 0 0 0
 0 0 0 0 0
 0 0 0 0 0
 0 0 0 0 0
 0 0 0 0 0
 0 0 0 0 0
 0 0 0 0 0
 0 0 0 0 0
 0 0 0 0 0
 0 0 0 0 0
 0 0 0 0 0
 0 0 0 0 0
 0 0 0 0 0
 0 0 0 0 0
 0 0 0 0 0
 0 0 0 0 0
 0 0 0 0 0
 0 0 0 0 0
 0 0 0 0 0
 0 0 0 0 0
 0 0 0 0 0
 0 0 0 0 0
 0 0 0 0 0
 0 0 0 0 0
 0 0 0 0 0
 0 0 0 0 0
 0 0 0 0 0
 0 0 0 0 0
 0 0 0 0 0
 14.9915 14.5947 0.06176 -0.0447974 14.2083
 4.14497 3.98877 0.0587473 -0.0435267 3.83847
 1.88408 1.79257 0.0560728 -0.0424008 1.70553
 1.06503 1.00203 0.0537087 -0.0414141 0.942783
 0.681558 0.634227 0.0516312 -0.0405628 0.590203
 0.472825 0.435248 0.0498207 -0.0398447 0.400677
 0.34728 0.316284 0.0482614 -0.0392592 0.288073
 0.266196 0.239894 0.0469411 -0.0388073 0.216208
 0.210952 0.18814 0.0458512 -0.0384923 0.16781
 0.171719 0.151581 0.0449875 -0.0383202 0.133818
 0.142937 0.124895 0.0443578 -0.038308 0.109144
 0.121274 0.104903 0.0439812 -0.038482 0.0907533
 0.104634 0.0896075 0.043884 -0.0388753 0.0767502
 0.0915567 0.0776328 0.0440359 -0.039466 0.0658381
 0.081181 0.0681595 0.0445053 -0.0403263 0.0572377
 0.0728908 0.0606018 0.0453561 -0.0415237 0.0503956
 0.0661823 0.0544904 0.046596 -0.0430717 0.0448746
 0.0606829 0.0494801 0.0482394 -0.0449899 0.0403557
 0.0561953 0.0453802 0.0503848 -0.0473782 0.0366568
 0.0524531 0.0419524 0.0530009 -0.0502113 0.0335641
 0.0492261 0.038996 0.0559971 -0.0534038 0.0309021
 0.0464035 0.0364111 0.0593592 -0.0569438 0.0285806
 0.0437801 0.0340284 0.0628552 -0.0606053 0.026459
 0.0413444 0.031834 0.0664532 -0.0643556 0.0245215
 0.0389778 0.0297328 0.069898 -0.0679434 0.0226907
 0.036642 0.0276937 0.0729925 -0.0711726 0.0209408
 0.0344269 0.0257831 0.0757142 -0.0740158 0.0193196
 0.0322907 0.0239664 0.0779114 -0.0763238 0.017798
 0.0302697 0.0222683 0.0795052 -0.0780161 0.0163916
 0.0282257 0.0205847 0.0800261 -0.0786305 0.0150215
 0.0261635 0.0189186 0.079341 -0.0780352 0.0136888
 0.0241921 0.0173471 0.0778379 -0.0766158 0.0124472
 0.0224153 0.0159412 0.0760059 -0.0748591 0.0113447
 0.0208795 0.0147282 0.0744624 -0.0733822 0.0103964
 0.0195418 0.0136725 0.07358 -0.0725601 0.009573
 0 0 0 0 0
 0 0 0 0 0
 0 0 0 0 0
 0 0 0 0 0
 0 0 0 0 0
 0 0 0 0 0
 0 0 0 0 0
 0 0 0 0 0
 0 0 0 0 0
 0 0 0 0 0
 0 0 0 0 0
 0 0 0 0 0
 0 0 0 0 0
 0 0 0 0 0
 0 0 0 0 0
 0 0 0 0 0
 0 0 0 0 0
 0 0 0 0 0
 0 0 0 0 0
 0 0 0 0 0
 0 0 0 0 0
 0 0 0 0 0
 0 0 0 0 0
 0 0 0 0 0
 0 0 0 0 0
 0 0 0 0 0
 0 0 0 0 0
 0 0 0 0 0
 0 0 0 0 0
 0 0 0 0 0
 0 0 0 0 0
 0 0 0 0 0
 0 0 0 0 0
 0 0 0 0 0
 0 0 0 0 0
 0 0 0 0 0
 0 0 0 0 0
 0 0 0 0 0
 0 0 0 0 0
 0 0 0 0 0
 0 0 0 0 0
 0 0 0 0 0
 0 0 0 0 0
 0 0 0 0 0
 0 0 0 0 0
 0 0 0 0 0
 0 0 0 0 0
 0 0 0 0 0
 0 0 0 0 0
 0 0 0 0 0
 0 0 0 0 0
 0 0 0 0 0
 0 0 0 0 0
 0 0 0 0 0
 0 0 0 0 0
 0 0 0 0 0
 0 0 0 0 0
 0 0 0 0 0
 0 0 0 0 0
 0 0 0 0 0
 0 0 0 0 0
 0 0 0 0 0
 0 0 0 0 0
 0 0 0 0 0
 0 0 0 0 0
 0 0 0 0 0
 0 0 0 0 0
 0 0 0 0 0
 0 0 0 0 0
 0 0 0 0 0
 0 0 0 0 0
 0 0 0 0 0
 0 0 0 0 0
 0 0 0 0 0
 0 0 0 0 0
 0 0 0 0 0
 0 0 0 0 0
 0 0 0 0 0
 0 0 0 0 0
 0 0 0 0 0
 0 0 0 0 0
 0 0 0 0 0
 0 0 0 0 0
 0 0 0 0 0
 0 0 0 0 0
 0 0 0 0 0
 0 0 0 0 0
 15.0759 14.686 0.0604747 -0.0434319 14.3062
 4.11868 3.96651 0.0574097 -0.0421371 3.81997
 1.86302 1.77413 0.0546877 -0.0409864 1.68951
 1.05009 0.989 0.0522795 -0.0399737 0.931483
 0.670633 0.624789 0.0501596 -0.0390946 0.582099
 0.464506 0.428144 0.0483071 -0.0383457 0.394647
 0.340714 0.310745 0.0467047 -0.0377258 0.283429
 0.260854 0.235444 0.0453387 -0.0372351 0.212524
 0.206494 0.184471 0.0441992 -0.0368756 0.16481
 0.167915 0.148487 0.0432798 -0.0366517 0.13132
 0.139612 0.122222 0.0425798 -0.0365722 0.107009
 0.118321 0.102553 0.0421233 -0.0366683 0.0888992
 0.101952 0.0874958 0.0419219 -0.0369594 0.0751008
 0.0891183 0.0757344 0.0419748 -0.0374516 0.0643712
 0.0789058 0.0664047 0.0423028 -0.0381713 0.0558945
 0.0707203 0.058942 0.0429683 -0.0391848 0.0491352
 0.0641073 0.0529176 0.044011 -0.0405362 0.0436908
 0.0587218 0.0480093 0.0454633 -0.0422623 0.0392605
 0.0542909 0.0439647 0.047349 -0.0443911 0.0356118
 0.0506359 0.0406163 0.0497222 -0.0469797 0.0325887
 0.0474834 0.0377283 0.0524569 -0.0499095 0.0299867
 0.0447957 0.0352584 0.0556411 -0.0532676 0.0277611
 0.0423222 0.0330003 0.0590137 -0.0568012 0.0257411
 0.0400087 0.0309067 0.0624901 -0.0604267 0.0238848
 0.0378006 0.0289318 0.0659345 -0.0640094 0.0221533
 0.0356109 0.027007 0.0690911 -0.0672967 0.0204913
 0.0334637 0.0251494 0.07184 -0.070167 0.0189103
 0.0314299 0.0234107 0.0741735 -0.0726092 0.0174467
 0.0294761 0.0217629 0.0758825 -0.0744163 0.0160771
 0.0275685 0.0201789 0.0768482 -0.0754719 0.0147787
 0.0256228 0.0185962 0.0765866 -0.0752968 0.0135048
 0.0237171 0.0170702 0.0753046 -0.0740966 0.0122941
 0.0219695 0.0156832 0.0736505 -0.0725171 0.0112031
 0.0204422 0.0144753 0.0720039 -0.0709363 0.0102572
 0 0 0 0 0
 0 0 0 0 0
 0 0 0 0 0
 0 0 0 0 0
 0 0 0 0 0
 0 0 0 0 0
 0 0 0 0 0
 0 0 0 0 0
 0 0 0 0 0
 0 0 0 0 0
 0 0 0 0 0
 0 0 0 0 0
 0 0 0 0 0
 0 0 0 0 0
 0 0 0 0 0
 0 0 0 0 0
 0 0 0 0 0
 0 0 0 0 0
 0 0 0 0 0
 0 0 0 0 0
 0 0 0 0 0
 0 0 0 0 0
 0 0 0 0 0
 0 0 0 0 0
 0 0 0 0 0
 0 0 0 0 0
 0 0 0 0 0
 0 0 0 0 0
 0 0 0 0 0
 0 0 0 0 0
 0 0 0 0 0
 0 0 0 0 0
 0 0 0 0 0
 0 0 0 0 0
 0 0 0 0 0
 0 0 0 0 0
 0 0 0 0 0
 0 0 0 0 0
 0 0 0 0 0
 0 0 0 0 0
 0 0 0 0 0
 0 0 0 0 0
 0 0 0 0 0
 0 0 0 0 0
 0 0 0 0 0
 0 0 0 0 0
 0 0 0 0 0
 0 0 0 0 0
 0 0 0 0 0
 0 0 0 0 0
 0 0 0 0 0
 0 0 0 0 0
 0 0 0 0 0
 0 0 0 0 0
 0 0 0 0 0
 0 0 0 0 0
 0 0 0 0 0
 0 0 0 0 0
 0 0 0 0 0
 0 0 0 0 0
 0 0 0 0 0
 0 0 0 0 0
 0 0 0 0 0
 0 0 0 0 0
 0 0 0 0 0
 0 0 0 0 0
 0 0 0 0 0
 0 0 0 0 0
 0 0 0 0 0
 0 0 0 0 0
 0 0 0 0 0
 0 0 0 0 0
 0 0 0 0 0
 0 0 0 0 0
 0 0 0 0 0
 0 0 0 0 0
 0 0 0 0 0
 0 0 0 0 0
 0 0 0 0 0
 0 0 0 0 0
 0 0 0 0 0
 0 0 0 0 0
 0 0 0 0 0
 0 0 0 0 0
 0 0 0 0 0
 0 0 0 0 0
 0 0 0 0 0
 0 0 0 0 0
 15.164 14.7808 0.059257 -0.0421323 14.4073
 4.09375 3.94542 0.0561419 -0.0408161 3.80248
 1.84286 1.75647 0.0533754 -0.0396437 1.67415
 1.03578 0.976508 0.0509262 -0.0386083 0.920642
 0.660179 0.615747 0.0487673 -0.0377047 0.574325
 0.456555 0.421345 0.0468766 -0.0369289 0.388868
 0.334447 0.30545 0.0452352 -0.0362788 0.278983
 0.255762 0.231194 0.0438282 -0.0357537 0.209
 0.20225 0.180971 0.0426444 -0.0353551 0.161944
 0.164298 0.14554 0.0416759 -0.0350859 0.128936
 0.136469 0.11969 0.0409195 -0.0349526 0.104986
 0.115517 0.100319 0.0403844 -0.0349727 0.0871317
 0.099405 0.0854858 0.0400869 -0.0351694 0.0735264
 0.0868125 0.0739348 0.0400563 -0.0355783 0.0629777
 0.0767623 0.0647483 0.0402622 -0.0361766 0.0546241
 0.06869 0.0573866 0.0407707 -0.037034 0.0479526
 0.0621812 0.0514558 0.0416481 -0.0382202 0.0425895
 0.0568692 0.0466157 0.0428972 -0.0397432 0.0382197
 0.0524819 0.0426149 0.044534 -0.0416237 0.0346117
 0.0488849 0.0393222 0.0466538 -0.0439583 0.0316388
 0.0458655 0.0365491 0.0492218 -0.0467177 0.0291337
 0.0432358 0.0341333 0.0521434 -0.0498123 0.0269558
 0.0409077 0.0319966 0.0553921 -0.0532176 0.0250353
 0.0387099 0.0299991 0.0587393 -0.0567105 0.0232572
 0.0366394 0.0281352 0.0621407 -0.060246 0.0216136
 0.0345967 0.026326 0.0653439 -0.0635756 0.0200413
 0.0325538 0.0245495 0.0681566 -0.0665073 0.0185219
 0.0305973 0.02287 0.0705458 -0.0690043 0.0171028
 0.0286999 0.0212646 0.0724131 -0.0709698 0.015764
 0.0268981 0.0197586 0.0736536 -0.0722978 0.0145223
 0.0250731 0.0182631 0.0737842 -0.0725113 0.0133106
 0.0232501 0.0167953 0.0728926 -0.0716993 0.0121399
 0.0215371 0.0154316 0.0713731 -0.0702533 0.0110638
 0 0 0 0 0
 0 0 0 0 0
 0 0 0 0 0
 0 0 0 0 0
 0 0 0 0 0
 0 0 0 0 0
 0 0 0 0 0
 0 0 0 0 0
 0 0 0 0 0
 0 0 0 0 0
 0 0 0 0 0
 0 0 0 0 0
 0 0 0 0 0
 0 0 0 0 0
 0 0 0 0 0
 0 0 0 0 0
 0 0 0 0 0
 0 0 0 0 0
 0 0 0 0 0
 0 0 0 0 0
 0 0 0 0 0
 0 0 0 0 0
 0 0 0 0 0
 0 0 0 0 0
 0 0 0 0 0
 0 0 0 0 0
 0 0 0 0 0
 0 0 0 0 0
 0 0 0 0 0
 0 0 0 0 0
 0 0 0 0 0
 0 0 0 0 0
 0 0 0 0 0
 0 0 0 0 0
 0 0 0 0 0
 0 0 0 0 0
 0 0 0 0 0
 0 0 0 0 0
 0 0 0 0 0
 0 0 0 0 0
 0 0 0 0 0
 0 0 0 0 0
 0 0 0 0 0
 0 0 0 0 0
 0 0 0 0 0
 0 0 0 0 0
 0 0 0 0 0
 0 0 0 0 0
 0 0 0 0 0
 0 0 0 0 0
 0 0 0 0 0
 0 0 0 0 0
 0 0 0 0 0
 0 0 0 0 0
 0 0 0 0 0
 0 0 0 0 0
 0 0 0 0 0
 0 0 0 0 0
 0 0 0 0 0
 0 0 0 0 0
 0 0 0 0 0
 0 0 0 0 0
 0 0 0 0 0
 0 0 0 0 0
 0 0 0 0 0
 0 0 0 0 0
 0 0 0 0 0
 0 0 0 0 0
 0 0 0 0 0
 0 0 0 0 0
 0 0 0 0 0
 0 0 0 0 0
 0 0 0 0 0
 0 0 0 0 0
 0 0 0 0 0
 0 0 0 0 0
 0 0 0 0 0
 0 0 0 0 0
 0 0 0 0 0
 0 0 0 0 0
 0 0 0 0 0
 0 0 0 0 0
 0 0 0 0 0
 0 0 0 0 0
 0 0 0 0 0
 0 0 0 0 0
 0 0 0 0 0
 0 0 0 0 0
 0 0 0 0 0
 15.2556 14.8788 0.0581021 -0.0408943 14.5113
 4.07008 3.92542 0.0549393 -0.0395593 3.78593
 1.82354 1.73952 0.0521307 -0.0383678 1.65941
 1.02208 0.964525 0.0496432 -0.0373126 0.910233
 0.65017 0.607078 0.0474486 -0.0363875 0.566861
 0.448949 0.414832 0.0455228 -0.0355881 0.383325
 0.328458 0.300382 0.0438463 -0.0349116 0.274722
 0.250902 0.227131 0.0424026 -0.0343565 0.205626
 0.198203 0.177628 0.0411792 -0.0339232 0.159203
 0.160854 0.142728 0.0401671 -0.033614 0.126657
 0.133479 0.117278 0.0393605 -0.0334333 0.103053
 0.112863 0.0982 0.0387601 -0.0333901 0.0854533
 0.0970208 0.0836025 0.0383911 -0.0335167 0.0720506
 0.0846225 0.0722222 0.038264 -0.0338302 0.0616483
 0.0747497 0.0631904 0.038376 -0.0343347 0.0534277
 0.066798 0.0559356 0.0387548 -0.0350628 0.0468482
 0.0603624 0.0500721 0.0394593 -0.0360769 0.0415444
 0.0551187 0.0452952 0.0405237 -0.0374155 0.0372307
 0.0508184 0.0413729 0.0419813 -0.0391156 0.033691
 0.0472619 0.0381208 0.0438586 -0.0412078 0.0307558
 0.0443122 0.0354116 0.0462013 -0.0437404 0.0283067
 0.0417386 0.0330481 0.0488771 -0.0465881 0.0261751
 0.0395298 0.0310126 0.0519731 -0.0498368 0.0243385
 0.0374607 0.0291215 0.0552145 -0.0532201 0.0226467
 0.0354972 0.0273453 0.0585195 -0.0566561 0.0210737
 0.0335938 0.0256467 0.0617422 -0.0600007 0.0195877
 0.0316792 0.0239699 0.0646323 -0.0630063 0.0181447
 0.0297817 0.0223361 0.0670746 -0.0655561 0.0167599
 0.0279719 0.0207969 0.0690907 -0.0676688 0.0154702
 0.0262307 0.0193359 0.0705027 -0.0691677 0.0142611
 0.0245168 0.0179212 0.071026 -0.0697711 0.0131072
 0.022783 0.0165168 0.0704528 -0.0692747 0.0119812
 0 0 0 0 0
 0 0 0 0 0
 0 0 0 0 0
 0 0 0 0 0
 0 0 0 0 0
 0 0 0 0 0
 0 0 0 0 0
 0 0 0 0 0
 0 0 0 0 0
 0 0 0 0 0
 0 0 0 0 0
 0 0 0 0 0
 0 0 0 0 0
 0 0 0 0 0
 0 0 0 0 0
 0 0 0 0 0
 0 0 0 0 0
 0 0 0 0 0
 0 0 0 0 0
 0 0 0 0 0
 0 0 0 0 0
 0 0 0 0 0
 0 0 0 0 0
 0 0 0 0 0
 0 0 0 0 0
 0 0 0 0 0
 0 0 0 0 0
 0 0 0 0 0
 0 0 0 0 0
 0 0 0 0 0
 0 0 0 0 0
 0 0 0 0 0
 0 0 0 0 0
 0 0 0 0 0
 0 0 0 0 0
 0 0 0 0 0
 0 0 0 0 0
 0 0 0 0 0
 0 0 0 0 0
 0 0 0 0 0
 0 0 0 0 0
 0 0 0 0 0
 0 0 0 0 0
 0 0 0 0 0
 0 0 0 0 0
 0 0 0 0 0
 0 0 0 0 0
 0 0 0 0 0
 0 0 0 0 0
 0 0 0 0 0
 0 0 0 0 0
 0 0 0 0 0
 0 0 0 0 0
 0 0 0 0 0
 0 0 0 0 0
 0 0 0 0 0
 0 0 0 0 0
 0 0 0 0 0
 0 0 0 0 0
 0 0 0 0 0
 0 0 0 0 0
 0 0 0 0 0
 0 0 0 0 0
 0 0 0 0 0
 0 0 0 0 0
 0 0 0 0 0
 0 0 0 0 0
 0 0 0 0 0
 0 0 0 0 0
 0 0 0 0 0
 0 0 0 0 0
 0 0 0 0 0
 0 0 0 0 0
 0 0 0 0 0
 0 0 0 0 0
 0 0 0 0 0
 0 0 0 0 0
 0 0 0 0 0
 0 0 0 0 0
 0 0 0 0 0
 0 0 0 0 0
 0 0 0 0 0
 0 0 0 0 0
 0 0 0 0 0
 0 0 0 0 0
 0 0 0 0 0
 0 0 0 0 0
 0 0 0 0 0
 0 0 0 0 0
 0 0 0 0 0
 15.3507 14.9799 0.0570058 -0.0397137 14.6182
 4.0476 3.90645 0.0537973 -0.0383622 3.77025
 1.80501 1.72326 0.0509489 -0.0371542 1.64524
 1.00893 0.953008 0.0484257 -0.0360816 0.900217
 0.640575 0.598758 0.046198 -0.0351378 0.559689
 0.441667 0.408588 0.0442405 -0.034318 0.378002
 0.32273 0.295529 0.0425321 -0.0336183 0.270635
 0.246258 0.223242 0.0410553 -0.0330368 0.202392
 0.19434 0.174433 0.0397967 -0.0325732 0.156577
 0.15757 0.140043 0.0387455 -0.0322287 0.124478
 0.130634 0.114978 0.0378952 -0.0320067 0.101208
 0.110354 0.0961942 0.0372435 -0.0319141 0.0838617
 0.0947533 0.0818087 0.0368023 -0.0319698 0.0706418
 0.0825399 0.0705896 0.0365865 -0.032196 0.0603783
 0.0728458 0.0617137 0.0366208 -0.0326226 0.0522913
 0.06501 0.0545613 0.0368828 -0.0332343 0.0458
 0.0586522 0.0487684 0.0374371 -0.0340988 0.0405579
 0.0534857 0.0440615 0.0383466 -0.0352823 0.0363053
 0.0492405 0.040191 0.0396146 -0.0367928 0.0328121
 0.0457092 0.0369668 0.0412538 -0.0386473 0.0299037
 0.0428128 0.034308 0.0433712 -0.0409535 0.0274999
 0.0403492 0.0320394 0.045891 -0.0436419 0.0254482
 0.0381899 0.0300498 0.0487501 -0.0466528 0.0236522
 0.0362466 0.0282633 0.0518856 -0.0499257 0.0220458
 0.0343842 0.0265707 0.0550843 -0.0532524 0.0205402
 0.0326018 0.0249691 0.0582849 -0.0565712 0.0191307
 0.0308161 0.0233932 0.0612389 -0.0596367 0.0177657
 0.0290083 0.0218286 0.0637614 -0.0622647 0.0164333
 0.0272703 0.0203439 0.0658773 -0.0644762 0.0151841
 0.025569 0.0189129 0.0673566 -0.0660427 0.0139967
 0.0239516 0.0175687 0.0682527 -0.0670165 0.0128938
 0 0 0 0 0
 0 0 0 0 0
 0 0 0 0 0
 0 0 0 0 0
 0 0 0 0 0
 0 0 0 0 0
 0 0 0 0 0
 0 0 0 0 0
 0 0 0 0 0
 0 0 0 0 0
 0 0 0 0 0
 0 0 0 0 0
 0 0 0 0 0
 0 0 0 0 0
 0 0 0 0 0
 0 0 0 0 0
 0 0 0 0 0
 0 0 0 0 0
 0 0 0 0 0
 0 0 0 0 0
 0 0 0 0 0
 0 0 0 0 0
 0 0 0 0 0
 0 0 0 0 0
 0 0 0 0 0
 0 0 0 0 0
 0 0 0 0 0
 0 0 0 0 0
 0 0 0 0 0
 0 0 0 0 0
 0 0 0 0 0
 0 0 0 0 0
 0 0 0 0 0
 0 0 0 0 0
 0 0 0 0 0
 0 0 0 0 0
 0 0 0 0 0
 0 0 0 0 0
 0 0 0 0 0
 0 0 0 0 0
 0 0 0 0 0
 0 0 0 0 0
 0 0 0 0 0
 0 0 0 0 0
 0 0 0 0 0
 0 0 0 0 0
 0 0 0 0 0
 0 0 0 0 0
 0 0 0 0 0
 0 0 0 0 0
 0 0 0 0 0
 0 0 0 0 0
 0 0 0 0 0
 0 0 0 0 0
 0 0 0 0 0
 0 0 0 0 0
 0 0 0 0 0
 0 0 0 0 0
 0 0 0 0 0
 0 0 0 0 0
 0 0 0 0 0
 0 0 0 0 0
 0 0 0 0 0
 0 0 0 0 0
 0 0 0 0 0
 0 0 0 0 0
 0 0 0 0 0
 0 0 0 0 0
 0 0 0 0 0
 0 0 0 0 0
 0 0 0 0 0
 0 0 0 0 0
 0 0 0 0 0
 0 0 0 0 0
 0 0 0 0 0
 0 0 0 0 0
 0 0 0 0 0
 0 0 0 0 0
 0 0 0 0 0
 0 0 0 0 0
 0 0 0 0 0
 0 0 0 0 0
 0 0 0 0 0
 0 0 0 0 0
 0 0 0 0 0
 0 0 0 0 0
 0 0 0 0 0
 0 0 0 0 0
 0 0 0 0 0
 0 0 0 0 0
 0 0 0 0 0
 15.4489 15.0841 0.055964 -0.0385871 14.7279
 4.02623 3.88844 0.0527118 -0.037221 3.75539
 1.78722 1.70763 0.0498257 -0.0359985 1.63162
 0.996292 0.94195 0.0472691 -0.0349109 0.890583
 0.631371 0.590768 0.0450108 -0.0339512 0.552791
 0.434688 0.402596 0.0430242 -0.0331134 0.372888
 0.317246 0.290876 0.0412871 -0.0323937 0.266711
 0.241817 0.219518 0.0397808 -0.0317892 0.199289
 0.19065 0.171375 0.0384904 -0.0312988 0.15406
 0.154436 0.137477 0.0374047 -0.0309232 0.122391
 0.127921 0.112781 0.0365154 -0.0306648 0.0994425
 0.107964 0.0942808 0.035818 -0.0305283 0.0823407
 0.0926008 0.0801017 0.0353142 -0.0305228 0.0692987
 0.0805828 0.0690537 0.0350317 -0.0306829 0.0591824
 0.071035 0.060306 0.0349791 -0.0310232 0.0512054
 0.063328 0.0532664 0.0351504 -0.031544 0.044811
 0.0570599 0.0475534 0.0355837 -0.0322877 0.0396379
 0.0519472 0.0428967 0.0363337 -0.033312 0.03543
 0.0477509 0.0390724 0.0374279 -0.0346486 0.0319781
 0.044287 0.0359094 0.0388981 -0.0363329 0.0291233
 0.0414124 0.033275 0.0407787 -0.0384025 0.0267433
 0.0390141 0.0310656 0.0431007 -0.0408912 0.0247431
 0.0368934 0.0291132 0.0457233 -0.0436647 0.0229806
 0.0350618 0.0274205 0.0487366 -0.0468118 0.0214514
 0.0333086 0.0258179 0.0518437 -0.0500433 0.0200187
 0.0316234 0.0242954 0.0549762 -0.0532909 0.0186724
 0.029961 0.0228168 0.057969 -0.0563913 0.017383
 0.028267 0.0213401 0.0605882 -0.0591125 0.0161176
 0.026577 0.0198924 0.0627526 -0.0613723 0.014896
 0.0249495 0.0185167 0.0644112 -0.0631169 0.0137492
 0 0 0 0 0
 0 0 0 0 0
 0 0 0 0 0
 0 0 0 0 0
 0 0 0 0 0
 0 0 0 0 0
 0 0 0 0 0
 0 0 0 0 0
 0 0 0 0 0
 0 0 0 0 0
 0 0 0 0 0
 0 0 0 0 0
 0 0 0 0 0
 0 0 0 0 0
 0 0 0 0 0
 0 0 0 0 0
 0 0 0 0 0
 0 0 0 0 0
 0 0 0 0 0
 0 0 0 0 0
 0 0 0 0 0
 0 0 0 0 0
 0 0 0 0 0
 0 0 0 0 0
 0 0 0 0 0
 0 0 0 0 0
 0 0 0 0 0
 0 0 0 0 0
 0 0 0 0 0
 0 0 0 0 0
 0 0 0 0 0
 0 0 0 0 0
 0 0 0 0 0
 0 0 0 0 0
 0 0 0 0 0
 0 0 0 0 0
 0 0 0 0 0
 0 0 0 0 0
 0 0 0 0 0
 0 0 0 0 0
 0 0 0 0 0
 0 0 0 0 0
 0 0 0 0 0
 0 0 0 0 0
 0 0 0 0 0
 0 0 0 0 0
 0 0 0 0 0
 0 0 0 0 0
 0 0 0 0 0
 0 0 0 0 0
 0 0 0 0 0
 0 0 0 0 0
 0 0 0 0 0
 0 0 0 0 0
 0 0 0 0 0
 0 0 0 0 0
 0 0 0 0 0
 0 0 0 0 0
 0 0 0 0 0
 0 0 0 0 0
 0 0 0 0 0
 0 0 0 0 0
 0 0 0 0 0
 0 0 0 0 0
 0 0 0 0 0
 0 0 0 0 0
 0 0 0 0 0
 0 0 0 0 0
 0 0 0 0 0
 0 0 0 0 0
 0 0 0 0 0
 0 0 0 0 0
 0 0 0 0 0
 0 0 0 0 0
 0 0 0 0 0
 0 0 0 0 0
 0 0 0 0 0
 0 0 0 0 0
 0 0 0 0 0
 0 0 0 0 0
 0 0 0 0 0
 0 0 0 0 0
 0 0 0 0 0
 0 0 0 0 0
 0 0 0 0 0
 0 0 0 0 0
 0 0 0 0 0
 0 0 0 0 0
 0 0 0 0 0
 0 0 0 0 0
 0 0 0 0 0
 0 0 0 0 0
 15.5504 15.1912 0.0549735 -0.0375108 14.8402
 4.00592 3.87134 0.0516792 -0.0361321 3.74131
 1.77012 1.69261 0.0487572 -0.0348972 1.61851
 0.984158 0.9313 0.0461692 -0.0337967 0.8813
 0.622533 0.583085 0.0438827 -0.0328231 0.546152
 0.427993 0.39684 0.0418695 -0.03197 0.367968
 0.311992 0.28641 0.0401063 -0.0312328 0.262939
 0.237565 0.215948 0.0385734 -0.0306082 0.196311
 0.187121 0.168446 0.0372549 -0.0300946 0.151646
 0.151442 0.135021 0.0361382 -0.0296917 0.12039
 0.125332 0.110681 0.0352144 -0.0294011 0.0977517
 0.105688 0.0924542 0.0344774 -0.0292265 0.0808867
 0.0905667 0.0784873 0.0339265 -0.0291751 0.0680274
 0.0787247 0.0675928 0.033577 -0.029269 0.0580428
 0.0693117 0.0589633 0.0334423 -0.0295278 0.0501674
 0.0617381 0.0520403 0.0335401 -0.0299746 0.0438728
 0.0555509 0.0463993 0.0338598 -0.0306047 0.0387622
 0.0504929 0.041793 0.0344671 -0.0314868 0.0345986
 0.0463502 0.0380185 0.0354109 -0.0326727 0.0311907
 0.0429305 0.0348974 0.0367054 -0.0341809 0.0283737
 0.0400723 0.0322827 0.0383628 -0.0360276 0.0260134
 0.0377231 0.0301191 0.0404825 -0.0383128 0.0240541
 0.0356932 0.0282451 0.0429581 -0.0409363 0.0223574
 0.0339061 0.0265934 0.0457608 -0.0438716 0.0208642
 0.0322637 0.0250824 0.0487803 -0.0470117 0.0195059
 0.0306667 0.0236323 0.0518273 -0.050171 0.0182179
 0.0291128 0.02224 0.0548206 -0.0532681 0.0169962
 0.0275321 0.0208516 0.0575164 -0.0560625 0.0157986
 0.0259143 0.0194593 0.0597395 -0.0583793 0.0146187
 0 0 0 0 0
 0 0 0 0 0
 0 0 0 0 0
 0 0 0 0 0
 0 0 0 0 0
 0 0 0 0 0
 0 0 0 0 0
 0 0 0 0 0
 0 0 0 0 0
 0 0 0 0 0
 0 0 0 0 0
 0 0 0 0 0
 0 0 0 0 0
 0 0 0 0 0
 0 0 0 0 0
 0 0 0 0 0
 0 0 0 0 0
 0 0 0 0 0
 0 0 0 0 0
 0 0 0 0 0
 0 0 0 0 0
 0 0 0 0 0
 0 0 0 0 0
 0 0 0 0 0
 0 0 0 0 0
 0 0 0 0 0
 0 0 0 0 0
 0 0 0 0 0
 0 0 0 0 0
 0 0 0 0 0
 0 0 0 0 0
 0 0 0 0 0
 0 0 0 0 0
 0 0 0 0 0
 0 0 0 0 0
 0 0 0 0 0
 0 0 0 0 0
 0 0 0 0 0
 0 0 0 0 0
 0 0 0 0 0
 0 0 0 0 0
 0 0 0 0 0
 0 0 0 0 0
 0 0 0 0 0
 0 0 0 0 0
 0 0 0 0 0
 0 0 0 0 0
 0 0 0 0 0
 0 0 0 0 0
 0 0 0 0 0
 0 0 0 0 0
 0 0 0 0 0
 0 0 0 0 0
 0 0 0 0 0
 0 0 0 0 0
 0 0 0 0 0
 0 0 0 0 0
 0 0 0 0 0
 0 0 0 0 0
 0 0 0 0 0
 0 0 0 0 0
 0 0 0 0 0
 0 0 0 0 0
 0 0 0 0 0
 0 0 0 0 0
 0 0 0 0 0
 0 0 0 0 0
 0 0 0 0 0
 0 0 0 0 0
 0 0 0 0 0
 0 0 0 0 0
 0 0 0 0 0
 0 0 0 0 0
 0 0 0 0 0
 0 0 0 0 0
 0 0 0 0 0
 0 0 0 0 0
 0 0 0 0 0
 0 0 0 0 0
 0 0 0 0 0
 0 0 0 0 0
 0 0 0 0 0
 0 0 0 0 0
 0 0 0 0 0
 0 0 0 0 0
 0 0 0 0 0
 0 0 0 0 0
 0 0 0 0 0
 0 0 0 0 0
 0 0 0 0 0
 0 0 0 0 0
 0 0 0 0 0
 0 0 0 0 0
 15.6549 15.3011 0.0540308 -0.0364818 14.9553
 3.98659 3.8551 0.0506959 -0.0350922 3.72796
 1.75368 1.67815 0.0477397 -0.0338466 1.60589
 0.972492 0.921058 0.0451224 -0.0327352 0.872358
 0.61404 0.575693 0.0428096 -0.0317498 0.539756
 0.421567 0.391307 0.0407721 -0.0308836 0.363233
 0.306952 0.282121 0.0389853 -0.0301313 0.259312
 0.233492 0.212522 0.0374286 -0.0294894 0.193448
 0.183743 0.165638 0.0360849 -0.0289553 0.149327
 0.148579 0.132668 0.0349408 -0.0285284 0.11847
 0.122858 0.108671 0.0339863 -0.0282095 0.0961308
 0.103514 0.0907075 0.0332141 -0.0280012 0.0794939
 0.0886275 0.0769452 0.0326213 -0.027909 0.0668107
 0.0769553 0.0661988 0.0322119 -0.0279439 0.0569533
 0.0676828 0.0576922 0.0320115 -0.0281372 0.0491834
 0.0602234 0.0508693 0.0320324 -0.0285071 0.0429747
 0.0541289 0.0453101 0.0322625 -0.0290472 0.0379343
 0.0491351 0.0407615 0.0327529 -0.0298122 0.0338211
 0.0450372 0.0370289 0.0335532 -0.0308547 0.0304504
 0.0416525 0.0339417 0.0346831 -0.0321982 0.0276643
 0.0388406 0.0313703 0.0361721 -0.0338754 0.0253424
 0.0365032 0.0292222 0.0380646 -0.0359335 0.0233992
 0.0345396 0.0274069 0.0403727 -0.0383873 0.021753
 0.0327837 0.0257857 0.0429573 -0.0411038 0.0202872
 0.0312419 0.0243586 0.0458766 -0.0441402 0.0189977
 0.0297369 0.022984 0.0488433 -0.0472161 0.0177706
 0.0282738 0.0216651 0.0517987 -0.0502723 0.016607
 0.0268028 0.0203625 0.0545515 -0.05312 0.0154757
 0 0 0 0 0
 0 0 0 0 0
 0 0 0 0 0
 0 0 0 0 0
 0 0 0 0 0
 0 0 0 0 0
 0 0 0 0 0
 0 0 0 0 0
 0 0 0 0 0
 0 0 0 0 0
 0 0 0 0 0
 0 0 0 0 0
 0 0 0 0 0
 0 0 0 0 0
 0 0 0 0 0
 0 0 0 0 0
 0 0 0 0 0
 0 0 0 0 0
 0 0 0 0 0
 0 0 0 0 0
 0 0 0 0 0
 0 0 0 0 0
 0 0 0 0 0
 0 0 0 0 0
 0 0 0 0 0
 0 0 0 0 0
 0 0 0 0 0
 0 0 0 0 0
 0 0 0 0 0
 0 0 0 0 0
 0 0 0 0 0
 0 0 0 0 0
 0 0 0 0 0
 0 0 0 0 0
 0 0 0 0 0
 0 0 0 0 0
 0 0 0 0 0
 0 0 0 0 0
 0 0 0 0 0
 0 0 0 0 0
 0 0 0 0 0
 0 0 0 0 0
 0 0 0 0 0
 0 0 0 0 0
 0 0 0 0 0
 0 0 0 0 0
 0 0 0 0 0
 0 0 0 0 0
 0 0 0 0 0
 0 0 0 0 0
 0 0 0 0 0
 0 0 0 0 0
 0 0 0 0 0
 0 0 0 0 0
 0 0 0 0 0
 0 0 0 0 0
 0 0 0 0 0
 0 0 0 0 0
 0 0 0 0 0
 0 0 0 0 0
 0 0 0 0 0
 0 0 0 0 0
 0 0 0 0 0
 0 0 0 0 0
 0 0 0 0 0
 0 0 0 0 0
 0 0 0 0 0
 0 0 0 0 0
 0 0 0 0 0
 0 0 0 0 0
 0 0 0 0 0
 0 0 0 0 0
 0 0 0 0 0
 0 0 0 0 0
 0 0 0 0 0
 0 0 0 0 0
 0 0 0 0 0
 0 0 0 0 0
 0 0 0 0 0
 0 0 0 0 0
 0 0 0 0 0
 0 0 0 0 0
 0 0 0 0 0
 0 0 0 0 0
 0 0 0 0 0
 0 0 0 0 0
 0 0 0 0 0
 0 0 0 0 0
 0 0 0 0 0
 0 0 0 0 0
 0 0 0 0 0
 0 0 0 0 0
 0 0 0 0 0
 0 0 0 0 0
 15.7623 15.4137 0.0531329 -0.0354972 15.0728
 3.96819 3.83965 0.0497588 -0.0340983 3.7153
 1.73788 1.66423 0.0467702 -0.0328436 1.59373
 0.961258 0.911183 0.044125 -0.031723 0.863733
 0.605872 0.568577 0.0417878 -0.0307276 0.533591
 0.415391 0.385983 0.039728 -0.0298503 0.358671
 0.302113 0.277998 0.0379199 -0.0290853 0.25582
 0.229585 0.209232 0.0363418 -0.0284283 0.190694
 0.180507 0.162943 0.0349758 -0.0278766 0.147099
 0.145838 0.130412 0.0338073 -0.0274287 0.116627
 0.120493 0.106746 0.0328254 -0.0270847 0.094575
 0.101438 0.0890367 0.0320221 -0.0268468 0.0781586
 0.0867783 0.0754717 0.0313927 -0.0267188 0.0656459
 0.0752812 0.0648785 0.0309378 -0.0267087 0.0559202
 0.0661407 0.0564873 0.0306768 -0.0268417 0.0482492
 0.0587813 0.0497522 0.0306213 -0.0271353 0.0421161
 0.0527873 0.0442807 0.030781 -0.0276044 0.0371509
 0.0478482 0.0397818 0.0311592 -0.0282573 0.033081
 0.0437872 0.0360842 0.0318222 -0.0291625 0.0297417
 0.0404378 0.033031 0.0328037 -0.0303575 0.0269862
 0.0376689 0.0304996 0.0341369 -0.0318781 0.0247
 0.0353457 0.0283684 0.0358242 -0.0337308 0.0227738
 0.0334226 0.0265913 0.0379439 -0.0359951 0.0211616
 0.0317344 0.025029 0.0403786 -0.0385592 0.0197457
 0.0302428 0.0236463 0.0431257 -0.0414218 0.0184941
 0.028836 0.0223526 0.0460234 -0.0444251 0.0173323
 0.0274499 0.0210964 0.0489117 -0.0474119 0.016219
 0 0 0 0 0
 0 0 0 0 0
 0 0 0 0 0
 0 0 0 0 0
 0 0 0 0 0
 0 0 0 0 0
 0 0 0 0 0
 0 0 0 0 0
 0 0 0 0 0
 0 0 0 0 0
 0 0 0 0 0
 0 0 0 0 0
 0 0 0 0 0
 0 0 0 0 0
 0 0 0 0 0
 0 0 0 0 0
 0 0 0 0 0
 0 0 0 0 0
 0 0 0 0 0
 0 0 0 0 0
 0 0 0 0 0
 0 0 0 0 0
 0 0 0 0 0
 0 0 0 0 0
 0 0 0 0 0
 0 0 0 0 0
 0 0 0 0 0
 0 0 0 0 0
 0 0 0 0 0
 0 0 0 0 0
 0 0 0 0 0
 0 0 0 0 0
 0 0 0 0 0
 0 0 0 0 0
 0 0 0 0 0
 0 0 0 0 0
 0 0 0 0 0
 0 0 0 0 0
 0 0 0 0 0
 0 0 0 0 0
 0 0 0 0 0
 0 0 0 0 0
 0 0 0 0 0
 0 0 0 0 0
 0 0 0 0 0
 0 0 0 0 0
 0 0 0 0 0
 0 0 0 0 0
 0 0 0 0 0
 0 0 0 0 0
 0 0 0 0 0
 0 0 0 0 0
 0 0 0 0 0
 0 0 0 0 0
 0 0 0 0 0
 0 0 0 0 0
 0 0 0 0 0
 0 0 0 0 0
 0 0 0 0 0
 0 0 0 0 0
 0 0 0 0 0
 0 0 0 0 0
 0 0 0 0 0
 0 0 0 0 0
 0 0 0 0 0
 0 0 0 0 0
 0 0 0 0 0
 0 0 0 0 0
 0 0 0 0 0
 0 0 0 0 0
 0 0 0 0 0
 0 0 0 0 0
 0 0 0 0 0
 0 0 0 0 0
 0 0 0 0 0
 0 0 0 0 0
 0 0 0 0 0
 0 0 0 0 0
 0 0 0 0 0
 0 0 0 0 0
 0 0 0 0 0
 0 0 0 0 0
 0 0 0 0 0
 0 0 0 0 0
 0 0 0 0 0
 0 0 0 0 0
 0 0 0 0 0
 0 0 0 0 0
 0 0 0 0 0
 0 0 0 0 0
 0 0 0 0 0
 0 0 0 0 0
 0 0 0 0 0
 0 0 0 0 0
 0 0 0 0 0
 15.8726 15.5289 0.0522771 -0.0345544 15.1927
 3.95067 3.82497 0.0488652 -0.0331475 3.70328
 1.72264 1.65082 0.0458453 -0.0318853 1.58199
 0.950433 0.901667 0.0431739 -0.0307569 0.855408
 0.598011 0.561718 0.040814 -0.0297533 0.527643
 0.409453 0.380858 0.0387338 -0.0288666 0.354273
 0.297466 0.274033 0.0369064 -0.0280907 0.252457
 0.225835 0.206069 0.0353092 -0.0274209 0.188043
 0.177402 0.160356 0.0339232 -0.0268539 0.144957
 0.143212 0.128247 0.0327332 -0.0263877 0.114855
 0.118229 0.104899 0.0317271 -0.0260219 0.0930808
 0.0994533 0.087435 0.0308962 -0.0257577 0.0768771
 0.0850117 0.0740617 0.0302346 -0.0255984 0.0645295
 0.0736865 0.0636186 0.0297408 -0.0255497 0.0549328
 0.0646703 0.0553358 0.0294232 -0.0256267 0.0473548
 0.0574082 0.0486862 0.0292998 -0.0258523 0.0412951
 0.051508 0.0432969 0.0293934 -0.0262549 0.0364004
 0.0466374 0.0388587 0.0296849 -0.0268205 0.0323828
 0.0426174 0.0351989 0.030229 -0.0276068 0.029077
 0.0393082 0.0321832 0.0310832 -0.0286737 0.0263546
 0.0365598 0.0296733 0.0322536 -0.0300315 0.0240888
 0.0342614 0.0275673 0.0337658 -0.0317088 0.022186
 0.0323513 0.0258059 0.0356774 -0.0337647 0.0205898
 0.0307318 0.0243033 0.0379744 -0.0361887 0.0192245
 0.0292702 0.0229492 0.0405286 -0.0388573 0.0179983
 0.0279528 0.0217295 0.0433432 -0.0417742 0.0168968
 0 0 0 0 0
 0 0 0 0 0
 0 0 0 0 0
 0 0 0 0 0
 0 0 0 0 0
 0 0 0 0 0
 0 0 0 0 0
 0 0 0 0 0
 0 0 0 0 0
 0 0 0 0 0
 0 0 0 0 0
 0 0 0 0 0
 0 0 0 0 0
 0 0 0 0 0
 0 0 0 0 0
 0 0 0 0 0
 0 0 0 0 0
 0 0 0 0 0
 0 0 0 0 0
 0 0 0 0 0
 0 0 0 0 0
 0 0 0 0 0
 0 0 0 0 0
 0 0 0 0 0
 0 0 0 0 0
 0 0 0 0 0
 0 0 0 0 0
 0 0 0 0 0
 0 0 0 0 0
 0 0 0 0 0
 0 0 0 0 0
 0 0 0 0 0
 0 0 0 0 0
 0 0 0 0 0
 0 0 0 0 0
 0 0 0 0 0
 0 0 0 0 0
 0 0 0 0 0
 0 0 0 0 0
 0 0 0 0 0
 0 0 0 0 0
 0 0 0 0 0
 0 0 0 0 0
 0 0 0 0 0
 0 0 0 0 0
 0 0 0 0 0
 0 0 0 0 0
 0 0 0 0 0
 0 0 0 0 0
 0 0 0 0 0
 0 0 0 0 0
 0 0 0 0 0
 0 0 0 0 0
 0 0 0 0 0
 0 0 0 0 0
 0 0 0 0 0
 0 0 0 0 0
 0 0 0 0 0
 0 0 0 0 0
 0 0 0 0 0
 0 0 0 0 0
 0 0 0 0 0
 0 0 0 0 0
 0 0 0 0 0
 0 0 0 0 0
 0 0 0 0 0
 0 0 0 0 0
 0 0 0 0 0
 0 0 0 0 0
 0 0 0 0 0
 0 0 0 0 0
 0 0 0 0 0
 0 0 0 0 0
 0 0 0 0 0
 0 0 0 0 0
 0 0 0 0 0
 0 0 0 0 0
 0 0 0 0 0
 0 0 0 0 0
 0 0 0 0 0
 0 0 0 0 0
 0 0 0 0 0
 0 0 0 0 0
 0 0 0 0 0
 0 0 0 0 0
 0 0 0 0 0
 0 0 0 0 0
 0 0 0 0 0
 0 0 0 0 0
 0 0 0 0 0
 0 0 0 0 0
 0 0 0 0 0
 0 0 0 0 0
 0 0 0 0 0
 0 0 0 0 0
 0 0 0 0 0
 15.9857 15.6468 0.0514608 -0.0336509 15.3151
 3.93397 3.81099 0.0480121 -0.0322373 3.69188
 1.70797 1.63787 0.0449623 -0.0309688 1.57067
 0.940008 0.892483 0.0422662 -0.0298342 0.847367
 0.590438 0.555106 0.0398852 -0.0288238 0.521901
 0.403738 0.375921 0.0377862 -0.0279294 0.350032
 0.292997 0.270214 0.0359413 -0.0271445 0.249214
 0.222233 0.203027 0.0343269 -0.0264638 0.185491
 0.174424 0.157868 0.0329233 -0.0258836 0.142893
 0.140694 0.126168 0.0317142 -0.0254015 0.11315
 0.116059 0.103128 0.0306868 -0.0250166 0.091645
 0.0975525 0.0859 0.0298313 -0.0247293 0.0756463
 0.0833217 0.0727109 0.0291412 -0.0245422 0.063458
 0.0721632 0.0624127 0.028613 -0.0244594 0.053986
 0.0632721 0.0542393 0.0282487 -0.0244898 0.0465018
 0.0561142 0.0476806 0.0280723 -0.0246624 0.0405199
 0.0502878 0.0423566 0.0280932 -0.024992 0.0356813
 0.0454898 0.0379823 0.028313 -0.0254852 0.0317187
 0.0415148 0.0343634 0.0287556 -0.0261696 0.0284487
 0.0382273 0.0313695 0.0294743 -0.0271013 0.0257465
 0.0355015 0.0288824 0.0304993 -0.0283134 0.023502
 0.0332432 0.0268136 0.0318706 -0.0298486 0.021632
 0.0313458 0.0250673 0.0335927 -0.0317147 0.0200508
 0.0297616 0.0235977 0.0357157 -0.0339635 0.0187149
 0.0283428 0.0222821 0.0381081 -0.036469 0.017522
 0 0 0 0 0
 0 0 0 0 0
 0 0 0 0 0
 0 0 0 0 0
 0 0 0 0 0
 0 0 0 0 0
 0 0 0 0 0
 0 0 0 0 0
 0 0 0 0 0
 0 0 0 0 0
 0 0 0 0 0
 0 0 0 0 0
 0 0 0 0 0
 0 0 0 0 0
 0 0 0 0 0
 0 0 0 0 0
 0 0 0 0 0
 0 0 0 0 0
 0 0 0 0 0
 0 0 0 0 0
 0 0 0 0 0
 0 0 0 0 0
 0 0 0 0 0
 0 0 0 0 0
 0 0 0 0 0
 0 0 0 0 0
 0 0 0 0 0
 0 0 0 0 0
 0 0 0 0 0
 0 0 0 0 0
 0 0 0 0 0
 0 0 0 0 0
 0 0 0 0 0
 0 0 0 0 0
 0 0 0 0 0
 0 0 0 0 0
 0 0 0 0 0
 0 0 0 0 0
 0 0 0 0 0
 0 0 0 0 0
 0 0 0 0 0
 0 0 0 0 0
 0 0 0 0 0
 0 0 0 0 0
 0 0 0 0 0
 0 0 0 0 0
 0 0 0 0 0
 0 0 0 0 0
 0 0 0 0 0
 0 0 0 0 0
 0 0 0 0 0
 0 0 0 0 0
 0 0 0 0 0
 0 0 0 0 0
 0 0 0 0 0
 0 0 0 0 0
 0 0 0 0 0
 0 0 0 0 0
 0 0 0 0 0
 0 0 0 0 0
 0 0 0 0 0
 0 0 0 0 0
 0 0 0 0 0
 0 0 0 0 0
 0 0 0 0 0
 0 0 0 0 0
 0 0 0 0 0
 0 0 0 0 0
 0 0 0 0 0
 0 0 0 0 0
 0 0 0 0 0
 0 0 0 0 0
 0 0 0 0 0
 0 0 0 0 0
 0 0 0 0 0
 0 0 0 0 0
 0 0 0 0 0
 0 0 0 0 0
 0 0 0 0 0
 0 0 0 0 0
 0 0 0 0 0
 0 0 0 0 0
 0 0 0 0 0
 0 0 0 0 0
 0 0 0 0 0
 0 0 0 0 0
 0 0 0 0 0
 0 0 0 0 0
 0 0 0 0 0
 0 0 0 0 0
 0 0 0 0 0
 0 0 0 0 0
 0 0 0 0 0
 0 0 0 0 0
 0 0 0 0 0
 0 0 0 0 0
 0 0 0 0 0
 16.1013 15.7671 0.0506817 -0.0327843 15.4398
 3.91806 3.7977 0.0471972 -0.0313652 3.68106
 1.69383 1.62539 0.0441187 -0.0300918 1.55974
 0.92995 0.883608 0.0413991 -0.0289522 0.8396
 0.58314 0.548725 0.0389983 -0.0279364 0.516354
 0.398235 0.371159 0.0368822 -0.0270357 0.345936
 0.288697 0.266536 0.0350215 -0.0262433 0.246087
 0.21877 0.200098 0.0333918 -0.0255535 0.183029
 0.171562 0.155476 0.0319724 -0.0249622 0.140906
 0.138277 0.12417 0.0307465 -0.0244663 0.111509
 0.113979 0.101427 0.0297002 -0.0240647 0.0902642
 0.0957317 0.0844267 0.0288232 -0.0237572 0.074463
 0.0817044 0.0714156 0.0281078 -0.0235454 0.0624287
 0.0707073 0.0612584 0.0275498 -0.023433 0.0530781
 0.0619444 0.0531967 0.0271489 -0.0234268 0.0456897
 0.0548784 0.0467184 0.0269188 -0.0235457 0.0397768
 0.0491221 0.0414561 0.0268727 -0.0238081 0.0349913
 0.0443993 0.0371478 0.0270325 -0.0242404 0.0310852
 0.0404696 0.0335697 0.0273849 -0.0248343 0.0278507
 0.0372098 0.0306023 0.0279873 -0.0256494 0.0251725
 0.0345167 0.0281459 0.0288929 -0.0267416 0.0229553
 0.0322727 0.026093 0.0301077 -0.02812 0.0211007
 0.0303831 0.0243575 0.031648 -0.0298043 0.0195311
 0.0288201 0.0229097 0.0335904 -0.0318718 0.0182155
 0 0 0 0 0
 0 0 0 0 0
 0 0 0 0 0
 0 0 0 0 0
 0 0 0 0 0
 0 0 0 0 0
 0 0 0 0 0
 0 0 0 0 0
 0 0 0 0 0
 0 0 0 0 0
 0 0 0 0 0
 0 0 0 0 0
 0 0 0 0 0
 0 0 0 0 0
 0 0 0 0 0
 0 0 0 0 0
 0 0 0 0 0
 0 0 0 0 0
 0 0 0 0 0
 0 0 0 0 0
 0 0 0 0 0
 0 0 0 0 0
 0 0 0 0 0
 0 0 0 0 0
 0 0 0 0 0
 0 0 0 0 0
 0 0 0 0 0
 0 0 0 0 0
 0 0 0 0 0
 0 0 0 0 0
 0 0 0 0 0
 0 0 0 0 0
 0 0 0 0 0
 0 0 0 0 0
 0 0 0 0 0
 0 0 0 0 0
 0 0 0 0 0
 0 0 0 0 0
 0 0 0 0 0
 0 0 0 0 0
 0 0 0 0 0
 0 0 0 0 0
 0 0 0 0 0
 0 0 0 0 0
 0 0 0 0 0
 0 0 0 0 0
 0 0 0 0 0
 0 0 0 0 0
 0 0 0 0 0
 0 0 0 0 0
 0 0 0 0 0
 0 0 0 0 0
 0 0 0 0 0
 0 0 0 0 0
 0 0 0 0 0
 0 0 0 0 0
 0 0 0 0 0
 0 0 0 0 0
 0 0 0 0 0
 0 0 0 0 0
 0 0 0 0 0
 0 0 0 0 0
 0 0 0 0 0
 0 0 0 0 0
 0 0 0 0 0
 0 0 0 0 0
 0 0 0 0 0
 0 0 0 0 0
 0 0 0 0 0
 0 0 0 0 0
 0 0 0 0 0
 0 0 0 0 0
 0 0 0 0 0
 0 0 0 0 0
 0 0 0 0 0
 0 0 0 0 0
 0 0 0 0 0
 0 0 0 0 0
 0 0 0 0 0
 0 0 0 0 0
 0 0 0 0 0
 0 0 0 0 0
 0 0 0 0 0
 0 0 0 0 0
 0 0 0 0 0
 0 0 0 0 0
 0 0 0 0 0
 0 0 0 0 0
 0 0 0 0 0
 0 0 0 0 0
 0 0 0 0 0
 0 0 0 0 0
 0 0 0 0 0
 0 0 0 0 0
 0 0 0 0 0
 0 0 0 0 0
 0 0 0 0 0
 0 0 0 0 0
 16.2197 15.8898 0.0499375 -0.0319526 15.5667
 3.90288 3.78504 0.0464182 -0.0305291 3.67077
 1.68017 1.61334 0.043312 -0.0292518 1.54917
 0.920242 0.875042 0.0405702 -0.0281085 0.832084
 0.5761 0.542564 0.0381509 -0.0270885 0.510992
 0.392932 0.366566 0.036019 -0.0261829 0.34198
 0.284557 0.262989 0.034144 -0.0253844 0.243067
 0.215438 0.197277 0.0325007 -0.0246871 0.180654
 0.168812 0.153173 0.0310674 -0.0240862 0.13899
 0.135956 0.122248 0.0298266 -0.0235787 0.109928
 0.111983 0.0997908 0.0287638 -0.0231625 0.0889333
 0.0939858 0.0830112 0.0278677 -0.0228372 0.0733245
 0.0801548 0.0701723 0.02713 -0.0226037 0.0614391
 0.0693135 0.0601513 0.0265454 -0.0224651 0.0522058
 0.0606746 0.0521976 0.0261121 -0.0224261 0.0449101
 0.0536981 0.0457976 0.0258342 -0.0224971 0.0390643
 0.04802 0.0406038 0.0257368 -0.0227079 0.0343375
 0.0433567 0.036348 0.0258308 -0.0230739 0.0304767
 0.0394783 0.0328157 0.0261091 -0.023593 0.0272817
 0.0362538 0.0298807 0.0266158 -0.0243119 0.0246318
 0.0335798 0.0274435 0.0273974 -0.0252799 0.0224325
 0.0313522 0.0254078 0.0284736 -0.0265194 0.0205944
 0.0294935 0.0237014 0.0298771 -0.0280659 0.0190506
 0 0 0 0 0
 0 0 0 0 0
 0 0 0 0 0
 0 0 0 0 0
 0 0 0 0 0
 0 0 0 0 0
 0 0 0 0 0
 0 0 0 0 0
 0 0 0 0 0
 0 0 0 0 0
 0 0 0 0 0
 0 0 0 0 0
 0 0 0 0 0
 0 0 0 0 0
 0 0 0 0 0
 0 0 0 0 0
 0 0 0 0 0
 0 0 0 0 0
 0 0 0 0 0
 0 0 0 0 0
 0 0 0 0 0
 0 0 0 0 0
 0 0 0 0 0
 0 0 0 0 0
 0 0 0 0 0
 0 0 0 0 0
 0 0 0 0 0
 0 0 0 0 0
 0 0 0 0 0
 0 0 0 0 0
 0 0 0 0 0
 0 0 0 0 0
 0 0 0 0 0
 0 0 0 0 0
 0 0 0 0 0
 0 0 0 0 0
 0 0 0 0 0
 0 0 0 0 0
 0 0 0 0 0
 0 0 0 0 0
 0 0 0 0 0
 0 0 0 0 0
 0 0 0 0 0
 0 0 0 0 0
 0 0 0 0 0
 0 0 0 0 0
 0 0 0 0 0
 0 0 0 0 0
 0 0 0 0 0
 0 0 0 0 0
 0 0 0 0 0
 0 0 0 0 0
 0 0 0 0 0
 0 0 0 0 0
 0 0 0 0 0
 0 0 0 0 0
 0 0 0 0 0
 0 0 0 0 0
 0 0 0 0 0
 0 0 0 0 0
 0 0 0 0 0
 0 0 0 0 0
 0 0 0 0 0
 0 0 0 0 0
 0 0 0 0 0
 0 0 0 0 0
 0 0 0 0 0
 0 0 0 0 0
 0 0 0 0 0
 0 0 0 0 0
 0 0 0 0 0
 0 0 0 0 0
 0 0 0 0 0
 0 0 0 0 0
 0 0 0 0 0
 0 0 0 0 0
 0 0 0 0 0
 0 0 0 0 0
 0 0 0 0 0
 0 0 0 0 0
 0 0 0 0 0
 0 0 0 0 0
 0 0 0 0 0
 0 0 0 0 0
 0 0 0 0 0
 0 0 0 0 0
 0 0 0 0 0
 0 0 0 0 0
 0 0 0 0 0
 0 0 0 0 0
 0 0 0 0 0
 0 0 0 0 0
 0 0 0 0 0
 0 0 0 0 0
 0 0 0 0 0
 0 0 0 0 0
 0 0 0 0 0
 0 0 0 0 0
 0 0 0 0 0
 16.3405 16.0149 0.0492263 -0.0311538 15.6958
 3.8884 3.77299 0.045673 -0.0297269 3.66102
 1.66699 1.60169 0.0425402 -0.0284468 1.53897
 0.910858 0.866767 0.0397771 -0.0273007 0.824813
 0.569306 0.536611 0.0373406 -0.0262778 0.505806
 0.387817 0.36213 0.0351941 -0.0253684 0.338156
 0.280568 0.259567 0.0333062 -0.0245652 0.24015
 0.212231 0.194556 0.0316507 -0.0238617 0.178362
 0.166166 0.150953 0.0302053 -0.0232529 0.137141
 0.133724 0.120397 0.0289514 -0.0227353 0.108404
 0.110064 0.0982175 0.0278741 -0.0223067 0.0876525
 0.09231 0.0816507 0.0269613 -0.0219658 0.0722283
 0.0786687 0.0689781 0.0262039 -0.0217133 0.0604868
 0.0679782 0.0590888 0.0255958 -0.0215513 0.0513671
 0.0594597 0.0512402 0.0251341 -0.0214837 0.0441617
 0.0525785 0.0449231 0.0248201 -0.0215183 0.0383869
 0.0469711 0.0397913 0.0246729 -0.0216788 0.0337132
 0.0423611 0.0355828 0.0247037 -0.0219813 0.0298931
 0.03854 0.0321008 0.0249232 -0.0224407 0.0267414
 0.0353437 0.0291921 0.0253365 -0.0230659 0.0241149
 0.0326868 0.0267724 0.0260032 -0.0239187 0.0219318
 0.0304784 0.0247559 0.0269562 -0.0250347 0.0201114
 0 0 0 0 0
 0 0 0 0 0
 0 0 0 0 0
 0 0 0 0 0
 0 0 0 0 0
 0 0 0 0 0
 0 0 0 0 0
 0 0 0 0 0
 0 0 0 0 0
 0 0 0 0 0
 0 0 0 0 0
 0 0 0 0 0
 0 0 0 0 0
 0 0 0 0 0
 0 0 0 0 0
 0 0 0 0 0
 0 0 0 0 0
 0 0 0 0 0
 0 0 0 0 0
 0 0 0 0 0
 0 0 0 0 0
 0 0 0 0 0
 0 0 0 0 0
 0 0 0 0 0
 0 0 0 0 0
 0 0 0 0 0
 0 0 0 0 0
 0 0 0 0 0
 0 0 0 0 0
 0 0 0 0 0
 0 0 0 0 0
 0 0 0 0 0
 0 0 0 0 0
 0 0 0 0 0
 0 0 0 0 0
 0 0 0 0 0
 0 0 0 0 0
 0 0 0 0 0
 0 0 0 0 0
 0 0 0 0 0
 0 0 0 0 0
 0 0 0 0 0
 0 0 0 0 0
 0 0 0 0 0
 0 0 0 0 0
 0 0 0 0 0
 0 0 0 0 0
 0 0 0 0 0
 0 0 0 0 0
 0 0 0 0 0
 0 0 0 0 0
 0 0 0 0 0
 0 0 0 0 0
 0 0 0 0 0
 0 0 0 0 0
 0 0 0 0 0
 0 0 0 0 0
 0 0 0 0 0
 0 0 0 0 0
 0 0 0 0 0
 0 0 0 0 0
 0 0 0 0 0
 0 0 0 0 0
 0 0 0 0 0
 0 0 0 0 0
 0 0 0 0 0
 0 0 0 0 0
 0 0 0 0 0
 0 0 0 0 0
 0 0 0 0 0
 0 0 0 0 0
 0 0 0 0 0
 0 0 0 0 0
 0 0 0 0 0
 0 0 0 0 0
 0 0 0 0 0
 0 0 0 0 0
 0 0 0 0 0
 0 0 0 0 0
 0 0 0 0 0
 0 0 0 0 0
 0 0 0 0 0
 0 0 0 0 0
 0 0 0 0 0
 0 0 0 0 0
 0 0 0 0 0
 0 0 0 0 0
 0 0 0 0 0
 0 0 0 0 0
 0 0 0 0 0
 0 0 0 0 0
 0 0 0 0 0
 0 0 0 0 0
 0 0 0 0 0
 0 0 0 0 0
 0 0 0 0 0
 0 0 0 0 0
 0 0 0 0 0
 0 0 0 0 0
 0 0 0 0 0
 16.4637 16.1423 0.0485462 -0.0303862 15.8272
 3.87459 3.76151 0.0449597 -0.0289568 3.65174
 1.65426 1.59043 0.041801 -0.0276748 1.52908
 0.9018 0.85875 0.0390177 -0.0265269 0.817772
 0.562743 0.530856 0.0365651 -0.0255018 0.500787
 0.382881 0.357845 0.0344051 -0.0245899 0.334457
 0.27672 0.256264 0.0325057 -0.0237831 0.23733
 0.20914 0.191932 0.0308393 -0.0230747 0.176148
 0.163617 0.148813 0.0293832 -0.0224595 0.135357
 0.131577 0.118613 0.028118 -0.0219335 0.106933
 0.108221 0.0967025 0.0270279 -0.0214941 0.0864167
 0.0907 0.0803417 0.0261005 -0.0211397 0.0711718
 0.0772423 0.0678299 0.0253258 -0.0208704 0.0595698
 0.0666975 0.058068 0.0246971 -0.0206877 0.0505599
 0.0582961 0.0503214 0.0242103 -0.0205948 0.0434422
 0.0515085 0.044086 0.0238653 -0.020598 0.0377374
 0.0459677 0.0390126 0.0236717 -0.0207119 0.0331138
 0.0414092 0.0348496 0.0236452 -0.0209568 0.0293329
 0.0376424 0.0314155 0.0238103 -0.0213608 0.0262223
 0.0344839 0.0285408 0.02415 -0.0219117 0.0236253
 0.031846 0.0261396 0.0247142 -0.0226618 0.0214592
 0 0 0 0 0
 0 0 0 0 0
 0 0 0 0 0
 0 0 0 0 0
 0 0 0 0 0
 0 0 0 0 0
 0 0 0 0 0
 0 0 0 0 0
 0 0 0 0 0
 0 0 0 0 0
 0 0 0 0 0
 0 0 0 0 0
 0 0 0 0 0
 0 0 0 0 0
 0 0 0 0 0
 0 0 0 0 0
 0 0 0 0 0
 0 0 0 0 0
 0 0 0 0 0
 0 0 0 0 0
 0 0 0 0 0
 0 0 0 0 0
 0 0 0 0 0
 0 0 0 0 0
 0 0 0 0 0
 0 0 0 0 0
 0 0 0 0 0
 0 0 0 0 0
 0 0 0 0 0
 0 0 0 0 0
 0 0 0 0 0
 0 0 0 0 0
 0 0 0 0 0
 0 0 0 0 0
 0 0 0 0 0
 0 0 0 0 0
 0 0 0 0 0
 0 0 0 0 0
 0 0 0 0 0
 0 0 0 0 0
 0 0 0 0 0
 0 0 0 0 0
 0 0 0 0 0
 0 0 0 0 0
 0 0 0 0 0
 0 0 0 0 0
 0 0 0 0 0
 0 0 0 0 0
 0 0 0 0 0
 0 0 0 0 0
 0 0 0 0 0
 0 0 0 0 0
 0 0 0 0 0
 0 0 0 0 0
 0 0 0 0 0
 0 0 0 0 0
 0 0 0 0 0
 0 0 0 0 0
 0 0 0 0 0
 0 0 0 0 0
 0 0 0 0 0
 0 0 0 0 0
 0 0 0 0 0
 0 0 0 0 0
 0 0 0 0 0
 0 0 0 0 0
 0 0 0 0 0
 0 0 0 0 0
 0 0 0 0 0
 0 0 0 0 0
 0 0 0 0 0
 0 0 0 0 0
 0 0 0 0 0
 0 0 0 0 0
 0 0 0 0 0
 0 0 0 0 0
 0 0 0 0 0
 0 0 0 0 0
 0 0 0 0 0
 0 0 0 0 0
 0 0 0 0 0
 0 0 0 0 0
 0 0 0 0 0
 0 0 0 0 0
 0 0 0 0 0
 0 0 0 0 0
 0 0 0 0 0
 0 0 0 0 0
 0 0 0 0 0
 0 0 0 0 0
 0 0 0 0 0
 0 0 0 0 0
 0 0 0 0 0
 0 0 0 0 0
 0 0 0 0 0
 0 0 0 0 0
 0 0 0 0 0
 0 0 0 0 0
 0 0 0 0 0
 0 0 0 0 0
 0 0 0 0 0
 16.5894 16.272 0.0478953 -0.0296479 15.9607
 3.8614 3.75058 0.0442764 -0.0282168 3.64293
 1.64195 1.57954 0.0410927 -0.0269338 1.51952
 0.893033 0.851 0.0382901 -0.0257851 0.81095
 0.556402 0.525288 0.0358223 -0.0247589 0.495925
 0.378114 0.353703 0.0336499 -0.0238453 0.330876
 0.273008 0.253073 0.03174 -0.0230359 0.234603
 0.20616 0.189398 0.0300641 -0.0223238 0.174007
 0.161163 0.146749 0.0285986 -0.0217034 0.133632
 0.12951 0.116894 0.0273235 -0.0211705 0.105513
 0.106447 0.0952425 0.0262225 -0.0207218 0.0852242
 0.0891525 0.0790813 0.0252823 -0.0203557 0.0701531
 0.075872 0.0667252 0.0244924 -0.0200717 0.0586861
 0.0654682 0.0570866 0.0238454 -0.0198708 0.0497826
 0.0571802 0.0494388 0.0233365 -0.0197556 0.0427497
 0.0504832 0.0432824 0.0229638 -0.0197305 0.0371127
 0.0450094 0.0382676 0.0227306 -0.0198044 0.0325393
 0.0405108 0.034157 0.0226618 -0.0200061 0.0288033
 0.0367837 0.0307583 0.0227653 -0.0203481 0.0257234
 0.0336653 0.0279194 0.0230422 -0.0208355 0.0231574
 0 0 0 0 0
 0 0 0 0 0
 0 0 0 0 0
 0 0 0 0 0
 0 0 0 0 0
 0 0 0 0 0
 0 0 0 0 0
 0 0 0 0 0
 0 0 0 0 0
 0 0 0 0 0
 0 0 0 0 0
 0 0 0 0 0
 0 0 0 0 0
 0 0 0 0 0
 0 0 0 0 0
 0 0 0 0 0
 0 0 0 0 0
 0 0 0 0 0
 0 0 0 0 0
 0 0 0 0 0
 0 0 0 0 0
 0 0 0 0 0
 0 0 0 0 0
 0 0 0 0 0
 0 0 0 0 0
 0 0 0 0 0
 0 0 0 0 0
 0 0 0 0 0
 0 0 0 0 0
 0 0 0 0 0
 0 0 0 0 0
 0 0 0 0 0
 0 0 0 0 0
 0 0 0 0 0
 0 0 0 0 0
 0 0 0 0 0
 0 0 0 0 0
 0 0 0 0 0
 0 0 0 0 0
 0 0 0 0 0
 0 0 0 0 0
 0 0 0 0 0
 0 0 0 0 0
 0 0 0 0 0
 0 0 0 0 0
 0 0 0 0 0
 0 0 0 0 0
 0 0 0 0 0
 0 0 0 0 0
 0 0 0 0 0
 0 0 0 0 0
 0 0 0 0 0
 0 0 0 0 0
 0 0 0 0 0
 0 0 0 0 0
 0 0 0 0 0
 0 0 0 0 0
 0 0 0 0 0
 0 0 0 0 0
 0 0 0 0 0
 0 0 0 0 0
 0 0 0 0 0
 0 0 0 0 0
 0 0 0 0 0
 0 0 0 0 0
 0 0 0 0 0
 0 0 0 0 0
 0 0 0 0 0
 0 0 0 0 0
 0 0 0 0 0
 0 0 0 0 0
 0 0 0 0 0
 0 0 0 0 0
 0 0 0 0 0
 0 0 0 0 0
 0 0 0 0 0
 0 0 0 0 0
 0 0 0 0 0
 0 0 0 0 0
 0 0 0 0 0
 0 0 0 0 0
 0 0 0 0 0
 0 0 0 0 0
 0 0 0 0 0
 0 0 0 0 0
 0 0 0 0 0
 0 0 0 0 0
 0 0 0 0 0
 0 0 0 0 0
 0 0 0 0 0
 0 0 0 0 0
 0 0 0 0 0
 0 0 0 0 0
 0 0 0 0 0
 0 0 0 0 0
 0 0 0 0 0
 0 0 0 0 0
 0 0 0 0 0
 0 0 0 0 0
 0 0 0 0 0
 0 0 0 0 0
 0 0 0 0 0
 16.7174 16.4038 0.0472723 -0.0289375 16.0962
 3.84882 3.74015 0.0436215 -0.0275055 3.63457
 1.63005 1.56901 0.0404137 -0.0262222 1.51026
 0.884558 0.843492 0.0375924 -0.0250734 0.804338
 0.55027 0.519899 0.0351102 -0.024047 0.491215
 0.373509 0.349695 0.0329266 -0.0231326 0.327409
 0.269425 0.249988 0.0310072 -0.0223217 0.231963
 0.203285 0.186951 0.0293228 -0.0216069 0.171936
 0.158797 0.144757 0.0278492 -0.0209825 0.131966
 0.127519 0.115236 0.0265657 -0.0204438 0.104142
 0.104739 0.093835 0.0254552 -0.0199874 0.0840725
 0.0876642 0.0778668 0.0245038 -0.0196112 0.0691699
 0.0745548 0.0656614 0.0237007 -0.0193144 0.0578337
 0.0642875 0.0561422 0.0230377 -0.0190975 0.0490333
 0.056109 0.0485902 0.0225092 -0.0189623 0.0420829
 0.0495009 0.0425112 0.0221125 -0.0189127 0.0365123
 0.0440987 0.0375587 0.0218493 -0.018956 0.0319922
 0.0396502 0.0334923 0.0217357 -0.0191122 0.0282942
 0.0359613 0.0301277 0.021783 -0.0193976 0.0252436
 0 0 0 0 0
 0 0 0 0 0
 0 0 0 0 0
 0 0 0 0 0
 0 0 0 0 0
 0 0 0 0 0
 0 0 0 0 0
 0 0 0 0 0
 0 0 0 0 0
 0 0 0 0 0
 0 0 0 0 0
 0 0 0 0 0
 0 0 0 0 0
 0 0 0 0 0
 0 0 0 0 0
 0 0 0 0 0
 0 0 0 0 0
 0 0 0 0 0
 0 0 0 0 0
 0 0 0 0 0
 0 0 0 0 0
 0 0 0 0 0
 0 0 0 0 0
 0 0 0 0 0
 0 0 0 0 0
 0 0 0 0 0
 0 0 0 0 0
 0 0 0 0 0
 0 0 0 0 0
 0 0 0 0 0
 0 0 0 0 0
 0 0 0 0 0
 0 0 0 0 0
 0 0 0 0 0
 0 0 0 0 0
 0 0 0 0 0
 0 0 0 0 0
 0 0 0 0 0
 0 0 0 0 0
 0 0 0 0 0
 0 0 0 0 0
 0 0 0 0 0
 0 0 0 0 0
 0 0 0 0 0
 0 0 0 0 0
 0 0 0 0 0
 0 0 0 0 0
 0 0 0 0 0
 0 0 0 0 0
 0 0 0 0 0
 0 0 0 0 0
 0 0 0 0 0
 0 0 0 0 0
 0 0 0 0 0
 0 0 0 0 0
 0 0 0 0 0
 0 0 0 0 0
 0 0 0 0 0
 0 0 0 0 0
 0 0 0 0 0
 0 0 0 0 0
 0 0 0 0 0
 0 0 0 0 0
 0 0 0 0 0
 0 0 0 0 0
 0 0 0 0 0
 0 0 0 0 0
 0 0 0 0 0
 0 0 0 0 0
 0 0 0 0 0
 0 0 0 0 0
 0 0 0 0 0
 0 0 0 0 0
 0 0 0 0 0
 0 0 0 0 0
 0 0 0 0 0
 0 0 0 0 0
 0 0 0 0 0
 0 0 0 0 0
 0 0 0 0 0
 0 0 0 0 0
 0 0 0 0 0
 0 0 0 0 0
 0 0 0 0 0
 0 0 0 0 0
 0 0 0 0 0
 0 0 0 0 0
 0 0 0 0 0
 0 0 0 0 0
 0 0 0 0 0
 0 0 0 0 0
 0 0 0 0 0
 0 0 0 0 0
 0 0 0 0 0
 0 0 0 0 0
 0 0 0 0 0
 0 0 0 0 0
 0 0 0 0 0
 0 0 0 0 0
 0 0 0 0 0
 0 0 0 0 0
 0 0 0 0 0
 0 0 0 0 0
 16.8477 16.5378 0.0466753 -0.0282534 16.2337
 3.83679 3.73022 0.0429933 -0.0268212 3.62662
 1.61853 1.5588 0.0397619 -0.0255383 1.50128
 0.87635 0.836217 0.036923 -0.0243902 0.797925
 0.544337 0.51468 0.0344273 -0.0233643 0.486648
 0.369056 0.345817 0.0322332 -0.02245 0.32405
 0.265963 0.247005 0.0303053 -0.0216383 0.229407
 0.20051 0.184585 0.0286136 -0.0209218 0.169933
 0.156513 0.142832 0.0271329 -0.0202944 0.130353
 0.125599 0.113634 0.025842 -0.0197511 0.102815
 0.103094 0.0924775 0.0247234 -0.0192883 0.0829597
 0.08623 0.0766957 0.0237625 -0.0189036 0.0682204
 0.0732874 0.0646363 0.0229479 -0.0185957 0.057011
 0.0631522 0.0552327 0.0222708 -0.0183645 0.0483107
 0.0550801 0.0477735 0.021725 -0.0182118 0.0414401
 0.0485582 0.0417697 0.0213072 -0.0181404 0.0359338
 0.0432253 0.0368777 0.0210172 -0.0181561 0.0314656
 0.0388259 0.0328543 0.0208632 -0.0182715 0.0278045
 0 0 0 0 0
 0 0 0 0 0
 0 0 0 0 0
 0 0 0 0 0
 0 0 0 0 0
 0 0 0 0 0
 0 0 0 0 0
 0 0 0 0 0
 0 0 0 0 0
 0 0 0 0 0
 0 0 0 0 0
 0 0 0 0 0
 0 0 0 0 0
 0 0 0 0 0
 0 0 0 0 0
 0 0 0 0 0
 0 0 0 0 0
 0 0 0 0 0
 0 0 0 0 0
 0 0 0 0 0
 0 0 0 0 0
 0 0 0 0 0
 0 0 0 0 0
 0 0 0 0 0
 0 0 0 0 0
 0 0 0 0 0
 0 0 0 0 0
 0 0 0 0 0
 0 0 0 0 0
 0 0 0 0 0
 0 0 0 0 0
 0 0 0 0 0
 0 0 0 0 0
 0 0 0 0 0
 0 0 0 0 0
 0 0 0 0 0
 0 0 0 0 0
 0 0 0 0 0
 0 0 0 0 0
 0 0 0 0 0
 0 0 0 0 0
 0 0 0 0 0
 0 0 0 0 0
 0 0 0 0 0
 0 0 0 0 0
 0 0 0 0 0
 0 0 0 0 0
 0 0 0 0 0
 0 0 0 0 0
 0 0 0 0 0
 0 0 0 0 0
 0 0 0 0 0
 0 0 0 0 0
 0 0 0 0 0
 0 0 0 0 0
 0 0 0 0 0
 0 0 0 0 0
 0 0 0 0 0
 0 0 0 0 0
 0 0 0 0 0
 0 0 0 0 0
 0 0 0 0 0
 0 0 0 0 0
 0 0 0 0 0
 0 0 0 0 0
 0 0 0 0 0
 0 0 0 0 0
 0 0 0 0 0
 0 0 0 0 0
 0 0 0 0 0
 0 0 0 0 0
 0 0 0 0 0
 0 0 0 0 0
 0 0 0 0 0
 0 0 0 0 0
 0 0 0 0 0
 0 0 0 0 0
 0 0 0 0 0
 0 0 0 0 0
 0 0 0 0 0
 0 0 0 0 0
 0 0 0 0 0
 0 0 0 0 0
 0 0 0 0 0
 0 0 0 0 0
 0 0 0 0 0
 0 0 0 0 0
 0 0 0 0 0
 0 0 0 0 0
 0 0 0 0 0
 0 0 0 0 0
 0 0 0 0 0
 0 0 0 0 0
 0 0 0 0 0
 0 0 0 0 0
 0 0 0 0 0
 0 0 0 0 0
 0 0 0 0 0
 0 0 0 0 0
 0 0 0 0 0
 0 0 0 0 0
 0 0 0 0 0
 0 0 0 0 0
 0 0 0 0 0
 16.9802 16.6739 0.0461032 -0.0275943 16.3732
 3.8253 3.72075 0.0423906 -0.0261625 3.61907
 1.60738 1.54891 0.0391362 -0.0248808 1.49258
 0.8684 0.829159 0.0362803 -0.023734 0.791703
 0.538593 0.509622 0.0337718 -0.0227093 0.482219
 0.364749 0.342061 0.031568 -0.0217958 0.320792
 0.262616 0.244118 0.0296324 -0.0209842 0.22693
 0.197828 0.182297 0.0279343 -0.0202668 0.167992
 0.154309 0.140972 0.0264476 -0.0196372 0.128793
 0.123747 0.112087 0.0251506 -0.0190904 0.101532
 0.101507 0.0911667 0.0240251 -0.0186224 0.0818837
 0.0848492 0.0755657 0.023056 -0.0182304 0.0673028
 0.0720672 0.0636478 0.0222315 -0.0179128 0.0562163
 0.06206 0.0543564 0.0215421 -0.0176693 0.0476131
 0.0540908 0.0469871 0.0209812 -0.017501 0.04082
 0.0476525 0.0410561 0.0205445 -0.0174102 0.0353762
 0.0423872 0.036223 0.0202307 -0.0174014 0.0309584
 0 0 0 0 0
 0 0 0 0 0
 0 0 0 0 0
 0 0 0 0 0
 0 0 0 0 0
 0 0 0 0 0
 0 0 0 0 0
 0 0 0 0 0
 0 0 0 0 0
 0 0 0 0 0
 0 0 0 0 0
 0 0 0 0 0
 0 0 0 0 0
 0 0 0 0 0
 0 0 0 0 0
 0 0 0 0 0
 0 0 0 0 0
 0 0 0 0 0
 0 0 0 0 0
 0 0 0 0 0
 0 0 0 0 0
 0 0 0 0 0
 0 0 0 0 0
 0 0 0 0 0
 0 0 0 0 0
 0 0 0 0 0
 0 0 0 0 0
 0 0 0 0 0
 0 0 0 0 0
 0 0 0 0 0
 0 0 0 0 0
 0 0 0 0 0
 0 0 0 0 0
 0 0 0 0 0
 0 0 0 0 0
 0 0 0 0 0
 0 0 0 0 0
 0 0 0 0 0
 0 0 0 0 0
 0 0 0 0 0
 0 0 0 0 0
 0 0 0 0 0
 0 0 0 0 0
 0 0 0 0 0
 0 0 0 0 0
 0 0 0 0 0
 0 0 0 0 0
 0 0 0 0 0
 0 0 0 0 0
 0 0 0 0 0
 0 0 0 0 0
 0 0 0 0 0
 0 0 0 0 0
 0 0 0 0 0
 0 0 0 0 0
 0 0 0 0 0
 0 0 0 0 0
 0 0 0 0 0
 0 0 0 0 0
 0 0 0 0 0
 0 0 0 0 0
 0 0 0 0 0
 0 0 0 0 0
 0 0 0 0 0
 0 0 0 0 0
 0 0 0 0 0
 0 0 0 0 0
 0 0 0 0 0
 0 0 0 0 0
 0 0 0 0 0
 0 0 0 0 0
 0 0 0 0 0
 0 0 0 0 0
 0 0 0 0 0
 0 0 0 0 0
 0 0 0 0 0
 0 0 0 0 0
 0 0 0 0 0
 0 0 0 0 0
 0 0 0 0 0
 0 0 0 0 0
 0 0 0 0 0
 0 0 0 0 0
 0 0 0 0 0
 0 0 0 0 0
 0 0 0 0 0
 0 0 0 0 0
 0 0 0 0 0
 0 0 0 0 0
 0 0 0 0 0
 0 0 0 0 0
 0 0 0 0 0
 0 0 0 0 0
 0 0 0 0 0
 0 0 0 0 0
 0 0 0 0 0
 0 0 0 0 0
 0 0 0 0 0
 0 0 0 0 0
 0 0 0 0 0
 0 0 0 0 0
 0 0 0 0 0
 0 0 0 0 0
 0 0 0 0 0
 0 0 0 0 0
 17.115 16.8122 0.0455547 -0.026959 16.5147
 3.81432 3.71172 0.0418118 -0.0255282 3.61189
 1.59658 1.53933 0.0385351 -0.0242481 1.48414
 0.860692 0.822317 0.0356627 -0.0231032 0.785662
 0.53303 0.504718 0.0331422 -0.0220803 0.47792
 0.36058 0.338422 0.0309295 -0.0211683 0.317634
 0.259378 0.241322 0.0289871 -0.0203575 0.224529
 0.195237 0.180082 0.0272833 -0.0196401 0.166111
 0.152181 0.139172 0.0257916 -0.0190093 0.127282
 0.121959 0.110592 0.0244894 -0.0184598 0.10029
 0.0999775 0.0899 0.0233581 -0.0179876 0.0808429
 0.0835175 0.0744747 0.0223822 -0.0175895 0.0664155
 0.0708914 0.0626938 0.0215491 -0.0172637 0.0554483
 0.0610083 0.0535112 0.020849 -0.0170094 0.0469392
 0.0531391 0.0462292 0.0202748 -0.0168273 0.0402213
 0.0467818 0.040369 0.0198215 -0.0167193 0.0348384
 0 0 0 0 0
 0 0 0 0 0
 0 0 0 0 0
 0 0 0 0 0
 0 0 0 0 0
 0 0 0 0 0
 0 0 0 0 0
 0 0 0 0 0
 0 0 0 0 0
 0 0 0 0 0
 0 0 0 0 0
 0 0 0 0 0
 0 0 0 0 0
 0 0 0 0 0
 0 0 0 0 0
 0 0 0 0 0
 0 0 0 0 0
 0 0 0 0 0
 0 0 0 0 0
 0 0 0 0 0
 0 0 0 0 0
 0 0 0 0 0
 0 0 0 0 0
 0 0 0 0 0
 0 0 0 0 0
 0 0 0 0 0
 0 0 0 0 0
 0 0 0 0 0
 0 0 0 0 0
 0 0 0 0 0
 0 0 0 0 0
 0 0 0 0 0
 0 0 0 0 0
 0 0 0 0 0
 0 0 0 0 0
 0 0 0 0 0
 0 0 0 0 0
 0 0 0 0 0
 0 0 0 0 0
 0 0 0 0 0
 0 0 0 0 0
 0 0 0 0 0
 0 0 0 0 0
 0 0 0 0 0
 0 0 0 0 0
 0 0 0 0 0
 0 0 0 0 0
 0 0 0 0 0
 0 0 0 0 0
 0 0 0 0 0
 0 0 0 0 0
 0 0 0 0 0
 0 0 0 0 0
 0 0 0 0 0
 0 0 0 0 0
 0 0 0 0 0
 0 0 0 0 0
 0 0 0 0 0
 0 0 0 0 0
 0 0 0 0 0
 0 0 0 0 0
 0 0 0 0 0
 0 0 0 0 0
 0 0 0 0 0
 0 0 0 0 0
 0 0 0 0 0
 0 0 0 0 0
 0 0 0 0 0
 0 0 0 0 0
 0 0 0 0 0
 0 0 0 0 0
 0 0 0 0 0
 0 0 0 0 0
 0 0 0 0 0
 0 0 0 0 0
 0 0 0 0 0
 0 0 0 0 0
 0 0 0 0 0
 0 0 0 0 0
 0 0 0 0 0
 0 0 0 0 0
 0 0 0 0 0
 0 0 0 0 0
 0 0 0 0 0
 0 0 0 0 0
 0 0 0 0 0
 0 0 0 0 0
 0 0 0 0 0
 0 0 0 0 0
 0 0 0 0 0
 0 0 0 0 0
 0 0 0 0 0
 0 0 0 0 0
 0 0 0 0 0
 0 0 0 0 0
 0 0 0 0 0
 0 0 0 0 0
 0 0 0 0 0
 0 0 0 0 0
 0 0 0 0 0
 0 0 0 0 0
 0 0 0 0 0
 0 0 0 0 0
 0 0 0 0 0
 0 0 0 0 0
 0 0 0 0 0
 17.2518 16.9523 0.0450284 -0.0263461 16.6581
 3.80383 3.70311 0.0412557 -0.0249169 3.60507
 1.5861 1.53002 0.0379572 -0.023639 1.47595
 0.853225 0.815678 0.035069 -0.0224967 0.779794
 0.527638 0.499962 0.0325372 -0.0214762 0.473746
 0.356543 0.334894 0.0303162 -0.0205662 0.314568
 0.256245 0.238613 0.0283676 -0.0197568 0.222201
 0.192731 0.177938 0.026659 -0.0190399 0.164288
 0.150122 0.13743 0.025163 -0.0184087 0.125817
 0.120232 0.109146 0.0238566 -0.0178575 0.0990867
 0.0985 0.088675 0.0227206 -0.017382 0.0798352
 0.0822327 0.0734205 0.0217388 -0.0169789 0.0655568
 0.0697578 0.0617727 0.0208986 -0.0166461 0.0547056
 0.059995 0.0526956 0.0201893 -0.0163824 0.0462878
 0.0522226 0.0454983 0.0196034 -0.0161882 0.0396431
 0 0 0 0 0
 0 0 0 0 0
 0 0 0 0 0
 0 0 0 0 0
 0 0 0 0 0
 0 0 0 0 0
 0 0 0 0 0
 0 0 0 0 0
 0 0 0 0 0
 0 0 0 0 0
 0 0 0 0 0
 0 0 0 0 0
 0 0 0 0 0
 0 0 0 0 0
 0 0 0 0 0
 0 0 0 0 0
 0 0 0 0 0
 0 0 0 0 0
 0 0 0 0 0
 0 0 0 0 0
 0 0 0 0 0
 0 0 0 0 0
 0 0 0 0 0
 0 0 0 0 0
 0 0 0 0 0
 0 0 0 0 0
 0 0 0 0 0
 0 0 0 0 0
 0 0 0 0 0
 0 0 0 0 0
 0 0 0 0 0
 0 0 0 0 0
 0 0 0 0 0
 0 0 0 0 0
 0 0 0 0 0
 0 0 0 0 0
 0 0 0 0 0
 0 0 0 0 0
 0 0 0 0 0
 0 0 0 0 0
 0 0 0 0 0
 0 0 0 0 0
 0 0 0 0 0
 0 0 0 0 0
 0 0 0 0 0
 0 0 0 0 0
 0 0 0 0 0
 0 0 0 0 0
 0 0 0 0 0
 0 0 0 0 0
 0 0 0 0 0
 0 0 0 0 0
 0 0 0 0 0
 0 0 0 0 0
 0 0 0 0 0
 0 0 0 0 0
 0 0 0 0 0
 0 0 0 0 0
 0 0 0 0 0
 0 0 0 0 0
 0 0 0 0 0
 0 0 0 0 0
 0 0 0 0 0
 0 0 0 0 0
 0 0 0 0 0
 0 0 0 0 0
 0 0 0 0 0
 0 0 0 0 0
 0 0 0 0 0
 0 0 0 0 0
 0 0 0 0 0
 0 0 0 0 0
 0 0 0 0 0
 0 0 0 0 0
 0 0 0 0 0
 0 0 0 0 0
 0 0 0 0 0
 0 0 0 0 0
 0 0 0 0 0
 0 0 0 0 0
 0 0 0 0 0
 0 0 0 0 0
 0 0 0 0 0
 0 0 0 0 0
 0 0 0 0 0
 0 0 0 0 0
 0 0 0 0 0
 0 0 0 0 0
 0 0 0 0 0
 0 0 0 0 0
 0 0 0 0 0
 0 0 0 0 0
 0 0 0 0 0
 0 0 0 0 0
 0 0 0 0 0
 0 0 0 0 0
 0 0 0 0 0
 0 0 0 0 0
 0 0 0 0 0
 0 0 0 0 0
 0 0 0 0 0
 0 0 0 0 0
 0 0 0 0 0
 0 0 0 0 0
 0 0 0 0 0
 0 0 0 0 0
 0 0 0 0 0
 17.3907 17.0946 0.0445233 -0.0257547 16.8034
 3.7938 3.6949 0.0407212 -0.0243275 3.5986
 1.57595 1.52101 0.0374013 -0.0230523 1.46799
 0.845975 0.809232 0.0344978 -0.021913 0.774092
 0.522411 0.495346 0.0319552 -0.0208954 0.469691
 0.35263 0.331472 0.0297266 -0.019988 0.311592
 0.253212 0.235987 0.0277725 -0.0191807 0.21994
 0.190305 0.175862 0.0260598 -0.018465 0.16252
 0.148132 0.135744 0.0245604 -0.017834 0.124398
 0.118563 0.107746 0.0232506 -0.0172818 0.0979208
 0.0970733 0.0874908 0.0221107 -0.0168039 0.0788591
 0.0809924 0.0724013 0.0211243 -0.0163968 0.0647255
 0.068664 0.0608826 0.0202779 -0.016058 0.0539867
 0.0590179 0.0519078 0.0195608 -0.0157863 0.0456578
 0 0 0 0 0
 0 0 0 0 0
 0 0 0 0 0
 0 0 0 0 0
 0 0 0 0 0
 0 0 0 0 0
 0 0 0 0 0
 0 0 0 0 0
 0 0 0 0 0
 0 0 0 0 0
 0 0 0 0 0
 0 0 0 0 0
 0 0 0 0 0
 0 0 0 0 0
 0 0 0 0 0
 0 0 0 0 0
 0 0 0 0 0
 0 0 0 0 0
 0 0 0 0 0
 0 0 0 0 0
 0 0 0 0 0
 0 0 0 0 0
 0 0 0 0 0
 0 0 0 0 0
 0 0 0 0 0
 0 0 0 0 0
 0 0 0 0 0
 0 0 0 0 0
 0 0 0 0 0
 0 0 0 0 0
 0 0 0 0 0
 0 0 0 0 0
 0 0 0 0 0
 0 0 0 0 0
 0 0 0 0 0
 0 0 0 0 0
 0 0 0 0 0
 0 0 0 0 0
 0 0 0 0 0
 0 0 0 0 0
 0 0 0 0 0
 0 0 0 0 0
 0 0 0 0 0
 0 0 0 0 0
 0 0 0 0 0
 0 0 0 0 0
 0 0 0 0 0
 0 0 0 0 0
 0 0 0 0 0
 0 0 0 0 0
 0 0 0 0 0
 0 0 0 0 0
 0 0 0 0 0
 0 0 0 0 0
 0 0 0 0 0
 0 0 0 0 0
 0 0 0 0 0
 0 0 0 0 0
 0 0 0 0 0
 0 0 0 0 0
 0 0 0 0 0
 0 0 0 0 0
 0 0 0 0 0
 0 0 0 0 0
 0 0 0 0 0
 0 0 0 0 0
 0 0 0 0 0
 0 0 0 0 0
 0 0 0 0 0
 0 0 0 0 0
 0 0 0 0 0
 0 0 0 0 0
 0 0 0 0 0
 0 0 0 0 0
 0 0 0 0 0
 0 0 0 0 0
 0 0 0 0 0
 0 0 0 0 0
 0 0 0 0 0
 0 0 0 0 0
 0 0 0 0 0
 0 0 0 0 0
 0 0 0 0 0
 0 0 0 0 0
 0 0 0 0 0
 0 0 0 0 0
 0 0 0 0 0
 0 0 0 0 0
 0 0 0 0 0
 0 0 0 0 0
 0 0 0 0 0
 0 0 0 0 0
 0 0 0 0 0
 0 0 0 0 0
 0 0 0 0 0
 0 0 0 0 0
 0 0 0 0 0
 0 0 0 0 0
 0 0 0 0 0
 0 0 0 0 0
 0 0 0 0 0
 0 0 0 0 0
 0 0 0 0 0
 0 0 0 0 0
 0 0 0 0 0
 0 0 0 0 0
 0 0 0 0 0
 0 0 0 0 0
 17.5318 17.2388 0.0440382 -0.0251836 16.9506
 3.78421 3.68707 0.040207 -0.0237589 3.59245
 1.5661 1.51225 0.0368663 -0.0224869 1.46027
 0.838942 0.802969 0.0339481 -0.021351 0.768548
 0.51734 0.490863 0.0313952 -0.0203369 0.46575
 0.348838 0.328152 0.0291595 -0.0194325 0.3087
 0.250273 0.23344 0.0272006 -0.0186277 0.217746
 0.187957 0.173848 0.0254844 -0.0179138 0.160803
 0.146207 0.13411 0.0239823 -0.0172837 0.12302
 0.116948 0.10639 0.0226698 -0.0167312 0.0967908
 0.0956933 0.0863442 0.0215269 -0.0162517 0.077913
 0.0797942 0.0714152 0.0205367 -0.0158414 0.0639201
 0.067608 0.0600219 0.0196852 -0.0154977 0.0532907
 0 0 0 0 0
 0 0 0 0 0
 0 0 0 0 0
 0 0 0 0 0
 0 0 0 0 0
 0 0 0 0 0
 0 0 0 0 0
 0 0 0 0 0
 0 0 0 0 0
 0 0 0 0 0
 0 0 0 0 0
 0 0 0 0 0
 0 0 0 0 0
 0 0 0 0 0
 0 0 0 0 0
 0 0 0 0 0
 0 0 0 0 0
 0 0 0 0 0
 0 0 0 0 0
 0 0 0 0 0
 0 0 0 0 0
 0 0 0 0 0
 0 0 0 0 0
 0 0 0 0 0
 0 0 0 0 0
 0 0 0 0 0
 0 0 0 0 0
 0 0 0 0 0
 0 0 0 0 0
 0 0 0 0 0
 0 0 0 0 0
 0 0 0 0 0
 0 0 0 0 0
 0 0 0 0 0
 0 0 0 0 0
 0 0 0 0 0
 0 0 0 0 0
 0 0 0 0 0
 0 0 0 0 0
 0 0 0 0 0
 0 0 0 0 0
 0 0 0 0 0
 0 0 0 0 0
 0 0 0 0 0
 0 0 0 0 0
 0 0 0 0 0
 0 0 0 0 0
 0 0 0 0 0
 0 0 0 0 0
 0 0 0 0 0
 0 0 0 0 0
 0 0 0 0 0
 0 0 0 0 0
 0 0 0 0 0
 0 0 0 0 0
 0 0 0 0 0
 0 0 0 0 0
 0 0 0 0 0
 0 0 0 0 0
 0 0 0 0 0
 0 0 0 0 0
 0 0 0 0 0
 0 0 0 0 0
 0 0 0 0 0
 0 0 0 0 0
 0 0 0 0 0
 0 0 0 0 0
 0 0 0 0 0
 0 0 0 0 0
 0 0 0 0 0
 0 0 0 0 0
 0 0 0 0 0
 0 0 0 0 0
 0 0 0 0 0
 0 0 0 0 0
 0 0 0 0 0
 0 0 0 0 0
 0 0 0 0 0
 0 0 0 0 0
 0 0 0 0 0
 0 0 0 0 0
 0 0 0 0 0
 0 0 0 0 0
 0 0 0 0 0
 0 0 0 0 0
 0 0 0 0 0
 0 0 0 0 0
 0 0 0 0 0
 0 0 0 0 0
 0 0 0 0 0
 0 0 0 0 0
 0 0 0 0 0
 0 0 0 0 0
 0 0 0 0 0
 0 0 0 0 0
 0 0 0 0 0
 0 0 0 0 0
 0 0 0 0 0
 0 0 0 0 0
 0 0 0 0 0
 0 0 0 0 0
 0 0 0 0 0
 0 0 0 0 0
 0 0 0 0 0
 0 0 0 0 0
 0 0 0 0 0
 0 0 0 0 0
 0 0 0 0 0
 0 0 0 0 0
 17.6748 17.3848 0.0435722 -0.0246318 17.0996
 3.77504 3.67962 0.0397123 -0.0232101 3.58661
 1.55654 1.50375 0.0363512 -0.0219418 1.45276
 0.832112 0.796884 0.0334186 -0.0208097 0.763157
 0.512418 0.486509 0.0308558 -0.0197994 0.461918
 0.345159 0.324927 0.0286137 -0.0188986 0.30589
 0.247424 0.230969 0.0266506 -0.0180967 0.215614
 0.185682 0.171895 0.0249315 -0.0173852 0.159137
 0.144343 0.132527 0.0234272 -0.0167563 0.121683
 0.115386 0.105077 0.0221128 -0.0162042 0.0956942
 0.0943592 0.0852342 0.0209677 -0.0157238 0.0769956
 0.078636 0.0704609 0.0199745 -0.0153111 0.0631394
 0 0 0 0 0
 0 0 0 0 0
 0 0 0 0 0
 0 0 0 0 0
 0 0 0 0 0
 0 0 0 0 0
 0 0 0 0 0
 0 0 0 0 0
 0 0 0 0 0
 0 0 0 0 0
 0 0 0 0 0
 0 0 0 0 0
 0 0 0 0 0
 0 0 0 0 0
 0 0 0 0 0
 0 0 0 0 0
 0 0 0 0 0
 0 0 0 0 0
 0 0 0 0 0
 0 0 0 0 0
 0 0 0 0 0
 0 0 0 0 0
 0 0 0 0 0
 0 0 0 0 0
 0 0 0 0 0
 0 0 0 0 0
 0 0 0 0 0
 0 0 0 0 0
 0 0 0 0 0
 0 0 0 0 0
 0 0 0 0 0
 0 0 0 0 0
 0 0 0 0 0
 0 0 0 0 0
 0 0 0 0 0
 0 0 0 0 0
 0 0 0 0 0
 0 0 0 0 0
 0 0 0 0 0
 0 0 0 0 0
 0 0 0 0 0
 0 0 0 0 0
 0 0 0 0 0
 0 0 0 0 0
 0 0 0 0 0
 0 0 0 0 0
 0 0 0 0 0
 0 0 0 0 0
 0 0 0 0 0
 0 0 0 0 0
 0 0 0 0 0
 0 0 0 0 0
 0 0 0 0 0
 0 0 0 0 0
 0 0 0 0 0
 0 0 0 0 0
 0 0 0 0 0
 0 0 0 0 0
 0 0 0 0 0
 0 0 0 0 0
 0 0 0 0 0
 0 0 0 0 0
 0 0 0 0 0
 0 0 0 0 0
 0 0 0 0 0
 0 0 0 0 0
 0 0 0 0 0
 0 0 0 0 0
 0 0 0 0 0
 0 0 0 0 0
 0 0 0 0 0
 0 0 0 0 0
 0 0 0 0 0
 0 0 0 0 0
 0 0 0 0 0
 0 0 0 0 0
 0 0 0 0 0
 0 0 0 0 0
 0 0 0 0 0
 0 0 0 0 0
 0 0 0 0 0
 0 0 0 0 0
 0 0 0 0 0
 0 0 0 0 0
 0 0 0 0 0
 0 0 0 0 0
 0 0 0 0 0
 0 0 0 0 0
 0 0 0 0 0
 0 0 0 0 0
 0 0 0 0 0
 0 0 0 0 0
 0 0 0 0 0
 0 0 0 0 0
 0 0 0 0 0
 0 0 0 0 0
 0 0 0 0 0
 0 0 0 0 0
 0 0 0 0 0
 0 0 0 0 0
 0 0 0 0 0
 0 0 0 0 0
 0 0 0 0 0
 0 0 0 0 0
 0 0 0 0 0
 0 0 0 0 0
 0 0 0 0 0
 0 0 0 0 0
 0 0 0 0 0
 0 0 0 0 0
 17.8198 17.5327 0.0431243 -0.0240985 17.2503
 3.76627 3.67249 0.0392361 -0.0226802 3.58106
 1.54726 1.49549 0.0358548 -0.0214157 1.44546
 0.825476 0.790967 0.0329083 -0.0202879 0.75791
 0.50764 0.482278 0.0303363 -0.0192818 0.458191
 0.341589 0.321797 0.0280881 -0.018385 0.303157
 0.244661 0.22857 0.0261212 -0.0175866 0.213543
 0.183477 0.17 0.0243998 -0.0168777 0.157519
 0.142537 0.130991 0.022894 -0.0162508 0.120385
 0.113873 0.103804 0.0215783 -0.0156996 0.0946292
 0.0930683 0.0841583 0.0204317 -0.0152188 0.0761054
 0 0 0 0 0
 0 0 0 0 0
 0 0 0 0 0
 0 0 0 0 0
 0 0 0 0 0
 0 0 0 0 0
 0 0 0 0 0
 0 0 0 0 0
 0 0 0 0 0
 0 0 0 0 0
 0 0 0 0 0
 0 0 0 0 0
 0 0 0 0 0
 0 0 0 0 0
 0 0 0 0 0
 0 0 0 0 0
 0 0 0 0 0
 0 0 0 0 0
 0 0 0 0 0
 0 0 0 0 0
 0 0 0 0 0
 0 0 0 0 0
 0 0 0 0 0
 0 0 0 0 0
 0 0 0 0 0
 0 0 0 0 0
 0 0 0 0 0
 0 0 0 0 0
 0 0 0 0 0
 0 0 0 0 0
 0 0 0 0 0
 0 0 0 0 0
 0 0 0 0 0
 0 0 0 0 0
 0 0 0 0 0
 0 0 0 0 0
 0 0 0 0 0
 0 0 0 0 0
 0 0 0 0 0
 0 0 0 0 0
 0 0 0 0 0
 0 0 0 0 0
 0 0 0 0 0
 0 0 0 0 0
 0 0 0 0 0
 0 0 0 0 0
 0 0 0 0 0
 0 0 0 0 0
 0 0 0 0 0
 0 0 0 0 0
 0 0 0 0 0
 0 0 0 0 0
 0 0 0 0 0
 0 0 0 0 0
 0 0 0 0 0
 0 0 0 0 0
 0 0 0 0 0
 0 0 0 0 0
 0 0 0 0 0
 0 0 0 0 0
 0 0 0 0 0
 0 0 0 0 0
 0 0 0 0 0
 0 0 0 0 0
 0 0 0 0 0
 0 0 0 0 0
 0 0 0 0 0
 0 0 0 0 0
 0 0 0 0 0
 0 0 0 0 0
 0 0 0 0 0
 0 0 0 0 0
 0 0 0 0 0
 0 0 0 0 0
 0 0 0 0 0
 0 0 0 0 0
 0 0 0 0 0
 0 0 0 0 0
 0 0 0 0 0
 0 0 0 0 0
 0 0 0 0 0
 0 0 0 0 0
 0 0 0 0 0
 0 0 0 0 0
 0 0 0 0 0
 0 0 0 0 0
 0 0 0 0 0
 0 0 0 0 0
 0 0 0 0 0
 0 0 0 0 0
 0 0 0 0 0
 0 0 0 0 0
 0 0 0 0 0
 0 0 0 0 0
 0 0 0 0 0
 0 0 0 0 0
 0 0 0 0 0
 0 0 0 0 0
 0 0 0 0 0
 0 0 0 0 0
 0 0 0 0 0
 0 0 0 0 0
 0 0 0 0 0
 0 0 0 0 0
 0 0 0 0 0
 0 0 0 0 0
 0 0 0 0 0
 0 0 0 0 0
 0 0 0 0 0
 0 0 0 0 0
 0 0 0 0 0
 17.9668 17.6827 0.0426937 -0.0235828 17.4029
 3.75789 3.66571 0.0387773 -0.0221681 3.5758
 1.53823 1.48746 0.0353763 -0.020908 1.43837
 0.819027 0.785213 0.0324163 -0.0197848 0.752803
 0.502997 0.478164 0.0298354 -0.0187833 0.454563
 0.338124 0.318753 0.0275817 -0.0178908 0.300499
 0.241981 0.22624 0.0256115 -0.0170962 0.211529
 0.181339 0.168161 0.0238883 -0.0163905 0.155946
 0.140786 0.129501 0.0223814 -0.0157659 0.119124
 0.112408 0.102569 0.0210651 -0.0152161 0.0935958
 0 0 0 0 0
 0 0 0 0 0
 0 0 0 0 0
 0 0 0 0 0
 0 0 0 0 0
 0 0 0 0 0
 0 0 0 0 0
 0 0 0 0 0
 0 0 0 0 0
 0 0 0 0 0
 0 0 0 0 0
 0 0 0 0 0
 0 0 0 0 0
 0 0 0 0 0
 0 0 0 0 0
 0 0 0 0 0
 0 0 0 0 0
 0 0 0 0 0
 0 0 0 0 0
 0 0 0 0 0
 0 0 0 0 0
 0 0 0 0 0
 0 0 0 0 0
 0 0 0 0 0
 0 0 0 0 0
 0 0 0 0 0
 0 0 0 0 0
 0 0 0 0 0
 0 0 0 0 0
 0 0 0 0 0
 0 0 0 0 0
 0 0 0 0 0
 0 0 0 0 0
 0 0 0 0 0
 0 0 0 0 0
 0 0 0 0 0
 0 0 0 0 0
 0 0 0 0 0
 0 0 0 0 0
 0 0 0 0 0
 0 0 0 0 0
 0 0 0 0 0
 0 0 0 0 0
 0 0 0 0 0
 0 0 0 0 0
 0 0 0 0 0
 0 0 0 0 0
 0 0 0 0 0
 0 0 0 0 0
 0 0 0 0 0
 0 0 0 0 0
 0 0 0 0 0
 0 0 0 0 0
 0 0 0 0 0
 0 0 0 0 0
 0 0 0 0 0
 0 0 0 0 0
 0 0 0 0 0
 0 0 0 0 0
 0 0 0 0 0
 0 0 0 0 0
 0 0 0 0 0
 0 0 0 0 0
 0 0 0 0 0
 0 0 0 0 0
 0 0 0 0 0
 0 0 0 0 0
 0 0 0 0 0
 0 0 0 0 0
 0 0 0 0 0
 0 0 0 0 0
 0 0 0 0 0
 0 0 0 0 0
 0 0 0 0 0
 0 0 0 0 0
 0 0 0 0 0
 0 0 0 0 0
 0 0 0 0 0
 0 0 0 0 0
 0 0 0 0 0
 0 0 0 0 0
 0 0 0 0 0
 0 0 0 0 0
 0 0 0 0 0
 0 0 0 0 0
 0 0 0 0 0
 0 0 0 0 0
 0 0 0 0 0
 0 0 0 0 0
 0 0 0 0 0
 0 0 0 0 0
 0 0 0 0 0
 0 0 0 0 0
 0 0 0 0 0
 0 0 0 0 0
 0 0 0 0 0
 0 0 0 0 0
 0 0 0 0 0
 0 0 0 0 0
 0 0 0 0 0
 0 0 0 0 0
 0 0 0 0 0
 0 0 0 0 0
 0 0 0 0 0
 0 0 0 0 0
 0 0 0 0 0
 0 0 0 0 0
 0 0 0 0 0
 0 0 0 0 0
 0 0 0 0 0
 0 0 0 0 0
 0 0 0 0 0
 18.1157 17.8343 0.0422796 -0.0230838 17.5572
 3.74987 3.65923 0.0383353 -0.0216731 3.57081
 1.52947 1.47965 0.0349148 -0.0204177 1.43146
 0.812757 0.779613 0.0319418 -0.0192994 0.74783
 0.498487 0.474162 0.0293523 -0.0183028 0.451033
 0.334758 0.315796 0.0270934 -0.0174148 0.297913
 0.239378 0.223976 0.0251203 -0.0166245 0.20957
 0.179265 0.166375 0.0233958 -0.0159223 0.154417
 0.139088 0.128053 0.0218885 -0.0153005 0.117899
 0 0 0 0 0
 0 0 0 0 0
 0 0 0 0 0
 0 0 0 0 0
 0 0 0 0 0
 0 0 0 0 0
 0 0 0 0 0
 0 0 0 0 0
 0 0 0 0 0
 0 0 0 0 0
 0 0 0 0 0
 0 0 0 0 0
 0 0 0 0 0
 0 0 0 0 0
 0 0 0 0 0
 0 0 0 0 0
 0 0 0 0 0
 0 0 0 0 0
 0 0 0 0 0
 0 0 0 0 0
 0 0 0 0 0
 0 0 0 0 0
 0 0 0 0 0
 0 0 0 0 0
 0 0 0 0 0
 0 0 0 0 0
 0 0 0 0 0
 0 0 0 0 0
 0 0 0 0 0
 0 0 0 0 0
 0 0 0 0 0
 0 0 0 0 0
 0 0 0 0 0
 0 0 0 0 0
 0 0 0 0 0
 0 0 0 0 0
 0 0 0 0 0
 0 0 0 0 0
 0 0 0 0 0
 0 0 0 0 0
 0 0 0 0 0
 0 0 0 0 0
 0 0 0 0 0
 0 0 0 0 0
 0 0 0 0 0
 0 0 0 0 0
 0 0 0 0 0
 0 0 0 0 0
 0 0 0 0 0
 0 0 0 0 0
 0 0 0 0 0
 0 0 0 0 0
 0 0 0 0 0
 0 0 0 0 0
 0 0 0 0 0
 0 0 0 0 0
 0 0 0 0 0
 0 0 0 0 0
 0 0 0 0 0
 0 0 0 0 0
 0 0 0 0 0
 0 0 0 0 0
 0 0 0 0 0
 0 0 0 0 0
 0 0 0 0 0
 0 0 0 0 0
 0 0 0 0 0
 0 0 0 0 0
 0 0 0 0 0
 0 0 0 0 0
 0 0 0 0 0
 0 0 0 0 0
 0 0 0 0 0
 0 0 0 0 0
 0 0 0 0 0
 0 0 0 0 0
 0 0 0 0 0
 0 0 0 0 0
 0 0 0 0 0
 0 0 0 0 0
 0 0 0 0 0
 0 0 0 0 0
 0 0 0 0 0
 0 0 0 0 0
 0 0 0 0 0
 0 0 0 0 0
 0 0 0 0 0
 0 0 0 0 0
 0 0 0 0 0
 0 0 0 0 0
 0 0 0 0 0
 0 0 0 0 0
 0 0 0 0 0
 0 0 0 0 0
 0 0 0 0 0
 0 0 0 0 0
 0 0 0 0 0
 0 0 0 0 0
 0 0 0 0 0
 0 0 0 0 0
 0 0 0 0 0
 0 0 0 0 0
 0 0 0 0 0
 0 0 0 0 0
 0 0 0 0 0
 0 0 0 0 0
 0 0 0 0 0
 0 0 0 0 0
 0 0 0 0 0
 0 0 0 0 0
 0 0 0 0 0
 0 0 0 0 0
 0 0 0 0 0
 18.2666 17.9878 0.0418811 -0.0226008 17.7133
 3.7422 3.65307 0.0379092 -0.0211944 3.56607
 1.52095 1.47205 0.0344695 -0.019944 1.42473
 0.806657 0.774162 0.0314837 -0.0188308 0.742985
 0.4941 0.470268 0.0288861 -0.0178394 0.447593
 0.331488 0.312918 0.0266224 -0.0169564 0.295396
 0.236852 0.221775 0.0246469 -0.0161706 0.207663
 0.177251 0.164639 0.0229214 -0.0154723 0.152929
 0 0 0 0 0
 0 0 0 0 0
 0 0 0 0 0
 0 0 0 0 0
 0 0 0 0 0
 0 0 0 0 0
 0 0 0 0 0
 0 0 0 0 0
 0 0 0 0 0
 0 0 0 0 0
 0 0 0 0 0
 0 0 0 0 0
 0 0 0 0 0
 0 0 0 0 0
 0 0 0 0 0
 0 0 0 0 0
 0 0 0 0 0
 0 0 0 0 0
 0 0 0 0 0
 0 0 0 0 0
 0 0 0 0 0
 0 0 0 0 0
 0 0 0 0 0
 0 0 0 0 0
 0 0 0 0 0
 0 0 0 0 0
 0 0 0 0 0
 0 0 0 0 0
 0 0 0 0 0
 0 0 0 0 0
 0 0 0 0 0
 0 0 0 0 0
 0 0 0 0 0
 0 0 0 0 0
 0 0 0 0 0
 0 0 0 0 0
 0 0 0 0 0
 0 0 0 0 0
 0 0 0 0 0
 0 0 0 0 0
 0 0 0 0 0
 0 0 0 0 0
 0 0 0 0 0
 0 0 0 0 0
 0 0 0 0 0
 0 0 0 0 0
 0 0 0 0 0
 0 0 0 0 0
 0 0 0 0 0
 0 0 0 0 0
 0 0 0 0 0
 0 0 0 0 0
 0 0 0 0 0
 0 0 0 0 0
 0 0 0 0 0
 0 0 0 0 0
 0 0 0 0 0
 0 0 0 0 0
 0 0 0 0 0
 0 0 0 0 0
 0 0 0 0 0
 0 0 0 0 0
 0 0 0 0 0
 0 0 0 0 0
 0 0 0 0 0
 0 0 0 0 0
 0 0 0 0 0
 0 0 0 0 0
 0 0 0 0 0
 0 0 0 0 0
 0 0 0 0 0
 0 0 0 0 0
 0 0 0 0 0
 0 0 0 0 0
 0 0 0 0 0
 0 0 0 0 0
 0 0 0 0 0
 0 0 0 0 0
 0 0 0 0 0
 0 0 0 0 0
 0 0 0 0 0
 0 0 0 0 0
 0 0 0 0 0
 0 0 0 0 0
 0 0 0 0 0
 0 0 0 0 0
 0 0 0 0 0
 0 0 0 0 0
 0 0 0 0 0
 0 0 0 0 0
 0 0 0 0 0
 0 0 0 0 0
 0 0 0 0 0
 0 0 0 0 0
 0 0 0 0 0
 0 0 0 0 0
 0 0 0 0 0
 0 0 0 0 0
 0 0 0 0 0
 0 0 0 0 0
 0 0 0 0 0
 0 0 0 0 0
 0 0 0 0 0
 0 0 0 0 0
 0 0 0 0 0
 0 0 0 0 0
 0 0 0 0 0
 0 0 0 0 0
 0 0 0 0 0
 0 0 0 0 0
 0 0 0 0 0
 0 0 0 0 0
 0 0 0 0 0
 0 0 0 0 0
 18.4193 18.1432 0.0414975 -0.0221332 17.8712
 3.73486 3.64718 0.0374982 -0.0207313 3.56158
 1.51267 1.46466 0.0340397 -0.0194861 1.41819
 0.800722 0.768855 0.0310413 -0.0183784 0.738263
 0.489833 0.466478 0.0284359 -0.0173924 0.444243
 0.328308 0.310119 0.0261677 -0.0165147 0.292943
 0.234397 0.219635 0.0241903 -0.0157335 0.205807
 0 0 0 0 0
 0 0 0 0 0
 0 0 0 0 0
 0 0 0 0 0
 0 0 0 0 0
 0 0 0 0 0
 0 0 0 0 0
 0 0 0 0 0
 0 0 0 0 0
 0 0 0 0 0
 0 0 0 0 0
 0 0 0 0 0
 0 0 0 0 0
 0 0 0 0 0
 0 0 0 0 0
 0 0 0 0 0
 0 0 0 0 0
 0 0 0 0 0
 0 0 0 0 0
 0 0 0 0 0
 0 0 0 0 0
 0 0 0 0 0
 0 0 0 0 0
 0 0 0 0 0
 0 0 0 0 0
 0 0 0 0 0
 0 0 0 0 0
 0 0 0 0 0
 0 0 0 0 0
 0 0 0 0 0
 0 0 0 0 0
 0 0 0 0 0
 0 0 0 0 0
 0 0 0 0 0
 0 0 0 0 0
 0 0 0 0 0
 0 0 0 0 0
 0 0 0 0 0
 0 0 0 0 0
 0 0 0 0 0
 0 0 0 0 0
 0 0 0 0 0
 0 0 0 0 0
 0 0 0 0 0
 0 0 0 0 0
 0 0 0 0 0
 0 0 0 0 0
 0 0 0 0 0
 0 0 0 0 0
 0 0 0 0 0
 0 0 0 0 0
 0 0 0 0 0
 0 0 0 0 0
 0 0 0 0 0
 0 0 0 0 0
 0 0 0 0 0
 0 0 0 0 0
 0 0 0 0 0
 0 0 0 0 0
 0 0 0 0 0
 0 0 0 0 0
 0 0 0 0 0
 0 0 0 0 0
 0 0 0 0 0
 0 0 0 0 0
 0 0 0 0 0
 0 0 0 0 0
 0 0 0 0 0
 0 0 0 0 0
 0 0 0 0 0
 0 0 0 0 0
 0 0 0 0 0
 0 0 0 0 0
 0 0 0 0 0
 0 0 0 0 0
 0 0 0 0 0
 0 0 0 0 0
 0 0 0 0 0
 0 0 0 0 0
 0 0 0 0 0
 0 0 0 0 0
 0 0 0 0 0
 0 0 0 0 0
 0 0 0 0 0
 0 0 0 0 0
 0 0 0 0 0
 0 0 0 0 0
 0 0 0 0 0
 0 0 0 0 0
 0 0 0 0 0
 0 0 0 0 0
 0 0 0 0 0
 0 0 0 0 0
 0 0 0 0 0
 0 0 0 0 0
 0 0 0 0 0
 0 0 0 0 0
 0 0 0 0 0
 0 0 0 0 0
 0 0 0 0 0
 0 0 0 0 0
 0 0 0 0 0
 0 0 0 0 0
 0 0 0 0 0
 0 0 0 0 0
 0 0 0 0 0
 0 0 0 0 0
 0 0 0 0 0
 0 0 0 0 0
 0 0 0 0 0
 0 0 0 0 0
 0 0 0 0 0
 0 0 0 0 0
 0 0 0 0 0
 0 0 0 0 0
 18.5738 18.3003 0.0411283 -0.02168 18.0307
 3.72783 3.64157 0.0371016 -0.0202831 3.55733
 1.50461 1.45747 0.0336244 -0.0190433 1.41181
 0.794945 0.763684 0.0306138 -0.0179413 0.73366
 0.485682 0.462787 0.028001 -0.016961 0.440976
 0.325217 0.307394 0.0257288 -0.0160886 0.290554
 0 0 0 0 0
 0 0 0 0 0
 0 0 0 0 0
 0 0 0 0 0
 0 0 0 0 0
 0 0 0 0 0
 0 0 0 0 0
 0 0 0 0 0
 0 0 0 0 0
 0 0 0 0 0
 0 0 0 0 0
 0 0 0 0 0
 0 0 0 0 0
 0 0 0 0 0
 0 0 0 0 0
 0 0 0 0 0
 0 0 0 0 0
 0 0 0 0 0
 0 0 0 0 0
 0 0 0 0 0
 0 0 0 0 0
 0 0 0 0 0
 0 0 0 0 0
 0 0 0 0 0
 0 0 0 0 0
 0 0 0 0 0
 0 0 0 0 0
 0 0 0 0 0
 0 0 0 0 0
 0 0 0 0 0
 0 0 0 0 0
 0 0 0 0 0
 0 0 0 0 0
 0 0 0 0 0
 0 0 0 0 0
 0 0 0 0 0
 0 0 0 0 0
 0 0 0 0 0
 0 0 0 0 0
 0 0 0 0 0
 0 0 0 0 0
 0 0 0 0 0
 0 0 0 0 0
 0 0 0 0 0
 0 0 0 0 0
 0 0 0 0 0
 0 0 0 0 0
 0 0 0 0 0
 0 0 0 0 0
 0 0 0 0 0
 0 0 0 0 0
 0 0 0 0 0
 0 0 0 0 0
 0 0 0 0 0
 0 0 0 0 0
 0 0 0 0 0
 0 0 0 0 0
 0 0 0 0 0
 0 0 0 0 0
 0 0 0 0 0
 0 0 0 0 0
 0 0 0 0 0
 0 0 0 0 0
 0 0 0 0 0
 0 0 0 0 0
 0 0 0 0 0
 0 0 0 0 0
 0 0 0 0 0
 0 0 0 0 0
 0 0 0 0 0
 0 0 0 0 0
 0 0 0 0 0
 0 0 0 0 0
 0 0 0 0 0
 0 0 0 0 0
 0 0 0 0 0
 0 0 0 0 0
 0 0 0 0 0
 0 0 0 0 0
 0 0 0 0 0
 0 0 0 0 0
 0 0 0 0 0
 0 0 0 0 0
 0 0 0 0 0
 0 0 0 0 0
 0 0 0 0 0
 0 0 0 0 0
 0 0 0 0 0
 0 0 0 0 0
 0 0 0 0 0
 0 0 0 0 0
 0 0 0 0 0
 0 0 0 0 0
 0 0 0 0 0
 0 0 0 0 0
 0 0 0 0 0
 0 0 0 0 0
 0 0 0 0 0
 0 0 0 0 0
 0 0 0 0 0
 0 0 0 0 0
 0 0 0 0 0
 0 0 0 0 0
 0 0 0 0 0
 0 0 0 0 0
 0 0 0 0 0
 0 0 0 0 0
 0 0 0 0 0
 0 0 0 0 0
 0 0 0 0 0
 0 0 0 0 0
 0 0 0 0 0
 0 0 0 0 0
 0 0 0 0 0
 0 0 0 0 0
 0 0 0 0 0
 18.7302 18.4591 0.0407726 -0.0212408 18.1919
 3.72113 3.63623 0.0367188 -0.0198489 3.55329
 1.49676 1.45046 0.0332233 -0.0186148 1.4056
 0.789318 0.758645 0.0302007 -0.0175188 0.72917
 0.481642 0.45919 0.0275807 -0.0165444 0.437792
 0 0 0 0 0
 0 0 0 0 0
 0 0 0 0 0
 0 0 0 0 0
 0 0 0 0 0
 0 0 0 0 0
 0 0 0 0 0
 0 0 0 0 0
 0 0 0 0 0
 0 0 0 0 0
 0 0 0 0 0
 0 0 0 0 0
 0 0 0 0 0
 0 0 0 0 0
 0 0 0 0 0
 0 0 0 0 0
 0 0 0 0 0
 0 0 0 0 0
 0 0 0 0 0
 0 0 0 0 0
 0 0 0 0 0
 0 0 0 0 0
 0 0 0 0 0
 0 0 0 0 0
 0 0 0 0 0
 0 0 0 0 0
 0 0 0 0 0
 0 0 0 0 0
 0 0 0 0 0
 0 0 0 0 0
 0 0 0 0 0
 0 0 0 0 0
 0 0 0 0 0
 0 0 0 0 0
 0 0 0 0 0
 0 0 0 0 0
 0 0 0 0 0
 0 0 0 0 0
 0 0 0 0 0
 0 0 0 0 0
 0 0 0 0 0
 0 0 0 0 0
 0 0 0 0 0
 0 0 0 0 0
 0 0 0 0 0
 0 0 0 0 0
 0 0 0 0 0
 0 0 0 0 0
 0 0 0 0 0
 0 0 0 0 0
 0 0 0 0 0
 0 0 0 0 0
 0 0 0 0 0
 0 0 0 0 0
 0 0 0 0 0
 0 0 0 0 0
 0 0 0 0 0
 0 0 0 0 0
 0 0 0 0 0
 0 0 0 0 0
 0 0 0 0 0
 0 0 0 0 0
 0 0 0 0 0
 0 0 0 0 0
 0 0 0 0 0
 0 0 0 0 0
 0 0 0 0 0
 0 0 0 0 0
 0 0 0 0 0
 0 0 0 0 0
 0 0 0 0 0
 0 0 0 0 0
 0 0 0 0 0
 0 0 0 0 0
 0 0 0 0 0
 0 0 0 0 0
 0 0 0 0 0
 0 0 0 0 0
 0 0 0 0 0
 0 0 0 0 0
 0 0 0 0 0
 0 0 0 0 0
 0 0 0 0 0
 0 0 0 0 0
 0 0 0 0 0
 0 0 0 0 0
 0 0 0 0 0
 0 0 0 0 0
 0 0 0 0 0
 0 0 0 0 0
 0 0 0 0 0
 0 0 0 0 0
 0 0 0 0 0
 0 0 0 0 0
 0 0 0 0 0
 0 0 0 0 0
 0 0 0 0 0
 0 0 0 0 0
 0 0 0 0 0
 0 0 0 0 0
 0 0 0 0 0
 0 0 0 0 0
 0 0 0 0 0
 0 0 0 0 0
 0 0 0 0 0
 0 0 0 0 0
 0 0 0 0 0
 0 0 0 0 0
 0 0 0 0 0
 0 0 0 0 0
 0 0 0 0 0
 0 0 0 0 0
 0 0 0 0 0
 0 0 0 0 0
 0 0 0 0 0
 0 0 0 0 0
 0 0 0 0 0
 18.8883 18.6197 0.0404299 -0.020815 18.3547
 3.7147 3.63114 0.0363491 -0.0194284 3.54947
 1.48912 1.44363 0.0328353 -0.0182002 1.39954
 0.783837 0.753733 0.0298012 -0.0171103 0.72479
 0 0 0 0 0
 0 0 0 0 0
 0 0 0 0 0
 0 0 0 0 0
 0 0 0 0 0
 0 0 0 0 0
 0 0 0 0 0
 0 0 0 0 0
 0 0 0 0 0
 0 0 0 0 0
 0 0 0 0 0
 0 0 0 0 0
 0 0 0 0 0
 0 0 0 0 0
 0 0 0 0 0
 0 0 0 0 0
 0 0 0 0 0
 0 0 0 0 0
 0 0 0 0 0
 0 0 0 0 0
 0 0 0 0 0
 0 0 0 0 0
 0 0 0 0 0
 0 0 0 0 0
 0 0 0 0 0
 0 0 0 0 0
 0 0 0 0 0
 0 0 0 0 0
 0 0 0 0 0
 0 0 0 0 0
 0 0 0 0 0
 0 0 0 0 0
 0 0 0 0 0
 0 0 0 0 0
 0 0 0 0 0
 0 0 0 0 0
 0 0 0 0 0
 0 0 0 0 0
 0 0 0 0 0
 0 0 0 0 0
 0 0 0 0 0
 0 0 0 0 0
 0 0 0 0 0
 0 0 0 0 0
 0 0 0 0 0
 0 0 0 0 0
 0 0 0 0 0
 0 0 0 0 0
 0 0 0 0 0
 0 0 0 0 0
 0 0 0 0 0
 0 0 0 0 0
 0 0 0 0 0
 0 0 0 0 0
 0 0 0 0 0
 0 0 0 0 0
 0 0 0 0 0
 0 0 0 0 0
 0 0 0 0 0
 0 0 0 0 0
 0 0 0 0 0
 0 0 0 0 0
 0 0 0 0 0
 0 0 0 0 0
 0 0 0 0 0
 0 0 0 0 0
 0 0 0 0 0
 0 0 0 0 0
 0 0 0 0 0
 0 0 0 0 0
 0 0 0 0 0
 0 0 0 0 0
 0 0 0 0 0
 0 0 0 0 0
 0 0 0 0 0
 0 0 0 0 0
 0 0 0 0 0
 0 0 0 0 0
 0 0 0 0 0
 0 0 0 0 0
 0 0 0 0 0
 0 0 0 0 0
 0 0 0 0 0
 0 0 0 0 0
 0 0 0 0 0
 0 0 0 0 0
 0 0 0 0 0
 0 0 0 0 0
 0 0 0 0 0
 0 0 0 0 0
 0 0 0 0 0
 0 0 0 0 0
 0 0 0 0 0
 0 0 0 0 0
 0 0 0 0 0
 0 0 0 0 0
 0 0 0 0 0
 0 0 0 0 0
 0 0 0 0 0
 0 0 0 0 0
 0 0 0 0 0
 0 0 0 0 0
 0 0 0 0 0
 0 0 0 0 0
 0 0 0 0 0
 0 0 0 0 0
 0 0 0 0 0
 0 0 0 0 0
 0 0 0 0 0
 0 0 0 0 0
 0 0 0 0 0
 0 0 0 0 0
 0 0 0 0 0
 0 0 0 0 0
 0 0 0 0 0
 0 0 0 0 0
 0 0 0 0 0
 0 0 0 0 0
 19.0483 18.7819 0.0400997 -0.0204019 18.5193
 3.70856 3.6263 0.035992 -0.0190208 3.54587
 1.48168 1.43698 0.0324603 -0.0177987 1.39364
 0 0 0 0 0
 0 0 0 0 0
 0 0 0 0 0
 0 0 0 0 0
 0 0 0 0 0
 0 0 0 0 0
 0 0 0 0 0
 0 0 0 0 0
 0 0 0 0 0
 0 0 0 0 0
 0 0 0 0 0
 0 0 0 0 0
 0 0 0 0 0
 0 0 0 0 0
 0 0 0 0 0
 0 0 0 0 0
 0 0 0 0 0
 0 0 0 0 0
 0 0 0 0 0
 0 0 0 0 0
 0 0 0 0 0
 0 0 0 0 0
 0 0 0 0 0
 0 0 0 0 0
 0 0 0 0 0
 0 0 0 0 0
 0 0 0 0 0
 0 0 0 0 0
 0 0 0 0 0
 0 0 0 0 0
 0 0 0 0 0
 0 0 0 0 0
 0 0 0 0 0
 0 0 0 0 0
 0 0 0 0 0
 0 0 0 0 0
 0 0 0 0 0
 0 0 0 0 0
 0 0 0 0 0
 0 0 0 0 0
 0 0 0 0 0
 0 0 0 0 0
 0 0 0 0 0
 0 0 0 0 0
 0 0 0 0 0
 0 0 0 0 0
 0 0 0 0 0
 0 0 0 0 0
 0 0 0 0 0
 0 0 0 0 0
 0 0 0 0 0
 0 0 0 0 0
 0 0 0 0 0
 0 0 0 0 0
 0 0 0 0 0
 0 0 0 0 0
 0 0 0 0 0
 0 0 0 0 0
 0 0 0 0 0
 0 0 0 0 0
 0 0 0 0 0
 0 0 0 0 0
 0 0 0 0 0
 0 0 0 0 0
 0 0 0 0 0
 0 0 0 0 0
 0 0 0 0 0
 0 0 0 0 0
 0 0 0 0 0
 0 0 0 0 0
 0 0 0 0 0
 0 0 0 0 0
 0 0 0 0 0
 0 0 0 0 0
 0 0 0 0 0
 0 0 0 0 0
 0 0 0 0 0
 0 0 0 0 0
 0 0 0 0 0
 0 0 0 0 0
 0 0 0 0 0
 0 0 0 0 0
 0 0 0 0 0
 0 0 0 0 0
 0 0 0 0 0
 0 0 0 0 0
 0 0 0 0 0
 0 0 0 0 0
 0 0 0 0 0
 0 0 0 0 0
 0 0 0 0 0
 0 0 0 0 0
 0 0 0 0 0
 0 0 0 0 0
 0 0 0 0 0
 0 0 0 0 0
 0 0 0 0 0
 0 0 0 0 0
 0 0 0 0 0
 0 0 0 0 0
 0 0 0 0 0
 0 0 0 0 0
 0 0 0 0 0
 0 0 0 0 0
 0 0 0 0 0
 0 0 0 0 0
 0 0 0 0 0
 0 0 0 0 0
 0 0 0 0 0
 0 0 0 0 0
 0 0 0 0 0
 0 0 0 0 0
 0 0 0 0 0
 0 0 0 0 0
 0 0 0 0 0
 0 0 0 0 0
 0 0 0 0 0
 0 0 0 0 0
 0 0 0 0 0
 19.21 18.9459 0.0397813 -0.0200011 18.6854
 3.70268 3.62168 0.0356469 -0.0186257 3.54246
 0 0 0 0 0
 0 0 0 0 0
 0 0 0 0 0
 0 0 0 0 0
 0 0 0 0 0
 0 0 0 0 0
 0 0 0 0 0
 0 0 0 0 0
 0 0 0 0 0
 0 0 0 0 0
 0 0 0 0 0
 0 0 0 0 0
 0 0 0 0 0
 0 0 0 0 0
 0 0 0 0 0
 0 0 0 0 0
 0 0 0 0 0
 0 0 0 0 0
 0 0 0 0 0
 0 0 0 0 0
 0 0 0 0 0
 0 0 0 0 0
 0 0 0 0 0
 0 0 0 0 0
 0 0 0 0 0
 0 0 0 0 0
 0 0 0 0 0
 0 0 0 0 0
 0 0 0 0 0
 0 0 0 0 0
 0 0 0 0 0
 0 0 0 0 0
 0 0 0 0 0
 0 0 0 0 0
 0 0 0 0 0
 0 0 0 0 0
 0 0 0 0 0
 0 0 0 0 0
 0 0 0 0 0
 0 0 0 0 0
 0 0 0 0 0
 0 0 0 0 0
 0 0 0 0 0
 0 0 0 0 0
 0 0 0 0 0
 0 0 0 0 0
 0 0 0 0 0
 0 0 0 0 0
 0 0 0 0 0
 0 0 0 0 0
 0 0 0 0 0
 0 0 0 0 0
 0 0 0 0 0
 0 0 0 0 0
 0 0 0 0 0
 0 0 0 0 0
 0 0 0 0 0
 0 0 0 0 0
 0 0 0 0 0
 0 0 0 0 0
 0 0 0 0 0
 0 0 0 0 0
 0 0 0 0 0
 0 0 0 0 0
 0 0 0 0 0
 0 0 0 0 0
 0 0 0 0 0
 0 0 0 0 0
 0 0 0 0 0
 0 0 0 0 0
 0 0 0 0 0
 0 0 0 0 0
 0 0 0 0 0
 0 0 0 0 0
 0 0 0 0 0
 0 0 0 0 0
 0 0 0 0 0
 0 0 0 0 0
 0 0 0 0 0
 0 0 0 0 0
 0 0 0 0 0
 0 0 0 0 0
 0 0 0 0 0
 0 0 0 0 0
 0 0 0 0 0
 0 0 0 0 0
 0 0 0 0 0
 0 0 0 0 0
 0 0 0 0 0
 0 0 0 0 0
 0 0 0 0 0
 0 0 0 0 0
 0 0 0 0 0
 0 0 0 0 0
 0 0 0 0 0
 0 0 0 0 0
 0 0 0 0 0
 0 0 0 0 0
 0 0 0 0 0
 0 0 0 0 0
 0 0 0 0 0
 0 0 0 0 0
 0 0 0 0 0
 0 0 0 0 0
 0 0 0 0 0
 0 0 0 0 0
 0 0 0 0 0
 0 0 0 0 0
 0 0 0 0 0
 0 0 0 0 0
 0 0 0 0 0
 0 0 0 0 0
 0 0 0 0 0
 0 0 0 0 0
 0 0 0 0 0
 0 0 0 0 0
 0 0 0 0 0
 0 0 0 0 0
 0 0 0 0 0
 0 0 0 0 0
 19.3735 19.1116 0.0394744 -0.019612 18.8532
