Valencia2020 Ca40 np: per nucleon, W in GeV^-1; converted from MeV^-1
20 40 MEC_Valencia2020_np 121 121
0 0.0000 0.0100 0 0.0000 0.0100
 0 0 0 0 0
 0 0 0 0 0
 0 0 0 0 0
 0 0 0 0 0
 0 0 0 0 0
 0 0 0 0 0
 0 0 0 0 0
 0 0 0 0 0
 0 0 0 0 0
 0 0 0 0 0
 0 0 0 0 0
 0 0 0 0 0
 0 0 0 0 0
 0 0 0 0 0
 0 0 0 0 0
 0 0 0 0 0
 0 0 0 0 0
 0 0 0 0 0
 0 0 0 0 0
 0 0 0 0 0
 0 0 0 0 0
 0 0 0 0 0
 0 0 0 0 0
 0 0 0 0 0
 0 0 0 0 0
 0 0 0 0 0
 0 0 0 0 0
 0 0 0 0 0
 0 0 0 0 0
 0 0 0 0 0
 0 0 0 0 0
 0 0 0 0 0
 0 0 0 0 0
 0 0 0 0 0
 0 0 0 0 0
 0 0 0 0 0
 0 0 0 0 0
 0 0 0 0 0
 0 0 0 0 0
 0 0 0 0 0
 0 0 0 0 0
 0 0 0 0 0
 0 0 0 0 0
 0 0 0 0 0
 0 0 0 0 0
 0 0 0 0 0
 0 0 0 0 0
 0 0 0 0 0
 0 0 0 0 0
 0 0 0 0 0
 0 0 0 0 0
 0 0 0 0 0
 0 0 0 0 0
 0 0 0 0 0
 0 0 0 0 0
 0 0 0 0 0
 0 0 0 0 0
 0 0 0 0 0
 0 0 0 0 0
 0 0 0 0 0
 0 0 0 0 0
 0 0 0 0 0
 0 0 0 0 0
 0 0 0 0 0
 0 0 0 0 0
 0 0 0 0 0
 0 0 0 0 0
 0 0 0 0 0
 0 0 0 0 0
 0 0 0 0 0
 0 0 0 0 0
 0 0 0 0 0
 0 0 0 0 0
 0 0 0 0 0
 0 0 0 0 0
 0 0 0 0 0
 0 0 0 0 0
 0 0 0 0 0
 0 0 0 0 0
 0 0 0 0 0
 0 0 0 0 0
 0 0 0 0 0
 0 0 0 0 0
 0 0 0 0 0
 0 0 0 0 0
 0 0 0 0 0
 0 0 0 0 0
 0 0 0 0 0
 0 0 0 0 0
 0 0 0 0 0
 0 0 0 0 0
 0 0 0 0 0
 0 0 0 0 0
 0 0 0 0 0
 0 0 0 0 0
 0 0 0 0 0
 0 0 0 0 0
 0 0 0 0 0
 0 0 0 0 0
 0 0 0 0 0
 0 0 0 0 0
 0 0 0 0 0
 0 0 0 0 0
 0 0 0 0 0
 0 0 0 0 0
 0 0 0 0 0
 0 0 0 0 0
 0 0 0 0 0
 0 0 0 0 0
 0 0 0 0 0
 0 0 0 0 0
 0 0 0 0 0
 0 0 0 0 0
 0 0 0 0 0
 0 0 0 0 0
 0 0 0 0 0
 0 0 0 0 0
 0 0 0 0 0
 0 0 0 0 0
 0 0 0 0 0
 0 0 0 0 0
 0 0 0 0 0
 0.000203719 -3.45438e-05 -0.000160838 4.85692e-05 -0.000159197
 4.9024e-06 -6.71327e-05 -0.00017867 4.3797e-05 -0.000240484
 -0.00010219 -7.19995e-05 -0.000157979 -1.33103e-05 -0.00034658
 -0.000195203 -7.17098e-05 7.62505e-05 -0.000150872 -0.00041576
 -0.000196843 -5.48572e-05 0.00029305 -0.000293395 -0.000477153
 -0.000161522 -3.57497e-05 0.00065335 -0.000491373 -0.00051937
 -7.21235e-05 -1.27363e-05 0.000918878 -0.00069221 -0.000548237
 6.12398e-06 1.45011e-05 0.00107789 -0.00087302 -0.000579953
 9.69493e-05 4.08805e-05 0.00106175 -0.00100056 -0.000597467
 0.000158329 6.02688e-05 0.0010874 -0.00107459 -0.000610812
 0.000208489 7.6657e-05 0.00103077 -0.00113607 -0.000609805
 0.00023981 8.45067e-05 0.000877998 -0.00107661 -0.000611442
 0.000265402 9.3416e-05 0.000686448 -0.00100219 -0.00061855
 0.000284043 9.60763e-05 0.000472885 -0.000898957 -0.000611392
 0.000289715 9.93395e-05 0.000222096 -0.000736607 -0.000612967
 0.00028493 9.56417e-05 -1.10091e-06 -0.00057244 -0.00060145
 0.000285195 8.87963e-05 -0.000188098 -0.00039032 -0.00059588
 0.000269935 8.20835e-05 -0.000324872 -0.000253945 -0.0005842
 0.000259558 7.3699e-05 -0.000463815 -0.000121662 -0.000594757
 0.00024443 6.30672e-05 -0.000573022 9.89247e-06 -0.00058208
 0.00023375 5.27105e-05 -0.000637845 0.000107825 -0.000577955
 0.000218335 4.14852e-05 -0.000664478 0.000174073 -0.000565182
 0.00020638 3.23785e-05 -0.000705377 0.00024869 -0.000560455
 0.000194328 2.2722e-05 -0.00068633 0.000284475 -0.000541658
 0.000181543 1.35429e-05 -0.000684915 0.000311265 -0.0005257
 0.000173165 5.325e-06 -0.000667318 0.00033202 -0.000509925
 0.000161669 -2.79038e-06 -0.000625902 0.000330152 -0.000504532
 0.000154197 -6.97237e-06 -0.000583272 0.000323075 -0.00047645
 0.000142987 -1.30122e-05 -0.000528285 0.000299365 -0.000446408
 0.000136778 -1.72117e-05 -0.000495073 0.00029143 -0.000439078
 0.000127509 -1.94713e-05 -0.000440487 0.000266 -0.000399142
 0.000120839 -2.06172e-05 -0.000395565 0.000242424 -0.000375428
 0.000114378 -2.29943e-05 -0.00036094 0.000230548 -0.0003397
 0.000106199 -2.46132e-05 -0.000318165 0.000205805 -0.00031875
 0.000100672 -2.46264e-05 -0.000283202 0.00018556 -0.000309933
 9.50273e-05 -2.49291e-05 -0.000247997 0.000162083 -0.000276445
 8.98997e-05 -2.50442e-05 -0.000220997 0.000148062 -0.000257537
 8.5207e-05 -2.51432e-05 -0.000190576 0.000129585 -0.000229514
 7.9879e-05 -2.43229e-05 -0.000169849 0.000118868 -0.000212564
 7.57e-05 -2.31277e-05 -0.000146836 0.000104214 -0.000194814
 7.1175e-05 -2.27384e-05 -0.000127527 9.06968e-05 -0.00017439
 6.63125e-05 -2.11732e-05 -0.000108329 7.78322e-05 -0.000157879
 6.26312e-05 -2.04606e-05 -9.2722e-05 6.83852e-05 -0.000137471
 5.81245e-05 -1.86339e-05 -8.05075e-05 5.9649e-05 -0.000122515
 5.51715e-05 -1.79602e-05 -7.02147e-05 5.34825e-05 -0.000109045
 5.14732e-05 -1.66222e-05 -5.9756e-05 4.6034e-05 -9.35328e-05
 4.76945e-05 -1.52903e-05 -5.0359e-05 3.98768e-05 -8.2535e-05
 4.4536e-05 -1.40579e-05 -4.32618e-05 3.49327e-05 -7.13742e-05
 4.15408e-05 -1.29834e-05 -3.74707e-05 3.11698e-05 -5.97578e-05
 3.81053e-05 -1.16733e-05 -3.04742e-05 2.59015e-05 -5.0931e-05
 3.6209e-05 -1.08003e-05 -2.64975e-05 2.28751e-05 -4.3412e-05
 3.39877e-05 -9.93157e-06 -2.21048e-05 1.98872e-05 -3.49077e-05
 3.0774e-05 -8.6313e-06 -1.81574e-05 1.6917e-05 -2.874e-05
 2.92058e-05 -7.88368e-06 -1.51812e-05 1.48641e-05 -2.31066e-05
 2.62145e-05 -6.74532e-06 -1.2188e-05 1.22522e-05 -1.79117e-05
 2.44369e-05 -6.0384e-06 -1.0286e-05 1.09054e-05 -1.46376e-05
 2.22921e-05 -5.3094e-06 -8.34933e-06 9.22495e-06 -1.13926e-05
 2.05688e-05 -4.6342e-06 -7.26913e-06 8.27413e-06 -8.52612e-06
 1.9032e-05 -4.11963e-06 -6.10372e-06 7.1824e-06 -6.88337e-06
 1.75256e-05 -3.60953e-06 -5.18005e-06 6.43338e-06 -5.24753e-06
 1.57067e-05 -3.10075e-06 -4.3607e-06 5.6425e-06 -3.80262e-06
 1.4588e-05 -2.77203e-06 -3.86103e-06 5.25937e-06 -3.13873e-06
 1.32778e-05 -2.42576e-06 -3.41648e-06 4.59215e-06 -2.38391e-06
 1.22002e-05 -2.11779e-06 -2.96172e-06 4.05575e-06 -1.85719e-06
 1.09464e-05 -1.82006e-06 -2.55155e-06 3.64282e-06 -1.40956e-06
 1.00616e-05 -1.61179e-06 -2.30876e-06 3.2526e-06 -1.0181e-06
 9.00815e-06 -1.37947e-06 -2.02397e-06 2.91888e-06 -6.39628e-07
 8.17402e-06 -1.21171e-06 -1.7753e-06 2.56763e-06 -6.22327e-07
 7.4391e-06 -1.05444e-06 -1.61593e-06 2.34486e-06 -4.05885e-07
 6.7366e-06 -9.18152e-07 -1.4346e-06 2.08769e-06 -2.70833e-07
 5.96807e-06 -7.87755e-07 -1.22311e-06 1.798e-06 -2.67453e-07
 5.3332e-06 -6.7359e-07 -1.0873e-06 1.5871e-06 -1.7086e-07
 4.70532e-06 -5.75245e-07 -9.57358e-07 1.37133e-06 -6.51298e-08
 4.27235e-06 -4.99998e-07 -8.5061e-07 1.21771e-06 -5.622e-08
 3.8344e-06 -4.33622e-07 -7.42058e-07 1.06036e-06 -2.77615e-08
 3.3248e-06 -3.61523e-07 -6.34152e-07 8.92638e-07 -1.79447e-08
 2.90043e-06 -3.04367e-07 -5.48467e-07 7.62805e-07 -3.88268e-08
 2.61337e-06 -2.61348e-07 -4.7746e-07 6.6561e-07 1.48753e-08
 2.29779e-06 -2.22273e-07 -4.11395e-07 5.71927e-07 -1.89923e-09
 2.027e-06 -1.88137e-07 -3.5332e-07 4.78047e-07 3.27562e-09
 1.78006e-06 -1.58948e-07 -3.04187e-07 4.12758e-07 4.56683e-09
 1.52483e-06 -1.31604e-07 -2.52827e-07 3.37387e-07 3.65805e-09
 1.29336e-06 -1.07957e-07 -2.08059e-07 2.7305e-07 8.77978e-09
 1.10174e-06 -8.82852e-08 -1.70714e-07 2.22792e-07 5.72155e-09
 9.44742e-07 -7.31552e-08 -1.4141e-07 1.8002e-07 2.64025e-09
 8.31122e-07 -6.17328e-08 -1.19484e-07 1.53325e-07 8.02945e-09
 6.79438e-07 -4.85513e-08 -9.37523e-08 1.18618e-07 6.59357e-09
 6.03793e-07 -4.1771e-08 -8.00813e-08 1.00086e-07 3.68977e-10
 4.78437e-07 -3.16805e-08 -6.02158e-08 7.40975e-08 -2.09446e-09
 4.10462e-07 -2.59563e-08 -4.94302e-08 6.05995e-08 2.0708e-09
 3.45297e-07 -2.11408e-08 -3.86935e-08 4.63292e-08 -3.25308e-09
 2.87367e-07 -1.67991e-08 -3.08767e-08 3.70605e-08 -2.38286e-09
 2.19999e-07 -1.24163e-08 -2.22642e-08 2.60973e-08 8.58255e-10
 1.80767e-07 -9.75777e-09 -1.71969e-08 1.99873e-08 3.23195e-10
 1.49571e-07 -7.79233e-09 -1.31367e-08 1.46647e-08 3.2285e-10
 1.11683e-07 -5.57848e-09 -9.14255e-09 1.01248e-08 -1.25864e-09
 8.70625e-08 -4.15827e-09 -6.5966e-09 7.1538e-09 6.24797e-11
 6.7185e-08 -3.09998e-09 -4.65932e-09 4.8577e-09 -1.0161e-09
 5.13027e-08 -2.26521e-09 -3.20075e-09 3.28955e-09 -5.28228e-10
 3.82995e-08 -1.61604e-09 -2.18329e-09 2.16672e-09 -5.42603e-10
 2.80875e-08 -1.14119e-09 -1.43047e-09 1.34705e-09 8.9738e-11
 1.86934e-08 -7.27185e-10 -8.13682e-10 7.34612e-10 1.98166e-11
 1.23026e-08 -4.5699e-10 -4.60945e-10 3.79225e-10 7.67805e-11
 7.06868e-09 -2.51658e-10 -2.31511e-10 1.73805e-10 1.49329e-10
 4.62012e-09 -1.57123e-10 -1.19564e-10 7.14797e-11 7.70808e-11
 2.6352e-09 -8.61932e-11 -5.5673e-11 2.04492e-11 6.1979e-11
 1.2166e-09 -3.80982e-11 -1.81642e-11 1.82312e-13 3.76642e-11
 4.68195e-10 -1.40629e-11 -4.1145e-12 -3.41188e-12 3.82272e-12
 1.76552e-10 -5.07285e-12 -6.3788e-13 -2.61965e-12 6.5848e-12
 4.70125e-11 -1.29048e-12 7.34478e-14 -1.01734e-12 1.87365e-12
 6.4312e-12 -1.69729e-13 4.72765e-14 -1.88287e-13 1.91001e-13
 2.08232e-13 -5.29527e-15 2.52838e-15 -7.45767e-15 5.2028e-15
 0 0 0 0 0
 0 0 0 0 0
 0 0 0 0 0
 0 0 0 0 0
 0 0 0 0 0
 0 0 0 0 0
 0 0 0 0 0
 0 0 0 0 0
 0 0 0 0 0
 0 0 0 0 0
 0.00148895 -0.000189455 -0.0011151 0.00030578 -0.00120761
 0.00107965 -0.00026173 -0.00108365 0.000285932 -0.00135212
 0.00045073 -0.00036351 -0.000837098 0.000123966 -0.00146076
 0.000233161 -0.000375235 -0.000724755 -8.63967e-05 -0.00179704
 0.000226552 -0.000351643 -0.000433128 -0.00042185 -0.00205954
 0.000250448 -0.000317975 -3.974e-05 -0.000799007 -0.00236677
 0.000419335 -0.000237465 0.000251395 -0.00131669 -0.00273412
 0.000544082 -0.000195607 0.00058745 -0.00181475 -0.00286422
 0.000870115 -0.00010193 0.000700808 -0.00221934 -0.00315275
 0.00107962 -5.2386e-05 0.000874535 -0.0025705 -0.0033011
 0.00127101 8.99232e-06 0.000269253 -0.00254618 -0.00345972
 0.00142488 6.8238e-05 -4.12385e-05 -0.0026065 -0.00358815
 0.00156816 0.000112748 -0.000636495 -0.00236084 -0.00370627
 0.00161662 0.000131337 -0.00107779 -0.00211953 -0.00382887
 0.00168644 0.000141485 -0.00157004 -0.00178803 -0.0038067
 0.00169574 0.000144414 -0.00221549 -0.00119542 -0.0039265
 0.00166384 0.000146307 -0.00267092 -0.00074926 -0.00386745
 0.00163565 0.00012518 -0.00339093 -0.00016399 -0.00395418
 0.00159338 0.000114324 -0.00359977 0.000255488 -0.0038683
 0.00156079 8.98405e-05 -0.00405038 0.000776848 -0.00385092
 0.00149782 6.9559e-05 -0.00433177 0.00124185 -0.00375887
 0.00145497 3.01898e-05 -0.00449942 0.001611 -0.00366222
 0.00139268 1.6693e-05 -0.00457035 0.00183066 -0.00369595
 0.00131876 -1.85887e-05 -0.0044859 0.00199675 -0.0034398
 0.00126498 -4.42363e-05 -0.00442118 0.00213536 -0.00337292
 0.00121138 -8.16027e-05 -0.00434473 0.00224174 -0.003355
 0.00115818 -0.000108768 -0.0042142 0.00229254 -0.00315088
 0.00109274 -0.000130498 -0.00396673 0.00222298 -0.00298828
 0.00106573 -0.000153795 -0.00379225 0.00224057 -0.00290383
 0.000979875 -0.000165792 -0.00337365 0.00206126 -0.00268085
 0.000945402 -0.000181559 -0.00320115 0.00202269 -0.00252152
 0.000896257 -0.00019561 -0.0029125 0.00187468 -0.00234822
 0.000842515 -0.000195204 -0.00259607 0.00169052 -0.00224304
 0.00080385 -0.000210344 -0.0024017 0.0015819 -0.00213398
 0.000756442 -0.000211084 -0.0021137 0.00142023 -0.00193375
 0.00070573 -0.000199561 -0.00183447 0.00125372 -0.00175716
 0.00066985 -0.000199191 -0.00165299 0.00116534 -0.00162407
 0.00063578 -0.000196014 -0.00143057 0.00101544 -0.00145507
 0.00059254 -0.0001842 -0.00123132 0.000876632 -0.00134775
 0.000560737 -0.000181593 -0.00108748 0.000789193 -0.0012109
 0.000521693 -0.000167692 -0.000923703 0.000683163 -0.00108906
 0.000491377 -0.000159499 -0.000795185 0.000592973 -0.000929688
 0.000465765 -0.000154846 -0.000684562 0.000520675 -0.000842105
 0.000437355 -0.000142729 -0.000588557 0.000457047 -0.000759205
 0.00040993 -0.00013252 -0.000501625 0.000394308 -0.000668148
 0.000384568 -0.000123259 -0.000435182 0.000350272 -0.000575897
 0.000357145 -0.000111436 -0.000361108 0.00029052 -0.000487133
 0.000326422 -0.000100936 -0.000298513 0.000247961 -0.000420463
 0.000310868 -9.37387e-05 -0.000258425 0.000222704 -0.000352665
 0.000288755 -8.3606e-05 -0.000211659 0.000188165 -0.000296957
 0.000266465 -7.49885e-05 -0.000174456 0.000159524 -0.00025227
 0.000242748 -6.54137e-05 -0.000143103 0.000133778 -0.000204588
 0.00022508 -5.86163e-05 -0.000116048 0.000113602 -0.000167225
 0.000208588 -5.1607e-05 -9.87492e-05 0.000100604 -0.00013945
 0.000191465 -4.54158e-05 -8.1104e-05 8.6359e-05 -0.000117275
 0.00017876 -3.9819e-05 -6.90105e-05 7.52433e-05 -9.19155e-05
 0.000161976 -3.45935e-05 -5.73908e-05 6.6297e-05 -7.2309e-05
 0.000148819 -2.98832e-05 -4.78892e-05 5.75217e-05 -5.97995e-05
 0.000138721 -2.66465e-05 -4.27373e-05 5.37815e-05 -4.5716e-05
 0.000125348 -2.31248e-05 -3.50705e-05 4.54998e-05 -3.48038e-05
 0.000114253 -2.00167e-05 -3.15958e-05 4.15095e-05 -2.5452e-05
 0.000103651 -1.7288e-05 -2.708e-05 3.7018e-05 -1.9394e-05
 9.48925e-05 -1.53816e-05 -2.37381e-05 3.29352e-05 -1.58566e-05
 8.70802e-05 -1.33089e-05 -2.13524e-05 3.00868e-05 -1.20254e-05
 8.04305e-05 -1.18072e-05 -1.86398e-05 2.65582e-05 -8.87883e-06
 7.08755e-05 -9.9311e-06 -1.61702e-05 2.34092e-05 -6.40122e-06
 6.36945e-05 -8.43702e-06 -1.45158e-05 2.13021e-05 -4.72565e-06
 5.94492e-05 -7.61035e-06 -1.3312e-05 1.92257e-05 -2.96747e-06
 5.29843e-05 -6.53015e-06 -1.13721e-05 1.65352e-05 -2.56415e-06
 4.62247e-05 -5.41733e-06 -9.85377e-06 1.44086e-05 -1.66134e-06
 4.1565e-05 -4.68993e-06 -8.85357e-06 1.27049e-05 -1.29798e-06
 3.73312e-05 -4.00815e-06 -7.7787e-06 1.10841e-05 -6.98903e-07
 3.39182e-05 -3.5156e-06 -7.02692e-06 1.00495e-05 -5.08465e-07
 2.99043e-05 -2.96203e-06 -6.04177e-06 8.46938e-06 -4.71353e-07
 2.59005e-05 -2.45883e-06 -5.12567e-06 7.2347e-06 2.15623e-08
 2.30575e-05 -2.09668e-06 -4.47318e-06 6.24597e-06 4.2383e-08
 2.03892e-05 -1.76006e-06 -3.84955e-06 5.3671e-06 9.39767e-08
 1.80433e-05 -1.50426e-06 -3.34372e-06 4.59068e-06 1.27327e-07
 1.56296e-05 -1.25494e-06 -2.8338e-06 3.8452e-06 1.5574e-07
 1.31627e-05 -1.01086e-06 -2.27457e-06 3.04973e-06 3.48818e-08
 1.17511e-05 -8.57668e-07 -1.98428e-06 2.6613e-06 4.58913e-08
 1.01235e-05 -7.1822e-07 -1.67255e-06 2.18687e-06 7.55002e-08
 8.7561e-06 -5.90293e-07 -1.39289e-06 1.81802e-06 4.81805e-08
 7.82042e-06 -5.04335e-07 -1.19894e-06 1.55062e-06 1.57933e-07
 6.491e-06 -4.01293e-07 -9.51837e-07 1.21676e-06 7.46112e-08
 5.66085e-06 -3.33415e-07 -7.99765e-07 1.01938e-06 8.23982e-08
 4.54882e-06 -2.56408e-07 -6.15753e-07 7.6532e-07 6.35868e-08
 3.84955e-06 -2.09025e-07 -4.94077e-07 6.13013e-07 5.95758e-08
 3.19598e-06 -1.65005e-07 -3.85995e-07 4.71472e-07 3.7106e-08
 2.7552e-06 -1.36209e-07 -3.21345e-07 3.9191e-07 4.39143e-08
 2.17886e-06 -1.01964e-07 -2.36913e-07 2.8459e-07 2.41616e-08
 1.77768e-06 -7.9764e-08 -1.82719e-07 2.16922e-07 3.98135e-08
 1.47577e-06 -6.30143e-08 -1.42062e-07 1.65413e-07 2.53587e-08
 1.14979e-06 -4.69745e-08 -1.02836e-07 1.1703e-07 1.37311e-08
 9.52005e-07 -3.6727e-08 -7.8686e-08 8.74672e-08 2.20263e-08
 7.4275e-07 -2.71755e-08 -5.60763e-08 6.1683e-08 1.40733e-08
 5.94212e-07 -2.0843e-08 -4.12065e-08 4.35127e-08 9.56577e-09
 4.1674e-07 -1.38932e-08 -2.67205e-08 2.76447e-08 9.06055e-09
 3.28338e-07 -1.02534e-08 -1.86815e-08 1.87926e-08 7.8428e-09
 2.42085e-07 -7.2411e-09 -1.23705e-08 1.16224e-08 7.341e-09
 1.70381e-07 -4.8231e-09 -7.63232e-09 6.72345e-09 6.25142e-09
 1.18713e-07 -3.18492e-09 -4.41165e-09 3.59455e-09 3.31618e-09
 8.03263e-08 -2.04943e-09 -2.5216e-09 1.79066e-09 2.23878e-09
 5.25865e-08 -1.26328e-09 -1.35394e-09 7.46207e-10 1.98749e-09
 3.26843e-08 -7.40073e-10 -6.1999e-10 1.78067e-10 1.01311e-09
 2.17126e-08 -4.70622e-10 -2.89812e-10 -5.39372e-11 7.2377e-10
 1.24605e-08 -2.51682e-10 -9.11765e-11 -1.20952e-10 4.59318e-10
 6.20075e-09 -1.18898e-10 -9.09137e-12 -1.09846e-10 2.16323e-10
 3.1955e-09 -5.76272e-11 1.30404e-11 -7.82115e-11 1.25989e-10
 1.18865e-09 -2.02432e-11 1.0325e-11 -3.66838e-11 4.01912e-11
 4.27272e-10 -6.8868e-12 6.16695e-12 -1.64645e-11 1.33143e-11
 9.91377e-11 -1.52359e-12 2.04708e-12 -4.56237e-12 2.26934e-12
 1.75199e-11 -2.57575e-13 4.39635e-13 -9.14685e-13 2.32718e-13
 6.13945e-13 -8.78013e-15 1.84035e-14 -3.57477e-14 -7.5786e-15
 0 0 0 0 0
 0 0 0 0 0
 0 0 0 0 0
 0 0 0 0 0
 0 0 0 0 0
 0 0 0 0 0
 0 0 0 0 0
 0 0 0 0 0
 0.00458515 -0.000246003 -0.00378237 0.000265105 -0.00424455
 0.0038135 -0.000447857 -0.0035947 0.000272043 -0.00464728
 0.00289757 -0.000623887 -0.003135 2.5977e-05 -0.00467473
 0.0027299 -0.000701775 -0.00266482 -0.000270465 -0.0053509
 0.0023958 -0.000752687 -0.00232155 -0.000639195 -0.0060729
 0.00251815 -0.000657745 -0.00179104 -0.00144313 -0.00669258
 0.0026302 -0.00063622 -0.00191977 -0.00183167 -0.00733413
 0.00300423 -0.000478695 -0.00161778 -0.00254857 -0.0076199
 0.0033408 -0.000374675 -0.00166742 -0.00341325 -0.00842435
 0.0035904 -0.000262925 -0.00164844 -0.00374173 -0.0089928
 0.00399307 -0.000138858 -0.00219984 -0.00411418 -0.00915523
 0.00419595 -0.000142288 -0.00291742 -0.0040573 -0.0095067
 0.00437352 -0.000100797 -0.00382402 -0.00372802 -0.00989855
 0.00443422 -7.36255e-05 -0.00466658 -0.00327753 -0.00989335
 0.00444835 -7.5782e-05 -0.00517902 -0.00286528 -0.0102573
 0.00447237 -0.000109983 -0.00652693 -0.00192593 -0.0101764
 0.00446493 -0.000121462 -0.00721143 -0.00126892 -0.0103919
 0.00440832 -8.41245e-05 -0.00842933 7.6292e-06 -0.0104086
 0.00427805 -0.000165861 -0.00878163 0.00082228 -0.010139
 0.00410053 -0.000195897 -0.00940048 0.00169863 -0.0097467
 0.0040494 -0.00023939 -0.00999762 0.00248817 -0.009689
 0.00388737 -0.00027167 -0.00999273 0.00309872 -0.00944843
 0.0038514 -0.000363388 -0.0106339 0.00391095 -0.00940415
 0.00369362 -0.000405525 -0.0107362 0.00453095 -0.00903077
 0.00353745 -0.000430187 -0.0105613 0.004768 -0.00857315
 0.00336712 -0.000485002 -0.0103646 0.00502575 -0.00818193
 0.00329415 -0.000557375 -0.0100516 0.0052486 -0.00787828
 0.00314783 -0.000588707 -0.0096497 0.00526567 -0.00731998
 0.00301017 -0.000601715 -0.0092346 0.00536378 -0.00686827
 0.0029086 -0.000629492 -0.00881702 0.00521155 -0.00659712
 0.00275558 -0.000651968 -0.00826632 0.0051447 -0.00618292
 0.0026541 -0.000653818 -0.0077182 0.00489855 -0.00593593
 0.00250202 -0.000677875 -0.00697792 0.00448227 -0.00532008
 0.00237517 -0.00065753 -0.00635323 0.0041862 -0.00485523
 0.00228142 -0.000663303 -0.00584335 0.0039127 -0.00469333
 0.00216113 -0.0006527 -0.0052779 0.00363778 -0.00405255
 0.00203408 -0.000631832 -0.00470477 0.0033242 -0.00387207
 0.00193407 -0.000620475 -0.00420885 0.00299658 -0.00357527
 0.00182562 -0.00059253 -0.00364975 0.00264837 -0.00303833
 0.00173644 -0.00056854 -0.00326218 0.00242225 -0.00275798
 0.00160633 -0.00051795 -0.00277432 0.00207321 -0.00245728
 0.00154474 -0.00050801 -0.0024069 0.00183805 -0.00225584
 0.00143469 -0.000466397 -0.00205837 0.00161263 -0.00202707
 0.00136281 -0.000441942 -0.00177178 0.00140313 -0.00177728
 0.00126384 -0.000396728 -0.00149741 0.00121671 -0.00152484
 0.00117719 -0.00036269 -0.00124222 0.00103042 -0.00128981
 0.00109468 -0.000333005 -0.00104283 0.000879577 -0.00114179
 0.00102365 -0.000302115 -0.000854845 0.0007365 -0.000987232
 0.000946957 -0.000264175 -0.000709425 0.000641458 -0.000847143
 0.000884808 -0.000240969 -0.000603873 0.00055902 -0.000689545
 0.000804043 -0.000205958 -0.00047875 0.000464365 -0.000565748
 0.00074527 -0.000185359 -0.000413238 0.00040626 -0.000509785
 0.000695097 -0.000161735 -0.00035054 0.000360678 -0.000414648
 0.000639445 -0.000145047 -0.000292325 0.000311605 -0.000342955
 0.00058465 -0.000123109 -0.000243146 0.000267492 -0.000276028
 0.000535708 -0.000107769 -0.000205697 0.000235627 -0.000233924
 0.000486372 -9.25055e-05 -0.000167871 0.000198015 -0.000186221
 0.000447237 -8.02538e-05 -0.000154717 0.000189348 -0.000151743
 0.00041544 -7.0868e-05 -0.00013408 0.000168353 -0.000116153
 0.000373242 -6.0025e-05 -0.000112554 0.000147256 -9.25445e-05
 0.000342387 -5.28887e-05 -9.69338e-05 0.000127739 -7.30227e-05
 0.000309865 -4.53507e-05 -8.41635e-05 0.000114043 -5.70763e-05
 0.000279597 -3.8995e-05 -7.38042e-05 0.000102024 -4.2257e-05
 0.00025878 -3.44728e-05 -6.57888e-05 9.26845e-05 -3.1281e-05
 0.000232854 -2.92795e-05 -5.83322e-05 8.18197e-05 -2.3829e-05
 0.000207098 -2.47209e-05 -5.06263e-05 7.20662e-05 -1.61476e-05
 0.000187304 -2.14022e-05 -4.34592e-05 6.28045e-05 -1.35395e-05
 0.00016814 -1.83291e-05 -3.84725e-05 5.6057e-05 -9.86178e-06
 0.00015306 -1.57654e-05 -3.48703e-05 5.0527e-05 -6.45862e-06
 0.000136959 -1.34021e-05 -3.08625e-05 4.40547e-05 -3.71588e-06
 0.000121054 -1.13406e-05 -2.67632e-05 3.82812e-05 -2.97585e-06
 0.000109508 -9.7541e-06 -2.34332e-05 3.34603e-05 -1.94125e-06
 9.65467e-05 -8.16805e-06 -2.04146e-05 2.89718e-05 -8.9745e-07
 8.6401e-05 -6.96443e-06 -1.77309e-05 2.50628e-05 -5.84297e-07
 7.54788e-05 -5.81812e-06 -1.52556e-05 2.10997e-05 1.47052e-08
 6.72068e-05 -4.94733e-06 -1.31861e-05 1.83614e-05 3.1813e-07
 5.8212e-05 -4.04308e-06 -1.13205e-05 1.54743e-05 6.9447e-07
 5.18315e-05 -3.43952e-06 -9.64402e-06 1.32186e-05 6.18838e-07
 4.55278e-05 -2.89242e-06 -8.27487e-06 1.11128e-05 6.61798e-07
 3.88002e-05 -2.33023e-06 -6.91293e-06 9.24295e-06 7.71788e-07
 3.36182e-05 -1.91407e-06 -5.7496e-06 7.63465e-06 7.46555e-07
 2.95358e-05 -1.61109e-06 -4.88173e-06 6.38955e-06 8.706e-07
 2.5041e-05 -1.29461e-06 -3.9537e-06 5.11372e-06 6.3273e-07
 2.16075e-05 -1.05372e-06 -3.28615e-06 4.2476e-06 6.16187e-07
 1.83567e-05 -8.55937e-07 -2.65333e-06 3.38153e-06 4.34528e-07
 1.5982e-05 -6.99937e-07 -2.22443e-06 2.82442e-06 5.31928e-07
 1.28421e-05 -5.33318e-07 -1.7082e-06 2.12807e-06 4.39822e-07
 1.10393e-05 -4.3218e-07 -1.38405e-06 1.70723e-06 2.90608e-07
 9.06883e-06 -3.35583e-07 -1.05514e-06 1.28611e-06 2.22672e-07
 7.76145e-06 -2.71913e-07 -8.71027e-07 1.03778e-06 2.69097e-07
 6.2806e-06 -2.06316e-07 -6.60875e-07 7.81157e-07 2.08676e-07
 5.12102e-06 -1.58609e-07 -5.02567e-07 5.82405e-07 2.06781e-07
 4.24552e-06 -1.23698e-07 -3.84613e-07 4.41118e-07 1.67114e-07
 3.406e-06 -9.28643e-08 -2.8565e-07 3.22523e-07 1.28495e-07
 2.64182e-06 -6.77055e-08 -2.0418e-07 2.22033e-07 7.5228e-08
 2.03005e-06 -4.9018e-08 -1.43039e-07 1.51696e-07 6.52712e-08
 1.59386e-06 -3.53863e-08 -9.98305e-08 1.04772e-07 5.82047e-08
 1.29438e-06 -2.69188e-08 -7.28837e-08 7.18505e-08 5.27587e-08
 9.93233e-07 -1.90168e-08 -5.0019e-08 4.78023e-08 4.26502e-08
 7.11782e-07 -1.27457e-08 -3.08578e-08 2.7766e-08 2.86043e-08
 5.14875e-07 -8.55262e-09 -1.89417e-08 1.53339e-08 1.9005e-08
 3.7816e-07 -5.77193e-09 -1.11411e-08 7.37042e-09 1.39417e-08
 2.67677e-07 -3.76267e-09 -6.35848e-09 3.41005e-09 9.6289e-09
 1.9312e-07 -2.50007e-09 -3.61645e-09 9.46467e-10 7.62855e-09
 1.23071e-07 -1.45557e-09 -1.42646e-09 -4.55595e-10 4.41798e-09
 7.83998e-08 -8.2747e-10 -4.80898e-10 -8.7364e-10 3.32733e-09
 5.38433e-08 -5.17747e-10 -1.17013e-11 -1.03345e-09 2.06263e-09
 2.81335e-08 -2.44396e-10 1.74856e-10 -7.69147e-10 9.69235e-10
 1.62837e-08 -1.26584e-10 1.90898e-10 -5.53972e-10 5.77655e-10
 8.37562e-09 -5.89e-11 1.39237e-10 -3.43418e-10 2.43235e-10
 4.37653e-09 -2.69425e-11 9.58708e-11 -2.08047e-10 1.33369e-10
 1.64926e-09 -8.94057e-12 4.4139e-11 -8.88478e-11 3.82787e-11
 4.96573e-10 -2.36451e-12 1.61283e-11 -3.02735e-11 1.14486e-11
 1.17738e-10 -5.22153e-13 4.29675e-12 -7.81605e-12 8.99705e-13
 2.71755e-11 -1.01152e-13 1.11992e-12 -1.96117e-12 7.46083e-14
 9.94595e-13 -3.26625e-15 4.40297e-14 -7.6439e-14 -1.73631e-14
 8.68358e-17 -3.54725e-18 4.77968e-18 -7.66735e-18 -1.12503e-16
 0 0 0 0 0
 0 0 0 0 0
 0 0 0 0 0
 0 0 0 0 0
 0 0 0 0 0
 0.0099153 0.000520313 -0.0061623 -0.00172494 -0.00802723
 0.0090811 0.000141825 -0.00531158 -0.00181438 -0.0089772
 0.0075747 -0.000299267 -0.00512003 -0.00188001 -0.0100065
 0.0067381 -0.000569652 -0.0051524 -0.00199551 -0.010788
 0.00666407 -0.000669785 -0.00462005 -0.00259325 -0.0123136
 0.00624317 -0.000834623 -0.00441948 -0.00308163 -0.0129859
 0.0068983 -0.000643573 -0.0047364 -0.00359333 -0.0139812
 0.00711925 -0.000536677 -0.00439845 -0.00452377 -0.0150917
 0.00731247 -0.000547338 -0.00474047 -0.00514185 -0.0160672
 0.0076599 -0.00038757 -0.00532927 -0.00518613 -0.0166564
 0.00790502 -0.000336882 -0.00554045 -0.00592473 -0.0166676
 0.00832605 -0.000242993 -0.00605828 -0.00558037 -0.0177687
 0.0083681 -0.000200315 -0.00684763 -0.00581947 -0.0174402
 0.00858317 -0.00020118 -0.00789792 -0.0052377 -0.0178215
 0.0085092 -0.000246291 -0.0091025 -0.00466407 -0.0181946
 0.00853822 -0.000305093 -0.0103221 -0.0035144 -0.0176285
 0.00836135 -0.000379793 -0.0110337 -0.00251518 -0.0176829
 0.00819015 -0.000439242 -0.0125187 -0.00100672 -0.017556
 0.00800125 -0.00054939 -0.0129653 -0.000236836 -0.0172699
 0.00782748 -0.0006177 -0.0139413 0.00131253 -0.0170839
 0.00767058 -0.000741395 -0.0151351 0.00271645 -0.0169745
 0.00749275 -0.000839575 -0.015194 0.00362525 -0.0156969
 0.00710715 -0.000946228 -0.0158178 0.00448493 -0.01526
 0.0070851 -0.00101369 -0.0161718 0.00550847 -0.0153185
 0.00666242 -0.00106817 -0.0157868 0.0059619 -0.0139897
 0.00644332 -0.00117674 -0.0156861 0.00659382 -0.0132505
 0.0062113 -0.00121826 -0.015388 0.00703485 -0.0128455
 0.00602072 -0.0012485 -0.0149962 0.00739378 -0.0116134
 0.00588405 -0.00134608 -0.0148823 0.0078387 -0.0114721
 0.00556233 -0.00134789 -0.0137881 0.00759585 -0.0106251
 0.00537195 -0.00133111 -0.0133196 0.00776042 -0.00998888
 0.00517592 -0.00138762 -0.0127264 0.00776855 -0.00917023
 0.00486283 -0.00133776 -0.0116556 0.0072446 -0.00848975
 0.00471298 -0.00137168 -0.011158 0.0071677 -0.0080114
 0.00447495 -0.00130075 -0.0100251 0.00652723 -0.00700915
 0.00425095 -0.00124793 -0.0091257 0.00620198 -0.00634933
 0.0041072 -0.00125148 -0.00818893 0.00570902 -0.0057346
 0.00391448 -0.00123602 -0.00750022 0.00532457 -0.0052817
 0.00371777 -0.00116489 -0.00688347 0.00502963 -0.00471195
 0.0035091 -0.00110494 -0.00597108 0.0044436 -0.00408095
 0.0033306 -0.00105215 -0.00547163 0.004214 -0.0037518
 0.00313797 -0.00096791 -0.0045732 0.0035789 -0.00331163
 0.00292948 -0.00090097 -0.0039962 0.00320408 -0.0029144
 0.00278955 -0.000840225 -0.00351893 0.00289512 -0.00269032
 0.00259823 -0.00078285 -0.00295873 0.00247099 -0.00231653
 0.00244236 -0.00071283 -0.0025441 0.00217431 -0.0019808
 0.0022679 -0.000649973 -0.00219184 0.00190599 -0.00173399
 0.00212406 -0.000586782 -0.00176831 0.00159883 -0.00151621
 0.00198132 -0.000522107 -0.00152795 0.00143258 -0.00130185
 0.00181618 -0.000454248 -0.00126272 0.00119795 -0.0010623
 0.0016896 -0.00040413 -0.00105101 0.00104534 -0.000921162
 0.00154495 -0.000350205 -0.000885478 0.000909493 -0.000766372
 0.00143574 -0.000304733 -0.000750992 0.000792022 -0.000668465
 0.00131097 -0.000261665 -0.000640417 0.00068764 -0.000567008
 0.00121164 -0.000227423 -0.000540607 0.000599983 -0.000435957
 0.00110122 -0.000193107 -0.000457132 0.000532457 -0.00037686
 0.00100413 -0.000170476 -0.000391885 0.00046383 -0.000295368
 0.000925617 -0.00014708 -0.000336972 0.000411825 -0.000248514
 0.000831085 -0.000121996 -0.000284827 0.000356773 -0.000193474
 0.00076655 -0.000107232 -0.000249904 0.000321092 -0.000162511
 0.000695135 -9.14945e-05 -0.000214801 0.000285668 -0.00012144
 0.000635172 -7.90295e-05 -0.00018593 0.00025062 -0.000102076
 0.00057574 -6.83925e-05 -0.00016218 0.000224465 -6.94368e-05
 0.000526005 -5.84422e-05 -0.000146468 0.000201198 -5.38107e-05
 0.000469307 -4.9579e-05 -0.000126698 0.000176668 -3.6162e-05
 0.000421925 -4.24017e-05 -0.000108801 0.000153369 -3.39363e-05
 0.000380265 -3.61282e-05 -9.689e-05 0.000135898 -2.20386e-05
 0.000346812 -3.11652e-05 -8.7434e-05 0.000122457 -1.50021e-05
 0.000309585 -2.63035e-05 -7.49442e-05 0.000105808 -9.58095e-06
 0.000274457 -2.17502e-05 -6.56225e-05 9.1969e-05 -5.06165e-06
 0.000246256 -1.8603e-05 -5.64672e-05 7.92805e-05 -3.00898e-06
 0.000217031 -1.54257e-05 -4.92058e-05 6.84168e-05 -1.2332e-07
 0.000192331 -1.28588e-05 -4.19098e-05 5.81173e-05 6.57948e-07
 0.00016908 -1.06974e-05 -3.59085e-05 4.9748e-05 1.28794e-06
 0.000150966 -9.04952e-06 -3.1324e-05 4.30775e-05 1.85488e-06
 0.000136221 -7.69963e-06 -2.7208e-05 3.72115e-05 2.12085e-06
 0.000116854 -6.17352e-06 -2.29932e-05 3.1069e-05 2.59462e-06
 0.000100776 -5.03238e-06 -1.91015e-05 2.56768e-05 2.42563e-06
 8.74617e-05 -4.06162e-06 -1.59782e-05 2.13987e-05 2.7768e-06
 7.8604e-05 -3.44702e-06 -1.39819e-05 1.86143e-05 2.62965e-06
 6.83535e-05 -2.83265e-06 -1.16096e-05 1.51855e-05 2.18957e-06
 5.78657e-05 -2.26051e-06 -9.3678e-06 1.2168e-05 2.11241e-06
 5.01053e-05 -1.80571e-06 -7.78618e-06 1.00468e-05 1.8591e-06
 4.3062e-05 -1.46232e-06 -6.4613e-06 8.28888e-06 1.81688e-06
 3.64057e-05 -1.14328e-06 -5.21888e-06 6.59208e-06 1.42086e-06
 3.06343e-05 -8.91583e-07 -4.15157e-06 5.23572e-06 1.35245e-06
 2.5651e-05 -6.99435e-07 -3.3107e-06 4.09597e-06 1.18725e-06
 2.1757e-05 -5.53428e-07 -2.61337e-06 3.19428e-06 1.00531e-06
 1.82059e-05 -4.27043e-07 -2.07827e-06 2.50155e-06 7.49688e-07
 1.50098e-05 -3.19163e-07 -1.59615e-06 1.90228e-06 7.20075e-07
 1.25096e-05 -2.47109e-07 -1.24226e-06 1.44987e-06 6.10163e-07
 1.00454e-05 -1.81225e-07 -9.17823e-07 1.04978e-06 4.48702e-07
 8.38092e-06 -1.35515e-07 -7.20298e-07 8.09847e-07 3.9495e-07
 6.80775e-06 -9.98217e-08 -5.278e-07 5.8185e-07 3.02325e-07
 5.298e-06 -7.0331e-08 -3.69218e-07 3.97462e-07 2.4165e-07
 4.39377e-06 -5.1936e-08 -2.80412e-07 2.90323e-07 2.19185e-07
 3.3854e-06 -3.47285e-08 -1.87427e-07 1.88006e-07 1.51987e-07
 2.62918e-06 -2.32418e-08 -1.29182e-07 1.23446e-07 1.18986e-07
 2.07042e-06 -1.61385e-08 -8.8844e-08 7.97573e-08 8.7111e-08
 1.52171e-06 -1.01859e-08 -5.38052e-08 4.31242e-08 6.3579e-08
 1.18384e-06 -6.23733e-09 -3.5934e-08 2.50815e-08 5.07257e-08
 9.33828e-07 -3.96833e-09 -2.13783e-08 1.1282e-08 4.08818e-08
 6.6215e-07 -2.02791e-09 -1.10843e-08 1.93347e-09 2.79543e-08
 4.58083e-07 -9.55652e-10 -5.05922e-09 -1.95751e-09 1.85722e-08
 3.24807e-07 -3.91485e-10 -1.65275e-09 -4.07345e-09 1.24333e-08
 2.26354e-07 -6.24048e-11 1.88919e-10 -4.39097e-09 8.7481e-09
 1.45343e-07 5.80628e-11 9.2612e-10 -3.9185e-09 4.94373e-09
 9.18195e-08 1.33481e-10 1.13642e-09 -3.2386e-09 3.52422e-09
 6.07692e-08 1.27053e-10 1.0677e-09 -2.5375e-09 1.9903e-09
 3.64658e-08 1.05867e-10 8.4716e-10 -1.76106e-09 1.23735e-09
 1.94733e-08 6.8485e-11 5.56097e-10 -1.07115e-09 5.58097e-10
 9.5382e-09 3.86535e-11 3.20712e-10 -5.8998e-10 2.15055e-10
 4.82103e-09 2.27658e-11 1.84352e-10 -3.27465e-10 9.4892e-11
 1.66906e-09 8.75122e-12 7.28495e-11 -1.24828e-10 2.61862e-11
 6.4116e-10 3.45372e-12 3.11458e-11 -5.16165e-11 4.25748e-12
 1.46368e-10 9.11445e-13 7.75675e-12 -1.25704e-11 1.09232e-12
 1.59699e-11 8.411e-14 9.11988e-13 -1.47348e-12 -4.89303e-13
 0 0 0 0 0
 0 0 0 0 0
 0 0 0 0 0
 0 0 0 0 0
 0 0 0 0 0
 0.0192624 0.0032562 -0.00501283 -0.00883808 -0.00968015
 0.0172304 0.00273762 -0.0032525 -0.00913478 -0.0108361
 0.0156733 0.0020642 -0.00195649 -0.00912075 -0.012252
 0.014664 0.00161991 -0.00188052 -0.0091381 -0.0140242
 0.013484 0.00122254 -0.00207973 -0.00896875 -0.0164169
 0.0134506 0.000866972 -0.00221086 -0.0088005 -0.0191406
 0.0130452 0.00069813 -0.0033029 -0.0089934 -0.0194597
 0.0129995 0.000720875 -0.00284995 -0.00976607 -0.0210428
 0.0128783 0.000405495 -0.00428275 -0.0093216 -0.0225406
 0.0130909 0.000493843 -0.0036234 -0.010063 -0.0224596
 0.0135112 0.00036358 -0.00496437 -0.0097465 -0.0236278
 0.0130158 0.000415922 -0.00502925 -0.0107558 -0.0231269
 0.0134082 0.00034889 -0.00748627 -0.00901667 -0.0247892
 0.013474 0.000326322 -0.00908608 -0.00890725 -0.0241958
 0.0130811 0.00019142 -0.0103154 -0.00812168 -0.0237421
 0.012831 8.85795e-05 -0.010383 -0.00723013 -0.0235991
 0.0127193 -0.000180724 -0.0126039 -0.00504355 -0.023659
 0.0122175 -0.000340705 -0.0133793 -0.00486158 -0.022788
 0.012199 -0.00046066 -0.0141883 -0.0032935 -0.0222684
 0.0119472 -0.000551135 -0.0146385 -0.00170758 -0.0214015
 0.0115354 -0.000889335 -0.0163047 -8.66087e-05 -0.0209315
 0.011105 -0.000898735 -0.0168853 0.00150651 -0.0199301
 0.0106656 -0.00122112 -0.0174597 0.0028161 -0.0197418
 0.0104062 -0.0013214 -0.0169951 0.00326752 -0.0179854
 0.0101729 -0.00137132 -0.0179665 0.00503618 -0.0173223
 0.00958767 -0.00148972 -0.0173325 0.00548482 -0.0162923
 0.00949293 -0.00170154 -0.0179822 0.00714303 -0.0151762
 0.00926392 -0.0016568 -0.0174304 0.00742765 -0.0145808
 0.008832 -0.00185152 -0.0168277 0.00748787 -0.0143817
 0.00854155 -0.00177419 -0.016291 0.00803985 -0.012643
 0.0082339 -0.00192817 -0.0159002 0.0083771 -0.0122016
 0.0079301 -0.00191889 -0.0151793 0.00851408 -0.0109989
 0.00764505 -0.00192112 -0.0146525 0.00868075 -0.010267
 0.0073055 -0.00183015 -0.01366 0.00831115 -0.00912655
 0.00696458 -0.00179663 -0.0130351 0.0082873 -0.00844295
 0.00676255 -0.00181946 -0.0121938 0.00816723 -0.00758437
 0.00631223 -0.00170897 -0.0107456 0.00746795 -0.006883
 0.0060567 -0.00162362 -0.0101797 0.00713797 -0.0062138
 0.00582125 -0.00159884 -0.00926748 0.00677287 -0.00561918
 0.00554505 -0.00151034 -0.00839327 0.00635595 -0.00490523
 0.00529625 -0.00144391 -0.00766388 0.00593847 -0.00437935
 0.00494935 -0.00135252 -0.00661685 0.00519338 -0.00393923
 0.00466055 -0.00124729 -0.00607615 0.0049897 -0.0033784
 0.00441737 -0.00117655 -0.00528115 0.00438937 -0.0030398
 0.00420567 -0.00109398 -0.00468532 0.00406672 -0.0026764
 0.00387548 -0.00099295 -0.00399205 0.0035022 -0.00236895
 0.00370952 -0.000934903 -0.00361463 0.00326678 -0.00209143
 0.00348955 -0.000855218 -0.00317998 0.00298108 -0.00179874
 0.0032133 -0.00075811 -0.00264893 0.00254688 -0.00146411
 0.00298945 -0.000675653 -0.00228762 0.00226529 -0.00126726
 0.00275395 -0.000592585 -0.0019485 0.00199029 -0.00107542
 0.00256127 -0.000524287 -0.00169895 0.00175402 -0.000922235
 0.00231716 -0.000447877 -0.00140247 0.00149726 -0.00077172
 0.00217305 -0.000393905 -0.00122514 0.00133306 -0.000654005
 0.00199373 -0.000334528 -0.00104919 0.00118299 -0.000548175
 0.00182574 -0.000288975 -0.00090604 0.00104418 -0.00042037
 0.001689 -0.00024812 -0.000777037 0.000911312 -0.000375125
 0.0015326 -0.000213 -0.00065554 0.0007902 -0.000269555
 0.0013967 -0.000181776 -0.0005707 0.000702803 -0.000232796
 0.00125729 -0.000151512 -0.000478853 0.000599592 -0.000190495
 0.00114998 -0.000130455 -0.000415107 0.000529127 -0.000139549
 0.00103703 -0.000108355 -0.00034852 0.00046051 -0.000102041
 0.000946932 -9.27207e-05 -0.000303268 0.000404525 -7.5893e-05
 0.000855145 -7.91995e-05 -0.000265497 0.000356848 -6.1804e-05
 0.000774683 -6.72278e-05 -0.000229528 0.000310505 -4.28642e-05
 0.000699443 -5.712e-05 -0.000201706 0.000272912 -2.76735e-05
 0.000615258 -4.6654e-05 -0.000168539 0.000232413 -1.97547e-05
 0.000568815 -3.98623e-05 -0.000150893 0.000208031 -7.2907e-06
 0.000504837 -3.31762e-05 -0.000130296 0.000180109 -5.2607e-06
 0.000451877 -2.80173e-05 -0.00011247 0.000154048 -2.18543e-06
 0.000403218 -2.33059e-05 -9.85523e-05 0.000135636 3.67827e-06
 0.000361895 -1.94298e-05 -8.58025e-05 0.000117051 4.84965e-06
 0.00031283 -1.57917e-05 -7.1834e-05 9.83625e-05 6.56702e-06
 0.000279465 -1.30358e-05 -6.19018e-05 8.36667e-05 8.26658e-06
 0.000248429 -1.07574e-05 -5.27697e-05 7.17888e-05 7.68308e-06
 0.000220351 -8.90545e-06 -4.5306e-05 6.0867e-05 7.4215e-06
 0.000195534 -7.25515e-06 -3.8803e-05 5.2217e-05 6.63983e-06
 0.000166593 -5.61658e-06 -3.18975e-05 4.25048e-05 7.00227e-06
 0.000148387 -4.65848e-06 -2.72025e-05 3.6129e-05 5.9781e-06
 0.000127675 -3.64315e-06 -2.2392e-05 2.95382e-05 5.13273e-06
 0.000110661 -2.87518e-06 -1.88222e-05 2.44796e-05 5.26277e-06
 9.61658e-05 -2.28475e-06 -1.54335e-05 2.02322e-05 4.0844e-06
 8.22005e-05 -1.7798e-06 -1.26336e-05 1.62256e-05 3.97295e-06
 7.10492e-05 -1.36402e-06 -1.04545e-05 1.33158e-05 3.4686e-06
 5.96085e-05 -1.04973e-06 -8.19825e-06 1.0273e-05 3.0138e-06
 5.1598e-05 -8.0145e-07 -6.79623e-06 8.47517e-06 2.60015e-06
 4.31387e-05 -5.8693e-07 -5.33272e-06 6.55693e-06 2.13816e-06
 3.63802e-05 -4.25013e-07 -4.16525e-06 5.09315e-06 1.91098e-06
 2.97627e-05 -3.07222e-07 -3.18725e-06 3.82543e-06 1.49735e-06
 2.62922e-05 -2.2523e-07 -2.6459e-06 3.0997e-06 1.35008e-06
 2.17369e-05 -1.47443e-07 -2.01468e-06 2.34522e-06 1.14243e-06
 1.77273e-05 -9.68998e-08 -1.48936e-06 1.69367e-06 8.8822e-07
 1.44315e-05 -5.50492e-08 -1.10689e-06 1.24967e-06 6.83543e-07
 1.16597e-05 -3.0087e-08 -8.33457e-07 9.03317e-07 5.9737e-07
 9.7837e-06 -1.32164e-08 -6.23952e-07 6.6351e-07 4.90438e-07
 7.6419e-06 5.54075e-11 -4.3166e-07 4.37025e-07 3.79205e-07
 6.19755e-06 7.17455e-09 -3.0419e-07 2.91715e-07 2.87282e-07
 4.98558e-06 1.26452e-08 -2.13534e-07 1.94646e-07 2.5008e-07
 3.73315e-06 1.29739e-08 -1.30173e-07 1.05361e-07 1.7186e-07
 3.0194e-06 1.35903e-08 -9.07843e-08 6.32902e-08 1.24606e-07
 2.31158e-06 1.27776e-08 -5.3773e-08 2.79435e-08 1.01406e-07
 1.73256e-06 1.12698e-08 -2.83672e-08 5.99997e-09 7.77313e-08
 1.28699e-06 9.51325e-09 -1.19429e-08 -6.91687e-09 4.99762e-08
 9.75395e-07 8.0679e-09 -4.11688e-09 -1.24816e-08 4.04798e-08
 7.18708e-07 6.4905e-09 1.60022e-09 -1.51671e-08 2.84247e-08
 5.20753e-07 5.07983e-09 4.18592e-09 -1.52445e-08 1.86461e-08
 3.44752e-07 3.58637e-09 4.30358e-09 -1.1907e-08 1.10865e-08
 2.36234e-07 2.62917e-09 4.6105e-09 -1.01824e-08 8.53298e-09
 1.57696e-07 1.85431e-09 3.86198e-09 -7.8135e-09 5.34657e-09
 9.61943e-08 1.1806e-09 2.83895e-09 -5.3577e-09 2.8325e-09
 5.94987e-08 7.67925e-10 2.05193e-09 -3.6787e-09 1.55929e-09
 3.20343e-08 4.28965e-10 1.31038e-09 -2.25089e-09 7.51962e-10
 1.84575e-08 2.55792e-10 8.24145e-10 -1.38859e-09 4.0919e-10
 8.10848e-09 1.14559e-10 4.0379e-10 -6.61098e-10 1.33181e-10
 4.18055e-09 6.02985e-11 2.26439e-10 -3.6682e-10 4.03323e-11
 1.6084e-09 2.339e-11 9.39652e-11 -1.49337e-10 3.46863e-12
 0 0 0 0 0
 0 0 0 0 0
 0 0 0 0 0
 0 0 0 0 0
 0 0 0 0 0
 0 0 0 0 0
 0.0306008 0.00653102 -0.0044391 -0.0151752 -0.0119167
 0.0286035 0.0066315 -0.000677642 -0.0176482 -0.0123187
 0.026571 0.00623945 0.0016989 -0.0191528 -0.0127387
 0.024165 0.00576238 0.0039547 -0.0194305 -0.0150201
 0.0226871 0.00522337 0.00575097 -0.0202044 -0.0168802
 0.0213825 0.00456918 0.00540625 -0.0200282 -0.0190367
 0.020424 0.0040109 0.00653082 -0.0195282 -0.0207082
 0.0195397 0.0036667 0.00606513 -0.0194867 -0.0227229
 0.0193888 0.00335045 0.00401523 -0.0190883 -0.024207
 0.0186121 0.00313663 0.00445757 -0.0186497 -0.0252818
 0.0184954 0.00299995 0.00132149 -0.0180065 -0.026665
 0.0179804 0.00268877 0.00100792 -0.0174172 -0.0260115
 0.0182871 0.00255245 -0.000475 -0.0161406 -0.027034
 0.0183806 0.00210136 -0.00292633 -0.0153848 -0.027357
 0.0172874 0.00173755 -0.00451695 -0.0145126 -0.0268257
 0.0173932 0.0016996 -0.00571718 -0.0131192 -0.0261487
 0.0170336 0.00140832 -0.00715473 -0.0121096 -0.025539
 0.0162474 0.000966552 -0.00895887 -0.0101363 -0.0246863
 0.0158588 0.00080704 -0.00945435 -0.00858083 -0.0242534
 0.0154043 0.00043238 -0.0103936 -0.00773498 -0.0237373
 0.0150636 -1.7837e-05 -0.0129367 -0.00567495 -0.0224431
 0.0145479 -0.000228188 -0.0116709 -0.0047157 -0.0204871
 0.0141695 -0.000660412 -0.0144073 -0.00181275 -0.0205324
 0.013863 -0.000869075 -0.0145784 -0.00022049 -0.0202099
 0.0134923 -0.000960425 -0.0160964 0.00147267 -0.0187166
 0.0128295 -0.00121575 -0.015573 0.00237639 -0.0177969
 0.0123182 -0.00123294 -0.015027 0.00297738 -0.016379
 0.0119412 -0.00148447 -0.0159158 0.00470683 -0.0155636
 0.0117031 -0.0016561 -0.0157467 0.00523863 -0.0145709
 0.01117 -0.00171436 -0.0156619 0.00675658 -0.0135674
 0.0108154 -0.00177989 -0.0161257 0.00771702 -0.0126868
 0.0103574 -0.00175903 -0.0153779 0.0076957 -0.0118196
 0.00993622 -0.00179924 -0.013979 0.00743885 -0.0103933
 0.00970458 -0.00187225 -0.0132939 0.0076071 -0.00972105
 0.00938455 -0.00193377 -0.0131348 0.00804198 -0.00885795
 0.00886453 -0.00182658 -0.0123777 0.00800402 -0.00787637
 0.00839738 -0.00176148 -0.0110435 0.00750195 -0.00714098
 0.0081411 -0.00178536 -0.0114832 0.00819683 -0.0066073
 0.00788625 -0.00173565 -0.0104661 0.00766325 -0.0059784
 0.0073725 -0.00164867 -0.00944678 0.00711248 -0.00541948
 0.00699927 -0.00150332 -0.00867765 0.0068777 -0.00465525
 0.0066238 -0.00142371 -0.00810362 0.00658917 -0.00398922
 0.0063398 -0.00139364 -0.00733043 0.0060858 -0.0038486
 0.00600182 -0.00132311 -0.00660167 0.0056839 -0.00327818
 0.00575562 -0.00125338 -0.00614578 0.0054891 -0.00291955
 0.00538477 -0.00115643 -0.00559865 0.00511732 -0.00243561
 0.00511592 -0.00110171 -0.0052199 0.00490427 -0.00221985
 0.0047804 -0.00100251 -0.0046228 0.0044347 -0.00196376
 0.00444748 -0.00091425 -0.00394392 0.00389238 -0.00158993
 0.00418432 -0.000846342 -0.00356773 0.00356817 -0.00140851
 0.00385282 -0.000745625 -0.0031667 0.00325458 -0.00119813
 0.0036809 -0.000684675 -0.00284947 0.00298285 -0.00101573
 0.0033135 -0.000586692 -0.00239196 0.0025412 -0.00084383
 0.00312178 -0.000513933 -0.00205851 0.00224439 -0.000701075
 0.00285267 -0.0004444 -0.00174451 0.00194221 -0.000588707
 0.00264127 -0.000382455 -0.00154013 0.00173963 -0.000482865
 0.00240771 -0.00032083 -0.00129286 0.00150671 -0.000386955
 0.00218937 -0.000270365 -0.00110952 0.00131282 -0.000313267
 0.00200136 -0.000225091 -0.000935533 0.00112673 -0.000236804
 0.0018182 -0.000188712 -0.000800442 0.000981567 -0.000185394
 0.00166076 -0.000160057 -0.000683732 0.000852515 -0.000152765
 0.00151729 -0.000133841 -0.000606918 0.000762463 -0.00010286
 0.00137991 -0.000112503 -0.000513025 0.000657692 -8.2544e-05
 0.00124514 -9.28487e-05 -0.000436545 0.000565725 -4.73138e-05
 0.00112424 -7.7632e-05 -0.000376257 0.000496 -3.8398e-05
 0.00099371 -6.22692e-05 -0.000312308 0.000416483 -2.28301e-05
 0.000899582 -5.2915e-05 -0.000273565 0.000362865 -2.37757e-06
 0.000815125 -4.40992e-05 -0.000235844 0.00031425 1.77342e-06
 0.000737358 -3.64307e-05 -0.000201226 0.000269897 4.70948e-06
 0.000663348 -2.98625e-05 -0.000178325 0.000239128 1.12057e-05
 0.000586198 -2.41998e-05 -0.000149269 0.000200698 1.35772e-05
 0.000521698 -1.96586e-05 -0.000127802 0.000172174 1.45233e-05
 0.000471488 -1.58866e-05 -0.000111475 0.0001504 1.43863e-05
 0.000416165 -1.26739e-05 -9.40238e-05 0.00012685 1.49733e-05
 0.00036217 -1.01021e-05 -7.83565e-05 0.000104831 1.37541e-05
 0.000319255 -7.9116e-06 -6.70902e-05 8.86375e-05 1.36647e-05
 0.000283278 -6.21958e-06 -5.6396e-05 7.4627e-05 1.23529e-05
 0.00024409 -4.58797e-06 -4.65613e-05 6.133e-05 1.06874e-05
 0.00021715 -3.66252e-06 -3.95158e-05 5.15845e-05 9.8099e-06
 0.000185786 -2.65347e-06 -3.22415e-05 4.1708e-05 9.57267e-06
 0.000162571 -1.94719e-06 -2.70115e-05 3.49998e-05 8.28795e-06
 0.000139029 -1.33122e-06 -2.21354e-05 2.83757e-05 7.08903e-06
 0.000123193 -9.5053e-07 -1.85438e-05 2.36453e-05 6.46588e-06
 0.000106243 -6.42508e-07 -1.4931e-05 1.8753e-05 5.78557e-06
 9.111e-05 -3.4326e-07 -1.2119e-05 1.52437e-05 4.9088e-06
 7.59908e-05 -1.8791e-07 -9.53228e-06 1.17769e-05 4.0694e-06
 6.60925e-05 -3.69593e-08 -7.88403e-06 9.61517e-06 3.61463e-06
 5.49735e-05 6.712e-08 -6.04375e-06 7.23068e-06 3.02565e-06
 4.58507e-05 1.20339e-07 -4.6642e-06 5.53708e-06 2.35706e-06
 4.02543e-05 1.62529e-07 -3.8188e-06 4.4794e-06 2.10024e-06
 3.19565e-05 1.74551e-07 -2.7533e-06 3.17595e-06 1.6045e-06
 2.8544e-05 1.94024e-07 -2.24011e-06 2.51653e-06 1.57996e-06
 2.17926e-05 1.7067e-07 -1.57346e-06 1.72702e-06 1.1457e-06
 1.85395e-05 1.68031e-07 -1.20078e-06 1.28467e-06 8.95395e-07
 1.51295e-05 1.53051e-07 -8.73787e-07 9.04895e-07 7.35385e-07
 1.24335e-05 1.40235e-07 -6.2842e-07 6.19558e-07 6.26253e-07
 1.00203e-05 1.24889e-07 -4.3118e-07 3.96695e-07 4.68422e-07
 8.256e-06 1.10967e-07 -3.0295e-07 2.56583e-07 4.09508e-07
 6.42483e-06 9.13917e-08 -1.89717e-07 1.40003e-07 2.99227e-07
 5.03097e-06 7.56038e-08 -1.20884e-07 6.98502e-08 2.29285e-07
 4.17142e-06 6.67732e-08 -6.84995e-08 1.75594e-08 1.82966e-07
 3.06103e-06 5.1332e-08 -3.3186e-08 -9.9951e-09 1.30737e-07
 2.28809e-06 4.0017e-08 -8.9518e-09 -2.80647e-08 9.0094e-08
 1.7094e-06 3.09055e-08 4.15315e-09 -3.42748e-08 6.54375e-08
 1.3089e-06 2.473e-08 1.15387e-08 -3.76915e-08 4.75745e-08
 9.16117e-07 1.77842e-08 1.30108e-08 -3.34192e-08 2.83412e-08
 6.87252e-07 1.37836e-08 1.32311e-08 -2.90487e-08 2.29938e-08
 5.1341e-07 1.05246e-08 1.26841e-08 -2.5639e-08 1.63081e-08
 3.31867e-07 7.00415e-09 1.00783e-08 -1.87266e-08 9.72835e-09
 2.19444e-07 4.75015e-09 7.89105e-09 -1.4027e-08 6.08518e-09
 1.35187e-07 2.94942e-09 5.54228e-09 -9.49933e-09 3.34642e-09
 9.05805e-08 2.02263e-09 4.15085e-09 -6.88878e-09 2.05551e-09
 5.24325e-08 1.18336e-09 2.65613e-09 -4.3045e-09 9.57797e-10
 3.02862e-08 7.00298e-10 1.64555e-09 -2.63855e-09 5.616e-10
 1.68086e-08 3.90903e-10 1.00693e-09 -1.58082e-09 1.85574e-10
 0 0 0 0 0
 0 0 0 0 0
 0 0 0 0 0
 0 0 0 0 0
 0 0 0 0 0
 0 0 0 0 0
 0 0 0 0 0
 0.0424895 0.00902325 -0.00584982 -0.017846 -0.0167014
 0.0397977 0.00916465 -0.000465412 -0.0211487 -0.0150065
 0.0374078 0.0093228 0.00429932 -0.0244568 -0.0150911
 0.0347635 0.0095718 0.00834748 -0.0279432 -0.0159353
 0.0312967 0.00922605 0.0129125 -0.0295793 -0.015495
 0.0291077 0.00893125 0.01501 -0.0311692 -0.0185513
 0.0277157 0.00869648 0.0170544 -0.032162 -0.0197671
 0.0264658 0.0081048 0.0191478 -0.0323357 -0.0214154
 0.0247103 0.00752987 0.0155061 -0.031165 -0.0217841
 0.0244395 0.00705622 0.0167711 -0.030327 -0.0238472
 0.0232094 0.00664893 0.0150044 -0.028558 -0.0242906
 0.0224212 0.0061539 0.0118136 -0.0272905 -0.0246564
 0.0220195 0.00549915 0.00995162 -0.0262728 -0.0256053
 0.0216695 0.0052377 0.00903433 -0.025267 -0.0246753
 0.0208585 0.00465632 0.00670343 -0.0237907 -0.0248655
 0.0196017 0.00387782 0.00544497 -0.0224143 -0.0246957
 0.0200002 0.00379685 0.0038581 -0.0210167 -0.0251233
 0.0190833 0.00333655 0.00318275 -0.0200571 -0.0235557
 0.018583 0.00284595 -0.000140455 -0.0175047 -0.0229477
 0.0180494 0.00217847 -0.00217502 -0.015075 -0.0214854
 0.0178276 0.00162486 -0.00311987 -0.013842 -0.0213109
 0.0169363 0.00136109 -0.00399515 -0.0116758 -0.0208835
 0.0168707 0.00100962 -0.00650912 -0.0087941 -0.0197906
 0.0160548 0.000582072 -0.00739093 -0.006964 -0.0184812
 0.0158373 0.000218712 -0.00876962 -0.00489168 -0.0187182
 0.0151761 -0.000314778 -0.00957213 -0.00306347 -0.0173289
 0.0147733 -0.00033391 -0.0103014 -0.00148697 -0.0155597
 0.014216 -0.000657102 -0.0100577 -0.00111272 -0.0154195
 0.0139321 -0.00082494 -0.0116667 0.00186876 -0.0139432
 0.0132864 -0.00110112 -0.0115781 0.00241624 -0.0131406
 0.0125623 -0.00107179 -0.0112704 0.00274357 -0.0117688
 0.0123645 -0.0012636 -0.0118962 0.00445882 -0.0111733
 0.0119092 -0.00133919 -0.0117895 0.0053649 -0.0109723
 0.0115029 -0.0015369 -0.0116363 0.00594305 -0.00937532
 0.0111292 -0.00163644 -0.0114173 0.00619247 -0.00902783
 0.0107068 -0.00151724 -0.0113786 0.0068855 -0.00783408
 0.0102184 -0.00158651 -0.0103161 0.00667162 -0.00721425
 0.00988902 -0.0016418 -0.0101985 0.00715452 -0.0066574
 0.00951068 -0.00154557 -0.0105485 0.00768145 -0.00602112
 0.0089517 -0.00158241 -0.0097377 0.00738293 -0.00537717
 0.00865047 -0.00153479 -0.00924873 0.00733492 -0.00479938
 0.00822952 -0.00140732 -0.00894632 0.0074949 -0.00423912
 0.00796355 -0.00146216 -0.00846378 0.00743012 -0.00377282
 0.00743928 -0.00131066 -0.00768335 0.0068246 -0.0033392
 0.0071001 -0.00128079 -0.00720375 0.0065238 -0.00288893
 0.0068392 -0.00126423 -0.006653 0.00632087 -0.00263223
 0.00631717 -0.00113558 -0.00623205 0.0060479 -0.00225921
 0.00596838 -0.00108477 -0.00567908 0.0055948 -0.00191807
 0.005713 -0.00102276 -0.00522555 0.00528625 -0.00167135
 0.0053234 -0.000926528 -0.0048728 0.00496243 -0.0013871
 0.00498195 -0.000856355 -0.00423327 0.00433968 -0.00121838
 0.00472485 -0.000771898 -0.0038219 0.00407395 -0.00106074
 0.0043315 -0.00069369 -0.00341277 0.00364075 -0.00088217
 0.00411732 -0.000618745 -0.00310092 0.00338075 -0.000705653
 0.00371627 -0.00052078 -0.0026373 0.00289143 -0.0006053
 0.0034261 -0.000461062 -0.00229076 0.0025665 -0.000502975
 0.0031368 -0.000379283 -0.00196316 0.00223117 -0.000396667
 0.00290498 -0.000327373 -0.00168407 0.00194689 -0.000324812
 0.00265905 -0.000268465 -0.00140363 0.00165684 -0.00024618
 0.00239963 -0.000219728 -0.00122385 0.00146351 -0.00017439
 0.0022216 -0.000183825 -0.001043 0.00126958 -0.000146245
 0.00203041 -0.00015185 -0.000881465 0.00108354 -0.000103057
 0.00180871 -0.000118623 -0.00074543 0.000931635 -7.8055e-05
 0.00165056 -9.9474e-05 -0.000634025 0.000799473 -5.15103e-05
 0.00148714 -8.01808e-05 -0.00054115 0.00068895 -2.68385e-05
 0.00134696 -6.46468e-05 -0.000455683 0.00059288 -1.75605e-05
 0.00121218 -5.107e-05 -0.00040419 0.000525867 -7.17385e-07
 0.00108123 -4.09382e-05 -0.000333745 0.000437685 8.28555e-06
 0.000971738 -3.21398e-05 -0.000282753 0.000374085 1.42994e-05
 0.000882068 -2.60808e-05 -0.00024531 0.000324112 1.82501e-05
 0.000785783 -2.0118e-05 -0.000207795 0.000274705 2.05501e-05
 0.000700752 -1.61399e-05 -0.000178194 0.000235081 2.2708e-05
 0.000644885 -1.20649e-05 -0.000155482 0.000205518 2.26983e-05
 0.00056016 -8.85907e-06 -0.000126807 0.000168138 2.14786e-05
 0.000501507 -6.4317e-06 -0.000109253 0.000144158 2.06654e-05
 0.00043445 -4.1924e-06 -9.0565e-05 0.000120149 2.00089e-05
 0.00038309 -2.83582e-06 -7.6404e-05 0.000100169 1.85307e-05
 0.00034076 -1.71149e-06 -6.4408e-05 8.45057e-05 1.64072e-05
 0.000294943 -6.97898e-07 -5.2946e-05 6.9047e-05 1.48794e-05
 0.000262482 -4.63493e-08 -4.50258e-05 5.83463e-05 1.37867e-05
 0.00022727 4.30713e-07 -3.73948e-05 4.79085e-05 1.12059e-05
 0.000198429 7.7724e-07 -3.07237e-05 3.90055e-05 1.09206e-05
 0.000173504 9.8386e-07 -2.51188e-05 3.17517e-05 9.5924e-06
 0.000146547 1.08173e-06 -2.00007e-05 2.50032e-05 7.87253e-06
 0.000126697 1.08988e-06 -1.62505e-05 2.00929e-05 6.74508e-06
 0.000110328 1.15492e-06 -1.32323e-05 1.62582e-05 6.12205e-06
 9.41808e-05 1.12872e-06 -1.04842e-05 1.27625e-05 5.0103e-06
 7.85933e-05 1.0497e-06 -8.1917e-06 9.8198e-06 4.17802e-06
 6.89195e-05 1.00078e-06 -6.63445e-06 7.7514e-06 3.76597e-06
 5.7253e-05 9.2679e-07 -5.05027e-06 5.8865e-06 3.01258e-06
 4.7825e-05 8.07665e-07 -3.87037e-06 4.4275e-06 2.4969e-06
 3.8479e-05 7.02312e-07 -2.84755e-06 3.17248e-06 1.88678e-06
 3.29055e-05 6.35685e-07 -2.15736e-06 2.32873e-06 1.63033e-06
 2.7918e-05 5.64855e-07 -1.64209e-06 1.68985e-06 1.36972e-06
 2.2555e-05 4.75242e-07 -1.14437e-06 1.13292e-06 1.09376e-06
 1.88154e-05 4.1624e-07 -8.25308e-07 7.79795e-07 9.20477e-07
 1.52343e-05 3.52425e-07 -5.49293e-07 4.73405e-07 7.136e-07
 1.23712e-05 2.94295e-07 -3.776e-07 2.85655e-07 5.46875e-07
 1.00083e-05 2.47981e-07 -2.3855e-07 1.42718e-07 4.3149e-07
 8.05245e-06 2.0436e-07 -1.29261e-07 3.2868e-08 3.51118e-07
 5.94712e-06 1.54934e-07 -5.79438e-08 -2.63405e-08 2.50328e-07
 4.70787e-06 1.24961e-07 -2.03281e-08 -5.42743e-08 1.81017e-07
 3.89462e-06 1.0593e-07 9.75865e-09 -7.82455e-08 1.53358e-07
 2.83885e-06 7.90785e-08 2.28709e-08 -7.76055e-08 1.06847e-07
 2.19927e-06 6.27425e-08 2.9942e-08 -7.63375e-08 7.50772e-08
 1.62645e-06 4.7045e-08 3.14413e-08 -6.94303e-08 5.71837e-08
 1.20523e-06 3.52592e-08 3.0297e-08 -5.9962e-08 3.57095e-08
 9.2181e-07 2.7395e-08 2.79838e-08 -5.1946e-08 2.7095e-08
 6.40808e-07 1.94101e-08 2.25903e-08 -3.9886e-08 1.98347e-08
 4.30753e-07 1.30918e-08 1.81055e-08 -3.06768e-08 1.02322e-08
 2.92808e-07 8.98333e-09 1.3626e-08 -2.23749e-08 6.7698e-09
 1.9065e-07 5.89512e-09 9.8706e-09 -1.58021e-08 3.67355e-09
 1.20766e-07 3.77578e-09 6.70488e-09 -1.06135e-08 2.16534e-09
 7.2126e-08 2.27234e-09 4.34592e-09 -6.78915e-09 1.17651e-09
 0 0 0 0 0
 0 0 0 0 0
 0 0 0 0 0
 0 0 0 0 0
 0 0 0 0 0
 0 0 0 0 0
 0 0 0 0 0
 0 0 0 0 0
 0.0545917 0.0118802 -0.00646835 -0.0182863 -0.0182843
 0.051283 0.0120761 -0.00191719 -0.021645 -0.0178533
 0.0469775 0.0121112 0.00439515 -0.0249938 -0.0163237
 0.04389 0.0123019 0.0090779 -0.02919 -0.017387
 0.040555 0.012394 0.0141303 -0.0326833 -0.0170469
 0.037385 0.0122716 0.0209361 -0.0364977 -0.0172631
 0.0347212 0.0121762 0.024062 -0.0386397 -0.0184363
 0.0320585 0.0119978 0.0270105 -0.0398875 -0.0185363
 0.0294885 0.0118595 0.0277587 -0.0403585 -0.0192985
 0.027585 0.011096 0.029014 -0.0397612 -0.0202036
 0.0263145 0.0108516 0.026825 -0.039344 -0.0212059
 0.0259567 0.0102007 0.0256223 -0.038127 -0.0206606
 0.0245099 0.00953938 0.0254183 -0.036942 -0.0219155
 0.0237078 0.00881712 0.0228493 -0.0351958 -0.0215437
 0.0228423 0.0079654 0.0187876 -0.03239 -0.0215604
 0.0221688 0.00740087 0.017837 -0.0314762 -0.0223118
 0.0215548 0.00666992 0.0159454 -0.03021 -0.0218691
 0.0209173 0.00598508 0.0116531 -0.0271425 -0.0210625
 0.0207634 0.00537395 0.0094498 -0.0249044 -0.0213147
 0.0201834 0.00469825 0.0095375 -0.0233039 -0.020041
 0.0193667 0.00385432 0.00612788 -0.0200149 -0.020145
 0.0187133 0.00353552 0.00514382 -0.0182301 -0.0188475
 0.018047 0.00301092 0.00281335 -0.0162416 -0.0183698
 0.0176025 0.00245917 0.00194222 -0.0145058 -0.0170339
 0.0176221 0.00174764 -0.00101939 -0.0112167 -0.0167909
 0.0166385 0.00149707 -0.000783908 -0.010291 -0.0158913
 0.0160678 0.00127495 -0.0018019 -0.00841358 -0.014649
 0.0159636 0.000714507 -0.00424965 -0.00596713 -0.0140037
 0.0151531 0.000473103 -0.0054345 -0.00418323 -0.0129804
 0.0148447 -0.000173705 -0.00690067 -0.00116698 -0.012281
 0.014142 -0.00028878 -0.00635548 -0.00117922 -0.0117554
 0.0138339 -0.000595123 -0.00768412 0.00117196 -0.0108442
 0.0132708 -0.00059563 -0.00694365 0.00105269 -0.00986927
 0.012863 -0.000802123 -0.00842078 0.0031034 -0.00918205
 0.0125033 -0.000900972 -0.00806995 0.00375175 -0.00826133
 0.0120807 -0.00107258 -0.00931978 0.00526725 -0.00787098
 0.0115321 -0.00116899 -0.00882945 0.00562582 -0.0066684
 0.0112648 -0.00133981 -0.00883987 0.00614523 -0.00653345
 0.0109285 -0.00141121 -0.00940343 0.006772 -0.00622877
 0.010178 -0.00130305 -0.00920735 0.006851 -0.00522928
 0.010075 -0.00131851 -0.0086538 0.00698135 -0.00464932
 0.00972318 -0.00141603 -0.00925922 0.007948 -0.0044394
 0.00911208 -0.0013172 -0.00841508 0.00740532 -0.0039574
 0.0087599 -0.0013307 -0.00785583 0.00723245 -0.00344813
 0.00838545 -0.00128371 -0.00768358 0.00726028 -0.0029628
 0.00806717 -0.00125882 -0.00746863 0.0071694 -0.0026606
 0.007704 -0.00122031 -0.00747788 0.00726252 -0.00228032
 0.00724098 -0.00111807 -0.00657858 0.0065929 -0.00203708
 0.0067847 -0.00104373 -0.00604563 0.00617715 -0.00177861
 0.00640602 -0.00098452 -0.0055631 0.00572635 -0.00150362
 0.00601942 -0.000894965 -0.00529827 0.00551697 -0.00134443
 0.0055887 -0.00080164 -0.00479295 0.00499705 -0.00110489
 0.00529012 -0.000744275 -0.00435988 0.00463333 -0.000933737
 0.00485717 -0.000655732 -0.0038886 0.00417645 -0.000781653
 0.0045422 -0.000581028 -0.00341513 0.00375408 -0.00067815
 0.00420915 -0.000497478 -0.0030814 0.003373 -0.00054178
 0.0039251 -0.000437338 -0.00263783 0.00298552 -0.000399852
 0.00363285 -0.00036588 -0.00239408 0.00270735 -0.00034999
 0.00330225 -0.000297665 -0.00199485 0.00230201 -0.000259115
 0.0030119 -0.000246152 -0.00167082 0.00196783 -0.00020211
 0.0027432 -0.000191875 -0.0014312 0.00170047 -0.000153436
 0.00249669 -0.000152084 -0.00118377 0.00143694 -0.000120492
 0.00232893 -0.000125319 -0.0010628 0.0012919 -6.94183e-05
 0.0020776 -9.68215e-05 -0.000863495 0.00106852 -4.97355e-05
 0.00186429 -7.51865e-05 -0.000730812 0.000911872 -2.22747e-05
 0.00171868 -5.71395e-05 -0.000633453 0.00080317 -7.37858e-06
 0.00153486 -4.39837e-05 -0.000528882 0.000676095 -1.64947e-08
 0.00140977 -3.35553e-05 -0.000462982 0.000590537 1.78019e-05
 0.0012345 -2.41071e-05 -0.000372983 0.00048429 1.97535e-05
 0.0011315 -1.74333e-05 -0.00032703 0.000425015 2.33046e-05
 0.000996702 -1.21363e-05 -0.000268167 0.000349587 2.5811e-05
 0.0009156 -7.39758e-06 -0.000236249 0.000308413 2.88243e-05
 0.000808038 -3.37292e-06 -0.000200417 0.000261773 3.00192e-05
 0.000719065 -1.0981e-06 -0.000167492 0.000219115 2.99508e-05
 0.000641183 9.0788e-07 -0.000141239 0.000185601 2.71465e-05
 0.00055283 1.83863e-06 -0.000113594 0.000148366 2.38654e-05
 0.000498925 3.13665e-06 -9.91623e-05 0.000128539 2.31614e-05
 0.000444138 3.95528e-06 -8.35947e-05 0.000108566 2.119e-05
 0.000391793 4.23223e-06 -6.90295e-05 8.895e-05 1.94879e-05
 0.000334285 4.30217e-06 -5.6281e-05 7.20502e-05 1.62875e-05
 0.000297553 4.36805e-06 -4.76273e-05 6.0742e-05 1.4883e-05
 0.000258192 4.23785e-06 -3.92372e-05 4.96655e-05 1.33906e-05
 0.000225036 3.97213e-06 -3.15872e-05 3.94152e-05 1.17106e-05
 0.000197456 3.98277e-06 -2.6077e-05 3.25708e-05 1.04435e-05
 0.000165881 3.49452e-06 -2.02689e-05 2.50168e-05 8.38967e-06
 0.000145869 3.31337e-06 -1.69487e-05 2.06536e-05 7.6919e-06
 0.000125691 3.02117e-06 -1.34881e-05 1.62298e-05 6.57755e-06
 0.000107156 2.69817e-06 -1.06275e-05 1.25721e-05 5.6617e-06
 9.2078e-05 2.40453e-06 -8.3787e-06 9.78208e-06 4.945e-06
 7.5378e-05 2.06006e-06 -6.17298e-06 7.08397e-06 3.715e-06
 6.68472e-05 1.88275e-06 -5.00683e-06 5.61285e-06 3.30038e-06
 5.5283e-05 1.61247e-06 -3.76713e-06 4.1405e-06 2.63215e-06
 4.58617e-05 1.38507e-06 -2.6885e-06 2.8293e-06 2.24554e-06
 3.83522e-05 1.1941e-06 -1.98913e-06 2.03099e-06 1.86989e-06
 3.21155e-05 1.023e-06 -1.44752e-06 1.41662e-06 1.45369e-06
 2.60832e-05 8.53825e-07 -9.78775e-07 8.69035e-07 1.22587e-06
 2.177e-05 7.2631e-07 -7.00018e-07 5.5716e-07 9.57457e-07
 1.77395e-05 6.03143e-07 -4.46113e-07 2.86855e-07 7.5463e-07
 1.43472e-05 4.96038e-07 -2.40021e-07 8.41265e-08 5.91435e-07
 1.14977e-05 4.05227e-07 -1.17553e-07 -3.87673e-08 4.75865e-07
 9.11255e-06 3.26153e-07 -4.39242e-08 -9.50868e-08 3.73285e-07
 7.40765e-06 2.68317e-07 3.86855e-09 -1.34003e-07 2.75932e-07
 5.62275e-06 2.0616e-07 4.48843e-08 -1.54134e-07 2.06132e-07
 4.40148e-06 1.63837e-07 5.66002e-08 -1.49357e-07 1.49285e-07
 3.32747e-06 1.25447e-07 6.3984e-08 -1.37901e-07 1.10585e-07
 2.67435e-06 1.01511e-07 6.7251e-08 -1.3091e-07 8.76672e-08
 1.91925e-06 7.3819e-08 5.80382e-08 -1.0829e-07 5.94372e-08
 1.46747e-06 5.69187e-08 5.21587e-08 -9.08705e-08 4.45508e-08
 1.07324e-06 4.1828e-08 4.39235e-08 -7.4076e-08 2.85022e-08
 7.63735e-07 3.00675e-08 3.5749e-08 -5.82825e-08 1.80322e-08
 5.1593e-07 2.02951e-08 2.63233e-08 -4.21828e-08 1.09973e-08
 3.60795e-07 1.43119e-08 1.99403e-08 -3.13525e-08 7.97555e-09
 2.49329e-07 9.92988e-09 1.52512e-08 -2.33697e-08 4.78267e-09
 0 0 0 0 0
 0 0 0 0 0
 0 0 0 0 0
 0 0 0 0 0
 0 0 0 0 0
 0 0 0 0 0
 0 0 0 0 0
 0 0 0 0 0
 0 0 0 0 0
 0.0665495 0.0159123 -0.00352925 -0.0187093 -0.0188105
 0.0617718 0.0158233 0.00025185 -0.0217176 -0.0183855
 0.0563225 0.0153118 0.005108 -0.0242979 -0.017102
 0.0519878 0.0149804 0.00890915 -0.0275538 -0.0184338
 0.0483585 0.0151877 0.0148585 -0.0313183 -0.0180108
 0.0439062 0.0148813 0.0194608 -0.0350172 -0.0170341
 0.040261 0.0152677 0.0265618 -0.0394143 -0.0163437
 0.0371722 0.0148111 0.0283488 -0.0416205 -0.0174306
 0.0338693 0.0147667 0.0342903 -0.0438078 -0.0164404
 0.031583 0.0144836 0.03652 -0.0453898 -0.0176352
 0.0298702 0.0145213 0.0371483 -0.0455485 -0.0168044
 0.0278043 0.0137062 0.0358982 -0.04428 -0.0176304
 0.0264823 0.0131794 0.0380417 -0.045554 -0.0180958
 0.0253107 0.012291 0.0353817 -0.0430765 -0.0182411
 0.0240627 0.0114584 0.0337208 -0.0410732 -0.0178764
 0.0230615 0.0105449 0.0317375 -0.039781 -0.0179626
 0.0223236 0.0101763 0.0280707 -0.0380062 -0.0175701
 0.0218437 0.00898218 0.0263563 -0.0353565 -0.0187286
 0.0213981 0.00850775 0.0230448 -0.0330685 -0.0175564
 0.0211311 0.00721653 0.0196737 -0.0305268 -0.0181627
 0.0199276 0.00688538 0.0182757 -0.028474 -0.0174046
 0.0195339 0.00586918 0.0171192 -0.026937 -0.0164842
 0.0195123 0.00546995 0.0137338 -0.0237602 -0.0163637
 0.0188467 0.0044841 0.011739 -0.0212277 -0.0160089
 0.0179661 0.00354518 0.00826153 -0.0186976 -0.0155163
 0.017715 0.00294392 0.00607038 -0.0153346 -0.0153927
 0.0170752 0.00265147 0.00493672 -0.0140249 -0.0136894
 0.016886 0.00196841 0.00152057 -0.010171 -0.0136777
 0.0165282 0.00154122 0.000275825 -0.00872605 -0.012766
 0.0159925 0.000968628 -0.00108949 -0.0063871 -0.0118559
 0.0153763 0.000532893 -0.00226893 -0.00498483 -0.0113579
 0.0149143 0.000441577 -0.0031956 -0.0031972 -0.0102541
 0.0146536 0.000132644 -0.00458775 -0.00118062 -0.00946487
 0.0139273 -0.000177426 -0.00508483 0.000215394 -0.00872285
 0.0134932 -0.000361472 -0.00494395 0.000419285 -0.00818513
 0.0132384 -0.00045923 -0.00620255 0.00240997 -0.0073859
 0.0129124 -0.000823857 -0.00754268 0.00408505 -0.0075087
 0.0123319 -0.00085482 -0.0075432 0.004728 -0.0063734
 0.0120799 -0.00107431 -0.00809718 0.0058568 -0.00595345
 0.0115485 -0.000988187 -0.00842237 0.00667785 -0.00519665
 0.0110185 -0.00103425 -0.00783365 0.0065455 -0.00460695
 0.0106902 -0.00114132 -0.0082405 0.00718973 -0.00404423
 0.0103077 -0.00118489 -0.0083865 0.00729545 -0.00394765
 0.00985687 -0.00115455 -0.00833597 0.00772175 -0.00334662
 0.0093889 -0.00114011 -0.00798868 0.00753493 -0.00312833
 0.0089728 -0.00110351 -0.00746232 0.00728455 -0.00271757
 0.00854815 -0.00102843 -0.00738443 0.00729867 -0.00230518
 0.00825967 -0.00103199 -0.0071059 0.00715653 -0.00205711
 0.00777762 -0.000999467 -0.0067854 0.00694843 -0.00174056
 0.0073664 -0.000981665 -0.00639825 0.00666485 -0.00157411
 0.00699562 -0.00087141 -0.00605583 0.00634252 -0.00136238
 0.0064575 -0.000810577 -0.00555548 0.00597213 -0.00114478
 0.00621913 -0.00075576 -0.00496528 0.00539788 -0.000950988
 0.00579223 -0.000661618 -0.00462155 0.0050558 -0.000832442
 0.00539623 -0.000594595 -0.004155 0.00456207 -0.00068133
 0.00499175 -0.000529733 -0.0036478 0.00406817 -0.000572877
 0.00461112 -0.000448395 -0.00331655 0.00369335 -0.00042684
 0.00428038 -0.000380945 -0.0029201 0.00329333 -0.00036791
 0.00393167 -0.00031484 -0.0025194 0.00288708 -0.00026307
 0.0036673 -0.000260383 -0.0022145 0.00256305 -0.000205712
 0.00327925 -0.000192183 -0.00187506 0.00219803 -0.000167561
 0.00303257 -0.000153852 -0.00161309 0.00191044 -0.000119164
 0.00277728 -0.000117963 -0.00134011 0.00161198 -8.1378e-05
 0.00251477 -8.57058e-05 -0.00114834 0.00139135 -5.24248e-05
 0.00230652 -6.66103e-05 -0.000973177 0.00118362 -4.00928e-05
 0.00208626 -4.4436e-05 -0.000833725 0.00103715 -7.42035e-06
 0.0018841 -3.10522e-05 -0.000693662 0.00086325 7.08052e-06
 0.00173221 -1.94733e-05 -0.000591453 0.000746978 1.59819e-05
 0.00153933 -9.4667e-06 -0.000492835 0.00062634 2.42201e-05
 0.0013732 -1.92689e-06 -0.000409377 0.000525525 2.76565e-05
 0.00125874 2.36486e-06 -0.000358665 0.00045849 3.39563e-05
 0.00110318 6.33633e-06 -0.000295325 0.000380735 3.28468e-05
 0.00100108 7.89757e-06 -0.000251618 0.000322735 3.84215e-05
 0.000895505 9.99725e-06 -0.000209915 0.00027314 3.13715e-05
 0.000786975 1.10323e-05 -0.000174407 0.000225017 3.19713e-05
 0.000713263 1.22698e-05 -0.000150191 0.000193996 2.96205e-05
 0.00063412 1.23119e-05 -0.000124514 0.000160979 2.84525e-05
 0.000556077 1.17589e-05 -0.000102992 0.000132421 2.56587e-05
 0.00049228 1.12285e-05 -8.6277e-05 0.00010991 2.39187e-05
 0.000429297 1.09987e-05 -7.09675e-05 9.07295e-05 2.11564e-05
 0.000375187 1.01902e-05 -5.84147e-05 7.4071e-05 1.8007e-05
 0.000325965 9.29037e-06 -4.72673e-05 5.9742e-05 1.6424e-05
 0.000289212 8.65177e-06 -3.98208e-05 4.93202e-05 1.48974e-05
 0.000251925 7.95667e-06 -3.1757e-05 3.9294e-05 1.26139e-05
 0.000220531 7.21852e-06 -2.62057e-05 3.21225e-05 1.15501e-05
 0.000188007 6.44023e-06 -2.07282e-05 2.50885e-05 9.31843e-06
 0.000164001 5.7847e-06 -1.65886e-05 1.9833e-05 8.50302e-06
 0.000140891 5.1222e-06 -1.30952e-05 1.54514e-05 6.98932e-06
 0.00011992 4.47472e-06 -1.02905e-05 1.19296e-05 6.01783e-06
 0.000102131 3.9167e-06 -7.78187e-06 8.8778e-06 4.86445e-06
 8.8257e-05 3.45117e-06 -5.95817e-06 6.62612e-06 4.2325e-06
 7.328e-05 2.92555e-06 -4.43922e-06 4.82797e-06 3.54148e-06
 6.26577e-05 2.55732e-06 -3.40877e-06 3.52163e-06 2.91032e-06
 5.29283e-05 2.20152e-06 -2.49345e-06 2.44366e-06 2.46133e-06
 4.3239e-05 1.82163e-06 -1.69748e-06 1.58361e-06 1.93868e-06
 3.556e-05 1.52199e-06 -1.14589e-06 9.45272e-07 1.53165e-06
 2.9413e-05 1.26695e-06 -7.5538e-07 5.30755e-07 1.24727e-06
 2.44583e-05 1.07425e-06 -4.40583e-07 1.94368e-07 1.01402e-06
 1.96806e-05 8.76753e-07 -2.47269e-07 1.05075e-08 8.1385e-07
 1.56574e-05 7.01823e-07 -8.8103e-08 -1.28399e-07 6.23795e-07
 1.2939e-05 5.8629e-07 -4.33935e-09 -2.05396e-07 4.9473e-07
 1.06039e-05 4.8412e-07 6.70117e-08 -2.6037e-07 4.0171e-07
 8.24315e-06 3.79078e-07 1.03742e-07 -2.6893e-07 2.8709e-07
 6.7037e-06 3.1124e-07 1.26944e-07 -2.7182e-07 2.27172e-07
 5.13312e-06 2.39372e-07 1.21006e-07 -2.39661e-07 1.6396e-07
 3.9146e-06 1.83645e-07 1.17805e-07 -2.12727e-07 1.20534e-07
 3.01593e-06 1.42073e-07 1.08921e-07 -1.87289e-07 8.77133e-08
 2.28043e-06 1.07898e-07 9.32913e-08 -1.56273e-07 6.25995e-08
 1.63623e-06 7.8188e-08 7.5267e-08 -1.22307e-07 4.3713e-08
 1.23064e-06 5.8984e-08 6.21355e-08 -9.91397e-08 2.82497e-08
 8.63005e-07 4.11232e-08 4.80585e-08 -7.4783e-08 1.68548e-08
 6.52495e-07 3.12202e-08 3.98237e-08 -6.09785e-08 1.23611e-08
 0 0 0 0 0
 0 0 0 0 0
 0 0 0 0 0
 0 0 0 0 0
 0 0 0 0 0
 0 0 0 0 0
 0 0 0 0 0
 0 0 0 0 0
 0 0 0 0 0
 0 0 0 0 0
 0.0801568 0.0217004 -0.00234601 -0.0188088 -0.0169378
 0.0726385 0.0206274 0.00240426 -0.0210831 -0.016513
 0.0668995 0.0199874 0.0061457 -0.0234388 -0.0168821
 0.0620128 0.0194007 0.0106105 -0.0264433 -0.0160957
 0.0566207 0.0186141 0.0148145 -0.0291365 -0.0163801
 0.0512903 0.0180444 0.0183622 -0.0325525 -0.0164113
 0.0466402 0.0177838 0.0244361 -0.035788 -0.0158974
 0.0427338 0.0177445 0.0305757 -0.0402417 -0.0146222
 0.038535 0.0171267 0.0354065 -0.042385 -0.0142032
 0.0353562 0.0171427 0.0388865 -0.045084 -0.0141726
 0.0331463 0.0172306 0.0422652 -0.0471028 -0.0133269
 0.030086 0.0166165 0.0439218 -0.0476085 -0.0135705
 0.0283598 0.0158783 0.0439658 -0.0473982 -0.0142065
 0.027113 0.0152364 0.0430178 -0.0468937 -0.0147375
 0.025743 0.0147721 0.043598 -0.0468863 -0.014412
 0.0244986 0.0140203 0.0397973 -0.0444367 -0.0143024
 0.0238729 0.0132944 0.0386617 -0.0431732 -0.0147259
 0.0229334 0.0118237 0.0333162 -0.0406155 -0.0158861
 0.0224793 0.0110471 0.0324905 -0.0380905 -0.0147758
 0.0217736 0.0103103 0.0293875 -0.0360703 -0.0147198
 0.0213 0.00924833 0.0274435 -0.0340768 -0.0142256
 0.0202921 0.0083427 0.0239658 -0.0316163 -0.013845
 0.019697 0.00739593 0.0215465 -0.0283473 -0.0140939
 0.0191915 0.00663172 0.0210007 -0.0275433 -0.0134789
 0.0183955 0.00557035 0.0168417 -0.0240973 -0.0136523
 0.0182772 0.00503323 0.014366 -0.0207647 -0.0127154
 0.0177643 0.00419967 0.0117785 -0.0189161 -0.0125707
 0.0175409 0.00357175 0.00858417 -0.0153629 -0.0121311
 0.0168826 0.00296265 0.00765028 -0.0137022 -0.0120888
 0.0164786 0.00230835 0.00672503 -0.011759 -0.0110761
 0.0162992 0.00170366 0.00353645 -0.00862425 -0.0108912
 0.0154694 0.00141481 0.00281837 -0.0076743 -0.00978573
 0.0150633 0.000938025 0.000625495 -0.004952 -0.00926642
 0.0149052 0.00050977 -0.00127802 -0.00312837 -0.0088947
 0.0145958 0.000184474 -0.00264388 -0.00111853 -0.0082567
 0.0138809 0.000154633 -0.00177074 -0.00094915 -0.00765138
 0.0137991 -0.000147411 -0.00431852 0.00158897 -0.00690718
 0.013278 -0.000415475 -0.00558168 0.00309925 -0.0064723
 0.0126504 -0.0004575 -0.0058248 0.0039012 -0.00566335
 0.0124371 -0.000704025 -0.006372 0.00505572 -0.00541557
 0.0119979 -0.000675273 -0.00668803 0.0055774 -0.0046845
 0.0115362 -0.000802397 -0.00727082 0.00642808 -0.00432463
 0.0111255 -0.000888532 -0.00741437 0.00681532 -0.00376638
 0.0106746 -0.000863285 -0.00720297 0.0068788 -0.0034716
 0.0104027 -0.000982043 -0.0076816 0.00744595 -0.00344552
 0.00982645 -0.000996088 -0.00790192 0.0077944 -0.00288993
 0.0093961 -0.000903623 -0.00711343 0.00725455 -0.00243958
 0.00903015 -0.00096617 -0.00750525 0.00759117 -0.00229478
 0.0086985 -0.00091442 -0.0073147 0.00755262 -0.00197482
 0.0081959 -0.000823445 -0.00662835 0.00701035 -0.00162552
 0.00783408 -0.000798832 -0.00613257 0.00663792 -0.00134774
 0.00736785 -0.000762863 -0.00596775 0.00644107 -0.00117453
 0.00706468 -0.000700075 -0.00568622 0.00615467 -0.00106299
 0.00646867 -0.00062249 -0.0049414 0.00539155 -0.000881848
 0.00619025 -0.000579425 -0.00484265 0.00531043 -0.00077042
 0.00566778 -0.000504045 -0.00428165 0.00474167 -0.00063173
 0.00534732 -0.000448115 -0.00387797 0.00435085 -0.000532192
 0.00494067 -0.000380862 -0.00343635 0.00389055 -0.00040218
 0.00459773 -0.00030877 -0.00310393 0.0035279 -0.000312753
 0.004256 -0.000247794 -0.00273268 0.00312252 -0.000217663
 0.00386595 -0.000196047 -0.00237511 0.00274118 -0.000188383
 0.00356345 -0.000151259 -0.00203843 0.00236209 -0.000144997
 0.0032488 -0.000105881 -0.0017214 0.00203737 -0.000101434
 0.00291652 -7.02238e-05 -0.00141781 0.00168673 -5.98455e-05
 0.00270172 -4.41997e-05 -0.00121115 0.00146347 -3.64065e-05
 0.00244353 -2.31288e-05 -0.00102239 0.00124425 -1.65357e-05
 0.00220709 -9.73885e-06 -0.000847647 0.00104224 4.74245e-07
 0.00202456 2.71143e-06 -0.000727517 0.000906005 1.94055e-05
 0.00184433 1.06005e-05 -0.000613465 0.000768215 2.74233e-05
 0.00162192 1.5839e-05 -0.000506193 0.00063518 2.6577e-05
 0.0014973 2.15791e-05 -0.000428938 0.000542985 3.2363e-05
 0.00133142 2.37172e-05 -0.000362452 0.000461152 3.44135e-05
 0.00119305 2.46386e-05 -0.000306413 0.000390272 3.819e-05
 0.00107637 2.56855e-05 -0.0002586 0.000330027 3.73805e-05
 0.00094924 2.53783e-05 -0.000212077 0.000272083 3.5984e-05
 0.00085688 2.50072e-05 -0.000178265 0.000230319 3.5352e-05
 0.000751965 2.36827e-05 -0.000149263 0.000190473 3.2033e-05
 0.000668827 2.24036e-05 -0.000124485 0.000159468 2.8734e-05
 0.000592363 2.10909e-05 -0.000101483 0.000129076 2.59468e-05
 0.000525032 1.95445e-05 -8.47732e-05 0.000107731 2.39206e-05
 0.000451558 1.75786e-05 -6.97973e-05 8.7668e-05 2.13421e-05
 0.000405623 1.62416e-05 -5.70487e-05 7.17735e-05 1.91988e-05
 0.000357443 1.49053e-05 -4.7509e-05 5.91967e-05 1.69418e-05
 0.000305053 1.31658e-05 -3.79137e-05 4.68355e-05 1.45442e-05
 0.00026975 1.18923e-05 -3.04733e-05 3.71622e-05 1.31887e-05
 0.00023742 1.0712e-05 -2.48746e-05 2.99242e-05 1.12923e-05
 0.000195502 9.0018e-06 -1.86323e-05 2.2182e-05 9.18345e-06
 0.0001736 8.19967e-06 -1.52684e-05 1.78648e-05 8.08482e-06
 0.000151737 7.27248e-06 -1.19798e-05 1.37614e-05 7.16192e-06
 0.000127594 6.2352e-06 -9.2161e-06 1.02926e-05 5.89377e-06
 0.000110973 5.51083e-06 -6.99317e-06 7.6529e-06 5.17927e-06
 9.1608e-05 4.61192e-06 -5.02318e-06 5.2682e-06 4.15432e-06
 8.00257e-05 4.08612e-06 -4.0131e-06 4.06335e-06 3.61777e-06
 6.73052e-05 3.47037e-06 -2.75578e-06 2.6451e-06 2.95195e-06
 5.6383e-05 2.93475e-06 -1.90636e-06 1.63085e-06 2.44503e-06
 4.66287e-05 2.45085e-06 -1.24317e-06 9.06615e-07 1.91974e-06
 3.96622e-05 2.09767e-06 -7.74833e-07 4.35545e-07 1.6135e-06
 3.24718e-05 1.73456e-06 -4.68903e-07 1.02952e-07 1.29021e-06
 2.63833e-05 1.41493e-06 -1.8181e-07 -1.77872e-07 1.02184e-06
 2.17174e-05 1.17855e-06 -3.05818e-08 -3.20015e-07 8.36142e-07
 1.79447e-05 9.77125e-07 1.13506e-07 -4.08195e-07 6.2874e-07
 1.43654e-05 7.8619e-07 1.62586e-07 -4.32278e-07 4.98195e-07
 1.13343e-05 6.22298e-07 1.93401e-07 -4.27165e-07 3.65345e-07
 8.80868e-06 4.86102e-07 2.18246e-07 -4.10343e-07 2.8426e-07
 7.0297e-06 3.89448e-07 2.0735e-07 -3.75148e-07 2.09355e-07
 5.74785e-06 3.2008e-07 1.99158e-07 -3.45175e-07 1.68528e-07
 4.37823e-06 2.44653e-07 1.74879e-07 -2.91627e-07 1.22523e-07
 3.30992e-06 1.85052e-07 1.49625e-07 -2.43622e-07 8.79968e-08
 2.58575e-06 1.44925e-07 1.32687e-07 -2.07638e-07 6.30083e-08
 1.84391e-06 1.03308e-07 1.02657e-07 -1.58323e-07 4.31405e-08
 1.43781e-06 8.0855e-08 8.64105e-08 -1.32272e-07 3.06175e-08
 0 0 0 0 0
 0 0 0 0 0
 0 0 0 0 0
 0 0 0 0 0
 0 0 0 0 0
 0 0 0 0 0
 0 0 0 0 0
 0 0 0 0 0
 0 0 0 0 0
 0 0 0 0 0
 0 0 0 0 0
 0.0945665 0.0290715 0.000937742 -0.0181582 -0.0122285
 0.0861748 0.027397 0.00488705 -0.0207375 -0.0132348
 0.0772355 0.0254167 0.00801345 -0.0225442 -0.0128279
 0.0703465 0.0238829 0.011949 -0.0247221 -0.0144876
 0.0636092 0.0225055 0.0156042 -0.0268817 -0.0135858
 0.057612 0.0212911 0.0203737 -0.0297182 -0.0153833
 0.05254 0.0204356 0.0233384 -0.0322855 -0.0140314
 0.047666 0.019729 0.0281447 -0.0360527 -0.0153112
 0.0432255 0.0196866 0.033272 -0.0391742 -0.0123194
 0.039586 0.0192583 0.0376515 -0.042007 -0.013223
 0.0354365 0.019227 0.042082 -0.0451562 -0.0112469
 0.0323923 0.0187983 0.0452453 -0.0466177 -0.0115282
 0.0301995 0.0181252 0.0474437 -0.0474835 -0.0111933
 0.0283415 0.0175901 0.0473405 -0.0475453 -0.0119663
 0.0264435 0.017288 0.046388 -0.0477168 -0.0115386
 0.0254138 0.0165948 0.0464742 -0.0466665 -0.0113485
 0.0246247 0.0157499 0.0450423 -0.0460342 -0.011083
 0.0235351 0.0146144 0.042187 -0.0435902 -0.0114798
 0.0225131 0.0135901 0.038884 -0.0418733 -0.0119374
 0.0218223 0.0125044 0.0364138 -0.03944 -0.0118347
 0.0211204 0.0112239 0.0345995 -0.037725 -0.0119572
 0.0209887 0.0101527 0.0301555 -0.0341515 -0.0125317
 0.0200921 0.00964532 0.0298715 -0.0337445 -0.0120892
 0.0196681 0.00845347 0.0262737 -0.0310948 -0.0120021
 0.019236 0.00743078 0.0229323 -0.0281267 -0.0120933
 0.0191557 0.0067835 0.022559 -0.0269455 -0.0116596
 0.018493 0.0057211 0.0186272 -0.0237867 -0.0114129
 0.0179658 0.00475608 0.0155708 -0.0202184 -0.0117573
 0.0174645 0.00393173 0.0130754 -0.0176993 -0.0117568
 0.0173576 0.0034429 0.00975633 -0.014178 -0.0100144
 0.0166253 0.00276987 0.00712908 -0.011082 -0.00970925
 0.0160943 0.00233386 0.00591317 -0.0095654 -0.00908258
 0.0159359 0.00180124 0.00462645 -0.00831195 -0.00896905
 0.0155535 0.00141708 0.00246292 -0.00547358 -0.00815757
 0.0152456 0.00114366 0.00153783 -0.00458035 -0.00757845
 0.0146437 0.000719937 0.00108434 -0.00338557 -0.00739615
 0.0141629 0.000697517 -0.000116342 -0.00172519 -0.0065168
 0.0139812 0.000175597 -0.00236758 0.00047611 -0.00630882
 0.0135476 -6.69887e-05 -0.00303795 0.00185083 -0.00559197
 0.0131975 -0.000386287 -0.00559243 0.00412838 -0.00520795
 0.0128191 -0.000344085 -0.00503925 0.00410355 -0.00458215
 0.0124847 -0.000601895 -0.0061479 0.0058527 -0.00431923
 0.0118858 -0.000602468 -0.00576165 0.00530175 -0.00381688
 0.0113063 -0.000625778 -0.00570122 0.00551537 -0.00367188
 0.0110932 -0.000681985 -0.0064694 0.00646623 -0.00313663
 0.0107691 -0.000815403 -0.00716165 0.00713705 -0.00286343
 0.0101849 -0.000847512 -0.00681107 0.0070553 -0.0025877
 0.00975668 -0.000800313 -0.00656005 0.00688742 -0.00227996
 0.0094267 -0.000792362 -0.00712073 0.00753173 -0.00200569
 0.00884735 -0.000688825 -0.0065718 0.0070411 -0.0016698
 0.00844223 -0.000681947 -0.00634515 0.00688802 -0.00148622
 0.00795698 -0.00062413 -0.00596732 0.00646545 -0.00122159
 0.00756995 -0.000587005 -0.00570565 0.00630443 -0.00108058
 0.00714167 -0.000569157 -0.00537278 0.00590235 -0.000935843
 0.00665868 -0.000477482 -0.00492097 0.00547417 -0.000694545
 0.0063036 -0.000442608 -0.00465963 0.0051934 -0.000683105
 0.00593187 -0.000391013 -0.0042804 0.00477255 -0.00050526
 0.00554132 -0.000332805 -0.00397105 0.00445228 -0.000443397
 0.0050999 -0.00028493 -0.0033905 0.00383732 -0.000388027
 0.0047324 -0.000233632 -0.00307985 0.00351317 -0.0002879
 0.0043798 -0.000170873 -0.0027179 0.0031003 -0.000203862
 0.00406963 -0.000137829 -0.00240314 0.0027641 -0.000158203
 0.0036905 -8.7266e-05 -0.00205099 0.00237964 -0.000122012
 0.00338328 -5.2294e-05 -0.00171876 0.00202877 -8.25652e-05
 0.00312165 -2.55868e-05 -0.00148164 0.00175974 -4.24918e-05
 0.00279543 1.82915e-06 -0.00122576 0.00147693 -3.61697e-05
 0.00259535 1.74167e-05 -0.00106285 0.00128413 2.36901e-06
 0.00236703 2.98617e-05 -0.00088579 0.00108396 1.23749e-05
 0.00209014 3.66803e-05 -0.000743108 0.000907263 2.56142e-05
 0.00192945 4.16462e-05 -0.000635285 0.00077923 2.32536e-05
 0.00170533 4.41383e-05 -0.000506612 0.00062957 3.0809e-05
 0.00153577 4.52733e-05 -0.000433385 0.000539392 3.61455e-05
 0.00140521 4.70062e-05 -0.00036336 0.000458365 3.8597e-05
 0.00125647 4.62012e-05 -0.000304725 0.00038572 3.8118e-05
 0.00111661 4.27757e-05 -0.000250423 0.0003178 3.77627e-05
 0.00100292 4.12057e-05 -0.00021028 0.000266147 3.85833e-05
 0.000886708 3.82325e-05 -0.000174708 0.000221595 3.44895e-05
 0.000793972 3.53935e-05 -0.000145967 0.000184583 3.1985e-05
 0.000709142 3.3486e-05 -0.000120712 0.00015234 2.89737e-05
 0.00062691 3.04745e-05 -0.000101304 0.000126805 2.72428e-05
 0.00054556 2.73775e-05 -8.21483e-05 0.000102028 2.36667e-05
 0.000485092 2.48604e-05 -6.70807e-05 8.2977e-05 2.17567e-05
 0.000430403 2.2696e-05 -5.51487e-05 6.86675e-05 1.96172e-05
 0.000373017 1.9931e-05 -4.41323e-05 5.41643e-05 1.70112e-05
 0.000325015 1.778e-05 -3.4819e-05 4.24775e-05 1.48364e-05
 0.000285815 1.59809e-05 -2.8877e-05 3.45587e-05 1.34492e-05
 0.000247841 1.40909e-05 -2.27742e-05 2.68273e-05 1.13777e-05
 0.000218058 1.26174e-05 -1.82541e-05 2.12865e-05 9.825e-06
 0.000188247 1.0995e-05 -1.40928e-05 1.59689e-05 8.63135e-06
 0.000160802 9.4957e-06 -1.08464e-05 1.19862e-05 7.15147e-06
 0.000135142 8.06705e-06 -7.97012e-06 8.566e-06 5.97167e-06
 0.000115327 6.93425e-06 -5.77058e-06 6.01063e-06 4.98208e-06
 9.99178e-05 6.09355e-06 -4.45795e-06 4.44695e-06 4.47403e-06
 8.369e-05 5.10845e-06 -2.93982e-06 2.67458e-06 3.53922e-06
 7.08943e-05 4.37285e-06 -2.11697e-06 1.73115e-06 3.03763e-06
 5.90565e-05 3.65067e-06 -1.36831e-06 8.70583e-07 2.33901e-06
 4.98785e-05 3.1097e-06 -7.8007e-07 2.41528e-07 1.99085e-06
 4.11485e-05 2.5794e-06 -3.44252e-07 -1.48259e-07 1.56717e-06
 3.48962e-05 2.19658e-06 -8.87588e-08 -4.28017e-07 1.29129e-06
 2.84302e-05 1.79853e-06 1.19491e-07 -5.81658e-07 1.04006e-06
 2.33112e-05 1.47769e-06 2.33116e-07 -6.51513e-07 8.29165e-07
 1.90332e-05 1.21324e-06 3.10647e-07 -6.89218e-07 6.69728e-07
 1.56807e-05 1.00119e-06 3.49772e-07 -6.88433e-07 5.10703e-07
 1.26193e-05 8.06785e-07 3.46328e-07 -6.38745e-07 4.03598e-07
 9.82945e-06 6.302e-07 3.32217e-07 -5.75023e-07 3.0465e-07
 8.04078e-06 5.16352e-07 3.10533e-07 -5.19057e-07 2.35482e-07
 6.12395e-06 3.92572e-07 2.70552e-07 -4.3964e-07 1.61516e-07
 4.87585e-06 3.12727e-07 2.4768e-07 -3.85573e-07 1.14793e-07
 3.71183e-06 2.39187e-07 2.01809e-07 -3.12055e-07 9.22005e-08
 2.6064e-06 1.67193e-07 1.56797e-07 -2.37716e-07 5.6533e-08
 0 0 0 0 0
 0 0 0 0 0
 0 0 0 0 0
 0 0 0 0 0
 0 0 0 0 0
 0 0 0 0 0
 0 0 0 0 0
 0 0 0 0 0
 0 0 0 0 0
 0 0 0 0 0
 0 0 0 0 0
 0 0 0 0 0
 0.110702 0.038334 0.00446155 -0.0174934 -0.0062024
 0.0989977 0.0350305 0.00914047 -0.0189909 -0.00721688
 0.0875832 0.0317792 0.0099855 -0.0210233 -0.00937028
 0.078196 0.0290035 0.0138562 -0.0225311 -0.0100935
 0.0697718 0.0269218 0.0173459 -0.025118 -0.0110633
 0.063572 0.0252367 0.0205479 -0.026633 -0.0100829
 0.0579415 0.0239799 0.0239401 -0.0296182 -0.0113738
 0.0528885 0.0229849 0.0266057 -0.031626 -0.0111441
 0.0477257 0.021979 0.03112 -0.0344617 -0.00987218
 0.0429515 0.0210067 0.0343042 -0.0365527 -0.0106438
 0.0388555 0.0208176 0.0393173 -0.0396765 -0.00956067
 0.0347593 0.0203894 0.0430932 -0.0420713 -0.00944932
 0.0322112 0.0199651 0.0467585 -0.045093 -0.00891557
 0.0301838 0.0195621 0.0480273 -0.0462235 -0.00909933
 0.0280113 0.0190511 0.050533 -0.0470967 -0.00882145
 0.0262778 0.0184266 0.0476142 -0.0458487 -0.0088511
 0.0249523 0.0174031 0.0466615 -0.0450505 -0.00941705
 0.0235892 0.0159312 0.0466835 -0.0450378 -0.0103817
 0.0229596 0.0157729 0.0445295 -0.0434275 -0.00967745
 0.0221836 0.0148489 0.040622 -0.0413893 -0.00869797
 0.0216788 0.0135563 0.0399773 -0.0402177 -0.0094467
 0.0215274 0.0124385 0.037746 -0.0380437 -0.0106925
 0.0205254 0.0110746 0.034552 -0.0358187 -0.0103705
 0.0199594 0.0103502 0.031543 -0.0331082 -0.0100699
 0.0195591 0.00929105 0.0287092 -0.0314745 -0.0105205
 0.0191754 0.00794212 0.0252335 -0.0275345 -0.0111112
 0.018661 0.00718925 0.0232096 -0.026545 -0.00956055
 0.0184765 0.00629567 0.0211568 -0.0238002 -0.00999663
 0.017621 0.00526655 0.0186925 -0.0211592 -0.00988
 0.0177969 0.00488727 0.0162376 -0.0190152 -0.00850762
 0.0172522 0.00400683 0.0134223 -0.0160427 -0.00912703
 0.016797 0.00348898 0.0118583 -0.0142117 -0.00841788
 0.0165523 0.00270833 0.00821182 -0.0103261 -0.00779703
 0.016102 0.00227165 0.00717912 -0.0094991 -0.0075171
 0.015818 0.00176889 0.00457787 -0.00630478 -0.00719063
 0.0149584 0.00157614 0.0025627 -0.00496717 -0.00667753
 0.014833 0.00102011 0.00194947 -0.00315865 -0.00605645
 0.0143339 0.000652885 0.00041047 -0.0018738 -0.00620755
 0.0139649 0.000269028 -0.0014884 0.000470003 -0.00593297
 0.0139188 0.000182148 -0.0030279 0.0020625 -0.00530925
 0.0133224 -0.000104797 -0.00325675 0.00262485 -0.0047671
 0.0129908 -0.000204602 -0.00394282 0.00373438 -0.00423898
 0.0124673 -0.000136975 -0.00456985 0.00438703 -0.00371193
 0.0122028 -0.00037901 -0.00514398 0.00521833 -0.0035545
 0.0116957 -0.000509255 -0.00541997 0.0054164 -0.00326475
 0.011233 -0.00053441 -0.00573182 0.0060063 -0.00287342
 0.0107067 -0.000432055 -0.00585863 0.00641162 -0.00228378
 0.0102907 -0.000558575 -0.0065805 0.00693335 -0.00224251
 0.0100491 -0.000591112 -0.00651972 0.00703545 -0.00194401
 0.00951 -0.000551908 -0.00624007 0.00675665 -0.00165673
 0.0090733 -0.000543655 -0.00602553 0.0066323 -0.00149982
 0.00861463 -0.000515687 -0.00614725 0.00667128 -0.00126314
 0.00828923 -0.000487208 -0.00573912 0.00635257 -0.00112023
 0.0077047 -0.000447647 -0.00553853 0.00613645 -0.000913683
 0.0073556 -0.00041009 -0.0053457 0.00594735 -0.000841433
 0.00690623 -0.000372517 -0.00476408 0.0053724 -0.000665045
 0.00640193 -0.00030619 -0.00455895 0.005073 -0.000525683
 0.00605278 -0.000286688 -0.00420415 0.00473512 -0.000488213
 0.00566412 -0.00023056 -0.0038511 0.00432698 -0.00038669
 0.00526023 -0.000190497 -0.00343067 0.0039198 -0.000318385
 0.00489342 -0.000147152 -0.00313868 0.00353107 -0.000225327
 0.00453312 -9.99755e-05 -0.0027004 0.00310502 -0.000167166
 0.0041649 -5.70758e-05 -0.00234714 0.00270017 -0.00011541
 0.00381042 -3.20045e-05 -0.0020178 0.00235402 -0.00010542
 0.003491 8.3704e-06 -0.00169791 0.00200031 -6.4945e-05
 0.00317552 3.03883e-05 -0.0014575 0.00173333 -3.6012e-05
 0.00291815 4.72553e-05 -0.00123591 0.00147208 -1.35753e-05
 0.00265072 5.8388e-05 -0.00101782 0.0012291 -1.92048e-06
 0.00241355 6.7867e-05 -0.000873515 0.00106047 1.48427e-05
 0.00215833 6.88167e-05 -0.00072273 0.000879598 2.30215e-05
 0.00199342 7.40015e-05 -0.000617567 0.000757085 3.5581e-05
 0.0017861 7.16955e-05 -0.00051823 0.00063867 3.2783e-05
 0.00161219 7.05327e-05 -0.000431597 0.00053442 3.97875e-05
 0.00144791 6.7722e-05 -0.00036073 0.000447505 3.86338e-05
 0.00128104 6.37753e-05 -0.00029599 0.00037034 3.8076e-05
 0.00116869 6.04762e-05 -0.000248258 0.00031138 4.11863e-05
 0.00104973 5.67783e-05 -0.000205852 0.00025886 3.7611e-05
 0.00092211 5.12948e-05 -0.000167788 0.000210109 3.46002e-05
 0.000819642 4.72208e-05 -0.000136956 0.000172155 3.227e-05
 0.00073431 4.34672e-05 -0.000117452 0.000145864 3.0082e-05
 0.000642653 3.9108e-05 -9.4089e-05 0.000116917 2.68205e-05
 0.0005724 3.57125e-05 -7.67175e-05 9.53922e-05 2.40114e-05
 0.000510742 3.24005e-05 -6.442e-05 7.86735e-05 2.17648e-05
 0.000445962 2.86415e-05 -5.11682e-05 6.24782e-05 1.96097e-05
 0.000389005 2.55545e-05 -4.11817e-05 4.98763e-05 1.67567e-05
 0.000336168 2.223e-05 -3.1934e-05 3.79183e-05 1.41524e-05
 0.000297345 1.99994e-05 -2.63568e-05 3.0899e-05 1.27161e-05
 0.00025973 1.76394e-05 -2.02196e-05 2.32821e-05 1.15627e-05
 0.000226072 1.5433e-05 -1.55046e-05 1.74959e-05 1.00834e-05
 0.000190581 1.31259e-05 -1.16263e-05 1.27426e-05 8.16495e-06
 0.000165959 1.15115e-05 -8.95925e-06 9.42918e-06 7.13102e-06
 0.000139455 9.74837e-06 -6.52977e-06 6.6414e-06 5.7488e-06
 0.000120258 8.45462e-06 -4.68012e-06 4.52632e-06 4.92488e-06
 0.000102739 7.23718e-06 -3.13902e-06 2.66585e-06 4.14425e-06
 8.64102e-05 6.15495e-06 -2.19179e-06 1.64542e-06 3.37808e-06
 7.29545e-05 5.20255e-06 -1.33135e-06 7.01625e-07 2.87853e-06
 6.26515e-05 4.48445e-06 -6.72877e-07 2.73987e-09 2.31324e-06
 5.29495e-05 3.79488e-06 -2.12988e-07 -4.9303e-07 1.96568e-06
 4.34817e-05 3.121e-06 9.43252e-08 -7.82403e-07 1.54193e-06
 3.7017e-05 2.66758e-06 3.0532e-07 -9.32217e-07 1.29845e-06
 3.02807e-05 2.18455e-06 4.2246e-07 -9.93467e-07 1.03265e-06
 2.36303e-05 1.70515e-06 4.92453e-07 -9.80378e-07 7.47283e-07
 2.03446e-05 1.47336e-06 5.41845e-07 -9.90605e-07 6.53158e-07
 1.59021e-05 1.15392e-06 5.1144e-07 -8.88208e-07 4.89685e-07
 1.317e-05 9.53463e-07 5.17502e-07 -8.47445e-07 3.9519e-07
 1.01377e-05 7.34365e-07 4.4602e-07 -7.15773e-07 2.83663e-07
 8.28502e-06 5.98853e-07 4.08755e-07 -6.36122e-07 2.1245e-07
 6.23105e-06 4.50862e-07 3.37755e-07 -5.22208e-07 1.51728e-07
 4.89525e-06 3.53175e-07 2.8863e-07 -4.35463e-07 1.15801e-07
 0 0 0 0 0
 0 0 0 0 0
 0 0 0 0 0
 0 0 0 0 0
 0 0 0 0 0
 0 0 0 0 0
 0 0 0 0 0
 0 0 0 0 0
 0 0 0 0 0
 0 0 0 0 0
 0 0 0 0 0
 0 0 0 0 0
 0 0 0 0 0
 0.130013 0.0505655 0.00966463 -0.016984 0.00143118
 0.112425 0.0442263 0.0108566 -0.0181304 -0.00140129
 0.0989177 0.0395525 0.0129343 -0.0196754 -0.00346763
 0.0886257 0.0358318 0.015622 -0.0214688 -0.00523417
 0.0780535 0.0322785 0.0178846 -0.0230096 -0.00622558
 0.070214 0.0296545 0.0200113 -0.0242937 -0.00677355
 0.063631 0.027557 0.0233705 -0.0264642 -0.00785002
 0.0569358 0.0258488 0.026432 -0.0282095 -0.00850013
 0.0522837 0.0242497 0.0290035 -0.0301932 -0.00882195
 0.0466145 0.0232808 0.032757 -0.03235 -0.00723385
 0.041835 0.0222545 0.037128 -0.03486 -0.00840403
 0.0383335 0.0218768 0.041446 -0.037804 -0.00738047
 0.034715 0.0215578 0.0425838 -0.0400963 -0.00759177
 0.0317708 0.0208849 0.0457885 -0.0419693 -0.00668718
 0.029432 0.0206668 0.048452 -0.0434838 -0.00685613
 0.0276913 0.0201679 0.0501577 -0.0443583 -0.0061852
 0.0260945 0.0189184 0.0485597 -0.0442752 -0.0070661
 0.0244713 0.0181884 0.0482632 -0.043926 -0.00713615
 0.0238846 0.0176906 0.0483195 -0.0439725 -0.00684667
 0.0228997 0.0166748 0.0455695 -0.043262 -0.00771425
 0.0218441 0.0151349 0.0433095 -0.0417392 -0.00779705
 0.0213684 0.0138109 0.0405823 -0.0387238 -0.0078627
 0.0207052 0.0130168 0.0384077 -0.0376835 -0.0086381
 0.0199222 0.0118024 0.036065 -0.035704 -0.0086448
 0.0194979 0.010506 0.0324125 -0.0331678 -0.00855428
 0.0193753 0.00971003 0.0303017 -0.0313133 -0.00844362
 0.019047 0.00844487 0.026329 -0.0267832 -0.00900483
 0.018472 0.00750403 0.0253387 -0.0262322 -0.00841055
 0.0183224 0.0070083 0.0225175 -0.024252 -0.0080423
 0.0177347 0.00562597 0.0179903 -0.0200758 -0.00878378
 0.0175191 0.00498385 0.0168744 -0.0183139 -0.00816035
 0.016907 0.00422992 0.0143725 -0.0163725 -0.008327
 0.0165951 0.00339828 0.0113675 -0.0134274 -0.00797775
 0.0161531 0.00292783 0.0103079 -0.0120181 -0.00743
 0.0158655 0.00259315 0.0091932 -0.0107848 -0.0068794
 0.0156308 0.00216829 0.00647615 -0.0073168 -0.00639635
 0.0151782 0.00181236 0.00537605 -0.00616705 -0.00607445
 0.0150391 0.00144234 0.0019683 -0.0025483 -0.0056745
 0.0145471 0.00104567 0.00140647 -0.00183583 -0.00528087
 0.0142355 0.000658087 -0.000227607 0.000118664 -0.0049402
 0.0138789 0.000416708 -0.00171582 0.00134206 -0.00429875
 0.0133087 0.000193591 -0.00277903 0.00237374 -0.0040259
 0.0129327 0.000104367 -0.00263307 0.00288563 -0.00391915
 0.0125121 -0.000103537 -0.00384552 0.00401357 -0.00362555
 0.0122002 -8.62513e-05 -0.0043867 0.00466862 -0.00308963
 0.0115268 -0.000164003 -0.00416462 0.00460872 -0.00280755
 0.0111456 -0.000307597 -0.00542355 0.00576505 -0.0025353
 0.0109772 -0.00032996 -0.00524075 0.00581797 -0.00228515
 0.0104153 -0.000347863 -0.00569312 0.0063516 -0.00197617
 0.0101225 -0.000386435 -0.0059327 0.00652125 -0.00185602
 0.00947015 -0.000313853 -0.00549828 0.00625757 -0.00155259
 0.00914952 -0.000375052 -0.00593903 0.0065626 -0.00134453
 0.00866345 -0.00032386 -0.00557452 0.00623798 -0.00122515
 0.008285 -0.000323863 -0.00551283 0.00620553 -0.000990728
 0.00783523 -0.000307225 -0.00530455 0.00598533 -0.000843512
 0.00744625 -0.000250492 -0.00492455 0.00562255 -0.000665582
 0.0069701 -0.000230748 -0.00473905 0.00533053 -0.000604765
 0.00644337 -0.000199011 -0.0043797 0.00494795 -0.000523243
 0.0060572 -0.000157346 -0.00394485 0.00446747 -0.000421355
 0.00572045 -0.000128565 -0.00371772 0.00420215 -0.00034922
 0.00536302 -8.89583e-05 -0.00333215 0.00375362 -0.00030096
 0.00491728 -5.4979e-05 -0.00293022 0.00333705 -0.000226936
 0.00459275 -2.02607e-05 -0.00263748 0.0030401 -0.00014058
 0.0042024 1.09711e-05 -0.00230787 0.0026708 -0.000123689
 0.0038873 3.493e-05 -0.00198006 0.00230102 -8.75965e-05
 0.00357745 6.50607e-05 -0.00170425 0.00198836 -4.64548e-05
 0.00323375 8.18283e-05 -0.0014369 0.00169526 -2.38958e-05
 0.00293595 9.28587e-05 -0.00120601 0.00142724 -5.33762e-06
 0.00269185 9.86898e-05 -0.00100736 0.00120585 -2.6688e-06
 0.0024397 0.000103799 -0.000849883 0.00102688 2.92515e-05
 0.00223362 0.000106313 -0.000702202 0.000856995 3.41567e-05
 0.00203272 0.000103886 -0.000601325 0.000731537 4.02403e-05
 0.00180284 9.79097e-05 -0.00048866 0.000598108 3.96487e-05
 0.00162695 9.30052e-05 -0.00040631 0.00050111 3.7845e-05
 0.001471 8.82413e-05 -0.00034865 0.000426293 4.0618e-05
 0.00130543 8.12458e-05 -0.000279763 0.00034603 3.93552e-05
 0.00119466 7.70577e-05 -0.000234435 0.000290912 3.868e-05
 0.00104767 7.01678e-05 -0.000192816 0.000238991 3.74187e-05
 0.00094577 6.44327e-05 -0.000160793 0.000198065 3.285e-05
 0.000852395 5.9743e-05 -0.000132615 0.000164467 3.19272e-05
 0.000751033 5.33795e-05 -0.000106319 0.000130479 2.9598e-05
 0.000669715 4.83313e-05 -8.74755e-05 0.000107412 2.60275e-05
 0.000588822 4.33522e-05 -7.17778e-05 8.74267e-05 2.40182e-05
 0.00051654 3.8387e-05 -5.82352e-05 7.03343e-05 2.08976e-05
 0.000452525 3.39457e-05 -4.70378e-05 5.58585e-05 1.79383e-05
 0.000393152 2.99328e-05 -3.6377e-05 4.28358e-05 1.61557e-05
 0.000350475 2.69965e-05 -2.90735e-05 3.39662e-05 1.46411e-05
 0.000305495 2.37337e-05 -2.27271e-05 2.61758e-05 1.26437e-05
 0.0002656 2.07601e-05 -1.76951e-05 1.97846e-05 1.10783e-05
 0.000228532 1.79706e-05 -1.32084e-05 1.42098e-05 9.1844e-06
 0.000197564 1.56018e-05 -9.84202e-06 1.02155e-05 8.047e-06
 0.000172007 1.36686e-05 -7.35115e-06 7.25065e-06 6.8803e-06
 0.000148045 1.18251e-05 -5.19082e-06 4.70625e-06 5.91785e-06
 0.000124169 9.90743e-06 -3.35528e-06 2.61505e-06 4.7829e-06
 0.000107773 8.65825e-06 -2.19496e-06 1.37381e-06 4.19195e-06
 8.91652e-05 7.16445e-06 -1.284e-06 4.32855e-07 3.29902e-06
 7.70318e-05 6.2055e-06 -4.9378e-07 -3.8498e-07 2.82737e-06
 6.42422e-05 5.16555e-06 8.37723e-08 -9.90575e-07 2.28153e-06
 5.23375e-05 4.21938e-06 3.10915e-07 -1.18544e-06 1.80867e-06
 4.42963e-05 3.58513e-06 5.7878e-07 -1.35369e-06 1.50433e-06
 3.7371e-05 3.01822e-06 7.006e-07 -1.4435e-06 1.23141e-06
 3.08125e-05 2.48538e-06 7.56133e-07 -1.40126e-06 9.52527e-07
 2.49952e-05 2.01949e-06 7.46825e-07 -1.32594e-06 7.5828e-07
 2.08748e-05 1.68429e-06 7.58155e-07 -1.26648e-06 5.99017e-07
 1.65218e-05 1.333e-06 7.17818e-07 -1.14235e-06 4.73758e-07
 1.36333e-05 1.0975e-06 6.48883e-07 -1.00924e-06 3.79585e-07
 1.08934e-05 8.77323e-07 5.80197e-07 -8.8655e-07 2.90972e-07
 8.55725e-06 6.8648e-07 5.01417e-07 -7.5206e-07 2.04773e-07
 0 0 0 0 0
 0 0 0 0 0
 0 0 0 0 0
 0 0 0 0 0
 0 0 0 0 0
 0 0 0 0 0
 0 0 0 0 0
 0 0 0 0 0
 0 0 0 0 0
 0 0 0 0 0
 0 0 0 0 0
 0 0 0 0 0
 0 0 0 0 0
 0 0 0 0 0
 0.149797 0.064445 0.0116441 -0.0162976 0.0101513
 0.128491 0.0554007 0.0133262 -0.0174584 0.0068493
 0.112365 0.0488065 0.0156772 -0.0183012 0.00406645
 0.0974105 0.0427105 0.0174 -0.0198454 0.0006061
 0.0861055 0.0380002 0.0186649 -0.0207919 -0.00117578
 0.0765055 0.0343777 0.0215679 -0.0219026 -0.00249671
 0.069138 0.0314952 0.0239397 -0.0235518 -0.00464808
 0.0608377 0.0286838 0.024918 -0.0250535 -0.00567665
 0.055253 0.0271243 0.027315 -0.0261587 -0.00465255
 0.0500772 0.025465 0.028978 -0.0278185 -0.00618175
 0.0452913 0.0244437 0.0343567 -0.0307765 -0.00560885
 0.0408325 0.0233892 0.0352488 -0.0327362 -0.00553493
 0.036463 0.0225134 0.0392113 -0.0346347 -0.00556712
 0.0337248 0.0219467 0.04439 -0.037512 -0.00488045
 0.0311135 0.021818 0.0449678 -0.0396058 -0.00480478
 0.028754 0.020909 0.0475728 -0.0407817 -0.00524532
 0.0268707 0.0205724 0.0477045 -0.04163 -0.00478235
 0.025883 0.0200598 0.049381 -0.0426475 -0.0049782
 0.0241102 0.018622 0.046556 -0.041232 -0.0051848
 0.0231972 0.0175789 0.047848 -0.0420935 -0.0060115
 0.0227047 0.0170441 0.0461375 -0.0411957 -0.00610105
 0.0215938 0.0153737 0.0444027 -0.0400417 -0.00661418
 0.020825 0.0144502 0.0418807 -0.0378813 -0.00665727
 0.0204924 0.0127903 0.0379793 -0.0358013 -0.00730962
 0.0203019 0.0118851 0.034989 -0.0340548 -0.00723833
 0.0195149 0.0107961 0.0325565 -0.0311195 -0.0075931
 0.0192316 0.00982675 0.0303145 -0.029691 -0.00714685
 0.0189053 0.00885833 0.028549 -0.029037 -0.00711692
 0.0182476 0.00775092 0.024525 -0.0247341 -0.00715008
 0.0177334 0.0068938 0.0221399 -0.0230893 -0.00723525
 0.0172434 0.0058978 0.0196812 -0.0200934 -0.00751798
 0.0172171 0.00515117 0.0171579 -0.0181437 -0.00739205
 0.0168902 0.0044255 0.0148914 -0.0158886 -0.00707323
 0.0167304 0.00363858 0.0141207 -0.0147822 -0.00684288
 0.0162947 0.0031586 0.0114415 -0.0119145 -0.00663017
 0.0158071 0.00258123 0.00822382 -0.00903248 -0.0062128
 0.0156896 0.00208347 0.0066495 -0.00706715 -0.00614892
 0.0149437 0.0016263 0.00475177 -0.00499115 -0.00558522
 0.0148349 0.0013929 0.00411568 -0.00451435 -0.0052708
 0.0145017 0.00111886 0.00230458 -0.00257677 -0.00488323
 0.0141952 0.000920075 0.00142369 -0.00136278 -0.00441287
 0.0137586 0.000527405 -0.000607098 0.00066241 -0.00427085
 0.0135901 0.00035749 -0.00116598 0.00156821 -0.00393037
 0.0129762 0.000373413 -0.00233352 0.00278028 -0.0033202
 0.0125509 0.000172492 -0.00352573 0.0037356 -0.0032785
 0.0121279 0.000106661 -0.00293752 0.0035363 -0.0027759
 0.0118673 7.4747e-06 -0.00429015 0.0048105 -0.00252755
 0.0112219 -4.8584e-05 -0.00425663 0.00515775 -0.00233464
 0.0109962 -8.96968e-05 -0.004863 0.00573365 -0.00198935
 0.0105136 -0.000138055 -0.00561002 0.00630067 -0.0017191
 0.00994082 -0.000179488 -0.0054519 0.00610432 -0.0016248
 0.00949945 -0.000185687 -0.00523347 0.00599855 -0.00133067
 0.00918383 -0.000154609 -0.0054306 0.00630077 -0.00120713
 0.00859632 -0.000161647 -0.0051033 0.0058767 -0.00100754
 0.0082364 -0.000165211 -0.00499618 0.0056591 -0.000896267
 0.00779505 -0.000127517 -0.00478353 0.00548865 -0.000766572
 0.00740308 -0.000148501 -0.0047729 0.00539555 -0.00068078
 0.006981 -8.27723e-05 -0.00445665 0.00502435 -0.000510475
 0.00657185 -8.56875e-05 -0.0041445 0.00478398 -0.00044227
 0.00611343 -5.4683e-05 -0.00386105 0.00439193 -0.00034899
 0.0056813 -9.89537e-06 -0.00349298 0.00396423 -0.00030325
 0.0053349 2.73758e-07 -0.00321643 0.00367012 -0.000215223
 0.00493623 1.66567e-05 -0.0028022 0.00321113 -0.000193702
 0.00459602 5.5898e-05 -0.00254435 0.00292572 -0.000135262
 0.00421955 7.29098e-05 -0.0022104 0.00254562 -9.4088e-05
 0.0038375 0.000101639 -0.00186517 0.00214995 -6.34315e-05
 0.00359845 0.00011836 -0.00161355 0.00188958 -2.82025e-05
 0.00321252 0.000129461 -0.00134263 0.00157462 -9.48173e-06
 0.00294335 0.00013672 -0.00116084 0.00136181 3.1771e-06
 0.00273742 0.000145162 -0.000971832 0.00116105 2.30124e-05
 0.00245054 0.000139177 -0.000800615 0.00095704 2.71638e-05
 0.00223688 0.000136812 -0.00068195 0.000821 3.4346e-05
 0.00204322 0.00013136 -0.000574577 0.000695718 3.58937e-05
 0.00182409 0.000123266 -0.000475173 0.00057426 3.45717e-05
 0.00166068 0.00011574 -0.000392537 0.000478492 3.9452e-05
 0.0014997 0.000110066 -0.000316018 0.000389022 4.4781e-05
 0.00132183 9.86707e-05 -0.000264162 0.000322158 3.80068e-05
 0.00121647 9.37152e-05 -0.000223155 0.000273255 4.1476e-05
 0.00107928 8.45353e-05 -0.000182345 0.000225038 3.5206e-05
 0.000951555 7.6241e-05 -0.000150122 0.000182703 3.35868e-05
 0.000861252 7.01618e-05 -0.000120353 0.000147911 3.0204e-05
 0.000770097 6.3635e-05 -0.00010233 0.00012315 2.82435e-05
 0.00067481 5.61862e-05 -8.0337e-05 9.65152e-05 2.5492e-05
 0.000592208 5.00895e-05 -6.48703e-05 7.76628e-05 2.36386e-05
 0.000524385 4.47302e-05 -5.24095e-05 6.18865e-05 2.09255e-05
 0.000458172 3.94735e-05 -4.12495e-05 4.80363e-05 1.83456e-05
 0.00039756 3.43303e-05 -3.18733e-05 3.64688e-05 1.55678e-05
 0.000353995 3.07055e-05 -2.49978e-05 2.80213e-05 1.38027e-05
 0.000304673 2.6684e-05 -1.97178e-05 2.16769e-05 1.18434e-05
 0.000268578 2.35941e-05 -1.37391e-05 1.46033e-05 1.04561e-05
 0.000227926 2.01317e-05 -1.02923e-05 1.05558e-05 8.84225e-06
 0.000200645 1.77847e-05 -7.85015e-06 7.46733e-06 7.85098e-06
 0.000172887 1.53537e-05 -5.23317e-06 4.4784e-06 6.7004e-06
 0.000150378 1.33742e-05 -3.76385e-06 2.80752e-06 5.77415e-06
 0.000125429 1.11517e-05 -2.04079e-06 9.53435e-07 4.5079e-06
 0.000107197 9.53225e-06 -1.03921e-06 -1.545e-07 3.85278e-06
 9.11502e-05 8.09827e-06 -2.33506e-07 -9.06575e-07 3.1176e-06
 7.65555e-05 6.82505e-06 3.42595e-07 -1.51085e-06 2.6844e-06
 6.57913e-05 5.8669e-06 7.23725e-07 -1.84593e-06 2.26766e-06
 5.38285e-05 4.80062e-06 8.7354e-07 -1.87638e-06 1.75769e-06
 4.48912e-05 3.99933e-06 1.01884e-06 -1.91704e-06 1.41193e-06
 3.78635e-05 3.36555e-06 1.11311e-06 -1.94068e-06 1.16466e-06
 3.08182e-05 2.74007e-06 1.03524e-06 -1.75899e-06 9.1088e-07
 2.56982e-05 2.27866e-06 1.05959e-06 -1.70087e-06 7.34032e-07
 2.10708e-05 1.86512e-06 9.58513e-07 -1.51481e-06 5.81332e-07
 1.77218e-05 1.56932e-06 9.0128e-07 -1.39226e-06 4.82075e-07
 1.38661e-05 1.22208e-06 7.76538e-07 -1.17332e-06 3.42915e-07
 0 0 0 0 0
 0 0 0 0 0
 0 0 0 0 0
 0 0 0 0 0
 0 0 0 0 0
 0 0 0 0 0
 0 0 0 0 0
 0 0 0 0 0
 0 0 0 0 0
 0 0 0 0 0
 0 0 0 0 0
 0 0 0 0 0
 0 0 0 0 0
 0 0 0 0 0
 0 0 0 0 0
 0.172758 0.080953 0.0152529 -0.0151488 0.0228926
 0.144832 0.067687 0.0148283 -0.0160182 0.0160359
 0.123493 0.0576662 0.0174797 -0.0174406 0.00981232
 0.106147 0.0498015 0.018909 -0.017997 0.00687808
 0.0935475 0.0442252 0.0201248 -0.0189348 0.0042381
 0.081831 0.0389987 0.0221637 -0.019963 0.00137617
 0.0733622 0.0354437 0.0245835 -0.0206885 -0.000219968
 0.064599 0.0317938 0.0244956 -0.0219398 -0.00224275
 0.0589207 0.0295617 0.0275493 -0.023522 -0.00278142
 0.0531438 0.0278172 0.0291103 -0.0246888 -0.0028482
 0.048135 0.0263858 0.0309822 -0.0263453 -0.0032695
 0.043551 0.024766 0.0336657 -0.0283075 -0.00420935
 0.0396252 0.0240392 0.0363977 -0.0306468 -0.00330133
 0.0356692 0.0230582 0.038161 -0.0326028 -0.0046545
 0.0324407 0.0223064 0.0410007 -0.0341318 -0.00393108
 0.03017 0.0219327 0.0442885 -0.0369533 -0.0031765
 0.0281193 0.021528 0.0461818 -0.0384075 -0.00283313
 0.0258005 0.0203026 0.0469685 -0.039366 -0.00409452
 0.0249629 0.019861 0.0460335 -0.0395025 -0.00369005
 0.0235159 0.0183009 0.0448218 -0.038114 -0.00420318
 0.0228005 0.0178316 0.0465733 -0.039529 -0.00370058
 0.0217528 0.0165577 0.0446472 -0.0378182 -0.00414575
 0.0214939 0.0159055 0.0418673 -0.037442 -0.0038939
 0.0207616 0.0143504 0.0390395 -0.0346707 -0.0054536
 0.0201645 0.012891 0.0369758 -0.0332735 -0.0062569
 0.0199049 0.0118926 0.035385 -0.032555 -0.00629677
 0.0191084 0.0108109 0.031027 -0.0296523 -0.00629937
 0.0188305 0.00962968 0.0290938 -0.0282592 -0.00611915
 0.0187046 0.0084098 0.0278082 -0.0264187 -0.00710225
 0.0181685 0.00768118 0.0242529 -0.0237723 -0.00621785
 0.0175507 0.0066707 0.0218691 -0.0213021 -0.00653253
 0.0172992 0.00607105 0.0192024 -0.019055 -0.00635367
 0.0168492 0.0051271 0.0186401 -0.0188687 -0.00657435
 0.016745 0.00456247 0.0164232 -0.0164689 -0.0066149
 0.0166253 0.00356447 0.0130163 -0.0125843 -0.00627132
 0.0160883 0.0033247 0.0110886 -0.0111019 -0.00580553
 0.0157397 0.0028085 0.00829347 -0.00855963 -0.00574177
 0.015478 0.00240388 0.00785805 -0.0075623 -0.00518138
 0.0150533 0.00201533 0.006102 -0.00587825 -0.00477415
 0.0146499 0.00165842 0.00401012 -0.00388555 -0.00438645
 0.0142705 0.0014913 0.00357448 -0.00329067 -0.00402822
 0.0140658 0.00100923 0.00102758 -0.00072355 -0.00385935
 0.0137589 0.000831878 0.000880822 -0.000260987 -0.00366813
 0.0132699 0.00069124 -0.000255255 0.000751275 -0.0033205
 0.0128358 0.000567625 -0.00108894 0.00194389 -0.00308448
 0.0124025 0.000395238 -0.00239193 0.00292612 -0.0026748
 0.0118773 0.000315908 -0.00351093 0.00429743 -0.00248004
 0.0114986 0.00022559 -0.00281485 0.00357127 -0.00224734
 0.011354 7.38908e-05 -0.00438157 0.0052823 -0.00202867
 0.0107861 6.63603e-05 -0.0045193 0.00529662 -0.00175633
 0.0102444 7.39872e-05 -0.00428443 0.00522535 -0.00153973
 0.00983502 5.85468e-05 -0.00463485 0.00544768 -0.00142463
 0.00930848 1.27096e-05 -0.00488288 0.0057244 -0.00115342
 0.00900688 -4.0344e-06 -0.00465535 0.00539515 -0.00106727
 0.00864865 -1.73591e-05 -0.00480807 0.0055054 -0.00100429
 0.0081912 -1.12659e-05 -0.00474538 0.00537753 -0.000828468
 0.00770947 1.42842e-05 -0.00433285 0.00495372 -0.000612192
 0.00731198 1.10752e-05 -0.0043138 0.0048991 -0.00053916
 0.00689422 4.00122e-05 -0.00419528 0.0047968 -0.000429693
 0.00652935 4.57042e-05 -0.00377717 0.0043177 -0.000361278
 0.00605595 6.12872e-05 -0.00358348 0.0041281 -0.00028712
 0.0056889 7.51112e-05 -0.00329858 0.0037723 -0.000273503
 0.00536998 9.90655e-05 -0.0030159 0.00343175 -0.000196648
 0.00488953 0.00011177 -0.00268455 0.00305968 -0.000153685
 0.00457888 0.000126111 -0.00244742 0.00278315 -0.000100304
 0.00425475 0.000148794 -0.00202601 0.00235808 -7.03157e-05
 0.00387297 0.000161215 -0.00178284 0.00206041 -4.23168e-05
 0.0035668 0.000170508 -0.00151594 0.00175618 -1.67696e-05
 0.00323605 0.000177448 -0.00127721 0.00150624 -9.66435e-07
 0.00293935 0.000179468 -0.00105527 0.0012492 6.11572e-06
 0.00270275 0.00018059 -0.000906583 0.00107509 2.77333e-05
 0.00246292 0.000172271 -0.000755962 0.000902168 3.38e-05
 0.00224019 0.000166911 -0.000639665 0.000768355 3.83598e-05
 0.00201331 0.0001566 -0.00051944 0.000625463 3.82067e-05
 0.00184833 0.000148582 -0.000439075 0.00053009 4.1871e-05
 0.00164956 0.000135543 -0.000355343 0.000431205 4.17985e-05
 0.0014707 0.000125117 -0.00029647 0.000361008 4.04582e-05
 0.00133988 0.000115624 -0.000247384 0.000300428 3.84385e-05
 0.00119726 0.000105641 -0.000203503 0.000246524 3.81633e-05
 0.00108152 9.73803e-05 -0.000169211 0.000204466 3.5879e-05
 0.000972098 8.8685e-05 -0.000137758 0.000166024 3.45203e-05
 0.000838175 7.69177e-05 -0.000106619 0.000128008 2.78045e-05
 0.000762228 7.0795e-05 -8.87447e-05 0.000106435 2.69655e-05
 0.000667197 6.28042e-05 -7.05683e-05 8.37155e-05 2.49603e-05
 0.00060645 5.74327e-05 -5.70353e-05 6.7205e-05 2.24158e-05
 0.000525325 4.98542e-05 -4.5058e-05 5.19963e-05 1.97671e-05
 0.000464165 4.4426e-05 -3.51933e-05 4.04992e-05 1.76583e-05
 0.000404165 3.90042e-05 -2.7054e-05 3.05725e-05 1.52802e-05
 0.000354967 3.43085e-05 -2.05898e-05 2.24435e-05 1.35601e-05
 0.000307965 2.98475e-05 -1.50502e-05 1.54551e-05 1.17598e-05
 0.000270867 2.62745e-05 -1.16106e-05 1.14249e-05 9.96847e-06
 0.000235939 2.30068e-05 -8.45495e-06 7.93538e-06 8.9794e-06
 0.000198803 1.93561e-05 -5.46733e-06 4.36305e-06 7.21988e-06
 0.00017617 1.71808e-05 -3.23987e-06 1.98166e-06 6.4566e-06
 0.000148467 1.44788e-05 -1.78633e-06 3.61268e-07 5.26448e-06
 0.000128407 1.25288e-05 -7.49168e-07 -7.46937e-07 4.55652e-06
 0.000107989 1.05296e-05 6.8921e-08 -1.57368e-06 3.67457e-06
 9.11857e-05 8.8967e-06 7.59595e-07 -2.20766e-06 3.0341e-06
 7.94253e-05 7.74625e-06 1.22006e-06 -2.6035e-06 2.6468e-06
 6.54393e-05 6.38265e-06 1.38022e-06 -2.64145e-06 2.18633e-06
 5.45065e-05 5.2875e-06 1.49372e-06 -2.658e-06 1.6351e-06
 4.5166e-05 4.3764e-06 1.42113e-06 -2.47799e-06 1.35171e-06
 3.771e-05 3.65837e-06 1.46015e-06 -2.35081e-06 1.13373e-06
 3.17057e-05 3.06445e-06 1.38776e-06 -2.1897e-06 9.153e-07
 2.56635e-05 2.47505e-06 1.29623e-06 -1.98051e-06 7.19857e-07
 2.13126e-05 2.04829e-06 1.18882e-06 -1.78531e-06 5.58195e-07
 0 0 0 0 0
 0 0 0 0 0
 0 0 0 0 0
 0 0 0 0 0
 0 0 0 0 0
 0 0 0 0 0
 0 0 0 0 0
 0 0 0 0 0
 0 0 0 0 0
 0 0 0 0 0
 0 0 0 0 0
 0 0 0 0 0
 0 0 0 0 0
 0 0 0 0 0
 0 0 0 0 0
 0 0 0 0 0
 0.200265 0.101241 0.0160864 -0.0143055 0.037651
 0.162999 0.081968 0.0187162 -0.0156621 0.02698
 0.138178 0.069264 0.0188048 -0.0159155 0.0196525
 0.115684 0.0579367 0.0206682 -0.0166406 0.0139549
 0.10203 0.0512043 0.0213474 -0.0175476 0.0104515
 0.088869 0.0447297 0.0222255 -0.0181576 0.00674705
 0.0790137 0.040095 0.0235045 -0.0192252 0.00448985
 0.070191 0.0359215 0.0242438 -0.0194491 0.00210752
 0.0624623 0.0328553 0.0263543 -0.0212726 0.00101435
 0.056592 0.0303827 0.0278753 -0.0220947 -0.000316165
 0.050096 0.0277225 0.0297248 -0.0230964 -0.00169519
 0.0459485 0.0264523 0.030838 -0.0242402 -0.00147318
 0.0417218 0.025067 0.0322813 -0.025849 -0.00170219
 0.037576 0.0235923 0.0344617 -0.0267598 -0.00269605
 0.0346525 0.0231489 0.0382805 -0.0297997 -0.00211365
 0.0318165 0.0229007 0.0414198 -0.0327358 -0.00168325
 0.0297655 0.0224632 0.0430345 -0.0336825 -0.00156096
 0.027187 0.0212734 0.0446398 -0.0359153 -0.0025575
 0.0254835 0.0205161 0.0439672 -0.0357935 -0.00181838
 0.0245719 0.019831 0.0460195 -0.0380275 -0.0019934
 0.0229663 0.0182489 0.0433215 -0.0357155 -0.00310032
 0.0221951 0.0175352 0.04327 -0.0359993 -0.00225404
 0.0216729 0.0162865 0.0421378 -0.035765 -0.0043455
 0.0209387 0.0148113 0.0384628 -0.0336993 -0.0048162
 0.0204175 0.0141174 0.0371415 -0.0332102 -0.00432805
 0.0200081 0.012985 0.0359635 -0.0324312 -0.00422982
 0.0194364 0.0116209 0.0331378 -0.0306297 -0.00539735
 0.0190237 0.0106281 0.0322978 -0.028935 -0.0050928
 0.0184618 0.00979438 0.0294863 -0.0273415 -0.00471088
 0.0184503 0.00908305 0.0279858 -0.0263865 -0.00518838
 0.0176603 0.00770353 0.0247168 -0.0238502 -0.00525342
 0.0175445 0.00682297 0.0218254 -0.0207914 -0.00536848
 0.017109 0.0060339 0.0198151 -0.0191021 -0.00574722
 0.016641 0.00531258 0.0166554 -0.016223 -0.00503305
 0.0162998 0.0046546 0.016047 -0.0158345 -0.0051912
 0.0160454 0.00400075 0.0128656 -0.0125988 -0.00531775
 0.0160041 0.003527 0.0111507 -0.0108277 -0.00508713
 0.0155693 0.00312505 0.0098793 -0.00917595 -0.0042568
 0.0151167 0.00248505 0.00770148 -0.00751775 -0.00443497
 0.014882 0.0022014 0.00576533 -0.00542422 -0.00407235
 0.014685 0.00186703 0.00583933 -0.00500017 -0.00386367
 0.0139236 0.00150887 0.00370485 -0.0032643 -0.00369827
 0.0135889 0.00128442 0.0025595 -0.00172833 -0.00358008
 0.0133296 0.00104378 0.00094736 -0.000154369 -0.00309445
 0.0131283 0.000840688 -0.000651862 0.00126414 -0.00301442
 0.0125959 0.000622533 -0.000742047 0.0017721 -0.002753
 0.0123602 0.000544873 -0.00236476 0.003257 -0.00246139
 0.0118483 0.000529898 -0.00176212 0.00293765 -0.00221267
 0.0113701 0.000475562 -0.00253013 0.0035477 -0.00179845
 0.0111794 0.000320725 -0.0032596 0.0039183 -0.00171346
 0.010572 0.000237395 -0.00346617 0.0042741 -0.00158304
 0.0102382 0.000285363 -0.00422698 0.0050097 -0.00129295
 0.0097974 0.000158529 -0.00431402 0.0051111 -0.00116154
 0.0092829 0.000189757 -0.00425177 0.0051428 -0.000963895
 0.00895605 0.000149301 -0.0042887 0.00506815 -0.000996092
 0.00843135 0.000137084 -0.00405968 0.00489788 -0.000829212
 0.00816537 0.00010928 -0.0043747 0.00509077 -0.000665598
 0.0075805 0.000140082 -0.00406595 0.0047586 -0.000625115
 0.0072217 0.00014876 -0.00392643 0.00457 -0.000455528
 0.00686485 0.0001555 -0.0036964 0.00421065 -0.00040166
 0.00642723 0.000156323 -0.00354692 0.00410023 -0.000314455
 0.00597075 0.000163499 -0.0032958 0.00379357 -0.000255082
 0.00561502 0.000166199 -0.0030759 0.00347832 -0.000183062
 0.00526132 0.0001719 -0.00281955 0.00320162 -0.000157241
 0.00479452 0.000187945 -0.00246878 0.00279557 -0.000119936
 0.00450875 0.000198164 -0.00222646 0.0025597 -8.3396e-05
 0.00417582 0.00021323 -0.00198463 0.00226937 -3.01762e-05
 0.00379995 0.000212369 -0.00166395 0.00191366 -3.31125e-05
 0.00356395 0.000223694 -0.00144522 0.00167216 -4.15055e-06
 0.00319535 0.000221431 -0.00120661 0.00140384 7.57657e-06
 0.0029356 0.000221456 -0.00100147 0.0011761 3.0438e-05
 0.0026716 0.000211912 -0.000840627 0.00099389 3.1046e-05
 0.00242828 0.000200984 -0.000695707 0.000827853 3.30383e-05
 0.00222519 0.000192504 -0.00059409 0.000705525 4.17325e-05
 0.00203304 0.000182698 -0.000492645 0.00058921 4.37447e-05
 0.00182307 0.000167272 -0.000398075 0.000480882 4.1335e-05
 0.00163457 0.000153999 -0.000330372 0.000395402 4.08037e-05
 0.00148948 0.000143152 -0.00027566 0.000332095 4.0545e-05
 0.00133805 0.000130959 -0.000224071 0.000270625 3.80902e-05
 0.00118793 0.000117999 -0.000178248 0.000215318 3.65538e-05
 0.00108519 0.000109442 -0.000154378 0.000184658 3.60865e-05
 0.000962963 9.75698e-05 -0.000123194 0.000146607 3.1995e-05
 0.000841727 8.61417e-05 -9.76007e-05 0.000115287 2.91548e-05
 0.000756975 7.8224e-05 -7.86035e-05 9.2451e-05 2.72902e-05
 0.000672955 6.9985e-05 -6.10148e-05 7.092e-05 2.4634e-05
 0.000588913 6.16317e-05 -4.8794e-05 5.63133e-05 2.21383e-05
 0.000523903 5.48695e-05 -3.95983e-05 4.48642e-05 1.83819e-05
 0.00044818 4.7223e-05 -2.9259e-05 3.22143e-05 1.65453e-05
 0.000406393 4.29557e-05 -2.2449e-05 2.37683e-05 1.51123e-05
 0.000350095 3.69815e-05 -1.61495e-05 1.63544e-05 1.27422e-05
 0.000303117 3.21153e-05 -1.19047e-05 1.14044e-05 1.08926e-05
 0.000262423 2.7774e-05 -7.72697e-06 6.66198e-06 9.57015e-06
 0.00022912 2.43195e-05 -5.40867e-06 3.933e-06 8.3084e-06
 0.00019744 2.09279e-05 -3.05685e-06 1.33499e-06 6.95675e-06
 0.000168943 1.7893e-05 -1.23442e-06 -5.66397e-07 6.00097e-06
 0.000144937 1.5325e-05 -1.83775e-07 -1.62303e-06 4.89202e-06
 0.000126515 1.33807e-05 6.9305e-07 -2.47006e-06 4.28208e-06
 0.000106484 1.12421e-05 1.39787e-06 -3.13525e-06 3.52892e-06
 9.12545e-05 9.63682e-06 1.5924e-06 -3.29045e-06 3.0211e-06
 7.59023e-05 8.00255e-06 1.86075e-06 -3.35805e-06 2.47804e-06
 6.6052e-05 6.9517e-06 1.98555e-06 -3.40105e-06 2.08118e-06
 5.4389e-05 5.69763e-06 1.96845e-06 -3.23083e-06 1.57226e-06
 4.47645e-05 4.6956e-06 1.89127e-06 -2.99265e-06 1.36173e-06
 3.8693e-05 4.04333e-06 1.8337e-06 -2.84538e-06 1.11068e-06
 3.10438e-05 3.2341e-06 1.64909e-06 -2.48223e-06 8.71375e-07
 0 0 0 0 0
 0 0 0 0 0
 0 0 0 0 0
 0 0 0 0 0
 0 0 0 0 0
 0 0 0 0 0
 0 0 0 0 0
 0 0 0 0 0
 0 0 0 0 0
 0 0 0 0 0
 0 0 0 0 0
 0 0 0 0 0
 0 0 0 0 0
 0 0 0 0 0
 0 0 0 0 0
 0 0 0 0 0
 0 0 0 0 0
 0.231509 0.125004 0.0191043 -0.0140729 0.0550482
 0.185671 0.099094 0.0202408 -0.0143756 0.039943
 0.149505 0.079569 0.0222038 -0.0150943 0.028465
 0.128502 0.0678385 0.022147 -0.0158138 0.0214896
 0.109391 0.0575737 0.0222363 -0.0159437 0.0159542
 0.0950053 0.0501275 0.023567 -0.016644 0.0119022
 0.0839072 0.0445495 0.0244708 -0.0170763 0.00863657
 0.0740618 0.039674 0.0259183 -0.0179105 0.0062167
 0.065835 0.0355658 0.0265085 -0.0187851 0.00344473
 0.0582588 0.0323812 0.026881 -0.0190132 0.00327325
 0.0533945 0.0300113 0.0277435 -0.0198127 0.00119491
 0.0474983 0.0278378 0.0290897 -0.0205629 0.000702812
 0.0437235 0.026233 0.030531 -0.0221018 -0.000420242
 0.0394565 0.0248219 0.0330438 -0.0235679 -0.000474095
 0.0365747 0.0240897 0.0337072 -0.025651 -0.000716212
 0.033062 0.0230167 0.0360532 -0.0275478 -0.000732487
 0.0304038 0.0225124 0.0391388 -0.0293448 -0.00108211
 0.0283685 0.021931 0.0411462 -0.031529 -0.000803195
 0.0263408 0.0210746 0.0411293 -0.0330942 -0.00114078
 0.0244206 0.0197553 0.0421773 -0.0332355 -0.00180592
 0.0237051 0.0193549 0.041609 -0.034008 -0.00103267
 0.0226185 0.0180792 0.0420385 -0.0336315 -0.00208866
 0.0219144 0.0172632 0.0406475 -0.033823 -0.00143773
 0.0208966 0.0160597 0.0389928 -0.0330043 -0.00272757
 0.0206488 0.015084 0.038857 -0.032745 -0.0032757
 0.0197898 0.0137484 0.0365365 -0.031133 -0.00299682
 0.0195531 0.0124663 0.0346108 -0.0303218 -0.00387303
 0.0194168 0.0113697 0.032294 -0.0291897 -0.00431672
 0.0186767 0.0102916 0.0307853 -0.0279332 -0.0045424
 0.0183937 0.00973442 0.0286097 -0.0265767 -0.00459858
 0.0179409 0.00833508 0.0254983 -0.0230363 -0.00522717
 0.0173224 0.0074099 0.0224723 -0.0214758 -0.00487322
 0.0171655 0.00655168 0.0210178 -0.0198629 -0.00506438
 0.0168917 0.0057357 0.0177976 -0.0167933 -0.00514128
 0.0165473 0.00518967 0.0168822 -0.0157937 -0.0047654
 0.0161481 0.00465937 0.0143636 -0.0136662 -0.0043161
 0.0160635 0.0037554 0.0117477 -0.0107229 -0.00481693
 0.0155092 0.00322112 0.0105318 -0.0103523 -0.0046426
 0.0151412 0.00309373 0.00925025 -0.00871063 -0.0040104
 0.0149947 0.0024852 0.00699302 -0.00610467 -0.00386958
 0.0144902 0.00211258 0.0061354 -0.00534387 -0.00392855
 0.0144143 0.00179686 0.0042398 -0.00373317 -0.0035999
 0.0139302 0.0015994 0.00359352 -0.0028026 -0.00352877
 0.0134804 0.00145616 0.00260353 -0.00170724 -0.0029147
 0.0131202 0.00123263 0.00164007 -0.000478757 -0.00272347
 0.0129352 0.000964655 0.000209952 0.000610155 -0.00260782
 0.0124694 0.000816827 -0.000551328 0.00177433 -0.00228389
 0.0120328 0.000651895 -0.00155063 0.00235819 -0.00221963
 0.0116701 0.00064184 -0.00225295 0.00334098 -0.00181795
 0.011221 0.000508533 -0.00220149 0.00320582 -0.00182558
 0.0107688 0.000493033 -0.00295665 0.00399278 -0.00140516
 0.0103884 0.00041201 -0.00355625 0.00460278 -0.00133275
 0.0100225 0.000359572 -0.00369312 0.0044577 -0.00126616
 0.00958377 0.00030576 -0.00374155 0.00459903 -0.00112672
 0.00917478 0.000321782 -0.00399595 0.00477213 -0.00088575
 0.00872457 0.000278242 -0.00383388 0.004632 -0.000781275
 0.00829015 0.0002686 -0.00389568 0.00465785 -0.000659298
 0.00777397 0.000266623 -0.00376585 0.0045188 -0.000571423
 0.0074739 0.000262333 -0.00371763 0.00437515 -0.000508522
 0.00713745 0.000263622 -0.00376115 0.00439148 -0.000378872
 0.0066788 0.00026146 -0.00350447 0.00404078 -0.00030472
 0.00629185 0.00025018 -0.0032048 0.00372265 -0.000256373
 0.00592372 0.000252523 -0.00306155 0.00351817 -0.00021913
 0.00548095 0.000252643 -0.0027735 0.00316133 -0.000168816
 0.00514938 0.000258933 -0.00258453 0.00296422 -0.000128102
 0.00479163 0.000265112 -0.00230333 0.00264802 -7.8109e-05
 0.00440052 0.000255477 -0.00203262 0.00233509 -7.31435e-05
 0.00414365 0.0002644 -0.00180036 0.00207778 -3.97903e-05
 0.00376167 0.000265898 -0.00153603 0.00177191 -1.82441e-06
 0.00340685 0.000264675 -0.00128951 0.00149778 1.30672e-05
 0.00316045 0.000259363 -0.00108991 0.0012659 1.76893e-05
 0.00290047 0.000254255 -0.000913797 0.0010761 2.35234e-05
 0.0026358 0.000240836 -0.000771727 0.00090611 3.19425e-05
 0.00243976 0.000232535 -0.000656215 0.000774972 3.7475e-05
 0.00216143 0.000213348 -0.000519122 0.000618383 4.1554e-05
 0.00197329 0.00019871 -0.000441902 0.00052428 4.03077e-05
 0.00180716 0.0001866 -0.00037138 0.00044263 4.7172e-05
 0.00161929 0.000169851 -0.000304463 0.000363105 4.08693e-05
 0.00145227 0.000154978 -0.000248617 0.000294988 4.1627e-05
 0.00128883 0.000139225 -0.000199066 0.000234507 3.8976e-05
 0.00117822 0.000129043 -0.000162263 0.000192618 3.80657e-05
 0.00106221 0.00011759 -0.000131401 0.000156129 3.4193e-05
 0.000961483 0.000107611 -0.000109386 0.000129413 3.38028e-05
 0.00082857 9.28215e-05 -8.56177e-05 9.8971e-05 2.8634e-05
 0.000739958 8.33545e-05 -6.72267e-05 7.74547e-05 2.58195e-05
 0.00065111 7.3811e-05 -5.31788e-05 5.97563e-05 2.36232e-05
 0.000585482 6.6445e-05 -4.01468e-05 4.42375e-05 2.07869e-05
 0.000504383 5.74162e-05 -2.98812e-05 3.23968e-05 1.79189e-05
 0.00045472 5.19058e-05 -2.40597e-05 2.48172e-05 1.63715e-05
 0.000393613 4.50577e-05 -1.74052e-05 1.74822e-05 1.43607e-05
 0.000351158 4.01392e-05 -1.24139e-05 1.15914e-05 1.27806e-05
 0.00029729 3.40198e-05 -8.08608e-06 6.47837e-06 1.06916e-05
 0.000262715 3.0073e-05 -4.8993e-06 3.01845e-06 9.42783e-06
 0.00022741 2.59705e-05 -2.71275e-06 5.6498e-07 7.91517e-06
 0.000198676 2.27856e-05 -1.41581e-06 -8.2011e-07 7.18947e-06
 0.000170704 1.94997e-05 9.50663e-08 -2.42765e-06 6.07232e-06
 0.000144984 1.64867e-05 1.43354e-06 -3.6603e-06 4.7213e-06
 0.000124359 1.41382e-05 1.77835e-06 -3.9802e-06 4.04255e-06
 0.000105763 1.19888e-05 2.29591e-06 -4.28447e-06 3.34275e-06
 9.1218e-05 1.03476e-05 2.51812e-06 -4.36505e-06 3.03512e-06
 7.55535e-05 8.5479e-06 2.6018e-06 -4.29443e-06 2.37582e-06
 6.40078e-05 7.20465e-06 2.51877e-06 -4.03527e-06 1.90658e-06
 5.4057e-05 6.0779e-06 2.43407e-06 -3.7746e-06 1.62516e-06
 4.47995e-05 5.01525e-06 2.29501e-06 -3.46935e-06 1.25001e-06
 0 0 0 0 0
 0 0 0 0 0
 0 0 0 0 0
 0 0 0 0 0
 0 0 0 0 0
 0 0 0 0 0
 0 0 0 0 0
 0 0 0 0 0
 0 0 0 0 0
 0 0 0 0 0
 0 0 0 0 0
 0 0 0 0 0
 0 0 0 0 0
 0 0 0 0 0
 0 0 0 0 0
 0 0 0 0 0
 0 0 0 0 0
 0 0 0 0 0
 0.262613 0.150135 0.0231751 -0.0136455 0.0738343
 0.207106 0.116874 0.0222566 -0.0139714 0.0534787
 0.16791 0.0938992 0.0230486 -0.0138299 0.0400823
 0.138862 0.0770698 0.0233513 -0.0147137 0.0295762
 0.117478 0.0649585 0.0244759 -0.015071 0.0223269
 0.103596 0.0569947 0.0242961 -0.0152498 0.017485
 0.0882173 0.0485243 0.0248837 -0.0156334 0.0127092
 0.0772935 0.0427782 0.0258943 -0.0159038 0.00860845
 0.0678048 0.0381528 0.0257073 -0.0163099 0.00789858
 0.0611135 0.0346543 0.0269122 -0.0171291 0.0047524
 0.0556147 0.0319568 0.0265798 -0.0180288 0.00353855
 0.0503378 0.029683 0.02664 -0.0182151 0.00267315
 0.0458467 0.0277357 0.02962 -0.0192705 0.00208848
 0.0411235 0.025543 0.0296743 -0.020805 0.000427732
 0.0387708 0.0250905 0.0309765 -0.0217614 0.000588705
 0.0347113 0.0236538 0.0337125 -0.0239727 0.000383823
 0.0319903 0.0229431 0.0351882 -0.0254295 0.000532173
 0.0291275 0.0219956 0.036442 -0.027093 7.31522e-05
 0.0272055 0.021493 0.037304 -0.0283605 0.00115782
 0.0257112 0.0205029 0.0402397 -0.030019 0.000113354
 0.0244345 0.0198189 0.0406185 -0.0312928 -0.000573818
 0.0231757 0.0187847 0.0399 -0.0314903 -0.000761208
 0.0223084 0.0179405 0.0386915 -0.0314688 -0.00071523
 0.021469 0.0166755 0.039424 -0.03166 -0.00149856
 0.020385 0.0150899 0.036213 -0.030326 -0.00230024
 0.0201251 0.0141003 0.035063 -0.0297625 -0.0027775
 0.0197012 0.0132631 0.0335442 -0.0287925 -0.00297448
 0.0190079 0.0120972 0.033157 -0.0284648 -0.00275758
 0.0186273 0.0111457 0.0305555 -0.0266985 -0.00334695
 0.0184754 0.00990778 0.028935 -0.0257328 -0.0039573
 0.0180048 0.0088718 0.0264075 -0.0241378 -0.00452675
 0.01738 0.0080219 0.0238154 -0.0214465 -0.0037742
 0.0168783 0.0071209 0.0216987 -0.0201634 -0.00403135
 0.0170218 0.00640622 0.0197827 -0.0177091 -0.00442038
 0.0165314 0.00582017 0.0185021 -0.017141 -0.00404785
 0.0160055 0.004954 0.016699 -0.0150348 -0.00442957
 0.0159386 0.00421357 0.0138747 -0.0123438 -0.00421415
 0.0157243 0.00361887 0.011085 -0.0103823 -0.00414383
 0.0151419 0.00340815 0.0116795 -0.0106129 -0.00385218
 0.0150005 0.00289573 0.00869315 -0.00771037 -0.00378778
 0.014733 0.00258392 0.00819327 -0.00735288 -0.00351747
 0.0141729 0.00215309 0.00545875 -0.00447907 -0.00342882
 0.0141259 0.0019832 0.00482635 -0.00362985 -0.0028827
 0.0135912 0.00168888 0.00364635 -0.002668 -0.00285005
 0.0132622 0.00150478 0.00271143 -0.00154206 -0.00269
 0.01293 0.00129787 0.00107424 -0.00029473 -0.00249777
 0.012415 0.00116101 0.000354518 0.000653957 -0.00221885
 0.0122504 0.00102253 9.08158e-05 0.000926022 -0.00208946
 0.0118814 0.00093813 -0.000561677 0.00174499 -0.0018127
 0.0113606 0.000801385 -0.00149515 0.00249534 -0.00151508
 0.0108823 0.000638513 -0.00270322 0.00360243 -0.00152651
 0.010634 0.000634498 -0.0029143 0.0039183 -0.00127693
 0.0101338 0.00058718 -0.00259255 0.00347772 -0.00117736
 0.0097305 0.0005436 -0.0031639 0.0040414 -0.000960905
 0.00931452 0.00050256 -0.0033261 0.00423305 -0.000872738
 0.00891268 0.000481922 -0.00345555 0.00425725 -0.00075646
 0.00837043 0.000434925 -0.0034343 0.00433433 -0.000728
 0.00811633 0.00042569 -0.0036094 0.00437537 -0.000577422
 0.0077701 0.000366755 -0.00369617 0.00438238 -0.00050303
 0.00732597 0.00037015 -0.00356695 0.0041742 -0.000429453
 0.00688498 0.000361217 -0.003285 0.0038775 -0.000341565
 0.00657513 0.000356943 -0.00329733 0.00383133 -0.000254238
 0.00606758 0.000325298 -0.00299168 0.00340067 -0.000241536
 0.00572233 0.00033419 -0.00279745 0.00319192 -0.000181056
 0.00536947 0.000331617 -0.00254768 0.00297612 -0.000123858
 0.00497497 0.000324107 -0.00228055 0.0026347 -9.22117e-05
 0.0046019 0.000312498 -0.00210461 0.00240612 -6.32458e-05
 0.0042626 0.00031696 -0.00185012 0.00212174 -5.3786e-05
 0.00401515 0.000322047 -0.0016282 0.00186992 -6.1117e-06
 0.003698 0.000314552 -0.00142693 0.00163761 1.37329e-05
 0.00334933 0.000302303 -0.00118455 0.00136002 2.0841e-05
 0.00306442 0.000294315 -0.000989415 0.00115336 3.15137e-05
 0.00281327 0.0002811 -0.000831075 0.00096962 3.3829e-05
 0.0025824 0.000269965 -0.000705703 0.000823102 4.52598e-05
 0.00236965 0.000253385 -0.000580897 0.00068576 4.7019e-05
 0.00215901 0.000237664 -0.000483802 0.00057149 4.81772e-05
 0.00194673 0.000218322 -0.00039954 0.00047054 4.49047e-05
 0.00172947 0.000198045 -0.000325315 0.000383433 4.76218e-05
 0.00159036 0.000184386 -0.000271845 0.000319683 4.45595e-05
 0.00142453 0.000166326 -0.000216951 0.00025741 4.125e-05
 0.00130765 0.000154547 -0.000181588 0.000212858 3.9527e-05
 0.00114352 0.000136493 -0.000142521 0.000167662 3.59997e-05
 0.00102268 0.000123107 -0.000114335 0.000132019 3.31107e-05
 0.000917548 0.000110966 -9.01008e-05 0.000104909 2.95225e-05
 0.00081711 9.92502e-05 -7.09512e-05 8.12775e-05 2.7572e-05
 0.000735427 8.95185e-05 -5.8055e-05 6.46915e-05 2.5935e-05
 0.000642057 7.82975e-05 -4.38108e-05 4.73912e-05 2.25083e-05
 0.000561028 6.86528e-05 -3.21098e-05 3.50007e-05 1.98037e-05
 0.00050565 6.19133e-05 -2.44409e-05 2.50833e-05 1.78892e-05
 0.000451075 5.5333e-05 -1.8923e-05 1.83673e-05 1.62874e-05
 0.000385493 4.729e-05 -1.22584e-05 1.09604e-05 1.33006e-05
 0.000336172 4.123e-05 -7.6174e-06 5.69685e-06 1.22168e-05
 0.000293118 3.59565e-05 -4.85913e-06 2.46754e-06 1.04938e-05
 0.000256705 3.1441e-05 -2.6733e-06 7.2333e-08 8.9313e-06
 0.000230311 2.81695e-05 -5.65505e-07 -2.3069e-06 8.02717e-06
 0.000187679 2.28943e-05 8.2644e-07 -3.37435e-06 6.29227e-06
 0.000165648 2.02299e-05 1.82613e-06 -4.56155e-06 5.65647e-06
 0.000142035 1.72568e-05 2.72145e-06 -5.3178e-06 4.75623e-06
 0.000122055 1.48313e-05 2.98257e-06 -5.35348e-06 4.06422e-06
 0.000101228 1.22332e-05 3.20245e-06 -5.32375e-06 3.18378e-06
 8.86565e-05 1.06808e-05 3.37108e-06 -5.38105e-06 2.73997e-06
 7.31015e-05 8.79265e-06 3.15422e-06 -4.9615e-06 2.23389e-06
 6.28312e-05 7.53985e-06 3.13103e-06 -4.70538e-06 1.90338e-06
 0 0 0 0 0
 0 0 0 0 0
 0 0 0 0 0
 0 0 0 0 0
 0 0 0 0 0
 0 0 0 0 0
 0 0 0 0 0
 0 0 0 0 0
 0 0 0 0 0
 0 0 0 0 0
 0 0 0 0 0
 0 0 0 0 0
 0 0 0 0 0
 0 0 0 0 0
 0 0 0 0 0
 0 0 0 0 0
 0 0 0 0 0
 0 0 0 0 0
 0 0 0 0 0
 0.305023 0.18301 0.0261887 -0.0139493 0.0994773
 0.234021 0.1387 0.0260148 -0.0137752 0.0717645
 0.183467 0.10727 0.0246106 -0.0137476 0.050656
 0.153239 0.08872 0.0256035 -0.014125 0.0397485
 0.127566 0.0735185 0.0252587 -0.0142655 0.03044
 0.107807 0.061929 0.0250308 -0.0141089 0.0236226
 0.0939085 0.0536913 0.026944 -0.0149267 0.0175014
 0.082088 0.0472017 0.026792 -0.0148179 0.0137344
 0.0726088 0.041692 0.026386 -0.0150234 0.0102768
 0.0650365 0.037914 0.0262127 -0.0154309 0.00886237
 0.057946 0.0341252 0.0267562 -0.0163668 0.00569277
 0.0524125 0.0312218 0.027877 -0.0163387 0.00487713
 0.0476545 0.02917 0.027941 -0.0173044 0.0039952
 0.0432107 0.0269802 0.0281325 -0.0177886 0.00239555
 0.0391698 0.0254618 0.0288448 -0.0187499 0.0025193
 0.0359355 0.023938 0.030663 -0.0200434 0.00116638
 0.0329997 0.0231062 0.031185 -0.0216843 0.00111934
 0.0305492 0.0223188 0.0335465 -0.0233898 0.00082238
 0.0286755 0.0219342 0.0362935 -0.0254033 0.00131469
 0.026256 0.0207982 0.0362752 -0.026417 0.00106942
 0.0248787 0.0199134 0.0372202 -0.0274842 0.000643662
 0.0233062 0.0190386 0.0379183 -0.029206 4.63385e-05
 0.0224724 0.0181273 0.0380067 -0.028758 -0.000226989
 0.0215107 0.0172729 0.0363915 -0.0288677 5.81065e-05
 0.0208317 0.0161903 0.0364593 -0.029319 2.93775e-05
 0.0200207 0.0147904 0.035217 -0.028478 -0.00136482
 0.0192791 0.0140715 0.0344225 -0.0286182 -0.00129039
 0.0192612 0.0125382 0.0306178 -0.0264762 -0.0023139
 0.0187088 0.0115944 0.0309575 -0.0260663 -0.00240282
 0.0186568 0.0106221 0.028034 -0.0243402 -0.00289625
 0.0178856 0.00956432 0.0252877 -0.0223532 -0.00294868
 0.0173837 0.00858245 0.0241685 -0.0214892 -0.00357143
 0.0170064 0.00779885 0.0224297 -0.0202026 -0.00332553
 0.0168618 0.00697898 0.0204145 -0.0187352 -0.00375775
 0.0162389 0.00634925 0.019535 -0.018259 -0.00310145
 0.0163292 0.0053563 0.0180866 -0.016293 -0.00384533
 0.01581 0.00485708 0.0165976 -0.0150534 -0.00333128
 0.0154255 0.00408332 0.0129603 -0.0118427 -0.0037039
 0.0149162 0.00384833 0.0126081 -0.0114453 -0.00342692
 0.0148932 0.00341693 0.0104079 -0.00913195 -0.0029721
 0.0146391 0.00302938 0.01007 -0.008571 -0.00342845
 0.0141675 0.00253015 0.00706915 -0.0059577 -0.00303585
 0.0136627 0.00219316 0.005523 -0.00484295 -0.00295368
 0.0135206 0.00191516 0.00456945 -0.00350318 -0.00278275
 0.0133222 0.00180206 0.00295862 -0.00175022 -0.0025865
 0.0128009 0.00154238 0.0031088 -0.00186888 -0.0023172
 0.0124665 0.00144033 0.00151044 -0.000286385 -0.00218573
 0.0122437 0.00121404 0.000175141 0.000860223 -0.00186352
 0.0119002 0.00111374 -0.00073477 0.00170293 -0.00170593
 0.0114238 0.00101062 -0.000391398 0.00165708 -0.00160715
 0.0109963 0.000922035 -0.0017988 0.00266077 -0.00142951
 0.0108136 0.000873762 -0.00189155 0.00275747 -0.00124292
 0.0103626 0.000756755 -0.00237693 0.0033285 -0.00112938
 0.0098781 0.000679477 -0.00266772 0.00354625 -0.00108009
 0.0095494 0.00066795 -0.00300193 0.00379558 -0.000865132
 0.00910082 0.00062313 -0.00305982 0.00386912 -0.0007303
 0.00867715 0.0005927 -0.00344365 0.004205 -0.00059204
 0.00823805 0.00054958 -0.00317815 0.00393652 -0.000585043
 0.0078419 0.00049537 -0.00325662 0.0039526 -0.000513317
 0.00752832 0.000485035 -0.00324323 0.0038104 -0.000430047
 0.0071691 0.000479625 -0.0033564 0.0039675 -0.000319123
 0.0066508 0.000428678 -0.00303435 0.00351728 -0.000294093
 0.00636282 0.000429845 -0.0028506 0.0033183 -0.000212103
 0.00602793 0.000435888 -0.00276675 0.00318853 -0.000133609
 0.00560683 0.000404785 -0.0026156 0.00299055 -0.000138969
 0.00527137 0.000394367 -0.00235327 0.0027216 -9.2527e-05
 0.00491718 0.000390145 -0.00217486 0.00250732 -6.3028e-05
 0.00449855 0.000377227 -0.00191582 0.00218579 -3.38895e-05
 0.0042776 0.000375988 -0.00173639 0.00198659 -1.24283e-05
 0.00390502 0.000361315 -0.00149101 0.00169909 1.30323e-05
 0.00353735 0.000345663 -0.00124948 0.00143723 2.625e-05
 0.00329557 0.000342587 -0.00108028 0.00124212 4.24435e-05
 0.0030173 0.000327258 -0.000903108 0.00104327 3.49525e-05
 0.00271187 0.000302853 -0.00073868 0.000849343 4.38965e-05
 0.00247857 0.000287137 -0.000608308 0.000710095 4.75792e-05
 0.002278 0.000268765 -0.000522168 0.00060456 4.36423e-05
 0.0021004 0.000254558 -0.00042314 0.000499385 5.15015e-05
 0.00187038 0.000228339 -0.000351562 0.000410128 4.26815e-05
 0.00168604 0.000210072 -0.00028029 0.000329978 4.5309e-05
 0.0015521 0.000194591 -0.00023768 0.000277038 4.28195e-05
 0.00138346 0.000175765 -0.000192188 0.000223145 4.10713e-05
 0.0012691 0.000162599 -0.000157001 0.000181671 4.073e-05
 0.00110213 0.000141766 -0.00012267 0.000141071 3.59688e-05
 0.00101622 0.000131592 -0.0001001 0.000114135 3.40303e-05
 0.000881967 0.000114364 -7.4681e-05 8.52363e-05 2.84175e-05
 0.000796715 0.000103987 -6.09125e-05 6.7265e-05 2.70472e-05
 0.000718707 9.36763e-05 -4.9205e-05 5.31632e-05 2.39351e-05
 0.00061784 8.08833e-05 -3.54145e-05 3.69238e-05 2.19056e-05
 0.00055575 7.27378e-05 -2.58255e-05 2.57332e-05 1.98877e-05
 0.000484775 6.34135e-05 -1.80982e-05 1.70577e-05 1.70432e-05
 0.000420585 5.5024e-05 -1.23497e-05 1.03375e-05 1.49546e-05
 0.000383298 5.0241e-05 -8.30585e-06 5.89577e-06 1.40003e-05
 0.00033302 4.35105e-05 -4.36835e-06 1.5245e-06 1.17543e-05
 0.000291012 3.79835e-05 -2.02495e-06 -1.06671e-06 1.02346e-05
 0.000247667 3.22143e-05 -3.4538e-08 -3.1927e-06 8.5646e-06
 0.000216605 2.81055e-05 2.02389e-06 -5.2407e-06 7.08407e-06
 0.00018692 2.41923e-05 2.83557e-06 -6.01128e-06 6.30187e-06
 0.00016147 2.08878e-05 3.5534e-06 -6.44757e-06 5.37655e-06
 0.000137984 1.77852e-05 3.8515e-06 -6.61738e-06 4.51228e-06
 0.000117308 1.50765e-05 4.00385e-06 -6.54293e-06 3.77885e-06
 9.96937e-05 1.27819e-05 4.06305e-06 -6.34178e-06 3.14143e-06
 8.31502e-05 1.06022e-05 3.86248e-06 -5.89015e-06 2.49938e-06
 0 0 0 0 0
 0 0 0 0 0
 0 0 0 0 0
 0 0 0 0 0
 0 0 0 0 0
 0 0 0 0 0
 0 0 0 0 0
 0 0 0 0 0
 0 0 0 0 0
 0 0 0 0 0
 0 0 0 0 0
 0 0 0 0 0
 0 0 0 0 0
 0 0 0 0 0
 0 0 0 0 0
 0 0 0 0 0
 0 0 0 0 0
 0 0 0 0 0
 0 0 0 0 0
 0 0 0 0 0
 0.348985 0.218652 0.0284685 -0.0139253 0.127952
 0.26362 0.162409 0.0289058 -0.0141449 0.0903425
 0.206852 0.125493 0.0284038 -0.0138231 0.0652327
 0.164467 0.0988173 0.0271743 -0.0137382 0.0485455
 0.138299 0.0822277 0.0279823 -0.0140601 0.0379148
 0.116204 0.068809 0.027284 -0.0142278 0.0295662
 0.0992275 0.0586132 0.02774 -0.0141249 0.022157
 0.0866297 0.051107 0.0269093 -0.0142665 0.0178002
 0.0767287 0.0452872 0.02692 -0.0145435 0.0138206
 0.0676825 0.040248 0.026411 -0.0146077 0.0105018
 0.0606448 0.036261 0.0271895 -0.0148097 0.00899083
 0.0548248 0.0331025 0.0262068 -0.0145778 0.00717988
 0.0490452 0.0301825 0.0275925 -0.0157086 0.00518575
 0.044774 0.0281525 0.0261878 -0.0158146 0.00454692
 0.041014 0.0259655 0.0273713 -0.0168817 0.00265842
 0.037678 0.0248615 0.0291912 -0.0178824 0.0029151
 0.0343483 0.0234005 0.0287578 -0.018687 0.00242173
 0.0317675 0.0224844 0.0305575 -0.019812 0.00188564
 0.0292755 0.0216408 0.0327888 -0.0215137 0.00211377
 0.0270548 0.020893 0.0336347 -0.023433 0.00172585
 0.0256217 0.0201999 0.0346663 -0.0250347 0.00156548
 0.023963 0.0192369 0.034791 -0.0257788 0.00104768
 0.0230434 0.018519 0.035917 -0.0270805 0.00149339
 0.0219658 0.017448 0.0346905 -0.0267628 0.000775788
 0.0212729 0.0161606 0.0344055 -0.0263153 -0.000126692
 0.020607 0.0156166 0.035683 -0.0282603 -0.000634285
 0.0197955 0.0143759 0.0325938 -0.027041 -0.000625065
 0.0195129 0.0132589 0.0324195 -0.0264427 -0.00136208
 0.0190723 0.0121725 0.0300158 -0.0252383 -0.00168784
 0.0184211 0.0107985 0.0288615 -0.0244979 -0.00242055
 0.0176796 0.0100231 0.025683 -0.0228589 -0.00241914
 0.0178135 0.00930967 0.026389 -0.0225596 -0.00283617
 0.017232 0.00825053 0.0242089 -0.0212652 -0.00255348
 0.0169321 0.00753448 0.0228145 -0.019989 -0.00286957
 0.0164493 0.00672513 0.0206153 -0.018223 -0.00306982
 0.016182 0.00582698 0.0183022 -0.0165856 -0.00336058
 0.0158394 0.00526813 0.0162653 -0.0147314 -0.00281423
 0.0153326 0.00474215 0.0156845 -0.0135507 -0.00320005
 0.0152425 0.00410435 0.0131961 -0.0117575 -0.00321257
 0.0149291 0.00367178 0.0117834 -0.010249 -0.00303342
 0.0145831 0.00321862 0.0105424 -0.00908348 -0.00317042
 0.0142668 0.00279005 0.0084831 -0.00705322 -0.00284425
 0.0141327 0.00259425 0.00731725 -0.00612812 -0.00258095
 0.0135513 0.00227712 0.00557888 -0.00460893 -0.00254527
 0.0133207 0.00208417 0.00452957 -0.0031638 -0.00234817
 0.0127549 0.00177615 0.0031914 -0.00202866 -0.00223049
 0.0126666 0.00169618 0.0029051 -0.00171247 -0.00198852
 0.0123509 0.00143638 0.00197926 -0.000865362 -0.00194012
 0.0118733 0.00136174 0.00091226 0.000369265 -0.0016483
 0.0114542 0.00125062 0.000444227 0.000672968 -0.00141071
 0.0111959 0.00114479 -0.000853578 0.00210743 -0.00133059
 0.0107167 0.00104668 -0.000868785 0.00204679 -0.00119409
 0.0103389 0.0010085 -0.00164629 0.00260785 -0.00102636
 0.00992155 0.000893225 -0.00160511 0.002525 -0.000927408
 0.0095531 0.00085076 -0.00221829 0.00311265 -0.000776543
 0.00911175 0.000721737 -0.00250897 0.0032966 -0.000779735
 0.00881267 0.000725205 -0.00251207 0.00330615 -0.00058976
 0.0085661 0.000691892 -0.0028792 0.0035599 -0.000585297
 0.00805758 0.000626228 -0.00299562 0.00364128 -0.00046415
 0.0077228 0.00062103 -0.00303422 0.0036567 -0.00037319
 0.007311 0.000591802 -0.00280203 0.00339662 -0.00031028
 0.00686082 0.000553485 -0.00287962 0.00344977 -0.000254725
 0.0065128 0.000535455 -0.0027505 0.00325372 -0.000201293
 0.00612918 0.000504452 -0.00269787 0.00316155 -0.00017452
 0.00577932 0.000493167 -0.00258842 0.00297343 -0.000126983
 0.00536322 0.000461815 -0.00233218 0.0026563 -0.0001037
 0.00512073 0.000456507 -0.00211079 0.00242979 -6.91628e-05
 0.00465507 0.000426698 -0.00194158 0.00220579 -5.86025e-05
 0.00440338 0.000424075 -0.0017291 0.00196994 -2.16348e-05
 0.00408435 0.00041003 -0.00155836 0.00177612 1.78837e-06
 0.00379715 0.000402927 -0.00135028 0.00154836 1.75186e-05
 0.0034335 0.00037981 -0.00111363 0.0012754 3.26215e-05
 0.0031712 0.00036849 -0.000960225 0.00109756 4.94695e-05
 0.00289745 0.00034639 -0.000802615 0.0009224 4.35788e-05
 0.0026677 0.000328245 -0.000656157 0.000761262 4.77247e-05
 0.00244381 0.000309375 -0.000561735 0.000650605 5.33903e-05
 0.00219008 0.000281928 -0.000454127 0.00052451 4.70503e-05
 0.00203195 0.00026631 -0.000379517 0.000440207 5.13555e-05
 0.00185293 0.000245761 -0.00031174 0.00035845 4.97895e-05
 0.00168578 0.000226371 -0.000263852 0.00030576 4.9496e-05
 0.00150101 0.000203827 -0.000208089 0.000240349 4.67385e-05
 0.00135537 0.000185378 -0.000168457 0.000192794 4.36068e-05
 0.00120406 0.000165177 -0.000131138 0.000149334 3.84317e-05
 0.00108981 0.000150114 -0.000104195 0.000117246 3.6648e-05
 0.000984733 0.000136454 -8.31387e-05 9.32005e-05 3.45015e-05
 0.00086322 0.000119358 -6.32748e-05 6.92522e-05 2.86162e-05
 0.000782358 0.000108485 -5.00373e-05 5.37475e-05 2.68528e-05
 0.000693455 9.61865e-05 -3.64902e-05 3.75457e-05 2.42883e-05
 0.000602173 8.35035e-05 -2.64007e-05 2.56817e-05 2.09089e-05
 0.000532702 7.3889e-05 -1.88299e-05 1.69652e-05 1.81649e-05
 0.00047497 6.59135e-05 -1.27269e-05 1.05131e-05 1.68215e-05
 0.00041783 5.78815e-05 -7.07207e-06 3.91613e-06 1.47494e-05
 0.000358887 4.9631e-05 -3.5625e-06 2.0958e-08 1.23482e-05
 0.00031308 4.31957e-05 -5.91825e-07 -2.98068e-06 1.06565e-05
 0.000271615 3.74218e-05 6.39357e-07 -4.22033e-06 9.19537e-06
 0.000240737 3.31645e-05 2.54102e-06 -6.2662e-06 8.4452e-06
 0.000208168 2.8585e-05 3.85702e-06 -7.36285e-06 7.0785e-06
 0.000177208 2.42432e-05 4.1967e-06 -7.52392e-06 5.96912e-06
 0.000155336 2.11965e-05 5.07308e-06 -8.2476e-06 5.18942e-06
 0.000131339 1.78007e-05 4.98693e-06 -7.85745e-06 4.01868e-06
 0.000114746 1.55531e-05 4.99495e-06 -7.67472e-06 3.74492e-06
 0 0 0 0 0
 0 0 0 0 0
 0 0 0 0 0
 0 0 0 0 0
 0 0 0 0 0
 0 0 0 0 0
 0 0 0 0 0
 0 0 0 0 0
 0 0 0 0 0
 0 0 0 0 0
 0 0 0 0 0
 0 0 0 0 0
 0 0 0 0 0
 0 0 0 0 0
 0 0 0 0 0
 0 0 0 0 0
 0 0 0 0 0
 0 0 0 0 0
 0 0 0 0 0
 0 0 0 0 0
 0 0 0 0 0
 0.403757 0.262665 0.0325283 -0.0144366 0.161791
 0.297145 0.189902 0.031496 -0.0145684 0.111721
 0.23083 0.145062 0.0313975 -0.0147249 0.0812813
 0.183075 0.113533 0.0307402 -0.0141072 0.060253
 0.150542 0.0924095 0.0299063 -0.0143137 0.046349
 0.123999 0.0755085 0.029223 -0.0140922 0.0354317
 0.106029 0.0643783 0.0290398 -0.0141208 0.0281677
 0.0915875 0.0552483 0.0286528 -0.0140517 0.0217597
 0.080145 0.048417 0.028403 -0.0140341 0.0178172
 0.0699605 0.0423725 0.0271162 -0.0138177 0.0142161
 0.0635447 0.0385293 0.027304 -0.0139173 0.0111488
 0.0557248 0.0340933 0.027243 -0.0143776 0.00850655
 0.051309 0.0317755 0.0264923 -0.0146092 0.00687467
 0.0461408 0.0290067 0.02657 -0.0146735 0.00580085
 0.0422283 0.0271358 0.0269165 -0.0150333 0.00519263
 0.0387153 0.0254018 0.0270325 -0.0159404 0.00389957
 0.0351695 0.0235965 0.0270463 -0.0163878 0.00306098
 0.032665 0.0227029 0.0283363 -0.0177167 0.00313477
 0.0298927 0.0213385 0.0287 -0.0186572 0.00254543
 0.0278928 0.0207694 0.0304565 -0.0205914 0.00272025
 0.0263017 0.0204965 0.0324915 -0.0225129 0.00258358
 0.0245061 0.0191435 0.0318537 -0.0224442 0.00192442
 0.0230986 0.0183721 0.0328255 -0.0241728 0.00154777
 0.0221681 0.0173159 0.033053 -0.0244956 0.00105777
 0.0213093 0.0166569 0.0336048 -0.0247659 0.00109215
 0.020659 0.0153616 0.0318965 -0.0248318 -0.00037465
 0.0201085 0.01469 0.0320775 -0.0257192 -0.000153351
 0.0193901 0.0134711 0.031224 -0.0247291 -0.000248505
 0.018663 0.0122262 0.029192 -0.0244218 -0.00164645
 0.0185995 0.0115976 0.0281493 -0.023717 -0.000806867
 0.0179081 0.0101578 0.0265855 -0.0219322 -0.00238803
 0.0175139 0.0094939 0.0255752 -0.0215852 -0.00165656
 0.0172572 0.0086675 0.024193 -0.0208041 -0.00206995
 0.016864 0.0076922 0.0222103 -0.0192164 -0.00261795
 0.0162087 0.0065981 0.0198 -0.0173275 -0.00310818
 0.0161535 0.00623328 0.0190907 -0.0167265 -0.00282825
 0.0156112 0.00558652 0.0172877 -0.0150448 -0.00269665
 0.0153622 0.00495807 0.0156097 -0.0139454 -0.00293735
 0.0150132 0.00446537 0.0144615 -0.012787 -0.00294027
 0.0148975 0.00399537 0.0127042 -0.0110456 -0.0027021
 0.0146048 0.00375678 0.0109524 -0.00957525 -0.00264818
 0.0143038 0.003378 0.0104611 -0.00866377 -0.0022986
 0.0137165 0.0029249 0.0082735 -0.00663518 -0.00232018
 0.0133823 0.00250678 0.00626095 -0.00490195 -0.00242222
 0.0130847 0.00237019 0.006042 -0.00413892 -0.00214223
 0.0129379 0.00202449 0.00426465 -0.002709 -0.00215808
 0.0126044 0.00189625 0.00331607 -0.002052 -0.00192804
 0.0121678 0.00174005 0.0024064 -0.00110459 -0.00170958
 0.0118641 0.00160013 0.00172977 -0.00058654 -0.00150087
 0.0112228 0.00136196 0.00119413 7.5868e-05 -0.00144064
 0.0112387 0.00132554 -9.7725e-05 0.00110413 -0.00132784
 0.0107259 0.00120598 -0.000692197 0.00173963 -0.00113622
 0.0103914 0.00116312 -0.00110664 0.00219253 -0.000886858
 0.0101841 0.00108544 -0.00123173 0.00237457 -0.000825947
 0.00979875 0.00103603 -0.00183127 0.00282075 -0.000799255
 0.00928345 0.000946487 -0.00197191 0.00295995 -0.00063261
 0.00895138 0.000840582 -0.0025385 0.00329402 -0.00066662
 0.00860895 0.000841978 -0.00229156 0.00307723 -0.000488422
 0.0082322 0.000750485 -0.0026802 0.00340072 -0.000458345
 0.00775458 0.000726238 -0.00269882 0.00339282 -0.000369367
 0.0073447 0.00069665 -0.0026557 0.00324752 -0.000314322
 0.00705353 0.000657178 -0.00287582 0.00344165 -0.000251523
 0.00667715 0.000614615 -0.00268565 0.0031738 -0.000215178
 0.00635623 0.000600005 -0.00261632 0.0030759 -0.000149441
 0.0059177 0.000568758 -0.00239805 0.00277488 -0.000142637
 0.00560115 0.000549725 -0.00234428 0.00268407 -8.2475e-05
 0.00520202 0.000523075 -0.00212277 0.00245274 -8.04798e-05
 0.00487452 0.00051282 -0.00190989 0.00217872 -9.745e-06
 0.00456648 0.00048295 -0.00177152 0.00201398 -2.49516e-05
 0.00424127 0.000465323 -0.00159004 0.00179422 1.4511e-05
 0.00390727 0.000441797 -0.00137491 0.00155896 1.69573e-05
 0.00369122 0.000435815 -0.00121081 0.00137152 4.12903e-05
 0.00333188 0.000407275 -0.00102139 0.00115751 4.28457e-05
 0.00305258 0.000390978 -0.000839865 0.00096145 5.8258e-05
 0.00279367 0.00036733 -0.00068899 0.000792095 4.99228e-05
 0.00260625 0.000350932 -0.000595957 0.000686662 5.54692e-05
 0.00233133 0.000319548 -0.000482625 0.00055474 5.29485e-05
 0.00213603 0.000297673 -0.000403408 0.000463277 5.62793e-05
 0.00196431 0.000277058 -0.000326358 0.000377363 5.1957e-05
 0.00175832 0.000251 -0.000273125 0.000312627 5.28448e-05
 0.00161171 0.00023162 -0.000214944 0.000247342 4.9329e-05
 0.0014436 0.000208996 -0.000174843 0.00019986 4.62077e-05
 0.00130102 0.000189229 -0.000137827 0.000157554 4.25565e-05
 0.00117847 0.000172203 -0.000113066 0.000127072 3.87907e-05
 0.00105712 0.000154511 -8.68382e-05 9.63468e-05 3.51695e-05
 0.00093345 0.000137023 -6.66673e-05 7.19737e-05 3.25902e-05
 0.00084405 0.000123845 -5.33575e-05 5.62832e-05 2.87937e-05
 0.000736948 0.00010835 -3.85238e-05 3.95262e-05 2.6431e-05
 0.00066289 9.72845e-05 -2.6174e-05 2.46007e-05 2.39304e-05
 0.000575875 8.42485e-05 -1.96083e-05 1.73106e-05 1.985e-05
 0.00050823 7.44915e-05 -1.23971e-05 9.16115e-06 1.78724e-05
 0.000455002 6.6542e-05 -7.063e-06 2.94903e-06 1.64839e-05
 0.000389048 5.6724e-05 -3.54608e-06 -6.96038e-07 1.34312e-05
 0.00034868 5.0824e-05 -2.61185e-07 -4.01617e-06 1.23667e-05
 0.000311992 4.54202e-05 2.66355e-06 -7.10397e-06 1.11874e-05
 0.000270352 3.92488e-05 3.70352e-06 -8.05553e-06 9.64905e-06
 0.000233805 3.3732e-05 4.96478e-06 -9.11788e-06 7.8817e-06
 0.00020122 2.9044e-05 5.8741e-06 -9.75495e-06 6.89085e-06
 0.000172471 2.47682e-05 5.76525e-06 -9.3756e-06 5.66022e-06
 0.000147495 2.111e-05 5.88667e-06 -9.19705e-06 4.82788e-06
 0 0 0 0 0
 0 0 0 0 0
 0 0 0 0 0
 0 0 0 0 0
 0 0 0 0 0
 0 0 0 0 0
 0 0 0 0 0
 0 0 0 0 0
 0 0 0 0 0
 0 0 0 0 0
 0 0 0 0 0
 0 0 0 0 0
 0 0 0 0 0
 0 0 0 0 0
 0 0 0 0 0
 0 0 0 0 0
 0 0 0 0 0
 0 0 0 0 0
 0 0 0 0 0
 0 0 0 0 0
 0 0 0 0 0
 0 0 0 0 0
 0.470248 0.316112 0.0361555 -0.0162309 0.205273
 0.332065 0.218945 0.0337868 -0.0157821 0.136056
 0.255315 0.165276 0.0350625 -0.0156889 0.097856
 0.199136 0.127274 0.0338035 -0.0151822 0.0722132
 0.161449 0.101758 0.0318975 -0.0151084 0.054321
 0.134892 0.084132 0.0316357 -0.0147887 0.0424285
 0.113582 0.070384 0.0303253 -0.013928 0.033498
 0.0960702 0.05931 0.0299445 -0.0143928 0.0254922
 0.0848062 0.0523177 0.0291815 -0.0140206 0.0216209
 0.0742565 0.045827 0.028594 -0.0137712 0.017645
 0.0653753 0.0404077 0.0277312 -0.013725 0.0132783
 0.0586705 0.0364715 0.027119 -0.0138288 0.0116693
 0.0534425 0.0333362 0.027038 -0.01425 0.00931213
 0.047982 0.0302232 0.0272275 -0.0144805 0.00709783
 0.0433057 0.0275013 0.026781 -0.0143546 0.0055212
 0.0402592 0.0260518 0.0261342 -0.0144365 0.0047656
 0.03675 0.0241578 0.0257283 -0.0150678 0.00359545
 0.0339618 0.0229775 0.026943 -0.0158466 0.003498
 0.031259 0.0217483 0.0275723 -0.0169216 0.00334915
 0.029153 0.0209514 0.0285263 -0.0181551 0.00282743
 0.0266432 0.0199787 0.0283608 -0.0191197 0.00327625
 0.0251062 0.0192769 0.0307003 -0.020657 0.0026331
 0.0235283 0.0183932 0.0303738 -0.0211531 0.00254577
 0.0228136 0.0176082 0.0313458 -0.0221849 0.00200362
 0.0216616 0.0165807 0.0314567 -0.0233429 0.00132229
 0.0205279 0.0158611 0.0310505 -0.0236335 0.00162684
 0.0200162 0.0146233 0.02917 -0.0225366 0.000747435
 0.0197676 0.0139639 0.0296437 -0.0229245 0.000669717
 0.0187385 0.0125358 0.027987 -0.0222524 -0.000494982
 0.018365 0.0113364 0.027068 -0.022227 -0.00116633
 0.0179236 0.010852 0.0271423 -0.022276 -0.00089243
 0.0176191 0.00993735 0.025026 -0.020723 -0.00135999
 0.0169425 0.00883097 0.0237279 -0.0205427 -0.00157864
 0.0168397 0.00800085 0.0220268 -0.019504 -0.00211602
 0.0158905 0.00682568 0.0208759 -0.0179718 -0.00259777
 0.0162651 0.00650632 0.0193296 -0.0166193 -0.00246494
 0.01583 0.005816 0.0180272 -0.0159139 -0.00285803
 0.0154233 0.00538747 0.0162771 -0.0142787 -0.00238616
 0.0148663 0.0047391 0.0141133 -0.0121381 -0.0026717
 0.0145903 0.00434585 0.0132227 -0.0113663 -0.00234893
 0.0142965 0.00390377 0.01174 -0.00988888 -0.00221721
 0.0140695 0.00362715 0.0105994 -0.0088503 -0.00220084
 0.0138766 0.00308487 0.0083994 -0.00695602 -0.00232334
 0.013492 0.00285998 0.00728355 -0.00585297 -0.00206146
 0.0131879 0.0027301 0.00688963 -0.00539702 -0.00180579
 0.0128459 0.00235713 0.0057207 -0.00407793 -0.00176341
 0.0125302 0.0021967 0.00456867 -0.00318058 -0.00166076
 0.0124223 0.00192857 0.00253008 -0.00140272 -0.00147485
 0.011859 0.00176753 0.00227832 -0.000985378 -0.00153079
 0.0116599 0.00161083 0.000853912 0.00047464 -0.0013437
 0.0111503 0.00151051 0.000517608 0.00051665 -0.00121633
 0.0107612 0.00143223 0.000438368 0.000662938 -0.00102007
 0.0106348 0.00139759 -0.000637598 0.00154874 -0.000803668
 0.0100855 0.00122681 -0.000597812 0.00161057 -0.00086327
 0.00977552 0.00116022 -0.001409 0.0023244 -0.000724077
 0.00933892 0.00102827 -0.00172173 0.0025969 -0.00070367
 0.00899843 0.000980263 -0.00194428 0.00280925 -0.00058632
 0.0087014 0.000961867 -0.00210453 0.00304825 -0.000468933
 0.00831822 0.000895177 -0.0022316 0.00292545 -0.000424345
 0.00801598 0.000868575 -0.0027112 0.00342035 -0.00031234
 0.0076069 0.000801498 -0.00244737 0.0030707 -0.000294715
 0.00719095 0.000744515 -0.0025957 0.00316565 -0.000258553
 0.00679395 0.00073981 -0.00240878 0.00295325 -0.000165042
 0.00646548 0.000695727 -0.00235531 0.00293737 -0.000102439
 0.00613595 0.000652235 -0.00235135 0.0027667 -0.000112743
 0.00571855 0.000622798 -0.0022261 0.00258887 -7.58848e-05
 0.00535113 0.000604718 -0.00204851 0.00236598 -4.24463e-05
 0.00498675 0.00056038 -0.0018992 0.00218948 -2.86162e-05
 0.0047117 0.000545915 -0.00178546 0.00201933 -7.85337e-06
 0.00437352 0.000518175 -0.00159869 0.00181688 2.17387e-05
 0.0040919 0.000499473 -0.00141004 0.0016021 3.35453e-05
 0.0037854 0.00047486 -0.00123586 0.0014003 3.60195e-05
 0.0034768 0.00045728 -0.00103367 0.00117463 5.63228e-05
 0.00322293 0.00043408 -0.00087761 0.00100299 5.36055e-05
 0.00294175 0.000409777 -0.000734778 0.000836578 6.25573e-05
 0.00268928 0.000382895 -0.000597622 0.000684438 6.43468e-05
 0.00242824 0.00035289 -0.000504663 0.000580103 5.99113e-05
 0.00230275 0.00034041 -0.000432353 0.000494693 6.45945e-05
 0.002069 0.00030854 -0.00034765 0.000396973 6.28315e-05
 0.00187804 0.000281845 -0.000279312 0.00031757 5.49242e-05
 0.0017032 0.000259385 -0.000232878 0.000263973 5.51605e-05
 0.00154608 0.000235928 -0.000185178 0.000209422 5.06773e-05
 0.00140066 0.000214811 -0.000145874 0.000164705 4.7236e-05
 0.00123708 0.000190584 -0.000115406 0.000128193 4.28725e-05
 0.00111311 0.000171286 -9.2352e-05 0.000100729 3.68402e-05
 0.000997755 0.000154019 -6.82892e-05 7.30843e-05 3.51508e-05
 0.00090157 0.00013916 -5.4465e-05 5.598e-05 3.0737e-05
 0.000802767 0.00012398 -3.97067e-05 3.9384e-05 2.8222e-05
 0.0006969 0.000107565 -2.86703e-05 2.65638e-05 2.42313e-05
 0.000638175 9.85757e-05 -1.95256e-05 1.65424e-05 2.35346e-05
 0.000559133 8.61862e-05 -1.13249e-05 7.39378e-06 1.99475e-05
 0.000498095 7.6654e-05 -5.99832e-06 1.54121e-06 1.80312e-05
 0.000436457 6.70252e-05 -2.03244e-06 -3.04787e-06 1.58634e-05
 0.000380647 5.83033e-05 8.55892e-07 -5.94542e-06 1.37503e-05
 0.000333755 5.10685e-05 3.3654e-06 -8.21823e-06 1.20868e-05
 0.000287413 4.37168e-05 4.77895e-06 -9.61618e-06 9.98128e-06
 0.00025418 3.85307e-05 6.0729e-06 -1.07571e-05 8.75962e-06
 0.000218863 3.3103e-05 6.746e-06 -1.10557e-05 7.38972e-06
 0.000193495 2.91902e-05 7.1255e-06 -1.13319e-05 6.53817e-06
 0 0 0 0 0
 0 0 0 0 0
 0 0 0 0 0
 0 0 0 0 0
 0 0 0 0 0
 0 0 0 0 0
 0 0 0 0 0
 0 0 0 0 0
 0 0 0 0 0
 0 0 0 0 0
 0 0 0 0 0
 0 0 0 0 0
 0 0 0 0 0
 0 0 0 0 0
 0 0 0 0 0
 0 0 0 0 0
 0 0 0 0 0
 0 0 0 0 0
 0 0 0 0 0
 0 0 0 0 0
 0 0 0 0 0
 0 0 0 0 0
 0 0 0 0 0
 0.544375 0.376488 0.041526 -0.0185314 0.253045
 0.383255 0.25955 0.0389683 -0.017877 0.16878
 0.29289 0.194436 0.0391127 -0.0182394 0.120546
 0.222856 0.145601 0.037179 -0.017435 0.086488
 0.179506 0.115634 0.035937 -0.0171052 0.0652513
 0.146093 0.0931417 0.034689 -0.0160733 0.0502233
 0.12139 0.0766825 0.0322188 -0.0153026 0.038308
 0.104294 0.065598 0.0316735 -0.0150862 0.031521
 0.088403 0.0553165 0.0305137 -0.0147315 0.0244469
 0.0791362 0.0492898 0.0304917 -0.0144911 0.0203865
 0.0690628 0.0433032 0.0284542 -0.0139462 0.0170274
 0.0609625 0.038121 0.02814 -0.0137005 0.0130133
 0.0552773 0.0349985 0.0276025 -0.0137511 0.0115947
 0.0497093 0.0314622 0.0265398 -0.0140151 0.00877272
 0.0450538 0.028779 0.0262578 -0.0139805 0.00731857
 0.0407775 0.0264617 0.0257132 -0.0136729 0.00620502
 0.0374892 0.0244171 0.0264458 -0.014297 0.00469295
 0.034695 0.0231604 0.0254353 -0.0144201 0.0045265
 0.031928 0.0217668 0.0262055 -0.0150496 0.0037229
 0.029748 0.0207563 0.026777 -0.016347 0.00341022
 0.0271225 0.0198105 0.028061 -0.0173921 0.00339558
 0.0253895 0.0187954 0.0281247 -0.0185033 0.00277547
 0.0240436 0.0180537 0.029169 -0.0194859 0.00238687
 0.0230217 0.0176847 0.0297515 -0.0205352 0.0028017
 0.0219606 0.0168557 0.0301432 -0.0213401 0.00276053
 0.0212074 0.0159142 0.03009 -0.0218656 0.00201843
 0.020488 0.0149036 0.0292402 -0.0220153 0.00122095
 0.0195954 0.0140615 0.0289332 -0.0223948 0.00148667
 0.0191343 0.0129623 0.0277635 -0.0219927 0.00089521
 0.018716 0.012115 0.0275038 -0.0221363 0.00032235
 0.0179875 0.0107564 0.02592 -0.0213892 -0.000639523
 0.0175994 0.0102704 0.0239224 -0.020272 -0.000540482
 0.0167345 0.00903105 0.0238904 -0.0202284 -0.00109272
 0.0164574 0.00845158 0.0223376 -0.0188036 -0.000920795
 0.0163315 0.00778563 0.0220954 -0.0186502 -0.00132869
 0.0157967 0.00691747 0.0196118 -0.016745 -0.00161378
 0.0155154 0.0062796 0.0186379 -0.0163135 -0.00177142
 0.0150368 0.00549652 0.0160133 -0.0135749 -0.0020118
 0.0150394 0.00513863 0.0146774 -0.0127886 -0.00201805
 0.0147972 0.0047556 0.0140014 -0.0122433 -0.00204763
 0.0142792 0.00421918 0.011763 -0.0098373 -0.00181005
 0.0139117 0.00385875 0.0113982 -0.0094206 -0.00188568
 0.0138134 0.00347398 0.00930162 -0.00758627 -0.00186338
 0.0131948 0.00319557 0.00914725 -0.00765748 -0.00179148
 0.0131476 0.00284898 0.00730272 -0.00572685 -0.00168756
 0.0127664 0.00255837 0.00548863 -0.00403798 -0.00165624
 0.0124192 0.0023266 0.00515635 -0.00359175 -0.00175798
 0.0120836 0.00217362 0.00362167 -0.00238323 -0.00157279
 0.0117832 0.00193281 0.00318235 -0.00181247 -0.00146961
 0.0114402 0.00187326 0.00176809 -0.00046265 -0.00112262
 0.0112459 0.00174501 0.00114345 0.000119115 -0.00104238
 0.0109045 0.00159061 0.000683058 0.000384327 -0.000994487
 0.0102835 0.00146702 1.12089e-05 0.00098722 -0.00093858
 0.0100477 0.00140528 -0.000690217 0.00180853 -0.00074395
 0.00968937 0.00124617 -0.00106178 0.00193191 -0.000768937
 0.0095492 0.0012631 -0.00123344 0.00212434 -0.000515625
 0.00900517 0.00114138 -0.00160753 0.00247579 -0.000531113
 0.00864605 0.00107332 -0.00181064 0.00256285 -0.000473155
 0.00828542 0.00103141 -0.00192787 0.00273572 -0.000355735
 0.00799903 0.00097098 -0.00218337 0.00275898 -0.000308442
 0.00763517 0.000926048 -0.00231551 0.00296835 -0.000277768
 0.00736895 0.000860998 -0.00239834 0.0029716 -0.000201484
 0.00698045 0.000835077 -0.002387 0.00285958 -0.000165572
 0.00655998 0.000789862 -0.00222621 0.00269395 -0.00014113
 0.0062674 0.000754678 -0.00217852 0.00258755 -8.21857e-05
 0.00588317 0.000712777 -0.00211661 0.002505 -6.12145e-05
 0.00549008 0.00065886 -0.00196206 0.00229791 -5.80165e-05
 0.00524143 0.000649115 -0.0019083 0.00219679 -1.66945e-05
 0.00481678 0.000610198 -0.00172993 0.00198364 7.9154e-06
 0.00455465 0.000585865 -0.00155464 0.00178106 3.0637e-05
 0.00423052 0.000552793 -0.00143894 0.00161933 2.6206e-05
 0.0038753 0.00052485 -0.00124052 0.00141061 5.23397e-05
 0.00362922 0.000500092 -0.00109882 0.00123964 5.9003e-05
 0.00336787 0.000480305 -0.00094577 0.00107044 6.4722e-05
 0.00307118 0.000448505 -0.0007953 0.000897247 6.2743e-05
 0.00283632 0.000425372 -0.000655233 0.000741005 7.05338e-05
 0.00257865 0.000393645 -0.00054273 0.000615047 6.48013e-05
 0.00237573 0.000370385 -0.000450612 0.000511785 7.02013e-05
 0.00213473 0.000334895 -0.000359175 0.000407065 6.59283e-05
 0.00198608 0.000313827 -0.00029533 0.000337407 5.7761e-05
 0.00179902 0.0002869 -0.000241895 0.000273073 5.82105e-05
 0.00162611 0.000260828 -0.000191495 0.000213811 5.45222e-05
 0.0014814 0.000238785 -0.000158568 0.000175869 5.2432e-05
 0.00131647 0.000212578 -0.000121369 0.000132611 4.52235e-05
 0.00119652 0.00019416 -9.4985e-05 0.000102627 4.38283e-05
 0.00105954 0.000171806 -7.2556e-05 7.6609e-05 3.82923e-05
 0.000960027 0.000156137 -5.42598e-05 5.58947e-05 3.65145e-05
 0.0008684 0.000140789 -4.2615e-05 4.17713e-05 3.14712e-05
 0.000757848 0.000123023 -2.9325e-05 2.68298e-05 2.83725e-05
 0.000681015 0.000110325 -1.92683e-05 1.55044e-05 2.47182e-05
 0.000601588 9.7164e-05 -1.07997e-05 6.18345e-06 2.1809e-05
 0.000538263 8.68488e-05 -6.10773e-06 7.95152e-07 1.99981e-05
 0.000466915 7.51445e-05 -9.15085e-07 -4.59555e-06 1.72066e-05
 0.000418995 6.71137e-05 2.96058e-06 -8.77718e-06 1.50527e-05
 0.000363285 5.80865e-05 4.878e-06 -1.05094e-05 1.28733e-05
 0.000310185 4.94507e-05 6.2372e-06 -1.15376e-05 1.11186e-05
 0.000271307 4.30965e-05 7.55137e-06 -1.26522e-05 9.37142e-06
 0.000241265 3.81913e-05 8.1259e-06 -1.29479e-05 8.23807e-06
 0 0 0 0 0
 0 0 0 0 0
 0 0 0 0 0
 0 0 0 0 0
 0 0 0 0 0
 0 0 0 0 0
 0 0 0 0 0
 0 0 0 0 0
 0 0 0 0 0
 0 0 0 0 0
 0 0 0 0 0
 0 0 0 0 0
 0 0 0 0 0
 0 0 0 0 0
 0 0 0 0 0
 0 0 0 0 0
 0 0 0 0 0
 0 0 0 0 0
 0 0 0 0 0
 0 0 0 0 0
 0 0 0 0 0
 0 0 0 0 0
 0 0 0 0 0
 0 0 0 0 0
 0.657988 0.466628 0.0469035 -0.022159 0.3244
 0.443203 0.30745 0.0442675 -0.0211518 0.206717
 0.32489 0.220969 0.0439963 -0.0205255 0.142969
 0.249568 0.166807 0.0418093 -0.0197987 0.104034
 0.198056 0.130308 0.041 -0.0194612 0.0772635
 0.159049 0.103337 0.0383253 -0.0182554 0.0585425
 0.133232 0.0856593 0.035766 -0.0179145 0.0462755
 0.111174 0.0710027 0.0354793 -0.017108 0.0363233
 0.095031 0.0603355 0.0335325 -0.0167959 0.0284565
 0.0833835 0.0526508 0.032585 -0.016182 0.023578
 0.0732633 0.046157 0.0303078 -0.0152578 0.0193142
 0.064056 0.0405688 0.029885 -0.0145481 0.0161889
 0.0576348 0.0364817 0.0289845 -0.0146852 0.0131094
 0.0515768 0.0325508 0.027914 -0.0144347 0.0101363
 0.0470292 0.0297913 0.0272857 -0.0142752 0.00859957
 0.0425535 0.0271872 0.025741 -0.0139829 0.00676195
 0.038682 0.025345 0.0253017 -0.0137507 0.00657598
 0.0360102 0.0237758 0.0257342 -0.0141274 0.00561492
 0.0334202 0.0222397 0.025925 -0.0149199 0.00456485
 0.0305612 0.021008 0.0254045 -0.0149405 0.0043426
 0.0284705 0.0199188 0.025915 -0.015629 0.00359877
 0.0262172 0.0188615 0.0265405 -0.0167811 0.00328012
 0.0247688 0.0183771 0.0277533 -0.0181988 0.00326455
 0.0234712 0.0175518 0.0280343 -0.0189104 0.00326627
 0.0220728 0.0163356 0.0283237 -0.0197383 0.00174778
 0.021481 0.0159766 0.02868 -0.0208904 0.00218974
 0.0201672 0.014996 0.0286965 -0.0211543 0.00209591
 0.019909 0.0138583 0.0273393 -0.0208372 0.000816665
 0.0187912 0.0128815 0.025723 -0.0201826 0.00120514
 0.0185565 0.0118301 0.0263453 -0.0213082 0.000108905
 0.0179895 0.0110704 0.0253652 -0.0202663 2.61462e-05
 0.0176891 0.0105648 0.0242008 -0.0197367 6.72452e-06
 0.0171083 0.00947208 0.02363 -0.019292 -0.000494155
 0.0166696 0.0084629 0.0221779 -0.0186686 -0.000872845
 0.0161228 0.00803257 0.0216432 -0.0182011 -0.00106167
 0.0158761 0.00716463 0.0182305 -0.0156803 -0.0011788
 0.015302 0.00626845 0.018135 -0.015822 -0.0017432
 0.0149674 0.00568927 0.0173705 -0.014398 -0.00176169
 0.0148785 0.00527405 0.0149644 -0.0132956 -0.0019752
 0.014379 0.00465883 0.0144923 -0.0119703 -0.00192131
 0.0141833 0.00437052 0.0130026 -0.0110784 -0.00184617
 0.013808 0.00425985 0.01125 -0.00945635 -0.00147742
 0.0135275 0.0038165 0.0101009 -0.00852275 -0.00137466
 0.01333 0.00329907 0.008999 -0.00757815 -0.00168172
 0.0129621 0.00306285 0.00743648 -0.00581153 -0.00152648
 0.0128048 0.00273733 0.0065371 -0.00478505 -0.00155525
 0.0121846 0.00249483 0.0057112 -0.00444515 -0.00143566
 0.0120859 0.00240611 0.004258 -0.0030119 -0.00124386
 0.0118073 0.00223941 0.00355085 -0.00219473 -0.00117056
 0.0114369 0.00202913 0.0026419 -0.00133956 -0.000958445
 0.0109955 0.00190341 0.00196934 -0.000816305 -0.000913928
 0.0107892 0.00170433 0.00038472 0.000549417 -0.000902808
 0.010456 0.00160363 0.000333895 0.000627717 -0.000869975
 0.0102577 0.00155009 3.7195e-05 0.00107136 -0.000733597
 0.00984807 0.0014577 -0.000410683 0.00142897 -0.000576355
 0.00947397 0.00133142 -0.000880887 0.00182943 -0.00055763
 0.00902635 0.00124403 -0.00113559 0.00198371 -0.000515585
 0.0086767 0.00117831 -0.00155306 0.00229026 -0.000389558
 0.0084305 0.00114862 -0.0016461 0.00244243 -0.000295895
 0.00808063 0.00108068 -0.00208153 0.00273122 -0.000249474
 0.0076971 0.00101828 -0.00216185 0.00279815 -0.000194828
 0.00730925 0.00096124 -0.00206595 0.00261482 -0.000215714
 0.00707165 0.00093175 -0.00223091 0.0027616 -0.000130609
 0.00661165 0.000863553 -0.00216615 0.00261158 -9.20325e-05
 0.0062429 0.000813188 -0.0020751 0.0024775 -6.95953e-05
 0.00595967 0.000782408 -0.00207564 0.00245444 -5.325e-05
 0.00557762 0.000736392 -0.00185727 0.00221565 -1.97575e-05
 0.00529975 0.00070774 -0.00176995 0.00206135 -6.43303e-06
 0.00495837 0.000664568 -0.00175146 0.0019792 1.70625e-07
 0.00465207 0.000642363 -0.00156358 0.00180206 4.10657e-05
 0.0043065 0.00060183 -0.00142734 0.00161947 3.75027e-05
 0.0039653 0.000561217 -0.00127466 0.00143773 4.18628e-05
 0.00377432 0.000552555 -0.00112787 0.00126614 7.24157e-05
 0.0034703 0.000523142 -0.00096435 0.00107629 7.1113e-05
 0.00321432 0.000491793 -0.000811685 0.000915163 6.72163e-05
 0.0029661 0.000465925 -0.000692905 0.000782167 7.5777e-05
 0.00270535 0.000431115 -0.000576415 0.00064509 7.17343e-05
 0.00246452 0.000400452 -0.000453082 0.00051183 7.2244e-05
 0.00224869 0.000369007 -0.000372365 0.000420202 6.93833e-05
 0.00204342 0.000339843 -0.0003084 0.000346557 6.8027e-05
 0.00188814 0.000315765 -0.000255165 0.00028346 6.21755e-05
 0.00172721 0.000290562 -0.000204535 0.000227171 6.01702e-05
 0.00156729 0.000264092 -0.00016019 0.000176618 5.49042e-05
 0.00139019 0.000235195 -0.000132769 0.000142642 4.845e-05
 0.00127378 0.000215854 -0.00010382 0.000110095 4.5724e-05
 0.00113195 0.000192163 -7.52845e-05 7.82355e-05 4.18825e-05
 0.00103374 0.000175257 -5.4905e-05 5.48408e-05 3.8292e-05
 0.0009166 0.000155487 -4.10693e-05 3.87018e-05 3.43513e-05
 0.000824407 0.000139976 -2.9338e-05 2.59317e-05 3.23302e-05
 0.000723757 0.000122397 -1.78349e-05 1.31937e-05 2.69907e-05
 0.000649133 0.000109721 -1.16655e-05 6.0848e-06 2.47016e-05
 0.000570725 9.61165e-05 -4.61305e-06 -1.41991e-06 2.14516e-05
 0.00049804 8.36713e-05 -2.68893e-07 -6.01318e-06 1.85858e-05
 0.000451535 7.55537e-05 3.31195e-06 -9.96982e-06 1.65796e-05
 0.000394212 6.60095e-05 6.20727e-06 -1.25593e-05 1.52137e-05
 0.00034189 5.68702e-05 7.60432e-06 -1.3723e-05 1.24324e-05
 0.00030401 5.05495e-05 9.22967e-06 -1.5119e-05 1.15413e-05
 0 0 0 0 0
 0 0 0 0 0
 0 0 0 0 0
 0 0 0 0 0
 0 0 0 0 0
 0 0 0 0 0
 0 0 0 0 0
 0 0 0 0 0
 0 0 0 0 0
 0 0 0 0 0
 0 0 0 0 0
 0 0 0 0 0
 0 0 0 0 0
 0 0 0 0 0
 0 0 0 0 0
 0 0 0 0 0
 0 0 0 0 0
 0 0 0 0 0
 0 0 0 0 0
 0 0 0 0 0
 0 0 0 0 0
 0 0 0 0 0
 0 0 0 0 0
 0 0 0 0 0
 0 0 0 0 0
 0.772438 0.560412 0.0546495 -0.026537 0.400967
 0.516257 0.365775 0.0511955 -0.0255698 0.25285
 0.372377 0.25824 0.0492065 -0.0248423 0.171863
 0.283077 0.192712 0.0480762 -0.0241091 0.124012
 0.219024 0.146835 0.0454872 -0.0223733 0.0913377
 0.175599 0.115935 0.044607 -0.0219069 0.0685755
 0.143548 0.0938658 0.0408235 -0.0203653 0.0531158
 0.121263 0.0784275 0.039316 -0.0197835 0.0424452
 0.101588 0.0654653 0.0358642 -0.0183651 0.033918
 0.0896285 0.0571765 0.0362905 -0.0182837 0.0273225
 0.07623 0.0486108 0.0329065 -0.0168019 0.0219683
 0.0673497 0.0428375 0.0326757 -0.0163304 0.018103
 0.0605718 0.0386473 0.0302897 -0.0159479 0.0154646
 0.0542518 0.0345158 0.0304035 -0.0158105 0.012817
 0.0491365 0.0314533 0.0285905 -0.0148042 0.0109211
 0.043807 0.0281288 0.027361 -0.0143913 0.00864928
 0.040219 0.0256628 0.026524 -0.0146158 0.00615082
 0.0369987 0.0242716 0.0257152 -0.0139907 0.00655978
 0.0339442 0.0224347 0.0259733 -0.0145549 0.00521912
 0.0314395 0.0209477 0.0247973 -0.014569 0.0043073
 0.0288662 0.019785 0.0249756 -0.015012 0.0041681
 0.0273653 0.0192598 0.0256555 -0.0159454 0.0043763
 0.0254192 0.0183948 0.0255952 -0.0166228 0.0039424
 0.0239629 0.0175651 0.0261935 -0.0171003 0.00384908
 0.0226423 0.0168358 0.026379 -0.0181028 0.00346677
 0.0215166 0.0157403 0.0261893 -0.0188903 0.00234151
 0.0209154 0.0150565 0.027095 -0.0197143 0.00221891
 0.0196473 0.0141013 0.025995 -0.0192854 0.00237816
 0.0191743 0.0131551 0.0259855 -0.0194641 0.00115302
 0.0186486 0.0122719 0.0251155 -0.0198426 0.00109278
 0.0178808 0.0111523 0.0246699 -0.0195419 0.00058333
 0.0175396 0.0105246 0.0235748 -0.0188982 0.000366737
 0.0170406 0.00960247 0.0229444 -0.0183791 -0.000127929
 0.0165345 0.00871047 0.0207008 -0.0174112 -0.00062551
 0.0162135 0.00805783 0.0205704 -0.0168829 -0.00088269
 0.0157476 0.00752782 0.0193372 -0.0164767 -0.00088862
 0.0155273 0.0067503 0.0192803 -0.0163696 -0.00114382
 0.0148568 0.00600163 0.0172087 -0.0143193 -0.00122686
 0.014724 0.0056012 0.0146245 -0.0123951 -0.00109769
 0.0141935 0.00505665 0.013449 -0.0114042 -0.00158386
 0.0138542 0.00464388 0.0121862 -0.0103389 -0.00138789
 0.0135641 0.0041509 0.0116195 -0.00976737 -0.00174568
 0.0133864 0.00394087 0.0108228 -0.0089231 -0.0013974
 0.0132554 0.00367325 0.0095638 -0.00769152 -0.00138017
 0.0128919 0.0031659 0.00835333 -0.0065395 -0.00133773
 0.0125616 0.00298298 0.00668707 -0.00522995 -0.00120601
 0.0121854 0.00287225 0.00641633 -0.0048487 -0.000956925
 0.0120657 0.0025915 0.00468265 -0.00338152 -0.00116559
 0.0117247 0.00244047 0.00399205 -0.00274912 -0.000987955
 0.0114369 0.00219894 0.0032906 -0.0021354 -0.000964792
 0.0110269 0.00204449 0.00244488 -0.000992443 -0.000883083
 0.0108699 0.00194671 0.00210374 -0.000962997 -0.000730197
 0.0102958 0.00178624 0.00106699 -2.64445e-05 -0.000727432
 0.0102914 0.00170184 0.000351165 0.000681438 -0.000601633
 0.00975847 0.00158991 5.0159e-05 0.00092609 -0.00062368
 0.0095344 0.0014722 -0.000678108 0.0015326 -0.000527258
 0.00908195 0.00138614 -0.000962542 0.00171541 -0.000451325
 0.00869832 0.00131241 -0.00109186 0.00193597 -0.00034721
 0.00831512 0.00128144 -0.00127549 0.00194135 -0.000292075
 0.00787925 0.00116719 -0.0012174 0.00200789 -0.000200819
 0.00773003 0.00109376 -0.00186016 0.00242335 -0.000232857
 0.00727705 0.00106775 -0.00180167 0.00234791 -0.000135881
 0.00708875 0.00100567 -0.00200069 0.00248462 -0.0001051
 0.00673563 0.00096718 -0.00191922 0.00237231 -6.198e-05
 0.00643328 0.00091772 -0.0020374 0.00239999 -5.25585e-05
 0.00607227 0.000872145 -0.00200652 0.00232081 -2.24628e-05
 0.00559005 0.000801258 -0.00178509 0.0021094 -1.79046e-05
 0.00540068 0.000781815 -0.00171332 0.00201388 2.6326e-05
 0.0050319 0.000729815 -0.00156981 0.00184637 3.01453e-05
 0.00474817 0.000692862 -0.00157798 0.00177023 4.48668e-05
 0.0044643 0.000667702 -0.00140619 0.00158883 5.8785e-05
 0.00410368 0.000625105 -0.00127742 0.00143519 6.44015e-05
 0.00386987 0.00059813 -0.00113872 0.00127805 6.77623e-05
 0.00360233 0.00056692 -0.00099843 0.0011115 7.6157e-05
 0.00325522 0.000523223 -0.000833462 0.000930765 7.98683e-05
 0.00305973 0.000504003 -0.000705763 0.000790902 8.55618e-05
 0.00281867 0.000470555 -0.000586775 0.000656633 8.12445e-05
 0.00254338 0.000430098 -0.0004633 0.000515913 7.64305e-05
 0.00239311 0.000411538 -0.000410505 0.000456375 7.9441e-05
 0.00218148 0.000377895 -0.0003237 0.000362157 7.20175e-05
 0.0019975 0.000349288 -0.000264673 0.000291933 7.195e-05
 0.00177765 0.0003115 -0.00020725 0.000227251 6.1542e-05
 0.0016069 0.00028308 -0.000162846 0.000178737 5.94455e-05
 0.00147848 0.0002617 -0.00013443 0.000143076 5.63212e-05
 0.00133093 0.000235603 -0.000104567 0.000110286 5.05578e-05
 0.00120708 0.000213662 -8.05595e-05 8.2476e-05 4.6118e-05
 0.00107827 0.000191227 -5.79385e-05 5.7404e-05 4.151e-05
 0.00097269 0.000172207 -4.32887e-05 4.0331e-05 3.81628e-05
 0.000877058 0.000155149 -3.02812e-05 2.57308e-05 3.35565e-05
 0.000785995 0.000138698 -1.90181e-05 1.33643e-05 3.09827e-05
 0.000692135 0.00012164 -1.01203e-05 3.3136e-06 2.5966e-05
 0.000612455 0.000107675 -3.4215e-06 -2.9365e-06 2.38715e-05
 0.000557827 9.77587e-05 1.22326e-06 -8.4882e-06 2.2098e-05
 0.000478857 8.36768e-05 5.58813e-06 -1.25079e-05 1.8361e-05
 0.000430325 7.48343e-05 8.2473e-06 -1.54844e-05 1.63605e-05
 0.00037862 6.57577e-05 9.7029e-06 -1.65523e-05 1.46558e-05
 0 0 0 0 0
 0 0 0 0 0
 0 0 0 0 0
 0 0 0 0 0
 0 0 0 0 0
 0 0 0 0 0
 0 0 0 0 0
 0 0 0 0 0
 0 0 0 0 0
 0 0 0 0 0
 0 0 0 0 0
 0 0 0 0 0
 0 0 0 0 0
 0 0 0 0 0
 0 0 0 0 0
 0 0 0 0 0
 0 0 0 0 0
 0 0 0 0 0
 0 0 0 0 0
 0 0 0 0 0
 0 0 0 0 0
 0 0 0 0 0
 0 0 0 0 0
 0 0 0 0 0
 0 0 0 0 0
 0 0 0 0 0
 0.95225 0.70517 0.0633287 -0.0327698 0.51696
 0.61356 0.44329 0.060738 -0.0319263 0.313755
 0.438533 0.309763 0.0580235 -0.0307243 0.213049
 0.319625 0.221281 0.0540025 -0.0290153 0.146664
 0.247382 0.168187 0.0525272 -0.0280145 0.107335
 0.193114 0.129358 0.04899 -0.0262668 0.079311
 0.158764 0.105162 0.0461645 -0.024888 0.0623663
 0.132038 0.0865682 0.0439 -0.0236962 0.0486837
 0.109719 0.0713558 0.041132 -0.0219895 0.0382965
 0.094412 0.0609768 0.0393178 -0.0212308 0.0311045
 0.0813907 0.0525323 0.0364615 -0.0197982 0.0257865
 0.0718842 0.0458908 0.0357735 -0.0193951 0.0207459
 0.0642442 0.0406975 0.03385 -0.018323 0.016575
 0.0554533 0.0352488 0.0311635 -0.0172168 0.0134107
 0.0498898 0.0319862 0.0303588 -0.0160062 0.012103
 0.0452588 0.0292353 0.0288903 -0.0155649 0.0102585
 0.0420618 0.0269672 0.0277667 -0.0151518 0.0086312
 0.0377612 0.024426 0.025826 -0.0146602 0.00685507
 0.0353928 0.0232476 0.0249791 -0.0142555 0.00675997
 0.0319765 0.0210979 0.0250925 -0.0147312 0.0050916
 0.029555 0.0200235 0.0241004 -0.014346 0.0050318
 0.0274498 0.0187702 0.0249532 -0.0152901 0.00445028
 0.0263193 0.0185386 0.0259838 -0.0161115 0.00450383
 0.0247525 0.01763 0.026306 -0.0166778 0.00402467
 0.0230878 0.0165393 0.0259242 -0.0175764 0.00325515
 0.021834 0.0157357 0.026006 -0.0178178 0.00362965
 0.0211433 0.0151675 0.025357 -0.0183162 0.00305775
 0.0202083 0.0143299 0.0255423 -0.0190531 0.00256968
 0.019353 0.0133002 0.0257793 -0.0191377 0.00202327
 0.0185643 0.0122255 0.0249119 -0.0187237 0.00122344
 0.0182269 0.0116668 0.0245887 -0.0190213 0.00121462
 0.0173364 0.010477 0.023764 -0.0187328 0.00049803
 0.0167103 0.0097018 0.0226627 -0.0182841 0.00027945
 0.0165838 0.0093477 0.0220229 -0.0181444 0.0006842
 0.0160266 0.00819522 0.0203141 -0.0173428 -0.000406903
 0.015613 0.00769007 0.0193521 -0.0161605 -0.00031246
 0.015279 0.00703658 0.017198 -0.0143615 -0.00075526
 0.0148593 0.00646775 0.0179728 -0.0151541 -0.00094634
 0.0145534 0.00608653 0.015463 -0.012963 -0.000469732
 0.0142715 0.00520263 0.0145608 -0.0123632 -0.00136144
 0.0138885 0.0049758 0.0132539 -0.0109396 -0.0011196
 0.0136257 0.00437918 0.0120576 -0.0100985 -0.00127854
 0.0133548 0.00424425 0.0108965 -0.00912153 -0.00107948
 0.0131418 0.0037366 0.0100252 -0.00816195 -0.00107766
 0.0127145 0.00333968 0.00856715 -0.00661273 -0.00120638
 0.0124239 0.00307858 0.00697925 -0.0053933 -0.00123104
 0.0121019 0.00295785 0.00631525 -0.00491703 -0.00103353
 0.0118033 0.0026856 0.00601985 -0.00463478 -0.00101524
 0.011519 0.00251127 0.00450172 -0.00312507 -0.000969012
 0.0110733 0.00229317 0.0033066 -0.00215363 -0.000906495
 0.0108901 0.00219733 0.00328117 -0.00206952 -0.000759298
 0.0105158 0.00211881 0.0026684 -0.00145612 -0.000600578
 0.0103439 0.00190428 0.00126909 -0.000229067 -0.00059082
 0.010067 0.00183159 0.00115401 2.25726e-05 -0.000525
 0.00962653 0.00166716 0.000168088 0.000661953 -0.00054488
 0.009363 0.00160903 7.55225e-06 0.000843058 -0.000443498
 0.00907535 0.00148667 -0.000602395 0.00145162 -0.000415
 0.00875262 0.00144576 -0.000662632 0.0014647 -0.000290117
 0.00847745 0.00134694 -0.000796485 0.0015468 -0.000285872
 0.00805237 0.00128427 -0.00139875 0.00195467 -0.000244513
 0.00770053 0.00120052 -0.00146326 0.00210497 -0.000151043
 0.00749245 0.00116723 -0.00161476 0.00216761 -9.20293e-05
 0.00702032 0.00110872 -0.0015262 0.00206372 -7.19203e-05
 0.00677202 0.00105088 -0.00173189 0.00218857 -3.13018e-05
 0.00640507 0.00100312 -0.00172555 0.00215181 2.6342e-06
 0.00613455 0.000947947 -0.0018052 0.0021627 -4.26515e-06
 0.00576443 0.000889273 -0.0017285 0.00205329 1.13991e-05
 0.00536012 0.00083305 -0.00164258 0.00188966 2.81933e-05
 0.00512795 0.000792515 -0.00154757 0.00179063 4.04438e-05
 0.00485015 0.00075805 -0.00148528 0.00170418 4.8187e-05
 0.00451543 0.000708952 -0.00139846 0.0015761 5.76752e-05
 0.00422715 0.000674445 -0.00121922 0.00138111 7.87025e-05
 0.00399138 0.000646607 -0.00116123 0.00129526 8.72757e-05
 0.0036413 0.000596395 -0.000994232 0.0011106 8.36733e-05
 0.00337347 0.000564642 -0.0008458 0.00093071 8.3695e-05
 0.00313177 0.000535655 -0.000707355 0.000793548 9.22995e-05
 0.00287178 0.000498277 -0.0006055 0.0006704 8.53075e-05
 0.00262533 0.00046373 -0.000496835 0.00055145 8.16527e-05
 0.00247621 0.000442365 -0.000403733 0.000449532 8.35203e-05
 0.00227085 0.000410168 -0.000341678 0.000376778 8.18932e-05
 0.00206433 0.000374915 -0.00027285 0.000298648 7.29017e-05
 0.00188713 0.00034543 -0.000216898 0.000238076 7.04165e-05
 0.00172957 0.000317845 -0.000179661 0.000192952 6.69415e-05
 0.00155796 0.000286977 -0.000138377 0.000145951 6.04315e-05
 0.00142462 0.00026216 -0.000103858 0.000108333 5.5885e-05
 0.0012605 0.000232234 -7.92882e-05 8.01622e-05 4.97805e-05
 0.00113341 0.00020842 -5.98718e-05 5.8117e-05 4.37125e-05
 0.00102367 0.000188489 -4.29375e-05 3.95973e-05 4.1265e-05
 0.000930363 0.000170889 -3.05015e-05 2.46885e-05 3.64782e-05
 0.000820913 0.000150571 -1.83198e-05 1.19077e-05 3.23018e-05
 0.000740503 0.000135652 -8.19555e-06 1.09904e-06 3.01608e-05
 0.000647285 0.000118296 -2.85645e-06 -4.68632e-06 2.63515e-05
 0.000583132 0.000106434 1.94798e-06 -1.0189e-05 2.39193e-05
 0.000522077 9.49885e-05 6.39495e-06 -1.43538e-05 2.17056e-05
 0.000451673 8.17943e-05 9.0156e-06 -1.66558e-05 1.80695e-05
 0 0 0 0 0
 0 0 0 0 0
 0 0 0 0 0
 0 0 0 0 0
 0 0 0 0 0
 0 0 0 0 0
 0 0 0 0 0
 0 0 0 0 0
 0 0 0 0 0
 0 0 0 0 0
 0 0 0 0 0
 0 0 0 0 0
 0 0 0 0 0
 0 0 0 0 0
 0 0 0 0 0
 0 0 0 0 0
 0 0 0 0 0
 0 0 0 0 0
 0 0 0 0 0
 0 0 0 0 0
 0 0 0 0 0
 0 0 0 0 0
 0 0 0 0 0
 0 0 0 0 0
 0 0 0 0 0
 0 0 0 0 0
 0 0 0 0 0
 1.15832 0.874505 0.0747907 -0.0413915 0.654895
 0.74811 0.550298 0.0700978 -0.039649 0.399257
 0.505265 0.36309 0.066448 -0.0374275 0.255038
 0.36381 0.255992 0.0634033 -0.0355903 0.174525
 0.28081 0.193835 0.0596843 -0.0343485 0.127439
 0.222253 0.150952 0.0574677 -0.032529 0.09576
 0.174582 0.116887 0.052513 -0.0302245 0.071244
 0.144955 0.096073 0.0498672 -0.028626 0.0563895
 0.121302 0.079542 0.0471365 -0.0271282 0.0444308
 0.102642 0.0666692 0.043984 -0.025381 0.035911
 0.087756 0.0566958 0.0416225 -0.0238365 0.029057
 0.077377 0.0497335 0.0398618 -0.02255 0.0244472
 0.0679653 0.043516 0.0380348 -0.0215955 0.0196705
 0.059212 0.037865 0.0350485 -0.019845 0.0159695
 0.0530037 0.0339473 0.033054 -0.0184942 0.0136205
 0.0480458 0.0305765 0.0315295 -0.0181346 0.0108101
 0.0436533 0.028135 0.029429 -0.0169159 0.0102253
 0.039238 0.025202 0.028295 -0.0164428 0.0079317
 0.0357507 0.0230768 0.0272695 -0.0159369 0.0065613
 0.0330337 0.0214755 0.0269368 -0.0155651 0.00594678
 0.0305075 0.0201627 0.0243089 -0.0148156 0.00574153
 0.028759 0.019314 0.0249391 -0.0153608 0.0052067
 0.0265782 0.0182262 0.0243046 -0.0151304 0.00460695
 0.0248957 0.0171722 0.0248359 -0.0163315 0.00370047
 0.0234117 0.0168097 0.025341 -0.0167686 0.0046498
 0.0221113 0.0156685 0.023962 -0.0170387 0.0032906
 0.0209188 0.0148531 0.0245172 -0.0174889 0.00314155
 0.020016 0.0139794 0.0248097 -0.0179069 0.00286257
 0.0197189 0.0134563 0.0251095 -0.0186774 0.00259915
 0.018566 0.0122458 0.0254363 -0.0189717 0.00180068
 0.0180627 0.0115897 0.0231503 -0.0176155 0.00177033
 0.0175054 0.0108965 0.0235634 -0.018456 0.00156562
 0.0169142 0.0100566 0.0213073 -0.0170143 0.00107762
 0.0166413 0.00920377 0.0208996 -0.0171336 0.000405143
 0.0161148 0.00865127 0.0207958 -0.016795 0.000289177
 0.015684 0.00786315 0.0195507 -0.0160263 -4.23272e-06
 0.0153903 0.0072741 0.0189646 -0.0159597 -0.000208281
 0.0146743 0.00659005 0.0162258 -0.0134318 -0.000377588
 0.0141565 0.00587267 0.0159893 -0.0135345 -0.000859833
 0.0141635 0.00560558 0.0147344 -0.0124414 -0.000865938
 0.0137009 0.00477905 0.0130814 -0.0103199 -0.00127545
 0.013432 0.0046318 0.0121945 -0.00985585 -0.000836553
 0.0130946 0.00426662 0.0112218 -0.00920845 -0.00101663
 0.0128424 0.0037763 0.0100954 -0.0083257 -0.00112858
 0.0124643 0.00354067 0.00968407 -0.00814305 -0.00108225
 0.0124006 0.00341313 0.00796847 -0.00628313 -0.00094338
 0.0119554 0.0030578 0.00688075 -0.00527265 -0.0010208
 0.0117113 0.0028067 0.0058605 -0.00467705 -0.000930448
 0.0113987 0.00270678 0.0050218 -0.0037538 -0.000711675
 0.0109891 0.002446 0.00441742 -0.00287337 -0.000669685
 0.01078 0.00237087 0.0031986 -0.00195661 -0.000582732
 0.0106291 0.00223398 0.00281452 -0.0015636 -0.000552743
 0.0102547 0.00205905 0.00166025 -0.000755685 -0.00045863
 0.00996842 0.00186406 0.00126791 -0.000232044 -0.00058603
 0.00960852 0.00181257 0.000718452 0.000331962 -0.000433013
 0.00932415 0.00174911 0.000624275 0.00033318 -0.000336465
 0.00897122 0.00161466 0.000294562 0.00066402 -0.000387902
 0.00868863 0.00158349 -0.000414075 0.0011716 -0.000158043
 0.00828697 0.00144885 -0.000585948 0.00139803 -0.000168341
 0.00814882 0.00143284 -0.000973105 0.00165801 -0.000144253
 0.00786503 0.00133778 -0.00116523 0.00186762 -9.78737e-05
 0.00753193 0.00129953 -0.00131703 0.00189551 -3.68287e-05
 0.00715205 0.00118962 -0.00135448 0.00193201 -5.51643e-05
 0.00684063 0.00113725 -0.00144403 0.00187651 -3.06228e-05
 0.00647307 0.00107617 -0.00152255 0.00194215 -4.18847e-07
 0.00615363 0.00100629 -0.00158744 0.00197081 4.49707e-06
 0.00585345 0.000982652 -0.00151603 0.00186344 5.79832e-05
 0.0054868 0.000911 -0.00154896 0.00176983 5.43815e-05
 0.00520917 0.00086948 -0.00146033 0.00172272 6.67327e-05
 0.0048607 0.000807725 -0.00145034 0.00163128 7.01605e-05
 0.0046153 0.000776398 -0.00137756 0.00153541 9.7193e-05
 0.00427847 0.000718978 -0.00117549 0.00133895 8.02993e-05
 0.00403892 0.000690012 -0.00109033 0.00123927 9.78873e-05
 0.0037585 0.000647615 -0.000993215 0.00109998 9.70837e-05
 0.0034826 0.000603218 -0.000868847 0.00095489 8.22512e-05
 0.00320912 0.000569283 -0.000742698 0.000817377 9.3083e-05
 0.00302885 0.000549175 -0.000623383 0.000688703 9.89112e-05
 0.00275858 0.000507432 -0.000509193 0.000563338 9.72302e-05
 0.00255057 0.000472922 -0.00042309 0.000469655 8.76165e-05
 0.00231216 0.000433337 -0.000348513 0.000380437 8.36593e-05
 0.00217594 0.000411493 -0.000284183 0.00030966 8.54667e-05
 0.00196606 0.00037553 -0.000225231 0.000244499 8.0257e-05
 0.0018071 0.000345447 -0.000182803 0.000195034 7.33745e-05
 0.00160411 0.000306225 -0.000139359 0.00014551 6.48613e-05
 0.00146794 0.000281575 -0.000107855 0.000111653 6.32208e-05
 0.00133308 0.000255255 -8.17458e-05 8.14288e-05 5.65263e-05
 0.00120479 0.00023046 -6.20397e-05 5.90822e-05 4.91192e-05
 0.00107977 0.000206628 -4.35775e-05 3.8655e-05 4.61945e-05
 0.000963225 0.000183994 -2.79987e-05 2.13276e-05 4.10623e-05
 0.000875723 0.00016678 -1.82189e-05 1.01742e-05 3.71882e-05
 0.000781597 0.000148614 -8.58477e-06 -7.7389e-08 3.33585e-05
 0.00069279 0.000131433 -2.69365e-06 -5.8231e-06 2.88265e-05
 0.000624103 0.000118 4.33607e-06 -1.31305e-05 2.6071e-05
 0.000548588 0.000103322 8.25557e-06 -1.69078e-05 2.27116e-05
 0 0 0 0 0
 0 0 0 0 0
 0 0 0 0 0
 0 0 0 0 0
 0 0 0 0 0
 0 0 0 0 0
 0 0 0 0 0
 0 0 0 0 0
 0 0 0 0 0
 0 0 0 0 0
 0 0 0 0 0
 0 0 0 0 0
 0 0 0 0 0
 0 0 0 0 0
 0 0 0 0 0
 0 0 0 0 0
 0 0 0 0 0
 0 0 0 0 0
 0 0 0 0 0
 0 0 0 0 0
 0 0 0 0 0
 0 0 0 0 0
 0 0 0 0 0
 0 0 0 0 0
 0 0 0 0 0
 0 0 0 0 0
 0 0 0 0 0
 0 0 0 0 0
 1.41555 1.08774 0.0856688 -0.0510363 0.831465
 0.88285 0.660792 0.081648 -0.0489415 0.489948
 0.594412 0.43408 0.0778118 -0.046565 0.312115
 0.421465 0.301118 0.072229 -0.0435795 0.209363
 0.324813 0.227282 0.0704723 -0.0428357 0.153348
 0.244917 0.168666 0.064991 -0.0394065 0.110111
 0.197104 0.133681 0.061566 -0.037178 0.0841692
 0.162432 0.108735 0.0571023 -0.0351955 0.0664733
 0.133079 0.088011 0.0535952 -0.032686 0.0514175
 0.114544 0.0749188 0.0511817 -0.0316058 0.0418507
 0.0948895 0.0616612 0.0467605 -0.0283485 0.0329213
 0.0826275 0.0533762 0.04401 -0.0264003 0.027222
 0.0716975 0.0460972 0.0410722 -0.025193 0.0226053
 0.0640215 0.041063 0.0392625 -0.0238753 0.0188796
 0.0567798 0.0362327 0.0365085 -0.0223251 0.0154321
 0.0504225 0.0322703 0.0339255 -0.0206673 0.0129232
 0.0448815 0.0287433 0.0322352 -0.0193985 0.0109055
 0.0409243 0.0261122 0.0298953 -0.018177 0.00909317
 0.0371397 0.0237998 0.0279585 -0.0169246 0.00758165
 0.0341787 0.0220855 0.0275135 -0.0165974 0.00693655
 0.0317207 0.0206005 0.0264365 -0.0162882 0.0062453
 0.0290905 0.0190501 0.0254302 -0.0157639 0.0050885
 0.0272095 0.0182981 0.0244246 -0.0154065 0.0052648
 0.0250838 0.0169576 0.0245508 -0.0160162 0.0039972
 0.0240825 0.0165907 0.0248668 -0.0161599 0.00429135
 0.0226184 0.0158266 0.0250363 -0.0172998 0.00411402
 0.0213068 0.0148157 0.0244145 -0.0165468 0.00363522
 0.02039 0.0141214 0.0244565 -0.0175435 0.00342985
 0.0196167 0.0134664 0.0245558 -0.0175813 0.00292273
 0.0187563 0.0124932 0.0233233 -0.0171905 0.00236642
 0.0182471 0.0116438 0.0224583 -0.0170547 0.00181085
 0.0173168 0.0105837 0.0226026 -0.0177074 0.00118465
 0.0170673 0.0101231 0.0218441 -0.0171634 0.00120325
 0.0165856 0.00932158 0.0207687 -0.0163573 0.000705815
 0.0160327 0.00873092 0.0199206 -0.0162029 0.00073807
 0.0153801 0.00792708 0.0196083 -0.0158346 5.19902e-05
 0.0149927 0.00729803 0.0184804 -0.0152986 -0.000106241
 0.014486 0.0066291 0.0169402 -0.0141826 -0.000376815
 0.0141959 0.00612995 0.0160366 -0.0140291 -0.00062781
 0.0140124 0.00576995 0.0144786 -0.0119087 -0.00031969
 0.013497 0.0050818 0.0134916 -0.0113371 -0.00059696
 0.0132155 0.0047747 0.0119247 -0.0100686 -0.000769615
 0.0130511 0.00452032 0.012195 -0.0102567 -0.000460227
 0.012818 0.00412113 0.0105642 -0.00866565 -0.00076173
 0.0124799 0.00372147 0.00902168 -0.00740815 -0.000896807
 0.0122025 0.00350538 0.00786097 -0.0063211 -0.000777205
 0.0117373 0.0031621 0.0071331 -0.00553513 -0.000947495
 0.0114194 0.00298837 0.00635585 -0.0050833 -0.000890717
 0.0111399 0.00277912 0.0048187 -0.0033964 -0.000643028
 0.0109633 0.00266577 0.00501378 -0.00366298 -0.000585642
 0.0107343 0.0025065 0.00367665 -0.00242478 -0.000496612
 0.0104741 0.00222167 0.0027496 -0.00161687 -0.000631595
 0.0101004 0.00218587 0.00208235 -0.000963425 -0.000418112
 0.00988817 0.0020899 0.00143995 -0.000433088 -0.000379673
 0.0095177 0.00193531 0.000873728 7.56005e-05 -0.000358753
 0.0093563 0.00186408 0.00051573 0.000281795 -0.000249078
 0.0091481 0.00176955 0.000366403 0.000438195 -0.000314468
 0.00878703 0.00165489 1.45805e-05 0.000837332 -0.00017778
 0.00851082 0.00159719 -0.000597988 0.00132237 -0.000134468
 0.0081115 0.00147748 -0.000695865 0.00133171 -0.000117568
 0.00777778 0.0013886 -0.00094987 0.00156496 -0.000100266
 0.0074334 0.00134256 -0.00099191 0.00157169 -6.57747e-05
 0.0070776 0.00125999 -0.00129936 0.00181497 -1.54911e-05
 0.00679765 0.0012096 -0.0015451 0.00201533 3.2977e-05
 0.00640145 0.00113444 -0.00140985 0.00181264 3.25227e-05
 0.0061634 0.00108441 -0.00153804 0.00188062 5.7342e-05
 0.0058463 0.00102098 -0.00143075 0.00176124 5.58005e-05
 0.00556318 0.00097782 -0.00145225 0.00174619 8.98568e-05
 0.00527413 0.000915822 -0.00143914 0.00171214 7.85445e-05
 0.0049637 0.000868703 -0.00134747 0.00154724 9.92155e-05
 0.00474465 0.000841475 -0.00125798 0.00145199 0.000106085
 0.0044159 0.000782987 -0.00116659 0.0013234 0.000101009
 0.0041445 0.000744165 -0.00108102 0.00121141 0.000113436
 0.0038131 0.000685907 -0.000977123 0.00108019 0.000109662
 0.00363938 0.00066525 -0.000860592 0.00095683 0.000110674
 0.0033517 0.000619848 -0.000754373 0.000826998 0.000107049
 0.00310815 0.00058475 -0.00066499 0.000723158 0.000105907
 0.00284655 0.000540978 -0.000527755 0.000576522 9.97815e-05
 0.0026313 0.00050763 -0.000423148 0.00046379 0.000106361
 0.00238628 0.000465765 -0.000349468 0.00038147 9.75568e-05
 0.00220177 0.000431145 -0.000276723 0.0003012 8.88462e-05
 0.00203443 0.000400795 -0.000225287 0.000242782 8.6613e-05
 0.00184165 0.000363162 -0.000178609 0.000190429 7.39435e-05
 0.0016755 0.000331882 -0.000137545 0.00014494 6.99525e-05
 0.00152636 0.000302842 -0.000113524 0.000114516 6.54662e-05
 0.00139378 0.00027643 -8.50945e-05 8.3095e-05 6.05165e-05
 0.00126935 0.000251745 -6.52965e-05 6.0918e-05 5.5463e-05
 0.0011413 0.000225968 -4.48793e-05 3.87712e-05 4.92167e-05
 0.00104737 0.000207517 -2.79255e-05 2.10016e-05 4.68605e-05
 0.00092598 0.000183001 -1.46245e-05 6.21495e-06 4.10902e-05
 0.00082265 0.000162283 -5.8899e-06 -3.3478e-06 3.6398e-05
 0.000750138 0.000147598 -1.80284e-06 -8.58648e-06 3.39678e-05
 0.000663565 0.00013006 5.70193e-06 -1.52976e-05 2.94985e-05
 0 0 0 0 0
 0 0 0 0 0
 0 0 0 0 0
 0 0 0 0 0
 0 0 0 0 0
 0 0 0 0 0
 0 0 0 0 0
 0 0 0 0 0
 0 0 0 0 0
 0 0 0 0 0
 0 0 0 0 0
 0 0 0 0 0
 0 0 0 0 0
 0 0 0 0 0
 0 0 0 0 0
 0 0 0 0 0
 0 0 0 0 0
 0 0 0 0 0
 0 0 0 0 0
 0 0 0 0 0
 0 0 0 0 0
 0 0 0 0 0
 0 0 0 0 0
 0 0 0 0 0
 0 0 0 0 0
 0 0 0 0 0
 0 0 0 0 0
 0 0 0 0 0
 0 0 0 0 0
 1.73204 1.35269 0.0988938 -0.0616407 1.05263
 1.02438 0.779138 0.0931805 -0.0581185 0.587993
 0.68092 0.504888 0.0868935 -0.0552585 0.369445
 0.47923 0.347482 0.0827313 -0.0520087 0.247035
 0.357323 0.253892 0.0772115 -0.049518 0.174995
 0.280257 0.195175 0.0745627 -0.047696 0.130026
 0.219367 0.150451 0.0690503 -0.0443915 0.09735
 0.176593 0.119588 0.0646428 -0.0418638 0.0751073
 0.147959 0.0988138 0.061101 -0.0394325 0.0597677
 0.12338 0.0814853 0.0578982 -0.0371527 0.0472552
 0.103275 0.0676237 0.0532805 -0.0344307 0.0379727
 0.088746 0.0577733 0.0496458 -0.0319143 0.0314378
 0.0772025 0.0498588 0.0458598 -0.0297345 0.0252503
 0.0664913 0.0427568 0.0428715 -0.0273315 0.0206108
 0.0602505 0.0385575 0.0415183 -0.026326 0.0181279
 0.053157 0.0338418 0.0379863 -0.0242696 0.0145463
 0.048007 0.0305792 0.0358805 -0.0226056 0.0127028
 0.043145 0.0274773 0.0326377 -0.0209078 0.0107863
 0.0388705 0.024741 0.0309345 -0.0197443 0.00899538
 0.0354825 0.0227292 0.0287325 -0.018408 0.0080239
 0.0328805 0.0212266 0.0281548 -0.0179492 0.00720253
 0.0303753 0.0197836 0.0267023 -0.0171561 0.00640185
 0.0277897 0.0181579 0.0255195 -0.016469 0.00521172
 0.0260372 0.0172992 0.0248808 -0.0161585 0.0051507
 0.0239487 0.0161363 0.0246323 -0.0164355 0.00424255
 0.0229107 0.0154326 0.0242752 -0.0170079 0.00380995
 0.0215337 0.0147473 0.0236637 -0.0165269 0.00373037
 0.020399 0.013868 0.0240495 -0.0171479 0.0033298
 0.0198014 0.0132827 0.023624 -0.0172964 0.00318755
 0.0187111 0.0122659 0.0224006 -0.0164809 0.00257692
 0.01814 0.0117332 0.0225817 -0.0172388 0.00241909
 0.0174572 0.0109228 0.0219217 -0.0166469 0.00195569
 0.0170134 0.0102367 0.0220554 -0.0170653 0.00147538
 0.0164965 0.00948402 0.0200723 -0.0157224 0.00124211
 0.0157349 0.00864698 0.018704 -0.0151752 0.000815677
 0.0154632 0.00805163 0.0184646 -0.0148329 0.000604995
 0.014865 0.0073261 0.0179188 -0.0143855 0.000114159
 0.0142236 0.00666375 0.0166263 -0.013612 -0.000128349
 0.0141634 0.00632202 0.0163596 -0.0135588 -0.000242771
 0.0137246 0.00581695 0.0137368 -0.0111783 5.44372e-05
 0.0133291 0.00523535 0.0139923 -0.0115223 -0.00052508
 0.0133472 0.00500607 0.0129055 -0.0109194 -0.000497288
 0.0127652 0.0045107 0.010964 -0.00912167 -0.000516362
 0.0126412 0.00429075 0.0111114 -0.00918352 -0.000495925
 0.0122132 0.00390347 0.00898763 -0.00746428 -0.000547837
 0.0120066 0.00368325 0.00814623 -0.00648345 -0.000349107
 0.0117347 0.00334005 0.00735405 -0.005855 -0.000579185
 0.0113394 0.00301647 0.00683378 -0.00543028 -0.000617075
 0.0111711 0.00293067 0.00597908 -0.00435712 -0.00047569
 0.0108626 0.0028432 0.0046216 -0.00335627 -0.000274342
 0.0105216 0.00264035 0.0035891 -0.00261392 -0.000381117
 0.0102872 0.00239761 0.0027858 -0.0017817 -0.000503355
 0.0101277 0.00234863 0.00244445 -0.00129998 -0.000287512
 0.00976737 0.00212829 0.00193343 -0.000895045 -0.000366055
 0.00950435 0.00204531 0.00165288 -0.00084596 -0.00030626
 0.0092358 0.00192724 0.00105132 -9.3966e-05 -0.000253688
 0.00888082 0.00181522 0.000825805 8.31045e-05 -0.000156716
 0.0085782 0.00171519 0.000174738 0.000598485 -0.000140639
 0.00834825 0.00166421 -5.6618e-05 0.00085155 -0.000106667
 0.00812507 0.00161269 -0.00038766 0.00110395 -5.9e-05
 0.00778677 0.00152583 -0.000764547 0.00136706 2.89682e-05
 0.0075069 0.00145469 -0.00112048 0.00163965 2.52447e-05
 0.0071242 0.00137072 -0.000990248 0.00155844 4.6518e-05
 0.00678493 0.00129641 -0.00115021 0.00161385 5.79602e-05
 0.00657402 0.00123363 -0.00128183 0.00166942 5.53935e-05
 0.0061646 0.00115099 -0.00137854 0.00176905 8.79595e-05
 0.00595785 0.00109646 -0.00131055 0.00163628 6.96185e-05
 0.005617 0.00104419 -0.00132441 0.00159869 8.9761e-05
 0.0052761 0.000980375 -0.00123096 0.00148314 0.000104014
 0.00506415 0.000926808 -0.00128365 0.00151158 0.000106511
 0.00469608 0.000873358 -0.00122884 0.0014266 0.000121184
 0.00446425 0.00083155 -0.00112584 0.00127954 0.000123989
 0.0042114 0.000785692 -0.00104565 0.00117422 0.000120467
 0.00397438 0.00074825 -0.00102216 0.00111542 0.000126167
 0.00367082 0.000699032 -0.00087287 0.000957178 0.000120796
 0.0034416 0.000665007 -0.00076518 0.000833972 0.000127437
 0.00322845 0.000629117 -0.000682615 0.000738768 0.000121753
 0.00294982 0.000583955 -0.000532937 0.00058758 0.000122899
 0.0027259 0.000544705 -0.00044208 0.000483337 0.000109813
 0.00248797 0.000501747 -0.000357055 0.000386817 0.000103531
 0.00230229 0.00046675 -0.000293308 0.000314598 9.72642e-05
 0.00206089 0.000419782 -0.000226811 0.000240688 8.81622e-05
 0.00194981 0.000399852 -0.000187836 0.000197746 8.98735e-05
 0.00174382 0.000357842 -0.00014559 0.000150303 7.94967e-05
 0.00159018 0.000326725 -0.000109669 0.000111636 7.1645e-05
 0.00145277 0.00029799 -8.14585e-05 7.7874e-05 6.5964e-05
 0.00131052 0.00026883 -6.17513e-05 5.70405e-05 5.92128e-05
 0.00121586 0.000249391 -4.3616e-05 3.65385e-05 5.60297e-05
 0.00107556 0.000220051 -2.85978e-05 2.03847e-05 4.88492e-05
 0.000982608 0.000200895 -1.68288e-05 6.4233e-06 4.5806e-05
 0.000858283 0.000174483 -4.6423e-06 -5.02965e-06 3.85395e-05
 0.00076699 0.000155773 2.55085e-06 -1.31727e-05 3.5014e-05
 0 0 0 0 0
 0 0 0 0 0
 0 0 0 0 0
 0 0 0 0 0
 0 0 0 0 0
 0 0 0 0 0
 0 0 0 0 0
 0 0 0 0 0
 0 0 0 0 0
 0 0 0 0 0
 0 0 0 0 0
 0 0 0 0 0
 0 0 0 0 0
 0 0 0 0 0
 0 0 0 0 0
 0 0 0 0 0
 0 0 0 0 0
 0 0 0 0 0
 0 0 0 0 0
 0 0 0 0 0
 0 0 0 0 0
 0 0 0 0 0
 0 0 0 0 0
 0 0 0 0 0
 0 0 0 0 0
 0 0 0 0 0
 0 0 0 0 0
 0 0 0 0 0
 0 0 0 0 0
 0 0 0 0 0
 2.03707 1.61601 0.11044 -0.0718343 1.27872
 1.17455 0.90675 0.102855 -0.0673095 0.695953
 0.769663 0.57949 0.0972525 -0.0638328 0.431995
 0.5452 0.401175 0.0938427 -0.0617323 0.290102
 0.395757 0.285125 0.0864402 -0.057354 0.200533
 0.307027 0.21693 0.0817662 -0.054577 0.148028
 0.239266 0.166194 0.0766578 -0.0514353 0.109858
 0.193471 0.132405 0.0722865 -0.04868 0.085072
 0.159493 0.10757 0.067824 -0.0456295 0.066912
 0.133889 0.0891552 0.0644197 -0.0436882 0.05351
 0.111094 0.0734362 0.0593152 -0.0398205 0.0428995
 0.094784 0.0618947 0.055576 -0.0379995 0.0343703
 0.08215 0.0533403 0.052117 -0.0349245 0.0285
 0.0718865 0.0464318 0.0482793 -0.0325792 0.0238828
 0.06295 0.0402842 0.0453983 -0.0299522 0.0191476
 0.0556278 0.0354757 0.0414925 -0.028026 0.0163478
 0.0494892 0.0315055 0.0392365 -0.0264332 0.0137221
 0.0447908 0.0284945 0.0367675 -0.024011 0.0117516
 0.0402385 0.0254822 0.0333913 -0.0222651 0.00985335
 0.0365733 0.0232986 0.031805 -0.0208276 0.0087022
 0.034136 0.0216919 0.0300723 -0.0197204 0.00755392
 0.0309602 0.0197464 0.0281418 -0.0185781 0.0065323
 0.0287788 0.018421 0.026929 -0.0179015 0.00573135
 0.026792 0.0174118 0.0265018 -0.0176862 0.00530008
 0.0248964 0.0164435 0.0257443 -0.0172459 0.00493902
 0.0234471 0.015612 0.0251517 -0.0172837 0.00418945
 0.0220561 0.0149559 0.0242583 -0.0167355 0.00440175
 0.0208998 0.0140545 0.0241016 -0.0171753 0.00389152
 0.01959 0.0131546 0.0226501 -0.0164662 0.00396185
 0.0193548 0.0126279 0.0231031 -0.0170654 0.00302105
 0.0180514 0.0116566 0.0219403 -0.0166761 0.00280062
 0.0174583 0.010896 0.0215011 -0.0164314 0.00215658
 0.0169999 0.0106425 0.0207492 -0.0159697 0.00274483
 0.0161727 0.0097355 0.020943 -0.0161536 0.00195872
 0.0155876 0.0085781 0.0190142 -0.0150149 0.000862882
 0.0153055 0.00829923 0.0184388 -0.0149211 0.00109004
 0.0149834 0.00754205 0.0169261 -0.0138629 0.000589145
 0.0144782 0.00696635 0.0164988 -0.0135529 0.000127613
 0.014041 0.00630247 0.0156982 -0.0129955 -2.11183e-05
 0.0138277 0.00584607 0.0151998 -0.0125321 -0.000119807
 0.0131663 0.00542607 0.0138256 -0.0112553 -0.000205485
 0.0128323 0.00496943 0.0132627 -0.0108274 -0.000464455
 0.012726 0.00481845 0.0113286 -0.00907622 -0.000143988
 0.0124682 0.00426375 0.00989452 -0.0084648 -0.000413212
 0.0121783 0.0039275 0.00985138 -0.00795778 -0.00061019
 0.0116911 0.00371567 0.00804927 -0.00660925 -0.000431667
 0.0115003 0.0035303 0.00790988 -0.00633742 -0.000243095
 0.0113929 0.00330927 0.0071568 -0.00570475 -0.000349755
 0.0110145 0.00306558 0.00621483 -0.0048841 -0.000253108
 0.0107569 0.00288402 0.00485107 -0.003598 -0.000344575
 0.0104011 0.00265668 0.00464175 -0.00330383 -0.000277657
 0.0103161 0.00257023 0.00386407 -0.00256067 -0.000306812
 0.00998385 0.00240694 0.00316898 -0.0020354 -0.00032575
 0.00976825 0.00227787 0.00221515 -0.00111646 -0.000200539
 0.0094006 0.00215237 0.00154002 -0.000647643 -0.000201128
 0.00907 0.00204267 0.0012684 -0.000428635 -8.0582e-05
 0.00891937 0.00191996 0.000747143 0.000102332 -0.000178435
 0.0086241 0.00184084 0.00044646 0.000408443 -3.2886e-05
 0.00843407 0.00173998 0.000173501 0.000539262 -7.60707e-05
 0.0079767 0.00168985 -0.000215906 0.000977752 1.55026e-06
 0.00773498 0.00156433 -0.000519742 0.00110255 -2.49041e-05
 0.00756548 0.00152677 -0.00076129 0.00128773 5.13257e-05
 0.0071921 0.00146224 -0.00088437 0.00136864 8.7992e-05
 0.00684115 0.00135782 -0.00118171 0.00153302 7.98543e-05
 0.00650928 0.0012883 -0.00119695 0.00159092 0.000108612
 0.00620315 0.00122157 -0.00115353 0.0014569 0.000115143
 0.0059361 0.0011638 -0.00115574 0.00147489 0.000101829
 0.00565015 0.00110311 -0.00122163 0.00149585 0.000114131
 0.0053449 0.00104146 -0.00115075 0.00141388 0.000122946
 0.0050802 0.000988975 -0.00114193 0.00135653 0.000134389
 0.0048095 0.000936415 -0.00118392 0.00135923 0.000143937
 0.00453457 0.00088577 -0.00110718 0.00126679 0.000130783
 0.00428737 0.000833687 -0.0010818 0.00121165 0.000145427
 0.00394015 0.000774507 -0.00094209 0.00103716 0.00013443
 0.00375938 0.000740915 -0.000852253 0.000950562 0.00013086
 0.0034753 0.00068935 -0.000754028 0.000831235 0.000129195
 0.00322308 0.000646077 -0.00065245 0.000711065 0.000126406
 0.00299428 0.00060939 -0.000559723 0.000606202 0.000123852
 0.0027592 0.000570225 -0.000451455 0.000487598 0.000120789
 0.00260815 0.000543625 -0.000372318 0.000401267 0.000116132
 0.00232567 0.000487137 -0.000305908 0.00032416 0.000103223
 0.00217505 0.00045765 -0.000236731 0.000250818 9.89377e-05
 0.00199737 0.00042295 -0.000193012 0.000200391 9.44855e-05
 0.00182468 0.000387873 -0.000154802 0.000156871 9.01128e-05
 0.00162682 0.000344802 -0.000109672 0.000109112 7.80915e-05
 0.00150925 0.000320375 -9.00602e-05 8.5354e-05 7.33185e-05
 0.00136783 0.00028965 -6.48737e-05 5.76745e-05 6.53215e-05
 0.00124349 0.000263357 -4.22092e-05 3.41865e-05 6.0244e-05
 0.0011183 0.000236158 -2.81005e-05 1.84054e-05 5.29022e-05
 0.000990297 0.000208903 -1.3584e-05 3.11925e-06 4.72943e-05
 0.000907 0.00019058 -4.21337e-06 -7.4047e-06 4.3297e-05
 0 0 0 0 0
 0 0 0 0 0
 0 0 0 0 0
 0 0 0 0 0
 0 0 0 0 0
 0 0 0 0 0
 0 0 0 0 0
 0 0 0 0 0
 0 0 0 0 0
 0 0 0 0 0
 0 0 0 0 0
 0 0 0 0 0
 0 0 0 0 0
 0 0 0 0 0
 0 0 0 0 0
 0 0 0 0 0
 0 0 0 0 0
 0 0 0 0 0
 0 0 0 0 0
 0 0 0 0 0
 0 0 0 0 0
 0 0 0 0 0
 0 0 0 0 0
 0 0 0 0 0
 0 0 0 0 0
 0 0 0 0 0
 0 0 0 0 0
 0 0 0 0 0
 0 0 0 0 0
 0 0 0 0 0
 0 0 0 0 0
 2.27166 1.82837 0.116542 -0.0780385 1.46817
 1.32963 1.04165 0.11123 -0.074996 0.812707
 0.848415 0.64812 0.104243 -0.0708067 0.491097
 0.595 0.44404 0.100647 -0.068711 0.326923
 0.434695 0.31756 0.0947953 -0.065465 0.227711
 0.337725 0.241756 0.090116 -0.0626152 0.168719
 0.257893 0.181479 0.0838053 -0.0584547 0.122767
 0.211238 0.146382 0.0801405 -0.0561233 0.0963418
 0.169584 0.115613 0.0743245 -0.0522035 0.0735615
 0.140308 0.0945175 0.0702123 -0.0489655 0.0583527
 0.118744 0.0791412 0.0659247 -0.0460458 0.0471018
 0.100854 0.0665372 0.062192 -0.0435775 0.0384387
 0.0867097 0.0566747 0.0569472 -0.0402452 0.0313465
 0.0748927 0.0484482 0.0535747 -0.037775 0.02524
 0.0665268 0.0427488 0.0500185 -0.034735 0.0216727
 0.0589747 0.0376747 0.0470388 -0.0326742 0.017958
 0.0517222 0.032991 0.0430233 -0.02995 0.0154493
 0.0465278 0.0295073 0.0395705 -0.027624 0.0128288
 0.0421588 0.0265445 0.03804 -0.026286 0.0108781
 0.0386462 0.0243855 0.035526 -0.0246086 0.00970247
 0.034525 0.0217397 0.0326032 -0.0225579 0.0078327
 0.032443 0.0204016 0.0315683 -0.0219467 0.00705675
 0.029486 0.0186264 0.028616 -0.0200081 0.00615435
 0.0273193 0.0175352 0.0275138 -0.0188253 0.00591543
 0.0253852 0.0162124 0.0261795 -0.0183544 0.00454115
 0.0238504 0.0156372 0.0255445 -0.0179809 0.00483973
 0.0222307 0.014675 0.0244088 -0.0175293 0.0042688
 0.0210072 0.013936 0.0247739 -0.0174692 0.00409287
 0.0198953 0.0132399 0.0233447 -0.0172278 0.00378417
 0.0189969 0.0126296 0.0225899 -0.0167799 0.00383025
 0.018337 0.0117974 0.0233107 -0.0174255 0.00297203
 0.0173798 0.0109688 0.0207229 -0.0161486 0.00272768
 0.0169172 0.0104689 0.0212107 -0.0163042 0.00255548
 0.0162904 0.00955995 0.0204278 -0.0159499 0.00173577
 0.0154342 0.00862323 0.0181526 -0.0146986 0.000867317
 0.0148749 0.0080806 0.0183235 -0.0147936 0.000913877
 0.0146156 0.0072765 0.0180852 -0.0143708 0.000385455
 0.0142076 0.00689103 0.0171702 -0.0138997 0.00038612
 0.0139151 0.00654893 0.0166233 -0.0137436 0.000395575
 0.0134515 0.00602353 0.014485 -0.012371 0.000360323
 0.0130425 0.00552157 0.0133217 -0.0108057 2.90443e-05
 0.0126635 0.00506032 0.0133935 -0.0111041 -0.00028981
 0.0123613 0.00474345 0.0132018 -0.0108416 -8.75935e-05
 0.0121397 0.00447627 0.0105183 -0.00891838 -0.000137213
 0.0119404 0.00404207 0.0093029 -0.00774105 -0.000417275
 0.0116942 0.00385573 0.0080503 -0.0063971 -0.000279605
 0.0114511 0.0035982 0.00760167 -0.00621315 -0.00033791
 0.0110631 0.00331885 0.0067868 -0.00532452 -0.000351168
 0.0106794 0.00307485 0.00624092 -0.00491475 -0.00031722
 0.0106558 0.00286937 0.00532112 -0.00399673 -0.000392583
 0.0105685 0.00282558 0.00480385 -0.00352035 -0.000192324
 0.0101133 0.00274003 0.00386897 -0.00283365 -1.19255e-05
 0.00994713 0.00246289 0.00312312 -0.00196816 -0.000219769
 0.00962072 0.0023604 0.00265143 -0.00158929 -0.000157344
 0.00932325 0.00226797 0.00177369 -0.000899698 -5.1513e-05
 0.00905685 0.00214701 0.00142968 -0.00043918 -3.23305e-05
 0.00896918 0.0020556 0.00082426 -5.25545e-05 -3.8741e-06
 0.00864325 0.00199667 0.000707155 5.32372e-05 6.00413e-05
 0.00820227 0.00187299 0.000246471 0.000461685 8.69975e-05
 0.0079839 0.00176816 8.0135e-05 0.000590735 5.92813e-05
 0.00761637 0.00166254 -0.000205697 0.000852185 6.36333e-05
 0.00736667 0.00155638 -0.00047093 0.0009969 8.2024e-05
 0.00717265 0.00150614 -0.000826247 0.00133337 0.000112501
 0.00681855 0.00143882 -0.00090548 0.00133043 0.000100725
 0.00662877 0.00136552 -0.00116444 0.00156561 0.000124164
 0.00625892 0.0012881 -0.0011175 0.00144709 0.000145746
 0.0060749 0.00124507 -0.0011954 0.00152797 0.000146996
 0.00560585 0.00114546 -0.00114592 0.00136344 0.000132322
 0.0054145 0.00111411 -0.00116369 0.00139743 0.000171444
 0.00508878 0.00104172 -0.00115265 0.0013731 0.000162425
 0.00477043 0.000971812 -0.00103502 0.00123058 0.000143709
 0.0045272 0.000929145 -0.00105722 0.00119303 0.000162971
 0.0043051 0.000879655 -0.000987935 0.0011207 0.000155464
 0.00404652 0.00082475 -0.000940223 0.00103517 0.000153424
 0.00380595 0.000782893 -0.000841082 0.000918865 0.000147934
 0.00355575 0.000735622 -0.000751118 0.000832875 0.000153173
 0.00330575 0.00068794 -0.000640595 0.00069982 0.000139676
 0.00302725 0.000634865 -0.00055594 0.00060281 0.000132932
 0.0028689 0.00061102 -0.0004645 0.000498403 0.000130366
 0.0026301 0.000565078 -0.000387165 0.000410043 0.000123712
 0.00239334 0.000516988 -0.000294327 0.000311275 0.000112167
 0.0022475 0.000489025 -0.000250555 0.00026019 0.000111461
 0.00201795 0.000439477 -0.000185172 0.00019237 9.896e-05
 0.00189879 0.000414845 -0.000155161 0.00015507 9.5529e-05
 0.00170347 0.000372342 -0.000110834 0.00010958 8.6028e-05
 0.00154368 0.000336902 -8.06245e-05 7.5897e-05 7.49835e-05
 0.00142346 0.00031131 -6.26e-05 5.55325e-05 7.33362e-05
 0.00129736 0.000282653 -4.2134e-05 3.3623e-05 6.2926e-05
 0.00117968 0.00025728 -2.58295e-05 1.41989e-05 6.09013e-05
 0.00103737 0.000225541 -1.40973e-05 2.69757e-06 5.2071e-05
 0 0 0 0 0
 0 0 0 0 0
 0 0 0 0 0
 0 0 0 0 0
 0 0 0 0 0
 0 0 0 0 0
 0 0 0 0 0
 0 0 0 0 0
 0 0 0 0 0
 0 0 0 0 0
 0 0 0 0 0
 0 0 0 0 0
 0 0 0 0 0
 0 0 0 0 0
 0 0 0 0 0
 0 0 0 0 0
 0 0 0 0 0
 0 0 0 0 0
 0 0 0 0 0
 0 0 0 0 0
 0 0 0 0 0
 0 0 0 0 0
 0 0 0 0 0
 0 0 0 0 0
 0 0 0 0 0
 0 0 0 0 0
 0 0 0 0 0
 0 0 0 0 0
 0 0 0 0 0
 0 0 0 0 0
 0 0 0 0 0
 0 0 0 0 0
 2.51157 2.04868 0.123659 -0.0844218 1.66782
 1.4421 1.14523 0.116661 -0.0808627 0.906232
 0.92729 0.718053 0.112461 -0.0786273 0.552233
 0.640632 0.484667 0.105419 -0.0745303 0.362687
 0.476293 0.352563 0.102477 -0.072449 0.256485
 0.354143 0.256953 0.09546 -0.0681987 0.181847
 0.278395 0.198404 0.0906843 -0.0653695 0.1371
 0.22395 0.156837 0.0858577 -0.062165 0.105247
 0.181766 0.12537 0.081134 -0.0591995 0.0817922
 0.149181 0.101603 0.0754585 -0.0543677 0.0643838
 0.124904 0.0839498 0.071078 -0.0520325 0.0513642
 0.107375 0.071495 0.0670105 -0.0484212 0.0428645
 0.0917335 0.0602645 0.0626345 -0.045528 0.034342
 0.0792855 0.0514873 0.058424 -0.0429823 0.0278013
 0.0690307 0.0446305 0.0549082 -0.039697 0.0233226
 0.0614002 0.0394802 0.0518673 -0.0370967 0.0201282
 0.053839 0.0342775 0.0472955 -0.0342225 0.0165314
 0.048668 0.030863 0.043618 -0.031722 0.0141866
 0.0437525 0.027615 0.0406678 -0.0289988 0.0121017
 0.039776 0.02504 0.0381635 -0.027235 0.0105208
 0.035839 0.0225099 0.0359213 -0.0255925 0.00901985
 0.0329525 0.0204918 0.0331815 -0.0238151 0.00736925
 0.0302415 0.0188566 0.030718 -0.0220857 0.00642208
 0.027937 0.0176249 0.0293138 -0.0208835 0.00604013
 0.026003 0.0165037 0.0273817 -0.0198481 0.00543162
 0.0240429 0.0154229 0.0256102 -0.0184105 0.00481638
 0.0225008 0.0145696 0.0252793 -0.0184 0.00453253
 0.0213738 0.0141059 0.0247084 -0.01798 0.00467883
 0.0200194 0.0131415 0.0233648 -0.0170176 0.0039051
 0.0189737 0.012381 0.023172 -0.0172769 0.00366157
 0.0183605 0.0115988 0.0225598 -0.0170866 0.00298852
 0.0176393 0.0112141 0.0221573 -0.0171783 0.00317535
 0.017015 0.0105117 0.0207418 -0.0162028 0.00271055
 0.0161668 0.00962308 0.0201897 -0.0155152 0.00212561
 0.0153667 0.00882948 0.018442 -0.0150365 0.00168818
 0.0151035 0.00835325 0.0186475 -0.0150515 0.00140952
 0.0146623 0.00758982 0.0177511 -0.0142377 0.000946635
 0.0142094 0.00717562 0.0171472 -0.0138392 0.000896088
 0.0137796 0.00657895 0.0163621 -0.0133907 0.000557623
 0.013536 0.00626595 0.0149053 -0.0121514 0.00051893
 0.0129977 0.0056096 0.0141472 -0.0118961 0.000197547
 0.0125545 0.00519818 0.0126461 -0.0104503 0.000207186
 0.0123987 0.00491342 0.0115883 -0.00976123 7.66765e-05
 0.0120196 0.0044781 0.0112981 -0.00928875 8.63375e-06
 0.0119223 0.00414385 0.0096285 -0.00810028 -0.000319795
 0.011594 0.00389297 0.00877417 -0.00727678 -0.00030545
 0.0113058 0.00366755 0.00850033 -0.00663902 -0.000153555
 0.0109996 0.0034643 0.00689048 -0.0052601 -8.08995e-05
 0.0108352 0.00333473 0.00650538 -0.00507145 -0.000132773
 0.0104839 0.00307018 0.00531388 -0.00396375 -0.000144635
 0.0100105 0.00273265 0.00443575 -0.00319725 -0.000377962
 0.0099385 0.00261775 0.00410363 -0.00288592 -0.00023166
 0.00973005 0.00253752 0.00306345 -0.0020097 -9.6533e-05
 0.00959242 0.00249384 0.00245126 -0.00141152 -3.7112e-06
 0.00926033 0.00233318 0.00204794 -0.00118417 -5.8144e-05
 0.00902215 0.00222043 0.00180502 -0.00100309 5.11463e-05
 0.00871942 0.002166 0.00171297 -0.000740035 7.81168e-05
 0.00840575 0.00200119 0.000905825 -0.000123497 6.10905e-05
 0.00811768 0.00188293 0.00061899 0.000152692 5.4786e-05
 0.00786778 0.00178312 0.000201983 0.00049445 6.46165e-05
 0.00765948 0.00175593 -0.000237729 0.000740415 0.000129994
 0.00746615 0.00168768 -0.000421667 0.0010036 0.000142491
 0.00719452 0.0015957 -0.000540597 0.00102511 0.000150238
 0.00683523 0.00151062 -0.00076184 0.0011366 0.000158507
 0.0065297 0.00142127 -0.00082577 0.00121875 0.000148006
 0.00622702 0.00134507 -0.000999563 0.00126645 0.000159048
 0.0059629 0.0012767 -0.00100427 0.00127268 0.000172355
 0.00575175 0.00124772 -0.00108549 0.00137066 0.000208863
 0.00546817 0.00117513 -0.00104308 0.00131668 0.000195436
 0.00513152 0.00108911 -0.00108504 0.00127217 0.000180096
 0.00486508 0.00102723 -0.00102443 0.00121249 0.00015787
 0.00457648 0.00096748 -0.00103713 0.0011892 0.000167419
 0.00439437 0.000932715 -0.000946232 0.00105309 0.000173297
 0.00406103 0.000859075 -0.000922897 0.00103638 0.000164138
 0.00378797 0.000808402 -0.000827835 0.000896163 0.000164893
 0.00360918 0.000773545 -0.000736225 0.000801423 0.000155261
 0.0033535 0.000721313 -0.000636742 0.000691565 0.000145165
 0.0030883 0.000670295 -0.00054023 0.0005815 0.000147136
 0.00287092 0.00062906 -0.00045858 0.00049193 0.000136458
 0.00268795 0.000595175 -0.000380275 0.000401753 0.000134422
 0.00245454 0.000548487 -0.00030453 0.000320875 0.000126842
 0.00228774 0.000512505 -0.000237252 0.000246547 0.000118335
 0.00208614 0.00046836 -0.00019017 0.00019399 0.000108322
 0.00189627 0.000427517 -0.000144177 0.000144443 0.000101278
 0.00175973 0.000398015 -0.00011856 0.000113043 9.64485e-05
 0.0016143 0.000364602 -8.56535e-05 7.97133e-05 8.64295e-05
 0.00144705 0.00032567 -6.05718e-05 5.05e-05 7.78627e-05
 0.00132415 0.000297562 -3.86247e-05 2.77287e-05 6.8769e-05
 0.00120989 0.00027131 -2.56228e-05 1.32269e-05 6.3925e-05
 0 0 0 0 0
 0 0 0 0 0
 0 0 0 0 0
 0 0 0 0 0
 0 0 0 0 0
 0 0 0 0 0
 0 0 0 0 0
 0 0 0 0 0
 0 0 0 0 0
 0 0 0 0 0
 0 0 0 0 0
 0 0 0 0 0
 0 0 0 0 0
 0 0 0 0 0
 0 0 0 0 0
 0 0 0 0 0
 0 0 0 0 0
 0 0 0 0 0
 0 0 0 0 0
 0 0 0 0 0
 0 0 0 0 0
 0 0 0 0 0
 0 0 0 0 0
 0 0 0 0 0
 0 0 0 0 0
 0 0 0 0 0
 0 0 0 0 0
 0 0 0 0 0
 0 0 0 0 0
 0 0 0 0 0
 0 0 0 0 0
 0 0 0 0 0
 0 0 0 0 0
 2.72638 2.25162 0.124469 -0.0871717 1.85684
 1.54922 1.2458 0.120259 -0.0850705 0.998767
 0.98252 0.77063 0.11638 -0.082585 0.600895
 0.683763 0.524005 0.111091 -0.0803255 0.39796
 0.49323 0.36979 0.106548 -0.0773665 0.273215
 0.370807 0.27245 0.0999615 -0.0732405 0.195953
 0.286322 0.206625 0.094631 -0.0693413 0.144716
 0.232488 0.164838 0.0908307 -0.0668118 0.112499
 0.188817 0.131713 0.085627 -0.0634775 0.0872455
 0.155222 0.106764 0.0802697 -0.0593627 0.0689482
 0.132143 0.089773 0.0772445 -0.0572788 0.0566665
 0.110837 0.074304 0.0706485 -0.0533025 0.0449135
 0.0954373 0.063367 0.0663935 -0.0495305 0.0375
 0.08247 0.0540882 0.0623353 -0.0465525 0.0305478
 0.0733752 0.0477747 0.0590695 -0.0442205 0.0264415
 0.0631675 0.04065 0.0545293 -0.04058 0.0211023
 0.056497 0.0361743 0.0510238 -0.037989 0.0182427
 0.050088 0.031766 0.0468635 -0.0351465 0.0147673
 0.0455845 0.0287437 0.0442418 -0.0331498 0.0132531
 0.040637 0.025626 0.0409795 -0.0305182 0.0115269
 0.0374102 0.0234223 0.0385062 -0.0282433 0.00988338
 0.0335432 0.0208446 0.0352095 -0.0261815 0.00823053
 0.0312355 0.0195136 0.033143 -0.0245961 0.00762548
 0.0289513 0.0180672 0.0312673 -0.0231744 0.00655965
 0.0263137 0.0164711 0.0290922 -0.0213676 0.0056991
 0.024905 0.0158661 0.0282375 -0.0205056 0.00572818
 0.0231934 0.0150766 0.0263355 -0.0191885 0.00556933
 0.0212727 0.013859 0.025416 -0.0186413 0.00482908
 0.0201639 0.0131327 0.0233704 -0.0180394 0.0041328
 0.0193734 0.0126313 0.0237603 -0.0178706 0.00439653
 0.018171 0.0116198 0.0222466 -0.0171936 0.00340377
 0.0175242 0.0110904 0.022297 -0.0168901 0.00347758
 0.0169196 0.0103675 0.0208589 -0.0162923 0.00265052
 0.01624 0.00965605 0.0193183 -0.0150283 0.00245401
 0.0155961 0.00897235 0.0190042 -0.01512 0.0021183
 0.0150543 0.0084293 0.0185695 -0.0148664 0.00164174
 0.0143975 0.00770012 0.0172979 -0.0138559 0.00146676
 0.0139176 0.00722742 0.0161869 -0.0134653 0.00121275
 0.0136367 0.0066064 0.0154266 -0.0126685 0.00068779
 0.0131013 0.0060306 0.0140799 -0.0117978 0.00052994
 0.0129927 0.00576657 0.0133742 -0.0113583 0.00034206
 0.0124441 0.00538513 0.0122095 -0.0102667 0.000493702
 0.0121865 0.00487285 0.0127233 -0.0104809 6.10735e-05
 0.0118715 0.00453625 0.0102269 -0.0084177 -1.81174e-05
 0.0116258 0.00436883 0.00977883 -0.00827745 0.000187743
 0.0112393 0.00406128 0.0092352 -0.0076033 -2.58858e-05
 0.0111299 0.00377788 0.0079418 -0.00641702 -5.90487e-05
 0.0108593 0.00357062 0.00706773 -0.00593792 -1.54032e-05
 0.0105882 0.00322032 0.0066513 -0.00522845 -0.000294235
 0.0103236 0.0031239 0.00555963 -0.00464902 -6.2372e-05
 0.0101139 0.0030116 0.00523555 -0.00403865 1.46437e-05
 0.00997387 0.00290137 0.0037939 -0.00276185 0.000122758
 0.0095669 0.00266947 0.0034621 -0.00241243 7.51413e-05
 0.0094367 0.00251093 0.0028209 -0.00180833 1.74797e-05
 0.00914427 0.00239306 0.00254817 -0.00177553 2.44936e-05
 0.0089171 0.00234385 0.00204172 -0.00115823 9.17165e-05
 0.00858032 0.00217374 0.00141177 -0.00060114 9.1043e-05
 0.008271 0.00208143 0.000997632 -0.00033713 0.000139796
 0.0082515 0.00205871 0.000623105 2.66515e-05 0.000185167
 0.00791253 0.00189698 0.000367515 0.000279298 0.000115307
 0.00754553 0.00178364 9.05103e-05 0.000457415 0.000158935
 0.00735877 0.00172231 -0.00013994 0.000716722 0.000188141
 0.00706883 0.00161057 -0.000430935 0.00091024 0.000151054
 0.00677155 0.00155369 -0.000711812 0.00112529 0.000168204
 0.00659115 0.00148722 -0.00065357 0.00103584 0.000193222
 0.00619528 0.0013981 -0.000753983 0.00109245 0.000191674
 0.0058933 0.00131026 -0.000808175 0.00108401 0.00016748
 0.00571803 0.00129326 -0.000919512 0.00118155 0.000214585
 0.005415 0.00120017 -0.00092152 0.00116237 0.000193847
 0.0051633 0.00114799 -0.000932468 0.00114425 0.000193989
 0.00489917 0.00107893 -0.000952615 0.00113634 0.000191547
 0.00462063 0.00101886 -0.000911245 0.00104196 0.000190337
 0.00441043 0.00097822 -0.00085955 0.000990305 0.000193582
 0.00413875 0.000908275 -0.000847783 0.000962148 0.000182361
 0.00389905 0.000864178 -0.00076813 0.000855087 0.00017489
 0.00361432 0.00080012 -0.000689445 0.000765752 0.000175149
 0.00341592 0.000761028 -0.00063942 0.000688807 0.000171196
 0.00315333 0.000705377 -0.000559345 0.000588345 0.00015788
 0.0029337 0.000658167 -0.00046515 0.000491262 0.000146821
 0.00276567 0.00062892 -0.00038599 0.00040724 0.000143085
 0.00253795 0.000582865 -0.000312922 0.000329298 0.000141404
 0.00230378 0.000531458 -0.000233593 0.000243749 0.000127705
 0.00213159 0.000493167 -0.000192345 0.000193133 0.000117598
 0.00198871 0.000459848 -0.00014812 0.000147097 0.000108415
 0.00180587 0.000418543 -0.000112792 0.000106962 0.000100872
 0.00163112 0.00037793 -8.24715e-05 7.45392e-05 9.21728e-05
 0.00153087 0.000354493 -6.00778e-05 4.99403e-05 8.3884e-05
 0.00138519 0.00032068 -3.85315e-05 2.67112e-05 7.81403e-05
 0 0 0 0 0
 0 0 0 0 0
 0 0 0 0 0
 0 0 0 0 0
 0 0 0 0 0
 0 0 0 0 0
 0 0 0 0 0
 0 0 0 0 0
 0 0 0 0 0
 0 0 0 0 0
 0 0 0 0 0
 0 0 0 0 0
 0 0 0 0 0
 0 0 0 0 0
 0 0 0 0 0
 0 0 0 0 0
 0 0 0 0 0
 0 0 0 0 0
 0 0 0 0 0
 0 0 0 0 0
 0 0 0 0 0
 0 0 0 0 0
 0 0 0 0 0
 0 0 0 0 0
 0 0 0 0 0
 0 0 0 0 0
 0 0 0 0 0
 0 0 0 0 0
 0 0 0 0 0
 0 0 0 0 0
 0 0 0 0 0
 0 0 0 0 0
 0 0 0 0 0
 0 0 0 0 0
 2.91692 2.43642 0.126999 -0.0902707 2.03243
 1.62007 1.31825 0.122815 -0.0882342 1.06972
 1.03677 0.823105 0.117818 -0.0861305 0.650388
 0.709463 0.55043 0.113496 -0.0834275 0.423475
 0.514 0.390195 0.109764 -0.0807815 0.292612
 0.397268 0.295555 0.105565 -0.0782922 0.216121
 0.302223 0.220648 0.098307 -0.0737337 0.156996
 0.236421 0.169618 0.0926382 -0.0697563 0.117673
 0.19723 0.139142 0.0902292 -0.0684827 0.0938068
 0.163605 0.113812 0.0864305 -0.0650562 0.0753187
 0.136052 0.0932057 0.0806793 -0.0611403 0.059411
 0.116421 0.0788455 0.075904 -0.0582223 0.049074
 0.0988705 0.0660545 0.071371 -0.0546918 0.039529
 0.0859425 0.056867 0.066444 -0.05131 0.0332685
 0.0741137 0.0485245 0.0620843 -0.0476678 0.0273375
 0.0654765 0.0424958 0.0587263 -0.0448787 0.0230346
 0.057714 0.0370235 0.0543615 -0.0421223 0.0191626
 0.051177 0.0326352 0.0513367 -0.0391293 0.0161669
 0.0464862 0.0294202 0.047123 -0.036279 0.0142349
 0.041917 0.0262345 0.044303 -0.0335548 0.0117646
 0.0381117 0.0238224 0.0411565 -0.0313668 0.0103394
 0.0345445 0.0214411 0.0381297 -0.0288738 0.00893985
 0.0315083 0.0194494 0.03609 -0.0271637 0.0074231
 0.029234 0.0181351 0.033321 -0.0250192 0.00666625
 0.027386 0.0169504 0.0316792 -0.023922 0.0062451
 0.0249793 0.0156901 0.0291615 -0.0218118 0.00574185
 0.0237218 0.015006 0.0281373 -0.02104 0.0054894
 0.022064 0.0140835 0.0260812 -0.019722 0.00498195
 0.020465 0.0129694 0.0257215 -0.0194249 0.0039565
 0.0196461 0.0125991 0.0245147 -0.018622 0.00409825
 0.0181985 0.0116005 0.023378 -0.0180231 0.00358117
 0.017816 0.0112492 0.0224037 -0.0174519 0.00376195
 0.0170541 0.010499 0.0213925 -0.0169088 0.00316758
 0.0160176 0.00952315 0.0195995 -0.0158526 0.00226702
 0.0155531 0.00903075 0.0193469 -0.015227 0.00212575
 0.0149033 0.0084236 0.0182351 -0.0146503 0.00190226
 0.0143824 0.00769717 0.0171729 -0.014235 0.00133479
 0.0139528 0.0071654 0.0171652 -0.0137252 0.00114383
 0.0134964 0.00677547 0.0153223 -0.0125215 0.00105729
 0.01301 0.0063194 0.0145318 -0.0118929 0.00116654
 0.0127184 0.00583735 0.013133 -0.0110195 0.000688653
 0.0123801 0.00546653 0.0123455 -0.00996928 0.000584558
 0.012066 0.00495355 0.0116462 -0.0098095 0.000186994
 0.0119787 0.00477107 0.0110837 -0.00932785 0.00026459
 0.0114002 0.00432647 0.00952378 -0.00780495 0.000128352
 0.0110882 0.00418093 0.00908782 -0.00757232 0.000312113
 0.0109428 0.00386568 0.0087502 -0.00693337 9.57082e-05
 0.0107594 0.003632 0.0075063 -0.00597182 0.000118934
 0.0103464 0.00326895 0.0062214 -0.0047515 -0.000125404
 0.0101963 0.00312948 0.00599567 -0.00477235 -7.58968e-05
 0.00981627 0.00302973 0.00531725 -0.0040481 3.47405e-05
 0.00958675 0.0028665 0.00468888 -0.00352905 8.84433e-05
 0.00948347 0.0027334 0.0041035 -0.00306588 2.25385e-05
 0.00908858 0.00252163 0.00331392 -0.002282 -1.07958e-05
 0.00903762 0.00247944 0.00236939 -0.0016084 0.000124761
 0.00884687 0.00233 0.00211791 -0.00130501 7.11573e-05
 0.00849938 0.00224147 0.00149581 -0.000826855 0.000154619
 0.0082473 0.0021248 0.00116023 -0.000387298 0.000149373
 0.00803655 0.00201461 0.00087903 -0.000211126 0.00010336
 0.0076388 0.00193598 0.000354242 0.000130398 0.00020282
 0.00751937 0.00185638 0.000101021 0.000451785 0.000196881
 0.0073296 0.00177763 3.84103e-05 0.00041499 0.000163505
 0.0069411 0.00167986 -0.000275473 0.000639225 0.000229279
 0.00679375 0.00162437 -0.000283055 0.000689408 0.000205309
 0.00644632 0.0015156 -0.00049846 0.000932965 0.000209028
 0.00624978 0.00147072 -0.00066665 0.0010263 0.000227219
 0.00600677 0.00140826 -0.000740762 0.00105036 0.000232984
 0.00571242 0.00131798 -0.000773967 0.00106083 0.000212657
 0.00536622 0.00124586 -0.00076167 0.000994075 0.000224857
 0.00518692 0.00118621 -0.000957832 0.00115785 0.000213865
 0.00491465 0.00111197 -0.000899545 0.0010601 0.000203417
 0.0046513 0.00106923 -0.000841525 0.00099043 0.000217645
 0.00438667 0.00100061 -0.000789158 0.000910988 0.000207566
 0.00410622 0.000932518 -0.000787668 0.000887115 0.000187423
 0.00401275 0.000917572 -0.000723327 0.000812105 0.000197497
 0.00366413 0.000837222 -0.000677692 0.000746732 0.000186543
 0.0034357 0.00079027 -0.000614465 0.000678335 0.000179923
 0.00324525 0.000749308 -0.000544745 0.000579137 0.000173992
 0.00300328 0.000694205 -0.000452198 0.000481577 0.000156527
 0.00278753 0.000651643 -0.000378267 0.00039771 0.000153461
 0.00256972 0.000604212 -0.000299827 0.000315712 0.000144988
 0.00240174 0.000568908 -0.000241421 0.000249905 0.000139921
 0.00220112 0.00052317 -0.000192387 0.000194255 0.000129311
 0.00201611 0.000479028 -0.00014214 0.000139068 0.000116905
 0.00185623 0.000441762 -0.000112802 0.000105639 0.000107324
 0.00169677 0.000403925 -8.0087e-05 7.17613e-05 9.89955e-05
 0.00155404 0.000369527 -5.56192e-05 4.45178e-05 9.01087e-05
 0 0 0 0 0
 0 0 0 0 0
 0 0 0 0 0
 0 0 0 0 0
 0 0 0 0 0
 0 0 0 0 0
 0 0 0 0 0
 0 0 0 0 0
 0 0 0 0 0
 0 0 0 0 0
 0 0 0 0 0
 0 0 0 0 0
 0 0 0 0 0
 0 0 0 0 0
 0 0 0 0 0
 0 0 0 0 0
 0 0 0 0 0
 0 0 0 0 0
 0 0 0 0 0
 0 0 0 0 0
 0 0 0 0 0
 0 0 0 0 0
 0 0 0 0 0
 0 0 0 0 0
 0 0 0 0 0
 0 0 0 0 0
 0 0 0 0 0
 0 0 0 0 0
 0 0 0 0 0
 0 0 0 0 0
 0 0 0 0 0
 0 0 0 0 0
 0 0 0 0 0
 0 0 0 0 0
 0 0 0 0 0
 3.05565 2.57917 0.126067 -0.0914455 2.17427
 1.69516 1.39457 0.123453 -0.0904342 1.14475
 1.06304 0.853618 0.117683 -0.086877 0.682575
 0.7191 0.56445 0.112493 -0.0839238 0.440193
 0.531945 0.40865 0.109934 -0.0828573 0.310935
 0.396235 0.298345 0.105071 -0.0793318 0.221358
 0.312 0.230564 0.101729 -0.077943 0.166966
 0.246476 0.178819 0.0970368 -0.074099 0.125772
 0.201742 0.143923 0.0922063 -0.071153 0.098955
 0.165958 0.116592 0.0871405 -0.0672765 0.0778833
 0.141343 0.0979707 0.0852455 -0.0655895 0.0641083
 0.118339 0.0809348 0.0793298 -0.0618865 0.0512618
 0.100821 0.0680088 0.0755265 -0.0589792 0.041548
 0.087251 0.058226 0.0696615 -0.0542113 0.034773
 0.076119 0.0502177 0.0658025 -0.0513807 0.0288087
 0.0674505 0.0440458 0.0625047 -0.0487285 0.024675
 0.0591135 0.0382495 0.0574965 -0.0447925 0.0208258
 0.05356 0.034226 0.053746 -0.042164 0.0175712
 0.0470702 0.0299105 0.0507903 -0.0395412 0.0148756
 0.0423542 0.0266607 0.0470743 -0.03657 0.0124234
 0.0386765 0.0242334 0.043679 -0.0341212 0.0111708
 0.0352945 0.0218844 0.0408223 -0.0318802 0.00933312
 0.032388 0.020117 0.0382435 -0.0292987 0.00861925
 0.0299848 0.018441 0.035823 -0.027658 0.00730345
 0.0273668 0.0168556 0.032798 -0.0252485 0.00639943
 0.0256343 0.015867 0.0310365 -0.0237669 0.0057826
 0.0232086 0.0145317 0.0284045 -0.0218891 0.00549083
 0.0218026 0.0137923 0.0272315 -0.0208458 0.00511013
 0.0207612 0.0133068 0.0256123 -0.0197816 0.00494095
 0.0195827 0.0124195 0.0244799 -0.0191911 0.00418842
 0.0184893 0.0116199 0.0234023 -0.0182027 0.00371608
 0.0174316 0.0108104 0.0229911 -0.0178998 0.003372
 0.0166375 0.0100792 0.0211812 -0.0166806 0.0026688
 0.0162993 0.00990388 0.0210869 -0.0167351 0.00312682
 0.0154528 0.0090038 0.0195432 -0.0155494 0.0022556
 0.0149151 0.00850025 0.0189003 -0.0154349 0.00219738
 0.0141158 0.00761265 0.017346 -0.0139353 0.00150373
 0.0138357 0.00735867 0.0162889 -0.0132029 0.00167538
 0.0135059 0.00701985 0.0156009 -0.0126706 0.0015568
 0.0131255 0.00658262 0.0149977 -0.0125354 0.00147313
 0.0124977 0.0058022 0.0136809 -0.0113713 0.000846178
 0.0124576 0.00568702 0.0126673 -0.0108187 0.000947405
 0.0117817 0.00508355 0.0111814 -0.00919495 0.000537132
 0.0115646 0.00476755 0.0110765 -0.00921575 0.000364705
 0.0113367 0.0044856 0.00979593 -0.0082252 0.000415708
 0.0111425 0.00429773 0.00951242 -0.00772903 0.000489538
 0.0105973 0.00382887 0.00821877 -0.00670367 0.000196975
 0.0105341 0.00371942 0.00751415 -0.0061158 0.000198645
 0.0101567 0.00343902 0.0065371 -0.0052125 0.000164278
 0.0102058 0.00332907 0.00607637 -0.00481718 0.000199186
 0.00987375 0.00313862 0.00545033 -0.00422102 0.000116578
 0.00954752 0.00295785 0.00451142 -0.0034765 0.000228247
 0.0094064 0.00278443 0.00419625 -0.00321923 9.81032e-05
 0.0091134 0.0027305 0.00341525 -0.00243305 0.00027641
 0.00899163 0.00253065 0.00241321 -0.00164388 0.000107608
 0.00869995 0.00246779 0.00216057 -0.00156026 0.000250047
 0.00844155 0.00236685 0.00204486 -0.00120974 0.000273497
 0.00831365 0.0022422 0.00123703 -0.000559195 0.000221594
 0.00793135 0.00210935 0.00118354 -0.000524782 0.000203681
 0.00770398 0.00203757 0.000770592 -0.000128967 0.000271395
 0.00744882 0.00193956 0.000464102 0.000118268 0.000271195
 0.00716258 0.00182622 -5.55763e-06 0.000427845 0.000262333
 0.0070129 0.00176773 -8.3089e-05 0.000501045 0.000269932
 0.00674183 0.00169735 -0.000172534 0.000698292 0.000288112
 0.0064647 0.00160999 -0.000405362 0.000803208 0.00028339
 0.00622877 0.00151645 -0.000625693 0.000903207 0.000234551
 0.00600137 0.00146662 -0.00064741 0.000919667 0.000259427
 0.00567328 0.00136633 -0.00074211 0.00102847 0.00025294
 0.00545223 0.00130667 -0.000814537 0.0010428 0.000246623
 0.00513398 0.0012323 -0.000782945 0.000993422 0.00024836
 0.0048864 0.00116484 -0.000846825 0.0010096 0.000243985
 0.00464612 0.00111693 -0.000754065 0.00088114 0.000259782
 0.00443675 0.00105342 -0.000820833 0.000922028 0.000236696
 0.00414685 0.00097991 -0.000750775 0.000839802 0.000216609
 0.00391062 0.00092009 -0.000729288 0.00079232 0.000199558
 0.00374722 0.000888455 -0.000680698 0.000735387 0.000201065
 0.00341998 0.000804458 -0.000584775 0.00062974 0.000176792
 0.00323338 0.000766645 -0.00051927 0.000553495 0.000183628
 0.00301537 0.00071519 -0.000451788 0.000479527 0.000168259
 0.00283152 0.000677345 -0.00038623 0.000407445 0.000159863
 0.0026627 0.000642283 -0.000317625 0.00032604 0.000157564
 0.00241205 0.00058437 -0.000250067 0.00025072 0.000145122
 0.0022206 0.000540612 -0.000187637 0.000189082 0.000132629
 0.00204708 0.000499718 -0.000146831 0.000141876 0.000125479
 0.00191987 0.000468438 -0.00010817 0.000101974 0.000115951
 0.00177014 0.000433442 -8.46362e-05 7.3215e-05 0.000112025
 0 0 0 0 0
 0 0 0 0 0
 0 0 0 0 0
 0 0 0 0 0
 0 0 0 0 0
 0 0 0 0 0
 0 0 0 0 0
 0 0 0 0 0
 0 0 0 0 0
 0 0 0 0 0
 0 0 0 0 0
 0 0 0 0 0
 0 0 0 0 0
 0 0 0 0 0
 0 0 0 0 0
 0 0 0 0 0
 0 0 0 0 0
 0 0 0 0 0
 0 0 0 0 0
 0 0 0 0 0
 0 0 0 0 0
 0 0 0 0 0
 0 0 0 0 0
 0 0 0 0 0
 0 0 0 0 0
 0 0 0 0 0
 0 0 0 0 0
 0 0 0 0 0
 0 0 0 0 0
 0 0 0 0 0
 0 0 0 0 0
 0 0 0 0 0
 0 0 0 0 0
 0 0 0 0 0
 0 0 0 0 0
 0 0 0 0 0
 3.17725 2.70787 0.123882 -0.0910088 2.30551
 1.71378 1.42438 0.119974 -0.0888752 1.18152
 1.0879 0.882793 0.118052 -0.0882128 0.71365
 0.735725 0.5837 0.11318 -0.0855395 0.460277
 0.5411 0.420253 0.111062 -0.0846292 0.323267
 0.406185 0.309285 0.107707 -0.0823615 0.232294
 0.312268 0.233306 0.10158 -0.0783773 0.171042
 0.2467 0.181047 0.0978945 -0.0757408 0.129691
 0.20457 0.147625 0.094604 -0.0740008 0.102855
 0.168642 0.119757 0.0902478 -0.0703997 0.0812517
 0.140774 0.0985073 0.085425 -0.0671155 0.0652178
 0.121891 0.0840077 0.0825183 -0.065438 0.05414
 0.102075 0.069593 0.0762935 -0.0604295 0.043665
 0.0895075 0.0603258 0.0728932 -0.0578688 0.0370065
 0.0771848 0.0513355 0.069145 -0.0546075 0.0304395
 0.068738 0.0452557 0.0637772 -0.050778 0.0259735
 0.0602723 0.0391148 0.0592758 -0.0473265 0.0213054
 0.0544158 0.0349978 0.0576488 -0.0455807 0.0185377
 0.0488417 0.0311387 0.0542925 -0.043092 0.0159731
 0.0434183 0.0275588 0.048597 -0.0383353 0.0137035
 0.039782 0.0249239 0.0461995 -0.0366108 0.0116318
 0.0358515 0.0224032 0.0433305 -0.0342768 0.0103577
 0.0327885 0.0203947 0.040049 -0.0317787 0.0091709
 0.0301965 0.0185282 0.0377365 -0.0298605 0.00745375
 0.0278495 0.0171417 0.034249 -0.0270292 0.00680592
 0.0260055 0.0159732 0.0327873 -0.0258815 0.0061333
 0.0241549 0.0148818 0.0301987 -0.023746 0.00558015
 0.0223324 0.0139332 0.0284913 -0.0224666 0.0052262
 0.0210773 0.0132663 0.026882 -0.0211089 0.00497713
 0.0195748 0.0123105 0.0255162 -0.0202517 0.00422702
 0.0186182 0.0116016 0.0244192 -0.0193588 0.003719
 0.0176157 0.0109308 0.023695 -0.0187118 0.00370435
 0.0169305 0.0104869 0.0231055 -0.0185029 0.00347992
 0.0161099 0.00952525 0.0213166 -0.0170012 0.00254362
 0.0154683 0.009075 0.0193575 -0.0159055 0.0025415
 0.0147005 0.0082894 0.0183999 -0.0149688 0.00207084
 0.0141562 0.0079034 0.017922 -0.0145495 0.00208109
 0.0136672 0.00726617 0.0169727 -0.0138261 0.00156083
 0.013348 0.00695442 0.0150569 -0.0125336 0.00159872
 0.0129765 0.00648423 0.01484 -0.0120586 0.00143468
 0.0124291 0.0058613 0.0132723 -0.0108791 0.000840108
 0.0121892 0.0055032 0.0129141 -0.0108909 0.00083611
 0.0117953 0.00520963 0.0117784 -0.0101345 0.000739495
 0.0114684 0.00473405 0.0111897 -0.00914015 0.000502355
 0.0111735 0.00450935 0.00992795 -0.0080678 0.000451578
 0.0107633 0.0042724 0.00970515 -0.0078631 0.000512968
 0.0107511 0.00397135 0.00864352 -0.00732028 0.00027131
 0.0104167 0.00377462 0.00774195 -0.00625235 0.000342422
 0.0101457 0.00361655 0.0066845 -0.00531172 0.00028813
 0.0099112 0.00336273 0.00633167 -0.0051053 0.000251952
 0.00960005 0.00319318 0.00582548 -0.00465 0.000235781
 0.00956263 0.00307263 0.00449942 -0.0034989 0.000319302
 0.00913727 0.00289245 0.00434755 -0.0033697 0.000270945
 0.00899703 0.00277558 0.00409595 -0.00324967 0.000275005
 0.00882212 0.00259087 0.0029523 -0.00211394 0.000254545
 0.00868615 0.00250293 0.0025811 -0.00170035 0.000247888
 0.00843515 0.00243394 0.00201448 -0.00119103 0.000325353
 0.00813698 0.00226136 0.00151676 -0.000856802 0.00025075
 0.0078023 0.00214942 0.00123763 -0.00055348 0.000266658
 0.00776278 0.00212589 0.00100796 -0.000407828 0.000324593
 0.00739685 0.00200497 0.000467778 0.000141899 0.000338272
 0.00710347 0.00191964 0.00058251 -1.38381e-05 0.00034201
 0.00694298 0.00181763 0.000147606 0.00030442 0.00029854
 0.00660397 0.00171508 -6.02615e-05 0.00052516 0.000285458
 0.00634298 0.0016259 -0.000169799 0.000601733 0.000282957
 0.00608482 0.00155827 -0.000473312 0.000759967 0.00030371
 0.00585558 0.00149016 -0.000602942 0.000824468 0.000305545
 0.00569845 0.00143328 -0.000589645 0.000845055 0.000300063
 0.00543875 0.0013576 -0.00065137 0.000902755 0.000280062
 0.00510605 0.00127354 -0.000620865 0.000826145 0.000289703
 0.00489932 0.00121121 -0.000778708 0.000942787 0.000273645
 0.00463375 0.00114327 -0.000797362 0.00095684 0.000257025
 0.00443462 0.00108053 -0.000722845 0.000823732 0.000246297
 0.004229 0.00103802 -0.000687122 0.00078742 0.000243066
 0.0039774 0.000966168 -0.000684505 0.000755673 0.000216363
 0.00370423 0.000900823 -0.000602925 0.000655502 0.000211912
 0.0035011 0.000853162 -0.00056605 0.000608218 0.000200212
 0.00334088 0.000816768 -0.000522742 0.000546108 0.000204051
 0.00306915 0.00075384 -0.000445847 0.00047229 0.000186977
 0.00286478 0.000705875 -0.000387435 0.000405085 0.000178434
 0.00266458 0.00065981 -0.000317147 0.000324318 0.000164877
 0.00248488 0.000619015 -0.000247543 0.000251868 0.000158033
 0.00229761 0.000573875 -0.000186459 0.000185912 0.0001483
 0.00210282 0.000526488 -0.000144511 0.000139999 0.000136828
 0.00194698 0.000488182 -0.000112138 0.000102134 0.000124717
 0 0 0 0 0
 0 0 0 0 0
 0 0 0 0 0
 0 0 0 0 0
 0 0 0 0 0
 0 0 0 0 0
 0 0 0 0 0
 0 0 0 0 0
 0 0 0 0 0
 0 0 0 0 0
 0 0 0 0 0
 0 0 0 0 0
 0 0 0 0 0
 0 0 0 0 0
 0 0 0 0 0
 0 0 0 0 0
 0 0 0 0 0
 0 0 0 0 0
 0 0 0 0 0
 0 0 0 0 0
 0 0 0 0 0
 0 0 0 0 0
 0 0 0 0 0
 0 0 0 0 0
 0 0 0 0 0
 0 0 0 0 0
 0 0 0 0 0
 0 0 0 0 0
 0 0 0 0 0
 0 0 0 0 0
 0 0 0 0 0
 0 0 0 0 0
 0 0 0 0 0
 0 0 0 0 0
 0 0 0 0 0
 0 0 0 0 0
 0 0 0 0 0
 3.26635 2.809 0.120385 -0.088735 2.41362
 1.74713 1.46578 0.117908 -0.088035 1.22741
 1.07939 0.884785 0.113377 -0.0857612 0.723028
 0.74219 0.594913 0.112941 -0.0856552 0.474242
 0.543813 0.426918 0.110979 -0.085199 0.332385
 0.39976 0.30765 0.104566 -0.0808965 0.233828
 0.315335 0.238145 0.102851 -0.079954 0.176882
 0.249226 0.184874 0.0984148 -0.0770345 0.134158
 0.205421 0.149786 0.0949125 -0.0748465 0.105929
 0.16933 0.121584 0.089615 -0.0713795 0.0840605
 0.14248 0.100832 0.0865455 -0.0690952 0.0678932
 0.120743 0.084137 0.0831495 -0.066034 0.0552625
 0.105558 0.0725967 0.0802602 -0.0641493 0.0463605
 0.0905505 0.0615315 0.0748923 -0.059785 0.0383645
 0.0794268 0.0532083 0.0713052 -0.0572467 0.0320645
 0.0689582 0.045758 0.0675655 -0.05391 0.0269977
 0.0622652 0.0407687 0.0635228 -0.051379 0.0231576
 0.0545905 0.0354317 0.058915 -0.0475265 0.0195066
 0.0485175 0.031116 0.0548138 -0.0441357 0.0164397
 0.044295 0.028215 0.0517185 -0.0413535 0.0144721
 0.0402685 0.0253437 0.048062 -0.0388162 0.0123636
 0.036748 0.0230614 0.0448835 -0.0362398 0.0110886
 0.0330073 0.0205145 0.0419758 -0.033899 0.00940232
 0.031104 0.0192686 0.040098 -0.032037 0.00854965
 0.0283918 0.0173278 0.0366715 -0.0297823 0.00693537
 0.0258905 0.0159512 0.0340863 -0.0271757 0.00666857
 0.0240356 0.014815 0.031421 -0.0248499 0.00584985
 0.0222566 0.0138862 0.0291695 -0.0231224 0.00560582
 0.0213397 0.013269 0.0284888 -0.0226251 0.00500625
 0.0196139 0.0123085 0.0264415 -0.0211665 0.00476228
 0.0187884 0.0117043 0.0253105 -0.0200947 0.0041974
 0.0182119 0.0114648 0.0247913 -0.0195415 0.00444532
 0.0168129 0.0103496 0.0229109 -0.0185567 0.0034482
 0.0162487 0.00984825 0.0214525 -0.0175387 0.00322125
 0.0153423 0.00917463 0.020454 -0.0165574 0.002957
 0.0148748 0.0087208 0.0198162 -0.0161995 0.00287315
 0.0142217 0.00796267 0.0176746 -0.0146167 0.00222667
 0.0135129 0.00735032 0.0165184 -0.0136789 0.00188346
 0.0132 0.0070943 0.0160975 -0.0132468 0.00194919
 0.0126267 0.00640955 0.0146597 -0.0123983 0.00133973
 0.0120515 0.00582792 0.013424 -0.0112106 0.000958343
 0.011945 0.00564675 0.0127942 -0.010565 0.00110405
 0.0117263 0.0052637 0.0116335 -0.00953972 0.00083463
 0.0111749 0.00485555 0.0102684 -0.0088955 0.00072332
 0.0112309 0.00469918 0.0101547 -0.00819028 0.000788908
 0.0106727 0.0044401 0.0097737 -0.008145 0.000827872
 0.0103424 0.0040466 0.00815353 -0.00656445 0.000480785
 0.0103485 0.00392868 0.00780827 -0.0061161 0.000546295
 0.00981842 0.00352932 0.0068422 -0.0056212 0.000406003
 0.00995058 0.00350242 0.00637057 -0.00519518 0.00043969
 0.00965007 0.0032479 0.0059585 -0.00488967 0.00037402
 0.00928663 0.00297128 0.0048342 -0.0036876 0.000162271
 0.00926532 0.0029939 0.00494675 -0.0037481 0.000366368
 0.00877595 0.00271785 0.0037857 -0.00278187 0.000221692
 0.00864143 0.0026721 0.0032051 -0.00235275 0.000342975
 0.0083723 0.00255248 0.00288057 -0.00208251 0.00037421
 0.00829605 0.00243818 0.00211635 -0.00144517 0.000314907
 0.00803115 0.00230637 0.00167059 -0.000983622 0.000264755
 0.00775822 0.0022278 0.00135776 -0.000694448 0.000354298
 0.00766963 0.00217079 0.00109688 -0.000537757 0.000358452
 0.007339 0.00204292 0.000781428 -0.000151027 0.000323455
 0.00708338 0.00193542 0.00044635 7.16885e-05 0.000332585
 0.00683277 0.00185813 0.000458305 1.64529e-05 0.000346652
 0.00664675 0.00176473 0.000145784 0.000272117 0.000307175
 0.00637768 0.0016912 -0.000247795 0.00064552 0.000327632
 0.0061207 0.00160532 -0.000237954 0.00057862 0.000307573
 0.00586992 0.00152891 -0.000379532 0.00070194 0.00031685
 0.0056866 0.00147302 -0.000482625 0.00076789 0.000321045
 0.0053705 0.00138681 -0.0005307 0.000759835 0.000302788
 0.00515868 0.00132434 -0.00059106 0.000798047 0.000293068
 0.00492835 0.00125731 -0.000726668 0.000836053 0.000286025
 0.0047098 0.00119894 -0.000639245 0.000765208 0.0002828
 0.004445 0.00112202 -0.000647448 0.000785392 0.000266785
 0.00421435 0.00105419 -0.00069978 0.000780992 0.000253218
 0.00396135 0.000993615 -0.000615338 0.000682667 0.000238314
 0.0037793 0.000949657 -0.00057948 0.000641968 0.00023184
 0.00351227 0.00088047 -0.00058221 0.000632007 0.00022295
 0.00330982 0.00083138 -0.000520065 0.000539043 0.000211546
 0.00309227 0.000777815 -0.00045103 0.000469468 0.000200326
 0.0029028 0.00073327 -0.000372112 0.00038595 0.000191179
 0.00273575 0.000693037 -0.000310953 0.00031678 0.000178736
 0.00248112 0.000633942 -0.000245518 0.000247696 0.00016684
 0.0023105 0.000591625 -0.000187343 0.00018185 0.000157187
 0.00215674 0.000552938 -0.000140692 0.000135603 0.000144737
 0 0 0 0 0
 0 0 0 0 0
 0 0 0 0 0
 0 0 0 0 0
 0 0 0 0 0
 0 0 0 0 0
 0 0 0 0 0
 0 0 0 0 0
 0 0 0 0 0
 0 0 0 0 0
 0 0 0 0 0
 0 0 0 0 0
 0 0 0 0 0
 0 0 0 0 0
 0 0 0 0 0
 0 0 0 0 0
 0 0 0 0 0
 0 0 0 0 0
 0 0 0 0 0
 0 0 0 0 0
 0 0 0 0 0
 0 0 0 0 0
 0 0 0 0 0
 0 0 0 0 0
 0 0 0 0 0
 0 0 0 0 0
 0 0 0 0 0
 0 0 0 0 0
 0 0 0 0 0
 0 0 0 0 0
 0 0 0 0 0
 0 0 0 0 0
 0 0 0 0 0
 0 0 0 0 0
 0 0 0 0 0
 0 0 0 0 0
 0 0 0 0 0
 0 0 0 0 0
 3.29782 2.85947 0.11405 -0.0849542 2.47743
 1.74093 1.47346 0.112344 -0.084618 1.24482
 1.08358 0.89627 0.111261 -0.0843708 0.73889
 0.73233 0.592707 0.10874 -0.0832733 0.477297
 0.535022 0.42428 0.107289 -0.0833393 0.334043
 0.404177 0.314198 0.1037 -0.0810995 0.241796
 0.317322 0.242144 0.103132 -0.080868 0.182096
 0.248824 0.18653 0.0978295 -0.0771415 0.137114
 0.204515 0.150789 0.0942917 -0.0751253 0.108329
 0.168268 0.122118 0.0896685 -0.072115 0.0858713
 0.140786 0.10064 0.0861035 -0.0694347 0.0688643
 0.120389 0.0848055 0.0825912 -0.0666752 0.0567875
 0.104312 0.072494 0.0800207 -0.0646265 0.0473972
 0.0911235 0.0623987 0.0764985 -0.062131 0.0394145
 0.0782903 0.053056 0.0707528 -0.0576363 0.0328368
 0.0690143 0.046161 0.0673092 -0.0549207 0.0277632
 0.0616963 0.040795 0.0635685 -0.052082 0.0239332
 0.0542737 0.0354665 0.0602123 -0.0493665 0.0199541
 0.0489283 0.0315597 0.0567513 -0.046442 0.0169652
 0.0448622 0.0287135 0.0544468 -0.044637 0.015261
 0.0402095 0.0254295 0.0499665 -0.041203 0.0128317
 0.0363987 0.0228324 0.0466495 -0.038381 0.0111708
 0.0329965 0.0204892 0.0437783 -0.0356335 0.00962252
 0.0307627 0.0189791 0.040924 -0.0333677 0.0084789
 0.0282313 0.0173943 0.0378142 -0.0308593 0.0076134
 0.0258203 0.0158363 0.0346917 -0.0281332 0.00669405
 0.0244885 0.0149452 0.0338133 -0.0273995 0.00595187
 0.0230975 0.0141484 0.0310332 -0.025043 0.00551355
 0.0211673 0.0131867 0.0290248 -0.0233858 0.00530968
 0.0201558 0.0125218 0.027816 -0.0223377 0.004838
 0.0187906 0.011598 0.026546 -0.0211923 0.0041692
 0.0180007 0.01118 0.0246471 -0.020111 0.00415805
 0.0167189 0.0101989 0.0231522 -0.0187687 0.00341063
 0.0159537 0.00956633 0.0220613 -0.0178129 0.0032223
 0.0154851 0.00936708 0.021246 -0.0177528 0.00335215
 0.0148124 0.00866295 0.0196936 -0.0160775 0.00281775
 0.0139974 0.00799115 0.0180378 -0.0150945 0.00243134
 0.0135947 0.00747472 0.0169724 -0.0142264 0.00200716
 0.0131028 0.00688977 0.015638 -0.0130146 0.00173901
 0.01238 0.00635693 0.0145494 -0.0123391 0.00144643
 0.0121824 0.00597932 0.0143945 -0.0117984 0.00117609
 0.0117288 0.00556473 0.0128874 -0.0109595 0.00102584
 0.0115382 0.00536325 0.0119355 -0.0101953 0.00112649
 0.0112413 0.00494997 0.0122975 -0.0100263 0.000799372
 0.01081 0.00452743 0.0102277 -0.00850287 0.0005858
 0.0107427 0.00442805 0.0098741 -0.00815218 0.000780677
 0.0102432 0.00406632 0.0089345 -0.00754382 0.00055298
 0.009994 0.0038569 0.0072993 -0.00595573 0.000596517
 0.00992697 0.00372952 0.00767567 -0.00638173 0.000575367
 0.0096988 0.00345078 0.00593055 -0.00466685 0.00043569
 0.0094003 0.00328803 0.00588967 -0.0046181 0.000449375
 0.00930427 0.00314938 0.004887 -0.00380647 0.00047155
 0.00884057 0.00286505 0.00435342 -0.00343013 0.000325967
 0.00875433 0.00285305 0.004141 -0.0031787 0.00039833
 0.00852168 0.00272075 0.00310148 -0.00224432 0.000430662
 0.00840792 0.0026456 0.0029726 -0.00217773 0.000429255
 0.00816965 0.00252165 0.00234507 -0.00157025 0.000435983
 0.00779352 0.00234902 0.00210154 -0.00144445 0.000388243
 0.00769572 0.0022836 0.0016328 -0.00106513 0.00039958
 0.00746 0.00218666 0.000990303 -0.000455427 0.000445
 0.0071845 0.00202989 0.000919125 -0.00036748 0.00031209
 0.00703207 0.00200257 0.000567023 -8.19805e-05 0.000392865
 0.00681038 0.00191316 0.000280267 0.000116939 0.000397285
 0.00655323 0.0018079 5.35498e-06 0.000282772 0.000360373
 0.00631415 0.00174314 -8.07235e-06 0.000382302 0.000355575
 0.0061056 0.00166766 -0.000149063 0.000482545 0.000375555
 0.0059146 0.00159658 -0.000323683 0.000615193 0.00035572
 0.0056383 0.00151741 -0.000501725 0.000733645 0.00034581
 0.00535743 0.00142927 -0.000395282 0.000656793 0.00033518
 0.00514732 0.0013548 -0.00058049 0.000772957 0.000319627
 0.00497992 0.00130673 -0.000727638 0.000875358 0.00030621
 0.00465905 0.00122219 -0.00061696 0.000743262 0.00029703
 0.004485 0.00117645 -0.00055454 0.000682513 0.00029398
 0.00420892 0.00109303 -0.00061846 0.000728088 0.000270645
 0.00400385 0.00103705 -0.000578302 0.000658953 0.000267518
 0.00380525 0.000982923 -0.00056126 0.000611097 0.00025945
 0.00354622 0.000915085 -0.000516267 0.000549 0.000237622
 0.00334805 0.000864137 -0.000488362 0.000505788 0.000228346
 0.00310358 0.00080279 -0.000407633 0.000428405 0.000216078
 0.00289852 0.000748 -0.00034118 0.000356467 0.000191251
 0.00271608 0.000706647 -0.0002903 0.000291257 0.000188516
 0.00254162 0.000661707 -0.000244534 0.000240113 0.000177268
 0.00235264 0.000615995 -0.000180939 0.000174216 0.000167567
 0 0 0 0 0
 0 0 0 0 0
 0 0 0 0 0
 0 0 0 0 0
 0 0 0 0 0
 0 0 0 0 0
 0 0 0 0 0
 0 0 0 0 0
 0 0 0 0 0
 0 0 0 0 0
 0 0 0 0 0
 0 0 0 0 0
 0 0 0 0 0
 0 0 0 0 0
 0 0 0 0 0
 0 0 0 0 0
 0 0 0 0 0
 0 0 0 0 0
 0 0 0 0 0
 0 0 0 0 0
 0 0 0 0 0
 0 0 0 0 0
 0 0 0 0 0
 0 0 0 0 0
 0 0 0 0 0
 0 0 0 0 0
 0 0 0 0 0
 0 0 0 0 0
 0 0 0 0 0
 0 0 0 0 0
 0 0 0 0 0
 0 0 0 0 0
 0 0 0 0 0
 0 0 0 0 0
 0 0 0 0 0
 0 0 0 0 0
 0 0 0 0 0
 0 0 0 0 0
 0 0 0 0 0
 3.26437 2.85222 0.107352 -0.0799195 2.49019
 1.72345 1.4708 0.106866 -0.0808537 1.2534
 1.07368 0.895818 0.107186 -0.0818815 0.74534
 0.717765 0.586273 0.104307 -0.0808162 0.477025
 0.514025 0.41141 0.100283 -0.0786373 0.326765
 0.396115 0.310987 0.101169 -0.0795825 0.241904
 0.30614 0.235918 0.0990298 -0.0781867 0.179342
 0.243985 0.184864 0.0950403 -0.0756747 0.13771
 0.199566 0.14863 0.092593 -0.0743403 0.108133
 0.167667 0.122862 0.0904568 -0.072594 0.087354
 0.142667 0.102926 0.0884132 -0.0715728 0.0714545
 0.120827 0.0858877 0.0840395 -0.0686768 0.0580755
 0.104101 0.0729185 0.0804425 -0.065778 0.0480948
 0.091294 0.0632615 0.0770848 -0.0629035 0.041227
 0.080214 0.054887 0.0741148 -0.0606655 0.034784
 0.0705787 0.0475345 0.0704252 -0.0580282 0.028969
 0.0621407 0.041322 0.0657702 -0.0544548 0.0245064
 0.0553007 0.0364138 0.0615942 -0.0507757 0.0208365
 0.0504103 0.0328778 0.0594445 -0.0493572 0.0187327
 0.0445843 0.0286855 0.0551808 -0.0457098 0.015465
 0.04071 0.0259318 0.0514597 -0.0426912 0.0135464
 0.037507 0.023667 0.049249 -0.0406818 0.0120336
 0.0337347 0.0209923 0.0454455 -0.0375285 0.00981315
 0.03167 0.019615 0.0431727 -0.035479 0.00919938
 0.028412 0.0175326 0.039801 -0.0325988 0.00807703
 0.0266455 0.0164341 0.0366273 -0.0304465 0.0074672
 0.0244373 0.0149935 0.0339093 -0.0280117 0.006386
 0.0229242 0.0140995 0.0327568 -0.0267938 0.0060508
 0.0213116 0.0131514 0.0304807 -0.0249513 0.00553632
 0.0200956 0.0123669 0.0284355 -0.0235035 0.00489683
 0.0188065 0.0116541 0.0268577 -0.0220354 0.00460255
 0.0177635 0.0110086 0.025714 -0.0208994 0.00425945
 0.0167286 0.010173 0.0240201 -0.019723 0.00356903
 0.0160115 0.00976348 0.022253 -0.0186157 0.00362183
 0.0153753 0.00916085 0.0214501 -0.0178283 0.00318338
 0.0147411 0.0087541 0.0196981 -0.0163578 0.0031437
 0.0140874 0.00806598 0.0189131 -0.0156662 0.002751
 0.0133711 0.00739498 0.017152 -0.0143063 0.00204492
 0.0130866 0.00709367 0.0163977 -0.0135459 0.00215429
 0.0125326 0.00654997 0.0152813 -0.0130673 0.00161625
 0.0120973 0.0060533 0.0143939 -0.0121271 0.00137561
 0.0117534 0.0055433 0.0133309 -0.0109009 0.00106847
 0.0114328 0.00543988 0.0124262 -0.0104608 0.0013644
 0.011065 0.00503237 0.0115963 -0.00954245 0.00109196
 0.0107505 0.00472195 0.0104361 -0.00853353 0.00108016
 0.0106062 0.00439778 0.00936005 -0.00784237 0.000785653
 0.0101992 0.00421017 0.0089006 -0.00754857 0.000826877
 0.00981317 0.00389 0.00776165 -0.00651827 0.000709607
 0.00959045 0.0036411 0.0072635 -0.00586082 0.000510712
 0.00956568 0.0035457 0.00641193 -0.00526072 0.000582318
 0.0093801 0.00335737 0.00546505 -0.00455608 0.000445708
 0.00901575 0.00314938 0.0051533 -0.00416732 0.000449525
 0.00888012 0.0030664 0.0042653 -0.00339623 0.00050853
 0.0086993 0.002905 0.0038363 -0.00292565 0.00051605
 0.00852415 0.00281188 0.00360238 -0.00265078 0.000538353
 0.00816857 0.00258685 0.00254857 -0.00180383 0.000412672
 0.00794672 0.0025007 0.00249821 -0.00172211 0.000410617
 0.00782188 0.00239051 0.00196689 -0.00139261 0.000393272
 0.00751902 0.00228811 0.00171503 -0.00122204 0.000408237
 0.007356 0.00220347 0.00122968 -0.000749695 0.000414723
 0.00720578 0.00214939 0.00117658 -0.000684507 0.000458815
 0.00693 0.00203896 0.000622368 -0.000218356 0.000432367
 0.00670613 0.00195687 0.00037146 3.53628e-05 0.000409125
 0.0065237 0.00186975 0.000254462 0.000136022 0.00043749
 0.00630128 0.00176643 1.4696e-05 0.00032173 0.00037924
 0.00610005 0.0017019 -4.6426e-05 0.000401375 0.000373475
 0.0058534 0.00163002 -0.000164224 0.000449905 0.00035629
 0.00562665 0.00156302 -0.000264492 0.000501705 0.000383037
 0.00534245 0.00147907 -0.000311372 0.00051876 0.00036264
 0.00506647 0.00138024 -0.000477203 0.000640263 0.000337647
 0.00490825 0.00132871 -0.000474475 0.00066671 0.000327593
 0.00470098 0.0012686 -0.000581795 0.000711693 0.000323273
 0.00449355 0.00120473 -0.000550095 0.00066736 0.000313995
 0.0042268 0.00113147 -0.000524523 0.00061177 0.000299225
 0.00398738 0.00106775 -0.000528345 0.00059448 0.00028682
 0.00377712 0.00100325 -0.000506742 0.000568037 0.000262247
 0.00354618 0.00094071 -0.00049902 0.0005327 0.000251325
 0.00333585 0.000885272 -0.000446215 0.00046522 0.000240838
 0.00319772 0.000849432 -0.000388172 0.000407328 0.00022785
 0.00295965 0.000784335 -0.00035635 0.000359513 0.000213911
 0.00275953 0.000733553 -0.000284763 0.000291145 0.000199137
 0.00257985 0.000687145 -0.000240194 0.000237266 0.000187234
 0 0 0 0 0
 0 0 0 0 0
 0 0 0 0 0
 0 0 0 0 0
 0 0 0 0 0
 0 0 0 0 0
 0 0 0 0 0
 0 0 0 0 0
 0 0 0 0 0
 0 0 0 0 0
 0 0 0 0 0
 0 0 0 0 0
 0 0 0 0 0
 0 0 0 0 0
 0 0 0 0 0
 0 0 0 0 0
 0 0 0 0 0
 0 0 0 0 0
 0 0 0 0 0
 0 0 0 0 0
 0 0 0 0 0
 0 0 0 0 0
 0 0 0 0 0
 0 0 0 0 0
 0 0 0 0 0
 0 0 0 0 0
 0 0 0 0 0
 0 0 0 0 0
 0 0 0 0 0
 0 0 0 0 0
 0 0 0 0 0
 0 0 0 0 0
 0 0 0 0 0
 0 0 0 0 0
 0 0 0 0 0
 0 0 0 0 0
 0 0 0 0 0
 0 0 0 0 0
 0 0 0 0 0
 0 0 0 0 0
 3.215 2.8295 0.099628 -0.0747687 2.48872
 1.72178 1.4806 0.10186 -0.0774127 1.27139
 1.03002 0.86658 0.09841 -0.0754578 0.72724
 0.704025 0.580002 0.0990798 -0.0765623 0.476037
 0.505905 0.408637 0.097647 -0.076711 0.32805
 0.381093 0.301905 0.0964285 -0.075978 0.237024
 0.30299 0.235633 0.0959943 -0.0767203 0.180878
 0.245623 0.187799 0.0942557 -0.0753565 0.141385
 0.19975 0.150248 0.0914447 -0.0738382 0.110736
 0.167248 0.123662 0.0901245 -0.0733465 0.0888458
 0.139189 0.101502 0.0858235 -0.069958 0.0718125
 0.119726 0.0860008 0.0834475 -0.0683245 0.0593613
 0.10504 0.0743793 0.0803617 -0.066288 0.0500735
 0.0899395 0.0628283 0.0768662 -0.0634977 0.0412243
 0.0783875 0.0540235 0.0727262 -0.0603932 0.0346923
 0.0685877 0.046568 0.0693212 -0.0571835 0.028884
 0.0610535 0.0409193 0.066174 -0.0553282 0.0246153
 0.0560065 0.0371423 0.0640105 -0.0532083 0.0219305
 0.0499132 0.0327668 0.0595003 -0.0494573 0.0189021
 0.0448493 0.029105 0.0572585 -0.048062 0.0162444
 0.0408895 0.0261652 0.0536557 -0.0447372 0.0139449
 0.037151 0.0235009 0.0506035 -0.0421127 0.0120103
 0.0338383 0.0213634 0.0461147 -0.0386685 0.0110616
 0.0316775 0.0197179 0.044875 -0.0374345 0.00960247
 0.0286412 0.0177565 0.0401443 -0.0337298 0.00838263
 0.0268858 0.0166116 0.038278 -0.0318755 0.00776135
 0.0248073 0.0152248 0.03581 -0.0297492 0.0068754
 0.0233652 0.0144494 0.0339353 -0.0282345 0.00668633
 0.0215857 0.0132535 0.0320863 -0.0266002 0.00567542
 0.0201133 0.0124691 0.029445 -0.0245987 0.00540807
 0.0187965 0.0116292 0.0278925 -0.0230142 0.00482763
 0.0175716 0.0108967 0.025335 -0.0212425 0.00446465
 0.0169355 0.0104778 0.0247398 -0.0203726 0.00424853
 0.0160582 0.00969405 0.0237019 -0.0198068 0.00358013
 0.0154199 0.00922488 0.0226215 -0.0188928 0.0035031
 0.0146786 0.00867227 0.0205537 -0.0171096 0.00311225
 0.0138413 0.0080214 0.0190195 -0.0158837 0.00288215
 0.0134166 0.0076441 0.0179828 -0.0150654 0.00259405
 0.0127079 0.00691018 0.0171611 -0.0141839 0.0020238
 0.0124266 0.00650567 0.0159719 -0.0131586 0.00174947
 0.012186 0.00614348 0.0147261 -0.0127843 0.0016216
 0.0116721 0.00572268 0.013309 -0.0113138 0.00134589
 0.0111621 0.00534843 0.0126961 -0.0105592 0.0012408
 0.0107712 0.00496455 0.0119485 -0.00999085 0.000985088
 0.0105715 0.00476535 0.0114868 -0.0095152 0.00105142
 0.0103588 0.00447702 0.0090847 -0.00760613 0.00103584
 0.0100712 0.0041123 0.00817445 -0.00690728 0.000725628
 0.0097981 0.00399668 0.00798015 -0.00673238 0.000864563
 0.00941835 0.00360955 0.00727552 -0.0059332 0.000490352
 0.00933287 0.0035234 0.00622975 -0.00517747 0.00053495
 0.00902067 0.00330457 0.00582408 -0.00466658 0.000535793
 0.0089688 0.0032571 0.00496607 -0.00404243 0.000621993
 0.00874585 0.00310712 0.0044549 -0.00339998 0.000613615
 0.00842657 0.00281857 0.00419972 -0.00343828 0.000415673
 0.00837593 0.00281213 0.00359262 -0.0028121 0.00052821
 0.00809625 0.00275775 0.00328692 -0.00248716 0.000597007
 0.00786475 0.00250855 0.00265373 -0.00192511 0.000421585
 0.00777295 0.00247657 0.0022985 -0.00163627 0.000503172
 0.0073822 0.0023183 0.00167569 -0.00107236 0.000496035
 0.00732805 0.00225037 0.00155875 -0.000972888 0.000464143
 0.00710985 0.00218768 0.00101169 -0.000544452 0.000508143
 0.00695488 0.00210326 0.000756085 -0.00031825 0.000484925
 0.0066216 0.00198628 0.00050661 -5.4529e-05 0.000450698
 0.00643148 0.0018819 0.000274222 0.000108966 0.000440372
 0.00615795 0.00181927 0.000293203 0.0001 0.000451653
 0.00608167 0.00175782 3.67067e-05 0.000237594 0.000414562
 0.00577077 0.00165233 -0.000242921 0.00051115 0.000416005
 0.00540933 0.00152911 -0.000357805 0.00053328 0.000370632
 0.00533285 0.00149645 -0.000243125 0.000429947 0.00037505
 0.00511415 0.00143678 -0.000332333 0.00054943 0.000372318
 0.00486168 0.00135733 -0.000443952 0.000636327 0.000351187
 0.00471412 0.00131043 -0.000501563 0.000604155 0.00034922
 0.0043409 0.00119339 -0.000494967 0.0005843 0.000315787
 0.00424658 0.0011617 -0.000483415 0.000590482 0.000311975
 0.0040445 0.00110826 -0.000516868 0.00057568 0.000301988
 0.00376085 0.00102908 -0.000469385 0.000519655 0.000284065
 0.00350735 0.000951272 -0.000432355 0.000470013 0.000257153
 0.00338995 0.000921463 -0.000404717 0.000435683 0.000254805
 0.00321152 0.00087373 -0.000400382 0.000416518 0.00024583
 0.00301135 0.00081869 -0.000340583 0.000346613 0.000232885
 0.0027508 0.000748802 -0.000284722 0.000292712 0.000209827
 0 0 0 0 0
 0 0 0 0 0
 0 0 0 0 0
 0 0 0 0 0
 0 0 0 0 0
 0 0 0 0 0
 0 0 0 0 0
 0 0 0 0 0
 0 0 0 0 0
 0 0 0 0 0
 0 0 0 0 0
 0 0 0 0 0
 0 0 0 0 0
 0 0 0 0 0
 0 0 0 0 0
 0 0 0 0 0
 0 0 0 0 0
 0 0 0 0 0
 0 0 0 0 0
 0 0 0 0 0
 0 0 0 0 0
 0 0 0 0 0
 0 0 0 0 0
 0 0 0 0 0
 0 0 0 0 0
 0 0 0 0 0
 0 0 0 0 0
 0 0 0 0 0
 0 0 0 0 0
 0 0 0 0 0
 0 0 0 0 0
 0 0 0 0 0
 0 0 0 0 0
 0 0 0 0 0
 0 0 0 0 0
 0 0 0 0 0
 0 0 0 0 0
 0 0 0 0 0
 0 0 0 0 0
 0 0 0 0 0
 0 0 0 0 0
 3.19902 2.83367 0.0934025 -0.0700495 2.50855
 1.65633 1.43476 0.0942642 -0.0715218 1.24141
 1.03324 0.875965 0.096223 -0.0740448 0.740885
 0.67724 0.56259 0.0936968 -0.0727135 0.465755
 0.500493 0.407615 0.094512 -0.0743868 0.330185
 0.3832 0.306255 0.0953673 -0.0756582 0.242991
 0.302202 0.237201 0.0948275 -0.0756067 0.184262
 0.239745 0.184892 0.0918992 -0.0741243 0.140296
 0.193193 0.146644 0.0877022 -0.0710498 0.109293
 0.165605 0.123785 0.0878055 -0.0718435 0.090649
 0.139365 0.102589 0.0858425 -0.070194 0.0735292
 0.118569 0.0858105 0.0819915 -0.0678668 0.0597143
 0.102437 0.0731848 0.0783047 -0.0647798 0.0500355
 0.090795 0.0639713 0.0776253 -0.0644507 0.0426727
 0.0777477 0.0540477 0.0725452 -0.0609133 0.035137
 0.0694773 0.0476217 0.070149 -0.0587175 0.0302495
 0.0619417 0.0419115 0.067215 -0.0562453 0.0259352
 0.0551392 0.036897 0.0640437 -0.053853 0.022333
 0.049571 0.0327213 0.060224 -0.050733 0.0191373
 0.0454937 0.0297925 0.0575787 -0.0488048 0.0172573
 0.0411617 0.026636 0.0537905 -0.045551 0.0149687
 0.0372925 0.0239159 0.0509268 -0.0427195 0.0131053
 0.0341732 0.0215904 0.0486348 -0.0409577 0.0112298
 0.031295 0.0194576 0.0451965 -0.0380358 0.0093328
 0.0286328 0.0178943 0.0417732 -0.0350625 0.00902158
 0.0272283 0.0168277 0.0397605 -0.0334843 0.0080176
 0.0249749 0.0153329 0.0373593 -0.0314575 0.00705818
 0.0227122 0.0138553 0.0337895 -0.028688 0.00611205
 0.0218227 0.0133843 0.032671 -0.0271798 0.0059591
 0.0203457 0.0125372 0.030637 -0.0255865 0.00550002
 0.0192144 0.0118282 0.0283963 -0.0238185 0.00494597
 0.018003 0.0111764 0.027558 -0.0230258 0.00495672
 0.0167087 0.0101886 0.0249991 -0.0210834 0.00410798
 0.0161515 0.00976435 0.0241329 -0.0202381 0.00366517
 0.0153231 0.00933463 0.0224259 -0.0186385 0.00383675
 0.0144554 0.00855152 0.0209259 -0.017761 0.00305645
 0.0139146 0.00801757 0.0197393 -0.0167254 0.00284195
 0.0133218 0.00746445 0.0182233 -0.0151964 0.00248942
 0.0127157 0.0069251 0.0173165 -0.0147187 0.00224812
 0.0122093 0.0065455 0.0154385 -0.0133731 0.00214012
 0.0118961 0.00628327 0.0148954 -0.0124844 0.00203201
 0.0113879 0.00577315 0.0135226 -0.0114585 0.00166746
 0.0110808 0.00533507 0.0129025 -0.0108442 0.00133852
 0.0106503 0.00509718 0.0116326 -0.00979903 0.00135238
 0.0104147 0.00474472 0.0112552 -0.0095675 0.00118872
 0.0101842 0.00449625 0.00928123 -0.00804327 0.00103243
 0.00977055 0.00412475 0.00869595 -0.00742072 0.000830212
 0.00973553 0.00395517 0.00796948 -0.0065903 0.000692473
 0.00943105 0.00391072 0.00746652 -0.0063117 0.000962198
 0.00928517 0.00362035 0.0062102 -0.00516645 0.00075492
 0.00898075 0.00343372 0.00624923 -0.00501145 0.00073513
 0.00875987 0.0033063 0.00548805 -0.00437742 0.000747
 0.00848302 0.00308748 0.00466878 -0.00384435 0.000709425
 0.00839767 0.0029686 0.00425112 -0.00334042 0.000604607
 0.0081631 0.00288065 0.00384495 -0.0030036 0.00066895
 0.00802525 0.00274655 0.00301438 -0.00221355 0.00060554
 0.00771278 0.0025323 0.00253962 -0.00192019 0.000503057
 0.00759778 0.00250717 0.00228812 -0.0016003 0.000585417
 0.00747927 0.00240545 0.0018862 -0.00127252 0.000544143
 0.00721402 0.0023279 0.00140518 -0.000875063 0.000581488
 0.00698285 0.002197 0.00130963 -0.000740072 0.000486888
 0.00682293 0.00212303 0.000855203 -0.000436532 0.000534657
 0.0064938 0.00200623 0.00063999 -0.000202029 0.000508655
 0.0063257 0.00193715 0.000545742 -0.000127223 0.000490068
 0.00622645 0.00184993 0.000264425 2.66123e-05 0.000442302
 0.00598345 0.00178611 0.000124375 0.000150978 0.00045898
 0.00574315 0.00169031 -6.8902e-05 0.00036557 0.000433777
 0.0054829 0.00162092 4.02142e-06 0.000262715 0.000420592
 0.00526953 0.00154603 -0.000165078 0.000405552 0.000427568
 0.00509928 0.00146835 -0.000357665 0.00050608 0.000382715
 0.0048753 0.00141075 -0.00031249 0.00046391 0.000398335
 0.0045583 0.00129772 -0.000360348 0.00049305 0.000347447
 0.0044565 0.00125935 -0.000465162 0.000578925 0.000345995
 0.0041782 0.00117309 -0.000452917 0.000552595 0.000310995
 0.0040232 0.00113228 -0.000419605 0.000489675 0.000319493
 0.00377168 0.00105658 -0.0004355 0.000471465 0.00029839
 0.00360825 0.0010132 -0.00042185 0.00046986 0.000291523
 0.00338495 0.000939943 -0.00037986 0.00041207 0.00026301
 0.00316582 0.0008813 -0.000353735 0.000379965 0.00025009
 0.0029627 0.000823275 -0.000311815 0.000315652 0.000231105
 0 0 0 0 0
 0 0 0 0 0
 0 0 0 0 0
 0 0 0 0 0
 0 0 0 0 0
 0 0 0 0 0
 0 0 0 0 0
 0 0 0 0 0
 0 0 0 0 0
 0 0 0 0 0
 0 0 0 0 0
 0 0 0 0 0
 0 0 0 0 0
 0 0 0 0 0
 0 0 0 0 0
 0 0 0 0 0
 0 0 0 0 0
 0 0 0 0 0
 0 0 0 0 0
 0 0 0 0 0
 0 0 0 0 0
 0 0 0 0 0
 0 0 0 0 0
 0 0 0 0 0
 0 0 0 0 0
 0 0 0 0 0
 0 0 0 0 0
 0 0 0 0 0
 0 0 0 0 0
 0 0 0 0 0
 0 0 0 0 0
 0 0 0 0 0
 0 0 0 0 0
 0 0 0 0 0
 0 0 0 0 0
 0 0 0 0 0
 0 0 0 0 0
 0 0 0 0 0
 0 0 0 0 0
 0 0 0 0 0
 0 0 0 0 0
 0 0 0 0 0
 3.17907 2.8338 0.0868275 -0.0647222 2.5246
 1.59525 1.39133 0.0861583 -0.0656077 1.21201
 0.966775 0.825657 0.0872202 -0.0670992 0.703808
 0.674355 0.564455 0.0900037 -0.0700682 0.47103
 0.480118 0.394133 0.0886867 -0.07001 0.3219
 0.364787 0.293943 0.08887 -0.0705273 0.235203
 0.287978 0.228047 0.0886625 -0.0710233 0.179026
 0.230993 0.179758 0.0875082 -0.07076 0.138193
 0.191831 0.146808 0.0870455 -0.070807 0.110484
 0.162779 0.122634 0.086177 -0.0706555 0.09059
 0.136469 0.101219 0.0835147 -0.0686865 0.0731002
 0.118038 0.086275 0.081457 -0.067906 0.0611323
 0.102628 0.0739295 0.0792345 -0.0660147 0.051244
 0.0891535 0.0632777 0.0760758 -0.0637518 0.042782
 0.0773265 0.054218 0.072383 -0.060551 0.036004
 0.0687797 0.047608 0.0698623 -0.058843 0.030845
 0.061633 0.0420095 0.0681338 -0.05741 0.0262935
 0.0543455 0.0365863 0.063014 -0.0534025 0.0224467
 0.0496895 0.0331197 0.0614883 -0.0519977 0.0199974
 0.0445835 0.029307 0.0585038 -0.049451 0.0170941
 0.040899 0.0265507 0.054915 -0.04685 0.0149308
 0.0371405 0.0238982 0.0517165 -0.0437917 0.0131537
 0.0340675 0.0216531 0.048872 -0.0417405 0.0114314
 0.0313452 0.0196864 0.046061 -0.0394945 0.0099405
 0.0287543 0.0179816 0.0424135 -0.0360007 0.00910312
 0.0264723 0.0164241 0.0403353 -0.0342235 0.00805242
 0.025008 0.0154262 0.0382187 -0.0324265 0.00739202
 0.0229716 0.0139728 0.0352325 -0.029751 0.00615143
 0.0216747 0.0133868 0.0335053 -0.028122 0.00625663
 0.0202094 0.0125075 0.030828 -0.026177 0.00574457
 0.0187284 0.0114454 0.0287927 -0.024249 0.00482975
 0.0176552 0.0109151 0.0272375 -0.0229161 0.0047255
 0.0169457 0.0103489 0.0262213 -0.0221991 0.00429565
 0.0159181 0.00985168 0.023889 -0.020221 0.00442212
 0.0151542 0.0091444 0.022837 -0.01947 0.00374423
 0.0145746 0.00860028 0.0218504 -0.0185739 0.00333147
 0.0138941 0.00824472 0.0197801 -0.0165654 0.00342375
 0.0132557 0.00760985 0.0188191 -0.0158634 0.00288325
 0.0126068 0.00708067 0.0169885 -0.0145247 0.00267058
 0.0122374 0.00661795 0.0162868 -0.0138736 0.00215799
 0.0117156 0.00607815 0.0152611 -0.0130594 0.0017656
 0.0112802 0.00570165 0.0136003 -0.0115863 0.00158472
 0.0112087 0.0055279 0.0134918 -0.0114185 0.0015361
 0.0108085 0.00518815 0.011623 -0.00989065 0.00138542
 0.0102657 0.00474197 0.0109971 -0.00958105 0.00115526
 0.010032 0.0043863 0.0102241 -0.00869505 0.000904405
 0.00998077 0.00429542 0.00936863 -0.00785255 0.000950185
 0.00947797 0.00396423 0.0080914 -0.0067744 0.000842385
 0.00922062 0.0037858 0.00724333 -0.00596218 0.000926523
 0.00912895 0.00367572 0.00683865 -0.0056528 0.000858785
 0.00886225 0.00341735 0.00587002 -0.00492775 0.00073582
 0.00848525 0.00320208 0.00503915 -0.00419578 0.00067994
 0.0083106 0.00310635 0.00465148 -0.00375115 0.000689305
 0.0082815 0.00299685 0.0044595 -0.00357245 0.000677888
 0.00804635 0.00284805 0.00407943 -0.00314297 0.000605795
 0.00793413 0.00269567 0.00306017 -0.00240178 0.000522763
 0.00757817 0.0025938 0.00255458 -0.00193492 0.000605907
 0.00745048 0.0024832 0.00250085 -0.0018699 0.000550942
 0.0073916 0.00246523 0.00205476 -0.00147056 0.00062097
 0.00709253 0.00232079 0.00150096 -0.00105068 0.000561685
 0.0069476 0.002224 0.0013466 -0.000876195 0.00053045
 0.0068254 0.00217591 0.00108815 -0.000646605 0.000563315
 0.00652032 0.00207407 0.000845875 -0.000491423 0.000549105
 0.0063184 0.00195961 0.00065101 -0.000259578 0.00048607
 0.00612588 0.00189316 0.000498165 -0.000180772 0.000493652
 0.00580553 0.00178338 0.000243105 4.93982e-05 0.00045165
 0.005672 0.00172745 2.6466e-05 0.000228419 0.0004682
 0.00550943 0.00167234 -0.000198089 0.000435142 0.00046906
 0.00525427 0.00158283 -0.000150739 0.00038566 0.00045852
 0.00503425 0.00147291 -0.000290948 0.000481985 0.00039945
 0.0048465 0.00143262 -0.000371483 0.000512278 0.000416607
 0.00463415 0.00136058 -0.00033136 0.000500372 0.000390325
 0.00439065 0.00127924 -0.000379673 0.00046587 0.000364408
 0.00421755 0.00121944 -0.000425045 0.000485888 0.00035354
 0.00398665 0.00114998 -0.000421942 0.00048502 0.000337588
 0.00379007 0.00108324 -0.000395065 0.00044196 0.000310125
 0.00361705 0.00102881 -0.000414415 0.000444122 0.00029439
 0.00343238 0.000979593 -0.0003539 0.000384133 0.00028311
 0.0031682 0.000902062 -0.000315083 0.000325973 0.000261095
 0 0 0 0 0
 0 0 0 0 0
 0 0 0 0 0
 0 0 0 0 0
 0 0 0 0 0
 0 0 0 0 0
 0 0 0 0 0
 0 0 0 0 0
 0 0 0 0 0
 0 0 0 0 0
 0 0 0 0 0
 0 0 0 0 0
 0 0 0 0 0
 0 0 0 0 0
 0 0 0 0 0
 0 0 0 0 0
 0 0 0 0 0
 0 0 0 0 0
 0 0 0 0 0
 0 0 0 0 0
 0 0 0 0 0
 0 0 0 0 0
 0 0 0 0 0
 0 0 0 0 0
 0 0 0 0 0
 0 0 0 0 0
 0 0 0 0 0
 0 0 0 0 0
 0 0 0 0 0
 0 0 0 0 0
 0 0 0 0 0
 0 0 0 0 0
 0 0 0 0 0
 0 0 0 0 0
 0 0 0 0 0
 0 0 0 0 0
 0 0 0 0 0
 0 0 0 0 0
 0 0 0 0 0
 0 0 0 0 0
 0 0 0 0 0
 0 0 0 0 0
 0 0 0 0 0
 3.10785 2.7866 0.0790722 -0.058746 2.49761
 1.53783 1.34964 0.0795387 -0.060211 1.18348
 0.955525 0.821623 0.0824577 -0.063477 0.705167
 0.639085 0.53886 0.0827115 -0.0643853 0.453143
 0.47595 0.393773 0.0863883 -0.067669 0.32453
 0.353148 0.286858 0.0840495 -0.0669215 0.231539
 0.280798 0.22417 0.0845325 -0.067742 0.177515
 0.227334 0.178396 0.0848977 -0.0687092 0.138584
 0.188639 0.145588 0.0845015 -0.0688535 0.110665
 0.155494 0.118093 0.0827723 -0.0678823 0.0879122
 0.132978 0.0994623 0.0806418 -0.06663 0.0726762
 0.113065 0.083395 0.0786863 -0.0652313 0.059903
 0.100713 0.0731382 0.0786502 -0.0658222 0.0512967
 0.0878523 0.062972 0.0755638 -0.0635842 0.0433685
 0.0755382 0.0533413 0.0706948 -0.0597972 0.0356908
 0.0675782 0.0471222 0.0683433 -0.0578435 0.0309012
 0.0606845 0.0417862 0.0668087 -0.056561 0.026978
 0.0551825 0.0375655 0.065116 -0.055348 0.0238475
 0.0485785 0.032699 0.0602002 -0.051276 0.0202338
 0.0447223 0.0296585 0.0587608 -0.0499965 0.0176962
 0.0415118 0.027188 0.0560895 -0.047687 0.0157525
 0.036585 0.023701 0.0518187 -0.044169 0.0132542
 0.0333307 0.0214113 0.0492322 -0.0420305 0.0117693
 0.0314498 0.0200534 0.0466013 -0.0397185 0.0109054
 0.028797 0.0181768 0.0435592 -0.0373205 0.0096251
 0.0263673 0.0164058 0.0411583 -0.0354243 0.00823595
 0.0246672 0.0152287 0.0391075 -0.03351 0.00742117
 0.0230552 0.0141276 0.0357685 -0.0305025 0.00656358
 0.0215415 0.013167 0.0344793 -0.0295368 0.00605868
 0.0198298 0.0121682 0.0314502 -0.026766 0.00561932
 0.0187859 0.011631 0.0293772 -0.0251505 0.00535603
 0.0177266 0.0109123 0.0283945 -0.0241458 0.00481713
 0.0168707 0.0104294 0.0267103 -0.0225614 0.0046648
 0.0157151 0.00954463 0.0244992 -0.0209063 0.00403097
 0.0150208 0.0090535 0.0233758 -0.0199441 0.00371282
 0.0145643 0.00866222 0.0227317 -0.0191678 0.00348382
 0.0138271 0.00818643 0.0210301 -0.0181073 0.0032665
 0.0132172 0.0076038 0.0194144 -0.0163636 0.00294323
 0.0127475 0.0071653 0.0178831 -0.0151786 0.00266643
 0.0121137 0.00659678 0.0166916 -0.0145006 0.00227165
 0.011728 0.00614408 0.0154836 -0.0134901 0.00188763
 0.0112366 0.00586742 0.0138872 -0.0117127 0.0019229
 0.010733 0.00531175 0.0132025 -0.0114784 0.00154702
 0.0105247 0.00515435 0.0118015 -0.0101848 0.00156431
 0.0102941 0.0047671 0.0113359 -0.0096171 0.00126711
 0.009715 0.004391 0.00973917 -0.00834095 0.00110491
 0.00966978 0.00430965 0.00928658 -0.0078412 0.00113009
 0.00945177 0.00410527 0.00839678 -0.0070761 0.000947852
 0.00910275 0.00380875 0.00788763 -0.0068138 0.000914393
 0.00895978 0.00371572 0.00723852 -0.00589693 0.000992968
 0.00864693 0.0034202 0.00566085 -0.00478067 0.0007804
 0.00854967 0.003286 0.00546403 -0.00452285 0.000738832
 0.00828815 0.00319297 0.00466878 -0.00386935 0.000784428
 0.00816677 0.00302625 0.00442172 -0.00362445 0.000681535
 0.00810802 0.00302732 0.00361917 -0.00291432 0.000805395
 0.0077686 0.00279795 0.00304685 -0.0023815 0.00067778
 0.00758892 0.00267693 0.0026393 -0.00205114 0.000639615
 0.00744893 0.00259027 0.00247363 -0.00177375 0.000679358
 0.00718133 0.00242341 0.00213775 -0.00164628 0.000571125
 0.0070367 0.00238226 0.00152475 -0.00112848 0.000630035
 0.0068498 0.00227013 0.00137823 -0.00089078 0.000587637
 0.00668335 0.00218267 0.00116813 -0.000713712 0.000579552
 0.0064937 0.00208786 0.000791123 -0.000458193 0.000559705
 0.0062233 0.00200325 0.000628858 -0.000268892 0.000554395
 0.00609465 0.00191893 0.000349865 -3.0337e-05 0.000524358
 0.00580063 0.00182087 0.000236044 4.69853e-05 0.00048227
 0.00558295 0.00176199 0.000158977 7.4432e-05 0.000520118
 0.00537487 0.00165623 1.07734e-05 0.00022444 0.000461873
 0.00523147 0.00159449 -0.000117556 0.000332588 0.000449853
 0.00504262 0.00153593 -0.00016218 0.00034494 0.00045186
 0.00480347 0.00145513 -0.000248658 0.000410875 0.00042453
 0.00453368 0.0013643 -0.000338288 0.000468453 0.00040312
 0.00447402 0.00133866 -0.000306655 0.000395332 0.000396308
 0.0041566 0.00124033 -0.000367972 0.000423955 0.0003781
 0.00397075 0.0011718 -0.000295785 0.000374175 0.00034368
 0.0037496 0.00109977 -0.00035192 0.000403215 0.000318595
 0.00360005 0.00105288 -0.000340552 0.000377852 0.000314025
 0.00336787 0.000982825 -0.000331385 0.000353987 0.00029571
 0 0 0 0 0
 0 0 0 0 0
 0 0 0 0 0
 0 0 0 0 0
 0 0 0 0 0
 0 0 0 0 0
 0 0 0 0 0
 0 0 0 0 0
 0 0 0 0 0
 0 0 0 0 0
 0 0 0 0 0
 0 0 0 0 0
 0 0 0 0 0
 0 0 0 0 0
 0 0 0 0 0
 0 0 0 0 0
 0 0 0 0 0
 0 0 0 0 0
 0 0 0 0 0
 0 0 0 0 0
 0 0 0 0 0
 0 0 0 0 0
 0 0 0 0 0
 0 0 0 0 0
 0 0 0 0 0
 0 0 0 0 0
 0 0 0 0 0
 0 0 0 0 0
 0 0 0 0 0
 0 0 0 0 0
 0 0 0 0 0
 0 0 0 0 0
 0 0 0 0 0
 0 0 0 0 0
 0 0 0 0 0
 0 0 0 0 0
 0 0 0 0 0
 0 0 0 0 0
 0 0 0 0 0
 0 0 0 0 0
 0 0 0 0 0
 0 0 0 0 0
 0 0 0 0 0
 0 0 0 0 0
 3.00345 2.70762 0.0718675 -0.0531033 2.44008
 1.50969 1.33305 0.0740022 -0.0555665 1.17617
 0.917115 0.79359 0.0765245 -0.0584147 0.685752
 0.622985 0.528812 0.0780717 -0.0602542 0.447943
 0.451487 0.376383 0.078039 -0.0615555 0.312732
 0.345937 0.283053 0.0804353 -0.0639765 0.230204
 0.26953 0.216765 0.080071 -0.0643585 0.172997
 0.217602 0.172205 0.0798462 -0.0646755 0.135245
 0.180412 0.140474 0.079626 -0.0648768 0.108064
 0.154648 0.118387 0.0813395 -0.0669335 0.0891442
 0.132057 0.0996395 0.0788495 -0.0655448 0.0738355
 0.113215 0.0840608 0.078377 -0.065188 0.0608313
 0.0975943 0.0715337 0.074788 -0.0628653 0.0510137
 0.0873625 0.0630928 0.0751163 -0.0636547 0.044037
 0.0747468 0.0533 0.0697867 -0.058909 0.0364737
 0.0667105 0.0468785 0.0686655 -0.0583157 0.0311605
 0.0599838 0.0416685 0.066052 -0.0564287 0.027402
 0.0528545 0.0361233 0.0623718 -0.0531635 0.0228245
 0.048686 0.032814 0.0604243 -0.0517888 0.0202075
 0.043773 0.0292855 0.0574518 -0.0489908 0.0178254
 0.039946 0.0264028 0.0553095 -0.0474823 0.0157033
 0.0356925 0.02323 0.0515843 -0.0444968 0.0132273
 0.033489 0.0215956 0.049532 -0.042699 0.0120646
 0.0308145 0.0196666 0.0467873 -0.0401385 0.0106805
 0.0280035 0.0176792 0.0440995 -0.0378995 0.00930375
 0.0263512 0.0164927 0.0415822 -0.0359107 0.00844483
 0.0243784 0.0151021 0.0389832 -0.0335127 0.00743417
 0.0227785 0.0139794 0.035923 -0.0308345 0.00658725
 0.0212957 0.0131948 0.0344952 -0.0293615 0.00658152
 0.0200601 0.0123355 0.0323533 -0.0275267 0.00589582
 0.0189769 0.0116496 0.0301393 -0.0258045 0.00543545
 0.0176109 0.0108241 0.0287592 -0.0245715 0.0049363
 0.0167733 0.0103974 0.0265547 -0.0225852 0.00490218
 0.0159368 0.00975608 0.025053 -0.0213633 0.00428582
 0.0149386 0.0090124 0.0234861 -0.0201436 0.00380568
 0.014451 0.00878355 0.0223723 -0.0191904 0.00400387
 0.0138189 0.00811078 0.0211459 -0.0181814 0.00339593
 0.0129196 0.0075143 0.0194502 -0.0165788 0.00312475
 0.0123911 0.00699973 0.0181926 -0.0156502 0.00265922
 0.0119762 0.00667033 0.0170531 -0.0145094 0.00247736
 0.0116025 0.00631815 0.0156444 -0.0135858 0.00230882
 0.0112359 0.0059322 0.0146544 -0.0127404 0.00207649
 0.0105945 0.00539097 0.0128122 -0.0108924 0.00168678
 0.010541 0.00529555 0.0122796 -0.0105271 0.0018739
 0.0101431 0.0048928 0.0111683 -0.00972045 0.00146008
 0.00971848 0.004528 0.0101005 -0.00877768 0.00132591
 0.00947377 0.00426382 0.00950318 -0.00821877 0.0011255
 0.00907662 0.00391697 0.00809875 -0.006825 0.000916765
 0.00883882 0.00382062 0.0076504 -0.00637318 0.00102997
 0.0086776 0.00359665 0.00699707 -0.00586395 0.000853088
 0.0086657 0.0034699 0.00580515 -0.00489817 0.00082097
 0.00850575 0.00347267 0.00549203 -0.0045178 0.00100969
 0.00826102 0.00312988 0.00513738 -0.0042438 0.000693278
 0.0081363 0.00307608 0.00415813 -0.00344545 0.000764162
 0.00784143 0.00289958 0.00377612 -0.00309523 0.000708077
 0.00750562 0.00272525 0.00304125 -0.00248961 0.000690018
 0.00741565 0.00265495 0.00256957 -0.00194871 0.000662123
 0.00725515 0.00257938 0.00264145 -0.00206024 0.00070208
 0.00714983 0.00248387 0.00231358 -0.00165461 0.000674873
 0.00690858 0.00240764 0.00182399 -0.00132879 0.000692065
 0.00679108 0.00231955 0.00173483 -0.00120962 0.00062893
 0.0065868 0.0022229 0.00116716 -0.000775835 0.000641972
 0.0064504 0.00214807 0.000826605 -0.000563003 0.000618442
 0.00618067 0.0020271 0.000784095 -0.00039892 0.00055342
 0.006031 0.00195884 0.000402812 -0.00011986 0.000565245
 0.00579623 0.00186337 0.000444178 -0.000149878 0.000553115
 0.00558123 0.00177844 0.000237426 -1.12802e-05 0.00050672
 0.005361 0.00170299 0.000124902 8.53315e-05 0.000517508
 0.0051238 0.0016175 2.12511e-05 0.000154946 0.000494958
 0.00497725 0.00154975 -0.000100109 0.00028743 0.00046926
 0.00482385 0.00150099 -0.000166781 0.000316845 0.000450637
 0.00456803 0.00140788 -0.000234385 0.000345838 0.000430782
 0.00434213 0.00132628 -0.00027783 0.000362625 0.00039925
 0.00414728 0.00126514 -0.000316975 0.000356855 0.000390002
 0.00395433 0.00118969 -0.000321472 0.000389748 0.000350477
 0.00379375 0.0011434 -0.00031052 0.000342662 0.000353442
 0.00357983 0.00107139 -0.000285465 0.000332593 0.000327078
 0 0 0 0 0
 0 0 0 0 0
 0 0 0 0 0
 0 0 0 0 0
 0 0 0 0 0
 0 0 0 0 0
 0 0 0 0 0
 0 0 0 0 0
 0 0 0 0 0
 0 0 0 0 0
 0 0 0 0 0
 0 0 0 0 0
 0 0 0 0 0
 0 0 0 0 0
 0 0 0 0 0
 0 0 0 0 0
 0 0 0 0 0
 0 0 0 0 0
 0 0 0 0 0
 0 0 0 0 0
 0 0 0 0 0
 0 0 0 0 0
 0 0 0 0 0
 0 0 0 0 0
 0 0 0 0 0
 0 0 0 0 0
 0 0 0 0 0
 0 0 0 0 0
 0 0 0 0 0
 0 0 0 0 0
 0 0 0 0 0
 0 0 0 0 0
 0 0 0 0 0
 0 0 0 0 0
 0 0 0 0 0
 0 0 0 0 0
 0 0 0 0 0
 0 0 0 0 0
 0 0 0 0 0
 0 0 0 0 0
 0 0 0 0 0
 0 0 0 0 0
 0 0 0 0 0
 0 0 0 0 0
 0 0 0 0 0
 2.92337 2.64892 0.0648875 -0.0473628 2.39968
 1.43277 1.27229 0.0663137 -0.0491447 1.12917
 0.887928 0.772945 0.0701205 -0.0530888 0.671793
 0.59749 0.51069 0.0716512 -0.05501 0.435772
 0.430952 0.3616 0.07279 -0.0568545 0.302545
 0.333445 0.274848 0.0751695 -0.0596298 0.225598
 0.26054 0.211102 0.0758115 -0.0605863 0.169933
 0.215026 0.171399 0.0771795 -0.0626243 0.135734
 0.176762 0.138623 0.0762785 -0.062121 0.107592
 0.147727 0.113998 0.0761245 -0.0628688 0.0866895
 0.125691 0.0954838 0.0752202 -0.0624105 0.0711205
 0.109817 0.082275 0.0748948 -0.0625255 0.0602675
 0.0952943 0.0703385 0.0731747 -0.0615242 0.05058
 0.0836387 0.0608793 0.0712608 -0.0603245 0.0429433
 0.074874 0.053765 0.0692535 -0.0588703 0.037154
 0.064377 0.0455432 0.0663828 -0.0563988 0.0306405
 0.058986 0.041232 0.065017 -0.055477 0.0273362
 0.053107 0.0366177 0.06309 -0.0541177 0.0236869
 0.0483875 0.0329167 0.0614138 -0.0526547 0.0207534
 0.04413 0.0297393 0.058128 -0.0500712 0.018517
 0.0397577 0.026375 0.0553385 -0.0479493 0.0157323
 0.0370225 0.0243839 0.0536902 -0.046292 0.0143808
 0.0334738 0.0217862 0.0496383 -0.042859 0.0126224
 0.0306795 0.0197962 0.0472252 -0.04067 0.0111788
 0.0284333 0.0181802 0.0443983 -0.0384968 0.0101024
 0.0262235 0.0165936 0.041967 -0.0361722 0.00896202
 0.0248257 0.0154962 0.040446 -0.0348953 0.00798518
 0.0226927 0.0139115 0.0376417 -0.0326375 0.00661965
 0.0213576 0.0131885 0.034298 -0.029599 0.00648692
 0.0199879 0.0122171 0.0328315 -0.0283328 0.00569418
 0.0188768 0.0116327 0.0311255 -0.026923 0.00556985
 0.0179179 0.0111545 0.0292693 -0.0251595 0.00549872
 0.0168403 0.0104542 0.0278095 -0.0238118 0.00496933
 0.0158358 0.009692 0.0255655 -0.0219211 0.00443513
 0.0148566 0.0091581 0.0235518 -0.0204639 0.00423088
 0.0142308 0.00859875 0.0227946 -0.0195006 0.00381988
 0.0137277 0.00814545 0.0213357 -0.0183427 0.00345575
 0.012831 0.00748712 0.019806 -0.0170453 0.00302965
 0.0123558 0.0070206 0.0186325 -0.0161113 0.00264365
 0.0120159 0.0066542 0.0176809 -0.0152417 0.00256837
 0.0114679 0.00628675 0.0157949 -0.0136322 0.00236664
 0.0110394 0.0059382 0.0144083 -0.0127108 0.00223997
 0.0107155 0.00556957 0.013748 -0.0121196 0.00202509
 0.0102415 0.0051213 0.0124635 -0.0109476 0.00168718
 0.010023 0.00485125 0.0115633 -0.00990765 0.00139907
 0.00971938 0.00465522 0.0109261 -0.0093675 0.00149603
 0.00938525 0.00431055 0.00928177 -0.00802757 0.00128993
 0.0090698 0.00405642 0.00831305 -0.0070742 0.00118177
 0.00892503 0.00383323 0.00778615 -0.00666595 0.000981465
 0.0087399 0.00371497 0.00710323 -0.00595075 0.000998087
 0.00838345 0.00347105 0.00629548 -0.0052309 0.000926792
 0.00824478 0.00339707 0.0056416 -0.00483653 0.000928188
 0.00807903 0.00321927 0.0050905 -0.00426737 0.000857838
 0.007786 0.00299975 0.0041938 -0.00345057 0.000758202
 0.00773298 0.00292057 0.0041143 -0.00333675 0.0007867
 0.0076607 0.00281917 0.00354282 -0.00284832 0.000733842
 0.00728295 0.002717 0.0030883 -0.00253475 0.000799007
 0.00717812 0.00260228 0.00269125 -0.00209201 0.000715548
 0.00698135 0.0025206 0.00235813 -0.00184017 0.000728025
 0.00678485 0.00238897 0.00173154 -0.00123525 0.000672403
 0.00659892 0.00229141 0.00148089 -0.00101369 0.000654628
 0.0064774 0.00220398 0.00122293 -0.000798295 0.000611737
 0.00625568 0.00214878 0.00111478 -0.00081292 0.000661035
 0.00612905 0.00208457 0.000878262 -0.000517617 0.000658962
 0.00591632 0.00198293 0.000656745 -0.0004148 0.000611652
 0.0057208 0.00191286 0.000477583 -0.000206288 0.000599
 0.00550497 0.00181979 0.000219591 7.173e-06 0.00057706
 0.0054282 0.00175966 0.000283523 -9.02655e-05 0.00053145
 0.0051877 0.00166722 4.92728e-05 0.00015443 0.000511977
 0.00496218 0.00159384 -4.8704e-05 0.000203418 0.000499965
 0.0047568 0.00151057 -0.00011977 0.000250322 0.000469163
 0.00451727 0.00142069 -0.000167356 0.00028689 0.000435023
 0.0043363 0.00135298 -0.000190473 0.000303373 0.000415795
 0.00418675 0.00130724 -0.000213733 0.000298648 0.00042091
 0.00399315 0.0012354 -0.000253745 0.000293137 0.000391348
 0.00375663 0.00115658 -0.000230692 0.000269895 0.000362305
 0 0 0 0 0
 0 0 0 0 0
 0 0 0 0 0
 0 0 0 0 0
 0 0 0 0 0
 0 0 0 0 0
 0 0 0 0 0
 0 0 0 0 0
 0 0 0 0 0
 0 0 0 0 0
 0 0 0 0 0
 0 0 0 0 0
 0 0 0 0 0
 0 0 0 0 0
 0 0 0 0 0
 0 0 0 0 0
 0 0 0 0 0
 0 0 0 0 0
 0 0 0 0 0
 0 0 0 0 0
 0 0 0 0 0
 0 0 0 0 0
 0 0 0 0 0
 0 0 0 0 0
 0 0 0 0 0
 0 0 0 0 0
 0 0 0 0 0
 0 0 0 0 0
 0 0 0 0 0
 0 0 0 0 0
 0 0 0 0 0
 0 0 0 0 0
 0 0 0 0 0
 0 0 0 0 0
 0 0 0 0 0
 0 0 0 0 0
 0 0 0 0 0
 0 0 0 0 0
 0 0 0 0 0
 0 0 0 0 0
 0 0 0 0 0
 0 0 0 0 0
 0 0 0 0 0
 0 0 0 0 0
 0 0 0 0 0
 0 0 0 0 0
 2.78972 2.53978 0.0573397 -0.0410845 2.31187
 1.39102 1.24172 0.0608313 -0.0446238 1.10793
 0.83845 0.734247 0.0627572 -0.047148 0.642382
 0.573853 0.493362 0.0660895 -0.0504167 0.42342
 0.414172 0.349667 0.0675553 -0.0526468 0.294373
 0.316375 0.262588 0.068827 -0.0543153 0.217146
 0.25922 0.211556 0.0733137 -0.0585772 0.171847
 0.205237 0.164785 0.0715903 -0.0579645 0.131439
 0.169241 0.133732 0.0710785 -0.0580433 0.104614
 0.143967 0.111971 0.0717558 -0.0593187 0.0860657
 0.124642 0.0955318 0.0728238 -0.060552 0.072294
 0.10775 0.0813212 0.072256 -0.0605872 0.0602523
 0.094679 0.07044 0.0717587 -0.0602782 0.0512295
 0.0842228 0.0618042 0.0714158 -0.0602097 0.0440805
 0.0732078 0.0529815 0.0686028 -0.058081 0.037079
 0.0652737 0.0466033 0.0668165 -0.0569048 0.0319577
 0.0581823 0.040908 0.0644423 -0.0553787 0.0272932
 0.0526138 0.0366407 0.0618855 -0.0533738 0.0242878
 0.047546 0.0326065 0.060021 -0.0517285 0.0208798
 0.0434098 0.0293988 0.0576577 -0.0498542 0.0184236
 0.038924 0.0261145 0.054445 -0.0472133 0.0161567
 0.0362322 0.0239923 0.0520922 -0.045368 0.0143987
 0.0331327 0.0216568 0.0506405 -0.0438005 0.0126863
 0.0306705 0.0198433 0.0467713 -0.0407975 0.0113108
 0.027967 0.0179831 0.0440085 -0.038203 0.0101985
 0.0259083 0.0164813 0.041887 -0.0364022 0.0089921
 0.0241909 0.0151986 0.0398012 -0.0346913 0.0080694
 0.0225726 0.0140472 0.0375808 -0.0325605 0.00723162
 0.0212226 0.013162 0.0355723 -0.030848 0.00669975
 0.0198213 0.0123566 0.0334452 -0.0289455 0.0064703
 0.0183963 0.0112372 0.0311732 -0.0270367 0.00528912
 0.0174289 0.0107943 0.0292565 -0.0253165 0.00524463
 0.0164928 0.0102205 0.0276027 -0.0241097 0.00488945
 0.0156744 0.00978435 0.025389 -0.0219866 0.00492155
 0.0150174 0.00926557 0.0242032 -0.0209173 0.00450008
 0.013991 0.00860825 0.0227542 -0.0196001 0.0040993
 0.0135161 0.00807532 0.0213091 -0.0185444 0.00365978
 0.0129122 0.00752035 0.0202362 -0.017429 0.00302925
 0.0125073 0.00729937 0.019155 -0.0166221 0.00311757
 0.0117693 0.00661625 0.0174492 -0.0152746 0.00262643
 0.0114724 0.00637768 0.0163111 -0.0142245 0.00255645
 0.0109254 0.0059221 0.0149196 -0.0131711 0.00229004
 0.0105978 0.0054958 0.0135483 -0.0120009 0.00193084
 0.0101668 0.00517878 0.0127129 -0.0110767 0.00172217
 0.00969088 0.00480728 0.0115356 -0.0101978 0.00165838
 0.00965085 0.0047178 0.0112285 -0.00977665 0.00162198
 0.00943832 0.00443125 0.00960945 -0.00828715 0.00145196
 0.00894395 0.0040981 0.00840735 -0.00728995 0.00127101
 0.0087932 0.00393595 0.00784678 -0.00677002 0.00124072
 0.00855615 0.00367572 0.00687895 -0.00586522 0.000989812
 0.00830755 0.00351033 0.0062202 -0.0053819 0.00107659
 0.00821537 0.00337162 0.00586173 -0.00487903 0.000904868
 0.00802717 0.00329562 0.00521243 -0.00425605 0.00101211
 0.00776167 0.00308917 0.00471275 -0.0039448 0.000887012
 0.00748785 0.00290837 0.0037686 -0.00313763 0.000854222
 0.00743175 0.00281923 0.0032492 -0.00259615 0.000777855
 0.00724635 0.00271312 0.00322417 -0.00257745 0.00075769
 0.00696842 0.00257377 0.00266617 -0.00202829 0.00070192
 0.00698872 0.0025902 0.00219061 -0.00169446 0.000793085
 0.00676723 0.00241819 0.0020094 -0.00148726 0.000702178
 0.0065804 0.00237282 0.00162785 -0.00122463 0.00074527
 0.00637495 0.00223943 0.00129723 -0.000898215 0.000666648
 0.00619275 0.0021471 0.00101687 -0.000663125 0.000652388
 0.00606895 0.00207573 0.000858678 -0.000522728 0.000655213
 0.00579105 0.00198143 0.000748785 -0.000461345 0.000611075
 0.00570545 0.00192726 0.00046136 -0.000198229 0.000604637
 0.00550342 0.00183005 0.000327655 -8.21178e-05 0.000557935
 0.00530393 0.00175878 0.000226582 1.71625e-05 0.000563215
 0.00500805 0.00164647 0.000131862 4.74485e-05 0.00051836
 0.00493822 0.00160476 5.15227e-05 0.000135227 0.000499613
 0.00471333 0.00153235 -0.000109986 0.00023634 0.000486195
 0.00446725 0.00143218 -0.000172458 0.000245219 0.000452665
 0.00433773 0.0014002 -0.000110612 0.000189732 0.00046748
 0.00412225 0.0013087 -0.000180477 0.000244426 0.000421263
 0.0039757 0.00125375 -0.000178873 0.000241089 0.000403183
 0 0 0 0 0
 0 0 0 0 0
 0 0 0 0 0
 0 0 0 0 0
 0 0 0 0 0
 0 0 0 0 0
 0 0 0 0 0
 0 0 0 0 0
 0 0 0 0 0
 0 0 0 0 0
 0 0 0 0 0
 0 0 0 0 0
 0 0 0 0 0
 0 0 0 0 0
 0 0 0 0 0
 0 0 0 0 0
 0 0 0 0 0
 0 0 0 0 0
 0 0 0 0 0
 0 0 0 0 0
 0 0 0 0 0
 0 0 0 0 0
 0 0 0 0 0
 0 0 0 0 0
 0 0 0 0 0
 0 0 0 0 0
 0 0 0 0 0
 0 0 0 0 0
 0 0 0 0 0
 0 0 0 0 0
 0 0 0 0 0
 0 0 0 0 0
 0 0 0 0 0
 0 0 0 0 0
 0 0 0 0 0
 0 0 0 0 0
 0 0 0 0 0
 0 0 0 0 0
 0 0 0 0 0
 0 0 0 0 0
 0 0 0 0 0
 0 0 0 0 0
 0 0 0 0 0
 0 0 0 0 0
 0 0 0 0 0
 0 0 0 0 0
 0 0 0 0 0
 2.7808 2.54268 0.0522893 -0.0366635 2.32458
 1.35208 1.21294 0.055068 -0.0396883 1.08792
 0.811808 0.714735 0.0578725 -0.0427505 0.628952
 0.55273 0.47792 0.0608027 -0.046009 0.412622
 0.4019 0.341538 0.0628662 -0.0482157 0.289827
 0.307765 0.2572 0.0647693 -0.0507408 0.214526
 0.24451 0.200937 0.0664483 -0.0527992 0.16455
 0.198044 0.16012 0.0677055 -0.0548797 0.128735
 0.167627 0.133309 0.0699527 -0.057044 0.105154
 0.140154 0.109819 0.068822 -0.0564055 0.085283
 0.120255 0.0928095 0.069558 -0.0577727 0.07083
 0.104246 0.0792377 0.0686883 -0.0575207 0.059323
 0.0908765 0.0681452 0.0688357 -0.0579135 0.050219
 0.0799915 0.059096 0.0673488 -0.056772 0.0425702
 0.0713575 0.0520113 0.066308 -0.056513 0.0368787
 0.0635012 0.0456803 0.0637822 -0.054634 0.031768
 0.0577835 0.0409995 0.0636815 -0.0546608 0.0279548
 0.051752 0.0362937 0.060899 -0.052626 0.0243115
 0.0458915 0.0317778 0.05761 -0.0497075 0.0207814
 0.042195 0.028775 0.0563235 -0.048909 0.0182427
 0.0381058 0.0256398 0.0527345 -0.0458603 0.0158744
 0.036005 0.0239977 0.052784 -0.0458427 0.0146136
 0.0326535 0.0214666 0.049664 -0.0433125 0.0126939
 0.030027 0.0195515 0.0465445 -0.040441 0.0113217
 0.0278003 0.017935 0.0442545 -0.0385152 0.0102337
 0.0259528 0.0165026 0.0426215 -0.0371495 0.00897448
 0.023904 0.015052 0.0401622 -0.0350805 0.00806353
 0.0226 0.0141642 0.038001 -0.033223 0.0074984
 0.0211782 0.0131918 0.0359567 -0.0315807 0.00685462
 0.0195075 0.0121022 0.0330348 -0.0287853 0.00621517
 0.0185225 0.0112818 0.031675 -0.0273847 0.00528977
 0.0175948 0.010835 0.029876 -0.0258007 0.00527578
 0.0163179 0.0100446 0.0276537 -0.024025 0.0048428
 0.0156042 0.00961095 0.0265913 -0.0230233 0.00464178
 0.0147593 0.0091081 0.024744 -0.0215561 0.00447655
 0.0140088 0.00845008 0.0234413 -0.0204308 0.00370658
 0.0134233 0.0080427 0.0214878 -0.0188332 0.00359605
 0.0127934 0.00755903 0.0202021 -0.0176062 0.0033986
 0.0121248 0.00698822 0.0187081 -0.0165837 0.00291388
 0.0116227 0.00660415 0.0179406 -0.0156639 0.00265612
 0.0110746 0.00622045 0.016322 -0.0142225 0.0025518
 0.0108319 0.00590177 0.0153822 -0.0134982 0.00230846
 0.0103239 0.00541335 0.0142048 -0.0123136 0.00193492
 0.00999012 0.00514398 0.0128905 -0.0113697 0.00192673
 0.00977408 0.0049786 0.0119569 -0.0104721 0.00188262
 0.0093434 0.00460738 0.0105501 -0.00935447 0.00165451
 0.00911992 0.0043273 0.0098819 -0.0086485 0.00138268
 0.0090681 0.00417433 0.00903395 -0.00772985 0.00126642
 0.00863317 0.00391608 0.0081875 -0.0069455 0.001279
 0.0082856 0.0036944 0.0072397 -0.00630473 0.00118274
 0.00815995 0.00346997 0.00658913 -0.00572102 0.000986305
 0.0081247 0.00340652 0.0058019 -0.00491647 0.00102897
 0.00783568 0.00322878 0.0048569 -0.0042175 0.000975752
 0.00760067 0.00307337 0.00468252 -0.00388402 0.000883485
 0.00738087 0.0030038 0.0040406 -0.0033446 0.00095394
 0.00724013 0.00285835 0.00361508 -0.0029722 0.000870323
 0.0071603 0.00272575 0.00325852 -0.00257015 0.000808445
 0.006939 0.0026239 0.00277255 -0.00223203 0.00080392
 0.00678128 0.00251012 0.00258377 -0.00197382 0.00074577
 0.00652902 0.00244305 0.00222847 -0.00172302 0.00079093
 0.00647855 0.00239976 0.00196336 -0.00148042 0.000800795
 0.00628885 0.0022871 0.00130204 -0.000912782 0.000724795
 0.0061844 0.00221536 0.00121892 -0.000745705 0.0007312
 0.00592978 0.00209943 0.000983438 -0.000618097 0.000676533
 0.00577072 0.0019995 0.000667608 -0.000377672 0.000633178
 0.00558785 0.00192243 0.000705627 -0.00039177 0.000614838
 0.00538893 0.00184056 0.00041198 -0.000255638 0.000585582
 0.00528592 0.00177788 0.00030961 -0.00011178 0.000563867
 0.0050436 0.00169527 0.000206685 -3.08407e-05 0.000543167
 0.0048368 0.00161429 2.49899e-05 0.000111007 0.000530625
 0.0047125 0.00156359 2.20816e-05 0.000128046 0.000510808
 0.0044399 0.00146058 -5.2696e-05 0.000149064 0.000480145
 0.00429247 0.00140034 -4.49625e-05 0.000146625 0.000460005
 0.0041045 0.00133092 -0.000175091 0.000233868 0.00043334
 0 0 0 0 0
 0 0 0 0 0
 0 0 0 0 0
 0 0 0 0 0
 0 0 0 0 0
 0 0 0 0 0
 0 0 0 0 0
 0 0 0 0 0
 0 0 0 0 0
 0 0 0 0 0
 0 0 0 0 0
 0 0 0 0 0
 0 0 0 0 0
 0 0 0 0 0
 0 0 0 0 0
 0 0 0 0 0
 0 0 0 0 0
 0 0 0 0 0
 0 0 0 0 0
 0 0 0 0 0
 0 0 0 0 0
 0 0 0 0 0
 0 0 0 0 0
 0 0 0 0 0
 0 0 0 0 0
 0 0 0 0 0
 0 0 0 0 0
 0 0 0 0 0
 0 0 0 0 0
 0 0 0 0 0
 0 0 0 0 0
 0 0 0 0 0
 0 0 0 0 0
 0 0 0 0 0
 0 0 0 0 0
 0 0 0 0 0
 0 0 0 0 0
 0 0 0 0 0
 0 0 0 0 0
 0 0 0 0 0
 0 0 0 0 0
 0 0 0 0 0
 0 0 0 0 0
 0 0 0 0 0
 0 0 0 0 0
 0 0 0 0 0
 0 0 0 0 0
 0 0 0 0 0
 2.75698 2.53125 0.0476808 -0.0324528 2.32398
 1.29603 1.16797 0.049784 -0.0350225 1.05255
 0.780605 0.69087 0.052454 -0.038161 0.61147
 0.524142 0.45573 0.0548543 -0.040828 0.395887
 0.383602 0.327853 0.0579365 -0.043879 0.279795
 0.297422 0.250022 0.0603807 -0.0469065 0.209794
 0.23782 0.196559 0.062056 -0.0492223 0.161863
 0.18969 0.154345 0.0622883 -0.0498895 0.125105
 0.158577 0.127107 0.063154 -0.0512033 0.10137
 0.136451 0.107586 0.0657893 -0.0540097 0.0842197
 0.115115 0.0895675 0.0651155 -0.0537702 0.0691735
 0.10208 0.0781702 0.0666215 -0.0554818 0.0590858
 0.0890228 0.067167 0.065634 -0.0553563 0.0497885
 0.0777628 0.0578845 0.0642307 -0.054176 0.0422135
 0.0705823 0.051875 0.0640808 -0.054622 0.037262
 0.063294 0.045817 0.0631227 -0.0540965 0.03216
 0.0558233 0.0399565 0.0598385 -0.0515637 0.0276292
 0.0505565 0.0356265 0.0591788 -0.0510693 0.0240012
 0.0460342 0.0320808 0.0579563 -0.0500205 0.0213199
 0.041428 0.0285445 0.0545922 -0.0475763 0.0186182
 0.037764 0.0257063 0.0527323 -0.0459275 0.0164051
 0.0348163 0.0233284 0.0508745 -0.0443167 0.0143711
 0.032116 0.0213625 0.0488527 -0.0424295 0.0131453
 0.0302837 0.0199523 0.0481133 -0.0420452 0.0120875
 0.0279015 0.01822 0.044819 -0.0392515 0.0109008
 0.0257538 0.0165949 0.0424597 -0.0370885 0.00956475
 0.0237408 0.0151785 0.0395977 -0.0347 0.0085901
 0.022289 0.0140341 0.0382072 -0.033587 0.00759708
 0.0209731 0.0130631 0.0357673 -0.031365 0.00674918
 0.0192391 0.0118992 0.0337745 -0.0296527 0.0061165
 0.0183587 0.0112936 0.031837 -0.0277977 0.00562635
 0.0172709 0.0107162 0.030148 -0.026522 0.00550763
 0.0162992 0.0100424 0.0284837 -0.0249367 0.004972
 0.0154136 0.00944658 0.0267828 -0.023346 0.00450543
 0.0146154 0.00898688 0.0250695 -0.0220203 0.00435908
 0.0139103 0.0085436 0.0231826 -0.0203518 0.0042204
 0.0130284 0.007897 0.0222281 -0.0195065 0.00368692
 0.0127567 0.00763377 0.020602 -0.0180824 0.00360633
 0.0122394 0.00728025 0.0198551 -0.0174163 0.0034164
 0.0116443 0.00665955 0.0181152 -0.0160043 0.00284145
 0.0111058 0.00626677 0.0167544 -0.014575 0.0026451
 0.0108559 0.00598998 0.0150643 -0.0132983 0.00249535
 0.0104445 0.00550095 0.0148478 -0.0129915 0.00194748
 0.0100355 0.0052526 0.013193 -0.0115597 0.00205463
 0.0095777 0.004932 0.0121142 -0.0106497 0.00190595
 0.00920425 0.00452655 0.0106726 -0.00946598 0.00158768
 0.00890322 0.00430073 0.00999907 -0.00862453 0.00148867
 0.00881125 0.00422422 0.00937807 -0.00814997 0.0015192
 0.00838452 0.0038829 0.00807453 -0.00692145 0.00124708
 0.00833553 0.00372657 0.00709923 -0.00612435 0.00121021
 0.00814648 0.00362055 0.0066349 -0.0054404 0.001198
 0.00787872 0.00336635 0.0058072 -0.00498553 0.00105608
 0.00762188 0.00326602 0.00529477 -0.00455138 0.0010742
 0.00747908 0.00310122 0.0045733 -0.00391633 0.000981923
 0.00745257 0.00299303 0.00414367 -0.00350615 0.000883758
 0.00713635 0.00289995 0.00385625 -0.0031311 0.000972352
 0.00701757 0.00276578 0.00336278 -0.0026742 0.000889987
 0.00686315 0.00261033 0.00299327 -0.00238072 0.000756095
 0.00677508 0.00257415 0.00262808 -0.0020402 0.00079186
 0.00651742 0.00246311 0.00209862 -0.00165964 0.00081204
 0.00635095 0.00239635 0.00201415 -0.00157881 0.00079657
 0.00623678 0.00228415 0.00157347 -0.00117251 0.000717118
 0.00597345 0.00216405 0.0011748 -0.000894872 0.000706555
 0.0058554 0.00209953 0.00103247 -0.000787337 0.00067425
 0.00568455 0.0019987 0.000887733 -0.000628438 0.00063986
 0.0054957 0.00193635 0.000641725 -0.000453017 0.000641153
 0.00535537 0.00188579 0.000420212 -0.000196612 0.000633655
 0.0050987 0.00175549 0.000387075 -0.000214248 0.000573878
 0.00503547 0.00173538 8.66047e-05 1.93039e-05 0.000590717
 0.0047527 0.00162372 0.00015363 -6.94517e-05 0.000543612
 0.00465847 0.00157076 0.000109439 8.62462e-06 0.000526305
 0.00442623 0.00149044 -1.93681e-05 0.000112839 0.000502985
 0.00423212 0.00140633 -5.78225e-06 0.000108299 0.000456363
 0 0 0 0 0
 0 0 0 0 0
 0 0 0 0 0
 0 0 0 0 0
 0 0 0 0 0
 0 0 0 0 0
 0 0 0 0 0
 0 0 0 0 0
 0 0 0 0 0
 0 0 0 0 0
 0 0 0 0 0
 0 0 0 0 0
 0 0 0 0 0
 0 0 0 0 0
 0 0 0 0 0
 0 0 0 0 0
 0 0 0 0 0
 0 0 0 0 0
 0 0 0 0 0
 0 0 0 0 0
 0 0 0 0 0
 0 0 0 0 0
 0 0 0 0 0
 0 0 0 0 0
 0 0 0 0 0
 0 0 0 0 0
 0 0 0 0 0
 0 0 0 0 0
 0 0 0 0 0
 0 0 0 0 0
 0 0 0 0 0
 0 0 0 0 0
 0 0 0 0 0
 0 0 0 0 0
 0 0 0 0 0
 0 0 0 0 0
 0 0 0 0 0
 0 0 0 0 0
 0 0 0 0 0
 0 0 0 0 0
 0 0 0 0 0
 0 0 0 0 0
 0 0 0 0 0
 0 0 0 0 0
 0 0 0 0 0
 0 0 0 0 0
 0 0 0 0 0
 0 0 0 0 0
 0 0 0 0 0
 2.6772 2.46752 0.0423345 -0.027822 2.27414
 1.27441 1.15347 0.0451455 -0.0310145 1.04419
 0.755753 0.672145 0.0472513 -0.0335162 0.597772
 0.500205 0.437358 0.0491233 -0.0358358 0.382417
 0.37446 0.321783 0.0528608 -0.0396062 0.276282
 0.284248 0.240191 0.054828 -0.042148 0.202498
 0.228869 0.190376 0.0577982 -0.0451703 0.158018
 0.183422 0.150217 0.0577858 -0.0458772 0.122643
 0.156534 0.126223 0.0613912 -0.0494918 0.101412
 0.13143 0.104324 0.0610893 -0.0499888 0.0822412
 0.115504 0.09036 0.0628775 -0.0519667 0.0701222
 0.0981958 0.075729 0.0628437 -0.0525753 0.0579183
 0.0877448 0.0666533 0.0635315 -0.0532105 0.0499173
 0.0785385 0.058838 0.0640285 -0.0543082 0.043186
 0.0692173 0.0512015 0.062588 -0.0533118 0.037154
 0.0617467 0.0450753 0.060922 -0.052004 0.032125
 0.0558025 0.0401347 0.0603805 -0.051925 0.0278245
 0.0510212 0.036254 0.059561 -0.0513127 0.0248406
 0.0447048 0.0313582 0.0547048 -0.0473945 0.0210149
 0.0410695 0.0284372 0.054041 -0.0468675 0.0186766
 0.038077 0.0260513 0.0527902 -0.045984 0.0168114
 0.03527 0.0238473 0.0517488 -0.0450918 0.0150864
 0.0317077 0.0211136 0.04797 -0.0420097 0.0128738
 0.0294137 0.0194109 0.0463138 -0.0406473 0.0117131
 0.0277432 0.0181144 0.0451273 -0.039657 0.0107211
 0.025315 0.0163504 0.0417722 -0.0368418 0.0094681
 0.0239653 0.015307 0.0414268 -0.036495 0.00863055
 0.0222156 0.0141357 0.0380062 -0.033316 0.0079288
 0.0208078 0.0131361 0.0357532 -0.0315355 0.00720315
 0.0192929 0.0120437 0.0339848 -0.0297748 0.00639392
 0.0183216 0.0113738 0.032115 -0.0281518 0.00586492
 0.0174013 0.01078 0.0304307 -0.026761 0.00559702
 0.0159639 0.0099115 0.028201 -0.0247774 0.00513447
 0.0152262 0.00941025 0.0269543 -0.0236172 0.00475207
 0.0145366 0.0090305 0.0246735 -0.021824 0.00463657
 0.0136631 0.00840203 0.0237303 -0.0208176 0.00415425
 0.0130346 0.00790842 0.0220671 -0.0195385 0.00381302
 0.0125802 0.00751395 0.0208733 -0.0184771 0.0035076
 0.0119153 0.00699048 0.0196 -0.0174223 0.0031534
 0.0115388 0.00674338 0.0183653 -0.0161848 0.00311542
 0.0109786 0.00624753 0.0172354 -0.0151542 0.0027467
 0.010635 0.0059669 0.0156559 -0.0138011 0.0026887
 0.010177 0.00557782 0.0142837 -0.0126695 0.00234315
 0.00983192 0.00522302 0.0136509 -0.0121549 0.00207224
 0.00952455 0.00488785 0.0122063 -0.0106842 0.00181786
 0.00920945 0.00465498 0.0112314 -0.0098703 0.00175869
 0.0088258 0.00431392 0.0096213 -0.00837795 0.00155912
 0.00871165 0.00418837 0.0092985 -0.00819728 0.00149672
 0.00840112 0.00393532 0.00868253 -0.00762517 0.00135416
 0.00820613 0.00378045 0.00779275 -0.00673765 0.00126732
 0.00781955 0.00347503 0.00694557 -0.00613277 0.00111341
 0.00771475 0.0033697 0.0057982 -0.00501982 0.00108126
 0.00740602 0.0031478 0.00537972 -0.00462378 0.000979975
 0.0072141 0.00306338 0.00443922 -0.00375947 0.00102699
 0.0072071 0.00297495 0.00432343 -0.00364075 0.000932978
 0.0071283 0.00290047 0.00364338 -0.0030618 0.00091862
 0.00672637 0.00271172 0.0033582 -0.0027843 0.000912945
 0.00672442 0.0026492 0.00302967 -0.00238243 0.000866357
 0.00654705 0.0025266 0.00247443 -0.00195485 0.000819718
 0.0064793 0.00247939 0.0021215 -0.00173008 0.000853265
 0.00623387 0.00236388 0.00205516 -0.00159887 0.000789315
 0.0061101 0.0022777 0.00145209 -0.0011468 0.000761483
 0.00592815 0.00222738 0.00138774 -0.00104211 0.000776057
 0.00585808 0.00215942 0.00107786 -0.000767165 0.00073305
 0.00559598 0.00203709 0.00087866 -0.000620115 0.000692965
 0.00541262 0.00194555 0.000793817 -0.000509642 0.00066582
 0.0052761 0.00187875 0.000534975 -0.000345828 0.000643282
 0.00502115 0.00176887 0.000445518 -0.000294453 0.000604173
 0.0049443 0.00173003 0.00031042 -0.000137168 0.000595315
 0.00471472 0.00163579 0.00016001 -1.36571e-05 0.000553675
 0.00458297 0.00158582 0.000199842 -5.1046e-05 0.000551022
 0.00443188 0.00151286 8.27133e-05 -3.10323e-06 0.000503818
 0 0 0 0 0
 0 0 0 0 0
 0 0 0 0 0
 0 0 0 0 0
 0 0 0 0 0
 0 0 0 0 0
 0 0 0 0 0
 0 0 0 0 0
 0 0 0 0 0
 0 0 0 0 0
 0 0 0 0 0
 0 0 0 0 0
 0 0 0 0 0
 0 0 0 0 0
 0 0 0 0 0
 0 0 0 0 0
 0 0 0 0 0
 0 0 0 0 0
 0 0 0 0 0
 0 0 0 0 0
 0 0 0 0 0
 0 0 0 0 0
 0 0 0 0 0
 0 0 0 0 0
 0 0 0 0 0
 0 0 0 0 0
 0 0 0 0 0
 0 0 0 0 0
 0 0 0 0 0
 0 0 0 0 0
 0 0 0 0 0
 0 0 0 0 0
 0 0 0 0 0
 0 0 0 0 0
 0 0 0 0 0
 0 0 0 0 0
 0 0 0 0 0
 0 0 0 0 0
 0 0 0 0 0
 0 0 0 0 0
 0 0 0 0 0
 0 0 0 0 0
 0 0 0 0 0
 0 0 0 0 0
 0 0 0 0 0
 0 0 0 0 0
 0 0 0 0 0
 0 0 0 0 0
 0 0 0 0 0
 0 0 0 0 0
 2.64905 2.45032 0.0386212 -0.0246878 2.26673
 1.24072 1.12754 0.0404877 -0.0269223 1.02491
 0.732173 0.653902 0.0433745 -0.029967 0.584015
 0.494268 0.43415 0.0457668 -0.032779 0.381322
 0.362082 0.31275 0.048135 -0.035591 0.27008
 0.277022 0.23541 0.0504737 -0.0382895 0.199967
 0.218985 0.18315 0.052433 -0.040764 0.152866
 0.181816 0.149828 0.0555982 -0.0438672 0.12335
 0.147763 0.119963 0.0550365 -0.044088 0.097232
 0.130964 0.104697 0.0587727 -0.048029 0.0834697
 0.111488 0.0877698 0.0589592 -0.0485007 0.0687328
 0.0960127 0.0745105 0.0596715 -0.0497 0.0573955
 0.0827018 0.0633122 0.0580853 -0.0488072 0.0480362
 0.0761728 0.0574422 0.0610982 -0.0516492 0.0426822
 0.0674805 0.0502573 0.0598013 -0.0509952 0.0368243
 0.0611668 0.0449645 0.0604183 -0.0517262 0.032414
 0.0542505 0.0392812 0.0576515 -0.0496368 0.027632
 0.0489177 0.0349802 0.0564715 -0.0489788 0.0242588
 0.0448292 0.0317585 0.0550135 -0.047709 0.0218043
 0.0410955 0.0286158 0.0542455 -0.047301 0.0190213
 0.037966 0.0261473 0.0536062 -0.0468045 0.0171137
 0.0346515 0.0236243 0.0504385 -0.0441405 0.0152413
 0.032168 0.021683 0.0493412 -0.0432217 0.0136722
 0.0296052 0.0196635 0.0471755 -0.0414683 0.0120428
 0.027462 0.0181211 0.0451228 -0.0397253 0.0110141
 0.0251967 0.0164263 0.0419032 -0.0368923 0.00976798
 0.0235074 0.0150709 0.04011 -0.0355212 0.00854245
 0.0218329 0.0138529 0.0381055 -0.0335747 0.00771448
 0.0204356 0.012898 0.0357607 -0.0315065 0.00710427
 0.0192973 0.0120865 0.0346483 -0.030426 0.00650542
 0.017888 0.011135 0.0318333 -0.0280435 0.00588175
 0.0168983 0.01054 0.030188 -0.0265543 0.0056586
 0.015959 0.0098687 0.0282957 -0.0249957 0.00507683
 0.0149802 0.00934595 0.0261473 -0.0229124 0.00488102
 0.014252 0.0088383 0.0253682 -0.0223525 0.00457425
 0.0135705 0.0084268 0.0237994 -0.0210033 0.00442128
 0.0130778 0.00802513 0.0225686 -0.0201676 0.00404097
 0.0123482 0.00747655 0.0208742 -0.0184005 0.00370998
 0.0118579 0.00701935 0.0198336 -0.0174375 0.0032579
 0.0112404 0.00651513 0.0182761 -0.0162069 0.00291548
 0.0108834 0.00628278 0.017188 -0.0152384 0.00285675
 0.0104545 0.00591203 0.0161078 -0.0140312 0.00269225
 0.00991933 0.00545427 0.0144381 -0.0127998 0.00234393
 0.009477 0.0050156 0.0134274 -0.0119262 0.00192932
 0.00927428 0.00479452 0.0126201 -0.0111197 0.00184872
 0.00893043 0.00457097 0.0110727 -0.00982138 0.00179605
 0.0088229 0.0043938 0.0103819 -0.00926005 0.00172426
 0.00851845 0.00417457 0.00957147 -0.0086483 0.0015358
 0.00810042 0.00388655 0.00859342 -0.00752125 0.00141441
 0.00803838 0.00378832 0.00763105 -0.00670562 0.00138241
 0.00782347 0.00364265 0.00684447 -0.00588883 0.00138155
 0.00760405 0.00335358 0.00609733 -0.00514593 0.00110508
 0.0074711 0.00324612 0.00538805 -0.00476225 0.00109083
 0.00733705 0.00311088 0.00496708 -0.00403732 0.00103913
 0.00708995 0.00302305 0.00435865 -0.0037203 0.0010529
 0.00679313 0.00280735 0.0038854 -0.00332505 0.000912262
 0.00678495 0.0027789 0.0033215 -0.0026994 0.000958215
 0.00656937 0.00262942 0.0028206 -0.00233227 0.000864408
 0.0064133 0.00250915 0.002712 -0.00221725 0.000827233
 0.00630528 0.00247175 0.00228926 -0.00178808 0.00083943
 0.00614885 0.00239335 0.00186574 -0.00142719 0.000835003
 0.00616062 0.00235076 0.00150496 -0.0011208 0.000801085
 0.00572742 0.00214724 0.00122063 -0.00087448 0.000720112
 0.00568805 0.002136 0.00107828 -0.000764467 0.00075117
 0.00551445 0.00203933 0.000941413 -0.00067618 0.00073462
 0.005311 0.00195307 0.000841885 -0.00059852 0.00068403
 0.00517713 0.00185948 0.00073547 -0.000514735 0.00063182
 0.00502535 0.00181333 0.000342363 -0.000182884 0.000637975
 0.00485548 0.00172807 0.000388965 -0.000230748 0.00060567
 0.00469995 0.00166188 0.000169705 -2.97463e-06 0.000580505
 0.00455002 0.00159506 6.7861e-05 2.89762e-05 0.00054497
 0 0 0 0 0
 0 0 0 0 0
 0 0 0 0 0
 0 0 0 0 0
 0 0 0 0 0
 0 0 0 0 0
 0 0 0 0 0
 0 0 0 0 0
 0 0 0 0 0
 0 0 0 0 0
 0 0 0 0 0
 0 0 0 0 0
 0 0 0 0 0
 0 0 0 0 0
 0 0 0 0 0
 0 0 0 0 0
 0 0 0 0 0
 0 0 0 0 0
 0 0 0 0 0
 0 0 0 0 0
 0 0 0 0 0
 0 0 0 0 0
 0 0 0 0 0
 0 0 0 0 0
 0 0 0 0 0
 0 0 0 0 0
 0 0 0 0 0
 0 0 0 0 0
 0 0 0 0 0
 0 0 0 0 0
 0 0 0 0 0
 0 0 0 0 0
 0 0 0 0 0
 0 0 0 0 0
 0 0 0 0 0
 0 0 0 0 0
 0 0 0 0 0
 0 0 0 0 0
 0 0 0 0 0
 0 0 0 0 0
 0 0 0 0 0
 0 0 0 0 0
 0 0 0 0 0
 0 0 0 0 0
 0 0 0 0 0
 0 0 0 0 0
 0 0 0 0 0
 0 0 0 0 0
 0 0 0 0 0
 0 0 0 0 0
 0 0 0 0 0
 2.68737 2.49396 0.035622 -0.0218289 2.31489
 1.24569 1.13629 0.0376763 -0.0241537 1.03685
 0.715223 0.64154 0.0390338 -0.0261928 0.575598
 0.479478 0.42312 0.0414218 -0.0287865 0.373707
 0.350925 0.30469 0.0440495 -0.0319425 0.26469
 0.268768 0.229649 0.0461843 -0.034502 0.196215
 0.212861 0.179061 0.0479535 -0.036491 0.150663
 0.173867 0.143965 0.050164 -0.0391297 0.119087
 0.149947 0.122338 0.0544895 -0.043349 0.099664
 0.12654 0.101742 0.0548815 -0.0441682 0.0816277
 0.107901 0.0855435 0.0551585 -0.0450848 0.0675828
 0.0946103 0.0739245 0.0568887 -0.0471028 0.0575198
 0.0833845 0.0641765 0.057374 -0.0480065 0.0489368
 0.0735472 0.055832 0.0573545 -0.0483772 0.0419348
 0.066186 0.0496865 0.0580363 -0.0491415 0.036932
 0.0583818 0.0431787 0.0558605 -0.0477097 0.0314292
 0.0532023 0.0387825 0.0565758 -0.0486223 0.027612
 0.0478607 0.0344305 0.0549005 -0.0474248 0.0240751
 0.0433035 0.0307328 0.0533175 -0.0461778 0.0210258
 0.039999 0.0280782 0.052681 -0.0457817 0.0189244
 0.036591 0.0253633 0.0505592 -0.044155 0.0167471
 0.0339623 0.0233045 0.0497008 -0.0434762 0.0152303
 0.0313458 0.0211825 0.047697 -0.0418975 0.0133914
 0.0288642 0.0193273 0.0451813 -0.0397232 0.0120549
 0.026979 0.0178378 0.0443843 -0.0390627 0.0108189
 0.0248046 0.0161863 0.041545 -0.0367925 0.00963222
 0.0230472 0.0148296 0.0402705 -0.0355957 0.0084801
 0.02168 0.0138672 0.0373132 -0.033167 0.00787123
 0.0199603 0.0126352 0.0361202 -0.0319228 0.00701792
 0.0188207 0.0117564 0.033461 -0.0296478 0.00622145
 0.017994 0.0111841 0.032365 -0.0287037 0.00590715
 0.016832 0.0104845 0.030386 -0.0269592 0.00564587
 0.015823 0.0098743 0.02871 -0.0254567 0.00523408
 0.0150218 0.00932247 0.0268758 -0.0237737 0.00490745
 0.013988 0.00874155 0.0249424 -0.0219093 0.00465835
 0.0132523 0.00809138 0.0236136 -0.0209312 0.00401267
 0.0127011 0.00775843 0.0222328 -0.0196976 0.00392667
 0.0123125 0.00743657 0.0208581 -0.0185741 0.00370082
 0.0114627 0.0068419 0.0197395 -0.0175048 0.00323088
 0.0112744 0.0066207 0.0188639 -0.0168649 0.00309407
 0.0107017 0.00619198 0.0172481 -0.0152412 0.00284295
 0.0101361 0.00575468 0.0160834 -0.0142261 0.00262203
 0.00979935 0.00543225 0.0147769 -0.0131745 0.00232025
 0.00964027 0.00517475 0.0138516 -0.0122795 0.0021477
 0.0093631 0.00499225 0.013244 -0.0116978 0.00206131
 0.00884573 0.00454785 0.0117315 -0.0104875 0.00177024
 0.00865433 0.00442738 0.0105261 -0.00927867 0.00178153
 0.00831882 0.0041158 0.00977215 -0.00861977 0.00156835
 0.00809398 0.00399345 0.00874022 -0.0076287 0.00160008
 0.00797215 0.00380008 0.00786228 -0.00692772 0.00144613
 0.00765017 0.00357288 0.0071233 -0.0062106 0.00134777
 0.00755312 0.00343495 0.00624298 -0.0055509 0.00127874
 0.00737675 0.0032707 0.00519912 -0.0044789 0.00116842
 0.0071862 0.00316162 0.00517267 -0.0045134 0.00112777
 0.0069957 0.00304465 0.00449225 -0.00386418 0.0011435
 0.0068618 0.00288238 0.00348578 -0.0030824 0.00102204
 0.00665125 0.00275665 0.00353767 -0.00298905 0.000979307
 0.00657815 0.00270993 0.00278795 -0.00233671 0.000989932
 0.0063699 0.00260255 0.00265933 -0.00218697 0.000950145
 0.00624952 0.00247127 0.00234141 -0.0018335 0.00086359
 0.00606862 0.00238613 0.00202685 -0.00161844 0.000834645
 0.005955 0.00230902 0.00146227 -0.00125522 0.000820958
 0.00572087 0.00219959 0.00130167 -0.00101896 0.000774015
 0.00570747 0.00217561 0.00122664 -0.00093004 0.000812362
 0.0053948 0.00202821 0.00092974 -0.000687642 0.000719597
 0.00528658 0.00196868 0.000842763 -0.000600402 0.00068999
 0.00515993 0.00192348 0.000665673 -0.000451823 0.000716462
 0.00500725 0.00182675 0.00047783 -0.000286795 0.00065435
 0.00476515 0.00172496 0.000366378 -0.000199467 0.000607278
 0.00468757 0.00169323 0.000295303 -0.000160561 0.000602018
 0 0 0 0 0
 0 0 0 0 0
 0 0 0 0 0
 0 0 0 0 0
 0 0 0 0 0
 0 0 0 0 0
 0 0 0 0 0
 0 0 0 0 0
 0 0 0 0 0
 0 0 0 0 0
 0 0 0 0 0
 0 0 0 0 0
 0 0 0 0 0
 0 0 0 0 0
 0 0 0 0 0
 0 0 0 0 0
 0 0 0 0 0
 0 0 0 0 0
 0 0 0 0 0
 0 0 0 0 0
 0 0 0 0 0
 0 0 0 0 0
 0 0 0 0 0
 0 0 0 0 0
 0 0 0 0 0
 0 0 0 0 0
 0 0 0 0 0
 0 0 0 0 0
 0 0 0 0 0
 0 0 0 0 0
 0 0 0 0 0
 0 0 0 0 0
 0 0 0 0 0
 0 0 0 0 0
 0 0 0 0 0
 0 0 0 0 0
 0 0 0 0 0
 0 0 0 0 0
 0 0 0 0 0
 0 0 0 0 0
 0 0 0 0 0
 0 0 0 0 0
 0 0 0 0 0
 0 0 0 0 0
 0 0 0 0 0
 0 0 0 0 0
 0 0 0 0 0
 0 0 0 0 0
 0 0 0 0 0
 0 0 0 0 0
 0 0 0 0 0
 0 0 0 0 0
 2.65527 2.47183 0.0316935 -0.0183125 2.30145
 1.20316 1.10134 0.0335275 -0.0206025 1.00859
 0.71363 0.64248 0.0358055 -0.0232675 0.57867
 0.472413 0.418615 0.038065 -0.0257238 0.371375
 0.340612 0.297032 0.0399597 -0.0280503 0.259215
 0.261687 0.224645 0.0428577 -0.0313225 0.19303
 0.205514 0.173812 0.044147 -0.033069 0.147128
 0.172521 0.143702 0.0478057 -0.0368153 0.119805
 0.143062 0.117357 0.0491708 -0.0385313 0.0962362
 0.120527 0.0974855 0.0504337 -0.0403057 0.0788205
 0.104663 0.0833327 0.0521425 -0.0422935 0.0660603
 0.0910663 0.071516 0.0524775 -0.0433905 0.0559148
 0.0809255 0.0626685 0.0542008 -0.0450722 0.0482163
 0.073077 0.0558005 0.0556347 -0.0467387 0.042173
 0.0648202 0.0488015 0.0555252 -0.0471587 0.036224
 0.0584335 0.0434013 0.0556045 -0.0475705 0.0316753
 0.0523632 0.0384555 0.0543135 -0.0466557 0.027716
 0.0475295 0.0345148 0.0532592 -0.0459635 0.0246175
 0.0434873 0.0311323 0.0525217 -0.045521 0.0217321
 0.0403667 0.028525 0.0524643 -0.0456737 0.0194981
 0.0365413 0.0254212 0.0506322 -0.044377 0.0168991
 0.033802 0.0232716 0.0492172 -0.043183 0.0152385
 0.030694 0.0208555 0.0464453 -0.0409223 0.0133445
 0.028494 0.0191697 0.0452155 -0.0400245 0.0120868
 0.026358 0.0175053 0.0434653 -0.0384872 0.0107549
 0.0245349 0.0162379 0.0411963 -0.036348 0.0100121
 0.0230165 0.0149724 0.0400155 -0.0352622 0.00888798
 0.0213996 0.0138399 0.0375492 -0.0332358 0.0081709
 0.0203184 0.0129754 0.0359838 -0.0318985 0.00739327
 0.0186244 0.011815 0.032891 -0.0291965 0.00666955
 0.0173382 0.0108627 0.0315558 -0.0280103 0.00592105
 0.0165233 0.0103609 0.0303477 -0.026966 0.00568415
 0.0157398 0.0098314 0.0283865 -0.0251883 0.00534805
 0.014784 0.00924235 0.0271508 -0.0240232 0.00495598
 0.0140606 0.00870447 0.0257748 -0.0229347 0.00451815
 0.0136415 0.00842737 0.0242894 -0.021731 0.00436993
 0.0127219 0.00781387 0.0223489 -0.0198183 0.0040345
 0.0120328 0.00732698 0.0213077 -0.0189891 0.0036781
 0.0114386 0.00684545 0.0196284 -0.0174752 0.00334787
 0.0110849 0.00654325 0.0183975 -0.016532 0.00314115
 0.0105794 0.00610368 0.0171423 -0.0155267 0.00279913
 0.0101673 0.00583635 0.0159023 -0.014123 0.00265222
 0.00971565 0.0054591 0.014527 -0.0130906 0.00245708
 0.00944795 0.00523933 0.0141344 -0.0125738 0.00236737
 0.0092593 0.00491812 0.0126586 -0.0112563 0.00204016
 0.00870983 0.00456055 0.0114939 -0.0103072 0.00190235
 0.00853305 0.00437355 0.010492 -0.0092355 0.00175255
 0.0083316 0.00416473 0.010061 -0.00883595 0.0016472
 0.00803728 0.0039697 0.00861483 -0.00759355 0.00158388
 0.00783985 0.0037647 0.0079138 -0.00686055 0.00142512
 0.0077038 0.00362388 0.00711075 -0.00630805 0.0013676
 0.0073902 0.0034574 0.00649175 -0.00570058 0.00133831
 0.00717982 0.00327402 0.00544867 -0.00490765 0.00121417
 0.00706238 0.00313453 0.00507773 -0.00436018 0.00113665
 0.00686225 0.0029965 0.00467655 -0.0039638 0.00111482
 0.0065646 0.00279465 0.00372732 -0.00317845 0.000991297
 0.00659385 0.00278408 0.00356887 -0.00292375 0.000997783
 0.00637617 0.00264383 0.0031807 -0.00268562 0.000940033
 0.00622318 0.00257497 0.0026173 -0.00216616 0.00094436
 0.0060155 0.00243464 0.00231366 -0.00181861 0.000898895
 0.0059425 0.00236891 0.00208103 -0.00170669 0.000816553
 0.005751 0.00230279 0.00180032 -0.00150229 0.00085359
 0.00572632 0.00222671 0.00159517 -0.00125284 0.00079405
 0.00552432 0.00213666 0.00123296 -0.001014 0.000757205
 0.00546057 0.00209496 0.0010809 -0.000796268 0.00076278
 0.0051905 0.00194555 0.00084151 -0.000652665 0.00067613
 0.0051004 0.00192644 0.000700847 -0.000417102 0.000719983
 0.0049041 0.00182596 0.000548048 -0.000430662 0.000648932
 0.00469837 0.00173692 0.000482455 -0.000327632 0.000615495
 0 0 0 0 0
 0 0 0 0 0
 0 0 0 0 0
 0 0 0 0 0
 0 0 0 0 0
 0 0 0 0 0
 0 0 0 0 0
 0 0 0 0 0
 0 0 0 0 0
 0 0 0 0 0
 0 0 0 0 0
 0 0 0 0 0
 0 0 0 0 0
 0 0 0 0 0
 0 0 0 0 0
 0 0 0 0 0
 0 0 0 0 0
 0 0 0 0 0
 0 0 0 0 0
 0 0 0 0 0
 0 0 0 0 0
 0 0 0 0 0
 0 0 0 0 0
 0 0 0 0 0
 0 0 0 0 0
 0 0 0 0 0
 0 0 0 0 0
 0 0 0 0 0
 0 0 0 0 0
 0 0 0 0 0
 0 0 0 0 0
 0 0 0 0 0
 0 0 0 0 0
 0 0 0 0 0
 0 0 0 0 0
 0 0 0 0 0
 0 0 0 0 0
 0 0 0 0 0
 0 0 0 0 0
 0 0 0 0 0
 0 0 0 0 0
 0 0 0 0 0
 0 0 0 0 0
 0 0 0 0 0
 0 0 0 0 0
 0 0 0 0 0
 0 0 0 0 0
 0 0 0 0 0
 0 0 0 0 0
 0 0 0 0 0
 0 0 0 0 0
 0 0 0 0 0
 0 0 0 0 0
 2.7216 2.5407 0.0296893 -0.0163621 2.37246
 1.19993 1.10186 0.0306965 -0.0179996 1.01236
 0.706335 0.638037 0.032979 -0.0204371 0.576745
 0.462538 0.411457 0.034566 -0.0227047 0.366445
 0.337493 0.295575 0.0369288 -0.0253575 0.25923
 0.25596 0.220701 0.0391902 -0.027917 0.190452
 0.20152 0.171179 0.0412583 -0.0303627 0.145597
 0.164528 0.137752 0.042986 -0.032513 0.115535
 0.139217 0.114831 0.0453352 -0.0352682 0.0947962
 0.120481 0.0979637 0.0477078 -0.0376298 0.0796993
 0.101968 0.0817505 0.0483265 -0.0390435 0.0655428
 0.088576 0.069988 0.0496447 -0.0406883 0.0551573
 0.0788777 0.0615492 0.0512805 -0.0424067 0.0480135
 0.0703835 0.0540665 0.0518445 -0.0434572 0.0412873
 0.06351 0.048153 0.05296 -0.0447927 0.036229
 0.05612 0.0420232 0.0516718 -0.0438407 0.0311598
 0.051462 0.0380148 0.0528685 -0.0452615 0.0276808
 0.0465003 0.0339017 0.0512235 -0.044166 0.0242487
 0.0427372 0.030761 0.051652 -0.044874 0.0216356
 0.0389415 0.0276722 0.050083 -0.0436682 0.0190679
 0.0352927 0.0248471 0.0480555 -0.0420468 0.0169859
 0.0326018 0.0226337 0.0470375 -0.0412055 0.0151225
 0.0302745 0.0208106 0.0456672 -0.040059 0.0137562
 0.027872 0.0189189 0.044011 -0.0387825 0.0121922
 0.0263363 0.0176707 0.0430347 -0.0379463 0.0111869
 0.0243182 0.016164 0.0407097 -0.036055 0.010074
 0.0223543 0.0145751 0.0390455 -0.034609 0.0086386
 0.0209803 0.0136251 0.036425 -0.032239 0.0081073
 0.0198931 0.01278 0.034984 -0.031145 0.0074509
 0.0188224 0.011995 0.033751 -0.029912 0.00684443
 0.0175639 0.0111239 0.0318885 -0.028361 0.00628507
 0.0163269 0.0102979 0.0302085 -0.0268358 0.00582627
 0.0156925 0.00984487 0.0285437 -0.0253175 0.00539543
 0.0146748 0.0091344 0.026889 -0.0238842 0.00488863
 0.01396 0.0087143 0.025458 -0.0225446 0.0047217
 0.0129698 0.00809303 0.0233233 -0.0207046 0.00436128
 0.0123808 0.00763777 0.0225833 -0.0201664 0.0039433
 0.0117158 0.0070649 0.0207451 -0.0185369 0.00346345
 0.0113552 0.0068636 0.0202798 -0.0180323 0.00348857
 0.0108726 0.0064508 0.0189852 -0.0169718 0.00316022
 0.0106343 0.0062721 0.0173776 -0.0155578 0.00313568
 0.00998273 0.00577887 0.0159546 -0.0144594 0.00271648
 0.00971248 0.00549537 0.0150124 -0.0133814 0.00257682
 0.00931533 0.00515373 0.0137122 -0.0123054 0.00232172
 0.00894382 0.0048416 0.0128057 -0.0114823 0.00207683
 0.00863732 0.00457757 0.0118623 -0.0104972 0.00195683
 0.00847425 0.004467 0.011289 -0.00988735 0.00196866
 0.00816825 0.00415055 0.0100849 -0.00885715 0.00171331
 0.0078466 0.0039453 0.00875138 -0.00780922 0.00164907
 0.0076388 0.0037208 0.00809977 -0.00721315 0.00146184
 0.00750048 0.0035492 0.00694515 -0.00628637 0.00137171
 0.00732815 0.00338777 0.00659138 -0.00571322 0.0012822
 0.0071432 0.00330193 0.0060777 -0.00531505 0.00129054
 0.0068346 0.00304698 0.0055181 -0.00493007 0.00115052
 0.00671515 0.00297092 0.00479272 -0.00412275 0.00108523
 0.00658345 0.00288723 0.00402772 -0.0034419 0.00110336
 0.0063829 0.00274357 0.00359225 -0.0030895 0.00102871
 0.00622763 0.00267807 0.00327275 -0.00276763 0.00103127
 0.00607087 0.00250002 0.00253278 -0.00221948 0.000902475
 0.006029 0.00249014 0.00221218 -0.00182946 0.000935132
 0.0058794 0.0023902 0.00211042 -0.00169008 0.00086544
 0.00557637 0.00223451 0.00184575 -0.00151796 0.00080561
 0.0055765 0.00222285 0.00157297 -0.00128648 0.000837488
 0.00542972 0.00213476 0.0012717 -0.00101031 0.000790233
 0.00520958 0.00202766 0.00122283 -0.000953285 0.000738628
 0.00513962 0.00197589 0.000957348 -0.000703243 0.000721345
 0.00502523 0.00192521 0.000747298 -0.000620785 0.000716447
 0.00484632 0.00183783 0.000557945 -0.000430923 0.000676453
 0 0 0 0 0
 0 0 0 0 0
 0 0 0 0 0
 0 0 0 0 0
 0 0 0 0 0
 0 0 0 0 0
 0 0 0 0 0
 0 0 0 0 0
 0 0 0 0 0
 0 0 0 0 0
 0 0 0 0 0
 0 0 0 0 0
 0 0 0 0 0
 0 0 0 0 0
 0 0 0 0 0
 0 0 0 0 0
 0 0 0 0 0
 0 0 0 0 0
 0 0 0 0 0
 0 0 0 0 0
 0 0 0 0 0
 0 0 0 0 0
 0 0 0 0 0
 0 0 0 0 0
 0 0 0 0 0
 0 0 0 0 0
 0 0 0 0 0
 0 0 0 0 0
 0 0 0 0 0
 0 0 0 0 0
 0 0 0 0 0
 0 0 0 0 0
 0 0 0 0 0
 0 0 0 0 0
 0 0 0 0 0
 0 0 0 0 0
 0 0 0 0 0
 0 0 0 0 0
 0 0 0 0 0
 0 0 0 0 0
 0 0 0 0 0
 0 0 0 0 0
 0 0 0 0 0
 0 0 0 0 0
 0 0 0 0 0
 0 0 0 0 0
 0 0 0 0 0
 0 0 0 0 0
 0 0 0 0 0
 0 0 0 0 0
 0 0 0 0 0
 0 0 0 0 0
 0 0 0 0 0
 0 0 0 0 0
 2.74852 2.57267 0.0272638 -0.0142386 2.40878
 1.20876 1.11326 0.0286045 -0.015929 1.0261
 0.6929 0.628255 0.0297337 -0.0176208 0.570353
 0.45657 0.407717 0.0317355 -0.0200641 0.364747
 0.326412 0.287062 0.033192 -0.022084 0.25295
 0.251248 0.217734 0.0359967 -0.0248765 0.189151
 0.19732 0.168434 0.0369032 -0.02643 0.144132
 0.162419 0.13667 0.0400307 -0.0298945 0.11529
 0.13748 0.113946 0.0424032 -0.032412 0.0946182
 0.11447 0.0934852 0.0431373 -0.0337812 0.076354
 0.0994467 0.0800862 0.0455922 -0.036489 0.064491
 0.0876015 0.0695598 0.0474418 -0.0384032 0.0551855
 0.0773843 0.060684 0.0480548 -0.039394 0.047582
 0.0699488 0.054035 0.0496415 -0.0413705 0.041507
 0.0622132 0.0474042 0.0503327 -0.0425262 0.035881
 0.0561285 0.0423013 0.0502715 -0.0428623 0.0316602
 0.0504372 0.0375073 0.0498295 -0.0426518 0.0275952
 0.0454262 0.033365 0.0494885 -0.0426962 0.0242231
 0.042011 0.0304455 0.0495413 -0.0430113 0.0216674
 0.0387882 0.0277 0.0495655 -0.0430763 0.0192528
 0.0357215 0.0252428 0.0478623 -0.0418655 0.0173353
 0.0322957 0.0224938 0.0459722 -0.0404262 0.0150504
 0.0302852 0.020819 0.046129 -0.0406278 0.0136209
 0.0278557 0.0189924 0.0436563 -0.0386957 0.0123377
 0.0256607 0.0173302 0.0421932 -0.037353 0.0111314
 0.0239524 0.0159795 0.0402342 -0.0357305 0.0100525
 0.0224709 0.0148203 0.038867 -0.0346328 0.00908902
 0.020926 0.0135881 0.0373128 -0.0331935 0.00801888
 0.0196081 0.0126955 0.034879 -0.030962 0.00755643
 0.0184262 0.0117734 0.0338835 -0.0302843 0.00678305
 0.0169967 0.0107437 0.031451 -0.0281528 0.0060142
 0.0160746 0.0101545 0.0295082 -0.026436 0.00578268
 0.0153771 0.00966708 0.0276275 -0.0246469 0.00534503
 0.0145675 0.00908242 0.0269675 -0.0240554 0.00489925
 0.0139411 0.0086794 0.025982 -0.023162 0.00462985
 0.0129476 0.00803745 0.0240808 -0.0215262 0.0043084
 0.0123592 0.00758892 0.02273 -0.0203561 0.00390597
 0.0116747 0.00719018 0.0207592 -0.0185351 0.0037916
 0.0112415 0.00686218 0.0203066 -0.018205 0.00359088
 0.0108296 0.006506 0.0187115 -0.0167627 0.00335407
 0.0102952 0.0060772 0.017393 -0.0156833 0.00296992
 0.00990965 0.00579197 0.0162038 -0.0145607 0.002882
 0.0094781 0.0053938 0.0152042 -0.0137452 0.00253468
 0.00913077 0.00509308 0.0137587 -0.012415 0.00234482
 0.00889945 0.00488042 0.0134588 -0.012029 0.00218474
 0.00836208 0.00446382 0.0118006 -0.0105809 0.00194133
 0.00833672 0.00440998 0.0111034 -0.0100293 0.00195926
 0.00786963 0.00403933 0.009931 -0.0090225 0.00166984
 0.00782413 0.0039299 0.00912833 -0.00814108 0.0016057
 0.00736232 0.0036388 0.00811855 -0.0071579 0.00145085
 0.00722977 0.00352122 0.0074541 -0.00671105 0.00137658
 0.00713507 0.00334995 0.00640845 -0.00565295 0.00127192
 0.00682907 0.0031972 0.00582703 -0.00503755 0.00122093
 0.0068068 0.00313608 0.00565118 -0.00491192 0.00124331
 0.00672587 0.00300813 0.00470363 -0.00400095 0.00113652
 0.00642068 0.0028485 0.00409555 -0.00349695 0.00107782
 0.00634265 0.00277053 0.00359868 -0.00312145 0.00106852
 0.00618895 0.00265138 0.0030431 -0.00258302 0.00099518
 0.00601398 0.00254868 0.00292132 -0.00242936 0.000964685
 0.00592365 0.00245984 0.00242957 -0.00199349 0.000914272
 0.00591477 0.00246917 0.00208818 -0.00171889 0.000973735
 0.0055548 0.00227033 0.00202546 -0.00165511 0.000833517
 0.00553565 0.00225912 0.0015551 -0.00129035 0.000875978
 0.0054194 0.0021882 0.00145517 -0.00124459 0.00085852
 0.0051406 0.00204956 0.00121348 -0.000975217 0.000788755
 0.00507773 0.00199971 0.0009825 -0.000731823 0.00077231
 0.00492663 0.00192346 0.00080038 -0.000660872 0.000738163
 0 0 0 0 0
 0 0 0 0 0
 0 0 0 0 0
 0 0 0 0 0
 0 0 0 0 0
 0 0 0 0 0
 0 0 0 0 0
 0 0 0 0 0
 0 0 0 0 0
 0 0 0 0 0
 0 0 0 0 0
 0 0 0 0 0
 0 0 0 0 0
 0 0 0 0 0
 0 0 0 0 0
 0 0 0 0 0
 0 0 0 0 0
 0 0 0 0 0
 0 0 0 0 0
 0 0 0 0 0
 0 0 0 0 0
 0 0 0 0 0
 0 0 0 0 0
 0 0 0 0 0
 0 0 0 0 0
 0 0 0 0 0
 0 0 0 0 0
 0 0 0 0 0
 0 0 0 0 0
 0 0 0 0 0
 0 0 0 0 0
 0 0 0 0 0
 0 0 0 0 0
 0 0 0 0 0
 0 0 0 0 0
 0 0 0 0 0
 0 0 0 0 0
 0 0 0 0 0
 0 0 0 0 0
 0 0 0 0 0
 0 0 0 0 0
 0 0 0 0 0
 0 0 0 0 0
 0 0 0 0 0
 0 0 0 0 0
 0 0 0 0 0
 0 0 0 0 0
 0 0 0 0 0
 0 0 0 0 0
 0 0 0 0 0
 0 0 0 0 0
 0 0 0 0 0
 0 0 0 0 0
 0 0 0 0 0
 0 0 0 0 0
 2.8107 2.63752 0.0256808 -0.0125922 2.47594
 1.201 1.10925 0.0260922 -0.0137859 1.02544
 0.686135 0.624112 0.027442 -0.0154942 0.568517
 0.452072 0.40505 0.0290685 -0.0175255 0.36362
 0.32316 0.285288 0.0307272 -0.0196862 0.252435
 0.247721 0.215353 0.0328687 -0.0220973 0.187607
 0.193872 0.16613 0.0343083 -0.0240982 0.142743
 0.160753 0.135817 0.0370545 -0.0269337 0.115107
 0.134389 0.112003 0.0389145 -0.0292257 0.0936848
 0.113072 0.0928697 0.0401437 -0.030823 0.0764485
 0.0977835 0.0791683 0.0420305 -0.0332027 0.064249
 0.0860597 0.0687318 0.0444153 -0.0355297 0.0549123
 0.0763655 0.0601828 0.0452527 -0.0369668 0.0474567
 0.0679797 0.0528125 0.0467063 -0.0386848 0.040919
 0.059981 0.0459753 0.046958 -0.0393865 0.0351307
 0.0548585 0.0415285 0.0472892 -0.0399045 0.0312605
 0.0496673 0.0371397 0.048653 -0.0415308 0.0276095
 0.045318 0.033427 0.0476075 -0.0408907 0.0243125
 0.0409335 0.0298262 0.0469407 -0.04075 0.021417
 0.0375825 0.0270575 0.0464545 -0.040325 0.0191187
 0.034764 0.0247151 0.0460377 -0.0402478 0.0171839
 0.0324897 0.0228017 0.045447 -0.0398773 0.0155236
 0.0294498 0.0204406 0.0438848 -0.0388393 0.0136823
 0.0269015 0.0184799 0.041724 -0.0368618 0.0121692
 0.0255375 0.0172822 0.0417207 -0.037039 0.0110616
 0.0236423 0.0158419 0.0395395 -0.0350713 0.0100005
 0.0221011 0.0146476 0.0381815 -0.0338755 0.00905108
 0.0207212 0.0136231 0.0362972 -0.0323202 0.00838252
 0.0194345 0.0126718 0.0354595 -0.031554 0.00769753
 0.0180368 0.0115727 0.032919 -0.0294102 0.00670347
 0.0171609 0.0109751 0.031624 -0.0281848 0.00639523
 0.0163306 0.010299 0.0304125 -0.027213 0.00576337
 0.0153509 0.00965267 0.0282785 -0.025311 0.00537237
 0.0142289 0.00886105 0.0266247 -0.0237975 0.00474185
 0.0134618 0.0083587 0.0254057 -0.0227886 0.00445242
 0.012962 0.0081129 0.0237566 -0.0212368 0.00444878
 0.0122415 0.00768135 0.0223288 -0.0198716 0.00428277
 0.0115482 0.00715885 0.0207765 -0.0185504 0.0038502
 0.0111872 0.00678495 0.0201227 -0.0180204 0.0035203
 0.010432 0.0063103 0.0180505 -0.0162173 0.00326493
 0.0102496 0.00617883 0.017518 -0.0157907 0.0032695
 0.00974583 0.00574747 0.0162193 -0.0145965 0.0028998
 0.00935982 0.00534755 0.0151512 -0.0135857 0.00252737
 0.00899578 0.00507093 0.0140574 -0.0126566 0.00241503
 0.0087442 0.00483815 0.0131253 -0.0117422 0.00225954
 0.00859748 0.0047311 0.0120966 -0.0109356 0.00225711
 0.00818985 0.00435918 0.0108191 -0.00987605 0.00191116
 0.00782345 0.0040909 0.0103401 -0.00930935 0.00178421
 0.00753427 0.00385775 0.0093871 -0.00830755 0.00165375
 0.00736285 0.0036747 0.00841363 -0.00750142 0.00153513
 0.00718162 0.00352005 0.0076122 -0.00680822 0.00142095
 0.00702978 0.00333917 0.0070059 -0.00621122 0.00131753
 0.0069216 0.00321298 0.00619202 -0.00543958 0.00121451
 0.00667085 0.00307297 0.00558257 -0.0048531 0.00119747
 0.00643303 0.0028921 0.0046703 -0.00413113 0.00110579
 0.00642965 0.00285452 0.00411723 -0.00363675 0.0010896
 0.00631272 0.00278065 0.00375915 -0.00329157 0.00107345
 0.00608015 0.0026393 0.0033318 -0.00287683 0.00101554
 0.00594175 0.00255455 0.00269873 -0.00232738 0.00100043
 0.00576568 0.00245537 0.0025055 -0.00213117 0.000954778
 0.0057289 0.0024052 0.0022194 -0.00182089 0.00094965
 0.0055566 0.00231022 0.00186112 -0.00157515 0.000898853
 0.0054204 0.00224448 0.00165757 -0.00131701 0.00088293
 0.00534645 0.00218405 0.00152804 -0.00122197 0.000855725
 0.00514037 0.00208171 0.00124698 -0.000978885 0.000822368
 0.00503288 0.0020048 0.00104541 -0.000840278 0.000761007
 0 0 0 0 0
 0 0 0 0 0
 0 0 0 0 0
 0 0 0 0 0
 0 0 0 0 0
 0 0 0 0 0
 0 0 0 0 0
 0 0 0 0 0
 0 0 0 0 0
 0 0 0 0 0
 0 0 0 0 0
 0 0 0 0 0
 0 0 0 0 0
 0 0 0 0 0
 0 0 0 0 0
 0 0 0 0 0
 0 0 0 0 0
 0 0 0 0 0
 0 0 0 0 0
 0 0 0 0 0
 0 0 0 0 0
 0 0 0 0 0
 0 0 0 0 0
 0 0 0 0 0
 0 0 0 0 0
 0 0 0 0 0
 0 0 0 0 0
 0 0 0 0 0
 0 0 0 0 0
 0 0 0 0 0
 0 0 0 0 0
 0 0 0 0 0
 0 0 0 0 0
 0 0 0 0 0
 0 0 0 0 0
 0 0 0 0 0
 0 0 0 0 0
 0 0 0 0 0
 0 0 0 0 0
 0 0 0 0 0
 0 0 0 0 0
 0 0 0 0 0
 0 0 0 0 0
 0 0 0 0 0
 0 0 0 0 0
 0 0 0 0 0
 0 0 0 0 0
 0 0 0 0 0
 0 0 0 0 0
 0 0 0 0 0
 0 0 0 0 0
 0 0 0 0 0
 0 0 0 0 0
 0 0 0 0 0
 0 0 0 0 0
 0 0 0 0 0
 2.89217 2.72025 0.0234683 -0.0106479 2.55972
 1.2339 1.14257 0.0246454 -0.0123787 1.05897
 0.68501 0.624763 0.0251213 -0.0134679 0.57063
 0.44605 0.400935 0.0263795 -0.0152327 0.361235
 0.32601 0.288703 0.0286177 -0.0175456 0.256308
 0.245793 0.214627 0.0303985 -0.0197401 0.188011
 0.18873 0.162517 0.0312662 -0.0214664 0.14058
 0.15532 0.131864 0.0332742 -0.0236856 0.11246
 0.130745 0.109437 0.035415 -0.0262665 0.0920218
 0.11067 0.0913327 0.0372367 -0.0283655 0.0757558
 0.0966543 0.0786423 0.0396472 -0.0309695 0.0642
 0.0846127 0.0678515 0.0412162 -0.0329435 0.0544572
 0.0749955 0.059383 0.0429605 -0.0348822 0.0471218
 0.0664228 0.051939 0.0440822 -0.0363395 0.04068
 0.0603855 0.046574 0.045417 -0.038064 0.035876
 0.0535417 0.040722 0.0449222 -0.0378998 0.030815
 0.0486538 0.036562 0.0456607 -0.0389068 0.0272713
 0.0448 0.033257 0.0461945 -0.0396078 0.024559
 0.040103 0.029345 0.0453142 -0.0392405 0.0211802
 0.036417 0.0263475 0.044109 -0.0383392 0.0187774
 0.0339792 0.0243044 0.0443313 -0.0387348 0.0170499
 0.0313947 0.0221571 0.043685 -0.038422 0.0152076
 0.0290563 0.0203314 0.0427945 -0.0375835 0.0138601
 0.0269878 0.0186254 0.041421 -0.0366837 0.0124143
 0.0247384 0.0169214 0.039108 -0.0344925 0.0111693
 0.0230139 0.0155401 0.0383015 -0.0339442 0.0100273
 0.0217814 0.0144913 0.037232 -0.0331248 0.00902858
 0.0202356 0.0133376 0.0355908 -0.0317542 0.00818497
 0.0191912 0.0125044 0.0346927 -0.0309602 0.00754857
 0.0179929 0.0116751 0.0327685 -0.0293695 0.00704695
 0.0168949 0.0108241 0.0313565 -0.0280902 0.00631025
 0.015763 0.0100059 0.0294035 -0.0263435 0.00571258
 0.0148748 0.00947293 0.0276537 -0.0247817 0.00553917
 0.0142283 0.0089334 0.0265333 -0.023866 0.00496592
 0.0136572 0.00863522 0.0256268 -0.023067 0.00494923
 0.0127234 0.00801488 0.0236 -0.0211655 0.00449565
 0.0120653 0.00755323 0.0223515 -0.0200725 0.00420653
 0.0115947 0.00725733 0.0213316 -0.019095 0.00408647
 0.0110891 0.00681545 0.0204371 -0.0182172 0.00360888
 0.0102885 0.00624487 0.0180468 -0.0163556 0.00324078
 0.00992002 0.0059678 0.0168617 -0.015235 0.00309905
 0.00960857 0.00566363 0.01602 -0.0144463 0.00287652
 0.00924697 0.00543133 0.0153236 -0.0137975 0.00276068
 0.0089255 0.0050647 0.0143835 -0.0129265 0.00241113
 0.00876135 0.0048949 0.0128492 -0.0117236 0.00234801
 0.00825243 0.0045703 0.012051 -0.010846 0.00220309
 0.00815703 0.0044491 0.0113151 -0.0102634 0.00212443
 0.0077507 0.00408657 0.010117 -0.00905675 0.0018402
 0.0073929 0.00389385 0.00937072 -0.00850248 0.00173149
 0.00720185 0.00364052 0.0080854 -0.00731692 0.00154653
 0.00704878 0.0035294 0.0075957 -0.00670625 0.00150681
 0.0068844 0.00335477 0.00729395 -0.00641525 0.00139707
 0.0066861 0.0031989 0.00616728 -0.00553998 0.00131575
 0.00660867 0.00310158 0.00559445 -0.0050301 0.00126408
 0.00640035 0.00297712 0.00504167 -0.00443213 0.00120948
 0.00621312 0.00283187 0.0042634 -0.00376982 0.00113398
 0.00611572 0.0027547 0.00391485 -0.0033801 0.00110481
 0.00591975 0.00260663 0.00326532 -0.0027877 0.00100725
 0.00589675 0.00259775 0.0029178 -0.00252307 0.00104768
 0.00574745 0.00248666 0.00248181 -0.00209473 0.00100802
 0.00550042 0.00234733 0.00216038 -0.00185762 0.000915067
 0.005374 0.00226905 0.00179336 -0.00152972 0.000900965
 0.00524965 0.00219924 0.00161519 -0.0014067 0.000873067
 0.00518305 0.00216393 0.00159255 -0.0013437 0.00089281
 0.00504955 0.00207446 0.00125873 -0.00104604 0.000829677
 0 0 0 0 0
 0 0 0 0 0
 0 0 0 0 0
 0 0 0 0 0
 0 0 0 0 0
 0 0 0 0 0
 0 0 0 0 0
 0 0 0 0 0
 0 0 0 0 0
 0 0 0 0 0
 0 0 0 0 0
 0 0 0 0 0
 0 0 0 0 0
 0 0 0 0 0
 0 0 0 0 0
 0 0 0 0 0
 0 0 0 0 0
 0 0 0 0 0
 0 0 0 0 0
 0 0 0 0 0
 0 0 0 0 0
 0 0 0 0 0
 0 0 0 0 0
 0 0 0 0 0
 0 0 0 0 0
 0 0 0 0 0
 0 0 0 0 0
 0 0 0 0 0
 0 0 0 0 0
 0 0 0 0 0
 0 0 0 0 0
 0 0 0 0 0
 0 0 0 0 0
 0 0 0 0 0
 0 0 0 0 0
 0 0 0 0 0
 0 0 0 0 0
 0 0 0 0 0
 0 0 0 0 0
 0 0 0 0 0
 0 0 0 0 0
 0 0 0 0 0
 0 0 0 0 0
 0 0 0 0 0
 0 0 0 0 0
 0 0 0 0 0
 0 0 0 0 0
 0 0 0 0 0
 0 0 0 0 0
 0 0 0 0 0
 0 0 0 0 0
 0 0 0 0 0
 0 0 0 0 0
 0 0 0 0 0
 0 0 0 0 0
 0 0 0 0 0
 0 0 0 0 0
 3.03175 2.8577 0.0227239 -0.00969003 2.6949
 1.24398 1.15479 0.0228982 -0.0107997 1.07309
 0.698982 0.639335 0.0237413 -0.0122203 0.585845
 0.453308 0.408675 0.024829 -0.0133413 0.36937
 0.32042 0.284645 0.0261263 -0.0153178 0.253535
 0.241634 0.211692 0.0274695 -0.0170697 0.186108
 0.189804 0.163997 0.0290842 -0.0192133 0.14225
 0.15298 0.130334 0.0304115 -0.0210113 0.111554
 0.130089 0.109288 0.032973 -0.0236602 0.092204
 0.106807 0.0885245 0.0332252 -0.0246748 0.0737302
 0.0950438 0.0777253 0.0367382 -0.0280915 0.063857
 0.0834192 0.0672835 0.0386632 -0.0303675 0.0545285
 0.0735077 0.0585135 0.040011 -0.0321325 0.0467422
 0.0665048 0.0522445 0.0420033 -0.0343997 0.0411838
 0.0581415 0.045001 0.0427272 -0.0355645 0.034801
 0.052365 0.0400277 0.042757 -0.0359025 0.0305628
 0.047515 0.0359215 0.0435475 -0.036963 0.0271245
 0.043428 0.032381 0.0438525 -0.0374078 0.024024
 0.040551 0.029855 0.0446897 -0.0385967 0.021778
 0.0363445 0.0263822 0.0434757 -0.0377277 0.0188217
 0.0339505 0.0243482 0.0432417 -0.037737 0.0170842
 0.0308653 0.0219222 0.0421562 -0.0369193 0.0152772
 0.0287705 0.0201992 0.0416665 -0.036773 0.0138158
 0.0264155 0.0182884 0.0399997 -0.0353163 0.0122088
 0.0244641 0.0167202 0.0391807 -0.0347465 0.0109525
 0.0232938 0.0157905 0.0383707 -0.0342215 0.0102171
 0.0218475 0.014699 0.037271 -0.0332548 0.00948688
 0.0203127 0.013452 0.036238 -0.032386 0.00833103
 0.0187819 0.0123353 0.0338878 -0.0302105 0.00760973
 0.0177609 0.0115353 0.032576 -0.029138 0.00693157
 0.0168969 0.0108937 0.031411 -0.0281763 0.00644492
 0.0155034 0.00985895 0.0286295 -0.0256873 0.0056636
 0.0147201 0.0093594 0.0276645 -0.0249344 0.00543937
 0.0137282 0.0086436 0.0256808 -0.0230153 0.00484225
 0.0129337 0.00817485 0.0242247 -0.0217514 0.00468198
 0.0126193 0.00795687 0.0234712 -0.0210878 0.00449432
 0.0119961 0.0075351 0.0221906 -0.0199905 0.00426137
 0.0113 0.0070442 0.020995 -0.0188855 0.00390705
 0.0108314 0.00665865 0.0202793 -0.0182928 0.00353465
 0.0102919 0.00631202 0.0183269 -0.0164811 0.00339783
 0.00989757 0.0059453 0.0175028 -0.0158648 0.0031105
 0.00952805 0.0057169 0.0162729 -0.0145735 0.00304242
 0.0091968 0.00533275 0.0153179 -0.0138869 0.00265933
 0.00874363 0.00498103 0.0147491 -0.0133916 0.00237789
 0.00858435 0.00486997 0.0132285 -0.0118992 0.00236577
 0.0082237 0.00461635 0.0122888 -0.0112862 0.00227839
 0.00789935 0.00427222 0.0112985 -0.0101614 0.00195747
 0.00762728 0.00399025 0.0103115 -0.00940045 0.0017013
 0.00749247 0.00387055 0.00954995 -0.0086765 0.00167262
 0.00720205 0.00370728 0.00872695 -0.0079757 0.00163277
 0.0070832 0.00357538 0.00772545 -0.00685563 0.00157275
 0.0069525 0.00348018 0.00699878 -0.00629178 0.00150698
 0.00662675 0.00322848 0.0063796 -0.0057008 0.00137624
 0.0065718 0.0030983 0.00569923 -0.00508843 0.00123568
 0.00641183 0.00301412 0.00490253 -0.004343 0.00128844
 0.0063163 0.00291158 0.00472322 -0.0041482 0.00120172
 0.0061327 0.0027627 0.00401265 -0.00353833 0.00110563
 0.00602793 0.00272928 0.00368787 -0.00316348 0.00114713
 0.00571942 0.00256062 0.00301428 -0.00256873 0.00106511
 0.00555115 0.00244053 0.00247315 -0.00215173 0.00101108
 0.00559042 0.00243803 0.00242509 -0.00205546 0.00101775
 0.00524227 0.00224049 0.00182083 -0.00159455 0.000888765
 0.0052399 0.00222927 0.00170217 -0.00143213 0.000899847
 0.00513175 0.00215417 0.00150491 -0.00124182 0.000866715
 0 0 0 0 0
 0 0 0 0 0
 0 0 0 0 0
 0 0 0 0 0
 0 0 0 0 0
 0 0 0 0 0
 0 0 0 0 0
 0 0 0 0 0
 0 0 0 0 0
 0 0 0 0 0
 0 0 0 0 0
 0 0 0 0 0
 0 0 0 0 0
 0 0 0 0 0
 0 0 0 0 0
 0 0 0 0 0
 0 0 0 0 0
 0 0 0 0 0
 0 0 0 0 0
 0 0 0 0 0
 0 0 0 0 0
 0 0 0 0 0
 0 0 0 0 0
 0 0 0 0 0
 0 0 0 0 0
 0 0 0 0 0
 0 0 0 0 0
 0 0 0 0 0
 0 0 0 0 0
 0 0 0 0 0
 0 0 0 0 0
 0 0 0 0 0
 0 0 0 0 0
 0 0 0 0 0
 0 0 0 0 0
 0 0 0 0 0
 0 0 0 0 0
 0 0 0 0 0
 0 0 0 0 0
 0 0 0 0 0
 0 0 0 0 0
 0 0 0 0 0
 0 0 0 0 0
 0 0 0 0 0
 0 0 0 0 0
 0 0 0 0 0
 0 0 0 0 0
 0 0 0 0 0
 0 0 0 0 0
 0 0 0 0 0
 0 0 0 0 0
 0 0 0 0 0
 0 0 0 0 0
 0 0 0 0 0
 0 0 0 0 0
 0 0 0 0 0
 0 0 0 0 0
 0 0 0 0 0
 3.13155 2.95782 0.0211195 -0.0083581 2.79492
 1.27133 1.18283 0.0212795 -0.00928825 1.10173
 0.703125 0.64462 0.022168 -0.0105727 0.59198
 0.453088 0.409572 0.0230012 -0.0119008 0.371135
 0.323918 0.288668 0.0241135 -0.0135412 0.258052
 0.238314 0.209605 0.0250687 -0.0149098 0.185269
 0.187281 0.162362 0.0265422 -0.0168623 0.141334
 0.152453 0.130333 0.0281658 -0.0189626 0.111944
 0.126705 0.106865 0.0297285 -0.02078 0.090577
 0.108403 0.0901895 0.0320385 -0.0234163 0.0754315
 0.0937355 0.0769392 0.034147 -0.0257982 0.0635355
 0.0808057 0.065484 0.035434 -0.027547 0.053421
 0.071456 0.0570617 0.0370353 -0.0295223 0.0456653
 0.0646705 0.0510812 0.03873 -0.0314565 0.0405655
 0.0574463 0.0447605 0.0396222 -0.032553 0.0350167
 0.0516367 0.0396573 0.040489 -0.0338288 0.0304358
 0.0473912 0.0359803 0.0416713 -0.035193 0.0273028
 0.0429703 0.032199 0.0419822 -0.0358625 0.024026
 0.0395117 0.0293123 0.0418023 -0.035958 0.0216883
 0.036217 0.0265035 0.0426135 -0.0369998 0.0192499
 0.033377 0.0240899 0.042272 -0.0368548 0.0170853
 0.0302668 0.0216373 0.0403492 -0.0352505 0.0152387
 0.0284058 0.0200328 0.0406008 -0.0356815 0.0137971
 0.0263835 0.0184328 0.039841 -0.0351298 0.0125807
 0.0239547 0.0164726 0.0379632 -0.033572 0.0108984
 0.0229758 0.0156692 0.0372147 -0.0330535 0.010273
 0.0214003 0.0144452 0.0364805 -0.0324895 0.00934635
 0.0196365 0.0130669 0.034341 -0.0306528 0.00817315
 0.0186823 0.0123617 0.0331547 -0.0296808 0.0077676
 0.0176528 0.0115774 0.0321402 -0.0288092 0.00714958
 0.0165089 0.0107568 0.029869 -0.0267175 0.00660425
 0.0156191 0.0100724 0.0294117 -0.0263765 0.0060621
 0.0145628 0.0093212 0.0273445 -0.0245527 0.00551708
 0.0136411 0.00863633 0.0257128 -0.0230566 0.00496525
 0.0131986 0.00835465 0.0249277 -0.0223847 0.00479675
 0.0123944 0.00783157 0.0229482 -0.0206807 0.00446742
 0.0116552 0.00729035 0.0221688 -0.0200301 0.00404883
 0.0113537 0.00707867 0.0210907 -0.0190007 0.0039133
 0.0106752 0.0066211 0.0197202 -0.0178647 0.00365485
 0.0101543 0.006194 0.018524 -0.0168385 0.00326607
 0.00957655 0.00580643 0.0169632 -0.0152929 0.00310675
 0.00918085 0.0054799 0.0160343 -0.0145058 0.00284522
 0.00901575 0.00531 0.0153888 -0.0140277 0.00273302
 0.00856327 0.00492597 0.0140137 -0.0127413 0.00240638
 0.00836375 0.00479812 0.0131243 -0.0119202 0.00241193
 0.0080777 0.00458952 0.0123643 -0.0111093 0.00228194
 0.00780517 0.00427945 0.0109051 -0.00986923 0.00204107
 0.00769407 0.0041427 0.0105535 -0.00952763 0.00195063
 0.0074107 0.00395185 0.00943033 -0.00846485 0.00186381
 0.0069453 0.003576 0.00859327 -0.0078192 0.00154242
 0.006841 0.00346342 0.00754535 -0.00683 0.00148651
 0.0067758 0.00339855 0.00712387 -0.00638868 0.00148488
 0.00640905 0.00318555 0.00625912 -0.00555315 0.00140002
 0.0063576 0.00305355 0.005651 -0.00511725 0.00127342
 0.0062336 0.00299697 0.00521415 -0.004622 0.00129729
 0.00598897 0.0028125 0.00445375 -0.00389345 0.00118127
 0.00595157 0.00272567 0.00403723 -0.0035924 0.00110174
 0.0056973 0.00261242 0.00346715 -0.0030059 0.00111172
 0.00568808 0.00255318 0.00322587 -0.00278897 0.0010318
 0.00555395 0.00244717 0.00270023 -0.00233643 0.00098337
 0.00549123 0.00241659 0.00233505 -0.00208681 0.00100462
 0.00527725 0.00229541 0.00188958 -0.00163876 0.00095107
 0.00518407 0.00222541 0.00169526 -0.00147912 0.00091016
 0 0 0 0 0
 0 0 0 0 0
 0 0 0 0 0
 0 0 0 0 0
 0 0 0 0 0
 0 0 0 0 0
 0 0 0 0 0
 0 0 0 0 0
 0 0 0 0 0
 0 0 0 0 0
 0 0 0 0 0
 0 0 0 0 0
 0 0 0 0 0
 0 0 0 0 0
 0 0 0 0 0
 0 0 0 0 0
 0 0 0 0 0
 0 0 0 0 0
 0 0 0 0 0
 0 0 0 0 0
 0 0 0 0 0
 0 0 0 0 0
 0 0 0 0 0
 0 0 0 0 0
 0 0 0 0 0
 0 0 0 0 0
 0 0 0 0 0
 0 0 0 0 0
 0 0 0 0 0
 0 0 0 0 0
 0 0 0 0 0
 0 0 0 0 0
 0 0 0 0 0
 0 0 0 0 0
 0 0 0 0 0
 0 0 0 0 0
 0 0 0 0 0
 0 0 0 0 0
 0 0 0 0 0
 0 0 0 0 0
 0 0 0 0 0
 0 0 0 0 0
 0 0 0 0 0
 0 0 0 0 0
 0 0 0 0 0
 0 0 0 0 0
 0 0 0 0 0
 0 0 0 0 0
 0 0 0 0 0
 0 0 0 0 0
 0 0 0 0 0
 0 0 0 0 0
 0 0 0 0 0
 0 0 0 0 0
 0 0 0 0 0
 0 0 0 0 0
 0 0 0 0 0
 0 0 0 0 0
 0 0 0 0 0
 3.27317 3.09772 0.0201086 -0.00734608 2.93307
 1.31339 1.22462 0.0204609 -0.0082756 1.1431
 0.708355 0.651118 0.0205203 -0.00914788 0.59964
 0.45933 0.416283 0.0213283 -0.0105029 0.378342
 0.320003 0.286112 0.0226164 -0.01206 0.256883
 0.236365 0.208364 0.0228615 -0.0130551 0.184436
 0.187055 0.162728 0.0245691 -0.0149819 0.142271
 0.151083 0.129715 0.0257777 -0.0166489 0.11205
 0.126575 0.107168 0.0278912 -0.0190735 0.09126
 0.105937 0.0885293 0.0291662 -0.0207235 0.0744597
 0.0913005 0.07529 0.030426 -0.0225167 0.062523
 0.0826992 0.0673185 0.033775 -0.0257562 0.0552233
 0.0704252 0.0565805 0.033979 -0.0266682 0.0457428
 0.062886 0.0498345 0.0364175 -0.0292693 0.0396865
 0.056206 0.0439953 0.037247 -0.030428 0.0346358
 0.0519075 0.0400892 0.0390335 -0.032354 0.0310475
 0.046416 0.035385 0.0395415 -0.0333142 0.0269728
 0.0426058 0.0321033 0.0401515 -0.0341133 0.0241584
 0.0390803 0.0291052 0.0406117 -0.0348645 0.0216384
 0.0350447 0.0257175 0.039939 -0.0344422 0.0186817
 0.032893 0.0238732 0.040142 -0.0350595 0.0170969
 0.0306022 0.0219652 0.0397952 -0.0348255 0.0155535
 0.0279542 0.0197976 0.0394575 -0.0348132 0.0137021
 0.0254985 0.0179036 0.0378843 -0.0333915 0.0123253
 0.0243161 0.0168475 0.0374775 -0.0332775 0.011336
 0.0225557 0.0154576 0.0371775 -0.0330495 0.0102342
 0.0210953 0.0142987 0.036148 -0.0321897 0.00933665
 0.0196914 0.0132264 0.0341693 -0.030526 0.00852415
 0.0184587 0.0122448 0.032593 -0.0292863 0.00765025
 0.0171862 0.0113103 0.0310957 -0.0278863 0.00701605
 0.0163159 0.01063 0.0303845 -0.0273238 0.0065014
 0.0154295 0.0100737 0.0288267 -0.0258545 0.00627973
 0.0145721 0.00929312 0.027204 -0.0244906 0.00539978
 0.0138776 0.00886207 0.0264525 -0.0238863 0.00526218
 0.0131616 0.00835943 0.0250967 -0.0226446 0.00485287
 0.0122488 0.00770295 0.0234378 -0.0211713 0.0043005
 0.011799 0.0074458 0.0227 -0.0205368 0.00425962
 0.0109871 0.00688703 0.0210263 -0.0190322 0.00386005
 0.0104358 0.0065399 0.0190122 -0.0172802 0.0036743
 0.0100965 0.00626135 0.0184864 -0.0168014 0.00350338
 0.00969132 0.00599693 0.0170923 -0.0154604 0.00338378
 0.00929757 0.0055987 0.0158775 -0.0144704 0.00298542
 0.00884075 0.00524695 0.015085 -0.0137379 0.0027894
 0.00843942 0.00496545 0.0140742 -0.0126721 0.0025705
 0.00822455 0.0047198 0.0135016 -0.0122212 0.00234164
 0.00784125 0.00441625 0.0121471 -0.0110079 0.00216648
 0.00767335 0.00422 0.0116156 -0.010607 0.00199252
 0.0073432 0.00397118 0.0103176 -0.00931905 0.00185738
 0.00706035 0.0037762 0.00921638 -0.00840852 0.00176408
 0.0069925 0.0036981 0.0089297 -0.00797563 0.00172134
 0.0068145 0.00347772 0.00783295 -0.00724187 0.00151897
 0.0064727 0.0032549 0.0071343 -0.00649062 0.00139425
 0.00628505 0.00311813 0.00623263 -0.0056431 0.00135789
 0.00628713 0.0030893 0.00571512 -0.00511315 0.00137978
 0.00603332 0.00290978 0.00516418 -0.00465988 0.00127301
 0.00594377 0.00281013 0.00461177 -0.00406497 0.00120142
 0.0058813 0.00276653 0.0037386 -0.00333108 0.00121047
 0.00583912 0.00267845 0.00355508 -0.00323613 0.00111312
 0.0055068 0.0025065 0.00322077 -0.00284838 0.00104345
 0.00540713 0.00243276 0.0027009 -0.00229158 0.0010123
 0.00527897 0.00235813 0.00240635 -0.00205826 0.000995508
 0.0051922 0.00228772 0.00205836 -0.00170003 0.00095672
 0 0 0 0 0
 0 0 0 0 0
 0 0 0 0 0
 0 0 0 0 0
 0 0 0 0 0
 0 0 0 0 0
 0 0 0 0 0
 0 0 0 0 0
 0 0 0 0 0
 0 0 0 0 0
 0 0 0 0 0
 0 0 0 0 0
 0 0 0 0 0
 0 0 0 0 0
 0 0 0 0 0
 0 0 0 0 0
 0 0 0 0 0
 0 0 0 0 0
 0 0 0 0 0
 0 0 0 0 0
 0 0 0 0 0
 0 0 0 0 0
 0 0 0 0 0
 0 0 0 0 0
 0 0 0 0 0
 0 0 0 0 0
 0 0 0 0 0
 0 0 0 0 0
 0 0 0 0 0
 0 0 0 0 0
 0 0 0 0 0
 0 0 0 0 0
 0 0 0 0 0
 0 0 0 0 0
 0 0 0 0 0
 0 0 0 0 0
 0 0 0 0 0
 0 0 0 0 0
 0 0 0 0 0
 0 0 0 0 0
 0 0 0 0 0
 0 0 0 0 0
 0 0 0 0 0
 0 0 0 0 0
 0 0 0 0 0
 0 0 0 0 0
 0 0 0 0 0
 0 0 0 0 0
 0 0 0 0 0
 0 0 0 0 0
 0 0 0 0 0
 0 0 0 0 0
 0 0 0 0 0
 0 0 0 0 0
 0 0 0 0 0
 0 0 0 0 0
 0 0 0 0 0
 0 0 0 0 0
 0 0 0 0 0
 0 0 0 0 0
 3.43675 3.25833 0.0190209 -0.0063867 3.09068
 1.34705 1.2585 0.0191603 -0.00714255 1.17703
 0.728982 0.67157 0.0196767 -0.00819605 0.619925
 0.458285 0.416413 0.0198504 -0.00919365 0.379485
 0.325335 0.291703 0.0213014 -0.0107057 0.262643
 0.238732 0.211082 0.0215554 -0.0117223 0.187497
 0.185848 0.162186 0.0225854 -0.0132243 0.142328
 0.14938 0.128645 0.023675 -0.0147496 0.11148
 0.125026 0.106284 0.0254897 -0.01686 0.0910115
 0.106667 0.0894988 0.0275267 -0.0191618 0.0756655
 0.0907843 0.0751855 0.028637 -0.0206348 0.0628077
 0.0799535 0.0653028 0.0305383 -0.0229353 0.0536687
 0.0702687 0.0567002 0.0324532 -0.0251258 0.0460665
 0.0623512 0.0497225 0.0335365 -0.0264085 0.0400462
 0.0558888 0.043901 0.0351527 -0.0285465 0.0346785
 0.0508568 0.039462 0.0367447 -0.030274 0.0307535
 0.046785 0.035803 0.0383423 -0.032004 0.0273517
 0.041174 0.031136 0.0371682 -0.0313303 0.0235182
 0.0379793 0.0283657 0.0386558 -0.0329892 0.021111
 0.0350167 0.0258468 0.0384872 -0.0332585 0.0189579
 0.0318645 0.0232096 0.0382948 -0.0331857 0.0167118
 0.029444 0.0211895 0.037761 -0.0330805 0.0150231
 0.027609 0.0196752 0.0378513 -0.0332798 0.0138163
 0.0258385 0.018193 0.036778 -0.0323753 0.0125234
 0.0239014 0.0166537 0.0365378 -0.0324772 0.0112916
 0.0219487 0.0151161 0.0353887 -0.031489 0.0101158
 0.0209306 0.0142502 0.034737 -0.030965 0.0093383
 0.0193101 0.013014 0.0328803 -0.0294302 0.0084032
 0.0178458 0.0119031 0.0314508 -0.0281273 0.00755925
 0.0174501 0.0115313 0.0316082 -0.0283382 0.0072004
 0.0161136 0.0105757 0.0296333 -0.0266057 0.00658937
 0.0149545 0.00976082 0.0273395 -0.0245632 0.0060141
 0.0145302 0.0093694 0.0271545 -0.0245147 0.00561962
 0.0134729 0.00863538 0.0253183 -0.0228491 0.00513545
 0.0126792 0.0080893 0.0241871 -0.0219133 0.0048206
 0.0120782 0.0076076 0.0231899 -0.0210131 0.00430775
 0.0113368 0.00715638 0.0217444 -0.0196823 0.00407333
 0.01088 0.00685338 0.020835 -0.0188781 0.00394445
 0.0103869 0.00653015 0.0196018 -0.0177323 0.00372915
 0.00989225 0.0061216 0.0180889 -0.0164939 0.0033607
 0.0096264 0.00592075 0.0175956 -0.0159043 0.0032891
 0.0091196 0.00548945 0.0163448 -0.0147975 0.0029113
 0.0087516 0.00523518 0.0152396 -0.0138678 0.00276125
 0.00843673 0.00495043 0.0142794 -0.012986 0.0025624
 0.0080687 0.00469903 0.0128371 -0.0116463 0.00244644
 0.00780113 0.00443833 0.0123346 -0.011245 0.00221725
 0.0076122 0.00426612 0.0115263 -0.0105208 0.00210368
 0.00742038 0.00407083 0.0106335 -0.00965342 0.00198644
 0.00715198 0.00387398 0.00976707 -0.0089092 0.00184954
 0.00691185 0.00365452 0.00881955 -0.00801757 0.00171601
 0.00672313 0.00348343 0.00810093 -0.0073448 0.00159507
 0.00644843 0.00331657 0.0073589 -0.00658723 0.00151131
 0.00630445 0.00316992 0.00640673 -0.0058144 0.00142037
 0.00611895 0.00305348 0.005824 -0.0052427 0.00138193
 0.00597458 0.0029336 0.00530468 -0.00469147 0.00130803
 0.0058943 0.00278408 0.00460095 -0.0041463 0.00119542
 0.00563233 0.00268635 0.00404568 -0.0036638 0.00118879
 0.0055534 0.00260678 0.00391232 -0.00342985 0.00114193
 0.00546863 0.00252388 0.00325745 -0.00289695 0.00107232
 0.00534745 0.00244604 0.00280878 -0.00245444 0.0010486
 0.0052743 0.00240877 0.00249715 -0.0021532 0.00106506
 0 0 0 0 0
 0 0 0 0 0
 0 0 0 0 0
 0 0 0 0 0
 0 0 0 0 0
 0 0 0 0 0
 0 0 0 0 0
 0 0 0 0 0
 0 0 0 0 0
 0 0 0 0 0
 0 0 0 0 0
 0 0 0 0 0
 0 0 0 0 0
 0 0 0 0 0
 0 0 0 0 0
 0 0 0 0 0
 0 0 0 0 0
 0 0 0 0 0
 0 0 0 0 0
 0 0 0 0 0
 0 0 0 0 0
 0 0 0 0 0
 0 0 0 0 0
 0 0 0 0 0
 0 0 0 0 0
 0 0 0 0 0
 0 0 0 0 0
 0 0 0 0 0
 0 0 0 0 0
 0 0 0 0 0
 0 0 0 0 0
 0 0 0 0 0
 0 0 0 0 0
 0 0 0 0 0
 0 0 0 0 0
 0 0 0 0 0
 0 0 0 0 0
 0 0 0 0 0
 0 0 0 0 0
 0 0 0 0 0
 0 0 0 0 0
 0 0 0 0 0
 0 0 0 0 0
 0 0 0 0 0
 0 0 0 0 0
 0 0 0 0 0
 0 0 0 0 0
 0 0 0 0 0
 0 0 0 0 0
 0 0 0 0 0
 0 0 0 0 0
 0 0 0 0 0
 0 0 0 0 0
 0 0 0 0 0
 0 0 0 0 0
 0 0 0 0 0
 0 0 0 0 0
 0 0 0 0 0
 0 0 0 0 0
 0 0 0 0 0
 0 0 0 0 0
 3.52493 3.3476 0.0176689 -0.00527758 3.18063
 1.38742 1.29866 0.0181447 -0.0061665 1.21687
 0.741062 0.684078 0.0184696 -0.0071319 0.632765
 0.46797 0.426175 0.018873 -0.0080226 0.389327
 0.327215 0.294017 0.0193947 -0.00912213 0.265208
 0.241784 0.214389 0.0199363 -0.0101985 0.191028
 0.186221 0.163087 0.0209772 -0.0115905 0.143769
 0.149828 0.129488 0.0222723 -0.013353 0.112737
 0.124503 0.106167 0.0233886 -0.0148938 0.0911973
 0.103525 0.0871427 0.0242759 -0.0163749 0.0738555
 0.090624 0.0752482 0.0262665 -0.0185687 0.0629028
 0.0786983 0.0645687 0.0282252 -0.0206797 0.0534697
 0.069764 0.0565098 0.0298945 -0.0228262 0.046167
 0.0618437 0.0494252 0.0314928 -0.024669 0.039806
 0.0549563 0.043392 0.0322815 -0.0256903 0.0344993
 0.0493588 0.038513 0.0339172 -0.0276853 0.0302545
 0.045201 0.0347827 0.0351643 -0.029101 0.0268858
 0.0411223 0.0313028 0.0359467 -0.0300992 0.0239514
 0.0372465 0.0280315 0.0358187 -0.0305475 0.0211968
 0.0344145 0.0255155 0.0367038 -0.0313682 0.0188198
 0.0318872 0.0233886 0.0366383 -0.0316275 0.0170845
 0.0294997 0.021383 0.0372647 -0.0324085 0.0153993
 0.0274498 0.0196044 0.0369362 -0.0324513 0.0137075
 0.0250538 0.0177313 0.0355817 -0.031364 0.0123311
 0.0234364 0.016393 0.0353735 -0.031382 0.011199
 0.0220037 0.01525 0.034968 -0.03102 0.0103198
 0.0207757 0.0142413 0.0342695 -0.0305488 0.00947377
 0.0191878 0.0130191 0.0324668 -0.028974 0.00850842
 0.018085 0.0121709 0.0312367 -0.0279777 0.00790385
 0.0172861 0.0114863 0.031507 -0.0283198 0.00727653
 0.0160043 0.0105348 0.0290673 -0.0261353 0.00658065
 0.01507 0.00986337 0.0280327 -0.0252797 0.0061267
 0.0138914 0.0089787 0.025842 -0.0232489 0.00541562
 0.01327 0.00850235 0.0251003 -0.0227236 0.00504792
 0.0128163 0.00819898 0.0242396 -0.0218812 0.0048695
 0.0118636 0.00752457 0.0228336 -0.0206897 0.004347
 0.0113125 0.00714363 0.0216794 -0.0196926 0.0040653
 0.0108785 0.0068555 0.0207884 -0.0189105 0.00395953
 0.0103426 0.0064458 0.0194691 -0.0177091 0.00355895
 0.00990655 0.00622248 0.0183926 -0.0167055 0.00361873
 0.00935843 0.00577088 0.0169197 -0.0154412 0.0032193
 0.00904023 0.00550295 0.016181 -0.0147137 0.00301563
 0.0087272 0.00525058 0.0153337 -0.0140041 0.00283435
 0.00840898 0.0049809 0.0143397 -0.0130349 0.00262843
 0.0079159 0.0045931 0.0130714 -0.0120304 0.00240749
 0.00767125 0.00439395 0.0121819 -0.0110842 0.00223425
 0.00741065 0.0042197 0.0112266 -0.0101857 0.00217417
 0.00720785 0.00400082 0.0105193 -0.00953275 0.00198763
 0.0069423 0.00381367 0.009673 -0.00875578 0.00190185
 0.00674117 0.0036281 0.00850955 -0.0076677 0.001776
 0.00658158 0.00349883 0.0082011 -0.00743192 0.0017145
 0.006431 0.0032897 0.00741927 -0.0066813 0.0014802
 0.00616175 0.00309907 0.006895 -0.00625792 0.00137901
 0.0060362 0.0030568 0.00590465 -0.00533405 0.00141173
 0.00591115 0.00290935 0.00518977 -0.004722 0.00129865
 0.00580665 0.00282215 0.00481345 -0.00430987 0.00125224
 0.00564048 0.00270962 0.00428848 -0.0038217 0.00119948
 0.00542037 0.00254287 0.00380263 -0.00343738 0.00108311
 0.00535125 0.00251595 0.00335498 -0.00295058 0.00111318
 0.00521282 0.0024186 0.0030383 -0.0026235 0.00105887
 0 0 0 0 0
 0 0 0 0 0
 0 0 0 0 0
 0 0 0 0 0
 0 0 0 0 0
 0 0 0 0 0
 0 0 0 0 0
 0 0 0 0 0
 0 0 0 0 0
 0 0 0 0 0
 0 0 0 0 0
 0 0 0 0 0
 0 0 0 0 0
 0 0 0 0 0
 0 0 0 0 0
 0 0 0 0 0
 0 0 0 0 0
 0 0 0 0 0
 0 0 0 0 0
 0 0 0 0 0
 0 0 0 0 0
 0 0 0 0 0
 0 0 0 0 0
 0 0 0 0 0
 0 0 0 0 0
 0 0 0 0 0
 0 0 0 0 0
 0 0 0 0 0
 0 0 0 0 0
 0 0 0 0 0
 0 0 0 0 0
 0 0 0 0 0
 0 0 0 0 0
 0 0 0 0 0
 0 0 0 0 0
 0 0 0 0 0
 0 0 0 0 0
 0 0 0 0 0
 0 0 0 0 0
 0 0 0 0 0
 0 0 0 0 0
 0 0 0 0 0
 0 0 0 0 0
 0 0 0 0 0
 0 0 0 0 0
 0 0 0 0 0
 0 0 0 0 0
 0 0 0 0 0
 0 0 0 0 0
 0 0 0 0 0
 0 0 0 0 0
 0 0 0 0 0
 0 0 0 0 0
 0 0 0 0 0
 0 0 0 0 0
 0 0 0 0 0
 0 0 0 0 0
 0 0 0 0 0
 0 0 0 0 0
 0 0 0 0 0
 0 0 0 0 0
 0 0 0 0 0
 3.68423 3.50483 0.0170694 -0.00447643 3.33578
 1.41794 1.32983 0.0171886 -0.00531225 1.24872
 0.75349 0.696968 0.0173088 -0.0061009 0.646
 0.476555 0.43495 0.0175267 -0.00695645 0.398203
 0.327923 0.295318 0.0181299 -0.0080566 0.26706
 0.243421 0.216429 0.0189504 -0.00916025 0.19345
 0.184468 0.161868 0.0190376 -0.010118 0.142855
 0.149425 0.129472 0.0202369 -0.0117412 0.112977
 0.12345 0.105659 0.0217454 -0.0134736 0.0911953
 0.106701 0.090128 0.0233148 -0.0150503 0.0767723
 0.0895025 0.0746375 0.0243041 -0.0167357 0.0627865
 0.078302 0.0645375 0.0259348 -0.0186485 0.0537693
 0.0688227 0.055966 0.0276908 -0.0206489 0.045934
 0.061071 0.049035 0.0295918 -0.0228241 0.0396948
 0.0543345 0.0430953 0.030209 -0.023812 0.0345058
 0.0488 0.0381487 0.0314667 -0.0254467 0.0299855
 0.045263 0.0350242 0.03387 -0.0277915 0.0272995
 0.0405742 0.0309882 0.034172 -0.0286138 0.0237914
 0.03679 0.0277662 0.0344555 -0.029156 0.0210029
 0.0335733 0.0250435 0.034119 -0.0291587 0.0186968
 0.0315888 0.0233124 0.0357177 -0.0307885 0.0172185
 0.0292923 0.0213518 0.0358125 -0.031189 0.0155043
 0.0266097 0.0191604 0.0349323 -0.030447 0.0136459
 0.0248425 0.017658 0.0346055 -0.0303665 0.0123586
 0.0232103 0.0163331 0.0346695 -0.0306405 0.0113017
 0.0221775 0.015413 0.0343817 -0.0304462 0.0104401
 0.0202718 0.0139426 0.0326545 -0.0290685 0.00932035
 0.0186615 0.0126791 0.0314808 -0.028141 0.00827725
 0.0178853 0.0120465 0.030686 -0.027451 0.00779958
 0.0168312 0.0112635 0.03001 -0.026934 0.0072704
 0.0157943 0.0104461 0.0288077 -0.0259555 0.0065819
 0.0147058 0.00965553 0.0272632 -0.0245567 0.0060259
 0.0141177 0.00918067 0.0267327 -0.0242179 0.0056239
 0.0132682 0.0085524 0.0252765 -0.0228694 0.00516467
 0.0124138 0.00797925 0.0234103 -0.0211282 0.00483488
 0.0119396 0.0076148 0.0228358 -0.0206861 0.00449035
 0.0113409 0.00718523 0.0220483 -0.0200198 0.00415452
 0.0107692 0.00686 0.0200336 -0.0181958 0.0040572
 0.0100938 0.00636578 0.0189455 -0.0173067 0.00369005
 0.00959687 0.0059936 0.0177685 -0.0162073 0.00338013
 0.00936933 0.00583227 0.0170216 -0.0154808 0.00330108
 0.00875823 0.0053493 0.0158593 -0.0144753 0.00292698
 0.00848725 0.00510127 0.015183 -0.0138859 0.00274398
 0.00825957 0.00495422 0.0140351 -0.0127878 0.00271918
 0.00785065 0.00466228 0.0128789 -0.0117559 0.00250485
 0.00763542 0.00443203 0.0122459 -0.0111699 0.00233104
 0.00736187 0.00420258 0.0115712 -0.0106329 0.00216471
 0.00705533 0.00394517 0.0106113 -0.00965243 0.00196828
 0.0069484 0.00384235 0.0097144 -0.00885827 0.00191692
 0.00666258 0.0035724 0.00877505 -0.00801515 0.00167453
 0.00642357 0.00337692 0.00809262 -0.00738963 0.00156304
 0.00615967 0.00322825 0.0070566 -0.00640203 0.00152818
 0.0061341 0.00316515 0.00679472 -0.00611992 0.00149771
 0.00600848 0.00301428 0.00614465 -0.00552028 0.00134883
 0.0059166 0.00294328 0.00544735 -0.0050237 0.00132089
 0.00571082 0.00279568 0.00476905 -0.00433305 0.00122871
 0.005567 0.0027106 0.00432653 -0.0038712 0.00122735
 0.0054346 0.00260038 0.00382195 -0.00341302 0.00115434
 0.00520295 0.0024619 0.0034011 -0.00298263 0.00109647
 0 0 0 0 0
 0 0 0 0 0
 0 0 0 0 0
 0 0 0 0 0
 0 0 0 0 0
 0 0 0 0 0
 0 0 0 0 0
 0 0 0 0 0
 0 0 0 0 0
 0 0 0 0 0
 0 0 0 0 0
 0 0 0 0 0
 0 0 0 0 0
 0 0 0 0 0
 0 0 0 0 0
 0 0 0 0 0
 0 0 0 0 0
 0 0 0 0 0
 0 0 0 0 0
 0 0 0 0 0
 0 0 0 0 0
 0 0 0 0 0
 0 0 0 0 0
 0 0 0 0 0
 0 0 0 0 0
 0 0 0 0 0
 0 0 0 0 0
 0 0 0 0 0
 0 0 0 0 0
 0 0 0 0 0
 0 0 0 0 0
 0 0 0 0 0
 0 0 0 0 0
 0 0 0 0 0
 0 0 0 0 0
 0 0 0 0 0
 0 0 0 0 0
 0 0 0 0 0
 0 0 0 0 0
 0 0 0 0 0
 0 0 0 0 0
 0 0 0 0 0
 0 0 0 0 0
 0 0 0 0 0
 0 0 0 0 0
 0 0 0 0 0
 0 0 0 0 0
 0 0 0 0 0
 0 0 0 0 0
 0 0 0 0 0
 0 0 0 0 0
 0 0 0 0 0
 0 0 0 0 0
 0 0 0 0 0
 0 0 0 0 0
 0 0 0 0 0
 0 0 0 0 0
 0 0 0 0 0
 0 0 0 0 0
 0 0 0 0 0
 0 0 0 0 0
 0 0 0 0 0
 0 0 0 0 0
 3.8916 3.70775 0.0162709 -0.0037416 3.53425
 1.45527 1.36711 0.0159475 -0.00435025 1.28582
 0.783915 0.726565 0.0166182 -0.00531577 0.674775
 0.48277 0.441495 0.0169358 -0.00617925 0.40493
 0.330942 0.29876 0.0168735 -0.00683628 0.270872
 0.243558 0.217107 0.0172502 -0.00787923 0.194659
 0.191474 0.168459 0.0183629 -0.00913488 0.149132
 0.149072 0.129487 0.0187854 -0.0103121 0.113238
 0.126103 0.108237 0.0205024 -0.0120391 0.0936923
 0.102353 0.0867078 0.0207145 -0.0129672 0.0740813
 0.090314 0.075603 0.0228949 -0.0154694 0.0638875
 0.077133 0.0637415 0.0239581 -0.016835 0.0531785
 0.0678438 0.055375 0.0254567 -0.0184588 0.0456623
 0.0606517 0.0489065 0.0272977 -0.0207507 0.0398267
 0.0537718 0.0427965 0.0281807 -0.021945 0.0343507
 0.048598 0.0382005 0.030422 -0.0245539 0.03025
 0.0444932 0.0345623 0.03166 -0.0259273 0.0270122
 0.039645 0.0304075 0.0318345 -0.026412 0.0234333
 0.03707 0.0280805 0.0331678 -0.0278845 0.0213105
 0.033531 0.0251138 0.0331675 -0.0282625 0.0188597
 0.0314257 0.023308 0.0342667 -0.029481 0.0173449
 0.028485 0.0208758 0.0336905 -0.0291675 0.0153028
 0.0265025 0.0191622 0.0337442 -0.0294385 0.013748
 0.0247406 0.0176612 0.034081 -0.0300195 0.0124305
 0.0228234 0.0161164 0.032826 -0.0289358 0.0111833
 0.0213936 0.0149064 0.0326058 -0.0289452 0.01012
 0.020115 0.0139714 0.0323942 -0.0289695 0.00955343
 0.0183068 0.0125652 0.030442 -0.0272072 0.00842925
 0.017382 0.0117773 0.0302375 -0.0270883 0.00772862
 0.0164572 0.0110296 0.0294883 -0.0264723 0.0071129
 0.0152603 0.0101886 0.0277872 -0.0249617 0.006554
 0.0147585 0.0097468 0.0268988 -0.0242605 0.00617255
 0.0137439 0.00897688 0.0256938 -0.023269 0.00555942
 0.0131785 0.00858133 0.0244033 -0.0220152 0.00529052
 0.012332 0.00796072 0.023565 -0.021266 0.00484175
 0.0116631 0.00747685 0.0221084 -0.020019 0.00447228
 0.0110388 0.0070969 0.0209131 -0.0189318 0.00429935
 0.0104868 0.0066486 0.0198597 -0.0180765 0.00386435
 0.0100175 0.00636158 0.0191971 -0.017475 0.0037315
 0.00969472 0.00613542 0.017958 -0.0162608 0.00360185
 0.00903377 0.0056121 0.0169662 -0.0153652 0.00315273
 0.00872818 0.00536685 0.0158487 -0.0144797 0.003021
 0.008496 0.00523152 0.0148005 -0.0135469 0.00299215
 0.0080721 0.00485355 0.0139024 -0.0128012 0.00265055
 0.0078057 0.00460393 0.0131418 -0.0120149 0.00242968
 0.00741933 0.00432498 0.0117925 -0.0108525 0.00228433
 0.00729993 0.0042248 0.011227 -0.0103207 0.00227901
 0.00696113 0.0039203 0.0103159 -0.00945163 0.00194778
 0.00672052 0.00376502 0.00960405 -0.0087499 0.00192795
 0.00661445 0.00362662 0.0088243 -0.00809705 0.00178485
 0.00625172 0.00334695 0.00822087 -0.00754843 0.00162017
 0.00619015 0.00327015 0.00761542 -0.0068556 0.00157218
 0.0061247 0.00317955 0.0069749 -0.00640325 0.00149457
 0.00592997 0.00301882 0.00611288 -0.00557162 0.00139857
 0.00564343 0.00287285 0.0052581 -0.00484803 0.00135148
 0.00562473 0.00280707 0.00493785 -0.00440972 0.00130374
 0.00545557 0.0027145 0.00426572 -0.0038914 0.00127412
 0.00522365 0.00252127 0.00371118 -0.00338932 0.00112965
 0 0 0 0 0
 0 0 0 0 0
 0 0 0 0 0
 0 0 0 0 0
 0 0 0 0 0
 0 0 0 0 0
 0 0 0 0 0
 0 0 0 0 0
 0 0 0 0 0
 0 0 0 0 0
 0 0 0 0 0
 0 0 0 0 0
 0 0 0 0 0
 0 0 0 0 0
 0 0 0 0 0
 0 0 0 0 0
 0 0 0 0 0
 0 0 0 0 0
 0 0 0 0 0
 0 0 0 0 0
 0 0 0 0 0
 0 0 0 0 0
 0 0 0 0 0
 0 0 0 0 0
 0 0 0 0 0
 0 0 0 0 0
 0 0 0 0 0
 0 0 0 0 0
 0 0 0 0 0
 0 0 0 0 0
 0 0 0 0 0
 0 0 0 0 0
 0 0 0 0 0
 0 0 0 0 0
 0 0 0 0 0
 0 0 0 0 0
 0 0 0 0 0
 0 0 0 0 0
 0 0 0 0 0
 0 0 0 0 0
 0 0 0 0 0
 0 0 0 0 0
 0 0 0 0 0
 0 0 0 0 0
 0 0 0 0 0
 0 0 0 0 0
 0 0 0 0 0
 0 0 0 0 0
 0 0 0 0 0
 0 0 0 0 0
 0 0 0 0 0
 0 0 0 0 0
 0 0 0 0 0
 0 0 0 0 0
 0 0 0 0 0
 0 0 0 0 0
 0 0 0 0 0
 0 0 0 0 0
 0 0 0 0 0
 0 0 0 0 0
 0 0 0 0 0
 0 0 0 0 0
 0 0 0 0 0
 0 0 0 0 0
 4.04972 3.8642 0.0155817 -0.00308943 3.68893
 1.51012 1.42107 0.0152204 -0.00370752 1.33889
 0.806558 0.748998 0.0157935 -0.00463962 0.697155
 0.492203 0.450998 0.0159155 -0.0053084 0.414595
 0.339253 0.306945 0.0162273 -0.00615498 0.278928
 0.250422 0.223658 0.0165172 -0.0070468 0.20089
 0.188779 0.166502 0.0169268 -0.00802338 0.147846
 0.152147 0.132558 0.0177255 -0.00924728 0.116383
 0.123856 0.106617 0.0185271 -0.0103279 0.0925867
 0.103981 0.0883492 0.019343 -0.0116386 0.0757633
 0.0885125 0.0742858 0.0208803 -0.0133712 0.0628873
 0.0765947 0.0635287 0.0221632 -0.0150133 0.0532293
 0.0670502 0.0549403 0.0235089 -0.0167584 0.0454812
 0.0599498 0.0484887 0.0249557 -0.0185242 0.0396148
 0.0540415 0.0431762 0.026704 -0.0205107 0.0348093
 0.0480057 0.0378795 0.0275238 -0.0217621 0.0301455
 0.043616 0.0340085 0.0295455 -0.0239795 0.0267158
 0.0396117 0.0305742 0.0306067 -0.0252463 0.0238469
 0.0363483 0.0276698 0.0310625 -0.0260462 0.0211908
 0.033236 0.0249486 0.0321685 -0.027344 0.0187191
 0.0307735 0.0228685 0.0324502 -0.0278915 0.0169904
 0.0282992 0.0207812 0.0326643 -0.0282087 0.0152016
 0.0259507 0.01888 0.0322057 -0.0280875 0.0136924
 0.0246331 0.0176925 0.0326668 -0.028673 0.012598
 0.0225387 0.01602 0.0321483 -0.0282827 0.0112332
 0.0209804 0.0147531 0.0312757 -0.0276808 0.0102061
 0.0197118 0.0137342 0.0313087 -0.027855 0.00942288
 0.0184099 0.0126757 0.0302782 -0.0270257 0.0085171
 0.0174203 0.0118977 0.0297895 -0.0266848 0.00793743
 0.0163961 0.0111022 0.0291782 -0.026189 0.00734355
 0.0150505 0.0100103 0.0272612 -0.0246135 0.00635375
 0.014454 0.00958813 0.0262235 -0.0236955 0.00609313
 0.0137941 0.00904335 0.0257895 -0.0233483 0.00564793
 0.013007 0.00845453 0.0245882 -0.0223096 0.00519
 0.0121967 0.00794663 0.0229034 -0.0208241 0.0049626
 0.0116323 0.0074728 0.0221792 -0.0201278 0.00448108
 0.0111324 0.00716425 0.0210969 -0.0192097 0.0043429
 0.0105445 0.00676007 0.0197333 -0.0178927 0.00405365
 0.00977173 0.0061857 0.0183661 -0.0166861 0.00361085
 0.00925617 0.00583735 0.0174731 -0.0158716 0.00337852
 0.00905277 0.00568612 0.0167326 -0.0152054 0.0033176
 0.0087468 0.0053917 0.0162703 -0.0149693 0.00303825
 0.00831395 0.00509092 0.0145421 -0.0134134 0.00283378
 0.00791763 0.00480915 0.0141625 -0.0130021 0.0026795
 0.00766162 0.00458378 0.0128766 -0.0117137 0.00249943
 0.0072921 0.0042882 0.0119652 -0.0110333 0.00228502
 0.00705848 0.00406273 0.0112448 -0.0104002 0.00208545
 0.00700095 0.00402853 0.0104273 -0.00959868 0.002158
 0.00667732 0.00375792 0.00958103 -0.0088729 0.00191502
 0.00639122 0.00353308 0.0086385 -0.00798115 0.00179567
 0.00622732 0.0034141 0.00835595 -0.0076278 0.00173466
 0.006086 0.0032661 0.0075584 -0.00690095 0.0016182
 0.00583855 0.0030248 0.00677082 -0.00614558 0.00138277
 0.00576325 0.0030178 0.0063006 -0.00576582 0.00147292
 0.0056304 0.00289257 0.0055855 -0.00512708 0.00139125
 0.0054252 0.00275103 0.00510595 -0.00465472 0.00130656
 0.00534865 0.00266645 0.0043939 -0.0039103 0.0012517
 0 0 0 0 0
 0 0 0 0 0
 0 0 0 0 0
 0 0 0 0 0
 0 0 0 0 0
 0 0 0 0 0
 0 0 0 0 0
 0 0 0 0 0
 0 0 0 0 0
 0 0 0 0 0
 0 0 0 0 0
 0 0 0 0 0
 0 0 0 0 0
 0 0 0 0 0
 0 0 0 0 0
 0 0 0 0 0
 0 0 0 0 0
 0 0 0 0 0
 0 0 0 0 0
 0 0 0 0 0
 0 0 0 0 0
 0 0 0 0 0
 0 0 0 0 0
 0 0 0 0 0
 0 0 0 0 0
 0 0 0 0 0
 0 0 0 0 0
 0 0 0 0 0
 0 0 0 0 0
 0 0 0 0 0
 0 0 0 0 0
 0 0 0 0 0
 0 0 0 0 0
 0 0 0 0 0
 0 0 0 0 0
 0 0 0 0 0
 0 0 0 0 0
 0 0 0 0 0
 0 0 0 0 0
 0 0 0 0 0
 0 0 0 0 0
 0 0 0 0 0
 0 0 0 0 0
 0 0 0 0 0
 0 0 0 0 0
 0 0 0 0 0
 0 0 0 0 0
 0 0 0 0 0
 0 0 0 0 0
 0 0 0 0 0
 0 0 0 0 0
 0 0 0 0 0
 0 0 0 0 0
 0 0 0 0 0
 0 0 0 0 0
 0 0 0 0 0
 0 0 0 0 0
 0 0 0 0 0
 0 0 0 0 0
 0 0 0 0 0
 0 0 0 0 0
 0 0 0 0 0
 0 0 0 0 0
 0 0 0 0 0
 0 0 0 0 0
 4.22132 4.03362 0.0147244 -0.00242308 3.85605
 1.56208 1.47227 0.0148879 -0.00299377 1.38927
 0.813757 0.756892 0.0149725 -0.0037468 0.705465
 0.509813 0.468045 0.0150714 -0.00458362 0.431127
 0.343045 0.310997 0.0152168 -0.00534063 0.28331
 0.250252 0.224026 0.0157149 -0.00626233 0.201677
 0.193647 0.171257 0.0159642 -0.00707827 0.152533
 0.152956 0.133583 0.0166009 -0.00812478 0.117558
 0.124031 0.106996 0.0172619 -0.00923682 0.093127
 0.104784 0.0893332 0.0181733 -0.0104267 0.0769133
 0.0891362 0.0750233 0.0194324 -0.0120168 0.063704
 0.0764328 0.0635983 0.0203157 -0.0134787 0.053513
 0.0663805 0.0545157 0.0212812 -0.0147996 0.045263
 0.0585233 0.0474937 0.0220919 -0.016052 0.0389552
 0.053644 0.0430483 0.0249003 -0.0187547 0.0349097
 0.0476327 0.037717 0.026142 -0.0205406 0.0301453
 0.042928 0.0336078 0.0274035 -0.0218831 0.0265457
 0.0395597 0.0305877 0.0287918 -0.0234811 0.023815
 0.0363143 0.027754 0.0298372 -0.0248386 0.0213444
 0.0328132 0.024765 0.030234 -0.0254567 0.0187201
 0.0303225 0.0226173 0.031212 -0.0266595 0.0168677
 0.0282445 0.0208749 0.031586 -0.0272153 0.0154745
 0.025759 0.0187969 0.031262 -0.0273185 0.013661
 0.0241956 0.0174317 0.031576 -0.0276243 0.0124155
 0.0224474 0.0160128 0.0312757 -0.027508 0.0113149
 0.0209376 0.0148287 0.0308998 -0.027329 0.0104452
 0.0195667 0.013631 0.0300755 -0.026743 0.00927867
 0.0185559 0.0128463 0.030266 -0.026995 0.00871542
 0.0175384 0.011995 0.0295705 -0.0265492 0.00799263
 0.0163493 0.0111264 0.0281885 -0.0254015 0.00740577
 0.0150126 0.010055 0.0267863 -0.0240934 0.0064764
 0.0144687 0.0096789 0.0262942 -0.0237383 0.006306
 0.0135252 0.0089383 0.0247161 -0.0223614 0.00567933
 0.0128007 0.00838227 0.0238634 -0.0216475 0.00524175
 0.0120859 0.00785937 0.0227137 -0.0205542 0.00487208
 0.0114552 0.00739703 0.0219629 -0.0199542 0.00450615
 0.0107868 0.00690802 0.0206709 -0.0187345 0.004119
 0.0102212 0.00655452 0.0192822 -0.0175219 0.0039297
 0.00978843 0.0062252 0.0185989 -0.0170151 0.00367473
 0.00922413 0.0058679 0.0172814 -0.0157711 0.0035054
 0.00890915 0.00561552 0.0163089 -0.0148705 0.00327763
 0.00846197 0.0052437 0.0155539 -0.0142583 0.002997
 0.00799387 0.00493252 0.0144266 -0.013278 0.00279402
 0.00790882 0.0048405 0.0140529 -0.0129708 0.0027529
 0.00754255 0.00450792 0.0129565 -0.0119925 0.00241639
 0.00724123 0.00426312 0.0121529 -0.0111703 0.00226858
 0.00710948 0.00414647 0.0112581 -0.0104312 0.00221133
 0.0068092 0.00394215 0.0107883 -0.00984962 0.00211314
 0.00653208 0.00365855 0.0096682 -0.00886288 0.00186965
 0.006402 0.00354632 0.00892247 -0.00823342 0.0017928
 0.00620145 0.00336985 0.00840417 -0.00771823 0.00166887
 0.00604197 0.00329738 0.0073178 -0.0067254 0.00169417
 0.0059174 0.00316277 0.00677375 -0.0062134 0.00156807
 0.00560003 0.00292345 0.00621868 -0.00574058 0.0014146
 0.0055101 0.0028647 0.0058826 -0.00532297 0.00139297
 0.00532245 0.00272808 0.00501413 -0.00455423 0.00130611
 0 0 0 0 0
 0 0 0 0 0
 0 0 0 0 0
 0 0 0 0 0
 0 0 0 0 0
 0 0 0 0 0
 0 0 0 0 0
 0 0 0 0 0
 0 0 0 0 0
 0 0 0 0 0
 0 0 0 0 0
 0 0 0 0 0
 0 0 0 0 0
 0 0 0 0 0
 0 0 0 0 0
 0 0 0 0 0
 0 0 0 0 0
 0 0 0 0 0
 0 0 0 0 0
 0 0 0 0 0
 0 0 0 0 0
 0 0 0 0 0
 0 0 0 0 0
 0 0 0 0 0
 0 0 0 0 0
 0 0 0 0 0
 0 0 0 0 0
 0 0 0 0 0
 0 0 0 0 0
 0 0 0 0 0
 0 0 0 0 0
 0 0 0 0 0
 0 0 0 0 0
 0 0 0 0 0
 0 0 0 0 0
 0 0 0 0 0
 0 0 0 0 0
 0 0 0 0 0
 0 0 0 0 0
 0 0 0 0 0
 0 0 0 0 0
 0 0 0 0 0
 0 0 0 0 0
 0 0 0 0 0
 0 0 0 0 0
 0 0 0 0 0
 0 0 0 0 0
 0 0 0 0 0
 0 0 0 0 0
 0 0 0 0 0
 0 0 0 0 0
 0 0 0 0 0
 0 0 0 0 0
 0 0 0 0 0
 0 0 0 0 0
 0 0 0 0 0
 0 0 0 0 0
 0 0 0 0 0
 0 0 0 0 0
 0 0 0 0 0
 0 0 0 0 0
 0 0 0 0 0
 0 0 0 0 0
 0 0 0 0 0
 0 0 0 0 0
 0 0 0 0 0
 4.43975 4.24813 0.0140651 -0.0018685 4.06662
 1.64395 1.55179 0.0144167 -0.00261795 1.46632
 0.838947 0.781562 0.0139786 -0.00315525 0.729548
 0.511903 0.470777 0.0142465 -0.0039387 0.43437
 0.35254 0.320195 0.0144993 -0.0046666 0.29206
 0.254092 0.22794 0.0148531 -0.00550067 0.205612
 0.193812 0.17177 0.0151361 -0.0062898 0.153269
 0.153242 0.134207 0.0158432 -0.00720162 0.118489
 0.126944 0.109837 0.0166033 -0.00857 0.09592
 0.103943 0.088875 0.0168135 -0.00921655 0.0767283
 0.0882198 0.074504 0.0174046 -0.0104262 0.0636252
 0.077101 0.0643275 0.018816 -0.0120393 0.0542423
 0.066279 0.0546608 0.0201126 -0.0134646 0.0456535
 0.0589613 0.0480812 0.0215251 -0.0152848 0.0396983
 0.0522728 0.0420618 0.0225797 -0.0166704 0.0342243
 0.0471643 0.037486 0.0240511 -0.0184359 0.0300882
 0.0434183 0.0341143 0.0259728 -0.0205566 0.0270515
 0.038152 0.0296092 0.026124 -0.0211135 0.023198
 0.035164 0.0269937 0.027488 -0.0227035 0.0209153
 0.031906 0.0242042 0.0281785 -0.0236259 0.0184886
 0.0302982 0.0227183 0.0300175 -0.025461 0.0170743
 0.0276113 0.0204912 0.0302203 -0.0259935 0.0152521
 0.0257177 0.0188338 0.0299392 -0.026019 0.0137464
 0.0242101 0.0175368 0.0306468 -0.0268125 0.0126355
 0.0222014 0.0158961 0.0303335 -0.0267685 0.0112816
 0.0204673 0.0145715 0.0292218 -0.0258165 0.0103345
 0.0189674 0.0133488 0.0286452 -0.0254388 0.00932675
 0.0180186 0.0125355 0.0287892 -0.0256992 0.0085847
 0.0168503 0.0115986 0.0277725 -0.0248972 0.0078142
 0.0157658 0.0107495 0.0272227 -0.0244501 0.00716248
 0.0150332 0.01013 0.0264228 -0.0237856 0.0066015
 0.0142413 0.00955973 0.0256 -0.023093 0.00625588
 0.0135465 0.00899258 0.0249004 -0.0225495 0.00576863
 0.0127736 0.00843828 0.0237559 -0.0215321 0.00539618
 0.0117901 0.00768435 0.0224038 -0.0203525 0.00474592
 0.0112271 0.0073076 0.020967 -0.0190934 0.00455055
 0.0107049 0.00691545 0.020151 -0.0182887 0.0042131
 0.0100038 0.00643825 0.0190038 -0.0173533 0.00390615
 0.00965003 0.00615608 0.0179906 -0.0164161 0.00364958
 0.00919 0.0058726 0.0169618 -0.0155905 0.00353822
 0.00885213 0.00561878 0.0165694 -0.0151501 0.00336655
 0.00838438 0.00528052 0.0153625 -0.0141037 0.00310263
 0.00796902 0.00492625 0.0141153 -0.0129755 0.00280133
 0.00776202 0.00476412 0.0136787 -0.0126295 0.00269645
 0.00737692 0.0044397 0.0126657 -0.0115544 0.00243651
 0.00716128 0.0042482 0.0122453 -0.0113548 0.00229382
 0.00700192 0.00414293 0.0109561 -0.0102527 0.00228219
 0.00672085 0.00389805 0.0104724 -0.00962235 0.00211336
 0.0063669 0.0036179 0.00944752 -0.0086809 0.00188643
 0.006404 0.00362313 0.00909288 -0.00827035 0.00191241
 0.00611802 0.0034148 0.00825855 -0.0076188 0.00177407
 0.00593292 0.0032356 0.00749895 -0.0068966 0.00161649
 0.0056969 0.00306367 0.00679375 -0.00626395 0.00154334
 0.0054982 0.00292827 0.00608233 -0.00563238 0.00145246
 0.0055987 0.00294162 0.00573445 -0.00519723 0.00147828
 0 0 0 0 0
 0 0 0 0 0
 0 0 0 0 0
 0 0 0 0 0
 0 0 0 0 0
 0 0 0 0 0
 0 0 0 0 0
 0 0 0 0 0
 0 0 0 0 0
 0 0 0 0 0
 0 0 0 0 0
 0 0 0 0 0
 0 0 0 0 0
 0 0 0 0 0
 0 0 0 0 0
 0 0 0 0 0
 0 0 0 0 0
 0 0 0 0 0
 0 0 0 0 0
 0 0 0 0 0
 0 0 0 0 0
 0 0 0 0 0
 0 0 0 0 0
 0 0 0 0 0
 0 0 0 0 0
 0 0 0 0 0
 0 0 0 0 0
 0 0 0 0 0
 0 0 0 0 0
 0 0 0 0 0
 0 0 0 0 0
 0 0 0 0 0
 0 0 0 0 0
 0 0 0 0 0
 0 0 0 0 0
 0 0 0 0 0
 0 0 0 0 0
 0 0 0 0 0
 0 0 0 0 0
 0 0 0 0 0
 0 0 0 0 0
 0 0 0 0 0
 0 0 0 0 0
 0 0 0 0 0
 0 0 0 0 0
 0 0 0 0 0
 0 0 0 0 0
 0 0 0 0 0
 0 0 0 0 0
 0 0 0 0 0
 0 0 0 0 0
 0 0 0 0 0
 0 0 0 0 0
 0 0 0 0 0
 0 0 0 0 0
 0 0 0 0 0
 0 0 0 0 0
 0 0 0 0 0
 0 0 0 0 0
 0 0 0 0 0
 0 0 0 0 0
 0 0 0 0 0
 0 0 0 0 0
 0 0 0 0 0
 0 0 0 0 0
 0 0 0 0 0
 0 0 0 0 0
 4.65525 4.46 0.0134029 -0.00134854 4.2749
 1.6605 1.56973 0.0132455 -0.00188402 1.48572
 0.850313 0.7935 0.0133609 -0.0025442 0.742088
 0.525895 0.484538 0.0133788 -0.00319965 0.44783
 0.353585 0.321742 0.0137821 -0.00391992 0.294017
 0.251963 0.226507 0.0135853 -0.00453325 0.204786
 0.197461 0.175431 0.0144568 -0.0055137 0.156947
 0.154865 0.135929 0.0146403 -0.00639065 0.120287
 0.126874 0.110051 0.0152628 -0.00735375 0.096329
 0.105168 0.0901317 0.0157246 -0.00833227 0.0780398
 0.088609 0.075118 0.0166368 -0.0095396 0.064438
 0.0772907 0.064696 0.0176949 -0.0109533 0.054758
 0.0675605 0.0558437 0.0187638 -0.0124548 0.0466573
 0.058276 0.0475948 0.0193853 -0.0134128 0.039314
 0.0526912 0.0425473 0.0211632 -0.0153209 0.0347563
 0.0466788 0.037274 0.0226871 -0.0172167 0.0301182
 0.0412317 0.032505 0.022912 -0.0178337 0.0258862
 0.0384088 0.0299515 0.024942 -0.0199269 0.0235896
 0.0353242 0.0272477 0.0266247 -0.0218399 0.0212269
 0.0321562 0.0244675 0.027121 -0.0227222 0.0187355
 0.029748 0.0224308 0.0278492 -0.0235172 0.0170434
 0.027777 0.0206713 0.028944 -0.0248023 0.0154116
 0.0253077 0.018633 0.0288797 -0.0250225 0.0137205
 0.0234256 0.0170722 0.028947 -0.025246 0.0124359
 0.0219866 0.0158423 0.028851 -0.0253568 0.0113817
 0.0201786 0.0144054 0.0283945 -0.025084 0.0102484
 0.0194758 0.0137533 0.028711 -0.0255115 0.00959075
 0.0179034 0.0124708 0.0280768 -0.025022 0.00851865
 0.0165647 0.0114651 0.027164 -0.0242952 0.00780517
 0.0156915 0.0107085 0.0267085 -0.0240128 0.00708818
 0.0149034 0.0100951 0.0260495 -0.0235013 0.00665262
 0.0140364 0.00945975 0.0252122 -0.0227285 0.00620875
 0.0132593 0.00884445 0.0239277 -0.0216734 0.00571397
 0.0125083 0.00827868 0.0231435 -0.0209898 0.00528562
 0.0118362 0.00778478 0.0218267 -0.019828 0.0049478
 0.0112651 0.00735595 0.0210892 -0.019185 0.00460152
 0.0104854 0.0067472 0.0196068 -0.0178527 0.00405788
 0.0100186 0.00651148 0.0189153 -0.0172182 0.0040462
 0.00968047 0.00624712 0.0180264 -0.0164766 0.00382112
 0.00893547 0.00573065 0.0167514 -0.0154039 0.00347663
 0.00868755 0.0055043 0.0162773 -0.0149262 0.00323822
 0.00817555 0.00512195 0.0149936 -0.0137693 0.00295725
 0.00783878 0.00490685 0.0141226 -0.013012 0.00287173
 0.00755455 0.0046483 0.0134928 -0.0123671 0.00267133
 0.00740845 0.00447223 0.0126946 -0.011751 0.0024871
 0.00702232 0.00421745 0.0115383 -0.0107073 0.0023634
 0.00682723 0.00401507 0.0113353 -0.0106374 0.00217301
 0.00655287 0.00385228 0.0102321 -0.00940387 0.0021108
 0.00638393 0.00366763 0.00952517 -0.00878157 0.00196508
 0.00612747 0.00349178 0.00891188 -0.0082859 0.00184725
 0.00595565 0.00332118 0.00832015 -0.00763815 0.00171755
 0.0058234 0.00317208 0.00770095 -0.00710465 0.00158257
 0.0056665 0.00306667 0.007031 -0.00649878 0.0015432
 0.00549853 0.00296618 0.00637047 -0.00583485 0.00152005
 0 0 0 0 0
 0 0 0 0 0
 0 0 0 0 0
 0 0 0 0 0
 0 0 0 0 0
 0 0 0 0 0
 0 0 0 0 0
 0 0 0 0 0
 0 0 0 0 0
 0 0 0 0 0
 0 0 0 0 0
 0 0 0 0 0
 0 0 0 0 0
 0 0 0 0 0
 0 0 0 0 0
 0 0 0 0 0
 0 0 0 0 0
 0 0 0 0 0
 0 0 0 0 0
 0 0 0 0 0
 0 0 0 0 0
 0 0 0 0 0
 0 0 0 0 0
 0 0 0 0 0
 0 0 0 0 0
 0 0 0 0 0
 0 0 0 0 0
 0 0 0 0 0
 0 0 0 0 0
 0 0 0 0 0
 0 0 0 0 0
 0 0 0 0 0
 0 0 0 0 0
 0 0 0 0 0
 0 0 0 0 0
 0 0 0 0 0
 0 0 0 0 0
 0 0 0 0 0
 0 0 0 0 0
 0 0 0 0 0
 0 0 0 0 0
 0 0 0 0 0
 0 0 0 0 0
 0 0 0 0 0
 0 0 0 0 0
 0 0 0 0 0
 0 0 0 0 0
 0 0 0 0 0
 0 0 0 0 0
 0 0 0 0 0
 0 0 0 0 0
 0 0 0 0 0
 0 0 0 0 0
 0 0 0 0 0
 0 0 0 0 0
 0 0 0 0 0
 0 0 0 0 0
 0 0 0 0 0
 0 0 0 0 0
 0 0 0 0 0
 0 0 0 0 0
 0 0 0 0 0
 0 0 0 0 0
 0 0 0 0 0
 0 0 0 0 0
 0 0 0 0 0
 0 0 0 0 0
 0 0 0 0 0
 4.9078 4.70785 0.0128772 -0.000886653 4.51797
 1.74079 1.64791 0.012846 -0.00139215 1.56176
 0.894985 0.836388 0.0129321 -0.00214032 0.783255
 0.539963 0.498273 0.0129852 -0.0027273 0.461157
 0.366205 0.333865 0.0128575 -0.00322977 0.305655
 0.26427 0.238061 0.0129363 -0.0039171 0.215713
 0.198024 0.176218 0.0132532 -0.004643 0.15785
 0.155865 0.137098 0.0137715 -0.00554132 0.12157
 0.127594 0.110936 0.0141119 -0.00634558 0.0973305
 0.105447 0.0906048 0.0148296 -0.00742447 0.078661
 0.088849 0.0754558 0.0153547 -0.00833672 0.064821
 0.0774212 0.0649572 0.016509 -0.00982152 0.0550973
 0.0654403 0.0542623 0.0170121 -0.0107846 0.0455485
 0.0581432 0.0476935 0.0181672 -0.0121385 0.039622
 0.051755 0.041912 0.0193638 -0.0137148 0.034349
 0.0465327 0.0372737 0.0206476 -0.0152572 0.0302415
 0.0416768 0.032979 0.0224351 -0.0172655 0.02639
 0.0381353 0.0298182 0.0235163 -0.018672 0.0235236
 0.0346995 0.0268365 0.0242246 -0.0195407 0.020932
 0.0318048 0.0243132 0.0255885 -0.0210417 0.0187339
 0.0287675 0.0217357 0.026124 -0.0219022 0.0165108
 0.026787 0.0200479 0.0267985 -0.0228223 0.0151186
 0.0253495 0.0187535 0.027809 -0.0239483 0.0139266
 0.0231798 0.0169375 0.027626 -0.0240218 0.0123523
 0.021612 0.0156481 0.0276105 -0.0241134 0.0113231
 0.0199337 0.014277 0.0277923 -0.0244655 0.0101747
 0.0186617 0.0132697 0.0272367 -0.024224 0.00941253
 0.0179615 0.0125766 0.0275975 -0.0245903 0.00868095
 0.0167246 0.0116101 0.0270512 -0.0241708 0.00793115
 0.0154556 0.010635 0.0254965 -0.022869 0.0071732
 0.0144143 0.00985552 0.0249163 -0.0224051 0.00664138
 0.0138118 0.00934355 0.0242237 -0.0218615 0.00617862
 0.0129133 0.00863202 0.0232801 -0.0211388 0.00557933
 0.0124195 0.0082565 0.0229023 -0.0208267 0.0053054
 0.0116948 0.00768002 0.0215332 -0.0195953 0.00482025
 0.0109005 0.00714253 0.0202918 -0.0185436 0.00449105
 0.0105897 0.006906 0.0198111 -0.0180834 0.00430378
 0.00981782 0.0063933 0.018345 -0.0167543 0.00399042
 0.0094982 0.00613887 0.018381 -0.0167855 0.00377752
 0.00901325 0.00579125 0.0171892 -0.0157335 0.00350008
 0.0084816 0.00540115 0.0158332 -0.0144881 0.0032157
 0.00842495 0.00536345 0.01544 -0.0142375 0.00325122
 0.00776223 0.0048163 0.0143864 -0.0132316 0.00274755
 0.00755285 0.00466413 0.013323 -0.0122547 0.0026826
 0.00723752 0.00444992 0.0123635 -0.0114552 0.00258415
 0.00694397 0.00420587 0.0117024 -0.0107947 0.00237732
 0.0066452 0.00399832 0.0108649 -0.00996588 0.00226573
 0.00653895 0.0038428 0.0105315 -0.00967748 0.00210586
 0.00622573 0.00363573 0.00936698 -0.0086726 0.00198943
 0.00610968 0.00349687 0.00908555 -0.008492 0.0018817
 0.00590672 0.00333648 0.00808797 -0.0075849 0.00178963
 0.00574085 0.00318075 0.00757975 -0.0069967 0.00163339
 0.00561197 0.00308687 0.00690108 -0.00645065 0.00161077
 0 0 0 0 0
 0 0 0 0 0
 0 0 0 0 0
 0 0 0 0 0
 0 0 0 0 0
 0 0 0 0 0
 0 0 0 0 0
 0 0 0 0 0
 0 0 0 0 0
 0 0 0 0 0
 0 0 0 0 0
 0 0 0 0 0
 0 0 0 0 0
 0 0 0 0 0
 0 0 0 0 0
 0 0 0 0 0
 0 0 0 0 0
 0 0 0 0 0
 0 0 0 0 0
 0 0 0 0 0
 0 0 0 0 0
 0 0 0 0 0
 0 0 0 0 0
 0 0 0 0 0
 0 0 0 0 0
 0 0 0 0 0
 0 0 0 0 0
 0 0 0 0 0
 0 0 0 0 0
 0 0 0 0 0
 0 0 0 0 0
 0 0 0 0 0
 0 0 0 0 0
 0 0 0 0 0
 0 0 0 0 0
 0 0 0 0 0
 0 0 0 0 0
 0 0 0 0 0
 0 0 0 0 0
 0 0 0 0 0
 0 0 0 0 0
 0 0 0 0 0
 0 0 0 0 0
 0 0 0 0 0
 0 0 0 0 0
 0 0 0 0 0
 0 0 0 0 0
 0 0 0 0 0
 0 0 0 0 0
 0 0 0 0 0
 0 0 0 0 0
 0 0 0 0 0
 0 0 0 0 0
 0 0 0 0 0
 0 0 0 0 0
 0 0 0 0 0
 0 0 0 0 0
 0 0 0 0 0
 0 0 0 0 0
 0 0 0 0 0
 0 0 0 0 0
 0 0 0 0 0
 0 0 0 0 0
 0 0 0 0 0
 0 0 0 0 0
 0 0 0 0 0
 0 0 0 0 0
 0 0 0 0 0
 0 0 0 0 0
 5.2647 5.05627 0.0127304 -0.000316468 4.85807
 1.78938 1.69606 0.0121757 -0.000893283 1.60931
 0.912215 0.853705 0.0121299 -0.00145038 0.8006
 0.55108 0.50939 0.0123425 -0.00219148 0.472338
 0.371258 0.339045 0.0122439 -0.00272202 0.31102
 0.265587 0.239714 0.0123551 -0.00329763 0.2176
 0.199098 0.177546 0.0127532 -0.00412218 0.159409
 0.158082 0.139332 0.0128584 -0.00486255 0.123746
 0.127015 0.110696 0.0132398 -0.00550625 0.0974157
 0.105894 0.0912145 0.0137934 -0.00644825 0.079348
 0.0884697 0.0753242 0.0142218 -0.00741408 0.0648458
 0.0753522 0.063474 0.0151729 -0.00869665 0.0541907
 0.066602 0.055395 0.0156566 -0.00948807 0.0466343
 0.0579213 0.0476352 0.0168364 -0.0110828 0.0396895
 0.0512525 0.0416705 0.0181462 -0.0125482 0.0343398
 0.046276 0.0371945 0.0194522 -0.0140936 0.0302672
 0.0422783 0.033591 0.021093 -0.0160459 0.0270185
 0.0377825 0.02967 0.0219622 -0.0171239 0.023586
 0.0345545 0.0268035 0.0232063 -0.0186098 0.020963
 0.0317177 0.024372 0.0245456 -0.0201997 0.0189343
 0.0290412 0.022065 0.025388 -0.0212109 0.0169209
 0.0267168 0.0200641 0.0254312 -0.0214772 0.0151638
 0.0246849 0.0183342 0.0266565 -0.0228707 0.0136767
 0.0234135 0.0171907 0.0271788 -0.023591 0.0126184
 0.0210872 0.0153302 0.0268028 -0.0234033 0.0111364
 0.0198077 0.0142617 0.0261897 -0.0229638 0.0102608
 0.0186719 0.013252 0.0265883 -0.0235293 0.00929855
 0.0175155 0.0123859 0.026362 -0.0235046 0.008728
 0.016519 0.01152 0.0258747 -0.0231242 0.007921
 0.0155192 0.0107036 0.0254502 -0.0228738 0.00724228
 0.0142666 0.0097595 0.0244837 -0.0220755 0.00652675
 0.0135608 0.00920497 0.0232336 -0.0209561 0.00612122
 0.0129101 0.00867045 0.0232985 -0.0210539 0.00565827
 0.0121496 0.00808685 0.021858 -0.019763 0.00521093
 0.0114396 0.00758303 0.021226 -0.0193047 0.0048727
 0.0108577 0.00715685 0.0199465 -0.018216 0.00455068
 0.0103156 0.00668335 0.0193124 -0.0176297 0.0040825
 0.00976343 0.00634555 0.0183691 -0.0167652 0.00390812
 0.0093389 0.00603408 0.0177702 -0.0162687 0.00368585
 0.00883415 0.005692 0.0166408 -0.0152396 0.0034756
 0.00845768 0.00542718 0.0156971 -0.0143505 0.003304
 0.00802947 0.005128 0.0147067 -0.0135862 0.00312225
 0.00762928 0.00481397 0.0134705 -0.0124148 0.0028532
 0.00747125 0.00465522 0.0133189 -0.0122737 0.00271588
 0.00714373 0.00439335 0.0125795 -0.0115526 0.0025255
 0.00680323 0.0041471 0.0116958 -0.0107381 0.00235988
 0.00665385 0.0039718 0.0110624 -0.0102978 0.00221103
 0.0063084 0.0037022 0.0103534 -0.00953945 0.00199072
 0.00620945 0.0036192 0.0095397 -0.0089101 0.00196489
 0.0061013 0.00349467 0.00860078 -0.00802282 0.00185916
 0.00570742 0.00324258 0.00816258 -0.0075792 0.00170522
 0.00563303 0.00315597 0.00752522 -0.00704768 0.00166837
 0 0 0 0 0
 0 0 0 0 0
 0 0 0 0 0
 0 0 0 0 0
 0 0 0 0 0
 0 0 0 0 0
 0 0 0 0 0
 0 0 0 0 0
 0 0 0 0 0
 0 0 0 0 0
 0 0 0 0 0
 0 0 0 0 0
 0 0 0 0 0
 0 0 0 0 0
 0 0 0 0 0
 0 0 0 0 0
 0 0 0 0 0
 0 0 0 0 0
 0 0 0 0 0
 0 0 0 0 0
 0 0 0 0 0
 0 0 0 0 0
 0 0 0 0 0
 0 0 0 0 0
 0 0 0 0 0
 0 0 0 0 0
 0 0 0 0 0
 0 0 0 0 0
 0 0 0 0 0
 0 0 0 0 0
 0 0 0 0 0
 0 0 0 0 0
 0 0 0 0 0
 0 0 0 0 0
 0 0 0 0 0
 0 0 0 0 0
 0 0 0 0 0
 0 0 0 0 0
 0 0 0 0 0
 0 0 0 0 0
 0 0 0 0 0
 0 0 0 0 0
 0 0 0 0 0
 0 0 0 0 0
 0 0 0 0 0
 0 0 0 0 0
 0 0 0 0 0
 0 0 0 0 0
 0 0 0 0 0
 0 0 0 0 0
 0 0 0 0 0
 0 0 0 0 0
 0 0 0 0 0
 0 0 0 0 0
 0 0 0 0 0
 0 0 0 0 0
 0 0 0 0 0
 0 0 0 0 0
 0 0 0 0 0
 0 0 0 0 0
 0 0 0 0 0
 0 0 0 0 0
 0 0 0 0 0
 0 0 0 0 0
 0 0 0 0 0
 0 0 0 0 0
 0 0 0 0 0
 0 0 0 0 0
 0 0 0 0 0
 0 0 0 0 0
 5.37023 5.16337 0.0120085 -8.2898e-05 4.96643
 1.88117 1.78534 0.0119199 -0.000556128 1.69618
 0.945735 0.886395 0.0119806 -0.00113231 0.83244
 0.58084 0.53768 0.0117792 -0.00170983 0.499182
 0.38007 0.347672 0.0118093 -0.00235956 0.319328
 0.268663 0.242868 0.0120472 -0.00289097 0.220761
 0.209424 0.187125 0.0122427 -0.0035779 0.168314
 0.15806 0.139668 0.0119931 -0.0040681 0.124457
 0.128518 0.112158 0.012184 -0.0048305 0.09873
 0.10588 0.0914363 0.0126856 -0.0055424 0.0798575
 0.090371 0.0771685 0.01369 -0.00669225 0.066676
 0.076227 0.0643213 0.0137925 -0.00745447 0.054952
 0.0649527 0.0541905 0.0144983 -0.00854167 0.0458332
 0.0588083 0.0485492 0.0160884 -0.010169 0.040646
 0.0515747 0.0420413 0.0169784 -0.0114324 0.0346987
 0.0460625 0.037197 0.0179532 -0.0127011 0.0304672
 0.0417292 0.0332527 0.0192693 -0.0143022 0.026804
 0.037754 0.0298017 0.0202185 -0.0154038 0.0238921
 0.0340945 0.0266083 0.0214879 -0.0170475 0.0210677
 0.031269 0.0241036 0.0222014 -0.0179462 0.0187821
 0.0290412 0.0221356 0.0241989 -0.0200613 0.0170314
 0.0263933 0.0198823 0.0244266 -0.0205915 0.0150786
 0.0243445 0.0181434 0.0249377 -0.0212743 0.0135922
 0.0226428 0.016733 0.0254102 -0.0218861 0.0124449
 0.0211762 0.0154627 0.0257305 -0.0223869 0.0113083
 0.0198698 0.0143237 0.0259393 -0.0227775 0.0102705
 0.0181557 0.0130141 0.0253175 -0.0223511 0.0093378
 0.0172987 0.012227 0.0251728 -0.0222916 0.0085729
 0.0163 0.0113853 0.025032 -0.0223954 0.00782258
 0.0151987 0.0105203 0.0247849 -0.0223008 0.00715392
 0.0143946 0.00990687 0.0236796 -0.021266 0.00671677
 0.0133096 0.00908113 0.0234328 -0.0212163 0.00608752
 0.0125522 0.00846993 0.0219952 -0.0198861 0.00556463
 0.0120345 0.00809163 0.0216521 -0.0196269 0.00534437
 0.0113061 0.00750545 0.0205795 -0.0186712 0.00480205
 0.0107041 0.00703795 0.0197728 -0.0180304 0.0044326
 0.01012 0.00661748 0.0189182 -0.0172572 0.00413907
 0.00972287 0.0063348 0.0181789 -0.0166262 0.00392765
 0.0091577 0.00596615 0.0171202 -0.015627 0.00373072
 0.0088692 0.0057877 0.0163887 -0.0149406 0.00365355
 0.00846863 0.00546322 0.0157584 -0.0143902 0.00334382
 0.00802518 0.00515053 0.0149494 -0.0137667 0.0031652
 0.00772465 0.00492193 0.0139208 -0.0127523 0.00298562
 0.00746782 0.00472005 0.0130037 -0.0120143 0.00286653
 0.00691958 0.00427737 0.0122052 -0.0112774 0.00248566
 0.00688097 0.00422867 0.0115194 -0.0107028 0.00247724
 0.0065718 0.00399895 0.0109627 -0.0101766 0.00230976
 0.00636875 0.0038091 0.0102179 -0.00952137 0.00214766
 0.00610647 0.00361625 0.009277 -0.00859523 0.00202823
 0.00590685 0.00339785 0.00863073 -0.00805298 0.00183445
 0.0057888 0.0032961 0.00795997 -0.00741462 0.0017576
 0 0 0 0 0
 0 0 0 0 0
 0 0 0 0 0
 0 0 0 0 0
 0 0 0 0 0
 0 0 0 0 0
 0 0 0 0 0
 0 0 0 0 0
 0 0 0 0 0
 0 0 0 0 0
 0 0 0 0 0
 0 0 0 0 0
 0 0 0 0 0
 0 0 0 0 0
 0 0 0 0 0
 0 0 0 0 0
 0 0 0 0 0
 0 0 0 0 0
 0 0 0 0 0
 0 0 0 0 0
 0 0 0 0 0
 0 0 0 0 0
 0 0 0 0 0
 0 0 0 0 0
 0 0 0 0 0
 0 0 0 0 0
 0 0 0 0 0
 0 0 0 0 0
 0 0 0 0 0
 0 0 0 0 0
 0 0 0 0 0
 0 0 0 0 0
 0 0 0 0 0
 0 0 0 0 0
 0 0 0 0 0
 0 0 0 0 0
 0 0 0 0 0
 0 0 0 0 0
 0 0 0 0 0
 0 0 0 0 0
 0 0 0 0 0
 0 0 0 0 0
 0 0 0 0 0
 0 0 0 0 0
 0 0 0 0 0
 0 0 0 0 0
 0 0 0 0 0
 0 0 0 0 0
 0 0 0 0 0
 0 0 0 0 0
 0 0 0 0 0
 0 0 0 0 0
 0 0 0 0 0
 0 0 0 0 0
 0 0 0 0 0
 0 0 0 0 0
 0 0 0 0 0
 0 0 0 0 0
 0 0 0 0 0
 0 0 0 0 0
 0 0 0 0 0
 0 0 0 0 0
 0 0 0 0 0
 0 0 0 0 0
 0 0 0 0 0
 0 0 0 0 0
 0 0 0 0 0
 0 0 0 0 0
 0 0 0 0 0
 0 0 0 0 0
 0 0 0 0 0
 5.6746 5.46185 0.0113703 0.00044035 5.259
 1.94231 1.8457 0.0113796 -7.38502e-05 1.75568
 0.97088 0.911245 0.0115222 -0.00074349 0.856948
 0.577687 0.535605 0.0110614 -0.00109881 0.498017
 0.37756 0.345957 0.0109745 -0.00169696 0.318407
 0.274068 0.248201 0.0112145 -0.00233971 0.226011
 0.205386 0.183862 0.0112706 -0.00293958 0.165728
 0.160212 0.141805 0.0114668 -0.00354345 0.126514
 0.128924 0.112832 0.0116483 -0.00424305 0.0996972
 0.106407 0.0920873 0.0119237 -0.00494837 0.0805362
 0.0922488 0.0789207 0.0129659 -0.00612735 0.0682692
 0.0763928 0.064627 0.013072 -0.0067655 0.0553427
 0.0653328 0.0546357 0.0133788 -0.0074749 0.0462597
 0.0576137 0.0476327 0.0142183 -0.00862618 0.0398995
 0.0507 0.041469 0.015379 -0.0100764 0.0343583
 0.0451732 0.0365075 0.0160787 -0.01111 0.029823
 0.0418272 0.0334445 0.0179797 -0.0130879 0.0270712
 0.036658 0.0289967 0.0187007 -0.0142072 0.023254
 0.0340847 0.026644 0.0200415 -0.0156844 0.0210505
 0.0310345 0.0240049 0.0213036 -0.0171072 0.0187874
 0.028501 0.0217651 0.0223729 -0.0183761 0.0167356
 0.02654 0.0201069 0.0233807 -0.0195641 0.0153783
 0.0243156 0.0182119 0.0235894 -0.0199686 0.0137388
 0.0228775 0.0169969 0.0244706 -0.0209982 0.012769
 0.0207458 0.0151938 0.0247262 -0.0215667 0.0111657
 0.0194492 0.0141405 0.0243297 -0.0212393 0.0103458
 0.0182588 0.0131324 0.0246907 -0.0218111 0.00946697
 0.0170611 0.0121241 0.0243532 -0.0215927 0.00855888
 0.0159205 0.0112145 0.0238969 -0.0213109 0.007843
 0.0150143 0.010492 0.0236426 -0.0211377 0.00727407
 0.0141336 0.00977113 0.0231112 -0.0207984 0.0066636
 0.0133957 0.0091468 0.0231315 -0.020918 0.0061105
 0.0125543 0.0085422 0.0217328 -0.0195907 0.0057288
 0.0117446 0.00790505 0.0209426 -0.0190013 0.00520168
 0.0109189 0.00729052 0.0197776 -0.0179359 0.00473845
 0.0104821 0.00692375 0.0191856 -0.0174586 0.00440132
 0.00997995 0.0065933 0.0183723 -0.0167262 0.00422705
 0.009567 0.00628337 0.0177769 -0.0162646 0.00398435
 0.0090423 0.00588 0.0166521 -0.0151815 0.00364207
 0.00870683 0.0056525 0.0161272 -0.0147762 0.00350325
 0.00828862 0.0053462 0.0154024 -0.0141578 0.00326803
 0.00785668 0.00505045 0.01442 -0.0132706 0.003108
 0.00763555 0.0048846 0.0141142 -0.0130255 0.00298077
 0.00711697 0.00449465 0.012512 -0.0114785 0.00270052
 0.00697528 0.0043737 0.0120825 -0.0111909 0.00260183
 0.0068083 0.00420688 0.0116491 -0.0107935 0.00247094
 0.0063565 0.0038783 0.0104466 -0.00976737 0.00224865
 0.0062722 0.0037696 0.0100206 -0.00936897 0.00214569
 0.00605387 0.00356935 0.0096016 -0.00891865 0.00197392
 0.0057696 0.0033886 0.0084056 -0.00785358 0.00188522
 0 0 0 0 0
 0 0 0 0 0
 0 0 0 0 0
 0 0 0 0 0
 0 0 0 0 0
 0 0 0 0 0
 0 0 0 0 0
 0 0 0 0 0
 0 0 0 0 0
 0 0 0 0 0
 0 0 0 0 0
 0 0 0 0 0
 0 0 0 0 0
 0 0 0 0 0
 0 0 0 0 0
 0 0 0 0 0
 0 0 0 0 0
 0 0 0 0 0
 0 0 0 0 0
 0 0 0 0 0
 0 0 0 0 0
 0 0 0 0 0
 0 0 0 0 0
 0 0 0 0 0
 0 0 0 0 0
 0 0 0 0 0
 0 0 0 0 0
 0 0 0 0 0
 0 0 0 0 0
 0 0 0 0 0
 0 0 0 0 0
 0 0 0 0 0
 0 0 0 0 0
 0 0 0 0 0
 0 0 0 0 0
 0 0 0 0 0
 0 0 0 0 0
 0 0 0 0 0
 0 0 0 0 0
 0 0 0 0 0
 0 0 0 0 0
 0 0 0 0 0
 0 0 0 0 0
 0 0 0 0 0
 0 0 0 0 0
 0 0 0 0 0
 0 0 0 0 0
 0 0 0 0 0
 0 0 0 0 0
 0 0 0 0 0
 0 0 0 0 0
 0 0 0 0 0
 0 0 0 0 0
 0 0 0 0 0
 0 0 0 0 0
 0 0 0 0 0
 0 0 0 0 0
 0 0 0 0 0
 0 0 0 0 0
 0 0 0 0 0
 0 0 0 0 0
 0 0 0 0 0
 0 0 0 0 0
 0 0 0 0 0
 0 0 0 0 0
 0 0 0 0 0
 0 0 0 0 0
 0 0 0 0 0
 0 0 0 0 0
 0 0 0 0 0
 0 0 0 0 0
 0 0 0 0 0
 5.8777 5.6633 0.0108187 0.000746715 5.45862
 1.98688 1.8903 0.010854 0.000277985 1.80014
 0.995265 0.935263 0.0108179 -0.000242311 0.880472
 0.59822 0.555492 0.0108484 -0.000808705 0.517343
 0.391115 0.35893 0.0106068 -0.00137144 0.330778
 0.281215 0.255155 0.0108246 -0.00201039 0.232825
 0.20826 0.18681 0.010978 -0.00252945 0.1687
 0.164923 0.146228 0.0108467 -0.00307217 0.130649
 0.13093 0.114814 0.0110487 -0.00370833 0.101687
 0.107363 0.0931037 0.011391 -0.00440905 0.0815657
 0.0904888 0.077575 0.0118678 -0.0052215 0.067239
 0.0769627 0.0652788 0.0123008 -0.0060667 0.0560727
 0.0665598 0.055857 0.0129771 -0.00697182 0.0475518
 0.0583425 0.0483883 0.0134777 -0.00794415 0.0406658
 0.051073 0.0418877 0.0146109 -0.0092653 0.0348102
 0.0458275 0.037162 0.0153636 -0.0103252 0.0305335
 0.0409593 0.0328773 0.0164316 -0.0116389 0.0267802
 0.0366968 0.0291262 0.0178038 -0.0132124 0.0234582
 0.0335865 0.0263453 0.0186771 -0.0144241 0.0209052
 0.0309127 0.0240096 0.0200959 -0.0160198 0.0188876
 0.0280953 0.0215447 0.0211969 -0.0173485 0.016679
 0.0260062 0.0197491 0.0220842 -0.0183662 0.0151407
 0.0241433 0.0181503 0.0231428 -0.0195896 0.0137704
 0.0223525 0.0166277 0.023123 -0.019767 0.01246
 0.0208222 0.0153106 0.0235845 -0.0204107 0.0112896
 0.0190978 0.0139138 0.0232906 -0.0203074 0.0101592
 0.0180305 0.0130193 0.0237554 -0.020943 0.00941455
 0.0165426 0.0117895 0.0228283 -0.0201694 0.0083556
 0.0159441 0.0112488 0.0239506 -0.0214027 0.00785077
 0.0149536 0.0104726 0.0229422 -0.0205194 0.00727858
 0.01401 0.0096999 0.0223368 -0.0200821 0.00660875
 0.0130581 0.00896587 0.0217915 -0.0196436 0.0060398
 0.0124137 0.00843952 0.0213656 -0.0193401 0.00559405
 0.0117054 0.00794115 0.020411 -0.0184965 0.00531558
 0.0109817 0.00733913 0.0197265 -0.0179114 0.00475737
 0.0103274 0.00688533 0.0191147 -0.0174789 0.00447755
 0.0099222 0.0065644 0.0178752 -0.016352 0.00421893
 0.00954308 0.00626505 0.0177969 -0.0162878 0.0039557
 0.00887315 0.00584868 0.0164633 -0.015069 0.0037532
 0.0086556 0.00564618 0.0160357 -0.0147509 0.00354355
 0.00818773 0.00528862 0.015231 -0.0140292 0.00324505
 0.00756798 0.00491207 0.0138879 -0.0127454 0.0030825
 0.00754493 0.00483475 0.0137296 -0.012696 0.00297933
 0.0070625 0.00446148 0.012642 -0.0117269 0.00266245
 0.00684147 0.00429268 0.011579 -0.0107379 0.00255963
 0.00662062 0.0040752 0.0114453 -0.0106751 0.00234483
 0.00647625 0.00398935 0.0105269 -0.00984177 0.00237495
 0.00620783 0.00372457 0.0101252 -0.00944702 0.00208511
 0.00591768 0.00355247 0.00950543 -0.00885168 0.00204675
 0 0 0 0 0
 0 0 0 0 0
 0 0 0 0 0
 0 0 0 0 0
 0 0 0 0 0
 0 0 0 0 0
 0 0 0 0 0
 0 0 0 0 0
 0 0 0 0 0
 0 0 0 0 0
 0 0 0 0 0
 0 0 0 0 0
 0 0 0 0 0
 0 0 0 0 0
 0 0 0 0 0
 0 0 0 0 0
 0 0 0 0 0
 0 0 0 0 0
 0 0 0 0 0
 0 0 0 0 0
 0 0 0 0 0
 0 0 0 0 0
 0 0 0 0 0
 0 0 0 0 0
 0 0 0 0 0
 0 0 0 0 0
 0 0 0 0 0
 0 0 0 0 0
 0 0 0 0 0
 0 0 0 0 0
 0 0 0 0 0
 0 0 0 0 0
 0 0 0 0 0
 0 0 0 0 0
 0 0 0 0 0
 0 0 0 0 0
 0 0 0 0 0
 0 0 0 0 0
 0 0 0 0 0
 0 0 0 0 0
 0 0 0 0 0
 0 0 0 0 0
 0 0 0 0 0
 0 0 0 0 0
 0 0 0 0 0
 0 0 0 0 0
 0 0 0 0 0
 0 0 0 0 0
 0 0 0 0 0
 0 0 0 0 0
 0 0 0 0 0
 0 0 0 0 0
 0 0 0 0 0
 0 0 0 0 0
 0 0 0 0 0
 0 0 0 0 0
 0 0 0 0 0
 0 0 0 0 0
 0 0 0 0 0
 0 0 0 0 0
 0 0 0 0 0
 0 0 0 0 0
 0 0 0 0 0
 0 0 0 0 0
 0 0 0 0 0
 0 0 0 0 0
 0 0 0 0 0
 0 0 0 0 0
 0 0 0 0 0
 0 0 0 0 0
 0 0 0 0 0
 0 0 0 0 0
 0 0 0 0 0
 6.34575 6.12037 0.010581 0.00111962 5.905
 2.07497 1.97629 0.0104539 0.000601982 1.88411
 1.01527 0.955328 0.0102301 0.000136542 0.900587
 0.609628 0.566833 0.0100814 -0.000396508 0.528537
 0.401795 0.369237 0.0100744 -0.00091477 0.340695
 0.281607 0.255872 0.0100748 -0.00143652 0.233742
 0.21229 0.190757 0.00994702 -0.00194238 0.172603
 0.164021 0.14571 0.0101623 -0.00262188 0.130476
 0.133031 0.116895 0.0106987 -0.00332045 0.103667
 0.107285 0.09327 0.0108645 -0.0037873 0.0819377
 0.090044 0.0773802 0.0109891 -0.00445892 0.067234
 0.079917 0.067928 0.0116408 -0.0053999 0.058424
 0.0652578 0.054881 0.0117314 -0.00603212 0.0467843
 0.057937 0.0481853 0.0125378 -0.0070691 0.0406338
 0.0512885 0.0421943 0.0135445 -0.0082775 0.0351918
 0.0453793 0.036915 0.0142171 -0.00929495 0.030473
 0.0409947 0.032981 0.0156192 -0.0109302 0.026874
 0.0373757 0.0297297 0.0164854 -0.0119788 0.0239537
 0.0331655 0.026094 0.0175117 -0.0132882 0.0207976
 0.0302307 0.0235257 0.0184523 -0.0145161 0.0185119
 0.028157 0.0216855 0.0198364 -0.016016 0.0168786
 0.0256367 0.0195659 0.0201948 -0.0165836 0.015111
 0.0240775 0.0181641 0.0217691 -0.0182698 0.0138253
 0.0219846 0.0164075 0.0219521 -0.0187196 0.0123434
 0.0205812 0.0152217 0.0224368 -0.0192987 0.011346
 0.0191224 0.0140143 0.0229312 -0.0199958 0.0103656
 0.0179622 0.013035 0.0228875 -0.0200747 0.00951223
 0.0165475 0.0118661 0.0228441 -0.0201641 0.00849313
 0.0154318 0.0109208 0.0224698 -0.0200188 0.00764798
 0.014751 0.0103797 0.0226175 -0.0202517 0.00725367
 0.0137623 0.00958178 0.0221371 -0.0198549 0.00659012
 0.0129507 0.008925 0.0212546 -0.0191892 0.00605463
 0.0121547 0.00830968 0.0208049 -0.0187966 0.00556893
 0.0115279 0.0078318 0.0197127 -0.0178657 0.00524077
 0.0108831 0.0073069 0.0193686 -0.0176535 0.0047654
 0.0102505 0.00684085 0.0185906 -0.016965 0.00443292
 0.0097356 0.00645592 0.0178973 -0.0163342 0.00415393
 0.00927885 0.00614373 0.0171154 -0.0156877 0.00396205
 0.0088509 0.00581803 0.0163738 -0.0150156 0.00370202
 0.00845192 0.0055232 0.0156219 -0.0143429 0.00345607
 0.0080273 0.00525027 0.0147986 -0.0136528 0.00331738
 0.0076611 0.00500178 0.0140731 -0.0130016 0.0031835
 0.00738818 0.00473282 0.0135344 -0.0125425 0.00290075
 0.00695365 0.0044385 0.0123305 -0.0113771 0.00271727
 0.0067038 0.00425175 0.0117128 -0.0108512 0.00260015
 0.0065497 0.004038 0.0114559 -0.0106542 0.00233011
 0.0062834 0.00384935 0.0104829 -0.00977852 0.0022405
 0.0059263 0.00361067 0.00954613 -0.00880055 0.00211823
 0 0 0 0 0
 0 0 0 0 0
 0 0 0 0 0
 0 0 0 0 0
 0 0 0 0 0
 0 0 0 0 0
 0 0 0 0 0
 0 0 0 0 0
 0 0 0 0 0
 0 0 0 0 0
 0 0 0 0 0
 0 0 0 0 0
 0 0 0 0 0
 0 0 0 0 0
 0 0 0 0 0
 0 0 0 0 0
 0 0 0 0 0
 0 0 0 0 0
 0 0 0 0 0
 0 0 0 0 0
 0 0 0 0 0
 0 0 0 0 0
 0 0 0 0 0
 0 0 0 0 0
 0 0 0 0 0
 0 0 0 0 0
 0 0 0 0 0
 0 0 0 0 0
 0 0 0 0 0
 0 0 0 0 0
 0 0 0 0 0
 0 0 0 0 0
 0 0 0 0 0
 0 0 0 0 0
 0 0 0 0 0
 0 0 0 0 0
 0 0 0 0 0
 0 0 0 0 0
 0 0 0 0 0
 0 0 0 0 0
 0 0 0 0 0
 0 0 0 0 0
 0 0 0 0 0
 0 0 0 0 0
 0 0 0 0 0
 0 0 0 0 0
 0 0 0 0 0
 0 0 0 0 0
 0 0 0 0 0
 0 0 0 0 0
 0 0 0 0 0
 0 0 0 0 0
 0 0 0 0 0
 0 0 0 0 0
 0 0 0 0 0
 0 0 0 0 0
 0 0 0 0 0
 0 0 0 0 0
 0 0 0 0 0
 0 0 0 0 0
 0 0 0 0 0
 0 0 0 0 0
 0 0 0 0 0
 0 0 0 0 0
 0 0 0 0 0
 0 0 0 0 0
 0 0 0 0 0
 0 0 0 0 0
 0 0 0 0 0
 0 0 0 0 0
 0 0 0 0 0
 0 0 0 0 0
 0 0 0 0 0
 0 0 0 0 0
 6.65788 6.42767 0.0103472 0.00154132 6.20757
 2.14067 2.04115 0.00995527 0.00096437 1.94812
 1.0536 0.992575 0.0100943 0.0003717 0.936835
 0.608335 0.56645 0.0098911 -9.7981e-05 0.528973
 0.40517 0.372838 0.00947025 -0.000556698 0.344385
 0.290092 0.264007 0.00971817 -0.00108729 0.241559
 0.215134 0.193622 0.00957125 -0.00160071 0.17543
 0.169797 0.151074 0.0100201 -0.00231258 0.135411
 0.132243 0.116444 0.00982058 -0.00269523 0.103526
 0.109891 0.09569 0.0099378 -0.00330438 0.0841997
 0.0914945 0.0788085 0.0103207 -0.00392015 0.0686605
 0.077786 0.066298 0.0106203 -0.0046755 0.0572542
 0.0665892 0.05615 0.0114335 -0.00556005 0.0479967
 0.0591675 0.049337 0.0120086 -0.0065331 0.0417015
 0.0504798 0.04165 0.012336 -0.00727358 0.0348667
 0.0459935 0.0375383 0.0134545 -0.00860797 0.031063
 0.0408378 0.0329673 0.0146215 -0.0099705 0.026988
 0.0360162 0.0287745 0.0151079 -0.0107934 0.0233439
 0.0339485 0.0268005 0.0161699 -0.0120862 0.0214234
 0.030411 0.0238071 0.0176971 -0.0138131 0.018937
 0.027815 0.0215091 0.0185608 -0.0148478 0.016827
 0.0255717 0.019583 0.0195519 -0.016003 0.0151859
 0.023528 0.0178331 0.0199936 -0.0165928 0.0136761
 0.0218667 0.0163927 0.0211668 -0.0178927 0.0124061
 0.0201676 0.0149749 0.0216128 -0.0185385 0.0112094
 0.018974 0.0139323 0.0219308 -0.019075 0.0102946
 0.0177856 0.0129377 0.0224931 -0.0197307 0.00943702
 0.0162784 0.0117124 0.0217403 -0.0191873 0.0084369
 0.0154167 0.0110193 0.0218708 -0.0194663 0.00788828
 0.014356 0.0101596 0.0213272 -0.0189775 0.00717378
 0.0136752 0.0095813 0.0215317 -0.0193391 0.00668865
 0.0127132 0.0088256 0.0207618 -0.0187544 0.00607343
 0.0120808 0.00830478 0.0202146 -0.0182892 0.005644
 0.0113466 0.00771622 0.0195674 -0.0176882 0.00513885
 0.0109281 0.00739905 0.0193252 -0.0176311 0.0049341
 0.0100901 0.00678298 0.0184895 -0.0168802 0.00447048
 0.00957452 0.00640972 0.0173143 -0.0157735 0.00421485
 0.00910412 0.0060485 0.0164308 -0.0150252 0.00392452
 0.00867963 0.0057378 0.0154911 -0.0142041 0.00367397
 0.00821983 0.0054145 0.0150426 -0.013823 0.00345577
 0.0079942 0.00523845 0.0147515 -0.0135433 0.0033242
 0.00757672 0.00494582 0.0136483 -0.0125363 0.00312708
 0.0072425 0.00466105 0.0130141 -0.0119946 0.0028681
 0.0068697 0.00440148 0.0123116 -0.0113801 0.00271185
 0.00666492 0.00422395 0.0114839 -0.0106426 0.00256658
 0.00647995 0.0040517 0.0112009 -0.0104028 0.00239448
 0.0060821 0.00378153 0.0101288 -0.00934785 0.00225914
 0 0 0 0 0
 0 0 0 0 0
 0 0 0 0 0
 0 0 0 0 0
 0 0 0 0 0
 0 0 0 0 0
 0 0 0 0 0
 0 0 0 0 0
 0 0 0 0 0
 0 0 0 0 0
 0 0 0 0 0
 0 0 0 0 0
 0 0 0 0 0
 0 0 0 0 0
 0 0 0 0 0
 0 0 0 0 0
 0 0 0 0 0
 0 0 0 0 0
 0 0 0 0 0
 0 0 0 0 0
 0 0 0 0 0
 0 0 0 0 0
 0 0 0 0 0
 0 0 0 0 0
 0 0 0 0 0
 0 0 0 0 0
 0 0 0 0 0
 0 0 0 0 0
 0 0 0 0 0
 0 0 0 0 0
 0 0 0 0 0
 0 0 0 0 0
 0 0 0 0 0
 0 0 0 0 0
 0 0 0 0 0
 0 0 0 0 0
 0 0 0 0 0
 0 0 0 0 0
 0 0 0 0 0
 0 0 0 0 0
 0 0 0 0 0
 0 0 0 0 0
 0 0 0 0 0
 0 0 0 0 0
 0 0 0 0 0
 0 0 0 0 0
 0 0 0 0 0
 0 0 0 0 0
 0 0 0 0 0
 0 0 0 0 0
 0 0 0 0 0
 0 0 0 0 0
 0 0 0 0 0
 0 0 0 0 0
 0 0 0 0 0
 0 0 0 0 0
 0 0 0 0 0
 0 0 0 0 0
 0 0 0 0 0
 0 0 0 0 0
 0 0 0 0 0
 0 0 0 0 0
 0 0 0 0 0
 0 0 0 0 0
 0 0 0 0 0
 0 0 0 0 0
 0 0 0 0 0
 0 0 0 0 0
 0 0 0 0 0
 0 0 0 0 0
 0 0 0 0 0
 0 0 0 0 0
 0 0 0 0 0
 0 0 0 0 0
 0 0 0 0 0
 6.93548 6.7017 0.00999225 0.00173202 6.4779
 2.15829 2.06022 0.00970292 0.00118248 1.96843
 1.06768 1.00707 0.00946952 0.000723497 0.951618
 0.629097 0.586548 0.0094556 0.000183456 0.548467
 0.418238 0.385478 0.00933735 -0.000255095 0.356623
 0.292975 0.266997 0.0091848 -0.000688547 0.244588
 0.221585 0.199692 0.00925785 -0.00117373 0.181102
 0.172188 0.153533 0.00932247 -0.00169777 0.137957
 0.134752 0.118915 0.0092805 -0.00222219 0.105977
 0.111721 0.0974827 0.0096806 -0.002919 0.0859243
 0.09354 0.0807488 0.0099422 -0.0035595 0.0704995
 0.0785625 0.067082 0.0101795 -0.00422538 0.0579743
 0.067332 0.0569055 0.0105168 -0.00483735 0.0487407
 0.0581478 0.0486043 0.0109528 -0.00564813 0.0411835
 0.0515115 0.042601 0.0117567 -0.00676237 0.035726
 0.0451775 0.037001 0.0123813 -0.00752703 0.0307853
 0.0404447 0.0327105 0.0132609 -0.00867612 0.0268055
 0.0361975 0.0290085 0.0141827 -0.00991023 0.0236161
 0.0334645 0.0265072 0.0152361 -0.0110932 0.0212948
 0.0299408 0.0234814 0.0164251 -0.012561 0.0186534
 0.0272545 0.0211626 0.0173056 -0.0136538 0.0166846
 0.0250505 0.0192254 0.0180918 -0.0146727 0.0149139
 0.023609 0.0179356 0.0193681 -0.01608 0.0137702
 0.0216025 0.0162431 0.0198035 -0.0167106 0.0123339
 0.0200515 0.0149676 0.0202815 -0.0172882 0.0113001
 0.0187671 0.0138314 0.021243 -0.0184347 0.0102483
 0.0172932 0.012608 0.0208587 -0.0181646 0.0092231
 0.0162617 0.0117536 0.0214821 -0.0189087 0.00851372
 0.0152729 0.0109346 0.0211064 -0.0187441 0.00781403
 0.0143688 0.0101733 0.0206339 -0.0184168 0.00716975
 0.0135942 0.0095532 0.0207186 -0.018549 0.00668923
 0.0126482 0.00878785 0.0202195 -0.0182036 0.0060265
 0.011843 0.00815657 0.0196156 -0.0176925 0.00553143
 0.011288 0.00773448 0.0190491 -0.0173004 0.0052348
 0.0105691 0.00716515 0.0183165 -0.0166357 0.00477075
 0.0101037 0.0068305 0.0179107 -0.0163735 0.00454585
 0.0096273 0.0064776 0.0174269 -0.0159774 0.00429928
 0.00913668 0.00609185 0.0161601 -0.0147919 0.00396583
 0.00858133 0.00568455 0.0158077 -0.0145052 0.00365442
 0.0081535 0.00538797 0.014787 -0.0135669 0.00345398
 0.00774975 0.00508272 0.014195 -0.013103 0.00321472
 0.0074124 0.00483172 0.0133036 -0.0122402 0.00302077
 0.00704805 0.00456057 0.0126284 -0.0116889 0.00283642
 0.00686923 0.00440768 0.0123396 -0.0113899 0.00271783
 0.00665558 0.0042729 0.0117083 -0.0108809 0.00266163
 0.00629017 0.0039723 0.0108786 -0.0101773 0.00240095
 0 0 0 0 0
 0 0 0 0 0
 0 0 0 0 0
 0 0 0 0 0
 0 0 0 0 0
 0 0 0 0 0
 0 0 0 0 0
 0 0 0 0 0
 0 0 0 0 0
 0 0 0 0 0
 0 0 0 0 0
 0 0 0 0 0
 0 0 0 0 0
 0 0 0 0 0
 0 0 0 0 0
 0 0 0 0 0
 0 0 0 0 0
 0 0 0 0 0
 0 0 0 0 0
 0 0 0 0 0
 0 0 0 0 0
 0 0 0 0 0
 0 0 0 0 0
 0 0 0 0 0
 0 0 0 0 0
 0 0 0 0 0
 0 0 0 0 0
 0 0 0 0 0
 0 0 0 0 0
 0 0 0 0 0
 0 0 0 0 0
 0 0 0 0 0
 0 0 0 0 0
 0 0 0 0 0
 0 0 0 0 0
 0 0 0 0 0
 0 0 0 0 0
 0 0 0 0 0
 0 0 0 0 0
 0 0 0 0 0
 0 0 0 0 0
 0 0 0 0 0
 0 0 0 0 0
 0 0 0 0 0
 0 0 0 0 0
 0 0 0 0 0
 0 0 0 0 0
 0 0 0 0 0
 0 0 0 0 0
 0 0 0 0 0
 0 0 0 0 0
 0 0 0 0 0
 0 0 0 0 0
 0 0 0 0 0
 0 0 0 0 0
 0 0 0 0 0
 0 0 0 0 0
 0 0 0 0 0
 0 0 0 0 0
 0 0 0 0 0
 0 0 0 0 0
 0 0 0 0 0
 0 0 0 0 0
 0 0 0 0 0
 0 0 0 0 0
 0 0 0 0 0
 0 0 0 0 0
 0 0 0 0 0
 0 0 0 0 0
 0 0 0 0 0
 0 0 0 0 0
 0 0 0 0 0
 0 0 0 0 0
 0 0 0 0 0
 0 0 0 0 0
 0 0 0 0 0
 7.39705 7.1541 0.00973015 0.00202355 6.9212
 2.29547 2.19333 0.00938645 0.00145723 2.09759
 1.11528 1.05317 0.0092669 0.000999578 0.99624
 0.645687 0.602712 0.00889273 0.000543012 0.564095
 0.424992 0.392258 0.00878802 0.00017159 0.363525
 0.298235 0.272267 0.00885715 -0.0003916 0.249894
 0.224669 0.202849 0.00879862 -0.00083049 0.184318
 0.170648 0.152425 0.00884438 -0.00146336 0.137163
 0.138404 0.122299 0.00897507 -0.00192116 0.109085
 0.112025 0.0979352 0.0090996 -0.00247037 0.0865035
 0.0931815 0.0805913 0.00929077 -0.00303855 0.0704857
 0.0792058 0.0677805 0.00965755 -0.0037453 0.058714
 0.0661157 0.055955 0.00980428 -0.00430665 0.04792
 0.0586965 0.0491747 0.0103262 -0.0050611 0.0417365
 0.0509745 0.0422917 0.0108383 -0.00584267 0.035634
 0.0449115 0.036848 0.0112499 -0.00670262 0.0306702
 0.0405737 0.0329355 0.0122861 -0.0078179 0.0271235
 0.0364887 0.029317 0.0134323 -0.00921047 0.0239009
 0.0330903 0.0262957 0.0143311 -0.0102831 0.0211882
 0.029649 0.023303 0.0147965 -0.0110366 0.0185689
 0.0279513 0.0217509 0.0161234 -0.0125565 0.0171343
 0.0251862 0.019411 0.0171837 -0.0137729 0.0151582
 0.0230687 0.0176032 0.0179204 -0.0147437 0.0136062
 0.021323 0.0161035 0.0190619 -0.0160135 0.0122966
 0.0199723 0.0149041 0.0194586 -0.0164433 0.0111817
 0.0185299 0.0136941 0.0196666 -0.0168637 0.0101646
 0.017324 0.0126924 0.0202854 -0.0176986 0.00937375
 0.0161821 0.0117466 0.0200915 -0.0176269 0.0085567
 0.0150852 0.0108542 0.0203603 -0.0179771 0.00783132
 0.014218 0.0101393 0.0198737 -0.0175972 0.00723613
 0.0131288 0.00926808 0.0194841 -0.0173905 0.00651613
 0.0127647 0.00891172 0.0203584 -0.0183662 0.00616182
 0.0116862 0.00809483 0.0191329 -0.0173226 0.00554965
 0.0111717 0.00768777 0.0193383 -0.0176079 0.00524272
 0.0106013 0.0072327 0.0181881 -0.0165779 0.00486353
 0.00997803 0.00677887 0.017504 -0.0159732 0.00455288
 0.00944805 0.006374 0.0165198 -0.0150892 0.0042322
 0.0088373 0.00591167 0.0157197 -0.0144057 0.00387475
 0.00863273 0.00574978 0.0156888 -0.014445 0.0037595
 0.00822417 0.0054166 0.0150358 -0.0138269 0.00342745
 0.0076743 0.00507202 0.0138719 -0.0127917 0.003272
 0.00730603 0.00479037 0.0133178 -0.0123451 0.00303033
 0.00700697 0.0045627 0.0126044 -0.0116624 0.00286653
 0.006689 0.00433913 0.0120616 -0.0111802 0.00273468
 0.00651015 0.0041654 0.0116546 -0.0108448 0.002585
 0 0 0 0 0
 0 0 0 0 0
 0 0 0 0 0
 0 0 0 0 0
 0 0 0 0 0
 0 0 0 0 0
 0 0 0 0 0
 0 0 0 0 0
 0 0 0 0 0
 0 0 0 0 0
 0 0 0 0 0
 0 0 0 0 0
 0 0 0 0 0
 0 0 0 0 0
 0 0 0 0 0
 0 0 0 0 0
 0 0 0 0 0
 0 0 0 0 0
 0 0 0 0 0
 0 0 0 0 0
 0 0 0 0 0
 0 0 0 0 0
 0 0 0 0 0
 0 0 0 0 0
 0 0 0 0 0
 0 0 0 0 0
 0 0 0 0 0
 0 0 0 0 0
 0 0 0 0 0
 0 0 0 0 0
 0 0 0 0 0
 0 0 0 0 0
 0 0 0 0 0
 0 0 0 0 0
 0 0 0 0 0
 0 0 0 0 0
 0 0 0 0 0
 0 0 0 0 0
 0 0 0 0 0
 0 0 0 0 0
 0 0 0 0 0
 0 0 0 0 0
 0 0 0 0 0
 0 0 0 0 0
 0 0 0 0 0
 0 0 0 0 0
 0 0 0 0 0
 0 0 0 0 0
 0 0 0 0 0
 0 0 0 0 0
 0 0 0 0 0
 0 0 0 0 0
 0 0 0 0 0
 0 0 0 0 0
 0 0 0 0 0
 0 0 0 0 0
 0 0 0 0 0
 0 0 0 0 0
 0 0 0 0 0
 0 0 0 0 0
 0 0 0 0 0
 0 0 0 0 0
 0 0 0 0 0
 0 0 0 0 0
 0 0 0 0 0
 0 0 0 0 0
 0 0 0 0 0
 0 0 0 0 0
 0 0 0 0 0
 0 0 0 0 0
 0 0 0 0 0
 0 0 0 0 0
 0 0 0 0 0
 0 0 0 0 0
 0 0 0 0 0
 0 0 0 0 0
 0 0 0 0 0
 7.75415 7.50597 0.0094274 0.0022398 7.26792
 2.34439 2.24222 0.00898065 0.00180205 2.1463
 1.13679 1.07468 0.00865093 0.00136012 1.01764
 0.652025 0.609412 0.00850088 0.000880828 0.57112
 0.433832 0.400948 0.00836338 0.000401805 0.37195
 0.305405 0.279175 0.00852253 -0.000136048 0.25652
 0.2244 0.202943 0.00844652 -0.000590993 0.184695
 0.172799 0.154578 0.00826205 -0.00102566 0.139296
 0.139386 0.123371 0.00843758 -0.00151323 0.110152
 0.112471 0.0985108 0.00852542 -0.002054 0.0871665
 0.094576 0.0819905 0.0089789 -0.0026901 0.0718835
 0.079143 0.0679 0.00927007 -0.00331397 0.058942
 0.0662815 0.0562842 0.00925813 -0.00374573 0.0484667
 0.0582197 0.0488965 0.00954545 -0.00435697 0.0416365
 0.050929 0.042325 0.0100956 -0.00519125 0.0356592
 0.0454258 0.037412 0.0108597 -0.0061886 0.0313138
 0.039984 0.0325675 0.0114587 -0.00703655 0.0269465
 0.0365062 0.0294267 0.0124177 -0.00817452 0.0240909
 0.0325722 0.0259955 0.0131675 -0.00929107 0.0210981
 0.0299613 0.0236145 0.0141783 -0.0104967 0.0188402
 0.0267495 0.0209092 0.0152996 -0.0117095 0.0166034
 0.0254042 0.0196335 0.0161952 -0.0127524 0.0153751
 0.0224653 0.0171836 0.0167175 -0.0135852 0.0133004
 0.0211312 0.0160377 0.0178105 -0.0147483 0.0123349
 0.0194984 0.014603 0.0184802 -0.0157092 0.0110164
 0.0184527 0.0137016 0.0188844 -0.0161792 0.0102618
 0.0169953 0.012451 0.0192668 -0.0167181 0.00911278
 0.0157345 0.0114514 0.0191178 -0.0167402 0.0083574
 0.0149149 0.0107809 0.0196537 -0.0173642 0.00783203
 0.0136633 0.0097625 0.0190164 -0.0168628 0.0069652
 0.0129347 0.00916395 0.0187039 -0.0167809 0.00648777
 0.0123357 0.00865615 0.0190868 -0.017123 0.00603502
 0.0115236 0.00800382 0.0186318 -0.0168664 0.0055005
 0.0110499 0.00765603 0.0182357 -0.0165518 0.00528515
 0.0103931 0.00710272 0.0177304 -0.0161309 0.00478
 0.0100667 0.006835 0.0177123 -0.0161762 0.0045661
 0.0094099 0.00634825 0.0166005 -0.0151402 0.00419627
 0.00886948 0.00595105 0.0157715 -0.0144809 0.0039243
 0.0084495 0.0056595 0.0150756 -0.0138217 0.0037257
 0.00799863 0.00528837 0.0144651 -0.0133147 0.00337542
 0.00773848 0.00514553 0.0134918 -0.0124223 0.0033598
 0.0071399 0.00470558 0.0129985 -0.0120279 0.00301795
 0.00695725 0.004559 0.0125331 -0.0116237 0.0028969
 0.0067098 0.0043615 0.0119373 -0.0111915 0.00273832
 0 0 0 0 0
 0 0 0 0 0
 0 0 0 0 0
 0 0 0 0 0
 0 0 0 0 0
 0 0 0 0 0
 0 0 0 0 0
 0 0 0 0 0
 0 0 0 0 0
 0 0 0 0 0
 0 0 0 0 0
 0 0 0 0 0
 0 0 0 0 0
 0 0 0 0 0
 0 0 0 0 0
 0 0 0 0 0
 0 0 0 0 0
 0 0 0 0 0
 0 0 0 0 0
 0 0 0 0 0
 0 0 0 0 0
 0 0 0 0 0
 0 0 0 0 0
 0 0 0 0 0
 0 0 0 0 0
 0 0 0 0 0
 0 0 0 0 0
 0 0 0 0 0
 0 0 0 0 0
 0 0 0 0 0
 0 0 0 0 0
 0 0 0 0 0
 0 0 0 0 0
 0 0 0 0 0
 0 0 0 0 0
 0 0 0 0 0
 0 0 0 0 0
 0 0 0 0 0
 0 0 0 0 0
 0 0 0 0 0
 0 0 0 0 0
 0 0 0 0 0
 0 0 0 0 0
 0 0 0 0 0
 0 0 0 0 0
 0 0 0 0 0
 0 0 0 0 0
 0 0 0 0 0
 0 0 0 0 0
 0 0 0 0 0
 0 0 0 0 0
 0 0 0 0 0
 0 0 0 0 0
 0 0 0 0 0
 0 0 0 0 0
 0 0 0 0 0
 0 0 0 0 0
 0 0 0 0 0
 0 0 0 0 0
 0 0 0 0 0
 0 0 0 0 0
 0 0 0 0 0
 0 0 0 0 0
 0 0 0 0 0
 0 0 0 0 0
 0 0 0 0 0
 0 0 0 0 0
 0 0 0 0 0
 0 0 0 0 0
 0 0 0 0 0
 0 0 0 0 0
 0 0 0 0 0
 0 0 0 0 0
 0 0 0 0 0
 0 0 0 0 0
 0 0 0 0 0
 0 0 0 0 0
 0 0 0 0 0
 7.94203 7.69405 0.00920675 0.00245974 7.45595
 2.45215 2.34758 0.00869898 0.00201699 2.24935
 1.13853 1.07746 0.0083564 0.00149886 1.02144
 0.681375 0.637585 0.00830585 0.0011126 0.598143
 0.442645 0.409643 0.00829732 0.000604513 0.380515
 0.308165 0.282125 0.00824242 0.000116874 0.25959
 0.231455 0.209625 0.00787428 -0.000267197 0.191023
 0.177688 0.159214 0.00799765 -0.000622833 0.143703
 0.138769 0.123085 0.008095 -0.00122003 0.110202
 0.113631 0.0997127 0.00824448 -0.00166289 0.0883572
 0.0946015 0.0821737 0.00843045 -0.00226946 0.07218
 0.0798402 0.0686363 0.0084982 -0.00275442 0.0597505
 0.0679315 0.0577935 0.00879707 -0.00334213 0.0498225
 0.0583295 0.0491 0.0089875 -0.0039249 0.0419092
 0.051032 0.0425345 0.009581 -0.00470863 0.0359958
 0.044889 0.0370275 0.0102603 -0.00566703 0.0309985
 0.0407558 0.0332808 0.0106596 -0.00632037 0.027583
 0.0355998 0.0287782 0.0113818 -0.0073237 0.0236516
 0.0319658 0.0255562 0.0122551 -0.00844805 0.0207379
 0.029488 0.0233383 0.013213 -0.00957305 0.0187467
 0.0264355 0.020717 0.0141704 -0.0107694 0.0164948
 0.0248621 0.0192855 0.0152475 -0.0119282 0.015168
 0.022935 0.0176376 0.0160624 -0.0129129 0.0138
 0.0210289 0.0159939 0.017002 -0.0140501 0.012325
 0.0192538 0.0144863 0.0169496 -0.0141962 0.0110069
 0.0181183 0.0135257 0.0181154 -0.015459 0.0102081
 0.0169517 0.0124911 0.0183788 -0.0158213 0.00924643
 0.0157784 0.0115459 0.0189549 -0.0165637 0.00850723
 0.0146063 0.0105778 0.0184663 -0.0162612 0.00769022
 0.0137603 0.0098803 0.0192262 -0.0171462 0.00710812
 0.0126035 0.00897108 0.0180905 -0.016115 0.0063919
 0.0120388 0.0084927 0.0182003 -0.0163433 0.00599148
 0.011463 0.00801517 0.0178641 -0.0160713 0.00557142
 0.0109182 0.00758268 0.0177789 -0.0161029 0.00523925
 0.0103312 0.00710142 0.0170998 -0.0155204 0.00480955
 0.00963893 0.00657553 0.0165134 -0.0150862 0.00442995
 0.00918713 0.00622225 0.0163312 -0.0149532 0.00414245
 0.00862225 0.0058094 0.0154567 -0.0141689 0.0038415
 0.0083422 0.00558665 0.0148292 -0.0136468 0.00365643
 0.00796455 0.00530175 0.0142178 -0.0130884 0.00343567
 0.00753495 0.00500723 0.0135499 -0.0124871 0.00325325
 0.0072802 0.00483242 0.0131567 -0.0121492 0.0031576
 0.00684788 0.00448645 0.0122802 -0.0113442 0.00284378
 0 0 0 0 0
 0 0 0 0 0
 0 0 0 0 0
 0 0 0 0 0
 0 0 0 0 0
 0 0 0 0 0
 0 0 0 0 0
 0 0 0 0 0
 0 0 0 0 0
 0 0 0 0 0
 0 0 0 0 0
 0 0 0 0 0
 0 0 0 0 0
 0 0 0 0 0
 0 0 0 0 0
 0 0 0 0 0
 0 0 0 0 0
 0 0 0 0 0
 0 0 0 0 0
 0 0 0 0 0
 0 0 0 0 0
 0 0 0 0 0
 0 0 0 0 0
 0 0 0 0 0
 0 0 0 0 0
 0 0 0 0 0
 0 0 0 0 0
 0 0 0 0 0
 0 0 0 0 0
 0 0 0 0 0
 0 0 0 0 0
 0 0 0 0 0
 0 0 0 0 0
 0 0 0 0 0
 0 0 0 0 0
 0 0 0 0 0
 0 0 0 0 0
 0 0 0 0 0
 0 0 0 0 0
 0 0 0 0 0
 0 0 0 0 0
 0 0 0 0 0
 0 0 0 0 0
 0 0 0 0 0
 0 0 0 0 0
 0 0 0 0 0
 0 0 0 0 0
 0 0 0 0 0
 0 0 0 0 0
 0 0 0 0 0
 0 0 0 0 0
 0 0 0 0 0
 0 0 0 0 0
 0 0 0 0 0
 0 0 0 0 0
 0 0 0 0 0
 0 0 0 0 0
 0 0 0 0 0
 0 0 0 0 0
 0 0 0 0 0
 0 0 0 0 0
 0 0 0 0 0
 0 0 0 0 0
 0 0 0 0 0
 0 0 0 0 0
 0 0 0 0 0
 0 0 0 0 0
 0 0 0 0 0
 0 0 0 0 0
 0 0 0 0 0
 0 0 0 0 0
 0 0 0 0 0
 0 0 0 0 0
 0 0 0 0 0
 0 0 0 0 0
 0 0 0 0 0
 0 0 0 0 0
 0 0 0 0 0
 0 0 0 0 0
 8.42937 8.1726 0.00903038 0.0027006 7.92572
 2.5543 2.44761 0.00839115 0.00231071 2.34723
 1.20465 1.14127 0.00842195 0.00178501 1.08294
 0.685295 0.64202 0.00787968 0.00134784 0.603068
 0.44886 0.415905 0.00785663 0.000859293 0.386815
 0.315597 0.2893 0.0076489 0.000420438 0.26647
 0.236247 0.214256 0.00760853 -2.98137e-05 0.195565
 0.177988 0.15975 0.0077258 -0.000470018 0.144429
 0.141372 0.12557 0.00761717 -0.000928365 0.112512
 0.114628 0.100764 0.0076893 -0.00135015 0.089441
 0.096295 0.0838037 0.0078779 -0.00184313 0.0737315
 0.0803945 0.069264 0.00821035 -0.0024006 0.0603965
 0.0681402 0.0580882 0.00835497 -0.00302545 0.05015
 0.0591247 0.0499042 0.0087249 -0.00358755 0.0427148
 0.0519405 0.0433948 0.0089221 -0.0041923 0.0367833
 0.044635 0.0369152 0.00940257 -0.00488112 0.0309863
 0.0393845 0.0322107 0.00960852 -0.00550403 0.0267417
 0.0355105 0.0287785 0.0105647 -0.0065909 0.0237029
 0.0321785 0.0258145 0.011265 -0.00747927 0.0210426
 0.029131 0.0231211 0.0121255 -0.0085856 0.0186423
 0.027166 0.0213487 0.0133161 -0.0099401 0.017022
 0.0244694 0.0190569 0.0142251 -0.0109995 0.0150808
 0.0219463 0.01689 0.014963 -0.011965 0.0131553
 0.0212163 0.0161683 0.0161787 -0.0132565 0.0124519
 0.0195902 0.0147905 0.0171962 -0.0144114 0.0112821
 0.0177483 0.01331 0.0170772 -0.0145046 0.0101166
 0.0167605 0.0124153 0.0179103 -0.0154492 0.00926927
 0.0155288 0.0113849 0.0177944 -0.0154759 0.00839412
 0.0145848 0.0106287 0.0183501 -0.0161879 0.00781297
 0.0137864 0.0099111 0.0184436 -0.0163272 0.00711185
 0.0126769 0.00906132 0.0180129 -0.0160414 0.00648502
 0.0120865 0.00855905 0.0178907 -0.0160196 0.0060523
 0.0113111 0.00792985 0.0175598 -0.0158456 0.00552635
 0.0107407 0.00747782 0.0171666 -0.0155503 0.00517875
 0.0101383 0.00700467 0.0166379 -0.0150694 0.00479783
 0.00955987 0.00653208 0.0163961 -0.0149508 0.00439295
 0.00903985 0.00612457 0.0155047 -0.0141576 0.00405473
 0.00874225 0.00594023 0.015328 -0.0140384 0.0040092
 0.00825495 0.00554237 0.0144698 -0.0133055 0.00363485
 0.0078911 0.00527515 0.0139031 -0.0128146 0.00345365
 0.00746453 0.00496882 0.0131704 -0.0121318 0.0032344
 0.0069944 0.00467478 0.0123782 -0.0113979 0.00308992
 0 0 0 0 0
 0 0 0 0 0
 0 0 0 0 0
 0 0 0 0 0
 0 0 0 0 0
 0 0 0 0 0
 0 0 0 0 0
 0 0 0 0 0
 0 0 0 0 0
 0 0 0 0 0
 0 0 0 0 0
 0 0 0 0 0
 0 0 0 0 0
 0 0 0 0 0
 0 0 0 0 0
 0 0 0 0 0
 0 0 0 0 0
 0 0 0 0 0
 0 0 0 0 0
 0 0 0 0 0
 0 0 0 0 0
 0 0 0 0 0
 0 0 0 0 0
 0 0 0 0 0
 0 0 0 0 0
 0 0 0 0 0
 0 0 0 0 0
 0 0 0 0 0
 0 0 0 0 0
 0 0 0 0 0
 0 0 0 0 0
 0 0 0 0 0
 0 0 0 0 0
 0 0 0 0 0
 0 0 0 0 0
 0 0 0 0 0
 0 0 0 0 0
 0 0 0 0 0
 0 0 0 0 0
 0 0 0 0 0
 0 0 0 0 0
 0 0 0 0 0
 0 0 0 0 0
 0 0 0 0 0
 0 0 0 0 0
 0 0 0 0 0
 0 0 0 0 0
 0 0 0 0 0
 0 0 0 0 0
 0 0 0 0 0
 0 0 0 0 0
 0 0 0 0 0
 0 0 0 0 0
 0 0 0 0 0
 0 0 0 0 0
 0 0 0 0 0
 0 0 0 0 0
 0 0 0 0 0
 0 0 0 0 0
 0 0 0 0 0
 0 0 0 0 0
 0 0 0 0 0
 0 0 0 0 0
 0 0 0 0 0
 0 0 0 0 0
 0 0 0 0 0
 0 0 0 0 0
 0 0 0 0 0
 0 0 0 0 0
 0 0 0 0 0
 0 0 0 0 0
 0 0 0 0 0
 0 0 0 0 0
 0 0 0 0 0
 0 0 0 0 0
 0 0 0 0 0
 0 0 0 0 0
 0 0 0 0 0
 0 0 0 0 0
 0 0 0 0 0
 8.66597 8.40843 0.0083996 0.00292587 8.16057
 2.62197 2.51465 0.00806572 0.00245131 2.41357
 1.24665 1.18218 0.0079348 0.00199151 1.12274
 0.71652 0.671918 0.00745168 0.00154866 0.631632
 0.456575 0.42357 0.007362 0.00111056 0.3944
 0.32543 0.298697 0.00749557 0.000697342 0.275477
 0.234987 0.213456 0.00718402 0.000282382 0.195067
 0.182891 0.164339 0.00725388 -0.000162529 0.148679
 0.142971 0.127175 0.00744492 -0.000664998 0.114075
 0.116022 0.102184 0.0073083 -0.00107386 0.090899
 0.0955998 0.0833157 0.00743733 -0.00156542 0.0734115
 0.0808838 0.0697985 0.00763763 -0.0020172 0.0609333
 0.0682022 0.0582958 0.00773825 -0.00250297 0.0505187
 0.0584775 0.0494532 0.00804355 -0.00306625 0.0424007
 0.0508187 0.0425495 0.0084593 -0.00376185 0.0361543
 0.0452435 0.0375135 0.00867735 -0.00424992 0.0316125
 0.0398555 0.032694 0.00912477 -0.0050636 0.0272418
 0.035199 0.0286048 0.00978188 -0.00590717 0.0236132
 0.032035 0.0257742 0.01056 -0.00684368 0.0210971
 0.0287995 0.0229417 0.0114319 -0.0078365 0.0185635
 0.0268338 0.0211568 0.0121164 -0.00879788 0.0169196
 0.0243471 0.0190017 0.0132069 -0.0100908 0.0150455
 0.0222564 0.0171942 0.0138102 -0.0108408 0.0134621
 0.0206054 0.0157806 0.0151545 -0.0123087 0.0122553
 0.0187961 0.0142367 0.0152995 -0.0126846 0.0109014
 0.0178183 0.013362 0.0162449 -0.0137141 0.0101051
 0.0165657 0.0123282 0.0169353 -0.0145379 0.00925865
 0.015317 0.0112725 0.0171506 -0.0149142 0.00835052
 0.0141635 0.0103398 0.0172019 -0.0150272 0.0075993
 0.013418 0.00970905 0.0174639 -0.0154505 0.00705118
 0.0127974 0.00916517 0.0174723 -0.0155482 0.00656035
 0.0119441 0.0084884 0.0170403 -0.0152486 0.0060341
 0.0112727 0.0079392 0.0169546 -0.0152967 0.00556997
 0.0104794 0.00730848 0.0168159 -0.0152408 0.0050559
 0.00994415 0.00691617 0.0160809 -0.0145798 0.0048017
 0.00962128 0.0066145 0.0160756 -0.0146736 0.00450268
 0.00912773 0.00624685 0.0156143 -0.0142815 0.00424155
 0.00864982 0.0058827 0.0148958 -0.0136413 0.0039578
 0.00800217 0.0053784 0.0139935 -0.0128529 0.00353563
 0.00754853 0.00504422 0.0132498 -0.0121841 0.00329048
 0.007247 0.004874 0.0127046 -0.0117288 0.00323667
 0 0 0 0 0
 0 0 0 0 0
 0 0 0 0 0
 0 0 0 0 0
 0 0 0 0 0
 0 0 0 0 0
 0 0 0 0 0
 0 0 0 0 0
 0 0 0 0 0
 0 0 0 0 0
 0 0 0 0 0
 0 0 0 0 0
 0 0 0 0 0
 0 0 0 0 0
 0 0 0 0 0
 0 0 0 0 0
 0 0 0 0 0
 0 0 0 0 0
 0 0 0 0 0
 0 0 0 0 0
 0 0 0 0 0
 0 0 0 0 0
 0 0 0 0 0
 0 0 0 0 0
 0 0 0 0 0
 0 0 0 0 0
 0 0 0 0 0
 0 0 0 0 0
 0 0 0 0 0
 0 0 0 0 0
 0 0 0 0 0
 0 0 0 0 0
 0 0 0 0 0
 0 0 0 0 0
 0 0 0 0 0
 0 0 0 0 0
 0 0 0 0 0
 0 0 0 0 0
 0 0 0 0 0
 0 0 0 0 0
 0 0 0 0 0
 0 0 0 0 0
 0 0 0 0 0
 0 0 0 0 0
 0 0 0 0 0
 0 0 0 0 0
 0 0 0 0 0
 0 0 0 0 0
 0 0 0 0 0
 0 0 0 0 0
 0 0 0 0 0
 0 0 0 0 0
 0 0 0 0 0
 0 0 0 0 0
 0 0 0 0 0
 0 0 0 0 0
 0 0 0 0 0
 0 0 0 0 0
 0 0 0 0 0
 0 0 0 0 0
 0 0 0 0 0
 0 0 0 0 0
 0 0 0 0 0
 0 0 0 0 0
 0 0 0 0 0
 0 0 0 0 0
 0 0 0 0 0
 0 0 0 0 0
 0 0 0 0 0
 0 0 0 0 0
 0 0 0 0 0
 0 0 0 0 0
 0 0 0 0 0
 0 0 0 0 0
 0 0 0 0 0
 0 0 0 0 0
 0 0 0 0 0
 0 0 0 0 0
 0 0 0 0 0
 0 0 0 0 0
 0 0 0 0 0
 9.33388 9.06317 0.00824788 0.0031957 8.80237
 2.7596 2.64898 0.00789535 0.00272995 2.54463
 1.27008 1.20558 0.00757523 0.00213808 1.14607
 0.729753 0.685138 0.00744735 0.00180972 0.644768
 0.47248 0.438855 0.00726125 0.0013576 0.40904
 0.32754 0.301025 0.0070738 0.00093253 0.277968
 0.24058 0.218814 0.00713048 0.000437942 0.200208
 0.182157 0.164009 0.0069771 -2.16851e-05 0.148733
 0.141297 0.125939 0.00687435 -0.000445328 0.113224
 0.116101 0.102407 0.0070991 -0.00083062 0.091254
 0.0959493 0.083777 0.0071746 -0.00127083 0.0739318
 0.080294 0.0694103 0.00729555 -0.00176719 0.0606933
 0.0702458 0.0601263 0.00752775 -0.00222956 0.052125
 0.0587193 0.0497768 0.00769107 -0.00272607 0.0428105
 0.0507628 0.0425812 0.00781925 -0.00325975 0.0362123
 0.0449655 0.037385 0.00831195 -0.00389227 0.0315745
 0.0395547 0.032557 0.00868015 -0.0045836 0.0272465
 0.03513 0.0286168 0.00923542 -0.00534242 0.0236835
 0.0321728 0.0259418 0.0099573 -0.00625373 0.0212544
 0.0293067 0.0234006 0.0106039 -0.00712405 0.0189855
 0.0269865 0.0213552 0.0118084 -0.0084806 0.0171936
 0.0241153 0.0188535 0.012562 -0.00941868 0.0149239
 0.0226284 0.0175193 0.0134821 -0.0105712 0.0137259
 0.0204906 0.0157623 0.0143374 -0.0115597 0.0123195
 0.0186947 0.0142165 0.0145729 -0.0119683 0.0109529
 0.0177579 0.0133727 0.0159546 -0.0134025 0.0101807
 0.0160358 0.0119689 0.015745 -0.0134459 0.00904005
 0.0151751 0.0111906 0.0164685 -0.0142351 0.00828643
 0.0141255 0.0103387 0.0165064 -0.0144204 0.0076093
 0.0130377 0.00947617 0.0167931 -0.0148238 0.00693388
 0.0124394 0.00894962 0.0168442 -0.0149799 0.00645862
 0.0118185 0.00845033 0.0165927 -0.0148269 0.00607095
 0.0109679 0.00777388 0.0165814 -0.0149365 0.00553698
 0.0102844 0.0072259 0.0157709 -0.0142421 0.0050735
 0.0098701 0.00687797 0.0157568 -0.0142838 0.00477907
 0.00936243 0.00648692 0.0154227 -0.0140466 0.00447457
 0.00874285 0.00598557 0.0148197 -0.0135535 0.00404898
 0.00846935 0.00575457 0.0144799 -0.0133123 0.00384913
 0.00808315 0.0054891 0.0136958 -0.0125836 0.00369855
 0.00750952 0.0050589 0.013252 -0.0121931 0.00334935
 0 0 0 0 0
 0 0 0 0 0
 0 0 0 0 0
 0 0 0 0 0
 0 0 0 0 0
 0 0 0 0 0
 0 0 0 0 0
 0 0 0 0 0
 0 0 0 0 0
 0 0 0 0 0
 0 0 0 0 0
 0 0 0 0 0
 0 0 0 0 0
 0 0 0 0 0
 0 0 0 0 0
 0 0 0 0 0
 0 0 0 0 0
 0 0 0 0 0
 0 0 0 0 0
 0 0 0 0 0
 0 0 0 0 0
 0 0 0 0 0
 0 0 0 0 0
 0 0 0 0 0
 0 0 0 0 0
 0 0 0 0 0
 0 0 0 0 0
 0 0 0 0 0
 0 0 0 0 0
 0 0 0 0 0
 0 0 0 0 0
 0 0 0 0 0
 0 0 0 0 0
 0 0 0 0 0
 0 0 0 0 0
 0 0 0 0 0
 0 0 0 0 0
 0 0 0 0 0
 0 0 0 0 0
 0 0 0 0 0
 0 0 0 0 0
 0 0 0 0 0
 0 0 0 0 0
 0 0 0 0 0
 0 0 0 0 0
 0 0 0 0 0
 0 0 0 0 0
 0 0 0 0 0
 0 0 0 0 0
 0 0 0 0 0
 0 0 0 0 0
 0 0 0 0 0
 0 0 0 0 0
 0 0 0 0 0
 0 0 0 0 0
 0 0 0 0 0
 0 0 0 0 0
 0 0 0 0 0
 0 0 0 0 0
 0 0 0 0 0
 0 0 0 0 0
 0 0 0 0 0
 0 0 0 0 0
 0 0 0 0 0
 0 0 0 0 0
 0 0 0 0 0
 0 0 0 0 0
 0 0 0 0 0
 0 0 0 0 0
 0 0 0 0 0
 0 0 0 0 0
 0 0 0 0 0
 0 0 0 0 0
 0 0 0 0 0
 0 0 0 0 0
 0 0 0 0 0
 0 0 0 0 0
 0 0 0 0 0
 0 0 0 0 0
 0 0 0 0 0
 0 0 0 0 0
 0 0 0 0 0
 9.56743 9.29657 0.00792923 0.00325837 9.03555
 2.77435 2.6653 0.00763285 0.00282375 2.56237
 1.31506 1.24942 0.0073663 0.00246379 1.18872
 0.733563 0.689392 0.00712183 0.00195318 0.649387
 0.479285 0.445677 0.00715315 0.00154379 0.415807
 0.335062 0.308305 0.00706378 0.00103089 0.284925
 0.241142 0.219602 0.00682685 0.000665892 0.201089
 0.188699 0.170092 0.00689668 0.000203983 0.154356
 0.147766 0.131872 0.0068106 -0.000210464 0.118665
 0.119493 0.105571 0.00681787 -0.000615622 0.09413
 0.0963225 0.0842545 0.00673625 -0.00095817 0.0744667
 0.0808495 0.070019 0.00701228 -0.00154233 0.0613295
 0.0695968 0.0596813 0.00704202 -0.00192959 0.051835
 0.0598715 0.0508735 0.00729627 -0.0023602 0.0438257
 0.0513595 0.0432012 0.00740893 -0.00287827 0.036889
 0.045399 0.0377913 0.00788787 -0.00356875 0.0319098
 0.0393815 0.032474 0.0082798 -0.00424318 0.0271727
 0.0350385 0.028613 0.00834338 -0.00465643 0.0237636
 0.0319793 0.0258567 0.00911233 -0.00547372 0.0212475
 0.028687 0.0229791 0.0100559 -0.00663905 0.0187148
 0.0267395 0.0212173 0.0109504 -0.00771463 0.017116
 0.024198 0.0190007 0.0119966 -0.0089115 0.0151528
 0.0218842 0.0170125 0.0121618 -0.0093248 0.0134226
 0.0200861 0.0154653 0.0133382 -0.0105524 0.0120668
 0.0187766 0.0143216 0.0143353 -0.0117218 0.0110621
 0.017294 0.0130917 0.0150187 -0.0125606 0.0100561
 0.0157776 0.011797 0.0151721 -0.0128979 0.0088964
 0.0151533 0.0112637 0.0161476 -0.0139001 0.00847665
 0.014311 0.010537 0.0160537 -0.0139754 0.00783498
 0.0132142 0.00964867 0.0159461 -0.0140586 0.0071146
 0.0125677 0.00907985 0.0161649 -0.0142933 0.0065879
 0.0114436 0.00821055 0.0156742 -0.0140127 0.00593425
 0.0110394 0.00784242 0.0156099 -0.013989 0.00558002
 0.0103523 0.00730965 0.015887 -0.0143128 0.00516173
 0.00984355 0.00688258 0.0151443 -0.0136782 0.00480195
 0.009186 0.00637562 0.0153257 -0.0139932 0.0044081
 0.0087159 0.00601455 0.0145462 -0.013304 0.0041311
 0.00833005 0.0056948 0.014252 -0.0130602 0.00385218
 0.00768265 0.00522462 0.0129072 -0.0118516 0.00350373
 0 0 0 0 0
 0 0 0 0 0
 0 0 0 0 0
 0 0 0 0 0
 0 0 0 0 0
 0 0 0 0 0
 0 0 0 0 0
 0 0 0 0 0
 0 0 0 0 0
 0 0 0 0 0
 0 0 0 0 0
 0 0 0 0 0
 0 0 0 0 0
 0 0 0 0 0
 0 0 0 0 0
 0 0 0 0 0
 0 0 0 0 0
 0 0 0 0 0
 0 0 0 0 0
 0 0 0 0 0
 0 0 0 0 0
 0 0 0 0 0
 0 0 0 0 0
 0 0 0 0 0
 0 0 0 0 0
 0 0 0 0 0
 0 0 0 0 0
 0 0 0 0 0
 0 0 0 0 0
 0 0 0 0 0
 0 0 0 0 0
 0 0 0 0 0
 0 0 0 0 0
 0 0 0 0 0
 0 0 0 0 0
 0 0 0 0 0
 0 0 0 0 0
 0 0 0 0 0
 0 0 0 0 0
 0 0 0 0 0
 0 0 0 0 0
 0 0 0 0 0
 0 0 0 0 0
 0 0 0 0 0
 0 0 0 0 0
 0 0 0 0 0
 0 0 0 0 0
 0 0 0 0 0
 0 0 0 0 0
 0 0 0 0 0
 0 0 0 0 0
 0 0 0 0 0
 0 0 0 0 0
 0 0 0 0 0
 0 0 0 0 0
 0 0 0 0 0
 0 0 0 0 0
 0 0 0 0 0
 0 0 0 0 0
 0 0 0 0 0
 0 0 0 0 0
 0 0 0 0 0
 0 0 0 0 0
 0 0 0 0 0
 0 0 0 0 0
 0 0 0 0 0
 0 0 0 0 0
 0 0 0 0 0
 0 0 0 0 0
 0 0 0 0 0
 0 0 0 0 0
 0 0 0 0 0
 0 0 0 0 0
 0 0 0 0 0
 0 0 0 0 0
 0 0 0 0 0
 0 0 0 0 0
 0 0 0 0 0
 0 0 0 0 0
 0 0 0 0 0
 0 0 0 0 0
 0 0 0 0 0
 0 0 0 0 0
 10.1216 9.8417 0.00773505 0.0035394 9.5716
 2.83303 2.72385 0.0073498 0.0029254 2.62068
 1.34521 1.27925 0.00712552 0.0026503 1.21822
 0.76329 0.718095 0.00686547 0.00208674 0.677135
 0.473758 0.441045 0.00663987 0.00160061 0.412
 0.330577 0.3046 0.00657565 0.00122861 0.28198
 0.249471 0.227468 0.00642092 0.000880577 0.208534
 0.186579 0.168467 0.00651712 0.00038244 0.153171
 0.148443 0.132647 0.00633155 6.4731e-05 0.119473
 0.118745 0.105081 0.00637863 -0.000329872 0.0938787
 0.0984127 0.0862077 0.00640333 -0.000762585 0.0762618
 0.0815462 0.0707725 0.00657555 -0.00121826 0.0621325
 0.0677735 0.0582192 0.00666217 -0.00169189 0.0506195
 0.0587415 0.049988 0.00681405 -0.00211709 0.043098
 0.0511688 0.0431305 0.0070755 -0.00259547 0.0368805
 0.0446385 0.0372677 0.00737145 -0.00316217 0.031579
 0.0394108 0.0325777 0.00757538 -0.00365067 0.0273513
 0.0349938 0.0286562 0.00808873 -0.0043254 0.0238399
 0.0319758 0.0259377 0.00876112 -0.00516028 0.0213949
 0.0289618 0.0232431 0.00926455 -0.00589548 0.0189489
 0.0256047 0.0203766 0.00991662 -0.00677037 0.0165011
 0.0234257 0.0184524 0.010622 -0.00762855 0.0147865
 0.0217541 0.0169767 0.0121217 -0.0092985 0.0134457
 0.0198997 0.015386 0.0128225 -0.0101768 0.0120984
 0.0187281 0.0143223 0.0135725 -0.011044 0.0110829
 0.0172725 0.0131023 0.0140898 -0.0116426 0.0100665
 0.0158356 0.0119128 0.0145487 -0.0122906 0.0090804
 0.014774 0.0109846 0.0149209 -0.0127993 0.0082326
 0.0139336 0.0102882 0.0153187 -0.0132717 0.00766525
 0.0130675 0.00954868 0.015585 -0.0136579 0.00701587
 0.0120129 0.0087122 0.0149861 -0.0132379 0.00635952
 0.0114806 0.00826408 0.015448 -0.013765 0.00597632
 0.0107991 0.00768912 0.0156381 -0.0140583 0.00546868
 0.010233 0.00723105 0.0155679 -0.0140594 0.0050991
 0.00967582 0.00680433 0.0151395 -0.0137321 0.00479612
 0.00896107 0.00625462 0.0145492 -0.0132407 0.00435363
 0.00868335 0.00600035 0.0145613 -0.0132894 0.0041175
 0.0081477 0.00559735 0.0136371 -0.0124789 0.00381887
 0 0 0 0 0
 0 0 0 0 0
 0 0 0 0 0
 0 0 0 0 0
 0 0 0 0 0
 0 0 0 0 0
 0 0 0 0 0
 0 0 0 0 0
 0 0 0 0 0
 0 0 0 0 0
 0 0 0 0 0
 0 0 0 0 0
 0 0 0 0 0
 0 0 0 0 0
 0 0 0 0 0
 0 0 0 0 0
 0 0 0 0 0
 0 0 0 0 0
 0 0 0 0 0
 0 0 0 0 0
 0 0 0 0 0
 0 0 0 0 0
 0 0 0 0 0
 0 0 0 0 0
 0 0 0 0 0
 0 0 0 0 0
 0 0 0 0 0
 0 0 0 0 0
 0 0 0 0 0
 0 0 0 0 0
 0 0 0 0 0
 0 0 0 0 0
 0 0 0 0 0
 0 0 0 0 0
 0 0 0 0 0
 0 0 0 0 0
 0 0 0 0 0
 0 0 0 0 0
 0 0 0 0 0
 0 0 0 0 0
 0 0 0 0 0
 0 0 0 0 0
 0 0 0 0 0
 0 0 0 0 0
 0 0 0 0 0
 0 0 0 0 0
 0 0 0 0 0
 0 0 0 0 0
 0 0 0 0 0
 0 0 0 0 0
 0 0 0 0 0
 0 0 0 0 0
 0 0 0 0 0
 0 0 0 0 0
 0 0 0 0 0
 0 0 0 0 0
 0 0 0 0 0
 0 0 0 0 0
 0 0 0 0 0
 0 0 0 0 0
 0 0 0 0 0
 0 0 0 0 0
 0 0 0 0 0
 0 0 0 0 0
 0 0 0 0 0
 0 0 0 0 0
 0 0 0 0 0
 0 0 0 0 0
 0 0 0 0 0
 0 0 0 0 0
 0 0 0 0 0
 0 0 0 0 0
 0 0 0 0 0
 0 0 0 0 0
 0 0 0 0 0
 0 0 0 0 0
 0 0 0 0 0
 0 0 0 0 0
 0 0 0 0 0
 0 0 0 0 0
 0 0 0 0 0
 0 0 0 0 0
 0 0 0 0 0
 0 0 0 0 0
 10.6399 10.3526 0.00767985 0.00367152 10.0752
 3.01438 2.90045 0.0071123 0.00315505 2.7927
 1.36942 1.30345 0.00694178 0.0026718 1.24238
 0.780865 0.735347 0.0064896 0.0022902 0.69398
 0.505898 0.471467 0.0064337 0.00190353 0.440793
 0.34957 0.32245 0.00645343 0.00143597 0.298723
 0.25198 0.230104 0.0060961 0.00111673 0.211306
 0.190052 0.171789 0.00616248 0.000575555 0.156337
 0.149197 0.133554 0.00620932 0.000209487 0.120506
 0.119084 0.10554 0.00610755 -0.000157211 0.0943845
 0.099451 0.0872775 0.0059963 -0.000431372 0.077356
 0.082302 0.071544 0.00612757 -0.000935567 0.0629123
 0.0695893 0.059928 0.00651823 -0.00143675 0.052274
 0.0587885 0.0501403 0.00635543 -0.00168329 0.04335
 0.0511472 0.0431805 0.00675898 -0.00228313 0.0369642
 0.044176 0.0369427 0.00688977 -0.00278 0.0313777
 0.040446 0.0335148 0.00737645 -0.00342062 0.0282022
 0.0354048 0.029054 0.0078877 -0.00415665 0.0242076
 0.0322928 0.0262555 0.00828755 -0.00472235 0.0216869
 0.0283582 0.0228233 0.00866835 -0.00541092 0.0186716
 0.0262225 0.0208927 0.00968475 -0.00653425 0.0169129
 0.0232467 0.0183612 0.0099668 -0.00708677 0.0147352
 0.0215991 0.0168814 0.0110307 -0.0082734 0.0133747
 0.0198243 0.015338 0.0118405 -0.00923638 0.0120237
 0.0181768 0.013957 0.0121626 -0.00968782 0.0108722
 0.0166579 0.0126889 0.01302 -0.0106985 0.00981053
 0.0158114 0.0119218 0.0136526 -0.0114375 0.00910065
 0.014624 0.0109224 0.014146 -0.0120419 0.00824675
 0.0138819 0.0102948 0.015156 -0.0131336 0.00771365
 0.012852 0.00944 0.0149996 -0.0131022 0.00699002
 0.0119966 0.00872477 0.0150857 -0.0133409 0.00637945
 0.0112681 0.0081211 0.0147867 -0.0131512 0.0058712
 0.0107765 0.00773393 0.015233 -0.0136493 0.00559258
 0.0100513 0.00712638 0.0146333 -0.0131783 0.0050493
 0.0095141 0.00671073 0.0143543 -0.0129612 0.00474218
 0.0090561 0.00635418 0.014333 -0.0130601 0.00446755
 0.00841687 0.00585368 0.0135827 -0.012411 0.00406997
 0 0 0 0 0
 0 0 0 0 0
 0 0 0 0 0
 0 0 0 0 0
 0 0 0 0 0
 0 0 0 0 0
 0 0 0 0 0
 0 0 0 0 0
 0 0 0 0 0
 0 0 0 0 0
 0 0 0 0 0
 0 0 0 0 0
 0 0 0 0 0
 0 0 0 0 0
 0 0 0 0 0
 0 0 0 0 0
 0 0 0 0 0
 0 0 0 0 0
 0 0 0 0 0
 0 0 0 0 0
 0 0 0 0 0
 0 0 0 0 0
 0 0 0 0 0
 0 0 0 0 0
 0 0 0 0 0
 0 0 0 0 0
 0 0 0 0 0
 0 0 0 0 0
 0 0 0 0 0
 0 0 0 0 0
 0 0 0 0 0
 0 0 0 0 0
 0 0 0 0 0
 0 0 0 0 0
 0 0 0 0 0
 0 0 0 0 0
 0 0 0 0 0
 0 0 0 0 0
 0 0 0 0 0
 0 0 0 0 0
 0 0 0 0 0
 0 0 0 0 0
 0 0 0 0 0
 0 0 0 0 0
 0 0 0 0 0
 0 0 0 0 0
 0 0 0 0 0
 0 0 0 0 0
 0 0 0 0 0
 0 0 0 0 0
 0 0 0 0 0
 0 0 0 0 0
 0 0 0 0 0
 0 0 0 0 0
 0 0 0 0 0
 0 0 0 0 0
 0 0 0 0 0
 0 0 0 0 0
 0 0 0 0 0
 0 0 0 0 0
 0 0 0 0 0
 0 0 0 0 0
 0 0 0 0 0
 0 0 0 0 0
 0 0 0 0 0
 0 0 0 0 0
 0 0 0 0 0
 0 0 0 0 0
 0 0 0 0 0
 0 0 0 0 0
 0 0 0 0 0
 0 0 0 0 0
 0 0 0 0 0
 0 0 0 0 0
 0 0 0 0 0
 0 0 0 0 0
 0 0 0 0 0
 0 0 0 0 0
 0 0 0 0 0
 0 0 0 0 0
 0 0 0 0 0
 0 0 0 0 0
 0 0 0 0 0
 0 0 0 0 0
 0 0 0 0 0
 10.9336 10.6449 0.00742398 0.0037611 10.3658
 3.08253 2.96828 0.00715255 0.00323097 2.86013
 1.39973 1.33343 0.00670993 0.00274807 1.27199
 0.805273 0.75907 0.00640032 0.0024627 0.717085
 0.5052 0.47133 0.00640523 0.00197898 0.441062
 0.35107 0.324222 0.0061158 0.00155671 0.30073
 0.253988 0.232247 0.0060439 0.00116043 0.213534
 0.193124 0.174797 0.00592775 0.000793543 0.159233
 0.149682 0.134182 0.0058187 0.000376025 0.121291
 0.122621 0.108865 0.00582403 8.31808e-05 0.097529
 0.100383 0.0882497 0.00583043 -0.0003388 0.0783657
 0.082674 0.0720028 0.00589445 -0.000735415 0.0634045
 0.0680785 0.0587173 0.00611052 -0.00120989 0.0512642
 0.0606008 0.0517865 0.00618947 -0.00155741 0.0448502
 0.0513175 0.043436 0.00634327 -0.00197923 0.037295
 0.044085 0.036965 0.00646418 -0.00244963 0.0314792
 0.039867 0.0331007 0.00691487 -0.00303283 0.027909
 0.0354463 0.0291647 0.0074193 -0.00366288 0.0243703
 0.0310398 0.0252682 0.00745728 -0.00410768 0.020867
 0.027682 0.022347 0.00797713 -0.00478532 0.0183377
 0.0251165 0.0200648 0.0084771 -0.00554578 0.0162867
 0.0234025 0.0185328 0.00965838 -0.0067268 0.0149034
 0.0213554 0.0167727 0.0104315 -0.00768125 0.0133852
 0.019823 0.0154223 0.0111805 -0.00854433 0.0122061
 0.0181908 0.0140079 0.0117162 -0.00928407 0.0109408
 0.016588 0.0126302 0.0123136 -0.0100447 0.00972892
 0.0155074 0.0117436 0.0133086 -0.0112096 0.00901643
 0.0146029 0.0109392 0.0135058 -0.0114728 0.00828397
 0.0133188 0.00991028 0.0135085 -0.0115555 0.00747702
 0.0125485 0.00923662 0.0144225 -0.0125951 0.0068488
 0.0118676 0.0086554 0.0143727 -0.0126835 0.00635375
 0.0111616 0.00807495 0.0147093 -0.0131068 0.00586395
 0.0106318 0.00764045 0.0144133 -0.0129228 0.00551625
 0.00995005 0.00709845 0.0142849 -0.0128544 0.00509183
 0.00921955 0.00652125 0.0138209 -0.0124853 0.00461685
 0.00886263 0.00622857 0.0139816 -0.0127134 0.00438477
 0 0 0 0 0
 0 0 0 0 0
 0 0 0 0 0
 0 0 0 0 0
 0 0 0 0 0
 0 0 0 0 0
 0 0 0 0 0
 0 0 0 0 0
 0 0 0 0 0
 0 0 0 0 0
 0 0 0 0 0
 0 0 0 0 0
 0 0 0 0 0
 0 0 0 0 0
 0 0 0 0 0
 0 0 0 0 0
 0 0 0 0 0
 0 0 0 0 0
 0 0 0 0 0
 0 0 0 0 0
 0 0 0 0 0
 0 0 0 0 0
 0 0 0 0 0
 0 0 0 0 0
 0 0 0 0 0
 0 0 0 0 0
 0 0 0 0 0
 0 0 0 0 0
 0 0 0 0 0
 0 0 0 0 0
 0 0 0 0 0
 0 0 0 0 0
 0 0 0 0 0
 0 0 0 0 0
 0 0 0 0 0
 0 0 0 0 0
 0 0 0 0 0
 0 0 0 0 0
 0 0 0 0 0
 0 0 0 0 0
 0 0 0 0 0
 0 0 0 0 0
 0 0 0 0 0
 0 0 0 0 0
 0 0 0 0 0
 0 0 0 0 0
 0 0 0 0 0
 0 0 0 0 0
 0 0 0 0 0
 0 0 0 0 0
 0 0 0 0 0
 0 0 0 0 0
 0 0 0 0 0
 0 0 0 0 0
 0 0 0 0 0
 0 0 0 0 0
 0 0 0 0 0
 0 0 0 0 0
 0 0 0 0 0
 0 0 0 0 0
 0 0 0 0 0
 0 0 0 0 0
 0 0 0 0 0
 0 0 0 0 0
 0 0 0 0 0
 0 0 0 0 0
 0 0 0 0 0
 0 0 0 0 0
 0 0 0 0 0
 0 0 0 0 0
 0 0 0 0 0
 0 0 0 0 0
 0 0 0 0 0
 0 0 0 0 0
 0 0 0 0 0
 0 0 0 0 0
 0 0 0 0 0
 0 0 0 0 0
 0 0 0 0 0
 0 0 0 0 0
 0 0 0 0 0
 0 0 0 0 0
 0 0 0 0 0
 0 0 0 0 0
 0 0 0 0 0
 0 0 0 0 0
 11.2907 10.9995 0.0072333 0.00374837 10.718
 3.19017 3.07418 0.00686243 0.00339422 2.96427
 1.42622 1.35978 0.00631213 0.00294668 1.29803
 0.80023 0.754992 0.00614035 0.00251833 0.713747
 0.520825 0.486382 0.0061638 0.00213408 0.455635
 0.361873 0.334547 0.0058899 0.00171306 0.310565
 0.260437 0.238381 0.00573762 0.0013572 0.219357
 0.191596 0.173663 0.00551748 0.000981558 0.158443
 0.15256 0.136917 0.00556615 0.000607935 0.123768
 0.121041 0.107615 0.0055989 0.000189422 0.096528
 0.0976083 0.0859392 0.00559395 -0.000249919 0.0764357
 0.0827103 0.0721432 0.00569987 -0.00057337 0.0636127
 0.0711785 0.061493 0.00584152 -0.00100502 0.0537528
 0.0596355 0.0510243 0.00586305 -0.00134115 0.0442042
 0.0511957 0.0434155 0.0060547 -0.00178248 0.0373307
 0.0452655 0.0380205 0.00623093 -0.00222098 0.032404
 0.0389965 0.0324437 0.00632508 -0.00265448 0.0274055
 0.03532 0.0291317 0.0068795 -0.00324638 0.0244295
 0.031835 0.0260135 0.00709258 -0.00375195 0.021614
 0.0283163 0.0229189 0.00749515 -0.00432735 0.0188582
 0.0255427 0.0204834 0.00802493 -0.00510282 0.0167068
 0.0232051 0.0184263 0.008879 -0.00604193 0.0148575
 0.0208096 0.0163878 0.00949865 -0.00679305 0.0131246
 0.0192412 0.0150096 0.0100582 -0.0075958 0.0119025
 0.0178484 0.01379 0.0111339 -0.00876102 0.01083
 0.0167878 0.0128619 0.0122305 -0.00997995 0.0100159
 0.0154081 0.0116994 0.0124009 -0.0102774 0.00901153
 0.014712 0.0110466 0.0133579 -0.0112897 0.00837237
 0.0133562 0.00994072 0.0133628 -0.0114739 0.0074679
 0.0125983 0.0093057 0.0137685 -0.0119473 0.00692662
 0.0118352 0.00867188 0.0138509 -0.0121332 0.00640418
 0.0108755 0.00790435 0.0135535 -0.0119918 0.00578762
 0.0103579 0.00747888 0.014042 -0.0125226 0.0054409
 0.00978815 0.0069875 0.0138883 -0.0124634 0.00498777
 0.00908743 0.00644473 0.0136185 -0.0122958 0.00456942
 0 0 0 0 0
 0 0 0 0 0
 0 0 0 0 0
 0 0 0 0 0
 0 0 0 0 0
 0 0 0 0 0
 0 0 0 0 0
 0 0 0 0 0
 0 0 0 0 0
 0 0 0 0 0
 0 0 0 0 0
 0 0 0 0 0
 0 0 0 0 0
 0 0 0 0 0
 0 0 0 0 0
 0 0 0 0 0
 0 0 0 0 0
 0 0 0 0 0
 0 0 0 0 0
 0 0 0 0 0
 0 0 0 0 0
 0 0 0 0 0
 0 0 0 0 0
 0 0 0 0 0
 0 0 0 0 0
 0 0 0 0 0
 0 0 0 0 0
 0 0 0 0 0
 0 0 0 0 0
 0 0 0 0 0
 0 0 0 0 0
 0 0 0 0 0
 0 0 0 0 0
 0 0 0 0 0
 0 0 0 0 0
 0 0 0 0 0
 0 0 0 0 0
 0 0 0 0 0
 0 0 0 0 0
 0 0 0 0 0
 0 0 0 0 0
 0 0 0 0 0
 0 0 0 0 0
 0 0 0 0 0
 0 0 0 0 0
 0 0 0 0 0
 0 0 0 0 0
 0 0 0 0 0
 0 0 0 0 0
 0 0 0 0 0
 0 0 0 0 0
 0 0 0 0 0
 0 0 0 0 0
 0 0 0 0 0
 0 0 0 0 0
 0 0 0 0 0
 0 0 0 0 0
 0 0 0 0 0
 0 0 0 0 0
 0 0 0 0 0
 0 0 0 0 0
 0 0 0 0 0
 0 0 0 0 0
 0 0 0 0 0
 0 0 0 0 0
 0 0 0 0 0
 0 0 0 0 0
 0 0 0 0 0
 0 0 0 0 0
 0 0 0 0 0
 0 0 0 0 0
 0 0 0 0 0
 0 0 0 0 0
 0 0 0 0 0
 0 0 0 0 0
 0 0 0 0 0
 0 0 0 0 0
 0 0 0 0 0
 0 0 0 0 0
 0 0 0 0 0
 0 0 0 0 0
 0 0 0 0 0
 0 0 0 0 0
 0 0 0 0 0
 0 0 0 0 0
 0 0 0 0 0
 0 0 0 0 0
 11.883 11.5834 0.0069486 0.00391925 11.2933
 3.26597 3.14938 0.00652025 0.00350753 3.03872
 1.48549 1.41744 0.0063852 0.00305815 1.3542
 0.80828 0.763307 0.00587228 0.00263918 0.722248
 0.523417 0.489307 0.00567637 0.00224174 0.458772
 0.366537 0.339243 0.00564292 0.00190974 0.315242
 0.25875 0.237125 0.00572642 0.00144385 0.218429
 0.197778 0.179504 0.0054771 0.00106328 0.163968
 0.153573 0.138017 0.00547083 0.000643605 0.124939
 0.121326 0.108006 0.00540238 0.000293345 0.0969735
 0.101545 0.0895483 0.00555048 -7.28678e-05 0.079737
 0.0823988 0.0719693 0.00541805 -0.000377465 0.0635267
 0.070614 0.061141 0.00562397 -0.000755122 0.053574
 0.060312 0.0517143 0.00557722 -0.00110948 0.04489
 0.052551 0.0446513 0.00575147 -0.00150406 0.038471
 0.0438493 0.036915 0.00583445 -0.00188931 0.0315628
 0.0399323 0.033305 0.00616027 -0.00242079 0.0282175
 0.0351678 0.0290408 0.00636733 -0.00291515 0.0243426
 0.0317373 0.0259907 0.0068545 -0.0034901 0.0216293
 0.0280437 0.0227575 0.00706148 -0.00397727 0.0187718
 0.0259053 0.0208305 0.00802075 -0.00499583 0.0170298
 0.0230373 0.018323 0.00818992 -0.00542478 0.0147966
 0.02102 0.0165743 0.00888992 -0.0063059 0.0132719
 0.0196541 0.0153617 0.00980235 -0.00727438 0.0121951
 0.0177368 0.0137422 0.0103386 -0.00804265 0.0108038
 0.0163211 0.01253 0.0110048 -0.00882918 0.0097659
 0.0153871 0.0116891 0.0115219 -0.00941418 0.00896595
 0.014325 0.0107989 0.0123632 -0.0103853 0.00822903
 0.0133312 0.0099467 0.0130048 -0.0111313 0.0074841
 0.0121132 0.00898345 0.0131162 -0.0113948 0.00672882
 0.0113651 0.00836427 0.0127865 -0.011166 0.00621833
 0.0109513 0.0080085 0.0133134 -0.0117706 0.00593022
 0.0102516 0.0074091 0.013515 -0.012075 0.00537565
 0.0096339 0.00691505 0.013476 -0.0121067 0.00498455
 0 0 0 0 0
 0 0 0 0 0
 0 0 0 0 0
 0 0 0 0 0
 0 0 0 0 0
 0 0 0 0 0
 0 0 0 0 0
 0 0 0 0 0
 0 0 0 0 0
 0 0 0 0 0
 0 0 0 0 0
 0 0 0 0 0
 0 0 0 0 0
 0 0 0 0 0
 0 0 0 0 0
 0 0 0 0 0
 0 0 0 0 0
 0 0 0 0 0
 0 0 0 0 0
 0 0 0 0 0
 0 0 0 0 0
 0 0 0 0 0
 0 0 0 0 0
 0 0 0 0 0
 0 0 0 0 0
 0 0 0 0 0
 0 0 0 0 0
 0 0 0 0 0
 0 0 0 0 0
 0 0 0 0 0
 0 0 0 0 0
 0 0 0 0 0
 0 0 0 0 0
 0 0 0 0 0
 0 0 0 0 0
 0 0 0 0 0
 0 0 0 0 0
 0 0 0 0 0
 0 0 0 0 0
 0 0 0 0 0
 0 0 0 0 0
 0 0 0 0 0
 0 0 0 0 0
 0 0 0 0 0
 0 0 0 0 0
 0 0 0 0 0
 0 0 0 0 0
 0 0 0 0 0
 0 0 0 0 0
 0 0 0 0 0
 0 0 0 0 0
 0 0 0 0 0
 0 0 0 0 0
 0 0 0 0 0
 0 0 0 0 0
 0 0 0 0 0
 0 0 0 0 0
 0 0 0 0 0
 0 0 0 0 0
 0 0 0 0 0
 0 0 0 0 0
 0 0 0 0 0
 0 0 0 0 0
 0 0 0 0 0
 0 0 0 0 0
 0 0 0 0 0
 0 0 0 0 0
 0 0 0 0 0
 0 0 0 0 0
 0 0 0 0 0
 0 0 0 0 0
 0 0 0 0 0
 0 0 0 0 0
 0 0 0 0 0
 0 0 0 0 0
 0 0 0 0 0
 0 0 0 0 0
 0 0 0 0 0
 0 0 0 0 0
 0 0 0 0 0
 0 0 0 0 0
 0 0 0 0 0
 0 0 0 0 0
 0 0 0 0 0
 0 0 0 0 0
 0 0 0 0 0
 0 0 0 0 0
 0 0 0 0 0
 12.7047 12.3915 0.0067363 0.00412263 12.088
 3.404 3.2848 0.00666353 0.00361908 3.1716
 1.54543 1.47574 0.00604317 0.00322805 1.41079
 0.855868 0.80895 0.00591095 0.00272525 0.766098
 0.517043 0.483837 0.0058235 0.00222955 0.45414
 0.369862 0.342678 0.00542228 0.00201073 0.318725
 0.266248 0.244289 0.00547087 0.00150464 0.225254
 0.201874 0.183393 0.00519012 0.0012177 0.167588
 0.154675 0.139222 0.00524277 0.000884703 0.126204
 0.122085 0.108844 0.00511468 0.00043946 0.0978655
 0.101352 0.0895245 0.00509803 0.000154376 0.0798177
 0.0846327 0.0740505 0.00525437 -0.00026544 0.0654452
 0.0706 0.0612172 0.00539265 -0.000616037 0.0537
 0.0602558 0.051766 0.00527755 -0.000961483 0.04506
 0.0522955 0.0444972 0.00547532 -0.00133088 0.038379
 0.0461263 0.0389087 0.00575465 -0.00176859 0.0332845
 0.040203 0.0335878 0.00595138 -0.00221929 0.0284458
 0.034486 0.0285543 0.00598165 -0.00259963 0.024009
 0.0305008 0.0250338 0.00639753 -0.00313873 0.0208804
 0.0278198 0.0226158 0.00665868 -0.00363048 0.0186954
 0.0250875 0.0202154 0.0072987 -0.00434363 0.0165585
 0.0232049 0.0185265 0.0079626 -0.00519375 0.0150272
 0.0210046 0.0166196 0.0085202 -0.00591275 0.0133598
 0.0192716 0.015124 0.0092002 -0.0067667 0.0120782
 0.0176371 0.0137131 0.0100221 -0.00771278 0.0108337
 0.016376 0.0126095 0.0104677 -0.00830338 0.00985138
 0.015106 0.0115166 0.0113029 -0.00925322 0.00888475
 0.0140991 0.0106683 0.0116557 -0.00970785 0.00818368
 0.0130048 0.00974555 0.0121927 -0.0104344 0.00737995
 0.0122954 0.0091353 0.0124392 -0.0107458 0.00684763
 0.0115068 0.00849363 0.0127452 -0.0111406 0.00633593
 0.0107047 0.00782835 0.0125645 -0.0110633 0.00577875
 0.0102405 0.00742952 0.0132056 -0.0117912 0.0054265
 0 0 0 0 0
 0 0 0 0 0
 0 0 0 0 0
 0 0 0 0 0
 0 0 0 0 0
 0 0 0 0 0
 0 0 0 0 0
 0 0 0 0 0
 0 0 0 0 0
 0 0 0 0 0
 0 0 0 0 0
 0 0 0 0 0
 0 0 0 0 0
 0 0 0 0 0
 0 0 0 0 0
 0 0 0 0 0
 0 0 0 0 0
 0 0 0 0 0
 0 0 0 0 0
 0 0 0 0 0
 0 0 0 0 0
 0 0 0 0 0
 0 0 0 0 0
 0 0 0 0 0
 0 0 0 0 0
 0 0 0 0 0
 0 0 0 0 0
 0 0 0 0 0
 0 0 0 0 0
 0 0 0 0 0
 0 0 0 0 0
 0 0 0 0 0
 0 0 0 0 0
 0 0 0 0 0
 0 0 0 0 0
 0 0 0 0 0
 0 0 0 0 0
 0 0 0 0 0
 0 0 0 0 0
 0 0 0 0 0
 0 0 0 0 0
 0 0 0 0 0
 0 0 0 0 0
 0 0 0 0 0
 0 0 0 0 0
 0 0 0 0 0
 0 0 0 0 0
 0 0 0 0 0
 0 0 0 0 0
 0 0 0 0 0
 0 0 0 0 0
 0 0 0 0 0
 0 0 0 0 0
 0 0 0 0 0
 0 0 0 0 0
 0 0 0 0 0
 0 0 0 0 0
 0 0 0 0 0
 0 0 0 0 0
 0 0 0 0 0
 0 0 0 0 0
 0 0 0 0 0
 0 0 0 0 0
 0 0 0 0 0
 0 0 0 0 0
 0 0 0 0 0
 0 0 0 0 0
 0 0 0 0 0
 0 0 0 0 0
 0 0 0 0 0
 0 0 0 0 0
 0 0 0 0 0
 0 0 0 0 0
 0 0 0 0 0
 0 0 0 0 0
 0 0 0 0 0
 0 0 0 0 0
 0 0 0 0 0
 0 0 0 0 0
 0 0 0 0 0
 0 0 0 0 0
 0 0 0 0 0
 0 0 0 0 0
 0 0 0 0 0
 0 0 0 0 0
 0 0 0 0 0
 0 0 0 0 0
 0 0 0 0 0
 0 0 0 0 0
 13.1558 12.8386 0.00670297 0.00426267 12.5311
 3.5241 3.40292 0.00634807 0.00369922 3.28772
 1.5447 1.4762 0.006077 0.00318978 1.41239
 0.847855 0.802083 0.00568507 0.00270827 0.760258
 0.530527 0.496943 0.0055373 0.00233419 0.466882
 0.375713 0.348448 0.00532013 0.00209942 0.32436
 0.267807 0.246 0.00530245 0.00168111 0.227066
 0.206925 0.188253 0.00519947 0.0013445 0.172297
 0.15754 0.141949 0.0051643 0.000932637 0.128782
 0.122911 0.109721 0.00503425 0.000592585 0.0987588
 0.100963 0.089287 0.00496445 0.000212564 0.0797095
 0.0857327 0.075164 0.0050194 -0.000100263 0.0666355
 0.0706163 0.0613417 0.0049476 -0.000346003 0.053918
 0.0602765 0.051858 0.0051957 -0.000819675 0.04515
 0.0511657 0.0436225 0.00502038 -0.00105966 0.037693
 0.0448257 0.0378993 0.00550978 -0.00162941 0.0325275
 0.039684 0.033232 0.00551045 -0.0019693 0.0282433
 0.0348607 0.0289282 0.00570235 -0.00233438 0.0243769
 0.0315717 0.025965 0.0059931 -0.00279065 0.021697
 0.0274808 0.0223898 0.00625667 -0.00330395 0.0185402
 0.0256137 0.020686 0.00678217 -0.00392877 0.0169876
 0.0226093 0.0180987 0.00731795 -0.00460185 0.014732
 0.0207041 0.0164182 0.00799518 -0.00545943 0.0132252
 0.0190454 0.0149717 0.00845148 -0.0060267 0.0119557
 0.017516 0.0136478 0.0094358 -0.00717305 0.0108059
 0.0161269 0.0124505 0.0097628 -0.00764498 0.00974765
 0.0149154 0.0114159 0.0103613 -0.00838033 0.0088661
 0.0139797 0.0105968 0.0115075 -0.00957243 0.00812202
 0.0131317 0.00986425 0.0116558 -0.00985582 0.00748345
 0.0118617 0.00884555 0.0117175 -0.0101058 0.00666705
 0.0115239 0.0085403 0.0122348 -0.0106256 0.0063995
 0.0107267 0.00785715 0.0125483 -0.0110664 0.00577972
 0 0 0 0 0
 0 0 0 0 0
 0 0 0 0 0
 0 0 0 0 0
 0 0 0 0 0
 0 0 0 0 0
 0 0 0 0 0
 0 0 0 0 0
 0 0 0 0 0
 0 0 0 0 0
 0 0 0 0 0
 0 0 0 0 0
 0 0 0 0 0
 0 0 0 0 0
 0 0 0 0 0
 0 0 0 0 0
 0 0 0 0 0
 0 0 0 0 0
 0 0 0 0 0
 0 0 0 0 0
 0 0 0 0 0
 0 0 0 0 0
 0 0 0 0 0
 0 0 0 0 0
 0 0 0 0 0
 0 0 0 0 0
 0 0 0 0 0
 0 0 0 0 0
 0 0 0 0 0
 0 0 0 0 0
 0 0 0 0 0
 0 0 0 0 0
 0 0 0 0 0
 0 0 0 0 0
 0 0 0 0 0
 0 0 0 0 0
 0 0 0 0 0
 0 0 0 0 0
 0 0 0 0 0
 0 0 0 0 0
 0 0 0 0 0
 0 0 0 0 0
 0 0 0 0 0
 0 0 0 0 0
 0 0 0 0 0
 0 0 0 0 0
 0 0 0 0 0
 0 0 0 0 0
 0 0 0 0 0
 0 0 0 0 0
 0 0 0 0 0
 0 0 0 0 0
 0 0 0 0 0
 0 0 0 0 0
 0 0 0 0 0
 0 0 0 0 0
 0 0 0 0 0
 0 0 0 0 0
 0 0 0 0 0
 0 0 0 0 0
 0 0 0 0 0
 0 0 0 0 0
 0 0 0 0 0
 0 0 0 0 0
 0 0 0 0 0
 0 0 0 0 0
 0 0 0 0 0
 0 0 0 0 0
 0 0 0 0 0
 0 0 0 0 0
 0 0 0 0 0
 0 0 0 0 0
 0 0 0 0 0
 0 0 0 0 0
 0 0 0 0 0
 0 0 0 0 0
 0 0 0 0 0
 0 0 0 0 0
 0 0 0 0 0
 0 0 0 0 0
 0 0 0 0 0
 0 0 0 0 0
 0 0 0 0 0
 0 0 0 0 0
 0 0 0 0 0
 0 0 0 0 0
 0 0 0 0 0
 0 0 0 0 0
 0 0 0 0 0
 0 0 0 0 0
 13.4545 13.1372 0.00666698 0.0042201 12.8293
 3.54675 3.42698 0.00629485 0.0037242 3.31302
 1.56126 1.49311 0.00585845 0.00332585 1.42951
 0.891523 0.844077 0.00564725 0.00292433 0.800637
 0.55129 0.51682 0.00542868 0.00248405 0.485873
 0.382918 0.35549 0.00533065 0.00221369 0.331223
 0.27467 0.252548 0.00508695 0.00173706 0.233304
 0.200794 0.182901 0.00503118 0.00134856 0.167614
 0.15512 0.139985 0.00485673 0.00104262 0.127225
 0.125137 0.111873 0.00490753 0.000662422 0.100847
 0.101821 0.0901915 0.00478413 0.000335455 0.0806295
 0.0833217 0.0731258 0.00473315 5.56805e-05 0.0648297
 0.0706175 0.0614245 0.00491108 -0.00029863 0.0540383
 0.0613342 0.0528595 0.0048098 -0.000602167 0.0461247
 0.0508735 0.0434662 0.0049882 -0.00100569 0.0376588
 0.0448945 0.0380085 0.00515203 -0.00136496 0.0326363
 0.0396962 0.0333065 0.00529153 -0.00169757 0.0283505
 0.034877 0.0290177 0.00544892 -0.00214368 0.0245358
 0.0319217 0.0263225 0.00585243 -0.0026339 0.0220599
 0.0281338 0.0229862 0.0060638 -0.00301565 0.0190916
 0.0248013 0.0200918 0.00646143 -0.00363462 0.016571
 0.0228214 0.0183235 0.0070189 -0.00437472 0.0149745
 0.0210313 0.0167233 0.00752825 -0.00500282 0.0135064
 0.0187703 0.0147945 0.00809165 -0.00579915 0.0118508
 0.0175264 0.0137065 0.00903117 -0.00678597 0.0109062
 0.0160123 0.0124065 0.00935677 -0.00724215 0.0097719
 0.0152727 0.0117488 0.0103317 -0.0083389 0.0091945
 0.0139178 0.0105934 0.0105541 -0.00866182 0.00817322
 0.0128356 0.0096865 0.011132 -0.0093975 0.00740507
 0.0116705 0.0087516 0.0110955 -0.00948462 0.00665828
 0.011038 0.00819172 0.0115697 -0.0100315 0.00614563
 0 0 0 0 0
 0 0 0 0 0
 0 0 0 0 0
 0 0 0 0 0
 0 0 0 0 0
 0 0 0 0 0
 0 0 0 0 0
 0 0 0 0 0
 0 0 0 0 0
 0 0 0 0 0
 0 0 0 0 0
 0 0 0 0 0
 0 0 0 0 0
 0 0 0 0 0
 0 0 0 0 0
 0 0 0 0 0
 0 0 0 0 0
 0 0 0 0 0
 0 0 0 0 0
 0 0 0 0 0
 0 0 0 0 0
 0 0 0 0 0
 0 0 0 0 0
 0 0 0 0 0
 0 0 0 0 0
 0 0 0 0 0
 0 0 0 0 0
 0 0 0 0 0
 0 0 0 0 0
 0 0 0 0 0
 0 0 0 0 0
 0 0 0 0 0
 0 0 0 0 0
 0 0 0 0 0
 0 0 0 0 0
 0 0 0 0 0
 0 0 0 0 0
 0 0 0 0 0
 0 0 0 0 0
 0 0 0 0 0
 0 0 0 0 0
 0 0 0 0 0
 0 0 0 0 0
 0 0 0 0 0
 0 0 0 0 0
 0 0 0 0 0
 0 0 0 0 0
 0 0 0 0 0
 0 0 0 0 0
 0 0 0 0 0
 0 0 0 0 0
 0 0 0 0 0
 0 0 0 0 0
 0 0 0 0 0
 0 0 0 0 0
 0 0 0 0 0
 0 0 0 0 0
 0 0 0 0 0
 0 0 0 0 0
 0 0 0 0 0
 0 0 0 0 0
 0 0 0 0 0
 0 0 0 0 0
 0 0 0 0 0
 0 0 0 0 0
 0 0 0 0 0
 0 0 0 0 0
 0 0 0 0 0
 0 0 0 0 0
 0 0 0 0 0
 0 0 0 0 0
 0 0 0 0 0
 0 0 0 0 0
 0 0 0 0 0
 0 0 0 0 0
 0 0 0 0 0
 0 0 0 0 0
 0 0 0 0 0
 0 0 0 0 0
 0 0 0 0 0
 0 0 0 0 0
 0 0 0 0 0
 0 0 0 0 0
 0 0 0 0 0
 0 0 0 0 0
 0 0 0 0 0
 0 0 0 0 0
 0 0 0 0 0
 0 0 0 0 0
 0 0 0 0 0
 0 0 0 0 0
 13.9267 13.6053 0.00661845 0.00415445 13.2933
 3.62562 3.50538 0.0061814 0.0036883 3.39088
 1.63728 1.56696 0.0059408 0.0033363 1.50126
 0.884283 0.837923 0.0056067 0.0028883 0.795423
 0.56936 0.53423 0.00533192 0.00255417 0.502607
 0.380148 0.353248 0.005039 0.0021667 0.329407
 0.273703 0.251957 0.00491795 0.00181056 0.233044
 0.208257 0.189895 0.0048203 0.00150211 0.174136
 0.161304 0.145711 0.00479405 0.00114685 0.132475
 0.127444 0.1141 0.00462093 0.00079199 0.102984
 0.10419 0.0924267 0.0045329 0.00055811 0.0827642
 0.087515 0.0769225 0.00465428 0.000209802 0.068284
 0.0709175 0.0617682 0.00466295 -0.000162649 0.0543848
 0.0598125 0.0516477 0.00473838 -0.00051484 0.04513
 0.0508358 0.0435063 0.00478813 -0.000851995 0.0377428
 0.0446408 0.0378785 0.00486473 -0.00115467 0.0326155
 0.0397045 0.0334053 0.00490362 -0.00144245 0.0285425
 0.034614 0.0288322 0.00512658 -0.00187085 0.0243715
 0.0312197 0.0257835 0.00546435 -0.00237535 0.0216145
 0.0274092 0.0224527 0.00565705 -0.00276048 0.0187086
 0.0246191 0.0199882 0.00599155 -0.00326865 0.0165118
 0.0224844 0.0180748 0.00642218 -0.00382002 0.0147513
 0.0205297 0.0163736 0.00705647 -0.00457487 0.0132765
 0.0183591 0.0145134 0.0075174 -0.00523492 0.011664
 0.0171913 0.0134664 0.00842565 -0.00624073 0.010711
 0.0157494 0.0122249 0.00897678 -0.00698088 0.0096227
 0.0146483 0.011284 0.00956945 -0.0076189 0.008829
 0.0137396 0.0104863 0.0101632 -0.00832057 0.0081148
 0.0125214 0.00948175 0.0100918 -0.00840805 0.0072868
 0.0118438 0.00888237 0.0109347 -0.00931073 0.00672885
 0 0 0 0 0
 0 0 0 0 0
 0 0 0 0 0
 0 0 0 0 0
 0 0 0 0 0
 0 0 0 0 0
 0 0 0 0 0
 0 0 0 0 0
 0 0 0 0 0
 0 0 0 0 0
 0 0 0 0 0
 0 0 0 0 0
 0 0 0 0 0
 0 0 0 0 0
 0 0 0 0 0
 0 0 0 0 0
 0 0 0 0 0
 0 0 0 0 0
 0 0 0 0 0
 0 0 0 0 0
 0 0 0 0 0
 0 0 0 0 0
 0 0 0 0 0
 0 0 0 0 0
 0 0 0 0 0
 0 0 0 0 0
 0 0 0 0 0
 0 0 0 0 0
 0 0 0 0 0
 0 0 0 0 0
 0 0 0 0 0
 0 0 0 0 0
 0 0 0 0 0
 0 0 0 0 0
 0 0 0 0 0
 0 0 0 0 0
 0 0 0 0 0
 0 0 0 0 0
 0 0 0 0 0
 0 0 0 0 0
 0 0 0 0 0
 0 0 0 0 0
 0 0 0 0 0
 0 0 0 0 0
 0 0 0 0 0
 0 0 0 0 0
 0 0 0 0 0
 0 0 0 0 0
 0 0 0 0 0
 0 0 0 0 0
 0 0 0 0 0
 0 0 0 0 0
 0 0 0 0 0
 0 0 0 0 0
 0 0 0 0 0
 0 0 0 0 0
 0 0 0 0 0
 0 0 0 0 0
 0 0 0 0 0
 0 0 0 0 0
 0 0 0 0 0
 0 0 0 0 0
 0 0 0 0 0
 0 0 0 0 0
 0 0 0 0 0
 0 0 0 0 0
 0 0 0 0 0
 0 0 0 0 0
 0 0 0 0 0
 0 0 0 0 0
 0 0 0 0 0
 0 0 0 0 0
 0 0 0 0 0
 0 0 0 0 0
 0 0 0 0 0
 0 0 0 0 0
 0 0 0 0 0
 0 0 0 0 0
 0 0 0 0 0
 0 0 0 0 0
 0 0 0 0 0
 0 0 0 0 0
 0 0 0 0 0
 0 0 0 0 0
 0 0 0 0 0
 0 0 0 0 0
 0 0 0 0 0
 0 0 0 0 0
 0 0 0 0 0
 0 0 0 0 0
 0 0 0 0 0
 0 0 0 0 0
 14.7747 14.441 0.00655692 0.00423017 14.1168
 3.79915 3.67533 0.00599812 0.00384207 3.5573
 1.65516 1.58521 0.00571773 0.00339822 1.51982
 0.90689 0.860015 0.00548767 0.0029107 0.817
 0.55884 0.524863 0.00519942 0.00252785 0.49424
 0.386713 0.359733 0.00485805 0.0022452 0.33578
 0.284995 0.262607 0.00473415 0.0019559 0.24303
 0.20952 0.191269 0.0046426 0.00154933 0.175583
 0.162575 0.147074 0.00464155 0.00123818 0.133932
 0.127489 0.11426 0.0045701 0.000851185 0.103181
 0.103558 0.0920035 0.0044761 0.00062249 0.082493
 0.0851595 0.0749468 0.0044909 0.000218864 0.066593
 0.0723203 0.0631068 0.004553 -7.6444e-05 0.0556498
 0.0588325 0.0508787 0.00453572 -0.000421082 0.0445382
 0.0523948 0.0449045 0.00461767 -0.00073093 0.038981
 0.0453498 0.0385427 0.00476062 -0.00101088 0.03322
 0.0390902 0.0329278 0.00480575 -0.00135076 0.0281563
 0.0342715 0.028609 0.00482025 -0.00161209 0.0242381
 0.0297445 0.0246004 0.0051573 -0.00215308 0.0206502
 0.0273265 0.0224282 0.00527595 -0.00246768 0.0187112
 0.0244118 0.0198406 0.0055895 -0.00292435 0.0163711
 0.0226479 0.0182565 0.00606798 -0.00351298 0.0149524
 0.0204014 0.0163037 0.0064899 -0.00409058 0.0132392
 0.0184514 0.01463 0.00710808 -0.00486425 0.0118039
 0.0172317 0.0135113 0.00784872 -0.00569485 0.0107367
 0.0154953 0.0120774 0.00824608 -0.00624162 0.00956645
 0.0143562 0.0110887 0.00877613 -0.0069237 0.00870157
 0.0134171 0.010279 0.00944975 -0.00769313 0.00799563
 0.0127662 0.00971325 0.0103693 -0.0086487 0.0075077
 0 0 0 0 0
 0 0 0 0 0
 0 0 0 0 0
 0 0 0 0 0
 0 0 0 0 0
 0 0 0 0 0
 0 0 0 0 0
 0 0 0 0 0
 0 0 0 0 0
 0 0 0 0 0
 0 0 0 0 0
 0 0 0 0 0
 0 0 0 0 0
 0 0 0 0 0
 0 0 0 0 0
 0 0 0 0 0
 0 0 0 0 0
 0 0 0 0 0
 0 0 0 0 0
 0 0 0 0 0
 0 0 0 0 0
 0 0 0 0 0
 0 0 0 0 0
 0 0 0 0 0
 0 0 0 0 0
 0 0 0 0 0
 0 0 0 0 0
 0 0 0 0 0
 0 0 0 0 0
 0 0 0 0 0
 0 0 0 0 0
 0 0 0 0 0
 0 0 0 0 0
 0 0 0 0 0
 0 0 0 0 0
 0 0 0 0 0
 0 0 0 0 0
 0 0 0 0 0
 0 0 0 0 0
 0 0 0 0 0
 0 0 0 0 0
 0 0 0 0 0
 0 0 0 0 0
 0 0 0 0 0
 0 0 0 0 0
 0 0 0 0 0
 0 0 0 0 0
 0 0 0 0 0
 0 0 0 0 0
 0 0 0 0 0
 0 0 0 0 0
 0 0 0 0 0
 0 0 0 0 0
 0 0 0 0 0
 0 0 0 0 0
 0 0 0 0 0
 0 0 0 0 0
 0 0 0 0 0
 0 0 0 0 0
 0 0 0 0 0
 0 0 0 0 0
 0 0 0 0 0
 0 0 0 0 0
 0 0 0 0 0
 0 0 0 0 0
 0 0 0 0 0
 0 0 0 0 0
 0 0 0 0 0
 0 0 0 0 0
 0 0 0 0 0
 0 0 0 0 0
 0 0 0 0 0
 0 0 0 0 0
 0 0 0 0 0
 0 0 0 0 0
 0 0 0 0 0
 0 0 0 0 0
 0 0 0 0 0
 0 0 0 0 0
 0 0 0 0 0
 0 0 0 0 0
 0 0 0 0 0
 0 0 0 0 0
 0 0 0 0 0
 0 0 0 0 0
 0 0 0 0 0
 0 0 0 0 0
 0 0 0 0 0
 0 0 0 0 0
 0 0 0 0 0
 0 0 0 0 0
 0 0 0 0 0
 0 0 0 0 0
 14.879 14.55 0.00625395 0.0042077 14.2301
 3.8121 3.69003 0.00585035 0.00382168 3.57353
 1.68002 1.61009 0.00553523 0.00343523 1.54465
 0.951055 0.902582 0.00532045 0.00307058 0.858027
 0.585 0.54988 0.00522495 0.00261825 0.518152
 0.394672 0.367455 0.00481253 0.0022886 0.34327
 0.287408 0.26511 0.00474497 0.00198888 0.245572
 0.206849 0.189007 0.0045838 0.00151445 0.17362
 0.165538 0.149931 0.00450315 0.00130652 0.136677
 0.12867 0.11547 0.0042856 0.000962155 0.104404
 0.103763 0.0923083 0.0045233 0.000565293 0.0828643
 0.0853505 0.0752447 0.00438548 0.000347082 0.0669645
 0.0707887 0.0618605 0.00429282 3.17635e-05 0.0546597
 0.0597127 0.0517143 0.00426425 -0.000220306 0.0453038
 0.0524382 0.0450295 0.0043458 -0.000505972 0.0391578
 0.0462327 0.0393715 0.00443488 -0.00083403 0.0339955
 0.0390888 0.032996 0.00457858 -0.00120411 0.028258
 0.03399 0.0284328 0.0047122 -0.00154772 0.0241436
 0.0309662 0.0256912 0.0049664 -0.00190057 0.0216563
 0.0277127 0.0227787 0.00508295 -0.00220412 0.0190222
 0.0242036 0.0197416 0.00544867 -0.00278282 0.0163832
 0.0221617 0.0179071 0.00563888 -0.00315327 0.0147032
 0.0201023 0.016095 0.00618895 -0.00380342 0.0130934
 0.0181569 0.0144121 0.00659452 -0.00441165 0.0116284
 0.0168906 0.0132902 0.00731563 -0.00520895 0.0106071
 0.0157421 0.0122795 0.00773023 -0.00574365 0.00971733
 0.0146839 0.0113616 0.0085321 -0.00668507 0.00892337
 0.0133241 0.0102359 0.00891787 -0.00719565 0.00798975
 0 0 0 0 0
 0 0 0 0 0
 0 0 0 0 0
 0 0 0 0 0
 0 0 0 0 0
 0 0 0 0 0
 0 0 0 0 0
 0 0 0 0 0
 0 0 0 0 0
 0 0 0 0 0
 0 0 0 0 0
 0 0 0 0 0
 0 0 0 0 0
 0 0 0 0 0
 0 0 0 0 0
 0 0 0 0 0
 0 0 0 0 0
 0 0 0 0 0
 0 0 0 0 0
 0 0 0 0 0
 0 0 0 0 0
 0 0 0 0 0
 0 0 0 0 0
 0 0 0 0 0
 0 0 0 0 0
 0 0 0 0 0
 0 0 0 0 0
 0 0 0 0 0
 0 0 0 0 0
 0 0 0 0 0
 0 0 0 0 0
 0 0 0 0 0
 0 0 0 0 0
 0 0 0 0 0
 0 0 0 0 0
 0 0 0 0 0
 0 0 0 0 0
 0 0 0 0 0
 0 0 0 0 0
 0 0 0 0 0
 0 0 0 0 0
 0 0 0 0 0
 0 0 0 0 0
 0 0 0 0 0
 0 0 0 0 0
 0 0 0 0 0
 0 0 0 0 0
 0 0 0 0 0
 0 0 0 0 0
 0 0 0 0 0
 0 0 0 0 0
 0 0 0 0 0
 0 0 0 0 0
 0 0 0 0 0
 0 0 0 0 0
 0 0 0 0 0
 0 0 0 0 0
 0 0 0 0 0
 0 0 0 0 0
 0 0 0 0 0
 0 0 0 0 0
 0 0 0 0 0
 0 0 0 0 0
 0 0 0 0 0
 0 0 0 0 0
 0 0 0 0 0
 0 0 0 0 0
 0 0 0 0 0
 0 0 0 0 0
 0 0 0 0 0
 0 0 0 0 0
 0 0 0 0 0
 0 0 0 0 0
 0 0 0 0 0
 0 0 0 0 0
 0 0 0 0 0
 0 0 0 0 0
 0 0 0 0 0
 0 0 0 0 0
 0 0 0 0 0
 0 0 0 0 0
 0 0 0 0 0
 0 0 0 0 0
 0 0 0 0 0
 0 0 0 0 0
 0 0 0 0 0
 0 0 0 0 0
 0 0 0 0 0
 0 0 0 0 0
 0 0 0 0 0
 0 0 0 0 0
 0 0 0 0 0
 0 0 0 0 0
 0 0 0 0 0
 15.7854 15.4436 0.0063114 0.0042541 15.1112
 3.91692 3.79367 0.00603665 0.00381882 3.67598
 1.69293 1.62351 0.00555185 0.0033214 1.55846
 0.97462 0.925652 0.0053646 0.0030981 0.880555
 0.588792 0.553895 0.005004 0.00266608 0.522358
 0.394358 0.36752 0.00479265 0.00228986 0.34361
 0.28954 0.267345 0.00465325 0.00198085 0.247912
 0.216392 0.197999 0.00435675 0.00171859 0.182157
 0.164412 0.149078 0.00450995 0.0012961 0.136042
 0.132529 0.1191 0.00445343 0.00099835 0.10784
 0.106861 0.0951808 0.00429415 0.000733305 0.0855025
 0.0882993 0.077946 0.0042959 0.000405987 0.069458
 0.0730272 0.063902 0.00411225 0.000138103 0.0564925
 0.0606735 0.0526375 0.0041978 -0.000138523 0.0461915
 0.0527983 0.0454155 0.00417873 -0.000382008 0.0395408
 0.0449397 0.0383215 0.00423283 -0.000748322 0.0331243
 0.038911 0.0328952 0.00439375 -0.00108488 0.028191
 0.0351215 0.0294415 0.00451968 -0.00137033 0.0250597
 0.0300417 0.0249602 0.004587 -0.00168372 0.021058
 0.026934 0.022184 0.00472293 -0.0020241 0.0185511
 0.0237992 0.0194454 0.00508545 -0.00247287 0.0161583
 0.0222087 0.0179775 0.00543913 -0.00297725 0.0147891
 0.0201898 0.0162165 0.0057361 -0.0034231 0.0132386
 0.018314 0.014581 0.00641367 -0.00422035 0.0117986
 0.0164339 0.0129738 0.0067023 -0.00470915 0.010416
 0.0154049 0.0120528 0.00734482 -0.005453 0.00958045
 0.0140651 0.0109065 0.00793423 -0.00611585 0.00857107
 0 0 0 0 0
 0 0 0 0 0
 0 0 0 0 0
 0 0 0 0 0
 0 0 0 0 0
 0 0 0 0 0
 0 0 0 0 0
 0 0 0 0 0
 0 0 0 0 0
 0 0 0 0 0
 0 0 0 0 0
 0 0 0 0 0
 0 0 0 0 0
 0 0 0 0 0
 0 0 0 0 0
 0 0 0 0 0
 0 0 0 0 0
 0 0 0 0 0
 0 0 0 0 0
 0 0 0 0 0
 0 0 0 0 0
 0 0 0 0 0
 0 0 0 0 0
 0 0 0 0 0
 0 0 0 0 0
 0 0 0 0 0
 0 0 0 0 0
 0 0 0 0 0
 0 0 0 0 0
 0 0 0 0 0
 0 0 0 0 0
 0 0 0 0 0
 0 0 0 0 0
 0 0 0 0 0
 0 0 0 0 0
 0 0 0 0 0
 0 0 0 0 0
 0 0 0 0 0
 0 0 0 0 0
 0 0 0 0 0
 0 0 0 0 0
 0 0 0 0 0
 0 0 0 0 0
 0 0 0 0 0
 0 0 0 0 0
 0 0 0 0 0
 0 0 0 0 0
 0 0 0 0 0
 0 0 0 0 0
 0 0 0 0 0
 0 0 0 0 0
 0 0 0 0 0
 0 0 0 0 0
 0 0 0 0 0
 0 0 0 0 0
 0 0 0 0 0
 0 0 0 0 0
 0 0 0 0 0
 0 0 0 0 0
 0 0 0 0 0
 0 0 0 0 0
 0 0 0 0 0
 0 0 0 0 0
 0 0 0 0 0
 0 0 0 0 0
 0 0 0 0 0
 0 0 0 0 0
 0 0 0 0 0
 0 0 0 0 0
 0 0 0 0 0
 0 0 0 0 0
 0 0 0 0 0
 0 0 0 0 0
 0 0 0 0 0
 0 0 0 0 0
 0 0 0 0 0
 0 0 0 0 0
 0 0 0 0 0
 0 0 0 0 0
 0 0 0 0 0
 0 0 0 0 0
 0 0 0 0 0
 0 0 0 0 0
 0 0 0 0 0
 0 0 0 0 0
 0 0 0 0 0
 0 0 0 0 0
 0 0 0 0 0
 0 0 0 0 0
 0 0 0 0 0
 0 0 0 0 0
 0 0 0 0 0
 0 0 0 0 0
 0 0 0 0 0
 0 0 0 0 0
 16.4277 16.0795 0.00652383 0.00433187 15.7404
 4.01783 3.89357 0.0059476 0.00377323 3.77482
 1.83767 1.76348 0.00554135 0.00348502 1.69389
 0.987768 0.93884 0.00536782 0.00309812 0.8938
 0.592217 0.557558 0.0047247 0.00265862 0.526182
 0.398005 0.371247 0.00466263 0.00231756 0.347428
 0.294545 0.27227 0.0045818 0.00210872 0.252725
 0.209391 0.191782 0.004315 0.00162673 0.176556
 0.170159 0.154452 0.0042535 0.00141032 0.141057
 0.132281 0.119027 0.00424155 0.00111574 0.107888
 0.105364 0.093971 0.00410122 0.000789322 0.0845162
 0.088379 0.0781183 0.00413973 0.000508395 0.069689
 0.0717908 0.0629203 0.00411263 0.00018796 0.055742
 0.0617848 0.0536878 0.0040287 -3.70198e-05 0.0472043
 0.0502832 0.0433097 0.00411287 -0.000375857 0.0377598
 0.0447548 0.03823 0.00411207 -0.000607942 0.033099
 0.0389817 0.0330022 0.00414165 -0.000856975 0.0283272
 0.0337552 0.0283408 0.00419127 -0.00116727 0.0241596
 0.0306738 0.0255405 0.00445495 -0.00156508 0.0215975
 0.0268815 0.0221863 0.00460025 -0.00188549 0.0185886
 0.0238752 0.0195429 0.00481772 -0.00224498 0.0162644
 0.0219878 0.0178582 0.00508337 -0.00267235 0.014746
 0.019742 0.0158924 0.00535795 -0.00308732 0.0130093
 0.0181092 0.0144565 0.00591988 -0.0038116 0.0117328
 0.0164881 0.0130545 0.00641135 -0.00445288 0.0105068
 0.0153214 0.0120264 0.00712005 -0.00522273 0.0095853
 0 0 0 0 0
 0 0 0 0 0
 0 0 0 0 0
 0 0 0 0 0
 0 0 0 0 0
 0 0 0 0 0
 0 0 0 0 0
 0 0 0 0 0
 0 0 0 0 0
 0 0 0 0 0
 0 0 0 0 0
 0 0 0 0 0
 0 0 0 0 0
 0 0 0 0 0
 0 0 0 0 0
 0 0 0 0 0
 0 0 0 0 0
 0 0 0 0 0
 0 0 0 0 0
 0 0 0 0 0
 0 0 0 0 0
 0 0 0 0 0
 0 0 0 0 0
 0 0 0 0 0
 0 0 0 0 0
 0 0 0 0 0
 0 0 0 0 0
 0 0 0 0 0
 0 0 0 0 0
 0 0 0 0 0
 0 0 0 0 0
 0 0 0 0 0
 0 0 0 0 0
 0 0 0 0 0
 0 0 0 0 0
 0 0 0 0 0
 0 0 0 0 0
 0 0 0 0 0
 0 0 0 0 0
 0 0 0 0 0
 0 0 0 0 0
 0 0 0 0 0
 0 0 0 0 0
 0 0 0 0 0
 0 0 0 0 0
 0 0 0 0 0
 0 0 0 0 0
 0 0 0 0 0
 0 0 0 0 0
 0 0 0 0 0
 0 0 0 0 0
 0 0 0 0 0
 0 0 0 0 0
 0 0 0 0 0
 0 0 0 0 0
 0 0 0 0 0
 0 0 0 0 0
 0 0 0 0 0
 0 0 0 0 0
 0 0 0 0 0
 0 0 0 0 0
 0 0 0 0 0
 0 0 0 0 0
 0 0 0 0 0
 0 0 0 0 0
 0 0 0 0 0
 0 0 0 0 0
 0 0 0 0 0
 0 0 0 0 0
 0 0 0 0 0
 0 0 0 0 0
 0 0 0 0 0
 0 0 0 0 0
 0 0 0 0 0
 0 0 0 0 0
 0 0 0 0 0
 0 0 0 0 0
 0 0 0 0 0
 0 0 0 0 0
 0 0 0 0 0
 0 0 0 0 0
 0 0 0 0 0
 0 0 0 0 0
 0 0 0 0 0
 0 0 0 0 0
 0 0 0 0 0
 0 0 0 0 0
 0 0 0 0 0
 0 0 0 0 0
 0 0 0 0 0
 0 0 0 0 0
 0 0 0 0 0
 0 0 0 0 0
 0 0 0 0 0
 0 0 0 0 0
 0 0 0 0 0
 16.4017 16.0611 0.0061911 0.0041216 15.7293
 4.21855 4.09027 0.00586195 0.00384148 3.9676
 1.80585 1.73403 0.00540428 0.00340578 1.66655
 0.985248 0.93706 0.00513983 0.00307995 0.892573
 0.618342 0.582615 0.0047772 0.0027541 0.55018
 0.40215 0.375435 0.0046522 0.00228843 0.35157
 0.291545 0.269715 0.0043526 0.00207294 0.25054
 0.21676 0.198741 0.00424315 0.00177981 0.183139
 0.166761 0.151522 0.00421627 0.00142751 0.138478
 0.128292 0.115557 0.00410925 0.00105434 0.104853
 0.106938 0.0954825 0.00402305 0.00084956 0.0859377
 0.0880832 0.077974 0.00394462 0.000594417 0.0696693
 0.0713332 0.0626065 0.00387567 0.00025922 0.0555252
 0.060467 0.0526262 0.00390208 3.91898e-06 0.0463268
 0.051542 0.044458 0.0039433 -0.000254903 0.0388277
 0.0456195 0.0390282 0.00400205 -0.000510788 0.03381
 0.0388365 0.0329655 0.00410475 -0.000852648 0.0283828
 0.0335592 0.0282332 0.00412975 -0.0010745 0.0241124
 0.0298957 0.0249527 0.0042023 -0.00135809 0.0211528
 0.0269795 0.02231 0.00436352 -0.0016949 0.0187369
 0.0249787 0.020492 0.00460505 -0.00207417 0.017065
 0.0218151 0.0177564 0.00482362 -0.00245778 0.0146989
 0.019625 0.0158228 0.00509427 -0.0028522 0.0129698
 0.0180296 0.0144315 0.00551535 -0.003431 0.0117541
 0.016359 0.0129878 0.00604535 -0.00403212 0.0104856
 0 0 0 0 0
 0 0 0 0 0
 0 0 0 0 0
 0 0 0 0 0
 0 0 0 0 0
 0 0 0 0 0
 0 0 0 0 0
 0 0 0 0 0
 0 0 0 0 0
 0 0 0 0 0
 0 0 0 0 0
 0 0 0 0 0
 0 0 0 0 0
 0 0 0 0 0
 0 0 0 0 0
 0 0 0 0 0
 0 0 0 0 0
 0 0 0 0 0
 0 0 0 0 0
 0 0 0 0 0
 0 0 0 0 0
 0 0 0 0 0
 0 0 0 0 0
 0 0 0 0 0
 0 0 0 0 0
 0 0 0 0 0
 0 0 0 0 0
 0 0 0 0 0
 0 0 0 0 0
 0 0 0 0 0
 0 0 0 0 0
 0 0 0 0 0
 0 0 0 0 0
 0 0 0 0 0
 0 0 0 0 0
 0 0 0 0 0
 0 0 0 0 0
 0 0 0 0 0
 0 0 0 0 0
 0 0 0 0 0
 0 0 0 0 0
 0 0 0 0 0
 0 0 0 0 0
 0 0 0 0 0
 0 0 0 0 0
 0 0 0 0 0
 0 0 0 0 0
 0 0 0 0 0
 0 0 0 0 0
 0 0 0 0 0
 0 0 0 0 0
 0 0 0 0 0
 0 0 0 0 0
 0 0 0 0 0
 0 0 0 0 0
 0 0 0 0 0
 0 0 0 0 0
 0 0 0 0 0
 0 0 0 0 0
 0 0 0 0 0
 0 0 0 0 0
 0 0 0 0 0
 0 0 0 0 0
 0 0 0 0 0
 0 0 0 0 0
 0 0 0 0 0
 0 0 0 0 0
 0 0 0 0 0
 0 0 0 0 0
 0 0 0 0 0
 0 0 0 0 0
 0 0 0 0 0
 0 0 0 0 0
 0 0 0 0 0
 0 0 0 0 0
 0 0 0 0 0
 0 0 0 0 0
 0 0 0 0 0
 0 0 0 0 0
 0 0 0 0 0
 0 0 0 0 0
 0 0 0 0 0
 0 0 0 0 0
 0 0 0 0 0
 0 0 0 0 0
 0 0 0 0 0
 0 0 0 0 0
 0 0 0 0 0
 0 0 0 0 0
 0 0 0 0 0
 0 0 0 0 0
 0 0 0 0 0
 0 0 0 0 0
 0 0 0 0 0
 0 0 0 0 0
 0 0 0 0 0
 0 0 0 0 0
 17.8088 17.4464 0.0063832 0.00425713 17.0934
 4.22605 4.09967 0.0058727 0.00373778 3.9788
 1.84628 1.77394 0.00552747 0.00340143 1.70596
 0.987162 0.93958 0.00503588 0.00303345 0.89564
 0.626572 0.590845 0.00476637 0.00270957 0.55837
 0.414992 0.38777 0.0046807 0.00238149 0.363453
 0.294558 0.272755 0.00439512 0.00205377 0.253585
 0.217561 0.199687 0.00415332 0.00175645 0.18419
 0.16686 0.15179 0.0041056 0.00142618 0.138907
 0.128022 0.115462 0.0039771 0.0010996 0.104896
 0.106932 0.0955787 0.00388435 0.00084563 0.0860965
 0.0857602 0.076003 0.00385185 0.000591355 0.0679672
 0.0726725 0.0638618 0.0038545 0.000340293 0.0566833
 0.0603913 0.0526202 0.0037735 6.54408e-05 0.0463508
 0.053402 0.0461473 0.00380432 -0.000125551 0.0403482
 0.0439535 0.037664 0.00392968 -0.000477162 0.0326938
 0.038511 0.0327195 0.00392718 -0.000713477 0.028188
 0.03468 0.029221 0.0040185 -0.00101683 0.0249814
 0.0302223 0.0252605 0.0041201 -0.00128428 0.0214258
 0.0270585 0.0224329 0.00425335 -0.0015787 0.018889
 0.0237831 0.0195554 0.00437338 -0.00188079 0.0163357
 0.0216614 0.0176628 0.00458808 -0.00227797 0.0146341
 0.0199271 0.0161095 0.00479838 -0.0026252 0.0132388
 0.0178775 0.0143332 0.00532518 -0.00323158 0.0116757
 0 0 0 0 0
 0 0 0 0 0
 0 0 0 0 0
 0 0 0 0 0
 0 0 0 0 0
 0 0 0 0 0
 0 0 0 0 0
 0 0 0 0 0
 0 0 0 0 0
 0 0 0 0 0
 0 0 0 0 0
 0 0 0 0 0
 0 0 0 0 0
 0 0 0 0 0
 0 0 0 0 0
 0 0 0 0 0
 0 0 0 0 0
 0 0 0 0 0
 0 0 0 0 0
 0 0 0 0 0
 0 0 0 0 0
 0 0 0 0 0
 0 0 0 0 0
 0 0 0 0 0
 0 0 0 0 0
 0 0 0 0 0
 0 0 0 0 0
 0 0 0 0 0
 0 0 0 0 0
 0 0 0 0 0
 0 0 0 0 0
 0 0 0 0 0
 0 0 0 0 0
 0 0 0 0 0
 0 0 0 0 0
 0 0 0 0 0
 0 0 0 0 0
 0 0 0 0 0
 0 0 0 0 0
 0 0 0 0 0
 0 0 0 0 0
 0 0 0 0 0
 0 0 0 0 0
 0 0 0 0 0
 0 0 0 0 0
 0 0 0 0 0
 0 0 0 0 0
 0 0 0 0 0
 0 0 0 0 0
 0 0 0 0 0
 0 0 0 0 0
 0 0 0 0 0
 0 0 0 0 0
 0 0 0 0 0
 0 0 0 0 0
 0 0 0 0 0
 0 0 0 0 0
 0 0 0 0 0
 0 0 0 0 0
 0 0 0 0 0
 0 0 0 0 0
 0 0 0 0 0
 0 0 0 0 0
 0 0 0 0 0
 0 0 0 0 0
 0 0 0 0 0
 0 0 0 0 0
 0 0 0 0 0
 0 0 0 0 0
 0 0 0 0 0
 0 0 0 0 0
 0 0 0 0 0
 0 0 0 0 0
 0 0 0 0 0
 0 0 0 0 0
 0 0 0 0 0
 0 0 0 0 0
 0 0 0 0 0
 0 0 0 0 0
 0 0 0 0 0
 0 0 0 0 0
 0 0 0 0 0
 0 0 0 0 0
 0 0 0 0 0
 0 0 0 0 0
 0 0 0 0 0
 0 0 0 0 0
 0 0 0 0 0
 0 0 0 0 0
 0 0 0 0 0
 0 0 0 0 0
 0 0 0 0 0
 0 0 0 0 0
 0 0 0 0 0
 0 0 0 0 0
 0 0 0 0 0
 0 0 0 0 0
 0 0 0 0 0
 17.8046 17.4496 0.0063467 0.0040689 17.1033
 4.3512 4.22328 0.0058938 0.00372457 4.10078
 1.89146 1.81843 0.00527947 0.0034361 1.74968
 1.00039 0.952812 0.0050836 0.00302975 0.9088
 0.621085 0.586128 0.00461105 0.00270913 0.554325
 0.408613 0.382122 0.00448252 0.00226466 0.358435
 0.299907 0.277968 0.00430872 0.0020289 0.258625
 0.218897 0.201116 0.00424032 0.0016861 0.18569
 0.167782 0.152772 0.00404665 0.00146444 0.139923
 0.130657 0.11796 0.00382227 0.00117943 0.107251
 0.105491 0.094419 0.00375187 0.000880015 0.085193
 0.08688 0.0771065 0.00377485 0.000612635 0.06904
 0.0723815 0.0636867 0.00366207 0.000388933 0.056566
 0.0612267 0.0534417 0.0037572 0.000104637 0.0471608
 0.0511397 0.0442635 0.00373653 -0.000142341 0.0387785
 0.044992 0.0386182 0.00369388 -0.000375195 0.033572
 0.037757 0.0321275 0.00362653 -0.00060012 0.0277085
 0.0339095 0.028618 0.00386798 -0.000901892 0.0244854
 0.0298255 0.0249662 0.00384082 -0.0010967 0.0212027
 0.0263897 0.0219067 0.00405485 -0.0014506 0.0184599
 0.0234796 0.0193413 0.00413125 -0.0017496 0.0161898
 0.0209644 0.0171386 0.0042762 -0.00200734 0.014258
 0.019323 0.0156465 0.00456505 -0.00242337 0.0128619
 0 0 0 0 0
 0 0 0 0 0
 0 0 0 0 0
 0 0 0 0 0
 0 0 0 0 0
 0 0 0 0 0
 0 0 0 0 0
 0 0 0 0 0
 0 0 0 0 0
 0 0 0 0 0
 0 0 0 0 0
 0 0 0 0 0
 0 0 0 0 0
 0 0 0 0 0
 0 0 0 0 0
 0 0 0 0 0
 0 0 0 0 0
 0 0 0 0 0
 0 0 0 0 0
 0 0 0 0 0
 0 0 0 0 0
 0 0 0 0 0
 0 0 0 0 0
 0 0 0 0 0
 0 0 0 0 0
 0 0 0 0 0
 0 0 0 0 0
 0 0 0 0 0
 0 0 0 0 0
 0 0 0 0 0
 0 0 0 0 0
 0 0 0 0 0
 0 0 0 0 0
 0 0 0 0 0
 0 0 0 0 0
 0 0 0 0 0
 0 0 0 0 0
 0 0 0 0 0
 0 0 0 0 0
 0 0 0 0 0
 0 0 0 0 0
 0 0 0 0 0
 0 0 0 0 0
 0 0 0 0 0
 0 0 0 0 0
 0 0 0 0 0
 0 0 0 0 0
 0 0 0 0 0
 0 0 0 0 0
 0 0 0 0 0
 0 0 0 0 0
 0 0 0 0 0
 0 0 0 0 0
 0 0 0 0 0
 0 0 0 0 0
 0 0 0 0 0
 0 0 0 0 0
 0 0 0 0 0
 0 0 0 0 0
 0 0 0 0 0
 0 0 0 0 0
 0 0 0 0 0
 0 0 0 0 0
 0 0 0 0 0
 0 0 0 0 0
 0 0 0 0 0
 0 0 0 0 0
 0 0 0 0 0
 0 0 0 0 0
 0 0 0 0 0
 0 0 0 0 0
 0 0 0 0 0
 0 0 0 0 0
 0 0 0 0 0
 0 0 0 0 0
 0 0 0 0 0
 0 0 0 0 0
 0 0 0 0 0
 0 0 0 0 0
 0 0 0 0 0
 0 0 0 0 0
 0 0 0 0 0
 0 0 0 0 0
 0 0 0 0 0
 0 0 0 0 0
 0 0 0 0 0
 0 0 0 0 0
 0 0 0 0 0
 0 0 0 0 0
 0 0 0 0 0
 0 0 0 0 0
 0 0 0 0 0
 0 0 0 0 0
 0 0 0 0 0
 0 0 0 0 0
 0 0 0 0 0
 0 0 0 0 0
 0 0 0 0 0
 0 0 0 0 0
 18.2529 17.8961 0.00639098 0.004029 17.5481
 4.43755 4.30918 0.00581487 0.00365097 4.18613
 1.9184 1.8454 0.00524392 0.00337745 1.77664
 1.01244 0.964955 0.00516777 0.00294367 0.921037
 0.640568 0.60491 0.00479925 0.00267972 0.572435
 0.423287 0.39617 0.00436762 0.00239267 0.371855
 0.301292 0.2795 0.0042604 0.00205208 0.26028
 0.220767 0.202983 0.00402922 0.00172429 0.187494
 0.166686 0.151948 0.0039854 0.00139392 0.139301
 0.136166 0.12308 0.003755 0.0012728 0.11199
 0.103112 0.0924035 0.0037257 0.000905873 0.083461
 0.0849745 0.0755115 0.0037462 0.000605438 0.067708
 0.0716562 0.0631362 0.00358015 0.000437685 0.05617
 0.0607077 0.0530648 0.00357987 0.000208695 0.0468847
 0.051614 0.0447473 0.00362042 -4.2941e-05 0.0392567
 0.044421 0.0381775 0.00359708 -0.000305078 0.0332112
 0.0378655 0.0322765 0.00363502 -0.000550645 0.0278945
 0.0337622 0.0285577 0.0036954 -0.000788275 0.0245095
 0.0298638 0.0250425 0.00367557 -0.00102232 0.0213214
 0.0259765 0.021614 0.00376558 -0.00125987 0.0182598
 0.0233498 0.0192544 0.0039017 -0.00154034 0.0161214
 0.0215135 0.0176193 0.00413145 -0.00190937 0.0146656
 0 0 0 0 0
 0 0 0 0 0
 0 0 0 0 0
 0 0 0 0 0
 0 0 0 0 0
 0 0 0 0 0
 0 0 0 0 0
 0 0 0 0 0
 0 0 0 0 0
 0 0 0 0 0
 0 0 0 0 0
 0 0 0 0 0
 0 0 0 0 0
 0 0 0 0 0
 0 0 0 0 0
 0 0 0 0 0
 0 0 0 0 0
 0 0 0 0 0
 0 0 0 0 0
 0 0 0 0 0
 0 0 0 0 0
 0 0 0 0 0
 0 0 0 0 0
 0 0 0 0 0
 0 0 0 0 0
 0 0 0 0 0
 0 0 0 0 0
 0 0 0 0 0
 0 0 0 0 0
 0 0 0 0 0
 0 0 0 0 0
 0 0 0 0 0
 0 0 0 0 0
 0 0 0 0 0
 0 0 0 0 0
 0 0 0 0 0
 0 0 0 0 0
 0 0 0 0 0
 0 0 0 0 0
 0 0 0 0 0
 0 0 0 0 0
 0 0 0 0 0
 0 0 0 0 0
 0 0 0 0 0
 0 0 0 0 0
 0 0 0 0 0
 0 0 0 0 0
 0 0 0 0 0
 0 0 0 0 0
 0 0 0 0 0
 0 0 0 0 0
 0 0 0 0 0
 0 0 0 0 0
 0 0 0 0 0
 0 0 0 0 0
 0 0 0 0 0
 0 0 0 0 0
 0 0 0 0 0
 0 0 0 0 0
 0 0 0 0 0
 0 0 0 0 0
 0 0 0 0 0
 0 0 0 0 0
 0 0 0 0 0
 0 0 0 0 0
 0 0 0 0 0
 0 0 0 0 0
 0 0 0 0 0
 0 0 0 0 0
 0 0 0 0 0
 0 0 0 0 0
 0 0 0 0 0
 0 0 0 0 0
 0 0 0 0 0
 0 0 0 0 0
 0 0 0 0 0
 0 0 0 0 0
 0 0 0 0 0
 0 0 0 0 0
 0 0 0 0 0
 0 0 0 0 0
 0 0 0 0 0
 0 0 0 0 0
 0 0 0 0 0
 0 0 0 0 0
 0 0 0 0 0
 0 0 0 0 0
 0 0 0 0 0
 0 0 0 0 0
 0 0 0 0 0
 0 0 0 0 0
 0 0 0 0 0
 0 0 0 0 0
 0 0 0 0 0
 0 0 0 0 0
 0 0 0 0 0
 0 0 0 0 0
 0 0 0 0 0
 0 0 0 0 0
 0 0 0 0 0
 18.9295 18.5668 0.00645802 0.00393328 18.2127
 4.5672 4.43723 0.00600195 0.0036961 4.3126
 1.91282 1.84108 0.00538658 0.00326527 1.77349
 1.01705 0.96993 0.00501385 0.0030088 0.926283
 0.645255 0.6098 0.0047113 0.0026148 0.577467
 0.42056 0.39392 0.00457108 0.0022643 0.37004
 0.30587 0.284008 0.00417957 0.00206554 0.264697
 0.222313 0.204617 0.00403712 0.00172316 0.189212
 0.169437 0.154617 0.00394172 0.00144475 0.141895
 0.134298 0.121529 0.0037656 0.00121593 0.110709
 0.106354 0.0954272 0.00377707 0.000871733 0.0862757
 0.0873565 0.0777045 0.00363003 0.000709197 0.069714
 0.07344 0.0647935 0.00356237 0.00045209 0.0577148
 0.061128 0.0534695 0.00342505 0.00027752 0.0472385
 0.0530352 0.0460312 0.00348357 1.812e-05 0.040399
 0.0452872 0.0389943 0.0035588 -0.000229237 0.0339705
 0.0380175 0.0324625 0.00346208 -0.000438423 0.0280855
 0.034045 0.0288435 0.00358385 -0.000705727 0.0247679
 0.0294818 0.0247688 0.00357257 -0.000947237 0.021108
 0.0262293 0.0218635 0.00370743 -0.00120709 0.0184899
 0.0232336 0.0192105 0.0037945 -0.00143466 0.016139
 0 0 0 0 0
 0 0 0 0 0
 0 0 0 0 0
 0 0 0 0 0
 0 0 0 0 0
 0 0 0 0 0
 0 0 0 0 0
 0 0 0 0 0
 0 0 0 0 0
 0 0 0 0 0
 0 0 0 0 0
 0 0 0 0 0
 0 0 0 0 0
 0 0 0 0 0
 0 0 0 0 0
 0 0 0 0 0
 0 0 0 0 0
 0 0 0 0 0
 0 0 0 0 0
 0 0 0 0 0
 0 0 0 0 0
 0 0 0 0 0
 0 0 0 0 0
 0 0 0 0 0
 0 0 0 0 0
 0 0 0 0 0
 0 0 0 0 0
 0 0 0 0 0
 0 0 0 0 0
 0 0 0 0 0
 0 0 0 0 0
 0 0 0 0 0
 0 0 0 0 0
 0 0 0 0 0
 0 0 0 0 0
 0 0 0 0 0
 0 0 0 0 0
 0 0 0 0 0
 0 0 0 0 0
 0 0 0 0 0
 0 0 0 0 0
 0 0 0 0 0
 0 0 0 0 0
 0 0 0 0 0
 0 0 0 0 0
 0 0 0 0 0
 0 0 0 0 0
 0 0 0 0 0
 0 0 0 0 0
 0 0 0 0 0
 0 0 0 0 0
 0 0 0 0 0
 0 0 0 0 0
 0 0 0 0 0
 0 0 0 0 0
 0 0 0 0 0
 0 0 0 0 0
 0 0 0 0 0
 0 0 0 0 0
 0 0 0 0 0
 0 0 0 0 0
 0 0 0 0 0
 0 0 0 0 0
 0 0 0 0 0
 0 0 0 0 0
 0 0 0 0 0
 0 0 0 0 0
 0 0 0 0 0
 0 0 0 0 0
 0 0 0 0 0
 0 0 0 0 0
 0 0 0 0 0
 0 0 0 0 0
 0 0 0 0 0
 0 0 0 0 0
 0 0 0 0 0
 0 0 0 0 0
 0 0 0 0 0
 0 0 0 0 0
 0 0 0 0 0
 0 0 0 0 0
 0 0 0 0 0
 0 0 0 0 0
 0 0 0 0 0
 0 0 0 0 0
 0 0 0 0 0
 0 0 0 0 0
 0 0 0 0 0
 0 0 0 0 0
 0 0 0 0 0
 0 0 0 0 0
 0 0 0 0 0
 0 0 0 0 0
 0 0 0 0 0
 0 0 0 0 0
 0 0 0 0 0
 0 0 0 0 0
 0 0 0 0 0
 0 0 0 0 0
 0 0 0 0 0
 0 0 0 0 0
 20.0521 19.6754 0.00650242 0.0038441 19.3077
 4.64562 4.51547 0.00588025 0.00349647 4.39057
 1.90402 1.83359 0.00536247 0.00324952 1.76717
 1.06585 1.01712 0.00516237 0.00294077 0.971955
 0.64126 0.606437 0.00466148 0.0025528 0.574682
 0.430632 0.40365 0.00444295 0.00230729 0.379392
 0.30096 0.279672 0.0041932 0.00200192 0.260825
 0.21974 0.202442 0.0039996 0.00169908 0.187332
 0.171863 0.156993 0.00384825 0.00144696 0.144213
 0.135661 0.12288 0.00358745 0.00125777 0.112003
 0.109191 0.0980835 0.0036036 0.00096205 0.0887475
 0.088052 0.0784353 0.00349595 0.00074402 0.070453
 0.0723908 0.063952 0.00342382 0.000484245 0.0570365
 0.0603223 0.0528395 0.00337962 0.000273565 0.0467725
 0.0516465 0.0448863 0.00347932 -5.78153e-06 0.03944
 0.0436405 0.037619 0.00334705 -0.000161565 0.0328295
 0.0379135 0.0324122 0.0034196 -0.000436122 0.0280692
 0.0338423 0.0287018 0.0033561 -0.000584645 0.024668
 0.030284 0.025491 0.0034892 -0.000847467 0.0217757
 0.02628 0.0219372 0.00354747 -0.00108963 0.0185819
 0 0 0 0 0
 0 0 0 0 0
 0 0 0 0 0
 0 0 0 0 0
 0 0 0 0 0
 0 0 0 0 0
 0 0 0 0 0
 0 0 0 0 0
 0 0 0 0 0
 0 0 0 0 0
 0 0 0 0 0
 0 0 0 0 0
 0 0 0 0 0
 0 0 0 0 0
 0 0 0 0 0
 0 0 0 0 0
 0 0 0 0 0
 0 0 0 0 0
 0 0 0 0 0
 0 0 0 0 0
 0 0 0 0 0
 0 0 0 0 0
 0 0 0 0 0
 0 0 0 0 0
 0 0 0 0 0
 0 0 0 0 0
 0 0 0 0 0
 0 0 0 0 0
 0 0 0 0 0
 0 0 0 0 0
 0 0 0 0 0
 0 0 0 0 0
 0 0 0 0 0
 0 0 0 0 0
 0 0 0 0 0
 0 0 0 0 0
 0 0 0 0 0
 0 0 0 0 0
 0 0 0 0 0
 0 0 0 0 0
 0 0 0 0 0
 0 0 0 0 0
 0 0 0 0 0
 0 0 0 0 0
 0 0 0 0 0
 0 0 0 0 0
 0 0 0 0 0
 0 0 0 0 0
 0 0 0 0 0
 0 0 0 0 0
 0 0 0 0 0
 0 0 0 0 0
 0 0 0 0 0
 0 0 0 0 0
 0 0 0 0 0
 0 0 0 0 0
 0 0 0 0 0
 0 0 0 0 0
 0 0 0 0 0
 0 0 0 0 0
 0 0 0 0 0
 0 0 0 0 0
 0 0 0 0 0
 0 0 0 0 0
 0 0 0 0 0
 0 0 0 0 0
 0 0 0 0 0
 0 0 0 0 0
 0 0 0 0 0
 0 0 0 0 0
 0 0 0 0 0
 0 0 0 0 0
 0 0 0 0 0
 0 0 0 0 0
 0 0 0 0 0
 0 0 0 0 0
 0 0 0 0 0
 0 0 0 0 0
 0 0 0 0 0
 0 0 0 0 0
 0 0 0 0 0
 0 0 0 0 0
 0 0 0 0 0
 0 0 0 0 0
 0 0 0 0 0
 0 0 0 0 0
 0 0 0 0 0
 0 0 0 0 0
 0 0 0 0 0
 0 0 0 0 0
 0 0 0 0 0
 0 0 0 0 0
 0 0 0 0 0
 0 0 0 0 0
 0 0 0 0 0
 0 0 0 0 0
 0 0 0 0 0
 0 0 0 0 0
 0 0 0 0 0
 0 0 0 0 0
 0 0 0 0 0
 0 0 0 0 0
 20.4771 20.0997 0.00660477 0.0037649 19.7311
 4.78005 4.64825 0.00608608 0.0035023 4.52168
 1.99583 1.92305 0.00545768 0.00320525 1.8543
 1.0602 1.01235 0.00501318 0.00283065 0.96797
 0.642163 0.607752 0.004666 0.00253783 0.57634
 0.438505 0.411368 0.00432823 0.00224317 0.386977
 0.30507 0.283735 0.00417563 0.00201133 0.26484
 0.221192 0.203952 0.003857 0.00166774 0.188893
 0.168258 0.153849 0.00371255 0.00147199 0.141445
 0.133843 0.121358 0.00359255 0.0011694 0.11075
 0.108756 0.0977845 0.00357578 0.000940205 0.0885475
 0.0881075 0.078573 0.00341778 0.000751953 0.0706548
 0.072903 0.064483 0.00333075 0.00051487 0.0575543
 0.0606465 0.053222 0.00332475 0.00028857 0.047192
 0.0514867 0.0448157 0.00326958 9.0999e-05 0.0394413
 0.0446083 0.0385143 0.00319927 -9.97105e-05 0.0336525
 0.038766 0.0332005 0.00327205 -0.00030737 0.0287883
 0.0333647 0.028354 0.00337355 -0.000603515 0.0244183
 0.0290725 0.0245126 0.0033534 -0.000767547 0.020951
 0 0 0 0 0
 0 0 0 0 0
 0 0 0 0 0
 0 0 0 0 0
 0 0 0 0 0
 0 0 0 0 0
 0 0 0 0 0
 0 0 0 0 0
 0 0 0 0 0
 0 0 0 0 0
 0 0 0 0 0
 0 0 0 0 0
 0 0 0 0 0
 0 0 0 0 0
 0 0 0 0 0
 0 0 0 0 0
 0 0 0 0 0
 0 0 0 0 0
 0 0 0 0 0
 0 0 0 0 0
 0 0 0 0 0
 0 0 0 0 0
 0 0 0 0 0
 0 0 0 0 0
 0 0 0 0 0
 0 0 0 0 0
 0 0 0 0 0
 0 0 0 0 0
 0 0 0 0 0
 0 0 0 0 0
 0 0 0 0 0
 0 0 0 0 0
 0 0 0 0 0
 0 0 0 0 0
 0 0 0 0 0
 0 0 0 0 0
 0 0 0 0 0
 0 0 0 0 0
 0 0 0 0 0
 0 0 0 0 0
 0 0 0 0 0
 0 0 0 0 0
 0 0 0 0 0
 0 0 0 0 0
 0 0 0 0 0
 0 0 0 0 0
 0 0 0 0 0
 0 0 0 0 0
 0 0 0 0 0
 0 0 0 0 0
 0 0 0 0 0
 0 0 0 0 0
 0 0 0 0 0
 0 0 0 0 0
 0 0 0 0 0
 0 0 0 0 0
 0 0 0 0 0
 0 0 0 0 0
 0 0 0 0 0
 0 0 0 0 0
 0 0 0 0 0
 0 0 0 0 0
 0 0 0 0 0
 0 0 0 0 0
 0 0 0 0 0
 0 0 0 0 0
 0 0 0 0 0
 0 0 0 0 0
 0 0 0 0 0
 0 0 0 0 0
 0 0 0 0 0
 0 0 0 0 0
 0 0 0 0 0
 0 0 0 0 0
 0 0 0 0 0
 0 0 0 0 0
 0 0 0 0 0
 0 0 0 0 0
 0 0 0 0 0
 0 0 0 0 0
 0 0 0 0 0
 0 0 0 0 0
 0 0 0 0 0
 0 0 0 0 0
 0 0 0 0 0
 0 0 0 0 0
 0 0 0 0 0
 0 0 0 0 0
 0 0 0 0 0
 0 0 0 0 0
 0 0 0 0 0
 0 0 0 0 0
 0 0 0 0 0
 0 0 0 0 0
 0 0 0 0 0
 0 0 0 0 0
 0 0 0 0 0
 0 0 0 0 0
 0 0 0 0 0
 0 0 0 0 0
 0 0 0 0 0
 0 0 0 0 0
 0 0 0 0 0
 20.7513 20.3762 0.00648475 0.00369448 20.0096
 4.89465 4.7618 0.00621335 0.0033602 4.63415
 2.05782 1.98385 0.00544923 0.00313208 1.91397
 1.09222 1.0435 0.0051643 0.0028018 0.99822
 0.653777 0.61912 0.00476718 0.0024528 0.587438
 0.444522 0.417315 0.00446018 0.00221967 0.392822
 0.300078 0.279315 0.00412835 0.0019007 0.260912
 0.225978 0.208554 0.00400848 0.00168633 0.193308
 0.172436 0.157821 0.00381615 0.0015082 0.145199
 0.1335 0.121167 0.00353903 0.00120608 0.110655
 0.106748 0.0960933 0.00351837 0.00092288 0.0871423
 0.088089 0.0786505 0.0033706 0.00076911 0.0708048
 0.0724025 0.064108 0.00338478 0.000498997 0.0572812
 0.0612285 0.0537907 0.00327198 0.000315223 0.0477435
 0.0512 0.0446292 0.00315792 0.000139862 0.0393447
 0.0441712 0.0381997 0.00317972 -4.13925e-05 0.033426
 0.0375025 0.0321668 0.00307695 -0.000283087 0.0279283
 0.0330487 0.0281318 0.00318018 -0.00049349 0.0242702
 0 0 0 0 0
 0 0 0 0 0
 0 0 0 0 0
 0 0 0 0 0
 0 0 0 0 0
 0 0 0 0 0
 0 0 0 0 0
 0 0 0 0 0
 0 0 0 0 0
 0 0 0 0 0
 0 0 0 0 0
 0 0 0 0 0
 0 0 0 0 0
 0 0 0 0 0
 0 0 0 0 0
 0 0 0 0 0
 0 0 0 0 0
 0 0 0 0 0
 0 0 0 0 0
 0 0 0 0 0
 0 0 0 0 0
 0 0 0 0 0
 0 0 0 0 0
 0 0 0 0 0
 0 0 0 0 0
 0 0 0 0 0
 0 0 0 0 0
 0 0 0 0 0
 0 0 0 0 0
 0 0 0 0 0
 0 0 0 0 0
 0 0 0 0 0
 0 0 0 0 0
 0 0 0 0 0
 0 0 0 0 0
 0 0 0 0 0
 0 0 0 0 0
 0 0 0 0 0
 0 0 0 0 0
 0 0 0 0 0
 0 0 0 0 0
 0 0 0 0 0
 0 0 0 0 0
 0 0 0 0 0
 0 0 0 0 0
 0 0 0 0 0
 0 0 0 0 0
 0 0 0 0 0
 0 0 0 0 0
 0 0 0 0 0
 0 0 0 0 0
 0 0 0 0 0
 0 0 0 0 0
 0 0 0 0 0
 0 0 0 0 0
 0 0 0 0 0
 0 0 0 0 0
 0 0 0 0 0
 0 0 0 0 0
 0 0 0 0 0
 0 0 0 0 0
 0 0 0 0 0
 0 0 0 0 0
 0 0 0 0 0
 0 0 0 0 0
 0 0 0 0 0
 0 0 0 0 0
 0 0 0 0 0
 0 0 0 0 0
 0 0 0 0 0
 0 0 0 0 0
 0 0 0 0 0
 0 0 0 0 0
 0 0 0 0 0
 0 0 0 0 0
 0 0 0 0 0
 0 0 0 0 0
 0 0 0 0 0
 0 0 0 0 0
 0 0 0 0 0
 0 0 0 0 0
 0 0 0 0 0
 0 0 0 0 0
 0 0 0 0 0
 0 0 0 0 0
 0 0 0 0 0
 0 0 0 0 0
 0 0 0 0 0
 0 0 0 0 0
 0 0 0 0 0
 0 0 0 0 0
 0 0 0 0 0
 0 0 0 0 0
 0 0 0 0 0
 0 0 0 0 0
 0 0 0 0 0
 0 0 0 0 0
 0 0 0 0 0
 0 0 0 0 0
 0 0 0 0 0
 0 0 0 0 0
 0 0 0 0 0
 0 0 0 0 0
 0 0 0 0 0
 21.4874 21.1063 0.0066037 0.00358375 20.7338
 4.8808 4.75037 0.00614708 0.00336195 4.6249
 2.03067 1.95862 0.00551005 0.00305557 1.89051
 1.08442 1.03667 0.0050723 0.00270085 0.992263
 0.664145 0.629387 0.0047502 0.00246985 0.597573
 0.438715 0.412168 0.00437458 0.00217091 0.388228
 0.306677 0.285678 0.00410927 0.00189768 0.26702
 0.229215 0.211724 0.00400487 0.00162088 0.196411
 0.17121 0.156838 0.0036408 0.00144142 0.144404
 0.133436 0.121236 0.0035442 0.00112506 0.110842
 0.108314 0.0975988 0.00338138 0.000952665 0.088568
 0.087816 0.0784952 0.00333022 0.000753128 0.0707265
 0.0728387 0.0645892 0.00324203 0.00051457 0.0578015
 0.0604533 0.0531633 0.0031797 0.00030586 0.047205
 0.0535103 0.0466893 0.00315953 0.000154978 0.0411668
 0.0440433 0.0381257 0.00304625 -1.73396e-05 0.0333758
 0.0370875 0.0318625 0.0030933 -0.000261585 0.0277235
 0 0 0 0 0
 0 0 0 0 0
 0 0 0 0 0
 0 0 0 0 0
 0 0 0 0 0
 0 0 0 0 0
 0 0 0 0 0
 0 0 0 0 0
 0 0 0 0 0
 0 0 0 0 0
 0 0 0 0 0
 0 0 0 0 0
 0 0 0 0 0
 0 0 0 0 0
 0 0 0 0 0
 0 0 0 0 0
 0 0 0 0 0
 0 0 0 0 0
 0 0 0 0 0
 0 0 0 0 0
 0 0 0 0 0
 0 0 0 0 0
 0 0 0 0 0
 0 0 0 0 0
 0 0 0 0 0
 0 0 0 0 0
 0 0 0 0 0
 0 0 0 0 0
 0 0 0 0 0
 0 0 0 0 0
 0 0 0 0 0
 0 0 0 0 0
 0 0 0 0 0
 0 0 0 0 0
 0 0 0 0 0
 0 0 0 0 0
 0 0 0 0 0
 0 0 0 0 0
 0 0 0 0 0
 0 0 0 0 0
 0 0 0 0 0
 0 0 0 0 0
 0 0 0 0 0
 0 0 0 0 0
 0 0 0 0 0
 0 0 0 0 0
 0 0 0 0 0
 0 0 0 0 0
 0 0 0 0 0
 0 0 0 0 0
 0 0 0 0 0
 0 0 0 0 0
 0 0 0 0 0
 0 0 0 0 0
 0 0 0 0 0
 0 0 0 0 0
 0 0 0 0 0
 0 0 0 0 0
 0 0 0 0 0
 0 0 0 0 0
 0 0 0 0 0
 0 0 0 0 0
 0 0 0 0 0
 0 0 0 0 0
 0 0 0 0 0
 0 0 0 0 0
 0 0 0 0 0
 0 0 0 0 0
 0 0 0 0 0
 0 0 0 0 0
 0 0 0 0 0
 0 0 0 0 0
 0 0 0 0 0
 0 0 0 0 0
 0 0 0 0 0
 0 0 0 0 0
 0 0 0 0 0
 0 0 0 0 0
 0 0 0 0 0
 0 0 0 0 0
 0 0 0 0 0
 0 0 0 0 0
 0 0 0 0 0
 0 0 0 0 0
 0 0 0 0 0
 0 0 0 0 0
 0 0 0 0 0
 0 0 0 0 0
 0 0 0 0 0
 0 0 0 0 0
 0 0 0 0 0
 0 0 0 0 0
 0 0 0 0 0
 0 0 0 0 0
 0 0 0 0 0
 0 0 0 0 0
 0 0 0 0 0
 0 0 0 0 0
 0 0 0 0 0
 0 0 0 0 0
 0 0 0 0 0
 0 0 0 0 0
 0 0 0 0 0
 0 0 0 0 0
 0 0 0 0 0
 22.3915 22.0019 0.0069882 0.00352522 21.6208
 5.0482 4.91538 0.0062237 0.0031853 4.7876
 2.02784 1.95685 0.00534582 0.0029225 1.88968
 1.09844 1.05069 0.00520837 0.00263735 1.00623
 0.635227 0.602372 0.00479852 0.00226829 0.5723
 0.442897 0.416392 0.0044609 0.00206282 0.392448
 0.320293 0.298613 0.00414228 0.00195033 0.27931
 0.232899 0.21533 0.00400395 0.00162085 0.199936
 0.174636 0.160122 0.00374745 0.00141163 0.147582
 0.13758 0.125139 0.0034605 0.00123586 0.114504
 0.107703 0.0971527 0.00342527 0.000917148 0.0882485
 0.08696 0.0778188 0.00332495 0.00074672 0.07019
 0.0705763 0.0626435 0.00323787 0.000509927 0.0560995
 0.0617612 0.0543833 0.00318238 0.000346625 0.048333
 0.0514125 0.04493 0.0030462 0.000182283 0.03968
 0.044735 0.0388018 0.00307315 -1.0893e-05 0.0340518
 0 0 0 0 0
 0 0 0 0 0
 0 0 0 0 0
 0 0 0 0 0
 0 0 0 0 0
 0 0 0 0 0
 0 0 0 0 0
 0 0 0 0 0
 0 0 0 0 0
 0 0 0 0 0
 0 0 0 0 0
 0 0 0 0 0
 0 0 0 0 0
 0 0 0 0 0
 0 0 0 0 0
 0 0 0 0 0
 0 0 0 0 0
 0 0 0 0 0
 0 0 0 0 0
 0 0 0 0 0
 0 0 0 0 0
 0 0 0 0 0
 0 0 0 0 0
 0 0 0 0 0
 0 0 0 0 0
 0 0 0 0 0
 0 0 0 0 0
 0 0 0 0 0
 0 0 0 0 0
 0 0 0 0 0
 0 0 0 0 0
 0 0 0 0 0
 0 0 0 0 0
 0 0 0 0 0
 0 0 0 0 0
 0 0 0 0 0
 0 0 0 0 0
 0 0 0 0 0
 0 0 0 0 0
 0 0 0 0 0
 0 0 0 0 0
 0 0 0 0 0
 0 0 0 0 0
 0 0 0 0 0
 0 0 0 0 0
 0 0 0 0 0
 0 0 0 0 0
 0 0 0 0 0
 0 0 0 0 0
 0 0 0 0 0
 0 0 0 0 0
 0 0 0 0 0
 0 0 0 0 0
 0 0 0 0 0
 0 0 0 0 0
 0 0 0 0 0
 0 0 0 0 0
 0 0 0 0 0
 0 0 0 0 0
 0 0 0 0 0
 0 0 0 0 0
 0 0 0 0 0
 0 0 0 0 0
 0 0 0 0 0
 0 0 0 0 0
 0 0 0 0 0
 0 0 0 0 0
 0 0 0 0 0
 0 0 0 0 0
 0 0 0 0 0
 0 0 0 0 0
 0 0 0 0 0
 0 0 0 0 0
 0 0 0 0 0
 0 0 0 0 0
 0 0 0 0 0
 0 0 0 0 0
 0 0 0 0 0
 0 0 0 0 0
 0 0 0 0 0
 0 0 0 0 0
 0 0 0 0 0
 0 0 0 0 0
 0 0 0 0 0
 0 0 0 0 0
 0 0 0 0 0
 0 0 0 0 0
 0 0 0 0 0
 0 0 0 0 0
 0 0 0 0 0
 0 0 0 0 0
 0 0 0 0 0
 0 0 0 0 0
 0 0 0 0 0
 0 0 0 0 0
 0 0 0 0 0
 0 0 0 0 0
 0 0 0 0 0
 0 0 0 0 0
 0 0 0 0 0
 0 0 0 0 0
 0 0 0 0 0
 0 0 0 0 0
 0 0 0 0 0
 0 0 0 0 0
 0 0 0 0 0
 23.5332 23.1314 0.00703107 0.00333043 22.7381
 4.9696 4.84082 0.00617228 0.00308473 4.7169
 2.12142 2.04816 0.00583407 0.00275125 1.97876
 1.12326 1.07501 0.00526173 0.00247463 1.03002
 0.684942 0.649918 0.00488173 0.00225414 0.617797
 0.459697 0.432485 0.00455272 0.00202143 0.407885
 0.317862 0.296547 0.0041956 0.00173298 0.277515
 0.235775 0.218162 0.004 0.00168117 0.202708
 0.17129 0.157189 0.00359618 0.00136471 0.144964
 0.138576 0.126133 0.0035295 0.00113887 0.115478
 0.109309 0.0987208 0.00331715 0.00094969 0.0897782
 0.0881768 0.0789945 0.00322305 0.000766527 0.0713172
 0.072206 0.0641842 0.0031769 0.00053462 0.057551
 0.0618172 0.0545145 0.0031028 0.000361215 0.0485203
 0.05144 0.0450075 0.00302865 0.000164548 0.0397907
 0 0 0 0 0
 0 0 0 0 0
 0 0 0 0 0
 0 0 0 0 0
 0 0 0 0 0
 0 0 0 0 0
 0 0 0 0 0
 0 0 0 0 0
 0 0 0 0 0
 0 0 0 0 0
 0 0 0 0 0
 0 0 0 0 0
 0 0 0 0 0
 0 0 0 0 0
 0 0 0 0 0
 0 0 0 0 0
 0 0 0 0 0
 0 0 0 0 0
 0 0 0 0 0
 0 0 0 0 0
 0 0 0 0 0
 0 0 0 0 0
 0 0 0 0 0
 0 0 0 0 0
 0 0 0 0 0
 0 0 0 0 0
 0 0 0 0 0
 0 0 0 0 0
 0 0 0 0 0
 0 0 0 0 0
 0 0 0 0 0
 0 0 0 0 0
 0 0 0 0 0
 0 0 0 0 0
 0 0 0 0 0
 0 0 0 0 0
 0 0 0 0 0
 0 0 0 0 0
 0 0 0 0 0
 0 0 0 0 0
 0 0 0 0 0
 0 0 0 0 0
 0 0 0 0 0
 0 0 0 0 0
 0 0 0 0 0
 0 0 0 0 0
 0 0 0 0 0
 0 0 0 0 0
 0 0 0 0 0
 0 0 0 0 0
 0 0 0 0 0
 0 0 0 0 0
 0 0 0 0 0
 0 0 0 0 0
 0 0 0 0 0
 0 0 0 0 0
 0 0 0 0 0
 0 0 0 0 0
 0 0 0 0 0
 0 0 0 0 0
 0 0 0 0 0
 0 0 0 0 0
 0 0 0 0 0
 0 0 0 0 0
 0 0 0 0 0
 0 0 0 0 0
 0 0 0 0 0
 0 0 0 0 0
 0 0 0 0 0
 0 0 0 0 0
 0 0 0 0 0
 0 0 0 0 0
 0 0 0 0 0
 0 0 0 0 0
 0 0 0 0 0
 0 0 0 0 0
 0 0 0 0 0
 0 0 0 0 0
 0 0 0 0 0
 0 0 0 0 0
 0 0 0 0 0
 0 0 0 0 0
 0 0 0 0 0
 0 0 0 0 0
 0 0 0 0 0
 0 0 0 0 0
 0 0 0 0 0
 0 0 0 0 0
 0 0 0 0 0
 0 0 0 0 0
 0 0 0 0 0
 0 0 0 0 0
 0 0 0 0 0
 0 0 0 0 0
 0 0 0 0 0
 0 0 0 0 0
 0 0 0 0 0
 0 0 0 0 0
 0 0 0 0 0
 0 0 0 0 0
 0 0 0 0 0
 0 0 0 0 0
 0 0 0 0 0
 0 0 0 0 0
 0 0 0 0 0
 0 0 0 0 0
 0 0 0 0 0
 24.1222 23.7178 0.00711405 0.00318775 23.3219
 5.21837 5.08515 0.0063112 0.00291425 4.9568
 2.12986 2.05727 0.0059324 0.00268407 1.9885
 1.13798 1.08971 0.00522178 0.00243865 1.04471
 0.66859 0.634782 0.0047955 0.00215345 0.603765
 0.454217 0.427625 0.0044408 0.00189656 0.403545
 0.310567 0.28996 0.00411413 0.00174792 0.271593
 0.234709 0.217343 0.00386995 0.00151879 0.202054
 0.177462 0.163 0.00364622 0.00137752 0.150435
 0.136126 0.124024 0.0034417 0.00111282 0.113637
 0.109252 0.0987507 0.00323822 0.000971205 0.089846
 0.086863 0.077902 0.00316837 0.000756557 0.070397
 0.0719235 0.063996 0.0031294 0.00052895 0.0574335
 0.0589695 0.0520525 0.00308485 0.000317613 0.046365
 0 0 0 0 0
 0 0 0 0 0
 0 0 0 0 0
 0 0 0 0 0
 0 0 0 0 0
 0 0 0 0 0
 0 0 0 0 0
 0 0 0 0 0
 0 0 0 0 0
 0 0 0 0 0
 0 0 0 0 0
 0 0 0 0 0
 0 0 0 0 0
 0 0 0 0 0
 0 0 0 0 0
 0 0 0 0 0
 0 0 0 0 0
 0 0 0 0 0
 0 0 0 0 0
 0 0 0 0 0
 0 0 0 0 0
 0 0 0 0 0
 0 0 0 0 0
 0 0 0 0 0
 0 0 0 0 0
 0 0 0 0 0
 0 0 0 0 0
 0 0 0 0 0
 0 0 0 0 0
 0 0 0 0 0
 0 0 0 0 0
 0 0 0 0 0
 0 0 0 0 0
 0 0 0 0 0
 0 0 0 0 0
 0 0 0 0 0
 0 0 0 0 0
 0 0 0 0 0
 0 0 0 0 0
 0 0 0 0 0
 0 0 0 0 0
 0 0 0 0 0
 0 0 0 0 0
 0 0 0 0 0
 0 0 0 0 0
 0 0 0 0 0
 0 0 0 0 0
 0 0 0 0 0
 0 0 0 0 0
 0 0 0 0 0
 0 0 0 0 0
 0 0 0 0 0
 0 0 0 0 0
 0 0 0 0 0
 0 0 0 0 0
 0 0 0 0 0
 0 0 0 0 0
 0 0 0 0 0
 0 0 0 0 0
 0 0 0 0 0
 0 0 0 0 0
 0 0 0 0 0
 0 0 0 0 0
 0 0 0 0 0
 0 0 0 0 0
 0 0 0 0 0
 0 0 0 0 0
 0 0 0 0 0
 0 0 0 0 0
 0 0 0 0 0
 0 0 0 0 0
 0 0 0 0 0
 0 0 0 0 0
 0 0 0 0 0
 0 0 0 0 0
 0 0 0 0 0
 0 0 0 0 0
 0 0 0 0 0
 0 0 0 0 0
 0 0 0 0 0
 0 0 0 0 0
 0 0 0 0 0
 0 0 0 0 0
 0 0 0 0 0
 0 0 0 0 0
 0 0 0 0 0
 0 0 0 0 0
 0 0 0 0 0
 0 0 0 0 0
 0 0 0 0 0
 0 0 0 0 0
 0 0 0 0 0
 0 0 0 0 0
 0 0 0 0 0
 0 0 0 0 0
 0 0 0 0 0
 0 0 0 0 0
 0 0 0 0 0
 0 0 0 0 0
 0 0 0 0 0
 0 0 0 0 0
 0 0 0 0 0
 0 0 0 0 0
 0 0 0 0 0
 0 0 0 0 0
 0 0 0 0 0
 0 0 0 0 0
 0 0 0 0 0
 24.9793 24.5682 0.00731772 0.00312728 24.1657
 5.35195 5.21735 0.00660043 0.00284935 5.08763
 2.17268 2.09964 0.00588458 0.00255175 2.03041
 1.13216 1.08471 0.00540128 0.00236798 1.04046
 0.698755 0.663835 0.00485765 0.00216553 0.631727
 0.445318 0.419532 0.00458585 0.00191922 0.396183
 0.315222 0.294532 0.00408708 0.0016777 0.276088
 0.233226 0.216119 0.00391967 0.00145435 0.201038
 0.179163 0.164696 0.00373433 0.00132434 0.152122
 0.136901 0.124858 0.00350195 0.00106817 0.114533
 0.107616 0.0973715 0.00322788 0.000925607 0.0886778
 0.0895113 0.0803505 0.0031308 0.000740217 0.0726525
 0.07228 0.0643893 0.00307042 0.000579075 0.0578448
 0 0 0 0 0
 0 0 0 0 0
 0 0 0 0 0
 0 0 0 0 0
 0 0 0 0 0
 0 0 0 0 0
 0 0 0 0 0
 0 0 0 0 0
 0 0 0 0 0
 0 0 0 0 0
 0 0 0 0 0
 0 0 0 0 0
 0 0 0 0 0
 0 0 0 0 0
 0 0 0 0 0
 0 0 0 0 0
 0 0 0 0 0
 0 0 0 0 0
 0 0 0 0 0
 0 0 0 0 0
 0 0 0 0 0
 0 0 0 0 0
 0 0 0 0 0
 0 0 0 0 0
 0 0 0 0 0
 0 0 0 0 0
 0 0 0 0 0
 0 0 0 0 0
 0 0 0 0 0
 0 0 0 0 0
 0 0 0 0 0
 0 0 0 0 0
 0 0 0 0 0
 0 0 0 0 0
 0 0 0 0 0
 0 0 0 0 0
 0 0 0 0 0
 0 0 0 0 0
 0 0 0 0 0
 0 0 0 0 0
 0 0 0 0 0
 0 0 0 0 0
 0 0 0 0 0
 0 0 0 0 0
 0 0 0 0 0
 0 0 0 0 0
 0 0 0 0 0
 0 0 0 0 0
 0 0 0 0 0
 0 0 0 0 0
 0 0 0 0 0
 0 0 0 0 0
 0 0 0 0 0
 0 0 0 0 0
 0 0 0 0 0
 0 0 0 0 0
 0 0 0 0 0
 0 0 0 0 0
 0 0 0 0 0
 0 0 0 0 0
 0 0 0 0 0
 0 0 0 0 0
 0 0 0 0 0
 0 0 0 0 0
 0 0 0 0 0
 0 0 0 0 0
 0 0 0 0 0
 0 0 0 0 0
 0 0 0 0 0
 0 0 0 0 0
 0 0 0 0 0
 0 0 0 0 0
 0 0 0 0 0
 0 0 0 0 0
 0 0 0 0 0
 0 0 0 0 0
 0 0 0 0 0
 0 0 0 0 0
 0 0 0 0 0
 0 0 0 0 0
 0 0 0 0 0
 0 0 0 0 0
 0 0 0 0 0
 0 0 0 0 0
 0 0 0 0 0
 0 0 0 0 0
 0 0 0 0 0
 0 0 0 0 0
 0 0 0 0 0
 0 0 0 0 0
 0 0 0 0 0
 0 0 0 0 0
 0 0 0 0 0
 0 0 0 0 0
 0 0 0 0 0
 0 0 0 0 0
 0 0 0 0 0
 0 0 0 0 0
 0 0 0 0 0
 0 0 0 0 0
 0 0 0 0 0
 0 0 0 0 0
 0 0 0 0 0
 0 0 0 0 0
 0 0 0 0 0
 0 0 0 0 0
 0 0 0 0 0
 0 0 0 0 0
 0 0 0 0 0
 25.8443 25.4265 0.00755312 0.00291853 25.0175
 5.38402 5.25057 0.00661715 0.00276163 5.12185
 2.14896 2.07763 0.005972 0.00249046 2.00995
 1.13576 1.08872 0.00543368 0.00223397 1.04482
 0.709795 0.674697 0.00499902 0.00202579 0.642423
 0.462167 0.43567 0.004573 0.0017358 0.411615
 0.318892 0.298173 0.00423357 0.00168367 0.279665
 0.235787 0.218701 0.0039948 0.00145908 0.203641
 0.17848 0.164203 0.00367887 0.00123039 0.151767
 0.142787 0.130336 0.00346865 0.00109138 0.119629
 0.110677 0.10022 0.0033191 0.000892405 0.091309
 0.0894452 0.0803712 0.00321325 0.00071407 0.072763
 0 0 0 0 0
 0 0 0 0 0
 0 0 0 0 0
 0 0 0 0 0
 0 0 0 0 0
 0 0 0 0 0
 0 0 0 0 0
 0 0 0 0 0
 0 0 0 0 0
 0 0 0 0 0
 0 0 0 0 0
 0 0 0 0 0
 0 0 0 0 0
 0 0 0 0 0
 0 0 0 0 0
 0 0 0 0 0
 0 0 0 0 0
 0 0 0 0 0
 0 0 0 0 0
 0 0 0 0 0
 0 0 0 0 0
 0 0 0 0 0
 0 0 0 0 0
 0 0 0 0 0
 0 0 0 0 0
 0 0 0 0 0
 0 0 0 0 0
 0 0 0 0 0
 0 0 0 0 0
 0 0 0 0 0
 0 0 0 0 0
 0 0 0 0 0
 0 0 0 0 0
 0 0 0 0 0
 0 0 0 0 0
 0 0 0 0 0
 0 0 0 0 0
 0 0 0 0 0
 0 0 0 0 0
 0 0 0 0 0
 0 0 0 0 0
 0 0 0 0 0
 0 0 0 0 0
 0 0 0 0 0
 0 0 0 0 0
 0 0 0 0 0
 0 0 0 0 0
 0 0 0 0 0
 0 0 0 0 0
 0 0 0 0 0
 0 0 0 0 0
 0 0 0 0 0
 0 0 0 0 0
 0 0 0 0 0
 0 0 0 0 0
 0 0 0 0 0
 0 0 0 0 0
 0 0 0 0 0
 0 0 0 0 0
 0 0 0 0 0
 0 0 0 0 0
 0 0 0 0 0
 0 0 0 0 0
 0 0 0 0 0
 0 0 0 0 0
 0 0 0 0 0
 0 0 0 0 0
 0 0 0 0 0
 0 0 0 0 0
 0 0 0 0 0
 0 0 0 0 0
 0 0 0 0 0
 0 0 0 0 0
 0 0 0 0 0
 0 0 0 0 0
 0 0 0 0 0
 0 0 0 0 0
 0 0 0 0 0
 0 0 0 0 0
 0 0 0 0 0
 0 0 0 0 0
 0 0 0 0 0
 0 0 0 0 0
 0 0 0 0 0
 0 0 0 0 0
 0 0 0 0 0
 0 0 0 0 0
 0 0 0 0 0
 0 0 0 0 0
 0 0 0 0 0
 0 0 0 0 0
 0 0 0 0 0
 0 0 0 0 0
 0 0 0 0 0
 0 0 0 0 0
 0 0 0 0 0
 0 0 0 0 0
 0 0 0 0 0
 0 0 0 0 0
 0 0 0 0 0
 0 0 0 0 0
 0 0 0 0 0
 0 0 0 0 0
 0 0 0 0 0
 0 0 0 0 0
 0 0 0 0 0
 0 0 0 0 0
 0 0 0 0 0
 0 0 0 0 0
 0 0 0 0 0
 26.7925 26.3675 0.00767335 0.00286872 25.9505
 5.33675 5.20642 0.0065498 0.00260055 5.08065
 2.16922 2.09814 0.00610438 0.0022799 2.03063
 1.13907 1.09247 0.005428 0.00215776 1.04896
 0.709025 0.67434 0.00513835 0.00195001 0.642398
 0.454868 0.42908 0.00450193 0.00175311 0.405665
 0.330428 0.309155 0.00425893 0.00155873 0.290105
 0.236269 0.219298 0.00390673 0.00137332 0.204318
 0.176754 0.162765 0.0036863 0.00117754 0.150574
 0.139079 0.127047 0.0034575 0.00102754 0.116665
 0.109213 0.0989897 0.0032608 0.000817163 0.0902887
 0 0 0 0 0
 0 0 0 0 0
 0 0 0 0 0
 0 0 0 0 0
 0 0 0 0 0
 0 0 0 0 0
 0 0 0 0 0
 0 0 0 0 0
 0 0 0 0 0
 0 0 0 0 0
 0 0 0 0 0
 0 0 0 0 0
 0 0 0 0 0
 0 0 0 0 0
 0 0 0 0 0
 0 0 0 0 0
 0 0 0 0 0
 0 0 0 0 0
 0 0 0 0 0
 0 0 0 0 0
 0 0 0 0 0
 0 0 0 0 0
 0 0 0 0 0
 0 0 0 0 0
 0 0 0 0 0
 0 0 0 0 0
 0 0 0 0 0
 0 0 0 0 0
 0 0 0 0 0
 0 0 0 0 0
 0 0 0 0 0
 0 0 0 0 0
 0 0 0 0 0
 0 0 0 0 0
 0 0 0 0 0
 0 0 0 0 0
 0 0 0 0 0
 0 0 0 0 0
 0 0 0 0 0
 0 0 0 0 0
 0 0 0 0 0
 0 0 0 0 0
 0 0 0 0 0
 0 0 0 0 0
 0 0 0 0 0
 0 0 0 0 0
 0 0 0 0 0
 0 0 0 0 0
 0 0 0 0 0
 0 0 0 0 0
 0 0 0 0 0
 0 0 0 0 0
 0 0 0 0 0
 0 0 0 0 0
 0 0 0 0 0
 0 0 0 0 0
 0 0 0 0 0
 0 0 0 0 0
 0 0 0 0 0
 0 0 0 0 0
 0 0 0 0 0
 0 0 0 0 0
 0 0 0 0 0
 0 0 0 0 0
 0 0 0 0 0
 0 0 0 0 0
 0 0 0 0 0
 0 0 0 0 0
 0 0 0 0 0
 0 0 0 0 0
 0 0 0 0 0
 0 0 0 0 0
 0 0 0 0 0
 0 0 0 0 0
 0 0 0 0 0
 0 0 0 0 0
 0 0 0 0 0
 0 0 0 0 0
 0 0 0 0 0
 0 0 0 0 0
 0 0 0 0 0
 0 0 0 0 0
 0 0 0 0 0
 0 0 0 0 0
 0 0 0 0 0
 0 0 0 0 0
 0 0 0 0 0
 0 0 0 0 0
 0 0 0 0 0
 0 0 0 0 0
 0 0 0 0 0
 0 0 0 0 0
 0 0 0 0 0
 0 0 0 0 0
 0 0 0 0 0
 0 0 0 0 0
 0 0 0 0 0
 0 0 0 0 0
 0 0 0 0 0
 0 0 0 0 0
 0 0 0 0 0
 0 0 0 0 0
 0 0 0 0 0
 0 0 0 0 0
 0 0 0 0 0
 0 0 0 0 0
 0 0 0 0 0
 0 0 0 0 0
 0 0 0 0 0
 0 0 0 0 0
 0 0 0 0 0
 27.045 26.6235 0.00772942 0.00269875 26.2103
 5.68737 5.55048 0.0069532 0.0025225 5.41835
 2.27527 2.20165 0.0062524 0.00236818 2.13167
 1.17377 1.1263 0.00553637 0.00199865 1.08183
 0.693392 0.65983 0.00498582 0.00188373 0.628848
 0.46932 0.442993 0.00462462 0.00171044 0.419037
 0.324083 0.303425 0.00431005 0.00147068 0.284923
 0.238492 0.221519 0.00394955 0.00130355 0.206496
 0.175784 0.161991 0.00369055 0.00107424 0.149953
 0.138687 0.126808 0.00352162 0.00094903 0.116545
 0 0 0 0 0
 0 0 0 0 0
 0 0 0 0 0
 0 0 0 0 0
 0 0 0 0 0
 0 0 0 0 0
 0 0 0 0 0
 0 0 0 0 0
 0 0 0 0 0
 0 0 0 0 0
 0 0 0 0 0
 0 0 0 0 0
 0 0 0 0 0
 0 0 0 0 0
 0 0 0 0 0
 0 0 0 0 0
 0 0 0 0 0
 0 0 0 0 0
 0 0 0 0 0
 0 0 0 0 0
 0 0 0 0 0
 0 0 0 0 0
 0 0 0 0 0
 0 0 0 0 0
 0 0 0 0 0
 0 0 0 0 0
 0 0 0 0 0
 0 0 0 0 0
 0 0 0 0 0
 0 0 0 0 0
 0 0 0 0 0
 0 0 0 0 0
 0 0 0 0 0
 0 0 0 0 0
 0 0 0 0 0
 0 0 0 0 0
 0 0 0 0 0
 0 0 0 0 0
 0 0 0 0 0
 0 0 0 0 0
 0 0 0 0 0
 0 0 0 0 0
 0 0 0 0 0
 0 0 0 0 0
 0 0 0 0 0
 0 0 0 0 0
 0 0 0 0 0
 0 0 0 0 0
 0 0 0 0 0
 0 0 0 0 0
 0 0 0 0 0
 0 0 0 0 0
 0 0 0 0 0
 0 0 0 0 0
 0 0 0 0 0
 0 0 0 0 0
 0 0 0 0 0
 0 0 0 0 0
 0 0 0 0 0
 0 0 0 0 0
 0 0 0 0 0
 0 0 0 0 0
 0 0 0 0 0
 0 0 0 0 0
 0 0 0 0 0
 0 0 0 0 0
 0 0 0 0 0
 0 0 0 0 0
 0 0 0 0 0
 0 0 0 0 0
 0 0 0 0 0
 0 0 0 0 0
 0 0 0 0 0
 0 0 0 0 0
 0 0 0 0 0
 0 0 0 0 0
 0 0 0 0 0
 0 0 0 0 0
 0 0 0 0 0
 0 0 0 0 0
 0 0 0 0 0
 0 0 0 0 0
 0 0 0 0 0
 0 0 0 0 0
 0 0 0 0 0
 0 0 0 0 0
 0 0 0 0 0
 0 0 0 0 0
 0 0 0 0 0
 0 0 0 0 0
 0 0 0 0 0
 0 0 0 0 0
 0 0 0 0 0
 0 0 0 0 0
 0 0 0 0 0
 0 0 0 0 0
 0 0 0 0 0
 0 0 0 0 0
 0 0 0 0 0
 0 0 0 0 0
 0 0 0 0 0
 0 0 0 0 0
 0 0 0 0 0
 0 0 0 0 0
 0 0 0 0 0
 0 0 0 0 0
 0 0 0 0 0
 0 0 0 0 0
 0 0 0 0 0
 0 0 0 0 0
 0 0 0 0 0
 0 0 0 0 0
 28.2113 27.7792 0.0081713 0.00236253 27.3555
 5.70128 5.566 0.0071298 0.00222021 5.4353
 2.3382 2.26351 0.0065014 0.00203952 2.1925
 1.18685 1.13939 0.00563022 0.00203518 1.09493
 0.72548 0.690758 0.00513742 0.00177702 0.658695
 0.473768 0.44746 0.00467182 0.00159401 0.423538
 0.326157 0.305585 0.00430883 0.00137328 0.28714
 0.24008 0.223164 0.00409595 0.00122545 0.208198
 0.175706 0.162038 0.00369845 0.000990507 0.150107
 0 0 0 0 0
 0 0 0 0 0
 0 0 0 0 0
 0 0 0 0 0
 0 0 0 0 0
 0 0 0 0 0
 0 0 0 0 0
 0 0 0 0 0
 0 0 0 0 0
 0 0 0 0 0
 0 0 0 0 0
 0 0 0 0 0
 0 0 0 0 0
 0 0 0 0 0
 0 0 0 0 0
 0 0 0 0 0
 0 0 0 0 0
 0 0 0 0 0
 0 0 0 0 0
 0 0 0 0 0
 0 0 0 0 0
 0 0 0 0 0
 0 0 0 0 0
 0 0 0 0 0
 0 0 0 0 0
 0 0 0 0 0
 0 0 0 0 0
 0 0 0 0 0
 0 0 0 0 0
 0 0 0 0 0
 0 0 0 0 0
 0 0 0 0 0
 0 0 0 0 0
 0 0 0 0 0
 0 0 0 0 0
 0 0 0 0 0
 0 0 0 0 0
 0 0 0 0 0
 0 0 0 0 0
 0 0 0 0 0
 0 0 0 0 0
 0 0 0 0 0
 0 0 0 0 0
 0 0 0 0 0
 0 0 0 0 0
 0 0 0 0 0
 0 0 0 0 0
 0 0 0 0 0
 0 0 0 0 0
 0 0 0 0 0
 0 0 0 0 0
 0 0 0 0 0
 0 0 0 0 0
 0 0 0 0 0
 0 0 0 0 0
 0 0 0 0 0
 0 0 0 0 0
 0 0 0 0 0
 0 0 0 0 0
 0 0 0 0 0
 0 0 0 0 0
 0 0 0 0 0
 0 0 0 0 0
 0 0 0 0 0
 0 0 0 0 0
 0 0 0 0 0
 0 0 0 0 0
 0 0 0 0 0
 0 0 0 0 0
 0 0 0 0 0
 0 0 0 0 0
 0 0 0 0 0
 0 0 0 0 0
 0 0 0 0 0
 0 0 0 0 0
 0 0 0 0 0
 0 0 0 0 0
 0 0 0 0 0
 0 0 0 0 0
 0 0 0 0 0
 0 0 0 0 0
 0 0 0 0 0
 0 0 0 0 0
 0 0 0 0 0
 0 0 0 0 0
 0 0 0 0 0
 0 0 0 0 0
 0 0 0 0 0
 0 0 0 0 0
 0 0 0 0 0
 0 0 0 0 0
 0 0 0 0 0
 0 0 0 0 0
 0 0 0 0 0
 0 0 0 0 0
 0 0 0 0 0
 0 0 0 0 0
 0 0 0 0 0
 0 0 0 0 0
 0 0 0 0 0
 0 0 0 0 0
 0 0 0 0 0
 0 0 0 0 0
 0 0 0 0 0
 0 0 0 0 0
 0 0 0 0 0
 0 0 0 0 0
 0 0 0 0 0
 0 0 0 0 0
 0 0 0 0 0
 0 0 0 0 0
 0 0 0 0 0
 0 0 0 0 0
 27.975 27.554 0.00816138 0.00224278 27.141
 5.76065 5.62588 0.0072207 0.00208653 5.49568
 2.36528 2.29065 0.00654935 0.00195362 2.2196
 1.25505 1.20544 0.0059646 0.00182962 1.15894
 0.712595 0.678873 0.00528973 0.00165946 0.64773
 0.464895 0.439322 0.0046496 0.00145108 0.416023
 0.316237 0.296467 0.00432078 0.00130976 0.27872
 0.238352 0.221711 0.0039443 0.00118062 0.206957
 0 0 0 0 0
 0 0 0 0 0
 0 0 0 0 0
 0 0 0 0 0
 0 0 0 0 0
 0 0 0 0 0
 0 0 0 0 0
 0 0 0 0 0
 0 0 0 0 0
 0 0 0 0 0
 0 0 0 0 0
 0 0 0 0 0
 0 0 0 0 0
 0 0 0 0 0
 0 0 0 0 0
 0 0 0 0 0
 0 0 0 0 0
 0 0 0 0 0
 0 0 0 0 0
 0 0 0 0 0
 0 0 0 0 0
 0 0 0 0 0
 0 0 0 0 0
 0 0 0 0 0
 0 0 0 0 0
 0 0 0 0 0
 0 0 0 0 0
 0 0 0 0 0
 0 0 0 0 0
 0 0 0 0 0
 0 0 0 0 0
 0 0 0 0 0
 0 0 0 0 0
 0 0 0 0 0
 0 0 0 0 0
 0 0 0 0 0
 0 0 0 0 0
 0 0 0 0 0
 0 0 0 0 0
 0 0 0 0 0
 0 0 0 0 0
 0 0 0 0 0
 0 0 0 0 0
 0 0 0 0 0
 0 0 0 0 0
 0 0 0 0 0
 0 0 0 0 0
 0 0 0 0 0
 0 0 0 0 0
 0 0 0 0 0
 0 0 0 0 0
 0 0 0 0 0
 0 0 0 0 0
 0 0 0 0 0
 0 0 0 0 0
 0 0 0 0 0
 0 0 0 0 0
 0 0 0 0 0
 0 0 0 0 0
 0 0 0 0 0
 0 0 0 0 0
 0 0 0 0 0
 0 0 0 0 0
 0 0 0 0 0
 0 0 0 0 0
 0 0 0 0 0
 0 0 0 0 0
 0 0 0 0 0
 0 0 0 0 0
 0 0 0 0 0
 0 0 0 0 0
 0 0 0 0 0
 0 0 0 0 0
 0 0 0 0 0
 0 0 0 0 0
 0 0 0 0 0
 0 0 0 0 0
 0 0 0 0 0
 0 0 0 0 0
 0 0 0 0 0
 0 0 0 0 0
 0 0 0 0 0
 0 0 0 0 0
 0 0 0 0 0
 0 0 0 0 0
 0 0 0 0 0
 0 0 0 0 0
 0 0 0 0 0
 0 0 0 0 0
 0 0 0 0 0
 0 0 0 0 0
 0 0 0 0 0
 0 0 0 0 0
 0 0 0 0 0
 0 0 0 0 0
 0 0 0 0 0
 0 0 0 0 0
 0 0 0 0 0
 0 0 0 0 0
 0 0 0 0 0
 0 0 0 0 0
 0 0 0 0 0
 0 0 0 0 0
 0 0 0 0 0
 0 0 0 0 0
 0 0 0 0 0
 0 0 0 0 0
 0 0 0 0 0
 0 0 0 0 0
 0 0 0 0 0
 0 0 0 0 0
 0 0 0 0 0
 0 0 0 0 0
 0 0 0 0 0
 29.052 28.6225 0.0085335 0.00211985 28.2008
 5.7715 5.63835 0.00720885 0.00200298 5.50958
 2.31421 2.24207 0.0067463 0.00169132 2.17339
 1.19912 1.15226 0.0057434 0.00179385 1.10834
 0.729102 0.694955 0.0052461 0.00160724 0.663402
 0.487652 0.461125 0.0049014 0.00145648 0.436918
 0.325728 0.305557 0.0044146 0.00120658 0.287417
 0 0 0 0 0
 0 0 0 0 0
 0 0 0 0 0
 0 0 0 0 0
 0 0 0 0 0
 0 0 0 0 0
 0 0 0 0 0
 0 0 0 0 0
 0 0 0 0 0
 0 0 0 0 0
 0 0 0 0 0
 0 0 0 0 0
 0 0 0 0 0
 0 0 0 0 0
 0 0 0 0 0
 0 0 0 0 0
 0 0 0 0 0
 0 0 0 0 0
 0 0 0 0 0
 0 0 0 0 0
 0 0 0 0 0
 0 0 0 0 0
 0 0 0 0 0
 0 0 0 0 0
 0 0 0 0 0
 0 0 0 0 0
 0 0 0 0 0
 0 0 0 0 0
 0 0 0 0 0
 0 0 0 0 0
 0 0 0 0 0
 0 0 0 0 0
 0 0 0 0 0
 0 0 0 0 0
 0 0 0 0 0
 0 0 0 0 0
 0 0 0 0 0
 0 0 0 0 0
 0 0 0 0 0
 0 0 0 0 0
 0 0 0 0 0
 0 0 0 0 0
 0 0 0 0 0
 0 0 0 0 0
 0 0 0 0 0
 0 0 0 0 0
 0 0 0 0 0
 0 0 0 0 0
 0 0 0 0 0
 0 0 0 0 0
 0 0 0 0 0
 0 0 0 0 0
 0 0 0 0 0
 0 0 0 0 0
 0 0 0 0 0
 0 0 0 0 0
 0 0 0 0 0
 0 0 0 0 0
 0 0 0 0 0
 0 0 0 0 0
 0 0 0 0 0
 0 0 0 0 0
 0 0 0 0 0
 0 0 0 0 0
 0 0 0 0 0
 0 0 0 0 0
 0 0 0 0 0
 0 0 0 0 0
 0 0 0 0 0
 0 0 0 0 0
 0 0 0 0 0
 0 0 0 0 0
 0 0 0 0 0
 0 0 0 0 0
 0 0 0 0 0
 0 0 0 0 0
 0 0 0 0 0
 0 0 0 0 0
 0 0 0 0 0
 0 0 0 0 0
 0 0 0 0 0
 0 0 0 0 0
 0 0 0 0 0
 0 0 0 0 0
 0 0 0 0 0
 0 0 0 0 0
 0 0 0 0 0
 0 0 0 0 0
 0 0 0 0 0
 0 0 0 0 0
 0 0 0 0 0
 0 0 0 0 0
 0 0 0 0 0
 0 0 0 0 0
 0 0 0 0 0
 0 0 0 0 0
 0 0 0 0 0
 0 0 0 0 0
 0 0 0 0 0
 0 0 0 0 0
 0 0 0 0 0
 0 0 0 0 0
 0 0 0 0 0
 0 0 0 0 0
 0 0 0 0 0
 0 0 0 0 0
 0 0 0 0 0
 0 0 0 0 0
 0 0 0 0 0
 0 0 0 0 0
 0 0 0 0 0
 0 0 0 0 0
 0 0 0 0 0
 0 0 0 0 0
 0 0 0 0 0
 29.597 29.167 0.008507 0.00196292 28.7445
 6.01262 5.87582 0.00770623 0.00172702 5.74355
 2.36761 2.29471 0.0066801 0.00177996 2.22526
 1.22131 1.17411 0.0059281 0.00155555 1.12979
 0.734987 0.70093 0.0054114 0.00148503 0.669438
 0.485237 0.4591 0.00490352 0.00136408 0.435253
 0 0 0 0 0
 0 0 0 0 0
 0 0 0 0 0
 0 0 0 0 0
 0 0 0 0 0
 0 0 0 0 0
 0 0 0 0 0
 0 0 0 0 0
 0 0 0 0 0
 0 0 0 0 0
 0 0 0 0 0
 0 0 0 0 0
 0 0 0 0 0
 0 0 0 0 0
 0 0 0 0 0
 0 0 0 0 0
 0 0 0 0 0
 0 0 0 0 0
 0 0 0 0 0
 0 0 0 0 0
 0 0 0 0 0
 0 0 0 0 0
 0 0 0 0 0
 0 0 0 0 0
 0 0 0 0 0
 0 0 0 0 0
 0 0 0 0 0
 0 0 0 0 0
 0 0 0 0 0
 0 0 0 0 0
 0 0 0 0 0
 0 0 0 0 0
 0 0 0 0 0
 0 0 0 0 0
 0 0 0 0 0
 0 0 0 0 0
 0 0 0 0 0
 0 0 0 0 0
 0 0 0 0 0
 0 0 0 0 0
 0 0 0 0 0
 0 0 0 0 0
 0 0 0 0 0
 0 0 0 0 0
 0 0 0 0 0
 0 0 0 0 0
 0 0 0 0 0
 0 0 0 0 0
 0 0 0 0 0
 0 0 0 0 0
 0 0 0 0 0
 0 0 0 0 0
 0 0 0 0 0
 0 0 0 0 0
 0 0 0 0 0
 0 0 0 0 0
 0 0 0 0 0
 0 0 0 0 0
 0 0 0 0 0
 0 0 0 0 0
 0 0 0 0 0
 0 0 0 0 0
 0 0 0 0 0
 0 0 0 0 0
 0 0 0 0 0
 0 0 0 0 0
 0 0 0 0 0
 0 0 0 0 0
 0 0 0 0 0
 0 0 0 0 0
 0 0 0 0 0
 0 0 0 0 0
 0 0 0 0 0
 0 0 0 0 0
 0 0 0 0 0
 0 0 0 0 0
 0 0 0 0 0
 0 0 0 0 0
 0 0 0 0 0
 0 0 0 0 0
 0 0 0 0 0
 0 0 0 0 0
 0 0 0 0 0
 0 0 0 0 0
 0 0 0 0 0
 0 0 0 0 0
 0 0 0 0 0
 0 0 0 0 0
 0 0 0 0 0
 0 0 0 0 0
 0 0 0 0 0
 0 0 0 0 0
 0 0 0 0 0
 0 0 0 0 0
 0 0 0 0 0
 0 0 0 0 0
 0 0 0 0 0
 0 0 0 0 0
 0 0 0 0 0
 0 0 0 0 0
 0 0 0 0 0
 0 0 0 0 0
 0 0 0 0 0
 0 0 0 0 0
 0 0 0 0 0
 0 0 0 0 0
 0 0 0 0 0
 0 0 0 0 0
 0 0 0 0 0
 0 0 0 0 0
 0 0 0 0 0
 0 0 0 0 0
 0 0 0 0 0
 0 0 0 0 0
 0 0 0 0 0
 0 0 0 0 0
 29.9225 29.495 0.0086179 0.00174376 29.0753
 5.92082 5.78797 0.0074236 0.00180731 5.65943
 2.32473 2.25401 0.0064793 0.00162509 2.18655
 1.20296 1.15697 0.0061204 0.00136847 1.11377
 0.74094 0.706957 0.00531478 0.0013813 0.675485
 0 0 0 0 0
 0 0 0 0 0
 0 0 0 0 0
 0 0 0 0 0
 0 0 0 0 0
 0 0 0 0 0
 0 0 0 0 0
 0 0 0 0 0
 0 0 0 0 0
 0 0 0 0 0
 0 0 0 0 0
 0 0 0 0 0
 0 0 0 0 0
 0 0 0 0 0
 0 0 0 0 0
 0 0 0 0 0
 0 0 0 0 0
 0 0 0 0 0
 0 0 0 0 0
 0 0 0 0 0
 0 0 0 0 0
 0 0 0 0 0
 0 0 0 0 0
 0 0 0 0 0
 0 0 0 0 0
 0 0 0 0 0
 0 0 0 0 0
 0 0 0 0 0
 0 0 0 0 0
 0 0 0 0 0
 0 0 0 0 0
 0 0 0 0 0
 0 0 0 0 0
 0 0 0 0 0
 0 0 0 0 0
 0 0 0 0 0
 0 0 0 0 0
 0 0 0 0 0
 0 0 0 0 0
 0 0 0 0 0
 0 0 0 0 0
 0 0 0 0 0
 0 0 0 0 0
 0 0 0 0 0
 0 0 0 0 0
 0 0 0 0 0
 0 0 0 0 0
 0 0 0 0 0
 0 0 0 0 0
 0 0 0 0 0
 0 0 0 0 0
 0 0 0 0 0
 0 0 0 0 0
 0 0 0 0 0
 0 0 0 0 0
 0 0 0 0 0
 0 0 0 0 0
 0 0 0 0 0
 0 0 0 0 0
 0 0 0 0 0
 0 0 0 0 0
 0 0 0 0 0
 0 0 0 0 0
 0 0 0 0 0
 0 0 0 0 0
 0 0 0 0 0
 0 0 0 0 0
 0 0 0 0 0
 0 0 0 0 0
 0 0 0 0 0
 0 0 0 0 0
 0 0 0 0 0
 0 0 0 0 0
 0 0 0 0 0
 0 0 0 0 0
 0 0 0 0 0
 0 0 0 0 0
 0 0 0 0 0
 0 0 0 0 0
 0 0 0 0 0
 0 0 0 0 0
 0 0 0 0 0
 0 0 0 0 0
 0 0 0 0 0
 0 0 0 0 0
 0 0 0 0 0
 0 0 0 0 0
 0 0 0 0 0
 0 0 0 0 0
 0 0 0 0 0
 0 0 0 0 0
 0 0 0 0 0
 0 0 0 0 0
 0 0 0 0 0
 0 0 0 0 0
 0 0 0 0 0
 0 0 0 0 0
 0 0 0 0 0
 0 0 0 0 0
 0 0 0 0 0
 0 0 0 0 0
 0 0 0 0 0
 0 0 0 0 0
 0 0 0 0 0
 0 0 0 0 0
 0 0 0 0 0
 0 0 0 0 0
 0 0 0 0 0
 0 0 0 0 0
 0 0 0 0 0
 0 0 0 0 0
 0 0 0 0 0
 0 0 0 0 0
 0 0 0 0 0
 0 0 0 0 0
 0 0 0 0 0
 0 0 0 0 0
 30.498 30.0697 0.00888847 0.0016113 29.649
 5.9134 5.7825 0.00775962 0.00147587 5.6558
 2.39514 2.32314 0.0067568 0.00139257 2.2545
 1.26541 1.21757 0.00623355 0.0013195 1.17262
 0 0 0 0 0
 0 0 0 0 0
 0 0 0 0 0
 0 0 0 0 0
 0 0 0 0 0
 0 0 0 0 0
 0 0 0 0 0
 0 0 0 0 0
 0 0 0 0 0
 0 0 0 0 0
 0 0 0 0 0
 0 0 0 0 0
 0 0 0 0 0
 0 0 0 0 0
 0 0 0 0 0
 0 0 0 0 0
 0 0 0 0 0
 0 0 0 0 0
 0 0 0 0 0
 0 0 0 0 0
 0 0 0 0 0
 0 0 0 0 0
 0 0 0 0 0
 0 0 0 0 0
 0 0 0 0 0
 0 0 0 0 0
 0 0 0 0 0
 0 0 0 0 0
 0 0 0 0 0
 0 0 0 0 0
 0 0 0 0 0
 0 0 0 0 0
 0 0 0 0 0
 0 0 0 0 0
 0 0 0 0 0
 0 0 0 0 0
 0 0 0 0 0
 0 0 0 0 0
 0 0 0 0 0
 0 0 0 0 0
 0 0 0 0 0
 0 0 0 0 0
 0 0 0 0 0
 0 0 0 0 0
 0 0 0 0 0
 0 0 0 0 0
 0 0 0 0 0
 0 0 0 0 0
 0 0 0 0 0
 0 0 0 0 0
 0 0 0 0 0
 0 0 0 0 0
 0 0 0 0 0
 0 0 0 0 0
 0 0 0 0 0
 0 0 0 0 0
 0 0 0 0 0
 0 0 0 0 0
 0 0 0 0 0
 0 0 0 0 0
 0 0 0 0 0
 0 0 0 0 0
 0 0 0 0 0
 0 0 0 0 0
 0 0 0 0 0
 0 0 0 0 0
 0 0 0 0 0
 0 0 0 0 0
 0 0 0 0 0
 0 0 0 0 0
 0 0 0 0 0
 0 0 0 0 0
 0 0 0 0 0
 0 0 0 0 0
 0 0 0 0 0
 0 0 0 0 0
 0 0 0 0 0
 0 0 0 0 0
 0 0 0 0 0
 0 0 0 0 0
 0 0 0 0 0
 0 0 0 0 0
 0 0 0 0 0
 0 0 0 0 0
 0 0 0 0 0
 0 0 0 0 0
 0 0 0 0 0
 0 0 0 0 0
 0 0 0 0 0
 0 0 0 0 0
 0 0 0 0 0
 0 0 0 0 0
 0 0 0 0 0
 0 0 0 0 0
 0 0 0 0 0
 0 0 0 0 0
 0 0 0 0 0
 0 0 0 0 0
 0 0 0 0 0
 0 0 0 0 0
 0 0 0 0 0
 0 0 0 0 0
 0 0 0 0 0
 0 0 0 0 0
 0 0 0 0 0
 0 0 0 0 0
 0 0 0 0 0
 0 0 0 0 0
 0 0 0 0 0
 0 0 0 0 0
 0 0 0 0 0
 0 0 0 0 0
 0 0 0 0 0
 0 0 0 0 0
 0 0 0 0 0
 0 0 0 0 0
 0 0 0 0 0
 0 0 0 0 0
 33.2988 32.839 0.00945368 0.00127046 32.3867
 6.0651 5.93265 0.00797713 0.00137163 5.80435
 2.46238 2.38924 0.00693485 0.00138814 2.31944
 0 0 0 0 0
 0 0 0 0 0
 0 0 0 0 0
 0 0 0 0 0
 0 0 0 0 0
 0 0 0 0 0
 0 0 0 0 0
 0 0 0 0 0
 0 0 0 0 0
 0 0 0 0 0
 0 0 0 0 0
 0 0 0 0 0
 0 0 0 0 0
 0 0 0 0 0
 0 0 0 0 0
 0 0 0 0 0
 0 0 0 0 0
 0 0 0 0 0
 0 0 0 0 0
 0 0 0 0 0
 0 0 0 0 0
 0 0 0 0 0
 0 0 0 0 0
 0 0 0 0 0
 0 0 0 0 0
 0 0 0 0 0
 0 0 0 0 0
 0 0 0 0 0
 0 0 0 0 0
 0 0 0 0 0
 0 0 0 0 0
 0 0 0 0 0
 0 0 0 0 0
 0 0 0 0 0
 0 0 0 0 0
 0 0 0 0 0
 0 0 0 0 0
 0 0 0 0 0
 0 0 0 0 0
 0 0 0 0 0
 0 0 0 0 0
 0 0 0 0 0
 0 0 0 0 0
 0 0 0 0 0
 0 0 0 0 0
 0 0 0 0 0
 0 0 0 0 0
 0 0 0 0 0
 0 0 0 0 0
 0 0 0 0 0
 0 0 0 0 0
 0 0 0 0 0
 0 0 0 0 0
 0 0 0 0 0
 0 0 0 0 0
 0 0 0 0 0
 0 0 0 0 0
 0 0 0 0 0
 0 0 0 0 0
 0 0 0 0 0
 0 0 0 0 0
 0 0 0 0 0
 0 0 0 0 0
 0 0 0 0 0
 0 0 0 0 0
 0 0 0 0 0
 0 0 0 0 0
 0 0 0 0 0
 0 0 0 0 0
 0 0 0 0 0
 0 0 0 0 0
 0 0 0 0 0
 0 0 0 0 0
 0 0 0 0 0
 0 0 0 0 0
 0 0 0 0 0
 0 0 0 0 0
 0 0 0 0 0
 0 0 0 0 0
 0 0 0 0 0
 0 0 0 0 0
 0 0 0 0 0
 0 0 0 0 0
 0 0 0 0 0
 0 0 0 0 0
 0 0 0 0 0
 0 0 0 0 0
 0 0 0 0 0
 0 0 0 0 0
 0 0 0 0 0
 0 0 0 0 0
 0 0 0 0 0
 0 0 0 0 0
 0 0 0 0 0
 0 0 0 0 0
 0 0 0 0 0
 0 0 0 0 0
 0 0 0 0 0
 0 0 0 0 0
 0 0 0 0 0
 0 0 0 0 0
 0 0 0 0 0
 0 0 0 0 0
 0 0 0 0 0
 0 0 0 0 0
 0 0 0 0 0
 0 0 0 0 0
 0 0 0 0 0
 0 0 0 0 0
 0 0 0 0 0
 0 0 0 0 0
 0 0 0 0 0
 0 0 0 0 0
 0 0 0 0 0
 0 0 0 0 0
 0 0 0 0 0
 0 0 0 0 0
 0 0 0 0 0
 0 0 0 0 0
 33.0298 32.5812 0.00925728 0.00116841 32.1405
 6.32397 6.18765 0.00835515 0.00106038 6.05555
 0 0 0 0 0
 0 0 0 0 0
 0 0 0 0 0
 0 0 0 0 0
 0 0 0 0 0
 0 0 0 0 0
 0 0 0 0 0
 0 0 0 0 0
 0 0 0 0 0
 0 0 0 0 0
 0 0 0 0 0
 0 0 0 0 0
 0 0 0 0 0
 0 0 0 0 0
 0 0 0 0 0
 0 0 0 0 0
 0 0 0 0 0
 0 0 0 0 0
 0 0 0 0 0
 0 0 0 0 0
 0 0 0 0 0
 0 0 0 0 0
 0 0 0 0 0
 0 0 0 0 0
 0 0 0 0 0
 0 0 0 0 0
 0 0 0 0 0
 0 0 0 0 0
 0 0 0 0 0
 0 0 0 0 0
 0 0 0 0 0
 0 0 0 0 0
 0 0 0 0 0
 0 0 0 0 0
 0 0 0 0 0
 0 0 0 0 0
 0 0 0 0 0
 0 0 0 0 0
 0 0 0 0 0
 0 0 0 0 0
 0 0 0 0 0
 0 0 0 0 0
 0 0 0 0 0
 0 0 0 0 0
 0 0 0 0 0
 0 0 0 0 0
 0 0 0 0 0
 0 0 0 0 0
 0 0 0 0 0
 0 0 0 0 0
 0 0 0 0 0
 0 0 0 0 0
 0 0 0 0 0
 0 0 0 0 0
 0 0 0 0 0
 0 0 0 0 0
 0 0 0 0 0
 0 0 0 0 0
 0 0 0 0 0
 0 0 0 0 0
 0 0 0 0 0
 0 0 0 0 0
 0 0 0 0 0
 0 0 0 0 0
 0 0 0 0 0
 0 0 0 0 0
 0 0 0 0 0
 0 0 0 0 0
 0 0 0 0 0
 0 0 0 0 0
 0 0 0 0 0
 0 0 0 0 0
 0 0 0 0 0
 0 0 0 0 0
 0 0 0 0 0
 0 0 0 0 0
 0 0 0 0 0
 0 0 0 0 0
 0 0 0 0 0
 0 0 0 0 0
 0 0 0 0 0
 0 0 0 0 0
 0 0 0 0 0
 0 0 0 0 0
 0 0 0 0 0
 0 0 0 0 0
 0 0 0 0 0
 0 0 0 0 0
 0 0 0 0 0
 0 0 0 0 0
 0 0 0 0 0
 0 0 0 0 0
 0 0 0 0 0
 0 0 0 0 0
 0 0 0 0 0
 0 0 0 0 0
 0 0 0 0 0
 0 0 0 0 0
 0 0 0 0 0
 0 0 0 0 0
 0 0 0 0 0
 0 0 0 0 0
 0 0 0 0 0
 0 0 0 0 0
 0 0 0 0 0
 0 0 0 0 0
 0 0 0 0 0
 0 0 0 0 0
 0 0 0 0 0
 0 0 0 0 0
 0 0 0 0 0
 0 0 0 0 0
 0 0 0 0 0
 0 0 0 0 0
 0 0 0 0 0
 0 0 0 0 0
 0 0 0 0 0
 0 0 0 0 0
 0 0 0 0 0
 0 0 0 0 0
 34.1385 33.6825 0.00971507 0.00105034 33.2342
