Valencia2020 Ca40 pp: per nucleon, W in GeV^-1; converted from MeV^-1
20 40 MEC_Valencia2020_pp 121 121
0 0.0000 0.0100 0 0.0000 0.0100
 0 0 0 0 0
 0 0 0 0 0
 0 0 0 0 0
 0 0 0 0 0
 0 0 0 0 0
 0 0 0 0 0
 0 0 0 0 0
 0 0 0 0 0
 0 0 0 0 0
 0 0 0 0 0
 0 0 0 0 0
 0 0 0 0 0
 0 0 0 0 0
 0 0 0 0 0
 0 0 0 0 0
 0 0 0 0 0
 0 0 0 0 0
 0 0 0 0 0
 0 0 0 0 0
 0 0 0 0 0
 0 0 0 0 0
 0 0 0 0 0
 0 0 0 0 0
 0 0 0 0 0
 0 0 0 0 0
 0 0 0 0 0
 0 0 0 0 0
 0 0 0 0 0
 0 0 0 0 0
 0 0 0 0 0
 0 0 0 0 0
 0 0 0 0 0
 0 0 0 0 0
 0 0 0 0 0
 0 0 0 0 0
 0 0 0 0 0
 0 0 0 0 0
 0 0 0 0 0
 0 0 0 0 0
 0 0 0 0 0
 0 0 0 0 0
 0 0 0 0 0
 0 0 0 0 0
 0 0 0 0 0
 0 0 0 0 0
 0 0 0 0 0
 0 0 0 0 0
 0 0 0 0 0
 0 0 0 0 0
 0 0 0 0 0
 0 0 0 0 0
 0 0 0 0 0
 0 0 0 0 0
 0 0 0 0 0
 0 0 0 0 0
 0 0 0 0 0
 0 0 0 0 0
 0 0 0 0 0
 0 0 0 0 0
 0 0 0 0 0
 0 0 0 0 0
 0 0 0 0 0
 0 0 0 0 0
 0 0 0 0 0
 0 0 0 0 0
 0 0 0 0 0
 0 0 0 0 0
 0 0 0 0 0
 0 0 0 0 0
 0 0 0 0 0
 0 0 0 0 0
 0 0 0 0 0
 0 0 0 0 0
 0 0 0 0 0
 0 0 0 0 0
 0 0 0 0 0
 0 0 0 0 0
 0 0 0 0 0
 0 0 0 0 0
 0 0 0 0 0
 0 0 0 0 0
 0 0 0 0 0
 0 0 0 0 0
 0 0 0 0 0
 0 0 0 0 0
 0 0 0 0 0
 0 0 0 0 0
 0 0 0 0 0
 0 0 0 0 0
 0 0 0 0 0
 0 0 0 0 0
 0 0 0 0 0
 0 0 0 0 0
 0 0 0 0 0
 0 0 0 0 0
 0 0 0 0 0
 0 0 0 0 0
 0 0 0 0 0
 0 0 0 0 0
 0 0 0 0 0
 0 0 0 0 0
 0 0 0 0 0
 0 0 0 0 0
 0 0 0 0 0
 0 0 0 0 0
 0 0 0 0 0
 0 0 0 0 0
 0 0 0 0 0
 0 0 0 0 0
 0 0 0 0 0
 0 0 0 0 0
 0 0 0 0 0
 0 0 0 0 0
 0 0 0 0 0
 0 0 0 0 0
 0 0 0 0 0
 0 0 0 0 0
 0 0 0 0 0
 0 0 0 0 0
 0 0 0 0 0
 0 0 0 0 0
 0 0 0 0 0
 0.003185 0.000325123 0.00615245 -0.000184107 0.00601743
 0.0054468 0.000585293 0.0120072 -0.000941175 0.0112956
 0.00740505 0.000773068 0.0174956 -0.00218616 0.0154164
 0.00887282 0.000887375 0.0226569 -0.0038488 0.0182171
 0.0103169 0.000955 0.0278237 -0.00593195 0.0201147
 0.0113675 0.00095435 0.031913 -0.00811572 0.0204789
 0.0121734 0.000913135 0.0356537 -0.0105348 0.0199846
 0.0126187 0.000820283 0.0379965 -0.012644 0.018575
 0.0132724 0.000779907 0.0409365 -0.0152166 0.0174193
 0.013278 0.000693515 0.0411297 -0.0167368 0.0150961
 0.0132128 0.000655693 0.041537 -0.0183421 0.0130797
 0.0132564 0.000546355 0.0417985 -0.0198688 0.0113082
 0.0129836 0.00052482 0.0409128 -0.020746 0.00938318
 0.0123353 0.000507935 0.0387498 -0.020864 0.0074864
 0.0114524 0.000403012 0.036213 -0.0205477 0.0058648
 0.0110064 0.000421155 0.034487 -0.0205791 0.0046463
 0.00977983 0.000361487 0.030569 -0.0190643 0.00331155
 0.00900233 0.000338505 0.0281542 -0.0182723 0.00241503
 0.0082685 0.000339622 0.0257513 -0.0173576 0.00169442
 0.0073229 0.00031356 0.0228514 -0.0159443 0.00106954
 0.00657935 0.000297905 0.020491 -0.0147919 0.000570513
 0.00590167 0.000296758 0.0183755 -0.0136473 0.000247826
 0.00523032 0.000278445 0.0162197 -0.0123771 -2.67022e-05
 0.00457538 0.000259372 0.0141879 -0.0110986 -0.000264993
 0.00413533 0.00025483 0.0128105 -0.0102519 -0.00042224
 0.003627 0.000228909 0.0112788 -0.00922767 -0.00050616
 0.0031273 0.000204406 0.00979785 -0.00819205 -0.000579235
 0.00269362 0.000181498 0.00847473 -0.00721562 -0.00064011
 0.00238308 0.000171842 0.00749748 -0.00648167 -0.00064642
 0.00203408 0.000155982 0.0064378 -0.00566938 -0.000661538
 0.00178847 0.000133108 0.00568368 -0.00506895 -0.000655895
 0.00156051 0.000119354 0.0049904 -0.0045058 -0.000646208
 0.00136414 0.00011074 0.0043889 -0.00401857 -0.00062665
 0.00115887 9.28935e-05 0.00375555 -0.0034807 -0.000593652
 0.00100903 8.0666e-05 0.00330067 -0.00308785 -0.000567715
 0.000855022 7.07875e-05 0.00279327 -0.00263932 -0.00052868
 0.000745565 6.16792e-05 0.0024602 -0.00234294 -0.000485198
 0.000643718 5.1981e-05 0.0021325 -0.00204672 -0.000451965
 0.000568147 4.66267e-05 0.00188918 -0.00182186 -0.000425375
 0.00047204 3.78345e-05 0.00156767 -0.0015277 -0.000380135
 0.00041029 3.36128e-05 0.00136195 -0.00133343 -0.000332507
 0.00035116 2.78735e-05 0.00115548 -0.00113856 -0.000297953
 0.000305782 2.37102e-05 0.0009992 -0.000987375 -0.000275355
 0.000269 2.02139e-05 0.000875685 -0.000867675 -0.000249486
 0.000227014 1.68627e-05 0.000731263 -0.00072768 -0.000210136
 0.000200075 1.40978e-05 0.000632605 -0.00062851 -0.0001835
 0.000177367 1.2087e-05 0.000549545 -0.000548378 -0.000158768
 0.000154393 1.02411e-05 0.000469992 -0.000468642 -0.000137026
 0.000136728 8.69153e-06 0.00040411 -0.00040325 -0.000116617
 0.000120345 7.0547e-06 0.00034612 -0.00034455 -0.000100184
 0.000106325 5.93683e-06 0.000292015 -0.00029052 -8.49605e-05
 9.57038e-05 5.22263e-06 0.00025643 -0.000254842 -6.72528e-05
 8.30653e-05 4.3778e-06 0.000211857 -0.00020995 -5.57755e-05
 7.3998e-05 3.53747e-06 0.000179107 -0.000176707 -4.50265e-05
 6.68983e-05 3.21937e-06 0.000152026 -0.000149306 -3.48617e-05
 5.98253e-05 2.80372e-06 0.000128505 -0.00012592 -2.7627e-05
 5.37977e-05 2.37973e-06 0.000107763 -0.00010459 -2.22319e-05
 4.84213e-05 1.89193e-06 9.04355e-05 -8.74032e-05 -1.77763e-05
 4.36867e-05 1.6916e-06 7.65955e-05 -7.3752e-05 -1.39583e-05
 3.9746e-05 1.49251e-06 6.54082e-05 -6.226e-05 -1.0184e-05
 3.5275e-05 1.22087e-06 5.37972e-05 -5.08958e-05 -8.02787e-06
 3.20137e-05 1.1156e-06 4.5905e-05 -4.32787e-05 -6.08007e-06
 2.90462e-05 9.54473e-07 3.86228e-05 -3.59982e-05 -4.5059e-06
 2.57242e-05 8.31987e-07 3.15338e-05 -2.9142e-05 -3.43417e-06
 2.33515e-05 6.95582e-07 2.68035e-05 -2.45609e-05 -2.75778e-06
 2.09496e-05 6.1323e-07 2.2194e-05 -2.01537e-05 -1.81477e-06
 1.8876e-05 5.51557e-07 1.88492e-05 -1.70196e-05 -1.38554e-06
 1.73338e-05 4.9054e-07 1.60448e-05 -1.44249e-05 -1.07159e-06
 1.5254e-05 4.22393e-07 1.31484e-05 -1.16434e-05 -6.0173e-07
 1.32703e-05 3.50577e-07 1.06989e-05 -9.40483e-06 -6.01355e-07
 1.2395e-05 3.25505e-07 9.32515e-06 -8.16247e-06 -3.12402e-07
 1.09588e-05 2.7182e-07 7.60632e-06 -6.60182e-06 -1.88959e-07
 9.89153e-06 2.42691e-07 6.43162e-06 -5.53483e-06 -8.6883e-08
 8.65145e-06 2.10504e-07 5.27307e-06 -4.5576e-06 -8.332e-08
 7.52982e-06 1.72204e-07 4.27553e-06 -3.63917e-06 -2.25275e-08
 6.63497e-06 1.37337e-07 3.51283e-06 -2.9879e-06 -6.26635e-08
 5.96638e-06 1.27995e-07 2.93513e-06 -2.48079e-06 2.69308e-08
 5.2121e-06 1.11522e-07 2.42501e-06 -2.06531e-06 4.12675e-08
 4.50907e-06 9.56593e-08 1.97139e-06 -1.66189e-06 4.61478e-08
 3.94072e-06 7.28877e-08 1.61503e-06 -1.36136e-06 5.3584e-09
 3.5272e-06 6.8427e-08 1.34817e-06 -1.13179e-06 4.99498e-08
 2.9768e-06 5.3379e-08 1.07561e-06 -9.07185e-07 2.94248e-08
 2.62237e-06 4.64888e-08 8.9423e-07 -7.5967e-07 3.17525e-08
 2.21965e-06 3.67232e-08 7.14685e-07 -6.02222e-07 1.77935e-08
 1.9254e-06 3.02892e-08 5.80433e-07 -4.91322e-07 1.83051e-08
 1.6229e-06 2.44602e-08 4.7095e-07 -4.02933e-07 5.565e-09
 1.39562e-06 2.04561e-08 3.84825e-07 -3.3529e-07 1.50416e-08
 1.1352e-06 1.64824e-08 2.92885e-07 -2.54197e-07 1.41676e-08
 9.55327e-07 1.17259e-08 2.35771e-07 -2.07869e-07 -2.76278e-09
 7.998e-07 9.7465e-09 1.88879e-07 -1.66067e-07 -2.48361e-09
 6.77493e-07 8.21395e-09 1.51695e-07 -1.35359e-07 3.65042e-09
 5.59275e-07 6.13302e-09 1.20874e-07 -1.08276e-07 -1.6919e-09
 4.41202e-07 4.54777e-09 8.96828e-08 -8.13348e-08 2.38205e-10
 3.61605e-07 3.79097e-09 7.07845e-08 -6.51588e-08 7.85305e-11
 2.83e-07 2.75117e-09 5.33793e-08 -4.9367e-08 -1.35141e-09
 2.30212e-07 2.3659e-09 4.1985e-08 -3.94222e-08 1.18941e-09
 1.71505e-07 1.37997e-09 2.98715e-08 -2.84227e-08 -1.68103e-09
 1.43665e-07 1.41483e-09 2.42735e-08 -2.33949e-08 9.58348e-10
 1.05292e-07 8.24097e-10 1.72935e-08 -1.69334e-08 -8.92035e-10
 7.6193e-08 6.60243e-10 1.22307e-08 -1.20742e-08 1.78072e-10
 5.26455e-08 4.08905e-10 8.17525e-09 -8.19442e-09 -2.9903e-10
 3.53007e-08 3.22857e-10 5.31837e-09 -5.39068e-09 3.91283e-10
 2.46759e-08 2.13946e-10 3.63958e-09 -3.78305e-09 2.6164e-10
 1.62979e-08 1.06394e-10 2.37342e-09 -2.48542e-09 -1.5636e-10
 8.98617e-09 8.23823e-11 1.28757e-09 -1.36193e-09 1.31861e-10
 4.97007e-09 4.67947e-11 6.91415e-10 -7.4236e-10 1.02548e-10
 2.3841e-09 2.44856e-11 3.28767e-10 -3.58225e-10 7.35585e-11
 1.05456e-09 1.21474e-11 1.42995e-10 -1.58145e-10 4.58532e-11
 3.60233e-10 3.34835e-12 4.8443e-11 -5.43968e-11 8.7261e-12
 9.40325e-11 1.08428e-12 1.25099e-11 -1.41785e-11 4.45482e-12
 1.10836e-11 1.20968e-13 1.46459e-12 -1.68669e-12 4.62275e-13
 2.41134e-13 1.92123e-15 3.1854e-14 -3.70178e-14 3.41218e-15
 0 0 0 0 0
 0 0 0 0 0
 0 0 0 0 0
 0 0 0 0 0
 0 0 0 0 0
 0 0 0 0 0
 0 0 0 0 0
 0 0 0 0 0
 0 0 0 0 0
 0 0 0 0 0
 0.0143651 0.00144504 0.013775 -0.000852832 0.0127477
 0.0181317 0.0018181 0.0216181 -0.00241272 0.018956
 0.0216978 0.00207133 0.0292968 -0.00470743 0.0234181
 0.0253753 0.00239478 0.0385152 -0.00802087 0.0275638
 0.0272202 0.00236178 0.0460338 -0.0117983 0.0289375
 0.0294062 0.00241174 0.0547135 -0.0164267 0.0298655
 0.032165 0.00237364 0.0633112 -0.0216758 0.0297218
 0.0337803 0.00231629 0.071927 -0.027486 0.0286642
 0.0344042 0.00232044 0.077444 -0.0325367 0.0259512
 0.034802 0.00220479 0.0840762 -0.0384275 0.023672
 0.0353525 0.00216727 0.0894725 -0.044096 0.0208371
 0.0367117 0.00218861 0.0956705 -0.0499318 0.0186155
 0.0356308 0.00201925 0.0956713 -0.0530855 0.0150279
 0.0354488 0.00206387 0.0986602 -0.057622 0.0125078
 0.0342362 0.00196379 0.0980825 -0.060146 0.00951175
 0.033594 0.00201121 0.098076 -0.0626043 0.0071957
 0.0320005 0.00187755 0.09554 -0.0635032 0.00496955
 0.0305392 0.00170395 0.0920525 -0.063503 0.00283712
 0.0289423 0.00165315 0.089086 -0.0633567 0.00145173
 0.0270805 0.0016748 0.0846833 -0.062241 -0.000116562
 0.0255442 0.00153568 0.0806545 -0.0610107 -0.00127033
 0.0230722 0.00143531 0.0742108 -0.0574715 -0.00228294
 0.0211971 0.00135079 0.0683565 -0.0543308 -0.00309695
 0.0195196 0.00129488 0.0639795 -0.0519663 -0.00366638
 0.0171195 0.00115862 0.056687 -0.0471137 -0.00408025
 0.0154926 0.00108601 0.0521107 -0.044147 -0.004397
 0.0139407 0.00104489 0.0470233 -0.040536 -0.00432945
 0.0122624 0.000923402 0.0420385 -0.036841 -0.00460175
 0.0112051 0.000875077 0.0387343 -0.0344473 -0.00445122
 0.00970015 0.000786312 0.0336645 -0.0303422 -0.00456415
 0.0085201 0.00070258 0.0297552 -0.027193 -0.00430425
 0.00761103 0.000645827 0.0267992 -0.0247786 -0.00417492
 0.00659688 0.000561597 0.023351 -0.0218236 -0.00391485
 0.00589717 0.000508858 0.0209619 -0.0197883 -0.0036612
 0.00508402 0.00044247 0.0178936 -0.0170706 -0.00343183
 0.00453138 0.000401657 0.0160475 -0.0154349 -0.0032351
 0.0040029 0.00035979 0.0140601 -0.0136007 -0.00295383
 0.0034757 0.000305272 0.0122501 -0.011902 -0.0027796
 0.00308508 0.000270687 0.0108787 -0.0106317 -0.00255527
 0.00271132 0.000241587 0.00939052 -0.00926382 -0.00231688
 0.00239345 0.000206034 0.00825978 -0.0081495 -0.00202937
 0.00210313 0.000177375 0.00719542 -0.00713878 -0.00180271
 0.00184208 0.000154383 0.00622302 -0.00618105 -0.00161888
 0.00166656 0.000137727 0.00549617 -0.0054669 -0.00145959
 0.00144192 0.000115309 0.00470847 -0.00468747 -0.00125131
 0.00127127 9.7027e-05 0.0040384 -0.00403085 -0.00108751
 0.00113143 8.67255e-05 0.0034936 -0.00349658 -0.000959678
 0.000996015 7.22673e-05 0.00298703 -0.0029722 -0.000829688
 0.000904408 6.40932e-05 0.00262465 -0.0026214 -0.000728387
 0.000801105 5.48288e-05 0.00224813 -0.002233 -0.000583318
 0.000720667 4.81855e-05 0.00192436 -0.00190859 -0.00050038
 0.000638775 4.03307e-05 0.00164236 -0.00162624 -0.000403423
 0.000574857 3.50225e-05 0.00137993 -0.00136111 -0.000348365
 0.000508745 2.90723e-05 0.00116068 -0.00113982 -0.000271803
 0.000462635 2.5618e-05 0.000983407 -0.000960213 -0.000221249
 0.000425292 2.37945e-05 0.000849725 -0.00082651 -0.000171927
 0.0003707 1.95314e-05 0.00069873 -0.000672803 -0.0001344
 0.000337332 1.73121e-05 0.000592175 -0.000566168 -0.000106648
 0.000306177 1.57094e-05 0.000498192 -0.00047324 -8.40992e-05
 0.00027475 1.3838e-05 0.000420265 -0.000396968 -6.43112e-05
 0.000247177 1.18653e-05 0.000349615 -0.00032865 -4.94175e-05
 0.000220812 1.0564e-05 0.000292265 -0.000272197 -3.70032e-05
 0.000199925 9.1961e-06 0.000243426 -0.000223225 -2.6353e-05
 0.000182274 8.19067e-06 0.000208138 -0.000190753 -2.11022e-05
 0.000162699 7.21898e-06 0.000174454 -0.000158896 -1.46107e-05
 0.000147295 6.30705e-06 0.000147111 -0.000132165 -1.10896e-05
 0.000133625 5.69992e-06 0.000123783 -0.000110486 -7.9841e-06
 0.000120492 4.84125e-06 0.00010447 -9.26043e-05 -7.4662e-06
 0.000106667 4.3121e-06 8.63555e-05 -7.63283e-05 -3.7483e-06
 9.66553e-05 3.93103e-06 7.29182e-05 -6.37313e-05 -1.83357e-06
 8.51127e-05 3.34027e-06 5.94957e-05 -5.16217e-05 -1.46075e-06
 7.58033e-05 2.84662e-06 4.99688e-05 -4.29867e-05 -1.25686e-06
 6.6776e-05 2.56155e-06 4.08425e-05 -3.48807e-05 -5.31793e-07
 5.97828e-05 2.21145e-06 3.42578e-05 -2.89945e-05 3.6932e-08
 5.23838e-05 1.92993e-06 2.80378e-05 -2.3761e-05 3.25038e-07
 4.632e-05 1.65491e-06 2.33248e-05 -1.9687e-05 3.62485e-07
 4.11683e-05 1.43831e-06 1.94036e-05 -1.64622e-05 2.56128e-07
 3.6233e-05 1.25956e-06 1.6012e-05 -1.34963e-05 5.74075e-07
 3.09472e-05 1.03074e-06 1.2875e-05 -1.07937e-05 4.77215e-07
 2.76825e-05 8.83827e-07 1.09139e-05 -9.23533e-06 2.7805e-07
 2.34714e-05 7.28455e-07 8.75818e-06 -7.41102e-06 2.73825e-07
 2.0008e-05 6.10635e-07 6.96117e-06 -5.88265e-06 2.21586e-07
 1.76703e-05 5.388e-07 5.78513e-06 -4.88875e-06 4.07127e-07
 1.46167e-05 4.25085e-07 4.56275e-06 -3.85005e-06 1.68573e-07
 1.32577e-05 3.88492e-07 3.90143e-06 -3.30605e-06 3.7254e-07
 1.08882e-05 3.1254e-07 3.03778e-06 -2.60657e-06 2.85435e-07
 9.0696e-06 2.465e-07 2.38786e-06 -2.05954e-06 1.58996e-07
 7.74035e-06 2.13877e-07 1.95461e-06 -1.69893e-06 1.87464e-07
 6.36517e-06 1.64328e-07 1.53632e-06 -1.35047e-06 1.04054e-07
 5.47162e-06 1.40686e-07 1.25262e-06 -1.10996e-06 9.85697e-08
 4.47627e-06 1.19303e-07 9.81842e-07 -8.75868e-07 1.43004e-07
 3.771e-06 8.9344e-08 7.95995e-07 -7.17547e-07 5.55827e-08
 2.94502e-06 7.03712e-08 5.92998e-07 -5.42263e-07 6.15272e-08
 2.30156e-06 5.447e-08 4.4641e-07 -4.11397e-07 5.12465e-08
 1.83395e-06 4.17137e-08 3.4491e-07 -3.23203e-07 3.31093e-08
 1.51036e-06 3.43588e-08 2.73793e-07 -2.59635e-07 3.30385e-08
 1.11339e-06 2.5204e-08 1.96237e-07 -1.8843e-07 2.88793e-08
 8.7597e-07 1.97183e-08 1.49513e-07 -1.46119e-07 2.28223e-08
 6.5567e-07 1.44022e-08 1.0852e-07 -1.07586e-07 1.88632e-08
 4.79077e-07 1.04999e-08 7.69175e-08 -7.69635e-08 1.5374e-08
 3.4867e-07 7.36625e-09 5.50565e-08 -5.59895e-08 9.4013e-09
 2.30149e-07 5.01745e-09 3.53713e-08 -3.63058e-08 8.4356e-09
 1.61091e-07 3.46828e-09 2.44887e-08 -2.55932e-08 6.0128e-09
 1.09342e-07 2.16268e-09 1.61466e-08 -1.70695e-08 2.8019e-09
 6.38573e-08 1.31941e-09 9.36957e-09 -1.00442e-08 2.22934e-09
 4.32447e-08 8.79857e-10 6.21207e-09 -6.7585e-09 1.47336e-09
 2.39352e-08 4.7301e-10 3.40878e-09 -3.75145e-09 7.334e-10
 1.26555e-08 2.6245e-10 1.76207e-09 -1.97055e-09 5.37718e-10
 5.6176e-09 1.12115e-10 7.75617e-10 -8.74972e-10 2.09897e-10
 2.6209e-09 5.2029e-11 3.58275e-10 -4.10008e-10 9.7614e-11
 8.88175e-10 1.78044e-11 1.20983e-10 -1.40066e-10 3.72822e-11
 2.28192e-10 4.25015e-12 3.07455e-11 -3.6092e-11 6.71945e-12
 3.1698e-11 5.4002e-13 4.23318e-12 -5.03757e-12 5.33827e-13
 1.61313e-12 2.01282e-14 2.17359e-13 -2.59297e-13 -3.75765e-14
 1.11463e-16 -6.2701e-19 1.45326e-17 -1.76913e-17 -2.11191e-17
 0 0 0 0 0
 0 0 0 0 0
 0 0 0 0 0
 0 0 0 0 0
 0 0 0 0 0
 0 0 0 0 0
 0 0 0 0 0
 0.031232 0.00282625 0.0121509 -0.00177433 0.00908697
 0.0360592 0.003292 0.0206224 -0.00395945 0.0141313
 0.0422152 0.00361835 0.0305815 -0.00716882 0.0190141
 0.0436408 0.00358683 0.037232 -0.0106477 0.0197223
 0.0483467 0.00387378 0.048034 -0.015736 0.0221947
 0.051367 0.00381205 0.0574075 -0.0213106 0.0217291
 0.054603 0.00403745 0.0686148 -0.0282003 0.0214719
 0.0554118 0.00384945 0.076368 -0.0347685 0.0189204
 0.0578817 0.00384282 0.0880468 -0.0430178 0.0175031
 0.0591467 0.00367738 0.097186 -0.0509537 0.0146777
 0.0595032 0.00380582 0.106113 -0.05909 0.0116757
 0.059829 0.00379793 0.113903 -0.0670892 0.00896528
 0.0601315 0.00383797 0.121856 -0.0753535 0.00603672
 0.059314 0.0037647 0.129808 -0.0838037 0.003665
 0.0581427 0.00375785 0.131305 -0.0881335 0.000893462
 0.0577372 0.0040035 0.13802 -0.0958975 -0.00156274
 0.0559788 0.00378438 0.140723 -0.100806 -0.00328083
 0.0537502 0.0038243 0.139609 -0.10309 -0.0054494
 0.051975 0.0035595 0.14 -0.106526 -0.0071033
 0.0493338 0.0035325 0.137977 -0.107399 -0.00818273
 0.046211 0.00334145 0.132687 -0.105961 -0.0098055
 0.044018 0.00331488 0.129594 -0.10554 -0.0107411
 0.04105 0.00313818 0.124723 -0.103898 -0.0107793
 0.0387062 0.00296075 0.119076 -0.100898 -0.0118689
 0.0346775 0.0027948 0.11044 -0.0952895 -0.0120313
 0.0320252 0.0026027 0.10383 -0.091105 -0.01228
 0.028663 0.00237512 0.0950227 -0.0846567 -0.0118936
 0.0262368 0.0021701 0.089336 -0.080549 -0.0119266
 0.0238062 0.00208953 0.0821845 -0.0750552 -0.0113237
 0.021037 0.00184269 0.0734835 -0.068113 -0.0109546
 0.0191029 0.00175126 0.068405 -0.0638695 -0.0103947
 0.0169331 0.00151611 0.061609 -0.0579958 -0.00976085
 0.0151657 0.00140054 0.0557503 -0.0530772 -0.00914293
 0.013408 0.00127703 0.0496082 -0.0476605 -0.008756
 0.0121117 0.00116382 0.0451055 -0.0435755 -0.00818625
 0.010708 0.00102388 0.0399037 -0.03883 -0.00784527
 0.00934972 0.000901342 0.035265 -0.0344563 -0.00674585
 0.00842228 0.000824315 0.0313555 -0.030817 -0.00648248
 0.00744152 0.000722757 0.0277385 -0.027322 -0.00584525
 0.00666765 0.000637615 0.0248194 -0.0245373 -0.00504088
 0.00597317 0.000571937 0.021816 -0.0216606 -0.00484003
 0.00524317 0.000487395 0.018939 -0.0188138 -0.00411838
 0.0047803 0.000445945 0.0167724 -0.0167181 -0.0037627
 0.00423942 0.000387845 0.0146581 -0.0146165 -0.00328297
 0.00381057 0.000337612 0.0129207 -0.0128814 -0.00289252
 0.0033855 0.00029125 0.011056 -0.0110283 -0.00251737
 0.0030694 0.000258267 0.00969143 -0.00962833 -0.0022195
 0.00276253 0.000227943 0.00836305 -0.00831563 -0.0018969
 0.00245505 0.000200637 0.00718213 -0.0071193 -0.0015563
 0.00222397 0.000175738 0.00623165 -0.0061696 -0.00136232
 0.00197883 0.000154088 0.00523518 -0.00517878 -0.00119455
 0.00179576 0.000131397 0.0044812 -0.00441437 -0.000973415
 0.00162603 0.000115171 0.00383932 -0.0037621 -0.000788625
 0.00147793 0.000105499 0.0032551 -0.0031729 -0.000670867
 0.00131852 8.98667e-05 0.00270993 -0.00263045 -0.000505165
 0.00118802 8.07065e-05 0.00230316 -0.00221766 -0.000418505
 0.00108951 7.2268e-05 0.00197389 -0.00189491 -0.00035668
 0.00100019 6.6145e-05 0.00168169 -0.00159535 -0.000267
 0.000877017 5.3464e-05 0.0013762 -0.00130004 -0.000226956
 0.00079045 4.93025e-05 0.0011506 -0.00108291 -0.000180817
 0.00074105 4.4732e-05 0.00099968 -0.000932445 -0.000139009
 0.000653418 3.84037e-05 0.000830318 -0.000766398 -0.000103544
 0.000600287 3.5488e-05 0.00070549 -0.000646283 -7.39522e-05
 0.00052717 3.1461e-05 0.000576515 -0.00052258 -5.05138e-05
 0.000480088 2.77505e-05 0.000489202 -0.00044058 -3.90237e-05
 0.000427887 2.40741e-05 0.00040332 -0.00035998 -2.8476e-05
 0.000390267 2.1983e-05 0.00034853 -0.000309295 -1.75343e-05
 0.000346225 1.85764e-05 0.00028528 -0.000250225 -1.82601e-05
 0.000309058 1.69303e-05 0.000242324 -0.000213156 -1.17731e-05
 0.0002742 1.47802e-05 0.000198827 -0.000172761 -4.6513e-06
 0.000249269 1.30436e-05 0.000168791 -0.000145481 -2.77115e-06
 0.000219203 1.15665e-05 0.000139692 -0.000118933 9.53933e-07
 0.000192131 1.00197e-05 0.000113675 -9.67985e-05 9.56248e-07
 0.000173474 9.01037e-06 9.75445e-05 -8.2893e-05 2.14448e-06
 0.00014993 7.54885e-06 7.81835e-05 -6.61048e-05 1.98747e-06
 0.000135949 6.75465e-06 6.68962e-05 -5.6833e-05 3.1018e-06
 0.000117984 5.6574e-06 5.4109e-05 -4.56057e-05 2.18119e-06
 0.000103529 4.90415e-06 4.4433e-05 -3.7181e-05 2.49808e-06
 8.86872e-05 4.13083e-06 3.58312e-05 -2.99035e-05 2.04354e-06
 7.7992e-05 3.57327e-06 3.00427e-05 -2.52535e-05 2.15221e-06
 6.7055e-05 3.06067e-06 2.42648e-05 -2.05111e-05 1.9073e-06
 5.8157e-05 2.55903e-06 1.99149e-05 -1.68353e-05 1.52697e-06
 4.99613e-05 2.17624e-06 1.61647e-05 -1.37142e-05 1.6747e-06
 4.18615e-05 1.79026e-06 1.28849e-05 -1.09751e-05 1.46002e-06
 3.55708e-05 1.52973e-06 1.04313e-05 -8.923e-06 1.3932e-06
 3.037e-05 1.26522e-06 8.39382e-06 -7.2567e-06 1.13862e-06
 2.5694e-05 1.03864e-06 6.73497e-06 -5.87073e-06 8.31902e-07
 2.23333e-05 9.03015e-07 5.58028e-06 -4.88972e-06 8.91807e-07
 1.7973e-05 6.9344e-07 4.313e-06 -3.80473e-06 5.8475e-07
 1.4702e-05 5.71985e-07 3.37325e-06 -3.01728e-06 6.01422e-07
 1.27025e-05 4.7939e-07 2.7741e-06 -2.49259e-06 4.92385e-07
 1.0086e-05 3.70115e-07 2.13076e-06 -1.93624e-06 3.41888e-07
 8.07683e-06 3.07797e-07 1.64866e-06 -1.52439e-06 4.18425e-07
 6.6212e-06 2.37875e-07 1.29593e-06 -1.2124e-06 2.46228e-07
 5.23473e-06 1.86317e-07 9.94505e-07 -9.4259e-07 2.20909e-07
 3.97562e-06 1.40137e-07 7.3232e-07 -7.01248e-07 1.75917e-07
 3.21935e-06 1.11227e-07 5.70543e-07 -5.55675e-07 1.36887e-07
 2.46191e-06 8.53658e-08 4.27885e-07 -4.21797e-07 1.1327e-07
 1.83645e-06 6.29118e-08 3.0801e-07 -3.07717e-07 8.74672e-08
 1.40202e-06 4.727e-08 2.30003e-07 -2.33454e-07 6.6701e-08
 1.02759e-06 3.35273e-08 1.65602e-07 -1.69736e-07 4.2258e-08
 7.8936e-07 2.59638e-08 1.25123e-07 -1.30593e-07 3.72107e-08
 5.34505e-07 1.74003e-08 8.2907e-08 -8.79638e-08 2.56082e-08
 3.66e-07 1.15202e-08 5.53467e-08 -5.95783e-08 1.57014e-08
 2.65095e-07 8.32467e-09 3.9565e-08 -4.3094e-08 1.2146e-08
 1.64162e-07 4.95865e-09 2.4149e-08 -2.66532e-08 6.34755e-09
 1.03452e-07 3.14332e-09 1.50631e-08 -1.67843e-08 4.41738e-09
 5.89835e-08 1.76152e-09 8.43532e-09 -9.5138e-09 2.30088e-09
 3.31793e-08 9.52217e-10 4.75493e-09 -5.4249e-09 1.07109e-09
 1.79093e-08 5.16647e-10 2.51127e-09 -2.9102e-09 6.5317e-10
 8.54258e-09 2.41774e-10 1.1907e-09 -1.39298e-09 2.94182e-10
 3.49918e-09 9.52155e-11 4.86892e-10 -5.753e-10 9.23902e-11
 1.03184e-09 2.65667e-11 1.38972e-10 -1.6681e-10 1.68361e-11
 2.72668e-10 6.728e-12 3.72818e-11 -4.48112e-11 2.42344e-12
 4.15843e-11 9.3363e-13 5.72667e-12 -6.9427e-12 -3.64665e-13
 2.46015e-12 5.07068e-14 3.36725e-13 -4.1128e-13 -5.8778e-14
 6.7388e-16 -1.03486e-17 8.85915e-17 -1.09921e-16 -2.30131e-16
 0 0 0 0 0
 0 0 0 0 0
 0 0 0 0 0
 0 0 0 0 0
 0 0 0 0 0
 0.0584193 0.0057641 0.000849805 -0.00369212 -0.0034575
 0.0639825 0.00630032 0.00946038 -0.00627173 -0.00050519
 0.0685797 0.0065992 0.018494 -0.00942322 0.00198487
 0.069991 0.0064003 0.0255103 -0.0133611 0.00241137
 0.075246 0.0066986 0.0370585 -0.0190205 0.00376877
 0.0764942 0.0063867 0.0459577 -0.0244324 0.0029994
 0.0793515 0.00649647 0.0568945 -0.03162 0.00178387
 0.0804453 0.00626942 0.067068 -0.0389235 -0.000166396
 0.083267 0.00626418 0.079599 -0.0476193 -0.0018569
 0.084157 0.00643605 0.0896215 -0.056742 -0.00486712
 0.0838508 0.00610102 0.100556 -0.0662927 -0.00712542
 0.0835267 0.00617458 0.112445 -0.0766167 -0.00932243
 0.085423 0.00637227 0.12329 -0.0861488 -0.0104998
 0.0824218 0.0061718 0.130707 -0.0951067 -0.0128053
 0.082563 0.0064012 0.140954 -0.104926 -0.0148772
 0.0816012 0.0062355 0.150307 -0.114795 -0.016192
 0.0792698 0.00619235 0.155739 -0.122008 -0.0174964
 0.0760782 0.00607512 0.160027 -0.128477 -0.0194585
 0.0754545 0.00601262 0.162972 -0.133992 -0.0198661
 0.0715705 0.00591668 0.164653 -0.13754 -0.020451
 0.0669395 0.00556637 0.164966 -0.139521 -0.0212174
 0.0652937 0.00547427 0.165855 -0.142687 -0.0205764
 0.060834 0.00529952 0.160788 -0.141287 -0.0212589
 0.0581425 0.00518707 0.162853 -0.144254 -0.0217674
 0.054317 0.00482322 0.155701 -0.139811 -0.0207682
 0.0500595 0.00454808 0.148974 -0.135385 -0.0207814
 0.046661 0.00435255 0.143645 -0.131722 -0.0199332
 0.0428288 0.0039459 0.134847 -0.125395 -0.0189412
 0.0386568 0.0036686 0.125483 -0.117709 -0.0184908
 0.0353033 0.0033605 0.117565 -0.11129 -0.0178747
 0.0320305 0.00308205 0.109889 -0.104685 -0.0169281
 0.028796 0.00282038 0.100873 -0.0967438 -0.0154297
 0.0261028 0.00264048 0.0929153 -0.089717 -0.0143566
 0.0234442 0.00235981 0.0852472 -0.082938 -0.0135284
 0.0211103 0.00211587 0.0777293 -0.0757975 -0.0121987
 0.0188671 0.00194458 0.070596 -0.069339 -0.0110493
 0.0166841 0.00174243 0.063016 -0.0620682 -0.0102859
 0.0150737 0.00158878 0.0569675 -0.0563795 -0.0093347
 0.0135591 0.00141305 0.0510595 -0.0505928 -0.00824395
 0.0120146 0.00123953 0.0451738 -0.044905 -0.00759775
 0.0107949 0.0011363 0.0402233 -0.0400387 -0.0067628
 0.00982513 0.00101624 0.036173 -0.0360135 -0.00611567
 0.00860252 0.00088291 0.0314388 -0.0312918 -0.0054005
 0.00783038 0.000803513 0.0279607 -0.0277832 -0.00464822
 0.00700153 0.000706247 0.0242879 -0.0241911 -0.00410655
 0.00638035 0.000621177 0.0214529 -0.0213025 -0.00368292
 0.00576365 0.000557795 0.018831 -0.0186716 -0.0031764
 0.00517263 0.00047878 0.0161593 -0.0160234 -0.00263128
 0.0047449 0.000444845 0.0142083 -0.0140001 -0.00231287
 0.00432185 0.000397457 0.0122245 -0.0120459 -0.00194848
 0.00389575 0.000352727 0.0104018 -0.0102113 -0.00166992
 0.00351542 0.00031081 0.00880525 -0.00861125 -0.00140565
 0.00322277 0.00028093 0.00753835 -0.00734608 -0.0011976
 0.00293137 0.00025271 0.00642317 -0.00622502 -0.000990015
 0.00267957 0.000229412 0.00551835 -0.00531468 -0.000816462
 0.00239619 0.000198995 0.00458668 -0.00438825 -0.00066471
 0.00221104 0.000181224 0.0039118 -0.00373045 -0.00053442
 0.00202257 0.000161477 0.00335083 -0.00316418 -0.000447838
 0.00178729 0.000140315 0.00276723 -0.00260138 -0.000344208
 0.00163524 0.000128395 0.00235215 -0.00219109 -0.000277148
 0.00147012 0.000113873 0.00195908 -0.001819 -0.00021991
 0.00132318 9.9867e-05 0.00164393 -0.00151078 -0.00016595
 0.00120016 8.9048e-05 0.0013915 -0.00126441 -0.000128828
 0.00108827 8.0713e-05 0.00116979 -0.00105701 -7.86423e-05
 0.000978125 7.11752e-05 0.000985257 -0.000884397 -5.84855e-05
 0.000872142 6.18832e-05 0.000818183 -0.000730985 -4.03855e-05
 0.000775762 5.48432e-05 0.000678198 -0.00059982 -2.73243e-05
 0.000694203 4.85433e-05 0.000570223 -0.000499017 -1.25612e-05
 0.000619807 4.27043e-05 0.000477133 -0.00041596 -1.22775e-05
 0.000552313 3.72615e-05 0.000393977 -0.000340185 -3.1556e-06
 0.00049704 3.29182e-05 0.00032963 -0.000284367 3.7879e-06
 0.00045006 3.00837e-05 0.00028139 -0.000241065 5.13403e-06
 0.000394145 2.60803e-05 0.000229473 -0.000195888 9.47697e-06
 0.000349518 2.25712e-05 0.000191609 -0.000162834 9.4432e-06
 0.000304487 1.94395e-05 0.000156936 -0.000132972 8.08577e-06
 0.000270107 1.68591e-05 0.000130976 -0.000111005 7.57885e-06
 0.000232945 1.43061e-05 0.000105289 -8.86162e-05 7.93028e-06
 0.000201116 1.23574e-05 8.68505e-05 -7.34363e-05 7.71507e-06
 0.000174758 1.0534e-05 7.05285e-05 -5.95518e-05 7.16425e-06
 0.000155214 9.17777e-06 5.91885e-05 -4.98087e-05 6.48285e-06
 0.00013312 7.93607e-06 4.84748e-05 -4.11007e-05 6.9377e-06
 0.000114326 6.5805e-06 3.94958e-05 -3.37707e-05 5.19178e-06
 9.86343e-05 5.56542e-06 3.20568e-05 -2.7344e-05 4.44205e-06
 8.49885e-05 4.75325e-06 2.59348e-05 -2.21603e-05 4.16437e-06
 7.39222e-05 4.0932e-06 2.14999e-05 -1.8518e-05 4.0819e-06
 6.14878e-05 3.32605e-06 1.6998e-05 -1.47315e-05 3.24572e-06
 5.1599e-05 2.73213e-06 1.36897e-05 -1.20205e-05 2.57403e-06
 4.31192e-05 2.24847e-06 1.10335e-05 -9.82168e-06 2.14474e-06
 3.65743e-05 1.88141e-06 8.9685e-06 -8.0339e-06 1.86722e-06
 3.05433e-05 1.55489e-06 7.0759e-06 -6.38653e-06 1.67507e-06
 2.43123e-05 1.20313e-06 5.4548e-06 -4.99343e-06 1.11685e-06
 2.08915e-05 1.03559e-06 4.4865e-06 -4.13092e-06 1.17896e-06
 1.6559e-05 8.01083e-07 3.43067e-06 -3.21315e-06 8.39358e-07
 1.33288e-05 6.39338e-07 2.67003e-06 -2.53507e-06 7.123e-07
 1.05708e-05 4.95477e-07 2.04875e-06 -1.96689e-06 5.35642e-07
 8.75248e-06 4.08595e-07 1.63751e-06 -1.59232e-06 4.69795e-07
 6.93393e-06 3.1419e-07 1.25867e-06 -1.24055e-06 3.3501e-07
 5.18488e-06 2.34887e-07 9.13502e-07 -9.1346e-07 2.79135e-07
 4.07847e-06 1.82157e-07 7.03815e-07 -7.12775e-07 2.1501e-07
 3.08718e-06 1.35406e-07 5.20767e-07 -5.36268e-07 1.53419e-07
 2.37334e-06 1.01968e-07 3.89418e-07 -4.04718e-07 1.15509e-07
 1.74304e-06 7.363e-08 2.8078e-07 -2.9628e-07 8.0284e-08
 1.25116e-06 5.2755e-08 1.98195e-07 -2.1249e-07 6.17243e-08
 8.6416e-07 3.53217e-08 1.34282e-07 -1.45753e-07 3.66057e-08
 6.65727e-07 2.706e-08 1.01825e-07 -1.11457e-07 3.01257e-08
 4.30665e-07 1.74236e-08 6.47145e-08 -7.2214e-08 1.98304e-08
 3.06018e-07 1.21154e-08 4.57532e-08 -5.13765e-08 1.31772e-08
 1.94317e-07 7.50645e-09 2.83145e-08 -3.22103e-08 7.4243e-09
 1.23394e-07 4.70733e-09 1.80473e-08 -2.06955e-08 4.58662e-09
 6.6514e-08 2.46384e-09 9.58247e-09 -1.11219e-08 2.06265e-09
 3.60093e-08 1.32607e-09 5.1215e-09 -6.0201e-09 1.162e-09
 1.96966e-08 7.03973e-10 2.7756e-09 -3.2959e-09 4.86465e-10
 8.85867e-09 3.11787e-10 1.25704e-09 -1.50116e-09 2.1497e-10
 3.36872e-09 1.16947e-10 4.80765e-10 -5.78705e-10 7.32132e-11
 1.17825e-09 3.89225e-11 1.63748e-10 -1.9995e-10 1.14167e-11
 2.5949e-10 8.07905e-12 3.63532e-11 -4.45825e-11 -7.31985e-13
 4.15763e-11 1.15447e-12 5.83463e-12 -7.18732e-12 -1.22246e-12
 0 0 0 0 0
 0 0 0 0 0
 0 0 0 0 0
 0 0 0 0 0
 0 0 0 0 0
 0.0957093 0.0118126 -0.0174382 -0.00704322 -0.026227
 0.104743 0.0134405 -0.0102714 -0.0097148 -0.0221555
 0.10655 0.0134472 -0.00219126 -0.0126679 -0.0195674
 0.110082 0.0135893 0.00739292 -0.0167897 -0.0199395
 0.112235 0.0134949 0.017193 -0.0214659 -0.0199697
 0.1138 0.0129961 0.0271065 -0.0275917 -0.0192482
 0.114049 0.0124241 0.0379877 -0.0339158 -0.0207044
 0.113822 0.0120523 0.049465 -0.0414455 -0.0211468
 0.112951 0.0114489 0.06125 -0.0497208 -0.0237573
 0.114229 0.0112079 0.0723485 -0.058744 -0.0255775
 0.114553 0.0111649 0.0876863 -0.069908 -0.0246634
 0.11145 0.0106735 0.0979008 -0.0793305 -0.026411
 0.110732 0.0105011 0.108846 -0.0896807 -0.027855
 0.109318 0.0102969 0.121559 -0.100529 -0.0287133
 0.108687 0.0100327 0.133534 -0.111411 -0.0292658
 0.10531 0.00973762 0.142723 -0.121502 -0.0307595
 0.104239 0.00968587 0.154701 -0.132474 -0.0296912
 0.10104 0.00930112 0.162009 -0.141206 -0.0314755
 0.0964695 0.00914082 0.167767 -0.14786 -0.030579
 0.0936728 0.00899715 0.173908 -0.154937 -0.0305457
 0.089602 0.00853418 0.180521 -0.161246 -0.0298032
 0.0871717 0.0085723 0.183259 -0.166361 -0.029126
 0.081564 0.0080747 0.182418 -0.167188 -0.0284095
 0.0788815 0.00785875 0.187891 -0.172818 -0.0281893
 0.07347 0.00734372 0.18188 -0.169453 -0.0263873
 0.068711 0.00699862 0.180763 -0.168728 -0.02672
 0.0638442 0.0065305 0.173447 -0.164241 -0.026277
 0.0593575 0.00609158 0.167864 -0.159497 -0.0234709
 0.055559 0.00587993 0.164436 -0.157205 -0.0217049
 0.0508995 0.00541018 0.155028 -0.14918 -0.0205884
 0.0465515 0.00499303 0.146932 -0.142075 -0.0189222
 0.0423975 0.00455853 0.137757 -0.133972 -0.0184025
 0.0386993 0.00426852 0.129217 -0.12614 -0.0164931
 0.0351855 0.0038323 0.119859 -0.11759 -0.0153585
 0.031604 0.00351967 0.109103 -0.107446 -0.0137073
 0.0288923 0.00318905 0.10135 -0.099989 -0.0132827
 0.025288 0.00277228 0.0906185 -0.0898152 -0.0118852
 0.0231138 0.0026068 0.0832292 -0.0825025 -0.0104409
 0.0206467 0.00234276 0.0748335 -0.074507 -0.0100395
 0.018715 0.00215128 0.0677645 -0.067302 -0.00838
 0.0166241 0.00187127 0.0604713 -0.0600393 -0.0075658
 0.015091 0.0017325 0.054368 -0.054026 -0.00670183
 0.0137747 0.00158732 0.049073 -0.0488605 -0.00587077
 0.0122209 0.00136629 0.0427713 -0.0426047 -0.00524308
 0.0111019 0.00125376 0.03793 -0.0376647 -0.00475717
 0.010028 0.00111646 0.033324 -0.033083 -0.00410055
 0.00915838 0.00102297 0.0294808 -0.0291888 -0.00352728
 0.00816002 0.000886222 0.0255705 -0.02525 -0.0030141
 0.0074457 0.000797132 0.0221418 -0.0217919 -0.00262913
 0.00682518 0.000729355 0.0193327 -0.0189873 -0.00216385
 0.00617535 0.000645245 0.01658 -0.0162178 -0.00189591
 0.00567362 0.000583457 0.014439 -0.0140313 -0.00155659
 0.00517737 0.000532855 0.012304 -0.0119442 -0.00131207
 0.00474512 0.000480497 0.0105322 -0.010187 -0.00111123
 0.00425393 0.000427262 0.00884868 -0.00851968 -0.00096865
 0.00385995 0.000383512 0.00750947 -0.00718455 -0.000731325
 0.00350745 0.00034292 0.00629478 -0.00597293 -0.000596063
 0.00321812 0.000310973 0.0053747 -0.0050885 -0.000460613
 0.00292752 0.000279112 0.00455817 -0.00428265 -0.000380433
 0.00261915 0.000243765 0.00382227 -0.00355872 -0.000295587
 0.00239925 0.000222708 0.00325507 -0.00300525 -0.000218334
 0.00216465 0.000196163 0.00273757 -0.00251052 -0.000150842
 0.00194833 0.00017599 0.00225953 -0.00205921 -0.00011264
 0.00179026 0.000159021 0.00194131 -0.00175641 -8.23545e-05
 0.00160036 0.000141177 0.00162044 -0.00145184 -4.12122e-05
 0.00142787 0.000122935 0.00134835 -0.00120176 -2.91517e-05
 0.00127626 0.000108956 0.00112308 -0.000994265 -1.24441e-05
 0.00115604 9.7459e-05 0.000942948 -0.000826753 5.1923e-06
 0.00101859 8.42543e-05 0.000786647 -0.00068716 1.1e-05
 0.000929823 7.63045e-05 0.000666555 -0.000578507 1.81502e-05
 0.000816245 6.64285e-05 0.000544877 -0.000471105 2.4503e-05
 0.000723695 5.84672e-05 0.00045274 -0.000389663 2.51087e-05
 0.000639975 5.0474e-05 0.000377763 -0.000324358 2.04154e-05
 0.00055715 4.3403e-05 0.000306845 -0.00026105 2.28968e-05
 0.00049429 3.81973e-05 0.000257105 -0.000219398 2.36354e-05
 0.00043721 3.29458e-05 0.000214047 -0.000182605 2.03029e-05
 0.00038556 2.9094e-05 0.000177178 -0.000151244 2.21204e-05
 0.00033439 2.47628e-05 0.00014526 -0.00012394 1.77827e-05
 0.00029849 2.16372e-05 0.000123634 -0.000105458 1.55135e-05
 0.000258918 1.86575e-05 0.000100371 -8.5916e-05 1.52304e-05
 0.000217621 1.53698e-05 7.9261e-05 -6.7635e-05 1.24274e-05
 0.000187592 1.31081e-05 6.49665e-05 -5.58382e-05 1.08343e-05
 0.000164353 1.12891e-05 5.42103e-05 -4.6638e-05 9.45625e-06
 0.000143693 9.7781e-06 4.48942e-05 -3.88928e-05 8.84145e-06
 0.000119499 7.97815e-06 3.53283e-05 -3.0764e-05 7.34715e-06
 0.000104167 6.89205e-06 2.96227e-05 -2.61013e-05 6.59098e-06
 8.22607e-05 5.32062e-06 2.21515e-05 -1.96979e-05 4.80575e-06
 7.1306e-05 4.56677e-06 1.84375e-05 -1.64961e-05 4.37478e-06
 6.20543e-05 3.931e-06 1.52795e-05 -1.38425e-05 4.06617e-06
 5.10415e-05 3.15498e-06 1.20604e-05 -1.09436e-05 3.03442e-06
 4.3534e-05 2.65365e-06 1.0009e-05 -9.23065e-06 2.49535e-06
 3.41498e-05 2.05234e-06 7.4658e-06 -6.9951e-06 1.97649e-06
 2.81722e-05 1.68074e-06 5.95675e-06 -5.64288e-06 1.72082e-06
 2.35e-05 1.38064e-06 4.8143e-06 -4.6086e-06 1.39509e-06
 1.94019e-05 1.11245e-06 3.83175e-06 -3.7179e-06 1.05922e-06
 1.5305e-05 8.61545e-07 2.92977e-06 -2.87682e-06 8.03963e-07
 1.24759e-05 6.97595e-07 2.34571e-06 -2.34173e-06 6.90462e-07
 9.32493e-06 5.11903e-07 1.67963e-06 -1.7019e-06 4.97345e-07
 7.90917e-06 4.28703e-07 1.39783e-06 -1.43425e-06 4.0511e-07
 6.04952e-06 3.22942e-07 1.04695e-06 -1.08832e-06 3.09685e-07
 4.53772e-06 2.38627e-07 7.59017e-07 -8.0228e-07 2.23484e-07
 3.4095e-06 1.76567e-07 5.59105e-07 -5.9728e-07 1.64579e-07
 2.55845e-06 1.31412e-07 4.1286e-07 -4.45568e-07 1.2602e-07
 1.8661e-06 9.31655e-08 2.93997e-07 -3.21618e-07 7.9071e-08
 1.39723e-06 6.9088e-08 2.16727e-07 -2.40062e-07 5.97548e-08
 9.67843e-07 4.7269e-08 1.4998e-07 -1.67371e-07 3.93105e-08
 6.87347e-07 3.3251e-08 1.04527e-07 -1.18249e-07 2.8368e-08
 4.66467e-07 2.19673e-08 7.00043e-08 -7.99513e-08 1.64089e-08
 2.84188e-07 1.31334e-08 4.2199e-08 -4.88473e-08 8.84338e-09
 1.8968e-07 8.76683e-09 2.77467e-08 -3.25022e-08 6.81228e-09
 1.05155e-07 4.79182e-09 1.55033e-08 -1.82132e-08 3.56205e-09
 6.55693e-08 2.913e-09 9.56287e-09 -1.13912e-08 1.83925e-09
 3.54605e-08 1.54228e-09 5.0837e-09 -6.10902e-09 8.2107e-10
 1.87454e-08 8.0603e-10 2.70588e-09 -3.2738e-09 4.28403e-10
 8.50573e-09 3.5406e-10 1.21234e-09 -1.47834e-09 1.19872e-10
 2.7643e-09 1.12408e-10 3.92298e-10 -4.81958e-10 2.4829e-11
 0 0 0 0 0
 0 0 0 0 0
 0 0 0 0 0
 0 0 0 0 0
 0 0 0 0 0
 0 0 0 0 0
 0.133584 0.0204813 -0.0338418 -0.0112952 -0.0413013
 0.141383 0.0221403 -0.028102 -0.0140925 -0.038499
 0.14916 0.0235891 -0.0208557 -0.0171584 -0.0381183
 0.151979 0.0238309 -0.0121983 -0.020615 -0.0379638
 0.152073 0.0236368 -0.00280692 -0.0249369 -0.0378332
 0.153374 0.0231685 0.00475078 -0.029869 -0.0389228
 0.150806 0.0221996 0.0168006 -0.035692 -0.0374905
 0.150109 0.0210644 0.024899 -0.042523 -0.0387505
 0.148653 0.0200774 0.038225 -0.049912 -0.0387452
 0.147717 0.019523 0.0521142 -0.0590332 -0.03831
 0.145939 0.0185938 0.0632715 -0.068721 -0.039547
 0.14082 0.0175356 0.0760008 -0.0775873 -0.0387125
 0.139285 0.016967 0.0888722 -0.087986 -0.0391672
 0.134134 0.0159168 0.103255 -0.0992363 -0.0386182
 0.132921 0.0155462 0.1142 -0.109149 -0.038593
 0.129973 0.0149392 0.12697 -0.121303 -0.0384632
 0.128962 0.0148887 0.141829 -0.132951 -0.037487
 0.123176 0.0138648 0.150623 -0.142513 -0.0373775
 0.118878 0.0134766 0.161552 -0.152432 -0.0355133
 0.115739 0.0129486 0.173362 -0.163205 -0.0358245
 0.110274 0.0124578 0.178311 -0.169204 -0.0332555
 0.105376 0.0117538 0.18393 -0.17506 -0.033507
 0.101351 0.0113764 0.188682 -0.179623 -0.0322612
 0.0970238 0.0110917 0.193477 -0.184312 -0.0301625
 0.091582 0.0104454 0.197852 -0.188852 -0.0286225
 0.086449 0.00999765 0.197059 -0.189101 -0.0272253
 0.081532 0.00951357 0.19253 -0.185942 -0.0249072
 0.0759835 0.00898543 0.190373 -0.18413 -0.0224158
 0.0703053 0.00829422 0.18363 -0.178448 -0.0222356
 0.065248 0.00763708 0.179807 -0.174954 -0.0209501
 0.0607853 0.0071712 0.171944 -0.168591 -0.0198761
 0.056353 0.0067538 0.165945 -0.162606 -0.0183431
 0.0509493 0.00604325 0.154139 -0.151557 -0.0165792
 0.0470155 0.00567245 0.145183 -0.143106 -0.0157711
 0.042536 0.0051042 0.136173 -0.134739 -0.0149014
 0.038804 0.004686 0.127707 -0.125959 -0.0128044
 0.0351322 0.00432385 0.116994 -0.115931 -0.0119512
 0.032163 0.00401277 0.109438 -0.108526 -0.00998218
 0.0285918 0.00349382 0.0976388 -0.097041 -0.00987095
 0.026178 0.0032342 0.0893882 -0.0887295 -0.00871397
 0.0234275 0.00287575 0.0795317 -0.0790665 -0.0077877
 0.0210361 0.002611 0.0717185 -0.0713253 -0.0066879
 0.0190729 0.00238027 0.0648135 -0.064323 -0.00601662
 0.0171797 0.00216445 0.0574582 -0.0570415 -0.00520182
 0.0155492 0.00194605 0.0513803 -0.050822 -0.00451412
 0.0140713 0.0017426 0.045602 -0.0450845 -0.00391725
 0.0127028 0.00155187 0.0404063 -0.0398175 -0.00346335
 0.0114798 0.00137763 0.0350577 -0.034517 -0.00300508
 0.0103883 0.00123711 0.0307835 -0.0302325 -0.00248797
 0.00942835 0.0011161 0.0268095 -0.0262397 -0.00215446
 0.00866033 0.00101534 0.0237341 -0.023188 -0.00193852
 0.00787555 0.000910678 0.0203147 -0.0197676 -0.00155255
 0.00721208 0.000830132 0.0175096 -0.0169621 -0.00124296
 0.0066381 0.000761275 0.0152262 -0.0146546 -0.00104276
 0.00600375 0.000685495 0.0129958 -0.0124741 -0.000832183
 0.00550027 0.000612395 0.0110927 -0.0105615 -0.000740745
 0.00500643 0.000547818 0.00931725 -0.00883127 -0.000553972
 0.0046121 0.000507347 0.00796583 -0.0075203 -0.000418662
 0.0041692 0.000456495 0.0067354 -0.00631177 -0.00031125
 0.00376865 0.00040502 0.00563398 -0.00525378 -0.000258065
 0.00344552 0.000367375 0.0047469 -0.00439373 -0.000194043
 0.00310113 0.000324362 0.00403488 -0.0037061 -0.000117817
 0.0027848 0.000288857 0.00334817 -0.0030716 -7.60405e-05
 0.0025195 0.00025973 0.00283012 -0.00256957 -3.4533e-05
 0.00230608 0.000234753 0.0024033 -0.00216695 -1.42365e-05
 0.0020562 0.000206454 0.00199709 -0.00178616 1.39013e-05
 0.00185951 0.000183689 0.00168118 -0.00149766 2.54508e-05
 0.00163681 0.000159679 0.00137951 -0.00122121 3.48233e-05
 0.00148478 0.000144156 0.00116221 -0.00102571 4.9366e-05
 0.00131457 0.000125768 0.000961858 -0.000843128 4.98145e-05
 0.0011815 0.000111288 0.000803547 -0.000696765 5.41387e-05
 0.00105374 9.76203e-05 0.00067949 -0.000590725 4.5074e-05
 0.000923945 8.51288e-05 0.000554225 -0.00048011 4.45845e-05
 0.00081641 7.41187e-05 0.000465193 -0.000400615 4.31925e-05
 0.000733527 6.60123e-05 0.000390347 -0.00033626 4.19078e-05
 0.000639675 5.64333e-05 0.000318518 -0.00027394 3.68603e-05
 0.000549485 4.7755e-05 0.00025772 -0.000221879 3.40812e-05
 0.000482643 4.15847e-05 0.000213195 -0.000183039 2.94035e-05
 0.000429265 3.61273e-05 0.000178888 -0.000154273 2.5639e-05
 0.00037089 3.0913e-05 0.000146536 -0.000126556 2.35748e-05
 0.000324373 2.67903e-05 0.000120881 -0.000104313 2.20848e-05
 0.000285148 2.32226e-05 0.000100893 -8.75517e-05 1.88014e-05
 0.000241005 1.92644e-05 7.98913e-05 -6.98968e-05 1.58673e-05
 0.000209774 1.65709e-05 6.66253e-05 -5.84948e-05 1.38305e-05
 0.000176724 1.37603e-05 5.30995e-05 -4.68907e-05 1.15148e-05
 0.000152983 1.17089e-05 4.4123e-05 -3.93403e-05 9.9714e-06
 0.000133556 1.01086e-05 3.65425e-05 -3.28422e-05 9.10645e-06
 0.000114173 8.51645e-06 2.98015e-05 -2.69103e-05 7.31203e-06
 9.30712e-05 6.848e-06 2.33814e-05 -2.14154e-05 5.92623e-06
 7.6762e-05 5.58323e-06 1.85674e-05 -1.7178e-05 4.92445e-06
 6.46555e-05 4.61748e-06 1.4926e-05 -1.39256e-05 3.98882e-06
 5.4402e-05 3.82905e-06 1.21784e-05 -1.1534e-05 3.42597e-06
 4.56448e-05 3.16047e-06 9.72647e-06 -9.28205e-06 2.75885e-06
 3.71888e-05 2.54248e-06 7.75675e-06 -7.4853e-06 2.25241e-06
 2.9341e-05 1.97083e-06 5.88465e-06 -5.77902e-06 1.63216e-06
 2.48424e-05 1.64627e-06 4.8159e-06 -4.79248e-06 1.40805e-06
 1.93449e-05 1.26733e-06 3.68243e-06 -3.7134e-06 1.07053e-06
 1.64713e-05 1.05985e-06 3.03953e-06 -3.09313e-06 8.78415e-07
 1.2879e-05 8.2188e-07 2.32081e-06 -2.3962e-06 6.98835e-07
 1.01613e-05 6.37593e-07 1.77794e-06 -1.86376e-06 5.25075e-07
 7.77198e-06 4.78325e-07 1.32588e-06 -1.41116e-06 3.73457e-07
 6.16982e-06 3.75462e-07 1.03906e-06 -1.11305e-06 2.98407e-07
 4.51782e-06 2.69375e-07 7.38115e-07 -8.04645e-07 1.96287e-07
 3.56792e-06 2.1188e-07 5.75408e-07 -6.34758e-07 1.63116e-07
 2.62517e-06 1.52908e-07 4.16333e-07 -4.6517e-07 1.08024e-07
 1.90378e-06 1.09468e-07 3.00047e-07 -3.37932e-07 7.7238e-08
 1.31298e-06 7.44175e-08 2.03651e-07 -2.31488e-07 5.0658e-08
 9.49263e-07 5.27073e-08 1.46112e-07 -1.67485e-07 3.24093e-08
 6.35833e-07 3.50405e-08 9.60737e-08 -1.1175e-07 2.25053e-08
 4.20425e-07 2.26525e-08 6.22672e-08 -7.29862e-08 1.20745e-08
 2.90635e-07 1.56104e-08 4.35882e-08 -5.1444e-08 9.0665e-09
 1.84961e-07 9.74515e-09 2.74818e-08 -3.28005e-08 4.9977e-09
 1.02434e-07 5.30525e-09 1.52267e-08 -1.82683e-08 2.44207e-09
 5.94542e-08 3.01715e-09 8.63367e-09 -1.04878e-08 1.14716e-09
 3.3771e-08 1.66101e-09 4.8767e-09 -5.95987e-09 3.24455e-10
 0 0 0 0 0
 0 0 0 0 0
 0 0 0 0 0
 0 0 0 0 0
 0 0 0 0 0
 0 0 0 0 0
 0 0 0 0 0
 0.158322 0.0260772 -0.0379978 -0.0153899 -0.0509057
 0.166084 0.0288905 -0.0342248 -0.0182198 -0.0483025
 0.173692 0.031235 -0.0298098 -0.0216039 -0.04855
 0.180486 0.0326972 -0.025084 -0.0253345 -0.0471678
 0.182002 0.0333827 -0.0177659 -0.0286083 -0.0480148
 0.186226 0.0340575 -0.00927208 -0.0332932 -0.0463633
 0.184623 0.0327853 0.000757835 -0.0378158 -0.0480043
 0.18027 0.0313288 0.0107802 -0.0432428 -0.0466908
 0.180342 0.0307525 0.020584 -0.050609 -0.044797
 0.178056 0.0290802 0.0320215 -0.0573845 -0.0458952
 0.174969 0.0282323 0.0465588 -0.0662472 -0.0421738
 0.172238 0.0270552 0.0598888 -0.07613 -0.0423765
 0.163611 0.0246803 0.06812 -0.0833333 -0.0436963
 0.160541 0.0236553 0.083528 -0.0943648 -0.042958
 0.156609 0.0229208 0.0955485 -0.105055 -0.0421285
 0.153512 0.0215813 0.109881 -0.116066 -0.0409068
 0.147153 0.0204004 0.120437 -0.12571 -0.0375542
 0.144374 0.0198993 0.137855 -0.138885 -0.0375235
 0.13846 0.0184821 0.149428 -0.150304 -0.0387688
 0.134455 0.0178129 0.159814 -0.158103 -0.0357393
 0.127894 0.0169572 0.166136 -0.166042 -0.0326442
 0.123407 0.0161067 0.176886 -0.175439 -0.0332675
 0.119946 0.0157011 0.184794 -0.182475 -0.0310825
 0.111877 0.0145118 0.189282 -0.186777 -0.0296073
 0.108075 0.0141887 0.197743 -0.193652 -0.0276025
 0.101295 0.0133119 0.198464 -0.194415 -0.0257115
 0.0962437 0.0124462 0.197535 -0.193729 -0.024902
 0.0903125 0.0117182 0.199265 -0.196009 -0.0237431
 0.0834602 0.0109021 0.195253 -0.192161 -0.0217674
 0.0793787 0.0103027 0.193461 -0.190965 -0.0203042
 0.0727245 0.0095202 0.185492 -0.183609 -0.0195464
 0.068014 0.00909538 0.180834 -0.178474 -0.0168315
 0.0625995 0.008123 0.174699 -0.172369 -0.0162856
 0.0572977 0.00756545 0.163942 -0.162057 -0.0146264
 0.0529463 0.00698382 0.15773 -0.156108 -0.0130896
 0.0482757 0.00635915 0.145787 -0.144772 -0.0121791
 0.0438975 0.00586438 0.135505 -0.134792 -0.0111891
 0.0399765 0.00533375 0.127137 -0.125858 -0.00976425
 0.0362365 0.00479053 0.11531 -0.114657 -0.00937817
 0.032757 0.00437058 0.105616 -0.10521 -0.00844218
 0.0298417 0.00395557 0.0974018 -0.0967618 -0.00729125
 0.0270218 0.00367512 0.0884618 -0.0879403 -0.00631942
 0.0243337 0.00327765 0.0803078 -0.0794827 -0.0058643
 0.0220776 0.00298392 0.071604 -0.070913 -0.0049679
 0.0199125 0.00266367 0.064052 -0.0633703 -0.00422392
 0.0178728 0.00238225 0.056449 -0.0556457 -0.00387073
 0.0163567 0.00217481 0.0508665 -0.0502255 -0.00336465
 0.0148267 0.00194629 0.0449947 -0.044247 -0.00275955
 0.0132362 0.00169986 0.0393535 -0.0385588 -0.00241388
 0.0122533 0.00156768 0.0351062 -0.0343005 -0.0021215
 0.0110845 0.0014106 0.030468 -0.0296998 -0.0018422
 0.0099503 0.00126362 0.0262815 -0.025534 -0.00139472
 0.0092778 0.00117398 0.0232553 -0.0225211 -0.00120543
 0.0084859 0.00105345 0.0201381 -0.0194119 -0.00100126
 0.0077793 0.00095438 0.0172315 -0.0165485 -0.00085529
 0.00700572 0.000845175 0.0146664 -0.0140265 -0.000736045
 0.00652645 0.000791187 0.0126517 -0.0120264 -0.000456177
 0.00586785 0.000713972 0.0106313 -0.0100577 -0.00033658
 0.00532407 0.00063573 0.00894657 -0.00842192 -0.000284875
 0.00490918 0.00058042 0.00762588 -0.0071329 -0.000159757
 0.0044742 0.000528597 0.00646375 -0.0060056 -0.00010214
 0.00407407 0.000474765 0.00543872 -0.0050174 -6.36275e-05
 0.0036579 0.000424698 0.00456795 -0.00419192 -3.44992e-05
 0.00328318 0.000375515 0.00379917 -0.00347288 -9.52097e-06
 0.00304328 0.000346373 0.00325427 -0.00294912 3.7207e-05
 0.0027161 0.000304637 0.0027106 -0.00244308 5.73057e-05
 0.00246628 0.000274893 0.00230141 -0.00206676 6.6214e-05
 0.00219878 0.000241666 0.00190164 -0.00169146 6.8099e-05
 0.0019453 0.000211659 0.00158041 -0.00140306 7.46365e-05
 0.00177043 0.000189864 0.00134304 -0.00118349 8.21813e-05
 0.0015908 0.000169115 0.00112694 -0.000992243 8.30955e-05
 0.00140754 0.000147485 0.000935835 -0.000821755 7.84418e-05
 0.00125497 0.000130215 0.000784327 -0.000686075 7.2649e-05
 0.00112159 0.000114479 0.00064567 -0.000560663 6.70498e-05
 0.000978573 9.8687e-05 0.000537715 -0.000467347 6.35537e-05
 0.00086931 8.65927e-05 0.000445088 -0.000387445 5.74505e-05
 0.000757647 7.41488e-05 0.000364585 -0.000316285 4.84975e-05
 0.000672608 6.49275e-05 0.000306092 -0.00026609 4.42545e-05
 0.00059776 5.68565e-05 0.000256782 -0.000222388 3.89885e-05
 0.00050667 4.77325e-05 0.000203232 -0.000177156 3.38982e-05
 0.000447998 4.15627e-05 0.000171648 -0.00015043 2.95038e-05
 0.00037983 3.48755e-05 0.000136796 -0.000119913 2.60977e-05
 0.000340182 3.07142e-05 0.000115877 -0.000101794 2.28861e-05
 0.0002931 2.63012e-05 9.55072e-05 -8.47022e-05 2.02748e-05
 0.00025354 2.23439e-05 7.8401e-05 -7.0125e-05 1.70273e-05
 0.000210087 1.82849e-05 6.22563e-05 -5.6062e-05 1.38224e-05
 0.000184453 1.57563e-05 5.18262e-05 -4.71802e-05 1.18131e-05
 0.00015695 1.32444e-05 4.19172e-05 -3.83963e-05 1.01796e-05
 0.000134345 1.12244e-05 3.43753e-05 -3.17335e-05 8.78587e-06
 0.000111955 9.20365e-06 2.75625e-05 -2.5719e-05 7.05327e-06
 9.3956e-05 7.6236e-06 2.19897e-05 -2.07472e-05 6.01785e-06
 7.89712e-05 6.30973e-06 1.80703e-05 -1.72996e-05 4.85113e-06
 6.7766e-05 5.35335e-06 1.47966e-05 -1.42698e-05 4.1553e-06
 5.58995e-05 4.3646e-06 1.18364e-05 -1.15632e-05 3.44738e-06
 4.49025e-05 3.4595e-06 9.21065e-06 -9.1414e-06 2.65835e-06
 3.55828e-05 2.68062e-06 7.0545e-06 -7.0685e-06 1.97843e-06
 2.99002e-05 2.23614e-06 5.79365e-06 -5.87618e-06 1.65491e-06
 2.49825e-05 1.83121e-06 4.71855e-06 -4.84677e-06 1.29355e-06
 1.90686e-05 1.3818e-06 3.49178e-06 -3.6332e-06 9.6762e-07
 1.58246e-05 1.13163e-06 2.8292e-06 -2.983e-06 7.93947e-07
 1.22708e-05 8.63505e-07 2.1376e-06 -2.28049e-06 5.72542e-07
 9.65705e-06 6.69425e-07 1.64584e-06 -1.77569e-06 4.32882e-07
 7.5421e-06 5.17855e-07 1.25856e-06 -1.3774e-06 3.417e-07
 5.81323e-06 3.93935e-07 9.51755e-07 -1.05188e-06 2.51082e-07
 4.181e-06 2.78737e-07 6.75858e-07 -7.5578e-07 1.68036e-07
 3.3878e-06 2.22901e-07 5.43193e-07 -6.1299e-07 1.34661e-07
 2.38897e-06 1.55093e-07 3.7876e-07 -4.3349e-07 8.7641e-08
 1.79128e-06 1.14616e-07 2.7729e-07 -3.20225e-07 6.25563e-08
 1.26549e-06 7.98068e-08 1.94315e-07 -2.26756e-07 4.03883e-08
 8.949e-07 5.58785e-08 1.37339e-07 -1.61219e-07 2.77613e-08
 6.13883e-07 3.78555e-08 9.33918e-08 -1.1046e-07 1.79456e-08
 3.80698e-07 2.31584e-08 5.78623e-08 -6.9128e-08 1.04104e-08
 2.47868e-07 1.47674e-08 3.7262e-08 -4.4895e-08 5.3792e-09
 1.50235e-07 8.8502e-09 2.27289e-08 -2.74897e-08 3.08677e-09
 0 0 0 0 0
 0 0 0 0 0
 0 0 0 0 0
 0 0 0 0 0
 0 0 0 0 0
 0 0 0 0 0
 0 0 0 0 0
 0 0 0 0 0
 0.180608 0.032885 -0.037872 -0.0198862 -0.0503797
 0.18318 0.034274 -0.0349307 -0.0223905 -0.0513337
 0.185758 0.036227 -0.0253505 -0.025979 -0.050621
 0.193906 0.038128 -0.023794 -0.0297393 -0.051966
 0.199444 0.0400332 -0.0192596 -0.0334607 -0.048734
 0.201733 0.0405505 -0.0127408 -0.0369888 -0.048182
 0.206135 0.0417697 -0.00678065 -0.0407798 -0.0485945
 0.206778 0.0415105 -0.000338708 -0.0458552 -0.047889
 0.204674 0.040511 0.0111528 -0.05147 -0.0451735
 0.200579 0.0388132 0.0210341 -0.0575517 -0.0466642
 0.196801 0.0368632 0.0282017 -0.0637378 -0.0439045
 0.192088 0.035342 0.0437977 -0.072915 -0.0432395
 0.185199 0.0332935 0.0540233 -0.07963 -0.042226
 0.181803 0.031623 0.0686123 -0.09047 -0.0428457
 0.177576 0.0303388 0.079465 -0.0992315 -0.0404738
 0.171269 0.0284345 0.0915922 -0.109064 -0.0407532
 0.163805 0.0267615 0.105759 -0.119402 -0.0381205
 0.160299 0.0256092 0.118617 -0.129233 -0.0377908
 0.155257 0.0244604 0.13043 -0.13938 -0.036618
 0.147397 0.022659 0.144162 -0.149934 -0.0337638
 0.145638 0.0222078 0.154911 -0.159857 -0.0326877
 0.137032 0.0206814 0.162712 -0.167202 -0.0308135
 0.130933 0.019557 0.173387 -0.174604 -0.029654
 0.12502 0.018613 0.183246 -0.184438 -0.027452
 0.119492 0.0177115 0.18581 -0.186687 -0.0256928
 0.113335 0.0165615 0.193272 -0.193382 -0.0250738
 0.105917 0.0153648 0.195275 -0.195381 -0.0239994
 0.102214 0.0149027 0.200428 -0.199995 -0.022388
 0.0948865 0.0137429 0.197412 -0.196977 -0.020837
 0.0885568 0.0128378 0.198524 -0.196888 -0.0193755
 0.084245 0.0122116 0.194527 -0.193093 -0.0176542
 0.0769885 0.0109927 0.188273 -0.18717 -0.0165531
 0.0717693 0.0103414 0.182536 -0.181485 -0.0156541
 0.0665853 0.00971322 0.177275 -0.176057 -0.0130847
 0.0618885 0.0088728 0.171217 -0.169914 -0.012947
 0.0565228 0.00824148 0.160215 -0.159354 -0.0114731
 0.051809 0.00745378 0.152102 -0.150847 -0.0110929
 0.0473245 0.00684795 0.141427 -0.140623 -0.0091225
 0.0431272 0.00619572 0.130487 -0.129633 -0.00902297
 0.039258 0.0055986 0.122904 -0.122123 -0.00824933
 0.0357765 0.00517723 0.111413 -0.110691 -0.00690017
 0.0326827 0.00471643 0.102935 -0.101966 -0.00621723
 0.0291878 0.00417283 0.0926423 -0.091795 -0.00537372
 0.026464 0.00371918 0.0843315 -0.0834868 -0.00530018
 0.0239883 0.0033864 0.0756657 -0.0748043 -0.0043691
 0.0216813 0.00307695 0.0672057 -0.066291 -0.00354965
 0.0197496 0.00277087 0.0608322 -0.0598737 -0.00314373
 0.0177384 0.00248039 0.0533293 -0.0523207 -0.0027946
 0.0164068 0.00227287 0.0483157 -0.0472982 -0.00227453
 0.0148188 0.00203245 0.042066 -0.0411203 -0.00212233
 0.0134748 0.00185955 0.0368072 -0.0358655 -0.00158148
 0.0120972 0.00163032 0.0319915 -0.031069 -0.00131932
 0.0111833 0.00149021 0.028283 -0.0273162 -0.00124231
 0.0102504 0.00136258 0.0245932 -0.0237127 -0.000866377
 0.0093901 0.00124328 0.0214206 -0.0205786 -0.000755925
 0.00871985 0.00114627 0.0187671 -0.0179604 -0.00060906
 0.00792042 0.00103334 0.0160997 -0.0153402 -0.000405085
 0.00727252 0.000944753 0.0138475 -0.0131096 -0.000321828
 0.00663168 0.000852902 0.0114955 -0.0108368 -0.000195979
 0.00606552 0.000778255 0.00995402 -0.00933985 -0.000149768
 0.00549915 0.000699685 0.0083492 -0.0077876 -6.57298e-05
 0.0050094 0.000639725 0.00704473 -0.00654622 -2.14029e-05
 0.00461345 0.00057917 0.0059654 -0.00550275 2.10038e-05
 0.00417048 0.000519915 0.00503583 -0.00462675 3.408e-05
 0.00377645 0.00046644 0.0042133 -0.00384563 7.23742e-05
 0.00341647 0.000419335 0.00356387 -0.00323995 8.09232e-05
 0.00310575 0.000380033 0.00300983 -0.00271712 0.000108278
 0.00274813 0.000331428 0.0024697 -0.00221894 0.000110912
 0.00249536 0.000297142 0.00209289 -0.00187069 0.000110232
 0.00225637 0.000265525 0.00175769 -0.00156367 0.000112041
 0.00198044 0.000230709 0.00144639 -0.00128593 0.000104032
 0.00182129 0.000210252 0.00123839 -0.00109045 0.000110094
 0.00159564 0.000181773 0.00100788 -0.0008868 9.26588e-05
 0.00142292 0.000160173 0.000858493 -0.00075556 8.6704e-05
 0.00126379 0.000139662 0.00070634 -0.000618257 7.79302e-05
 0.00109611 0.000120624 0.000577587 -0.00050577 7.46423e-05
 0.0010137 0.000110391 0.00049972 -0.000438702 6.93647e-05
 0.000876425 9.40537e-05 0.000410128 -0.00035992 5.91685e-05
 0.00076038 8.07285e-05 0.000334912 -0.000294252 5.2172e-05
 0.00067973 7.12025e-05 0.00028461 -0.000251255 4.67857e-05
 0.000581848 5.9812e-05 0.000227444 -0.00020065 3.90373e-05
 0.00051722 5.26065e-05 0.000191327 -0.00016951 3.50368e-05
 0.000450362 4.5364e-05 0.000157904 -0.000140383 3.037e-05
 0.00038842 3.85953e-05 0.000128493 -0.000115313 2.6613e-05
 0.00033126 3.23635e-05 0.000104897 -9.49072e-05 2.2355e-05
 0.000290627 2.81187e-05 8.69287e-05 -7.90995e-05 1.96993e-05
 0.000245525 2.3367e-05 7.02e-05 -6.4388e-05 1.59444e-05
 0.000210913 1.98417e-05 5.79287e-05 -5.34785e-05 1.36199e-05
 0.000178743 1.65965e-05 4.63652e-05 -4.3331e-05 1.15791e-05
 0.000152101 1.38846e-05 3.8202e-05 -3.60297e-05 9.391e-06
 0.000131527 1.1875e-05 3.1516e-05 -2.9988e-05 8.15608e-06
 0.000108401 9.64948e-06 2.50673e-05 -2.41625e-05 6.36778e-06
 9.31495e-05 8.1792e-06 2.07751e-05 -2.02606e-05 5.4118e-06
 7.46335e-05 6.45905e-06 1.61573e-05 -1.59215e-05 4.21285e-06
 6.33035e-05 5.41945e-06 1.31796e-05 -1.31462e-05 3.58842e-06
 5.26638e-05 4.43792e-06 1.06467e-05 -1.07525e-05 2.8411e-06
 4.32827e-05 3.59582e-06 8.45795e-06 -8.64523e-06 2.26985e-06
 3.421e-05 2.80718e-06 6.51748e-06 -6.7457e-06 1.73382e-06
 2.7848e-05 2.25802e-06 5.19785e-06 -5.44118e-06 1.38574e-06
 2.28012e-05 1.82451e-06 4.1655e-06 -4.42132e-06 1.10234e-06
 1.84703e-05 1.45288e-06 3.26078e-06 -3.50667e-06 8.29108e-07
 1.5087e-05 1.17726e-06 2.63265e-06 -2.85532e-06 6.88153e-07
 1.11899e-05 8.60173e-07 1.9225e-06 -2.11016e-06 4.7568e-07
 8.7239e-06 6.63373e-07 1.46864e-06 -1.62967e-06 3.61765e-07
 6.90625e-06 5.1878e-07 1.14754e-06 -1.28402e-06 2.78737e-07
 5.16433e-06 3.83158e-07 8.45165e-07 -9.57307e-07 1.9971e-07
 3.92382e-06 2.86962e-07 6.32027e-07 -7.2414e-07 1.43703e-07
 2.88498e-06 2.08552e-07 4.6567e-07 -5.37855e-07 9.98323e-08
 2.16108e-06 1.54028e-07 3.41025e-07 -3.96853e-07 6.90362e-08
 1.57563e-06 1.11133e-07 2.46793e-07 -2.90887e-07 4.85902e-08
 1.07531e-06 7.45853e-08 1.68586e-07 -1.99794e-07 2.9383e-08
 7.42292e-07 5.07717e-08 1.14106e-07 -1.36353e-07 1.84438e-08
 4.7552e-07 3.20298e-08 7.27332e-08 -8.75642e-08 1.02297e-08
 0 0 0 0 0
 0 0 0 0 0
 0 0 0 0 0
 0 0 0 0 0
 0 0 0 0 0
 0 0 0 0 0
 0 0 0 0 0
 0 0 0 0 0
 0 0 0 0 0
 0.19825 0.0397427 -0.0296928 -0.0247705 -0.0467695
 0.20026 0.0413627 -0.0251608 -0.0282575 -0.0465155
 0.201992 0.0418885 -0.0222531 -0.0318532 -0.0478027
 0.201517 0.0426873 -0.0174941 -0.034846 -0.048428
 0.208072 0.0448045 -0.0122653 -0.038716 -0.048747
 0.209614 0.045452 -0.00687685 -0.042251 -0.046085
 0.211261 0.046304 -0.00607375 -0.0456052 -0.046348
 0.213449 0.0462422 -0.00106686 -0.0488845 -0.043729
 0.215707 0.047076 0.00822045 -0.054245 -0.0426875
 0.211532 0.045288 0.0154985 -0.0583 -0.0425623
 0.212081 0.0445563 0.024869 -0.0637263 -0.0420705
 0.20694 0.0430185 0.0349205 -0.0701128 -0.0398055
 0.20106 0.0408267 0.0444538 -0.076713 -0.0397442
 0.195134 0.038743 0.054412 -0.084198 -0.0388347
 0.190725 0.036949 0.066606 -0.0921255 -0.0389695
 0.184297 0.0349742 0.07933 -0.100711 -0.0355475
 0.1797 0.0337953 0.0932347 -0.111827 -0.034132
 0.169526 0.0307065 0.102775 -0.119257 -0.0332247
 0.164534 0.0293407 0.113845 -0.128845 -0.0332295
 0.158747 0.0278565 0.126039 -0.138645 -0.0311943
 0.15185 0.0260815 0.138897 -0.148967 -0.0309515
 0.144807 0.024795 0.147425 -0.155765 -0.027273
 0.139279 0.0234075 0.158746 -0.164769 -0.026108
 0.13457 0.02207 0.169647 -0.174569 -0.0271062
 0.127723 0.020857 0.178597 -0.181305 -0.0251705
 0.122799 0.019957 0.185276 -0.189029 -0.02361
 0.117232 0.0190617 0.190432 -0.192559 -0.0209114
 0.110655 0.0178778 0.194447 -0.195275 -0.0201288
 0.103744 0.0165872 0.196501 -0.197673 -0.0185676
 0.0966245 0.0154858 0.198203 -0.198145 -0.0175661
 0.0910075 0.0143467 0.19591 -0.195516 -0.0172155
 0.0854733 0.0135674 0.194233 -0.193562 -0.014199
 0.0789845 0.0124797 0.189521 -0.1885 -0.0130365
 0.0737957 0.0116819 0.184958 -0.184198 -0.0122504
 0.068146 0.0106922 0.178075 -0.177285 -0.0119092
 0.0621915 0.0097036 0.16848 -0.167464 -0.0112411
 0.0580948 0.00918153 0.161419 -0.160269 -0.00911535
 0.0534202 0.00826213 0.153378 -0.152446 -0.0089545
 0.0484678 0.00752373 0.142275 -0.141478 -0.00806695
 0.044156 0.00691265 0.132125 -0.131382 -0.00672742
 0.0407152 0.0062851 0.123838 -0.12285 -0.00700655
 0.0366315 0.00561298 0.112335 -0.111236 -0.00561755
 0.0337377 0.00512713 0.104269 -0.103379 -0.005409
 0.030708 0.004643 0.0949667 -0.0937585 -0.0046731
 0.027499 0.0041345 0.0857908 -0.0846255 -0.00415592
 0.025249 0.00380918 0.077993 -0.0768935 -0.0035002
 0.0229959 0.00342745 0.0694025 -0.0682955 -0.00293747
 0.0206807 0.00306955 0.0619218 -0.0607697 -0.00263115
 0.0190931 0.00282363 0.055438 -0.0543082 -0.00220047
 0.0174852 0.00257667 0.050075 -0.048892 -0.001818
 0.0157735 0.00231213 0.0438937 -0.042769 -0.00156158
 0.0144775 0.00206262 0.0384865 -0.0372918 -0.00138116
 0.0132672 0.00189869 0.0341325 -0.0330708 -0.00103939
 0.0121006 0.00172637 0.0298737 -0.028819 -0.000796145
 0.0111344 0.00157158 0.0257587 -0.0247542 -0.000671405
 0.0101897 0.00140314 0.0223871 -0.0214387 -0.00061291
 0.00938075 0.00130904 0.0195707 -0.0186718 -0.000324975
 0.00851093 0.00117833 0.0166411 -0.0158035 -0.00028029
 0.00781055 0.00106714 0.0143143 -0.0135611 -0.00022485
 0.00727093 0.00099824 0.0123797 -0.0116605 -6.6307e-05
 0.00657367 0.000893312 0.0103786 -0.00971888 -4.38617e-05
 0.00598933 0.000806707 0.00881015 -0.00822443 -1.61696e-05
 0.00552558 0.000749503 0.0074801 -0.0069519 6.0939e-05
 0.0050288 0.00067519 0.00631708 -0.00583287 7.232e-05
 0.00453657 0.000607773 0.00530643 -0.00487332 0.000118999
 0.00410975 0.000540868 0.0044464 -0.0040617 0.000113954
 0.0037653 0.0004936 0.00379025 -0.00343782 0.000133377
 0.0033349 0.00043301 0.00311462 -0.00282235 0.000133308
 0.00309183 0.000398882 0.0026738 -0.00241022 0.000139375
 0.00274822 0.000351585 0.00223025 -0.00200383 0.000136509
 0.00247035 0.000312095 0.00185618 -0.00165956 0.000126804
 0.00220056 0.000274742 0.00154815 -0.00138058 0.000123469
 0.00198323 0.000245166 0.0013101 -0.00116506 0.000114362
 0.00173739 0.000212492 0.00107246 -0.00095236 0.000105642
 0.00157732 0.000190745 0.000910155 -0.000806678 0.000100861
 0.0013953 0.000166855 0.000757777 -0.00066946 8.74215e-05
 0.00122658 0.000145595 0.00062591 -0.000553292 7.93318e-05
 0.00109573 0.000127963 0.000518342 -0.000458177 7.354e-05
 0.000970243 0.000111544 0.000437462 -0.000389062 6.21225e-05
 0.00084148 9.60732e-05 0.000357548 -0.000318035 5.63922e-05
 0.00074673 8.41133e-05 0.0003011 -0.000268297 4.98695e-05
 0.000642862 7.13245e-05 0.000241972 -0.000216518 4.27527e-05
 0.000565362 6.2179e-05 0.00020308 -0.000182927 3.7967e-05
 0.000501392 5.44017e-05 0.000169357 -0.000153201 3.3078e-05
 0.00041515 4.44095e-05 0.000134232 -0.000122344 2.68037e-05
 0.000366065 3.8792e-05 0.000113358 -0.00010391 2.38106e-05
 0.000315607 3.29317e-05 9.24755e-05 -8.5435e-05 2.0293e-05
 0.000278217 2.86725e-05 7.75392e-05 -7.21845e-05 1.73885e-05
 0.000236924 2.41543e-05 6.3114e-05 -5.95082e-05 1.47361e-05
 0.000198857 1.99824e-05 5.1009e-05 -4.84835e-05 1.20798e-05
 0.000165827 1.64748e-05 4.1122e-05 -3.95085e-05 9.9143e-06
 0.00014655 1.4353e-05 3.48517e-05 -3.36573e-05 8.60367e-06
 0.000119197 1.15165e-05 2.73582e-05 -2.69218e-05 6.86307e-06
 0.000103179 9.85055e-06 2.27089e-05 -2.25842e-05 5.80532e-06
 8.48845e-05 8.00107e-06 1.80438e-05 -1.81803e-05 4.54535e-06
 6.9307e-05 6.45117e-06 1.41657e-05 -1.43975e-05 3.7284e-06
 5.83905e-05 5.36927e-06 1.16664e-05 -1.20231e-05 2.99012e-06
 4.8865e-05 4.44075e-06 9.5036e-06 -9.893e-06 2.45841e-06
 3.94902e-05 3.54302e-06 7.487e-06 -7.89765e-06 1.97564e-06
 3.25175e-05 2.88218e-06 6.06942e-06 -6.4629e-06 1.57637e-06
 2.57983e-05 2.25402e-06 4.72595e-06 -5.08803e-06 1.17507e-06
 1.98772e-05 1.71517e-06 3.52945e-06 -3.83895e-06 8.78275e-07
 1.64541e-05 1.40247e-06 2.86852e-06 -3.18212e-06 6.88415e-07
 1.25982e-05 1.05799e-06 2.14188e-06 -2.39097e-06 4.99438e-07
 9.92423e-06 8.23755e-07 1.67356e-06 -1.88524e-06 3.8362e-07
 7.9488e-06 6.51632e-07 1.32396e-06 -1.50529e-06 2.90525e-07
 6.15587e-06 4.9825e-07 1.00892e-06 -1.15877e-06 2.17091e-07
 4.54907e-06 3.62853e-07 7.327e-07 -8.47848e-07 1.4512e-07
 3.19147e-06 2.5119e-07 5.17085e-07 -6.03908e-07 9.17735e-08
 2.42602e-06 1.88837e-07 3.86973e-07 -4.56038e-07 6.85655e-08
 1.83372e-06 1.4157e-07 2.91015e-07 -3.45825e-07 4.95578e-08
 1.27448e-06 9.66128e-08 1.98742e-07 -2.37511e-07 2.87955e-08
 0 0 0 0 0
 0 0 0 0 0
 0 0 0 0 0
 0 0 0 0 0
 0 0 0 0 0
 0 0 0 0 0
 0 0 0 0 0
 0 0 0 0 0
 0 0 0 0 0
 0 0 0 0 0
 0.214649 0.047616 -0.0190451 -0.029949 -0.0406067
 0.213201 0.047761 -0.0126154 -0.033899 -0.043441
 0.212478 0.048442 -0.0099667 -0.0375658 -0.040802
 0.210827 0.047875 -0.00883995 -0.0408212 -0.0429383
 0.212713 0.048663 -0.00438148 -0.044474 -0.0439565
 0.210252 0.0486655 -0.000566398 -0.0471838 -0.042159
 0.212206 0.049089 0.00302447 -0.0508712 -0.041036
 0.213541 0.0498113 0.0100596 -0.0542255 -0.0381757
 0.216834 0.050448 0.0126847 -0.0577505 -0.0393945
 0.215954 0.050117 0.0190695 -0.0613348 -0.0378142
 0.211814 0.0485972 0.025389 -0.0648065 -0.037959
 0.210798 0.0477162 0.0305533 -0.0692973 -0.0352163
 0.205667 0.045887 0.0401598 -0.0748522 -0.0365548
 0.198429 0.0430798 0.0501525 -0.0806475 -0.0365655
 0.19559 0.042319 0.0599135 -0.0882615 -0.032473
 0.192893 0.0406558 0.0735892 -0.09827 -0.0311475
 0.185411 0.0383312 0.083819 -0.105345 -0.0306953
 0.176354 0.035731 0.0924577 -0.111762 -0.0306115
 0.170935 0.0340407 0.101146 -0.119142 -0.0288755
 0.163802 0.0320378 0.114945 -0.129838 -0.0289478
 0.160058 0.030587 0.126852 -0.139365 -0.02761
 0.155204 0.0292005 0.137073 -0.147736 -0.0260288
 0.145765 0.026971 0.148056 -0.156524 -0.025273
 0.138409 0.0253455 0.157556 -0.164293 -0.0238698
 0.134701 0.0243157 0.165978 -0.172084 -0.0228006
 0.12702 0.0226147 0.171077 -0.176139 -0.0218434
 0.120062 0.0210838 0.178575 -0.18184 -0.0202666
 0.114593 0.0203507 0.185212 -0.187804 -0.0176216
 0.108252 0.0188867 0.187829 -0.190033 -0.0174176
 0.101298 0.0175929 0.191273 -0.192573 -0.0166726
 0.096846 0.016662 0.194121 -0.194998 -0.0159914
 0.0891952 0.015195 0.191815 -0.192204 -0.0150774
 0.0848315 0.0145767 0.191092 -0.190833 -0.012745
 0.07796 0.0130371 0.181983 -0.182069 -0.0130552
 0.0733523 0.0122952 0.179861 -0.179893 -0.0117013
 0.0673747 0.011231 0.173002 -0.172337 -0.0104699
 0.0627415 0.0105389 0.170023 -0.169008 -0.00891135
 0.057672 0.00961172 0.159124 -0.157974 -0.00837038
 0.052907 0.00869025 0.150356 -0.149217 -0.00776103
 0.0490065 0.00805385 0.142166 -0.141129 -0.00687543
 0.0449807 0.0073256 0.133806 -0.132687 -0.0064974
 0.0410182 0.00664615 0.123536 -0.122168 -0.00572405
 0.037158 0.00597908 0.112862 -0.111785 -0.00528435
 0.0338355 0.0055175 0.103359 -0.102178 -0.00410788
 0.0310717 0.00497532 0.0949215 -0.0936845 -0.0040615
 0.0285007 0.00455573 0.0867008 -0.0851472 -0.00312173
 0.025571 0.0040149 0.077192 -0.075877 -0.00290985
 0.0238539 0.00378585 0.0707817 -0.0693855 -0.00244154
 0.0214573 0.00328868 0.0627337 -0.0613643 -0.00229383
 0.0196802 0.00309507 0.0564612 -0.055099 -0.00157593
 0.0177399 0.00272715 0.0497208 -0.0484532 -0.00154178
 0.0162307 0.00247423 0.043256 -0.0420413 -0.00118643
 0.0151284 0.00230527 0.0394172 -0.0381642 -0.00101318
 0.0134912 0.00202913 0.0337268 -0.0325672 -0.000820072
 0.0124913 0.00186133 0.0298317 -0.028749 -0.000614165
 0.0117301 0.00173733 0.0265202 -0.0254322 -0.000524305
 0.0107136 0.00158892 0.0229325 -0.0219694 -0.000310082
 0.00997252 0.00147242 0.0201718 -0.019209 -0.000196275
 0.0089241 0.00129539 0.0169331 -0.0160923 -0.000161793
 0.00838578 0.00122463 0.0148027 -0.013989 -9.89475e-05
 0.00748272 0.00107921 0.0124547 -0.0117185 -5.56652e-05
 0.00689785 0.000987907 0.0105185 -0.00985678 1.59385e-05
 0.00632477 0.00090963 0.0090246 -0.00842892 6.96633e-05
 0.005834 0.000830667 0.00765285 -0.00710045 0.000114787
 0.00527885 0.000749998 0.00646813 -0.00597608 0.000126963
 0.0047555 0.000672137 0.00538075 -0.00495783 0.000127634
 0.00441623 0.00061729 0.0046408 -0.0042464 0.000148893
 0.00399203 0.00055688 0.0038911 -0.0035516 0.000153077
 0.00354965 0.000490782 0.0032408 -0.00294225 0.000156246
 0.0032822 0.00044972 0.00279295 -0.00252282 0.000163217
 0.00292152 0.000396205 0.00229747 -0.0020666 0.000152044
 0.00260032 0.00035111 0.00192428 -0.00173169 0.000146177
 0.00237616 0.000316275 0.00162472 -0.00145811 0.000133408
 0.00213445 0.000281155 0.0013596 -0.00121405 0.000130852
 0.00184953 0.000239899 0.00109935 -0.00098162 0.000108735
 0.00170112 0.000219601 0.000949505 -0.000847923 0.000108823
 0.00146083 0.000185905 0.00076651 -0.00068354 9.08695e-05
 0.00131916 0.000166231 0.0006502 -0.000579958 8.40573e-05
 0.00119956 0.000149904 0.000558138 -0.000499225 8.06072e-05
 0.00104706 0.000129166 0.000453155 -0.000406348 6.87585e-05
 0.000916235 0.000111283 0.000373008 -0.00033516 5.79508e-05
 0.000813067 9.8105e-05 0.00031421 -0.000284248 5.2973e-05
 0.000703587 8.38345e-05 0.000258075 -0.000234828 4.66685e-05
 0.000620022 7.30562e-05 0.000216736 -0.000197576 4.01453e-05
 0.000531063 6.17015e-05 0.000176082 -0.000161675 3.39735e-05
 0.000458973 5.25285e-05 0.000143805 -0.000132863 2.8667e-05
 0.000404 4.5676e-05 0.000121033 -0.000112886 2.49389e-05
 0.000349897 3.93115e-05 0.000101027 -9.48808e-05 2.16358e-05
 0.00029628 3.27437e-05 8.12495e-05 -7.70505e-05 1.80079e-05
 0.000255438 2.79578e-05 6.73862e-05 -6.4494e-05 1.54496e-05
 0.000214213 2.31253e-05 5.33883e-05 -5.16355e-05 1.23754e-05
 0.00018454 1.96767e-05 4.4204e-05 -4.32812e-05 1.06389e-05
 0.000156572 1.64965e-05 3.61585e-05 -3.57938e-05 8.8449e-06
 0.000132034 1.37397e-05 2.94818e-05 -2.9479e-05 7.318e-06
 0.000113059 1.16298e-05 2.47076e-05 -2.50625e-05 6.06022e-06
 9.42478e-05 9.57835e-06 1.97827e-05 -2.02659e-05 4.88682e-06
 7.70453e-05 7.71625e-06 1.57242e-05 -1.62396e-05 3.8727e-06
 6.53195e-05 6.47372e-06 1.2958e-05 -1.35894e-05 3.23838e-06
 5.20812e-05 5.0985e-06 1.00764e-05 -1.06976e-05 2.5139e-06
 4.31967e-05 4.1682e-06 8.13523e-06 -8.72937e-06 1.96155e-06
 3.51385e-05 3.35268e-06 6.4783e-06 -7.00745e-06 1.54461e-06
 2.84108e-05 2.68455e-06 5.17145e-06 -5.66888e-06 1.23908e-06
 2.23463e-05 2.08047e-06 3.94375e-06 -4.36905e-06 9.26467e-07
 1.82246e-05 1.67928e-06 3.18818e-06 -3.56358e-06 7.32985e-07
 1.4376e-05 1.30576e-06 2.43868e-06 -2.7596e-06 5.25978e-07
 1.14051e-05 1.0251e-06 1.9351e-06 -2.20207e-06 4.12873e-07
 8.89315e-06 7.90928e-07 1.47895e-06 -1.7002e-06 3.08243e-07
 6.64365e-06 5.80833e-07 1.09334e-06 -1.27583e-06 2.00655e-07
 5.0958e-06 4.42727e-07 8.3514e-07 -9.76102e-07 1.55863e-07
 3.94058e-06 3.3722e-07 6.35338e-07 -7.48088e-07 1.0729e-07
 2.83133e-06 2.39774e-07 4.57873e-07 -5.42708e-07 7.50128e-08
 0 0 0 0 0
 0 0 0 0 0
 0 0 0 0 0
 0 0 0 0 0
 0 0 0 0 0
 0 0 0 0 0
 0 0 0 0 0
 0 0 0 0 0
 0 0 0 0 0
 0 0 0 0 0
 0 0 0 0 0
 0.237785 0.0585247 -0.00759417 -0.036476 -0.0312083
 0.230631 0.057587 -0.00389503 -0.040375 -0.0335263
 0.223824 0.0555065 0.000228588 -0.0437248 -0.0340833
 0.218003 0.054072 0.00339357 -0.046965 -0.0359942
 0.213495 0.052586 0.00656065 -0.0500395 -0.0370795
 0.211691 0.0524837 0.0091168 -0.0531968 -0.0327285
 0.207122 0.0505502 0.0130275 -0.0558262 -0.036917
 0.212239 0.0520415 0.0169061 -0.059773 -0.0347898
 0.210142 0.0515043 0.0212012 -0.0620312 -0.0355205
 0.20915 0.0512963 0.0243521 -0.064453 -0.033062
 0.210479 0.0514915 0.0281463 -0.0678765 -0.0331665
 0.205926 0.0498523 0.0334577 -0.070965 -0.0323653
 0.203611 0.0489228 0.0398595 -0.0747977 -0.0301147
 0.201606 0.0480057 0.0474972 -0.0796722 -0.0295108
 0.197243 0.0462693 0.0586043 -0.0863315 -0.028936
 0.192092 0.044424 0.0648498 -0.0913048 -0.027513
 0.187099 0.0423313 0.073365 -0.0975375 -0.028501
 0.18116 0.0403765 0.084045 -0.105466 -0.0266083
 0.173555 0.0381008 0.0950463 -0.112926 -0.025648
 0.166723 0.0355487 0.104281 -0.121568 -0.025497
 0.161259 0.0336502 0.114233 -0.129015 -0.025861
 0.152316 0.031331 0.12447 -0.136155 -0.0234752
 0.145865 0.0296172 0.13294 -0.144159 -0.0228886
 0.140799 0.028035 0.142687 -0.151376 -0.021683
 0.135261 0.0265722 0.154114 -0.160771 -0.0211328
 0.129857 0.025251 0.161313 -0.166676 -0.019409
 0.120735 0.0231469 0.165757 -0.170328 -0.0183274
 0.116663 0.0224075 0.174717 -0.178587 -0.0166424
 0.109849 0.0207977 0.178563 -0.181828 -0.0155917
 0.103743 0.0194698 0.178364 -0.181447 -0.0150472
 0.098218 0.0181431 0.181377 -0.182818 -0.0147251
 0.0925267 0.0169728 0.184405 -0.185126 -0.0132812
 0.0864065 0.0157481 0.184245 -0.184965 -0.0125463
 0.0820978 0.014899 0.185409 -0.185673 -0.011698
 0.075988 0.0136299 0.179503 -0.179304 -0.010637
 0.071322 0.0128136 0.174326 -0.174459 -0.0093694
 0.0656405 0.0115994 0.168631 -0.167862 -0.00959987
 0.0613933 0.0108512 0.161803 -0.161087 -0.0083646
 0.0562658 0.00983382 0.15528 -0.154464 -0.00778225
 0.051463 0.0089689 0.145821 -0.144496 -0.0063993
 0.0479325 0.00829635 0.137569 -0.136421 -0.00636485
 0.0441455 0.0076729 0.130157 -0.128801 -0.00539702
 0.0402827 0.00686975 0.119869 -0.118513 -0.00509723
 0.0367253 0.00626505 0.110583 -0.109186 -0.0042079
 0.0334708 0.00560467 0.101193 -0.0997298 -0.00391425
 0.0306632 0.0050906 0.0914475 -0.089907 -0.00343793
 0.0280723 0.00469087 0.0839833 -0.0824143 -0.00265392
 0.0259695 0.0043512 0.0768798 -0.075379 -0.0022172
 0.0234019 0.00387337 0.0691602 -0.0676297 -0.0018929
 0.0218471 0.00358032 0.0619428 -0.0605358 -0.00180749
 0.0200314 0.00331213 0.0554237 -0.054016 -0.00135991
 0.0182536 0.00296632 0.0497585 -0.0483763 -0.00125228
 0.0165522 0.0026401 0.043106 -0.0417842 -0.00103081
 0.0154198 0.00245708 0.0391648 -0.0378207 -0.000785795
 0.0141542 0.00223964 0.0342945 -0.0330793 -0.000526277
 0.0130545 0.00206146 0.0299832 -0.0287763 -0.000415827
 0.0120125 0.00186739 0.0262965 -0.0251578 -0.000320385
 0.0110024 0.00170836 0.0226765 -0.0216712 -0.000191057
 0.0101941 0.00156446 0.0198422 -0.0188845 -0.000171887
 0.00923353 0.00142058 0.0170663 -0.0161874 -1.23848e-05
 0.0086299 0.0013222 0.0147662 -0.0139763 1.61249e-05
 0.00782212 0.00118737 0.012424 -0.0117058 4.3689e-05
 0.0070934 0.00107238 0.0105699 -0.00989465 0.000101193
 0.00666427 0.00100799 0.00915 -0.00852617 0.000152803
 0.00597768 0.000894477 0.00757155 -0.0070276 0.00013658
 0.00551765 0.000827085 0.00654872 -0.0060575 0.000176135
 0.00503547 0.000747803 0.005462 -0.00503032 0.000176656
 0.0046134 0.00068033 0.00468142 -0.00430185 0.000171862
 0.004151 0.000610597 0.00390515 -0.00357053 0.000179523
 0.0037579 0.000549797 0.00328847 -0.00299615 0.000181141
 0.00335902 0.000485773 0.002732 -0.00247844 0.000164041
 0.00306017 0.000438803 0.00231082 -0.00208889 0.000158822
 0.0027862 0.00039529 0.0019493 -0.00175675 0.000154535
 0.00248689 0.000349105 0.00162732 -0.00146777 0.000140972
 0.00223857 0.000312175 0.00137264 -0.00123601 0.000130462
 0.00198823 0.00027454 0.00113639 -0.00102341 0.000120825
 0.00176455 0.000240586 0.000948075 -0.00085321 0.00010597
 0.00158728 0.00021491 0.000805312 -0.000725438 9.93573e-05
 0.0013895 0.000185526 0.000661675 -0.000597415 8.84903e-05
 0.00123522 0.000163188 0.00055107 -0.000497875 8.0358e-05
 0.00108068 0.000141348 0.000452135 -0.000409553 6.78982e-05
 0.00097924 0.000126842 0.000389485 -0.000354455 6.3336e-05
 0.000836037 0.000106923 0.00031458 -0.00028762 5.32335e-05
 0.000741275 9.38188e-05 0.000267287 -0.000245695 4.6898e-05
 0.000643245 8.02688e-05 0.000217053 -0.000200904 3.92593e-05
 0.000553483 6.83005e-05 0.000177098 -0.00016557 3.4254e-05
 0.000482783 5.8688e-05 0.000145762 -0.000136663 2.84047e-05
 0.00043024 5.1897e-05 0.00012501 -0.000118289 2.58123e-05
 0.000362613 4.3107e-05 0.000100581 -9.62455e-05 2.05705e-05
 0.000307315 3.62227e-05 8.18445e-05 -7.9051e-05 1.74774e-05
 0.000269502 3.13815e-05 6.90133e-05 -6.71538e-05 1.54202e-05
 0.000233811 2.69113e-05 5.72287e-05 -5.64657e-05 1.29659e-05
 0.00019938 2.2642e-05 4.7149e-05 -4.69452e-05 1.09615e-05
 0.000168988 1.89377e-05 3.85638e-05 -3.87407e-05 8.77045e-06
 0.000138182 1.53427e-05 3.03765e-05 -3.0866e-05 7.2333e-06
 0.000117915 1.29368e-05 2.51513e-05 -2.59188e-05 6.00775e-06
 0.000101485 1.09888e-05 2.1082e-05 -2.1868e-05 5.01345e-06
 8.2742e-05 8.87067e-06 1.65339e-05 -1.74396e-05 3.97605e-06
 6.75022e-05 7.1644e-06 1.33297e-05 -1.41465e-05 3.18877e-06
 5.68465e-05 5.92978e-06 1.08636e-05 -1.16797e-05 2.50513e-06
 4.64728e-05 4.80547e-06 8.7277e-06 -9.4889e-06 2.01783e-06
 3.85713e-05 3.9354e-06 7.04223e-06 -7.73875e-06 1.5897e-06
 3.01332e-05 3.04617e-06 5.44163e-06 -6.03645e-06 1.22155e-06
 2.47985e-05 2.47278e-06 4.42403e-06 -4.94997e-06 9.25415e-07
 1.88693e-05 1.85776e-06 3.26687e-06 -3.70103e-06 6.74495e-07
 1.5252e-05 1.48573e-06 2.6224e-06 -2.99505e-06 5.2061e-07
 1.17329e-05 1.13004e-06 2.01382e-06 -2.31744e-06 3.87738e-07
 9.31385e-06 8.85828e-07 1.57151e-06 -1.82254e-06 2.87085e-07
 7.53303e-06 7.0985e-07 1.25225e-06 -1.46187e-06 2.27559e-07
 5.48712e-06 5.11642e-07 9.09868e-07 -1.07196e-06 1.55065e-07
 0 0 0 0 0
 0 0 0 0 0
 0 0 0 0 0
 0 0 0 0 0
 0 0 0 0 0
 0 0 0 0 0
 0 0 0 0 0
 0 0 0 0 0
 0 0 0 0 0
 0 0 0 0 0
 0 0 0 0 0
 0 0 0 0 0
 0.261997 0.0714398 0.00896295 -0.0436103 -0.0214414
 0.248371 0.0675375 0.0096124 -0.0472953 -0.0243152
 0.233302 0.0636075 0.0124461 -0.0504583 -0.024964
 0.227119 0.060899 0.0163134 -0.0538663 -0.026392
 0.218007 0.057973 0.0182052 -0.05685 -0.0275177
 0.212189 0.055856 0.0214841 -0.0594405 -0.0292425
 0.20674 0.054073 0.0226914 -0.0617172 -0.0285825
 0.206193 0.0536305 0.0284505 -0.065275 -0.027671
 0.204599 0.053122 0.0310788 -0.0675762 -0.0282085
 0.20442 0.052937 0.0330263 -0.0696745 -0.027598
 0.203223 0.0524808 0.0363785 -0.0717957 -0.0274013
 0.204422 0.0528125 0.0395708 -0.0749058 -0.027365
 0.199387 0.0510232 0.043434 -0.0765402 -0.0264708
 0.198013 0.050278 0.0483113 -0.079952 -0.0257277
 0.192891 0.0482783 0.0569025 -0.0842493 -0.0263957
 0.188582 0.0465727 0.0625943 -0.0887328 -0.0256485
 0.183322 0.0445713 0.0700555 -0.0937372 -0.0246364
 0.177116 0.0425075 0.0780792 -0.0992228 -0.0230333
 0.172617 0.0411273 0.0857075 -0.105972 -0.0212884
 0.167483 0.038903 0.097778 -0.114124 -0.0216816
 0.158754 0.0359498 0.104541 -0.118773 -0.0219308
 0.151079 0.0339795 0.113675 -0.127039 -0.0198757
 0.145945 0.032024 0.122384 -0.133465 -0.0210415
 0.140365 0.0304248 0.131683 -0.141592 -0.0205304
 0.132338 0.0280953 0.140044 -0.147638 -0.0194725
 0.130093 0.0276747 0.15054 -0.156654 -0.0164804
 0.122781 0.0253225 0.155241 -0.161241 -0.0173699
 0.11695 0.0237612 0.162743 -0.167219 -0.017096
 0.111514 0.0226247 0.169073 -0.172946 -0.014502
 0.106507 0.021516 0.175701 -0.178133 -0.0136543
 0.099111 0.0197555 0.175137 -0.176805 -0.0126037
 0.0936067 0.0184949 0.176188 -0.177818 -0.0123813
 0.089096 0.017412 0.177624 -0.178527 -0.0115753
 0.0829105 0.0162835 0.177386 -0.17748 -0.0100879
 0.0778162 0.0148449 0.176344 -0.176708 -0.0105964
 0.0720208 0.013919 0.171554 -0.171172 -0.0086456
 0.0676215 0.0128263 0.169988 -0.169376 -0.0080924
 0.0637378 0.0120593 0.164634 -0.163693 -0.00733105
 0.0587918 0.0109302 0.154977 -0.154249 -0.00728678
 0.0546102 0.0102015 0.150696 -0.149452 -0.00608198
 0.0505155 0.0094263 0.144048 -0.142857 -0.00535007
 0.0465223 0.00853547 0.134538 -0.133042 -0.00476868
 0.0428008 0.00779713 0.124547 -0.123131 -0.0046947
 0.0393292 0.00714215 0.114899 -0.113503 -0.00385157
 0.0358107 0.00633512 0.107298 -0.105832 -0.00397
 0.0330822 0.0059111 0.097451 -0.095789 -0.00297007
 0.0305707 0.00541655 0.090648 -0.0890788 -0.00252158
 0.0284152 0.0049961 0.0835585 -0.081862 -0.00214354
 0.0258168 0.00448332 0.0743762 -0.0726848 -0.00185713
 0.0236642 0.00410277 0.067601 -0.0660018 -0.0016694
 0.0219079 0.00376493 0.0613313 -0.0598253 -0.00139843
 0.0200081 0.00341608 0.054573 -0.0530673 -0.00107358
 0.0184189 0.00311473 0.0481808 -0.0467495 -0.00106999
 0.0167774 0.00281487 0.0431535 -0.0417515 -0.000763638
 0.0154833 0.00260322 0.037891 -0.036531 -0.000502188
 0.0142774 0.0023885 0.0333825 -0.0321383 -0.000337482
 0.0131532 0.0021849 0.0289535 -0.0277822 -0.000198937
 0.0122701 0.00201848 0.026049 -0.0249218 -0.000115289
 0.0111134 0.00179865 0.0218235 -0.0208358 -0.000133593
 0.0103158 0.00165662 0.0195486 -0.0185714 -0.000116592
 0.0094403 0.00152055 0.0166782 -0.0158164 3.39555e-05
 0.00878885 0.0013999 0.0145651 -0.0137619 4.41302e-05
 0.00807807 0.00128822 0.012363 -0.011628 0.000113587
 0.0075139 0.00120037 0.0107185 -0.0100536 0.000167458
 0.00676927 0.00107704 0.00900558 -0.00841933 0.000185602
 0.00620803 0.000979105 0.00756255 -0.00703625 0.000180369
 0.00571118 0.0008986 0.00649362 -0.00602137 0.000193908
 0.00517215 0.000805058 0.00547602 -0.005054 0.000188484
 0.00469992 0.000729293 0.0046285 -0.00425172 0.000205825
 0.00431052 0.000662962 0.00391898 -0.00359403 0.0001916
 0.00390995 0.000598507 0.00326817 -0.0029849 0.000185053
 0.00347553 0.000528505 0.00272452 -0.00247846 0.000174308
 0.00317102 0.000478315 0.00232733 -0.00211751 0.000169318
 0.00283782 0.000423818 0.00191605 -0.00174 0.000157857
 0.0025356 0.000374972 0.00160907 -0.00145905 0.00014197
 0.00228444 0.000335035 0.00134782 -0.00121873 0.000135131
 0.00205423 0.000298407 0.00113646 -0.00103011 0.000123806
 0.00183042 0.000263145 0.00095193 -0.00086355 0.000109001
 0.0016263 0.000231332 0.000788435 -0.00071515 9.89665e-05
 0.00143798 0.000202253 0.000655955 -0.000597308 8.90307e-05
 0.00128491 0.000178502 0.000555128 -0.00050664 7.78465e-05
 0.00114674 0.000158141 0.000470065 -0.000431735 7.05208e-05
 0.000990095 0.000134672 0.000381945 -0.000352463 6.00787e-05
 0.00084604 0.000114033 0.000305602 -0.000283842 5.09285e-05
 0.000778745 0.000103638 0.00026795 -0.000249972 4.67492e-05
 0.000674465 8.8981e-05 0.000222903 -0.000208855 4.00418e-05
 0.000587373 7.65575e-05 0.000183862 -0.000173551 3.4499e-05
 0.000503562 6.5071e-05 0.000150948 -0.000143774 2.9162e-05
 0.000435528 5.54573e-05 0.00012377 -0.000119065 2.46852e-05
 0.000377298 4.74695e-05 0.000102479 -9.98053e-05 2.07417e-05
 0.000333688 4.15315e-05 8.74063e-05 -8.57063e-05 1.82282e-05
 0.00028501 3.5158e-05 7.14485e-05 -7.08933e-05 1.55341e-05
 0.000237636 2.896e-05 5.71675e-05 -5.72925e-05 1.26263e-05
 0.00020532 2.47594e-05 4.76307e-05 -4.80915e-05 1.09015e-05
 0.000174034 2.07438e-05 3.89933e-05 -3.9855e-05 8.9745e-06
 0.000145886 1.71918e-05 3.19288e-05 -3.29483e-05 7.22725e-06
 0.000125475 1.45867e-05 2.64262e-05 -2.7636e-05 5.95235e-06
 0.000103421 1.188e-05 2.13103e-05 -2.25176e-05 4.75513e-06
 8.52005e-05 9.68283e-06 1.71271e-05 -1.82922e-05 3.84035e-06
 7.35508e-05 8.26847e-06 1.43996e-05 -1.55496e-05 3.27255e-06
 5.83915e-05 6.48492e-06 1.10162e-05 -1.20621e-05 2.45454e-06
 4.89173e-05 5.3708e-06 9.1242e-06 -1.0043e-05 1.95522e-06
 4.04578e-05 4.3891e-06 7.43402e-06 -8.2449e-06 1.57324e-06
 3.23275e-05 3.48147e-06 5.83908e-06 -6.53895e-06 1.25535e-06
 2.60523e-05 2.76673e-06 4.63868e-06 -5.25245e-06 9.72307e-07
 2.05645e-05 2.15848e-06 3.60705e-06 -4.11762e-06 6.92978e-07
 1.70087e-05 1.76479e-06 2.94168e-06 -3.38647e-06 5.49873e-07
 1.29102e-05 1.32313e-06 2.19479e-06 -2.55393e-06 3.85078e-07
 9.91567e-06 1.00644e-06 1.68013e-06 -1.96487e-06 2.84573e-07
 0 0 0 0 0
 0 0 0 0 0
 0 0 0 0 0
 0 0 0 0 0
 0 0 0 0 0
 0 0 0 0 0
 0 0 0 0 0
 0 0 0 0 0
 0 0 0 0 0
 0 0 0 0 0
 0 0 0 0 0
 0 0 0 0 0
 0 0 0 0 0
 0.290512 0.088247 0.0240444 -0.0512428 -0.0097415
 0.264205 0.0791613 0.0254483 -0.0544215 -0.0132653
 0.248493 0.073328 0.0268695 -0.0577693 -0.018247
 0.235413 0.0684695 0.0294385 -0.0611263 -0.0185864
 0.225633 0.0646532 0.0324797 -0.0643403 -0.0201839
 0.214102 0.060182 0.0345175 -0.0658388 -0.0237458
 0.209627 0.0586647 0.0351985 -0.0686433 -0.0220026
 0.203364 0.0561615 0.0387195 -0.0710552 -0.0221399
 0.200542 0.0546845 0.0398448 -0.073292 -0.0229632
 0.198037 0.0538118 0.0418135 -0.0751552 -0.0236874
 0.19559 0.0532447 0.0441655 -0.0761205 -0.0214708
 0.193546 0.0519875 0.047001 -0.0777908 -0.0230325
 0.193156 0.0524208 0.0495732 -0.0794213 -0.0208638
 0.190068 0.0511738 0.0513987 -0.0812742 -0.0222356
 0.184739 0.049305 0.0576832 -0.0833628 -0.0209013
 0.1858 0.0490923 0.0626658 -0.0884287 -0.0219425
 0.180397 0.047068 0.0694385 -0.0913477 -0.021211
 0.173912 0.0445607 0.0758345 -0.0957965 -0.020783
 0.169769 0.0430857 0.082611 -0.100967 -0.0182372
 0.161718 0.0403737 0.0901168 -0.106098 -0.0183117
 0.155664 0.0380465 0.0972117 -0.1117 -0.0187934
 0.152608 0.0366577 0.105851 -0.119055 -0.0203042
 0.145541 0.0342015 0.114124 -0.126443 -0.0188674
 0.139714 0.0324987 0.123898 -0.132761 -0.017295
 0.132906 0.0305498 0.130598 -0.138945 -0.0171833
 0.126632 0.0283828 0.137708 -0.144577 -0.0164708
 0.122124 0.0273595 0.143244 -0.148981 -0.0147526
 0.114979 0.0250253 0.150331 -0.155273 -0.0153024
 0.110183 0.0237991 0.155719 -0.159796 -0.0140447
 0.104403 0.022406 0.160326 -0.163853 -0.0127679
 0.0997083 0.0210525 0.167938 -0.17031 -0.0126329
 0.0941278 0.0197288 0.171419 -0.173333 -0.011636
 0.088428 0.0183797 0.16812 -0.169256 -0.0106069
 0.0846307 0.0175214 0.175098 -0.175367 -0.00993547
 0.078357 0.0159543 0.168394 -0.168838 -0.00970557
 0.0748005 0.0152388 0.171444 -0.171448 -0.00805358
 0.0692863 0.0141055 0.166049 -0.165681 -0.00705725
 0.0647935 0.0129003 0.162649 -0.161837 -0.00724062
 0.0602215 0.0117735 0.157653 -0.156581 -0.00712905
 0.0552857 0.0109072 0.149793 -0.148471 -0.00564135
 0.052833 0.0103112 0.144831 -0.143412 -0.005156
 0.0481438 0.00919602 0.135826 -0.134219 -0.00539965
 0.0444518 0.00850905 0.127829 -0.126198 -0.00420072
 0.041642 0.00791325 0.120513 -0.118776 -0.00369722
 0.038242 0.00723505 0.113011 -0.111319 -0.0032183
 0.0351352 0.00658145 0.104876 -0.103201 -0.00298092
 0.0321498 0.0059911 0.0944278 -0.0927018 -0.00242615
 0.0299475 0.00550415 0.0869972 -0.085196 -0.00226099
 0.0272157 0.00498645 0.078264 -0.076611 -0.00186455
 0.0250948 0.00461487 0.0718367 -0.0701775 -0.00135324
 0.0236222 0.00428248 0.0665 -0.064832 -0.00137757
 0.0214964 0.00388363 0.0586065 -0.0568425 -0.00106679
 0.0197769 0.00356915 0.0526387 -0.0510608 -0.000655428
 0.0182074 0.0032539 0.0466363 -0.045203 -0.000640013
 0.0166258 0.00291 0.0406115 -0.039234 -0.00051484
 0.0153246 0.00267575 0.0363078 -0.0349707 -0.000352522
 0.0142688 0.00248603 0.0320898 -0.0308448 -0.000192209
 0.0132695 0.0023035 0.0285145 -0.0273665 -0.00015937
 0.0122436 0.00209462 0.0249035 -0.0237923 -0.000125612
 0.011408 0.00194637 0.0218625 -0.0208283 2.81257e-05
 0.0104559 0.00175868 0.0188743 -0.0179443 3.20312e-05
 0.0096112 0.001619 0.0163129 -0.0154641 0.00011242
 0.00874518 0.00146521 0.0138991 -0.0131364 0.000150447
 0.00812492 0.00135711 0.011995 -0.011291 0.000193638
 0.00747077 0.00124115 0.0103119 -0.0096624 0.000196525
 0.0068605 0.00114094 0.00868132 -0.00811655 0.000220731
 0.00628753 0.00103829 0.007429 -0.00692468 0.000210262
 0.0057936 0.00095028 0.00630443 -0.00584413 0.000216835
 0.00528233 0.000862057 0.00535067 -0.00495147 0.000210506
 0.00481353 0.000779545 0.00451218 -0.00415668 0.00020017
 0.0043357 0.000698112 0.00379282 -0.00348542 0.000195634
 0.00394413 0.00063159 0.00320608 -0.00294135 0.000185623
 0.00360935 0.000572968 0.00269652 -0.0024678 0.000181194
 0.0032001 0.00050476 0.00223793 -0.00204543 0.000170407
 0.0029057 0.000453125 0.00190864 -0.00174207 0.000153024
 0.00262913 0.00040647 0.00159738 -0.00145413 0.000147459
 0.00232564 0.000356463 0.00132673 -0.00121209 0.000132256
 0.00206227 0.000312848 0.00110359 -0.00100787 0.000118273
 0.00187045 0.000280835 0.00093956 -0.000860477 0.00010853
 0.00168204 0.000250745 0.000789202 -0.000723067 9.94887e-05
 0.00145601 0.00021486 0.000648083 -0.000596172 8.78667e-05
 0.00130378 0.000190287 0.000540722 -0.00049855 7.7638e-05
 0.00115756 0.000167283 0.00045302 -0.000420655 6.87413e-05
 0.00103207 0.000147519 0.000382835 -0.000357135 6.00637e-05
 0.00088219 0.000124985 0.000314935 -0.000295782 5.1377e-05
 0.000788557 0.000110247 0.000265015 -0.00025047 4.57705e-05
 0.000684657 9.481e-05 0.000218896 -0.000208416 3.88623e-05
 0.000597157 8.17737e-05 0.000182041 -0.000174586 3.4172e-05
 0.00051754 7.01642e-05 0.000149355 -0.000144659 2.87618e-05
 0.000455545 6.09865e-05 0.000127077 -0.000123814 2.44712e-05
 0.000393943 5.2248e-05 0.000104569 -0.000103075 2.13843e-05
 0.000336492 4.4152e-05 8.59545e-05 -8.56145e-05 1.80749e-05
 0.000293005 3.79693e-05 7.2055e-05 -7.24883e-05 1.50743e-05
 0.000244342 3.13305e-05 5.77335e-05 -5.86115e-05 1.20238e-05
 0.000208274 2.6398e-05 4.74362e-05 -4.86547e-05 1.01276e-05
 0.00017944 2.24898e-05 3.9738e-05 -4.1154e-05 8.59967e-06
 0.000149626 1.85389e-05 3.22342e-05 -3.37185e-05 6.9011e-06
 0.000129228 1.58653e-05 2.70273e-05 -2.8582e-05 5.98772e-06
 0.000108655 1.32006e-05 2.22317e-05 -2.37642e-05 4.89425e-06
 8.9162e-05 1.06976e-05 1.77702e-05 -1.91922e-05 3.80435e-06
 7.53953e-05 8.97298e-06 1.47747e-05 -1.61327e-05 3.24423e-06
 6.00172e-05 7.05685e-06 1.13506e-05 -1.25541e-05 2.39106e-06
 4.89005e-05 5.67252e-06 9.07412e-06 -1.01071e-05 1.8541e-06
 4.08085e-05 4.69535e-06 7.5182e-06 -8.4429e-06 1.5083e-06
 3.3435e-05 3.79933e-06 6.05598e-06 -6.85857e-06 1.20387e-06
 2.66167e-05 2.98938e-06 4.7056e-06 -5.38645e-06 8.9889e-07
 2.1108e-05 2.33929e-06 3.7229e-06 -4.29138e-06 6.4946e-07
 1.68185e-05 1.84771e-06 2.90835e-06 -3.3802e-06 4.9729e-07
 0 0 0 0 0
 0 0 0 0 0
 0 0 0 0 0
 0 0 0 0 0
 0 0 0 0 0
 0 0 0 0 0
 0 0 0 0 0
 0 0 0 0 0
 0 0 0 0 0
 0 0 0 0 0
 0 0 0 0 0
 0 0 0 0 0
 0 0 0 0 0
 0 0 0 0 0
 0.323575 0.10872 0.0388455 -0.0599357 0.00593715
 0.288483 0.094861 0.0397825 -0.06294 -0.00195734
 0.267343 0.086056 0.0402938 -0.066875 -0.0052547
 0.243043 0.0764102 0.0430333 -0.0681905 -0.00961335
 0.232607 0.0717502 0.0444027 -0.0720505 -0.0117175
 0.216771 0.065609 0.0471245 -0.0735302 -0.0152775
 0.209736 0.062245 0.0482065 -0.0758553 -0.0169787
 0.200239 0.0584655 0.0486543 -0.076998 -0.0174869
 0.194566 0.0562468 0.0511577 -0.0783103 -0.0188823
 0.191442 0.0545957 0.0530018 -0.080284 -0.0199644
 0.185654 0.0525745 0.0508005 -0.0803828 -0.0188179
 0.185369 0.051933 0.0556778 -0.0824608 -0.0215688
 0.182005 0.051381 0.0564025 -0.0827887 -0.0184534
 0.180677 0.0508595 0.0608678 -0.084349 -0.0184833
 0.181105 0.05095 0.060955 -0.0858702 -0.0180789
 0.176572 0.0490943 0.06373 -0.0874112 -0.0181147
 0.171308 0.0470283 0.0679962 -0.0894518 -0.0189061
 0.167962 0.0457215 0.0738477 -0.0930278 -0.0172293
 0.162367 0.0436225 0.0794743 -0.0966635 -0.0168935
 0.158588 0.0421157 0.0854772 -0.10157 -0.0166317
 0.152609 0.0398675 0.0912135 -0.105059 -0.0169975
 0.147528 0.038025 0.0992513 -0.111203 -0.0159931
 0.141794 0.0357557 0.103498 -0.114769 -0.0164202
 0.135767 0.0337828 0.111308 -0.121575 -0.0147869
 0.130945 0.0320752 0.1215 -0.129929 -0.0153846
 0.124439 0.0299945 0.128304 -0.135215 -0.0144714
 0.119728 0.0286685 0.132995 -0.139934 -0.0134268
 0.114085 0.02642 0.142016 -0.146883 -0.014811
 0.1083 0.0250932 0.146017 -0.150253 -0.0120157
 0.102784 0.023586 0.150294 -0.153631 -0.0107575
 0.098112 0.0221421 0.15789 -0.159723 -0.011069
 0.091393 0.0205965 0.158389 -0.160093 -0.00927128
 0.0881603 0.0195612 0.16102 -0.162341 -0.00901383
 0.083796 0.018413 0.164254 -0.164748 -0.00857765
 0.0788138 0.0172051 0.165092 -0.164994 -0.00796668
 0.0744947 0.0160619 0.163245 -0.163028 -0.00751222
 0.0698283 0.0149004 0.161001 -0.160645 -0.00679085
 0.0657902 0.013718 0.158722 -0.158129 -0.0071021
 0.0609373 0.0127838 0.153674 -0.152699 -0.00616625
 0.0577212 0.0119717 0.151681 -0.150308 -0.00545953
 0.0527157 0.010852 0.142005 -0.140912 -0.00468637
 0.0502032 0.0102694 0.138411 -0.136638 -0.00453462
 0.0463692 0.009406 0.131326 -0.129962 -0.00385347
 0.0429055 0.00866442 0.124927 -0.122973 -0.00324328
 0.039635 0.0078625 0.116264 -0.114564 -0.003382
 0.036815 0.00720303 0.10775 -0.105938 -0.00313813
 0.03379 0.00657997 0.0992702 -0.0974098 -0.00248479
 0.031249 0.00611227 0.091064 -0.0892292 -0.00193316
 0.0290795 0.0056594 0.0832152 -0.0814235 -0.00160158
 0.026736 0.0051295 0.0762378 -0.0744845 -0.00158622
 0.0246772 0.00472413 0.0684678 -0.0667915 -0.00113388
 0.0226392 0.00429253 0.0624722 -0.060802 -0.000751875
 0.0209999 0.00394085 0.055951 -0.054383 -0.000855222
 0.0195336 0.00366335 0.0503813 -0.0488507 -0.00047716
 0.017886 0.0033067 0.0442087 -0.0427818 -0.00049263
 0.0166527 0.0030974 0.0399092 -0.0384515 -0.000152358
 0.0154655 0.00282097 0.035286 -0.0339473 -0.000234683
 0.0142433 0.0026125 0.031517 -0.0302515 4.20655e-06
 0.0131162 0.00236745 0.0270917 -0.025932 -4.11132e-06
 0.012082 0.00215189 0.0235518 -0.022502 -6.08393e-06
 0.0113282 0.00201894 0.0209547 -0.0199541 0.000131926
 0.0104006 0.00183783 0.0181693 -0.0172544 0.000182832
 0.00966777 0.0017021 0.0157527 -0.0149227 0.000208907
 0.00874635 0.00153068 0.0135159 -0.012784 0.000194444
 0.0081424 0.00141415 0.0115771 -0.0108968 0.000204671
 0.00761755 0.0013202 0.00996598 -0.00935535 0.000237516
 0.00694397 0.00119918 0.008459 -0.00791613 0.000236401
 0.00633977 0.00109122 0.00708313 -0.00659882 0.000232458
 0.0058105 0.000994787 0.00603745 -0.00561972 0.000220955
 0.00527835 0.000897393 0.005094 -0.00472238 0.000212718
 0.00481365 0.000812773 0.00437877 -0.00405415 0.00020156
 0.00440078 0.00074069 0.00366437 -0.00337335 0.000213058
 0.00400497 0.000669478 0.0031353 -0.00288918 0.000203997
 0.0035524 0.00058982 0.00257833 -0.00237435 0.000185775
 0.00325498 0.000534777 0.00219281 -0.00200895 0.000172436
 0.00294415 0.000479202 0.00184296 -0.00169215 0.000155371
 0.00260515 0.000418413 0.00152116 -0.00139697 0.000135901
 0.00237514 0.000380275 0.00130707 -0.00120165 0.00013205
 0.00210346 0.00033362 0.00108207 -0.000997672 0.00011756
 0.00190768 0.000299642 0.00090953 -0.000838252 0.000108322
 0.00167904 0.00026033 0.000761567 -0.000703648 9.30743e-05
 0.00149728 0.000230895 0.000646945 -0.000601112 8.65505e-05
 0.00132865 0.000202509 0.000539618 -0.000503442 7.49595e-05
 0.00117265 0.000177266 0.000450473 -0.000422722 6.6844e-05
 0.0010335 0.00015453 0.000375152 -0.000353245 5.83637e-05
 0.000892182 0.000131756 0.000304503 -0.00028933 4.8952e-05
 0.000792075 0.000116052 0.000258123 -0.000247098 4.46585e-05
 0.000693002 0.00010061 0.00021485 -0.000206647 3.86847e-05
 0.000604865 8.66128e-05 0.000177026 -0.000171936 3.2973e-05
 0.000531617 7.51295e-05 0.000148415 -0.00014574 2.76408e-05
 0.000457713 6.42447e-05 0.000124663 -0.000123179 2.38294e-05
 0.000396345 5.49737e-05 0.000102922 -0.000102992 2.00925e-05
 0.00033945 4.67135e-05 8.49355e-05 -8.56177e-05 1.75726e-05
 0.000293128 3.9937e-05 7.05837e-05 -7.18982e-05 1.47659e-05
 0.00025256 3.39728e-05 5.84972e-05 -6.0297e-05 1.22628e-05
 0.000212492 2.822e-05 4.8471e-05 -5.03727e-05 9.71578e-06
 0.000182979 2.40959e-05 4.00135e-05 -4.20085e-05 8.37355e-06
 0.000151012 1.96717e-05 3.19893e-05 -3.39613e-05 6.81433e-06
 0.00012907 1.66564e-05 2.66917e-05 -2.86085e-05 5.7299e-06
 0.000109281 1.39464e-05 2.21412e-05 -2.40143e-05 4.70495e-06
 8.98287e-05 1.13329e-05 1.76253e-05 -1.93284e-05 3.69505e-06
 7.45693e-05 9.31335e-06 1.44126e-05 -1.5903e-05 2.98772e-06
 6.18443e-05 7.63388e-06 1.16501e-05 -1.29967e-05 2.34458e-06
 5.06953e-05 6.18502e-06 9.30552e-06 -1.05119e-05 1.81033e-06
 4.15532e-05 5.02177e-06 7.68423e-06 -8.70625e-06 1.47134e-06
 3.42012e-05 4.09975e-06 6.23853e-06 -7.11535e-06 1.19286e-06
 2.763e-05 3.27003e-06 4.93405e-06 -5.6811e-06 8.95343e-07
 0 0 0 0 0
 0 0 0 0 0
 0 0 0 0 0
 0 0 0 0 0
 0 0 0 0 0
 0 0 0 0 0
 0 0 0 0 0
 0 0 0 0 0
 0 0 0 0 0
 0 0 0 0 0
 0 0 0 0 0
 0 0 0 0 0
 0 0 0 0 0
 0 0 0 0 0
 0 0 0 0 0
 0.3683 0.136189 0.0555562 -0.06957 0.0234634
 0.318355 0.114714 0.0559795 -0.0719695 0.0145063
 0.28248 0.098546 0.0546038 -0.0746085 0.00595788
 0.2532 0.0860628 0.0560597 -0.075864 0.00196683
 0.235403 0.077937 0.0591017 -0.0785915 -0.0051465
 0.218967 0.0707815 0.0580888 -0.0797665 -0.00798033
 0.208383 0.0656848 0.0599542 -0.0823705 -0.00930042
 0.20103 0.0624503 0.0624132 -0.0845715 -0.00961803
 0.191712 0.0581495 0.0615347 -0.084796 -0.0145196
 0.188563 0.056517 0.062728 -0.0875963 -0.0146657
 0.181515 0.0542562 0.0641762 -0.0869795 -0.0144152
 0.178229 0.0527932 0.0650893 -0.0874085 -0.0138219
 0.174413 0.0512665 0.0644935 -0.0875592 -0.0158871
 0.171391 0.0503688 0.0648903 -0.0868645 -0.0156464
 0.169788 0.0500213 0.066182 -0.087618 -0.0146177
 0.168853 0.0495172 0.0680398 -0.0886743 -0.0152195
 0.16538 0.048131 0.070372 -0.0903042 -0.0142983
 0.161556 0.0462547 0.073085 -0.0917793 -0.0169071
 0.157195 0.0450595 0.0785815 -0.0943005 -0.0136147
 0.151556 0.0429197 0.0813445 -0.097022 -0.0129318
 0.14555 0.0404745 0.085774 -0.0996858 -0.013704
 0.141079 0.0383557 0.0941005 -0.10499 -0.0147385
 0.13666 0.0368398 0.0995145 -0.109756 -0.0137249
 0.131391 0.0351387 0.106796 -0.115314 -0.0123436
 0.125829 0.0326853 0.111734 -0.119069 -0.013479
 0.121517 0.0310293 0.11929 -0.125712 -0.013296
 0.115598 0.0291355 0.122674 -0.129102 -0.0125133
 0.111085 0.0275147 0.131888 -0.136671 -0.0125638
 0.105552 0.0259432 0.138301 -0.141275 -0.0109423
 0.101081 0.0243218 0.142041 -0.144914 -0.0112592
 0.0959908 0.0228745 0.144869 -0.147771 -0.0104607
 0.092932 0.021922 0.15264 -0.154112 -0.0101817
 0.0873415 0.0203686 0.152908 -0.154062 -0.00880068
 0.0826798 0.0193228 0.156566 -0.156619 -0.00754045
 0.0790432 0.0181785 0.160158 -0.160487 -0.00781588
 0.0742043 0.0166711 0.159413 -0.159016 -0.00781975
 0.068472 0.0153916 0.154534 -0.153782 -0.00639905
 0.0645593 0.0143959 0.151891 -0.151434 -0.0060802
 0.061523 0.0134041 0.149908 -0.149061 -0.0060934
 0.0569133 0.0123848 0.143381 -0.142083 -0.00497598
 0.0537878 0.0115663 0.140693 -0.139323 -0.00460553
 0.0503842 0.0109404 0.138088 -0.136376 -0.00351997
 0.046422 0.00998113 0.128102 -0.126465 -0.0034531
 0.0438162 0.00926677 0.123699 -0.121885 -0.00305538
 0.0403315 0.00844205 0.114979 -0.113253 -0.0030254
 0.0377738 0.00784627 0.107857 -0.106157 -0.00242389
 0.0349783 0.00722445 0.101826 -0.0998315 -0.00212622
 0.032158 0.0065998 0.092921 -0.090962 -0.00173375
 0.0302195 0.00622593 0.0872675 -0.0854017 -0.00116311
 0.0280727 0.00567182 0.079417 -0.077455 -0.00118425
 0.0256605 0.0051387 0.0714665 -0.0697437 -0.00106536
 0.0237535 0.00474488 0.0649738 -0.0632308 -0.000737385
 0.0219056 0.0042889 0.0584585 -0.0567763 -0.000808117
 0.0205788 0.00402725 0.0535385 -0.051841 -0.000546442
 0.0190945 0.00373117 0.047013 -0.0453642 -0.000277385
 0.0176292 0.00340322 0.042314 -0.0408695 -0.000281025
 0.0161239 0.00308535 0.037689 -0.0363385 -0.000114202
 0.0151183 0.00285768 0.0336185 -0.0323308 -0.000143699
 0.0140336 0.00263872 0.029912 -0.0286827 -4.15698e-05
 0.0128824 0.00241616 0.0256853 -0.0245961 7.13923e-05
 0.0119487 0.00223255 0.0225063 -0.0214799 0.000174641
 0.0110424 0.00203762 0.0197788 -0.0188486 0.000107082
 0.0102077 0.00187983 0.0171679 -0.0162867 0.000201246
 0.00943212 0.00172667 0.0148263 -0.0140454 0.000225557
 0.00876952 0.00160152 0.0129137 -0.0121969 0.000230162
 0.00810073 0.00146591 0.0108678 -0.0102455 0.00022252
 0.0073751 0.00132585 0.00935385 -0.0087928 0.00021357
 0.00693657 0.00124572 0.00814425 -0.00762285 0.000254205
 0.00628585 0.00112437 0.00682405 -0.00637095 0.000237137
 0.00579052 0.00103197 0.00584912 -0.00545148 0.000243996
 0.00527615 0.000932013 0.00496117 -0.00461382 0.000211586
 0.00486745 0.000855645 0.00420068 -0.00388997 0.000218232
 0.00438485 0.000764305 0.00350172 -0.0032405 0.00020104
 0.00401737 0.000696738 0.002972 -0.0027446 0.000196867
 0.003578 0.000616195 0.00247853 -0.0022903 0.000184572
 0.00330547 0.00056466 0.0021339 -0.00196968 0.000170931
 0.00291495 0.000494415 0.00176424 -0.00162977 0.000154432
 0.00264855 0.000444852 0.00148645 -0.0013752 0.000145349
 0.00236846 0.0003948 0.00124816 -0.00115557 0.000130366
 0.00209193 0.000345608 0.00104312 -0.000967592 0.000118534
 0.0018816 0.00030755 0.000877237 -0.00081722 0.00010383
 0.00168989 0.000273487 0.000740135 -0.000690213 9.3594e-05
 0.00148564 0.000237832 0.000610118 -0.000573358 8.07507e-05
 0.00132638 0.000210375 0.000515082 -0.000485108 7.35083e-05
 0.00116965 0.000184115 0.000431118 -0.000408555 6.55438e-05
 0.00103869 0.000161863 0.000366233 -0.000349855 5.6483e-05
 0.000901245 0.000138906 0.00029778 -0.000286492 4.94967e-05
 0.000793742 0.000121376 0.00025072 -0.000242796 4.38148e-05
 0.00071594 0.000108248 0.000215466 -0.000210035 3.86343e-05
 0.00061056 9.12205e-05 0.000175787 -0.000173218 3.16193e-05
 0.000526035 7.8017e-05 0.000146504 -0.000145468 2.73615e-05
 0.000453877 6.64035e-05 0.000119734 -0.000120397 2.29295e-05
 0.000396977 5.75428e-05 0.000101197 -0.000102391 1.96899e-05
 0.000344257 4.93387e-05 8.43645e-05 -8.62608e-05 1.65664e-05
 0.000292425 4.1583e-05 6.91842e-05 -7.14728e-05 1.42805e-05
 0.000248299 3.48405e-05 5.66895e-05 -5.90757e-05 1.13848e-05
 0.000211827 2.94525e-05 4.7291e-05 -4.98058e-05 9.59818e-06
 0.000181289 2.4962e-05 3.90325e-05 -4.14917e-05 8.12045e-06
 0.000151577 2.06454e-05 3.20152e-05 -3.4393e-05 6.45723e-06
 0.000130774 1.76199e-05 2.72158e-05 -2.94848e-05 5.49567e-06
 0.000108858 1.45091e-05 2.17469e-05 -2.38383e-05 4.31183e-06
 9.3669e-05 1.23853e-05 1.85153e-05 -2.04683e-05 3.7518e-06
 7.49525e-05 9.76352e-06 1.4356e-05 -1.60237e-05 2.68815e-06
 6.22548e-05 8.06113e-06 1.18563e-05 -1.32877e-05 2.31897e-06
 5.0571e-05 6.48458e-06 9.5001e-06 -1.07765e-05 1.79441e-06
 4.15647e-05 5.27238e-06 7.68192e-06 -8.78183e-06 1.42993e-06
 0 0 0 0 0
 0 0 0 0 0
 0 0 0 0 0
 0 0 0 0 0
 0 0 0 0 0
 0 0 0 0 0
 0 0 0 0 0
 0 0 0 0 0
 0 0 0 0 0
 0 0 0 0 0
 0 0 0 0 0
 0 0 0 0 0
 0 0 0 0 0
 0 0 0 0 0
 0 0 0 0 0
 0 0 0 0 0
 0.41378 0.167335 0.0724608 -0.0788223 0.0460565
 0.35209 0.13754 0.0751345 -0.082154 0.0300788
 0.30644 0.115851 0.072668 -0.08444 0.0201075
 0.27286 0.100022 0.0742165 -0.0864358 0.0107815
 0.24779 0.088263 0.07351 -0.0881735 0.00701195
 0.22721 0.0782913 0.0747962 -0.0896735 0.00137696
 0.213589 0.0716992 0.074691 -0.0913565 -0.00500427
 0.200533 0.065685 0.0741567 -0.091723 -0.00712965
 0.187659 0.0606163 0.074335 -0.09197 -0.00644907
 0.18166 0.0573958 0.0729065 -0.0924062 -0.0100431
 0.176566 0.0550458 0.073996 -0.0934717 -0.0115451
 0.172245 0.053129 0.074875 -0.0938208 -0.0117594
 0.168521 0.0522187 0.073769 -0.0930912 -0.0115761
 0.166512 0.0513945 0.0740232 -0.0931722 -0.0100569
 0.160468 0.0485485 0.0724425 -0.0912635 -0.0141971
 0.161712 0.0495285 0.073376 -0.092681 -0.0112472
 0.157404 0.047967 0.073976 -0.091441 -0.0120541
 0.155674 0.0470903 0.0768945 -0.0929325 -0.0117697
 0.150934 0.0452955 0.078723 -0.0931698 -0.0126004
 0.146671 0.0434058 0.081279 -0.0945277 -0.012837
 0.141399 0.0409368 0.0855993 -0.0976303 -0.0152286
 0.136972 0.0396342 0.0915942 -0.101364 -0.011134
 0.131 0.0370375 0.0957315 -0.104967 -0.0123178
 0.126248 0.035346 0.0986813 -0.1068 -0.0117013
 0.122723 0.0340038 0.106206 -0.113273 -0.0110386
 0.1164 0.0313848 0.108651 -0.115518 -0.0118104
 0.112699 0.0303017 0.118097 -0.122915 -0.0106343
 0.106479 0.0279738 0.119694 -0.124351 -0.0107577
 0.10263 0.0263632 0.126103 -0.129737 -0.0112292
 0.0987693 0.025076 0.135027 -0.136936 -0.00996627
 0.093562 0.0234971 0.135162 -0.13739 -0.00988328
 0.0884178 0.0219596 0.139396 -0.140973 -0.00848085
 0.084352 0.0203473 0.144492 -0.145171 -0.0100863
 0.0813017 0.0197708 0.148214 -0.148807 -0.00753322
 0.076399 0.0182953 0.148161 -0.148402 -0.00726183
 0.0721285 0.0171379 0.151529 -0.150733 -0.00648708
 0.068451 0.0160225 0.150735 -0.150193 -0.00645515
 0.0649245 0.0150633 0.149386 -0.148728 -0.00583268
 0.060961 0.0140528 0.1456 -0.144243 -0.00488412
 0.0567443 0.0129432 0.143989 -0.142653 -0.00473563
 0.0534575 0.0119027 0.138175 -0.136665 -0.00489605
 0.0504242 0.0113477 0.134361 -0.132553 -0.00363885
 0.04745 0.0105473 0.130342 -0.128624 -0.00331625
 0.044783 0.0098773 0.126206 -0.124288 -0.00312175
 0.0415488 0.0090881 0.116992 -0.114895 -0.0025745
 0.0388 0.00854725 0.110177 -0.108041 -0.00184868
 0.035581 0.0076706 0.101582 -0.0995155 -0.00196751
 0.033134 0.0070739 0.0944845 -0.0924125 -0.00185646
 0.031066 0.00665807 0.0883615 -0.0864257 -0.00129935
 0.028671 0.00605232 0.0815848 -0.079667 -0.00129295
 0.0267578 0.00557433 0.074287 -0.0723432 -0.00106053
 0.0247664 0.0051444 0.0687075 -0.066971 -0.000826355
 0.023078 0.00475525 0.0617083 -0.0599325 -0.000635813
 0.0215244 0.0044319 0.0565632 -0.0549315 -0.000516213
 0.0197646 0.00405008 0.04989 -0.048258 -0.00027234
 0.0183608 0.00369625 0.0446063 -0.0430908 -0.000240654
 0.0172191 0.00343775 0.0397942 -0.038393 -0.000180063
 0.0158845 0.0031761 0.0356045 -0.0342065 6.35682e-05
 0.0146959 0.0029109 0.0315087 -0.030304 1.35713e-05
 0.0137784 0.002679 0.0277695 -0.02662 2.63635e-05
 0.0126335 0.00243987 0.0242342 -0.0231987 7.49103e-05
 0.0119072 0.00231537 0.0214479 -0.020462 0.000220155
 0.0109607 0.00210772 0.0187968 -0.0179085 0.000247871
 0.0101666 0.00194943 0.0162683 -0.0154544 0.000281937
 0.00931575 0.00177074 0.0140014 -0.0132729 0.000268773
 0.0087739 0.00167378 0.0122427 -0.0115878 0.00030141
 0.00799155 0.00150139 0.0104379 -0.00983495 0.000249746
 0.0074143 0.00139029 0.00889702 -0.00836012 0.000267445
 0.0068294 0.00127229 0.0076117 -0.00713995 0.00026974
 0.00624672 0.0011641 0.00648325 -0.00607028 0.000263095
 0.00573803 0.00105848 0.00548153 -0.00511752 0.000237469
 0.0050649 0.000927178 0.00453435 -0.0042249 0.000209158
 0.004795 0.00087419 0.00396513 -0.00368402 0.000227488
 0.00429702 0.00077702 0.0032662 -0.00303315 0.000200145
 0.00393333 0.000706915 0.00280495 -0.0026021 0.000197086
 0.00358065 0.000638697 0.00238558 -0.00221749 0.000180353
 0.00322973 0.00057242 0.00201612 -0.00187387 0.000164978
 0.00290837 0.00051159 0.00167432 -0.00155616 0.000153632
 0.0025924 0.00045137 0.00140102 -0.00130401 0.000138088
 0.00233821 0.000404663 0.00118751 -0.00110926 0.000128132
 0.00212482 0.000363318 0.00102107 -0.000956725 0.000112861
 0.00186817 0.000316905 0.00083685 -0.000786493 9.9733e-05
 0.00166228 0.000278515 0.000705242 -0.00066533 8.66895e-05
 0.00147961 0.000246242 0.000591415 -0.000561025 7.9825e-05
 0.00131692 0.00021712 0.000497218 -0.000473985 7.23197e-05
 0.00116608 0.000190443 0.000413087 -0.000396332 6.29908e-05
 0.00102842 0.000166411 0.000347263 -0.000336017 5.52893e-05
 0.000903075 0.000144798 0.000292468 -0.000284243 4.82358e-05
 0.000792293 0.000125528 0.000242946 -0.00023803 4.12978e-05
 0.00069156 0.000108625 0.000204049 -0.000202117 3.49957e-05
 0.000603225 9.3723e-05 0.000170161 -0.000169822 3.03097e-05
 0.000524048 8.06373e-05 0.000142166 -0.000143092 2.60873e-05
 0.00045644 6.95958e-05 0.000118387 -0.000120411 2.26235e-05
 0.00038727 5.83407e-05 9.60917e-05 -9.8752e-05 1.80442e-05
 0.000344403 5.1469e-05 8.3325e-05 -8.61167e-05 1.63452e-05
 0.000291065 4.30032e-05 6.76533e-05 -7.09023e-05 1.32711e-05
 0.000247293 3.62287e-05 5.62078e-05 -5.93322e-05 1.14496e-05
 0.000211487 3.0673e-05 4.63772e-05 -4.9518e-05 9.33165e-06
 0.000179426 2.56815e-05 3.79267e-05 -4.08405e-05 7.52077e-06
 0.000154091 2.19167e-05 3.21343e-05 -3.49488e-05 6.5505e-06
 0.000129001 1.81548e-05 2.63737e-05 -2.89162e-05 5.24052e-06
 0.00010859 1.51173e-05 2.15591e-05 -2.3855e-05 4.25885e-06
 8.9745e-05 1.23571e-05 1.77022e-05 -1.97181e-05 3.36445e-06
 7.69468e-05 1.04877e-05 1.48277e-05 -1.6695e-05 2.811e-06
 6.38328e-05 8.61565e-06 1.19241e-05 -1.35241e-05 2.22382e-06
 0 0 0 0 0
 0 0 0 0 0
 0 0 0 0 0
 0 0 0 0 0
 0 0 0 0 0
 0 0 0 0 0
 0 0 0 0 0
 0 0 0 0 0
 0 0 0 0 0
 0 0 0 0 0
 0 0 0 0 0
 0 0 0 0 0
 0 0 0 0 0
 0 0 0 0 0
 0 0 0 0 0
 0 0 0 0 0
 0 0 0 0 0
 0.486542 0.214006 0.0927367 -0.0920543 0.0774242
 0.398788 0.169005 0.0915325 -0.093974 0.0535347
 0.332335 0.135553 0.0911512 -0.094669 0.0344963
 0.290842 0.114345 0.0896798 -0.0967095 0.0223756
 0.258107 0.097984 0.0883767 -0.0976745 0.0144167
 0.236807 0.087017 0.0876875 -0.0997878 0.00814928
 0.216082 0.0771385 0.0880825 -0.100086 0.00345003
 0.200926 0.069907 0.0843885 -0.100193 -5.06108e-05
 0.189103 0.06447 0.0844488 -0.100007 -0.00233573
 0.18096 0.0602633 0.0841203 -0.100851 -0.00625797
 0.170734 0.055882 0.0829922 -0.0986832 -0.00807492
 0.167495 0.0541357 0.0851312 -0.100246 -0.00938075
 0.160091 0.0510585 0.0832473 -0.0983582 -0.0101403
 0.155885 0.049631 0.0807985 -0.096688 -0.00973057
 0.152652 0.048463 0.0815402 -0.0960957 -0.00993162
 0.152746 0.0484022 0.0802038 -0.096125 -0.00931317
 0.146259 0.0460613 0.0785425 -0.0930757 -0.00920995
 0.146912 0.046231 0.0798303 -0.0935083 -0.0101416
 0.145243 0.0455675 0.0838487 -0.095325 -0.00925753
 0.137893 0.0428063 0.0812273 -0.0933822 -0.00967707
 0.133561 0.040758 0.0846855 -0.0941393 -0.0101728
 0.12986 0.0390015 0.0871533 -0.0965087 -0.0110312
 0.125381 0.0371578 0.091333 -0.099629 -0.010969
 0.120858 0.0351567 0.0949993 -0.102672 -0.0116836
 0.117639 0.0340093 0.100227 -0.106215 -0.0103113
 0.111613 0.031526 0.104047 -0.109691 -0.0109637
 0.107744 0.0300743 0.109204 -0.113768 -0.0101675
 0.10479 0.028995 0.115915 -0.119873 -0.00920328
 0.0999055 0.0271902 0.120422 -0.12388 -0.0090945
 0.0956528 0.0254018 0.123841 -0.126528 -0.0092988
 0.0902745 0.0236996 0.127661 -0.129636 -0.00900372
 0.0860132 0.022387 0.133548 -0.135051 -0.00839893
 0.0819803 0.0210595 0.135999 -0.136623 -0.00780612
 0.0792555 0.0201543 0.139403 -0.139778 -0.00696933
 0.0745707 0.018886 0.140317 -0.140324 -0.00588622
 0.0718443 0.0180327 0.143082 -0.14276 -0.005602
 0.0683455 0.0170907 0.143235 -0.142198 -0.00477545
 0.0636568 0.0154247 0.144047 -0.142966 -0.00547703
 0.0600655 0.0143865 0.142224 -0.140722 -0.00504727
 0.0565272 0.0136319 0.136727 -0.134923 -0.00368475
 0.0540198 0.0128336 0.13606 -0.134143 -0.00357622
 0.050751 0.0121021 0.13259 -0.13089 -0.0029543
 0.0478825 0.0112313 0.130027 -0.127986 -0.00266858
 0.0444302 0.0103032 0.120207 -0.118272 -0.0025898
 0.0421058 0.00964835 0.117152 -0.115041 -0.00214405
 0.0392708 0.00892642 0.111382 -0.109435 -0.0020066
 0.0363898 0.00819733 0.104232 -0.102304 -0.00169611
 0.0342542 0.00768113 0.0975732 -0.095494 -0.00153252
 0.0316325 0.00705738 0.0891327 -0.0870578 -0.00100227
 0.02981 0.0065393 0.0840155 -0.0820118 -0.00117218
 0.0277097 0.00604415 0.0775235 -0.07561 -0.000897765
 0.0256798 0.0056124 0.070827 -0.06902 -0.00051359
 0.0240155 0.0052323 0.0641662 -0.0623845 -0.000241931
 0.0223191 0.00478758 0.0583395 -0.056566 -0.000287977
 0.0205414 0.00438967 0.0523088 -0.0506403 -0.000243547
 0.0192022 0.00403947 0.0474368 -0.0458768 -0.000183778
 0.0178564 0.00375873 0.0419688 -0.0405 4.68442e-05
 0.016624 0.00346778 0.037489 -0.036069 6.75308e-05
 0.0154377 0.0031988 0.0335132 -0.0322177 9.67765e-05
 0.0143019 0.00291845 0.0294253 -0.028251 6.99833e-05
 0.0134264 0.0027236 0.0263235 -0.0252335 0.000165803
 0.0125042 0.00255685 0.0232663 -0.0222493 0.000359458
 0.0114525 0.00230617 0.0198673 -0.0189667 0.000264053
 0.0106414 0.00211113 0.0175177 -0.016674 0.000246703
 0.00994015 0.00197928 0.0150752 -0.0143217 0.000349605
 0.00914182 0.0018045 0.013065 -0.0123904 0.00030788
 0.0084014 0.00165102 0.0112819 -0.0106673 0.000321447
 0.00782568 0.00152625 0.0097655 -0.0092164 0.000307475
 0.00726403 0.00141122 0.00839808 -0.00790102 0.000302153
 0.00661665 0.00127917 0.00697553 -0.00655125 0.00027852
 0.00613468 0.00118202 0.0061199 -0.00573822 0.0002754
 0.005588 0.00106884 0.00516945 -0.0048398 0.000253545
 0.00510902 0.000968405 0.00434058 -0.00405915 0.000224711
 0.0047772 0.00090333 0.00377152 -0.00352418 0.000231892
 0.00426183 0.00079862 0.00313105 -0.0029281 0.000208818
 0.00386912 0.000722453 0.00264097 -0.00246304 0.000201815
 0.00350335 0.000648305 0.00223673 -0.00208681 0.0001834
 0.00312645 0.000572408 0.00185385 -0.00173353 0.000157724
 0.00282663 0.000512405 0.00157595 -0.00147639 0.000144836
 0.00255297 0.00045981 0.0013361 -0.00125475 0.00013209
 0.00230339 0.000412312 0.00111907 -0.00105157 0.000125297
 0.00206702 0.000366372 0.00095182 -0.000898143 0.00011016
 0.00184585 0.000324395 0.000798985 -0.000756522 0.000100568
 0.00166336 0.000289783 0.00067461 -0.000642162 9.07075e-05
 0.00148453 0.000255912 0.000575783 -0.000551842 7.7681e-05
 0.00129454 0.000221232 0.00047314 -0.000456327 6.84073e-05
 0.00115663 0.000195547 0.000399718 -0.000387043 6.10298e-05
 0.00101495 0.000169929 0.000336527 -0.000328515 5.22533e-05
 0.00089621 0.000148877 0.00028164 -0.000276963 4.6816e-05
 0.000771048 0.000126519 0.000230517 -0.00022901 3.85588e-05
 0.000688527 0.000112234 0.000196389 -0.000196643 3.49212e-05
 0.00059642 9.63423e-05 0.000164374 -0.00016584 3.08705e-05
 0.000521163 8.33577e-05 0.000137777 -0.000140433 2.6261e-05
 0.000446598 7.05237e-05 0.000113174 -0.000116499 2.08593e-05
 0.000389198 6.0938e-05 9.55877e-05 -9.9315e-05 1.82422e-05
 0.000333142 5.1695e-05 7.88662e-05 -8.2559e-05 1.5758e-05
 0.000289995 4.45293e-05 6.63733e-05 -7.02853e-05 1.3056e-05
 0.000243693 3.70025e-05 5.44297e-05 -5.80815e-05 1.06915e-05
 0.000205749 3.0947e-05 4.43748e-05 -4.798e-05 8.6545e-06
 0.000182312 2.71527e-05 3.89693e-05 -4.23675e-05 7.47635e-06
 0.000151204 2.23198e-05 3.11543e-05 -3.42295e-05 6.2263e-06
 0.000127222 1.86012e-05 2.59217e-05 -2.86753e-05 5.01085e-06
 0.000104204 1.50645e-05 2.06953e-05 -2.31564e-05 3.90943e-06
 8.84627e-05 1.26756e-05 1.7288e-05 -1.9424e-05 3.28433e-06
 0 0 0 0 0
 0 0 0 0 0
 0 0 0 0 0
 0 0 0 0 0
 0 0 0 0 0
 0 0 0 0 0
 0 0 0 0 0
 0 0 0 0 0
 0 0 0 0 0
 0 0 0 0 0
 0 0 0 0 0
 0 0 0 0 0
 0 0 0 0 0
 0 0 0 0 0
 0 0 0 0 0
 0 0 0 0 0
 0 0 0 0 0
 0 0 0 0 0
 0.57388 0.272772 0.114146 -0.105736 0.11546
 0.456935 0.208345 0.113234 -0.108134 0.0789497
 0.375983 0.164697 0.108888 -0.109159 0.0532482
 0.32006 0.134421 0.109273 -0.110044 0.037687
 0.276712 0.111824 0.106389 -0.110012 0.0238803
 0.245576 0.0959135 0.103255 -0.109614 0.0168185
 0.22255 0.0844463 0.101177 -0.110266 0.0113603
 0.203736 0.0748373 0.100522 -0.109476 0.0054209
 0.189745 0.068021 0.0983033 -0.108672 0.00193736
 0.179622 0.0626852 0.0981317 -0.109733 -0.00147515
 0.170031 0.058381 0.0961455 -0.108231 -0.0045187
 0.161424 0.0541992 0.0934835 -0.106107 -0.0052084
 0.15556 0.0514525 0.093024 -0.105697 -0.00826187
 0.150886 0.049829 0.0904938 -0.103465 -0.00671393
 0.14502 0.0475155 0.088088 -0.100796 -0.00783665
 0.142346 0.0464235 0.0872397 -0.0994123 -0.0076951
 0.140911 0.0463067 0.0847803 -0.0977705 -0.00658952
 0.137866 0.04459 0.084136 -0.0963133 -0.0087862
 0.135096 0.04394 0.082597 -0.0948007 -0.00694697
 0.131292 0.04224 0.0834442 -0.0941015 -0.0079624
 0.128976 0.0413157 0.0849378 -0.0943737 -0.00787595
 0.124784 0.039552 0.0870882 -0.0954167 -0.00759582
 0.121979 0.0382268 0.0913842 -0.097947 -0.0073347
 0.116226 0.035763 0.0930195 -0.0995955 -0.00861675
 0.112959 0.0342765 0.0966262 -0.102187 -0.0082526
 0.10862 0.0322788 0.100823 -0.105367 -0.00813473
 0.104546 0.03129 0.105677 -0.109075 -0.006578
 0.100044 0.0290958 0.106911 -0.110064 -0.00814125
 0.0951708 0.026929 0.113603 -0.115636 -0.00909077
 0.0917525 0.0256225 0.117249 -0.119207 -0.00784733
 0.0880478 0.0240895 0.12326 -0.124006 -0.0086327
 0.0831143 0.022333 0.122732 -0.123877 -0.0083241
 0.079537 0.0215673 0.128403 -0.12867 -0.00614487
 0.0764635 0.020241 0.129898 -0.130128 -0.00624805
 0.073692 0.019446 0.132059 -0.131482 -0.00562127
 0.0687702 0.0179088 0.13574 -0.13505 -0.00523265
 0.0658513 0.0168796 0.137366 -0.136314 -0.00513353
 0.0621432 0.0157204 0.136381 -0.135493 -0.00503487
 0.059257 0.015096 0.134069 -0.132764 -0.00357853
 0.0558135 0.0139166 0.132783 -0.130933 -0.00384368
 0.053282 0.0131422 0.13063 -0.128805 -0.00343303
 0.0509543 0.0126282 0.132357 -0.130411 -0.00287277
 0.047805 0.011408 0.124527 -0.122595 -0.00332178
 0.044595 0.0107032 0.120056 -0.117991 -0.00250185
 0.0420427 0.00999655 0.116271 -0.114158 -0.00231512
 0.0391572 0.00927217 0.109514 -0.107332 -0.00199241
 0.0368395 0.00874775 0.103887 -0.101867 -0.00119859
 0.0344345 0.0080279 0.0971117 -0.0950477 -0.00141431
 0.032204 0.00750242 0.0918688 -0.0898255 -0.000975477
 0.0302763 0.007004 0.085512 -0.0834462 -0.000760182
 0.0280275 0.00645095 0.07858 -0.0766845 -0.000644623
 0.0263255 0.0059599 0.0720925 -0.0700897 -0.00059775
 0.0246363 0.00555273 0.0654907 -0.0636092 -0.000295092
 0.0227916 0.0050566 0.0593235 -0.057571 -0.000277383
 0.0212663 0.0047101 0.0541583 -0.052437 -0.000152067
 0.0198852 0.0043822 0.0487553 -0.047139 -8.80412e-06
 0.018367 0.00399655 0.043189 -0.0416818 -1.32043e-06
 0.0171361 0.00371415 0.039224 -0.0378498 7.16145e-05
 0.0160055 0.0034494 0.034773 -0.0334773 0.000171907
 0.0149689 0.00321483 0.0311563 -0.0299263 0.000263453
 0.0138471 0.00293617 0.0273122 -0.026217 0.000211454
 0.0128941 0.00271553 0.0242643 -0.0232373 0.000273127
 0.0120005 0.00251638 0.0212581 -0.0202917 0.000314147
 0.0112932 0.00233519 0.0188463 -0.0179761 0.000290365
 0.0103188 0.00212499 0.0161759 -0.0154115 0.00029778
 0.00968472 0.00196991 0.0141637 -0.0134558 0.000260687
 0.00896935 0.00182824 0.0123301 -0.0116948 0.000301625
 0.00829615 0.00168166 0.0105799 -0.0100211 0.000326888
 0.0076302 0.00153481 0.00905725 -0.00856423 0.00028124
 0.00708405 0.00142063 0.00778887 -0.00735077 0.000301927
 0.00654855 0.00131164 0.00656168 -0.00617377 0.000302657
 0.00599605 0.00119635 0.00565628 -0.00532145 0.000296657
 0.00545637 0.00107857 0.00476925 -0.00447063 0.000262458
 0.00501655 0.000986813 0.0041017 -0.00384613 0.000249556
 0.00461467 0.000899897 0.00348107 -0.00326352 0.000225303
 0.00419052 0.000810742 0.00295535 -0.0027725 0.000201694
 0.00385298 0.000738715 0.00250205 -0.00234685 0.000190044
 0.00344825 0.000657262 0.00210079 -0.001973 0.000173689
 0.00312232 0.000591427 0.00180051 -0.00169293 0.000162125
 0.00280855 0.000527423 0.00149565 -0.00141054 0.000146133
 0.00248888 0.000462865 0.00124354 -0.00117579 0.000129679
 0.00226487 0.000418205 0.00106374 -0.00100956 0.000118714
 0.0020312 0.00037115 0.000890655 -0.00084788 0.000108044
 0.00179062 0.000324708 0.000745795 -0.0007133 9.4481e-05
 0.00159651 0.000286908 0.000625407 -0.000602035 8.4101e-05
 0.0014418 0.000257305 0.000537585 -0.000519548 7.7265e-05
 0.00128408 0.000226437 0.000450407 -0.00043877 6.56692e-05
 0.00110026 0.00019247 0.000370315 -0.000362947 5.5915e-05
 0.000982993 0.000170079 0.00031091 -0.000307615 4.92872e-05
 0.000890345 0.000152581 0.000270417 -0.000269408 4.4519e-05
 0.000774015 0.000131577 0.000226854 -0.000227208 3.88625e-05
 0.000672327 0.000113297 0.00018787 -0.000190208 3.35865e-05
 0.000593697 9.92185e-05 0.000159056 -0.000162362 2.95598e-05
 0.000510118 8.42083e-05 0.000132575 -0.000136683 2.41358e-05
 0.000445708 7.3104e-05 0.000112409 -0.000116917 2.13604e-05
 0.000382655 6.20695e-05 9.19995e-05 -9.66955e-05 1.76297e-05
 0.000328347 5.26948e-05 7.66353e-05 -8.12605e-05 1.47746e-05
 0.000283663 4.49425e-05 6.37708e-05 -6.82935e-05 1.17779e-05
 0.000242283 3.81208e-05 5.33273e-05 -5.75905e-05 1.03268e-05
 0.000207466 3.23937e-05 4.4929e-05 -4.8905e-05 8.86635e-06
 0.000171536 2.6486e-05 3.60185e-05 -3.95365e-05 7.01972e-06
 0.000149057 2.28163e-05 3.05175e-05 -3.38417e-05 5.82787e-06
 0.000123004 1.86274e-05 2.47428e-05 -2.76743e-05 4.67853e-06
 0 0 0 0 0
 0 0 0 0 0
 0 0 0 0 0
 0 0 0 0 0
 0 0 0 0 0
 0 0 0 0 0
 0 0 0 0 0
 0 0 0 0 0
 0 0 0 0 0
 0 0 0 0 0
 0 0 0 0 0
 0 0 0 0 0
 0 0 0 0 0
 0 0 0 0 0
 0 0 0 0 0
 0 0 0 0 0
 0 0 0 0 0
 0 0 0 0 0
 0 0 0 0 0
 0.703367 0.35909 0.141374 -0.124472 0.172604
 0.534353 0.260832 0.133992 -0.124402 0.115363
 0.432372 0.202149 0.135015 -0.126543 0.080368
 0.356653 0.159996 0.130913 -0.126089 0.0568205
 0.300513 0.129377 0.124907 -0.124361 0.038029
 0.264185 0.109704 0.122343 -0.124411 0.026777
 0.232016 0.0932342 0.118465 -0.12178 0.018556
 0.211303 0.0818587 0.115715 -0.121887 0.0117717
 0.194593 0.0735215 0.11424 -0.121125 0.00809202
 0.183137 0.0674488 0.114338 -0.12136 0.00430363
 0.169022 0.0605475 0.108533 -0.117267 -0.00056939
 0.158374 0.0558913 0.10466 -0.113922 -0.00202778
 0.151712 0.0524553 0.101857 -0.112933 -0.0045328
 0.145504 0.049943 0.100896 -0.110368 -0.00434165
 0.141547 0.0480018 0.0989728 -0.109293 -0.00527683
 0.13675 0.0461982 0.0955265 -0.105444 -0.00606068
 0.132284 0.0442795 0.0922192 -0.102244 -0.00742025
 0.13063 0.043358 0.0907137 -0.100843 -0.007672
 0.128349 0.042948 0.0878537 -0.0980615 -0.00659643
 0.123319 0.040887 0.0870313 -0.0952855 -0.0073165
 0.121187 0.0401867 0.0868945 -0.0945083 -0.0062955
 0.119657 0.039471 0.0880102 -0.0954835 -0.00647825
 0.117954 0.0384148 0.0911002 -0.0971758 -0.0064436
 0.110483 0.035491 0.0903113 -0.095646 -0.00648547
 0.107434 0.0342335 0.0942768 -0.0984527 -0.00585735
 0.103743 0.0323338 0.094765 -0.0989005 -0.00723362
 0.098604 0.0301205 0.098485 -0.101657 -0.00767862
 0.0947872 0.028773 0.102469 -0.104943 -0.00595297
 0.0915455 0.0271342 0.105611 -0.10794 -0.00752548
 0.0883585 0.0257845 0.112903 -0.114412 -0.00679178
 0.0844018 0.024131 0.115584 -0.116549 -0.00682487
 0.0814313 0.0229347 0.118538 -0.118314 -0.00698293
 0.0769705 0.021673 0.121512 -0.121554 -0.00563095
 0.074826 0.0206151 0.123386 -0.123106 -0.00583245
 0.0712602 0.0195996 0.126459 -0.125738 -0.00513847
 0.0672893 0.0180348 0.127107 -0.125825 -0.00561425
 0.0651662 0.0173916 0.130678 -0.129365 -0.00451675
 0.0604073 0.0159319 0.128979 -0.127594 -0.00432027
 0.0581297 0.0149931 0.129466 -0.127865 -0.00444032
 0.0556098 0.0144331 0.131919 -0.129803 -0.00311878
 0.052804 0.0135927 0.129622 -0.127577 -0.00291805
 0.0496815 0.0126112 0.125492 -0.123684 -0.00276975
 0.046922 0.0116611 0.122765 -0.120644 -0.0030198
 0.044438 0.0111404 0.116726 -0.114677 -0.00181414
 0.0419023 0.0104384 0.112758 -0.110531 -0.00172088
 0.039335 0.00971652 0.109095 -0.106926 -0.00152464
 0.036433 0.00886783 0.102378 -0.100097 -0.00145453
 0.0343847 0.00829863 0.097371 -0.0953358 -0.00128119
 0.0323645 0.00771688 0.0916438 -0.0895203 -0.00125868
 0.0303517 0.0071844 0.08374 -0.0817035 -0.000874605
 0.0282235 0.00676055 0.077775 -0.0757958 -0.00033177
 0.0268558 0.00636958 0.0735447 -0.0715995 -0.000209159
 0.0249605 0.00579035 0.067027 -0.0651462 -0.000519805
 0.0231974 0.00542843 0.061256 -0.0594887 -4.39808e-05
 0.0216797 0.00502625 0.0554493 -0.053778 6.39645e-05
 0.0201023 0.00461542 0.049614 -0.0480325 6.82215e-05
 0.0190664 0.00431435 0.0452973 -0.0437422 0.000100505
 0.0177041 0.00400745 0.040612 -0.0391703 0.000263708
 0.0165429 0.00370465 0.0362635 -0.0348907 0.000198826
 0.0154728 0.00344115 0.0325105 -0.0313135 0.000310065
 0.0143086 0.00315287 0.028665 -0.0275523 0.000281558
 0.0133317 0.00290845 0.0250842 -0.0240578 0.000266433
 0.0125151 0.00271675 0.0227094 -0.0217482 0.000307037
 0.0117306 0.00252813 0.0198906 -0.0189963 0.000341423
 0.0107561 0.00230906 0.0170562 -0.0162684 0.00038028
 0.0101664 0.002161 0.0151673 -0.0144481 0.00036046
 0.00936282 0.00197694 0.0130226 -0.0123908 0.000342505
 0.00864117 0.00180684 0.0112278 -0.0106633 0.000304378
 0.00804237 0.00168208 0.00985055 -0.00933733 0.00033159
 0.00747495 0.0015521 0.00842345 -0.0079756 0.00031844
 0.00680775 0.0014021 0.0070945 -0.00670045 0.000283103
 0.00632095 0.00130317 0.0060943 -0.00574792 0.000299753
 0.00583417 0.0011954 0.00520025 -0.00490483 0.000280902
 0.00537468 0.00109647 0.00446728 -0.0042093 0.000258843
 0.00497568 0.0010074 0.00381738 -0.00359262 0.00025599
 0.00448958 0.000902072 0.00324922 -0.00305908 0.000225094
 0.00403815 0.000807505 0.002708 -0.00255408 0.000212686
 0.00365485 0.00072409 0.00227174 -0.00214355 0.000188879
 0.00334418 0.000658643 0.00195622 -0.00184909 0.000177263
 0.0030287 0.00058984 0.00165034 -0.00155976 0.000158758
 0.00274445 0.00053017 0.0014031 -0.00132964 0.000141833
 0.00246991 0.0004735 0.00117368 -0.00111808 0.000127283
 0.0022125 0.000421568 0.000994128 -0.000951792 0.000118842
 0.00197131 0.00037156 0.000835137 -0.000802467 0.000103781
 0.001747 0.000327055 0.00069504 -0.000671783 9.22565e-05
 0.00157676 0.000292648 0.00059452 -0.000577922 8.37228e-05
 0.00138503 0.000254257 0.00050087 -0.00048912 7.27008e-05
 0.00122035 0.000222137 0.000420707 -0.000413895 6.3398e-05
 0.00109486 0.000197619 0.000360507 -0.000357055 5.59487e-05
 0.000966123 0.000172408 0.000299123 -0.000298755 4.8419e-05
 0.000854043 0.000151175 0.000253322 -0.000255305 4.22285e-05
 0.00074916 0.000131326 0.000209841 -0.000213447 3.62515e-05
 0.000653005 0.000113509 0.000178984 -0.000183454 3.11035e-05
 0.000570982 9.84488e-05 0.000148491 -0.000153678 2.77028e-05
 0.000492447 8.40297e-05 0.00012457 -0.000129751 2.37894e-05
 0.000440517 7.44127e-05 0.0001077 -0.000113402 2.00666e-05
 0.00037185 6.23297e-05 8.77828e-05 -9.32852e-05 1.70524e-05
 0.000317162 5.25577e-05 7.32672e-05 -7.8279e-05 1.3977e-05
 0.000276408 4.54397e-05 6.18965e-05 -6.69162e-05 1.2204e-05
 0.000228685 3.71782e-05 5.02e-05 -5.46307e-05 9.56143e-06
 0.000197362 3.18043e-05 4.2544e-05 -4.6698e-05 8.06453e-06
 0.000167831 2.67915e-05 3.52328e-05 -3.89362e-05 6.69373e-06
 0 0 0 0 0
 0 0 0 0 0
 0 0 0 0 0
 0 0 0 0 0
 0 0 0 0 0
 0 0 0 0 0
 0 0 0 0 0
 0 0 0 0 0
 0 0 0 0 0
 0 0 0 0 0
 0 0 0 0 0
 0 0 0 0 0
 0 0 0 0 0
 0 0 0 0 0
 0 0 0 0 0
 0 0 0 0 0
 0 0 0 0 0
 0 0 0 0 0
 0 0 0 0 0
 0 0 0 0 0
 0.845815 0.460873 0.165271 -0.142117 0.244197
 0.631712 0.328265 0.161761 -0.142685 0.160891
 0.49782 0.247647 0.158432 -0.144369 0.112305
 0.402625 0.191889 0.154488 -0.143515 0.0783125
 0.33373 0.152791 0.148055 -0.141516 0.0568473
 0.284395 0.124903 0.144176 -0.139792 0.0400978
 0.251747 0.106669 0.140373 -0.139603 0.0287865
 0.221586 0.0908435 0.134037 -0.135815 0.0196982
 0.199976 0.0792842 0.130773 -0.133505 0.0130172
 0.183875 0.0709323 0.127135 -0.131623 0.0091335
 0.169391 0.063785 0.122268 -0.128583 0.00539727
 0.159865 0.0589045 0.120901 -0.127204 0.00232665
 0.14968 0.0542138 0.114644 -0.122051 6.15037e-05
 0.142618 0.0512338 0.111576 -0.118963 8.67275e-05
 0.135335 0.0479565 0.106943 -0.114275 -0.00240711
 0.132119 0.0460643 0.105137 -0.112295 -0.0042756
 0.127915 0.044324 0.100923 -0.108691 -0.00468097
 0.124218 0.0426502 0.0962402 -0.105294 -0.00574663
 0.121079 0.0413893 0.0944527 -0.101517 -0.00671882
 0.11787 0.040274 0.0910603 -0.098461 -0.0062777
 0.116655 0.0398115 0.0911455 -0.0972715 -0.00618658
 0.112761 0.0383503 0.0896928 -0.0957525 -0.00463105
 0.109169 0.036816 0.0890848 -0.0948265 -0.0052154
 0.107044 0.0356125 0.0913707 -0.0957615 -0.00587737
 0.102307 0.033504 0.0903392 -0.0944142 -0.00659798
 0.0986325 0.0319088 0.0935943 -0.0959937 -0.005678
 0.0955482 0.0305305 0.0958385 -0.098051 -0.00585252
 0.091317 0.0287498 0.100517 -0.10199 -0.00558783
 0.0892095 0.0279865 0.101193 -0.10264 -0.00490033
 0.083808 0.0256522 0.103761 -0.104381 -0.0053324
 0.0802668 0.0239879 0.105722 -0.106705 -0.0057192
 0.0785215 0.0232269 0.110367 -0.110294 -0.0055471
 0.0748872 0.0217511 0.11475 -0.114183 -0.00538917
 0.0709582 0.0205328 0.114556 -0.114272 -0.00488948
 0.068702 0.0196569 0.121728 -0.120925 -0.0041978
 0.0642515 0.0181551 0.120863 -0.119975 -0.0038681
 0.0617725 0.0168272 0.122816 -0.12146 -0.0051129
 0.0597595 0.0164683 0.124986 -0.123445 -0.00334243
 0.0562172 0.0149793 0.123163 -0.121429 -0.00466002
 0.0545575 0.0147697 0.124975 -0.123153 -0.00272783
 0.0510995 0.0135977 0.122439 -0.120501 -0.00274035
 0.0486043 0.0127486 0.120357 -0.118177 -0.00246448
 0.046148 0.0121983 0.118253 -0.116117 -0.00175177
 0.0443867 0.0115568 0.116085 -0.114037 -0.00182826
 0.0411927 0.0105209 0.110539 -0.108365 -0.00198647
 0.039231 0.0100046 0.106654 -0.104368 -0.00150342
 0.0368867 0.00943053 0.103437 -0.101093 -0.00100524
 0.0345683 0.00876885 0.097005 -0.0947975 -0.00078601
 0.0330117 0.00829347 0.092856 -0.0906587 -0.00066817
 0.0302955 0.0075585 0.0844717 -0.0824617 -0.000346395
 0.0288932 0.00714237 0.080144 -0.07802 -0.000347232
 0.027194 0.0067196 0.0735437 -0.0714733 -0.00010843
 0.025167 0.00610457 0.0669908 -0.0651155 -0.000191079
 0.0236347 0.00567825 0.0621485 -0.060266 -0.000155134
 0.0224224 0.00538805 0.0576368 -0.0559415 0.000121266
 0.0205495 0.00490112 0.0512187 -0.0495765 0.00011989
 0.0196048 0.00462855 0.0465395 -0.0450095 0.000182029
 0.0183473 0.00432085 0.0426953 -0.0411957 0.000297055
 0.0171018 0.00397045 0.0379192 -0.0364998 0.00027299
 0.016003 0.00370487 0.0341903 -0.0329377 0.000394568
 0.0150822 0.00347975 0.030305 -0.0290865 0.000402605
 0.0137917 0.0031457 0.0266505 -0.02561 0.000382373
 0.0129003 0.00291905 0.0235734 -0.0226089 0.000432567
 0.0119615 0.002682 0.0207313 -0.019856 0.00038258
 0.0113752 0.00252485 0.0183336 -0.0175286 0.000378242
 0.0104123 0.00229331 0.0159051 -0.015178 0.00037205
 0.0096873 0.00211608 0.0137846 -0.0131397 0.0003261
 0.00911177 0.00199063 0.0121957 -0.0116018 0.000396635
 0.00833287 0.00180524 0.0102625 -0.00975885 0.000361977
 0.00772128 0.0016588 0.00888777 -0.00843075 0.000337958
 0.00718007 0.00154223 0.00777023 -0.00736075 0.000343147
 0.00676198 0.0014462 0.00668235 -0.0063243 0.000336097
 0.00618388 0.0013135 0.00569945 -0.0053935 0.000297932
 0.00566297 0.00119752 0.0048443 -0.0045809 0.000297907
 0.00515223 0.00108093 0.00411973 -0.00389238 0.000265915
 0.00470713 0.000980468 0.00347465 -0.0032817 0.00024147
 0.00434625 0.000899652 0.00298108 -0.0028192 0.000228465
 0.00391578 0.00080377 0.00250283 -0.00237014 0.000202223
 0.00358695 0.000731048 0.00212803 -0.00201289 0.000189686
 0.00328942 0.000665762 0.00183312 -0.00174009 0.000173869
 0.0029156 0.000583605 0.00153429 -0.00146039 0.000148407
 0.0026435 0.000524625 0.00128379 -0.00122765 0.000136003
 0.00239203 0.000471915 0.00109869 -0.00105353 0.000125436
 0.00212847 0.000416908 0.000923902 -0.00088991 0.000113593
 0.00190931 0.000370062 0.000785278 -0.000760323 9.9139e-05
 0.00167139 0.000321723 0.00064854 -0.000631575 8.9259e-05
 0.0015188 0.00028997 0.000554672 -0.000543945 8.0819e-05
 0.00133192 0.00025187 0.000464215 -0.000458548 6.82237e-05
 0.00120047 0.000225461 0.000396373 -0.000393792 6.29277e-05
 0.0010485 0.000194242 0.000330543 -0.000331393 5.1778e-05
 0.000943008 0.000173161 0.000285012 -0.00028736 4.62055e-05
 0.00082603 0.00015058 0.000238586 -0.000242587 4.10545e-05
 0.00071302 0.0001289 0.00019764 -0.000203003 3.4845e-05
 0.00061828 0.000110582 0.000164652 -0.000170428 2.93383e-05
 0.00054628 9.68293e-05 0.000141557 -0.000147665 2.55128e-05
 0.00047513 8.3381e-05 0.00011893 -0.000125189 2.12597e-05
 0.000410405 7.15605e-05 9.87815e-05 -0.000104919 1.9148e-05
 0.000354727 6.12087e-05 8.27232e-05 -8.86093e-05 1.56001e-05
 0.000308275 5.26253e-05 6.98025e-05 -7.54125e-05 1.31744e-05
 0.000262075 4.43897e-05 5.834e-05 -6.35937e-05 1.1206e-05
 0.000220883 3.7116e-05 4.79875e-05 -5.2736e-05 9.25945e-06
 0 0 0 0 0
 0 0 0 0 0
 0 0 0 0 0
 0 0 0 0 0
 0 0 0 0 0
 0 0 0 0 0
 0 0 0 0 0
 0 0 0 0 0
 0 0 0 0 0
 0 0 0 0 0
 0 0 0 0 0
 0 0 0 0 0
 0 0 0 0 0
 0 0 0 0 0
 0 0 0 0 0
 0 0 0 0 0
 0 0 0 0 0
 0 0 0 0 0
 0 0 0 0 0
 0 0 0 0 0
 0 0 0 0 0
 1.07536 0.620438 0.199586 -0.168951 0.352857
 0.778718 0.429138 0.19638 -0.169501 0.228447
 0.59112 0.311397 0.188555 -0.168196 0.155021
 0.469678 0.236949 0.184081 -0.167448 0.109082
 0.377368 0.182378 0.173718 -0.162543 0.0761365
 0.316488 0.14685 0.169296 -0.159739 0.0547703
 0.2727 0.122009 0.162973 -0.15799 0.0410062
 0.238678 0.102997 0.157811 -0.154586 0.0286393
 0.209616 0.087083 0.151106 -0.149421 0.0193271
 0.189086 0.0763557 0.145602 -0.145989 0.0135709
 0.173332 0.068292 0.138426 -0.14174 0.00990535
 0.161889 0.0620245 0.136409 -0.140057 0.00594042
 0.150568 0.0566472 0.130834 -0.134511 0.00378535
 0.140142 0.051296 0.124426 -0.129008 -0.000790393
 0.134273 0.0488997 0.120275 -0.125302 -0.000918243
 0.128266 0.0464597 0.115257 -0.12078 -0.000724658
 0.12336 0.0440548 0.110814 -0.116534 -0.00251963
 0.118594 0.0423007 0.104709 -0.110841 -0.00308263
 0.116073 0.0409283 0.101987 -0.107102 -0.0042148
 0.113065 0.0397745 0.098806 -0.103413 -0.00486448
 0.110853 0.039339 0.0948735 -0.100025 -0.00273415
 0.106111 0.0372478 0.092115 -0.096578 -0.00390513
 0.10653 0.0372385 0.0925997 -0.096734 -0.00319025
 0.102085 0.035264 0.092496 -0.0956918 -0.0035065
 0.097086 0.0331685 0.0906603 -0.093501 -0.004081
 0.094045 0.0317628 0.091893 -0.0943018 -0.00355628
 0.09121 0.0304417 0.094282 -0.0955455 -0.00365713
 0.0876655 0.0287745 0.0958305 -0.0970823 -0.00429035
 0.0847815 0.0273042 0.0984153 -0.0989347 -0.00446573
 0.0819305 0.0258408 0.101483 -0.101454 -0.00556448
 0.0765702 0.0239694 0.100733 -0.100695 -0.0039763
 0.0753885 0.0230133 0.105786 -0.104957 -0.0050354
 0.0708447 0.0213598 0.107229 -0.106593 -0.0047308
 0.068969 0.0205032 0.11197 -0.110541 -0.0044954
 0.0662573 0.019515 0.113579 -0.112162 -0.00410615
 0.0635858 0.0185039 0.115007 -0.113582 -0.00376465
 0.0610095 0.017557 0.118244 -0.116141 -0.00336055
 0.0584508 0.016722 0.119413 -0.117602 -0.00307285
 0.0548387 0.0154351 0.116756 -0.114877 -0.00278025
 0.0529015 0.0148174 0.120315 -0.118073 -0.00243702
 0.0505055 0.0140006 0.119175 -0.11681 -0.00212672
 0.0477887 0.0131723 0.117644 -0.115742 -0.00184437
 0.0454405 0.0123547 0.117116 -0.114653 -0.00171743
 0.0429305 0.0115722 0.11176 -0.109421 -0.00152407
 0.041055 0.0109865 0.107445 -0.105223 -0.0011862
 0.0390768 0.0103453 0.105256 -0.102852 -0.00103608
 0.0365585 0.00963755 0.099434 -0.097223 -0.00088145
 0.0345408 0.0090259 0.0956242 -0.0934938 -0.00066217
 0.0327555 0.00843678 0.0904522 -0.088267 -0.000749632
 0.0303522 0.0077733 0.0844598 -0.082277 -0.00055888
 0.0290022 0.00744415 0.0795962 -0.0775468 -9.54775e-05
 0.027207 0.00698345 0.0729635 -0.0710337 0.000109507
 0.025699 0.00640507 0.0688827 -0.066912 -0.000239318
 0.0241959 0.00605368 0.064002 -0.0621865 0.000188869
 0.0224972 0.00556618 0.057617 -0.0558137 0.000108356
 0.0210833 0.00520428 0.0525557 -0.050854 0.000267228
 0.0199339 0.00489312 0.0480268 -0.0464237 0.000347215
 0.0188268 0.0046045 0.0435502 -0.04214 0.000449123
 0.0173531 0.004188 0.0388415 -0.037472 0.000369133
 0.0162911 0.0038919 0.034627 -0.0333748 0.00036967
 0.0153351 0.00367512 0.0313943 -0.0301825 0.000538063
 0.0141494 0.00335448 0.0272973 -0.0262255 0.000471617
 0.0134601 0.0031518 0.0249817 -0.0239809 0.000450928
 0.0126073 0.00291202 0.0220742 -0.0211575 0.00039258
 0.0115641 0.00266417 0.0190809 -0.0182296 0.000426873
 0.0108366 0.00248364 0.0168327 -0.0160974 0.000458245
 0.0101795 0.00231464 0.0146898 -0.0140162 0.000450243
 0.00948075 0.00213397 0.0128059 -0.0121975 0.000391245
 0.00880972 0.00197734 0.0110008 -0.010472 0.000410732
 0.00809805 0.00180397 0.0096056 -0.00913097 0.000377045
 0.00757985 0.00168119 0.0083756 -0.00796557 0.000360377
 0.00693868 0.00152905 0.00705207 -0.00669258 0.000340925
 0.00654165 0.00143322 0.00614925 -0.00583788 0.000327895
 0.00592285 0.00129167 0.00518402 -0.00490713 0.000299407
 0.00552178 0.00119912 0.00447765 -0.0042431 0.00029148
 0.00502108 0.00108238 0.00377615 -0.00357807 0.000260738
 0.0044866 0.000958975 0.00314245 -0.00298028 0.000235958
 0.00422565 0.00089735 0.00275367 -0.00261835 0.00022214
 0.0037696 0.000793593 0.00229338 -0.00218327 0.000197257
 0.00344225 0.00072076 0.00194915 -0.00185946 0.000189099
 0.00316265 0.0006554 0.00169153 -0.00161582 0.000163801
 0.00283563 0.000583615 0.00139878 -0.00134301 0.000151159
 0.00250502 0.00051065 0.00119102 -0.0011477 0.000127564
 0.00229141 0.00046386 0.00101657 -0.000982867 0.000120482
 0.00203151 0.000408558 0.00085018 -0.000826565 0.000106977
 0.00185364 0.000369785 0.000729355 -0.000712698 9.8926e-05
 0.00166081 0.000328135 0.0006222 -0.000611428 8.80205e-05
 0.00144776 0.000283205 0.000516585 -0.000510265 7.4023e-05
 0.00128868 0.000250297 0.000439223 -0.000437895 6.57977e-05
 0.00114683 0.000220517 0.000371073 -0.000372097 5.7704e-05
 0.00100546 0.000191684 0.000309853 -0.000313087 5.05325e-05
 0.000906245 0.000171331 0.000264078 -0.000269078 4.48297e-05
 0.000789615 0.00014805 0.000222008 -0.0002283 3.90255e-05
 0.000692917 0.000128615 0.00018781 -0.000194764 3.34075e-05
 0.000607402 0.000111902 0.000158858 -0.000166103 2.92067e-05
 0.000513305 9.37332e-05 0.000129517 -0.000136497 2.43805e-05
 0.000452593 8.17828e-05 0.000111281 -0.000118357 2.05442e-05
 0.000395188 7.09112e-05 9.49542e-05 -0.000101744 1.80738e-05
 0.00034545 6.12907e-05 7.96832e-05 -8.6121e-05 1.5174e-05
 0.000291585 5.12802e-05 6.4598e-05 -7.055e-05 1.25628e-05
 0 0 0 0 0
 0 0 0 0 0
 0 0 0 0 0
 0 0 0 0 0
 0 0 0 0 0
 0 0 0 0 0
 0 0 0 0 0
 0 0 0 0 0
 0 0 0 0 0
 0 0 0 0 0
 0 0 0 0 0
 0 0 0 0 0
 0 0 0 0 0
 0 0 0 0 0
 0 0 0 0 0
 0 0 0 0 0
 0 0 0 0 0
 0 0 0 0 0
 0 0 0 0 0
 0 0 0 0 0
 0 0 0 0 0
 0 0 0 0 0
 1.3859 0.842502 0.241175 -0.201334 0.509783
 0.973557 0.56529 0.234387 -0.200689 0.3231
 0.715547 0.397142 0.224549 -0.197288 0.213854
 0.555845 0.2955 0.216671 -0.195138 0.148716
 0.43939 0.22434 0.206801 -0.189764 0.105016
 0.36263 0.17782 0.199586 -0.18624 0.0774195
 0.302307 0.142341 0.190113 -0.180316 0.0553272
 0.256908 0.116493 0.180203 -0.173657 0.039056
 0.22491 0.0988952 0.173022 -0.168396 0.0300048
 0.201115 0.085325 0.166566 -0.164541 0.0207963
 0.181536 0.0748525 0.160826 -0.160776 0.0162517
 0.163869 0.0657683 0.152678 -0.152834 0.0106846
 0.152009 0.0595395 0.145304 -0.147847 0.00663412
 0.140401 0.0539772 0.140131 -0.141885 0.00387975
 0.132519 0.0498802 0.132293 -0.135983 0.000617217
 0.125614 0.0467147 0.127133 -0.130902 0.000698377
 0.11841 0.0433335 0.119448 -0.123658 -0.00285203
 0.115337 0.042074 0.117282 -0.12109 -0.00166993
 0.111428 0.0404312 0.111606 -0.115135 -0.00234578
 0.108026 0.0391138 0.105535 -0.109249 -0.00227976
 0.105251 0.0382105 0.101714 -0.105127 -0.00209691
 0.101953 0.0363198 0.0973233 -0.100837 -0.00431963
 0.0999942 0.0357145 0.0958307 -0.0987075 -0.00327778
 0.0978083 0.0346053 0.0937603 -0.0959835 -0.0037784
 0.0924235 0.0323445 0.0914398 -0.0933708 -0.00331302
 0.0902655 0.031338 0.0931155 -0.0944993 -0.00300835
 0.0862983 0.0292673 0.0919345 -0.0932437 -0.00471208
 0.0837053 0.0281577 0.0930825 -0.0933205 -0.00345868
 0.080855 0.0270648 0.096709 -0.0963635 -0.00302228
 0.0768658 0.0255205 0.0954705 -0.095064 -0.00309475
 0.0750755 0.0241784 0.098576 -0.0979002 -0.00383903
 0.0711337 0.0225978 0.0994808 -0.098835 -0.00368907
 0.0687932 0.0212625 0.102952 -0.1023 -0.00457258
 0.0664838 0.0203511 0.105363 -0.104111 -0.00429095
 0.0641472 0.0194361 0.10797 -0.10642 -0.00378892
 0.0606325 0.0182713 0.109284 -0.107599 -0.0030646
 0.0581295 0.0171301 0.110963 -0.109259 -0.0034804
 0.0557655 0.0162971 0.111038 -0.1089 -0.00341705
 0.0534912 0.0155047 0.11232 -0.110272 -0.0026578
 0.0510262 0.0146205 0.112595 -0.110529 -0.00279118
 0.0492332 0.0140163 0.112586 -0.110334 -0.00219449
 0.0472365 0.0134154 0.112318 -0.109997 -0.00158085
 0.0450538 0.0127392 0.113548 -0.111017 -0.00127573
 0.0423745 0.0117233 0.10775 -0.105261 -0.00138245
 0.0404303 0.011088 0.106237 -0.103754 -0.00129279
 0.0381923 0.0105091 0.10119 -0.0987395 -0.000815238
 0.0365665 0.00989397 0.0990302 -0.0967457 -0.000844827
 0.0345667 0.0092971 0.095398 -0.09299 -0.000661787
 0.032789 0.00879967 0.0911795 -0.0889618 -0.000382488
 0.0305663 0.00814898 0.0848518 -0.082606 -0.000341088
 0.0291918 0.00775073 0.0802358 -0.078095 -0.000117709
 0.0277817 0.0073715 0.0751195 -0.073123 0.000176898
 0.0254632 0.0066455 0.0682275 -0.066327 0.000121092
 0.0243516 0.0063138 0.0646377 -0.0627498 0.000173295
 0.0227026 0.0058228 0.0576167 -0.0559047 0.000144617
 0.0214621 0.00545405 0.0531725 -0.0515137 0.000296365
 0.0199026 0.00501697 0.0479675 -0.046436 0.000257235
 0.018825 0.00471032 0.044113 -0.0427062 0.000345198
 0.0177884 0.00445213 0.0398062 -0.0384477 0.000500623
 0.0165044 0.00408807 0.0354155 -0.0341638 0.000496983
 0.0157272 0.00386245 0.0322317 -0.0310127 0.000526175
 0.0144872 0.00352242 0.0286123 -0.0275352 0.000431275
 0.0136432 0.00330195 0.0253513 -0.0243449 0.000481338
 0.0127358 0.0030533 0.022133 -0.0212264 0.000468035
 0.0120941 0.00287575 0.020291 -0.0194431 0.000435652
 0.0111818 0.0026608 0.0175072 -0.0167828 0.000507922
 0.0104761 0.00246899 0.0155455 -0.0148609 0.000477985
 0.00969758 0.00226481 0.0133525 -0.0127525 0.000443833
 0.00893853 0.00207668 0.0117359 -0.011206 0.000440842
 0.00849703 0.00195657 0.010118 -0.009647 0.000413355
 0.0077955 0.00178492 0.00876215 -0.0083509 0.000394965
 0.00720132 0.00164226 0.00747582 -0.00711027 0.000380952
 0.00673935 0.00152572 0.00654135 -0.00622478 0.000356062
 0.00623147 0.0014054 0.00556337 -0.00529698 0.000333128
 0.00574505 0.00128413 0.00475832 -0.0045243 0.000296653
 0.00526768 0.00117579 0.0040723 -0.00387167 0.000292317
 0.0048295 0.00106911 0.00348183 -0.00331653 0.0002617
 0.0044341 0.00097329 0.0029664 -0.00282735 0.000238702
 0.00400025 0.000873185 0.00248215 -0.00237067 0.000220529
 0.00364585 0.00078981 0.00213383 -0.00204122 0.000200348
 0.00330478 0.000709205 0.00179967 -0.00172541 0.000179613
 0.0030353 0.000647615 0.0015469 -0.00148811 0.000167668
 0.00271463 0.000572723 0.00131193 -0.00126756 0.000142864
 0.00241394 0.00050588 0.00109842 -0.00106506 0.000130833
 0.00218555 0.0004539 0.000936158 -0.000913892 0.0001155
 0.00197368 0.000407605 0.000796907 -0.000781137 0.000106992
 0.00178953 0.00036593 0.000681425 -0.000671942 9.67445e-05
 0.00157111 0.000318802 0.000570975 -0.000565715 8.39907e-05
 0.00141911 0.000285608 0.00048504 -0.000484968 7.52277e-05
 0.00124882 0.000248647 0.000408182 -0.000410825 6.34367e-05
 0.00109704 0.000216572 0.000338815 -0.000343685 5.50583e-05
 0.000958973 0.000187774 0.000286865 -0.000292618 4.84858e-05
 0.000879335 0.000171117 0.000253827 -0.0002609 4.56747e-05
 0.00074767 0.000143944 0.000207307 -0.000215063 3.69035e-05
 0.000661415 0.000126005 0.000174954 -0.000182876 3.18898e-05
 0.000572397 0.000108234 0.00014578 -0.000153977 2.7268e-05
 0.000509693 9.5563e-05 0.000126773 -0.000134855 2.42994e-05
 0.000440102 8.17777e-05 0.000106023 -0.000113909 2.0364e-05
 0.000384872 7.095e-05 9.12017e-05 -9.83313e-05 1.7777e-05
 0 0 0 0 0
 0 0 0 0 0
 0 0 0 0 0
 0 0 0 0 0
 0 0 0 0 0
 0 0 0 0 0
 0 0 0 0 0
 0 0 0 0 0
 0 0 0 0 0
 0 0 0 0 0
 0 0 0 0 0
 0 0 0 0 0
 0 0 0 0 0
 0 0 0 0 0
 0 0 0 0 0
 0 0 0 0 0
 0 0 0 0 0
 0 0 0 0 0
 0 0 0 0 0
 0 0 0 0 0
 0 0 0 0 0
 0 0 0 0 0
 0 0 0 0 0
 1.81175 1.15259 0.290275 -0.240859 0.731505
 1.23434 0.75196 0.27972 -0.239039 0.455752
 0.883537 0.51513 0.268493 -0.233247 0.295132
 0.676503 0.377835 0.259793 -0.231026 0.205328
 0.520973 0.27893 0.246209 -0.222308 0.140347
 0.415923 0.214125 0.232669 -0.214196 0.100782
 0.340547 0.168585 0.221071 -0.206318 0.0730305
 0.292825 0.139424 0.215342 -0.203791 0.0542542
 0.251262 0.115742 0.204668 -0.196838 0.0411457
 0.214578 0.0954832 0.191114 -0.18571 0.0291345
 0.191389 0.0822777 0.182864 -0.179701 0.0206566
 0.17204 0.0720935 0.174212 -0.172178 0.0161215
 0.155515 0.0637692 0.164111 -0.163744 0.0118255
 0.143194 0.057453 0.156773 -0.156876 0.00835675
 0.131042 0.0515588 0.146999 -0.148114 0.0056413
 0.125298 0.0484438 0.142358 -0.144322 0.00379735
 0.117041 0.0448202 0.133548 -0.135941 0.00268025
 0.111219 0.0417567 0.126927 -0.128925 -0.000264848
 0.107996 0.0400723 0.120184 -0.123304 -0.00165172
 0.102655 0.037623 0.112901 -0.115835 -0.00297898
 0.102149 0.0380365 0.111506 -0.113177 -0.000392805
 0.0968945 0.0353375 0.102698 -0.105158 -0.00321962
 0.094562 0.0343635 0.100675 -0.101978 -0.00316968
 0.0927543 0.034074 0.0961903 -0.0975185 -0.0012426
 0.0883505 0.0316068 0.0937565 -0.0945745 -0.00333593
 0.0864148 0.0309435 0.092413 -0.0926767 -0.00225237
 0.0841433 0.0299538 0.0935013 -0.093211 -0.00190064
 0.0798187 0.0277042 0.0919112 -0.0915145 -0.00301355
 0.077474 0.026429 0.0931785 -0.092944 -0.00353325
 0.0748708 0.0253772 0.093386 -0.0927037 -0.0029789
 0.071874 0.0238491 0.0946413 -0.093838 -0.00336497
 0.068994 0.0224458 0.0964315 -0.0947768 -0.0035176
 0.0663077 0.0213785 0.0979232 -0.0965205 -0.00322495
 0.0633075 0.0198787 0.0988762 -0.0975695 -0.00385015
 0.0615892 0.0194483 0.101954 -0.09991 -0.0030073
 0.0590652 0.0181408 0.105517 -0.103488 -0.00343562
 0.0562465 0.0173146 0.104512 -0.102255 -0.00231478
 0.0543492 0.0165886 0.106043 -0.103889 -0.00187447
 0.0524535 0.015616 0.10848 -0.105837 -0.00260265
 0.0503233 0.0150358 0.1088 -0.106287 -0.00153368
 0.0475708 0.0139763 0.109008 -0.106603 -0.0015818
 0.045293 0.0132215 0.106366 -0.104149 -0.0014943
 0.043524 0.0126895 0.107536 -0.104979 -0.000798565
 0.0414633 0.0119985 0.104805 -0.102439 -0.00076017
 0.0397533 0.0112967 0.102325 -0.10006 -0.000851178
 0.0379435 0.0106876 0.101358 -0.0990943 -0.000850122
 0.0359632 0.0099972 0.0976435 -0.0953545 -0.000798243
 0.0335018 0.0094307 0.0902473 -0.0880577 -7.0954e-05
 0.0320792 0.00891218 0.0875015 -0.0852445 -0.000101497
 0.030187 0.00820535 0.0817937 -0.0797063 -0.000383738
 0.028875 0.00785305 0.078792 -0.0767725 -1.47512e-05
 0.027366 0.00742485 0.072894 -0.0708253 0.000209347
 0.0255905 0.00691057 0.0683855 -0.0664263 0.00037473
 0.0241189 0.0064311 0.0632785 -0.0613937 0.000160303
 0.0229107 0.0060782 0.0593785 -0.0576422 0.000341715
 0.0214665 0.00562135 0.0540497 -0.0524142 0.00030099
 0.0204511 0.00537785 0.0494422 -0.0478445 0.000566762
 0.0192155 0.00500333 0.0448015 -0.043317 0.000545265
 0.0179207 0.0045802 0.040204 -0.0388317 0.000351152
 0.016988 0.00437345 0.0368742 -0.0356325 0.000677595
 0.0159063 0.00402707 0.0326602 -0.0314795 0.00049433
 0.0148785 0.00375645 0.0294123 -0.0283292 0.000596918
 0.01377 0.00345 0.025861 -0.0248727 0.000577335
 0.0130599 0.00324285 0.0234206 -0.0225318 0.000524
 0.0122463 0.0030193 0.0204733 -0.0196126 0.000535395
 0.0114796 0.002811 0.0183022 -0.0175542 0.000506315
 0.0108179 0.00262215 0.0161747 -0.0154781 0.000487735
 0.0101599 0.0024599 0.0141694 -0.0135694 0.000526275
 0.00925865 0.00221934 0.0122728 -0.0117416 0.000473902
 0.00864977 0.00205854 0.0105029 -0.0100296 0.00044846
 0.00794495 0.00188173 0.00903878 -0.00863422 0.000434872
 0.00753665 0.00176747 0.00807125 -0.00770508 0.000392267
 0.00693597 0.00162087 0.00690535 -0.0065866 0.000370902
 0.00643603 0.0014945 0.00593645 -0.0056637 0.000347645
 0.00590738 0.00136518 0.00505895 -0.00481945 0.000334438
 0.0055003 0.00126227 0.00433087 -0.00412915 0.000308165
 0.00500023 0.0011411 0.00367615 -0.00350545 0.000281115
 0.00462788 0.00104968 0.00316195 -0.00301957 0.00026296
 0.00423125 0.000951785 0.00269758 -0.00258358 0.000238088
 0.0038998 0.000871907 0.0023338 -0.00223799 0.000222949
 0.00351695 0.000779955 0.0019452 -0.0018706 0.000199188
 0.00320775 0.000705522 0.00169225 -0.00163161 0.000179924
 0.0028843 0.000628545 0.00141556 -0.00137171 0.000160171
 0.0025968 0.000562467 0.00118815 -0.00115561 0.000145657
 0.00231518 0.00049744 0.0010065 -0.00098263 0.000129063
 0.00213467 0.000455098 0.000863122 -0.000848213 0.000120459
 0.00187219 0.000395065 0.00071572 -0.000707493 0.000100546
 0.00168751 0.000352987 0.000618967 -0.00061618 8.91293e-05
 0.00150394 0.000312333 0.000523833 -0.000525173 8.02137e-05
 0.00133565 0.000274908 0.000440253 -0.000444235 7.07855e-05
 0.0011923 0.000243157 0.000380277 -0.000386095 6.17837e-05
 0.00106875 0.000216247 0.000321472 -0.000328978 5.5106e-05
 0.000949683 0.000190604 0.00027478 -0.000283615 4.81318e-05
 0.000812662 0.000161747 0.000226809 -0.000236045 4.08523e-05
 0.000723545 0.000142464 0.000193013 -0.000202555 3.48015e-05
 0.0006474 0.000126631 0.000167257 -0.000176673 3.16503e-05
 0.000552232 0.000107084 0.00013897 -0.00014812 2.63323e-05
 0.00048329 9.2851e-05 0.000117791 -0.000126559 2.2562e-05
 0 0 0 0 0
 0 0 0 0 0
 0 0 0 0 0
 0 0 0 0 0
 0 0 0 0 0
 0 0 0 0 0
 0 0 0 0 0
 0 0 0 0 0
 0 0 0 0 0
 0 0 0 0 0
 0 0 0 0 0
 0 0 0 0 0
 0 0 0 0 0
 0 0 0 0 0
 0 0 0 0 0
 0 0 0 0 0
 0 0 0 0 0
 0 0 0 0 0
 0 0 0 0 0
 0 0 0 0 0
 0 0 0 0 0
 0 0 0 0 0
 0 0 0 0 0
 0 0 0 0 0
 2.41152 1.59867 0.35085 -0.290645 1.06026
 1.57054 0.997793 0.33361 -0.282658 0.631555
 1.11999 0.68198 0.324165 -0.279752 0.411845
 0.823138 0.481005 0.307427 -0.271103 0.275605
 0.628837 0.352705 0.292402 -0.262045 0.191396
 0.495793 0.26739 0.27761 -0.252932 0.136815
 0.403132 0.209116 0.265212 -0.24475 0.0991698
 0.332408 0.166132 0.251473 -0.234764 0.0731885
 0.28064 0.135112 0.237603 -0.225252 0.0532415
 0.240888 0.112374 0.226214 -0.216843 0.0418407
 0.20967 0.0947115 0.214374 -0.206853 0.0298847
 0.185152 0.081022 0.202281 -0.197483 0.0216569
 0.165425 0.0706133 0.191047 -0.187247 0.0166151
 0.14983 0.0622527 0.179142 -0.176523 0.0118013
 0.136662 0.0553765 0.169754 -0.167933 0.00757577
 0.127602 0.0508723 0.162499 -0.161527 0.00590052
 0.117532 0.0463612 0.14911 -0.149485 0.00449353
 0.110526 0.0428873 0.141013 -0.141259 0.00259907
 0.106922 0.0410758 0.13414 -0.135284 0.00125245
 0.100639 0.0381218 0.125233 -0.126729 -0.000343692
 0.0963723 0.036968 0.11764 -0.118187 0.00157586
 0.094661 0.0356247 0.113584 -0.113741 -0.00117563
 0.0901192 0.033947 0.104743 -0.105577 -0.000409748
 0.089026 0.0334815 0.102641 -0.102966 -0.000387597
 0.0851968 0.031655 0.0984045 -0.0984565 -0.000858533
 0.0833255 0.030708 0.0970307 -0.0963118 -0.000705145
 0.0791602 0.0286462 0.0941577 -0.0931815 -0.00206029
 0.075942 0.0271812 0.0910138 -0.0902632 -0.00214824
 0.0743087 0.026056 0.0931072 -0.092145 -0.0027789
 0.0709688 0.0246931 0.0908137 -0.0895688 -0.00289642
 0.0690698 0.0236255 0.09368 -0.0917988 -0.0026368
 0.0658412 0.0222564 0.0927047 -0.0911107 -0.00242414
 0.0633783 0.0211639 0.095094 -0.093096 -0.00205628
 0.0609325 0.0199671 0.0972702 -0.094686 -0.00272158
 0.0595813 0.0193216 0.0981038 -0.0959148 -0.00226672
 0.056622 0.0181645 0.0994275 -0.096997 -0.00197239
 0.054457 0.0172498 0.0996668 -0.0971365 -0.00178439
 0.0526642 0.0164652 0.101863 -0.0992505 -0.0018432
 0.0499665 0.0155284 0.101431 -0.099205 -0.00145609
 0.0487123 0.014916 0.102599 -0.100234 -0.00157953
 0.0461865 0.0138492 0.102701 -0.10038 -0.00171075
 0.0442928 0.0132319 0.103519 -0.100946 -0.00137278
 0.0424967 0.0126138 0.101179 -0.0985658 -0.00112492
 0.04074 0.0120684 0.103028 -0.100257 -0.000803893
 0.0392025 0.0115956 0.101323 -0.0987952 -0.000405265
 0.0373485 0.0109141 0.095884 -0.0934805 -0.000271442
 0.035521 0.0103443 0.0950685 -0.0927352 7.3214e-05
 0.033274 0.0095275 0.0889537 -0.0867393 -0.000189302
 0.0319318 0.0092019 0.0868453 -0.084667 0.000268777
 0.0304935 0.00871967 0.0832105 -0.0809765 0.000346455
 0.0286795 0.00799655 0.0773368 -0.0751678 -8.02173e-05
 0.027309 0.0076491 0.0740228 -0.0719535 0.000396925
 0.0254642 0.0070545 0.0675652 -0.0656675 0.00022993
 0.0242723 0.0067147 0.0633465 -0.0614422 0.000494987
 0.0230491 0.0062703 0.0586035 -0.0568847 0.000383758
 0.0214323 0.0058174 0.0537005 -0.0521248 0.000489635
 0.020263 0.00547707 0.049295 -0.0477 0.000548688
 0.0192718 0.00512563 0.0452595 -0.0437618 0.000500178
 0.0183214 0.00487093 0.0413263 -0.0399173 0.000634172
 0.0169748 0.0045142 0.0373318 -0.0360633 0.000726625
 0.0158933 0.0041532 0.033172 -0.0320112 0.000596265
 0.0152094 0.00396965 0.0300168 -0.028933 0.000637122
 0.0141631 0.00367035 0.02638 -0.0254098 0.00065224
 0.0133161 0.0033959 0.0237539 -0.0228319 0.000558927
 0.012528 0.00317917 0.0216541 -0.020794 0.000573765
 0.0116752 0.00295592 0.0184578 -0.0176936 0.00060047
 0.0110456 0.00277912 0.0164056 -0.0157241 0.000603602
 0.0103719 0.00257812 0.0147201 -0.0140816 0.000537102
 0.00954367 0.0023593 0.0127513 -0.0121977 0.00051336
 0.00887818 0.00217989 0.0111324 -0.0106554 0.00047932
 0.00842337 0.00204762 0.00972967 -0.0093125 0.00046114
 0.00768693 0.00185602 0.0084156 -0.0080491 0.000406365
 0.00718412 0.00173128 0.00718373 -0.00687495 0.000408852
 0.00672985 0.00160918 0.00625185 -0.0059734 0.000379275
 0.00615667 0.00145795 0.0053626 -0.0051269 0.000334912
 0.00567207 0.00133747 0.00451928 -0.0043208 0.00031657
 0.00524652 0.00123451 0.0038939 -0.00372557 0.000305902
 0.00477335 0.00111669 0.0033349 -0.00319772 0.000287468
 0.004428 0.00102595 0.00287083 -0.00275665 0.000254605
 0.00399832 0.000920028 0.00241185 -0.00232088 0.000229856
 0.00368782 0.000840885 0.00208757 -0.00201484 0.000209312
 0.00326425 0.000739955 0.00173995 -0.00168279 0.000184571
 0.00301497 0.000677333 0.00148589 -0.00144194 0.000171215
 0.00272538 0.000608733 0.0012817 -0.00124804 0.00015703
 0.00251143 0.000556088 0.00111347 -0.00109129 0.000141968
 0.00223082 0.00048958 0.000922645 -0.0009088 0.000123275
 0.00201128 0.00043734 0.00078496 -0.00077796 0.000108698
 0.00180098 0.000388682 0.000670752 -0.00066919 9.92068e-05
 0.0016097 0.00034451 0.000563598 -0.000565768 8.6453e-05
 0.0014348 0.000304503 0.000488315 -0.00049271 7.66422e-05
 0.0012918 0.000272395 0.000416575 -0.000423388 6.94152e-05
 0.00112889 0.000235829 0.000346392 -0.000355327 5.9797e-05
 0.000995842 0.000205933 0.00029478 -0.000304407 5.08863e-05
 0.00088921 0.000182791 0.00025279 -0.000263098 4.54125e-05
 0.00078119 0.000158829 0.000212325 -0.000223141 3.85828e-05
 0.00068082 0.00013739 0.000179144 -0.00018965 3.34557e-05
 0.000597275 0.000119571 0.000152544 -0.000162363 2.90827e-05
 0 0 0 0 0
 0 0 0 0 0
 0 0 0 0 0
 0 0 0 0 0
 0 0 0 0 0
 0 0 0 0 0
 0 0 0 0 0
 0 0 0 0 0
 0 0 0 0 0
 0 0 0 0 0
 0 0 0 0 0
 0 0 0 0 0
 0 0 0 0 0
 0 0 0 0 0
 0 0 0 0 0
 0 0 0 0 0
 0 0 0 0 0
 0 0 0 0 0
 0 0 0 0 0
 0 0 0 0 0
 0 0 0 0 0
 0 0 0 0 0
 0 0 0 0 0
 0 0 0 0 0
 0 0 0 0 0
 3.37853 2.32346 0.442477 -0.36629 1.59959
 2.1173 1.39693 0.413848 -0.350952 0.92167
 1.44812 0.917223 0.39262 -0.339285 0.579305
 1.05397 0.64126 0.374905 -0.32952 0.38589
 0.792722 0.46361 0.355968 -0.319125 0.266408
 0.609423 0.34313 0.33549 -0.304065 0.187197
 0.48229 0.261805 0.31633 -0.2904 0.135483
 0.389692 0.204112 0.296287 -0.276117 0.0991168
 0.325127 0.163902 0.281777 -0.265298 0.0731282
 0.271567 0.132353 0.2644 -0.251103 0.0545005
 0.23554 0.111251 0.251543 -0.2413 0.041973
 0.201416 0.0923943 0.232907 -0.225091 0.0317305
 0.177314 0.078648 0.219595 -0.212983 0.0220922
 0.159118 0.0688115 0.207262 -0.202724 0.0172589
 0.143883 0.0606523 0.1939 -0.190742 0.0117539
 0.131047 0.0539275 0.181491 -0.179648 0.0079396
 0.119153 0.0485342 0.168799 -0.166771 0.00704015
 0.109818 0.0437818 0.157152 -0.156229 0.00411132
 0.104267 0.0412165 0.146921 -0.146207 0.0030365
 0.0985073 0.0383993 0.138157 -0.138076 0.00181871
 0.0943797 0.0367245 0.129098 -0.128804 0.00158658
 0.090977 0.035312 0.122152 -0.121575 0.00144789
 0.0877345 0.033905 0.114014 -0.114045 0.000883807
 0.0851013 0.0324753 0.109109 -0.108591 -0.000324613
 0.082226 0.0315907 0.102921 -0.102297 0.00105624
 0.0784005 0.0290263 0.098626 -0.0978665 -0.00225801
 0.0760372 0.0282927 0.0956295 -0.0943545 -0.00100055
 0.0751255 0.0279558 0.0938357 -0.092838 -0.000133803
 0.0711855 0.025824 0.0928205 -0.0911078 -0.00114207
 0.0688957 0.0241726 0.0920462 -0.0900877 -0.00335337
 0.067599 0.0238386 0.0928627 -0.090787 -0.00198763
 0.0639352 0.0218472 0.0917147 -0.0895837 -0.00301212
 0.061549 0.0213183 0.0932423 -0.0909002 -0.000919887
 0.058798 0.0195328 0.0926965 -0.0901937 -0.00295023
 0.0568155 0.0190083 0.0931048 -0.0908813 -0.00174804
 0.054867 0.0179039 0.0963873 -0.0941683 -0.0022342
 0.0527082 0.0171776 0.0960497 -0.0933687 -0.00135253
 0.0501917 0.0159565 0.096322 -0.093872 -0.00194527
 0.0493792 0.0156004 0.099303 -0.0965772 -0.00154888
 0.046658 0.0145792 0.0987903 -0.0960777 -0.00141929
 0.0456355 0.0143649 0.100949 -0.0983325 -0.000735283
 0.0429475 0.0133241 0.097016 -0.0943755 -0.000668835
 0.0414753 0.0127822 0.0989635 -0.0964425 -0.000474525
 0.039851 0.0121542 0.097118 -0.0946095 -0.000443553
 0.0380452 0.011528 0.0957337 -0.0931255 -0.000230324
 0.0365885 0.0109825 0.0943238 -0.091728 -8.58705e-05
 0.0344715 0.0102937 0.0905735 -0.0879965 -4.86478e-05
 0.0331692 0.0098703 0.0871828 -0.084821 0.000158041
 0.031722 0.00931817 0.0859452 -0.0836753 9.89503e-05
 0.0301692 0.00878235 0.0819788 -0.0798335 0.000255703
 0.0282372 0.00814723 0.0748165 -0.072773 0.000280393
 0.0271472 0.00782445 0.072197 -0.0700865 0.000535938
 0.02546 0.00730765 0.068145 -0.0661695 0.00055537
 0.0244402 0.00693645 0.0639878 -0.0621145 0.000547795
 0.0229463 0.00648465 0.0579202 -0.0561237 0.000689635
 0.0217615 0.00613673 0.0547428 -0.0530813 0.000774505
 0.0204059 0.00574222 0.05095 -0.049343 0.00088966
 0.0192309 0.0053181 0.0457235 -0.0442087 0.000692237
 0.0183147 0.00500045 0.0419388 -0.040546 0.000628693
 0.0169931 0.00461695 0.037138 -0.0358943 0.000638478
 0.0163695 0.00441933 0.034249 -0.033001 0.000675258
 0.0152208 0.004084 0.0302827 -0.0291827 0.000726775
 0.0144645 0.00382375 0.0276125 -0.026592 0.000594183
 0.0134104 0.00354668 0.0244171 -0.0235085 0.000675002
 0.0126901 0.00331207 0.0220795 -0.0212221 0.000612282
 0.0120078 0.00311008 0.0195033 -0.0187254 0.000589275
 0.01105 0.00284292 0.0170653 -0.0163713 0.000561758
 0.0105532 0.0026965 0.0151592 -0.0145412 0.000558865
 0.00978385 0.00248422 0.0132548 -0.0127158 0.000544772
 0.00920955 0.00233019 0.0117714 -0.011287 0.0005374
 0.0084672 0.00212248 0.0099912 -0.00956568 0.000478972
 0.0080005 0.00199202 0.00885318 -0.00847395 0.000456272
 0.00739615 0.00183017 0.00758945 -0.00727033 0.000437948
 0.00684817 0.00168276 0.0066113 -0.00634015 0.00039337
 0.0063243 0.00154509 0.0056062 -0.00537438 0.000371265
 0.00586553 0.00142723 0.00485442 -0.00465087 0.000351528
 0.00551545 0.00133472 0.00420995 -0.00403632 0.000341382
 0.00503325 0.00120711 0.00358085 -0.00343703 0.000294313
 0.00461235 0.00110009 0.00304727 -0.00293307 0.00027211
 0.0042746 0.00101486 0.00265205 -0.00255435 0.00026694
 0.00385765 0.000904275 0.00223396 -0.00216017 0.000218005
 0.00351225 0.00081972 0.00189963 -0.00184036 0.000209431
 0.00319852 0.000740797 0.00162959 -0.00158612 0.000187335
 0.00290823 0.000669142 0.00137744 -0.00134625 0.00017219
 0.00263213 0.000599937 0.00117433 -0.00115412 0.000152841
 0.00236754 0.00053393 0.000991948 -0.000979612 0.000132424
 0.00216371 0.000485575 0.000875363 -0.00086868 0.000123785
 0.00188869 0.000419918 0.00070887 -0.00070839 0.000105931
 0.00170418 0.00037679 0.000608822 -0.000611965 9.75935e-05
 0.00153496 0.000335545 0.000523487 -0.000529625 8.3852e-05
 0.00136444 0.000296542 0.000448423 -0.00045695 7.56575e-05
 0.00120135 0.000258777 0.00037704 -0.000386373 6.51118e-05
 0.00108831 0.0002324 0.000325068 -0.000336138 5.79497e-05
 0.000944085 0.000200097 0.000271487 -0.00028287 5.01793e-05
 0.000843017 0.000177216 0.000232203 -0.000243824 4.41347e-05
 0.00073468 0.000152755 0.000194845 -0.000205947 3.6791e-05
 0 0 0 0 0
 0 0 0 0 0
 0 0 0 0 0
 0 0 0 0 0
 0 0 0 0 0
 0 0 0 0 0
 0 0 0 0 0
 0 0 0 0 0
 0 0 0 0 0
 0 0 0 0 0
 0 0 0 0 0
 0 0 0 0 0
 0 0 0 0 0
 0 0 0 0 0
 0 0 0 0 0
 0 0 0 0 0
 0 0 0 0 0
 0 0 0 0 0
 0 0 0 0 0
 0 0 0 0 0
 0 0 0 0 0
 0 0 0 0 0
 0 0 0 0 0
 0 0 0 0 0
 0 0 0 0 0
 0 0 0 0 0
 4.4859 3.18445 0.528585 -0.440505 2.26376
 2.81743 1.92249 0.504957 -0.429275 1.31286
 1.89035 1.24 0.477335 -0.413177 0.812852
 1.33271 0.84155 0.450015 -0.395605 0.52876
 1.00119 0.608882 0.431893 -0.38523 0.366758
 0.756595 0.443117 0.403113 -0.364615 0.254243
 0.589572 0.333132 0.37824 -0.34576 0.181172
 0.473575 0.257947 0.357575 -0.33124 0.132548
 0.38923 0.205082 0.339147 -0.31741 0.100438
 0.320548 0.16325 0.315985 -0.298307 0.0743863
 0.26704 0.131262 0.29381 -0.279467 0.0542498
 0.229523 0.109466 0.27754 -0.266487 0.0420675
 0.195035 0.0903387 0.253248 -0.245056 0.030831
 0.1707 0.0768253 0.236388 -0.229432 0.0231163
 0.152563 0.0667875 0.221314 -0.215831 0.0168048
 0.13731 0.05896 0.206915 -0.202594 0.013305
 0.124534 0.05223 0.19261 -0.189524 0.0095604
 0.115329 0.0472737 0.181676 -0.179086 0.0064328
 0.106376 0.0428783 0.168538 -0.166846 0.00406995
 0.0993705 0.0397892 0.156566 -0.155223 0.0035801
 0.094751 0.0378027 0.146014 -0.144305 0.003744
 0.0896602 0.0355765 0.135969 -0.134276 0.00293958
 0.086055 0.0337063 0.126392 -0.125274 0.00116793
 0.0833085 0.0324413 0.118738 -0.11771 0.00045521
 0.0787038 0.0303672 0.110591 -0.10902 -9.96623e-06
 0.0758708 0.028979 0.104683 -0.103288 -0.000482122
 0.0740445 0.028092 0.100841 -0.099165 -0.00013137
 0.0710505 0.0266212 0.09779 -0.09572 -0.000881078
 0.0689895 0.0256882 0.0948993 -0.0929305 -0.00062399
 0.0666945 0.0244393 0.0938748 -0.091764 -0.00109835
 0.063427 0.0231241 0.0909528 -0.0884485 -0.000710842
 0.06211 0.0220421 0.0915612 -0.0893047 -0.00141037
 0.0585965 0.0203541 0.0904222 -0.0877395 -0.00236094
 0.056846 0.0196734 0.090571 -0.0878625 -0.00134199
 0.0547013 0.0185337 0.0910202 -0.0883463 -0.00192407
 0.0532337 0.018074 0.093203 -0.090287 -0.00075919
 0.0504455 0.0165728 0.0920515 -0.0894335 -0.00192976
 0.0487735 0.0160349 0.0938202 -0.0911055 -0.000930715
 0.0472058 0.0156125 0.0956597 -0.0929397 -0.000499992
 0.0453457 0.0147603 0.0935515 -0.0907207 -0.000550685
 0.0434005 0.0139835 0.0952573 -0.0922872 -0.000379655
 0.0417377 0.0132969 0.094953 -0.0922527 -0.00055475
 0.0403278 0.0127228 0.0939643 -0.091252 -0.000434163
 0.038882 0.0122297 0.0957722 -0.0929972 0.000126301
 0.037319 0.0114992 0.0918972 -0.0892532 -0.000407595
 0.0354197 0.0108897 0.089137 -0.0866822 2.7145e-05
 0.034135 0.0104216 0.0899465 -0.087452 0.000111753
 0.0323308 0.00985575 0.0849283 -0.082703 0.000350847
 0.030396 0.00920105 0.0808405 -0.0785725 0.000362583
 0.0297197 0.0089595 0.079345 -0.0770082 0.000595185
 0.0282497 0.0084381 0.0751633 -0.072959 0.000600585
 0.0266315 0.00787135 0.070843 -0.0687712 0.0005369
 0.0253148 0.00752807 0.067559 -0.0655292 0.00083281
 0.024169 0.00707798 0.0622808 -0.0603737 0.000756582
 0.0228527 0.00658385 0.0582403 -0.056439 0.00053425
 0.0216648 0.00624867 0.0545528 -0.052844 0.000770563
 0.0204733 0.00583562 0.050698 -0.049122 0.00070968
 0.019336 0.00550657 0.0452325 -0.0436815 0.000823528
 0.018284 0.00515455 0.0424605 -0.0410577 0.000763462
 0.0174546 0.00490265 0.0379765 -0.0366487 0.00080738
 0.0161983 0.00450245 0.0343677 -0.0331957 0.000760845
 0.0154314 0.00423197 0.0316155 -0.0305242 0.000681683
 0.0145087 0.00398748 0.0279245 -0.0269 0.000758608
 0.0137241 0.00372017 0.0250467 -0.0241519 0.00067945
 0.0128728 0.0034535 0.0220212 -0.0211683 0.000648723
 0.0120045 0.00319927 0.0200661 -0.0193001 0.000618222
 0.0113275 0.00299142 0.017472 -0.0168107 0.000617785
 0.0106309 0.00281053 0.0155469 -0.0149398 0.00062868
 0.00998208 0.00262225 0.0137095 -0.0131617 0.000619527
 0.0093546 0.00242545 0.0120282 -0.0115361 0.000539275
 0.0086861 0.00223517 0.0103551 -0.00993535 0.000511613
 0.00813837 0.0020817 0.00918985 -0.00883558 0.000477252
 0.00773788 0.00197247 0.00807027 -0.00774583 0.000485085
 0.00711405 0.00179942 0.0069694 -0.00668755 0.000441682
 0.00651168 0.00162825 0.00591365 -0.00567783 0.000370793
 0.00612683 0.0015312 0.00510797 -0.00491228 0.000384415
 0.00563073 0.00139987 0.00437153 -0.00420453 0.000352125
 0.00523625 0.00129205 0.00382715 -0.00368655 0.000326047
 0.00475715 0.00116813 0.0032373 -0.00312415 0.000295475
 0.00434558 0.00105863 0.00273755 -0.00264673 0.000267835
 0.0040149 0.000972005 0.00237569 -0.00230105 0.000252612
 0.00368387 0.000882378 0.00202762 -0.00197117 0.000220148
 0.00334295 0.00079734 0.00171951 -0.00167719 0.000205069
 0.00308127 0.000728223 0.00148659 -0.00145636 0.000188198
 0.0027435 0.000643203 0.00124213 -0.00122436 0.0001632
 0.0024497 0.000569958 0.00105948 -0.00104797 0.000145417
 0.00224329 0.000517322 0.000915153 -0.000909925 0.000128664
 0.00201415 0.000461428 0.000781015 -0.000781377 0.000117293
 0.00179761 0.000408165 0.00065047 -0.000655195 0.000102535
 0.00162085 0.000365087 0.00055811 -0.000566173 9.13122e-05
 0.00147371 0.000329575 0.00048512 -0.000495155 8.34557e-05
 0.00132529 0.00029355 0.0004217 -0.000433062 7.29427e-05
 0.00113982 0.000250485 0.00034478 -0.000357445 6.22132e-05
 0.00102286 0.000222916 0.000296327 -0.0003089 5.53353e-05
 0.000895903 0.000193399 0.000250778 -0.000263467 4.66783e-05
 0 0 0 0 0
 0 0 0 0 0
 0 0 0 0 0
 0 0 0 0 0
 0 0 0 0 0
 0 0 0 0 0
 0 0 0 0 0
 0 0 0 0 0
 0 0 0 0 0
 0 0 0 0 0
 0 0 0 0 0
 0 0 0 0 0
 0 0 0 0 0
 0 0 0 0 0
 0 0 0 0 0
 0 0 0 0 0
 0 0 0 0 0
 0 0 0 0 0
 0 0 0 0 0
 0 0 0 0 0
 0 0 0 0 0
 0 0 0 0 0
 0 0 0 0 0
 0 0 0 0 0
 0 0 0 0 0
 0 0 0 0 0
 0 0 0 0 0
 6.16328 4.50095 0.649788 -0.544022 3.29048
 3.75 2.63553 0.614842 -0.525362 1.85442
 2.45382 1.66105 0.577055 -0.499495 1.12423
 1.73243 1.13046 0.548308 -0.48296 0.737665
 1.23551 0.777115 0.510073 -0.454618 0.486738
 0.956775 0.580945 0.489723 -0.442993 0.348775
 0.728158 0.426892 0.455752 -0.416885 0.24568
 0.57572 0.32597 0.427193 -0.395163 0.178787
 0.461405 0.2525 0.399475 -0.372938 0.131145
 0.375768 0.199042 0.372105 -0.350538 0.097708
 0.308482 0.158373 0.344842 -0.32676 0.0737265
 0.259418 0.128943 0.320898 -0.306568 0.0549247
 0.222535 0.107343 0.301173 -0.289255 0.042258
 0.193132 0.0905195 0.281392 -0.271815 0.0321138
 0.166747 0.0761388 0.258135 -0.250745 0.0248392
 0.14874 0.066311 0.240572 -0.234668 0.0189418
 0.129506 0.0562978 0.217956 -0.213045 0.0135398
 0.119316 0.0509042 0.205484 -0.20169 0.0107259
 0.110501 0.0460575 0.191607 -0.188216 0.00715698
 0.102159 0.0423863 0.176765 -0.173553 0.00639447
 0.0923903 0.0372845 0.159439 -0.156927 0.00286773
 0.0877843 0.0353425 0.149833 -0.147196 0.00354537
 0.0840188 0.033497 0.138161 -0.136111 0.00207433
 0.0805623 0.0316405 0.129471 -0.12744 0.000673363
 0.0774475 0.0305693 0.120222 -0.11822 0.00143685
 0.074241 0.029086 0.113263 -0.110824 0.000914795
 0.0712318 0.0278583 0.106118 -0.103983 0.00131251
 0.0691073 0.0267767 0.102144 -0.0997345 0.000846015
 0.0653095 0.0246361 0.0972308 -0.094684 -0.000627693
 0.0634337 0.0240174 0.0940712 -0.091169 0.000735357
 0.0616597 0.0228833 0.0943548 -0.091328 -0.000598428
 0.0594638 0.0220474 0.091397 -0.0883953 0.000507195
 0.0580515 0.0212127 0.0916545 -0.088563 0.000311637
 0.0550557 0.0194745 0.089481 -0.0866743 -0.0012585
 0.0525135 0.0184955 0.0875615 -0.084451 -0.000692278
 0.0513292 0.0178301 0.0902867 -0.0869607 -0.000693528
 0.0488162 0.016408 0.0896332 -0.0865715 -0.00176039
 0.0477182 0.016251 0.0911593 -0.0881578 -0.000531182
 0.045284 0.0151636 0.088401 -0.0853215 -0.000608012
 0.0438582 0.0147513 0.0902017 -0.0872227 2.65425e-05
 0.0417623 0.0136545 0.0903683 -0.087368 -0.000526028
 0.04049 0.0131957 0.089503 -0.0867298 -0.000167958
 0.0391135 0.0126814 0.0911245 -0.08841 0.000112325
 0.0377033 0.0120936 0.0882125 -0.085582 0.000120387
 0.035916 0.0113583 0.0883225 -0.0858465 -0.000180806
 0.0344933 0.0107039 0.0872025 -0.084418 -0.00042184
 0.0328453 0.010198 0.0833122 -0.0809395 -3.50562e-05
 0.0316805 0.0099029 0.0838315 -0.0812505 0.000551063
 0.0303865 0.00940595 0.0789583 -0.0767325 0.000502733
 0.0288667 0.00881855 0.0768632 -0.0745622 0.000423215
 0.0274645 0.0083619 0.073381 -0.071263 0.00048148
 0.0259623 0.00790375 0.070066 -0.0680098 0.000711292
 0.0250428 0.00761558 0.0656475 -0.0636272 0.000932058
 0.023894 0.00711467 0.0617245 -0.0598455 0.000692393
 0.0225701 0.00676942 0.0575132 -0.0558048 0.000935555
 0.0213365 0.00636125 0.0537925 -0.0520822 0.00101963
 0.0204471 0.00603598 0.0507562 -0.049211 0.000917675
 0.0193594 0.00562427 0.0459785 -0.0444335 0.000772778
 0.018486 0.00537852 0.042615 -0.0411435 0.000931867
 0.0171198 0.00491135 0.0381925 -0.0369145 0.000783208
 0.0162872 0.00464985 0.03484 -0.0336895 0.000852803
 0.0155798 0.00442868 0.031843 -0.0306962 0.00089903
 0.0146986 0.00413407 0.0284242 -0.027455 0.000811192
 0.0138065 0.0038584 0.025724 -0.0247976 0.000757102
 0.012996 0.00358902 0.0227142 -0.0218522 0.000732325
 0.0120088 0.00330863 0.0201443 -0.0193722 0.000722965
 0.0116047 0.00318523 0.017968 -0.0172913 0.000748095
 0.0108539 0.00294713 0.0161048 -0.0154816 0.000677023
 0.0101007 0.0027246 0.0139247 -0.0133746 0.000666237
 0.00956057 0.00256455 0.012289 -0.0117959 0.00063155
 0.008853 0.00234767 0.0108359 -0.0104153 0.000564867
 0.0083987 0.0022103 0.0096391 -0.0092702 0.000526895
 0.00782385 0.00203868 0.00840625 -0.0080802 0.000485455
 0.00714658 0.00184818 0.0070576 -0.00678827 0.000448005
 0.00681913 0.0017551 0.0061867 -0.00595013 0.000430532
 0.00630003 0.00161641 0.00545165 -0.00524483 0.000414767
 0.00579895 0.0014776 0.00457155 -0.00440543 0.000373773
 0.00533665 0.00135325 0.00389138 -0.00375895 0.000345628
 0.00485693 0.00122031 0.0033529 -0.00324083 0.000300742
 0.0045725 0.00114473 0.00291485 -0.00281818 0.000299518
 0.00420275 0.00104162 0.00249847 -0.00242632 0.000263198
 0.00381967 0.000940512 0.00214424 -0.00208895 0.000238454
 0.00350963 0.00085825 0.001831 -0.00178854 0.000221752
 0.0031895 0.000774642 0.00155805 -0.0015304 0.000197755
 0.00291437 0.000702577 0.00133588 -0.00131765 0.000181383
 0.00266588 0.000637405 0.00115803 -0.00114736 0.000163569
 0.0023285 0.0005521 0.000960935 -0.000956473 0.000140504
 0.00212127 0.000498902 0.000825192 -0.00082705 0.000126098
 0.0019562 0.000456282 0.00072591 -0.000731285 0.000115472
 0.00174149 0.00040259 0.00061068 -0.000619105 0.000100102
 0.00150625 0.000346352 0.00050813 -0.000518935 8.85335e-05
 0.00138424 0.000315065 0.000447945 -0.000460415 7.79705e-05
 0.00119839 0.000270028 0.000367025 -0.00038057 6.5109e-05
 0.00108442 0.000243204 0.000320445 -0.000334162 6.07228e-05
 0 0 0 0 0
 0 0 0 0 0
 0 0 0 0 0
 0 0 0 0 0
 0 0 0 0 0
 0 0 0 0 0
 0 0 0 0 0
 0 0 0 0 0
 0 0 0 0 0
 0 0 0 0 0
 0 0 0 0 0
 0 0 0 0 0
 0 0 0 0 0
 0 0 0 0 0
 0 0 0 0 0
 0 0 0 0 0
 0 0 0 0 0
 0 0 0 0 0
 0 0 0 0 0
 0 0 0 0 0
 0 0 0 0 0
 0 0 0 0 0
 0 0 0 0 0
 0 0 0 0 0
 0 0 0 0 0
 0 0 0 0 0
 0 0 0 0 0
 0 0 0 0 0
 8.16623 6.11387 0.771455 -0.650815 4.58238
 4.815 3.4732 0.72715 -0.623747 2.50868
 3.12385 2.1736 0.68328 -0.594995 1.51348
 2.16633 1.45485 0.646925 -0.571373 0.976827
 1.57118 1.01896 0.61135 -0.546825 0.65875
 1.13108 0.709035 0.558332 -0.505943 0.442423
 0.901462 0.546625 0.542357 -0.496442 0.328052
 0.696262 0.40851 0.504383 -0.466075 0.236167
 0.555535 0.31523 0.47204 -0.44002 0.173175
 0.454603 0.250073 0.444688 -0.418132 0.131314
 0.36642 0.195014 0.40916 -0.387255 0.0962382
 0.302492 0.156525 0.377855 -0.359883 0.0739947
 0.25572 0.1282 0.352785 -0.337453 0.0555895
 0.217108 0.106025 0.325422 -0.313487 0.0429722
 0.18792 0.0888985 0.302652 -0.292918 0.032079
 0.162672 0.0750223 0.27699 -0.269107 0.0243734
 0.142921 0.064438 0.255075 -0.247798 0.018895
 0.128473 0.0565443 0.237895 -0.231966 0.0143244
 0.114665 0.0493145 0.215713 -0.211138 0.0103143
 0.104577 0.0441665 0.20036 -0.196526 0.0080403
 0.0955827 0.0399985 0.182316 -0.179035 0.00651153
 0.0901685 0.0369557 0.170859 -0.167302 0.0043719
 0.084099 0.0339253 0.156487 -0.153617 0.00225599
 0.0793967 0.0320015 0.142153 -0.139028 0.00234598
 0.0759448 0.0306538 0.130495 -0.128018 0.00247337
 0.0725268 0.0289735 0.122342 -0.119739 0.00171477
 0.0694355 0.0275105 0.115006 -0.111816 0.00126532
 0.067717 0.0265683 0.109603 -0.106447 0.00127275
 0.0636247 0.0246555 0.102023 -0.098879 0.000727505
 0.0615155 0.023445 0.0971765 -0.0939395 -0.000136568
 0.0593477 0.022245 0.0942718 -0.0913383 -0.00049871
 0.0569742 0.0212335 0.091376 -0.0881162 -0.00026569
 0.054986 0.0203734 0.0910925 -0.0876788 -6.18585e-05
 0.0522248 0.0189668 0.0882638 -0.0851122 -0.000463135
 0.0512015 0.018194 0.088482 -0.0848595 -0.00093474
 0.0489845 0.0173296 0.0872825 -0.0840018 -0.000675478
 0.0468515 0.0163731 0.0861343 -0.0829765 -0.000505588
 0.0458827 0.0158095 0.0886145 -0.0854878 -0.000739003
 0.0441853 0.0151512 0.0877498 -0.084476 -0.00048325
 0.0426673 0.0143343 0.0865892 -0.083497 -0.00079764
 0.040888 0.0138248 0.0860435 -0.082958 9.33797e-05
 0.039224 0.0131046 0.0877093 -0.0847383 0.000269083
 0.0379653 0.0125069 0.0874513 -0.084736 -0.000151879
 0.0364845 0.0120926 0.0864475 -0.0835802 0.000546235
 0.0352302 0.0114522 0.0855935 -0.082871 0.000282397
 0.0336163 0.0108191 0.0836617 -0.081176 0.000240168
 0.032634 0.0105252 0.0844258 -0.0817997 0.000565318
 0.031103 0.0099521 0.0802505 -0.0777865 0.000634145
 0.0291025 0.00928155 0.07597 -0.0735935 0.00077919
 0.0286603 0.0090552 0.0763823 -0.074176 0.000777765
 0.0271413 0.00852608 0.0719152 -0.0698297 0.000788412
 0.0262413 0.00826595 0.069157 -0.0670667 0.0011312
 0.0251415 0.00779863 0.0651213 -0.0631445 0.000953388
 0.0236994 0.00730342 0.0617647 -0.0599115 0.000928955
 0.0224307 0.00689972 0.0564733 -0.0547037 0.0010656
 0.0213374 0.00642363 0.0539945 -0.0522525 0.000742663
 0.0204793 0.00622552 0.050642 -0.0490382 0.00112234
 0.019235 0.00579915 0.0455837 -0.0440958 0.00102284
 0.0181127 0.0053933 0.0411957 -0.0398235 0.000936037
 0.0173341 0.00512022 0.038462 -0.0371758 0.000970575
 0.0165244 0.00486707 0.035416 -0.0342025 0.0010036
 0.0156475 0.00456845 0.0317505 -0.0306365 0.00094139
 0.01472 0.00423858 0.028295 -0.0273455 0.000859745
 0.0137122 0.00394915 0.0252595 -0.0243329 0.000894045
 0.0131771 0.00376463 0.0233329 -0.0224939 0.000852162
 0.0124238 0.0035144 0.0209022 -0.020124 0.00080118
 0.0117024 0.0032841 0.0183112 -0.0176168 0.000781895
 0.0109535 0.0030417 0.0163802 -0.0157693 0.000682505
 0.0103422 0.00284677 0.0145669 -0.0140279 0.000671087
 0.0096843 0.00266158 0.0128407 -0.0123597 0.000666162
 0.0089465 0.00244027 0.0111732 -0.0107487 0.00062928
 0.00843638 0.00228869 0.00975405 -0.00939793 0.00059517
 0.00799118 0.00214783 0.00849767 -0.00817745 0.00055261
 0.00734438 0.00195965 0.007317 -0.0070511 0.0004965
 0.0067387 0.00178153 0.00633605 -0.00610193 0.000442215
 0.00652057 0.00171748 0.00563585 -0.00543897 0.000445338
 0.00591575 0.00154497 0.0047613 -0.00459248 0.000395508
 0.00547905 0.00142445 0.0041588 -0.0040195 0.000367078
 0.00504555 0.00130315 0.00354502 -0.00343555 0.000340225
 0.00468275 0.00120219 0.00305603 -0.00296678 0.0003182
 0.00427032 0.00108877 0.00255563 -0.00248752 0.000287342
 0.00393235 0.000993355 0.00225341 -0.00219935 0.000254657
 0.00359637 0.0009036 0.00192168 -0.00187922 0.000238255
 0.0032647 0.00081449 0.00163599 -0.00160938 0.000214021
 0.00301433 0.000746115 0.00142028 -0.00140378 0.000194599
 0.00270032 0.000663118 0.00119936 -0.00119045 0.000171702
 0.0024541 0.000596397 0.00103362 -0.00103176 0.00015066
 0.00225011 0.000543885 0.00089881 -0.0009015 0.000140184
 0.00200042 0.000479002 0.000754275 -0.000760772 0.000121535
 0.00181402 0.000431663 0.000644308 -0.000654292 0.000111669
 0.00162212 0.000382368 0.000553507 -0.000566773 9.60862e-05
 0.00144399 0.00033823 0.000474057 -0.000487433 8.68623e-05
 0.00128889 0.000298418 0.000399315 -0.000413998 7.1949e-05
 0 0 0 0 0
 0 0 0 0 0
 0 0 0 0 0
 0 0 0 0 0
 0 0 0 0 0
 0 0 0 0 0
 0 0 0 0 0
 0 0 0 0 0
 0 0 0 0 0
 0 0 0 0 0
 0 0 0 0 0
 0 0 0 0 0
 0 0 0 0 0
 0 0 0 0 0
 0 0 0 0 0
 0 0 0 0 0
 0 0 0 0 0
 0 0 0 0 0
 0 0 0 0 0
 0 0 0 0 0
 0 0 0 0 0
 0 0 0 0 0
 0 0 0 0 0
 0 0 0 0 0
 0 0 0 0 0
 0 0 0 0 0
 0 0 0 0 0
 0 0 0 0 0
 0 0 0 0 0
 10.3916 7.95172 0.88515 -0.75177 6.09102
 6.0922 4.49835 0.843733 -0.726967 3.32517
 3.87212 2.76083 0.788998 -0.691147 1.9713
 2.74082 1.88904 0.767625 -0.681303 1.30328
 1.96656 1.31059 0.723517 -0.649565 0.872467
 1.45488 0.938175 0.683372 -0.619972 0.60375
 1.07286 0.669268 0.623362 -0.571183 0.413753
 0.836843 0.505965 0.58533 -0.542402 0.301938
 0.668237 0.391458 0.555027 -0.517382 0.224785
 0.523078 0.297073 0.505407 -0.47479 0.162763
 0.435383 0.239936 0.481248 -0.455755 0.125986
 0.36078 0.19267 0.448938 -0.427213 0.0953465
 0.295823 0.153803 0.411423 -0.393945 0.07328
 0.250142 0.126311 0.381325 -0.36649 0.0554195
 0.21186 0.104239 0.350835 -0.33861 0.043146
 0.183791 0.0880183 0.326992 -0.316417 0.0334282
 0.157204 0.0733748 0.294953 -0.28642 0.0254293
 0.140099 0.0639393 0.274355 -0.266985 0.0196551
 0.122285 0.0542582 0.247718 -0.241362 0.0136003
 0.1116 0.0486957 0.232392 -0.226804 0.0115696
 0.0989932 0.0424575 0.206746 -0.202122 0.00882942
 0.0932285 0.039347 0.19574 -0.191163 0.0067802
 0.0858997 0.0358332 0.177382 -0.173343 0.00541712
 0.0806257 0.0333742 0.163813 -0.160059 0.0046739
 0.0757585 0.0310267 0.147669 -0.144111 0.00312467
 0.0729767 0.0299 0.13798 -0.134361 0.00347025
 0.0691737 0.0281597 0.124519 -0.120892 0.00291755
 0.0651982 0.0260195 0.115985 -0.11256 0.00149806
 0.0630728 0.025221 0.108149 -0.104652 0.00180272
 0.0597935 0.0233129 0.10245 -0.0990438 0.0007065
 0.0572355 0.0216305 0.0983525 -0.0951685 -0.00092898
 0.0560227 0.0213778 0.0944635 -0.0907535 0.000115132
 0.0532177 0.0199388 0.0916518 -0.0881165 4.2546e-06
 0.051393 0.0189996 0.0886995 -0.0849812 -0.000321985
 0.0489527 0.0178138 0.0869358 -0.083593 -0.00037472
 0.0477068 0.0173002 0.0860392 -0.0826667 -0.000176756
 0.0459085 0.0165206 0.0856317 -0.082286 2.46462e-05
 0.0436998 0.015567 0.0831962 -0.0801092 -2.00905e-05
 0.0423317 0.0146065 0.0833142 -0.08002 -0.00074266
 0.0410042 0.0142305 0.084142 -0.080847 -4.6066e-05
 0.039803 0.0134625 0.083655 -0.080492 -0.00070132
 0.0383468 0.0130067 0.0855977 -0.0825668 -1.29562e-05
 0.0367542 0.0124338 0.0833428 -0.0805805 0.00038629
 0.035319 0.0117427 0.0831588 -0.0806118 3.90105e-06
 0.0339143 0.0112526 0.0826345 -0.0800183 0.000252098
 0.0337475 0.011229 0.0839442 -0.0810683 0.00082777
 0.0312708 0.0103937 0.0789192 -0.0764212 0.00096985
 0.0303477 0.00992415 0.07722 -0.074739 0.000684433
 0.0290218 0.00939802 0.075 -0.072678 0.000707832
 0.0278555 0.00895922 0.0722087 -0.0700143 0.00070465
 0.0267822 0.00863057 0.070102 -0.06787 0.00103007
 0.025538 0.00825053 0.0658927 -0.0638785 0.00124835
 0.0242173 0.0076992 0.063367 -0.061354 0.00109106
 0.0234808 0.0074046 0.0621135 -0.0601975 0.00094932
 0.0222496 0.0069732 0.0566795 -0.0549853 0.00105284
 0.0212894 0.00660198 0.052879 -0.0512147 0.00103637
 0.0201333 0.00624028 0.0488513 -0.047282 0.00108212
 0.0193176 0.00595168 0.0462355 -0.044783 0.00110978
 0.0182199 0.00554972 0.042147 -0.0407658 0.00102162
 0.0174113 0.00528418 0.0392887 -0.0379967 0.00102937
 0.0166547 0.00504292 0.0358903 -0.034705 0.00111127
 0.015596 0.00465735 0.0318468 -0.0307675 0.00096808
 0.0146227 0.00432655 0.0287608 -0.027753 0.000884925
 0.0140464 0.00411833 0.0261763 -0.0252322 0.000893005
 0.0132359 0.00387257 0.0232136 -0.0223887 0.000912622
 0.0124925 0.0036366 0.0209747 -0.0202033 0.000886155
 0.0114653 0.0033069 0.0183691 -0.0176972 0.00081874
 0.0109603 0.0031285 0.0164069 -0.0158026 0.000747045
 0.0102479 0.00288218 0.0144515 -0.0139137 0.000660635
 0.00966153 0.00271635 0.0129573 -0.0124988 0.000670563
 0.00918732 0.0025628 0.0115081 -0.0110793 0.00064646
 0.00867015 0.00239764 0.0101255 -0.00975795 0.000614133
 0.00808388 0.0022178 0.0087566 -0.00844355 0.00055445
 0.00752325 0.00206518 0.0076624 -0.00738988 0.00056002
 0.0069781 0.00189368 0.00666678 -0.00642798 0.000488945
 0.00651335 0.00176048 0.00581425 -0.00561608 0.000466832
 0.0061059 0.00163598 0.00506657 -0.00489945 0.000427763
 0.00565805 0.00150537 0.00427335 -0.00413867 0.000393387
 0.0051895 0.00137097 0.0037144 -0.00360505 0.000358052
 0.00479433 0.00125951 0.00320102 -0.00311107 0.000330523
 0.00449355 0.00117028 0.00278135 -0.00271197 0.000299602
 0.0040803 0.00106079 0.00236561 -0.00231288 0.000286337
 0.0037113 0.000955485 0.00198969 -0.00195397 0.000248587
 0.0034621 0.00088345 0.00173354 -0.00170918 0.000227733
 0.00309033 0.00078191 0.00148547 -0.00146998 0.000198877
 0.00285185 0.000718345 0.00128861 -0.00128113 0.00018776
 0.00254255 0.00063452 0.0010787 -0.00107853 0.000162864
 0.00234715 0.000581813 0.000937925 -0.000942318 0.000151253
 0.00210499 0.000517163 0.000797222 -0.000805993 0.000133059
 0.00191534 0.000467052 0.000702545 -0.000713962 0.000119365
 0.00166797 0.000403418 0.000577987 -0.000591642 0.000102257
 0.00151832 0.00036395 0.000496098 -0.000511183 9.07122e-05
 0 0 0 0 0
 0 0 0 0 0
 0 0 0 0 0
 0 0 0 0 0
 0 0 0 0 0
 0 0 0 0 0
 0 0 0 0 0
 0 0 0 0 0
 0 0 0 0 0
 0 0 0 0 0
 0 0 0 0 0
 0 0 0 0 0
 0 0 0 0 0
 0 0 0 0 0
 0 0 0 0 0
 0 0 0 0 0
 0 0 0 0 0
 0 0 0 0 0
 0 0 0 0 0
 0 0 0 0 0
 0 0 0 0 0
 0 0 0 0 0
 0 0 0 0 0
 0 0 0 0 0
 0 0 0 0 0
 0 0 0 0 0
 0 0 0 0 0
 0 0 0 0 0
 0 0 0 0 0
 0 0 0 0 0
 12.9724 10.1204 1.0042 -0.857033 7.90147
 7.43942 5.60657 0.952018 -0.824942 4.22973
 4.73618 3.45108 0.902168 -0.792628 2.5175
 3.2332 2.27944 0.857477 -0.762605 1.60869
 2.24029 1.52882 0.791667 -0.712715 1.04334
 1.6833 1.1128 0.75871 -0.690778 0.734632
 1.26547 0.810735 0.709572 -0.651255 0.51721
 0.991798 0.616503 0.67469 -0.624985 0.380445
 0.79053 0.47666 0.6392 -0.596495 0.28374
 0.617223 0.361172 0.584585 -0.549375 0.2064
 0.493257 0.280343 0.538348 -0.509748 0.154356
 0.415222 0.229214 0.513532 -0.488815 0.120504
 0.342688 0.183727 0.474825 -0.45432 0.0911703
 0.284162 0.148002 0.436855 -0.41975 0.0692725
 0.239351 0.121451 0.40143 -0.38702 0.053795
 0.205061 0.101277 0.37223 -0.36005 0.0419243
 0.173764 0.083323 0.338315 -0.328057 0.0306923
 0.150844 0.0710992 0.309078 -0.30021 0.0253097
 0.135393 0.0620138 0.29031 -0.282717 0.0197094
 0.118877 0.053511 0.26303 -0.256337 0.0154075
 0.106837 0.047274 0.240369 -0.234278 0.0123897
 0.0968765 0.0421085 0.221848 -0.216511 0.0099477
 0.0889738 0.0379928 0.200284 -0.195411 0.00732008
 0.0820472 0.0346275 0.181605 -0.176922 0.00580025
 0.0763178 0.031914 0.164906 -0.160785 0.00471795
 0.0719757 0.029509 0.149373 -0.145696 0.00250998
 0.0681595 0.0280617 0.138822 -0.135093 0.00344973
 0.064264 0.0260137 0.125896 -0.122167 0.00199386
 0.0612818 0.0247764 0.116926 -0.113274 0.00238912
 0.0587868 0.0232698 0.110512 -0.106636 0.00126423
 0.056007 0.0221489 0.102282 -0.0984225 0.00161468
 0.0531833 0.0205687 0.0972167 -0.0935418 0.00049981
 0.0515648 0.0199503 0.092735 -0.089241 0.00100114
 0.0498037 0.0189621 0.0908813 -0.0870735 0.000675315
 0.0481323 0.018357 0.0875092 -0.0838727 0.00124202
 0.0463737 0.017214 0.0859063 -0.0822983 0.00050658
 0.0443967 0.0164483 0.0838025 -0.0802803 0.000678842
 0.04279 0.0154331 0.0824402 -0.0790345 0.000140278
 0.04118 0.014704 0.0829837 -0.0797565 0.00028574
 0.0394285 0.0139382 0.0809627 -0.077632 0.000317573
 0.0379028 0.0132794 0.081601 -0.078376 8.3889e-05
 0.0366665 0.0127906 0.0819363 -0.0788463 0.00051288
 0.0356313 0.0124866 0.0789945 -0.0760225 0.000892462
 0.0345323 0.0117783 0.0800035 -0.0769795 0.000445572
 0.0333138 0.0113756 0.078814 -0.0760157 0.000710815
 0.0320293 0.0109061 0.0784912 -0.0758215 0.000871195
 0.0307698 0.0103463 0.0770018 -0.0744575 0.000835145
 0.030072 0.010124 0.0762083 -0.0737108 0.00109497
 0.0287003 0.00959882 0.0741807 -0.071781 0.00111886
 0.0272655 0.00895693 0.0718528 -0.0696103 0.000750123
 0.0261755 0.00858923 0.068799 -0.06665 0.00109454
 0.0249822 0.0080468 0.0640455 -0.0620223 0.000791698
 0.0240613 0.00783355 0.0619275 -0.0599757 0.00114126
 0.0232946 0.00752945 0.0595562 -0.0576522 0.00121263
 0.022091 0.00704143 0.0554058 -0.0535975 0.00105818
 0.0209681 0.00668143 0.0520903 -0.0504303 0.00110989
 0.0200803 0.00635782 0.0495367 -0.0479847 0.00114434
 0.0190529 0.00600788 0.044759 -0.0433142 0.00124058
 0.0182043 0.00572307 0.0422083 -0.0407337 0.00122722
 0.0170705 0.00531915 0.0388855 -0.0375928 0.00117225
 0.0164648 0.00508328 0.035684 -0.0344917 0.00110996
 0.0155099 0.00474763 0.031963 -0.0308795 0.00102964
 0.0146773 0.00445975 0.0287595 -0.0277717 0.00102032
 0.0140511 0.00423155 0.0261115 -0.025209 0.00097617
 0.013268 0.00397113 0.0239008 -0.0230242 0.000935088
 0.0124137 0.0036894 0.020786 -0.020068 0.00089586
 0.01185 0.00350533 0.0189744 -0.0182806 0.000908152
 0.0112054 0.00328838 0.0169454 -0.0163243 0.000853002
 0.0105378 0.00305223 0.0150071 -0.0144726 0.000768105
 0.00992282 0.0028603 0.0132691 -0.0127868 0.000744545
 0.00921852 0.00263332 0.011507 -0.0111065 0.000663262
 0.00859833 0.00243333 0.0101439 -0.00979602 0.000616417
 0.0081969 0.00231399 0.0090682 -0.00874973 0.000622238
 0.00768302 0.00215472 0.00798733 -0.00770947 0.000575625
 0.00716513 0.00198858 0.00686107 -0.006631 0.000520915
 0.00666868 0.00184662 0.00608177 -0.00588667 0.000498755
 0.00617498 0.0016925 0.00517552 -0.00501135 0.00045217
 0.00576395 0.0015705 0.00447295 -0.00434048 0.000421207
 0.00535063 0.00144665 0.00386275 -0.00375475 0.00038081
 0.00492747 0.00132609 0.00331102 -0.00322297 0.0003557
 0.0045325 0.00121068 0.00284755 -0.00277945 0.000323603
 0.00420103 0.00111454 0.00247702 -0.00242427 0.000294932
 0.0038192 0.00100541 0.00210792 -0.00207383 0.00026504
 0.00349382 0.000913555 0.00181293 -0.0017898 0.00023969
 0.00320745 0.000832817 0.00157732 -0.00156217 0.000218247
 0.00292623 0.000753498 0.00132645 -0.00132073 0.000194218
 0.00265743 0.000680175 0.00114604 -0.00114553 0.000180854
 0.00242549 0.000615642 0.00099037 -0.00099526 0.000161126
 0.00222395 0.000560737 0.000857345 -0.000866383 0.000148613
 0.00196074 0.000489725 0.000718438 -0.000731627 0.000126537
 0.00178689 0.00044303 0.000625747 -0.000641142 0.000114226
 0 0 0 0 0
 0 0 0 0 0
 0 0 0 0 0
 0 0 0 0 0
 0 0 0 0 0
 0 0 0 0 0
 0 0 0 0 0
 0 0 0 0 0
 0 0 0 0 0
 0 0 0 0 0
 0 0 0 0 0
 0 0 0 0 0
 0 0 0 0 0
 0 0 0 0 0
 0 0 0 0 0
 0 0 0 0 0
 0 0 0 0 0
 0 0 0 0 0
 0 0 0 0 0
 0 0 0 0 0
 0 0 0 0 0
 0 0 0 0 0
 0 0 0 0 0
 0 0 0 0 0
 0 0 0 0 0
 0 0 0 0 0
 0 0 0 0 0
 0 0 0 0 0
 0 0 0 0 0
 0 0 0 0 0
 0 0 0 0 0
 15.574 12.36 1.10479 -0.947588 9.81652
 8.83767 6.78378 1.04929 -0.912495 5.2121
 5.5961 4.15695 1.0041 -0.884752 3.09143
 3.76455 2.70848 0.950985 -0.847985 1.9509
 2.64693 1.84556 0.889953 -0.803078 1.28708
 1.95013 1.31861 0.844233 -0.7693 0.890885
 1.48347 0.973403 0.800653 -0.737403 0.637802
 1.13904 0.72546 0.74851 -0.694265 0.45959
 0.887575 0.548798 0.699657 -0.654122 0.335367
 0.719972 0.432892 0.6665 -0.627605 0.256925
 0.576317 0.336803 0.617322 -0.584368 0.192205
 0.464538 0.263765 0.569467 -0.542032 0.144104
 0.38082 0.210373 0.526523 -0.50352 0.110497
 0.323865 0.174382 0.497562 -0.47783 0.088154
 0.272247 0.142527 0.461995 -0.445075 0.0674595
 0.227426 0.116186 0.41968 -0.405772 0.052694
 0.193654 0.096153 0.386212 -0.374445 0.040229
 0.16787 0.0811175 0.356368 -0.346005 0.0307148
 0.146006 0.0691307 0.326648 -0.317668 0.0249478
 0.128504 0.0596045 0.298152 -0.29128 0.019875
 0.113427 0.0514575 0.272023 -0.265315 0.0155765
 0.101549 0.0451333 0.247861 -0.242018 0.0119497
 0.092411 0.0406473 0.225662 -0.220162 0.00997335
 0.0836617 0.0361538 0.203879 -0.19889 0.00780697
 0.07721 0.0328905 0.184608 -0.179959 0.0059777
 0.0729342 0.0308223 0.1691 -0.164472 0.00505673
 0.0684075 0.0288045 0.153849 -0.149673 0.00472838
 0.0640445 0.0264705 0.140537 -0.136281 0.0031219
 0.060163 0.025159 0.127424 -0.12328 0.00417218
 0.0579765 0.0235031 0.118531 -0.114427 0.00212128
 0.0558062 0.0226434 0.110602 -0.10643 0.00250965
 0.0524162 0.0208729 0.10295 -0.098713 0.00189344
 0.0499273 0.0194364 0.0960057 -0.092264 0.00085449
 0.047743 0.0183781 0.0928983 -0.0890845 0.000379128
 0.0461327 0.0179756 0.0894727 -0.085338 0.00181054
 0.0440095 0.0163519 0.0852178 -0.081584 -0.000124068
 0.0425068 0.0159355 0.0838642 -0.0800165 0.000675402
 0.04171 0.0155479 0.082962 -0.0790578 0.000959075
 0.0388863 0.014167 0.0784045 -0.075281 0.000349015
 0.0384885 0.0140596 0.0802898 -0.0767597 0.00105925
 0.0370757 0.0133435 0.0797753 -0.076478 0.000788632
 0.0356588 0.0127491 0.0778608 -0.0745567 0.00096819
 0.0341345 0.0119696 0.077127 -0.0740697 0.000538125
 0.0336465 0.0118427 0.0779137 -0.074956 0.000857948
 0.0317925 0.0109835 0.0755447 -0.0727568 0.00067644
 0.031258 0.0108282 0.0753423 -0.0726442 0.00104784
 0.0296657 0.0101842 0.0729352 -0.0703328 0.000896035
 0.0289278 0.0099145 0.071567 -0.0691798 0.0011183
 0.0280235 0.00953392 0.0703078 -0.067889 0.00111559
 0.0272567 0.00915422 0.0708808 -0.0685153 0.000976445
 0.025614 0.0086028 0.066276 -0.0641627 0.0011041
 0.0247415 0.00826942 0.0642512 -0.062184 0.00123665
 0.0238496 0.00789248 0.0615163 -0.0594918 0.00128316
 0.0228447 0.00760832 0.0581258 -0.056198 0.00145469
 0.0218524 0.0071539 0.054772 -0.0530512 0.00123636
 0.0209249 0.00681322 0.052295 -0.050475 0.0012323
 0.0198232 0.0064802 0.048234 -0.0466285 0.00140091
 0.0190968 0.0061217 0.0461228 -0.0446477 0.00114933
 0.0180887 0.0057859 0.0413862 -0.0399818 0.00126128
 0.0170597 0.00542108 0.0384708 -0.0371733 0.00117847
 0.0163365 0.00517635 0.0347963 -0.0336085 0.00124676
 0.0155319 0.0048762 0.032451 -0.031372 0.00116195
 0.0145393 0.00453462 0.0293495 -0.0283455 0.00106886
 0.0140113 0.0043449 0.02659 -0.025674 0.00110789
 0.0131531 0.00404095 0.0239273 -0.0231126 0.00100422
 0.0123679 0.00376235 0.0214801 -0.020732 0.00096491
 0.0121248 0.0036667 0.0196201 -0.0189361 0.000945593
 0.0112777 0.0033741 0.0171157 -0.0165242 0.000860608
 0.0105834 0.0031537 0.0153884 -0.0148466 0.000842127
 0.00993788 0.00292788 0.0133903 -0.0129153 0.000759342
 0.00933908 0.00273173 0.011924 -0.0115166 0.000720005
 0.00885362 0.00257695 0.0104898 -0.010135 0.000705362
 0.00831225 0.00240062 0.00938018 -0.00905883 0.000652923
 0.00773205 0.00221858 0.00810632 -0.00784165 0.000613818
 0.00728265 0.00206924 0.00708885 -0.00685715 0.000557205
 0.00677335 0.00191099 0.00617562 -0.00598503 0.000511245
 0.00635405 0.00178825 0.00540315 -0.00523885 0.000505625
 0.00582167 0.00162271 0.004627 -0.00449303 0.000444055
 0.00542448 0.00150105 0.00403555 -0.00393082 0.000400205
 0.00510238 0.00140842 0.00349828 -0.00341255 0.000395437
 0.0046603 0.00127427 0.00301283 -0.0029446 0.000344417
 0.00429003 0.00116475 0.00255965 -0.00250962 0.000313008
 0.00394007 0.00106414 0.00219037 -0.00215644 0.000290288
 0.00364135 0.000973937 0.00189296 -0.00186721 0.00026074
 0.00333212 0.000886808 0.00164625 -0.00163339 0.000240244
 0.00300572 0.000792367 0.00139566 -0.00139118 0.000208785
 0.0027722 0.000726462 0.0012237 -0.00122409 0.000194352
 0.00252042 0.000654115 0.0010305 -0.00103767 0.000171527
 0.00230554 0.000595095 0.000905413 -0.00091578 0.000157519
 0.00203948 0.00052198 0.000754063 -0.000768477 0.000137005
 0 0 0 0 0
 0 0 0 0 0
 0 0 0 0 0
 0 0 0 0 0
 0 0 0 0 0
 0 0 0 0 0
 0 0 0 0 0
 0 0 0 0 0
 0 0 0 0 0
 0 0 0 0 0
 0 0 0 0 0
 0 0 0 0 0
 0 0 0 0 0
 0 0 0 0 0
 0 0 0 0 0
 0 0 0 0 0
 0 0 0 0 0
 0 0 0 0 0
 0 0 0 0 0
 0 0 0 0 0
 0 0 0 0 0
 0 0 0 0 0
 0 0 0 0 0
 0 0 0 0 0
 0 0 0 0 0
 0 0 0 0 0
 0 0 0 0 0
 0 0 0 0 0
 0 0 0 0 0
 0 0 0 0 0
 0 0 0 0 0
 0 0 0 0 0
 18.1381 14.619 1.18132 -1.01662 11.79
 10.1244 7.89867 1.13088 -0.987253 6.16783
 6.29688 4.75877 1.07141 -0.948415 3.6007
 4.23478 3.10323 1.01567 -0.909845 2.27708
 2.96397 2.10672 0.958432 -0.867483 1.49856
 2.22962 1.53834 0.93187 -0.850815 1.06196
 1.65779 1.11091 0.868915 -0.800842 0.744065
 1.28644 0.83775 0.822468 -0.764115 0.543875
 1.00851 0.63859 0.773798 -0.724175 0.40212
 0.790172 0.486422 0.717498 -0.675705 0.296652
 0.638785 0.382575 0.673582 -0.638123 0.225242
 0.516505 0.300795 0.625858 -0.595833 0.169833
 0.431197 0.244385 0.590975 -0.565573 0.133136
 0.357192 0.197125 0.550023 -0.52852 0.102949
 0.298785 0.16099 0.509282 -0.49091 0.0809785
 0.249929 0.131102 0.465782 -0.450518 0.0621515
 0.214535 0.109872 0.432482 -0.419357 0.0498028
 0.182398 0.0913255 0.395302 -0.384097 0.0391173
 0.158464 0.077068 0.36474 -0.355255 0.0295428
 0.138608 0.065794 0.334182 -0.325828 0.0232967
 0.123531 0.0576805 0.310628 -0.30309 0.0195845
 0.108165 0.0497023 0.278033 -0.270915 0.0158249
 0.0979267 0.0438183 0.257173 -0.251242 0.0115832
 0.0879002 0.0388865 0.229398 -0.223911 0.00967795
 0.0797515 0.0345207 0.207048 -0.202034 0.00700628
 0.0742777 0.0317732 0.188966 -0.183825 0.00594953
 0.0692003 0.0294365 0.172865 -0.167934 0.00501205
 0.0646955 0.02744 0.154612 -0.150139 0.00450035
 0.0607715 0.0252997 0.14173 -0.13697 0.00334768
 0.0577042 0.0240287 0.128639 -0.124234 0.00354045
 0.055078 0.0222966 0.120187 -0.115825 0.00169799
 0.0518268 0.0212601 0.110107 -0.105673 0.0027473
 0.0496392 0.0200103 0.102363 -0.098153 0.00208772
 0.0465975 0.0183713 0.0962802 -0.0922808 0.00123572
 0.0451997 0.0175094 0.0916142 -0.0877692 0.000864955
 0.0438585 0.0169586 0.0871485 -0.0830378 0.00113002
 0.042495 0.0162814 0.0849283 -0.0811295 0.00112737
 0.0399818 0.0149298 0.0818018 -0.078184 0.000463097
 0.038302 0.0141325 0.0792857 -0.0759278 0.000371637
 0.0374605 0.0138224 0.0782157 -0.0746637 0.000693683
 0.035979 0.0130661 0.076872 -0.0734323 0.000558458
 0.0353183 0.0128465 0.0770445 -0.0739682 0.000925945
 0.0338665 0.012269 0.076024 -0.0728562 0.00105368
 0.0327372 0.0117768 0.0745653 -0.0716208 0.00120412
 0.0313203 0.0111599 0.0734738 -0.0706795 0.00101406
 0.0306577 0.010855 0.072765 -0.0699098 0.00111813
 0.0290795 0.0102048 0.0710628 -0.0683118 0.00114963
 0.0281838 0.0098796 0.0702955 -0.0676623 0.00128075
 0.0277265 0.00958932 0.0695653 -0.0670922 0.00114331
 0.0261532 0.0090253 0.0657652 -0.0633343 0.00130189
 0.0252505 0.00864292 0.064772 -0.0625785 0.00120893
 0.0241793 0.00828635 0.0615512 -0.059461 0.00146591
 0.02326 0.0079125 0.0601142 -0.0581763 0.00145663
 0.0223657 0.00756192 0.0568015 -0.055007 0.0014467
 0.021244 0.00711077 0.0542355 -0.052487 0.00129829
 0.0204904 0.00685997 0.051027 -0.0492957 0.00143108
 0.019658 0.00653053 0.0481188 -0.0465363 0.00135499
 0.0189275 0.00625602 0.0453438 -0.0439085 0.00138662
 0.017907 0.00586793 0.0410252 -0.0396148 0.00132379
 0.0169269 0.00547308 0.0377985 -0.0365662 0.00120422
 0.0161704 0.00522043 0.0352135 -0.0340345 0.00122985
 0.0153393 0.0049624 0.0313238 -0.0302772 0.00131686
 0.0146944 0.0046846 0.0289598 -0.0279797 0.00116503
 0.0139753 0.00441175 0.0266132 -0.0257207 0.00110409
 0.0132665 0.0041799 0.024331 -0.0234757 0.00112187
 0.0125379 0.00390262 0.0215527 -0.0208211 0.00102251
 0.0118282 0.00366815 0.0193701 -0.018676 0.00098792
 0.011188 0.00342455 0.0172433 -0.0166524 0.000903865
 0.0107801 0.00329725 0.0156734 -0.0151139 0.000923757
 0.0100798 0.00305497 0.0136908 -0.0132257 0.000858743
 0.00955083 0.0028589 0.0122035 -0.0117844 0.00077732
 0.0088544 0.00262907 0.0105923 -0.0102426 0.000711672
 0.00840273 0.00248304 0.00932642 -0.00902273 0.000701095
 0.00782552 0.00229687 0.0082341 -0.00797055 0.000652893
 0.0074085 0.00215812 0.00733688 -0.00710978 0.000600572
 0.0067884 0.00195662 0.00633435 -0.0061513 0.000528658
 0.00646192 0.00185621 0.0055223 -0.0053719 0.000523942
 0.00604843 0.00172863 0.00483493 -0.00470262 0.000495577
 0.00564365 0.00159718 0.00421622 -0.00410802 0.000437157
 0.0051085 0.001437 0.00350207 -0.00342362 0.000397987
 0.00485403 0.00135987 0.00316573 -0.00309815 0.000383368
 0.00443387 0.00123166 0.00265588 -0.00260723 0.000342208
 0.0040672 0.00112026 0.00230169 -0.00226629 0.00030278
 0.00372247 0.00101852 0.00195548 -0.00193371 0.00027553
 0.00339965 0.000924717 0.00167923 -0.00166622 0.000253995
 0.0031256 0.000843887 0.0014696 -0.0014664 0.000228983
 0.00286585 0.000766917 0.00126627 -0.00127046 0.000205102
 0.0026476 0.000704027 0.00110668 -0.00111336 0.000189625
 0.00236985 0.000624835 0.000938275 -0.00095087 0.000166271
 0 0 0 0 0
 0 0 0 0 0
 0 0 0 0 0
 0 0 0 0 0
 0 0 0 0 0
 0 0 0 0 0
 0 0 0 0 0
 0 0 0 0 0
 0 0 0 0 0
 0 0 0 0 0
 0 0 0 0 0
 0 0 0 0 0
 0 0 0 0 0
 0 0 0 0 0
 0 0 0 0 0
 0 0 0 0 0
 0 0 0 0 0
 0 0 0 0 0
 0 0 0 0 0
 0 0 0 0 0
 0 0 0 0 0
 0 0 0 0 0
 0 0 0 0 0
 0 0 0 0 0
 0 0 0 0 0
 0 0 0 0 0
 0 0 0 0 0
 0 0 0 0 0
 0 0 0 0 0
 0 0 0 0 0
 0 0 0 0 0
 0 0 0 0 0
 0 0 0 0 0
 19.9265 16.2832 1.20164 -1.039 13.3136
 11.0754 8.76943 1.15964 -1.01636 6.94923
 7.0661 5.42485 1.14259 -1.01362 4.16983
 4.63987 3.4562 1.07207 -0.961812 2.57768
 3.3155 2.39771 1.02938 -0.93323 1.73571
 2.41707 1.69813 0.98064 -0.898142 1.19439
 1.8502 1.26355 0.939693 -0.867702 0.862515
 1.41751 0.941567 0.883767 -0.823383 0.625048
 1.11484 0.720395 0.836835 -0.784978 0.463973
 0.871817 0.54833 0.778805 -0.734162 0.34235
 0.71517 0.438415 0.742047 -0.70362 0.266332
 0.571752 0.341012 0.68387 -0.65138 0.199142
 0.480483 0.278923 0.65037 -0.622585 0.156948
 0.39384 0.22323 0.600087 -0.576468 0.12194
 0.32077 0.177329 0.545097 -0.525193 0.0928855
 0.27534 0.148449 0.512468 -0.49584 0.0746577
 0.238134 0.124964 0.484725 -0.469895 0.0592415
 0.201039 0.103107 0.444095 -0.431537 0.0466513
 0.173195 0.0865512 0.408428 -0.39756 0.0360615
 0.152113 0.0746198 0.3789 -0.369328 0.0303997
 0.130459 0.0624275 0.341895 -0.333387 0.0228335
 0.115352 0.0539752 0.309925 -0.302595 0.0180246
 0.101581 0.0465458 0.27978 -0.27305 0.014127
 0.0907482 0.0409482 0.253727 -0.24778 0.0115175
 0.0836107 0.0370395 0.232823 -0.226888 0.0090812
 0.0759913 0.033308 0.209956 -0.204583 0.00737427
 0.0699025 0.030232 0.189157 -0.183982 0.00614158
 0.0659593 0.028448 0.171261 -0.166387 0.0055632
 0.060529 0.0258862 0.154049 -0.149425 0.00481138
 0.0573875 0.0243584 0.141824 -0.137084 0.00455472
 0.0543573 0.0227627 0.130218 -0.125439 0.0035553
 0.0513528 0.0212229 0.118552 -0.114193 0.00261815
 0.0477353 0.0194531 0.108235 -0.103713 0.00214825
 0.0466475 0.0190987 0.102581 -0.0982695 0.0028825
 0.0442843 0.0176125 0.0951365 -0.0911595 0.0018677
 0.0421157 0.0164449 0.0899065 -0.0858322 0.00108913
 0.0401402 0.0155329 0.0860107 -0.082057 0.00106349
 0.0389 0.0149739 0.0822128 -0.0785108 0.00125045
 0.03732 0.0142647 0.0794433 -0.0758935 0.00119382
 0.0366295 0.0137181 0.0784645 -0.0748667 0.000950003
 0.034994 0.0131104 0.074894 -0.0714745 0.00129472
 0.0341948 0.0124012 0.0755843 -0.0722632 0.00038102
 0.0324598 0.0119579 0.0734065 -0.0704673 0.00122063
 0.0318532 0.0116724 0.0732037 -0.0701667 0.00129378
 0.030445 0.0111721 0.0724348 -0.0694188 0.00153159
 0.0296412 0.0107721 0.0707648 -0.0681175 0.00150318
 0.0288385 0.0102335 0.070205 -0.0673763 0.00105414
 0.0274465 0.00980365 0.0674688 -0.0649678 0.00146083
 0.0265955 0.00946802 0.0669222 -0.064397 0.00146958
 0.025177 0.00880415 0.063022 -0.0607265 0.00127291
 0.0247323 0.00859925 0.063011 -0.060842 0.00129089
 0.023667 0.00826065 0.0601358 -0.05807 0.00146322
 0.0226985 0.00783853 0.0576062 -0.0556588 0.00136288
 0.0221151 0.00762515 0.0561385 -0.054199 0.00148369
 0.0210018 0.00724875 0.0529433 -0.0512107 0.0015745
 0.0199924 0.006844 0.0493863 -0.0477013 0.00156544
 0.0190276 0.0064237 0.0457575 -0.0441945 0.00137354
 0.0184145 0.00619648 0.0436587 -0.0422125 0.00141576
 0.0175146 0.00585295 0.0402635 -0.0388807 0.00138714
 0.0168066 0.00555092 0.0375373 -0.0362748 0.00124093
 0.0159136 0.00525788 0.0342207 -0.0330805 0.00130426
 0.0152067 0.00500968 0.0322348 -0.031151 0.00130301
 0.0146482 0.00476383 0.028743 -0.0277807 0.00120114
 0.0138626 0.00447945 0.0265278 -0.0256262 0.00118461
 0.0132534 0.00428437 0.0240969 -0.0232757 0.00122645
 0.0125517 0.00398575 0.0216026 -0.0208964 0.0010435
 0.01173 0.00370428 0.0190815 -0.018438 0.000991638
 0.0112794 0.00352145 0.01697 -0.0163768 0.00092602
 0.0107974 0.00336795 0.0157662 -0.0152348 0.000964958
 0.0101265 0.00313238 0.0140322 -0.0135553 0.000889408
 0.00946095 0.00289575 0.0124448 -0.0120494 0.000821135
 0.00893518 0.002713 0.0108408 -0.01048 0.00075621
 0.00838952 0.00253315 0.00961937 -0.00931122 0.000722718
 0.00791405 0.0023723 0.00844423 -0.00818655 0.00068124
 0.0074397 0.00220425 0.00738175 -0.00715983 0.000606555
 0.00704157 0.00208003 0.00651185 -0.00632033 0.000600335
 0.00652017 0.00191435 0.00569372 -0.0055356 0.000548363
 0.00605598 0.00175935 0.00501792 -0.00488593 0.000485853
 0.00565047 0.00163257 0.00428343 -0.00417727 0.00045492
 0.00529393 0.00152366 0.00375835 -0.00367488 0.000437148
 0.00487775 0.00139486 0.00319142 -0.0031296 0.000395963
 0.00453582 0.00128865 0.00276602 -0.00271745 0.000363532
 0.00415203 0.0011716 0.00236437 -0.00233346 0.000333823
 0.00383795 0.00107429 0.00206218 -0.00204122 0.00029957
 0.0034853 0.000966657 0.00176661 -0.00175471 0.000263325
 0.00324245 0.000893572 0.00153521 -0.00153395 0.000244348
 0.00292072 0.000798303 0.00131393 -0.00131742 0.00021521
 0.00267467 0.000726455 0.00112873 -0.00113942 0.000197788
 0 0 0 0 0
 0 0 0 0 0
 0 0 0 0 0
 0 0 0 0 0
 0 0 0 0 0
 0 0 0 0 0
 0 0 0 0 0
 0 0 0 0 0
 0 0 0 0 0
 0 0 0 0 0
 0 0 0 0 0
 0 0 0 0 0
 0 0 0 0 0
 0 0 0 0 0
 0 0 0 0 0
 0 0 0 0 0
 0 0 0 0 0
 0 0 0 0 0
 0 0 0 0 0
 0 0 0 0 0
 0 0 0 0 0
 0 0 0 0 0
 0 0 0 0 0
 0 0 0 0 0
 0 0 0 0 0
 0 0 0 0 0
 0 0 0 0 0
 0 0 0 0 0
 0 0 0 0 0
 0 0 0 0 0
 0 0 0 0 0
 0 0 0 0 0
 0 0 0 0 0
 0 0 0 0 0
 22.2327 18.397 1.23858 -1.0733 15.2309
 11.9837 9.61603 1.18894 -1.04378 7.72285
 7.54657 5.87628 1.16285 -1.03437 4.58062
 4.9846 3.76867 1.10777 -0.99587 2.85285
 3.51842 2.58505 1.05664 -0.960505 1.90158
 2.5753 1.83991 1.00984 -0.925813 1.31656
 1.96541 1.36563 0.974408 -0.901262 0.94892
 1.52293 1.0299 0.93019 -0.867015 0.695488
 1.19854 0.789192 0.882187 -0.828157 0.517983
 0.95408 0.611958 0.836108 -0.789115 0.390575
 0.75593 0.472785 0.773965 -0.734432 0.293342
 0.620068 0.37748 0.732175 -0.69806 0.226245
 0.51439 0.30547 0.68867 -0.659925 0.177065
 0.430308 0.249383 0.649692 -0.624688 0.139717
 0.348622 0.197322 0.5909 -0.569623 0.10754
 0.297635 0.164082 0.555713 -0.537527 0.085097
 0.252675 0.136031 0.518215 -0.502652 0.0676025
 0.219062 0.115492 0.486823 -0.47288 0.0561122
 0.185958 0.0956047 0.44358 -0.431902 0.0432407
 0.161859 0.081264 0.409505 -0.39932 0.034715
 0.138003 0.0676245 0.368638 -0.35961 0.0264933
 0.122176 0.0589488 0.338795 -0.330855 0.0226306
 0.10846 0.0511258 0.311617 -0.304105 0.0175318
 0.0968705 0.044481 0.2847 -0.277723 0.0133182
 0.087239 0.0397002 0.2582 -0.251982 0.0115864
 0.0789235 0.0354313 0.233651 -0.227647 0.0097731
 0.0718672 0.031631 0.210185 -0.204681 0.00734182
 0.066278 0.0288105 0.190565 -0.185397 0.00590108
 0.061593 0.0265533 0.171659 -0.166497 0.0051723
 0.0572335 0.024463 0.153648 -0.148689 0.00425032
 0.0533533 0.0225279 0.140393 -0.135433 0.003508
 0.0507443 0.0211928 0.126502 -0.12189 0.00292917
 0.0477275 0.0196313 0.11898 -0.114512 0.0024605
 0.0453778 0.0186377 0.107526 -0.102982 0.00238284
 0.0435033 0.0175605 0.0994537 -0.0951565 0.00178371
 0.0415613 0.0165907 0.0945397 -0.0904895 0.00163964
 0.039593 0.0157614 0.0889015 -0.0848733 0.00202497
 0.0379025 0.0147087 0.0835427 -0.079787 0.00096551
 0.0365477 0.0142053 0.0802545 -0.0766675 0.00142131
 0.0354728 0.0137079 0.0776215 -0.0738793 0.00157184
 0.03443 0.0131573 0.0750978 -0.0717083 0.00145911
 0.0329018 0.0126908 0.0729235 -0.0697262 0.0020211
 0.0321135 0.0119771 0.071407 -0.0682632 0.00129458
 0.0305473 0.0112764 0.0698635 -0.066803 0.00117078
 0.029447 0.010894 0.0684242 -0.0655845 0.00140023
 0.0290295 0.0106882 0.0689302 -0.0661147 0.0015383
 0.0278177 0.0101643 0.0680028 -0.065297 0.00152091
 0.0269362 0.00973403 0.0673478 -0.0646642 0.00126107
 0.0263155 0.0095119 0.0661742 -0.0636942 0.00162231
 0.025239 0.00899747 0.0642578 -0.0619927 0.00136715
 0.024262 0.00865787 0.0610895 -0.0589308 0.00158304
 0.0234857 0.00837353 0.0595772 -0.0574608 0.00165783
 0.022429 0.00790915 0.0566358 -0.054671 0.00150104
 0.0217861 0.00772037 0.0548725 -0.0530057 0.00174706
 0.0205689 0.00715132 0.0520295 -0.050188 0.00147709
 0.020089 0.0070271 0.0503378 -0.0486363 0.00168262
 0.0191177 0.00657538 0.0469122 -0.045407 0.00143573
 0.0181181 0.0062668 0.0430702 -0.0416333 0.00160041
 0.0174937 0.00599785 0.0410257 -0.0396645 0.00153051
 0.016812 0.00572115 0.0381897 -0.0368793 0.00147074
 0.0159441 0.00538343 0.0348912 -0.033725 0.00142182
 0.0151675 0.00505267 0.0316492 -0.030593 0.00128498
 0.0144069 0.00479872 0.0285282 -0.0275723 0.00133134
 0.0139405 0.00460583 0.0265333 -0.0256405 0.00126396
 0.0131424 0.00431517 0.0241756 -0.0233702 0.00121013
 0.012493 0.00407028 0.0215127 -0.0207965 0.00115485
 0.0119165 0.00383615 0.0195583 -0.0188814 0.00105036
 0.0114106 0.00365697 0.0178952 -0.0173059 0.00105317
 0.010735 0.00341065 0.0156574 -0.0151392 0.000974597
 0.0100972 0.00318205 0.0139604 -0.0135037 0.000909375
 0.00957785 0.00299575 0.0124516 -0.0120392 0.000867287
 0.0089895 0.0027967 0.0108262 -0.0104812 0.000825073
 0.00845647 0.00261307 0.00962615 -0.00931535 0.000770632
 0.00803743 0.00246591 0.00867478 -0.00841092 0.000733653
 0.0075138 0.00228075 0.00755535 -0.00735015 0.00065663
 0.00703915 0.00212684 0.00662707 -0.00644022 0.00063525
 0.00651763 0.00195 0.00572765 -0.00557327 0.00056452
 0.00618772 0.00184138 0.00504295 -0.00491275 0.000537075
 0.00571958 0.00169083 0.0044221 -0.0043203 0.000490127
 0.00534465 0.00157202 0.00380315 -0.00372475 0.000462048
 0.00501298 0.00146535 0.00335425 -0.00329225 0.000427208
 0.00462643 0.00134025 0.00291595 -0.0028681 0.000383133
 0.00425893 0.00122683 0.00249174 -0.00245864 0.000352917
 0.00393775 0.00112484 0.00214111 -0.00212346 0.000316835
 0.00354687 0.00100659 0.00182967 -0.00181981 0.000284858
 0.00327105 0.000922105 0.00157282 -0.00157183 0.00026267
 0.00301815 0.000841225 0.00137206 -0.00137768 0.000227383
 0 0 0 0 0
 0 0 0 0 0
 0 0 0 0 0
 0 0 0 0 0
 0 0 0 0 0
 0 0 0 0 0
 0 0 0 0 0
 0 0 0 0 0
 0 0 0 0 0
 0 0 0 0 0
 0 0 0 0 0
 0 0 0 0 0
 0 0 0 0 0
 0 0 0 0 0
 0 0 0 0 0
 0 0 0 0 0
 0 0 0 0 0
 0 0 0 0 0
 0 0 0 0 0
 0 0 0 0 0
 0 0 0 0 0
 0 0 0 0 0
 0 0 0 0 0
 0 0 0 0 0
 0 0 0 0 0
 0 0 0 0 0
 0 0 0 0 0
 0 0 0 0 0
 0 0 0 0 0
 0 0 0 0 0
 0 0 0 0 0
 0 0 0 0 0
 0 0 0 0 0
 0 0 0 0 0
 0 0 0 0 0
 23.4569 19.6314 1.21412 -1.05549 16.4367
 12.8439 10.4315 1.2007 -1.05862 8.47833
 7.95082 6.27135 1.17317 -1.046 4.95197
 5.26867 4.03865 1.12376 -1.01242 3.0998
 3.7204 2.77283 1.08718 -0.98863 2.06908
 2.72822 1.97903 1.04195 -0.957135 1.43781
 2.07352 1.46371 1.00301 -0.928858 1.03422
 1.59657 1.09798 0.954983 -0.890052 0.75535
 1.26146 0.845208 0.910483 -0.854877 0.56597
 1.01057 0.659923 0.867582 -0.819903 0.428723
 0.80287 0.511222 0.80927 -0.768795 0.323315
 0.676305 0.42019 0.788665 -0.752618 0.257975
 0.547312 0.331798 0.730605 -0.700143 0.198046
 0.445828 0.263867 0.669557 -0.644427 0.152719
 0.376137 0.217515 0.634678 -0.612195 0.122275
 0.31729 0.178841 0.59277 -0.573667 0.0963513
 0.270445 0.148871 0.553185 -0.53713 0.0768788
 0.235342 0.126581 0.525278 -0.510957 0.062762
 0.197292 0.103933 0.47552 -0.463042 0.0499005
 0.171151 0.0882175 0.441117 -0.42991 0.0403788
 0.150104 0.0754363 0.411315 -0.401325 0.0319315
 0.12976 0.0643207 0.37045 -0.361422 0.0269918
 0.114971 0.055509 0.343178 -0.335057 0.0210972
 0.101976 0.0483255 0.313377 -0.306093 0.0170066
 0.0909445 0.0423727 0.282798 -0.275962 0.0140117
 0.0815098 0.0372205 0.256655 -0.250257 0.0111374
 0.0750525 0.033652 0.235255 -0.229345 0.0087923
 0.0677403 0.0302833 0.208437 -0.203106 0.00807175
 0.0625462 0.027448 0.187739 -0.182303 0.00610625
 0.0572462 0.0249668 0.166611 -0.161552 0.00543385
 0.054125 0.0233177 0.154532 -0.149737 0.00456043
 0.0510703 0.0217725 0.140098 -0.135215 0.0038218
 0.047668 0.0199966 0.125755 -0.12092 0.00292692
 0.044684 0.0183876 0.115322 -0.110831 0.00223839
 0.04311 0.018001 0.106188 -0.101861 0.00312645
 0.040549 0.0165577 0.0977425 -0.093458 0.00232653
 0.0384678 0.0152815 0.0934153 -0.0892983 0.00139615
 0.037223 0.0148866 0.0871473 -0.0831022 0.00192114
 0.0358217 0.0140095 0.082257 -0.078362 0.00126888
 0.0342667 0.0133016 0.0789008 -0.0752797 0.00138767
 0.0333683 0.0128006 0.0759572 -0.0722825 0.00118227
 0.031892 0.0121589 0.072837 -0.06947 0.00131658
 0.0306327 0.0116477 0.070141 -0.066799 0.00126426
 0.0295523 0.0112445 0.0679435 -0.0648397 0.00167086
 0.028757 0.010671 0.067992 -0.0650302 0.0011721
 0.0283163 0.0106116 0.0670088 -0.0641608 0.00170239
 0.0272822 0.010245 0.0652898 -0.0626903 0.0018332
 0.0263127 0.00968535 0.0643345 -0.0617142 0.00146906
 0.0253828 0.00935652 0.0629267 -0.0603867 0.00167877
 0.0247004 0.0090416 0.0620885 -0.0596547 0.00162986
 0.023602 0.00861195 0.0595435 -0.0572965 0.00175905
 0.0230201 0.00834968 0.0581195 -0.0559785 0.00170873
 0.0218495 0.00789657 0.0559568 -0.053939 0.00175015
 0.0211986 0.00762065 0.053642 -0.0516668 0.0017141
 0.0200947 0.00713838 0.0501153 -0.0483515 0.00155836
 0.0195022 0.00689245 0.0474812 -0.0457692 0.00154504
 0.0186938 0.00662557 0.0454723 -0.043935 0.00168332
 0.0181507 0.0063496 0.0425052 -0.0410615 0.00159357
 0.0171158 0.00592578 0.0405198 -0.0391152 0.00144369
 0.0164142 0.00571515 0.0367365 -0.0355365 0.00157619
 0.0156826 0.00538607 0.0341117 -0.0330038 0.00143637
 0.0152692 0.00521495 0.0319655 -0.0309107 0.00140416
 0.0143133 0.00484505 0.0288865 -0.027912 0.00133074
 0.0140164 0.00471157 0.0267508 -0.0258728 0.00130918
 0.0131451 0.00439463 0.0235569 -0.0227597 0.00125102
 0.0123776 0.00411818 0.0219015 -0.0211403 0.00120952
 0.0120165 0.003958 0.0197819 -0.0191015 0.00115358
 0.0113677 0.00372128 0.0176356 -0.017059 0.00109809
 0.0107563 0.00348697 0.0159928 -0.0154615 0.0010203
 0.0102324 0.00330737 0.0141958 -0.0137349 0.00100989
 0.00968647 0.00310108 0.0128133 -0.0124047 0.000936885
 0.00906692 0.00286603 0.0112816 -0.0109399 0.000824942
 0.00856072 0.00268768 0.00988915 -0.00958807 0.00078201
 0.00801995 0.00251238 0.00877727 -0.00851777 0.000761352
 0.00764545 0.0023753 0.0077117 -0.00748485 0.000723688
 0.00712645 0.00220137 0.00683333 -0.00664725 0.00067448
 0.00670378 0.00205147 0.00597255 -0.00581935 0.000619992
 0.00621695 0.001891 0.0051847 -0.00505433 0.000572517
 0.0058543 0.00176294 0.00448428 -0.00438603 0.00051587
 0.0054612 0.00163462 0.0039735 -0.00388957 0.00048266
 0.00499127 0.00148501 0.0033914 -0.00333285 0.00043503
 0.0046593 0.00138064 0.00297055 -0.00292715 0.000413193
 0.00430555 0.00126427 0.00258227 -0.0025493 0.00036573
 0.0039778 0.00116004 0.00221788 -0.00219933 0.00033577
 0.00367273 0.00106432 0.00187598 -0.00186889 0.000309892
 0.00338883 0.000974028 0.00166497 -0.00166485 0.00027862
 0 0 0 0 0
 0 0 0 0 0
 0 0 0 0 0
 0 0 0 0 0
 0 0 0 0 0
 0 0 0 0 0
 0 0 0 0 0
 0 0 0 0 0
 0 0 0 0 0
 0 0 0 0 0
 0 0 0 0 0
 0 0 0 0 0
 0 0 0 0 0
 0 0 0 0 0
 0 0 0 0 0
 0 0 0 0 0
 0 0 0 0 0
 0 0 0 0 0
 0 0 0 0 0
 0 0 0 0 0
 0 0 0 0 0
 0 0 0 0 0
 0 0 0 0 0
 0 0 0 0 0
 0 0 0 0 0
 0 0 0 0 0
 0 0 0 0 0
 0 0 0 0 0
 0 0 0 0 0
 0 0 0 0 0
 0 0 0 0 0
 0 0 0 0 0
 0 0 0 0 0
 0 0 0 0 0
 0 0 0 0 0
 0 0 0 0 0
 24.9362 21.0865 1.20377 -1.04816 17.8386
 13.3453 10.9603 1.18847 -1.04924 9.00818
 8.2031 6.54745 1.16122 -1.03707 5.23133
 5.4153 4.20365 1.11435 -1.00677 3.26738
 3.86645 2.91998 1.09598 -0.998735 2.20809
 2.83998 2.08835 1.05509 -0.971215 1.53794
 2.15331 1.54259 1.02023 -0.945517 1.10621
 1.66855 1.16502 0.980323 -0.91491 0.81388
 1.31938 0.898252 0.936103 -0.880007 0.611398
 1.03235 0.685385 0.875392 -0.82729 0.454145
 0.855678 0.554482 0.852295 -0.810467 0.358182
 0.690183 0.436538 0.7955 -0.759368 0.27428
 0.567255 0.350115 0.749735 -0.718943 0.213278
 0.471742 0.284323 0.706117 -0.679645 0.168032
 0.395522 0.232853 0.664565 -0.641862 0.133442
 0.33598 0.193188 0.626032 -0.606385 0.106993
 0.289015 0.162557 0.593205 -0.57536 0.0869442
 0.243323 0.133696 0.54551 -0.530582 0.0685747
 0.207565 0.111536 0.505545 -0.492162 0.0550503
 0.180586 0.0948445 0.469638 -0.458335 0.0446875
 0.156748 0.0803968 0.434695 -0.42435 0.035581
 0.134994 0.0679245 0.39455 -0.385377 0.0287323
 0.119167 0.058455 0.364125 -0.355823 0.0226875
 0.106613 0.0516127 0.336635 -0.328738 0.0195755
 0.0941583 0.0447555 0.304535 -0.297483 0.0158391
 0.0857798 0.0401423 0.280185 -0.27379 0.0133681
 0.074325 0.0338725 0.246218 -0.240207 0.0093919
 0.0696425 0.0311735 0.228908 -0.223033 0.00773087
 0.064816 0.0293015 0.208323 -0.202478 0.00825975
 0.0591785 0.0261632 0.184197 -0.178692 0.00588805
 0.0544568 0.0237302 0.16753 -0.162276 0.0049604
 0.0500605 0.0216327 0.148183 -0.143336 0.00423765
 0.0477872 0.0203518 0.138147 -0.133439 0.0036436
 0.0446303 0.018784 0.125482 -0.121086 0.00302378
 0.0425128 0.0179011 0.114491 -0.110159 0.00318658
 0.0407655 0.0169015 0.105253 -0.100982 0.00267648
 0.0385263 0.0159596 0.0961917 -0.091954 0.00279568
 0.0361655 0.0146066 0.087857 -0.0840478 0.00185082
 0.0348865 0.014044 0.0851073 -0.081222 0.00224265
 0.0337885 0.0136506 0.0797235 -0.076027 0.00234124
 0.0327337 0.0128857 0.076776 -0.073195 0.00173944
 0.0308848 0.0118337 0.071166 -0.0679975 0.0010586
 0.029989 0.0115877 0.07038 -0.0671045 0.00155784
 0.028763 0.0111289 0.067526 -0.06433 0.00184771
 0.0283632 0.0108159 0.0662953 -0.063433 0.00158545
 0.0273432 0.0104164 0.0652697 -0.062436 0.0016524
 0.0263718 0.0100275 0.0637272 -0.060987 0.00187467
 0.025258 0.00946335 0.0617765 -0.059174 0.00159509
 0.0248622 0.0093546 0.061064 -0.0585977 0.00197573
 0.0238346 0.00880925 0.0590595 -0.0566668 0.00150775
 0.0230163 0.00854268 0.0575147 -0.0552918 0.00176427
 0.0223066 0.00823703 0.0561277 -0.05401 0.00187584
 0.021784 0.00809357 0.0552518 -0.053342 0.00199387
 0.021011 0.00760008 0.0526213 -0.050696 0.00154812
 0.0200843 0.00733852 0.049345 -0.0475945 0.00189988
 0.0194019 0.006978 0.0471807 -0.0455208 0.00167638
 0.0185236 0.00669155 0.0448403 -0.0433845 0.00179512
 0.0178482 0.00637673 0.0424967 -0.0410485 0.00166865
 0.0170367 0.00608245 0.039093 -0.0378153 0.00167425
 0.0162895 0.00577125 0.0369582 -0.0356895 0.00163121
 0.0156373 0.00551685 0.0342627 -0.0331452 0.00161832
 0.0149012 0.00519135 0.0317275 -0.030672 0.00144267
 0.0141959 0.00486362 0.028301 -0.0273927 0.00130027
 0.0137304 0.00472063 0.0265547 -0.0256843 0.00137495
 0.0130922 0.0044733 0.0239509 -0.0231114 0.00134723
 0.0125239 0.00423675 0.0219185 -0.0211923 0.00124235
 0.0117379 0.00393007 0.0194633 -0.018817 0.00112347
 0.0112822 0.0037711 0.017941 -0.0173518 0.00114479
 0.0105819 0.00350697 0.0156291 -0.015119 0.00107192
 0.0101575 0.00332925 0.0144653 -0.0140023 0.00100173
 0.00965148 0.0031534 0.0126738 -0.0122689 0.000970497
 0.00913903 0.00295755 0.0115423 -0.0111755 0.000902465
 0.00844352 0.00271285 0.00988622 -0.00960132 0.00083054
 0.0081745 0.0026126 0.00901248 -0.00874167 0.000810345
 0.00764395 0.00241761 0.007859 -0.0076409 0.000729075
 0.00715687 0.00225121 0.00692842 -0.00674143 0.000690227
 0.00678625 0.00211803 0.00612693 -0.00596808 0.000654513
 0.00632713 0.00195797 0.00541768 -0.0052882 0.000586152
 0.0060199 0.00185278 0.00476802 -0.0046622 0.000562352
 0.00554205 0.00169127 0.0040035 -0.00393197 0.00050971
 0.00506828 0.00153748 0.0034743 -0.00341557 0.00045903
 0.00475845 0.00143427 0.00307725 -0.00303208 0.000427382
 0.00441353 0.00132115 0.00262353 -0.00259627 0.000391785
 0.00412928 0.0012276 0.00233864 -0.00232049 0.000359057
 0.00377063 0.00111511 0.00198017 -0.00197342 0.000330945
 0 0 0 0 0
 0 0 0 0 0
 0 0 0 0 0
 0 0 0 0 0
 0 0 0 0 0
 0 0 0 0 0
 0 0 0 0 0
 0 0 0 0 0
 0 0 0 0 0
 0 0 0 0 0
 0 0 0 0 0
 0 0 0 0 0
 0 0 0 0 0
 0 0 0 0 0
 0 0 0 0 0
 0 0 0 0 0
 0 0 0 0 0
 0 0 0 0 0
 0 0 0 0 0
 0 0 0 0 0
 0 0 0 0 0
 0 0 0 0 0
 0 0 0 0 0
 0 0 0 0 0
 0 0 0 0 0
 0 0 0 0 0
 0 0 0 0 0
 0 0 0 0 0
 0 0 0 0 0
 0 0 0 0 0
 0 0 0 0 0
 0 0 0 0 0
 0 0 0 0 0
 0 0 0 0 0
 0 0 0 0 0
 0 0 0 0 0
 0 0 0 0 0
 25.8298 22.0493 1.17174 -1.02375 18.8299
 13.5101 11.2089 1.14952 -1.01624 9.3064
 8.35098 6.7375 1.13629 -1.01698 5.4405
 5.50648 4.32397 1.10094 -0.995033 3.39968
 3.90838 2.988 1.07798 -0.984505 2.28735
 2.88365 2.14764 1.05109 -0.96719 1.60126
 2.17589 1.57946 1.00583 -0.93403 1.14745
 1.66433 1.17848 0.960412 -0.89832 0.835438
 1.33147 0.91972 0.936787 -0.882245 0.635335
 1.08025 0.7282 0.905193 -0.856733 0.490622
 0.874917 0.575845 0.862895 -0.820958 0.377632
 0.719625 0.462632 0.822218 -0.785972 0.295875
 0.584488 0.36703 0.765345 -0.734665 0.228232
 0.490922 0.30142 0.72879 -0.701592 0.182746
 0.421073 0.252605 0.702335 -0.67858 0.148429
 0.351675 0.20623 0.655743 -0.634925 0.117595
 0.295012 0.169007 0.606905 -0.588708 0.092719
 0.253537 0.142253 0.569983 -0.55461 0.075961
 0.21689 0.118979 0.528515 -0.514825 0.0611317
 0.189727 0.101723 0.499272 -0.487055 0.0498945
 0.162923 0.0856532 0.45469 -0.44399 0.0403253
 0.141036 0.0724805 0.419825 -0.410355 0.0323387
 0.12383 0.0625493 0.38671 -0.377948 0.026886
 0.108297 0.0534697 0.3521 -0.344238 0.0214757
 0.097236 0.0473765 0.32435 -0.31715 0.0183828
 0.0868498 0.0412972 0.297745 -0.291178 0.0143917
 0.0780283 0.0365575 0.270875 -0.264473 0.0120853
 0.0705523 0.0325467 0.243488 -0.237847 0.00988755
 0.0651248 0.029803 0.222677 -0.21704 0.00873675
 0.059536 0.0269745 0.19898 -0.19347 0.00762372
 0.0555352 0.024582 0.183441 -0.178169 0.0055521
 0.051268 0.022527 0.162566 -0.157285 0.00495318
 0.0470955 0.0202018 0.146017 -0.141068 0.00335377
 0.0449792 0.0196486 0.134265 -0.129406 0.0048091
 0.041472 0.0174548 0.121181 -0.116656 0.0028936
 0.0395993 0.0165445 0.110771 -0.106329 0.00265195
 0.0380198 0.0156815 0.101698 -0.0972252 0.00227868
 0.036177 0.0149333 0.0942733 -0.0900125 0.00252845
 0.0342422 0.0137962 0.08731 -0.08341 0.00178566
 0.0326107 0.0130808 0.080648 -0.0768362 0.00170537
 0.032008 0.0129591 0.0766975 -0.072808 0.00227982
 0.0306355 0.0121657 0.0739612 -0.0704053 0.00189523
 0.028836 0.0112366 0.0700345 -0.066522 0.00153365
 0.028556 0.0112485 0.0682433 -0.0650465 0.00210918
 0.0276732 0.0108598 0.066634 -0.0635133 0.00216512
 0.0266542 0.0102479 0.0632278 -0.0603757 0.00162102
 0.025678 0.00975355 0.0636562 -0.0609415 0.00143848
 0.0247395 0.00952742 0.0613225 -0.0586278 0.00195747
 0.023826 0.00912 0.0585238 -0.056103 0.00198328
 0.0233499 0.00888152 0.0578122 -0.055452 0.00195176
 0.0225011 0.00846543 0.0547773 -0.052625 0.00180632
 0.022108 0.00834105 0.0553035 -0.0531413 0.00205498
 0.0212484 0.00793822 0.053446 -0.051507 0.00189197
 0.0205135 0.0076963 0.0495972 -0.0476392 0.00209176
 0.0197051 0.007302 0.0473475 -0.0455418 0.00186837
 0.0188474 0.0069125 0.0461728 -0.044546 0.00176045
 0.0181811 0.00668813 0.0428748 -0.0413858 0.00182358
 0.0177585 0.00648355 0.0409613 -0.0395708 0.00184038
 0.0170019 0.006186 0.0381357 -0.0367697 0.00182898
 0.0159823 0.00574665 0.03579 -0.0346085 0.00165531
 0.0155738 0.0055846 0.033515 -0.032356 0.00170342
 0.0149363 0.00530965 0.0309792 -0.0299308 0.00157942
 0.0142863 0.00503397 0.0285162 -0.0275368 0.00148237
 0.0136386 0.00475933 0.0259255 -0.0250773 0.00138512
 0.0129338 0.00451292 0.0236419 -0.0228957 0.00139534
 0.0123129 0.00425435 0.0218228 -0.0210879 0.00129332
 0.0117545 0.00403988 0.0198655 -0.0192001 0.00125546
 0.0111878 0.00381322 0.0178603 -0.0172843 0.0012057
 0.0106133 0.00356843 0.0160427 -0.015539 0.0010643
 0.0102649 0.00344127 0.0144163 -0.0139481 0.00107268
 0.00969088 0.0032316 0.0130496 -0.0126412 0.00104055
 0.00904977 0.00298068 0.0112927 -0.0109532 0.000922585
 0.00861577 0.0028298 0.0101248 -0.0098237 0.00090974
 0.00804863 0.00261402 0.00897815 -0.00872268 0.000814948
 0.00764493 0.00246113 0.00819175 -0.0079763 0.00075111
 0.0071742 0.0022969 0.00712798 -0.0069401 0.000714188
 0.00674503 0.00214783 0.0060649 -0.00591775 0.00067585
 0.00643275 0.00203219 0.00541488 -0.00529038 0.00063729
 0.0058202 0.00182091 0.0047018 -0.0046051 0.000553902
 0.0055715 0.00173424 0.00414792 -0.00407513 0.000531793
 0.00520092 0.00160558 0.00366788 -0.00360837 0.000484453
 0.00480748 0.00147768 0.00312343 -0.0030845 0.000451097
 0.00448755 0.00136938 0.00271832 -0.00269133 0.000413068
 0.00409658 0.00124234 0.00233155 -0.00231771 0.0003752
 0 0 0 0 0
 0 0 0 0 0
 0 0 0 0 0
 0 0 0 0 0
 0 0 0 0 0
 0 0 0 0 0
 0 0 0 0 0
 0 0 0 0 0
 0 0 0 0 0
 0 0 0 0 0
 0 0 0 0 0
 0 0 0 0 0
 0 0 0 0 0
 0 0 0 0 0
 0 0 0 0 0
 0 0 0 0 0
 0 0 0 0 0
 0 0 0 0 0
 0 0 0 0 0
 0 0 0 0 0
 0 0 0 0 0
 0 0 0 0 0
 0 0 0 0 0
 0 0 0 0 0
 0 0 0 0 0
 0 0 0 0 0
 0 0 0 0 0
 0 0 0 0 0
 0 0 0 0 0
 0 0 0 0 0
 0 0 0 0 0
 0 0 0 0 0
 0 0 0 0 0
 0 0 0 0 0
 0 0 0 0 0
 0 0 0 0 0
 0 0 0 0 0
 0 0 0 0 0
 26.3487 22.6899 1.11932 -0.98066 19.547
 13.6796 11.4563 1.10374 -0.978418 9.60062
 8.4264 6.86745 1.10187 -0.987895 5.6022
 5.61655 4.45715 1.08598 -0.983165 3.54158
 3.94967 3.05372 1.06214 -0.971003 2.36436
 2.92508 2.2051 1.03654 -0.956 1.66504
 2.21647 1.62934 1.00894 -0.937722 1.19956
 1.71093 1.22726 0.972855 -0.910317 0.881588
 1.36201 0.953418 0.942425 -0.88783 0.66764
 1.10859 0.757703 0.914543 -0.866485 0.517605
 0.88026 0.58802 0.85856 -0.817497 0.39213
 0.7486 0.48863 0.84555 -0.808013 0.31754
 0.604625 0.385658 0.786122 -0.754503 0.244148
 0.50096 0.312285 0.743285 -0.716223 0.192208
 0.432555 0.263773 0.720377 -0.695908 0.158447
 0.359373 0.214338 0.667973 -0.647412 0.124869
 0.306995 0.179229 0.628897 -0.61057 0.10145
 0.2669 0.152701 0.599717 -0.583523 0.084253
 0.223862 0.124868 0.547695 -0.53362 0.0655085
 0.195692 0.107215 0.519245 -0.5068 0.0549877
 0.171262 0.0915488 0.483995 -0.472408 0.0441935
 0.145099 0.07623 0.437578 -0.42791 0.0360835
 0.129108 0.0665297 0.408958 -0.399917 0.030318
 0.113489 0.0572918 0.375515 -0.367658 0.024465
 0.100442 0.0496218 0.343553 -0.336068 0.0198008
 0.0889862 0.04315 0.311765 -0.304713 0.0158958
 0.0805653 0.0387127 0.288215 -0.2814 0.0143567
 0.072871 0.0346415 0.26224 -0.25614 0.0126441
 0.0651882 0.030251 0.234511 -0.22889 0.00940055
 0.0609975 0.0277208 0.2164 -0.210404 0.00739718
 0.0559753 0.0255345 0.193114 -0.18767 0.00718553
 0.0508562 0.0221416 0.175197 -0.170111 0.00418773
 0.048019 0.0212441 0.15902 -0.153996 0.0050351
 0.0449662 0.0198215 0.144661 -0.139634 0.00476903
 0.0416515 0.018128 0.129437 -0.124731 0.0040308
 0.0393113 0.0165348 0.118166 -0.113664 0.0026829
 0.0370508 0.0155093 0.108258 -0.104096 0.00258505
 0.035263 0.0148256 0.0974895 -0.093445 0.00284533
 0.0337735 0.0138049 0.0906195 -0.0866773 0.00187505
 0.0323465 0.0133726 0.0847292 -0.0810212 0.00261327
 0.0310277 0.0125773 0.0795693 -0.075753 0.0020766
 0.0292477 0.0116794 0.0740075 -0.0706048 0.00169052
 0.0284562 0.0112849 0.070574 -0.0673375 0.00162136
 0.0276363 0.0109776 0.0673283 -0.0641857 0.00202721
 0.0270195 0.0107527 0.0653632 -0.0623275 0.00219107
 0.0260953 0.0103162 0.0635375 -0.060513 0.00219687
 0.025567 0.0100625 0.0620075 -0.059212 0.00219136
 0.0239624 0.0093551 0.058781 -0.0562833 0.00198569
 0.0234926 0.00903638 0.05781 -0.0553105 0.0018188
 0.0227747 0.00890012 0.0564643 -0.0541473 0.00225345
 0.0221954 0.00845725 0.054679 -0.0525153 0.00181967
 0.0209845 0.00803557 0.051994 -0.0499025 0.00199607
 0.0205748 0.00777735 0.0510832 -0.0491335 0.00180547
 0.0197238 0.0074385 0.0490493 -0.0472792 0.00187888
 0.0190073 0.0072116 0.0466937 -0.0449575 0.00201011
 0.0186124 0.00694612 0.0449807 -0.043333 0.00185401
 0.0175794 0.0065399 0.0420073 -0.0404768 0.00178582
 0.017184 0.00639125 0.0399372 -0.0385582 0.00187662
 0.016565 0.00612712 0.0383837 -0.0370477 0.00183994
 0.0159094 0.00582527 0.0355275 -0.0342865 0.00173122
 0.0153215 0.00556675 0.0336307 -0.0324177 0.00162719
 0.0146704 0.0053283 0.0304743 -0.0294085 0.0016786
 0.0139319 0.0050285 0.0284923 -0.0275087 0.00160358
 0.0134661 0.00481378 0.026263 -0.0254165 0.00151367
 0.0129161 0.0045836 0.0238211 -0.0230318 0.00144693
 0.0123705 0.00434973 0.0220396 -0.0213279 0.00137174
 0.0117713 0.0041015 0.019949 -0.0193129 0.00128822
 0.0111377 0.00385432 0.0177175 -0.0171606 0.00121176
 0.010511 0.00362983 0.0159621 -0.0154682 0.0011853
 0.0100637 0.0034485 0.0144318 -0.0139726 0.00112945
 0.00959622 0.00325105 0.0130288 -0.0126301 0.00104853
 0.00914892 0.0030777 0.0115655 -0.0112114 0.00099404
 0.00858085 0.00286483 0.0101258 -0.00982663 0.000911993
 0.00805685 0.00267223 0.00890658 -0.00866103 0.00086449
 0.00758613 0.00248944 0.00798925 -0.00777535 0.000785438
 0.00724305 0.00236212 0.00705612 -0.0068835 0.00074539
 0.00690985 0.00224836 0.0065341 -0.00637155 0.000731027
 0.0064488 0.00207392 0.00566905 -0.0055475 0.000658278
 0.00599303 0.00191683 0.00485743 -0.00476428 0.000610217
 0.00560493 0.00177732 0.00419497 -0.0041209 0.000560805
 0.0052598 0.00165674 0.00366925 -0.00361628 0.000514278
 0.0049395 0.00154576 0.0032331 -0.00319475 0.000479793
 0.0045315 0.00140971 0.00279627 -0.00276898 0.00043684
 0 0 0 0 0
 0 0 0 0 0
 0 0 0 0 0
 0 0 0 0 0
 0 0 0 0 0
 0 0 0 0 0
 0 0 0 0 0
 0 0 0 0 0
 0 0 0 0 0
 0 0 0 0 0
 0 0 0 0 0
 0 0 0 0 0
 0 0 0 0 0
 0 0 0 0 0
 0 0 0 0 0
 0 0 0 0 0
 0 0 0 0 0
 0 0 0 0 0
 0 0 0 0 0
 0 0 0 0 0
 0 0 0 0 0
 0 0 0 0 0
 0 0 0 0 0
 0 0 0 0 0
 0 0 0 0 0
 0 0 0 0 0
 0 0 0 0 0
 0 0 0 0 0
 0 0 0 0 0
 0 0 0 0 0
 0 0 0 0 0
 0 0 0 0 0
 0 0 0 0 0
 0 0 0 0 0
 0 0 0 0 0
 0 0 0 0 0
 0 0 0 0 0
 0 0 0 0 0
 0 0 0 0 0
 26.5267 23.026 1.05727 -0.92828 19.9951
 13.7051 11.5785 1.05576 -0.937935 9.78882
 8.38495 6.89822 1.05897 -0.952145 5.68122
 5.69352 4.56372 1.06868 -0.968895 3.6632
 3.94045 3.07923 1.02881 -0.942203 2.41033
 2.94018 2.24077 1.02144 -0.942818 1.71089
 2.20203 1.63794 0.98257 -0.913962 1.2203
 1.71358 1.24426 0.953897 -0.893375 0.904705
 1.40892 0.99913 0.960707 -0.906 0.709647
 1.14272 0.791722 0.929675 -0.881568 0.549007
 0.894247 0.605615 0.862258 -0.821607 0.409903
 0.73719 0.488043 0.830255 -0.794343 0.322625
 0.61554 0.398397 0.79239 -0.760873 0.256325
 0.519172 0.328703 0.758987 -0.731387 0.205975
 0.440293 0.272867 0.727235 -0.703078 0.167133
 0.364587 0.221192 0.675513 -0.654778 0.13207
 0.31934 0.18973 0.652898 -0.633862 0.11013
 0.275957 0.160083 0.619215 -0.60267 0.0892895
 0.232156 0.131767 0.568617 -0.554285 0.0708978
 0.202124 0.112671 0.538675 -0.525868 0.059503
 0.175347 0.0958515 0.500823 -0.489457 0.0489698
 0.153491 0.0822417 0.46672 -0.456025 0.0406172
 0.132883 0.069871 0.427605 -0.41839 0.0332173
 0.115671 0.059242 0.390275 -0.381732 0.0257358
 0.102772 0.0518295 0.358798 -0.350903 0.0219119
 0.091751 0.0455695 0.334673 -0.327512 0.0187954
 0.082448 0.0399897 0.304462 -0.29772 0.0147587
 0.0752545 0.035951 0.281045 -0.274282 0.0125834
 0.0676522 0.032089 0.253408 -0.24733 0.0113084
 0.0624143 0.0290205 0.232285 -0.226392 0.0090006
 0.056399 0.0258042 0.208332 -0.202649 0.00732562
 0.0514242 0.0234839 0.185864 -0.180625 0.00678172
 0.0486702 0.0220651 0.172938 -0.16776 0.00633008
 0.045238 0.0202473 0.15552 -0.150466 0.00547065
 0.0413335 0.0181313 0.135559 -0.130688 0.00410832
 0.0395805 0.0173048 0.126794 -0.122025 0.00404958
 0.0373683 0.0162238 0.114098 -0.109612 0.00371257
 0.0347635 0.0147062 0.104754 -0.100638 0.00274827
 0.032971 0.0135804 0.0951957 -0.0912305 0.00185037
 0.031554 0.0133016 0.0873298 -0.0834643 0.00289275
 0.0300022 0.0123577 0.0819613 -0.0782353 0.002292
 0.0295118 0.0121724 0.0773455 -0.073732 0.00243445
 0.027939 0.0113719 0.0703853 -0.0671188 0.00215131
 0.0271172 0.010976 0.0676927 -0.0644733 0.00217538
 0.02636 0.0106549 0.065491 -0.062349 0.00229986
 0.025101 0.0100935 0.0613028 -0.0584457 0.0022085
 0.0241915 0.0095988 0.0602787 -0.0576005 0.002017
 0.0237153 0.00948058 0.0583573 -0.0557222 0.00236178
 0.0229582 0.00918447 0.056762 -0.054154 0.00248068
 0.0222514 0.0087426 0.0547115 -0.052328 0.00211654
 0.0214878 0.0083383 0.0532555 -0.0510223 0.00198989
 0.0209796 0.0081876 0.0508587 -0.0488445 0.00212431
 0.0202551 0.00770778 0.0501945 -0.0482502 0.00174844
 0.0197428 0.0075883 0.0488352 -0.046982 0.00204772
 0.0188418 0.00724315 0.0456427 -0.043947 0.00207484
 0.0185298 0.00705957 0.0445237 -0.0428408 0.00196589
 0.0177032 0.0067929 0.0425565 -0.041014 0.00213883
 0.0169693 0.00644055 0.039627 -0.0381768 0.00201275
 0.0164496 0.0062413 0.0378327 -0.0364933 0.00200538
 0.01577 0.0058802 0.0351623 -0.0339582 0.00181322
 0.0152988 0.00566345 0.0332832 -0.0321353 0.00171863
 0.0145096 0.00534383 0.030563 -0.0295515 0.00167321
 0.0138465 0.00502947 0.0276402 -0.0267243 0.00151408
 0.0135175 0.0049114 0.0261457 -0.0252673 0.00158217
 0.012729 0.00458207 0.02339 -0.0226419 0.00147065
 0.0122573 0.00439875 0.0218438 -0.0211429 0.00144312
 0.0115184 0.00409845 0.0193748 -0.0187576 0.0013672
 0.0109995 0.00389377 0.0174487 -0.0168866 0.00128795
 0.0104829 0.00367262 0.0157981 -0.0152955 0.00120059
 0.0100461 0.00349235 0.0142382 -0.0138042 0.00114669
 0.0096381 0.00332255 0.0132391 -0.0128396 0.00109118
 0.00914108 0.00313272 0.0115908 -0.0112423 0.00102833
 0.00861983 0.0029299 0.0103101 -0.0100084 0.00096517
 0.00818108 0.00275822 0.00942033 -0.0091455 0.00089321
 0.00771157 0.00258788 0.00804917 -0.00784085 0.000860027
 0.00724645 0.00240214 0.00724515 -0.00707602 0.00077114
 0.00687863 0.00227164 0.00642 -0.0062678 0.000746583
 0.00649653 0.00212737 0.00567285 -0.00555297 0.000687197
 0.00612073 0.00198887 0.00498968 -0.00489633 0.000634485
 0.00565197 0.00182357 0.00431615 -0.0042437 0.000578725
 0.00532513 0.00170827 0.00383443 -0.00377865 0.000545755
 0.00491187 0.00156518 0.00322313 -0.00318658 0.000498155
 0 0 0 0 0
 0 0 0 0 0
 0 0 0 0 0
 0 0 0 0 0
 0 0 0 0 0
 0 0 0 0 0
 0 0 0 0 0
 0 0 0 0 0
 0 0 0 0 0
 0 0 0 0 0
 0 0 0 0 0
 0 0 0 0 0
 0 0 0 0 0
 0 0 0 0 0
 0 0 0 0 0
 0 0 0 0 0
 0 0 0 0 0
 0 0 0 0 0
 0 0 0 0 0
 0 0 0 0 0
 0 0 0 0 0
 0 0 0 0 0
 0 0 0 0 0
 0 0 0 0 0
 0 0 0 0 0
 0 0 0 0 0
 0 0 0 0 0
 0 0 0 0 0
 0 0 0 0 0
 0 0 0 0 0
 0 0 0 0 0
 0 0 0 0 0
 0 0 0 0 0
 0 0 0 0 0
 0 0 0 0 0
 0 0 0 0 0
 0 0 0 0 0
 0 0 0 0 0
 0 0 0 0 0
 0 0 0 0 0
 26.5115 23.184 0.98991 -0.869897 20.2818
 13.5342 11.5253 0.99693 -0.887315 9.82122
 8.252 6.84682 1.00869 -0.907742 5.68705
 5.43855 4.39935 0.99444 -0.902535 3.56327
 3.8742 3.05697 0.987335 -0.90533 2.41594
 2.906 2.23733 0.991858 -0.916825 1.72542
 2.19035 1.64663 0.96214 -0.896037 1.23993
 1.68809 1.23947 0.9273 -0.869378 0.911858
 1.37275 0.985015 0.919352 -0.867455 0.7077
 1.10166 0.772675 0.890815 -0.845253 0.54243
 0.909452 0.623933 0.867592 -0.826262 0.428122
 0.757822 0.508527 0.846347 -0.809697 0.341148
 0.62418 0.409615 0.798655 -0.767045 0.267578
 0.521945 0.335312 0.764728 -0.737302 0.213965
 0.445732 0.280367 0.73569 -0.71114 0.174869
 0.37694 0.232264 0.694157 -0.672915 0.14141
 0.316792 0.190995 0.650868 -0.632052 0.112885
 0.27405 0.161849 0.61789 -0.60158 0.0930762
 0.242355 0.140004 0.596408 -0.581678 0.0774493
 0.208674 0.118152 0.554928 -0.541808 0.0636075
 0.177979 0.0988753 0.510985 -0.49921 0.0517152
 0.157234 0.0857665 0.480135 -0.46979 0.0436912
 0.135392 0.0724905 0.440363 -0.430702 0.0356525
 0.119471 0.0625917 0.410483 -0.401738 0.0292947
 0.106664 0.0547692 0.382758 -0.374433 0.0241722
 0.0952707 0.0478313 0.353407 -0.345837 0.0196356
 0.0839937 0.0416138 0.319142 -0.312037 0.0164448
 0.076229 0.0373352 0.295232 -0.28852 0.0146467
 0.0695255 0.0331572 0.271005 -0.264705 0.0113062
 0.0623865 0.0295925 0.240466 -0.234392 0.0100318
 0.0575145 0.026976 0.221741 -0.216136 0.00879613
 0.0529088 0.0243432 0.20216 -0.196846 0.00708067
 0.0486223 0.0222637 0.180255 -0.174929 0.00654738
 0.0452752 0.0205812 0.165339 -0.160172 0.0060663
 0.0425055 0.0192266 0.150375 -0.145557 0.00559807
 0.0390292 0.0174581 0.132377 -0.127739 0.0048103
 0.0369895 0.0162387 0.121854 -0.117387 0.00409515
 0.0344395 0.0147574 0.110361 -0.106075 0.00298068
 0.0331655 0.0143928 0.101489 -0.097197 0.0036596
 0.030881 0.0130232 0.090919 -0.0871177 0.00251778
 0.0298525 0.0124484 0.0855675 -0.0816773 0.00243756
 0.0282513 0.0116644 0.077266 -0.0737365 0.00224167
 0.0274893 0.0113576 0.0733075 -0.0698683 0.00234075
 0.026604 0.0110203 0.069195 -0.0658892 0.00254935
 0.0256428 0.0104038 0.0654483 -0.062417 0.00209814
 0.0246447 0.00995695 0.0629812 -0.0600237 0.0021356
 0.0236227 0.00947102 0.0592927 -0.0564755 0.00205544
 0.022966 0.00911857 0.0570235 -0.0544913 0.00193665
 0.0222508 0.00881522 0.055225 -0.0529475 0.0019825
 0.0219584 0.0087672 0.0536715 -0.0513053 0.00221352
 0.0210111 0.0082284 0.051955 -0.0498135 0.00197845
 0.0204575 0.0080693 0.0509572 -0.0488775 0.00215719
 0.019952 0.00793413 0.0486758 -0.0467018 0.00243141
 0.0189915 0.0074513 0.0459517 -0.044111 0.00215201
 0.0188842 0.00743155 0.0456808 -0.0439517 0.00232385
 0.0178182 0.00688502 0.0426977 -0.0411185 0.00199657
 0.0173287 0.0066663 0.040983 -0.0394973 0.00195738
 0.016608 0.00633812 0.0388647 -0.0374867 0.00187424
 0.0161734 0.00616312 0.0374115 -0.036116 0.00190541
 0.0153306 0.00580573 0.0339715 -0.0327475 0.00182439
 0.0148676 0.0056336 0.031257 -0.0301402 0.00188313
 0.0144248 0.00542275 0.030195 -0.029153 0.00181831
 0.0135393 0.0050192 0.0272512 -0.0262988 0.00159438
 0.0133506 0.0049436 0.0259813 -0.0251592 0.00163443
 0.0126919 0.00467438 0.0233875 -0.0225912 0.00158067
 0.0121225 0.0044279 0.0213555 -0.0206554 0.00149871
 0.0116119 0.00421855 0.0196638 -0.0189917 0.00144185
 0.0110365 0.00397193 0.0178196 -0.0172727 0.00134575
 0.0105894 0.00378322 0.0164752 -0.0159843 0.00128024
 0.0100225 0.00353813 0.0142813 -0.0138685 0.00118698
 0.00951592 0.0033456 0.0131475 -0.0127526 0.00112663
 0.00909933 0.0031775 0.0117355 -0.011396 0.00107273
 0.00864352 0.0029936 0.0104711 -0.0101913 0.00100558
 0.00814982 0.00280507 0.0093673 -0.00912657 0.000952965
 0.00770322 0.00262772 0.0081965 -0.00798602 0.00088576
 0.00726697 0.00245968 0.00739795 -0.00721198 0.000825235
 0.00693478 0.00232286 0.00647832 -0.0063373 0.000761668
 0.0064225 0.00214168 0.0056682 -0.00554597 0.000714475
 0.00610917 0.00202387 0.00498535 -0.00489467 0.000672212
 0.00574312 0.00189103 0.0044007 -0.00432745 0.0006273
 0.00531703 0.00173389 0.00390943 -0.00385637 0.000556312
 0 0 0 0 0
 0 0 0 0 0
 0 0 0 0 0
 0 0 0 0 0
 0 0 0 0 0
 0 0 0 0 0
 0 0 0 0 0
 0 0 0 0 0
 0 0 0 0 0
 0 0 0 0 0
 0 0 0 0 0
 0 0 0 0 0
 0 0 0 0 0
 0 0 0 0 0
 0 0 0 0 0
 0 0 0 0 0
 0 0 0 0 0
 0 0 0 0 0
 0 0 0 0 0
 0 0 0 0 0
 0 0 0 0 0
 0 0 0 0 0
 0 0 0 0 0
 0 0 0 0 0
 0 0 0 0 0
 0 0 0 0 0
 0 0 0 0 0
 0 0 0 0 0
 0 0 0 0 0
 0 0 0 0 0
 0 0 0 0 0
 0 0 0 0 0
 0 0 0 0 0
 0 0 0 0 0
 0 0 0 0 0
 0 0 0 0 0
 0 0 0 0 0
 0 0 0 0 0
 0 0 0 0 0
 0 0 0 0 0
 0 0 0 0 0
 26.333 23.1852 0.93241 -0.82103 20.4213
 13.3605 11.4623 0.938375 -0.836482 9.84042
 8.21987 6.87558 0.969352 -0.873802 5.75715
 5.40953 4.41368 0.959123 -0.872727 3.6065
 3.83257 3.05183 0.960272 -0.8814 2.43419
 2.79435 2.17242 0.93458 -0.86398 1.69222
 2.17702 1.65277 0.93828 -0.87375 1.25692
 1.71094 1.26977 0.925583 -0.868335 0.944382
 1.35239 0.980998 0.905085 -0.853955 0.71316
 1.10052 0.78063 0.879253 -0.835095 0.554407
 0.912153 0.633138 0.864565 -0.824015 0.439957
 0.745688 0.50661 0.824865 -0.78957 0.344417
 0.621095 0.412932 0.791202 -0.760578 0.274017
 0.52502 0.341608 0.763108 -0.736235 0.220988
 0.435625 0.277385 0.715885 -0.69264 0.174841
 0.37497 0.234168 0.69339 -0.67277 0.144517
 0.328035 0.200741 0.67057 -0.65207 0.12099
 0.286275 0.171584 0.642865 -0.62592 0.100395
 0.244658 0.143749 0.603125 -0.588037 0.0822293
 0.206915 0.119246 0.553333 -0.54032 0.0661995
 0.17941 0.101146 0.51758 -0.505777 0.0537018
 0.158383 0.0878938 0.486987 -0.476353 0.0460262
 0.139238 0.0757078 0.458423 -0.448452 0.0382515
 0.123966 0.0662415 0.42898 -0.41998 0.0323873
 0.108039 0.0567145 0.392185 -0.383887 0.02667
 0.0978565 0.0503445 0.370657 -0.362823 0.022565
 0.085887 0.0433777 0.332805 -0.3256 0.0183631
 0.0779822 0.0384972 0.309388 -0.302445 0.0149834
 0.0699045 0.0343712 0.28263 -0.27613 0.0136803
 0.0637597 0.030898 0.258135 -0.252107 0.0116674
 0.05774 0.0275605 0.232344 -0.226511 0.00970928
 0.0531498 0.0249772 0.209345 -0.203734 0.00807587
 0.0493782 0.0229755 0.193142 -0.187598 0.0072705
 0.0446423 0.02063 0.171877 -0.166606 0.00646355
 0.0422375 0.0192618 0.158187 -0.153287 0.005577
 0.0388078 0.0175514 0.138876 -0.134133 0.00501465
 0.0365213 0.0162217 0.12913 -0.124682 0.0041271
 0.0345017 0.0151589 0.115528 -0.111042 0.00369963
 0.0323433 0.0141585 0.104806 -0.100672 0.0036487
 0.0307988 0.0131912 0.0962097 -0.0923155 0.0028729
 0.0293155 0.0125634 0.0879745 -0.084223 0.00298907
 0.028292 0.0120884 0.0814328 -0.0778353 0.00305098
 0.0267115 0.0111991 0.0742282 -0.070909 0.0025777
 0.0260927 0.0107761 0.07146 -0.0681715 0.00227655
 0.025086 0.010375 0.0661612 -0.0630383 0.00234487
 0.0239741 0.00986347 0.0621985 -0.0591825 0.00235715
 0.0233548 0.00952495 0.0596175 -0.0569285 0.00226623
 0.0227792 0.00936905 0.0576293 -0.0549692 0.00251742
 0.0220195 0.00894008 0.054864 -0.052371 0.00231547
 0.0214871 0.00877382 0.0530605 -0.0508205 0.00250495
 0.0206095 0.0083365 0.0504868 -0.0483362 0.00234272
 0.0198241 0.00788375 0.0493397 -0.0472757 0.00206334
 0.0193166 0.0076238 0.0477315 -0.0458493 0.00200645
 0.0185071 0.0073576 0.0450122 -0.0432055 0.0021888
 0.0180828 0.0071321 0.0442015 -0.0425128 0.00209359
 0.0174307 0.00682182 0.041249 -0.0396372 0.00200347
 0.0170546 0.00661918 0.0398802 -0.0383593 0.00192406
 0.0164858 0.0064456 0.0386432 -0.0372255 0.00208024
 0.0159177 0.0061838 0.0352555 -0.034015 0.00202254
 0.015031 0.00576795 0.0333813 -0.032231 0.00181325
 0.0148285 0.00567655 0.0319295 -0.030822 0.00184517
 0.0140949 0.0053658 0.028936 -0.0278973 0.0017866
 0.0135247 0.00511335 0.0276205 -0.0267273 0.00173293
 0.0129983 0.00487095 0.0252217 -0.0243481 0.00162466
 0.0125576 0.00467715 0.0236716 -0.0228842 0.00156984
 0.0118937 0.00441242 0.0213391 -0.0206559 0.00151578
 0.0114668 0.00422212 0.0194885 -0.0188429 0.00144698
 0.010834 0.00395003 0.017793 -0.017227 0.00132473
 0.0104486 0.00379657 0.0161567 -0.0156171 0.00131605
 0.0101158 0.00363673 0.0146495 -0.014211 0.00123795
 0.00943247 0.00336968 0.0129768 -0.0125993 0.0011637
 0.00908252 0.00321908 0.0114725 -0.0111244 0.00110767
 0.00851362 0.00299093 0.0103788 -0.0100948 0.00101268
 0.0081372 0.00285155 0.00931845 -0.00907002 0.000997997
 0.00773417 0.00268577 0.00829627 -0.00809455 0.000926975
 0.00738198 0.00253712 0.00735627 -0.00718143 0.000855847
 0.00680247 0.00231921 0.00653915 -0.0063944 0.000769048
 0.0064782 0.00219255 0.00576757 -0.00564897 0.000726805
 0.00608587 0.0020458 0.0051068 -0.0050135 0.000681382
 0.0057194 0.0019084 0.0044984 -0.004419 0.000627642
 0 0 0 0 0
 0 0 0 0 0
 0 0 0 0 0
 0 0 0 0 0
 0 0 0 0 0
 0 0 0 0 0
 0 0 0 0 0
 0 0 0 0 0
 0 0 0 0 0
 0 0 0 0 0
 0 0 0 0 0
 0 0 0 0 0
 0 0 0 0 0
 0 0 0 0 0
 0 0 0 0 0
 0 0 0 0 0
 0 0 0 0 0
 0 0 0 0 0
 0 0 0 0 0
 0 0 0 0 0
 0 0 0 0 0
 0 0 0 0 0
 0 0 0 0 0
 0 0 0 0 0
 0 0 0 0 0
 0 0 0 0 0
 0 0 0 0 0
 0 0 0 0 0
 0 0 0 0 0
 0 0 0 0 0
 0 0 0 0 0
 0 0 0 0 0
 0 0 0 0 0
 0 0 0 0 0
 0 0 0 0 0
 0 0 0 0 0
 0 0 0 0 0
 0 0 0 0 0
 0 0 0 0 0
 0 0 0 0 0
 0 0 0 0 0
 0 0 0 0 0
 25.7715 22.8353 0.85509 -0.754493 20.2416
 13.0302 11.257 0.877298 -0.78261 9.73163
 7.82175 6.59155 0.89298 -0.804913 5.56055
 5.27025 4.33475 0.91125 -0.829402 3.57015
 3.70515 2.97535 0.910045 -0.835793 2.39363
 2.75618 2.16229 0.904187 -0.83738 1.70013
 2.1168 1.62265 0.902655 -0.841732 1.24661
 1.65798 1.24265 0.886328 -0.83215 0.933892
 1.33346 0.977618 0.876867 -0.82859 0.718775
 1.11554 0.800308 0.88145 -0.836502 0.575715
 0.916285 0.643335 0.859425 -0.81982 0.452383
 0.74596 0.51275 0.820228 -0.7856 0.352902
 0.628275 0.422945 0.79614 -0.764995 0.28473
 0.519745 0.342635 0.75345 -0.72683 0.225419
 0.450072 0.290863 0.739442 -0.715137 0.187281
 0.38251 0.242204 0.701563 -0.680632 0.152453
 0.32484 0.201623 0.667035 -0.648123 0.123831
 0.284062 0.172535 0.64159 -0.62488 0.102592
 0.247593 0.147727 0.607663 -0.592792 0.0862865
 0.210975 0.123543 0.56592 -0.552448 0.0703117
 0.182366 0.10441 0.529085 -0.517445 0.0570982
 0.163101 0.0918105 0.503642 -0.492892 0.0488385
 0.142798 0.078875 0.4707 -0.460515 0.040909
 0.126509 0.0685602 0.442095 -0.433018 0.0341783
 0.111812 0.059498 0.407322 -0.39869 0.0285102
 0.0971275 0.050789 0.373175 -0.365427 0.0235596
 0.0884485 0.0455282 0.351985 -0.344742 0.0205297
 0.078187 0.0395895 0.31776 -0.310765 0.0169199
 0.0702858 0.0351902 0.290877 -0.284293 0.0148205
 0.064393 0.0315053 0.269725 -0.263605 0.0120463
 0.058166 0.0280542 0.241871 -0.235884 0.0100447
 0.0539787 0.0256945 0.224629 -0.219004 0.00870538
 0.0499187 0.0238332 0.204247 -0.198525 0.00858032
 0.0457945 0.0213407 0.185675 -0.180491 0.00672583
 0.042512 0.019812 0.165306 -0.16041 0.00646592
 0.0387325 0.0176151 0.147634 -0.142853 0.0049496
 0.0370288 0.016795 0.13734 -0.132735 0.00492082
 0.0348125 0.0157525 0.125745 -0.121246 0.00490582
 0.0328235 0.0146932 0.11182 -0.107559 0.00438245
 0.0306962 0.0134051 0.101168 -0.0971163 0.00335115
 0.0293403 0.0128464 0.093335 -0.089563 0.00344225
 0.027618 0.0118563 0.0855273 -0.082037 0.00296798
 0.0267745 0.0113731 0.079162 -0.0756587 0.00276575
 0.025968 0.011068 0.073565 -0.070286 0.0029065
 0.0241883 0.0101282 0.066357 -0.0633203 0.00241294
 0.0235121 0.00975888 0.0631417 -0.0602677 0.00226006
 0.0227308 0.0094628 0.0600305 -0.0572565 0.0024246
 0.0220817 0.00906973 0.0565653 -0.0539877 0.00223513
 0.0212573 0.00869265 0.0547863 -0.052383 0.00217572
 0.0208217 0.00857423 0.0519762 -0.0495835 0.00242135
 0.0201923 0.00815015 0.0497285 -0.0475525 0.00206082
 0.0196282 0.00793858 0.0487287 -0.046668 0.00220137
 0.0187833 0.0076128 0.0455045 -0.043582 0.00227145
 0.0183381 0.00736518 0.0443137 -0.0425318 0.00215245
 0.0178315 0.0071648 0.0427062 -0.0410088 0.00221695
 0.0171884 0.00681818 0.0412588 -0.0396395 0.00201608
 0.0167947 0.00666512 0.040249 -0.0387372 0.00211253
 0.0162505 0.00643728 0.038079 -0.036632 0.00212545
 0.0155208 0.00610043 0.0358503 -0.034611 0.00200794
 0.0149804 0.0058674 0.033447 -0.0322295 0.00197095
 0.0143151 0.00557265 0.0303508 -0.0292947 0.00192411
 0.0140537 0.00545915 0.0294155 -0.0283928 0.0019149
 0.0134936 0.00517295 0.027504 -0.0265582 0.0017436
 0.0129052 0.00493268 0.0248056 -0.0239878 0.00172062
 0.0123194 0.0046629 0.0234628 -0.0227132 0.00159725
 0.0118168 0.0044453 0.0211608 -0.0204302 0.00155399
 0.0114602 0.00428103 0.0191708 -0.0185921 0.00149667
 0.0108065 0.00400758 0.017563 -0.0169864 0.00139564
 0.0104544 0.00385098 0.016108 -0.015613 0.00134488
 0.00980387 0.0035919 0.01413 -0.0136964 0.00127808
 0.00947697 0.00344008 0.0129763 -0.0125912 0.00120706
 0.00910603 0.0032865 0.011854 -0.0115155 0.00116371
 0.00877785 0.00314188 0.0110262 -0.0107294 0.00109936
 0.0080331 0.0028491 0.00940065 -0.0091552 0.0009809
 0.00770027 0.00271747 0.0081958 -0.00799605 0.000954073
 0.00730985 0.00256013 0.0073982 -0.00723175 0.000896947
 0.00698525 0.00242621 0.00668703 -0.00654083 0.00083763
 0.00656708 0.00226059 0.00588565 -0.0057722 0.000769565
 0.00610405 0.00208636 0.00513508 -0.0050419 0.000706315
 0 0 0 0 0
 0 0 0 0 0
 0 0 0 0 0
 0 0 0 0 0
 0 0 0 0 0
 0 0 0 0 0
 0 0 0 0 0
 0 0 0 0 0
 0 0 0 0 0
 0 0 0 0 0
 0 0 0 0 0
 0 0 0 0 0
 0 0 0 0 0
 0 0 0 0 0
 0 0 0 0 0
 0 0 0 0 0
 0 0 0 0 0
 0 0 0 0 0
 0 0 0 0 0
 0 0 0 0 0
 0 0 0 0 0
 0 0 0 0 0
 0 0 0 0 0
 0 0 0 0 0
 0 0 0 0 0
 0 0 0 0 0
 0 0 0 0 0
 0 0 0 0 0
 0 0 0 0 0
 0 0 0 0 0
 0 0 0 0 0
 0 0 0 0 0
 0 0 0 0 0
 0 0 0 0 0
 0 0 0 0 0
 0 0 0 0 0
 0 0 0 0 0
 0 0 0 0 0
 0 0 0 0 0
 0 0 0 0 0
 0 0 0 0 0
 0 0 0 0 0
 0 0 0 0 0
 25.0753 22.3493 0.785408 -0.694318 19.9274
 12.5063 10.8745 0.80609 -0.720392 9.46225
 7.622 6.46872 0.840507 -0.758695 5.49602
 4.97438 4.12233 0.83791 -0.763803 3.42117
 3.56728 2.88792 0.848353 -0.780508 2.34224
 2.67187 2.11383 0.862428 -0.79953 1.67596
 2.02833 1.56888 0.847155 -0.79039 1.21644
 1.60823 1.21663 0.851815 -0.800695 0.923045
 1.28725 0.952978 0.837052 -0.79109 0.707557
 1.07153 0.776402 0.838448 -0.796075 0.564252
 0.88131 0.625447 0.82086 -0.783415 0.445515
 0.737305 0.512395 0.80602 -0.77208 0.35685
 0.615558 0.419365 0.771908 -0.742663 0.286558
 0.522555 0.34854 0.754363 -0.72701 0.232295
 0.441333 0.28867 0.72025 -0.697212 0.188386
 0.378138 0.24243 0.69281 -0.671933 0.154853
 0.3309 0.207839 0.67441 -0.65532 0.128886
 0.278892 0.171886 0.627597 -0.611407 0.10462
 0.246995 0.149438 0.610022 -0.594755 0.0889428
 0.214471 0.127257 0.574283 -0.560735 0.0739545
 0.182802 0.106277 0.53125 -0.519493 0.0594175
 0.16318 0.093116 0.509505 -0.498713 0.0504838
 0.141498 0.0795225 0.471642 -0.461722 0.0425432
 0.127755 0.0701795 0.449577 -0.440272 0.0354945
 0.111637 0.0605573 0.413102 -0.404605 0.0305658
 0.0999233 0.05312 0.388805 -0.380817 0.0254085
 0.0878063 0.0458587 0.353572 -0.346493 0.0213163
 0.0801478 0.0413308 0.33262 -0.325392 0.018743
 0.0713542 0.0360788 0.302542 -0.296168 0.0153472
 0.0648698 0.032407 0.278605 -0.272295 0.0133574
 0.059492 0.0294367 0.257377 -0.251313 0.0119019
 0.0541027 0.0265535 0.233126 -0.227432 0.0105864
 0.0495418 0.0235935 0.211641 -0.206208 0.00798812
 0.0451815 0.0216131 0.188781 -0.183698 0.0077565
 0.0421685 0.0196576 0.174058 -0.169041 0.00618855
 0.0392438 0.0182456 0.157356 -0.152428 0.005831
 0.0367775 0.0171541 0.143051 -0.138335 0.00585925
 0.034076 0.0153408 0.129131 -0.124856 0.00419945
 0.0323972 0.0145249 0.116856 -0.112588 0.0040564
 0.0302852 0.0134762 0.105969 -0.10192 0.0038499
 0.028618 0.0124708 0.0956178 -0.0917915 0.00305693
 0.0274535 0.0120159 0.089161 -0.0855833 0.00322885
 0.0256763 0.0111622 0.0794065 -0.076089 0.00301918
 0.0253577 0.0109821 0.07567 -0.0722475 0.00308938
 0.0242495 0.0104528 0.069095 -0.0659845 0.00298055
 0.0231487 0.00976333 0.0640365 -0.061098 0.00245797
 0.0222428 0.00945835 0.0596775 -0.0569773 0.00274532
 0.0217824 0.00921825 0.0569313 -0.0542515 0.00266208
 0.0208921 0.00874787 0.054192 -0.0517083 0.00246942
 0.0201491 0.00843405 0.0504787 -0.0481925 0.0025449
 0.0195569 0.00809897 0.049052 -0.0468495 0.00241569
 0.0191706 0.00790773 0.0480603 -0.045987 0.00232955
 0.018446 0.00761583 0.0453665 -0.0434515 0.00243272
 0.0180653 0.00749825 0.044152 -0.0423205 0.0025459
 0.017525 0.00715998 0.0420183 -0.0403558 0.00239582
 0.0168619 0.00679813 0.0404528 -0.0389258 0.00214007
 0.0163691 0.00659915 0.038636 -0.0370947 0.00217227
 0.0158331 0.00638248 0.0367978 -0.0354247 0.0021987
 0.0153793 0.00614568 0.03483 -0.033571 0.00210383
 0.0147314 0.00580472 0.0328863 -0.0316825 0.00190589
 0.0142948 0.00564525 0.0308762 -0.0297893 0.00197954
 0.0139215 0.00548497 0.0293745 -0.0283427 0.00195352
 0.0132368 0.00518507 0.0268603 -0.02593 0.00187026
 0.0127946 0.00497918 0.0249202 -0.0240643 0.00180487
 0.0123327 0.00475338 0.0231317 -0.0223438 0.00170707
 0.0117083 0.00447078 0.0202655 -0.0196251 0.00160374
 0.0113902 0.00431352 0.0196571 -0.0190482 0.00150899
 0.0108341 0.00408072 0.0173825 -0.0168303 0.00146445
 0.0102826 0.00385073 0.0157162 -0.0152391 0.0013848
 0.0100177 0.00371915 0.0146296 -0.0141924 0.00132747
 0.00938335 0.00346995 0.0127305 -0.0123694 0.00125591
 0.00905255 0.00331247 0.0118974 -0.0115707 0.00118122
 0.0084607 0.0030759 0.0104684 -0.0101919 0.00109402
 0.0079973 0.00288657 0.00935893 -0.00911433 0.00103062
 0.0076468 0.00273885 0.00846567 -0.00825122 0.0009686
 0.00735222 0.00261588 0.0074974 -0.00732705 0.000928622
 0.00692155 0.00244291 0.0066646 -0.00651397 0.00086174
 0.0064414 0.00225135 0.00579392 -0.00568093 0.00077713
 0 0 0 0 0
 0 0 0 0 0
 0 0 0 0 0
 0 0 0 0 0
 0 0 0 0 0
 0 0 0 0 0
 0 0 0 0 0
 0 0 0 0 0
 0 0 0 0 0
 0 0 0 0 0
 0 0 0 0 0
 0 0 0 0 0
 0 0 0 0 0
 0 0 0 0 0
 0 0 0 0 0
 0 0 0 0 0
 0 0 0 0 0
 0 0 0 0 0
 0 0 0 0 0
 0 0 0 0 0
 0 0 0 0 0
 0 0 0 0 0
 0 0 0 0 0
 0 0 0 0 0
 0 0 0 0 0
 0 0 0 0 0
 0 0 0 0 0
 0 0 0 0 0
 0 0 0 0 0
 0 0 0 0 0
 0 0 0 0 0
 0 0 0 0 0
 0 0 0 0 0
 0 0 0 0 0
 0 0 0 0 0
 0 0 0 0 0
 0 0 0 0 0
 0 0 0 0 0
 0 0 0 0 0
 0 0 0 0 0
 0 0 0 0 0
 0 0 0 0 0
 0 0 0 0 0
 0 0 0 0 0
 24.3656 21.837 0.720208 -0.637723 19.5784
 12.0311 10.5253 0.742298 -0.665325 9.21498
 7.2466 6.19058 0.7686 -0.695347 5.2941
 4.78003 3.98933 0.783708 -0.715027 3.33518
 3.48077 2.83932 0.815075 -0.749615 2.32109
 2.57715 2.0552 0.816265 -0.75728 1.64299
 1.99215 1.55382 0.821305 -0.766615 1.21525
 1.58437 1.20936 0.823252 -0.773997 0.926138
 1.27352 0.951458 0.819143 -0.774552 0.713222
 1.04268 0.762765 0.8091 -0.768777 0.559522
 0.864702 0.61969 0.799377 -0.763075 0.44577
 0.71816 0.504045 0.775765 -0.743212 0.354267
 0.603557 0.415252 0.75869 -0.72971 0.286325
 0.513803 0.346658 0.73672 -0.710933 0.234525
 0.446018 0.295112 0.722492 -0.699327 0.195154
 0.379897 0.246439 0.694228 -0.67324 0.159331
 0.3291 0.209497 0.67031 -0.651818 0.132686
 0.2822 0.17617 0.634325 -0.61807 0.108767
 0.245862 0.150654 0.604895 -0.590172 0.0909865
 0.209922 0.12629 0.56715 -0.553908 0.0746207
 0.184318 0.108668 0.535088 -0.523253 0.0620433
 0.162736 0.0943012 0.508477 -0.497665 0.0526323
 0.142143 0.0808955 0.47813 -0.468137 0.0440673
 0.12611 0.070472 0.44758 -0.438295 0.03713
 0.113631 0.0621975 0.424467 -0.415632 0.031211
 0.099673 0.0538397 0.392055 -0.384015 0.0268115
 0.0899082 0.0478892 0.368237 -0.360695 0.0233587
 0.081331 0.0424867 0.34316 -0.335952 0.0195046
 0.0730223 0.0376355 0.315475 -0.308638 0.0169075
 0.0654613 0.0331695 0.28582 -0.279588 0.0142214
 0.0594995 0.0297958 0.263328 -0.25748 0.0123283
 0.0538325 0.0264042 0.236593 -0.230927 0.00988055
 0.049533 0.0242479 0.21669 -0.211193 0.00932497
 0.0461815 0.0220407 0.200367 -0.195052 0.0074564
 0.0424183 0.0203928 0.182356 -0.177273 0.00757823
 0.0391755 0.018433 0.164411 -0.159568 0.0061778
 0.0367248 0.0172743 0.150002 -0.145344 0.00592975
 0.035094 0.0161856 0.137199 -0.132862 0.00510047
 0.0324575 0.014736 0.125521 -0.121216 0.00435943
 0.0301018 0.0136247 0.109405 -0.105224 0.00410598
 0.0284595 0.012677 0.102042 -0.0981397 0.0035642
 0.0272288 0.0121095 0.0919052 -0.0881408 0.00343925
 0.0257887 0.0114851 0.0834655 -0.0800577 0.00354717
 0.0251565 0.0109272 0.0780828 -0.0747733 0.00294225
 0.0237089 0.0101743 0.071961 -0.0689628 0.00262498
 0.0225649 0.00968923 0.0659053 -0.0630192 0.0026299
 0.0218356 0.00935667 0.0605165 -0.0577878 0.00264025
 0.021321 0.0090989 0.0586925 -0.056101 0.0026419
 0.0204619 0.00861075 0.0545288 -0.0520585 0.00238532
 0.0195867 0.00816035 0.0506647 -0.0484343 0.00220806
 0.0193505 0.00814822 0.0486267 -0.046414 0.00254292
 0.0185738 0.00776682 0.0469122 -0.0448748 0.00239033
 0.0180782 0.00752222 0.044091 -0.0421825 0.00236521
 0.0176101 0.0073412 0.043685 -0.0418858 0.0024818
 0.0170816 0.00701833 0.0413277 -0.0395893 0.00224311
 0.0167431 0.00688885 0.039113 -0.037505 0.00231467
 0.0158641 0.00646565 0.037176 -0.0356917 0.00213621
 0.0155045 0.00631003 0.0361482 -0.0347985 0.00216892
 0.0150377 0.00609318 0.0343872 -0.0331327 0.00211648
 0.0145237 0.0058403 0.0317925 -0.030636 0.00202887
 0.0139514 0.00560793 0.0302045 -0.0291217 0.00201511
 0.0136255 0.00543572 0.0282713 -0.0272663 0.0019655
 0.0131048 0.00519145 0.0265033 -0.0256185 0.00186172
 0.0125894 0.0049503 0.0249767 -0.0241447 0.0017793
 0.0123459 0.0048361 0.0230611 -0.0222959 0.00179855
 0.0116793 0.00454282 0.0210999 -0.0204522 0.00166723
 0.0112395 0.00433743 0.0189559 -0.0183415 0.0016005
 0.010542 0.0040392 0.017239 -0.0167098 0.00148268
 0.0102409 0.00387982 0.016179 -0.0156892 0.00138787
 0.00977935 0.0036963 0.0142176 -0.0137893 0.0013728
 0.00937285 0.00350648 0.0129326 -0.0125585 0.00127288
 0.0089417 0.00332842 0.0116473 -0.0113254 0.00122573
 0.00835852 0.00308305 0.010471 -0.0101795 0.00111682
 0.00811025 0.00297555 0.00944128 -0.0092031 0.00108693
 0.007719 0.00280653 0.00849083 -0.00828522 0.00100587
 0.00731057 0.00264375 0.00745033 -0.00727795 0.00096381
 0.0069394 0.00249093 0.00671118 -0.0065778 0.00089746
 0 0 0 0 0
 0 0 0 0 0
 0 0 0 0 0
 0 0 0 0 0
 0 0 0 0 0
 0 0 0 0 0
 0 0 0 0 0
 0 0 0 0 0
 0 0 0 0 0
 0 0 0 0 0
 0 0 0 0 0
 0 0 0 0 0
 0 0 0 0 0
 0 0 0 0 0
 0 0 0 0 0
 0 0 0 0 0
 0 0 0 0 0
 0 0 0 0 0
 0 0 0 0 0
 0 0 0 0 0
 0 0 0 0 0
 0 0 0 0 0
 0 0 0 0 0
 0 0 0 0 0
 0 0 0 0 0
 0 0 0 0 0
 0 0 0 0 0
 0 0 0 0 0
 0 0 0 0 0
 0 0 0 0 0
 0 0 0 0 0
 0 0 0 0 0
 0 0 0 0 0
 0 0 0 0 0
 0 0 0 0 0
 0 0 0 0 0
 0 0 0 0 0
 0 0 0 0 0
 0 0 0 0 0
 0 0 0 0 0
 0 0 0 0 0
 0 0 0 0 0
 0 0 0 0 0
 0 0 0 0 0
 0 0 0 0 0
 23.1904 20.8909 0.649335 -0.575868 18.8271
 11.476 10.0959 0.68219 -0.612042 8.88868
 6.7587 5.80953 0.693667 -0.627815 4.99975
 4.55028 3.823 0.725272 -0.661953 3.2173
 3.34895 2.75115 0.763025 -0.70314 2.26523
 2.45383 1.97181 0.761415 -0.706763 1.58867
 1.90255 1.49582 0.77095 -0.720012 1.17981
 1.54338 1.18797 0.794688 -0.747278 0.917542
 1.24537 0.938452 0.78945 -0.746352 0.709535
 1.00574 0.742425 0.773195 -0.734637 0.55013
 0.841677 0.60888 0.77149 -0.73668 0.44229
 0.712208 0.50478 0.764722 -0.733682 0.358715
 0.590997 0.410827 0.733905 -0.705928 0.28638
 0.510543 0.34817 0.726277 -0.700912 0.238022
 0.437415 0.29264 0.709502 -0.686835 0.19621
 0.370612 0.243109 0.679598 -0.65929 0.159423
 0.331297 0.213373 0.671982 -0.653477 0.136917
 0.278547 0.175933 0.627362 -0.61114 0.110335
 0.243948 0.151002 0.60591 -0.590985 0.0919642
 0.209996 0.127993 0.56967 -0.556305 0.0769128
 0.187678 0.112187 0.547507 -0.5353 0.06546
 0.164912 0.096967 0.518145 -0.50678 0.0555313
 0.144891 0.0837867 0.488177 -0.478003 0.0470685
 0.129329 0.0734485 0.46287 -0.453577 0.0400262
 0.113605 0.0633513 0.429065 -0.420213 0.0332835
 0.102999 0.0564797 0.407755 -0.3995 0.028967
 0.090532 0.0487445 0.372412 -0.3649 0.023863
 0.0811982 0.043122 0.345637 -0.338523 0.0206402
 0.0713803 0.0372753 0.313625 -0.30704 0.0172181
 0.065728 0.033629 0.296205 -0.289747 0.014603
 0.0585357 0.0297917 0.264462 -0.258545 0.0129379
 0.0546902 0.0275228 0.247686 -0.241845 0.011564
 0.0506805 0.0252732 0.229521 -0.22389 0.0103844
 0.0460453 0.0223135 0.207853 -0.202634 0.00808412
 0.0421475 0.0203478 0.187492 -0.182479 0.00748347
 0.0393955 0.0189881 0.171159 -0.166316 0.00712298
 0.036039 0.0172119 0.153131 -0.148451 0.00631545
 0.0344668 0.0162051 0.141135 -0.136565 0.0055445
 0.0325095 0.015089 0.130226 -0.125922 0.00500827
 0.0299002 0.0136495 0.116351 -0.112245 0.0042111
 0.027877 0.0123868 0.104586 -0.100757 0.0032699
 0.0269967 0.0122511 0.0974368 -0.0937477 0.0039452
 0.0250542 0.0111444 0.0853948 -0.0819673 0.00329997
 0.0243533 0.0107982 0.0799765 -0.0766492 0.00319595
 0.0233365 0.0103394 0.073787 -0.0705717 0.00320438
 0.0222844 0.00982442 0.0664508 -0.0634062 0.00310883
 0.0217011 0.00955597 0.0623197 -0.0595795 0.00312943
 0.0207666 0.00900682 0.0577032 -0.0551315 0.00277472
 0.0201451 0.0086297 0.0540988 -0.0517087 0.00264622
 0.0193557 0.0082029 0.0514423 -0.0491925 0.00242792
 0.0187166 0.00798002 0.0494735 -0.0472482 0.00257195
 0.0183729 0.00772422 0.0462523 -0.0443335 0.00237328
 0.0175843 0.0074033 0.0435485 -0.0416723 0.00243651
 0.0172763 0.0072465 0.042708 -0.040917 0.00241113
 0.0169008 0.0070308 0.0408167 -0.0390557 0.00228918
 0.0164532 0.00691435 0.039296 -0.0377168 0.0025274
 0.0156577 0.00649345 0.0361133 -0.0347558 0.00226329
 0.015239 0.0062552 0.0350212 -0.0337002 0.00214363
 0.0149041 0.00614098 0.0339935 -0.0326935 0.00223407
 0.0142027 0.00580777 0.031606 -0.0304115 0.00207353
 0.0139354 0.00566995 0.0293675 -0.0282872 0.00207686
 0.0133726 0.00539298 0.0282675 -0.027254 0.00197564
 0.0127166 0.00508638 0.0255752 -0.0247157 0.00183256
 0.0124795 0.0049778 0.024177 -0.0233504 0.00183703
 0.0120095 0.00475982 0.0222854 -0.0215436 0.00175626
 0.0116421 0.00457972 0.0213256 -0.0206425 0.0017049
 0.011207 0.00438728 0.0196992 -0.019085 0.00162933
 0.0105985 0.00411512 0.0171231 -0.0165931 0.00153994
 0.0101327 0.00392068 0.0159683 -0.0154944 0.0014749
 0.00971025 0.00372875 0.0146402 -0.0142036 0.00139932
 0.00931908 0.00355388 0.0130381 -0.012656 0.00133898
 0.00894035 0.00337325 0.0115197 -0.0112039 0.00124908
 0.00848272 0.0031708 0.010622 -0.0103542 0.00115773
 0.00810915 0.00301365 0.0095519 -0.00930417 0.0011047
 0.00765312 0.00283032 0.00853075 -0.00832743 0.00105121
 0.0072023 0.00263972 0.00750517 -0.00733825 0.000968765
 0 0 0 0 0
 0 0 0 0 0
 0 0 0 0 0
 0 0 0 0 0
 0 0 0 0 0
 0 0 0 0 0
 0 0 0 0 0
 0 0 0 0 0
 0 0 0 0 0
 0 0 0 0 0
 0 0 0 0 0
 0 0 0 0 0
 0 0 0 0 0
 0 0 0 0 0
 0 0 0 0 0
 0 0 0 0 0
 0 0 0 0 0
 0 0 0 0 0
 0 0 0 0 0
 0 0 0 0 0
 0 0 0 0 0
 0 0 0 0 0
 0 0 0 0 0
 0 0 0 0 0
 0 0 0 0 0
 0 0 0 0 0
 0 0 0 0 0
 0 0 0 0 0
 0 0 0 0 0
 0 0 0 0 0
 0 0 0 0 0
 0 0 0 0 0
 0 0 0 0 0
 0 0 0 0 0
 0 0 0 0 0
 0 0 0 0 0
 0 0 0 0 0
 0 0 0 0 0
 0 0 0 0 0
 0 0 0 0 0
 0 0 0 0 0
 0 0 0 0 0
 0 0 0 0 0
 0 0 0 0 0
 0 0 0 0 0
 0 0 0 0 0
 22.5961 20.4524 0.59579 -0.528545 18.52
 10.9528 9.68752 0.62062 -0.557185 8.57577
 6.48127 5.6034 0.6447 -0.584112 4.85047
 4.34848 3.67603 0.67674 -0.618075 3.11288
 3.1087 2.57068 0.69853 -0.643167 2.1306
 2.35358 1.90475 0.712903 -0.66193 1.54564
 1.86306 1.47595 0.74233 -0.694727 1.17311
 1.45911 1.1318 0.741862 -0.697163 0.881205
 1.17696 0.894452 0.738192 -0.698105 0.682668
 0.980263 0.730005 0.746995 -0.709935 0.546125
 0.80688 0.58909 0.731305 -0.698775 0.432408
 0.674658 0.482908 0.724537 -0.694232 0.347238
 0.571935 0.401433 0.70912 -0.682682 0.282872
 0.499292 0.34372 0.707678 -0.682938 0.237243
 0.427265 0.28871 0.687393 -0.66525 0.195512
 0.371242 0.246082 0.678968 -0.658935 0.163224
 0.316427 0.205871 0.644263 -0.626692 0.133845
 0.276445 0.176744 0.619543 -0.6036 0.112826
 0.243506 0.152819 0.601153 -0.58661 0.0952403
 0.21091 0.129993 0.570465 -0.55745 0.0791863
 0.187612 0.113668 0.548298 -0.536308 0.067714
 0.165851 0.0987672 0.52509 -0.51367 0.0576455
 0.141881 0.0828593 0.479225 -0.46925 0.0468598
 0.129189 0.0741875 0.465988 -0.456563 0.040828
 0.114046 0.0644915 0.43299 -0.424305 0.0348088
 0.0997937 0.0553555 0.397317 -0.38912 0.0288098
 0.0907365 0.049421 0.380658 -0.372905 0.0247542
 0.0833893 0.0447527 0.363192 -0.35583 0.0217924
 0.073497 0.039162 0.328307 -0.321402 0.0191234
 0.0653993 0.034035 0.298158 -0.291783 0.0153868
 0.0600443 0.0306345 0.278947 -0.2729 0.0129683
 0.0536973 0.0272587 0.250043 -0.244148 0.0116767
 0.0498285 0.025001 0.231906 -0.226389 0.0103843
 0.0452635 0.0224749 0.211389 -0.206143 0.0091163
 0.0425353 0.0207821 0.193194 -0.188092 0.00772435
 0.039567 0.0192575 0.180137 -0.175212 0.00747158
 0.0363935 0.0176118 0.15875 -0.154192 0.0066692
 0.0341535 0.0161921 0.147956 -0.143561 0.00566023
 0.031766 0.0148556 0.133591 -0.129399 0.0049935
 0.029799 0.0141069 0.12178 -0.11756 0.00527848
 0.028291 0.0130455 0.110681 -0.106747 0.00434215
 0.026456 0.0118932 0.0986563 -0.094987 0.0033893
 0.0252978 0.0114901 0.089922 -0.0865088 0.00372395
 0.0240218 0.0107686 0.0832397 -0.0799525 0.00334607
 0.0227695 0.0100164 0.0753285 -0.0722315 0.0028407
 0.0220977 0.00985788 0.069084 -0.0661693 0.00317045
 0.0213177 0.0092761 0.0639755 -0.0612513 0.00269477
 0.0205788 0.00906322 0.0604835 -0.05781 0.00309105
 0.019741 0.0086138 0.0553138 -0.0528465 0.00282727
 0.0192483 0.00839207 0.0528102 -0.050482 0.00284445
 0.0183904 0.00786842 0.0475217 -0.0454727 0.00246203
 0.0180312 0.00780377 0.0470985 -0.0451207 0.00274127
 0.0176267 0.0075561 0.044333 -0.042409 0.00258545
 0.0168921 0.00717647 0.0414055 -0.039599 0.00239998
 0.0163948 0.0069622 0.0395195 -0.0378998 0.00247248
 0.0159451 0.0067173 0.0381332 -0.0365727 0.00234097
 0.0154364 0.00650647 0.0364258 -0.0349715 0.00236701
 0.0149618 0.0062736 0.0347563 -0.033433 0.00230316
 0.0145333 0.00603805 0.0320028 -0.0307885 0.00219415
 0.0141194 0.00584905 0.0313252 -0.0302157 0.00215996
 0.0137039 0.00564083 0.0290938 -0.0280015 0.0020972
 0.0130776 0.0053344 0.0276268 -0.026628 0.00193933
 0.012781 0.00518905 0.026223 -0.025317 0.00191384
 0.0122138 0.0049411 0.0234732 -0.0226775 0.00187505
 0.0117311 0.00469163 0.0221263 -0.0213786 0.00171362
 0.0114167 0.00455515 0.020392 -0.0197158 0.00172679
 0.010838 0.00431608 0.0186706 -0.0180849 0.0016599
 0.0104697 0.00411525 0.0176508 -0.0171086 0.00152902
 0.0101324 0.00397367 0.0158956 -0.0154022 0.00151802
 0.00969802 0.00377568 0.0144292 -0.0139939 0.00146033
 0.00908065 0.00351058 0.0126769 -0.0123191 0.0013514
 0.00877227 0.0033531 0.0116744 -0.0113627 0.00125093
 0.0083513 0.0031811 0.0105449 -0.010262 0.00121681
 0.00796662 0.002999 0.00937463 -0.00914208 0.0011094
 0.0076699 0.00288068 0.00855467 -0.00835197 0.00109028
 0 0 0 0 0
 0 0 0 0 0
 0 0 0 0 0
 0 0 0 0 0
 0 0 0 0 0
 0 0 0 0 0
 0 0 0 0 0
 0 0 0 0 0
 0 0 0 0 0
 0 0 0 0 0
 0 0 0 0 0
 0 0 0 0 0
 0 0 0 0 0
 0 0 0 0 0
 0 0 0 0 0
 0 0 0 0 0
 0 0 0 0 0
 0 0 0 0 0
 0 0 0 0 0
 0 0 0 0 0
 0 0 0 0 0
 0 0 0 0 0
 0 0 0 0 0
 0 0 0 0 0
 0 0 0 0 0
 0 0 0 0 0
 0 0 0 0 0
 0 0 0 0 0
 0 0 0 0 0
 0 0 0 0 0
 0 0 0 0 0
 0 0 0 0 0
 0 0 0 0 0
 0 0 0 0 0
 0 0 0 0 0
 0 0 0 0 0
 0 0 0 0 0
 0 0 0 0 0
 0 0 0 0 0
 0 0 0 0 0
 0 0 0 0 0
 0 0 0 0 0
 0 0 0 0 0
 0 0 0 0 0
 0 0 0 0 0
 0 0 0 0 0
 0 0 0 0 0
 21.693 19.7234 0.54063 -0.480415 17.9409
 10.2909 9.14723 0.561165 -0.504253 8.13747
 6.10428 5.30617 0.587698 -0.532635 4.61845
 4.20105 3.5725 0.633783 -0.579695 3.04418
 2.93495 2.44247 0.641375 -0.590423 2.03784
 2.24506 1.82902 0.671722 -0.62349 1.49478
 1.7303 1.38043 0.680817 -0.636725 1.10533
 1.40374 1.09714 0.698722 -0.657705 0.86106
 1.13331 0.868065 0.700167 -0.661972 0.668065
 0.93699 0.703465 0.706615 -0.67192 0.530782
 0.783437 0.57675 0.705 -0.673608 0.4266
 0.662522 0.47829 0.706075 -0.677038 0.346832
 0.560623 0.397078 0.690885 -0.664675 0.282747
 0.483223 0.335775 0.682947 -0.65987 0.234217
 0.41661 0.284232 0.67391 -0.652035 0.194581
 0.363005 0.243363 0.66085 -0.641507 0.16397
 0.309472 0.203473 0.632735 -0.615398 0.133855
 0.2771 0.179184 0.61943 -0.603778 0.115827
 0.238763 0.151528 0.592052 -0.577358 0.0958615
 0.208852 0.130459 0.566935 -0.553508 0.0811657
 0.183701 0.112575 0.540323 -0.528388 0.0682158
 0.164829 0.0991792 0.520065 -0.50899 0.058512
 0.142806 0.0846792 0.483792 -0.47381 0.0492318
 0.129749 0.075497 0.470055 -0.460608 0.0425725
 0.115174 0.0658615 0.439527 -0.430747 0.0360155
 0.101632 0.057322 0.410928 -0.402767 0.0309585
 0.0913492 0.0508178 0.385747 -0.377918 0.0269565
 0.0826388 0.0451348 0.360672 -0.353355 0.0229484
 0.0727738 0.039102 0.331097 -0.324245 0.0192309
 0.0663053 0.0349403 0.306173 -0.299818 0.0163285
 0.0602653 0.0313733 0.285755 -0.27966 0.0142969
 0.0544143 0.027941 0.261155 -0.25532 0.0122459
 0.0500247 0.025339 0.239116 -0.233621 0.0107415
 0.04636 0.0234772 0.221898 -0.216489 0.0101764
 0.0425025 0.0211941 0.200759 -0.19576 0.0087084
 0.0391115 0.0192181 0.183281 -0.178318 0.00759433
 0.0360362 0.0175438 0.164644 -0.160055 0.00674127
 0.0338272 0.0162487 0.151957 -0.147664 0.00593973
 0.0320165 0.0152929 0.139166 -0.134838 0.00560885
 0.0296987 0.0140728 0.125238 -0.121319 0.0051217
 0.0277378 0.0127597 0.114423 -0.110651 0.00407583
 0.0261922 0.0120476 0.103062 -0.0993772 0.00388882
 0.0251167 0.0115396 0.0929682 -0.0894505 0.0038558
 0.0235654 0.0107099 0.0839282 -0.0807567 0.00342737
 0.022715 0.0102678 0.0771135 -0.0740365 0.00339745
 0.0216569 0.00963295 0.071807 -0.0688337 0.0029587
 0.0210032 0.0093304 0.0660188 -0.0631642 0.00296408
 0.0199521 0.00879747 0.0607588 -0.058201 0.00278362
 0.0194957 0.00859727 0.0563082 -0.0537958 0.0028596
 0.0185121 0.00799498 0.051942 -0.0497337 0.00240707
 0.0179558 0.00775955 0.0485213 -0.0464258 0.00244119
 0.0176021 0.0076522 0.0459013 -0.0439195 0.00260285
 0.0168101 0.00728665 0.042784 -0.0409463 0.0025421
 0.0165075 0.00709942 0.041271 -0.0395278 0.00243861
 0.0160348 0.00688545 0.0394127 -0.0377548 0.00245874
 0.0158191 0.00676562 0.0378577 -0.0363157 0.00244148
 0.0153122 0.00653857 0.0355577 -0.0340755 0.00241994
 0.0143514 0.0060864 0.0326982 -0.031406 0.00227483
 0.0141647 0.00596913 0.0324483 -0.0312525 0.0022166
 0.0136417 0.00571905 0.0301115 -0.0289995 0.00213719
 0.0131804 0.00550542 0.0288125 -0.0277268 0.00209367
 0.0130479 0.00541473 0.0271423 -0.0261695 0.00206877
 0.0125271 0.0052076 0.0246964 -0.0238752 0.00208599
 0.0120089 0.0049279 0.0229402 -0.0221558 0.00190865
 0.0117328 0.00477853 0.0222186 -0.0215185 0.00183501
 0.0110828 0.00447955 0.0201841 -0.0195228 0.00170877
 0.0106918 0.0043 0.0183154 -0.017736 0.00164543
 0.0102523 0.00408435 0.0168726 -0.0163347 0.00157298
 0.00988238 0.00390943 0.0154856 -0.0150277 0.0014947
 0.0095727 0.0037702 0.0142372 -0.0138141 0.00145875
 0.00910965 0.00356248 0.0128266 -0.01243 0.0013698
 0.00877215 0.00340672 0.0116515 -0.0113393 0.00131173
 0.0084119 0.0032495 0.0104128 -0.0101366 0.00126831
 0.00795488 0.00304255 0.00945065 -0.00922617 0.00115452
 0 0 0 0 0
 0 0 0 0 0
 0 0 0 0 0
 0 0 0 0 0
 0 0 0 0 0
 0 0 0 0 0
 0 0 0 0 0
 0 0 0 0 0
 0 0 0 0 0
 0 0 0 0 0
 0 0 0 0 0
 0 0 0 0 0
 0 0 0 0 0
 0 0 0 0 0
 0 0 0 0 0
 0 0 0 0 0
 0 0 0 0 0
 0 0 0 0 0
 0 0 0 0 0
 0 0 0 0 0
 0 0 0 0 0
 0 0 0 0 0
 0 0 0 0 0
 0 0 0 0 0
 0 0 0 0 0
 0 0 0 0 0
 0 0 0 0 0
 0 0 0 0 0
 0 0 0 0 0
 0 0 0 0 0
 0 0 0 0 0
 0 0 0 0 0
 0 0 0 0 0
 0 0 0 0 0
 0 0 0 0 0
 0 0 0 0 0
 0 0 0 0 0
 0 0 0 0 0
 0 0 0 0 0
 0 0 0 0 0
 0 0 0 0 0
 0 0 0 0 0
 0 0 0 0 0
 0 0 0 0 0
 0 0 0 0 0
 0 0 0 0 0
 0 0 0 0 0
 0 0 0 0 0
 20.5637 18.7756 0.483875 -0.430397 17.1513
 9.74577 8.70395 0.509772 -0.457833 7.78112
 5.73792 5.01365 0.536752 -0.48609 4.38745
 3.92665 3.35787 0.573328 -0.52458 2.87692
 2.81337 2.35533 0.59805 -0.55074 1.97692
 2.13291 1.74883 0.621618 -0.57803 1.43878
 1.66395 1.33649 0.647543 -0.605283 1.07798
 1.3349 1.05062 0.658118 -0.619252 0.830458
 1.1098 0.856243 0.679262 -0.642665 0.663868
 0.906563 0.68589 0.676215 -0.642745 0.521868
 0.752253 0.558228 0.674885 -0.644168 0.416843
 0.634613 0.461968 0.667872 -0.640742 0.33811
 0.546122 0.390318 0.673883 -0.648368 0.280898
 0.467315 0.3278 0.659197 -0.636263 0.231068
 0.410082 0.28247 0.66033 -0.639185 0.195534
 0.352435 0.238287 0.641315 -0.622412 0.161679
 0.302305 0.20099 0.608555 -0.59166 0.134024
 0.272398 0.177765 0.612752 -0.596805 0.116055
 0.231548 0.148602 0.568873 -0.555008 0.0954698
 0.20619 0.129996 0.556807 -0.543875 0.081723
 0.180653 0.112017 0.530085 -0.518328 0.0690112
 0.163608 0.0995828 0.516048 -0.504885 0.0596457
 0.143179 0.0857587 0.486627 -0.476673 0.0504645
 0.12755 0.0753173 0.461427 -0.451937 0.0435543
 0.113811 0.066105 0.437445 -0.428792 0.0374755
 0.101641 0.0578145 0.413225 -0.40511 0.0312352
 0.0906102 0.0507405 0.386928 -0.37922 0.0266927
 0.0810508 0.0446863 0.360045 -0.352845 0.0229591
 0.0728585 0.0397735 0.334103 -0.327357 0.0202986
 0.0662282 0.0356798 0.31025 -0.303775 0.0177462
 0.0593163 0.0314967 0.286233 -0.279975 0.0152711
 0.0545045 0.0284132 0.264878 -0.258965 0.0129948
 0.050939 0.0264177 0.248545 -0.242849 0.0120815
 0.0470025 0.0241069 0.229998 -0.224437 0.0107913
 0.0426805 0.0213918 0.208419 -0.20322 0.00878538
 0.039181 0.0196419 0.187633 -0.182723 0.00824148
 0.0359227 0.0178057 0.169239 -0.164657 0.0072827
 0.0335312 0.0161558 0.155837 -0.151428 0.00585528
 0.0312797 0.0150026 0.140867 -0.136742 0.00541835
 0.0294302 0.014156 0.129841 -0.125622 0.00551128
 0.0275662 0.0129055 0.118303 -0.11443 0.0043584
 0.0258902 0.0120064 0.107959 -0.104213 0.0039606
 0.025037 0.0118078 0.0971388 -0.093603 0.00446305
 0.023346 0.0106585 0.0877845 -0.0844237 0.00341173
 0.0224153 0.0102987 0.081251 -0.0781295 0.00364098
 0.0214758 0.00974023 0.0734447 -0.0705685 0.00331137
 0.0203006 0.00912467 0.0672375 -0.0645498 0.00298912
 0.0197331 0.00899487 0.0614125 -0.058748 0.00334857
 0.0186774 0.00831413 0.0568627 -0.0544983 0.00280028
 0.0183401 0.00815572 0.0526163 -0.050332 0.00287087
 0.0179413 0.00793923 0.0491677 -0.04699 0.00276382
 0.017159 0.00749233 0.0460072 -0.043997 0.00251313
 0.0164976 0.00717042 0.042896 -0.0410895 0.00243351
 0.0164748 0.00724923 0.040889 -0.0391715 0.0027277
 0.0159072 0.00690608 0.0389703 -0.0373065 0.00249316
 0.0151364 0.00649182 0.0363855 -0.0349157 0.00227244
 0.0146129 0.00628133 0.034859 -0.0334945 0.00228902
 0.0144663 0.00616277 0.033512 -0.0322135 0.00223373
 0.013843 0.00589535 0.030916 -0.029674 0.00219557
 0.0138755 0.0059254 0.0307268 -0.029603 0.00233047
 0.0130556 0.00551288 0.0282665 -0.0272498 0.00209767
 0.0126207 0.00529837 0.0263147 -0.025393 0.00204502
 0.0122344 0.0051488 0.0249053 -0.0240352 0.00206909
 0.0119146 0.00494543 0.022967 -0.0222036 0.00192889
 0.0115431 0.00476418 0.0219908 -0.0212995 0.00186864
 0.0110516 0.00452898 0.0199696 -0.0192869 0.00177471
 0.0105675 0.00429425 0.0182624 -0.0176873 0.00166145
 0.0103058 0.0041763 0.0172395 -0.0167269 0.00164157
 0.00991672 0.00399288 0.0154868 -0.0150505 0.00157952
 0.00939035 0.00374825 0.0143076 -0.0138869 0.00146744
 0.0090955 0.00360428 0.0127118 -0.0123376 0.00139968
 0.00859063 0.00337542 0.0114902 -0.0111835 0.0013037
 0.00822588 0.00321007 0.0104623 -0.0101912 0.0012377
 0 0 0 0 0
 0 0 0 0 0
 0 0 0 0 0
 0 0 0 0 0
 0 0 0 0 0
 0 0 0 0 0
 0 0 0 0 0
 0 0 0 0 0
 0 0 0 0 0
 0 0 0 0 0
 0 0 0 0 0
 0 0 0 0 0
 0 0 0 0 0
 0 0 0 0 0
 0 0 0 0 0
 0 0 0 0 0
 0 0 0 0 0
 0 0 0 0 0
 0 0 0 0 0
 0 0 0 0 0
 0 0 0 0 0
 0 0 0 0 0
 0 0 0 0 0
 0 0 0 0 0
 0 0 0 0 0
 0 0 0 0 0
 0 0 0 0 0
 0 0 0 0 0
 0 0 0 0 0
 0 0 0 0 0
 0 0 0 0 0
 0 0 0 0 0
 0 0 0 0 0
 0 0 0 0 0
 0 0 0 0 0
 0 0 0 0 0
 0 0 0 0 0
 0 0 0 0 0
 0 0 0 0 0
 0 0 0 0 0
 0 0 0 0 0
 0 0 0 0 0
 0 0 0 0 0
 0 0 0 0 0
 0 0 0 0 0
 0 0 0 0 0
 0 0 0 0 0
 0 0 0 0 0
 0 0 0 0 0
 19.3444 17.7314 0.430517 -0.383115 16.261
 9.15282 8.21022 0.458647 -0.412057 7.37172
 5.61145 4.9272 0.50245 -0.45606 4.33345
 3.6462 3.13465 0.522673 -0.47817 2.7011
 2.62082 2.20676 0.545673 -0.503125 1.86366
 1.99321 1.64427 0.572613 -0.53166 1.3614
 1.56558 1.26574 0.59335 -0.555035 1.02812
 1.28851 1.02096 0.624943 -0.587707 0.813197
 1.03723 0.806132 0.629102 -0.59517 0.63017
 0.849557 0.647532 0.628425 -0.597588 0.496595
 0.738832 0.55242 0.650063 -0.620635 0.415598
 0.618845 0.45406 0.64942 -0.622357 0.335157
 0.53179 0.383198 0.64438 -0.619677 0.27807
 0.454805 0.321772 0.637995 -0.615598 0.229231
 0.39251 0.2727 0.628545 -0.608748 0.190513
 0.34776 0.237364 0.625633 -0.606773 0.162872
 0.301722 0.202331 0.6107 -0.59371 0.136357
 0.261642 0.172583 0.588922 -0.573502 0.114214
 0.232352 0.150536 0.57528 -0.561257 0.0975197
 0.202595 0.128919 0.547017 -0.53419 0.0818355
 0.180937 0.113597 0.53262 -0.520787 0.0714395
 0.161595 0.0997602 0.512562 -0.501572 0.0613345
 0.142502 0.0863335 0.486033 -0.47599 0.0516512
 0.12659 0.0756523 0.459215 -0.449735 0.0446985
 0.111565 0.0654622 0.43282 -0.424343 0.0374032
 0.0990495 0.0570435 0.402923 -0.394892 0.0317082
 0.089815 0.0510205 0.383253 -0.375752 0.0277373
 0.081452 0.0454865 0.36309 -0.355765 0.0239592
 0.073971 0.0407877 0.340245 -0.33345 0.0211072
 0.065937 0.0357325 0.312938 -0.306535 0.0176315
 0.0613385 0.033016 0.299115 -0.292663 0.0165204
 0.0556967 0.0295575 0.276202 -0.27019 0.014292
 0.0498158 0.0262183 0.247641 -0.242014 0.0125625
 0.0464577 0.0241277 0.232596 -0.2271 0.0112055
 0.0429015 0.0220191 0.214822 -0.209599 0.00990997
 0.038668 0.0194155 0.191274 -0.186449 0.00800338
 0.0360093 0.0181001 0.1753 -0.170606 0.00772087
 0.0334865 0.0164553 0.161261 -0.156714 0.00646813
 0.0315262 0.0154135 0.147192 -0.142904 0.00602767
 0.029635 0.0144444 0.135358 -0.131308 0.0057322
 0.0276143 0.0132009 0.119792 -0.115902 0.00489795
 0.0259828 0.0122302 0.110598 -0.107009 0.00428917
 0.0242251 0.0113971 0.101518 -0.0981418 0.0041982
 0.0232527 0.0108818 0.0916103 -0.088163 0.00396927
 0.0217518 0.0100484 0.0829052 -0.0798642 0.00353625
 0.0214087 0.00987642 0.0764245 -0.0735257 0.00354605
 0.0200803 0.00923462 0.068647 -0.065826 0.0034066
 0.0196569 0.00892655 0.0637595 -0.0611943 0.00310337
 0.0187036 0.0083815 0.0575495 -0.0551365 0.00284218
 0.0181576 0.0081927 0.054255 -0.051984 0.0029936
 0.0173136 0.00773795 0.0494395 -0.047321 0.00277777
 0.0165418 0.0072491 0.0459388 -0.0440158 0.00240149
 0.0162637 0.007216 0.0430475 -0.0411455 0.00262462
 0.0159657 0.00706705 0.0411978 -0.0394075 0.00264745
 0.0152652 0.0067069 0.0385433 -0.0369613 0.00247787
 0.0149813 0.00652855 0.036157 -0.0346997 0.00240388
 0.0144708 0.00636457 0.0341615 -0.0327407 0.00253515
 0.013922 0.006022 0.0318673 -0.0306118 0.00226719
 0.0134453 0.00581177 0.0302295 -0.0290773 0.00226746
 0.0131449 0.00563765 0.0293393 -0.0282372 0.00214283
 0.0129695 0.0055672 0.0282382 -0.0272067 0.0022448
 0.0123894 0.0052726 0.0265575 -0.0255972 0.00205323
 0.0119501 0.00507595 0.0240576 -0.0232419 0.00204768
 0.0115614 0.00482498 0.0226248 -0.0218681 0.00185609
 0.0110632 0.00462013 0.0205175 -0.0197947 0.00182424
 0.010882 0.0045237 0.0198239 -0.0191488 0.00181668
 0.0104702 0.00429763 0.0182421 -0.017669 0.00166249
 0.010074 0.00413327 0.01632 -0.0157881 0.00165955
 0.0096489 0.00393227 0.0152861 -0.0148286 0.00157161
 0.00928523 0.00375245 0.013779 -0.0133683 0.00149855
 0.00897857 0.0036047 0.0127817 -0.0124269 0.00143996
 0.008525 0.00339542 0.0116685 -0.0113441 0.00133646
 0 0 0 0 0
 0 0 0 0 0
 0 0 0 0 0
 0 0 0 0 0
 0 0 0 0 0
 0 0 0 0 0
 0 0 0 0 0
 0 0 0 0 0
 0 0 0 0 0
 0 0 0 0 0
 0 0 0 0 0
 0 0 0 0 0
 0 0 0 0 0
 0 0 0 0 0
 0 0 0 0 0
 0 0 0 0 0
 0 0 0 0 0
 0 0 0 0 0
 0 0 0 0 0
 0 0 0 0 0
 0 0 0 0 0
 0 0 0 0 0
 0 0 0 0 0
 0 0 0 0 0
 0 0 0 0 0
 0 0 0 0 0
 0 0 0 0 0
 0 0 0 0 0
 0 0 0 0 0
 0 0 0 0 0
 0 0 0 0 0
 0 0 0 0 0
 0 0 0 0 0
 0 0 0 0 0
 0 0 0 0 0
 0 0 0 0 0
 0 0 0 0 0
 0 0 0 0 0
 0 0 0 0 0
 0 0 0 0 0
 0 0 0 0 0
 0 0 0 0 0
 0 0 0 0 0
 0 0 0 0 0
 0 0 0 0 0
 0 0 0 0 0
 0 0 0 0 0
 0 0 0 0 0
 0 0 0 0 0
 0 0 0 0 0
 18.871 17.3616 0.39541 -0.351868 15.9809
 8.83685 7.95948 0.42506 -0.382057 7.17665
 5.22437 4.60802 0.456645 -0.413832 4.07087
 3.4112 2.94715 0.471702 -0.431802 2.55212
 2.48697 2.10513 0.50617 -0.466292 1.78709
 1.86438 1.54663 0.524015 -0.486687 1.28784
 1.47677 1.20114 0.547843 -0.512027 0.981433
 1.20288 0.95936 0.572142 -0.538452 0.769397
 0.958892 0.750027 0.571273 -0.540355 0.59013
 0.817505 0.627332 0.59731 -0.567825 0.484352
 0.696493 0.524585 0.610402 -0.583085 0.39773
 0.595095 0.44002 0.616322 -0.59089 0.327638
 0.510678 0.370887 0.614255 -0.590583 0.27178
 0.442278 0.31534 0.61913 -0.597818 0.226431
 0.389198 0.272725 0.620095 -0.60024 0.192436
 0.335228 0.230818 0.605215 -0.58657 0.160067
 0.290958 0.197061 0.58358 -0.567493 0.134403
 0.25475 0.169453 0.57062 -0.556015 0.113112
 0.23051 0.150819 0.567612 -0.553655 0.0988735
 0.201672 0.129747 0.543655 -0.531193 0.083584
 0.177782 0.112504 0.522238 -0.510517 0.071081
 0.156034 0.0970855 0.496445 -0.485815 0.0600212
 0.141964 0.0868843 0.485705 -0.47545 0.0524958
 0.123357 0.0743607 0.451022 -0.442058 0.0442562
 0.112264 0.0667582 0.436948 -0.428233 0.0391777
 0.099911 0.0584338 0.411337 -0.40331 0.0334017
 0.0904585 0.0519438 0.38934 -0.381692 0.0285708
 0.081286 0.0458648 0.36604 -0.358685 0.0245148
 0.0733575 0.0409252 0.34118 -0.334227 0.021521
 0.0650955 0.035581 0.313052 -0.306585 0.0178356
 0.0596843 0.032357 0.2932 -0.287092 0.0161999
 0.056002 0.029852 0.281955 -0.27583 0.0143302
 0.0508473 0.026797 0.257662 -0.251855 0.0125272
 0.0456437 0.0237413 0.235326 -0.229926 0.0106961
 0.042574 0.0220768 0.21515 -0.209823 0.0100285
 0.0384305 0.0196452 0.194677 -0.18978 0.00855935
 0.0356088 0.0178667 0.178926 -0.174219 0.0073991
 0.0335603 0.0169385 0.165324 -0.160821 0.00734577
 0.031339 0.0156017 0.149835 -0.145498 0.00650302
 0.0289833 0.0143596 0.135671 -0.131682 0.00610053
 0.0270542 0.0130237 0.124994 -0.12117 0.0048375
 0.0253685 0.0120218 0.112308 -0.108716 0.0042681
 0.0239907 0.011306 0.102675 -0.0991998 0.00399778
 0.0229391 0.0107698 0.0930658 -0.0898613 0.0038641
 0.0215163 0.0100227 0.0856805 -0.0825652 0.0035996
 0.0209168 0.00969462 0.079637 -0.0767513 0.0034529
 0.0199621 0.00917103 0.0712782 -0.0685765 0.0031955
 0.0190386 0.00866417 0.0648783 -0.0622423 0.00298712
 0.0184552 0.00848477 0.0589598 -0.0566077 0.00317862
 0.0176628 0.00804867 0.0537942 -0.0515122 0.00296595
 0.0172283 0.0077396 0.050522 -0.0484547 0.0026999
 0.0164887 0.00742265 0.0471593 -0.045205 0.00276438
 0.0160718 0.00724207 0.0436628 -0.0417928 0.00278397
 0.0154806 0.0069489 0.0404953 -0.0388157 0.002717
 0.0151937 0.00676072 0.038158 -0.036512 0.0026096
 0.0145154 0.00641997 0.0354055 -0.0339237 0.00248169
 0.014235 0.0062715 0.0342837 -0.0328827 0.00241409
 0.0137582 0.0060009 0.0316305 -0.0303253 0.00228795
 0.0134862 0.0058728 0.0299907 -0.0287825 0.00227967
 0.0128239 0.00560178 0.027929 -0.0268118 0.00228676
 0.0126306 0.00548487 0.0268265 -0.0258178 0.00224067
 0.0122666 0.00527962 0.025199 -0.0242776 0.00212152
 0.0117772 0.00504093 0.0235941 -0.0227749 0.002048
 0.0113148 0.00481465 0.0221514 -0.0213782 0.00193274
 0.0111289 0.00469795 0.0213368 -0.0206528 0.00187803
 0.0106884 0.00448378 0.0192044 -0.0185693 0.00180485
 0.0103986 0.00434947 0.0179235 -0.01736 0.00176975
 0.00988613 0.0040952 0.016594 -0.016088 0.00163778
 0.0096154 0.0039592 0.0152144 -0.014743 0.0015876
 0.00927765 0.00378852 0.0140339 -0.0136259 0.00150348
 0.00890978 0.0036205 0.0126242 -0.0122754 0.00145113
 0 0 0 0 0
 0 0 0 0 0
 0 0 0 0 0
 0 0 0 0 0
 0 0 0 0 0
 0 0 0 0 0
 0 0 0 0 0
 0 0 0 0 0
 0 0 0 0 0
 0 0 0 0 0
 0 0 0 0 0
 0 0 0 0 0
 0 0 0 0 0
 0 0 0 0 0
 0 0 0 0 0
 0 0 0 0 0
 0 0 0 0 0
 0 0 0 0 0
 0 0 0 0 0
 0 0 0 0 0
 0 0 0 0 0
 0 0 0 0 0
 0 0 0 0 0
 0 0 0 0 0
 0 0 0 0 0
 0 0 0 0 0
 0 0 0 0 0
 0 0 0 0 0
 0 0 0 0 0
 0 0 0 0 0
 0 0 0 0 0
 0 0 0 0 0
 0 0 0 0 0
 0 0 0 0 0
 0 0 0 0 0
 0 0 0 0 0
 0 0 0 0 0
 0 0 0 0 0
 0 0 0 0 0
 0 0 0 0 0
 0 0 0 0 0
 0 0 0 0 0
 0 0 0 0 0
 0 0 0 0 0
 0 0 0 0 0
 0 0 0 0 0
 0 0 0 0 0
 0 0 0 0 0
 0 0 0 0 0
 0 0 0 0 0
 0 0 0 0 0
 18.17 16.7748 0.361237 -0.32176 15.4947
 8.3661 7.5653 0.384322 -0.345568 6.84868
 4.83805 4.2861 0.406495 -0.368665 3.804
 3.21368 2.78985 0.431897 -0.394515 2.42809
 2.32812 1.98087 0.46004 -0.424235 1.69111
 1.79001 1.49318 0.487352 -0.452183 1.25092
 1.38791 1.13525 0.504347 -0.471497 0.933085
 1.1406 0.915052 0.534468 -0.502612 0.737847
 0.933935 0.735288 0.550945 -0.520895 0.582685
 0.787308 0.60833 0.56591 -0.53774 0.473402
 0.654795 0.496873 0.566118 -0.540693 0.38029
 0.57051 0.425125 0.583635 -0.55936 0.319485
 0.49775 0.364225 0.593398 -0.570943 0.268925
 0.434007 0.312053 0.599425 -0.57864 0.226446
 0.378257 0.267165 0.600037 -0.580693 0.190302
 0.32176 0.223336 0.575777 -0.558787 0.156199
 0.286462 0.195576 0.576418 -0.560662 0.134537
 0.25175 0.168922 0.562355 -0.547652 0.113757
 0.223893 0.147801 0.554702 -0.541085 0.098073
 0.200628 0.130236 0.538065 -0.525822 0.0846563
 0.179181 0.114431 0.527195 -0.515577 0.0732198
 0.155332 0.0976257 0.499015 -0.488525 0.0612063
 0.140947 0.0873008 0.483218 -0.473285 0.0538402
 0.124569 0.0758335 0.459012 -0.449487 0.0456352
 0.109498 0.0657187 0.42779 -0.419502 0.0390393
 0.0983577 0.0580888 0.40466 -0.396553 0.0336462
 0.0900727 0.0524993 0.394305 -0.386567 0.0299375
 0.0815258 0.0466925 0.370345 -0.362935 0.0257242
 0.0729755 0.0411155 0.345082 -0.338307 0.0219918
 0.0654175 0.0363545 0.318975 -0.312598 0.0190621
 0.0605865 0.0331815 0.304088 -0.297855 0.016909
 0.0548503 0.0299118 0.280037 -0.274275 0.0153838
 0.0499265 0.0267223 0.259167 -0.253503 0.0131014
 0.0449072 0.0236462 0.233098 -0.22785 0.0109902
 0.0422295 0.0220627 0.220615 -0.215592 0.0101867
 0.0387153 0.0199845 0.201359 -0.196451 0.00895422
 0.0357733 0.0182928 0.183734 -0.179067 0.00798915
 0.0332638 0.0167922 0.16891 -0.164441 0.00713055
 0.030844 0.0154175 0.152551 -0.14822 0.00635017
 0.0290093 0.0143525 0.141069 -0.137178 0.00578587
 0.0270465 0.0132219 0.127677 -0.12388 0.00520332
 0.0253485 0.0122275 0.117691 -0.114188 0.00464355
 0.0238723 0.0114462 0.105216 -0.10176 0.0043552
 0.0225097 0.010714 0.0957 -0.0924775 0.00402265
 0.0215111 0.0101475 0.0882512 -0.0851725 0.00376025
 0.020644 0.00970155 0.0810227 -0.078072 0.0035943
 0.0193513 0.00901023 0.072432 -0.0697255 0.00327565
 0.0187761 0.00873898 0.065791 -0.0632485 0.00328005
 0.0179373 0.00829595 0.0601452 -0.0577933 0.00313522
 0.0171592 0.00787058 0.054027 -0.0518152 0.00292375
 0.0164917 0.00749688 0.0515605 -0.049456 0.00273518
 0.016295 0.00739883 0.0474123 -0.0453895 0.00276948
 0.0157178 0.00714905 0.0436603 -0.0418485 0.0027735
 0.0151734 0.00680325 0.0409575 -0.0392657 0.0024949
 0.0147743 0.00657803 0.0386848 -0.037045 0.00241417
 0.0142722 0.00637205 0.03538 -0.033885 0.00248326
 0.0138616 0.00621475 0.0330615 -0.0317118 0.0025127
 0.01334 0.00589073 0.0313092 -0.0300668 0.00228617
 0.0131621 0.00578495 0.0303225 -0.0290928 0.00226163
 0.0128059 0.00563172 0.0285655 -0.0274732 0.00229552
 0.012269 0.00536677 0.02612 -0.02519 0.00216684
 0.01216 0.00532165 0.025919 -0.0249655 0.00221401
 0.0117096 0.0050683 0.0239946 -0.0231548 0.00205281
 0.0113308 0.00487668 0.0225399 -0.0217788 0.00198022
 0.010859 0.00465535 0.0206735 -0.0200149 0.00191958
 0.0104852 0.0044526 0.018938 -0.0183553 0.00182208
 0.0100501 0.00424845 0.0177167 -0.0171629 0.00174068
 0.00982615 0.00412407 0.0164571 -0.0159529 0.00169144
 0.0095647 0.00400022 0.0151941 -0.0147241 0.00165192
 0.00908508 0.00376667 0.0139706 -0.0135478 0.00153989
 0 0 0 0 0
 0 0 0 0 0
 0 0 0 0 0
 0 0 0 0 0
 0 0 0 0 0
 0 0 0 0 0
 0 0 0 0 0
 0 0 0 0 0
 0 0 0 0 0
 0 0 0 0 0
 0 0 0 0 0
 0 0 0 0 0
 0 0 0 0 0
 0 0 0 0 0
 0 0 0 0 0
 0 0 0 0 0
 0 0 0 0 0
 0 0 0 0 0
 0 0 0 0 0
 0 0 0 0 0
 0 0 0 0 0
 0 0 0 0 0
 0 0 0 0 0
 0 0 0 0 0
 0 0 0 0 0
 0 0 0 0 0
 0 0 0 0 0
 0 0 0 0 0
 0 0 0 0 0
 0 0 0 0 0
 0 0 0 0 0
 0 0 0 0 0
 0 0 0 0 0
 0 0 0 0 0
 0 0 0 0 0
 0 0 0 0 0
 0 0 0 0 0
 0 0 0 0 0
 0 0 0 0 0
 0 0 0 0 0
 0 0 0 0 0
 0 0 0 0 0
 0 0 0 0 0
 0 0 0 0 0
 0 0 0 0 0
 0 0 0 0 0
 0 0 0 0 0
 0 0 0 0 0
 0 0 0 0 0
 0 0 0 0 0
 0 0 0 0 0
 0 0 0 0 0
 17.655 16.3521 0.331992 -0.295332 15.1535
 7.83103 7.1075 0.347222 -0.311917 6.45855
 4.65005 4.1364 0.38004 -0.344215 3.6866
 3.022 2.63523 0.391568 -0.357798 2.30412
 2.18039 1.86419 0.41898 -0.38581 1.59964
 1.67836 1.40741 0.447478 -0.41538 1.18561
 1.31306 1.08015 0.469335 -0.438265 0.893543
 1.08255 0.873685 0.497243 -0.46737 0.709445
 0.905863 0.717578 0.520122 -0.491453 0.572317
 0.75633 0.58822 0.535673 -0.5092 0.461073
 0.638853 0.487945 0.54667 -0.521393 0.37582
 0.549913 0.412502 0.557145 -0.533938 0.312123
 0.482905 0.355912 0.57471 -0.552655 0.264815
 0.404385 0.292903 0.55452 -0.534582 0.214343
 0.370457 0.263722 0.583452 -0.56463 0.189401
 0.317362 0.222154 0.564803 -0.547828 0.156853
 0.28161 0.193834 0.563285 -0.547475 0.134527
 0.241092 0.163211 0.540062 -0.5256 0.111314
 0.220132 0.146528 0.542173 -0.528612 0.0980418
 0.19265 0.126162 0.518503 -0.506622 0.0828795
 0.169538 0.109397 0.498455 -0.487058 0.0708518
 0.153923 0.097884 0.492157 -0.481527 0.0624958
 0.136462 0.0852607 0.472082 -0.462265 0.0531453
 0.121943 0.0751153 0.447137 -0.437855 0.0461412
 0.108018 0.0652777 0.42166 -0.413315 0.0387852
 0.0980455 0.0585128 0.405437 -0.397395 0.0343398
 0.0902503 0.05307 0.391558 -0.383875 0.0304775
 0.0806015 0.0466962 0.366457 -0.359215 0.0261815
 0.0723038 0.0413855 0.342762 -0.335852 0.0230135
 0.0658675 0.0370537 0.321932 -0.315345 0.0197698
 0.0607705 0.0336952 0.30609 -0.299975 0.0174999
 0.056142 0.0307505 0.289677 -0.283598 0.015709
 0.0493575 0.0266445 0.259365 -0.25362 0.0131669
 0.0453862 0.0243372 0.238601 -0.23337 0.0120122
 0.042324 0.0226243 0.222593 -0.217359 0.0112569
 0.039019 0.0205003 0.206687 -0.201836 0.0096909
 0.0362667 0.0189303 0.190523 -0.185783 0.00895938
 0.0332773 0.0171235 0.170763 -0.166286 0.00779398
 0.030653 0.0155777 0.156587 -0.152515 0.0068409
 0.028955 0.0144794 0.145398 -0.141434 0.00609997
 0.02717 0.0135393 0.131637 -0.127689 0.00570063
 0.0256085 0.012728 0.121126 -0.117496 0.00547018
 0.0236902 0.0114106 0.108677 -0.105264 0.00429127
 0.0221435 0.0106426 0.0980592 -0.0948303 0.00407203
 0.0214639 0.0104723 0.0902832 -0.087237 0.0044577
 0.0205589 0.00979495 0.083607 -0.0805808 0.00379543
 0.0193933 0.009128 0.0751018 -0.0723242 0.0034894
 0.0186788 0.00878093 0.0690105 -0.0663747 0.003397
 0.0177291 0.00819447 0.061537 -0.0591093 0.00296188
 0.0170202 0.00784837 0.0568697 -0.0546962 0.002895
 0.0164997 0.00761802 0.0523343 -0.05021 0.00292485
 0.0158575 0.0073167 0.0482122 -0.0462435 0.0028907
 0.0152871 0.00692673 0.0444413 -0.0426508 0.0025516
 0.0150339 0.0068843 0.0414545 -0.0397328 0.00276232
 0.0145082 0.00659343 0.0380885 -0.0365317 0.0026206
 0.0138948 0.00619732 0.0358113 -0.0343075 0.00231196
 0.0136453 0.00611298 0.033656 -0.0322817 0.00238989
 0.0132758 0.00598087 0.032178 -0.0309238 0.00246535
 0.0128547 0.00571838 0.0297755 -0.028645 0.00229633
 0.012577 0.0056003 0.0282837 -0.0271735 0.00232529
 0.012182 0.0053835 0.0258317 -0.0248448 0.00220664
 0.0117975 0.00520125 0.0246176 -0.0237348 0.00214681
 0.0115144 0.00503505 0.0235588 -0.0227047 0.00207681
 0.0110832 0.0048157 0.0213164 -0.0205552 0.00197939
 0.0108301 0.00467877 0.0201585 -0.0194439 0.00193978
 0.0104665 0.00450733 0.0193845 -0.0187487 0.00188556
 0.0099887 0.00426358 0.0175252 -0.0169602 0.00176141
 0.0095304 0.00404728 0.0159568 -0.0154732 0.00168486
 0.00923907 0.00390013 0.0145591 -0.0141407 0.00163126
 0 0 0 0 0
 0 0 0 0 0
 0 0 0 0 0
 0 0 0 0 0
 0 0 0 0 0
 0 0 0 0 0
 0 0 0 0 0
 0 0 0 0 0
 0 0 0 0 0
 0 0 0 0 0
 0 0 0 0 0
 0 0 0 0 0
 0 0 0 0 0
 0 0 0 0 0
 0 0 0 0 0
 0 0 0 0 0
 0 0 0 0 0
 0 0 0 0 0
 0 0 0 0 0
 0 0 0 0 0
 0 0 0 0 0
 0 0 0 0 0
 0 0 0 0 0
 0 0 0 0 0
 0 0 0 0 0
 0 0 0 0 0
 0 0 0 0 0
 0 0 0 0 0
 0 0 0 0 0
 0 0 0 0 0
 0 0 0 0 0
 0 0 0 0 0
 0 0 0 0 0
 0 0 0 0 0
 0 0 0 0 0
 0 0 0 0 0
 0 0 0 0 0
 0 0 0 0 0
 0 0 0 0 0
 0 0 0 0 0
 0 0 0 0 0
 0 0 0 0 0
 0 0 0 0 0
 0 0 0 0 0
 0 0 0 0 0
 0 0 0 0 0
 0 0 0 0 0
 0 0 0 0 0
 0 0 0 0 0
 0 0 0 0 0
 0 0 0 0 0
 0 0 0 0 0
 0 0 0 0 0
 17.1962 15.9761 0.307143 -0.27279 14.8509
 7.5286 6.85685 0.319942 -0.287038 6.2527
 4.22975 3.77697 0.3337 -0.30242 3.37958
 2.87685 2.5194 0.362737 -0.331087 2.2126
 2.05923 1.76873 0.385615 -0.354885 1.52507
 1.57327 1.32566 0.411393 -0.381537 1.12211
 1.23309 1.01965 0.428785 -0.400348 0.847957
 1.01978 0.82774 0.45903 -0.431258 0.676397
 0.838695 0.668345 0.475665 -0.449532 0.53676
 0.714508 0.559033 0.496588 -0.471853 0.440912
 0.612178 0.47052 0.516883 -0.492907 0.365065
 0.51969 0.392453 0.51978 -0.498138 0.299157
 0.454268 0.337085 0.534805 -0.514555 0.252573
 0.399755 0.291575 0.544088 -0.524632 0.214912
 0.355552 0.255067 0.556158 -0.537722 0.184925
 0.313377 0.221164 0.556635 -0.539602 0.157914
 0.269407 0.186853 0.534405 -0.51885 0.130797
 0.237827 0.162168 0.529168 -0.51531 0.111358
 0.214728 0.144136 0.526375 -0.513195 0.0975522
 0.18946 0.125213 0.513627 -0.501437 0.0833178
 0.1676 0.109059 0.493612 -0.482565 0.0713635
 0.149543 0.09557 0.476458 -0.466203 0.06086
 0.133599 0.0842268 0.458922 -0.449303 0.0530883
 0.119356 0.074111 0.44044 -0.43137 0.0458908
 0.108374 0.0663898 0.41985 -0.41126 0.0404705
 0.098119 0.0590125 0.406945 -0.398955 0.0348667
 0.0884398 0.0525818 0.38411 -0.376568 0.0308
 0.0794485 0.0464353 0.363143 -0.356165 0.0263178
 0.070268 0.0406075 0.336417 -0.329607 0.0228374
 0.064881 0.036979 0.320265 -0.313637 0.0203467
 0.0584173 0.0327078 0.297668 -0.291555 0.0173127
 0.0550298 0.0305242 0.284497 -0.278392 0.0159567
 0.0491763 0.0268683 0.26075 -0.255235 0.013649
 0.0445195 0.0240457 0.240381 -0.235174 0.0120178
 0.0420038 0.0225019 0.225638 -0.22056 0.0110772
 0.0391455 0.0207902 0.210092 -0.205064 0.0100584
 0.0356958 0.0186521 0.192074 -0.187345 0.00864883
 0.0332145 0.0171589 0.176181 -0.171815 0.00772012
 0.0308275 0.0157901 0.161938 -0.157784 0.00699495
 0.0285663 0.0145494 0.146615 -0.142767 0.00647993
 0.027038 0.0135954 0.13596 -0.132075 0.00582052
 0.0248805 0.0124434 0.121477 -0.117983 0.00533345
 0.0233387 0.0114713 0.110478 -0.107205 0.00462328
 0.0221504 0.0108301 0.101618 -0.0983187 0.00444487
 0.0211344 0.0100947 0.0927112 -0.0897282 0.00380367
 0.0198437 0.00956607 0.083648 -0.08075 0.00389743
 0.0194058 0.00931848 0.0779825 -0.0752655 0.00376412
 0.0181737 0.00865083 0.0691398 -0.0665882 0.00347622
 0.0174189 0.0081672 0.0631675 -0.0608243 0.00314107
 0.0169567 0.0080369 0.0582733 -0.056034 0.00331362
 0.0159137 0.00738173 0.0523238 -0.0502997 0.00284918
 0.0156383 0.00719598 0.0490515 -0.0470912 0.00274425
 0.0151796 0.0069957 0.0450388 -0.0431843 0.00275778
 0.0146016 0.0067002 0.0417038 -0.0400558 0.00264375
 0.0144106 0.00659565 0.0391353 -0.0375625 0.00262515
 0.0136529 0.00619567 0.0351485 -0.0336875 0.00242364
 0.01348 0.00612732 0.0331917 -0.0318195 0.00249227
 0.0132133 0.00597253 0.03118 -0.029943 0.00244185
 0.0125091 0.00561767 0.0292215 -0.0280368 0.00227069
 0.0123346 0.00555837 0.0276302 -0.0265472 0.00233471
 0.0119991 0.00537303 0.0261105 -0.0251295 0.00228454
 0.0115211 0.00513493 0.0241729 -0.023252 0.00216862
 0.0114333 0.00507227 0.0232318 -0.0224173 0.00215961
 0.0109125 0.00481112 0.0214841 -0.0207143 0.00205021
 0.0105728 0.00462833 0.0198384 -0.0191461 0.00196341
 0.010245 0.00444805 0.0187506 -0.0181052 0.00186188
 0.0098948 0.0042647 0.0173786 -0.0168058 0.00176967
 0.00967822 0.0041707 0.0160297 -0.015523 0.00177953
 0 0 0 0 0
 0 0 0 0 0
 0 0 0 0 0
 0 0 0 0 0
 0 0 0 0 0
 0 0 0 0 0
 0 0 0 0 0
 0 0 0 0 0
 0 0 0 0 0
 0 0 0 0 0
 0 0 0 0 0
 0 0 0 0 0
 0 0 0 0 0
 0 0 0 0 0
 0 0 0 0 0
 0 0 0 0 0
 0 0 0 0 0
 0 0 0 0 0
 0 0 0 0 0
 0 0 0 0 0
 0 0 0 0 0
 0 0 0 0 0
 0 0 0 0 0
 0 0 0 0 0
 0 0 0 0 0
 0 0 0 0 0
 0 0 0 0 0
 0 0 0 0 0
 0 0 0 0 0
 0 0 0 0 0
 0 0 0 0 0
 0 0 0 0 0
 0 0 0 0 0
 0 0 0 0 0
 0 0 0 0 0
 0 0 0 0 0
 0 0 0 0 0
 0 0 0 0 0
 0 0 0 0 0
 0 0 0 0 0
 0 0 0 0 0
 0 0 0 0 0
 0 0 0 0 0
 0 0 0 0 0
 0 0 0 0 0
 0 0 0 0 0
 0 0 0 0 0
 0 0 0 0 0
 0 0 0 0 0
 0 0 0 0 0
 0 0 0 0 0
 0 0 0 0 0
 0 0 0 0 0
 0 0 0 0 0
 16.7447 15.6015 0.281365 -0.250077 14.5449
 7.1735 6.55495 0.292782 -0.26233 5.99773
 4.1607 3.72917 0.31618 -0.285985 3.34978
 2.71815 2.38986 0.334465 -0.30504 2.10782
 1.92197 1.65819 0.34668 -0.318822 1.43673
 1.48168 1.25452 0.37384 -0.346408 1.06756
 1.16496 0.96816 0.395248 -0.36912 0.809462
 0.97107 0.792263 0.426275 -0.400003 0.650772
 0.803978 0.644172 0.447125 -0.422313 0.5202
 0.673815 0.530215 0.462535 -0.438698 0.420715
 0.581525 0.449605 0.481755 -0.459235 0.35084
 0.496843 0.377532 0.490327 -0.469362 0.289808
 0.435365 0.32522 0.507193 -0.487348 0.245497
 0.380655 0.279475 0.512033 -0.49348 0.207202
 0.337875 0.243986 0.524283 -0.506652 0.178163
 0.29566 0.21 0.523095 -0.507422 0.150804
 0.26067 0.182162 0.516417 -0.501753 0.128651
 0.230824 0.158831 0.508732 -0.495195 0.110674
 0.209419 0.141934 0.512037 -0.499255 0.0973533
 0.182709 0.121794 0.487143 -0.47549 0.081926
 0.163238 0.107095 0.48134 -0.47023 0.0707123
 0.149337 0.0964637 0.476545 -0.46609 0.062651
 0.132618 0.0842037 0.45539 -0.446225 0.0533905
 0.119136 0.0746643 0.437723 -0.428965 0.0466823
 0.108353 0.0669805 0.4225 -0.413985 0.0412435
 0.093981 0.05716 0.38907 -0.381177 0.034458
 0.0870952 0.0521885 0.380585 -0.373083 0.0307027
 0.077792 0.046055 0.35625 -0.349165 0.0268195
 0.0715927 0.0417383 0.343188 -0.336347 0.0237
 0.0649285 0.037415 0.32162 -0.315305 0.0209704
 0.0577662 0.0327307 0.295817 -0.289885 0.0177527
 0.054099 0.0301993 0.285747 -0.27983 0.0159184
 0.0497632 0.0275595 0.266967 -0.26115 0.0144696
 0.0456968 0.0250385 0.247569 -0.242191 0.0129183
 0.0418483 0.0225742 0.227766 -0.222693 0.0111726
 0.038091 0.0203003 0.207449 -0.202753 0.00971892
 0.0354355 0.0186445 0.194843 -0.190263 0.00872668
 0.0327552 0.0171586 0.177729 -0.173369 0.00804152
 0.030718 0.0159693 0.164379 -0.160312 0.00740552
 0.0284768 0.0146438 0.151701 -0.147723 0.00670047
 0.0265643 0.0134705 0.137167 -0.133427 0.0059149
 0.0251113 0.0126065 0.126568 -0.123014 0.00540223
 0.0234685 0.0117607 0.113943 -0.110493 0.0051127
 0.0220344 0.011003 0.102094 -0.0989148 0.00482723
 0.0211711 0.010371 0.0958645 -0.0927745 0.00428333
 0.0196797 0.0095133 0.0854295 -0.0826445 0.00374872
 0.0188989 0.00913468 0.0782493 -0.0755777 0.00375065
 0.0178091 0.00854542 0.0705447 -0.0681023 0.00346215
 0.0172565 0.00819595 0.0636588 -0.0613197 0.00324113
 0.0166031 0.00787492 0.0593822 -0.0571643 0.00317345
 0.0158202 0.00749087 0.0539605 -0.0519148 0.00306835
 0.0153893 0.00719673 0.0493055 -0.0474322 0.00286857
 0.014713 0.00683372 0.0455823 -0.0438527 0.00270667
 0.0142864 0.0066642 0.041716 -0.0400272 0.00273997
 0.0137934 0.0064178 0.0381785 -0.0366407 0.00268805
 0.0131857 0.00608937 0.0343732 -0.03298 0.0025239
 0.0130552 0.0059689 0.0333378 -0.0320725 0.00240566
 0.0127851 0.0058335 0.031652 -0.03039 0.00239634
 0.012531 0.00569738 0.0289423 -0.0277783 0.00235211
 0.012149 0.0055132 0.0274598 -0.02642 0.00233783
 0.0118503 0.00535718 0.0259623 -0.0249656 0.00227579
 0.0113207 0.0050922 0.0239401 -0.0230785 0.00217105
 0.011081 0.00497325 0.0228915 -0.0220686 0.00214255
 0.0106844 0.00475365 0.0214929 -0.0207761 0.00202812
 0.0106894 0.00472543 0.0194619 -0.0188061 0.00203681
 0.0100723 0.00442917 0.0183219 -0.0176965 0.00188782
 0.00980612 0.00428605 0.0169739 -0.0164221 0.00183323
 0 0 0 0 0
 0 0 0 0 0
 0 0 0 0 0
 0 0 0 0 0
 0 0 0 0 0
 0 0 0 0 0
 0 0 0 0 0
 0 0 0 0 0
 0 0 0 0 0
 0 0 0 0 0
 0 0 0 0 0
 0 0 0 0 0
 0 0 0 0 0
 0 0 0 0 0
 0 0 0 0 0
 0 0 0 0 0
 0 0 0 0 0
 0 0 0 0 0
 0 0 0 0 0
 0 0 0 0 0
 0 0 0 0 0
 0 0 0 0 0
 0 0 0 0 0
 0 0 0 0 0
 0 0 0 0 0
 0 0 0 0 0
 0 0 0 0 0
 0 0 0 0 0
 0 0 0 0 0
 0 0 0 0 0
 0 0 0 0 0
 0 0 0 0 0
 0 0 0 0 0
 0 0 0 0 0
 0 0 0 0 0
 0 0 0 0 0
 0 0 0 0 0
 0 0 0 0 0
 0 0 0 0 0
 0 0 0 0 0
 0 0 0 0 0
 0 0 0 0 0
 0 0 0 0 0
 0 0 0 0 0
 0 0 0 0 0
 0 0 0 0 0
 0 0 0 0 0
 0 0 0 0 0
 0 0 0 0 0
 0 0 0 0 0
 0 0 0 0 0
 0 0 0 0 0
 0 0 0 0 0
 0 0 0 0 0
 0 0 0 0 0
 16.2182 15.152 0.260617 -0.231163 14.1645
 7.0992 6.50687 0.279958 -0.25038 5.97183
 4.01443 3.61052 0.294692 -0.26608 3.25455
 2.57852 2.27589 0.30724 -0.280007 2.01535
 1.82948 1.58497 0.323327 -0.296598 1.37922
 1.42902 1.21524 0.353343 -0.32667 1.03899
 1.09916 0.917883 0.36388 -0.338733 0.771543
 0.913907 0.749445 0.390117 -0.366312 0.61926
 0.757547 0.610242 0.41315 -0.389655 0.495688
 0.650802 0.515008 0.435243 -0.41291 0.411168
 0.555975 0.432442 0.45327 -0.432103 0.33974
 0.474935 0.36322 0.46238 -0.442178 0.281043
 0.421075 0.316602 0.483062 -0.46371 0.241021
 0.36285 0.268275 0.47784 -0.460305 0.200798
 0.32495 0.236275 0.501953 -0.485225 0.173723
 0.291762 0.20869 0.50786 -0.492185 0.150928
 0.253347 0.1784 0.49906 -0.484923 0.127145
 0.22869 0.158467 0.501258 -0.487775 0.111101
 0.200134 0.136427 0.483888 -0.47155 0.093916
 0.179801 0.120761 0.483835 -0.471907 0.081779
 0.162777 0.107782 0.475583 -0.464675 0.072163
 0.147353 0.0959197 0.468192 -0.45772 0.0626685
 0.128546 0.082469 0.439113 -0.42997 0.0531595
 0.114391 0.0722665 0.420953 -0.41224 0.0456415
 0.10475 0.0653847 0.409023 -0.400788 0.0409158
 0.094714 0.0583135 0.393453 -0.385575 0.0359343
 0.0839732 0.0508437 0.371925 -0.364558 0.030505
 0.0770845 0.045934 0.355555 -0.348567 0.0268728
 0.0702613 0.0414832 0.33943 -0.332515 0.0242261
 0.0628375 0.0364658 0.316805 -0.310777 0.0205485
 0.057623 0.0331417 0.296795 -0.290758 0.0186553
 0.0538063 0.030386 0.286902 -0.2812 0.0163958
 0.0485282 0.027273 0.263158 -0.25759 0.0148458
 0.0444027 0.0245405 0.243716 -0.238449 0.0127798
 0.0409228 0.0223569 0.227512 -0.222461 0.0114066
 0.0379007 0.0203823 0.212132 -0.20733 0.00995988
 0.034917 0.0186728 0.194159 -0.189584 0.00909697
 0.0322065 0.0171878 0.175779 -0.171405 0.00855028
 0.0305102 0.0160201 0.165589 -0.161357 0.00762532
 0.0278007 0.0143859 0.148061 -0.144077 0.00652195
 0.0267808 0.0136957 0.142364 -0.138499 0.00607593
 0.0244233 0.012407 0.12574 -0.122186 0.00547305
 0.0235437 0.0119088 0.11721 -0.113863 0.00526852
 0.0220607 0.0110394 0.106339 -0.103086 0.0047916
 0.020661 0.0102464 0.0977463 -0.0947447 0.00437227
 0.0197393 0.00969083 0.0882913 -0.085464 0.0040586
 0.0187773 0.00914965 0.0814702 -0.0787923 0.00377897
 0.0177602 0.00861413 0.0733 -0.0707805 0.00360102
 0.0169914 0.00819252 0.0660217 -0.0637242 0.0033935
 0.0162803 0.007779 0.0603625 -0.0581443 0.00319267
 0.0157021 0.00750438 0.0555478 -0.0534413 0.0031249
 0.0150266 0.00713017 0.0493982 -0.0475522 0.0029246
 0.0145496 0.0068971 0.0450272 -0.0432798 0.0029037
 0.0140422 0.00660473 0.042261 -0.0406135 0.00276593
 0.0135071 0.00631702 0.038336 -0.0368195 0.00259515
 0.0132911 0.0062142 0.035742 -0.034364 0.0026499
 0.0128852 0.00597543 0.0336207 -0.0322572 0.0025058
 0.0122067 0.00563268 0.0299752 -0.0287683 0.00238955
 0.0122448 0.005625 0.0294825 -0.0283237 0.00237447
 0.0117397 0.00539668 0.0262655 -0.0252298 0.00234505
 0.0114903 0.00523312 0.0249194 -0.0239573 0.00224032
 0.0112303 0.00510648 0.0243181 -0.0234725 0.00221065
 0.0107499 0.00484555 0.0221259 -0.0213446 0.00208612
 0.0105526 0.00475732 0.020922 -0.0201564 0.00208678
 0.0101911 0.00455305 0.0194161 -0.0187104 0.00195819
 0.00983655 0.00437422 0.0180419 -0.0174393 0.00189879
 0 0 0 0 0
 0 0 0 0 0
 0 0 0 0 0
 0 0 0 0 0
 0 0 0 0 0
 0 0 0 0 0
 0 0 0 0 0
 0 0 0 0 0
 0 0 0 0 0
 0 0 0 0 0
 0 0 0 0 0
 0 0 0 0 0
 0 0 0 0 0
 0 0 0 0 0
 0 0 0 0 0
 0 0 0 0 0
 0 0 0 0 0
 0 0 0 0 0
 0 0 0 0 0
 0 0 0 0 0
 0 0 0 0 0
 0 0 0 0 0
 0 0 0 0 0
 0 0 0 0 0
 0 0 0 0 0
 0 0 0 0 0
 0 0 0 0 0
 0 0 0 0 0
 0 0 0 0 0
 0 0 0 0 0
 0 0 0 0 0
 0 0 0 0 0
 0 0 0 0 0
 0 0 0 0 0
 0 0 0 0 0
 0 0 0 0 0
 0 0 0 0 0
 0 0 0 0 0
 0 0 0 0 0
 0 0 0 0 0
 0 0 0 0 0
 0 0 0 0 0
 0 0 0 0 0
 0 0 0 0 0
 0 0 0 0 0
 0 0 0 0 0
 0 0 0 0 0
 0 0 0 0 0
 0 0 0 0 0
 0 0 0 0 0
 0 0 0 0 0
 0 0 0 0 0
 0 0 0 0 0
 0 0 0 0 0
 0 0 0 0 0
 0 0 0 0 0
 16.4849 15.4403 0.251905 -0.222954 14.4702
 6.81613 6.26565 0.258733 -0.23143 5.7673
 3.83905 3.46405 0.27413 -0.247341 3.13277
 2.49469 2.20982 0.288067 -0.262 1.96434
 1.74796 1.52037 0.301538 -0.275957 1.32849
 1.32077 1.12809 0.3156 -0.29168 0.96903
 1.04452 0.87635 0.335615 -0.312147 0.740372
 0.862085 0.71037 0.361575 -0.338853 0.589945
 0.717295 0.580713 0.380623 -0.358725 0.4743
 0.604595 0.48099 0.396825 -0.375913 0.386305
 0.520522 0.40709 0.418003 -0.397697 0.321815
 0.463735 0.35661 0.446958 -0.427197 0.27741
 0.408483 0.308945 0.464805 -0.44627 0.236492
 0.352065 0.261828 0.464995 -0.447688 0.196982
 0.310958 0.22748 0.471035 -0.455097 0.168518
 0.274392 0.197583 0.475985 -0.460878 0.144071
 0.246368 0.174796 0.477548 -0.463288 0.125783
 0.219043 0.152882 0.482353 -0.469305 0.108141
 0.1999 0.137349 0.485188 -0.473117 0.0954465
 0.177626 0.120267 0.47537 -0.46374 0.082435
 0.156713 0.104553 0.454682 -0.44403 0.0706775
 0.139189 0.0913833 0.44105 -0.431535 0.0605443
 0.128633 0.083205 0.44006 -0.430855 0.054138
 0.115655 0.0737442 0.42418 -0.415598 0.0472268
 0.103068 0.0646472 0.404885 -0.396613 0.0403642
 0.0931002 0.057771 0.3925 -0.38469 0.0360087
 0.0841452 0.0515698 0.37114 -0.363713 0.0316922
 0.075666 0.045518 0.349323 -0.342503 0.0270035
 0.0704272 0.041766 0.342135 -0.33535 0.0243084
 0.0636615 0.037269 0.31959 -0.313318 0.0212656
 0.0567658 0.0327617 0.295465 -0.289415 0.0182392
 0.0530842 0.0304063 0.283055 -0.27715 0.01697
 0.0480552 0.027161 0.263265 -0.257748 0.0147648
 0.0438263 0.0244505 0.243258 -0.238058 0.0130246
 0.0405918 0.0223381 0.226643 -0.221655 0.0115288
 0.0374058 0.0203898 0.210421 -0.205761 0.0103108
 0.0353188 0.0191373 0.198114 -0.193581 0.00968925
 0.0331632 0.0177662 0.186865 -0.182358 0.00876627
 0.0302905 0.0161405 0.16911 -0.16494 0.00795725
 0.0282052 0.0148746 0.1553 -0.151257 0.00722205
 0.0261725 0.0135715 0.140411 -0.136712 0.00627583
 0.0245319 0.0125798 0.128187 -0.124677 0.00564545
 0.023229 0.0117461 0.119936 -0.116617 0.00511712
 0.0214646 0.0108664 0.106472 -0.103313 0.00487393
 0.0206296 0.0104284 0.0994012 -0.0964225 0.0047348
 0.0192942 0.0095824 0.0897677 -0.0869712 0.00412082
 0.0185535 0.00915282 0.0817972 -0.0791762 0.00393613
 0.0176406 0.00872432 0.0741893 -0.0717445 0.00385613
 0.0167993 0.00816232 0.067691 -0.0653362 0.00340758
 0.0163044 0.00786512 0.062371 -0.0601655 0.00328425
 0.0155242 0.00747138 0.0560217 -0.0540855 0.00314632
 0.0146369 0.0070122 0.0498942 -0.048031 0.00298658
 0.0140677 0.00669832 0.0458813 -0.0441598 0.00280425
 0.013896 0.00656898 0.0432162 -0.0415485 0.0027486
 0.0133871 0.0063274 0.0391843 -0.0376867 0.0027022
 0.0128334 0.00601118 0.0355998 -0.0341962 0.0025017
 0.0126816 0.00598095 0.033767 -0.032483 0.00263947
 0.0122127 0.00570727 0.0309787 -0.0297583 0.00246215
 0.0118344 0.00551907 0.028678 -0.027547 0.00241868
 0.0114391 0.00529445 0.0263677 -0.0253647 0.00229746
 0.0113283 0.00523387 0.0254948 -0.0245123 0.00229731
 0.0110052 0.00505205 0.0233521 -0.0224614 0.00222248
 0.0105197 0.0048032 0.0215439 -0.020745 0.00210539
 0.0103727 0.00469695 0.02087 -0.0201402 0.00204629
 0.00989075 0.00449108 0.0186772 -0.0179926 0.00201464
 0 0 0 0 0
 0 0 0 0 0
 0 0 0 0 0
 0 0 0 0 0
 0 0 0 0 0
 0 0 0 0 0
 0 0 0 0 0
 0 0 0 0 0
 0 0 0 0 0
 0 0 0 0 0
 0 0 0 0 0
 0 0 0 0 0
 0 0 0 0 0
 0 0 0 0 0
 0 0 0 0 0
 0 0 0 0 0
 0 0 0 0 0
 0 0 0 0 0
 0 0 0 0 0
 0 0 0 0 0
 0 0 0 0 0
 0 0 0 0 0
 0 0 0 0 0
 0 0 0 0 0
 0 0 0 0 0
 0 0 0 0 0
 0 0 0 0 0
 0 0 0 0 0
 0 0 0 0 0
 0 0 0 0 0
 0 0 0 0 0
 0 0 0 0 0
 0 0 0 0 0
 0 0 0 0 0
 0 0 0 0 0
 0 0 0 0 0
 0 0 0 0 0
 0 0 0 0 0
 0 0 0 0 0
 0 0 0 0 0
 0 0 0 0 0
 0 0 0 0 0
 0 0 0 0 0
 0 0 0 0 0
 0 0 0 0 0
 0 0 0 0 0
 0 0 0 0 0
 0 0 0 0 0
 0 0 0 0 0
 0 0 0 0 0
 0 0 0 0 0
 0 0 0 0 0
 0 0 0 0 0
 0 0 0 0 0
 0 0 0 0 0
 0 0 0 0 0
 0 0 0 0 0
 16.3981 15.396 0.238205 -0.210593 14.4642
 6.64607 6.12642 0.242975 -0.216613 5.65525
 3.71535 3.36308 0.25466 -0.229133 3.05183
 2.36501 2.10227 0.26533 -0.240722 1.87537
 1.70766 1.49107 0.283925 -0.259952 1.30887
 1.23953 1.0631 0.289023 -0.266575 0.917337
 0.993897 0.837518 0.314025 -0.291433 0.711198
 0.813418 0.67344 0.334325 -0.312835 0.562222
 0.680797 0.55399 0.353765 -0.332805 0.455045
 0.579937 0.463767 0.3736 -0.35323 0.374675
 0.49515 0.389348 0.39008 -0.370893 0.309638
 0.42957 0.33223 0.402002 -0.38385 0.25999
 0.385745 0.293345 0.428308 -0.41085 0.225691
 0.33459 0.25027 0.43604 -0.419927 0.189634
 0.301595 0.222031 0.452753 -0.437138 0.165577
 0.262737 0.190397 0.44914 -0.434975 0.139951
 0.24088 0.171947 0.468007 -0.45406 0.124489
 0.21436 0.150682 0.464088 -0.451393 0.107462
 0.189634 0.13125 0.457995 -0.44603 0.092048
 0.167782 0.114323 0.4471 -0.436062 0.0787987
 0.152651 0.102337 0.446037 -0.435548 0.0691
 0.137466 0.090961 0.43436 -0.424648 0.0607442
 0.125052 0.081668 0.4267 -0.417585 0.054043
 0.113083 0.0726793 0.416353 -0.40783 0.047064
 0.101268 0.0642557 0.400397 -0.392205 0.0409675
 0.0907328 0.0565672 0.377848 -0.370092 0.0351363
 0.0840583 0.051743 0.371515 -0.36415 0.0316475
 0.0753895 0.0459098 0.350628 -0.343712 0.0278637
 0.0687578 0.0412118 0.333317 -0.32692 0.0243622
 0.0611052 0.036254 0.308202 -0.30207 0.0213186
 0.0562582 0.0329772 0.295413 -0.289647 0.0190641
 0.0526312 0.030248 0.283055 -0.277405 0.0166782
 0.0471488 0.0268415 0.258655 -0.25335 0.0146661
 0.0437777 0.0247106 0.244795 -0.239491 0.0134482
 0.041032 0.0228446 0.233431 -0.22841 0.0120781
 0.0370672 0.0203348 0.21187 -0.207201 0.0104245
 0.0347203 0.0189219 0.19756 -0.192956 0.0096074
 0.0327543 0.0177702 0.186881 -0.182489 0.00905202
 0.029759 0.0158897 0.167015 -0.16285 0.0077659
 0.027597 0.0145933 0.154057 -0.150084 0.00700292
 0.0254222 0.0133237 0.139465 -0.13582 0.0063168
 0.0242922 0.0126288 0.130143 -0.12662 0.00588167
 0.0227617 0.0117358 0.12029 -0.116925 0.0054131
 0.0213405 0.010864 0.108675 -0.105484 0.00488402
 0.0202627 0.0102867 0.100075 -0.0971457 0.00467445
 0.0193886 0.00967915 0.0924862 -0.0896443 0.00416738
 0.0182245 0.00913903 0.0838107 -0.0811918 0.00414623
 0.0174695 0.00859535 0.0757808 -0.0734002 0.00362357
 0.0166591 0.00821915 0.0686668 -0.066336 0.0035923
 0.0160673 0.00786647 0.0635915 -0.0613753 0.0034154
 0.015352 0.00744663 0.0572152 -0.0551392 0.00314142
 0.0143618 0.00691887 0.0515852 -0.0497265 0.00292183
 0.014071 0.00676825 0.0478487 -0.0461143 0.00288953
 0.0136508 0.00655988 0.0439495 -0.0423098 0.0028683
 0.0131231 0.0062683 0.039162 -0.0376905 0.00271375
 0.012694 0.00607653 0.0365393 -0.0351453 0.00271308
 0.0122414 0.0057528 0.0340805 -0.0327628 0.00242201
 0.0119097 0.00554193 0.0303725 -0.0291878 0.00230764
 0.0116955 0.00550585 0.028468 -0.0273172 0.00244118
 0.0113853 0.00530765 0.027004 -0.02597 0.00231373
 0.0109787 0.00512995 0.0243557 -0.0233787 0.00230796
 0.0106668 0.00492613 0.0232632 -0.0223986 0.00216848
 0.0104108 0.00480178 0.021472 -0.0206952 0.00214933
 0.0102396 0.00468755 0.0204305 -0.019728 0.00206596
 0 0 0 0 0
 0 0 0 0 0
 0 0 0 0 0
 0 0 0 0 0
 0 0 0 0 0
 0 0 0 0 0
 0 0 0 0 0
 0 0 0 0 0
 0 0 0 0 0
 0 0 0 0 0
 0 0 0 0 0
 0 0 0 0 0
 0 0 0 0 0
 0 0 0 0 0
 0 0 0 0 0
 0 0 0 0 0
 0 0 0 0 0
 0 0 0 0 0
 0 0 0 0 0
 0 0 0 0 0
 0 0 0 0 0
 0 0 0 0 0
 0 0 0 0 0
 0 0 0 0 0
 0 0 0 0 0
 0 0 0 0 0
 0 0 0 0 0
 0 0 0 0 0
 0 0 0 0 0
 0 0 0 0 0
 0 0 0 0 0
 0 0 0 0 0
 0 0 0 0 0
 0 0 0 0 0
 0 0 0 0 0
 0 0 0 0 0
 0 0 0 0 0
 0 0 0 0 0
 0 0 0 0 0
 0 0 0 0 0
 0 0 0 0 0
 0 0 0 0 0
 0 0 0 0 0
 0 0 0 0 0
 0 0 0 0 0
 0 0 0 0 0
 0 0 0 0 0
 0 0 0 0 0
 0 0 0 0 0
 0 0 0 0 0
 0 0 0 0 0
 0 0 0 0 0
 0 0 0 0 0
 0 0 0 0 0
 0 0 0 0 0
 0 0 0 0 0
 0 0 0 0 0
 0 0 0 0 0
 16.2536 15.2951 0.225314 -0.198818 14.4016
 6.55837 6.06143 0.231006 -0.205936 5.61022
 3.65635 3.31925 0.241952 -0.217419 3.02065
 2.28261 2.03571 0.248046 -0.224462 1.8224
 1.61314 1.41334 0.262507 -0.239775 1.24436
 1.20864 1.04061 0.27499 -0.253172 0.901607
 0.938707 0.794147 0.288177 -0.267375 0.676973
 0.79156 0.658255 0.317 -0.295795 0.552138
 0.659932 0.539453 0.335203 -0.31466 0.44533
 0.554093 0.445352 0.349352 -0.32998 0.361862
 0.471858 0.37292 0.362128 -0.34407 0.298125
 0.413668 0.321738 0.381473 -0.36417 0.253555
 0.373452 0.285602 0.409132 -0.392247 0.22125
 0.325088 0.244727 0.414365 -0.398393 0.186838
 0.29143 0.215953 0.431552 -0.416213 0.162333
 0.258942 0.188839 0.43921 -0.424937 0.139738
 0.229413 0.164746 0.438925 -0.425955 0.120035
 0.210894 0.149342 0.452945 -0.440118 0.107574
 0.181544 0.12652 0.43358 -0.421963 0.0895255
 0.167673 0.115006 0.443965 -0.432692 0.0798955
 0.146454 0.099026 0.42581 -0.41552 0.0677628
 0.135801 0.090432 0.427503 -0.417952 0.0607842
 0.122351 0.080426 0.41631 -0.407192 0.053516
 0.107681 0.0697392 0.39693 -0.38856 0.0455618
 0.0991315 0.0633292 0.388882 -0.38107 0.0407217
 0.0901515 0.056685 0.37556 -0.367723 0.035671
 0.0821438 0.051076 0.36332 -0.356298 0.0317835
 0.0733493 0.044976 0.341412 -0.334398 0.0275235
 0.0681098 0.04109 0.333735 -0.32715 0.02446
 0.061316 0.036689 0.310157 -0.303987 0.0218248
 0.0573322 0.0337988 0.300575 -0.294655 0.019565
 0.0517277 0.0301642 0.278653 -0.272935 0.0172756
 0.0482455 0.0277895 0.266535 -0.260998 0.0155597
 0.044209 0.0251763 0.249524 -0.244241 0.0138741
 0.0396733 0.0223899 0.226817 -0.221841 0.012242
 0.036805 0.0204201 0.210763 -0.206181 0.0106928
 0.0351968 0.0194449 0.202048 -0.197471 0.0101683
 0.031249 0.0170961 0.18055 -0.176319 0.00876898
 0.0299893 0.0163013 0.170355 -0.166203 0.00836545
 0.02745 0.0147329 0.156374 -0.152573 0.0073385
 0.0258585 0.013602 0.145867 -0.142105 0.00640193
 0.0244676 0.0128639 0.134175 -0.130634 0.00617703
 0.0223483 0.0116817 0.121031 -0.117719 0.0056182
 0.0210992 0.0108158 0.109496 -0.106382 0.00489422
 0.0204183 0.0104976 0.10285 -0.099932 0.00490058
 0.0190349 0.00966748 0.093372 -0.0905347 0.00436595
 0.0180428 0.00907678 0.085131 -0.082464 0.00401788
 0.017304 0.0086529 0.07888 -0.0763917 0.00385425
 0.0165268 0.00820635 0.0711207 -0.0688882 0.00364175
 0.01566 0.00768683 0.0637735 -0.0616682 0.00328965
 0.0150806 0.0074109 0.0582238 -0.0561393 0.0032458
 0.014327 0.00697468 0.052891 -0.0510387 0.00299095
 0.0140258 0.00677735 0.048688 -0.0469793 0.00290313
 0.0134903 0.00649793 0.0442648 -0.0426387 0.002785
 0.0130454 0.00626405 0.0405443 -0.0390722 0.00271105
 0.0125766 0.0060403 0.0371855 -0.0358262 0.00267105
 0.012156 0.00579587 0.0336877 -0.0324198 0.00254585
 0.0118208 0.00565853 0.0310815 -0.0299355 0.0025749
 0.0115807 0.00551785 0.028784 -0.0277452 0.00251702
 0.0110346 0.00521553 0.0266733 -0.02565 0.00235445
 0.0107872 0.0050587 0.0245023 -0.0236048 0.0022561
 0.0106051 0.00495443 0.0230785 -0.0222193 0.00222561
 0.0102852 0.004775 0.0211483 -0.0204177 0.00212903
 0 0 0 0 0
 0 0 0 0 0
 0 0 0 0 0
 0 0 0 0 0
 0 0 0 0 0
 0 0 0 0 0
 0 0 0 0 0
 0 0 0 0 0
 0 0 0 0 0
 0 0 0 0 0
 0 0 0 0 0
 0 0 0 0 0
 0 0 0 0 0
 0 0 0 0 0
 0 0 0 0 0
 0 0 0 0 0
 0 0 0 0 0
 0 0 0 0 0
 0 0 0 0 0
 0 0 0 0 0
 0 0 0 0 0
 0 0 0 0 0
 0 0 0 0 0
 0 0 0 0 0
 0 0 0 0 0
 0 0 0 0 0
 0 0 0 0 0
 0 0 0 0 0
 0 0 0 0 0
 0 0 0 0 0
 0 0 0 0 0
 0 0 0 0 0
 0 0 0 0 0
 0 0 0 0 0
 0 0 0 0 0
 0 0 0 0 0
 0 0 0 0 0
 0 0 0 0 0
 0 0 0 0 0
 0 0 0 0 0
 0 0 0 0 0
 0 0 0 0 0
 0 0 0 0 0
 0 0 0 0 0
 0 0 0 0 0
 0 0 0 0 0
 0 0 0 0 0
 0 0 0 0 0
 0 0 0 0 0
 0 0 0 0 0
 0 0 0 0 0
 0 0 0 0 0
 0 0 0 0 0
 0 0 0 0 0
 0 0 0 0 0
 0 0 0 0 0
 0 0 0 0 0
 0 0 0 0 0
 0 0 0 0 0
 15.9118 15.0058 0.210409 -0.185319 14.1601
 6.48352 6.00697 0.220811 -0.196225 5.57365
 3.49527 3.18198 0.225868 -0.202452 2.90415
 2.24744 2.01045 0.238049 -0.215144 1.80519
 1.56237 1.37367 0.24678 -0.224681 1.21408
 1.16648 1.00785 0.258295 -0.237363 0.876142
 0.904365 0.768207 0.270638 -0.250448 0.657763
 0.732992 0.61204 0.285178 -0.265523 0.515557
 0.616042 0.50586 0.30672 -0.287572 0.419795
 0.524565 0.423672 0.322788 -0.30469 0.346338
 0.454367 0.36079 0.344523 -0.32682 0.28994
 0.39206 0.30645 0.353483 -0.336892 0.242821
 0.345362 0.26559 0.37065 -0.354612 0.207131
 0.311465 0.23575 0.391863 -0.376368 0.181024
 0.27035 0.201366 0.39381 -0.379335 0.152176
 0.246864 0.181072 0.412797 -0.399187 0.134925
 0.216061 0.156122 0.411867 -0.39921 0.114604
 0.199322 0.141938 0.421908 -0.409853 0.102747
 0.183508 0.128688 0.43696 -0.42555 0.0915032
 0.159549 0.110257 0.422833 -0.41229 0.0774017
 0.147297 0.100349 0.422285 -0.412208 0.0694165
 0.127811 0.0856992 0.403985 -0.3946 0.0580365
 0.116783 0.0772077 0.398917 -0.390223 0.0515305
 0.10842 0.070738 0.396995 -0.388402 0.0466147
 0.0985412 0.0633692 0.384693 -0.376702 0.0409817
 0.08831 0.0561268 0.367415 -0.359897 0.0360005
 0.080294 0.0501832 0.356167 -0.349005 0.0313328
 0.0734833 0.045468 0.344122 -0.337285 0.0282083
 0.0672425 0.0409662 0.329735 -0.323218 0.0247489
 0.061857 0.0372665 0.314185 -0.307902 0.0222493
 0.0558123 0.033116 0.294625 -0.288823 0.019289
 0.0516115 0.0303033 0.278663 -0.27307 0.0174262
 0.0466157 0.0270705 0.262295 -0.25695 0.0153464
 0.0434487 0.0249217 0.248331 -0.243155 0.013832
 0.0397483 0.0226139 0.233417 -0.228463 0.0125346
 0.0366865 0.0206519 0.213768 -0.209192 0.0111888
 0.0334993 0.0185427 0.198009 -0.193666 0.009642
 0.031964 0.0176207 0.186595 -0.182356 0.00915595
 0.0291578 0.015948 0.169276 -0.165258 0.00826655
 0.0275962 0.0148908 0.159791 -0.155942 0.00743435
 0.0249143 0.0133988 0.141277 -0.137856 0.00677455
 0.0239268 0.0127187 0.136074 -0.132565 0.00625303
 0.0223636 0.0118416 0.121932 -0.118728 0.00586622
 0.0208449 0.0108437 0.11221 -0.109227 0.00510838
 0.0197883 0.0101567 0.104006 -0.101112 0.00462795
 0.0189163 0.00973675 0.09554 -0.0927103 0.00460032
 0.0175688 0.00888343 0.0860452 -0.0835143 0.00399065
 0.0169179 0.00852433 0.0780395 -0.0757055 0.00380108
 0.0161341 0.00808563 0.0722147 -0.069935 0.00366353
 0.015324 0.00768815 0.0647483 -0.0626223 0.00353017
 0.0145695 0.00721578 0.0586538 -0.056705 0.00320465
 0.0139112 0.00682552 0.0534915 -0.0517422 0.00300052
 0.0135909 0.0067039 0.048925 -0.0472073 0.00306178
 0.0128697 0.00629395 0.0436715 -0.042087 0.00282773
 0.0126695 0.00610487 0.0407883 -0.0392713 0.0026185
 0.012438 0.00600663 0.0376882 -0.0362852 0.00267022
 0.0120117 0.00577905 0.0342457 -0.0329475 0.00256733
 0.0115546 0.00552175 0.031075 -0.029891 0.00242656
 0.0112223 0.00534838 0.0288895 -0.027813 0.00237464
 0.0110429 0.00524547 0.026699 -0.025683 0.00236507
 0.0106889 0.00506267 0.024539 -0.0236324 0.00228175
 0.0103453 0.00488665 0.0226198 -0.0217802 0.00222268
 0 0 0 0 0
 0 0 0 0 0
 0 0 0 0 0
 0 0 0 0 0
 0 0 0 0 0
 0 0 0 0 0
 0 0 0 0 0
 0 0 0 0 0
 0 0 0 0 0
 0 0 0 0 0
 0 0 0 0 0
 0 0 0 0 0
 0 0 0 0 0
 0 0 0 0 0
 0 0 0 0 0
 0 0 0 0 0
 0 0 0 0 0
 0 0 0 0 0
 0 0 0 0 0
 0 0 0 0 0
 0 0 0 0 0
 0 0 0 0 0
 0 0 0 0 0
 0 0 0 0 0
 0 0 0 0 0
 0 0 0 0 0
 0 0 0 0 0
 0 0 0 0 0
 0 0 0 0 0
 0 0 0 0 0
 0 0 0 0 0
 0 0 0 0 0
 0 0 0 0 0
 0 0 0 0 0
 0 0 0 0 0
 0 0 0 0 0
 0 0 0 0 0
 0 0 0 0 0
 0 0 0 0 0
 0 0 0 0 0
 0 0 0 0 0
 0 0 0 0 0
 0 0 0 0 0
 0 0 0 0 0
 0 0 0 0 0
 0 0 0 0 0
 0 0 0 0 0
 0 0 0 0 0
 0 0 0 0 0
 0 0 0 0 0
 0 0 0 0 0
 0 0 0 0 0
 0 0 0 0 0
 0 0 0 0 0
 0 0 0 0 0
 0 0 0 0 0
 0 0 0 0 0
 0 0 0 0 0
 0 0 0 0 0
 0 0 0 0 0
 16.227 15.3342 0.203701 -0.179337 14.4994
 6.42468 5.9665 0.210584 -0.186868 5.54913
 3.46175 3.1598 0.216546 -0.193706 2.89168
 2.197 1.97119 0.225413 -0.203351 1.77556
 1.49195 1.31591 0.229471 -0.208472 1.16682
 1.1458 0.99354 0.248862 -0.228002 0.86715
 0.866235 0.738565 0.251017 -0.231896 0.635062
 0.707267 0.593085 0.268735 -0.249948 0.502225
 0.58804 0.484947 0.284158 -0.265888 0.404308
 0.494978 0.401525 0.296088 -0.27883 0.329802
 0.428207 0.341745 0.315358 -0.298385 0.276527
 0.3774 0.296465 0.336398 -0.32003 0.236523
 0.332245 0.256733 0.350013 -0.33458 0.201303
 0.30186 0.229732 0.375372 -0.36027 0.177527
 0.267618 0.200532 0.38571 -0.371358 0.152754
 0.23456 0.173052 0.389675 -0.37614 0.129749
 0.216949 0.157628 0.407313 -0.39475 0.116415
 0.193024 0.138181 0.406665 -0.394593 0.100496
 0.173695 0.122529 0.40674 -0.39557 0.0878
 0.158916 0.110551 0.414617 -0.403865 0.078178
 0.14324 0.0982122 0.41079 -0.40075 0.06831
 0.127334 0.085948 0.396653 -0.38752 0.0587043
 0.11581 0.0771483 0.391912 -0.383133 0.0520417
 0.10532 0.0692113 0.38404 -0.375758 0.0460255
 0.0961258 0.0624255 0.37656 -0.36872 0.0410712
 0.0875327 0.055945 0.365488 -0.357952 0.0359563
 0.0801283 0.0505805 0.353112 -0.34599 0.0320455
 0.0709465 0.044213 0.33056 -0.323787 0.02768
 0.065703 0.0404875 0.318927 -0.312495 0.0249678
 0.0598755 0.0364378 0.307003 -0.300965 0.0221968
 0.054872 0.0329758 0.28938 -0.283555 0.0197702
 0.0515663 0.0306597 0.281722 -0.275985 0.0180807
 0.0467813 0.0273755 0.262957 -0.257547 0.0157051
 0.04268 0.024784 0.247083 -0.242027 0.0141776
 0.0391908 0.0224875 0.227724 -0.222879 0.0126378
 0.035426 0.0199636 0.210547 -0.205997 0.010735
 0.033671 0.018831 0.200582 -0.196134 0.0100016
 0.0311327 0.0172962 0.183692 -0.179526 0.00912915
 0.0287722 0.0157783 0.16915 -0.165258 0.00806765
 0.0267135 0.0145056 0.156743 -0.15292 0.00731065
 0.0253345 0.0136018 0.147009 -0.143425 0.0066938
 0.0238744 0.0128269 0.137098 -0.133653 0.00651377
 0.0222884 0.0119189 0.124126 -0.120907 0.00600992
 0.020906 0.0110042 0.116135 -0.113091 0.0053709
 0.0196759 0.0102223 0.105479 -0.102673 0.00478048
 0.0186757 0.0095567 0.0967068 -0.094038 0.00430655
 0.0176592 0.00902605 0.0883752 -0.0858503 0.00415645
 0.0168323 0.00850583 0.0813762 -0.0789543 0.00379028
 0.0158686 0.00798338 0.073355 -0.0711263 0.0035926
 0.0155996 0.00781785 0.0677545 -0.0656133 0.00350963
 0.0143649 0.0071584 0.0586375 -0.0566435 0.00318832
 0.0139444 0.0068727 0.0559675 -0.0541675 0.00299995
 0.0132146 0.00644285 0.0496728 -0.0479975 0.00274058
 0.0131542 0.00646048 0.0458258 -0.0442662 0.00287608
 0.0123589 0.00604968 0.041578 -0.040104 0.00273385
 0.0120011 0.005862 0.0378027 -0.0365145 0.00267252
 0.0116854 0.0056686 0.03482 -0.033579 0.00255027
 0.0113244 0.00547155 0.0314905 -0.0303993 0.00246295
 0.0109557 0.00528747 0.028728 -0.0276965 0.00243782
 0.0106979 0.00513377 0.0272147 -0.0261928 0.00233795
 0.010426 0.00499502 0.0248969 -0.0240482 0.00231543
 0 0 0 0 0
 0 0 0 0 0
 0 0 0 0 0
 0 0 0 0 0
 0 0 0 0 0
 0 0 0 0 0
 0 0 0 0 0
 0 0 0 0 0
 0 0 0 0 0
 0 0 0 0 0
 0 0 0 0 0
 0 0 0 0 0
 0 0 0 0 0
 0 0 0 0 0
 0 0 0 0 0
 0 0 0 0 0
 0 0 0 0 0
 0 0 0 0 0
 0 0 0 0 0
 0 0 0 0 0
 0 0 0 0 0
 0 0 0 0 0
 0 0 0 0 0
 0 0 0 0 0
 0 0 0 0 0
 0 0 0 0 0
 0 0 0 0 0
 0 0 0 0 0
 0 0 0 0 0
 0 0 0 0 0
 0 0 0 0 0
 0 0 0 0 0
 0 0 0 0 0
 0 0 0 0 0
 0 0 0 0 0
 0 0 0 0 0
 0 0 0 0 0
 0 0 0 0 0
 0 0 0 0 0
 0 0 0 0 0
 0 0 0 0 0
 0 0 0 0 0
 0 0 0 0 0
 0 0 0 0 0
 0 0 0 0 0
 0 0 0 0 0
 0 0 0 0 0
 0 0 0 0 0
 0 0 0 0 0
 0 0 0 0 0
 0 0 0 0 0
 0 0 0 0 0
 0 0 0 0 0
 0 0 0 0 0
 0 0 0 0 0
 0 0 0 0 0
 0 0 0 0 0
 0 0 0 0 0
 0 0 0 0 0
 0 0 0 0 0
 0 0 0 0 0
 16.3311 15.4625 0.194615 -0.171195 14.6489
 6.32473 5.88702 0.198777 -0.175898 5.48817
 3.38495 3.09743 0.206881 -0.184822 2.84177
 2.12133 1.90865 0.212307 -0.19131 1.72413
 1.47216 1.30251 0.220616 -0.200247 1.15875
 1.08665 0.945492 0.229436 -0.209743 0.828463
 0.850677 0.727965 0.241565 -0.222347 0.628085
 0.68935 0.580195 0.255923 -0.237558 0.493223
 0.560507 0.4641 0.264073 -0.246585 0.388745
 0.479777 0.390948 0.280058 -0.263343 0.3225
 0.410022 0.328713 0.29248 -0.276272 0.267115
 0.365412 0.28836 0.317717 -0.301797 0.230902
 0.324138 0.251765 0.336795 -0.321732 0.19844
 0.281557 0.215387 0.341583 -0.327547 0.16754
 0.251097 0.189127 0.352932 -0.339332 0.144899
 0.22925 0.170004 0.37246 -0.359733 0.128043
 0.206916 0.151321 0.383995 -0.371695 0.112753
 0.186049 0.133986 0.38823 -0.37663 0.0981923
 0.170686 0.12118 0.39928 -0.388105 0.087524
 0.15249 0.106727 0.39674 -0.386263 0.0760068
 0.13787 0.0952422 0.390435 -0.380747 0.0670243
 0.12474 0.0847927 0.387717 -0.378565 0.058391
 0.114916 0.0770505 0.388137 -0.379473 0.0522618
 0.10148 0.0672182 0.371022 -0.362752 0.045159
 0.0943613 0.0616785 0.368315 -0.360652 0.0408267
 0.0849745 0.0548758 0.350977 -0.34356 0.035994
 0.0770503 0.0490285 0.341688 -0.334785 0.0313703
 0.0715852 0.0450045 0.336278 -0.329543 0.028491
 0.0657985 0.0408495 0.320087 -0.313648 0.025507
 0.059578 0.0364135 0.304893 -0.298672 0.022159
 0.053817 0.0324347 0.287047 -0.281302 0.0192752
 0.0498942 0.0298305 0.27435 -0.268815 0.0176632
 0.0446308 0.0263222 0.253065 -0.247951 0.015291
 0.0424385 0.0247645 0.246633 -0.241579 0.0141538
 0.0387337 0.0222791 0.227666 -0.222929 0.0123652
 0.0358905 0.0205467 0.213623 -0.208987 0.011456
 0.0334977 0.0189039 0.200526 -0.196162 0.0101667
 0.0307102 0.0171425 0.183445 -0.179358 0.00907048
 0.0291763 0.0161155 0.175194 -0.171169 0.0083785
 0.026986 0.0148527 0.160285 -0.156449 0.0077304
 0.0251 0.013574 0.148033 -0.144458 0.00676727
 0.0235112 0.0127208 0.136383 -0.132968 0.00647512
 0.0218343 0.0116065 0.12528 -0.122112 0.0056881
 0.0206304 0.010918 0.113793 -0.110872 0.0053124
 0.0195772 0.0103189 0.107762 -0.104896 0.00504532
 0.0185964 0.00980315 0.0975 -0.0947292 0.00491662
 0.0170941 0.00883508 0.0867817 -0.0842985 0.0041655
 0.0166927 0.00857605 0.0819317 -0.0795492 0.00402835
 0.0157196 0.00801315 0.0736838 -0.0714825 0.00371337
 0.0149306 0.00754723 0.0667453 -0.0646725 0.0034563
 0.0143252 0.00718208 0.0606147 -0.0586988 0.00323758
 0.0138533 0.00697243 0.0561408 -0.054377 0.0032599
 0.0132222 0.00661757 0.0505687 -0.0489225 0.0031017
 0.0125927 0.00625172 0.045612 -0.0441363 0.0028772
 0.0122875 0.00607787 0.0413555 -0.039946 0.00278917
 0.011937 0.0058754 0.0381248 -0.0367485 0.0027027
 0.0114347 0.00556625 0.0355945 -0.0343925 0.0025055
 0.0111203 0.0054245 0.0315948 -0.0304342 0.00248755
 0.0108236 0.00524975 0.0293233 -0.0282915 0.00240689
 0.0106097 0.00514445 0.0264295 -0.0255035 0.00240497
 0 0 0 0 0
 0 0 0 0 0
 0 0 0 0 0
 0 0 0 0 0
 0 0 0 0 0
 0 0 0 0 0
 0 0 0 0 0
 0 0 0 0 0
 0 0 0 0 0
 0 0 0 0 0
 0 0 0 0 0
 0 0 0 0 0
 0 0 0 0 0
 0 0 0 0 0
 0 0 0 0 0
 0 0 0 0 0
 0 0 0 0 0
 0 0 0 0 0
 0 0 0 0 0
 0 0 0 0 0
 0 0 0 0 0
 0 0 0 0 0
 0 0 0 0 0
 0 0 0 0 0
 0 0 0 0 0
 0 0 0 0 0
 0 0 0 0 0
 0 0 0 0 0
 0 0 0 0 0
 0 0 0 0 0
 0 0 0 0 0
 0 0 0 0 0
 0 0 0 0 0
 0 0 0 0 0
 0 0 0 0 0
 0 0 0 0 0
 0 0 0 0 0
 0 0 0 0 0
 0 0 0 0 0
 0 0 0 0 0
 0 0 0 0 0
 0 0 0 0 0
 0 0 0 0 0
 0 0 0 0 0
 0 0 0 0 0
 0 0 0 0 0
 0 0 0 0 0
 0 0 0 0 0
 0 0 0 0 0
 0 0 0 0 0
 0 0 0 0 0
 0 0 0 0 0
 0 0 0 0 0
 0 0 0 0 0
 0 0 0 0 0
 0 0 0 0 0
 0 0 0 0 0
 0 0 0 0 0
 0 0 0 0 0
 0 0 0 0 0
 0 0 0 0 0
 0 0 0 0 0
 16.515 15.6652 0.187912 -0.164737 14.8682
 6.28775 5.865 0.191042 -0.169004 5.47915
 3.37397 3.0949 0.198851 -0.177401 2.84635
 2.09713 1.89197 0.203995 -0.182941 1.71362
 1.42739 1.26658 0.207808 -0.188096 1.13015
 1.04797 0.914732 0.216135 -0.197112 0.80422
 0.798428 0.685625 0.220614 -0.202738 0.594137
 0.65846 0.55632 0.236955 -0.21923 0.475055
 0.539093 0.44813 0.246755 -0.22984 0.37695
 0.456177 0.373182 0.260307 -0.244266 0.30925
 0.393435 0.31686 0.275208 -0.259543 0.258905
 0.342305 0.27134 0.289973 -0.27505 0.218449
 0.309525 0.241522 0.313913 -0.299222 0.191351
 0.27252 0.209431 0.32528 -0.311358 0.163561
 0.243113 0.184069 0.33647 -0.323377 0.141774
 0.21809 0.162715 0.347348 -0.335123 0.12363
 0.199613 0.146735 0.364833 -0.35277 0.109874
 0.180825 0.130916 0.371617 -0.360155 0.0964077
 0.163626 0.116794 0.376505 -0.365767 0.0848183
 0.145101 0.102126 0.370205 -0.360268 0.0730987
 0.136137 0.0945417 0.382848 -0.373258 0.0668453
 0.120603 0.082548 0.37124 -0.362592 0.057511
 0.109888 0.0742437 0.371955 -0.363592 0.0510695
 0.100836 0.0672287 0.366022 -0.357958 0.04556
 0.0900248 0.059172 0.350933 -0.343385 0.0394395
 0.0835852 0.0543387 0.346467 -0.33942 0.035935
 0.0749275 0.047849 0.334382 -0.327527 0.030645
 0.0689052 0.043587 0.321367 -0.314853 0.0277715
 0.064257 0.0401803 0.317658 -0.311362 0.0253172
 0.0587345 0.0362695 0.299073 -0.293262 0.0224497
 0.053391 0.0325285 0.28491 -0.279245 0.0197873
 0.0483255 0.029122 0.26593 -0.260512 0.017494
 0.0459757 0.0273913 0.261443 -0.25623 0.0161618
 0.0414892 0.024503 0.241344 -0.236439 0.014364
 0.038782 0.0225721 0.227498 -0.222666 0.0128798
 0.0355785 0.0204008 0.213851 -0.209344 0.0112973
 0.0327715 0.0187388 0.196994 -0.192656 0.0104642
 0.0316977 0.0178063 0.192607 -0.188341 0.00949107
 0.028886 0.016256 0.17361 -0.169692 0.00887338
 0.0264228 0.0145395 0.1593 -0.155624 0.0074674
 0.0249523 0.0137558 0.148921 -0.145341 0.00725565
 0.0229662 0.0124023 0.135103 -0.131788 0.00618825
 0.0218495 0.0118137 0.126942 -0.123769 0.0060163
 0.0204991 0.0109704 0.11628 -0.113324 0.00549935
 0.0191274 0.010017 0.105881 -0.103036 0.00468683
 0.0184567 0.0097527 0.099151 -0.096355 0.00483195
 0.0169651 0.008765 0.0882285 -0.0858455 0.00406727
 0.0161905 0.00843105 0.081261 -0.0789418 0.00409075
 0.0154885 0.0080249 0.0740753 -0.0718292 0.0038888
 0.0148223 0.00760895 0.06765 -0.0656238 0.00363495
 0.0141414 0.0072165 0.0620808 -0.0601553 0.003425
 0.0135612 0.0068149 0.0569808 -0.055202 0.00309067
 0.0131156 0.0066066 0.0513775 -0.0497698 0.00309112
 0.0123541 0.0061225 0.0458878 -0.0443855 0.00275887
 0.0120916 0.0060119 0.0430483 -0.0416075 0.00277125
 0.0117361 0.00583367 0.0391455 -0.037786 0.00273275
 0.0112032 0.00552923 0.0349185 -0.0337095 0.0025682
 0.0111879 0.0054678 0.0321802 -0.031018 0.00248383
 0.0105488 0.0051663 0.0289125 -0.0278967 0.0024258
 0 0 0 0 0
 0 0 0 0 0
 0 0 0 0 0
 0 0 0 0 0
 0 0 0 0 0
 0 0 0 0 0
 0 0 0 0 0
 0 0 0 0 0
 0 0 0 0 0
 0 0 0 0 0
 0 0 0 0 0
 0 0 0 0 0
 0 0 0 0 0
 0 0 0 0 0
 0 0 0 0 0
 0 0 0 0 0
 0 0 0 0 0
 0 0 0 0 0
 0 0 0 0 0
 0 0 0 0 0
 0 0 0 0 0
 0 0 0 0 0
 0 0 0 0 0
 0 0 0 0 0
 0 0 0 0 0
 0 0 0 0 0
 0 0 0 0 0
 0 0 0 0 0
 0 0 0 0 0
 0 0 0 0 0
 0 0 0 0 0
 0 0 0 0 0
 0 0 0 0 0
 0 0 0 0 0
 0 0 0 0 0
 0 0 0 0 0
 0 0 0 0 0
 0 0 0 0 0
 0 0 0 0 0
 0 0 0 0 0
 0 0 0 0 0
 0 0 0 0 0
 0 0 0 0 0
 0 0 0 0 0
 0 0 0 0 0
 0 0 0 0 0
 0 0 0 0 0
 0 0 0 0 0
 0 0 0 0 0
 0 0 0 0 0
 0 0 0 0 0
 0 0 0 0 0
 0 0 0 0 0
 0 0 0 0 0
 0 0 0 0 0
 0 0 0 0 0
 0 0 0 0 0
 0 0 0 0 0
 0 0 0 0 0
 0 0 0 0 0
 0 0 0 0 0
 0 0 0 0 0
 0 0 0 0 0
 16.5612 15.7363 0.180978 -0.158149 14.9612
 6.34715 5.93225 0.187355 -0.164788 5.55267
 3.30037 3.0344 0.188239 -0.167528 2.7973
 2.10001 1.89944 0.199176 -0.178627 1.72511
 1.38939 1.23637 0.198029 -0.17864 1.10655
 1.01684 0.890252 0.203789 -0.185353 0.785078
 0.8045 0.693098 0.216722 -0.19858 0.602435
 0.645775 0.54753 0.227225 -0.210011 0.469128
 0.525118 0.438143 0.235123 -0.218503 0.36983
 0.441192 0.362428 0.246652 -0.230812 0.301825
 0.377083 0.304937 0.25659 -0.241264 0.25033
 0.331375 0.263918 0.273647 -0.258837 0.213615
 0.295858 0.231966 0.292795 -0.278478 0.184906
 0.255515 0.197321 0.297548 -0.284403 0.15503
 0.232233 0.176631 0.317155 -0.304273 0.136681
 0.215307 0.161356 0.338715 -0.326265 0.123033
 0.192668 0.142294 0.345635 -0.33397 0.106988
 0.171353 0.124898 0.346075 -0.334997 0.09292
 0.156877 0.112618 0.357323 -0.34708 0.082411
 0.141674 0.100426 0.359345 -0.349425 0.0726363
 0.128786 0.0899547 0.36126 -0.351937 0.063982
 0.118204 0.0815053 0.363112 -0.354232 0.0573207
 0.104949 0.0713528 0.34934 -0.341208 0.0495117
 0.0980213 0.065704 0.354773 -0.34688 0.044748
 0.0889035 0.0588593 0.345305 -0.3379 0.0395555
 0.0824425 0.053764 0.340142 -0.33291 0.035352
 0.0732318 0.0472263 0.322437 -0.315687 0.030799
 0.0687183 0.043805 0.321485 -0.314875 0.0281485
 0.0611693 0.0384683 0.300275 -0.294223 0.0243565
 0.0581525 0.036072 0.300197 -0.294188 0.0223935
 0.0533658 0.0328465 0.2833 -0.27756 0.0202996
 0.0494298 0.0300057 0.27406 -0.268613 0.0181472
 0.045402 0.027264 0.257968 -0.252803 0.0162989
 0.0408012 0.0241866 0.235493 -0.230519 0.0141371
 0.0384287 0.0225226 0.227894 -0.223233 0.0129218
 0.034953 0.0203226 0.210876 -0.206356 0.0115941
 0.03238 0.0186081 0.197576 -0.193337 0.0103937
 0.0306538 0.0175092 0.187381 -0.183302 0.00973837
 0.0281515 0.0158914 0.171878 -0.168017 0.0086449
 0.0262878 0.0147607 0.159108 -0.155396 0.00801232
 0.0244024 0.0134148 0.148601 -0.145062 0.00690222
 0.0233135 0.0129294 0.139159 -0.135801 0.0069421
 0.021849 0.0119771 0.128134 -0.124925 0.00630095
 0.0204581 0.0110337 0.11788 -0.114888 0.00555625
 0.0189555 0.0101002 0.105832 -0.103024 0.00497053
 0.0178924 0.0095583 0.0976843 -0.0950645 0.00484352
 0.0169635 0.00887447 0.0901845 -0.0877133 0.00422815
 0.0160501 0.00833413 0.0832225 -0.080931 0.00393745
 0.0153956 0.00802147 0.07438 -0.0722298 0.00390988
 0.0146134 0.00757528 0.0695842 -0.067593 0.0036892
 0.0137671 0.00702805 0.061738 -0.059866 0.00328362
 0.0132846 0.0067397 0.0562613 -0.0545057 0.00313348
 0.012774 0.0065246 0.0517685 -0.0501673 0.00317745
 0.0120446 0.00604995 0.0463525 -0.0448428 0.0028093
 0.0119995 0.00602717 0.0439128 -0.0424803 0.00281833
 0.0114956 0.00572235 0.0390715 -0.0377568 0.00263695
 0.0111414 0.00557393 0.035479 -0.0342682 0.0026483
 0.0106029 0.00528282 0.0317123 -0.0306032 0.0025276
 0 0 0 0 0
 0 0 0 0 0
 0 0 0 0 0
 0 0 0 0 0
 0 0 0 0 0
 0 0 0 0 0
 0 0 0 0 0
 0 0 0 0 0
 0 0 0 0 0
 0 0 0 0 0
 0 0 0 0 0
 0 0 0 0 0
 0 0 0 0 0
 0 0 0 0 0
 0 0 0 0 0
 0 0 0 0 0
 0 0 0 0 0
 0 0 0 0 0
 0 0 0 0 0
 0 0 0 0 0
 0 0 0 0 0
 0 0 0 0 0
 0 0 0 0 0
 0 0 0 0 0
 0 0 0 0 0
 0 0 0 0 0
 0 0 0 0 0
 0 0 0 0 0
 0 0 0 0 0
 0 0 0 0 0
 0 0 0 0 0
 0 0 0 0 0
 0 0 0 0 0
 0 0 0 0 0
 0 0 0 0 0
 0 0 0 0 0
 0 0 0 0 0
 0 0 0 0 0
 0 0 0 0 0
 0 0 0 0 0
 0 0 0 0 0
 0 0 0 0 0
 0 0 0 0 0
 0 0 0 0 0
 0 0 0 0 0
 0 0 0 0 0
 0 0 0 0 0
 0 0 0 0 0
 0 0 0 0 0
 0 0 0 0 0
 0 0 0 0 0
 0 0 0 0 0
 0 0 0 0 0
 0 0 0 0 0
 0 0 0 0 0
 0 0 0 0 0
 0 0 0 0 0
 0 0 0 0 0
 0 0 0 0 0
 0 0 0 0 0
 0 0 0 0 0
 0 0 0 0 0
 0 0 0 0 0
 0 0 0 0 0
 17.1588 16.3311 0.178795 -0.155877 15.5523
 6.3385 5.9356 0.180594 -0.159098 5.5664
 3.29173 3.03305 0.182321 -0.161768 2.8024
 2.04983 1.85864 0.189104 -0.169197 1.69224
 1.38542 1.23617 0.192148 -0.172901 1.10945
 1.0159 0.892037 0.19906 -0.180708 0.789168
 0.769883 0.665467 0.202852 -0.185078 0.580835
 0.61303 0.521525 0.210613 -0.193951 0.448535
 0.502955 0.42128 0.218057 -0.202329 0.357302
 0.422855 0.34874 0.228707 -0.213006 0.291805
 0.36098 0.293072 0.241156 -0.226048 0.241635
 0.317687 0.254042 0.255615 -0.241598 0.206658
 0.279092 0.219817 0.269403 -0.255623 0.176118
 0.247487 0.192071 0.281355 -0.26853 0.151893
 0.225786 0.172697 0.29841 -0.285955 0.134777
 0.201563 0.151832 0.308318 -0.296465 0.116572
 0.184903 0.137332 0.326332 -0.315125 0.104094
 0.166602 0.121956 0.333005 -0.322232 0.0910517
 0.153803 0.111026 0.348352 -0.33789 0.0817382
 0.138251 0.098526 0.350612 -0.340748 0.0717257
 0.125877 0.0884687 0.348968 -0.339755 0.0634427
 0.116737 0.0809667 0.357515 -0.348615 0.0572922
 0.103425 0.070698 0.340478 -0.332437 0.0491985
 0.0962602 0.0649713 0.348565 -0.340715 0.0445618
 0.0875598 0.0583353 0.337448 -0.32989 0.039541
 0.0797518 0.0524608 0.329378 -0.32215 0.035012
 0.0743295 0.0482445 0.327362 -0.320445 0.0316755
 0.0659925 0.0424233 0.308125 -0.30174 0.0277432
 0.061044 0.0388332 0.298435 -0.292447 0.0251225
 0.0561192 0.0351992 0.287025 -0.281212 0.0222998
 0.0503163 0.031108 0.26733 -0.261848 0.0193055
 0.0478288 0.029163 0.263972 -0.258675 0.0176109
 0.043667 0.0263742 0.248607 -0.243531 0.0158357
 0.0398125 0.0238005 0.232259 -0.227443 0.0141187
 0.037263 0.0219944 0.224234 -0.219665 0.0127948
 0.0347405 0.020318 0.21092 -0.206465 0.0116698
 0.0322982 0.0186798 0.198498 -0.194304 0.0104971
 0.0305182 0.0175041 0.189591 -0.185443 0.0097531
 0.0280315 0.0158854 0.174476 -0.170668 0.00861858
 0.0260757 0.0146841 0.161178 -0.157558 0.00795108
 0.024341 0.013608 0.148604 -0.145221 0.00729755
 0.0226322 0.0125396 0.137322 -0.134071 0.00664515
 0.0212854 0.0115468 0.12782 -0.124677 0.00577638
 0.0200403 0.0109188 0.117782 -0.114928 0.0056581
 0.0188072 0.0101391 0.1064 -0.103589 0.00512423
 0.0176002 0.00942912 0.0976923 -0.0950948 0.00478323
 0.0168021 0.00893792 0.0898117 -0.0873812 0.0044597
 0.0157198 0.00829385 0.0819422 -0.079721 0.00409225
 0.0149682 0.0078506 0.0754035 -0.0732983 0.0038633
 0.0148715 0.00780177 0.0714433 -0.0693975 0.0038905
 0.0138532 0.00717153 0.0635877 -0.061728 0.00348558
 0.0133063 0.00687483 0.0581062 -0.0563605 0.0033562
 0.0125638 0.00642623 0.0522147 -0.0506252 0.00307462
 0.0121529 0.00616043 0.047955 -0.046454 0.00290045
 0.0118372 0.00598465 0.0439438 -0.0425148 0.00283898
 0.0113306 0.00571595 0.0400145 -0.0386873 0.00273785
 0.0111179 0.00560877 0.0370827 -0.0358927 0.00271055
 0 0 0 0 0
 0 0 0 0 0
 0 0 0 0 0
 0 0 0 0 0
 0 0 0 0 0
 0 0 0 0 0
 0 0 0 0 0
 0 0 0 0 0
 0 0 0 0 0
 0 0 0 0 0
 0 0 0 0 0
 0 0 0 0 0
 0 0 0 0 0
 0 0 0 0 0
 0 0 0 0 0
 0 0 0 0 0
 0 0 0 0 0
 0 0 0 0 0
 0 0 0 0 0
 0 0 0 0 0
 0 0 0 0 0
 0 0 0 0 0
 0 0 0 0 0
 0 0 0 0 0
 0 0 0 0 0
 0 0 0 0 0
 0 0 0 0 0
 0 0 0 0 0
 0 0 0 0 0
 0 0 0 0 0
 0 0 0 0 0
 0 0 0 0 0
 0 0 0 0 0
 0 0 0 0 0
 0 0 0 0 0
 0 0 0 0 0
 0 0 0 0 0
 0 0 0 0 0
 0 0 0 0 0
 0 0 0 0 0
 0 0 0 0 0
 0 0 0 0 0
 0 0 0 0 0
 0 0 0 0 0
 0 0 0 0 0
 0 0 0 0 0
 0 0 0 0 0
 0 0 0 0 0
 0 0 0 0 0
 0 0 0 0 0
 0 0 0 0 0
 0 0 0 0 0
 0 0 0 0 0
 0 0 0 0 0
 0 0 0 0 0
 0 0 0 0 0
 0 0 0 0 0
 0 0 0 0 0
 0 0 0 0 0
 0 0 0 0 0
 0 0 0 0 0
 0 0 0 0 0
 0 0 0 0 0
 0 0 0 0 0
 0 0 0 0 0
 17.0371 16.2408 0.169504 -0.147581 15.4905
 6.31672 5.92608 0.174505 -0.153178 5.5678
 3.32643 3.07143 0.18018 -0.159312 2.84352
 2.05459 1.86718 0.184459 -0.164601 1.70369
 1.35955 1.21623 0.183734 -0.16487 1.09458
 0.986928 0.869158 0.187098 -0.169363 0.771298
 0.759152 0.658065 0.194641 -0.177506 0.575615
 0.604645 0.516095 0.20227 -0.185555 0.445475
 0.486545 0.408915 0.206244 -0.190863 0.348165
 0.410835 0.339995 0.21721 -0.202162 0.285335
 0.352728 0.287513 0.226715 -0.212398 0.238235
 0.311998 0.250512 0.245485 -0.231477 0.204604
 0.267332 0.211471 0.251725 -0.238553 0.170346
 0.241463 0.188256 0.269168 -0.25632 0.14972
 0.218184 0.167561 0.28532 -0.273148 0.131189
 0.197926 0.149819 0.302368 -0.290573 0.115619
 0.177806 0.132805 0.308935 -0.297675 0.101384
 0.158303 0.116407 0.311547 -0.30116 0.0873663
 0.147725 0.107223 0.32942 -0.31947 0.0793843
 0.134038 0.09587 0.33197 -0.322445 0.069847
 0.123682 0.0873975 0.340357 -0.33122 0.0630623
 0.11263 0.0785227 0.34168 -0.332853 0.0558838
 0.102923 0.0708685 0.337018 -0.328845 0.0497768
 0.091255 0.0619745 0.32603 -0.31829 0.04299
 0.0848798 0.0568243 0.326087 -0.318757 0.0386693
 0.078437 0.0519977 0.323642 -0.316648 0.035126
 0.0718588 0.0468355 0.318145 -0.311488 0.0307905
 0.0658745 0.0424733 0.307958 -0.301628 0.027684
 0.0599962 0.0382445 0.293645 -0.287605 0.024592
 0.0550608 0.0347745 0.282215 -0.276405 0.0222355
 0.050823 0.0315935 0.272502 -0.266907 0.0196919
 0.047337 0.029189 0.261685 -0.256293 0.0180743
 0.0440505 0.026841 0.250503 -0.24531 0.016417
 0.040126 0.0242086 0.23537 -0.230476 0.0145805
 0.037291 0.0221713 0.223361 -0.218763 0.0130164
 0.0345665 0.020338 0.213598 -0.20912 0.0117331
 0.0312858 0.0183195 0.195322 -0.191212 0.0105714
 0.0297222 0.0172479 0.182706 -0.178693 0.00983085
 0.0270548 0.0155356 0.168755 -0.165061 0.00874225
 0.025728 0.0145313 0.160747 -0.157149 0.00782793
 0.0240688 0.0135017 0.149204 -0.145848 0.0072213
 0.0221789 0.0124129 0.136192 -0.132965 0.0067141
 0.0209389 0.0115415 0.125018 -0.122018 0.00602168
 0.0196798 0.0108031 0.116853 -0.113912 0.00564418
 0.0189606 0.0102831 0.111453 -0.108734 0.00527073
 0.0173822 0.0093629 0.098809 -0.0963385 0.00477255
 0.0165876 0.00894995 0.0905907 -0.0881452 0.00462545
 0.0157733 0.00838255 0.0841825 -0.0819677 0.00420117
 0.0150498 0.0079355 0.0776092 -0.0754455 0.00387752
 0.0141635 0.00737895 0.0700085 -0.0680937 0.0035236
 0.0136483 0.0070447 0.0641785 -0.0623232 0.00332622
 0.0129034 0.0066636 0.0577188 -0.0560765 0.00318742
 0.0124012 0.00636955 0.0528468 -0.0512335 0.0030372
 0.011881 0.00609163 0.0480517 -0.046566 0.00294338
 0.0115208 0.00587568 0.044223 -0.0428558 0.00282147
 0.0110594 0.0056344 0.0405733 -0.0393322 0.00274092
 0 0 0 0 0
 0 0 0 0 0
 0 0 0 0 0
 0 0 0 0 0
 0 0 0 0 0
 0 0 0 0 0
 0 0 0 0 0
 0 0 0 0 0
 0 0 0 0 0
 0 0 0 0 0
 0 0 0 0 0
 0 0 0 0 0
 0 0 0 0 0
 0 0 0 0 0
 0 0 0 0 0
 0 0 0 0 0
 0 0 0 0 0
 0 0 0 0 0
 0 0 0 0 0
 0 0 0 0 0
 0 0 0 0 0
 0 0 0 0 0
 0 0 0 0 0
 0 0 0 0 0
 0 0 0 0 0
 0 0 0 0 0
 0 0 0 0 0
 0 0 0 0 0
 0 0 0 0 0
 0 0 0 0 0
 0 0 0 0 0
 0 0 0 0 0
 0 0 0 0 0
 0 0 0 0 0
 0 0 0 0 0
 0 0 0 0 0
 0 0 0 0 0
 0 0 0 0 0
 0 0 0 0 0
 0 0 0 0 0
 0 0 0 0 0
 0 0 0 0 0
 0 0 0 0 0
 0 0 0 0 0
 0 0 0 0 0
 0 0 0 0 0
 0 0 0 0 0
 0 0 0 0 0
 0 0 0 0 0
 0 0 0 0 0
 0 0 0 0 0
 0 0 0 0 0
 0 0 0 0 0
 0 0 0 0 0
 0 0 0 0 0
 0 0 0 0 0
 0 0 0 0 0
 0 0 0 0 0
 0 0 0 0 0
 0 0 0 0 0
 0 0 0 0 0
 0 0 0 0 0
 0 0 0 0 0
 0 0 0 0 0
 0 0 0 0 0
 0 0 0 0 0
 17.5818 16.7851 0.167587 -0.145629 16.0334
 6.34872 5.9666 0.169178 -0.147873 5.61575
 3.3089 3.06137 0.173952 -0.153671 2.84005
 1.96586 1.79066 0.171841 -0.152767 1.63818
 1.34675 1.20776 0.176882 -0.158684 1.08932
 0.96554 0.852558 0.179644 -0.162051 0.758543
 0.742825 0.645885 0.18682 -0.169742 0.56693
 0.58428 0.500255 0.190148 -0.174131 0.43319
 0.46992 0.396252 0.195087 -0.179946 0.33851
 0.400248 0.332465 0.205526 -0.1907 0.280388
 0.341118 0.279177 0.213569 -0.199409 0.232456
 0.29118 0.234748 0.22257 -0.208921 0.192646
 0.260437 0.206832 0.237835 -0.224638 0.167424
 0.231096 0.180866 0.249186 -0.236834 0.144312
 0.208167 0.160642 0.264352 -0.252257 0.126475
 0.188092 0.143045 0.276505 -0.265045 0.111114
 0.173248 0.129904 0.295093 -0.284048 0.099509
 0.155609 0.115095 0.298545 -0.288107 0.0869983
 0.142148 0.103644 0.31306 -0.303367 0.077146
 0.129571 0.093242 0.31783 -0.308587 0.0686212
 0.118493 0.0840713 0.323038 -0.314285 0.0608588
 0.10935 0.0766443 0.326395 -0.31789 0.0548758
 0.0979593 0.0677375 0.32148 -0.313735 0.0477705
 0.0908168 0.0620245 0.32049 -0.31282 0.0431827
 0.0827803 0.0558805 0.317495 -0.310145 0.0384893
 0.0761935 0.0507977 0.313375 -0.30646 0.0345455
 0.0702333 0.0461678 0.305235 -0.298675 0.0307765
 0.065656 0.0427002 0.303705 -0.297505 0.0281813
 0.060187 0.0386563 0.292425 -0.286322 0.0251108
 0.0537585 0.0340635 0.277283 -0.271555 0.0217249
 0.0506612 0.0317275 0.26993 -0.264382 0.0199389
 0.0466585 0.0290275 0.25867 -0.253382 0.01825
 0.0427462 0.026217 0.244794 -0.239776 0.0160789
 0.0391908 0.0237569 0.229726 -0.224937 0.0143694
 0.0377027 0.0226132 0.227251 -0.222551 0.0134327
 0.0350825 0.0208577 0.213217 -0.208728 0.0122766
 0.0317722 0.0186776 0.197207 -0.193023 0.0108162
 0.0292023 0.0169057 0.182676 -0.178702 0.00944078
 0.0269115 0.0155752 0.166922 -0.16318 0.00882137
 0.0256355 0.0146054 0.161081 -0.157468 0.00800917
 0.0241147 0.0136222 0.150706 -0.147317 0.00738182
 0.0224962 0.0126535 0.140538 -0.137371 0.00688583
 0.0210924 0.0117334 0.128922 -0.125906 0.0062234
 0.0193612 0.0105469 0.116359 -0.11358 0.00529062
 0.0185115 0.0101297 0.108374 -0.105716 0.00526435
 0.0174123 0.00945182 0.100155 -0.097617 0.00486328
 0.016425 0.00883158 0.0923815 -0.0900122 0.00444377
 0.0155464 0.00829478 0.0855465 -0.0833872 0.00413012
 0.0146229 0.0077444 0.0769137 -0.074881 0.00383563
 0.0140987 0.00747063 0.0705205 -0.0685553 0.00374995
 0.0134089 0.00700713 0.064604 -0.0628002 0.003421
 0.0127307 0.0066779 0.0577223 -0.0560402 0.00335005
 0.0120717 0.00629815 0.0532787 -0.0516763 0.00314867
 0.0120757 0.00623557 0.0500715 -0.0485995 0.00305892
 0.0111471 0.00572728 0.044707 -0.0433915 0.00278237
 0 0 0 0 0
 0 0 0 0 0
 0 0 0 0 0
 0 0 0 0 0
 0 0 0 0 0
 0 0 0 0 0
 0 0 0 0 0
 0 0 0 0 0
 0 0 0 0 0
 0 0 0 0 0
 0 0 0 0 0
 0 0 0 0 0
 0 0 0 0 0
 0 0 0 0 0
 0 0 0 0 0
 0 0 0 0 0
 0 0 0 0 0
 0 0 0 0 0
 0 0 0 0 0
 0 0 0 0 0
 0 0 0 0 0
 0 0 0 0 0
 0 0 0 0 0
 0 0 0 0 0
 0 0 0 0 0
 0 0 0 0 0
 0 0 0 0 0
 0 0 0 0 0
 0 0 0 0 0
 0 0 0 0 0
 0 0 0 0 0
 0 0 0 0 0
 0 0 0 0 0
 0 0 0 0 0
 0 0 0 0 0
 0 0 0 0 0
 0 0 0 0 0
 0 0 0 0 0
 0 0 0 0 0
 0 0 0 0 0
 0 0 0 0 0
 0 0 0 0 0
 0 0 0 0 0
 0 0 0 0 0
 0 0 0 0 0
 0 0 0 0 0
 0 0 0 0 0
 0 0 0 0 0
 0 0 0 0 0
 0 0 0 0 0
 0 0 0 0 0
 0 0 0 0 0
 0 0 0 0 0
 0 0 0 0 0
 0 0 0 0 0
 0 0 0 0 0
 0 0 0 0 0
 0 0 0 0 0
 0 0 0 0 0
 0 0 0 0 0
 0 0 0 0 0
 0 0 0 0 0
 0 0 0 0 0
 0 0 0 0 0
 0 0 0 0 0
 0 0 0 0 0
 0 0 0 0 0
 18.0591 17.2653 0.16508 -0.142719 16.5153
 6.3533 5.981 0.162932 -0.14204 5.63868
 3.29458 3.05392 0.168218 -0.148115 2.8384
 1.97786 1.80537 0.169374 -0.149974 1.65479
 1.35689 1.21981 0.173765 -0.155375 1.1032
 0.970722 0.859305 0.176552 -0.158847 0.76651
 0.727853 0.634653 0.176602 -0.160098 0.558813
 0.56824 0.488025 0.180844 -0.165055 0.424062
 0.456995 0.386628 0.183644 -0.168743 0.331515
 0.381175 0.317652 0.192524 -0.177996 0.268635
 0.332093 0.27269 0.203967 -0.189926 0.227537
 0.289665 0.234313 0.215381 -0.201966 0.192902
 0.251415 0.200535 0.224164 -0.211341 0.163169
 0.22185 0.174391 0.234035 -0.221597 0.139886
 0.198123 0.15348 0.244012 -0.232511 0.121357
 0.182113 0.139148 0.260778 -0.249536 0.10861
 0.16317 0.122891 0.27133 -0.260832 0.0945692
 0.151515 0.112598 0.287468 -0.277157 0.0854925
 0.136691 0.100129 0.296265 -0.286442 0.074869
 0.126306 0.091376 0.302907 -0.293793 0.0676735
 0.114638 0.0817488 0.308407 -0.299595 0.059504
 0.102803 0.0724702 0.302258 -0.294195 0.0522325
 0.0959775 0.0667552 0.30822 -0.30046 0.0474635
 0.088907 0.060958 0.309165 -0.301643 0.0425353
 0.0823602 0.0558465 0.313972 -0.306852 0.0385763
 0.0754818 0.050573 0.309407 -0.30239 0.0345308
 0.068351 0.045215 0.298625 -0.291985 0.030383
 0.0636898 0.04154 0.2938 -0.287525 0.0273835
 0.058037 0.0375403 0.28253 -0.276653 0.0246512
 0.0524543 0.0335045 0.267678 -0.262023 0.0216298
 0.0496702 0.0314115 0.26663 -0.261143 0.0200925
 0.044854 0.028016 0.250658 -0.245558 0.017646
 0.0419198 0.0259028 0.239734 -0.234886 0.0160959
 0.0375872 0.0229091 0.222016 -0.217342 0.0139029
 0.036011 0.0218201 0.215685 -0.21119 0.0132562
 0.0333393 0.019957 0.204511 -0.200269 0.0119098
 0.0308117 0.0181654 0.19339 -0.18935 0.0105335
 0.0290108 0.0170318 0.182023 -0.178086 0.00985792
 0.0269595 0.0155916 0.171233 -0.167566 0.00873905
 0.025643 0.0149215 0.160897 -0.157332 0.00864068
 0.0229786 0.0131393 0.144951 -0.141679 0.00730917
 0.0214247 0.0120944 0.136289 -0.13311 0.0065715
 0.0204349 0.0114587 0.126379 -0.123422 0.0061758
 0.0194788 0.0108583 0.117863 -0.115068 0.00581573
 0.0183286 0.010121 0.11004 -0.107426 0.0053647
 0.0171157 0.0094422 0.099924 -0.0974855 0.0050302
 0.0163454 0.00883602 0.0932715 -0.0908735 0.00446413
 0.0152033 0.00818495 0.085106 -0.0829273 0.00415905
 0.0145089 0.00779577 0.0772445 -0.0752075 0.00399232
 0.0139413 0.00747538 0.0707255 -0.068806 0.00386747
 0.0134389 0.00713162 0.0664648 -0.0647095 0.00360265
 0.0126911 0.00667315 0.0595507 -0.0578762 0.00332888
 0.0122613 0.00644448 0.0541265 -0.052565 0.0032452
 0.0117589 0.0061275 0.0494587 -0.0480235 0.00304545
 0 0 0 0 0
 0 0 0 0 0
 0 0 0 0 0
 0 0 0 0 0
 0 0 0 0 0
 0 0 0 0 0
 0 0 0 0 0
 0 0 0 0 0
 0 0 0 0 0
 0 0 0 0 0
 0 0 0 0 0
 0 0 0 0 0
 0 0 0 0 0
 0 0 0 0 0
 0 0 0 0 0
 0 0 0 0 0
 0 0 0 0 0
 0 0 0 0 0
 0 0 0 0 0
 0 0 0 0 0
 0 0 0 0 0
 0 0 0 0 0
 0 0 0 0 0
 0 0 0 0 0
 0 0 0 0 0
 0 0 0 0 0
 0 0 0 0 0
 0 0 0 0 0
 0 0 0 0 0
 0 0 0 0 0
 0 0 0 0 0
 0 0 0 0 0
 0 0 0 0 0
 0 0 0 0 0
 0 0 0 0 0
 0 0 0 0 0
 0 0 0 0 0
 0 0 0 0 0
 0 0 0 0 0
 0 0 0 0 0
 0 0 0 0 0
 0 0 0 0 0
 0 0 0 0 0
 0 0 0 0 0
 0 0 0 0 0
 0 0 0 0 0
 0 0 0 0 0
 0 0 0 0 0
 0 0 0 0 0
 0 0 0 0 0
 0 0 0 0 0
 0 0 0 0 0
 0 0 0 0 0
 0 0 0 0 0
 0 0 0 0 0
 0 0 0 0 0
 0 0 0 0 0
 0 0 0 0 0
 0 0 0 0 0
 0 0 0 0 0
 0 0 0 0 0
 0 0 0 0 0
 0 0 0 0 0
 0 0 0 0 0
 0 0 0 0 0
 0 0 0 0 0
 0 0 0 0 0
 0 0 0 0 0
 18.3258 17.5445 0.159251 -0.137226 16.8054
 6.62248 6.24425 0.164714 -0.143479 5.8959
 3.3071 3.07107 0.164575 -0.144379 2.85937
 1.96854 1.80056 0.163438 -0.14471 1.65373
 1.32863 1.19709 0.166281 -0.148121 1.08511
 0.9707 0.861515 0.170888 -0.153393 0.770515
 0.709158 0.619975 0.16986 -0.153542 0.54721
 0.561017 0.483242 0.174015 -0.158478 0.421185
 0.465605 0.395138 0.183496 -0.168297 0.339765
 0.37424 0.312942 0.182548 -0.168404 0.265812
 0.318078 0.262082 0.189238 -0.175614 0.219548
 0.27292 0.22169 0.196933 -0.184039 0.183508
 0.240582 0.192677 0.208947 -0.196625 0.157574
 0.218492 0.172462 0.224882 -0.212931 0.138988
 0.194422 0.151294 0.235813 -0.224235 0.120276
 0.176761 0.135666 0.248806 -0.237708 0.106373
 0.159358 0.120655 0.257938 -0.247335 0.0935172
 0.143985 0.107497 0.26934 -0.25942 0.082047
 0.133102 0.0980538 0.280918 -0.27129 0.0739608
 0.122264 0.0888985 0.290627 -0.281687 0.0662362
 0.111202 0.0798015 0.29705 -0.288325 0.0586995
 0.10178 0.0720467 0.295835 -0.287702 0.0520595
 0.0937952 0.0656497 0.30082 -0.292955 0.047027
 0.0852378 0.0589117 0.295603 -0.288252 0.0417348
 0.0792395 0.0540678 0.29928 -0.292165 0.0376895
 0.0731493 0.0492935 0.297028 -0.290315 0.033844
 0.067385 0.0447695 0.293138 -0.286658 0.0301795
 0.0621465 0.0409112 0.287385 -0.281202 0.02741
 0.0557382 0.0362545 0.272328 -0.266597 0.0239706
 0.0519493 0.033424 0.264838 -0.259345 0.0218194
 0.04863 0.0309172 0.256985 -0.25164 0.0198751
 0.0449895 0.0282652 0.248364 -0.243256 0.0179099
 0.0417212 0.0259615 0.238638 -0.233702 0.0162688
 0.0380207 0.0234537 0.223879 -0.219227 0.014581
 0.034843 0.0211584 0.213046 -0.20859 0.0127839
 0.0329537 0.0198305 0.203056 -0.198855 0.0118362
 0.0300255 0.0179135 0.188764 -0.184756 0.0105997
 0.0289602 0.0171551 0.184301 -0.180323 0.0100805
 0.0261373 0.015294 0.164398 -0.160914 0.00878575
 0.0244344 0.0143188 0.154646 -0.151181 0.0083883
 0.0232491 0.0134031 0.147229 -0.143961 0.0075786
 0.0220171 0.0126371 0.138639 -0.13551 0.00712855
 0.0204667 0.0114988 0.12887 -0.125927 0.00613087
 0.0194886 0.0109745 0.121084 -0.11822 0.00601868
 0.0183696 0.0102636 0.112878 -0.110217 0.00558675
 0.0170727 0.00938345 0.100592 -0.0981645 0.00488858
 0.016152 0.00883933 0.0931205 -0.090789 0.0046022
 0.0151955 0.0082248 0.084493 -0.0823432 0.00419962
 0.0141632 0.00768635 0.075986 -0.0740285 0.004012
 0.0137963 0.0073901 0.0722823 -0.070355 0.00374222
 0.0131121 0.00699312 0.0658782 -0.0641202 0.0035519
 0.0125634 0.00666443 0.060245 -0.0586132 0.0033881
 0.0117588 0.0061604 0.0546485 -0.053124 0.00302828
 0 0 0 0 0
 0 0 0 0 0
 0 0 0 0 0
 0 0 0 0 0
 0 0 0 0 0
 0 0 0 0 0
 0 0 0 0 0
 0 0 0 0 0
 0 0 0 0 0
 0 0 0 0 0
 0 0 0 0 0
 0 0 0 0 0
 0 0 0 0 0
 0 0 0 0 0
 0 0 0 0 0
 0 0 0 0 0
 0 0 0 0 0
 0 0 0 0 0
 0 0 0 0 0
 0 0 0 0 0
 0 0 0 0 0
 0 0 0 0 0
 0 0 0 0 0
 0 0 0 0 0
 0 0 0 0 0
 0 0 0 0 0
 0 0 0 0 0
 0 0 0 0 0
 0 0 0 0 0
 0 0 0 0 0
 0 0 0 0 0
 0 0 0 0 0
 0 0 0 0 0
 0 0 0 0 0
 0 0 0 0 0
 0 0 0 0 0
 0 0 0 0 0
 0 0 0 0 0
 0 0 0 0 0
 0 0 0 0 0
 0 0 0 0 0
 0 0 0 0 0
 0 0 0 0 0
 0 0 0 0 0
 0 0 0 0 0
 0 0 0 0 0
 0 0 0 0 0
 0 0 0 0 0
 0 0 0 0 0
 0 0 0 0 0
 0 0 0 0 0
 0 0 0 0 0
 0 0 0 0 0
 0 0 0 0 0
 0 0 0 0 0
 0 0 0 0 0
 0 0 0 0 0
 0 0 0 0 0
 0 0 0 0 0
 0 0 0 0 0
 0 0 0 0 0
 0 0 0 0 0
 0 0 0 0 0
 0 0 0 0 0
 0 0 0 0 0
 0 0 0 0 0
 0 0 0 0 0
 0 0 0 0 0
 0 0 0 0 0
 19.0278 18.24 0.159294 -0.13698 17.4935
 6.5173 6.1544 0.157464 -0.136626 5.81955
 3.35035 3.1168 0.161752 -0.141193 2.907
 1.98888 1.82274 0.161106 -0.141786 1.67746
 1.32285 1.19443 0.161594 -0.143558 1.08481
 0.953932 0.84868 0.165003 -0.147527 0.76087
 0.707495 0.620172 0.164708 -0.148408 0.54899
 0.561908 0.485312 0.170021 -0.15446 0.42399
 0.4383 0.373065 0.168625 -0.154047 0.321912
 0.368225 0.30889 0.176039 -0.161857 0.263277
 0.305472 0.252608 0.180245 -0.166749 0.212659
 0.269757 0.219916 0.190565 -0.177733 0.182756
 0.23511 0.18889 0.198277 -0.18612 0.154829
 0.20825 0.164913 0.209655 -0.197922 0.133316
 0.187608 0.146588 0.220282 -0.208856 0.117136
 0.168387 0.12983 0.229148 -0.218299 0.102583
 0.149397 0.113498 0.238663 -0.228733 0.088209
 0.14006 0.104991 0.252767 -0.242877 0.0805047
 0.125694 0.0930545 0.263223 -0.254042 0.0706
 0.116118 0.084847 0.2705 -0.26178 0.0635282
 0.10797 0.077788 0.283885 -0.275197 0.0573165
 0.0995723 0.0708443 0.28638 -0.27831 0.0515655
 0.0916495 0.0644442 0.29167 -0.284092 0.046412
 0.0832243 0.057838 0.288852 -0.281495 0.0412065
 0.0767535 0.0526778 0.286212 -0.279285 0.0369685
 0.0699432 0.0474442 0.281975 -0.275342 0.03293
 0.064857 0.0433915 0.279813 -0.273513 0.0295575
 0.0608595 0.0402565 0.27923 -0.273262 0.0271107
 0.0562578 0.0367995 0.272082 -0.266265 0.0244607
 0.0511212 0.0330682 0.260535 -0.255095 0.0217292
 0.0468565 0.02995 0.249882 -0.244613 0.0193602
 0.0439838 0.0278268 0.24327 -0.23823 0.0177859
 0.041284 0.0257443 0.237285 -0.23251 0.0160688
 0.0375542 0.0232777 0.220447 -0.215788 0.0145297
 0.0351602 0.0215626 0.212943 -0.208463 0.0132524
 0.0329352 0.0200501 0.204586 -0.200319 0.0122459
 0.0305213 0.0183594 0.191763 -0.187645 0.0110287
 0.0281508 0.0167881 0.179897 -0.176074 0.00994728
 0.0266517 0.015658 0.171536 -0.167849 0.00896737
 0.0243301 0.0141926 0.156481 -0.153063 0.00808395
 0.0231576 0.0133754 0.15035 -0.147068 0.00749395
 0.0216583 0.0124542 0.138459 -0.135308 0.00698755
 0.0200564 0.0114143 0.12739 -0.124505 0.00628823
 0.0186995 0.0105862 0.116242 -0.113475 0.00583208
 0.0177098 0.00995045 0.108156 -0.105546 0.00541315
 0.016749 0.00929255 0.100938 -0.098495 0.00496305
 0.0160808 0.0089767 0.0936828 -0.0913693 0.00493418
 0.015272 0.00836905 0.0874677 -0.085287 0.0043928
 0.0142379 0.00773985 0.0792398 -0.0771972 0.00400807
 0.0134881 0.00732425 0.0727217 -0.0708703 0.0038473
 0.0129441 0.0070292 0.0667515 -0.0649835 0.00372718
 0.0123221 0.00662775 0.060237 -0.0586345 0.00345008
 0 0 0 0 0
 0 0 0 0 0
 0 0 0 0 0
 0 0 0 0 0
 0 0 0 0 0
 0 0 0 0 0
 0 0 0 0 0
 0 0 0 0 0
 0 0 0 0 0
 0 0 0 0 0
 0 0 0 0 0
 0 0 0 0 0
 0 0 0 0 0
 0 0 0 0 0
 0 0 0 0 0
 0 0 0 0 0
 0 0 0 0 0
 0 0 0 0 0
 0 0 0 0 0
 0 0 0 0 0
 0 0 0 0 0
 0 0 0 0 0
 0 0 0 0 0
 0 0 0 0 0
 0 0 0 0 0
 0 0 0 0 0
 0 0 0 0 0
 0 0 0 0 0
 0 0 0 0 0
 0 0 0 0 0
 0 0 0 0 0
 0 0 0 0 0
 0 0 0 0 0
 0 0 0 0 0
 0 0 0 0 0
 0 0 0 0 0
 0 0 0 0 0
 0 0 0 0 0
 0 0 0 0 0
 0 0 0 0 0
 0 0 0 0 0
 0 0 0 0 0
 0 0 0 0 0
 0 0 0 0 0
 0 0 0 0 0
 0 0 0 0 0
 0 0 0 0 0
 0 0 0 0 0
 0 0 0 0 0
 0 0 0 0 0
 0 0 0 0 0
 0 0 0 0 0
 0 0 0 0 0
 0 0 0 0 0
 0 0 0 0 0
 0 0 0 0 0
 0 0 0 0 0
 0 0 0 0 0
 0 0 0 0 0
 0 0 0 0 0
 0 0 0 0 0
 0 0 0 0 0
 0 0 0 0 0
 0 0 0 0 0
 0 0 0 0 0
 0 0 0 0 0
 0 0 0 0 0
 0 0 0 0 0
 0 0 0 0 0
 0 0 0 0 0
 19.8223 19.0253 0.157743 -0.135455 18.2694
 6.75982 6.39295 0.157533 -0.136397 6.05418
 3.29718 3.07252 0.154749 -0.134756 2.87055
 1.99779 1.83449 0.157341 -0.138327 1.69141
 1.33272 1.20596 0.158903 -0.140532 1.09788
 0.962923 0.85865 0.162027 -0.144567 0.771632
 0.709383 0.623338 0.16242 -0.145826 0.553035
 0.550682 0.476902 0.163106 -0.147656 0.417925
 0.43371 0.370163 0.16365 -0.148986 0.320382
 0.3624 0.304962 0.169159 -0.155268 0.260695
 0.304593 0.252667 0.174678 -0.161366 0.213274
 0.264283 0.216081 0.180281 -0.167724 0.180079
 0.235471 0.189892 0.192203 -0.179622 0.156261
 0.200609 0.159528 0.193488 -0.182205 0.129733
 0.177601 0.139299 0.202491 -0.1914 0.111829
 0.16079 0.124389 0.21534 -0.20467 0.0985125
 0.148722 0.113472 0.230635 -0.220569 0.0885918
 0.13452 0.101278 0.241135 -0.23148 0.0780805
 0.122478 0.0910328 0.245907 -0.236682 0.0693355
 0.115403 0.084707 0.26546 -0.256608 0.063785
 0.105504 0.0764858 0.271168 -0.262868 0.056909
 0.0965257 0.069031 0.274267 -0.266232 0.0505667
 0.0881923 0.0623307 0.277083 -0.269472 0.0451968
 0.0816055 0.056998 0.28202 -0.274908 0.0408098
 0.075951 0.052402 0.281903 -0.274962 0.037022
 0.0693537 0.0472602 0.2743 -0.267737 0.0329275
 0.0644115 0.0433745 0.277475 -0.271237 0.0297883
 0.0580705 0.0385735 0.26487 -0.258883 0.0260395
 0.0548277 0.036112 0.264272 -0.258565 0.0241888
 0.0503742 0.0328228 0.25582 -0.25036 0.0217533
 0.046377 0.0298635 0.246938 -0.241745 0.0195136
 0.0432477 0.0274952 0.23933 -0.234361 0.0176458
 0.0398755 0.0250883 0.229158 -0.224447 0.0159317
 0.0373888 0.0233246 0.221431 -0.21679 0.0146753
 0.034505 0.021256 0.209165 -0.204662 0.0130659
 0.0323327 0.0197951 0.201306 -0.197152 0.0122012
 0.0295093 0.0178042 0.189219 -0.185289 0.0107123
 0.0276123 0.0165323 0.176356 -0.172649 0.009813
 0.0259968 0.0154712 0.167834 -0.164227 0.00917768
 0.0243622 0.0143824 0.158392 -0.154929 0.00841788
 0.0227673 0.0133245 0.147133 -0.143865 0.00770865
 0.0216672 0.0125912 0.136665 -0.133548 0.007208
 0.02017 0.0115655 0.12911 -0.126249 0.00646835
 0.0185755 0.0105453 0.115599 -0.112872 0.00578635
 0.0178871 0.0101027 0.111364 -0.108744 0.00552958
 0.0165863 0.00929915 0.0997567 -0.09731 0.00504425
 0.0157149 0.00877262 0.0930218 -0.0907612 0.00476238
 0.0147709 0.00812848 0.0858145 -0.0837165 0.00428038
 0.0141926 0.0077695 0.0792835 -0.0772457 0.00406193
 0.0133144 0.0072743 0.0717147 -0.0698672 0.0038602
 0.0128761 0.00693717 0.0667368 -0.0650273 0.00353012
 0 0 0 0 0
 0 0 0 0 0
 0 0 0 0 0
 0 0 0 0 0
 0 0 0 0 0
 0 0 0 0 0
 0 0 0 0 0
 0 0 0 0 0
 0 0 0 0 0
 0 0 0 0 0
 0 0 0 0 0
 0 0 0 0 0
 0 0 0 0 0
 0 0 0 0 0
 0 0 0 0 0
 0 0 0 0 0
 0 0 0 0 0
 0 0 0 0 0
 0 0 0 0 0
 0 0 0 0 0
 0 0 0 0 0
 0 0 0 0 0
 0 0 0 0 0
 0 0 0 0 0
 0 0 0 0 0
 0 0 0 0 0
 0 0 0 0 0
 0 0 0 0 0
 0 0 0 0 0
 0 0 0 0 0
 0 0 0 0 0
 0 0 0 0 0
 0 0 0 0 0
 0 0 0 0 0
 0 0 0 0 0
 0 0 0 0 0
 0 0 0 0 0
 0 0 0 0 0
 0 0 0 0 0
 0 0 0 0 0
 0 0 0 0 0
 0 0 0 0 0
 0 0 0 0 0
 0 0 0 0 0
 0 0 0 0 0
 0 0 0 0 0
 0 0 0 0 0
 0 0 0 0 0
 0 0 0 0 0
 0 0 0 0 0
 0 0 0 0 0
 0 0 0 0 0
 0 0 0 0 0
 0 0 0 0 0
 0 0 0 0 0
 0 0 0 0 0
 0 0 0 0 0
 0 0 0 0 0
 0 0 0 0 0
 0 0 0 0 0
 0 0 0 0 0
 0 0 0 0 0
 0 0 0 0 0
 0 0 0 0 0
 0 0 0 0 0
 0 0 0 0 0
 0 0 0 0 0
 0 0 0 0 0
 0 0 0 0 0
 0 0 0 0 0
 0 0 0 0 0
 20.5863 19.7822 0.155987 -0.13376 19.0185
 6.80462 6.4442 0.155291 -0.133921 6.11092
 3.34805 3.12497 0.152987 -0.132826 2.92415
 1.99746 1.83743 0.153912 -0.13485 1.69703
 1.33383 1.20933 0.154873 -0.136857 1.10283
 0.940467 0.840502 0.154866 -0.137729 0.757052
 0.697805 0.614675 0.153904 -0.137934 0.546705
 0.542552 0.471075 0.156265 -0.141056 0.413768
 0.429447 0.367543 0.158268 -0.143764 0.318908
 0.362845 0.30623 0.164198 -0.149915 0.262648
 0.300847 0.250422 0.1662 -0.152947 0.212308
 0.257842 0.211544 0.171637 -0.158855 0.176979
 0.218524 0.176861 0.175025 -0.16316 0.146224
 0.194729 0.15539 0.185648 -0.174118 0.126808
 0.172195 0.13555 0.192585 -0.181828 0.109204
 0.159001 0.123468 0.2054 -0.195037 0.0982047
 0.141623 0.108496 0.215283 -0.205329 0.0850577
 0.134061 0.101413 0.233462 -0.22379 0.0786215
 0.118773 0.0886692 0.235021 -0.226042 0.0679133
 0.11125 0.0820113 0.250355 -0.241675 0.0620535
 0.10031 0.0730153 0.25201 -0.243676 0.0545112
 0.0936197 0.0672567 0.26327 -0.255575 0.0495068
 0.0868905 0.0617035 0.267272 -0.25982 0.0449028
 0.0785868 0.0551067 0.265212 -0.25821 0.0395613
 0.0734735 0.0508173 0.271338 -0.264515 0.0358155
 0.0676188 0.046353 0.26855 -0.262087 0.032569
 0.0635485 0.0429978 0.270483 -0.264305 0.02972
 0.0570807 0.038177 0.259665 -0.253895 0.026041
 0.053028 0.035041 0.25257 -0.246971 0.0235735
 0.0489625 0.0320682 0.247984 -0.242686 0.0214239
 0.0456057 0.0294927 0.241471 -0.236315 0.0193467
 0.043022 0.0275422 0.238554 -0.233554 0.0178599
 0.0397435 0.0251382 0.229318 -0.224545 0.0160234
 0.0370403 0.0232333 0.221293 -0.216591 0.0146608
 0.0336148 0.0208552 0.203251 -0.198922 0.0129987
 0.0311165 0.0190832 0.19226 -0.18819 0.0116585
 0.0290408 0.017626 0.183454 -0.179567 0.0106271
 0.0271783 0.0163906 0.174225 -0.170534 0.0098528
 0.025438 0.0152071 0.164175 -0.160656 0.00903817
 0.023973 0.014174 0.155635 -0.152261 0.00821863
 0.0223616 0.0131896 0.145257 -0.142053 0.00772715
 0.0209681 0.0122428 0.135349 -0.132309 0.00706893
 0.0198417 0.0114143 0.128048 -0.125143 0.00637903
 0.0185532 0.010661 0.118423 -0.115744 0.00600917
 0.0172764 0.00979215 0.108767 -0.106243 0.00539655
 0.0165958 0.0093885 0.101871 -0.0994445 0.00517218
 0.0153104 0.00853873 0.0923895 -0.090179 0.0045719
 0.0147521 0.008221 0.0874395 -0.0853295 0.00444197
 0.0138799 0.00768773 0.0786447 -0.0766648 0.00413585
 0.0135211 0.00742555 0.0745462 -0.072714 0.0039342
 0 0 0 0 0
 0 0 0 0 0
 0 0 0 0 0
 0 0 0 0 0
 0 0 0 0 0
 0 0 0 0 0
 0 0 0 0 0
 0 0 0 0 0
 0 0 0 0 0
 0 0 0 0 0
 0 0 0 0 0
 0 0 0 0 0
 0 0 0 0 0
 0 0 0 0 0
 0 0 0 0 0
 0 0 0 0 0
 0 0 0 0 0
 0 0 0 0 0
 0 0 0 0 0
 0 0 0 0 0
 0 0 0 0 0
 0 0 0 0 0
 0 0 0 0 0
 0 0 0 0 0
 0 0 0 0 0
 0 0 0 0 0
 0 0 0 0 0
 0 0 0 0 0
 0 0 0 0 0
 0 0 0 0 0
 0 0 0 0 0
 0 0 0 0 0
 0 0 0 0 0
 0 0 0 0 0
 0 0 0 0 0
 0 0 0 0 0
 0 0 0 0 0
 0 0 0 0 0
 0 0 0 0 0
 0 0 0 0 0
 0 0 0 0 0
 0 0 0 0 0
 0 0 0 0 0
 0 0 0 0 0
 0 0 0 0 0
 0 0 0 0 0
 0 0 0 0 0
 0 0 0 0 0
 0 0 0 0 0
 0 0 0 0 0
 0 0 0 0 0
 0 0 0 0 0
 0 0 0 0 0
 0 0 0 0 0
 0 0 0 0 0
 0 0 0 0 0
 0 0 0 0 0
 0 0 0 0 0
 0 0 0 0 0
 0 0 0 0 0
 0 0 0 0 0
 0 0 0 0 0
 0 0 0 0 0
 0 0 0 0 0
 0 0 0 0 0
 0 0 0 0 0
 0 0 0 0 0
 0 0 0 0 0
 0 0 0 0 0
 0 0 0 0 0
 0 0 0 0 0
 0 0 0 0 0
 21.0405 20.2415 0.153403 -0.130971 19.4818
 6.8684 6.51348 0.150781 -0.129575 6.18498
 3.44192 3.2176 0.152004 -0.131931 3.0156
 2.01627 1.85794 0.150895 -0.131993 1.71871
 1.30238 1.18304 0.148906 -0.130919 1.08073
 0.927335 0.830432 0.149668 -0.132662 0.749277
 0.692137 0.611077 0.150892 -0.134879 0.544732
 0.530633 0.461848 0.149193 -0.134288 0.406705
 0.423498 0.363477 0.151145 -0.136768 0.316435
 0.346937 0.293625 0.153036 -0.139464 0.252522
 0.29359 0.245034 0.158474 -0.145416 0.208317
 0.25472 0.209673 0.167403 -0.154738 0.175971
 0.220028 0.178674 0.171123 -0.159287 0.148192
 0.191624 0.153492 0.175655 -0.164559 0.125766
 0.169215 0.133768 0.183656 -0.172679 0.108417
 0.151419 0.118085 0.191706 -0.181346 0.0943683
 0.136866 0.105233 0.200771 -0.190924 0.0828628
 0.126634 0.0962112 0.212803 -0.203573 0.0750907
 0.114354 0.0857707 0.222521 -0.213508 0.0660682
 0.106029 0.0785175 0.233075 -0.224655 0.0597393
 0.0983888 0.0719285 0.244745 -0.236564 0.0539438
 0.0910533 0.0657898 0.252082 -0.244365 0.0488548
 0.083778 0.059725 0.255872 -0.248376 0.0436473
 0.0773288 0.054454 0.259608 -0.252552 0.0393132
 0.0716898 0.049878 0.26019 -0.25359 0.035515
 0.0653437 0.0449997 0.258277 -0.251853 0.0317332
 0.0612865 0.04165 0.257837 -0.251702 0.0288765
 0.056226 0.037741 0.255187 -0.249408 0.0257753
 0.0525525 0.0350005 0.253005 -0.247412 0.0237872
 0.0490758 0.0322933 0.247678 -0.242226 0.0216571
 0.0450315 0.029266 0.237427 -0.232393 0.0192744
 0.0407285 0.0262203 0.224518 -0.219699 0.0171134
 0.038431 0.0244293 0.221478 -0.216872 0.0156377
 0.0355897 0.0224019 0.213863 -0.209413 0.0142005
 0.0337242 0.0210854 0.202857 -0.198645 0.0133283
 0.031127 0.0191932 0.195436 -0.191312 0.0118111
 0.0292473 0.0179824 0.185626 -0.181775 0.0111406
 0.0269472 0.0163646 0.173875 -0.170221 0.00992425
 0.0252805 0.0151532 0.165055 -0.161565 0.0089748
 0.024129 0.0144158 0.158591 -0.155161 0.00853795
 0.0223425 0.0131842 0.146733 -0.143498 0.00767143
 0.0206535 0.0120935 0.13413 -0.131192 0.0069478
 0.0197885 0.0115401 0.128476 -0.125611 0.00663873
 0.0183515 0.0106475 0.118498 -0.115846 0.00611325
 0.0169575 0.00962932 0.108262 -0.105809 0.00526335
 0.0162432 0.00921483 0.100607 -0.0982683 0.00507202
 0.0151521 0.00856672 0.0927955 -0.0905917 0.004737
 0.0146048 0.00819198 0.087198 -0.0851062 0.00448357
 0.0138931 0.00770807 0.0795583 -0.0775995 0.00412697
 0 0 0 0 0
 0 0 0 0 0
 0 0 0 0 0
 0 0 0 0 0
 0 0 0 0 0
 0 0 0 0 0
 0 0 0 0 0
 0 0 0 0 0
 0 0 0 0 0
 0 0 0 0 0
 0 0 0 0 0
 0 0 0 0 0
 0 0 0 0 0
 0 0 0 0 0
 0 0 0 0 0
 0 0 0 0 0
 0 0 0 0 0
 0 0 0 0 0
 0 0 0 0 0
 0 0 0 0 0
 0 0 0 0 0
 0 0 0 0 0
 0 0 0 0 0
 0 0 0 0 0
 0 0 0 0 0
 0 0 0 0 0
 0 0 0 0 0
 0 0 0 0 0
 0 0 0 0 0
 0 0 0 0 0
 0 0 0 0 0
 0 0 0 0 0
 0 0 0 0 0
 0 0 0 0 0
 0 0 0 0 0
 0 0 0 0 0
 0 0 0 0 0
 0 0 0 0 0
 0 0 0 0 0
 0 0 0 0 0
 0 0 0 0 0
 0 0 0 0 0
 0 0 0 0 0
 0 0 0 0 0
 0 0 0 0 0
 0 0 0 0 0
 0 0 0 0 0
 0 0 0 0 0
 0 0 0 0 0
 0 0 0 0 0
 0 0 0 0 0
 0 0 0 0 0
 0 0 0 0 0
 0 0 0 0 0
 0 0 0 0 0
 0 0 0 0 0
 0 0 0 0 0
 0 0 0 0 0
 0 0 0 0 0
 0 0 0 0 0
 0 0 0 0 0
 0 0 0 0 0
 0 0 0 0 0
 0 0 0 0 0
 0 0 0 0 0
 0 0 0 0 0
 0 0 0 0 0
 0 0 0 0 0
 0 0 0 0 0
 0 0 0 0 0
 0 0 0 0 0
 0 0 0 0 0
 0 0 0 0 0
 21.7103 20.9085 0.151873 -0.129172 20.1452
 7.05525 6.69938 0.149606 -0.128351 6.36967
 3.39065 3.17438 0.147249 -0.127182 2.9794
 1.99706 1.84347 0.146169 -0.12745 1.70851
 1.31455 1.19638 0.146541 -0.128666 1.095
 0.927923 0.832723 0.145896 -0.128956 0.753063
 0.69251 0.612817 0.146053 -0.129974 0.54769
 0.52383 0.45714 0.144135 -0.129183 0.403665
 0.429022 0.36916 0.150532 -0.136156 0.321928
 0.349225 0.29639 0.151522 -0.137864 0.25554
 0.291885 0.244284 0.153642 -0.140484 0.208195
 0.248 0.204757 0.157639 -0.145242 0.17247
 0.213533 0.173914 0.16171 -0.149883 0.14471
 0.186861 0.150145 0.167291 -0.15614 0.123405
 0.165319 0.131072 0.17267 -0.162 0.106488
 0.145965 0.114258 0.180705 -0.170542 0.0917395
 0.134014 0.103538 0.192497 -0.182581 0.0821152
 0.122512 0.0933868 0.203466 -0.194369 0.0729905
 0.112461 0.0846585 0.211195 -0.20231 0.065437
 0.103029 0.076557 0.221795 -0.213521 0.058364
 0.095259 0.0699185 0.233309 -0.225282 0.0526543
 0.0879823 0.063772 0.237895 -0.23016 0.0474102
 0.0833382 0.0597363 0.25088 -0.243595 0.043936
 0.0746397 0.0528628 0.247095 -0.240321 0.0384167
 0.06958 0.0486875 0.250525 -0.244142 0.0349587
 0.0641532 0.04436 0.250593 -0.244204 0.0314128
 0.0601147 0.0411225 0.250125 -0.244149 0.0287765
 0.0558563 0.0377765 0.25299 -0.247258 0.02612
 0.0513195 0.0343522 0.244036 -0.238598 0.023485
 0.0478358 0.0317743 0.239568 -0.23427 0.0216491
 0.0444598 0.0290955 0.235019 -0.230093 0.0193799
 0.040786 0.026369 0.225893 -0.221085 0.0172861
 0.0375287 0.0240446 0.216909 -0.212339 0.0155989
 0.0349045 0.0221564 0.205831 -0.20157 0.0142587
 0.0331985 0.0208464 0.202492 -0.198273 0.013197
 0.0304257 0.0188749 0.18921 -0.185308 0.0117576
 0.0282545 0.0174305 0.178962 -0.175141 0.0108179
 0.02591 0.0158087 0.167385 -0.163793 0.00962688
 0.0245425 0.0148312 0.160574 -0.157238 0.0089143
 0.0231828 0.013905 0.150869 -0.147666 0.00828802
 0.0218806 0.013079 0.141775 -0.138731 0.00782432
 0.0203502 0.0120219 0.132405 -0.129488 0.00703385
 0.0188371 0.0109509 0.122444 -0.119722 0.00618243
 0.0177225 0.0103257 0.113908 -0.111315 0.00594135
 0.0171448 0.00989897 0.108861 -0.106351 0.0056014
 0.0160223 0.0091619 0.0996573 -0.097391 0.00511073
 0.0150017 0.0085265 0.0921735 -0.0900142 0.0047439
 0.0139981 0.00793783 0.0820805 -0.0801087 0.00444985
 0 0 0 0 0
 0 0 0 0 0
 0 0 0 0 0
 0 0 0 0 0
 0 0 0 0 0
 0 0 0 0 0
 0 0 0 0 0
 0 0 0 0 0
 0 0 0 0 0
 0 0 0 0 0
 0 0 0 0 0
 0 0 0 0 0
 0 0 0 0 0
 0 0 0 0 0
 0 0 0 0 0
 0 0 0 0 0
 0 0 0 0 0
 0 0 0 0 0
 0 0 0 0 0
 0 0 0 0 0
 0 0 0 0 0
 0 0 0 0 0
 0 0 0 0 0
 0 0 0 0 0
 0 0 0 0 0
 0 0 0 0 0
 0 0 0 0 0
 0 0 0 0 0
 0 0 0 0 0
 0 0 0 0 0
 0 0 0 0 0
 0 0 0 0 0
 0 0 0 0 0
 0 0 0 0 0
 0 0 0 0 0
 0 0 0 0 0
 0 0 0 0 0
 0 0 0 0 0
 0 0 0 0 0
 0 0 0 0 0
 0 0 0 0 0
 0 0 0 0 0
 0 0 0 0 0
 0 0 0 0 0
 0 0 0 0 0
 0 0 0 0 0
 0 0 0 0 0
 0 0 0 0 0
 0 0 0 0 0
 0 0 0 0 0
 0 0 0 0 0
 0 0 0 0 0
 0 0 0 0 0
 0 0 0 0 0
 0 0 0 0 0
 0 0 0 0 0
 0 0 0 0 0
 0 0 0 0 0
 0 0 0 0 0
 0 0 0 0 0
 0 0 0 0 0
 0 0 0 0 0
 0 0 0 0 0
 0 0 0 0 0
 0 0 0 0 0
 0 0 0 0 0
 0 0 0 0 0
 0 0 0 0 0
 0 0 0 0 0
 0 0 0 0 0
 0 0 0 0 0
 0 0 0 0 0
 0 0 0 0 0
 0 0 0 0 0
 22.3132 21.5118 0.148781 -0.126309 20.7481
 7.25808 6.90045 0.149272 -0.127534 6.5686
 3.43055 3.2163 0.14549 -0.125368 3.02285
 2.07074 1.91453 0.146894 -0.127705 1.77688
 1.32313 1.20637 0.143639 -0.125573 1.10598
 0.926042 0.832698 0.141886 -0.124959 0.75444
 0.689785 0.611763 0.141965 -0.125902 0.547845
 0.531167 0.46456 0.143461 -0.1282 0.4111
 0.418518 0.361035 0.143438 -0.129124 0.315792
 0.34082 0.29003 0.145335 -0.131772 0.250775
 0.280217 0.235244 0.144084 -0.131322 0.201148
 0.243476 0.201661 0.151951 -0.139565 0.17042
 0.209862 0.171499 0.156216 -0.144424 0.143217
 0.184112 0.148525 0.16059 -0.14947 0.122778
 0.15986 0.127247 0.164151 -0.153546 0.103867
 0.141721 0.11129 0.17011 -0.16002 0.0896035
 0.129371 0.100335 0.180184 -0.170471 0.079925
 0.120123 0.0919548 0.195013 -0.185742 0.0722897
 0.109719 0.082962 0.202527 -0.193717 0.0644935
 0.100193 0.0748 0.212743 -0.204567 0.0573382
 0.0943448 0.0695407 0.226623 -0.218674 0.052592
 0.0852633 0.0621667 0.229222 -0.221732 0.0466343
 0.0784805 0.0565495 0.230781 -0.223566 0.0419282
 0.073405 0.0522595 0.237908 -0.231035 0.0382883
 0.067476 0.0474632 0.238992 -0.232569 0.0343075
 0.0621835 0.043216 0.237993 -0.231699 0.0307997
 0.0579613 0.0398425 0.239185 -0.233248 0.0280683
 0.0536418 0.0364865 0.240066 -0.234418 0.0254178
 0.0491827 0.0331368 0.229593 -0.224228 0.0229062
 0.0462135 0.0307227 0.230281 -0.2251 0.0207894
 0.0433 0.028515 0.225971 -0.221114 0.0191662
 0.0398422 0.0258925 0.218996 -0.214208 0.0170515
 0.0370615 0.0238936 0.208881 -0.2043 0.0156559
 0.0346022 0.0221357 0.205876 -0.201502 0.0144349
 0.0325125 0.0206028 0.196753 -0.192572 0.0132537
 0.0297825 0.0186892 0.184578 -0.18058 0.0118837
 0.0281518 0.0174159 0.178936 -0.175165 0.0107637
 0.0263465 0.0161382 0.168587 -0.16502 0.0098533
 0.0246083 0.0149469 0.159855 -0.15645 0.00902135
 0.0233389 0.0140626 0.15346 -0.150174 0.0084159
 0.0213117 0.0127953 0.140155 -0.137075 0.00765913
 0.0202322 0.0120321 0.133618 -0.130671 0.00710953
 0.0192003 0.0113213 0.125409 -0.122658 0.00659353
 0.0179189 0.0104511 0.11688 -0.114323 0.0059763
 0.0165527 0.00957803 0.107414 -0.105065 0.00542782
 0.015885 0.00913313 0.0996512 -0.097403 0.00512222
 0.0149093 0.0085524 0.092026 -0.0899105 0.00484142
 0 0 0 0 0
 0 0 0 0 0
 0 0 0 0 0
 0 0 0 0 0
 0 0 0 0 0
 0 0 0 0 0
 0 0 0 0 0
 0 0 0 0 0
 0 0 0 0 0
 0 0 0 0 0
 0 0 0 0 0
 0 0 0 0 0
 0 0 0 0 0
 0 0 0 0 0
 0 0 0 0 0
 0 0 0 0 0
 0 0 0 0 0
 0 0 0 0 0
 0 0 0 0 0
 0 0 0 0 0
 0 0 0 0 0
 0 0 0 0 0
 0 0 0 0 0
 0 0 0 0 0
 0 0 0 0 0
 0 0 0 0 0
 0 0 0 0 0
 0 0 0 0 0
 0 0 0 0 0
 0 0 0 0 0
 0 0 0 0 0
 0 0 0 0 0
 0 0 0 0 0
 0 0 0 0 0
 0 0 0 0 0
 0 0 0 0 0
 0 0 0 0 0
 0 0 0 0 0
 0 0 0 0 0
 0 0 0 0 0
 0 0 0 0 0
 0 0 0 0 0
 0 0 0 0 0
 0 0 0 0 0
 0 0 0 0 0
 0 0 0 0 0
 0 0 0 0 0
 0 0 0 0 0
 0 0 0 0 0
 0 0 0 0 0
 0 0 0 0 0
 0 0 0 0 0
 0 0 0 0 0
 0 0 0 0 0
 0 0 0 0 0
 0 0 0 0 0
 0 0 0 0 0
 0 0 0 0 0
 0 0 0 0 0
 0 0 0 0 0
 0 0 0 0 0
 0 0 0 0 0
 0 0 0 0 0
 0 0 0 0 0
 0 0 0 0 0
 0 0 0 0 0
 0 0 0 0 0
 0 0 0 0 0
 0 0 0 0 0
 0 0 0 0 0
 0 0 0 0 0
 0 0 0 0 0
 0 0 0 0 0
 0 0 0 0 0
 0 0 0 0 0
 23.3034 22.4887 0.149869 -0.126596 21.7113
 7.20173 6.855 0.143946 -0.122711 6.53288
 3.5391 3.32275 0.144666 -0.124391 3.12702
 2.04698 1.89559 0.142362 -0.123301 1.76213
 1.34879 1.23202 0.142145 -0.124108 1.1317
 0.932945 0.840545 0.141655 -0.124555 0.76297
 0.685495 0.609192 0.13877 -0.123014 0.54651
 0.524085 0.459498 0.137545 -0.122472 0.407843
 0.427567 0.369775 0.142632 -0.128165 0.324145
 0.3405 0.290487 0.140335 -0.126528 0.25177
 0.28471 0.239657 0.144355 -0.131158 0.205481
 0.238074 0.197724 0.144462 -0.132241 0.167483
 0.207035 0.169728 0.150133 -0.138404 0.142274
 0.180512 0.145969 0.152627 -0.141508 0.120826
 0.158437 0.126533 0.160428 -0.149705 0.103578
 0.139769 0.11014 0.165128 -0.155036 0.089059
 0.127639 0.0992865 0.171872 -0.162381 0.0793165
 0.11664 0.089584 0.181399 -0.172178 0.070672
 0.105829 0.0803633 0.190478 -0.182019 0.062825
 0.0992492 0.0743888 0.202014 -0.193815 0.0573185
 0.0893525 0.0661928 0.2069 -0.199113 0.0504468
 0.08294 0.0607055 0.214345 -0.206822 0.0457563
 0.075365 0.054549 0.217836 -0.21087 0.040713
 0.0710442 0.0507747 0.228812 -0.222048 0.0373315
 0.066088 0.0466992 0.230259 -0.223837 0.0339318
 0.0608825 0.0424777 0.230465 -0.224463 0.0304222
 0.0557477 0.0385013 0.228374 -0.222502 0.0272612
 0.051828 0.0354578 0.228111 -0.22247 0.0249272
 0.0489895 0.0331285 0.228737 -0.223322 0.0229243
 0.0453235 0.0302865 0.225884 -0.220902 0.0206719
 0.043256 0.0286222 0.224488 -0.219502 0.0192914
 0.0387625 0.0254237 0.212132 -0.207453 0.0170196
 0.036872 0.0238536 0.210269 -0.205696 0.0156206
 0.0337493 0.0216082 0.197862 -0.193688 0.0139585
 0.0317403 0.0202127 0.191831 -0.187707 0.0130883
 0.0294847 0.0186058 0.182431 -0.178516 0.0119194
 0.0280585 0.0175362 0.176967 -0.173235 0.0110818
 0.025916 0.0160413 0.16712 -0.163621 0.0100132
 0.0241956 0.0148031 0.158368 -0.155084 0.0090521
 0.0223643 0.0136159 0.147563 -0.144333 0.00829905
 0.0216097 0.0130315 0.143078 -0.139971 0.00783312
 0.0199372 0.0119087 0.132663 -0.129804 0.00703998
 0.0187782 0.0110988 0.124618 -0.121836 0.00644017
 0.0174471 0.0102786 0.113542 -0.110973 0.00599618
 0.0166284 0.00968872 0.106934 -0.104521 0.00552173
 0.0158651 0.00923432 0.10131 -0.0990047 0.0053239
 0 0 0 0 0
 0 0 0 0 0
 0 0 0 0 0
 0 0 0 0 0
 0 0 0 0 0
 0 0 0 0 0
 0 0 0 0 0
 0 0 0 0 0
 0 0 0 0 0
 0 0 0 0 0
 0 0 0 0 0
 0 0 0 0 0
 0 0 0 0 0
 0 0 0 0 0
 0 0 0 0 0
 0 0 0 0 0
 0 0 0 0 0
 0 0 0 0 0
 0 0 0 0 0
 0 0 0 0 0
 0 0 0 0 0
 0 0 0 0 0
 0 0 0 0 0
 0 0 0 0 0
 0 0 0 0 0
 0 0 0 0 0
 0 0 0 0 0
 0 0 0 0 0
 0 0 0 0 0
 0 0 0 0 0
 0 0 0 0 0
 0 0 0 0 0
 0 0 0 0 0
 0 0 0 0 0
 0 0 0 0 0
 0 0 0 0 0
 0 0 0 0 0
 0 0 0 0 0
 0 0 0 0 0
 0 0 0 0 0
 0 0 0 0 0
 0 0 0 0 0
 0 0 0 0 0
 0 0 0 0 0
 0 0 0 0 0
 0 0 0 0 0
 0 0 0 0 0
 0 0 0 0 0
 0 0 0 0 0
 0 0 0 0 0
 0 0 0 0 0
 0 0 0 0 0
 0 0 0 0 0
 0 0 0 0 0
 0 0 0 0 0
 0 0 0 0 0
 0 0 0 0 0
 0 0 0 0 0
 0 0 0 0 0
 0 0 0 0 0
 0 0 0 0 0
 0 0 0 0 0
 0 0 0 0 0
 0 0 0 0 0
 0 0 0 0 0
 0 0 0 0 0
 0 0 0 0 0
 0 0 0 0 0
 0 0 0 0 0
 0 0 0 0 0
 0 0 0 0 0
 0 0 0 0 0
 0 0 0 0 0
 0 0 0 0 0
 0 0 0 0 0
 0 0 0 0 0
 24.2246 23.4001 0.149434 -0.126013 22.6125
 7.40443 7.05605 0.144324 -0.122392 6.73217
 3.49827 3.28865 0.140677 -0.120381 3.09878
 2.08297 1.93176 0.141507 -0.122132 1.79818
 1.32404 1.2114 0.137651 -0.119518 1.11442
 0.938435 0.84707 0.13759 -0.120574 0.770248
 0.69114 0.61542 0.137232 -0.12116 0.553033
 0.52839 0.464222 0.13627 -0.121148 0.412458
 0.416615 0.36113 0.135803 -0.121411 0.317453
 0.335138 0.286617 0.135785 -0.122291 0.248964
 0.27993 0.236263 0.137622 -0.124868 0.202931
 0.236544 0.197029 0.140152 -0.128054 0.167421
 0.199362 0.163835 0.140652 -0.129443 0.137488
 0.176533 0.143239 0.146581 -0.135669 0.118999
 0.154541 0.12376 0.15111 -0.1406 0.101641
 0.136684 0.10813 0.154992 -0.145144 0.0878327
 0.121062 0.0945002 0.159013 -0.149792 0.0757987
 0.111743 0.0861568 0.171227 -0.162107 0.0683105
 0.10363 0.078919 0.183465 -0.174865 0.0617962
 0.0947042 0.0712423 0.189338 -0.181251 0.0550988
 0.088164 0.0655303 0.202077 -0.194246 0.0500533
 0.0801043 0.058859 0.205571 -0.198194 0.0444972
 0.0738998 0.053679 0.208671 -0.201658 0.0401373
 0.0692103 0.0496612 0.218988 -0.212336 0.0366258
 0.065576 0.0465337 0.226514 -0.220211 0.033957
 0.0596347 0.0418065 0.224537 -0.218424 0.030047
 0.0562868 0.03907 0.231856 -0.226135 0.0277998
 0.0522372 0.0359085 0.226474 -0.220906 0.0253448
 0.0471993 0.0319987 0.219644 -0.214332 0.0221463
 0.0438265 0.0294563 0.217496 -0.212472 0.020272
 0.0412485 0.0274437 0.215639 -0.210766 0.0186436
 0.0375585 0.0247497 0.201851 -0.197239 0.0166752
 0.0356088 0.0232124 0.202065 -0.19762 0.015412
 0.0331913 0.0214048 0.194508 -0.190276 0.0140202
 0.031457 0.0201379 0.191167 -0.187198 0.0131097
 0.029018 0.0183475 0.182443 -0.178637 0.0116926
 0.0270063 0.0169391 0.170515 -0.166838 0.010725
 0.0258588 0.0162112 0.166721 -0.163243 0.0103628
 0.0240514 0.0148755 0.158249 -0.154929 0.0092794
 0.0220293 0.0134927 0.145443 -0.142389 0.0083026
 0.0207193 0.0125404 0.136866 -0.133982 0.0075666
 0.0198373 0.0119654 0.131425 -0.128578 0.00723697
 0.0183445 0.0109846 0.121064 -0.118453 0.0065788
 0.0170778 0.0101303 0.110396 -0.107928 0.00598773
 0.0163504 0.00960815 0.10607 -0.103727 0.0055743
 0 0 0 0 0
 0 0 0 0 0
 0 0 0 0 0
 0 0 0 0 0
 0 0 0 0 0
 0 0 0 0 0
 0 0 0 0 0
 0 0 0 0 0
 0 0 0 0 0
 0 0 0 0 0
 0 0 0 0 0
 0 0 0 0 0
 0 0 0 0 0
 0 0 0 0 0
 0 0 0 0 0
 0 0 0 0 0
 0 0 0 0 0
 0 0 0 0 0
 0 0 0 0 0
 0 0 0 0 0
 0 0 0 0 0
 0 0 0 0 0
 0 0 0 0 0
 0 0 0 0 0
 0 0 0 0 0
 0 0 0 0 0
 0 0 0 0 0
 0 0 0 0 0
 0 0 0 0 0
 0 0 0 0 0
 0 0 0 0 0
 0 0 0 0 0
 0 0 0 0 0
 0 0 0 0 0
 0 0 0 0 0
 0 0 0 0 0
 0 0 0 0 0
 0 0 0 0 0
 0 0 0 0 0
 0 0 0 0 0
 0 0 0 0 0
 0 0 0 0 0
 0 0 0 0 0
 0 0 0 0 0
 0 0 0 0 0
 0 0 0 0 0
 0 0 0 0 0
 0 0 0 0 0
 0 0 0 0 0
 0 0 0 0 0
 0 0 0 0 0
 0 0 0 0 0
 0 0 0 0 0
 0 0 0 0 0
 0 0 0 0 0
 0 0 0 0 0
 0 0 0 0 0
 0 0 0 0 0
 0 0 0 0 0
 0 0 0 0 0
 0 0 0 0 0
 0 0 0 0 0
 0 0 0 0 0
 0 0 0 0 0
 0 0 0 0 0
 0 0 0 0 0
 0 0 0 0 0
 0 0 0 0 0
 0 0 0 0 0
 0 0 0 0 0
 0 0 0 0 0
 0 0 0 0 0
 0 0 0 0 0
 0 0 0 0 0
 0 0 0 0 0
 0 0 0 0 0
 0 0 0 0 0
 24.5298 23.7166 0.145901 -0.122283 22.939
 7.56805 7.2199 0.142783 -0.120752 6.89565
 3.6166 3.40432 0.140943 -0.120406 3.2116
 2.08438 1.9359 0.138173 -0.118971 1.80471
 1.33809 1.22629 0.135188 -0.117329 1.12996
 0.931785 0.842582 0.134748 -0.117343 0.767455
 0.672602 0.60013 0.130215 -0.114581 0.54064
 0.525255 0.462465 0.132494 -0.117222 0.411895
 0.41772 0.362978 0.133902 -0.119357 0.319852
 0.335105 0.28732 0.13277 -0.119024 0.250275
 0.276873 0.234336 0.133348 -0.120684 0.202011
 0.230001 0.192127 0.132516 -0.120624 0.163784
 0.202841 0.167237 0.138097 -0.126567 0.140914
 0.172357 0.140218 0.139597 -0.128675 0.116748
 0.150516 0.120905 0.142405 -0.131982 0.0995482
 0.129684 0.102915 0.142969 -0.133261 0.083915
 0.121029 0.094823 0.153756 -0.144284 0.0763737
 0.109752 0.084933 0.163711 -0.154726 0.0676163
 0.100502 0.0768368 0.170395 -0.162017 0.0605005
 0.0923653 0.0698272 0.177961 -0.16987 0.0544525
 0.0843808 0.0629807 0.188776 -0.180982 0.0484035
 0.0785658 0.0579253 0.196695 -0.189359 0.0439388
 0.073154 0.0532975 0.206818 -0.199723 0.0398708
 0.0671938 0.048425 0.209269 -0.20252 0.035906
 0.0632177 0.045034 0.214944 -0.208543 0.0329532
 0.0578193 0.040732 0.214815 -0.208958 0.0294953
 0.0539365 0.0375945 0.218722 -0.212975 0.026901
 0.0494065 0.034076 0.214 -0.208531 0.0241193
 0.046587 0.0318062 0.218074 -0.212913 0.022277
 0.043266 0.0292102 0.212497 -0.207543 0.0201542
 0.0404578 0.027049 0.208396 -0.203566 0.0184917
 0.0378035 0.0250018 0.205486 -0.200911 0.0168449
 0.0357587 0.0234239 0.202962 -0.198547 0.015628
 0.0328988 0.0213432 0.194837 -0.190665 0.014081
 0.0302643 0.0194463 0.184109 -0.180149 0.0127046
 0.028596 0.0181586 0.178953 -0.175208 0.011636
 0.0269272 0.0170282 0.169714 -0.16606 0.010927
 0.0251643 0.0157596 0.162915 -0.15944 0.00998415
 0.022924 0.0142515 0.15068 -0.14748 0.00895753
 0.0222001 0.0136474 0.147569 -0.144413 0.00840542
 0.0203394 0.0123737 0.135474 -0.132601 0.00749138
 0.0194234 0.0118428 0.129514 -0.126714 0.00729877
 0.0182833 0.0110043 0.120891 -0.118231 0.00662575
 0.0172915 0.0103346 0.114592 -0.112137 0.0061555
 0 0 0 0 0
 0 0 0 0 0
 0 0 0 0 0
 0 0 0 0 0
 0 0 0 0 0
 0 0 0 0 0
 0 0 0 0 0
 0 0 0 0 0
 0 0 0 0 0
 0 0 0 0 0
 0 0 0 0 0
 0 0 0 0 0
 0 0 0 0 0
 0 0 0 0 0
 0 0 0 0 0
 0 0 0 0 0
 0 0 0 0 0
 0 0 0 0 0
 0 0 0 0 0
 0 0 0 0 0
 0 0 0 0 0
 0 0 0 0 0
 0 0 0 0 0
 0 0 0 0 0
 0 0 0 0 0
 0 0 0 0 0
 0 0 0 0 0
 0 0 0 0 0
 0 0 0 0 0
 0 0 0 0 0
 0 0 0 0 0
 0 0 0 0 0
 0 0 0 0 0
 0 0 0 0 0
 0 0 0 0 0
 0 0 0 0 0
 0 0 0 0 0
 0 0 0 0 0
 0 0 0 0 0
 0 0 0 0 0
 0 0 0 0 0
 0 0 0 0 0
 0 0 0 0 0
 0 0 0 0 0
 0 0 0 0 0
 0 0 0 0 0
 0 0 0 0 0
 0 0 0 0 0
 0 0 0 0 0
 0 0 0 0 0
 0 0 0 0 0
 0 0 0 0 0
 0 0 0 0 0
 0 0 0 0 0
 0 0 0 0 0
 0 0 0 0 0
 0 0 0 0 0
 0 0 0 0 0
 0 0 0 0 0
 0 0 0 0 0
 0 0 0 0 0
 0 0 0 0 0
 0 0 0 0 0
 0 0 0 0 0
 0 0 0 0 0
 0 0 0 0 0
 0 0 0 0 0
 0 0 0 0 0
 0 0 0 0 0
 0 0 0 0 0
 0 0 0 0 0
 0 0 0 0 0
 0 0 0 0 0
 0 0 0 0 0
 0 0 0 0 0
 0 0 0 0 0
 0 0 0 0 0
 0 0 0 0 0
 25.2535 24.4379 0.143198 -0.119855 23.6573
 7.7547 7.4058 0.142599 -0.119888 7.08042
 3.6389 3.42962 0.138224 -0.117656 3.23965
 2.06752 1.92298 0.134789 -0.115367 1.79504
 1.35312 1.24201 0.134462 -0.115897 1.14608
 0.907188 0.821727 0.127991 -0.110999 0.74983
 0.704532 0.62983 0.133104 -0.116766 0.568212
 0.521713 0.460312 0.12869 -0.113555 0.410865
 0.414753 0.36115 0.129883 -0.115488 0.31869
 0.332425 0.285657 0.128448 -0.114946 0.249319
 0.270305 0.22933 0.127867 -0.115314 0.198075
 0.232867 0.195004 0.132551 -0.120185 0.166603
 0.189611 0.156762 0.128268 -0.116975 0.132516
 0.17261 0.140901 0.137538 -0.12656 0.117782
 0.147095 0.118511 0.137308 -0.127063 0.0978182
 0.128289 0.102109 0.138173 -0.12862 0.08354
 0.117848 0.0926588 0.147316 -0.13811 0.0749077
 0.105062 0.081614 0.15083 -0.142228 0.0652737
 0.0983758 0.075468 0.164742 -0.156216 0.0595855
 0.088168 0.0668675 0.165684 -0.157886 0.0523525
 0.08203 0.061461 0.178595 -0.171027 0.04742
 0.075933 0.0562475 0.187823 -0.180562 0.0429602
 0.070688 0.0517345 0.19503 -0.188055 0.0389605
 0.0652555 0.047195 0.199842 -0.193368 0.0351335
 0.060434 0.0432578 0.204893 -0.198641 0.0318448
 0.0564807 0.040024 0.20774 -0.201841 0.0292345
 0.0532018 0.037293 0.213449 -0.207861 0.0268483
 0.0497187 0.034461 0.215991 -0.21057 0.0244943
 0.0457937 0.031402 0.211073 -0.205858 0.0221061
 0.0418828 0.0284468 0.202849 -0.197955 0.0198376
 0.0396293 0.0265908 0.203572 -0.198857 0.0182182
 0.0362158 0.0240466 0.19284 -0.188444 0.0162794
 0.0350558 0.0231673 0.196898 -0.192537 0.0156891
 0.032295 0.021083 0.189731 -0.185661 0.0140564
 0.0302962 0.0196114 0.18355 -0.179571 0.0129364
 0.028212 0.0180703 0.1764 -0.172624 0.0117558
 0.0258272 0.0164045 0.163879 -0.160339 0.0105988
 0.0244725 0.015362 0.160205 -0.1568 0.0097046
 0.0228397 0.0141959 0.151199 -0.147994 0.00883305
 0.0218928 0.0135633 0.147628 -0.144526 0.00845907
 0.0201017 0.0122524 0.133025 -0.130151 0.00739515
 0.018778 0.011465 0.124214 -0.121506 0.00704427
 0.017633 0.0106414 0.118702 -0.1161 0.00638835
 0 0 0 0 0
 0 0 0 0 0
 0 0 0 0 0
 0 0 0 0 0
 0 0 0 0 0
 0 0 0 0 0
 0 0 0 0 0
 0 0 0 0 0
 0 0 0 0 0
 0 0 0 0 0
 0 0 0 0 0
 0 0 0 0 0
 0 0 0 0 0
 0 0 0 0 0
 0 0 0 0 0
 0 0 0 0 0
 0 0 0 0 0
 0 0 0 0 0
 0 0 0 0 0
 0 0 0 0 0
 0 0 0 0 0
 0 0 0 0 0
 0 0 0 0 0
 0 0 0 0 0
 0 0 0 0 0
 0 0 0 0 0
 0 0 0 0 0
 0 0 0 0 0
 0 0 0 0 0
 0 0 0 0 0
 0 0 0 0 0
 0 0 0 0 0
 0 0 0 0 0
 0 0 0 0 0
 0 0 0 0 0
 0 0 0 0 0
 0 0 0 0 0
 0 0 0 0 0
 0 0 0 0 0
 0 0 0 0 0
 0 0 0 0 0
 0 0 0 0 0
 0 0 0 0 0
 0 0 0 0 0
 0 0 0 0 0
 0 0 0 0 0
 0 0 0 0 0
 0 0 0 0 0
 0 0 0 0 0
 0 0 0 0 0
 0 0 0 0 0
 0 0 0 0 0
 0 0 0 0 0
 0 0 0 0 0
 0 0 0 0 0
 0 0 0 0 0
 0 0 0 0 0
 0 0 0 0 0
 0 0 0 0 0
 0 0 0 0 0
 0 0 0 0 0
 0 0 0 0 0
 0 0 0 0 0
 0 0 0 0 0
 0 0 0 0 0
 0 0 0 0 0
 0 0 0 0 0
 0 0 0 0 0
 0 0 0 0 0
 0 0 0 0 0
 0 0 0 0 0
 0 0 0 0 0
 0 0 0 0 0
 0 0 0 0 0
 0 0 0 0 0
 0 0 0 0 0
 0 0 0 0 0
 0 0 0 0 0
 0 0 0 0 0
 26.139 25.3163 0.143102 -0.119344 24.5277
 7.93012 7.5812 0.140806 -0.118194 7.25555
 3.734 3.52343 0.138168 -0.116853 3.33203
 2.12495 1.97909 0.133859 -0.114484 1.84988
 1.3223 1.21556 0.128544 -0.110338 1.12333
 0.95384 0.865418 0.131288 -0.113885 0.790695
 0.68981 0.617797 0.129215 -0.11272 0.558438
 0.520862 0.46047 0.126041 -0.110895 0.411738
 0.410595 0.358315 0.124999 -0.110685 0.317022
 0.333258 0.287107 0.126374 -0.112857 0.251185
 0.269468 0.229185 0.124916 -0.112242 0.198423
 0.227532 0.191 0.126635 -0.114518 0.163423
 0.192085 0.159237 0.126567 -0.115325 0.134883
 0.166953 0.136729 0.12946 -0.118644 0.114784
 0.143986 0.116322 0.12911 -0.118718 0.0963308
 0.131476 0.10504 0.13715 -0.127322 0.086299
 0.113312 0.0893717 0.136748 -0.127751 0.0725272
 0.104128 0.0811255 0.144871 -0.136311 0.0650833
 0.0953635 0.073409 0.153491 -0.145084 0.0581875
 0.085469 0.0650555 0.158096 -0.150248 0.051107
 0.0803798 0.0604558 0.169114 -0.161609 0.0469245
 0.0732715 0.0545033 0.175652 -0.168453 0.0418227
 0.0685565 0.050389 0.185528 -0.178739 0.0381498
 0.065031 0.0472742 0.196442 -0.189904 0.035394
 0.05887 0.0422732 0.196149 -0.190025 0.0311952
 0.0560047 0.0397903 0.204139 -0.198246 0.029006
 0.0510882 0.035905 0.199631 -0.194043 0.02592
 0.0466983 0.0324797 0.198763 -0.193525 0.0231986
 0.0446897 0.0307647 0.204156 -0.199061 0.0216934
 0.0414623 0.0281938 0.199201 -0.194357 0.0196307
 0.0380943 0.0257087 0.194213 -0.189652 0.0177878
 0.036341 0.0242808 0.195563 -0.191229 0.0165724
 0.0338005 0.0224247 0.186708 -0.182537 0.0152803
 0.0312102 0.0204708 0.183242 -0.179199 0.0136949
 0.0298217 0.0194005 0.18162 -0.177757 0.0128702
 0.027556 0.0177093 0.169881 -0.16623 0.011523
 0.0258935 0.0164726 0.164574 -0.161045 0.0105954
 0.024624 0.0155906 0.159697 -0.1563 0.0100048
 0.0228465 0.0143627 0.149466 -0.146327 0.00913657
 0.0216089 0.0133972 0.143967 -0.140928 0.00830917
 0.0198776 0.0122596 0.133572 -0.130757 0.00760835
 0.018464 0.011252 0.125694 -0.122997 0.00682548
 0 0 0 0 0
 0 0 0 0 0
 0 0 0 0 0
 0 0 0 0 0
 0 0 0 0 0
 0 0 0 0 0
 0 0 0 0 0
 0 0 0 0 0
 0 0 0 0 0
 0 0 0 0 0
 0 0 0 0 0
 0 0 0 0 0
 0 0 0 0 0
 0 0 0 0 0
 0 0 0 0 0
 0 0 0 0 0
 0 0 0 0 0
 0 0 0 0 0
 0 0 0 0 0
 0 0 0 0 0
 0 0 0 0 0
 0 0 0 0 0
 0 0 0 0 0
 0 0 0 0 0
 0 0 0 0 0
 0 0 0 0 0
 0 0 0 0 0
 0 0 0 0 0
 0 0 0 0 0
 0 0 0 0 0
 0 0 0 0 0
 0 0 0 0 0
 0 0 0 0 0
 0 0 0 0 0
 0 0 0 0 0
 0 0 0 0 0
 0 0 0 0 0
 0 0 0 0 0
 0 0 0 0 0
 0 0 0 0 0
 0 0 0 0 0
 0 0 0 0 0
 0 0 0 0 0
 0 0 0 0 0
 0 0 0 0 0
 0 0 0 0 0
 0 0 0 0 0
 0 0 0 0 0
 0 0 0 0 0
 0 0 0 0 0
 0 0 0 0 0
 0 0 0 0 0
 0 0 0 0 0
 0 0 0 0 0
 0 0 0 0 0
 0 0 0 0 0
 0 0 0 0 0
 0 0 0 0 0
 0 0 0 0 0
 0 0 0 0 0
 0 0 0 0 0
 0 0 0 0 0
 0 0 0 0 0
 0 0 0 0 0
 0 0 0 0 0
 0 0 0 0 0
 0 0 0 0 0
 0 0 0 0 0
 0 0 0 0 0
 0 0 0 0 0
 0 0 0 0 0
 0 0 0 0 0
 0 0 0 0 0
 0 0 0 0 0
 0 0 0 0 0
 0 0 0 0 0
 0 0 0 0 0
 0 0 0 0 0
 0 0 0 0 0
 0 0 0 0 0
 27.0633 26.2327 0.142323 -0.118172 25.4363
 8.03835 7.69222 0.138771 -0.116131 7.36887
 3.77475 3.56593 0.136872 -0.115574 3.37573
 2.14784 2.00304 0.133324 -0.113517 1.87447
 1.36835 1.25973 0.129747 -0.111318 1.16558
 0.956288 0.869148 0.129122 -0.111519 0.795415
 0.675608 0.606065 0.123591 -0.107464 0.548497
 0.529505 0.469067 0.125472 -0.110038 0.420183
 0.411623 0.359965 0.12345 -0.1091 0.31897
 0.335163 0.289407 0.124055 -0.110282 0.253835
 0.267695 0.228153 0.121369 -0.108768 0.19778
 0.227014 0.191047 0.123519 -0.111405 0.16392
 0.191961 0.159529 0.12349 -0.112315 0.135449
 0.165137 0.135567 0.125926 -0.115052 0.113966
 0.141041 0.114348 0.123682 -0.113629 0.0951308
 0.127363 0.102053 0.131014 -0.121379 0.084038
 0.108655 0.0859575 0.128413 -0.119383 0.070022
 0.103361 0.0807985 0.139553 -0.130891 0.0650153
 0.092401 0.07134 0.146211 -0.137887 0.0566798
 0.0848293 0.0647977 0.152849 -0.144872 0.051067
 0.0767625 0.057931 0.158373 -0.150992 0.045087
 0.0721375 0.0538055 0.170477 -0.163333 0.041338
 0.0670735 0.0495418 0.176504 -0.16978 0.0377813
 0.0619945 0.0451787 0.184374 -0.178046 0.0338582
 0.0567887 0.0409963 0.184436 -0.178475 0.0305283
 0.053964 0.0385127 0.193724 -0.18804 0.0282637
 0.0499515 0.035292 0.19489 -0.189201 0.025667
 0.046062 0.0322142 0.195526 -0.190237 0.023188
 0.0436668 0.0302162 0.194392 -0.189418 0.0214963
 0.0402727 0.0275725 0.192726 -0.187886 0.0193634
 0.0380968 0.0258725 0.190077 -0.185454 0.018078
 0.035129 0.0235692 0.188144 -0.183727 0.0161729
 0.0332015 0.0221386 0.186558 -0.182368 0.015127
 0.0309038 0.020416 0.181013 -0.177074 0.0138267
 0.0288285 0.018811 0.174801 -0.17104 0.012471
 0.0269678 0.0174044 0.168026 -0.164408 0.0113854
 0.0250875 0.0160345 0.160334 -0.156862 0.0103494
 0.0235422 0.0149469 0.152912 -0.14959 0.0095824
 0.0220332 0.0138791 0.145522 -0.142462 0.00883057
 0.0204962 0.012845 0.137412 -0.134531 0.00816273
 0.0199013 0.0123729 0.132762 -0.129893 0.00775825
 0 0 0 0 0
 0 0 0 0 0
 0 0 0 0 0
 0 0 0 0 0
 0 0 0 0 0
 0 0 0 0 0
 0 0 0 0 0
 0 0 0 0 0
 0 0 0 0 0
 0 0 0 0 0
 0 0 0 0 0
 0 0 0 0 0
 0 0 0 0 0
 0 0 0 0 0
 0 0 0 0 0
 0 0 0 0 0
 0 0 0 0 0
 0 0 0 0 0
 0 0 0 0 0
 0 0 0 0 0
 0 0 0 0 0
 0 0 0 0 0
 0 0 0 0 0
 0 0 0 0 0
 0 0 0 0 0
 0 0 0 0 0
 0 0 0 0 0
 0 0 0 0 0
 0 0 0 0 0
 0 0 0 0 0
 0 0 0 0 0
 0 0 0 0 0
 0 0 0 0 0
 0 0 0 0 0
 0 0 0 0 0
 0 0 0 0 0
 0 0 0 0 0
 0 0 0 0 0
 0 0 0 0 0
 0 0 0 0 0
 0 0 0 0 0
 0 0 0 0 0
 0 0 0 0 0
 0 0 0 0 0
 0 0 0 0 0
 0 0 0 0 0
 0 0 0 0 0
 0 0 0 0 0
 0 0 0 0 0
 0 0 0 0 0
 0 0 0 0 0
 0 0 0 0 0
 0 0 0 0 0
 0 0 0 0 0
 0 0 0 0 0
 0 0 0 0 0
 0 0 0 0 0
 0 0 0 0 0
 0 0 0 0 0
 0 0 0 0 0
 0 0 0 0 0
 0 0 0 0 0
 0 0 0 0 0
 0 0 0 0 0
 0 0 0 0 0
 0 0 0 0 0
 0 0 0 0 0
 0 0 0 0 0
 0 0 0 0 0
 0 0 0 0 0
 0 0 0 0 0
 0 0 0 0 0
 0 0 0 0 0
 0 0 0 0 0
 0 0 0 0 0
 0 0 0 0 0
 0 0 0 0 0
 0 0 0 0 0
 0 0 0 0 0
 0 0 0 0 0
 0 0 0 0 0
 27.9807 27.1435 0.141451 -0.116813 26.3398
 8.24773 7.90007 0.139573 -0.116197 7.57483
 3.81922 3.61203 0.135006 -0.113326 3.42327
 2.1675 2.02395 0.131801 -0.111537 1.89652
 1.36049 1.25432 0.127064 -0.108743 1.1623
 0.947583 0.862515 0.125888 -0.108389 0.790362
 0.685635 0.616198 0.123012 -0.106578 0.558685
 0.52623 0.467013 0.123079 -0.107598 0.41894
 0.403168 0.353267 0.118557 -0.104363 0.313515
 0.328903 0.284615 0.119414 -0.105838 0.25009
 0.267147 0.228224 0.118387 -0.10556 0.198296
 0.225617 0.190321 0.119467 -0.107433 0.163701
 0.1916 0.159669 0.121055 -0.109551 0.13596
 0.164959 0.13577 0.122593 -0.111738 0.114339
 0.140506 0.114258 0.121053 -0.111094 0.0953575
 0.122598 0.0984632 0.122773 -0.113331 0.0812488
 0.110701 0.0878312 0.127915 -0.119065 0.071672
 0.101207 0.0793932 0.133504 -0.124978 0.0641325
 0.090044 0.0697753 0.138127 -0.129906 0.0557295
 0.0834862 0.0639535 0.146209 -0.138383 0.0504998
 0.0761445 0.0576853 0.150341 -0.143101 0.0451588
 0.0688572 0.0515725 0.158849 -0.152089 0.0398343
 0.0633805 0.0469765 0.164045 -0.157523 0.0359795
 0.0597505 0.0437555 0.173098 -0.166909 0.0330198
 0.0555672 0.0402362 0.177329 -0.171276 0.0299968
 0.0519105 0.0372003 0.17956 -0.173851 0.027457
 0.0489388 0.0347275 0.186189 -0.18068 0.0253863
 0.0458745 0.0321845 0.189939 -0.1847 0.023209
 0.0426432 0.029655 0.192216 -0.187167 0.021213
 0.040025 0.027546 0.190113 -0.185207 0.0194808
 0.0368692 0.0251058 0.188511 -0.184022 0.0175052
 0.0340805 0.0230164 0.179765 -0.175466 0.0159586
 0.032893 0.0219471 0.183447 -0.179259 0.0149449
 0.0303377 0.0200507 0.175626 -0.171732 0.0134906
 0.028092 0.0184062 0.168617 -0.164852 0.0122713
 0.0264395 0.0171827 0.163768 -0.160218 0.011352
 0.024783 0.0159654 0.155692 -0.15229 0.0104411
 0.023395 0.0149669 0.153786 -0.150551 0.00971025
 0.0220944 0.0139926 0.144788 -0.141669 0.00896775
 0.0206426 0.0130157 0.137361 -0.134469 0.008326
 0 0 0 0 0
 0 0 0 0 0
 0 0 0 0 0
 0 0 0 0 0
 0 0 0 0 0
 0 0 0 0 0
 0 0 0 0 0
 0 0 0 0 0
 0 0 0 0 0
 0 0 0 0 0
 0 0 0 0 0
 0 0 0 0 0
 0 0 0 0 0
 0 0 0 0 0
 0 0 0 0 0
 0 0 0 0 0
 0 0 0 0 0
 0 0 0 0 0
 0 0 0 0 0
 0 0 0 0 0
 0 0 0 0 0
 0 0 0 0 0
 0 0 0 0 0
 0 0 0 0 0
 0 0 0 0 0
 0 0 0 0 0
 0 0 0 0 0
 0 0 0 0 0
 0 0 0 0 0
 0 0 0 0 0
 0 0 0 0 0
 0 0 0 0 0
 0 0 0 0 0
 0 0 0 0 0
 0 0 0 0 0
 0 0 0 0 0
 0 0 0 0 0
 0 0 0 0 0
 0 0 0 0 0
 0 0 0 0 0
 0 0 0 0 0
 0 0 0 0 0
 0 0 0 0 0
 0 0 0 0 0
 0 0 0 0 0
 0 0 0 0 0
 0 0 0 0 0
 0 0 0 0 0
 0 0 0 0 0
 0 0 0 0 0
 0 0 0 0 0
 0 0 0 0 0
 0 0 0 0 0
 0 0 0 0 0
 0 0 0 0 0
 0 0 0 0 0
 0 0 0 0 0
 0 0 0 0 0
 0 0 0 0 0
 0 0 0 0 0
 0 0 0 0 0
 0 0 0 0 0
 0 0 0 0 0
 0 0 0 0 0
 0 0 0 0 0
 0 0 0 0 0
 0 0 0 0 0
 0 0 0 0 0
 0 0 0 0 0
 0 0 0 0 0
 0 0 0 0 0
 0 0 0 0 0
 0 0 0 0 0
 0 0 0 0 0
 0 0 0 0 0
 0 0 0 0 0
 0 0 0 0 0
 0 0 0 0 0
 0 0 0 0 0
 0 0 0 0 0
 0 0 0 0 0
 0 0 0 0 0
 29.09 28.241 0.141814 -0.116438 27.425
 8.5247 8.1729 0.139138 -0.115394 7.84362
 3.82702 3.6233 0.131522 -0.110115 3.4374
 2.18565 2.04342 0.129095 -0.109018 1.91699
 1.39202 1.28518 0.126172 -0.107447 1.19241
 0.95192 0.86786 0.123162 -0.105582 0.7966
 0.680608 0.61272 0.119251 -0.103113 0.556422
 0.53418 0.474867 0.121482 -0.105818 0.42665
 0.406095 0.356515 0.118085 -0.103436 0.317038
 0.31881 0.276402 0.113248 -0.100048 0.243298
 0.266135 0.227957 0.115015 -0.102362 0.198719
 0.223061 0.188623 0.115417 -0.103453 0.162575
 0.187673 0.156756 0.115619 -0.104347 0.133772
 0.162286 0.133929 0.116473 -0.105814 0.11316
 0.137876 0.112397 0.115996 -0.10586 0.0939635
 0.122241 0.098444 0.119079 -0.109488 0.0814433
 0.109463 0.087084 0.123467 -0.114356 0.0712253
 0.0977265 0.0768805 0.126714 -0.118146 0.0622945
 0.0897357 0.0697933 0.133611 -0.125305 0.0559702
 0.0804427 0.0618395 0.135857 -0.128179 0.0491002
 0.0746867 0.0567757 0.14435 -0.136995 0.044596
 0.067715 0.0508802 0.150042 -0.143139 0.0394965
 0.0625708 0.04653 0.156862 -0.150453 0.0357247
 0.0585 0.0429937 0.164849 -0.158639 0.0325755
 0.0551933 0.0401567 0.173212 -0.167184 0.0301355
 0.0516782 0.0372372 0.176206 -0.170462 0.0277047
 0.048454 0.0345262 0.183598 -0.178067 0.0253575
 0.0453155 0.0319293 0.187005 -0.181875 0.0231249
 0.04164 0.02911 0.181279 -0.176303 0.0209781
 0.0390155 0.0269912 0.18238 -0.177621 0.0192333
 0.035946 0.0246078 0.179943 -0.175472 0.0173066
 0.0332815 0.022547 0.174443 -0.170189 0.0156709
 0.0315125 0.0211464 0.171437 -0.167398 0.0145126
 0.0298395 0.0198434 0.169765 -0.165883 0.0135012
 0.027493 0.018145 0.164327 -0.160706 0.0122555
 0.0265795 0.0174148 0.162881 -0.159265 0.0116848
 0.0244711 0.0158746 0.153847 -0.15047 0.0105078
 0.0226404 0.0145051 0.147054 -0.143929 0.00940922
 0.0212563 0.0136046 0.140392 -0.137334 0.0089009
 0 0 0 0 0
 0 0 0 0 0
 0 0 0 0 0
 0 0 0 0 0
 0 0 0 0 0
 0 0 0 0 0
 0 0 0 0 0
 0 0 0 0 0
 0 0 0 0 0
 0 0 0 0 0
 0 0 0 0 0
 0 0 0 0 0
 0 0 0 0 0
 0 0 0 0 0
 0 0 0 0 0
 0 0 0 0 0
 0 0 0 0 0
 0 0 0 0 0
 0 0 0 0 0
 0 0 0 0 0
 0 0 0 0 0
 0 0 0 0 0
 0 0 0 0 0
 0 0 0 0 0
 0 0 0 0 0
 0 0 0 0 0
 0 0 0 0 0
 0 0 0 0 0
 0 0 0 0 0
 0 0 0 0 0
 0 0 0 0 0
 0 0 0 0 0
 0 0 0 0 0
 0 0 0 0 0
 0 0 0 0 0
 0 0 0 0 0
 0 0 0 0 0
 0 0 0 0 0
 0 0 0 0 0
 0 0 0 0 0
 0 0 0 0 0
 0 0 0 0 0
 0 0 0 0 0
 0 0 0 0 0
 0 0 0 0 0
 0 0 0 0 0
 0 0 0 0 0
 0 0 0 0 0
 0 0 0 0 0
 0 0 0 0 0
 0 0 0 0 0
 0 0 0 0 0
 0 0 0 0 0
 0 0 0 0 0
 0 0 0 0 0
 0 0 0 0 0
 0 0 0 0 0
 0 0 0 0 0
 0 0 0 0 0
 0 0 0 0 0
 0 0 0 0 0
 0 0 0 0 0
 0 0 0 0 0
 0 0 0 0 0
 0 0 0 0 0
 0 0 0 0 0
 0 0 0 0 0
 0 0 0 0 0
 0 0 0 0 0
 0 0 0 0 0
 0 0 0 0 0
 0 0 0 0 0
 0 0 0 0 0
 0 0 0 0 0
 0 0 0 0 0
 0 0 0 0 0
 0 0 0 0 0
 0 0 0 0 0
 0 0 0 0 0
 0 0 0 0 0
 0 0 0 0 0
 0 0 0 0 0
 0 0 0 0 0
 30.0652 29.2087 0.140887 -0.115209 28.3853
 8.66777 8.31728 0.138801 -0.114744 7.98865
 4.03177 3.82113 0.135838 -0.113531 3.62875
 2.22774 2.08527 0.129329 -0.108993 1.95827
 1.41224 1.3056 0.125726 -0.106894 1.21275
 0.972205 0.887687 0.122937 -0.105067 0.815925
 0.686787 0.61932 0.117937 -0.101485 0.563313
 0.520828 0.463895 0.115956 -0.100492 0.417668
 0.412065 0.362495 0.116352 -0.101739 0.323047
 0.31901 0.277185 0.111287 -0.0979122 0.244499
 0.267543 0.229605 0.113505 -0.100614 0.200437
 0.222185 0.188363 0.112581 -0.100479 0.162805
 0.184821 0.154768 0.112288 -0.101168 0.132341
 0.159358 0.13185 0.113347 -0.102761 0.111628
 0.136664 0.111717 0.112429 -0.102391 0.0936628
 0.120279 0.0971603 0.113854 -0.104328 0.0806855
 0.105785 0.0844628 0.115349 -0.106561 0.0694208
 0.09486 0.0748503 0.119261 -0.110753 0.0608385
 0.0846065 0.0659975 0.122837 -0.11481 0.0530903
 0.0787005 0.060671 0.130446 -0.12277 0.0481778
 0.0717143 0.0547142 0.135815 -0.128635 0.0431387
 0.065387 0.0492785 0.141858 -0.134975 0.0383095
 0.0610515 0.0455783 0.148964 -0.142479 0.0351837
 0.056789 0.0419078 0.156575 -0.15034 0.0319112
 0.0532467 0.0389193 0.161987 -0.156083 0.029404
 0.0496363 0.0358832 0.170773 -0.165144 0.0268093
 0.045465 0.0325188 0.166895 -0.161718 0.0239896
 0.0436065 0.0308413 0.17554 -0.170376 0.022421
 0.0396953 0.0278407 0.172408 -0.167675 0.0201259
 0.0377275 0.0261608 0.176303 -0.171658 0.0186293
 0.035139 0.024159 0.172645 -0.168194 0.0170545
 0.0330277 0.0224722 0.173719 -0.169439 0.0156567
 0.0308645 0.0208249 0.169895 -0.165956 0.0144017
 0.0290973 0.0194782 0.167253 -0.163451 0.0133575
 0.0268668 0.0178007 0.160969 -0.157318 0.0120657
 0.0259593 0.0170686 0.158896 -0.155354 0.011468
 0.0241061 0.0157129 0.152588 -0.149238 0.0104304
 0.0219379 0.0141368 0.142471 -0.139332 0.00925443
 0 0 0 0 0
 0 0 0 0 0
 0 0 0 0 0
 0 0 0 0 0
 0 0 0 0 0
 0 0 0 0 0
 0 0 0 0 0
 0 0 0 0 0
 0 0 0 0 0
 0 0 0 0 0
 0 0 0 0 0
 0 0 0 0 0
 0 0 0 0 0
 0 0 0 0 0
 0 0 0 0 0
 0 0 0 0 0
 0 0 0 0 0
 0 0 0 0 0
 0 0 0 0 0
 0 0 0 0 0
 0 0 0 0 0
 0 0 0 0 0
 0 0 0 0 0
 0 0 0 0 0
 0 0 0 0 0
 0 0 0 0 0
 0 0 0 0 0
 0 0 0 0 0
 0 0 0 0 0
 0 0 0 0 0
 0 0 0 0 0
 0 0 0 0 0
 0 0 0 0 0
 0 0 0 0 0
 0 0 0 0 0
 0 0 0 0 0
 0 0 0 0 0
 0 0 0 0 0
 0 0 0 0 0
 0 0 0 0 0
 0 0 0 0 0
 0 0 0 0 0
 0 0 0 0 0
 0 0 0 0 0
 0 0 0 0 0
 0 0 0 0 0
 0 0 0 0 0
 0 0 0 0 0
 0 0 0 0 0
 0 0 0 0 0
 0 0 0 0 0
 0 0 0 0 0
 0 0 0 0 0
 0 0 0 0 0
 0 0 0 0 0
 0 0 0 0 0
 0 0 0 0 0
 0 0 0 0 0
 0 0 0 0 0
 0 0 0 0 0
 0 0 0 0 0
 0 0 0 0 0
 0 0 0 0 0
 0 0 0 0 0
 0 0 0 0 0
 0 0 0 0 0
 0 0 0 0 0
 0 0 0 0 0
 0 0 0 0 0
 0 0 0 0 0
 0 0 0 0 0
 0 0 0 0 0
 0 0 0 0 0
 0 0 0 0 0
 0 0 0 0 0
 0 0 0 0 0
 0 0 0 0 0
 0 0 0 0 0
 0 0 0 0 0
 0 0 0 0 0
 0 0 0 0 0
 0 0 0 0 0
 0 0 0 0 0
 0 0 0 0 0
 31.2522 30.3833 0.140756 -0.114894 29.547
 9.0001 8.64372 0.138833 -0.114521 8.30932
 3.89018 3.69058 0.128268 -0.106554 3.50792
 2.25564 2.11375 0.128459 -0.107799 1.98709
 1.41656 1.31127 0.123701 -0.104568 1.21954
 0.958057 0.87598 0.119033 -0.101322 0.80612
 0.695552 0.628237 0.116614 -0.0999923 0.57226
 0.525153 0.468515 0.114683 -0.0992148 0.422355
 0.402308 0.354522 0.111908 -0.0974253 0.316313
 0.32115 0.279597 0.109923 -0.0965698 0.247017
 0.268348 0.230821 0.110853 -0.0980163 0.201961
 0.219881 0.18682 0.10986 -0.0978555 0.161779
 0.183627 0.15416 0.107255 -0.0961055 0.132224
 0.156716 0.13 0.108072 -0.0973025 0.110476
 0.134217 0.110035 0.108229 -0.0982913 0.09251
 0.118719 0.0961635 0.110775 -0.101334 0.0799988
 0.105056 0.0841243 0.113543 -0.104637 0.0693115
 0.0928245 0.0734788 0.114656 -0.106175 0.0599322
 0.084323 0.0659857 0.118691 -0.110605 0.0532612
 0.075688 0.0586122 0.121005 -0.113601 0.0469772
 0.0694978 0.053158 0.127749 -0.120595 0.0419448
 0.064723 0.0489813 0.134491 -0.127639 0.0382798
 0.0600013 0.0448853 0.142303 -0.135777 0.0346858
 0.0549552 0.040719 0.149349 -0.143298 0.031171
 0.0518945 0.0380735 0.155745 -0.150024 0.0288813
 0.0490197 0.035544 0.160667 -0.155085 0.0265725
 0.0451972 0.0324768 0.168577 -0.163317 0.0240848
 0.041833 0.0297438 0.168058 -0.163011 0.0217961
 0.0387675 0.0272967 0.166373 -0.161585 0.0198205
 0.0365727 0.0254685 0.169333 -0.164856 0.0182448
 0.0341198 0.0235511 0.16596 -0.161679 0.0167146
 0.0319328 0.0218488 0.163962 -0.159859 0.0153797
 0.0300415 0.0203352 0.165752 -0.161857 0.0140954
 0.0284442 0.0191291 0.162305 -0.158533 0.0131957
 0.026562 0.0176679 0.156372 -0.152841 0.0120125
 0.0249193 0.0164388 0.153934 -0.150563 0.011056
 0.0230424 0.015089 0.145949 -0.142768 0.0100969
 0 0 0 0 0
 0 0 0 0 0
 0 0 0 0 0
 0 0 0 0 0
 0 0 0 0 0
 0 0 0 0 0
 0 0 0 0 0
 0 0 0 0 0
 0 0 0 0 0
 0 0 0 0 0
 0 0 0 0 0
 0 0 0 0 0
 0 0 0 0 0
 0 0 0 0 0
 0 0 0 0 0
 0 0 0 0 0
 0 0 0 0 0
 0 0 0 0 0
 0 0 0 0 0
 0 0 0 0 0
 0 0 0 0 0
 0 0 0 0 0
 0 0 0 0 0
 0 0 0 0 0
 0 0 0 0 0
 0 0 0 0 0
 0 0 0 0 0
 0 0 0 0 0
 0 0 0 0 0
 0 0 0 0 0
 0 0 0 0 0
 0 0 0 0 0
 0 0 0 0 0
 0 0 0 0 0
 0 0 0 0 0
 0 0 0 0 0
 0 0 0 0 0
 0 0 0 0 0
 0 0 0 0 0
 0 0 0 0 0
 0 0 0 0 0
 0 0 0 0 0
 0 0 0 0 0
 0 0 0 0 0
 0 0 0 0 0
 0 0 0 0 0
 0 0 0 0 0
 0 0 0 0 0
 0 0 0 0 0
 0 0 0 0 0
 0 0 0 0 0
 0 0 0 0 0
 0 0 0 0 0
 0 0 0 0 0
 0 0 0 0 0
 0 0 0 0 0
 0 0 0 0 0
 0 0 0 0 0
 0 0 0 0 0
 0 0 0 0 0
 0 0 0 0 0
 0 0 0 0 0
 0 0 0 0 0
 0 0 0 0 0
 0 0 0 0 0
 0 0 0 0 0
 0 0 0 0 0
 0 0 0 0 0
 0 0 0 0 0
 0 0 0 0 0
 0 0 0 0 0
 0 0 0 0 0
 0 0 0 0 0
 0 0 0 0 0
 0 0 0 0 0
 0 0 0 0 0
 0 0 0 0 0
 0 0 0 0 0
 0 0 0 0 0
 0 0 0 0 0
 0 0 0 0 0
 0 0 0 0 0
 0 0 0 0 0
 0 0 0 0 0
 0 0 0 0 0
 32.5983 31.7137 0.141187 -0.114678 30.8612
 9.13805 8.78332 0.13776 -0.113257 8.45002
 4.01663 3.81425 0.129272 -0.106966 3.62893
 2.22207 2.08462 0.12443 -0.103818 1.9617
 1.41878 1.315 0.12187 -0.102634 1.22449
 0.975045 0.892842 0.118466 -0.100511 0.822772
 0.70953 0.641835 0.116355 -0.099818 0.585355
 0.51914 0.463925 0.111545 -0.096127 0.418827
 0.411687 0.363537 0.111058 -0.096528 0.325065
 0.322152 0.281 0.108049 -0.0944888 0.24868
 0.263942 0.22744 0.106891 -0.094106 0.19926
 0.218403 0.185939 0.10664 -0.0945122 0.161317
 0.182717 0.153735 0.105799 -0.0945688 0.132058
 0.158353 0.131672 0.106526 -0.0957605 0.112091
 0.134908 0.110848 0.107411 -0.0973345 0.0933963
 0.117551 0.0955142 0.106004 -0.096656 0.0797805
 0.106871 0.085813 0.11043 -0.101501 0.0709075
 0.0906705 0.0719483 0.10918 -0.100903 0.0588622
 0.0809395 0.0635205 0.110479 -0.102727 0.0514143
 0.0736465 0.0571713 0.116355 -0.108902 0.0458393
 0.0676843 0.0519245 0.120758 -0.113696 0.041143
 0.0623255 0.0473147 0.126674 -0.11997 0.0371222
 0.0593152 0.0445515 0.138311 -0.13189 0.034584
 0.0551093 0.0409593 0.143315 -0.137146 0.0314755
 0.0494943 0.0363855 0.146134 -0.140558 0.027612
 0.046807 0.0340625 0.15296 -0.147581 0.0255688
 0.0429968 0.0309865 0.153782 -0.14869 0.0230554
 0.041227 0.0294515 0.163955 -0.158995 0.0217409
 0.0387635 0.027387 0.163768 -0.159072 0.0199243
 0.0368507 0.0257875 0.169625 -0.165084 0.0185505
 0.033652 0.023324 0.162601 -0.158344 0.0166383
 0.0315245 0.0216432 0.162062 -0.157985 0.0152572
 0.0294243 0.02004 0.159854 -0.15594 0.0140328
 0.027577 0.0186218 0.155534 -0.151795 0.0128982
 0.0258182 0.0172609 0.151892 -0.148394 0.0118083
 0.0246466 0.0163707 0.148838 -0.145419 0.0111241
 0 0 0 0 0
 0 0 0 0 0
 0 0 0 0 0
 0 0 0 0 0
 0 0 0 0 0
 0 0 0 0 0
 0 0 0 0 0
 0 0 0 0 0
 0 0 0 0 0
 0 0 0 0 0
 0 0 0 0 0
 0 0 0 0 0
 0 0 0 0 0
 0 0 0 0 0
 0 0 0 0 0
 0 0 0 0 0
 0 0 0 0 0
 0 0 0 0 0
 0 0 0 0 0
 0 0 0 0 0
 0 0 0 0 0
 0 0 0 0 0
 0 0 0 0 0
 0 0 0 0 0
 0 0 0 0 0
 0 0 0 0 0
 0 0 0 0 0
 0 0 0 0 0
 0 0 0 0 0
 0 0 0 0 0
 0 0 0 0 0
 0 0 0 0 0
 0 0 0 0 0
 0 0 0 0 0
 0 0 0 0 0
 0 0 0 0 0
 0 0 0 0 0
 0 0 0 0 0
 0 0 0 0 0
 0 0 0 0 0
 0 0 0 0 0
 0 0 0 0 0
 0 0 0 0 0
 0 0 0 0 0
 0 0 0 0 0
 0 0 0 0 0
 0 0 0 0 0
 0 0 0 0 0
 0 0 0 0 0
 0 0 0 0 0
 0 0 0 0 0
 0 0 0 0 0
 0 0 0 0 0
 0 0 0 0 0
 0 0 0 0 0
 0 0 0 0 0
 0 0 0 0 0
 0 0 0 0 0
 0 0 0 0 0
 0 0 0 0 0
 0 0 0 0 0
 0 0 0 0 0
 0 0 0 0 0
 0 0 0 0 0
 0 0 0 0 0
 0 0 0 0 0
 0 0 0 0 0
 0 0 0 0 0
 0 0 0 0 0
 0 0 0 0 0
 0 0 0 0 0
 0 0 0 0 0
 0 0 0 0 0
 0 0 0 0 0
 0 0 0 0 0
 0 0 0 0 0
 0 0 0 0 0
 0 0 0 0 0
 0 0 0 0 0
 0 0 0 0 0
 0 0 0 0 0
 0 0 0 0 0
 0 0 0 0 0
 0 0 0 0 0
 0 0 0 0 0
 0 0 0 0 0
 32.8512 31.9803 0.139084 -0.112595 31.14
 9.10665 8.7601 0.13408 -0.109537 8.43413
 4.05228 3.8517 0.128208 -0.105478 3.6677
 2.31934 2.17827 0.126629 -0.105403 2.05209
 1.43929 1.33561 0.120775 -0.101205 1.24497
 0.984048 0.902253 0.117447 -0.0994065 0.832395
 0.72603 0.657735 0.116669 -0.0994505 0.60072
 0.530345 0.47472 0.111703 -0.0961645 0.429202
 0.40667 0.35968 0.107828 -0.0933913 0.322058
 0.332605 0.290758 0.108419 -0.0946912 0.25791
 0.259515 0.22413 0.103983 -0.091205 0.19687
 0.219632 0.187437 0.10489 -0.092798 0.163019
 0.182095 0.153591 0.102337 -0.0911382 0.132339
 0.150705 0.125571 0.101236 -0.0906715 0.107048
 0.131911 0.108742 0.101911 -0.0919033 0.0920255
 0.114001 0.092831 0.101797 -0.0925953 0.077655
 0.102605 0.0825962 0.103802 -0.0949002 0.0684475
 0.0906415 0.072146 0.10665 -0.0983607 0.059159
 0.081859 0.064441 0.108981 -0.101152 0.0523685
 0.0730975 0.0569023 0.112816 -0.105391 0.045712
 0.0660688 0.0508207 0.114524 -0.107568 0.0403765
 0.0613152 0.0466848 0.121685 -0.115019 0.0367127
 0.0564518 0.042525 0.127398 -0.121079 0.0330903
 0.0526637 0.039255 0.13354 -0.127584 0.0302232
 0.0500135 0.0369473 0.144302 -0.138452 0.028221
 0.0454175 0.0331933 0.14638 -0.140955 0.0250445
 0.042377 0.0306322 0.150057 -0.144958 0.022831
 0.0391652 0.0280408 0.150178 -0.145277 0.0207345
 0.0378025 0.026813 0.158254 -0.153518 0.0196067
 0.0354832 0.0249045 0.159035 -0.154548 0.0179493
 0.033484 0.0232923 0.162832 -0.158489 0.016659
 0.0308487 0.0212632 0.160114 -0.156051 0.0150463
 0.0295535 0.0202218 0.158139 -0.154228 0.0142069
 0.027696 0.0187902 0.157448 -0.153747 0.0130993
 0.0260768 0.0175244 0.152403 -0.148862 0.0120817
 0 0 0 0 0
 0 0 0 0 0
 0 0 0 0 0
 0 0 0 0 0
 0 0 0 0 0
 0 0 0 0 0
 0 0 0 0 0
 0 0 0 0 0
 0 0 0 0 0
 0 0 0 0 0
 0 0 0 0 0
 0 0 0 0 0
 0 0 0 0 0
 0 0 0 0 0
 0 0 0 0 0
 0 0 0 0 0
 0 0 0 0 0
 0 0 0 0 0
 0 0 0 0 0
 0 0 0 0 0
 0 0 0 0 0
 0 0 0 0 0
 0 0 0 0 0
 0 0 0 0 0
 0 0 0 0 0
 0 0 0 0 0
 0 0 0 0 0
 0 0 0 0 0
 0 0 0 0 0
 0 0 0 0 0
 0 0 0 0 0
 0 0 0 0 0
 0 0 0 0 0
 0 0 0 0 0
 0 0 0 0 0
 0 0 0 0 0
 0 0 0 0 0
 0 0 0 0 0
 0 0 0 0 0
 0 0 0 0 0
 0 0 0 0 0
 0 0 0 0 0
 0 0 0 0 0
 0 0 0 0 0
 0 0 0 0 0
 0 0 0 0 0
 0 0 0 0 0
 0 0 0 0 0
 0 0 0 0 0
 0 0 0 0 0
 0 0 0 0 0
 0 0 0 0 0
 0 0 0 0 0
 0 0 0 0 0
 0 0 0 0 0
 0 0 0 0 0
 0 0 0 0 0
 0 0 0 0 0
 0 0 0 0 0
 0 0 0 0 0
 0 0 0 0 0
 0 0 0 0 0
 0 0 0 0 0
 0 0 0 0 0
 0 0 0 0 0
 0 0 0 0 0
 0 0 0 0 0
 0 0 0 0 0
 0 0 0 0 0
 0 0 0 0 0
 0 0 0 0 0
 0 0 0 0 0
 0 0 0 0 0
 0 0 0 0 0
 0 0 0 0 0
 0 0 0 0 0
 0 0 0 0 0
 0 0 0 0 0
 0 0 0 0 0
 0 0 0 0 0
 0 0 0 0 0
 0 0 0 0 0
 0 0 0 0 0
 0 0 0 0 0
 0 0 0 0 0
 0 0 0 0 0
 0 0 0 0 0
 34.2963 33.4077 0.138565 -0.111605 32.5508
 9.4169 9.06565 0.134322 -0.109244 8.73508
 4.14082 3.93955 0.126658 -0.10407 3.75475
 2.34272 2.20254 0.124839 -0.103564 2.0769
 1.45434 1.35117 0.119444 -0.0996972 1.26096
 1.00088 0.918895 0.117913 -0.0995185 0.84874
 0.707375 0.641755 0.112663 -0.0955847 0.586935
 0.530147 0.475282 0.110006 -0.0942115 0.430312
 0.410062 0.363272 0.107375 -0.092615 0.325698
 0.326412 0.285828 0.104927 -0.0912765 0.253865
 0.257868 0.223134 0.101572 -0.088863 0.196322
 0.214708 0.183593 0.100295 -0.0883392 0.159949
 0.182867 0.154602 0.100883 -0.0895385 0.133435
 0.150678 0.125886 0.0984315 -0.0879492 0.10762
 0.130561 0.107857 0.0976627 -0.0878008 0.0914305
 0.11501 0.0938892 0.10011 -0.0907945 0.0787342
 0.099062 0.079957 0.0997972 -0.0910545 0.0663875
 0.08754 0.0698597 0.100454 -0.092191 0.0574477
 0.0795188 0.0627692 0.104766 -0.0970307 0.051113
 0.072178 0.056342 0.107825 -0.100453 0.0453995
 0.0649647 0.0501773 0.11022 -0.103216 0.0400517
 0.0595333 0.045503 0.114516 -0.107973 0.0359795
 0.0560795 0.042401 0.124145 -0.11776 0.0331175
 0.0509427 0.0381243 0.1274 -0.121488 0.0295207
 0.0478762 0.035416 0.133899 -0.128213 0.027024
 0.04417 0.0323602 0.138855 -0.13347 0.0244823
 0.0418542 0.0303677 0.144814 -0.139722 0.0227543
 0.039114 0.0281267 0.148671 -0.143868 0.0208838
 0.0362158 0.0257785 0.149541 -0.144924 0.0189333
 0.0344635 0.0243141 0.151606 -0.147193 0.0177129
 0.032398 0.0226155 0.15402 -0.149825 0.0162312
 0.0299195 0.0207225 0.149767 -0.145798 0.0147742
 0.0282837 0.019382 0.151194 -0.14729 0.0135894
 0.0263665 0.0179017 0.147436 -0.143813 0.0124339
 0 0 0 0 0
 0 0 0 0 0
 0 0 0 0 0
 0 0 0 0 0
 0 0 0 0 0
 0 0 0 0 0
 0 0 0 0 0
 0 0 0 0 0
 0 0 0 0 0
 0 0 0 0 0
 0 0 0 0 0
 0 0 0 0 0
 0 0 0 0 0
 0 0 0 0 0
 0 0 0 0 0
 0 0 0 0 0
 0 0 0 0 0
 0 0 0 0 0
 0 0 0 0 0
 0 0 0 0 0
 0 0 0 0 0
 0 0 0 0 0
 0 0 0 0 0
 0 0 0 0 0
 0 0 0 0 0
 0 0 0 0 0
 0 0 0 0 0
 0 0 0 0 0
 0 0 0 0 0
 0 0 0 0 0
 0 0 0 0 0
 0 0 0 0 0
 0 0 0 0 0
 0 0 0 0 0
 0 0 0 0 0
 0 0 0 0 0
 0 0 0 0 0
 0 0 0 0 0
 0 0 0 0 0
 0 0 0 0 0
 0 0 0 0 0
 0 0 0 0 0
 0 0 0 0 0
 0 0 0 0 0
 0 0 0 0 0
 0 0 0 0 0
 0 0 0 0 0
 0 0 0 0 0
 0 0 0 0 0
 0 0 0 0 0
 0 0 0 0 0
 0 0 0 0 0
 0 0 0 0 0
 0 0 0 0 0
 0 0 0 0 0
 0 0 0 0 0
 0 0 0 0 0
 0 0 0 0 0
 0 0 0 0 0
 0 0 0 0 0
 0 0 0 0 0
 0 0 0 0 0
 0 0 0 0 0
 0 0 0 0 0
 0 0 0 0 0
 0 0 0 0 0
 0 0 0 0 0
 0 0 0 0 0
 0 0 0 0 0
 0 0 0 0 0
 0 0 0 0 0
 0 0 0 0 0
 0 0 0 0 0
 0 0 0 0 0
 0 0 0 0 0
 0 0 0 0 0
 0 0 0 0 0
 0 0 0 0 0
 0 0 0 0 0
 0 0 0 0 0
 0 0 0 0 0
 0 0 0 0 0
 0 0 0 0 0
 0 0 0 0 0
 0 0 0 0 0
 0 0 0 0 0
 0 0 0 0 0
 0 0 0 0 0
 35.694 34.7903 0.140425 -0.112613 33.9175
 9.68675 9.3323 0.13457 -0.10898 8.99828
 4.19515 3.99472 0.126213 -0.103068 3.81063
 2.34461 2.20661 0.122253 -0.10085 2.08289
 1.46736 1.36486 0.118235 -0.0982143 1.27517
 0.985668 0.906128 0.113648 -0.095406 0.837978
 0.707898 0.643152 0.109523 -0.0926355 0.5889
 0.528317 0.474455 0.10603 -0.090454 0.430335
 0.409017 0.362998 0.105198 -0.0903398 0.325955
 0.32775 0.287517 0.103386 -0.089601 0.255752
 0.26093 0.226201 0.100597 -0.0878523 0.199307
 0.214014 0.183365 0.0984343 -0.086478 0.160025
 0.183345 0.155304 0.0982108 -0.0869102 0.134334
 0.150847 0.126311 0.0954895 -0.085119 0.108212
 0.129335 0.107116 0.094903 -0.0852397 0.0909718
 0.114504 0.093742 0.0972857 -0.0879702 0.0788382
 0.0973302 0.0787605 0.095701 -0.087096 0.0655222
 0.0860075 0.0687998 0.0961558 -0.0880462 0.0566865
 0.0785042 0.0621725 0.100345 -0.092577 0.050809
 0.0718877 0.0562905 0.104723 -0.0972398 0.045537
 0.0645682 0.050018 0.106813 -0.0997795 0.040043
 0.0585073 0.0448227 0.110443 -0.103953 0.0354863
 0.0533747 0.0404615 0.114482 -0.108302 0.031682
 0.0495093 0.0371263 0.121774 -0.115879 0.0287657
 0.0471905 0.0350783 0.130172 -0.124669 0.026947
 0.043131 0.0317377 0.133817 -0.12849 0.0241592
 0.0408895 0.0297877 0.140334 -0.135291 0.0224103
 0.0377083 0.0271983 0.140681 -0.135961 0.0202528
 0.0355848 0.0254173 0.146335 -0.141781 0.018747
 0.0322703 0.022873 0.142676 -0.138422 0.016748
 0.0315793 0.0221646 0.150012 -0.145831 0.016037
 0.0294743 0.0205211 0.148644 -0.144651 0.0147237
 0.0275142 0.0189706 0.146185 -0.142471 0.0134467
 0 0 0 0 0
 0 0 0 0 0
 0 0 0 0 0
 0 0 0 0 0
 0 0 0 0 0
 0 0 0 0 0
 0 0 0 0 0
 0 0 0 0 0
 0 0 0 0 0
 0 0 0 0 0
 0 0 0 0 0
 0 0 0 0 0
 0 0 0 0 0
 0 0 0 0 0
 0 0 0 0 0
 0 0 0 0 0
 0 0 0 0 0
 0 0 0 0 0
 0 0 0 0 0
 0 0 0 0 0
 0 0 0 0 0
 0 0 0 0 0
 0 0 0 0 0
 0 0 0 0 0
 0 0 0 0 0
 0 0 0 0 0
 0 0 0 0 0
 0 0 0 0 0
 0 0 0 0 0
 0 0 0 0 0
 0 0 0 0 0
 0 0 0 0 0
 0 0 0 0 0
 0 0 0 0 0
 0 0 0 0 0
 0 0 0 0 0
 0 0 0 0 0
 0 0 0 0 0
 0 0 0 0 0
 0 0 0 0 0
 0 0 0 0 0
 0 0 0 0 0
 0 0 0 0 0
 0 0 0 0 0
 0 0 0 0 0
 0 0 0 0 0
 0 0 0 0 0
 0 0 0 0 0
 0 0 0 0 0
 0 0 0 0 0
 0 0 0 0 0
 0 0 0 0 0
 0 0 0 0 0
 0 0 0 0 0
 0 0 0 0 0
 0 0 0 0 0
 0 0 0 0 0
 0 0 0 0 0
 0 0 0 0 0
 0 0 0 0 0
 0 0 0 0 0
 0 0 0 0 0
 0 0 0 0 0
 0 0 0 0 0
 0 0 0 0 0
 0 0 0 0 0
 0 0 0 0 0
 0 0 0 0 0
 0 0 0 0 0
 0 0 0 0 0
 0 0 0 0 0
 0 0 0 0 0
 0 0 0 0 0
 0 0 0 0 0
 0 0 0 0 0
 0 0 0 0 0
 0 0 0 0 0
 0 0 0 0 0
 0 0 0 0 0
 0 0 0 0 0
 0 0 0 0 0
 0 0 0 0 0
 0 0 0 0 0
 0 0 0 0 0
 0 0 0 0 0
 0 0 0 0 0
 0 0 0 0 0
 0 0 0 0 0
 0 0 0 0 0
 36.6485 35.7418 0.138819 -0.110869 34.8653
 9.7692 9.41853 0.132298 -0.106665 9.08797
 4.38378 4.1779 0.129127 -0.105292 3.98838
 2.35989 2.22315 0.121691 -0.099928 2.1004
 1.46317 1.36248 0.115695 -0.0960247 1.27409
 1.00505 0.925043 0.114051 -0.0954552 0.85636
 0.71268 0.6484 0.108288 -0.091363 0.594423
 0.530945 0.477465 0.105182 -0.089239 0.433537
 0.408767 0.36337 0.102137 -0.0872265 0.32687
 0.317328 0.278812 0.099802 -0.0860913 0.248345
 0.25875 0.224761 0.0980525 -0.0852588 0.198402
 0.211776 0.181851 0.0959793 -0.0839872 0.159012
 0.180193 0.152978 0.095437 -0.0842995 0.132573
 0.149858 0.125751 0.0945335 -0.0842177 0.107812
 0.127552 0.10582 0.0924505 -0.082582 0.090023
 0.110977 0.0910365 0.0930935 -0.0838293 0.0766205
 0.0961033 0.077963 0.0916917 -0.0831485 0.0651038
 0.0855875 0.0686727 0.0930863 -0.0849925 0.0567995
 0.0773658 0.0614065 0.0963813 -0.0886202 0.0502825
 0.0686768 0.0539268 0.0981545 -0.0908333 0.043733
 0.063253 0.0491665 0.101252 -0.0943875 0.0395228
 0.0572143 0.0439385 0.106548 -0.1001 0.0348273
 0.0528148 0.0401615 0.109429 -0.103267 0.0315608
 0.0485322 0.036552 0.115375 -0.109573 0.0284817
 0.0462255 0.0344715 0.1233 -0.117755 0.0265892
 0.0427093 0.0315165 0.12694 -0.121709 0.0240599
 0.039972 0.0292122 0.13319 -0.128109 0.0220438
 0.03796 0.027493 0.137988 -0.133188 0.0205744
 0.035605 0.0255632 0.142095 -0.137471 0.0189575
 0.032446 0.023066 0.140864 -0.136605 0.0169174
 0.0302587 0.0213225 0.139358 -0.135274 0.015493
 0.0290008 0.0202334 0.143624 -0.139679 0.0145334
 0 0 0 0 0
 0 0 0 0 0
 0 0 0 0 0
 0 0 0 0 0
 0 0 0 0 0
 0 0 0 0 0
 0 0 0 0 0
 0 0 0 0 0
 0 0 0 0 0
 0 0 0 0 0
 0 0 0 0 0
 0 0 0 0 0
 0 0 0 0 0
 0 0 0 0 0
 0 0 0 0 0
 0 0 0 0 0
 0 0 0 0 0
 0 0 0 0 0
 0 0 0 0 0
 0 0 0 0 0
 0 0 0 0 0
 0 0 0 0 0
 0 0 0 0 0
 0 0 0 0 0
 0 0 0 0 0
 0 0 0 0 0
 0 0 0 0 0
 0 0 0 0 0
 0 0 0 0 0
 0 0 0 0 0
 0 0 0 0 0
 0 0 0 0 0
 0 0 0 0 0
 0 0 0 0 0
 0 0 0 0 0
 0 0 0 0 0
 0 0 0 0 0
 0 0 0 0 0
 0 0 0 0 0
 0 0 0 0 0
 0 0 0 0 0
 0 0 0 0 0
 0 0 0 0 0
 0 0 0 0 0
 0 0 0 0 0
 0 0 0 0 0
 0 0 0 0 0
 0 0 0 0 0
 0 0 0 0 0
 0 0 0 0 0
 0 0 0 0 0
 0 0 0 0 0
 0 0 0 0 0
 0 0 0 0 0
 0 0 0 0 0
 0 0 0 0 0
 0 0 0 0 0
 0 0 0 0 0
 0 0 0 0 0
 0 0 0 0 0
 0 0 0 0 0
 0 0 0 0 0
 0 0 0 0 0
 0 0 0 0 0
 0 0 0 0 0
 0 0 0 0 0
 0 0 0 0 0
 0 0 0 0 0
 0 0 0 0 0
 0 0 0 0 0
 0 0 0 0 0
 0 0 0 0 0
 0 0 0 0 0
 0 0 0 0 0
 0 0 0 0 0
 0 0 0 0 0
 0 0 0 0 0
 0 0 0 0 0
 0 0 0 0 0
 0 0 0 0 0
 0 0 0 0 0
 0 0 0 0 0
 0 0 0 0 0
 0 0 0 0 0
 0 0 0 0 0
 0 0 0 0 0
 0 0 0 0 0
 0 0 0 0 0
 0 0 0 0 0
 0 0 0 0 0
 37.9237 37.0063 0.139274 -0.110639 36.1187
 9.7611 9.41725 0.129993 -0.10441 9.09263
 4.40658 4.20313 0.126782 -0.10278 4.0157
 2.40473 2.26755 0.121364 -0.0991472 2.14413
 1.51183 1.40941 0.115962 -0.0958092 1.31939
 0.988168 0.910612 0.108761 -0.0905385 0.843985
 0.717507 0.6537 0.106924 -0.0896952 0.600153
 0.529755 0.47716 0.10307 -0.0871625 0.433985
 0.400568 0.35663 0.0993322 -0.084776 0.321175
 0.321705 0.283118 0.0990498 -0.0852085 0.252515
 0.258695 0.225065 0.0953652 -0.0825972 0.19889
 0.209689 0.180375 0.0932705 -0.0813553 0.157941
 0.176819 0.150397 0.0920693 -0.080878 0.130543
 0.148453 0.12485 0.0909838 -0.0805353 0.107368
 0.126624 0.105321 0.0896682 -0.0800463 0.089763
 0.109619 0.0901562 0.0902147 -0.0810278 0.076121
 0.0967213 0.0786817 0.0914222 -0.082844 0.065792
 0.085522 0.0687948 0.0909592 -0.0828712 0.057005
 0.076164 0.0606257 0.0924832 -0.084778 0.049797
 0.0669905 0.0527195 0.0937437 -0.086537 0.0428158
 0.0611005 0.0476308 0.096267 -0.0895243 0.0384418
 0.0565822 0.0436142 0.102412 -0.095928 0.0347563
 0.0523615 0.0399562 0.105675 -0.0995653 0.0315358
 0.0474235 0.0358443 0.110438 -0.104722 0.028053
 0.0446915 0.0334375 0.116179 -0.11078 0.0258973
 0.040888 0.0303017 0.119956 -0.114849 0.0232715
 0.0393155 0.028835 0.128908 -0.123923 0.0218407
 0.0363505 0.0263912 0.130447 -0.125806 0.0197714
 0.0333995 0.0240487 0.130613 -0.126194 0.017917
 0.0318927 0.022774 0.1356 -0.1314 0.0168085
 0.0298323 0.0210933 0.138378 -0.13441 0.0153766
 0 0 0 0 0
 0 0 0 0 0
 0 0 0 0 0
 0 0 0 0 0
 0 0 0 0 0
 0 0 0 0 0
 0 0 0 0 0
 0 0 0 0 0
 0 0 0 0 0
 0 0 0 0 0
 0 0 0 0 0
 0 0 0 0 0
 0 0 0 0 0
 0 0 0 0 0
 0 0 0 0 0
 0 0 0 0 0
 0 0 0 0 0
 0 0 0 0 0
 0 0 0 0 0
 0 0 0 0 0
 0 0 0 0 0
 0 0 0 0 0
 0 0 0 0 0
 0 0 0 0 0
 0 0 0 0 0
 0 0 0 0 0
 0 0 0 0 0
 0 0 0 0 0
 0 0 0 0 0
 0 0 0 0 0
 0 0 0 0 0
 0 0 0 0 0
 0 0 0 0 0
 0 0 0 0 0
 0 0 0 0 0
 0 0 0 0 0
 0 0 0 0 0
 0 0 0 0 0
 0 0 0 0 0
 0 0 0 0 0
 0 0 0 0 0
 0 0 0 0 0
 0 0 0 0 0
 0 0 0 0 0
 0 0 0 0 0
 0 0 0 0 0
 0 0 0 0 0
 0 0 0 0 0
 0 0 0 0 0
 0 0 0 0 0
 0 0 0 0 0
 0 0 0 0 0
 0 0 0 0 0
 0 0 0 0 0
 0 0 0 0 0
 0 0 0 0 0
 0 0 0 0 0
 0 0 0 0 0
 0 0 0 0 0
 0 0 0 0 0
 0 0 0 0 0
 0 0 0 0 0
 0 0 0 0 0
 0 0 0 0 0
 0 0 0 0 0
 0 0 0 0 0
 0 0 0 0 0
 0 0 0 0 0
 0 0 0 0 0
 0 0 0 0 0
 0 0 0 0 0
 0 0 0 0 0
 0 0 0 0 0
 0 0 0 0 0
 0 0 0 0 0
 0 0 0 0 0
 0 0 0 0 0
 0 0 0 0 0
 0 0 0 0 0
 0 0 0 0 0
 0 0 0 0 0
 0 0 0 0 0
 0 0 0 0 0
 0 0 0 0 0
 0 0 0 0 0
 0 0 0 0 0
 0 0 0 0 0
 0 0 0 0 0
 0 0 0 0 0
 0 0 0 0 0
 0 0 0 0 0
 38.799 37.881 0.13645 -0.107751 36.9928
 10.3608 10.0026 0.133902 -0.107076 9.6642
 4.4729 4.2697 0.126655 -0.10211 4.0821
 2.44124 2.30419 0.120358 -0.098281 2.18064
 1.52926 1.42718 0.115546 -0.0951067 1.33738
 1.00993 0.93177 0.109869 -0.0911858 0.864485
 0.719965 0.656725 0.105637 -0.0882617 0.603473
 0.535443 0.48291 0.102975 -0.0868368 0.439548
 0.412615 0.367932 0.0985908 -0.083818 0.331838
 0.323653 0.28535 0.096538 -0.0829495 0.2549
 0.253228 0.220739 0.092215 -0.0795675 0.195381
 0.210393 0.181364 0.0915085 -0.0796878 0.159177
 0.177139 0.151006 0.0904825 -0.0792627 0.131371
 0.147239 0.124094 0.0892927 -0.0788185 0.106897
 0.125654 0.104755 0.0876405 -0.0779277 0.089467
 0.111764 0.092132 0.0887882 -0.0794835 0.0779425
 0.095702 0.0780582 0.0877502 -0.079229 0.0654797
 0.084069 0.0678163 0.0879815 -0.0800248 0.0563243
 0.0729662 0.0582373 0.0876458 -0.080187 0.0479588
 0.0670568 0.0529195 0.0901315 -0.0829695 0.0431487
 0.0608325 0.0475425 0.093173 -0.0863883 0.0384278
 0.0553818 0.042821 0.096467 -0.090141 0.0342248
 0.050469 0.0386085 0.100005 -0.0939898 0.0305215
 0.0468635 0.035517 0.106224 -0.100531 0.0278588
 0.0432592 0.0324513 0.110554 -0.105201 0.0251682
 0.040598 0.0301525 0.116107 -0.110917 0.0231722
 0.0368057 0.027078 0.116471 -0.11163 0.0206142
 0.035315 0.0257552 0.124317 -0.11978 0.0194456
 0.0329787 0.023828 0.128159 -0.123823 0.0177928
 0.0318193 0.0227595 0.134144 -0.129894 0.0167881
 0 0 0 0 0
 0 0 0 0 0
 0 0 0 0 0
 0 0 0 0 0
 0 0 0 0 0
 0 0 0 0 0
 0 0 0 0 0
 0 0 0 0 0
 0 0 0 0 0
 0 0 0 0 0
 0 0 0 0 0
 0 0 0 0 0
 0 0 0 0 0
 0 0 0 0 0
 0 0 0 0 0
 0 0 0 0 0
 0 0 0 0 0
 0 0 0 0 0
 0 0 0 0 0
 0 0 0 0 0
 0 0 0 0 0
 0 0 0 0 0
 0 0 0 0 0
 0 0 0 0 0
 0 0 0 0 0
 0 0 0 0 0
 0 0 0 0 0
 0 0 0 0 0
 0 0 0 0 0
 0 0 0 0 0
 0 0 0 0 0
 0 0 0 0 0
 0 0 0 0 0
 0 0 0 0 0
 0 0 0 0 0
 0 0 0 0 0
 0 0 0 0 0
 0 0 0 0 0
 0 0 0 0 0
 0 0 0 0 0
 0 0 0 0 0
 0 0 0 0 0
 0 0 0 0 0
 0 0 0 0 0
 0 0 0 0 0
 0 0 0 0 0
 0 0 0 0 0
 0 0 0 0 0
 0 0 0 0 0
 0 0 0 0 0
 0 0 0 0 0
 0 0 0 0 0
 0 0 0 0 0
 0 0 0 0 0
 0 0 0 0 0
 0 0 0 0 0
 0 0 0 0 0
 0 0 0 0 0
 0 0 0 0 0
 0 0 0 0 0
 0 0 0 0 0
 0 0 0 0 0
 0 0 0 0 0
 0 0 0 0 0
 0 0 0 0 0
 0 0 0 0 0
 0 0 0 0 0
 0 0 0 0 0
 0 0 0 0 0
 0 0 0 0 0
 0 0 0 0 0
 0 0 0 0 0
 0 0 0 0 0
 0 0 0 0 0
 0 0 0 0 0
 0 0 0 0 0
 0 0 0 0 0
 0 0 0 0 0
 0 0 0 0 0
 0 0 0 0 0
 0 0 0 0 0
 0 0 0 0 0
 0 0 0 0 0
 0 0 0 0 0
 0 0 0 0 0
 0 0 0 0 0
 0 0 0 0 0
 0 0 0 0 0
 0 0 0 0 0
 0 0 0 0 0
 0 0 0 0 0
 0 0 0 0 0
 40.5693 39.6305 0.137032 -0.108043 38.7212
 10.3862 10.0336 0.131481 -0.104457 9.70032
 4.54045 4.33772 0.124988 -0.100686 4.15065
 2.46875 2.33227 0.119157 -0.0964038 2.20914
 1.50469 1.40564 0.112287 -0.0918813 1.31835
 1.01216 0.93495 0.108305 -0.0894078 0.86848
 0.729543 0.666368 0.105908 -0.0881923 0.613148
 0.530915 0.479523 0.0995997 -0.0834457 0.437125
 0.408673 0.36494 0.097924 -0.082989 0.329475
 0.332592 0.293737 0.0978167 -0.0836983 0.262872
 0.251375 0.219485 0.090286 -0.0777663 0.194555
 0.208759 0.180274 0.0887165 -0.0768867 0.158464
 0.172603 0.147391 0.086173 -0.0752565 0.1284
 0.148024 0.124992 0.0877812 -0.0771988 0.107817
 0.124169 0.103722 0.0857068 -0.0760332 0.0887065
 0.109099 0.0901562 0.0856912 -0.0765808 0.0764642
 0.0967683 0.079115 0.0863317 -0.0777575 0.0665142
 0.082057 0.0663538 0.0838328 -0.0758017 0.0552837
 0.072878 0.058301 0.085191 -0.0776935 0.048104
 0.0660585 0.0522945 0.0870145 -0.0799363 0.042752
 0.0587105 0.0459665 0.0887477 -0.0820237 0.0371595
 0.0546678 0.0423882 0.0924352 -0.086004 0.0339905
 0.0479185 0.036773 0.0917322 -0.0859333 0.0292133
 0.0456645 0.034716 0.0984325 -0.0928405 0.0273348
 0.0425975 0.0320527 0.105306 -0.099925 0.0249647
 0.0398165 0.0296717 0.109666 -0.104626 0.0228888
 0.0373572 0.0275775 0.11662 -0.11183 0.0210421
 0.0342947 0.025108 0.117751 -0.113176 0.0190362
 0.032672 0.0236773 0.121823 -0.117439 0.0177325
 0 0 0 0 0
 0 0 0 0 0
 0 0 0 0 0
 0 0 0 0 0
 0 0 0 0 0
 0 0 0 0 0
 0 0 0 0 0
 0 0 0 0 0
 0 0 0 0 0
 0 0 0 0 0
 0 0 0 0 0
 0 0 0 0 0
 0 0 0 0 0
 0 0 0 0 0
 0 0 0 0 0
 0 0 0 0 0
 0 0 0 0 0
 0 0 0 0 0
 0 0 0 0 0
 0 0 0 0 0
 0 0 0 0 0
 0 0 0 0 0
 0 0 0 0 0
 0 0 0 0 0
 0 0 0 0 0
 0 0 0 0 0
 0 0 0 0 0
 0 0 0 0 0
 0 0 0 0 0
 0 0 0 0 0
 0 0 0 0 0
 0 0 0 0 0
 0 0 0 0 0
 0 0 0 0 0
 0 0 0 0 0
 0 0 0 0 0
 0 0 0 0 0
 0 0 0 0 0
 0 0 0 0 0
 0 0 0 0 0
 0 0 0 0 0
 0 0 0 0 0
 0 0 0 0 0
 0 0 0 0 0
 0 0 0 0 0
 0 0 0 0 0
 0 0 0 0 0
 0 0 0 0 0
 0 0 0 0 0
 0 0 0 0 0
 0 0 0 0 0
 0 0 0 0 0
 0 0 0 0 0
 0 0 0 0 0
 0 0 0 0 0
 0 0 0 0 0
 0 0 0 0 0
 0 0 0 0 0
 0 0 0 0 0
 0 0 0 0 0
 0 0 0 0 0
 0 0 0 0 0
 0 0 0 0 0
 0 0 0 0 0
 0 0 0 0 0
 0 0 0 0 0
 0 0 0 0 0
 0 0 0 0 0
 0 0 0 0 0
 0 0 0 0 0
 0 0 0 0 0
 0 0 0 0 0
 0 0 0 0 0
 0 0 0 0 0
 0 0 0 0 0
 0 0 0 0 0
 0 0 0 0 0
 0 0 0 0 0
 0 0 0 0 0
 0 0 0 0 0
 0 0 0 0 0
 0 0 0 0 0
 0 0 0 0 0
 0 0 0 0 0
 0 0 0 0 0
 0 0 0 0 0
 0 0 0 0 0
 0 0 0 0 0
 0 0 0 0 0
 0 0 0 0 0
 0 0 0 0 0
 0 0 0 0 0
 0 0 0 0 0
 41.227 40.2935 0.136049 -0.106506 39.3888
 10.7473 10.3891 0.132172 -0.104859 10.0501
 4.64562 4.4415 0.126604 -0.101466 4.25275
 2.46302 2.32884 0.117087 -0.094429 2.20771
 1.54429 1.44409 0.112681 -0.092164 1.35566
 1.02108 0.94423 0.107186 -0.0881865 0.877837
 0.727167 0.665005 0.102925 -0.085462 0.612517
 0.540488 0.48878 0.0998592 -0.0836398 0.445928
 0.410585 0.36723 0.0958943 -0.0809443 0.3321
 0.32492 0.287403 0.0943113 -0.0803857 0.257493
 0.254285 0.222423 0.0887375 -0.076082 0.19751
 0.210299 0.18195 0.087628 -0.075711 0.160166
 0.17313 0.148127 0.0860813 -0.0749853 0.129229
 0.145693 0.123293 0.0844022 -0.0741125 0.106616
 0.123825 0.103652 0.08352 -0.07389 0.0888328
 0.107387 0.088916 0.082705 -0.0736547 0.0755295
 0.0936923 0.0767578 0.0824027 -0.073932 0.0646202
 0.081657 0.0661922 0.081914 -0.0738545 0.0552675
 0.0738843 0.0592405 0.0836635 -0.07606 0.0489672
 0.0644477 0.0511353 0.0833993 -0.0763925 0.0418835
 0.0580882 0.0456448 0.084879 -0.0782693 0.0370995
 0.0530022 0.0412082 0.087342 -0.0811157 0.0331422
 0.0491205 0.0377983 0.090971 -0.0851225 0.0301018
 0.0446095 0.0340213 0.0941935 -0.0886282 0.0268945
 0.0412792 0.031159 0.0991348 -0.0938857 0.0243534
 0.0381412 0.0285292 0.103286 -0.0982398 0.022115
 0.0358268 0.0265205 0.110542 -0.105851 0.0202992
 0.0327552 0.0240562 0.110932 -0.106585 0.0183099
 0 0 0 0 0
 0 0 0 0 0
 0 0 0 0 0
 0 0 0 0 0
 0 0 0 0 0
 0 0 0 0 0
 0 0 0 0 0
 0 0 0 0 0
 0 0 0 0 0
 0 0 0 0 0
 0 0 0 0 0
 0 0 0 0 0
 0 0 0 0 0
 0 0 0 0 0
 0 0 0 0 0
 0 0 0 0 0
 0 0 0 0 0
 0 0 0 0 0
 0 0 0 0 0
 0 0 0 0 0
 0 0 0 0 0
 0 0 0 0 0
 0 0 0 0 0
 0 0 0 0 0
 0 0 0 0 0
 0 0 0 0 0
 0 0 0 0 0
 0 0 0 0 0
 0 0 0 0 0
 0 0 0 0 0
 0 0 0 0 0
 0 0 0 0 0
 0 0 0 0 0
 0 0 0 0 0
 0 0 0 0 0
 0 0 0 0 0
 0 0 0 0 0
 0 0 0 0 0
 0 0 0 0 0
 0 0 0 0 0
 0 0 0 0 0
 0 0 0 0 0
 0 0 0 0 0
 0 0 0 0 0
 0 0 0 0 0
 0 0 0 0 0
 0 0 0 0 0
 0 0 0 0 0
 0 0 0 0 0
 0 0 0 0 0
 0 0 0 0 0
 0 0 0 0 0
 0 0 0 0 0
 0 0 0 0 0
 0 0 0 0 0
 0 0 0 0 0
 0 0 0 0 0
 0 0 0 0 0
 0 0 0 0 0
 0 0 0 0 0
 0 0 0 0 0
 0 0 0 0 0
 0 0 0 0 0
 0 0 0 0 0
 0 0 0 0 0
 0 0 0 0 0
 0 0 0 0 0
 0 0 0 0 0
 0 0 0 0 0
 0 0 0 0 0
 0 0 0 0 0
 0 0 0 0 0
 0 0 0 0 0
 0 0 0 0 0
 0 0 0 0 0
 0 0 0 0 0
 0 0 0 0 0
 0 0 0 0 0
 0 0 0 0 0
 0 0 0 0 0
 0 0 0 0 0
 0 0 0 0 0
 0 0 0 0 0
 0 0 0 0 0
 0 0 0 0 0
 0 0 0 0 0
 0 0 0 0 0
 0 0 0 0 0
 0 0 0 0 0
 0 0 0 0 0
 0 0 0 0 0
 0 0 0 0 0
 0 0 0 0 0
 0 0 0 0 0
 43.9595 42.9855 0.139518 -0.109006 42.041
 10.949 10.5906 0.131761 -0.104089 10.2512
 4.57888 4.3809 0.121434 -0.096747 4.19765
 2.54172 2.40534 0.118405 -0.0953105 2.28204
 1.52778 1.43004 0.109609 -0.0887902 1.34371
 1.03684 0.959903 0.106502 -0.0873675 0.893435
 0.704323 0.644828 0.0985695 -0.0813795 0.594448
 0.54689 0.495315 0.0985742 -0.0824997 0.45258
 0.407907 0.365317 0.0943592 -0.0794882 0.330665
 0.319405 0.282978 0.0904023 -0.0767482 0.253915
 0.254723 0.223201 0.087849 -0.0751197 0.198511
 0.205733 0.178327 0.084236 -0.0725793 0.157266
 0.171958 0.147404 0.0832938 -0.0723387 0.128754
 0.147053 0.124683 0.0830867 -0.0726675 0.107954
 0.121498 0.101916 0.0812143 -0.0716235 0.0875005
 0.105653 0.0877082 0.080379 -0.0714075 0.0746743
 0.0934215 0.0767205 0.0802827 -0.071924 0.064725
 0.0811795 0.0659258 0.0804758 -0.072437 0.0550893
 0.0717553 0.057679 0.080603 -0.0731297 0.0477522
 0.062997 0.0501085 0.0798475 -0.0729835 0.041122
 0.0568972 0.044813 0.080446 -0.0738322 0.0365167
 0.0509818 0.0397492 0.0833015 -0.0772445 0.0320688
 0.0471405 0.0363927 0.0865845 -0.0807575 0.0290913
 0.0435037 0.0332405 0.0907067 -0.0851215 0.026284
 0.0398852 0.0301935 0.0930832 -0.087832 0.0236686
 0.0376972 0.028262 0.0998142 -0.0949427 0.0219214
 0.0350348 0.0260532 0.102819 -0.0981837 0.0200901
 0 0 0 0 0
 0 0 0 0 0
 0 0 0 0 0
 0 0 0 0 0
 0 0 0 0 0
 0 0 0 0 0
 0 0 0 0 0
 0 0 0 0 0
 0 0 0 0 0
 0 0 0 0 0
 0 0 0 0 0
 0 0 0 0 0
 0 0 0 0 0
 0 0 0 0 0
 0 0 0 0 0
 0 0 0 0 0
 0 0 0 0 0
 0 0 0 0 0
 0 0 0 0 0
 0 0 0 0 0
 0 0 0 0 0
 0 0 0 0 0
 0 0 0 0 0
 0 0 0 0 0
 0 0 0 0 0
 0 0 0 0 0
 0 0 0 0 0
 0 0 0 0 0
 0 0 0 0 0
 0 0 0 0 0
 0 0 0 0 0
 0 0 0 0 0
 0 0 0 0 0
 0 0 0 0 0
 0 0 0 0 0
 0 0 0 0 0
 0 0 0 0 0
 0 0 0 0 0
 0 0 0 0 0
 0 0 0 0 0
 0 0 0 0 0
 0 0 0 0 0
 0 0 0 0 0
 0 0 0 0 0
 0 0 0 0 0
 0 0 0 0 0
 0 0 0 0 0
 0 0 0 0 0
 0 0 0 0 0
 0 0 0 0 0
 0 0 0 0 0
 0 0 0 0 0
 0 0 0 0 0
 0 0 0 0 0
 0 0 0 0 0
 0 0 0 0 0
 0 0 0 0 0
 0 0 0 0 0
 0 0 0 0 0
 0 0 0 0 0
 0 0 0 0 0
 0 0 0 0 0
 0 0 0 0 0
 0 0 0 0 0
 0 0 0 0 0
 0 0 0 0 0
 0 0 0 0 0
 0 0 0 0 0
 0 0 0 0 0
 0 0 0 0 0
 0 0 0 0 0
 0 0 0 0 0
 0 0 0 0 0
 0 0 0 0 0
 0 0 0 0 0
 0 0 0 0 0
 0 0 0 0 0
 0 0 0 0 0
 0 0 0 0 0
 0 0 0 0 0
 0 0 0 0 0
 0 0 0 0 0
 0 0 0 0 0
 0 0 0 0 0
 0 0 0 0 0
 0 0 0 0 0
 0 0 0 0 0
 0 0 0 0 0
 0 0 0 0 0
 0 0 0 0 0
 0 0 0 0 0
 0 0 0 0 0
 0 0 0 0 0
 0 0 0 0 0
 0 0 0 0 0
 45.862 44.8672 0.14149 -0.109512 43.902
 10.9293 10.5779 0.129482 -0.101486 10.2447
 4.6361 4.43877 0.121451 -0.096317 4.25595
 2.5593 2.42399 0.116789 -0.0936288 2.30156
 1.55192 1.45395 0.10995 -0.088974 1.36723
 1.04172 0.965385 0.10552 -0.0861002 0.8993
 0.741813 0.680057 0.101548 -0.0835665 0.627697
 0.545513 0.494665 0.0971677 -0.0809117 0.452375
 0.419208 0.376025 0.094366 -0.0793868 0.340807
 0.31797 0.282108 0.0890535 -0.0751565 0.25345
 0.251643 0.220812 0.0853102 -0.0726132 0.196585
 0.21024 0.182492 0.0855103 -0.0734298 0.161069
 0.176261 0.151372 0.0830123 -0.0719137 0.132472
 0.143567 0.121996 0.0796513 -0.069515 0.105879
 0.124438 0.104596 0.0797855 -0.070172 0.0899318
 0.105185 0.0874532 0.077607 -0.0687095 0.0744928
 0.0908368 0.0748107 0.0774052 -0.0689852 0.063318
 0.0782255 0.0636955 0.0753053 -0.0676495 0.05335
 0.0704778 0.0568148 0.0771963 -0.0697742 0.0472455
 0.0621787 0.0495825 0.0773767 -0.0704297 0.0407988
 0.055477 0.0438175 0.0785295 -0.0720335 0.0357712
 0.0521043 0.0407372 0.0811798 -0.0749673 0.0329403
 0.0471622 0.0364752 0.0845735 -0.0787623 0.0291582
 0.0418842 0.0320998 0.083767 -0.078407 0.0254835
 0.0398535 0.0302995 0.091905 -0.0867048 0.0238806
 0.036178 0.0272365 0.094714 -0.0898948 0.0212561
 0 0 0 0 0
 0 0 0 0 0
 0 0 0 0 0
 0 0 0 0 0
 0 0 0 0 0
 0 0 0 0 0
 0 0 0 0 0
 0 0 0 0 0
 0 0 0 0 0
 0 0 0 0 0
 0 0 0 0 0
 0 0 0 0 0
 0 0 0 0 0
 0 0 0 0 0
 0 0 0 0 0
 0 0 0 0 0
 0 0 0 0 0
 0 0 0 0 0
 0 0 0 0 0
 0 0 0 0 0
 0 0 0 0 0
 0 0 0 0 0
 0 0 0 0 0
 0 0 0 0 0
 0 0 0 0 0
 0 0 0 0 0
 0 0 0 0 0
 0 0 0 0 0
 0 0 0 0 0
 0 0 0 0 0
 0 0 0 0 0
 0 0 0 0 0
 0 0 0 0 0
 0 0 0 0 0
 0 0 0 0 0
 0 0 0 0 0
 0 0 0 0 0
 0 0 0 0 0
 0 0 0 0 0
 0 0 0 0 0
 0 0 0 0 0
 0 0 0 0 0
 0 0 0 0 0
 0 0 0 0 0
 0 0 0 0 0
 0 0 0 0 0
 0 0 0 0 0
 0 0 0 0 0
 0 0 0 0 0
 0 0 0 0 0
 0 0 0 0 0
 0 0 0 0 0
 0 0 0 0 0
 0 0 0 0 0
 0 0 0 0 0
 0 0 0 0 0
 0 0 0 0 0
 0 0 0 0 0
 0 0 0 0 0
 0 0 0 0 0
 0 0 0 0 0
 0 0 0 0 0
 0 0 0 0 0
 0 0 0 0 0
 0 0 0 0 0
 0 0 0 0 0
 0 0 0 0 0
 0 0 0 0 0
 0 0 0 0 0
 0 0 0 0 0
 0 0 0 0 0
 0 0 0 0 0
 0 0 0 0 0
 0 0 0 0 0
 0 0 0 0 0
 0 0 0 0 0
 0 0 0 0 0
 0 0 0 0 0
 0 0 0 0 0
 0 0 0 0 0
 0 0 0 0 0
 0 0 0 0 0
 0 0 0 0 0
 0 0 0 0 0
 0 0 0 0 0
 0 0 0 0 0
 0 0 0 0 0
 0 0 0 0 0
 0 0 0 0 0
 0 0 0 0 0
 0 0 0 0 0
 0 0 0 0 0
 0 0 0 0 0
 0 0 0 0 0
 0 0 0 0 0
 0 0 0 0 0
 45.8493 44.8752 0.137125 -0.105818 43.9298
 11.5125 11.1488 0.133023 -0.104196 10.8033
 4.7801 4.57987 0.121635 -0.0960867 4.3942
 2.5225 2.39107 0.113133 -0.0901028 2.27201
 1.56476 1.46738 0.108405 -0.0873165 1.38107
 1.04689 0.971225 0.103897 -0.0843347 0.90566
 0.751348 0.689608 0.101151 -0.083268 0.637182
 0.551733 0.500985 0.0963838 -0.0800473 0.458768
 0.406978 0.365505 0.0908365 -0.0759108 0.331648
 0.315285 0.280125 0.0871933 -0.0732578 0.251945
 0.2578 0.226652 0.0852317 -0.072568 0.202172
 0.206965 0.179997 0.0813418 -0.0696532 0.159208
 0.167552 0.14415 0.0793845 -0.0684665 0.126327
 0.148299 0.126261 0.0813965 -0.0709277 0.10969
 0.123097 0.10368 0.0780035 -0.0683818 0.0893265
 0.105007 0.0875437 0.076559 -0.0675543 0.0748512
 0.090331 0.0744793 0.0750812 -0.0667745 0.0630425
 0.078944 0.064464 0.0747015 -0.066922 0.0541592
 0.0674482 0.0545102 0.0718185 -0.0647175 0.045465
 0.0606 0.048446 0.073432 -0.0665452 0.0399848
 0.0553868 0.0438558 0.0753607 -0.0689125 0.0358815
 0.0507802 0.0398045 0.0781345 -0.072019 0.0322612
 0.0453767 0.0352135 0.0773513 -0.071574 0.0282995
 0.0421003 0.0323687 0.0826088 -0.0773035 0.025776
 0.0391103 0.029772 0.0873492 -0.082342 0.0234602
 0 0 0 0 0
 0 0 0 0 0
 0 0 0 0 0
 0 0 0 0 0
 0 0 0 0 0
 0 0 0 0 0
 0 0 0 0 0
 0 0 0 0 0
 0 0 0 0 0
 0 0 0 0 0
 0 0 0 0 0
 0 0 0 0 0
 0 0 0 0 0
 0 0 0 0 0
 0 0 0 0 0
 0 0 0 0 0
 0 0 0 0 0
 0 0 0 0 0
 0 0 0 0 0
 0 0 0 0 0
 0 0 0 0 0
 0 0 0 0 0
 0 0 0 0 0
 0 0 0 0 0
 0 0 0 0 0
 0 0 0 0 0
 0 0 0 0 0
 0 0 0 0 0
 0 0 0 0 0
 0 0 0 0 0
 0 0 0 0 0
 0 0 0 0 0
 0 0 0 0 0
 0 0 0 0 0
 0 0 0 0 0
 0 0 0 0 0
 0 0 0 0 0
 0 0 0 0 0
 0 0 0 0 0
 0 0 0 0 0
 0 0 0 0 0
 0 0 0 0 0
 0 0 0 0 0
 0 0 0 0 0
 0 0 0 0 0
 0 0 0 0 0
 0 0 0 0 0
 0 0 0 0 0
 0 0 0 0 0
 0 0 0 0 0
 0 0 0 0 0
 0 0 0 0 0
 0 0 0 0 0
 0 0 0 0 0
 0 0 0 0 0
 0 0 0 0 0
 0 0 0 0 0
 0 0 0 0 0
 0 0 0 0 0
 0 0 0 0 0
 0 0 0 0 0
 0 0 0 0 0
 0 0 0 0 0
 0 0 0 0 0
 0 0 0 0 0
 0 0 0 0 0
 0 0 0 0 0
 0 0 0 0 0
 0 0 0 0 0
 0 0 0 0 0
 0 0 0 0 0
 0 0 0 0 0
 0 0 0 0 0
 0 0 0 0 0
 0 0 0 0 0
 0 0 0 0 0
 0 0 0 0 0
 0 0 0 0 0
 0 0 0 0 0
 0 0 0 0 0
 0 0 0 0 0
 0 0 0 0 0
 0 0 0 0 0
 0 0 0 0 0
 0 0 0 0 0
 0 0 0 0 0
 0 0 0 0 0
 0 0 0 0 0
 0 0 0 0 0
 0 0 0 0 0
 0 0 0 0 0
 0 0 0 0 0
 0 0 0 0 0
 0 0 0 0 0
 0 0 0 0 0
 0 0 0 0 0
 0 0 0 0 0
 46.8265 45.8522 0.136158 -0.104344 44.9058
 11.4341 11.0791 0.129215 -0.100435 10.7418
 4.78263 4.58535 0.120424 -0.0943205 4.4023
 2.59282 2.45966 0.115149 -0.0917868 2.33876
 1.5915 1.49377 0.109545 -0.0879228 1.407
 1.05899 0.98343 0.103288 -0.0838055 0.917795
 0.728065 0.668912 0.096921 -0.0793605 0.61855
 0.535392 0.486685 0.092478 -0.0763807 0.446055
 0.406925 0.365995 0.0884102 -0.073597 0.332553
 0.331562 0.295077 0.088842 -0.074713 0.265815
 0.25516 0.224593 0.0832793 -0.0704385 0.200508
 0.202776 0.176633 0.0795475 -0.067895 0.156373
 0.168351 0.145117 0.0773125 -0.0665158 0.12744
 0.143531 0.122438 0.0779242 -0.0676017 0.106564
 0.122161 0.103107 0.0758725 -0.066291 0.0890235
 0.104013 0.0868862 0.073558 -0.0647402 0.074407
 0.088827 0.0734078 0.0724737 -0.0643105 0.0622782
 0.0767635 0.062791 0.0715335 -0.0639175 0.0528275
 0.0694208 0.0562233 0.073144 -0.0657872 0.046903
 0.0612015 0.04904 0.073193 -0.0662555 0.04052
 0.054714 0.0434395 0.0741795 -0.0677008 0.035642
 0.0493655 0.0387998 0.0739125 -0.0678668 0.0315683
 0.0448833 0.0349418 0.0768245 -0.0711035 0.02815
 0.0418352 0.0322513 0.0798803 -0.0744095 0.0257542
 0 0 0 0 0
 0 0 0 0 0
 0 0 0 0 0
 0 0 0 0 0
 0 0 0 0 0
 0 0 0 0 0
 0 0 0 0 0
 0 0 0 0 0
 0 0 0 0 0
 0 0 0 0 0
 0 0 0 0 0
 0 0 0 0 0
 0 0 0 0 0
 0 0 0 0 0
 0 0 0 0 0
 0 0 0 0 0
 0 0 0 0 0
 0 0 0 0 0
 0 0 0 0 0
 0 0 0 0 0
 0 0 0 0 0
 0 0 0 0 0
 0 0 0 0 0
 0 0 0 0 0
 0 0 0 0 0
 0 0 0 0 0
 0 0 0 0 0
 0 0 0 0 0
 0 0 0 0 0
 0 0 0 0 0
 0 0 0 0 0
 0 0 0 0 0
 0 0 0 0 0
 0 0 0 0 0
 0 0 0 0 0
 0 0 0 0 0
 0 0 0 0 0
 0 0 0 0 0
 0 0 0 0 0
 0 0 0 0 0
 0 0 0 0 0
 0 0 0 0 0
 0 0 0 0 0
 0 0 0 0 0
 0 0 0 0 0
 0 0 0 0 0
 0 0 0 0 0
 0 0 0 0 0
 0 0 0 0 0
 0 0 0 0 0
 0 0 0 0 0
 0 0 0 0 0
 0 0 0 0 0
 0 0 0 0 0
 0 0 0 0 0
 0 0 0 0 0
 0 0 0 0 0
 0 0 0 0 0
 0 0 0 0 0
 0 0 0 0 0
 0 0 0 0 0
 0 0 0 0 0
 0 0 0 0 0
 0 0 0 0 0
 0 0 0 0 0
 0 0 0 0 0
 0 0 0 0 0
 0 0 0 0 0
 0 0 0 0 0
 0 0 0 0 0
 0 0 0 0 0
 0 0 0 0 0
 0 0 0 0 0
 0 0 0 0 0
 0 0 0 0 0
 0 0 0 0 0
 0 0 0 0 0
 0 0 0 0 0
 0 0 0 0 0
 0 0 0 0 0
 0 0 0 0 0
 0 0 0 0 0
 0 0 0 0 0
 0 0 0 0 0
 0 0 0 0 0
 0 0 0 0 0
 0 0 0 0 0
 0 0 0 0 0
 0 0 0 0 0
 0 0 0 0 0
 0 0 0 0 0
 0 0 0 0 0
 0 0 0 0 0
 0 0 0 0 0
 0 0 0 0 0
 0 0 0 0 0
 0 0 0 0 0
 0 0 0 0 0
 49.332 48.3268 0.13879 -0.106384 47.3492
 11.6766 11.3203 0.128794 -0.0994577 10.9817
 4.86145 4.664 0.119236 -0.0932285 4.48057
 2.5675 2.43743 0.111654 -0.0881935 2.31926
 1.59963 1.50271 0.108162 -0.0863335 1.41654
 1.0543 0.98007 0.100563 -0.081047 0.915585
 0.749802 0.689622 0.096851 -0.0789907 0.638375
 0.545548 0.4965 0.0934555 -0.0770003 0.455492
 0.410455 0.369645 0.088095 -0.0729972 0.336255
 0.320955 0.286005 0.084681 -0.0708655 0.25795
 0.252745 0.222861 0.081028 -0.0683605 0.19925
 0.210059 0.183272 0.0803817 -0.068437 0.162473
 0.173153 0.149496 0.078291 -0.067162 0.131412
 0.140785 0.120239 0.074789 -0.064591 0.104739
 0.123842 0.104719 0.0760493 -0.0663735 0.0904813
 0.101537 0.0849372 0.0716527 -0.0628777 0.0727932
 0.090192 0.074706 0.0731692 -0.0648115 0.0635023
 0.0764588 0.0626745 0.069935 -0.0622773 0.0528383
 0.069448 0.0563937 0.0701678 -0.0629 0.0472165
 0.0602215 0.048379 0.0697655 -0.0630218 0.0401002
 0.0529805 0.0421227 0.0699262 -0.0635562 0.0345858
 0.049491 0.0390208 0.0724958 -0.0664885 0.0318392
 0.044395 0.034671 0.0748035 -0.0692473 0.028042
 0 0 0 0 0
 0 0 0 0 0
 0 0 0 0 0
 0 0 0 0 0
 0 0 0 0 0
 0 0 0 0 0
 0 0 0 0 0
 0 0 0 0 0
 0 0 0 0 0
 0 0 0 0 0
 0 0 0 0 0
 0 0 0 0 0
 0 0 0 0 0
 0 0 0 0 0
 0 0 0 0 0
 0 0 0 0 0
 0 0 0 0 0
 0 0 0 0 0
 0 0 0 0 0
 0 0 0 0 0
 0 0 0 0 0
 0 0 0 0 0
 0 0 0 0 0
 0 0 0 0 0
 0 0 0 0 0
 0 0 0 0 0
 0 0 0 0 0
 0 0 0 0 0
 0 0 0 0 0
 0 0 0 0 0
 0 0 0 0 0
 0 0 0 0 0
 0 0 0 0 0
 0 0 0 0 0
 0 0 0 0 0
 0 0 0 0 0
 0 0 0 0 0
 0 0 0 0 0
 0 0 0 0 0
 0 0 0 0 0
 0 0 0 0 0
 0 0 0 0 0
 0 0 0 0 0
 0 0 0 0 0
 0 0 0 0 0
 0 0 0 0 0
 0 0 0 0 0
 0 0 0 0 0
 0 0 0 0 0
 0 0 0 0 0
 0 0 0 0 0
 0 0 0 0 0
 0 0 0 0 0
 0 0 0 0 0
 0 0 0 0 0
 0 0 0 0 0
 0 0 0 0 0
 0 0 0 0 0
 0 0 0 0 0
 0 0 0 0 0
 0 0 0 0 0
 0 0 0 0 0
 0 0 0 0 0
 0 0 0 0 0
 0 0 0 0 0
 0 0 0 0 0
 0 0 0 0 0
 0 0 0 0 0
 0 0 0 0 0
 0 0 0 0 0
 0 0 0 0 0
 0 0 0 0 0
 0 0 0 0 0
 0 0 0 0 0
 0 0 0 0 0
 0 0 0 0 0
 0 0 0 0 0
 0 0 0 0 0
 0 0 0 0 0
 0 0 0 0 0
 0 0 0 0 0
 0 0 0 0 0
 0 0 0 0 0
 0 0 0 0 0
 0 0 0 0 0
 0 0 0 0 0
 0 0 0 0 0
 0 0 0 0 0
 0 0 0 0 0
 0 0 0 0 0
 0 0 0 0 0
 0 0 0 0 0
 0 0 0 0 0
 0 0 0 0 0
 0 0 0 0 0
 0 0 0 0 0
 0 0 0 0 0
 0 0 0 0 0
 0 0 0 0 0
 51.7645 50.731 0.140357 -0.106931 49.726
 11.6653 11.3152 0.126772 -0.097797 10.9821
 4.93942 4.74182 0.119268 -0.0928308 4.55805
 2.61193 2.48152 0.111546 -0.0878613 2.3629
 1.60903 1.51284 0.106106 -0.0844097 1.4273
 1.09442 1.01834 0.103231 -0.0830708 0.951965
 0.750475 0.691017 0.0965818 -0.078293 0.640233
 0.552 0.502987 0.0917395 -0.0752795 0.46196
 0.41162 0.371113 0.0872095 -0.072207 0.337822
 0.32153 0.286902 0.0839295 -0.069857 0.259047
 0.251265 0.221866 0.0793452 -0.06664 0.198627
 0.207638 0.181432 0.0785922 -0.0665733 0.161046
 0.167709 0.14503 0.0750023 -0.0641137 0.127649
 0.141246 0.120868 0.072983 -0.0629345 0.10546
 0.118381 0.100278 0.0711463 -0.0616468 0.086821
 0.1036 0.086878 0.0709132 -0.0620723 0.074624
 0.0899115 0.0746313 0.0700595 -0.0616832 0.063569
 0.0761608 0.062564 0.0685608 -0.060965 0.0528427
 0.0675173 0.0549195 0.0677305 -0.060603 0.0460042
 0.0597138 0.0480793 0.068159 -0.061407 0.0399275
 0.0526163 0.0419665 0.067508 -0.0613073 0.034565
 0.0473912 0.0374158 0.0686332 -0.0627393 0.030548
 0 0 0 0 0
 0 0 0 0 0
 0 0 0 0 0
 0 0 0 0 0
 0 0 0 0 0
 0 0 0 0 0
 0 0 0 0 0
 0 0 0 0 0
 0 0 0 0 0
 0 0 0 0 0
 0 0 0 0 0
 0 0 0 0 0
 0 0 0 0 0
 0 0 0 0 0
 0 0 0 0 0
 0 0 0 0 0
 0 0 0 0 0
 0 0 0 0 0
 0 0 0 0 0
 0 0 0 0 0
 0 0 0 0 0
 0 0 0 0 0
 0 0 0 0 0
 0 0 0 0 0
 0 0 0 0 0
 0 0 0 0 0
 0 0 0 0 0
 0 0 0 0 0
 0 0 0 0 0
 0 0 0 0 0
 0 0 0 0 0
 0 0 0 0 0
 0 0 0 0 0
 0 0 0 0 0
 0 0 0 0 0
 0 0 0 0 0
 0 0 0 0 0
 0 0 0 0 0
 0 0 0 0 0
 0 0 0 0 0
 0 0 0 0 0
 0 0 0 0 0
 0 0 0 0 0
 0 0 0 0 0
 0 0 0 0 0
 0 0 0 0 0
 0 0 0 0 0
 0 0 0 0 0
 0 0 0 0 0
 0 0 0 0 0
 0 0 0 0 0
 0 0 0 0 0
 0 0 0 0 0
 0 0 0 0 0
 0 0 0 0 0
 0 0 0 0 0
 0 0 0 0 0
 0 0 0 0 0
 0 0 0 0 0
 0 0 0 0 0
 0 0 0 0 0
 0 0 0 0 0
 0 0 0 0 0
 0 0 0 0 0
 0 0 0 0 0
 0 0 0 0 0
 0 0 0 0 0
 0 0 0 0 0
 0 0 0 0 0
 0 0 0 0 0
 0 0 0 0 0
 0 0 0 0 0
 0 0 0 0 0
 0 0 0 0 0
 0 0 0 0 0
 0 0 0 0 0
 0 0 0 0 0
 0 0 0 0 0
 0 0 0 0 0
 0 0 0 0 0
 0 0 0 0 0
 0 0 0 0 0
 0 0 0 0 0
 0 0 0 0 0
 0 0 0 0 0
 0 0 0 0 0
 0 0 0 0 0
 0 0 0 0 0
 0 0 0 0 0
 0 0 0 0 0
 0 0 0 0 0
 0 0 0 0 0
 0 0 0 0 0
 0 0 0 0 0
 0 0 0 0 0
 0 0 0 0 0
 0 0 0 0 0
 0 0 0 0 0
 0 0 0 0 0
 0 0 0 0 0
 52.0572 51.039 0.136525 -0.103447 50.0478
 11.8943 11.5432 0.126789 -0.0971135 11.2089
 5.10345 4.90237 0.121134 -0.0937483 4.71525
 2.69418 2.56155 0.112271 -0.0880168 2.44079
 1.60938 1.51439 0.105599 -0.083919 1.42968
 1.09377 1.01868 0.101195 -0.0812735 0.953218
 0.737418 0.67967 0.09351 -0.075451 0.630295
 0.54876 0.500598 0.0899403 -0.0732735 0.460237
 0.409958 0.37011 0.0856872 -0.070512 0.337355
 0.323537 0.289113 0.0826768 -0.0686455 0.261305
 0.261035 0.230839 0.079905 -0.0669067 0.206924
 0.205588 0.179924 0.075793 -0.0639988 0.159913
 0.168717 0.146135 0.0738782 -0.062933 0.128817
 0.137714 0.118047 0.070872 -0.060729 0.103176
 0.118793 0.10083 0.070312 -0.0608755 0.0874763
 0.101828 0.0855547 0.06905 -0.0603435 0.0735962
 0.084866 0.0705785 0.0653875 -0.057455 0.0602352
 0.0758117 0.0624075 0.066811 -0.059232 0.0527615
 0.067144 0.0547428 0.065931 -0.0589045 0.0459433
 0.0580117 0.046826 0.0656957 -0.0591115 0.038939
 0.0528647 0.0422603 0.0664797 -0.0602495 0.0348833
 0 0 0 0 0
 0 0 0 0 0
 0 0 0 0 0
 0 0 0 0 0
 0 0 0 0 0
 0 0 0 0 0
 0 0 0 0 0
 0 0 0 0 0
 0 0 0 0 0
 0 0 0 0 0
 0 0 0 0 0
 0 0 0 0 0
 0 0 0 0 0
 0 0 0 0 0
 0 0 0 0 0
 0 0 0 0 0
 0 0 0 0 0
 0 0 0 0 0
 0 0 0 0 0
 0 0 0 0 0
 0 0 0 0 0
 0 0 0 0 0
 0 0 0 0 0
 0 0 0 0 0
 0 0 0 0 0
 0 0 0 0 0
 0 0 0 0 0
 0 0 0 0 0
 0 0 0 0 0
 0 0 0 0 0
 0 0 0 0 0
 0 0 0 0 0
 0 0 0 0 0
 0 0 0 0 0
 0 0 0 0 0
 0 0 0 0 0
 0 0 0 0 0
 0 0 0 0 0
 0 0 0 0 0
 0 0 0 0 0
 0 0 0 0 0
 0 0 0 0 0
 0 0 0 0 0
 0 0 0 0 0
 0 0 0 0 0
 0 0 0 0 0
 0 0 0 0 0
 0 0 0 0 0
 0 0 0 0 0
 0 0 0 0 0
 0 0 0 0 0
 0 0 0 0 0
 0 0 0 0 0
 0 0 0 0 0
 0 0 0 0 0
 0 0 0 0 0
 0 0 0 0 0
 0 0 0 0 0
 0 0 0 0 0
 0 0 0 0 0
 0 0 0 0 0
 0 0 0 0 0
 0 0 0 0 0
 0 0 0 0 0
 0 0 0 0 0
 0 0 0 0 0
 0 0 0 0 0
 0 0 0 0 0
 0 0 0 0 0
 0 0 0 0 0
 0 0 0 0 0
 0 0 0 0 0
 0 0 0 0 0
 0 0 0 0 0
 0 0 0 0 0
 0 0 0 0 0
 0 0 0 0 0
 0 0 0 0 0
 0 0 0 0 0
 0 0 0 0 0
 0 0 0 0 0
 0 0 0 0 0
 0 0 0 0 0
 0 0 0 0 0
 0 0 0 0 0
 0 0 0 0 0
 0 0 0 0 0
 0 0 0 0 0
 0 0 0 0 0
 0 0 0 0 0
 0 0 0 0 0
 0 0 0 0 0
 0 0 0 0 0
 0 0 0 0 0
 0 0 0 0 0
 0 0 0 0 0
 0 0 0 0 0
 0 0 0 0 0
 0 0 0 0 0
 0 0 0 0 0
 0 0 0 0 0
 53.8532 52.8205 0.137218 -0.103239 51.815
 12.462 12.1004 0.128602 -0.0981878 11.7558
 5.21272 5.01043 0.120374 -0.0930315 4.82192
 2.7097 2.57817 0.11049 -0.0860322 2.45832
 1.64174 1.54615 0.104717 -0.0827885 1.46082
 1.08683 1.01315 0.0991462 -0.0791662 0.948725
 0.755242 0.696813 0.0932088 -0.0752307 0.646775
 0.537415 0.490775 0.0869955 -0.0706037 0.451658
 0.41297 0.37328 0.084351 -0.0693665 0.34058
 0.3255 0.291207 0.0822425 -0.0681597 0.263437
 0.25508 0.225927 0.0774808 -0.0648913 0.202757
 0.206365 0.180893 0.0751197 -0.0634345 0.161043
 0.169489 0.147043 0.0727268 -0.061821 0.129775
 0.144053 0.123749 0.071782 -0.0615398 0.108363
 0.11724 0.0996767 0.0685295 -0.0591342 0.0865595
 0.098934 0.083292 0.0655283 -0.0569678 0.0717742
 0.086131 0.0717805 0.0653443 -0.0572862 0.061351
 0.0751418 0.0620135 0.0641265 -0.0565327 0.0526283
 0.0640687 0.052352 0.062366 -0.0555128 0.044046
 0.0575297 0.0465463 0.063164 -0.0567022 0.0388422
 0 0 0 0 0
 0 0 0 0 0
 0 0 0 0 0
 0 0 0 0 0
 0 0 0 0 0
 0 0 0 0 0
 0 0 0 0 0
 0 0 0 0 0
 0 0 0 0 0
 0 0 0 0 0
 0 0 0 0 0
 0 0 0 0 0
 0 0 0 0 0
 0 0 0 0 0
 0 0 0 0 0
 0 0 0 0 0
 0 0 0 0 0
 0 0 0 0 0
 0 0 0 0 0
 0 0 0 0 0
 0 0 0 0 0
 0 0 0 0 0
 0 0 0 0 0
 0 0 0 0 0
 0 0 0 0 0
 0 0 0 0 0
 0 0 0 0 0
 0 0 0 0 0
 0 0 0 0 0
 0 0 0 0 0
 0 0 0 0 0
 0 0 0 0 0
 0 0 0 0 0
 0 0 0 0 0
 0 0 0 0 0
 0 0 0 0 0
 0 0 0 0 0
 0 0 0 0 0
 0 0 0 0 0
 0 0 0 0 0
 0 0 0 0 0
 0 0 0 0 0
 0 0 0 0 0
 0 0 0 0 0
 0 0 0 0 0
 0 0 0 0 0
 0 0 0 0 0
 0 0 0 0 0
 0 0 0 0 0
 0 0 0 0 0
 0 0 0 0 0
 0 0 0 0 0
 0 0 0 0 0
 0 0 0 0 0
 0 0 0 0 0
 0 0 0 0 0
 0 0 0 0 0
 0 0 0 0 0
 0 0 0 0 0
 0 0 0 0 0
 0 0 0 0 0
 0 0 0 0 0
 0 0 0 0 0
 0 0 0 0 0
 0 0 0 0 0
 0 0 0 0 0
 0 0 0 0 0
 0 0 0 0 0
 0 0 0 0 0
 0 0 0 0 0
 0 0 0 0 0
 0 0 0 0 0
 0 0 0 0 0
 0 0 0 0 0
 0 0 0 0 0
 0 0 0 0 0
 0 0 0 0 0
 0 0 0 0 0
 0 0 0 0 0
 0 0 0 0 0
 0 0 0 0 0
 0 0 0 0 0
 0 0 0 0 0
 0 0 0 0 0
 0 0 0 0 0
 0 0 0 0 0
 0 0 0 0 0
 0 0 0 0 0
 0 0 0 0 0
 0 0 0 0 0
 0 0 0 0 0
 0 0 0 0 0
 0 0 0 0 0
 0 0 0 0 0
 0 0 0 0 0
 0 0 0 0 0
 0 0 0 0 0
 0 0 0 0 0
 0 0 0 0 0
 0 0 0 0 0
 0 0 0 0 0
 0 0 0 0 0
 54.1415 53.1238 0.133718 -0.100422 52.132
 12.4075 12.0533 0.126734 -0.0958725 11.7155
 5.19965 5.00068 0.118681 -0.091296 4.81512
 2.69393 2.56497 0.108465 -0.0842778 2.44724
 1.63313 1.53927 0.10258 -0.0805082 1.45545
 1.08279 1.01025 0.0985667 -0.0783118 0.94671
 0.757208 0.699345 0.0927558 -0.0742975 0.649672
 0.545222 0.498468 0.087133 -0.070677 0.459115
 0.416485 0.37693 0.0828562 -0.0676473 0.344318
 0.321065 0.287615 0.0796782 -0.0656875 0.260493
 0.25428 0.225478 0.0770165 -0.064115 0.202532
 0.20271 0.177939 0.072844 -0.0611383 0.158547
 0.168339 0.146276 0.0716847 -0.0607192 0.129239
 0.141823 0.122009 0.0695642 -0.0594062 0.106984
 0.116826 0.0995023 0.0657357 -0.0564605 0.086587
 0.0986613 0.0832068 0.0647462 -0.056169 0.0718325
 0.0856335 0.0714927 0.064611 -0.0565795 0.0611763
 0.0740475 0.06122 0.0629367 -0.0555625 0.0519855
 0.0648135 0.053051 0.0619867 -0.0549218 0.0446942
 0 0 0 0 0
 0 0 0 0 0
 0 0 0 0 0
 0 0 0 0 0
 0 0 0 0 0
 0 0 0 0 0
 0 0 0 0 0
 0 0 0 0 0
 0 0 0 0 0
 0 0 0 0 0
 0 0 0 0 0
 0 0 0 0 0
 0 0 0 0 0
 0 0 0 0 0
 0 0 0 0 0
 0 0 0 0 0
 0 0 0 0 0
 0 0 0 0 0
 0 0 0 0 0
 0 0 0 0 0
 0 0 0 0 0
 0 0 0 0 0
 0 0 0 0 0
 0 0 0 0 0
 0 0 0 0 0
 0 0 0 0 0
 0 0 0 0 0
 0 0 0 0 0
 0 0 0 0 0
 0 0 0 0 0
 0 0 0 0 0
 0 0 0 0 0
 0 0 0 0 0
 0 0 0 0 0
 0 0 0 0 0
 0 0 0 0 0
 0 0 0 0 0
 0 0 0 0 0
 0 0 0 0 0
 0 0 0 0 0
 0 0 0 0 0
 0 0 0 0 0
 0 0 0 0 0
 0 0 0 0 0
 0 0 0 0 0
 0 0 0 0 0
 0 0 0 0 0
 0 0 0 0 0
 0 0 0 0 0
 0 0 0 0 0
 0 0 0 0 0
 0 0 0 0 0
 0 0 0 0 0
 0 0 0 0 0
 0 0 0 0 0
 0 0 0 0 0
 0 0 0 0 0
 0 0 0 0 0
 0 0 0 0 0
 0 0 0 0 0
 0 0 0 0 0
 0 0 0 0 0
 0 0 0 0 0
 0 0 0 0 0
 0 0 0 0 0
 0 0 0 0 0
 0 0 0 0 0
 0 0 0 0 0
 0 0 0 0 0
 0 0 0 0 0
 0 0 0 0 0
 0 0 0 0 0
 0 0 0 0 0
 0 0 0 0 0
 0 0 0 0 0
 0 0 0 0 0
 0 0 0 0 0
 0 0 0 0 0
 0 0 0 0 0
 0 0 0 0 0
 0 0 0 0 0
 0 0 0 0 0
 0 0 0 0 0
 0 0 0 0 0
 0 0 0 0 0
 0 0 0 0 0
 0 0 0 0 0
 0 0 0 0 0
 0 0 0 0 0
 0 0 0 0 0
 0 0 0 0 0
 0 0 0 0 0
 0 0 0 0 0
 0 0 0 0 0
 0 0 0 0 0
 0 0 0 0 0
 0 0 0 0 0
 0 0 0 0 0
 0 0 0 0 0
 0 0 0 0 0
 0 0 0 0 0
 0 0 0 0 0
 0 0 0 0 0
 56.4913 55.45 0.135144 -0.100837 54.435
 12.4522 12.1024 0.123603 -0.0932803 11.7687
 5.1853 4.98978 0.116823 -0.0892193 4.80715
 2.85628 2.72135 0.113165 -0.087749 2.5981
 1.66095 1.56664 0.10342 -0.0809322 1.48228
 1.09783 1.02517 0.0972657 -0.077024 0.961483
 0.74814 0.69165 0.0897415 -0.071654 0.64308
 0.552202 0.505385 0.0866555 -0.0699645 0.465908
 0.417288 0.37808 0.0824615 -0.067186 0.345665
 0.326425 0.29282 0.079786 -0.0656282 0.265512
 0.254647 0.226129 0.0753395 -0.062584 0.20337
 0.200487 0.176227 0.0711275 -0.059493 0.157154
 0.169165 0.14724 0.070288 -0.0593123 0.130316
 0.136614 0.117712 0.0667813 -0.056876 0.103337
 0.117766 0.100467 0.066059 -0.0566207 0.0875195
 0.0974098 0.0822675 0.0629542 -0.0543735 0.0710845
 0.0854993 0.0715452 0.0628365 -0.0547483 0.0613693
 0.0745912 0.0618003 0.0611728 -0.0537052 0.0525962
 0 0 0 0 0
 0 0 0 0 0
 0 0 0 0 0
 0 0 0 0 0
 0 0 0 0 0
 0 0 0 0 0
 0 0 0 0 0
 0 0 0 0 0
 0 0 0 0 0
 0 0 0 0 0
 0 0 0 0 0
 0 0 0 0 0
 0 0 0 0 0
 0 0 0 0 0
 0 0 0 0 0
 0 0 0 0 0
 0 0 0 0 0
 0 0 0 0 0
 0 0 0 0 0
 0 0 0 0 0
 0 0 0 0 0
 0 0 0 0 0
 0 0 0 0 0
 0 0 0 0 0
 0 0 0 0 0
 0 0 0 0 0
 0 0 0 0 0
 0 0 0 0 0
 0 0 0 0 0
 0 0 0 0 0
 0 0 0 0 0
 0 0 0 0 0
 0 0 0 0 0
 0 0 0 0 0
 0 0 0 0 0
 0 0 0 0 0
 0 0 0 0 0
 0 0 0 0 0
 0 0 0 0 0
 0 0 0 0 0
 0 0 0 0 0
 0 0 0 0 0
 0 0 0 0 0
 0 0 0 0 0
 0 0 0 0 0
 0 0 0 0 0
 0 0 0 0 0
 0 0 0 0 0
 0 0 0 0 0
 0 0 0 0 0
 0 0 0 0 0
 0 0 0 0 0
 0 0 0 0 0
 0 0 0 0 0
 0 0 0 0 0
 0 0 0 0 0
 0 0 0 0 0
 0 0 0 0 0
 0 0 0 0 0
 0 0 0 0 0
 0 0 0 0 0
 0 0 0 0 0
 0 0 0 0 0
 0 0 0 0 0
 0 0 0 0 0
 0 0 0 0 0
 0 0 0 0 0
 0 0 0 0 0
 0 0 0 0 0
 0 0 0 0 0
 0 0 0 0 0
 0 0 0 0 0
 0 0 0 0 0
 0 0 0 0 0
 0 0 0 0 0
 0 0 0 0 0
 0 0 0 0 0
 0 0 0 0 0
 0 0 0 0 0
 0 0 0 0 0
 0 0 0 0 0
 0 0 0 0 0
 0 0 0 0 0
 0 0 0 0 0
 0 0 0 0 0
 0 0 0 0 0
 0 0 0 0 0
 0 0 0 0 0
 0 0 0 0 0
 0 0 0 0 0
 0 0 0 0 0
 0 0 0 0 0
 0 0 0 0 0
 0 0 0 0 0
 0 0 0 0 0
 0 0 0 0 0
 0 0 0 0 0
 0 0 0 0 0
 0 0 0 0 0
 0 0 0 0 0
 0 0 0 0 0
 0 0 0 0 0
 0 0 0 0 0
 0 0 0 0 0
 57.4425 56.404 0.134181 -0.099189 55.3913
 12.9733 12.6146 0.126858 -0.0951175 12.2721
 5.32355 5.12572 0.11817 -0.0899347 4.94083
 2.78828 2.65827 0.109155 -0.0839125 2.53935
 1.67137 1.57772 0.101744 -0.079155 1.49385
 1.10069 1.02878 0.095683 -0.0752608 0.965715
 0.752685 0.696485 0.0894585 -0.0711523 0.648172
 0.563295 0.516078 0.0871702 -0.07014 0.47618
 0.418337 0.379497 0.0810283 -0.0657615 0.347352
 0.31895 0.286465 0.0768373 -0.0630453 0.260033
 0.250762 0.222952 0.073044 -0.0604307 0.20075
 0.204154 0.17975 0.070717 -0.0590218 0.160565
 0.168155 0.146592 0.0688115 -0.0579512 0.129895
 0.140731 0.121509 0.06726 -0.0571517 0.106879
 0.115422 0.0986445 0.0636515 -0.0544747 0.086042
 0.0969098 0.0819983 0.0612953 -0.0527957 0.0709563
 0.0837818 0.0702123 0.0604527 -0.0524898 0.060329
 0 0 0 0 0
 0 0 0 0 0
 0 0 0 0 0
 0 0 0 0 0
 0 0 0 0 0
 0 0 0 0 0
 0 0 0 0 0
 0 0 0 0 0
 0 0 0 0 0
 0 0 0 0 0
 0 0 0 0 0
 0 0 0 0 0
 0 0 0 0 0
 0 0 0 0 0
 0 0 0 0 0
 0 0 0 0 0
 0 0 0 0 0
 0 0 0 0 0
 0 0 0 0 0
 0 0 0 0 0
 0 0 0 0 0
 0 0 0 0 0
 0 0 0 0 0
 0 0 0 0 0
 0 0 0 0 0
 0 0 0 0 0
 0 0 0 0 0
 0 0 0 0 0
 0 0 0 0 0
 0 0 0 0 0
 0 0 0 0 0
 0 0 0 0 0
 0 0 0 0 0
 0 0 0 0 0
 0 0 0 0 0
 0 0 0 0 0
 0 0 0 0 0
 0 0 0 0 0
 0 0 0 0 0
 0 0 0 0 0
 0 0 0 0 0
 0 0 0 0 0
 0 0 0 0 0
 0 0 0 0 0
 0 0 0 0 0
 0 0 0 0 0
 0 0 0 0 0
 0 0 0 0 0
 0 0 0 0 0
 0 0 0 0 0
 0 0 0 0 0
 0 0 0 0 0
 0 0 0 0 0
 0 0 0 0 0
 0 0 0 0 0
 0 0 0 0 0
 0 0 0 0 0
 0 0 0 0 0
 0 0 0 0 0
 0 0 0 0 0
 0 0 0 0 0
 0 0 0 0 0
 0 0 0 0 0
 0 0 0 0 0
 0 0 0 0 0
 0 0 0 0 0
 0 0 0 0 0
 0 0 0 0 0
 0 0 0 0 0
 0 0 0 0 0
 0 0 0 0 0
 0 0 0 0 0
 0 0 0 0 0
 0 0 0 0 0
 0 0 0 0 0
 0 0 0 0 0
 0 0 0 0 0
 0 0 0 0 0
 0 0 0 0 0
 0 0 0 0 0
 0 0 0 0 0
 0 0 0 0 0
 0 0 0 0 0
 0 0 0 0 0
 0 0 0 0 0
 0 0 0 0 0
 0 0 0 0 0
 0 0 0 0 0
 0 0 0 0 0
 0 0 0 0 0
 0 0 0 0 0
 0 0 0 0 0
 0 0 0 0 0
 0 0 0 0 0
 0 0 0 0 0
 0 0 0 0 0
 0 0 0 0 0
 0 0 0 0 0
 0 0 0 0 0
 0 0 0 0 0
 0 0 0 0 0
 0 0 0 0 0
 0 0 0 0 0
 0 0 0 0 0
 0 0 0 0 0
 60.6413 59.566 0.13677 -0.100919 58.517
 13.0741 12.7183 0.125054 -0.093886 12.3784
 5.29558 5.10155 0.115351 -0.0871915 4.9201
 2.81622 2.68663 0.108914 -0.0833925 2.56792
 1.66841 1.57606 0.100092 -0.0775782 1.49327
 1.11424 1.04228 0.0953115 -0.074966 0.979022
 0.759532 0.70345 0.089224 -0.0707718 0.655058
 0.556492 0.510388 0.0845215 -0.0678555 0.471382
 0.41575 0.377538 0.0800628 -0.0647195 0.345828
 0.32324 0.290653 0.0762925 -0.062372 0.264097
 0.25371 0.225925 0.0721103 -0.059439 0.203698
 0.205026 0.180737 0.0707358 -0.0588205 0.161571
 0.159627 0.139355 0.0643517 -0.0539387 0.123641
 0.138272 0.119561 0.0645443 -0.0546608 0.105284
 0.115168 0.0986032 0.0620215 -0.0529417 0.0861575
 0.0980922 0.083163 0.0611187 -0.052726 0.0720747
 0 0 0 0 0
 0 0 0 0 0
 0 0 0 0 0
 0 0 0 0 0
 0 0 0 0 0
 0 0 0 0 0
 0 0 0 0 0
 0 0 0 0 0
 0 0 0 0 0
 0 0 0 0 0
 0 0 0 0 0
 0 0 0 0 0
 0 0 0 0 0
 0 0 0 0 0
 0 0 0 0 0
 0 0 0 0 0
 0 0 0 0 0
 0 0 0 0 0
 0 0 0 0 0
 0 0 0 0 0
 0 0 0 0 0
 0 0 0 0 0
 0 0 0 0 0
 0 0 0 0 0
 0 0 0 0 0
 0 0 0 0 0
 0 0 0 0 0
 0 0 0 0 0
 0 0 0 0 0
 0 0 0 0 0
 0 0 0 0 0
 0 0 0 0 0
 0 0 0 0 0
 0 0 0 0 0
 0 0 0 0 0
 0 0 0 0 0
 0 0 0 0 0
 0 0 0 0 0
 0 0 0 0 0
 0 0 0 0 0
 0 0 0 0 0
 0 0 0 0 0
 0 0 0 0 0
 0 0 0 0 0
 0 0 0 0 0
 0 0 0 0 0
 0 0 0 0 0
 0 0 0 0 0
 0 0 0 0 0
 0 0 0 0 0
 0 0 0 0 0
 0 0 0 0 0
 0 0 0 0 0
 0 0 0 0 0
 0 0 0 0 0
 0 0 0 0 0
 0 0 0 0 0
 0 0 0 0 0
 0 0 0 0 0
 0 0 0 0 0
 0 0 0 0 0
 0 0 0 0 0
 0 0 0 0 0
 0 0 0 0 0
 0 0 0 0 0
 0 0 0 0 0
 0 0 0 0 0
 0 0 0 0 0
 0 0 0 0 0
 0 0 0 0 0
 0 0 0 0 0
 0 0 0 0 0
 0 0 0 0 0
 0 0 0 0 0
 0 0 0 0 0
 0 0 0 0 0
 0 0 0 0 0
 0 0 0 0 0
 0 0 0 0 0
 0 0 0 0 0
 0 0 0 0 0
 0 0 0 0 0
 0 0 0 0 0
 0 0 0 0 0
 0 0 0 0 0
 0 0 0 0 0
 0 0 0 0 0
 0 0 0 0 0
 0 0 0 0 0
 0 0 0 0 0
 0 0 0 0 0
 0 0 0 0 0
 0 0 0 0 0
 0 0 0 0 0
 0 0 0 0 0
 0 0 0 0 0
 0 0 0 0 0
 0 0 0 0 0
 0 0 0 0 0
 0 0 0 0 0
 0 0 0 0 0
 0 0 0 0 0
 0 0 0 0 0
 0 0 0 0 0
 0 0 0 0 0
 0 0 0 0 0
 61.9595 60.8817 0.135572 -0.0997272 59.8293
 13.1658 12.8131 0.123944 -0.0924117 12.4758
 5.45435 5.25725 0.116183 -0.0876888 5.07277
 2.82648 2.69808 0.106702 -0.0812327 2.58045
 1.71185 1.61825 0.100431 -0.0774823 1.53425
 1.11822 1.04688 0.0946108 -0.0738547 0.98407
 0.76122 0.705677 0.087697 -0.0691593 0.657717
 0.558968 0.513143 0.0835322 -0.066585 0.47434
 0.414757 0.377043 0.0784805 -0.063178 0.34569
 0.31701 0.285395 0.0741247 -0.0603328 0.25959
 0.248864 0.22188 0.0702765 -0.0578078 0.200217
 0.206944 0.182678 0.0698443 -0.0579507 0.163483
 0.161634 0.141299 0.0645512 -0.0540588 0.125487
 0.13491 0.116783 0.062461 -0.0528548 0.102876
 0.116374 0.0998148 0.0620002 -0.0528792 0.087318
 0 0 0 0 0
 0 0 0 0 0
 0 0 0 0 0
 0 0 0 0 0
 0 0 0 0 0
 0 0 0 0 0
 0 0 0 0 0
 0 0 0 0 0
 0 0 0 0 0
 0 0 0 0 0
 0 0 0 0 0
 0 0 0 0 0
 0 0 0 0 0
 0 0 0 0 0
 0 0 0 0 0
 0 0 0 0 0
 0 0 0 0 0
 0 0 0 0 0
 0 0 0 0 0
 0 0 0 0 0
 0 0 0 0 0
 0 0 0 0 0
 0 0 0 0 0
 0 0 0 0 0
 0 0 0 0 0
 0 0 0 0 0
 0 0 0 0 0
 0 0 0 0 0
 0 0 0 0 0
 0 0 0 0 0
 0 0 0 0 0
 0 0 0 0 0
 0 0 0 0 0
 0 0 0 0 0
 0 0 0 0 0
 0 0 0 0 0
 0 0 0 0 0
 0 0 0 0 0
 0 0 0 0 0
 0 0 0 0 0
 0 0 0 0 0
 0 0 0 0 0
 0 0 0 0 0
 0 0 0 0 0
 0 0 0 0 0
 0 0 0 0 0
 0 0 0 0 0
 0 0 0 0 0
 0 0 0 0 0
 0 0 0 0 0
 0 0 0 0 0
 0 0 0 0 0
 0 0 0 0 0
 0 0 0 0 0
 0 0 0 0 0
 0 0 0 0 0
 0 0 0 0 0
 0 0 0 0 0
 0 0 0 0 0
 0 0 0 0 0
 0 0 0 0 0
 0 0 0 0 0
 0 0 0 0 0
 0 0 0 0 0
 0 0 0 0 0
 0 0 0 0 0
 0 0 0 0 0
 0 0 0 0 0
 0 0 0 0 0
 0 0 0 0 0
 0 0 0 0 0
 0 0 0 0 0
 0 0 0 0 0
 0 0 0 0 0
 0 0 0 0 0
 0 0 0 0 0
 0 0 0 0 0
 0 0 0 0 0
 0 0 0 0 0
 0 0 0 0 0
 0 0 0 0 0
 0 0 0 0 0
 0 0 0 0 0
 0 0 0 0 0
 0 0 0 0 0
 0 0 0 0 0
 0 0 0 0 0
 0 0 0 0 0
 0 0 0 0 0
 0 0 0 0 0
 0 0 0 0 0
 0 0 0 0 0
 0 0 0 0 0
 0 0 0 0 0
 0 0 0 0 0
 0 0 0 0 0
 0 0 0 0 0
 0 0 0 0 0
 0 0 0 0 0
 0 0 0 0 0
 0 0 0 0 0
 0 0 0 0 0
 0 0 0 0 0
 0 0 0 0 0
 0 0 0 0 0
 0 0 0 0 0
 0 0 0 0 0
 63.2183 62.139 0.134335 -0.0983785 61.085
 13.5979 13.2393 0.125069 -0.0925665 12.8961
 5.55765 5.35965 0.115627 -0.086748 5.17418
 2.84763 2.71995 0.106382 -0.0809588 2.60283
 1.72968 1.6363 0.100076 -0.077106 1.55245
 1.12249 1.05169 0.0930338 -0.0723545 0.989333
 0.78327 0.726795 0.0884135 -0.0694825 0.677985
 0.54791 0.503475 0.080589 -0.0639137 0.465853
 0.411213 0.374212 0.0767368 -0.0615415 0.3434
 0.314217 0.283198 0.07263 -0.058912 0.257802
 0.25337 0.226179 0.0702447 -0.057495 0.204316
 0.203142 0.179566 0.067207 -0.05564 0.160942
 0.162839 0.142575 0.0637785 -0.0531627 0.126789
 0.135116 0.117147 0.061548 -0.0517658 0.103357
 0 0 0 0 0
 0 0 0 0 0
 0 0 0 0 0
 0 0 0 0 0
 0 0 0 0 0
 0 0 0 0 0
 0 0 0 0 0
 0 0 0 0 0
 0 0 0 0 0
 0 0 0 0 0
 0 0 0 0 0
 0 0 0 0 0
 0 0 0 0 0
 0 0 0 0 0
 0 0 0 0 0
 0 0 0 0 0
 0 0 0 0 0
 0 0 0 0 0
 0 0 0 0 0
 0 0 0 0 0
 0 0 0 0 0
 0 0 0 0 0
 0 0 0 0 0
 0 0 0 0 0
 0 0 0 0 0
 0 0 0 0 0
 0 0 0 0 0
 0 0 0 0 0
 0 0 0 0 0
 0 0 0 0 0
 0 0 0 0 0
 0 0 0 0 0
 0 0 0 0 0
 0 0 0 0 0
 0 0 0 0 0
 0 0 0 0 0
 0 0 0 0 0
 0 0 0 0 0
 0 0 0 0 0
 0 0 0 0 0
 0 0 0 0 0
 0 0 0 0 0
 0 0 0 0 0
 0 0 0 0 0
 0 0 0 0 0
 0 0 0 0 0
 0 0 0 0 0
 0 0 0 0 0
 0 0 0 0 0
 0 0 0 0 0
 0 0 0 0 0
 0 0 0 0 0
 0 0 0 0 0
 0 0 0 0 0
 0 0 0 0 0
 0 0 0 0 0
 0 0 0 0 0
 0 0 0 0 0
 0 0 0 0 0
 0 0 0 0 0
 0 0 0 0 0
 0 0 0 0 0
 0 0 0 0 0
 0 0 0 0 0
 0 0 0 0 0
 0 0 0 0 0
 0 0 0 0 0
 0 0 0 0 0
 0 0 0 0 0
 0 0 0 0 0
 0 0 0 0 0
 0 0 0 0 0
 0 0 0 0 0
 0 0 0 0 0
 0 0 0 0 0
 0 0 0 0 0
 0 0 0 0 0
 0 0 0 0 0
 0 0 0 0 0
 0 0 0 0 0
 0 0 0 0 0
 0 0 0 0 0
 0 0 0 0 0
 0 0 0 0 0
 0 0 0 0 0
 0 0 0 0 0
 0 0 0 0 0
 0 0 0 0 0
 0 0 0 0 0
 0 0 0 0 0
 0 0 0 0 0
 0 0 0 0 0
 0 0 0 0 0
 0 0 0 0 0
 0 0 0 0 0
 0 0 0 0 0
 0 0 0 0 0
 0 0 0 0 0
 0 0 0 0 0
 0 0 0 0 0
 0 0 0 0 0
 0 0 0 0 0
 0 0 0 0 0
 0 0 0 0 0
 0 0 0 0 0
 0 0 0 0 0
 0 0 0 0 0
 0 0 0 0 0
 64.7125 63.6282 0.135161 -0.0981685 62.5685
 13.5581 13.206 0.121588 -0.0894095 12.8689
 5.53652 5.34192 0.113971 -0.0851318 5.15945
 2.87083 2.74372 0.105553 -0.0798952 2.62702
 1.69509 1.60467 0.0967165 -0.0741712 1.5233
 1.11073 1.04147 0.0911655 -0.0706298 0.98039
 0.752835 0.69914 0.084237 -0.0660252 0.652667
 0.55862 0.513847 0.0812982 -0.0643285 0.475835
 0.413325 0.37656 0.0755568 -0.060376 0.345885
 0.322625 0.291128 0.0729785 -0.0589297 0.265322
 0.250525 0.223872 0.0683618 -0.0556122 0.202412
 0.197832 0.175106 0.0646958 -0.0532553 0.157098
 0.169401 0.148545 0.0647537 -0.0537493 0.132281
 0 0 0 0 0
 0 0 0 0 0
 0 0 0 0 0
 0 0 0 0 0
 0 0 0 0 0
 0 0 0 0 0
 0 0 0 0 0
 0 0 0 0 0
 0 0 0 0 0
 0 0 0 0 0
 0 0 0 0 0
 0 0 0 0 0
 0 0 0 0 0
 0 0 0 0 0
 0 0 0 0 0
 0 0 0 0 0
 0 0 0 0 0
 0 0 0 0 0
 0 0 0 0 0
 0 0 0 0 0
 0 0 0 0 0
 0 0 0 0 0
 0 0 0 0 0
 0 0 0 0 0
 0 0 0 0 0
 0 0 0 0 0
 0 0 0 0 0
 0 0 0 0 0
 0 0 0 0 0
 0 0 0 0 0
 0 0 0 0 0
 0 0 0 0 0
 0 0 0 0 0
 0 0 0 0 0
 0 0 0 0 0
 0 0 0 0 0
 0 0 0 0 0
 0 0 0 0 0
 0 0 0 0 0
 0 0 0 0 0
 0 0 0 0 0
 0 0 0 0 0
 0 0 0 0 0
 0 0 0 0 0
 0 0 0 0 0
 0 0 0 0 0
 0 0 0 0 0
 0 0 0 0 0
 0 0 0 0 0
 0 0 0 0 0
 0 0 0 0 0
 0 0 0 0 0
 0 0 0 0 0
 0 0 0 0 0
 0 0 0 0 0
 0 0 0 0 0
 0 0 0 0 0
 0 0 0 0 0
 0 0 0 0 0
 0 0 0 0 0
 0 0 0 0 0
 0 0 0 0 0
 0 0 0 0 0
 0 0 0 0 0
 0 0 0 0 0
 0 0 0 0 0
 0 0 0 0 0
 0 0 0 0 0
 0 0 0 0 0
 0 0 0 0 0
 0 0 0 0 0
 0 0 0 0 0
 0 0 0 0 0
 0 0 0 0 0
 0 0 0 0 0
 0 0 0 0 0
 0 0 0 0 0
 0 0 0 0 0
 0 0 0 0 0
 0 0 0 0 0
 0 0 0 0 0
 0 0 0 0 0
 0 0 0 0 0
 0 0 0 0 0
 0 0 0 0 0
 0 0 0 0 0
 0 0 0 0 0
 0 0 0 0 0
 0 0 0 0 0
 0 0 0 0 0
 0 0 0 0 0
 0 0 0 0 0
 0 0 0 0 0
 0 0 0 0 0
 0 0 0 0 0
 0 0 0 0 0
 0 0 0 0 0
 0 0 0 0 0
 0 0 0 0 0
 0 0 0 0 0
 0 0 0 0 0
 0 0 0 0 0
 0 0 0 0 0
 0 0 0 0 0
 0 0 0 0 0
 0 0 0 0 0
 0 0 0 0 0
 0 0 0 0 0
 0 0 0 0 0
 68.7902 67.6588 0.138172 -0.100056 66.5528
 13.8355 13.4817 0.121486 -0.089175 13.1426
 5.60773 5.4133 0.113706 -0.0846782 5.23082
 2.7787 2.65718 0.101157 -0.0759818 2.54548
 1.71844 1.62783 0.0969965 -0.0739355 1.54624
 1.11077 1.04224 0.0905405 -0.06992 0.98165
 0.7726 0.718155 0.084647 -0.0660527 0.670997
 0.556655 0.512485 0.0791728 -0.0624285 0.474895
 0.424898 0.387537 0.0765783 -0.061121 0.35633
 0.3175 0.286833 0.0707355 -0.0569295 0.261657
 0.243136 0.217543 0.0657652 -0.0534025 0.196898
 0.203485 0.180363 0.0653777 -0.0538202 0.161966
 0 0 0 0 0
 0 0 0 0 0
 0 0 0 0 0
 0 0 0 0 0
 0 0 0 0 0
 0 0 0 0 0
 0 0 0 0 0
 0 0 0 0 0
 0 0 0 0 0
 0 0 0 0 0
 0 0 0 0 0
 0 0 0 0 0
 0 0 0 0 0
 0 0 0 0 0
 0 0 0 0 0
 0 0 0 0 0
 0 0 0 0 0
 0 0 0 0 0
 0 0 0 0 0
 0 0 0 0 0
 0 0 0 0 0
 0 0 0 0 0
 0 0 0 0 0
 0 0 0 0 0
 0 0 0 0 0
 0 0 0 0 0
 0 0 0 0 0
 0 0 0 0 0
 0 0 0 0 0
 0 0 0 0 0
 0 0 0 0 0
 0 0 0 0 0
 0 0 0 0 0
 0 0 0 0 0
 0 0 0 0 0
 0 0 0 0 0
 0 0 0 0 0
 0 0 0 0 0
 0 0 0 0 0
 0 0 0 0 0
 0 0 0 0 0
 0 0 0 0 0
 0 0 0 0 0
 0 0 0 0 0
 0 0 0 0 0
 0 0 0 0 0
 0 0 0 0 0
 0 0 0 0 0
 0 0 0 0 0
 0 0 0 0 0
 0 0 0 0 0
 0 0 0 0 0
 0 0 0 0 0
 0 0 0 0 0
 0 0 0 0 0
 0 0 0 0 0
 0 0 0 0 0
 0 0 0 0 0
 0 0 0 0 0
 0 0 0 0 0
 0 0 0 0 0
 0 0 0 0 0
 0 0 0 0 0
 0 0 0 0 0
 0 0 0 0 0
 0 0 0 0 0
 0 0 0 0 0
 0 0 0 0 0
 0 0 0 0 0
 0 0 0 0 0
 0 0 0 0 0
 0 0 0 0 0
 0 0 0 0 0
 0 0 0 0 0
 0 0 0 0 0
 0 0 0 0 0
 0 0 0 0 0
 0 0 0 0 0
 0 0 0 0 0
 0 0 0 0 0
 0 0 0 0 0
 0 0 0 0 0
 0 0 0 0 0
 0 0 0 0 0
 0 0 0 0 0
 0 0 0 0 0
 0 0 0 0 0
 0 0 0 0 0
 0 0 0 0 0
 0 0 0 0 0
 0 0 0 0 0
 0 0 0 0 0
 0 0 0 0 0
 0 0 0 0 0
 0 0 0 0 0
 0 0 0 0 0
 0 0 0 0 0
 0 0 0 0 0
 0 0 0 0 0
 0 0 0 0 0
 0 0 0 0 0
 0 0 0 0 0
 0 0 0 0 0
 0 0 0 0 0
 0 0 0 0 0
 0 0 0 0 0
 0 0 0 0 0
 0 0 0 0 0
 0 0 0 0 0
 0 0 0 0 0
 67.6298 66.5375 0.132328 -0.0948918 65.4698
 14.0164 13.6632 0.121379 -0.0885205 13.3246
 5.68412 5.48968 0.113738 -0.0839705 5.30713
 2.94652 2.81937 0.10464 -0.0785448 2.70237
 1.76359 1.67174 0.0980288 -0.0742825 1.58889
 1.15252 1.08234 0.0906583 -0.0697815 1.02028
 0.784248 0.72952 0.0850535 -0.0659198 0.682035
 0.548005 0.505012 0.0773935 -0.0608298 0.46837
 0.410075 0.374323 0.0735497 -0.0583703 0.344422
 0.32074 0.29007 0.0702172 -0.0564623 0.264873
 0.246108 0.220508 0.0652832 -0.052938 0.199843
 0 0 0 0 0
 0 0 0 0 0
 0 0 0 0 0
 0 0 0 0 0
 0 0 0 0 0
 0 0 0 0 0
 0 0 0 0 0
 0 0 0 0 0
 0 0 0 0 0
 0 0 0 0 0
 0 0 0 0 0
 0 0 0 0 0
 0 0 0 0 0
 0 0 0 0 0
 0 0 0 0 0
 0 0 0 0 0
 0 0 0 0 0
 0 0 0 0 0
 0 0 0 0 0
 0 0 0 0 0
 0 0 0 0 0
 0 0 0 0 0
 0 0 0 0 0
 0 0 0 0 0
 0 0 0 0 0
 0 0 0 0 0
 0 0 0 0 0
 0 0 0 0 0
 0 0 0 0 0
 0 0 0 0 0
 0 0 0 0 0
 0 0 0 0 0
 0 0 0 0 0
 0 0 0 0 0
 0 0 0 0 0
 0 0 0 0 0
 0 0 0 0 0
 0 0 0 0 0
 0 0 0 0 0
 0 0 0 0 0
 0 0 0 0 0
 0 0 0 0 0
 0 0 0 0 0
 0 0 0 0 0
 0 0 0 0 0
 0 0 0 0 0
 0 0 0 0 0
 0 0 0 0 0
 0 0 0 0 0
 0 0 0 0 0
 0 0 0 0 0
 0 0 0 0 0
 0 0 0 0 0
 0 0 0 0 0
 0 0 0 0 0
 0 0 0 0 0
 0 0 0 0 0
 0 0 0 0 0
 0 0 0 0 0
 0 0 0 0 0
 0 0 0 0 0
 0 0 0 0 0
 0 0 0 0 0
 0 0 0 0 0
 0 0 0 0 0
 0 0 0 0 0
 0 0 0 0 0
 0 0 0 0 0
 0 0 0 0 0
 0 0 0 0 0
 0 0 0 0 0
 0 0 0 0 0
 0 0 0 0 0
 0 0 0 0 0
 0 0 0 0 0
 0 0 0 0 0
 0 0 0 0 0
 0 0 0 0 0
 0 0 0 0 0
 0 0 0 0 0
 0 0 0 0 0
 0 0 0 0 0
 0 0 0 0 0
 0 0 0 0 0
 0 0 0 0 0
 0 0 0 0 0
 0 0 0 0 0
 0 0 0 0 0
 0 0 0 0 0
 0 0 0 0 0
 0 0 0 0 0
 0 0 0 0 0
 0 0 0 0 0
 0 0 0 0 0
 0 0 0 0 0
 0 0 0 0 0
 0 0 0 0 0
 0 0 0 0 0
 0 0 0 0 0
 0 0 0 0 0
 0 0 0 0 0
 0 0 0 0 0
 0 0 0 0 0
 0 0 0 0 0
 0 0 0 0 0
 0 0 0 0 0
 0 0 0 0 0
 0 0 0 0 0
 0 0 0 0 0
 0 0 0 0 0
 0 0 0 0 0
 71.0155 69.8892 0.135541 -0.096885 68.7875
 14.5097 14.1495 0.123053 -0.0892937 13.8041
 5.6835 5.49155 0.112761 -0.0827562 5.31112
 2.9801 2.85305 0.104216 -0.0776712 2.736
 1.79335 1.70102 0.0987725 -0.0746928 1.61761
 1.12054 1.05299 0.0883022 -0.0676645 0.99314
 0.787973 0.733633 0.0841925 -0.0652208 0.686375
 0.57701 0.532203 0.0802295 -0.062904 0.493932
 0.409975 0.37463 0.0722483 -0.0570525 0.345
 0.325092 0.294308 0.0704425 -0.0564075 0.26895
 0 0 0 0 0
 0 0 0 0 0
 0 0 0 0 0
 0 0 0 0 0
 0 0 0 0 0
 0 0 0 0 0
 0 0 0 0 0
 0 0 0 0 0
 0 0 0 0 0
 0 0 0 0 0
 0 0 0 0 0
 0 0 0 0 0
 0 0 0 0 0
 0 0 0 0 0
 0 0 0 0 0
 0 0 0 0 0
 0 0 0 0 0
 0 0 0 0 0
 0 0 0 0 0
 0 0 0 0 0
 0 0 0 0 0
 0 0 0 0 0
 0 0 0 0 0
 0 0 0 0 0
 0 0 0 0 0
 0 0 0 0 0
 0 0 0 0 0
 0 0 0 0 0
 0 0 0 0 0
 0 0 0 0 0
 0 0 0 0 0
 0 0 0 0 0
 0 0 0 0 0
 0 0 0 0 0
 0 0 0 0 0
 0 0 0 0 0
 0 0 0 0 0
 0 0 0 0 0
 0 0 0 0 0
 0 0 0 0 0
 0 0 0 0 0
 0 0 0 0 0
 0 0 0 0 0
 0 0 0 0 0
 0 0 0 0 0
 0 0 0 0 0
 0 0 0 0 0
 0 0 0 0 0
 0 0 0 0 0
 0 0 0 0 0
 0 0 0 0 0
 0 0 0 0 0
 0 0 0 0 0
 0 0 0 0 0
 0 0 0 0 0
 0 0 0 0 0
 0 0 0 0 0
 0 0 0 0 0
 0 0 0 0 0
 0 0 0 0 0
 0 0 0 0 0
 0 0 0 0 0
 0 0 0 0 0
 0 0 0 0 0
 0 0 0 0 0
 0 0 0 0 0
 0 0 0 0 0
 0 0 0 0 0
 0 0 0 0 0
 0 0 0 0 0
 0 0 0 0 0
 0 0 0 0 0
 0 0 0 0 0
 0 0 0 0 0
 0 0 0 0 0
 0 0 0 0 0
 0 0 0 0 0
 0 0 0 0 0
 0 0 0 0 0
 0 0 0 0 0
 0 0 0 0 0
 0 0 0 0 0
 0 0 0 0 0
 0 0 0 0 0
 0 0 0 0 0
 0 0 0 0 0
 0 0 0 0 0
 0 0 0 0 0
 0 0 0 0 0
 0 0 0 0 0
 0 0 0 0 0
 0 0 0 0 0
 0 0 0 0 0
 0 0 0 0 0
 0 0 0 0 0
 0 0 0 0 0
 0 0 0 0 0
 0 0 0 0 0
 0 0 0 0 0
 0 0 0 0 0
 0 0 0 0 0
 0 0 0 0 0
 0 0 0 0 0
 0 0 0 0 0
 0 0 0 0 0
 0 0 0 0 0
 0 0 0 0 0
 0 0 0 0 0
 0 0 0 0 0
 0 0 0 0 0
 0 0 0 0 0
 0 0 0 0 0
 72.4282 71.3002 0.133858 -0.0953425 70.1963
 14.3232 13.9727 0.120414 -0.0870818 13.6364
 5.67887 5.4897 0.1091 -0.0800372 5.31175
 2.97185 2.84662 0.102262 -0.075976 2.73122
 1.7528 1.66359 0.0941817 -0.0710035 1.58296
 1.12509 1.05807 0.08626 -0.065979 0.998692
 0.757142 0.705422 0.0798665 -0.0616653 0.6604
 0.56086 0.517785 0.0771498 -0.0601803 0.48096
 0.423545 0.387417 0.073251 -0.0580265 0.357035
 0 0 0 0 0
 0 0 0 0 0
 0 0 0 0 0
 0 0 0 0 0
 0 0 0 0 0
 0 0 0 0 0
 0 0 0 0 0
 0 0 0 0 0
 0 0 0 0 0
 0 0 0 0 0
 0 0 0 0 0
 0 0 0 0 0
 0 0 0 0 0
 0 0 0 0 0
 0 0 0 0 0
 0 0 0 0 0
 0 0 0 0 0
 0 0 0 0 0
 0 0 0 0 0
 0 0 0 0 0
 0 0 0 0 0
 0 0 0 0 0
 0 0 0 0 0
 0 0 0 0 0
 0 0 0 0 0
 0 0 0 0 0
 0 0 0 0 0
 0 0 0 0 0
 0 0 0 0 0
 0 0 0 0 0
 0 0 0 0 0
 0 0 0 0 0
 0 0 0 0 0
 0 0 0 0 0
 0 0 0 0 0
 0 0 0 0 0
 0 0 0 0 0
 0 0 0 0 0
 0 0 0 0 0
 0 0 0 0 0
 0 0 0 0 0
 0 0 0 0 0
 0 0 0 0 0
 0 0 0 0 0
 0 0 0 0 0
 0 0 0 0 0
 0 0 0 0 0
 0 0 0 0 0
 0 0 0 0 0
 0 0 0 0 0
 0 0 0 0 0
 0 0 0 0 0
 0 0 0 0 0
 0 0 0 0 0
 0 0 0 0 0
 0 0 0 0 0
 0 0 0 0 0
 0 0 0 0 0
 0 0 0 0 0
 0 0 0 0 0
 0 0 0 0 0
 0 0 0 0 0
 0 0 0 0 0
 0 0 0 0 0
 0 0 0 0 0
 0 0 0 0 0
 0 0 0 0 0
 0 0 0 0 0
 0 0 0 0 0
 0 0 0 0 0
 0 0 0 0 0
 0 0 0 0 0
 0 0 0 0 0
 0 0 0 0 0
 0 0 0 0 0
 0 0 0 0 0
 0 0 0 0 0
 0 0 0 0 0
 0 0 0 0 0
 0 0 0 0 0
 0 0 0 0 0
 0 0 0 0 0
 0 0 0 0 0
 0 0 0 0 0
 0 0 0 0 0
 0 0 0 0 0
 0 0 0 0 0
 0 0 0 0 0
 0 0 0 0 0
 0 0 0 0 0
 0 0 0 0 0
 0 0 0 0 0
 0 0 0 0 0
 0 0 0 0 0
 0 0 0 0 0
 0 0 0 0 0
 0 0 0 0 0
 0 0 0 0 0
 0 0 0 0 0
 0 0 0 0 0
 0 0 0 0 0
 0 0 0 0 0
 0 0 0 0 0
 0 0 0 0 0
 0 0 0 0 0
 0 0 0 0 0
 0 0 0 0 0
 0 0 0 0 0
 0 0 0 0 0
 0 0 0 0 0
 0 0 0 0 0
 0 0 0 0 0
 0 0 0 0 0
 72.7103 71.598 0.130731 -0.0921625 70.509
 14.5428 14.1922 0.11977 -0.0861998 13.8555
 5.76673 5.5771 0.109308 -0.079803 5.39862
 2.96525 2.84183 0.100462 -0.0742838 2.72792
 1.72142 1.6348 0.0921695 -0.0691042 1.5564
 1.14285 1.07548 0.0873567 -0.0662412 1.01569
 0.787987 0.7348 0.081825 -0.0630197 0.688407
 0.560788 0.518152 0.0755803 -0.05853 0.481662
 0 0 0 0 0
 0 0 0 0 0
 0 0 0 0 0
 0 0 0 0 0
 0 0 0 0 0
 0 0 0 0 0
 0 0 0 0 0
 0 0 0 0 0
 0 0 0 0 0
 0 0 0 0 0
 0 0 0 0 0
 0 0 0 0 0
 0 0 0 0 0
 0 0 0 0 0
 0 0 0 0 0
 0 0 0 0 0
 0 0 0 0 0
 0 0 0 0 0
 0 0 0 0 0
 0 0 0 0 0
 0 0 0 0 0
 0 0 0 0 0
 0 0 0 0 0
 0 0 0 0 0
 0 0 0 0 0
 0 0 0 0 0
 0 0 0 0 0
 0 0 0 0 0
 0 0 0 0 0
 0 0 0 0 0
 0 0 0 0 0
 0 0 0 0 0
 0 0 0 0 0
 0 0 0 0 0
 0 0 0 0 0
 0 0 0 0 0
 0 0 0 0 0
 0 0 0 0 0
 0 0 0 0 0
 0 0 0 0 0
 0 0 0 0 0
 0 0 0 0 0
 0 0 0 0 0
 0 0 0 0 0
 0 0 0 0 0
 0 0 0 0 0
 0 0 0 0 0
 0 0 0 0 0
 0 0 0 0 0
 0 0 0 0 0
 0 0 0 0 0
 0 0 0 0 0
 0 0 0 0 0
 0 0 0 0 0
 0 0 0 0 0
 0 0 0 0 0
 0 0 0 0 0
 0 0 0 0 0
 0 0 0 0 0
 0 0 0 0 0
 0 0 0 0 0
 0 0 0 0 0
 0 0 0 0 0
 0 0 0 0 0
 0 0 0 0 0
 0 0 0 0 0
 0 0 0 0 0
 0 0 0 0 0
 0 0 0 0 0
 0 0 0 0 0
 0 0 0 0 0
 0 0 0 0 0
 0 0 0 0 0
 0 0 0 0 0
 0 0 0 0 0
 0 0 0 0 0
 0 0 0 0 0
 0 0 0 0 0
 0 0 0 0 0
 0 0 0 0 0
 0 0 0 0 0
 0 0 0 0 0
 0 0 0 0 0
 0 0 0 0 0
 0 0 0 0 0
 0 0 0 0 0
 0 0 0 0 0
 0 0 0 0 0
 0 0 0 0 0
 0 0 0 0 0
 0 0 0 0 0
 0 0 0 0 0
 0 0 0 0 0
 0 0 0 0 0
 0 0 0 0 0
 0 0 0 0 0
 0 0 0 0 0
 0 0 0 0 0
 0 0 0 0 0
 0 0 0 0 0
 0 0 0 0 0
 0 0 0 0 0
 0 0 0 0 0
 0 0 0 0 0
 0 0 0 0 0
 0 0 0 0 0
 0 0 0 0 0
 0 0 0 0 0
 0 0 0 0 0
 0 0 0 0 0
 0 0 0 0 0
 0 0 0 0 0
 0 0 0 0 0
 0 0 0 0 0
 75.2093 74.0787 0.13241 -0.09297 72.9715
 14.7636 14.4127 0.120203 -0.0857488 14.0756
 5.8396 5.65 0.10935 -0.0791783 5.47143
 2.995 2.8718 0.101257 -0.074423 2.75798
 1.75574 1.6684 0.0922695 -0.0689377 1.58924
 1.14731 1.08044 0.0865002 -0.065412 1.02096
 0.77425 0.7225 0.0796487 -0.0610613 0.677325
 0 0 0 0 0
 0 0 0 0 0
 0 0 0 0 0
 0 0 0 0 0
 0 0 0 0 0
 0 0 0 0 0
 0 0 0 0 0
 0 0 0 0 0
 0 0 0 0 0
 0 0 0 0 0
 0 0 0 0 0
 0 0 0 0 0
 0 0 0 0 0
 0 0 0 0 0
 0 0 0 0 0
 0 0 0 0 0
 0 0 0 0 0
 0 0 0 0 0
 0 0 0 0 0
 0 0 0 0 0
 0 0 0 0 0
 0 0 0 0 0
 0 0 0 0 0
 0 0 0 0 0
 0 0 0 0 0
 0 0 0 0 0
 0 0 0 0 0
 0 0 0 0 0
 0 0 0 0 0
 0 0 0 0 0
 0 0 0 0 0
 0 0 0 0 0
 0 0 0 0 0
 0 0 0 0 0
 0 0 0 0 0
 0 0 0 0 0
 0 0 0 0 0
 0 0 0 0 0
 0 0 0 0 0
 0 0 0 0 0
 0 0 0 0 0
 0 0 0 0 0
 0 0 0 0 0
 0 0 0 0 0
 0 0 0 0 0
 0 0 0 0 0
 0 0 0 0 0
 0 0 0 0 0
 0 0 0 0 0
 0 0 0 0 0
 0 0 0 0 0
 0 0 0 0 0
 0 0 0 0 0
 0 0 0 0 0
 0 0 0 0 0
 0 0 0 0 0
 0 0 0 0 0
 0 0 0 0 0
 0 0 0 0 0
 0 0 0 0 0
 0 0 0 0 0
 0 0 0 0 0
 0 0 0 0 0
 0 0 0 0 0
 0 0 0 0 0
 0 0 0 0 0
 0 0 0 0 0
 0 0 0 0 0
 0 0 0 0 0
 0 0 0 0 0
 0 0 0 0 0
 0 0 0 0 0
 0 0 0 0 0
 0 0 0 0 0
 0 0 0 0 0
 0 0 0 0 0
 0 0 0 0 0
 0 0 0 0 0
 0 0 0 0 0
 0 0 0 0 0
 0 0 0 0 0
 0 0 0 0 0
 0 0 0 0 0
 0 0 0 0 0
 0 0 0 0 0
 0 0 0 0 0
 0 0 0 0 0
 0 0 0 0 0
 0 0 0 0 0
 0 0 0 0 0
 0 0 0 0 0
 0 0 0 0 0
 0 0 0 0 0
 0 0 0 0 0
 0 0 0 0 0
 0 0 0 0 0
 0 0 0 0 0
 0 0 0 0 0
 0 0 0 0 0
 0 0 0 0 0
 0 0 0 0 0
 0 0 0 0 0
 0 0 0 0 0
 0 0 0 0 0
 0 0 0 0 0
 0 0 0 0 0
 0 0 0 0 0
 0 0 0 0 0
 0 0 0 0 0
 0 0 0 0 0
 0 0 0 0 0
 0 0 0 0 0
 0 0 0 0 0
 0 0 0 0 0
 0 0 0 0 0
 77.761 76.6127 0.133664 -0.0936968 75.4875
 15.2933 14.9351 0.120091 -0.0856325 14.5908
 6.06085 5.86663 0.111888 -0.0808013 5.68355
 3.05613 2.9319 0.101023 -0.0739608 2.81705
 1.82291 1.73333 0.0942015 -0.0700425 1.65209
 1.17453 1.10684 0.0869792 -0.065699 1.04656
 0 0 0 0 0
 0 0 0 0 0
 0 0 0 0 0
 0 0 0 0 0
 0 0 0 0 0
 0 0 0 0 0
 0 0 0 0 0
 0 0 0 0 0
 0 0 0 0 0
 0 0 0 0 0
 0 0 0 0 0
 0 0 0 0 0
 0 0 0 0 0
 0 0 0 0 0
 0 0 0 0 0
 0 0 0 0 0
 0 0 0 0 0
 0 0 0 0 0
 0 0 0 0 0
 0 0 0 0 0
 0 0 0 0 0
 0 0 0 0 0
 0 0 0 0 0
 0 0 0 0 0
 0 0 0 0 0
 0 0 0 0 0
 0 0 0 0 0
 0 0 0 0 0
 0 0 0 0 0
 0 0 0 0 0
 0 0 0 0 0
 0 0 0 0 0
 0 0 0 0 0
 0 0 0 0 0
 0 0 0 0 0
 0 0 0 0 0
 0 0 0 0 0
 0 0 0 0 0
 0 0 0 0 0
 0 0 0 0 0
 0 0 0 0 0
 0 0 0 0 0
 0 0 0 0 0
 0 0 0 0 0
 0 0 0 0 0
 0 0 0 0 0
 0 0 0 0 0
 0 0 0 0 0
 0 0 0 0 0
 0 0 0 0 0
 0 0 0 0 0
 0 0 0 0 0
 0 0 0 0 0
 0 0 0 0 0
 0 0 0 0 0
 0 0 0 0 0
 0 0 0 0 0
 0 0 0 0 0
 0 0 0 0 0
 0 0 0 0 0
 0 0 0 0 0
 0 0 0 0 0
 0 0 0 0 0
 0 0 0 0 0
 0 0 0 0 0
 0 0 0 0 0
 0 0 0 0 0
 0 0 0 0 0
 0 0 0 0 0
 0 0 0 0 0
 0 0 0 0 0
 0 0 0 0 0
 0 0 0 0 0
 0 0 0 0 0
 0 0 0 0 0
 0 0 0 0 0
 0 0 0 0 0
 0 0 0 0 0
 0 0 0 0 0
 0 0 0 0 0
 0 0 0 0 0
 0 0 0 0 0
 0 0 0 0 0
 0 0 0 0 0
 0 0 0 0 0
 0 0 0 0 0
 0 0 0 0 0
 0 0 0 0 0
 0 0 0 0 0
 0 0 0 0 0
 0 0 0 0 0
 0 0 0 0 0
 0 0 0 0 0
 0 0 0 0 0
 0 0 0 0 0
 0 0 0 0 0
 0 0 0 0 0
 0 0 0 0 0
 0 0 0 0 0
 0 0 0 0 0
 0 0 0 0 0
 0 0 0 0 0
 0 0 0 0 0
 0 0 0 0 0
 0 0 0 0 0
 0 0 0 0 0
 0 0 0 0 0
 0 0 0 0 0
 0 0 0 0 0
 0 0 0 0 0
 0 0 0 0 0
 0 0 0 0 0
 0 0 0 0 0
 0 0 0 0 0
 0 0 0 0 0
 0 0 0 0 0
 77.3415 76.219 0.128195 -0.0891133 75.1185
 15.1501 14.8002 0.117894 -0.0831948 14.4637
 5.92448 5.73695 0.107884 -0.0777882 5.56002
 2.99655 2.87615 0.0976105 -0.0711405 2.76475
 1.79824 1.71078 0.0918045 -0.0678923 1.63137
 0 0 0 0 0
 0 0 0 0 0
 0 0 0 0 0
 0 0 0 0 0
 0 0 0 0 0
 0 0 0 0 0
 0 0 0 0 0
 0 0 0 0 0
 0 0 0 0 0
 0 0 0 0 0
 0 0 0 0 0
 0 0 0 0 0
 0 0 0 0 0
 0 0 0 0 0
 0 0 0 0 0
 0 0 0 0 0
 0 0 0 0 0
 0 0 0 0 0
 0 0 0 0 0
 0 0 0 0 0
 0 0 0 0 0
 0 0 0 0 0
 0 0 0 0 0
 0 0 0 0 0
 0 0 0 0 0
 0 0 0 0 0
 0 0 0 0 0
 0 0 0 0 0
 0 0 0 0 0
 0 0 0 0 0
 0 0 0 0 0
 0 0 0 0 0
 0 0 0 0 0
 0 0 0 0 0
 0 0 0 0 0
 0 0 0 0 0
 0 0 0 0 0
 0 0 0 0 0
 0 0 0 0 0
 0 0 0 0 0
 0 0 0 0 0
 0 0 0 0 0
 0 0 0 0 0
 0 0 0 0 0
 0 0 0 0 0
 0 0 0 0 0
 0 0 0 0 0
 0 0 0 0 0
 0 0 0 0 0
 0 0 0 0 0
 0 0 0 0 0
 0 0 0 0 0
 0 0 0 0 0
 0 0 0 0 0
 0 0 0 0 0
 0 0 0 0 0
 0 0 0 0 0
 0 0 0 0 0
 0 0 0 0 0
 0 0 0 0 0
 0 0 0 0 0
 0 0 0 0 0
 0 0 0 0 0
 0 0 0 0 0
 0 0 0 0 0
 0 0 0 0 0
 0 0 0 0 0
 0 0 0 0 0
 0 0 0 0 0
 0 0 0 0 0
 0 0 0 0 0
 0 0 0 0 0
 0 0 0 0 0
 0 0 0 0 0
 0 0 0 0 0
 0 0 0 0 0
 0 0 0 0 0
 0 0 0 0 0
 0 0 0 0 0
 0 0 0 0 0
 0 0 0 0 0
 0 0 0 0 0
 0 0 0 0 0
 0 0 0 0 0
 0 0 0 0 0
 0 0 0 0 0
 0 0 0 0 0
 0 0 0 0 0
 0 0 0 0 0
 0 0 0 0 0
 0 0 0 0 0
 0 0 0 0 0
 0 0 0 0 0
 0 0 0 0 0
 0 0 0 0 0
 0 0 0 0 0
 0 0 0 0 0
 0 0 0 0 0
 0 0 0 0 0
 0 0 0 0 0
 0 0 0 0 0
 0 0 0 0 0
 0 0 0 0 0
 0 0 0 0 0
 0 0 0 0 0
 0 0 0 0 0
 0 0 0 0 0
 0 0 0 0 0
 0 0 0 0 0
 0 0 0 0 0
 0 0 0 0 0
 0 0 0 0 0
 0 0 0 0 0
 0 0 0 0 0
 0 0 0 0 0
 0 0 0 0 0
 0 0 0 0 0
 78.9435 77.8173 0.128151 -0.0885452 76.7132
 15.2656 14.9179 0.116879 -0.0822563 14.5833
 6.01507 5.827 0.107351 -0.076644 5.64957
 2.99835 2.87927 0.0971032 -0.0705167 2.76903
 0 0 0 0 0
 0 0 0 0 0
 0 0 0 0 0
 0 0 0 0 0
 0 0 0 0 0
 0 0 0 0 0
 0 0 0 0 0
 0 0 0 0 0
 0 0 0 0 0
 0 0 0 0 0
 0 0 0 0 0
 0 0 0 0 0
 0 0 0 0 0
 0 0 0 0 0
 0 0 0 0 0
 0 0 0 0 0
 0 0 0 0 0
 0 0 0 0 0
 0 0 0 0 0
 0 0 0 0 0
 0 0 0 0 0
 0 0 0 0 0
 0 0 0 0 0
 0 0 0 0 0
 0 0 0 0 0
 0 0 0 0 0
 0 0 0 0 0
 0 0 0 0 0
 0 0 0 0 0
 0 0 0 0 0
 0 0 0 0 0
 0 0 0 0 0
 0 0 0 0 0
 0 0 0 0 0
 0 0 0 0 0
 0 0 0 0 0
 0 0 0 0 0
 0 0 0 0 0
 0 0 0 0 0
 0 0 0 0 0
 0 0 0 0 0
 0 0 0 0 0
 0 0 0 0 0
 0 0 0 0 0
 0 0 0 0 0
 0 0 0 0 0
 0 0 0 0 0
 0 0 0 0 0
 0 0 0 0 0
 0 0 0 0 0
 0 0 0 0 0
 0 0 0 0 0
 0 0 0 0 0
 0 0 0 0 0
 0 0 0 0 0
 0 0 0 0 0
 0 0 0 0 0
 0 0 0 0 0
 0 0 0 0 0
 0 0 0 0 0
 0 0 0 0 0
 0 0 0 0 0
 0 0 0 0 0
 0 0 0 0 0
 0 0 0 0 0
 0 0 0 0 0
 0 0 0 0 0
 0 0 0 0 0
 0 0 0 0 0
 0 0 0 0 0
 0 0 0 0 0
 0 0 0 0 0
 0 0 0 0 0
 0 0 0 0 0
 0 0 0 0 0
 0 0 0 0 0
 0 0 0 0 0
 0 0 0 0 0
 0 0 0 0 0
 0 0 0 0 0
 0 0 0 0 0
 0 0 0 0 0
 0 0 0 0 0
 0 0 0 0 0
 0 0 0 0 0
 0 0 0 0 0
 0 0 0 0 0
 0 0 0 0 0
 0 0 0 0 0
 0 0 0 0 0
 0 0 0 0 0
 0 0 0 0 0
 0 0 0 0 0
 0 0 0 0 0
 0 0 0 0 0
 0 0 0 0 0
 0 0 0 0 0
 0 0 0 0 0
 0 0 0 0 0
 0 0 0 0 0
 0 0 0 0 0
 0 0 0 0 0
 0 0 0 0 0
 0 0 0 0 0
 0 0 0 0 0
 0 0 0 0 0
 0 0 0 0 0
 0 0 0 0 0
 0 0 0 0 0
 0 0 0 0 0
 0 0 0 0 0
 0 0 0 0 0
 0 0 0 0 0
 0 0 0 0 0
 0 0 0 0 0
 0 0 0 0 0
 0 0 0 0 0
 0 0 0 0 0
 80.3608 79.2338 0.126961 -0.0876227 78.1282
 15.8436 15.4877 0.119235 -0.0835718 15.1452
 6.17697 5.98632 0.109088 -0.0776663 5.80625
 0 0 0 0 0
 0 0 0 0 0
 0 0 0 0 0
 0 0 0 0 0
 0 0 0 0 0
 0 0 0 0 0
 0 0 0 0 0
 0 0 0 0 0
 0 0 0 0 0
 0 0 0 0 0
 0 0 0 0 0
 0 0 0 0 0
 0 0 0 0 0
 0 0 0 0 0
 0 0 0 0 0
 0 0 0 0 0
 0 0 0 0 0
 0 0 0 0 0
 0 0 0 0 0
 0 0 0 0 0
 0 0 0 0 0
 0 0 0 0 0
 0 0 0 0 0
 0 0 0 0 0
 0 0 0 0 0
 0 0 0 0 0
 0 0 0 0 0
 0 0 0 0 0
 0 0 0 0 0
 0 0 0 0 0
 0 0 0 0 0
 0 0 0 0 0
 0 0 0 0 0
 0 0 0 0 0
 0 0 0 0 0
 0 0 0 0 0
 0 0 0 0 0
 0 0 0 0 0
 0 0 0 0 0
 0 0 0 0 0
 0 0 0 0 0
 0 0 0 0 0
 0 0 0 0 0
 0 0 0 0 0
 0 0 0 0 0
 0 0 0 0 0
 0 0 0 0 0
 0 0 0 0 0
 0 0 0 0 0
 0 0 0 0 0
 0 0 0 0 0
 0 0 0 0 0
 0 0 0 0 0
 0 0 0 0 0
 0 0 0 0 0
 0 0 0 0 0
 0 0 0 0 0
 0 0 0 0 0
 0 0 0 0 0
 0 0 0 0 0
 0 0 0 0 0
 0 0 0 0 0
 0 0 0 0 0
 0 0 0 0 0
 0 0 0 0 0
 0 0 0 0 0
 0 0 0 0 0
 0 0 0 0 0
 0 0 0 0 0
 0 0 0 0 0
 0 0 0 0 0
 0 0 0 0 0
 0 0 0 0 0
 0 0 0 0 0
 0 0 0 0 0
 0 0 0 0 0
 0 0 0 0 0
 0 0 0 0 0
 0 0 0 0 0
 0 0 0 0 0
 0 0 0 0 0
 0 0 0 0 0
 0 0 0 0 0
 0 0 0 0 0
 0 0 0 0 0
 0 0 0 0 0
 0 0 0 0 0
 0 0 0 0 0
 0 0 0 0 0
 0 0 0 0 0
 0 0 0 0 0
 0 0 0 0 0
 0 0 0 0 0
 0 0 0 0 0
 0 0 0 0 0
 0 0 0 0 0
 0 0 0 0 0
 0 0 0 0 0
 0 0 0 0 0
 0 0 0 0 0
 0 0 0 0 0
 0 0 0 0 0
 0 0 0 0 0
 0 0 0 0 0
 0 0 0 0 0
 0 0 0 0 0
 0 0 0 0 0
 0 0 0 0 0
 0 0 0 0 0
 0 0 0 0 0
 0 0 0 0 0
 0 0 0 0 0
 0 0 0 0 0
 0 0 0 0 0
 0 0 0 0 0
 0 0 0 0 0
 0 0 0 0 0
 0 0 0 0 0
 0 0 0 0 0
 82.7333 81.5925 0.12823 -0.0879145 80.4732
 15.8498 15.4987 0.116949 -0.0817972 15.1604
 0 0 0 0 0
 0 0 0 0 0
 0 0 0 0 0
 0 0 0 0 0
 0 0 0 0 0
 0 0 0 0 0
 0 0 0 0 0
 0 0 0 0 0
 0 0 0 0 0
 0 0 0 0 0
 0 0 0 0 0
 0 0 0 0 0
 0 0 0 0 0
 0 0 0 0 0
 0 0 0 0 0
 0 0 0 0 0
 0 0 0 0 0
 0 0 0 0 0
 0 0 0 0 0
 0 0 0 0 0
 0 0 0 0 0
 0 0 0 0 0
 0 0 0 0 0
 0 0 0 0 0
 0 0 0 0 0
 0 0 0 0 0
 0 0 0 0 0
 0 0 0 0 0
 0 0 0 0 0
 0 0 0 0 0
 0 0 0 0 0
 0 0 0 0 0
 0 0 0 0 0
 0 0 0 0 0
 0 0 0 0 0
 0 0 0 0 0
 0 0 0 0 0
 0 0 0 0 0
 0 0 0 0 0
 0 0 0 0 0
 0 0 0 0 0
 0 0 0 0 0
 0 0 0 0 0
 0 0 0 0 0
 0 0 0 0 0
 0 0 0 0 0
 0 0 0 0 0
 0 0 0 0 0
 0 0 0 0 0
 0 0 0 0 0
 0 0 0 0 0
 0 0 0 0 0
 0 0 0 0 0
 0 0 0 0 0
 0 0 0 0 0
 0 0 0 0 0
 0 0 0 0 0
 0 0 0 0 0
 0 0 0 0 0
 0 0 0 0 0
 0 0 0 0 0
 0 0 0 0 0
 0 0 0 0 0
 0 0 0 0 0
 0 0 0 0 0
 0 0 0 0 0
 0 0 0 0 0
 0 0 0 0 0
 0 0 0 0 0
 0 0 0 0 0
 0 0 0 0 0
 0 0 0 0 0
 0 0 0 0 0
 0 0 0 0 0
 0 0 0 0 0
 0 0 0 0 0
 0 0 0 0 0
 0 0 0 0 0
 0 0 0 0 0
 0 0 0 0 0
 0 0 0 0 0
 0 0 0 0 0
 0 0 0 0 0
 0 0 0 0 0
 0 0 0 0 0
 0 0 0 0 0
 0 0 0 0 0
 0 0 0 0 0
 0 0 0 0 0
 0 0 0 0 0
 0 0 0 0 0
 0 0 0 0 0
 0 0 0 0 0
 0 0 0 0 0
 0 0 0 0 0
 0 0 0 0 0
 0 0 0 0 0
 0 0 0 0 0
 0 0 0 0 0
 0 0 0 0 0
 0 0 0 0 0
 0 0 0 0 0
 0 0 0 0 0
 0 0 0 0 0
 0 0 0 0 0
 0 0 0 0 0
 0 0 0 0 0
 0 0 0 0 0
 0 0 0 0 0
 0 0 0 0 0
 0 0 0 0 0
 0 0 0 0 0
 0 0 0 0 0
 0 0 0 0 0
 0 0 0 0 0
 0 0 0 0 0
 0 0 0 0 0
 0 0 0 0 0
 0 0 0 0 0
 0 0 0 0 0
 85.6895 84.5277 0.128975 -0.0878972 83.3875
