Valencia2020 C12 pp: per nucleon, W in GeV^-1; converted from MeV^-1
6 12 MEC_Valencia2020_pp 121 121
0 0.0000 0.0100 0 0.0000 0.0100
 0 0 0 0 0
 0 0 0 0 0
 0 0 0 0 0
 0 0 0 0 0
 0 0 0 0 0
 0 0 0 0 0
 0 0 0 0 0
 0 0 0 0 0
 0 0 0 0 0
 0 0 0 0 0
 0 0 0 0 0
 0 0 0 0 0
 0 0 0 0 0
 0 0 0 0 0
 0 0 0 0 0
 0 0 0 0 0
 0 0 0 0 0
 0 0 0 0 0
 0 0 0 0 0
 0 0 0 0 0
 0 0 0 0 0
 0 0 0 0 0
 0 0 0 0 0
 0 0 0 0 0
 0 0 0 0 0
 0 0 0 0 0
 0 0 0 0 0
 0 0 0 0 0
 0 0 0 0 0
 0 0 0 0 0
 0 0 0 0 0
 0 0 0 0 0
 0 0 0 0 0
 0 0 0 0 0
 0 0 0 0 0
 0 0 0 0 0
 0 0 0 0 0
 0 0 0 0 0
 0 0 0 0 0
 0 0 0 0 0
 0 0 0 0 0
 0 0 0 0 0
 0 0 0 0 0
 0 0 0 0 0
 0 0 0 0 0
 0 0 0 0 0
 0 0 0 0 0
 0 0 0 0 0
 0 0 0 0 0
 0 0 0 0 0
 0 0 0 0 0
 0 0 0 0 0
 0 0 0 0 0
 0 0 0 0 0
 0 0 0 0 0
 0 0 0 0 0
 0 0 0 0 0
 0 0 0 0 0
 0 0 0 0 0
 0 0 0 0 0
 0 0 0 0 0
 0 0 0 0 0
 0 0 0 0 0
 0 0 0 0 0
 0 0 0 0 0
 0 0 0 0 0
 0 0 0 0 0
 0 0 0 0 0
 0 0 0 0 0
 0 0 0 0 0
 0 0 0 0 0
 0 0 0 0 0
 0 0 0 0 0
 0 0 0 0 0
 0 0 0 0 0
 0 0 0 0 0
 0 0 0 0 0
 0 0 0 0 0
 0 0 0 0 0
 0 0 0 0 0
 0 0 0 0 0
 0 0 0 0 0
 0 0 0 0 0
 0 0 0 0 0
 0 0 0 0 0
 0 0 0 0 0
 0 0 0 0 0
 0 0 0 0 0
 0 0 0 0 0
 0 0 0 0 0
 0 0 0 0 0
 0 0 0 0 0
 0 0 0 0 0
 0 0 0 0 0
 0 0 0 0 0
 0 0 0 0 0
 0 0 0 0 0
 0 0 0 0 0
 0 0 0 0 0
 0 0 0 0 0
 0 0 0 0 0
 0 0 0 0 0
 0 0 0 0 0
 0 0 0 0 0
 0 0 0 0 0
 0 0 0 0 0
 0 0 0 0 0
 0 0 0 0 0
 0 0 0 0 0
 0 0 0 0 0
 0 0 0 0 0
 0 0 0 0 0
 0 0 0 0 0
 0 0 0 0 0
 0 0 0 0 0
 0 0 0 0 0
 0 0 0 0 0
 0 0 0 0 0
 0 0 0 0 0
 0 0 0 0 0
 0 0 0 0 0
 0 0 0 0 0
 0.00387965 0.000435549 0.00780556 -0.000252164 0.00765324
 0.00666237 0.000764997 0.0151759 -0.00119207 0.0143046
 0.00905125 0.000962842 0.0220274 -0.00272381 0.0194637
 0.010951 0.00110079 0.0282538 -0.00480902 0.0228406
 0.0124962 0.0011595 0.0342192 -0.0072761 0.0248646
 0.0137587 0.00113077 0.0396421 -0.0100394 0.0255219
 0.0146933 0.00110701 0.0440191 -0.0129487 0.0248604
 0.0154421 0.0010413 0.0474352 -0.0157875 0.0234538
 0.0160977 0.000939725 0.0506124 -0.0187188 0.0216564
 0.0164299 0.000856875 0.0521124 -0.0210957 0.0192736
 0.016161 0.000709571 0.0515639 -0.0226793 0.0164617
 0.0162089 0.000665426 0.0519195 -0.0245287 0.0141618
 0.0153279 0.000571575 0.0490171 -0.0247479 0.0113997
 0.0151076 0.000536275 0.0483567 -0.0258877 0.00957283
 0.0140358 0.000439381 0.0450218 -0.0254523 0.00751648
 0.0132651 0.000428134 0.0422067 -0.0250513 0.00590628
 0.0120893 0.000371341 0.0387542 -0.0239886 0.00447537
 0.0109116 0.000329901 0.0350052 -0.0226077 0.00329134
 0.0100354 0.000323563 0.0320246 -0.0215072 0.00239599
 0.00899517 0.000298892 0.0287812 -0.0199922 0.00163951
 0.00790246 0.000280749 0.0252757 -0.0181149 0.00103707
 0.00700431 0.000274629 0.0224326 -0.016567 0.000562259
 0.00618983 0.000246864 0.0198217 -0.0150633 0.000233133
 0.00553375 0.000235661 0.0177972 -0.0138453 -2.48792e-05
 0.00469262 0.000208272 0.0152168 -0.0121035 -0.000248305
 0.00406792 0.000195595 0.0131199 -0.0106883 -0.000397743
 0.00357715 0.000176483 0.0116053 -0.00962275 -0.00047636
 0.00307673 0.0001605 0.010084 -0.00852083 -0.000538871
 0.00262704 0.000141858 0.00862433 -0.00741713 -0.000576353
 0.00225478 0.000122019 0.00747615 -0.00652352 -0.000585618
 0.00194791 0.000111137 0.00647489 -0.00573344 -0.000585012
 0.00167972 9.89383e-05 0.0056298 -0.00505118 -0.00058446
 0.00143725 8.61358e-05 0.00483588 -0.00439266 -0.000564672
 0.00121052 7.21481e-05 0.00410405 -0.00377169 -0.00053022
 0.00106033 6.59593e-05 0.00361462 -0.00335648 -0.000497396
 0.00089255 5.46943e-05 0.00306471 -0.00286904 -0.000467627
 0.000762908 4.7913e-05 0.00262788 -0.00248328 -0.000440281
 0.000649768 4.27447e-05 0.00224391 -0.00213623 -0.000387588
 0.000552714 3.47794e-05 0.00190213 -0.00182166 -0.00036634
 0.000467659 2.99763e-05 0.00160589 -0.00155094 -0.000323687
 0.000407643 2.50134e-05 0.00140236 -0.00136023 -0.000297017
 0.000349616 2.1147e-05 0.00119729 -0.00116737 -0.000261662
 0.000297519 1.78532e-05 0.00100218 -0.0009797 -0.000238552
 0.000257981 1.51429e-05 0.0008607 -0.000844425 -0.000212319
 0.000221638 1.23472e-05 0.000728196 -0.000717443 -0.000181461
 0.000194408 1.13077e-05 0.000624349 -0.000615856 -0.000156488
 0.000168196 8.90275e-06 0.000527097 -0.000520701 -0.000137093
 0.000148346 7.65429e-06 0.000457796 -0.000451533 -0.000118361
 0.000128754 6.39687e-06 0.000383614 -0.000378848 -0.000100171
 0.000113528 5.56473e-06 0.000327586 -0.000322707 -8.17244e-05
 9.90792e-05 4.48831e-06 0.000275735 -0.000271612 -6.70082e-05
 8.8415e-05 3.86321e-06 0.000236948 -0.000232584 -5.7916e-05
 7.80093e-05 3.32523e-06 0.000197762 -0.000193638 -4.68837e-05
 6.94966e-05 2.80848e-06 0.000167259 -0.000163982 -3.63259e-05
 6.17737e-05 2.53597e-06 0.000141232 -0.000137467 -2.95434e-05
 5.46168e-05 1.97793e-06 0.000116922 -0.00011317 -2.46024e-05
 4.8776e-05 1.81147e-06 9.7485e-05 -9.38483e-05 -1.82912e-05
 4.35214e-05 1.54201e-06 8.14793e-05 -7.78353e-05 -1.38979e-05
 3.89678e-05 1.28103e-06 6.8492e-05 -6.5233e-05 -1.14227e-05
 3.53961e-05 1.12385e-06 5.7855e-05 -5.47382e-05 -8.82533e-06
 3.13644e-05 8.85117e-07 4.73452e-05 -4.44908e-05 -6.83297e-06
 2.84078e-05 8.65358e-07 4.03903e-05 -3.76605e-05 -4.96298e-06
 2.50913e-05 7.20207e-07 3.34014e-05 -3.08587e-05 -3.84887e-06
 2.26754e-05 6.61522e-07 2.81172e-05 -2.57831e-05 -2.89942e-06
 2.06493e-05 5.48302e-07 2.36678e-05 -2.14722e-05 -2.19641e-06
 1.83064e-05 5.02983e-07 1.95186e-05 -1.75564e-05 -1.53756e-06
 1.64454e-05 4.17302e-07 1.63968e-05 -1.47643e-05 -1.37484e-06
 1.4532e-05 3.68486e-07 1.34144e-05 -1.19129e-05 -9.42725e-07
 1.27732e-05 3.10864e-07 1.09475e-05 -9.67183e-06 -6.62965e-07
 1.14851e-05 2.77627e-07 9.2085e-06 -8.07769e-06 -3.97032e-07
 1.03641e-05 2.52122e-07 7.84313e-06 -6.83613e-06 -2.55595e-07
 9.23375e-06 2.10587e-07 6.46398e-06 -5.62046e-06 -2.88046e-07
 8.39042e-06 2.02496e-07 5.52207e-06 -4.75785e-06 -1.04002e-07
 7.17992e-06 1.53556e-07 4.37331e-06 -3.74235e-06 -1.29273e-07
 6.33992e-06 1.42472e-07 3.62325e-06 -3.09495e-06 4.28236e-09
 5.72938e-06 1.22195e-07 3.0655e-06 -2.61514e-06 -1.86173e-08
 4.90687e-06 1.02846e-07 2.44325e-06 -2.06229e-06 -1.31673e-08
 4.23098e-06 8.14277e-08 1.9873e-06 -1.67443e-06 -2.70813e-09
 3.72361e-06 7.69999e-08 1.63664e-06 -1.37923e-06 3.98535e-08
 3.20872e-06 5.69309e-08 1.30105e-06 -1.09003e-06 6.80727e-09
 2.92914e-06 5.71233e-08 1.13522e-06 -9.56083e-07 6.18137e-08
 2.44537e-06 4.24823e-08 8.78492e-07 -7.31778e-07 2.75235e-08
 2.07008e-06 3.52879e-08 7.10258e-07 -5.97746e-07 1.64826e-08
 1.78804e-06 3.00251e-08 5.82212e-07 -4.93903e-07 2.02798e-08
 1.58137e-06 2.61264e-08 4.82468e-07 -4.07372e-07 2.19777e-08
 1.29962e-06 1.86993e-08 3.74743e-07 -3.23094e-07 4.6394e-09
 1.11871e-06 1.66707e-08 3.06106e-07 -2.61192e-07 1.2517e-08
 9.416e-07 1.30917e-08 2.4538e-07 -2.15206e-07 4.0315e-09
 7.64674e-07 1.02429e-08 1.89561e-07 -1.648e-07 5.15557e-09
 6.3944e-07 8.48067e-09 1.50703e-07 -1.32717e-07 6.70638e-09
 5.40367e-07 6.30003e-09 1.2045e-07 -1.06046e-07 1.91428e-09
 4.39555e-07 5.2343e-09 9.34267e-08 -8.346e-08 2.93895e-09
 3.61673e-07 4.03822e-09 7.40283e-08 -6.73917e-08 5.59865e-10
 2.80772e-07 2.78056e-09 5.52012e-08 -5.08933e-08 -1.10578e-09
 2.30028e-07 2.49854e-09 4.34253e-08 -4.03195e-08 2.5559e-09
 1.83144e-07 1.8409e-09 3.34222e-08 -3.15364e-08 5.90661e-10
 1.38947e-07 1.39661e-09 2.43032e-08 -2.29402e-08 1.07785e-09
 1.0225e-07 9.645e-10 1.7234e-08 -1.64022e-08 4.81374e-10
 8.27703e-08 6.72628e-10 1.37157e-08 -1.33632e-08 -2.57464e-10
 6.59955e-08 6.39246e-10 1.05254e-08 -1.04383e-08 7.10839e-10
 4.5777e-08 3.85688e-10 7.12212e-09 -7.14569e-09 1.39609e-10
 3.01197e-08 2.16114e-10 4.57167e-09 -4.67344e-09 -2.10515e-10
 1.89172e-08 1.72522e-10 2.79961e-09 -2.87145e-09 2.10988e-10
 1.2637e-08 9.0045e-11 1.81961e-09 -1.90353e-09 -4.08335e-11
 7.50328e-09 7.34905e-11 1.06466e-09 -1.12873e-09 1.62239e-10
 4.02459e-09 4.2565e-11 5.59787e-10 -5.9813e-10 1.36002e-10
 1.78907e-09 2.06812e-11 2.47803e-10 -2.68826e-10 7.60285e-11
 9.82133e-10 9.97692e-12 1.32987e-10 -1.46979e-10 3.0744e-11
 2.79194e-10 3.07777e-12 3.7518e-11 -4.21996e-11 1.14783e-11
 4.86116e-11 5.12409e-13 6.41611e-12 -7.31477e-12 1.88267e-12
 5.18237e-12 4.19017e-14 6.90437e-13 -7.89297e-13 7.81632e-14
 4.27349e-15 3.75622e-17 5.52639e-16 -6.42558e-16 9.92758e-17
 0 0 0 0 0
 0 0 0 0 0
 0 0 0 0 0
 0 0 0 0 0
 0 0 0 0 0
 0 0 0 0 0
 0 0 0 0 0
 0 0 0 0 0
 0 0 0 0 0
 0 0 0 0 0
 0.0172523 0.00161178 0.0171422 -0.00108543 0.0159494
 0.0217291 0.00203723 0.02621 -0.00291656 0.023037
 0.0260924 0.0024252 0.0358411 -0.00566696 0.0289131
 0.0306694 0.00274358 0.0472696 -0.009645 0.0342959
 0.0334604 0.00273624 0.0561866 -0.0140733 0.0360915
 0.0363742 0.00286251 0.0679928 -0.0198367 0.0379312
 0.0393193 0.00274236 0.0785727 -0.0262185 0.0379938
 0.0399332 0.00254571 0.0867775 -0.0325673 0.0359855
 0.0417151 0.0025459 0.0963942 -0.0397073 0.0337822
 0.0422226 0.0024588 0.103591 -0.0465328 0.0304789
 0.0443751 0.00248927 0.113826 -0.0548923 0.028509
 0.043409 0.00232838 0.117403 -0.060511 0.0244288
 0.0431965 0.0022262 0.120213 -0.0656339 0.0207557
 0.0431197 0.00219568 0.12319 -0.0708844 0.0174472
 0.0418569 0.00204214 0.122796 -0.0741614 0.0139417
 0.0406637 0.00196195 0.122459 -0.0771221 0.0109357
 0.0389932 0.00185578 0.119391 -0.0783721 0.00823232
 0.0372383 0.00183812 0.116353 -0.0791706 0.00579411
 0.034647 0.00161628 0.110028 -0.0774088 0.0036538
 0.0323209 0.00157192 0.104023 -0.0755652 0.00200628
 0.0300358 0.00147957 0.098305 -0.0734583 0.000387968
 0.0271508 0.00136515 0.0903108 -0.0692742 -0.000822273
 0.0243447 0.00119432 0.0820161 -0.0644812 -0.0020237
 0.0224279 0.0011556 0.0772699 -0.0620795 -0.00250767
 0.0201708 0.00105803 0.0698477 -0.0573461 -0.00299637
 0.0177358 0.000981508 0.062308 -0.0521677 -0.00348922
 0.016003 0.000919275 0.0570028 -0.0485548 -0.0036157
 0.0137161 0.000791362 0.0496167 -0.0429882 -0.00376341
 0.0120705 0.000711442 0.0442748 -0.0389783 -0.00383682
 0.0106656 0.000675962 0.0393792 -0.0351171 -0.00397383
 0.00933242 0.000603853 0.0346877 -0.0313149 -0.00383762
 0.00810068 0.000526339 0.0301765 -0.0276139 -0.00374349
 0.00704467 0.000462792 0.0265912 -0.0245366 -0.00342108
 0.00611861 0.000415734 0.0230375 -0.0214913 -0.00331423
 0.00535238 0.000366694 0.0202273 -0.0190374 -0.00296624
 0.00462521 0.000320148 0.0173908 -0.0164987 -0.00291818
 0.00400987 0.000280664 0.0149829 -0.0143323 -0.00270813
 0.00352881 0.000241199 0.0131129 -0.0125961 -0.00241633
 0.0030857 0.000214356 0.0113778 -0.0109895 -0.00221862
 0.00264247 0.000180158 0.00959967 -0.00932517 -0.00190759
 0.00237244 0.000158838 0.0085155 -0.00829801 -0.00173776
 0.00204012 0.000140067 0.00717314 -0.00704321 -0.00161732
 0.00179578 0.000121587 0.00626562 -0.0061604 -0.0013645
 0.00155923 0.000104007 0.00532798 -0.00524382 -0.00126973
 0.00137856 8.92983e-05 0.00462903 -0.00456148 -0.00105787
 0.00122742 7.66189e-05 0.00400577 -0.00394173 -0.0009146
 0.00106629 6.68377e-05 0.00334388 -0.0033081 -0.000815231
 0.000946483 5.43887e-05 0.00287967 -0.00283643 -0.00069389
 0.000844167 4.79783e-05 0.002467 -0.00243153 -0.000590956
 0.000734663 4.21992e-05 0.00208293 -0.00205205 -0.000500975
 0.000663049 3.75477e-05 0.00179013 -0.00175542 -0.000419309
 0.000593783 3.14592e-05 0.00151727 -0.00148536 -0.00034289
 0.000525246 2.77452e-05 0.00127395 -0.00124187 -0.000281247
 0.000461443 2.28127e-05 0.00105392 -0.00102203 -0.000228276
 0.000417642 2.06808e-05 0.000890675 -0.00086185 -0.000184713
 0.000380751 1.88401e-05 0.000765792 -0.000735965 -0.000141356
 0.000332541 1.4603e-05 0.000627775 -0.000598612 -0.000112987
 0.000300185 1.4167e-05 0.000527925 -0.000501711 -8.689e-05
 0.000271815 1.20168e-05 0.000446397 -0.000420478 -6.87565e-05
 0.000246473 1.09628e-05 0.000375187 -0.000351352 -5.55355e-05
 0.00022194 9.68383e-06 0.000319224 -0.000296584 -3.97593e-05
 0.000199902 8.746e-06 0.000264485 -0.0002439 -2.95404e-05
 0.000179971 7.80794e-06 0.000221563 -0.000202472 -2.02383e-05
 0.000158336 6.68295e-06 0.000182283 -0.000165708 -1.7492e-05
 0.000143388 5.89282e-06 0.000153714 -0.000138226 -1.32977e-05
 0.000128304 5.47405e-06 0.000127302 -0.000113238 -8.08812e-06
 0.000112182 4.50731e-06 0.000104926 -9.37017e-05 -7.76559e-06
 0.000101791 4.1043e-06 8.89217e-05 -7.79113e-05 -4.8266e-06
 8.96675e-05 3.54547e-06 7.28894e-05 -6.36214e-05 -2.62311e-06
 8.14264e-05 3.07138e-06 6.12273e-05 -5.32637e-05 -2.20581e-06
 7.14324e-05 2.7158e-06 5.05587e-05 -4.38022e-05 -1.35668e-06
 6.60304e-05 2.53835e-06 4.34431e-05 -3.71873e-05 -1.70418e-07
 5.64758e-05 2.09246e-06 3.46505e-05 -2.94566e-05 -4.5032e-08
 4.97362e-05 1.80573e-06 2.86462e-05 -2.43431e-05 -3.83283e-08
 4.35681e-05 1.52236e-06 2.35887e-05 -2.00371e-05 -2.56645e-08
 3.84185e-05 1.3304e-06 1.93398e-05 -1.63286e-05 3.32208e-07
 3.41356e-05 1.18392e-06 1.61551e-05 -1.35006e-05 4.66314e-07
 2.94499e-05 9.82175e-07 1.31659e-05 -1.11382e-05 2.00031e-07
 2.57588e-05 8.78142e-07 1.07753e-05 -9.08433e-06 5.00529e-07
 2.19538e-05 7.20717e-07 8.6805e-06 -7.28985e-06 3.69952e-07
 1.94911e-05 6.33935e-07 7.21108e-06 -6.06642e-06 4.1171e-07
 1.63532e-05 5.04983e-07 5.71538e-06 -4.82303e-06 2.97769e-07
 1.36476e-05 4.02892e-07 4.55418e-06 -3.8678e-06 1.47259e-07
 1.18903e-05 3.43025e-07 3.68787e-06 -3.13544e-06 1.86947e-07
 1.0248e-05 2.86408e-07 3.02462e-06 -2.56301e-06 1.11177e-07
 8.89592e-06 2.47751e-07 2.48376e-06 -2.13766e-06 1.48085e-07
 7.38321e-06 2.11049e-07 1.96659e-06 -1.68663e-06 2.10012e-07
 6.07518e-06 1.64934e-07 1.52613e-06 -1.32633e-06 1.60064e-07
 5.12692e-06 1.33496e-07 1.23413e-06 -1.07984e-06 1.04855e-07
 4.22772e-06 1.1255e-07 9.73875e-07 -8.58717e-07 1.16757e-07
 3.40482e-06 8.12394e-08 7.54261e-07 -6.81057e-07 3.3204e-08
 2.85927e-06 7.1633e-08 5.98728e-07 -5.41438e-07 7.13443e-08
 2.32518e-06 5.30069e-08 4.73741e-07 -4.31801e-07 3.03678e-08
 1.81329e-06 4.06173e-08 3.54059e-07 -3.3097e-07 2.14048e-08
 1.49803e-06 3.70397e-08 2.81542e-07 -2.64922e-07 5.39627e-08
 1.17674e-06 2.6222e-08 2.13532e-07 -2.04288e-07 2.1395e-08
 9.13083e-07 2.05799e-08 1.60315e-07 -1.54752e-07 2.38097e-08
 6.51769e-07 1.40792e-08 1.10843e-07 -1.07458e-07 1.39039e-08
 5.28375e-07 1.13865e-08 8.74408e-08 -8.65083e-08 1.32038e-08
 3.93026e-07 8.65508e-09 6.40542e-08 -6.41103e-08 1.24774e-08
 2.75767e-07 5.79534e-09 4.35577e-08 -4.41277e-08 7.63979e-09
 1.81374e-07 3.95632e-09 2.79607e-08 -2.88982e-08 6.66844e-09
 1.30697e-07 2.76161e-09 1.96613e-08 -2.05317e-08 4.24147e-09
 8.65725e-08 1.87737e-09 1.27903e-08 -1.35609e-08 3.53872e-09
 5.86203e-08 1.26741e-09 8.48058e-09 -9.0795e-09 2.51082e-09
 3.60767e-08 7.18264e-10 5.16337e-09 -5.63502e-09 1.0453e-09
 1.88401e-08 3.94352e-10 2.68646e-09 -2.96781e-09 7.78763e-10
 1.01247e-08 2.08627e-10 1.41025e-09 -1.57407e-09 4.25516e-10
 4.76538e-09 9.84742e-11 6.61228e-10 -7.46588e-10 2.04428e-10
 2.40393e-09 4.86302e-11 3.32542e-10 -3.79192e-10 9.76367e-11
 5.00577e-10 8.96217e-12 6.87601e-11 -8.00659e-11 1.10665e-11
 1.49221e-10 2.89832e-12 2.02492e-11 -2.3623e-11 5.55145e-12
 2.03902e-11 3.54217e-13 2.78933e-12 -3.29353e-12 4.08018e-13
 2.79241e-14 1.7039e-16 3.48288e-15 -4.21516e-15 -2.28674e-15
 0 0 0 0 0
 0 0 0 0 0
 0 0 0 0 0
 0 0 0 0 0
 0 0 0 0 0
 0 0 0 0 0
 0 0 0 0 0
 0 0 0 0 0
 0.0385052 0.00366023 0.0166806 -0.00229552 0.0138148
 0.044884 0.00421096 0.0262079 -0.00473085 0.0199878
 0.0500631 0.00450377 0.0357713 -0.00811377 0.0238632
 0.0553929 0.00463153 0.0462692 -0.0124063 0.027283
 0.0617155 0.0050589 0.0588525 -0.0181742 0.029942
 0.0622281 0.00457194 0.0678664 -0.0241457 0.0285915
 0.0677494 0.00472947 0.0807328 -0.0317184 0.0283826
 0.0691747 0.00470952 0.09332 -0.0402733 0.0273639
 0.0702607 0.00445728 0.104229 -0.0487803 0.0245166
 0.0717731 0.00448418 0.117569 -0.0592041 0.0225074
 0.0729587 0.00434542 0.128206 -0.0688943 0.0193873
 0.0710991 0.00438794 0.135121 -0.0769869 0.0157366
 0.0714299 0.00411555 0.145942 -0.0873775 0.0123552
 0.0708748 0.00415047 0.154547 -0.0967758 0.00973308
 0.07054 0.00421842 0.161635 -0.105415 0.0070777
 0.0682467 0.00392348 0.164136 -0.111259 0.00434932
 0.0659962 0.00391045 0.166911 -0.116837 0.00147328
 0.0638541 0.00385082 0.170748 -0.123537 -0.00036847
 0.0612346 0.00371058 0.167965 -0.124988 -0.00263143
 0.0580518 0.00353226 0.165249 -0.126027 -0.00467789
 0.0544712 0.0035277 0.1596 -0.1248 -0.00608077
 0.0512461 0.00326032 0.155023 -0.124163 -0.00708534
 0.0475422 0.0030667 0.148607 -0.121509 -0.00805439
 0.043495 0.00283313 0.139714 -0.116554 -0.00879133
 0.0404652 0.0026222 0.13389 -0.113445 -0.00951725
 0.0365273 0.00239224 0.123622 -0.106499 -0.00981733
 0.0325449 0.00223207 0.113887 -0.0996933 -0.00966392
 0.0297923 0.00206183 0.105904 -0.0939517 -0.0096605
 0.0262468 0.00183422 0.0954308 -0.0858158 -0.009482
 0.023083 0.00163377 0.0856517 -0.0779145 -0.00927058
 0.0206928 0.00153692 0.0778903 -0.0717476 -0.009168
 0.0182177 0.00135819 0.0699072 -0.064822 -0.00855433
 0.0161673 0.00122816 0.0630176 -0.0590936 -0.00829861
 0.014107 0.00103682 0.055706 -0.0526997 -0.00765883
 0.0125973 0.000970458 0.0499854 -0.0476368 -0.00710507
 0.0109637 0.000845542 0.0433906 -0.0416734 -0.00638947
 0.0096885 0.000758552 0.0384123 -0.0370828 -0.00606178
 0.00855042 0.000689778 0.0338794 -0.0328438 -0.00553194
 0.00747081 0.000595642 0.0295474 -0.0287275 -0.00492493
 0.00675008 0.000560729 0.0261113 -0.0255484 -0.00447057
 0.00586353 0.000466486 0.0225249 -0.0221034 -0.00392645
 0.00513528 0.000411528 0.0194164 -0.0190964 -0.0034575
 0.00461862 0.000370199 0.0169861 -0.0167325 -0.00310877
 0.00405406 0.000309672 0.0145422 -0.014338 -0.00271321
 0.00362547 0.000277413 0.0125712 -0.0123969 -0.00236065
 0.00323167 0.000239983 0.0108012 -0.0106543 -0.00209411
 0.00289582 0.000211227 0.00933675 -0.00919533 -0.00189272
 0.00259657 0.000182653 0.00811307 -0.00799437 -0.00158385
 0.00233593 0.000160559 0.00690031 -0.00678683 -0.00136664
 0.00205524 0.000141148 0.00580148 -0.00568136 -0.00110621
 0.00185497 0.000121382 0.00494122 -0.00482024 -0.000982825
 0.00168849 0.000115355 0.00423529 -0.00413396 -0.000801551
 0.00149397 9.60067e-05 0.00351657 -0.00341886 -0.000654152
 0.00133903 8.69458e-05 0.00298722 -0.00288606 -0.000527034
 0.0012105 7.87228e-05 0.00250333 -0.00240546 -0.000428825
 0.00108071 6.72364e-05 0.00210581 -0.00201448 -0.000358808
 0.000974983 6.01758e-05 0.00176405 -0.00168004 -0.00028244
 0.000890867 5.35064e-05 0.00150846 -0.00142167 -0.000221996
 0.000795158 4.67357e-05 0.00126053 -0.00117964 -0.000175722
 0.000706548 4.21921e-05 0.00103789 -0.000966125 -0.000143409
 0.000629926 3.66167e-05 0.000868542 -0.000803837 -0.000102825
 0.000559982 3.19152e-05 0.000717586 -0.000657146 -7.91067e-05
 0.000516151 2.97181e-05 0.000613613 -0.000560251 -5.57692e-05
 0.000462573 2.61044e-05 0.000514094 -0.000465734 -4.29616e-05
 0.000413091 2.27029e-05 0.00042704 -0.000381968 -3.25713e-05
 0.000372825 2.04748e-05 0.000358447 -0.000317928 -2.02887e-05
 0.000329794 1.78107e-05 0.000294078 -0.000258672 -1.55999e-05
 0.000299998 1.63629e-05 0.000253914 -0.000222382 -8.93825e-06
 0.000261884 1.41098e-05 0.000203084 -0.000176278 -5.78176e-06
 0.000231364 1.19095e-05 0.000168981 -0.000146724 -3.74529e-06
 0.00020462 1.07131e-05 0.00013946 -0.000120166 -1.57747e-06
 0.00018616 9.60483e-06 0.000118423 -0.000100936 8.54967e-07
 0.000161108 8.18794e-06 9.66325e-05 -8.18805e-05 1.33166e-06
 0.000142612 7.31829e-06 8.02291e-05 -6.81309e-05 2.43409e-06
 0.00012702 6.37004e-06 6.73602e-05 -5.70144e-05 2.60294e-06
 0.000111513 5.48455e-06 5.52071e-05 -4.63957e-05 2.04322e-06
 9.54642e-05 4.64132e-06 4.42566e-05 -3.71732e-05 2.11829e-06
 8.34333e-05 3.95751e-06 3.63636e-05 -3.05649e-05 2.16176e-06
 7.4215e-05 3.40078e-06 3.02586e-05 -2.53964e-05 1.60058e-06
 6.38194e-05 2.90886e-06 2.47219e-05 -2.06815e-05 1.56466e-06
 5.53473e-05 2.48427e-06 2.02287e-05 -1.69571e-05 1.73489e-06
 4.76779e-05 2.09486e-06 1.63218e-05 -1.37539e-05 1.41272e-06
 4.05808e-05 1.75898e-06 1.32485e-05 -1.11918e-05 1.28535e-06
 3.42571e-05 1.46004e-06 1.05498e-05 -8.95608e-06 1.17518e-06
 3.04064e-05 1.30678e-06 8.96742e-06 -7.69871e-06 1.18864e-06
 2.47535e-05 1.04941e-06 6.89602e-06 -5.9153e-06 1.12077e-06
 2.06659e-05 8.38683e-07 5.45004e-06 -4.69601e-06 8.12692e-07
 1.70371e-05 6.89924e-07 4.32496e-06 -3.78817e-06 7.12479e-07
 1.42522e-05 5.73248e-07 3.43078e-06 -3.03626e-06 6.66499e-07
 1.20851e-05 4.70983e-07 2.77718e-06 -2.47177e-06 4.94138e-07
 9.65275e-06 3.59112e-07 2.15097e-06 -1.93989e-06 3.25289e-07
 8.0455e-06 3.00336e-07 1.70172e-06 -1.54331e-06 3.07454e-07
 6.31454e-06 2.33658e-07 1.27373e-06 -1.17169e-06 2.71478e-07
 5.2132e-06 1.86779e-07 1.02853e-06 -9.637e-07 1.92457e-07
 4.12132e-06 1.47974e-07 7.87582e-07 -7.48531e-07 1.83892e-07
 3.30538e-06 1.16073e-07 6.06587e-07 -5.8281e-07 1.41008e-07
 2.57662e-06 9.058e-08 4.62715e-07 -4.49371e-07 1.19861e-07
 1.96382e-06 6.78923e-08 3.42848e-07 -3.39827e-07 9.19175e-08
 1.50569e-06 5.12041e-08 2.54e-07 -2.54437e-07 7.12036e-08
 1.09749e-06 3.71088e-08 1.80639e-07 -1.83423e-07 5.32882e-08
 8.4435e-07 2.85467e-08 1.35282e-07 -1.3909e-07 4.51088e-08
 5.83591e-07 1.91432e-08 9.1935e-08 -9.56e-08 2.7567e-08
 4.04748e-07 1.29203e-08 6.24893e-08 -6.63917e-08 1.70846e-08
 2.85559e-07 9.16592e-09 4.3525e-08 -4.66226e-08 1.3392e-08
 2.02668e-07 6.33662e-09 3.02973e-08 -3.28482e-08 8.80458e-09
 1.21388e-07 3.75088e-09 1.77814e-08 -1.9613e-08 5.18104e-09
 8.26682e-08 2.52358e-09 1.19251e-08 -1.33328e-08 3.62823e-09
 4.53e-08 1.33763e-09 6.56848e-09 -7.40495e-09 1.67507e-09
 2.77665e-08 8.25803e-10 3.94422e-09 -4.50154e-09 1.12084e-09
 1.31302e-08 3.80192e-10 1.83786e-09 -2.1252e-09 4.95856e-10
 6.53083e-09 1.83192e-10 9.07117e-10 -1.06248e-09 2.10379e-10
 2.7341e-09 7.19166e-11 3.75728e-10 -4.42957e-10 5.71436e-11
 7.80297e-10 2.07611e-11 1.05872e-10 -1.26528e-10 1.93769e-11
 2.1684e-10 5.53352e-12 3.00779e-11 -3.60804e-11 3.64463e-12
 2.87099e-11 6.94137e-13 3.982e-12 -4.82013e-12 1.87076e-13
 1.27448e-12 2.63197e-14 1.78172e-13 -2.16457e-13 -2.84819e-14
 0 0 0 0 0
 0 0 0 0 0
 0 0 0 0 0
 0 0 0 0 0
 0 0 0 0 0
 0 0 0 0 0
 0.06685 0.00690898 0.00770957 -0.00433731 0.00144176
 0.073994 0.00775739 0.0154883 -0.00712163 0.00654498
 0.0803976 0.00799311 0.0254829 -0.0105959 0.00810869
 0.0855475 0.00824627 0.0349001 -0.0149869 0.00967675
 0.0910342 0.00829888 0.0464991 -0.0207567 0.0112092
 0.0935883 0.00813398 0.0556307 -0.0267908 0.00935367
 0.0982508 0.00841492 0.0686926 -0.0346907 0.00929042
 0.100022 0.00831696 0.0808233 -0.043093 0.00759591
 0.101037 0.00799443 0.09224 -0.052502 0.00569719
 0.102128 0.00796608 0.105837 -0.0626052 0.00386346
 0.103194 0.00791732 0.120286 -0.0737801 0.00161429
 0.101827 0.00764118 0.130607 -0.0838558 -0.000482783
 0.101054 0.00745262 0.143193 -0.0957942 -0.00365291
 0.101797 0.00739091 0.155304 -0.107607 -0.00591336
 0.0993225 0.00713928 0.167556 -0.119815 -0.00701475
 0.095565 0.00693292 0.173867 -0.127798 -0.00874817
 0.0948367 0.00700677 0.186151 -0.140183 -0.00991858
 0.09093 0.00663049 0.190148 -0.146436 -0.0122929
 0.0870317 0.00653435 0.194129 -0.153343 -0.0134971
 0.083965 0.00637476 0.194207 -0.156755 -0.0140356
 0.0800424 0.00607162 0.196001 -0.161653 -0.0154022
 0.0743286 0.00559712 0.193484 -0.162072 -0.0163298
 0.071018 0.00545092 0.192171 -0.163788 -0.0169437
 0.0662689 0.00511329 0.188211 -0.162662 -0.0163786
 0.0613909 0.00479243 0.180952 -0.158688 -0.0164345
 0.0567951 0.00452687 0.173448 -0.154062 -0.0168342
 0.052349 0.00414209 0.166309 -0.149293 -0.0157387
 0.0480781 0.00378777 0.157785 -0.143523 -0.0159547
 0.0429283 0.00347299 0.145413 -0.133484 -0.0148031
 0.03833 0.00304243 0.133745 -0.124097 -0.0142193
 0.0349198 0.00283971 0.124118 -0.116037 -0.0136667
 0.0307792 0.00255566 0.113692 -0.10731 -0.0128394
 0.0273374 0.00225967 0.103017 -0.0978342 -0.0120928
 0.0245768 0.0021021 0.094275 -0.0900475 -0.0111056
 0.0219289 0.00191694 0.0851658 -0.0819655 -0.0101013
 0.0192668 0.00165055 0.0757502 -0.0733423 -0.00947742
 0.0171861 0.00149959 0.0683724 -0.0663698 -0.00857833
 0.0151592 0.00137326 0.0604315 -0.0589607 -0.00793637
 0.0134938 0.00120214 0.0535828 -0.0524513 -0.00714004
 0.0119151 0.00106919 0.0470029 -0.0461306 -0.00626578
 0.0105658 0.000945983 0.0416097 -0.0408437 -0.00562255
 0.009479 0.000865125 0.0366672 -0.0360764 -0.00489101
 0.00825205 0.000717193 0.0318186 -0.0313706 -0.0044129
 0.00745807 0.000657806 0.0277464 -0.0273404 -0.00384842
 0.00671958 0.000582724 0.0241857 -0.0238128 -0.00341617
 0.00610727 0.000525876 0.0213942 -0.021055 -0.00306609
 0.00543763 0.000481609 0.0181823 -0.0178666 -0.0026195
 0.00487761 0.000410001 0.0157232 -0.0154153 -0.00225481
 0.00444972 0.000375257 0.0133867 -0.0130989 -0.00196668
 0.0039554 0.000319681 0.0114004 -0.0111078 -0.00160644
 0.00363814 0.000297679 0.0098475 -0.00958158 -0.00144465
 0.00326404 0.000266571 0.00825772 -0.00800167 -0.00115028
 0.00293001 0.000239298 0.00696789 -0.00673127 -0.000949133
 0.00268802 0.000215081 0.00600386 -0.0057732 -0.000784345
 0.00240214 0.000187812 0.0049828 -0.00476473 -0.000656818
 0.00214843 0.000170107 0.00415546 -0.00395489 -0.000538001
 0.00195707 0.000149131 0.00351215 -0.00331863 -0.000420899
 0.00176362 0.000135044 0.00297342 -0.0027947 -0.000349724
 0.00157152 0.000117908 0.00244495 -0.00227835 -0.000266593
 0.00142231 0.000106537 0.00207428 -0.00192657 -0.000202943
 0.00129277 9.59258e-05 0.00175105 -0.00161513 -0.000174768
 0.00115586 8.42417e-05 0.00146852 -0.00134163 -0.000131212
 0.00103414 7.29812e-05 0.00121572 -0.00110197 -9.52758e-05
 0.000932033 6.55814e-05 0.00101692 -0.000914975 -6.87677e-05
 0.000844458 5.90596e-05 0.000856317 -0.000763593 -4.44993e-05
 0.00075178 5.27214e-05 0.000713033 -0.000632582 -2.26799e-05
 0.000670489 4.59302e-05 0.000594082 -0.000521796 -2.02581e-05
 0.000601865 4.11831e-05 0.000498055 -0.000434459 -9.88308e-06
 0.000531081 3.57006e-05 0.000410336 -0.000357031 -3.50891e-06
 0.000481692 3.2239e-05 0.000347361 -0.000299644 5.40143e-07
 0.000421005 2.78709e-05 0.000284073 -0.000245492 2.22783e-06
 0.000367593 2.46052e-05 0.000233242 -0.000199392 8.459e-06
 0.000331266 2.11347e-05 0.000196955 -0.000167955 6.18835e-06
 0.000285032 1.81886e-05 0.000157864 -0.000133907 8.67842e-06
 0.000251629 1.60567e-05 0.000131738 -0.000111309 8.98358e-06
 0.000222888 1.39462e-05 0.000109253 -9.24217e-05 8.0494e-06
 0.000192836 1.18592e-05 8.887e-05 -7.46618e-05 6.17001e-06
 0.000167346 1.00963e-05 7.23556e-05 -6.07871e-05 6.55157e-06
 0.0001475 8.88517e-06 5.95743e-05 -5.02192e-05 6.49414e-06
 0.000125587 7.38729e-06 4.8366e-05 -4.07782e-05 5.49715e-06
 0.000108582 6.30088e-06 3.99926e-05 -3.37538e-05 4.87455e-06
 9.551e-05 5.47937e-06 3.28012e-05 -2.77797e-05 4.60043e-06
 8.03951e-05 4.49298e-06 2.61477e-05 -2.23132e-05 3.67891e-06
 6.59758e-05 3.64975e-06 2.04348e-05 -1.75228e-05 3.07808e-06
 5.91017e-05 3.25644e-06 1.73485e-05 -1.49419e-05 3.04931e-06
 4.88122e-05 2.65293e-06 1.36442e-05 -1.18319e-05 2.69121e-06
 4.0563e-05 2.13758e-06 1.09287e-05 -9.59617e-06 1.94069e-06
 3.53493e-05 1.86454e-06 8.95258e-06 -7.92297e-06 2.05948e-06
 2.80482e-05 1.44543e-06 6.85922e-06 -6.1044e-06 1.45142e-06
 2.40354e-05 1.223e-06 5.59309e-06 -5.0513e-06 1.30231e-06
 2.00984e-05 1.00783e-06 4.47799e-06 -4.08084e-06 1.04128e-06
 1.61626e-05 7.99779e-07 3.46214e-06 -3.18227e-06 8.85975e-07
 1.34174e-05 6.53677e-07 2.79126e-06 -2.61157e-06 7.312e-07
 1.04656e-05 4.957e-07 2.08906e-06 -1.97795e-06 5.33254e-07
 8.5735e-06 4.03468e-07 1.64912e-06 -1.58551e-06 4.48083e-07
 6.36023e-06 2.95287e-07 1.19711e-06 -1.15965e-06 3.27876e-07
 5.25277e-06 2.39598e-07 9.62608e-07 -9.49017e-07 2.66923e-07
 4.32148e-06 1.9462e-07 7.63691e-07 -7.58077e-07 2.27658e-07
 3.19291e-06 1.41027e-07 5.50039e-07 -5.59162e-07 1.5681e-07
 2.41867e-06 1.05678e-07 4.05748e-07 -4.17053e-07 1.21315e-07
 1.82628e-06 7.87912e-08 2.99384e-07 -3.12434e-07 9.21233e-08
 1.40433e-06 6.00658e-08 2.25368e-07 -2.38202e-07 7.03993e-08
 1.02279e-06 4.27973e-08 1.62641e-07 -1.73363e-07 4.62751e-08
 7.26234e-07 3.00573e-08 1.13215e-07 -1.22829e-07 3.37181e-08
 5.04283e-07 2.04457e-08 7.62436e-08 -8.38683e-08 2.27876e-08
 3.40617e-07 1.3623e-08 5.10535e-08 -5.6778e-08 1.45948e-08
 2.33011e-07 9.07058e-09 3.43584e-08 -3.88386e-08 8.64017e-09
 1.66871e-07 6.54077e-09 2.44588e-08 -2.78628e-08 7.16519e-09
 9.35275e-08 3.55883e-09 1.37267e-08 -1.57099e-08 3.43241e-09
 5.70226e-08 2.13921e-09 8.21857e-09 -9.52067e-09 1.98743e-09
 2.87772e-08 1.05993e-09 4.15113e-09 -4.86679e-09 9.14325e-10
 1.55716e-08 5.63847e-10 2.20385e-09 -2.61304e-09 4.56512e-10
 6.61327e-09 2.33356e-10 9.28425e-10 -1.11471e-09 1.63212e-10
 2.34165e-09 8.02136e-11 3.289e-10 -3.95796e-10 4.46355e-11
 9.8425e-10 3.20197e-11 1.40268e-10 -1.69954e-10 7.41437e-12
 1.95667e-10 5.83354e-12 2.73952e-11 -3.35522e-11 -2.76593e-12
 2.24472e-11 6.37033e-13 3.17148e-12 -3.90363e-12 -5.51979e-13
 0 0 0 0 0
 0 0 0 0 0
 0 0 0 0 0
 0 0 0 0 0
 0 0 0 0 0
 0.103863 0.0128713 -0.00986067 -0.0078277 -0.0158465
 0.108582 0.0133684 -0.00219104 -0.0102924 -0.0135705
 0.117782 0.0143892 0.00658843 -0.0140733 -0.0110217
 0.121593 0.0146593 0.0173799 -0.0180872 -0.0101577
 0.126281 0.0150524 0.0284293 -0.0233403 -0.00930117
 0.127427 0.0146239 0.0365894 -0.0288663 -0.0107144
 0.129547 0.0141293 0.0478312 -0.0354527 -0.0121964
 0.13109 0.0141508 0.0597425 -0.0438274 -0.0123524
 0.132913 0.013885 0.0734421 -0.0525573 -0.0141097
 0.134033 0.0136177 0.0856592 -0.0620552 -0.014947
 0.132469 0.0130763 0.0982617 -0.0725368 -0.0172346
 0.133367 0.0129892 0.116216 -0.0863075 -0.0176861
 0.130575 0.0125846 0.127068 -0.0968 -0.0188583
 0.130322 0.0125626 0.142046 -0.109863 -0.0195371
 0.128058 0.0120082 0.152658 -0.121142 -0.0201853
 0.122587 0.0112854 0.163289 -0.131627 -0.0211401
 0.120372 0.0108789 0.174625 -0.141996 -0.0220969
 0.116442 0.0105975 0.184212 -0.153361 -0.0224274
 0.111839 0.0103096 0.195016 -0.164063 -0.0224265
 0.107177 0.00960833 0.198803 -0.1695 -0.0238128
 0.103344 0.00933408 0.205717 -0.178112 -0.0224889
 0.0981075 0.00906458 0.211091 -0.184302 -0.0232662
 0.0932933 0.00855092 0.212552 -0.188017 -0.0217394
 0.0875233 0.00797917 0.211069 -0.188194 -0.0223953
 0.0827188 0.00770979 0.210498 -0.190193 -0.0210901
 0.0770839 0.00719683 0.204822 -0.186642 -0.0204317
 0.0711657 0.00674616 0.19888 -0.183292 -0.0195012
 0.0657838 0.00622261 0.193075 -0.178923 -0.0188224
 0.0601677 0.00572619 0.182756 -0.17065 -0.0169854
 0.0547722 0.00516645 0.171829 -0.161997 -0.0169069
 0.0497288 0.00467589 0.161622 -0.153319 -0.0159305
 0.0453738 0.00433857 0.152123 -0.145307 -0.0148867
 0.0404167 0.00388989 0.139871 -0.134393 -0.0139002
 0.0361272 0.00343379 0.128017 -0.123531 -0.0127043
 0.0322938 0.00305612 0.117455 -0.113759 -0.0119362
 0.0293736 0.00288009 0.10855 -0.105728 -0.0104521
 0.0261577 0.00258661 0.0982283 -0.0958042 -0.00975258
 0.0231483 0.00230513 0.0877308 -0.0859517 -0.00858725
 0.0206799 0.00205901 0.0786165 -0.0772356 -0.00816202
 0.0182458 0.00184724 0.0698902 -0.0687205 -0.00709706
 0.0164833 0.00163917 0.0630782 -0.0620322 -0.00648795
 0.0147172 0.00148757 0.0558918 -0.0549738 -0.00563986
 0.0130736 0.00130969 0.0488982 -0.0480768 -0.00512953
 0.0116232 0.00119069 0.0424488 -0.0418061 -0.00454459
 0.0106312 0.00108775 0.0380968 -0.0374789 -0.00372874
 0.00951133 0.000954733 0.0331203 -0.0325624 -0.00324288
 0.0084365 0.000849483 0.0282787 -0.0278167 -0.00289322
 0.00767314 0.000764209 0.0246239 -0.0241376 -0.00243402
 0.00698532 0.000697837 0.0215427 -0.0210764 -0.00209662
 0.00620818 0.000603218 0.0180406 -0.0175634 -0.00179377
 0.00560954 0.000547624 0.0154885 -0.015042 -0.00160582
 0.00513943 0.00050537 0.013365 -0.0129642 -0.00121237
 0.00464187 0.000447735 0.0113521 -0.0109452 -0.00100853
 0.00421119 0.000402473 0.00962242 -0.00923708 -0.000868667
 0.00381607 0.000356497 0.00811309 -0.00773927 -0.000751619
 0.00349082 0.000328838 0.00687826 -0.00653045 -0.000577106
 0.00318942 0.000296782 0.00581288 -0.00548523 -0.000442395
 0.00284008 0.000263461 0.00490066 -0.00460077 -0.000368213
 0.00260503 0.000240617 0.0041425 -0.00386407 -0.000284352
 0.0023122 0.000209894 0.00343203 -0.00317647 -0.000204068
 0.00213571 0.000192818 0.00292482 -0.00268359 -0.000160569
 0.00187258 0.000166876 0.00241241 -0.00220409 -0.000117365
 0.00169045 0.000149026 0.0020051 -0.00182067 -8.41283e-05
 0.00154625 0.00013335 0.00172099 -0.00154899 -4.81147e-05
 0.00135336 0.000115142 0.00139152 -0.00124622 -2.83102e-05
 0.00123115 0.000104897 0.00118482 -0.00105172 -9.71075e-06
 0.00108908 9.0605e-05 0.000980292 -0.000865508 -7.04892e-06
 0.000969492 8.05723e-05 0.000809502 -0.000707199 8.30235e-06
 0.000863042 7.07838e-05 0.000670347 -0.000584453 1.28402e-05
 0.00077935 6.33923e-05 0.000568515 -0.000493091 1.896e-05
 0.000696297 5.62897e-05 0.000474452 -0.000409906 1.98827e-05
 0.000605737 4.81727e-05 0.000389186 -0.000334682 2.21551e-05
 0.00053383 4.1566e-05 0.00032013 -0.000275903 1.99282e-05
 0.000481428 3.74083e-05 0.000271788 -0.000232168 1.94383e-05
 0.000413458 3.15548e-05 0.000217483 -0.000185409 2.07118e-05
 0.000366681 2.76448e-05 0.000181171 -0.000153746 1.88205e-05
 0.000322438 2.42875e-05 0.000150587 -0.000127694 1.77412e-05
 0.000280077 2.05707e-05 0.000123702 -0.000104969 1.48413e-05
 0.000241187 1.75173e-05 9.91892e-05 -8.41375e-05 1.37e-05
 0.000208992 1.50571e-05 8.17238e-05 -6.95424e-05 1.2273e-05
 0.00017716 1.25707e-05 6.55866e-05 -5.59739e-05 1.04519e-05
 0.000156444 1.08494e-05 5.51333e-05 -4.72876e-05 9.23008e-06
 0.000134441 9.23958e-06 4.43268e-05 -3.81405e-05 8.35333e-06
 0.000117403 7.93022e-06 3.71526e-05 -3.21657e-05 6.9256e-06
 9.70958e-05 6.51755e-06 2.89362e-05 -2.51822e-05 6.19588e-06
 8.21893e-05 5.38957e-06 2.31972e-05 -2.03547e-05 4.90422e-06
 7.03593e-05 4.55205e-06 1.92642e-05 -1.71399e-05 4.31851e-06
 5.73383e-05 3.63929e-06 1.4866e-05 -1.32527e-05 3.39298e-06
 4.85648e-05 3.01731e-06 1.20058e-05 -1.08583e-05 2.78521e-06
 4.13953e-05 2.55647e-06 9.85758e-06 -9.01783e-06 2.45022e-06
 3.42301e-05 2.07703e-06 7.90344e-06 -7.28699e-06 1.99755e-06
 2.80056e-05 1.70109e-06 6.12026e-06 -5.71139e-06 1.77558e-06
 2.32543e-05 1.38484e-06 4.94356e-06 -4.69931e-06 1.39169e-06
 1.82082e-05 1.05731e-06 3.73124e-06 -3.58928e-06 1.01518e-06
 1.52272e-05 8.67892e-07 3.01584e-06 -2.92756e-06 8.20445e-07
 1.21859e-05 6.89441e-07 2.32259e-06 -2.27136e-06 6.81595e-07
 9.52883e-06 5.30536e-07 1.77315e-06 -1.76556e-06 5.25079e-07
 7.4702e-06 4.06866e-07 1.33888e-06 -1.35578e-06 3.76027e-07
 5.77092e-06 3.12096e-07 1.00951e-06 -1.0384e-06 2.99317e-07
 4.70792e-06 2.52084e-07 8.0222e-07 -8.3049e-07 2.47658e-07
 3.55218e-06 1.87387e-07 5.98961e-07 -6.29067e-07 1.80293e-07
 2.70253e-06 1.39946e-07 4.42871e-07 -4.7106e-07 1.31587e-07
 2.01957e-06 1.0352e-07 3.24641e-07 -3.50881e-07 9.791e-08
 1.45865e-06 7.31205e-08 2.29409e-07 -2.5032e-07 6.35719e-08
 1.09243e-06 5.44383e-08 1.70792e-07 -1.88638e-07 4.97869e-08
 7.75136e-07 3.7905e-08 1.19783e-07 -1.34106e-07 3.21411e-08
 5.33146e-07 2.56854e-08 8.05383e-08 -9.125e-08 2.2078e-08
 3.21268e-07 1.53368e-08 4.82215e-08 -5.48818e-08 1.28232e-08
 2.31457e-07 1.07902e-08 3.41679e-08 -3.95427e-08 8.05066e-09
 1.55305e-07 7.16323e-09 2.27629e-08 -2.6634e-08 5.39416e-09
 9.48292e-08 4.27518e-09 1.38727e-08 -1.63239e-08 2.79775e-09
 5.36351e-08 2.38333e-09 7.85287e-09 -9.31375e-09 1.48309e-09
 3.33584e-08 1.47342e-09 4.78787e-09 -5.75427e-09 9.25717e-10
 1.67354e-08 7.12365e-10 2.40891e-09 -2.91105e-09 3.18674e-10
 7.08112e-09 2.96072e-10 1.00854e-09 -1.23096e-09 1.12736e-10
 2.43882e-09 9.86567e-11 3.49348e-10 -4.28854e-10 1.60388e-11
 0 0 0 0 0
 0 0 0 0 0
 0 0 0 0 0
 0 0 0 0 0
 0 0 0 0 0
 0 0 0 0 0
 0.132891 0.0193228 -0.0202152 -0.011578 -0.029785
 0.142389 0.0212095 -0.0134935 -0.0145535 -0.028525
 0.150072 0.0224853 -0.00824823 -0.0178682 -0.0275831
 0.154239 0.0230655 -0.000641495 -0.02144 -0.0259176
 0.160506 0.0238058 0.00662785 -0.0260069 -0.0268348
 0.161485 0.0234028 0.0175637 -0.0311106 -0.0253138
 0.164032 0.0233278 0.0285595 -0.0375073 -0.026361
 0.165954 0.0229274 0.0396143 -0.0444644 -0.0273588
 0.164508 0.0220073 0.0504128 -0.0522366 -0.0285022
 0.162665 0.0212893 0.0629671 -0.0602322 -0.0270328
 0.16235 0.0207033 0.0774035 -0.0710398 -0.0295272
 0.160222 0.0198332 0.0892083 -0.0804954 -0.0283533
 0.159247 0.0194352 0.103867 -0.0912792 -0.0294507
 0.156524 0.0188188 0.118933 -0.103447 -0.0282453
 0.150291 0.017679 0.126392 -0.113062 -0.0298503
 0.148495 0.0171748 0.142222 -0.125774 -0.0276872
 0.144941 0.0164746 0.157433 -0.139332 -0.0279149
 0.138467 0.0154938 0.169625 -0.150532 -0.0283676
 0.13295 0.0148195 0.179678 -0.160991 -0.028049
 0.128792 0.0139743 0.190446 -0.172225 -0.0268459
 0.12422 0.0135984 0.198349 -0.179748 -0.026452
 0.118348 0.0130749 0.207291 -0.188783 -0.025032
 0.111909 0.0121802 0.213786 -0.195397 -0.0241982
 0.106797 0.0116218 0.2145 -0.197998 -0.0230112
 0.100251 0.0110273 0.218232 -0.202557 -0.0223888
 0.0948267 0.0102927 0.216758 -0.203127 -0.0222071
 0.089 0.00977283 0.217431 -0.203722 -0.0191371
 0.0819716 0.00889508 0.208919 -0.197333 -0.0201109
 0.0766546 0.00835542 0.204554 -0.194756 -0.018511
 0.0704816 0.00780705 0.200211 -0.190684 -0.0164304
 0.0647798 0.00705312 0.190721 -0.182623 -0.0163733
 0.0585958 0.00632154 0.178552 -0.172047 -0.0155273
 0.0536252 0.00581407 0.170407 -0.164455 -0.0139854
 0.0485648 0.00536544 0.158564 -0.153724 -0.0124168
 0.0440098 0.00485795 0.147199 -0.143397 -0.0119177
 0.039681 0.00439866 0.1359 -0.132828 -0.0103501
 0.0353758 0.00394045 0.125315 -0.122727 -0.00988867
 0.0317364 0.00349496 0.113122 -0.110841 -0.00861183
 0.028808 0.00320708 0.104439 -0.102408 -0.00775319
 0.0254112 0.00286886 0.0925567 -0.0908767 -0.00671411
 0.0227167 0.00256661 0.0831604 -0.0818135 -0.00618789
 0.0204658 0.00233414 0.074729 -0.07344 -0.00576633
 0.0183659 0.00210387 0.0663446 -0.0653188 -0.00510235
 0.0162874 0.00184344 0.0577996 -0.0568748 -0.00443004
 0.0146853 0.00165267 0.051024 -0.0501036 -0.00375503
 0.0132179 0.00150646 0.0451435 -0.0443665 -0.00331651
 0.0118347 0.00131985 0.0393458 -0.0384941 -0.00288632
 0.0106832 0.00120918 0.0344272 -0.0336437 -0.00243663
 0.00975192 0.00107586 0.0301292 -0.0294289 -0.00214301
 0.00869467 0.000954 0.0257593 -0.0250834 -0.00191815
 0.00788962 0.000862967 0.022209 -0.0215407 -0.00156907
 0.00722043 0.000786738 0.0192492 -0.0186342 -0.00122277
 0.00649271 0.00069847 0.0162307 -0.0156315 -0.00107085
 0.00587874 0.000629042 0.0139323 -0.0133595 -0.00081472
 0.00537132 0.000580078 0.0118277 -0.0113029 -0.000710068
 0.0049767 0.000530137 0.0102203 -0.00969658 -0.000499872
 0.00448464 0.000474834 0.00854792 -0.008078 -0.000437418
 0.00406052 0.000429793 0.00721296 -0.00677714 -0.000316534
 0.00369455 0.000389728 0.00608685 -0.00568363 -0.000253779
 0.00333254 0.000350043 0.00505976 -0.00470431 -0.000167032
 0.00302404 0.000314397 0.0043171 -0.00399526 -0.000125032
 0.00271681 0.000278767 0.00357237 -0.00328203 -8.23857e-05
 0.00244071 0.000248496 0.00299171 -0.00272093 -4.62864e-05
 0.00218862 0.000220699 0.00248548 -0.00224698 -1.71847e-05
 0.00198447 0.000197586 0.00211067 -0.00190077 -2.07447e-07
 0.00177585 0.000174018 0.00176282 -0.00156892 2.48214e-05
 0.00156043 0.00015228 0.00142902 -0.00126835 3.10077e-05
 0.00141466 0.000135833 0.00121517 -0.00107462 3.50945e-05
 0.00125483 0.000119309 0.0010078 -0.000885142 4.34934e-05
 0.00111142 0.000104543 0.000832212 -0.000724937 4.55227e-05
 0.000997367 9.221e-05 0.000694254 -0.000604503 4.10478e-05
 0.000895308 8.15637e-05 0.00058732 -0.000507491 3.97172e-05
 0.000801473 7.29318e-05 0.000489932 -0.000421945 4.22088e-05
 0.000693216 6.25835e-05 0.000397463 -0.000343187 4.11218e-05
 0.000615501 5.48656e-05 0.000332672 -0.000285897 3.74937e-05
 0.000526705 4.61166e-05 0.000265819 -0.000227783 2.92517e-05
 0.000466561 4.03182e-05 0.000223004 -0.000191409 2.84345e-05
 0.000400919 3.40212e-05 0.000178677 -0.000153113 2.35002e-05
 0.000350238 2.95126e-05 0.000148522 -0.000127835 2.29831e-05
 0.000308391 2.55649e-05 0.000122495 -0.000105654 1.9983e-05
 0.000269531 2.21249e-05 0.000100582 -8.63975e-05 1.75634e-05
 0.000227993 1.8338e-05 8.16821e-05 -7.09978e-05 1.44507e-05
 0.00019994 1.59021e-05 6.7626e-05 -5.88173e-05 1.26792e-05
 0.000170968 1.34971e-05 5.50107e-05 -4.84293e-05 1.14481e-05
 0.000146655 1.13857e-05 4.49898e-05 -3.9723e-05 9.47758e-06
 0.000123015 9.38375e-06 3.57342e-05 -3.17837e-05 7.93726e-06
 0.000104937 7.94836e-06 2.91328e-05 -2.62413e-05 6.95875e-06
 8.87933e-05 6.57197e-06 2.35276e-05 -2.13917e-05 5.53367e-06
 7.44219e-05 5.45988e-06 1.8755e-05 -1.71154e-05 4.75962e-06
 6.41405e-05 4.66052e-06 1.55467e-05 -1.43845e-05 4.14911e-06
 5.26365e-05 3.75458e-06 1.22495e-05 -1.1416e-05 3.25419e-06
 4.45416e-05 3.11749e-06 9.97508e-06 -9.4075e-06 2.66663e-06
 3.60905e-05 2.5061e-06 7.79373e-06 -7.43547e-06 2.21484e-06
 2.94105e-05 2.01807e-06 6.11417e-06 -5.92718e-06 1.77094e-06
 2.35373e-05 1.57717e-06 4.76199e-06 -4.67648e-06 1.29383e-06
 1.96671e-05 1.30563e-06 3.85362e-06 -3.84221e-06 1.11732e-06
 1.61267e-05 1.05672e-06 3.05055e-06 -3.06043e-06 9.1365e-07
 1.29588e-05 8.3725e-07 2.39687e-06 -2.43949e-06 7.04068e-07
 9.67592e-06 6.18359e-07 1.72593e-06 -1.79067e-06 5.34821e-07
 8.08958e-06 5.05604e-07 1.40417e-06 -1.47116e-06 3.94931e-07
 6.16342e-06 3.78808e-07 1.04899e-06 -1.11553e-06 2.92903e-07
 4.82687e-06 2.90343e-07 8.07117e-07 -8.64092e-07 2.10263e-07
 3.5783e-06 2.15515e-07 5.88179e-07 -6.38201e-07 1.72606e-07
 2.73974e-06 1.62167e-07 4.44933e-07 -4.91321e-07 1.22326e-07
 2.04042e-06 1.19707e-07 3.29853e-07 -3.66805e-07 8.90592e-08
 1.5299e-06 8.81783e-08 2.40072e-07 -2.69499e-07 6.2385e-08
 1.07702e-06 6.12871e-08 1.65897e-07 -1.89114e-07 4.36433e-08
 7.38802e-07 4.13248e-08 1.13549e-07 -1.30904e-07 2.71602e-08
 5.36325e-07 2.95866e-08 8.04687e-08 -9.34092e-08 1.87254e-08
 3.46268e-07 1.86744e-08 5.20802e-08 -6.10847e-08 1.00123e-08
 2.07448e-07 1.10623e-08 3.09358e-08 -3.65863e-08 5.75684e-09
 1.36066e-07 7.10283e-09 2.01206e-08 -2.40998e-08 3.11147e-09
 8.94108e-08 4.63801e-09 1.33422e-08 -1.60154e-08 2.31272e-09
 4.18492e-08 2.10071e-09 6.14728e-09 -7.45535e-09 6.27098e-10
 2.73873e-08 1.37717e-09 4.04678e-09 -4.91678e-09 4.90682e-10
 0 0 0 0 0
 0 0 0 0 0
 0 0 0 0 0
 0 0 0 0 0
 0 0 0 0 0
 0 0 0 0 0
 0 0 0 0 0
 0.153307 0.0240813 -0.025008 -0.0153775 -0.0352427
 0.165348 0.0272857 -0.0200318 -0.0185548 -0.0359102
 0.17144 0.0291088 -0.0167568 -0.0221839 -0.0344888
 0.178183 0.030971 -0.00958325 -0.0254812 -0.0334678
 0.184682 0.0324916 -0.00307108 -0.0298877 -0.0332965
 0.185231 0.0320548 0.00465832 -0.0339658 -0.0339321
 0.189134 0.0325682 0.0121908 -0.0390907 -0.0332499
 0.191135 0.032293 0.0227913 -0.0451031 -0.0347623
 0.189142 0.0306928 0.0336226 -0.0515494 -0.0355113
 0.188278 0.0301602 0.046715 -0.0597443 -0.0346507
 0.185719 0.0289954 0.0580293 -0.0672281 -0.0339291
 0.184 0.0279937 0.0719006 -0.0768103 -0.0353593
 0.179838 0.0267168 0.0825928 -0.086485 -0.0343371
 0.17577 0.0255739 0.0977558 -0.0964775 -0.0326343
 0.170357 0.0243097 0.109473 -0.108163 -0.0328696
 0.167089 0.023395 0.122058 -0.118112 -0.0318522
 0.164658 0.0225237 0.136407 -0.131522 -0.0304447
 0.156678 0.0211197 0.148487 -0.14179 -0.0303527
 0.152724 0.0203664 0.162637 -0.153709 -0.0302987
 0.148764 0.0195692 0.17461 -0.165431 -0.0271758
 0.140626 0.0184062 0.186463 -0.175937 -0.0257675
 0.134535 0.0172803 0.194976 -0.184612 -0.0259504
 0.12808 0.0163756 0.201142 -0.191525 -0.0240581
 0.121075 0.0152566 0.209384 -0.198227 -0.024254
 0.11572 0.0146168 0.213413 -0.203409 -0.0229072
 0.109566 0.0138855 0.21861 -0.208239 -0.0213903
 0.101833 0.0128484 0.220572 -0.210472 -0.0195681
 0.0951925 0.0119028 0.217479 -0.208792 -0.0184028
 0.0893433 0.0112102 0.214684 -0.206579 -0.0166797
 0.0835367 0.0103694 0.209723 -0.202185 -0.0166226
 0.0777788 0.009671 0.206552 -0.200091 -0.0147346
 0.0709369 0.0087635 0.197288 -0.191118 -0.0143812
 0.0641747 0.00790846 0.187231 -0.182203 -0.0142459
 0.0586837 0.00730761 0.17652 -0.171907 -0.0120471
 0.0540018 0.00668053 0.166972 -0.163076 -0.0111037
 0.0495227 0.00618057 0.158544 -0.15518 -0.00954025
 0.0450131 0.00564819 0.147515 -0.144582 -0.00905467
 0.0403317 0.00494883 0.135492 -0.133023 -0.00872308
 0.0361258 0.00449722 0.123225 -0.12122 -0.00769293
 0.0320224 0.00393548 0.110272 -0.108517 -0.00696688
 0.0291573 0.00362346 0.101835 -0.100036 -0.0060369
 0.0259918 0.00321216 0.0904992 -0.089155 -0.00537269
 0.0229197 0.00285049 0.0803223 -0.0788111 -0.00480739
 0.0211659 0.00260773 0.0738725 -0.0726283 -0.00404467
 0.0187273 0.00232382 0.0644311 -0.063276 -0.00369895
 0.0168889 0.00208714 0.0574449 -0.0563378 -0.00313084
 0.0152773 0.00189001 0.0501007 -0.049103 -0.00270155
 0.0136529 0.00163986 0.0438316 -0.0427513 -0.00241827
 0.0123548 0.00150186 0.0388622 -0.0379102 -0.00199482
 0.0113676 0.00138143 0.0337424 -0.0328341 -0.00161409
 0.0101218 0.00121528 0.029222 -0.028331 -0.00145269
 0.00914175 0.0010854 0.0251179 -0.0242852 -0.00117702
 0.00842283 0.00100115 0.0217773 -0.0210248 -0.000949008
 0.00761329 0.000886675 0.0186275 -0.0178742 -0.000825313
 0.00700319 0.000826578 0.0159892 -0.0152906 -0.000611379
 0.00638197 0.000741673 0.0136044 -0.0129316 -0.000509473
 0.00580676 0.000677376 0.011563 -0.0109752 -0.000379449
 0.00525912 0.000609495 0.00978108 -0.00922225 -0.000263002
 0.00478732 0.00055261 0.00825148 -0.00773011 -0.000195494
 0.00430393 0.000492523 0.00686487 -0.00638605 -0.000141838
 0.00393727 0.000454951 0.00581196 -0.0053815 -8.73217e-05
 0.00354227 0.00040629 0.0048676 -0.00447807 -2.42809e-05
 0.00323431 0.000364759 0.00412902 -0.00377898 -3.57131e-06
 0.00290262 0.000326226 0.0034298 -0.00312129 2.17242e-05
 0.0026385 0.000294455 0.0029225 -0.00264602 4.46501e-05
 0.00234408 0.000257753 0.00238577 -0.0021366 5.08208e-05
 0.00211967 0.000232202 0.00202676 -0.00181287 6.66442e-05
 0.00190242 0.000204943 0.00168203 -0.00149507 6.83248e-05
 0.00169205 0.000181393 0.00138696 -0.00122833 7.64529e-05
 0.00152695 0.000162182 0.00117173 -0.00103244 7.28849e-05
 0.00135283 0.000142143 0.000976725 -0.000859383 6.99158e-05
 0.00118241 0.000121893 0.000795624 -0.000696198 6.48942e-05
 0.00106883 0.000109731 0.000676148 -0.000590296 6.29465e-05
 0.000931883 9.42917e-05 0.000552976 -0.000482755 5.55803e-05
 0.000824204 8.24846e-05 0.000452772 -0.000393327 5.14658e-05
 0.000715639 7.06401e-05 0.000371218 -0.000321456 4.57773e-05
 0.000637093 6.19618e-05 0.000310597 -0.00026885 4.11568e-05
 0.000558751 5.38797e-05 0.000257339 -0.000223047 3.75313e-05
 0.000495994 4.71793e-05 0.000215485 -0.000187303 3.33732e-05
 0.000422922 3.96625e-05 0.00017203 -0.000150088 2.89162e-05
 0.0003727 3.42838e-05 0.000143933 -0.000125545 2.45202e-05
 0.000314257 2.86485e-05 0.000114943 -0.000100669 2.14733e-05
 0.000278965 2.50435e-05 9.61208e-05 -8.44225e-05 1.83712e-05
 0.000242051 2.15548e-05 7.91318e-05 -6.9859e-05 1.66993e-05
 0.000203426 1.78532e-05 6.34045e-05 -5.64957e-05 1.37583e-05
 0.000178455 1.54621e-05 5.27539e-05 -4.72814e-05 1.19897e-05
 0.000150933 1.295e-05 4.26119e-05 -3.86584e-05 1.01658e-05
 0.000128004 1.08068e-05 3.46287e-05 -3.1771e-05 8.18449e-06
 0.000110774 9.23308e-06 2.87052e-05 -2.65311e-05 7.20002e-06
 8.98358e-05 7.36959e-06 2.22107e-05 -2.06824e-05 5.69191e-06
 7.86906e-05 6.38243e-06 1.88053e-05 -1.77329e-05 4.93324e-06
 6.38955e-05 5.1037e-06 1.44107e-05 -1.3744e-05 3.9757e-06
 5.31336e-05 4.17837e-06 1.16896e-05 -1.1271e-05 3.15776e-06
 4.44566e-05 3.44665e-06 9.42625e-06 -9.24642e-06 2.57313e-06
 3.61172e-05 2.77327e-06 7.46822e-06 -7.39023e-06 2.04896e-06
 2.94417e-05 2.21883e-06 5.82238e-06 -5.83922e-06 1.60893e-06
 2.32345e-05 1.73177e-06 4.50162e-06 -4.56804e-06 1.25193e-06
 1.91041e-05 1.39402e-06 3.56447e-06 -3.67687e-06 9.567e-07
 1.57583e-05 1.14176e-06 2.91981e-06 -3.03186e-06 8.16324e-07
 1.25173e-05 8.94833e-07 2.254e-06 -2.37666e-06 6.17187e-07
 9.75617e-06 6.86933e-07 1.6946e-06 -1.80786e-06 4.72542e-07
 7.75075e-06 5.383e-07 1.31466e-06 -1.42303e-06 3.5575e-07
 5.79783e-06 3.96902e-07 9.7075e-07 -1.06224e-06 2.55059e-07
 4.5258e-06 3.05839e-07 7.46094e-07 -8.25078e-07 1.89698e-07
 3.48802e-06 2.32872e-07 5.69698e-07 -6.35586e-07 1.46256e-07
 2.59435e-06 1.71076e-07 4.15882e-07 -4.69344e-07 1.03315e-07
 1.9024e-06 1.24397e-07 3.0304e-07 -3.45967e-07 7.48402e-08
 1.38707e-06 8.89983e-08 2.19197e-07 -2.5259e-07 5.02563e-08
 1.00145e-06 6.33789e-08 1.54711e-07 -1.79658e-07 3.29254e-08
 6.84294e-07 4.2556e-08 1.04631e-07 -1.2318e-07 1.99642e-08
 4.76454e-07 2.93708e-08 7.30909e-08 -8.64192e-08 1.41959e-08
 3.30862e-07 2.00034e-08 5.02084e-08 -5.98567e-08 8.37233e-09
 1.80783e-07 1.07633e-08 2.70459e-08 -3.26168e-08 3.92503e-09
 1.30041e-07 7.63327e-09 1.94258e-08 -2.35653e-08 2.56469e-09
 0 0 0 0 0
 0 0 0 0 0
 0 0 0 0 0
 0 0 0 0 0
 0 0 0 0 0
 0 0 0 0 0
 0 0 0 0 0
 0 0 0 0 0
 0.173189 0.0295189 -0.0210316 -0.0195877 -0.0373819
 0.178848 0.0319852 -0.0172598 -0.0228881 -0.0371282
 0.184272 0.0338427 -0.0128461 -0.0263069 -0.0367036
 0.194087 0.0364025 -0.00994092 -0.0306236 -0.0360853
 0.195576 0.0374787 -0.002944 -0.0341081 -0.0352874
 0.202223 0.0391862 0.00223336 -0.0379152 -0.036387
 0.203594 0.0390516 0.00772542 -0.0417969 -0.0379507
 0.205299 0.0392324 0.0175868 -0.0470644 -0.0349117
 0.209005 0.03942 0.025781 -0.0531933 -0.0347679
 0.203147 0.037699 0.0315358 -0.0578254 -0.0347179
 0.204873 0.0373943 0.044409 -0.0657995 -0.0349565
 0.200172 0.0358623 0.0558222 -0.0731444 -0.0332778
 0.194375 0.0339728 0.0663069 -0.0809328 -0.0346254
 0.194334 0.0333022 0.0785914 -0.0910308 -0.0335312
 0.188597 0.0314435 0.0907242 -0.0993758 -0.0317058
 0.180792 0.0297303 0.103507 -0.108863 -0.0310265
 0.179835 0.0289961 0.116385 -0.121154 -0.0291393
 0.171467 0.027202 0.128257 -0.131057 -0.0273179
 0.165693 0.0259169 0.139887 -0.140138 -0.0269
 0.159475 0.0246877 0.155032 -0.153338 -0.0262297
 0.155234 0.0234627 0.169712 -0.16517 -0.0264465
 0.145316 0.0214349 0.176154 -0.172918 -0.0255375
 0.141227 0.020884 0.187687 -0.182942 -0.0229071
 0.132233 0.0191401 0.195142 -0.18928 -0.0209877
 0.127775 0.0183805 0.203065 -0.197358 -0.020961
 0.120457 0.0172078 0.210612 -0.203967 -0.0198367
 0.113772 0.0163751 0.212435 -0.206295 -0.0190679
 0.106092 0.0151065 0.217542 -0.21063 -0.0168188
 0.100037 0.014154 0.212773 -0.20698 -0.0159684
 0.0936217 0.0131037 0.214214 -0.209063 -0.0164085
 0.0870133 0.012128 0.210867 -0.205213 -0.0138088
 0.0804854 0.0111299 0.204858 -0.200007 -0.0130119
 0.0746885 0.010402 0.199032 -0.194645 -0.0118391
 0.0682703 0.00950942 0.190692 -0.186418 -0.0109192
 0.0625255 0.00857658 0.182517 -0.17867 -0.0102753
 0.0570552 0.0077599 0.169931 -0.166867 -0.00963933
 0.0516926 0.00710313 0.160236 -0.157172 -0.00809706
 0.0474169 0.00651498 0.150032 -0.147591 -0.00730599
 0.0423999 0.00574434 0.137173 -0.134973 -0.00706657
 0.0381206 0.0051666 0.126698 -0.124453 -0.0061737
 0.0343072 0.00457777 0.114544 -0.112694 -0.00580469
 0.0312264 0.00414432 0.105803 -0.104068 -0.00507204
 0.0281446 0.00376013 0.0958142 -0.0940467 -0.00435665
 0.0255623 0.00341167 0.0868842 -0.0853492 -0.00392303
 0.0227872 0.00301883 0.0767264 -0.0752245 -0.00343773
 0.0204042 0.00275597 0.068498 -0.0671402 -0.00264897
 0.0184837 0.0024352 0.0607356 -0.0594195 -0.00258479
 0.0167986 0.0021951 0.0538614 -0.0525197 -0.00222016
 0.0150389 0.00195784 0.0469953 -0.0458151 -0.0018535
 0.013699 0.00176371 0.0412706 -0.0401653 -0.00161946
 0.0123593 0.00158127 0.0360969 -0.035083 -0.00142148
 0.0111306 0.00141813 0.0310487 -0.0300922 -0.00119265
 0.0102576 0.00131233 0.0271312 -0.0261476 -0.000864908
 0.009266 0.00118407 0.0234643 -0.0225016 -0.000646966
 0.00846242 0.00105942 0.0200728 -0.019216 -0.000589532
 0.00769782 0.000966675 0.0171931 -0.0163748 -0.000461895
 0.00707064 0.000892225 0.0146167 -0.0138674 -0.00033481
 0.00648952 0.000811829 0.0125736 -0.0118878 -0.000265211
 0.00590522 0.000736929 0.0107383 -0.0101077 -0.000190469
 0.00549411 0.000684502 0.00912542 -0.00854208 -9.86575e-05
 0.00486881 0.000602265 0.00756872 -0.00704891 -3.591e-05
 0.00448742 0.000557325 0.00644082 -0.00596273 2.52967e-05
 0.00402613 0.000494888 0.00536603 -0.00493792 1.65025e-05
 0.00364493 0.00044596 0.00456044 -0.00418229 4.94978e-05
 0.00333243 0.000407327 0.00382244 -0.00348106 8.41817e-05
 0.00298647 0.000361331 0.00319469 -0.00289542 8.70008e-05
 0.00270129 0.000322706 0.00266529 -0.00240052 0.000102246
 0.00245436 0.000292737 0.00226466 -0.00203317 0.000102451
 0.00216597 0.000254544 0.00186821 -0.0016683 9.75633e-05
 0.00193491 0.000225385 0.00154816 -0.001375 0.000100403
 0.00171731 0.000196991 0.00127707 -0.00112878 9.15967e-05
 0.00151795 0.000173417 0.00105239 -0.000930067 8.92308e-05
 0.00137818 0.000155089 0.000887583 -0.000779638 8.26257e-05
 0.00120131 0.000133958 0.000739113 -0.000649699 7.30399e-05
 0.00108132 0.000119064 0.000612948 -0.000537944 7.11508e-05
 0.000952017 0.000103767 0.000508769 -0.000445413 6.18443e-05
 0.000842858 9.08917e-05 0.000421863 -0.000368762 5.86316e-05
 0.000726422 7.72173e-05 0.000342413 -0.000299842 4.83876e-05
 0.000627707 6.59577e-05 0.000278131 -0.000243937 4.26062e-05
 0.000572321 5.94585e-05 0.000240413 -0.000211909 3.87738e-05
 0.000486967 5.00297e-05 0.000192572 -0.000170051 3.34489e-05
 0.000423593 4.29585e-05 0.000160436 -0.0001418 2.76508e-05
 0.000368678 3.68557e-05 0.000130106 -0.000115762 2.50559e-05
 0.000322157 3.17258e-05 0.000107838 -9.68525e-05 2.14593e-05
 0.000273357 2.67014e-05 8.80942e-05 -7.96422e-05 1.79872e-05
 0.000233074 2.24584e-05 7.05674e-05 -6.40245e-05 1.52322e-05
 0.000203314 1.93847e-05 5.85197e-05 -5.35517e-05 1.33428e-05
 0.000174004 1.63273e-05 4.84925e-05 -4.47024e-05 1.12193e-05
 0.000148548 1.38131e-05 3.95497e-05 -3.68587e-05 9.68925e-06
 0.000122993 1.12687e-05 3.10245e-05 -2.93442e-05 7.94943e-06
 0.000103324 9.33075e-06 2.49233e-05 -2.36902e-05 6.36302e-06
 8.84283e-05 7.88033e-06 2.06555e-05 -1.98374e-05 5.26692e-06
 7.43066e-05 6.53708e-06 1.66809e-05 -1.62155e-05 4.40256e-06
 6.18127e-05 5.36695e-06 1.34129e-05 -1.32049e-05 3.52149e-06
 5.04543e-05 4.32622e-06 1.05289e-05 -1.05033e-05 2.88856e-06
 4.25551e-05 3.61018e-06 8.6445e-06 -8.70542e-06 2.44021e-06
 3.40794e-05 2.83835e-06 6.70328e-06 -6.83495e-06 1.8379e-06
 2.79493e-05 2.29763e-06 5.36752e-06 -5.56176e-06 1.44913e-06
 2.22177e-05 1.79469e-06 4.14535e-06 -4.3331e-06 1.08635e-06
 1.8431e-05 1.4831e-06 3.361e-06 -3.55943e-06 9.09067e-07
 1.52502e-05 1.20947e-06 2.72042e-06 -2.92867e-06 7.58156e-07
 1.15814e-05 9.01775e-07 2.02594e-06 -2.19622e-06 5.1934e-07
 9.19733e-06 7.09164e-07 1.57847e-06 -1.73027e-06 4.08139e-07
 6.8687e-06 5.26206e-07 1.16181e-06 -1.28763e-06 3.0727e-07
 5.43188e-06 4.07903e-07 8.94825e-07 -1.00558e-06 2.21546e-07
 4.13314e-06 3.07403e-07 6.72484e-07 -7.61616e-07 1.62627e-07
 2.98972e-06 2.18294e-07 4.8113e-07 -5.5011e-07 1.04877e-07
 2.25201e-06 1.62227e-07 3.57488e-07 -4.13586e-07 7.24035e-08
 1.679e-06 1.19942e-07 2.66042e-07 -3.10882e-07 5.48742e-08
 1.16009e-06 8.13563e-08 1.80669e-07 -2.12928e-07 3.29218e-08
 8.37317e-07 5.79368e-08 1.29198e-07 -1.53554e-07 2.1564e-08
 5.45388e-07 3.72105e-08 8.34433e-08 -9.97058e-08 1.27825e-08
 3.76868e-07 2.54107e-08 5.77804e-08 -6.95022e-08 8.09891e-09
 0 0 0 0 0
 0 0 0 0 0
 0 0 0 0 0
 0 0 0 0 0
 0 0 0 0 0
 0 0 0 0 0
 0 0 0 0 0
 0 0 0 0 0
 0 0 0 0 0
 0.1904 0.0362903 -0.0162683 -0.0244028 -0.0341805
 0.193339 0.0378502 -0.0107932 -0.0279565 -0.0335953
 0.192286 0.0384273 -0.00721365 -0.0307359 -0.0360471
 0.197924 0.0400922 -0.00218545 -0.0350431 -0.0375392
 0.19987 0.0409358 -0.000701993 -0.038291 -0.034336
 0.204328 0.0424244 0.0053442 -0.0422057 -0.0346116
 0.209879 0.0438926 0.0118367 -0.0465265 -0.0352598
 0.208248 0.0436356 0.0153348 -0.0495274 -0.0334221
 0.212756 0.0447375 0.0220842 -0.0542239 -0.0324381
 0.210674 0.0436961 0.0301574 -0.0590024 -0.0319145
 0.209338 0.0426338 0.0376626 -0.0641873 -0.0327459
 0.208358 0.0419351 0.0470437 -0.0708012 -0.029421
 0.201973 0.0396833 0.056784 -0.0774913 -0.0321777
 0.201676 0.0391633 0.0683033 -0.0854533 -0.0304857
 0.196944 0.0377382 0.0774182 -0.0936292 -0.0291011
 0.187771 0.0350704 0.0902367 -0.101116 -0.0299709
 0.186234 0.0339822 0.101235 -0.111798 -0.0271492
 0.178111 0.0319636 0.112623 -0.119721 -0.0254166
 0.17294 0.0307336 0.123074 -0.129772 -0.0249833
 0.168236 0.0293507 0.138063 -0.141777 -0.0237496
 0.162124 0.0275299 0.149656 -0.151522 -0.0246704
 0.154383 0.0258988 0.160963 -0.161686 -0.0236118
 0.146484 0.0244182 0.171245 -0.170782 -0.0205893
 0.141167 0.023166 0.178241 -0.17742 -0.0200236
 0.135306 0.0221241 0.190117 -0.188184 -0.0191595
 0.127864 0.0206678 0.195149 -0.191947 -0.0173687
 0.120938 0.0191897 0.201564 -0.198158 -0.0176109
 0.113411 0.0178589 0.205618 -0.202186 -0.0160775
 0.107049 0.0169135 0.21055 -0.206181 -0.0151263
 0.100122 0.0154985 0.209173 -0.205556 -0.0147611
 0.0944717 0.0145893 0.211526 -0.20688 -0.0131404
 0.0854975 0.012982 0.202845 -0.198771 -0.0130283
 0.0818027 0.0124785 0.201417 -0.197983 -0.0114952
 0.0752882 0.0114073 0.198248 -0.194517 -0.0101557
 0.0691187 0.0103833 0.188494 -0.185137 -0.00997508
 0.0625734 0.00930958 0.178568 -0.175337 -0.00893192
 0.0583234 0.00864967 0.173817 -0.170671 -0.0085975
 0.0530987 0.00781476 0.160371 -0.15776 -0.0074744
 0.0481774 0.00703048 0.150553 -0.148247 -0.00693242
 0.0438082 0.00648225 0.140347 -0.137984 -0.00594444
 0.0396042 0.00577582 0.129729 -0.127706 -0.00536776
 0.0359909 0.0051747 0.117348 -0.115298 -0.00512523
 0.0326229 0.00469682 0.109065 -0.107138 -0.00417461
 0.0292659 0.00419506 0.0971467 -0.0954342 -0.00389296
 0.0264516 0.00375153 0.0883258 -0.0865875 -0.00327314
 0.0237333 0.00336838 0.0789102 -0.0773508 -0.00272448
 0.021637 0.00310443 0.0712474 -0.0696924 -0.00221324
 0.0194726 0.0027276 0.0625002 -0.0610474 -0.00214702
 0.0175207 0.00245615 0.0551581 -0.0537638 -0.00171171
 0.0161156 0.00224233 0.0495257 -0.048202 -0.001426
 0.0144105 0.00197989 0.042743 -0.0414873 -0.00125412
 0.0131416 0.00180262 0.0373843 -0.0361769 -0.0010946
 0.0121381 0.00166212 0.0328072 -0.0317154 -0.000869133
 0.0110697 0.00152578 0.0286505 -0.0275878 -0.000605106
 0.010074 0.00135617 0.0247168 -0.0237403 -0.000561834
 0.00912758 0.00123201 0.0210262 -0.0200788 -0.000332881
 0.00839025 0.0011254 0.018068 -0.0171986 -0.000285341
 0.00770165 0.0010273 0.0154704 -0.0146706 -0.000195497
 0.00703369 0.000939575 0.0132158 -0.012471 -0.000118705
 0.00647307 0.0008629 0.0113377 -0.0106601 -7.12393e-05
 0.00589816 0.000783645 0.00959383 -0.008987 -3.48725e-05
 0.00531443 0.000706206 0.00794227 -0.00739804 4.91997e-05
 0.00487602 0.000640338 0.00675756 -0.00625438 5.17059e-05
 0.00446403 0.000589688 0.00575244 -0.00529391 9.07025e-05
 0.00404761 0.000533913 0.00486147 -0.00445876 0.000128465
 0.00358916 0.000466898 0.00397073 -0.00362117 0.000106396
 0.0033261 0.000431367 0.00340589 -0.00309182 0.000125529
 0.00291843 0.000374627 0.00281217 -0.00253862 0.000119031
 0.00260565 0.000331796 0.00233109 -0.00209912 0.00011883
 0.00235723 0.000296875 0.00195584 -0.00174909 0.00012533
 0.00209397 0.000261345 0.00162515 -0.00144833 0.000110672
 0.00187878 0.000232066 0.00134787 -0.00119963 0.000103399
 0.00168374 0.000206885 0.00113016 -0.00100238 0.000100585
 0.00150049 0.000181561 0.000945533 -0.000838658 8.918e-05
 0.00132707 0.000159357 0.000779738 -0.000689804 8.3695e-05
 0.00118076 0.000140282 0.000658463 -0.000580035 7.48605e-05
 0.00105135 0.000123898 0.000544612 -0.000481733 7.00603e-05
 0.000908925 0.000105403 0.000439699 -0.000388893 6.01951e-05
 0.000806 9.26683e-05 0.000369568 -0.000327396 5.33229e-05
 0.000697178 7.88457e-05 0.000298539 -0.000265479 4.50991e-05
 0.000625859 7.03073e-05 0.000255273 -0.000227438 4.17007e-05
 0.000537968 5.95691e-05 0.000205684 -0.000184414 3.68718e-05
 0.000468268 5.12745e-05 0.00017043 -0.00015304 3.11903e-05
 0.000398269 4.31279e-05 0.000137498 -0.000124017 2.6637e-05
 0.000358249 3.827e-05 0.000117101 -0.000106608 2.3786e-05
 0.0003021 3.18028e-05 9.41458e-05 -8.63425e-05 1.91592e-05
 0.000267666 2.79033e-05 7.92514e-05 -7.31017e-05 1.73318e-05
 0.000223562 2.30245e-05 6.33788e-05 -5.91377e-05 1.41495e-05
 0.000188844 1.91108e-05 5.10198e-05 -4.79633e-05 1.12083e-05
 0.000165448 1.66231e-05 4.28452e-05 -4.07138e-05 1.02016e-05
 0.000138318 1.37174e-05 3.42708e-05 -3.28689e-05 8.33517e-06
 0.000115852 1.13298e-05 2.75182e-05 -2.66673e-05 6.75204e-06
 9.40767e-05 9.0635e-06 2.14482e-05 -2.10273e-05 5.30118e-06
 8.39517e-05 8.03023e-06 1.86176e-05 -1.84366e-05 4.82365e-06
 6.88074e-05 6.48155e-06 1.47389e-05 -1.47875e-05 3.8106e-06
 5.64854e-05 5.24653e-06 1.16433e-05 -1.18097e-05 2.91776e-06
 4.56491e-05 4.17943e-06 9.154e-06 -9.42692e-06 2.30013e-06
 3.73354e-05 3.37998e-06 7.3316e-06 -7.62728e-06 1.87329e-06
 3.13141e-05 2.80225e-06 5.96715e-06 -6.28675e-06 1.51975e-06
 2.56702e-05 2.27497e-06 4.80092e-06 -5.11583e-06 1.22462e-06
 2.0239e-05 1.76333e-06 3.65147e-06 -3.93923e-06 8.96383e-07
 1.64251e-05 1.41527e-06 2.879e-06 -3.14183e-06 6.97986e-07
 1.29678e-05 1.10403e-06 2.27913e-06 -2.51087e-06 5.43052e-07
 1.01489e-05 8.54175e-07 1.74751e-06 -1.94433e-06 4.11913e-07
 7.78575e-06 6.45108e-07 1.30439e-06 -1.46968e-06 2.87104e-07
 6.32748e-06 5.17897e-07 1.04895e-06 -1.19267e-06 2.30341e-07
 4.79908e-06 3.89395e-07 7.91151e-07 -9.07733e-07 1.71705e-07
 3.73521e-06 3.00437e-07 6.16205e-07 -7.1089e-07 1.37183e-07
 2.70528e-06 2.13982e-07 4.3191e-07 -5.06437e-07 8.36983e-08
 2.02804e-06 1.58607e-07 3.20954e-07 -3.79346e-07 5.89137e-08
 1.40729e-06 1.08108e-07 2.22559e-07 -2.63701e-07 3.57364e-08
 1.05827e-06 8.06583e-08 1.65678e-07 -1.97602e-07 2.55998e-08
 0 0 0 0 0
 0 0 0 0 0
 0 0 0 0 0
 0 0 0 0 0
 0 0 0 0 0
 0 0 0 0 0
 0 0 0 0 0
 0 0 0 0 0
 0 0 0 0 0
 0 0 0 0 0
 0.205822 0.043526 -0.00507951 -0.0293052 -0.0301292
 0.203887 0.044107 -0.00237153 -0.0326858 -0.0327114
 0.203008 0.0443918 0.00172927 -0.0363405 -0.0312936
 0.202317 0.0444505 0.00513887 -0.0399078 -0.0322639
 0.204173 0.0454655 0.00656705 -0.043469 -0.0310169
 0.203719 0.0454177 0.0107693 -0.0465784 -0.0305399
 0.20334 0.0455296 0.0143187 -0.049474 -0.0307329
 0.209768 0.0467742 0.0209878 -0.0542799 -0.0305444
 0.206819 0.0463742 0.022106 -0.0562209 -0.0308892
 0.208419 0.0463881 0.0309427 -0.0607229 -0.028002
 0.209143 0.0465618 0.0370493 -0.0652847 -0.0279413
 0.208467 0.0460317 0.0430083 -0.0700569 -0.0274694
 0.207324 0.0450917 0.0535198 -0.0764127 -0.0266742
 0.203155 0.0434035 0.0618472 -0.0823863 -0.0246705
 0.197606 0.0414961 0.0691927 -0.0883317 -0.0266806
 0.193547 0.0399327 0.0780947 -0.094885 -0.0254394
 0.191405 0.0388228 0.0920833 -0.105449 -0.0259862
 0.183922 0.0369857 0.100188 -0.113362 -0.0234227
 0.178979 0.0355527 0.113114 -0.122102 -0.0218523
 0.169326 0.0329635 0.121267 -0.128523 -0.0216071
 0.164001 0.031157 0.132787 -0.138316 -0.0208467
 0.158209 0.0294883 0.141631 -0.146752 -0.0216356
 0.150986 0.0279018 0.155648 -0.157588 -0.0192945
 0.143922 0.0260165 0.164761 -0.165788 -0.0187733
 0.137687 0.0244437 0.171212 -0.171686 -0.0183395
 0.130872 0.0230537 0.179763 -0.17956 -0.017976
 0.125361 0.0220855 0.190752 -0.188812 -0.0149916
 0.11745 0.0205623 0.195023 -0.19379 -0.0143797
 0.111387 0.0191215 0.199602 -0.197415 -0.0146772
 0.105637 0.0179982 0.20518 -0.202495 -0.0127033
 0.097065 0.0163456 0.201104 -0.197974 -0.0125818
 0.091905 0.0153684 0.199907 -0.197213 -0.0119891
 0.0852367 0.0141008 0.199078 -0.196804 -0.0112856
 0.0798124 0.0132405 0.198133 -0.195062 -0.00927567
 0.0727727 0.0119102 0.18987 -0.186805 -0.00892342
 0.0682963 0.0110357 0.185548 -0.182671 -0.00899708
 0.0622471 0.0100611 0.175147 -0.172701 -0.00735767
 0.0575898 0.00923725 0.167233 -0.164762 -0.00682641
 0.0523332 0.00840683 0.156668 -0.154189 -0.00617388
 0.0476418 0.00753424 0.148239 -0.14593 -0.00535748
 0.0436699 0.00689787 0.139041 -0.136777 -0.00508955
 0.0393631 0.00617811 0.125715 -0.123714 -0.00454622
 0.0357767 0.00557162 0.116212 -0.114215 -0.0039617
 0.0325877 0.0050305 0.107259 -0.10511 -0.00345743
 0.029549 0.00454495 0.0970967 -0.095285 -0.00308724
 0.026962 0.00411761 0.0876367 -0.0858783 -0.00267276
 0.0241087 0.00365345 0.0783957 -0.0767719 -0.00218898
 0.022219 0.00337062 0.0708287 -0.0691483 -0.00184746
 0.0200357 0.00301714 0.0629412 -0.0614542 -0.00167519
 0.0183508 0.00273203 0.0565032 -0.0549706 -0.00138097
 0.0166178 0.00245326 0.0495247 -0.0481017 -0.00113117
 0.0150213 0.00220437 0.0431836 -0.0418044 -0.000919508
 0.013762 0.00201856 0.037887 -0.0365399 -0.000731968
 0.0126787 0.00184453 0.0330906 -0.0318497 -0.000636964
 0.0115681 0.00167072 0.0290827 -0.0279552 -0.000516048
 0.0106393 0.0015216 0.0253444 -0.0243034 -0.00042539
 0.00976433 0.00139194 0.0217863 -0.0207792 -0.000265947
 0.00875633 0.00124302 0.0184277 -0.0175287 -0.000215349
 0.00819372 0.00115967 0.0160002 -0.0151547 -7.18052e-05
 0.00745213 0.00105698 0.0135891 -0.012828 -2.21763e-05
 0.00682152 0.000962558 0.0116348 -0.0109441 2.27524e-05
 0.00627763 0.000884517 0.00992383 -0.00927558 6.25366e-05
 0.00564981 0.000794064 0.00828413 -0.00770424 8.65925e-05
 0.00516462 0.000723698 0.00699304 -0.00647119 9.44725e-05
 0.00466757 0.00065462 0.00584915 -0.00539527 0.000125018
 0.00426053 0.000594024 0.00498222 -0.00457191 0.000145366
 0.00382124 0.000528576 0.00414222 -0.0037877 0.000139057
 0.00344937 0.000472178 0.00347027 -0.00315741 0.000143905
 0.00313683 0.000425306 0.00289366 -0.00262252 0.000130571
 0.00279807 0.000378025 0.00241411 -0.00218205 0.000127311
 0.00252273 0.000338953 0.00203617 -0.00183482 0.000131323
 0.00226637 0.000300259 0.00169548 -0.00151971 0.000119684
 0.00204 0.000269155 0.00143152 -0.00128375 0.000117765
 0.0017993 0.000235188 0.0011672 -0.00104217 0.000106813
 0.00160328 0.000207288 0.000971492 -0.000866208 9.71725e-05
 0.00144618 0.000185107 0.000823112 -0.000732883 9.0805e-05
 0.00127279 0.000161584 0.000677687 -0.000605134 8.15662e-05
 0.00112891 0.000141564 0.000564063 -0.000503871 7.18018e-05
 0.000987517 0.000122744 0.000468265 -0.000418992 6.59794e-05
 0.000868608 0.000106451 0.000388022 -0.000347877 5.55771e-05
 0.000759186 9.19558e-05 0.000317423 -0.000285036 4.85164e-05
 0.00066609 7.96228e-05 0.000260854 -0.000235386 4.3e-05
 0.000596048 7.07069e-05 0.000221643 -0.000200777 3.8017e-05
 0.000511336 6.01036e-05 0.000180647 -0.000164464 3.36523e-05
 0.000447464 5.18106e-05 0.000149552 -0.000137333 2.84345e-05
 0.000385871 4.41159e-05 0.000122071 -0.000112833 2.42444e-05
 0.000329123 3.72852e-05 9.99767e-05 -9.315e-05 2.04415e-05
 0.000284445 3.17826e-05 8.1489e-05 -7.66437e-05 1.7485e-05
 0.000245048 2.69908e-05 6.7095e-05 -6.3647e-05 1.4262e-05
 0.000209043 2.28274e-05 5.51247e-05 -5.26047e-05 1.24714e-05
 0.000176449 1.90687e-05 4.44152e-05 -4.28979e-05 1.03737e-05
 0.000151879 1.61981e-05 3.67356e-05 -3.58901e-05 8.75917e-06
 0.000127353 1.33792e-05 2.97183e-05 -2.93503e-05 6.9225e-06
 0.00010845 1.1266e-05 2.42145e-05 -2.412e-05 5.97478e-06
 8.927e-05 9.16808e-06 1.95847e-05 -1.98147e-05 4.81713e-06
 7.42076e-05 7.53142e-06 1.56783e-05 -1.60338e-05 3.89725e-06
 6.10148e-05 6.09882e-06 1.2535e-05 -1.29785e-05 2.9537e-06
 5.17183e-05 5.12411e-06 1.03102e-05 -1.07474e-05 2.53941e-06
 4.24364e-05 4.15273e-06 8.19575e-06 -8.69083e-06 1.99034e-06
 3.41755e-05 3.30106e-06 6.513e-06 -6.98568e-06 1.50701e-06
 2.83997e-05 2.71773e-06 5.25707e-06 -5.68029e-06 1.3003e-06
 2.22977e-05 2.09771e-06 4.03247e-06 -4.40162e-06 9.41133e-07
 1.83994e-05 1.71298e-06 3.27299e-06 -3.61992e-06 7.55133e-07
 1.41485e-05 1.30105e-06 2.47738e-06 -2.76599e-06 5.58034e-07
 1.13238e-05 1.0308e-06 1.95917e-06 -2.21589e-06 4.26857e-07
 8.77067e-06 7.87527e-07 1.46492e-06 -1.67544e-06 3.1662e-07
 6.87889e-06 6.1165e-07 1.15044e-06 -1.3236e-06 2.4397e-07
 5.1185e-06 4.47951e-07 8.43958e-07 -9.76858e-07 1.59201e-07
 4.27643e-06 3.7217e-07 7.10309e-07 -8.259e-07 1.3771e-07
 3.04219e-06 2.60696e-07 4.90112e-07 -5.78369e-07 8.74833e-08
 2.23112e-06 1.89177e-07 3.61701e-07 -4.28173e-07 6.05042e-08
 0 0 0 0 0
 0 0 0 0 0
 0 0 0 0 0
 0 0 0 0 0
 0 0 0 0 0
 0 0 0 0 0
 0 0 0 0 0
 0 0 0 0 0
 0 0 0 0 0
 0 0 0 0 0
 0 0 0 0 0
 0.224628 0.0532355 0.00670855 -0.0351314 -0.021502
 0.217039 0.0516647 0.00874083 -0.0387027 -0.0226333
 0.211031 0.0503856 0.0107642 -0.0417053 -0.0240598
 0.205528 0.0494252 0.0148159 -0.0447593 -0.0245678
 0.203742 0.0487113 0.0158512 -0.0479697 -0.0260081
 0.203381 0.0485656 0.0204446 -0.0518972 -0.0267324
 0.202756 0.0483536 0.0238522 -0.0550186 -0.0249549
 0.203996 0.0486978 0.0275994 -0.058177 -0.0252324
 0.204378 0.0486988 0.0313819 -0.0610826 -0.0264763
 0.203809 0.0487657 0.0345882 -0.0636461 -0.024068
 0.204477 0.0488402 0.0381961 -0.0671276 -0.0248872
 0.200252 0.0476882 0.0431782 -0.0698493 -0.0225521
 0.200637 0.0469755 0.0500043 -0.0745052 -0.023438
 0.198667 0.0464023 0.0576327 -0.0786383 -0.0218364
 0.194731 0.0448417 0.0650428 -0.0845642 -0.021136
 0.191508 0.043749 0.0725241 -0.0901425 -0.0212614
 0.188635 0.0422892 0.0818035 -0.0965092 -0.0201449
 0.183686 0.0405107 0.0917158 -0.105973 -0.0199963
 0.174056 0.0374537 0.099075 -0.110547 -0.0204863
 0.169445 0.0361328 0.109411 -0.118567 -0.0178645
 0.166583 0.0348987 0.119754 -0.128095 -0.0189742
 0.157459 0.0326011 0.129449 -0.135595 -0.018797
 0.151274 0.0305098 0.138922 -0.143631 -0.0179277
 0.143818 0.0288444 0.147633 -0.151322 -0.0163564
 0.140975 0.0277101 0.160273 -0.162143 -0.0163401
 0.132279 0.0256746 0.166958 -0.168518 -0.0155102
 0.124368 0.0238696 0.172775 -0.173611 -0.0147387
 0.119904 0.0226745 0.181221 -0.181037 -0.0141313
 0.112579 0.0211647 0.185901 -0.185771 -0.0128222
 0.105401 0.0195331 0.190017 -0.188972 -0.0125198
 0.100379 0.018383 0.192664 -0.190873 -0.0112942
 0.0945175 0.0171731 0.197424 -0.195084 -0.0106317
 0.0887108 0.0160257 0.195804 -0.193287 -0.009128
 0.0824075 0.014758 0.194522 -0.191582 -0.00929483
 0.0776284 0.0137987 0.191061 -0.188522 -0.00832711
 0.0700773 0.0123865 0.180515 -0.178177 -0.00746983
 0.0656563 0.0115061 0.179532 -0.176933 -0.00692981
 0.0607216 0.0104382 0.16932 -0.166928 -0.0063052
 0.0560088 0.00961508 0.160091 -0.15771 -0.00560997
 0.0509928 0.00865342 0.153506 -0.151169 -0.00572461
 0.0468754 0.00785289 0.14339 -0.141148 -0.00504868
 0.0423234 0.00707855 0.132683 -0.130669 -0.00401798
 0.0390042 0.00652451 0.124645 -0.12234 -0.00354076
 0.0353415 0.00577858 0.11383 -0.111784 -0.00325126
 0.0326967 0.00535884 0.105701 -0.10376 -0.00308677
 0.0294078 0.00477443 0.0954675 -0.0935858 -0.00252957
 0.026652 0.00433159 0.0858783 -0.0840583 -0.00207357
 0.0242457 0.00384947 0.0767456 -0.0750656 -0.00190796
 0.0220742 0.00349906 0.069604 -0.0679068 -0.00174244
 0.0202733 0.00320663 0.0622713 -0.0606372 -0.00144626
 0.0182708 0.00286323 0.0550617 -0.0534516 -0.00107769
 0.0166098 0.00258838 0.0483986 -0.046885 -0.000900167
 0.0154533 0.00240628 0.0433043 -0.0419495 -0.000751773
 0.0141052 0.00219617 0.0377275 -0.0364031 -0.000538109
 0.0127797 0.00195473 0.0326711 -0.0314522 -0.000491143
 0.011802 0.00180247 0.0288362 -0.0277022 -0.000349472
 0.0109219 0.00166817 0.0252819 -0.0241952 -0.000173155
 0.00992008 0.00149051 0.0215508 -0.0205523 -0.000161525
 0.00913458 0.00137881 0.0185276 -0.0175892 -0.000105743
 0.00838775 0.00125388 0.0160896 -0.0152475 -6.05588e-06
 0.00776903 0.00116408 0.0138694 -0.0130618 5.41223e-05
 0.00705933 0.00105309 0.0117065 -0.0110135 5.63862e-05
 0.00651134 0.000973075 0.00991808 -0.00929283 0.000101927
 0.00590824 0.000872833 0.00834 -0.00776401 0.00012508
 0.00543718 0.000803999 0.00709633 -0.00657703 0.000147675
 0.0049239 0.000722687 0.00590272 -0.00544654 0.000153603
 0.00441575 0.000649349 0.00500273 -0.00460393 0.000151871
 0.00397901 0.000580933 0.00418345 -0.00383217 0.000156643
 0.00359867 0.000521713 0.00347102 -0.00316686 0.000144113
 0.00324205 0.000465938 0.00290564 -0.0026429 0.000145069
 0.0029922 0.000427705 0.00248003 -0.00224812 0.000147605
 0.00263923 0.000373809 0.00205704 -0.00185922 0.000138828
 0.00242043 0.000338854 0.00173538 -0.00156492 0.000127217
 0.00212811 0.000296232 0.00142915 -0.00128778 0.000118747
 0.00189962 0.000262321 0.00120183 -0.00108144 0.000106075
 0.00171018 0.000234427 0.00100455 -0.000902708 0.000103846
 0.00149433 0.000202508 0.000825511 -0.00074156 8.9925e-05
 0.00132746 0.000178038 0.000684374 -0.000615854 8.20111e-05
 0.00118616 0.000157633 0.000570722 -0.000513273 7.49707e-05
 0.00101696 0.000133402 0.00046133 -0.000417714 6.146e-05
 0.000933658 0.000121479 0.000399316 -0.000362535 5.86696e-05
 0.000809228 0.000103875 0.000328378 -0.000298094 4.98877e-05
 0.000709083 9.04892e-05 0.00027119 -0.000248207 4.45097e-05
 0.000606758 7.62412e-05 0.000220427 -0.000202231 3.60609e-05
 0.000522264 6.4973e-05 0.000180146 -0.000166716 3.16657e-05
 0.00047518 5.85717e-05 0.000154273 -0.000143695 2.9633e-05
 0.000403081 4.88183e-05 0.000124517 -0.000116427 2.34359e-05
 0.000350391 4.21936e-05 0.000103744 -9.81067e-05 2.12075e-05
 0.000301759 3.58118e-05 8.476e-05 -8.08802e-05 1.75289e-05
 0.000255805 2.99695e-05 6.86791e-05 -6.60753e-05 1.42102e-05
 0.000218189 2.5362e-05 5.62247e-05 -5.45587e-05 1.23108e-05
 0.000188491 2.16641e-05 4.70034e-05 -4.62067e-05 1.05959e-05
 0.000159387 1.80778e-05 3.77666e-05 -3.74989e-05 8.45708e-06
 0.000135833 1.52161e-05 3.11739e-05 -3.13821e-05 7.09368e-06
 0.000113809 1.26045e-05 2.52712e-05 -2.56048e-05 5.88489e-06
 9.65183e-05 1.05714e-05 2.08611e-05 -2.13471e-05 4.80191e-06
 7.66037e-05 8.29973e-06 1.58774e-05 -1.65212e-05 3.76505e-06
 6.64297e-05 7.12013e-06 1.33348e-05 -1.40277e-05 3.22569e-06
 5.52504e-05 5.84072e-06 1.09089e-05 -1.15786e-05 2.50981e-06
 4.50653e-05 4.70958e-06 8.65342e-06 -9.29083e-06 2.04168e-06
 3.66858e-05 3.78658e-06 6.89196e-06 -7.47044e-06 1.54245e-06
 2.9665e-05 3.02433e-06 5.40642e-06 -5.94423e-06 1.18865e-06
 2.3378e-05 2.35273e-06 4.2244e-06 -4.67745e-06 8.8285e-07
 1.95497e-05 1.95363e-06 3.50621e-06 -3.92686e-06 7.49609e-07
 1.53827e-05 1.51884e-06 2.69135e-06 -3.04031e-06 5.71787e-07
 1.25978e-05 1.22954e-06 2.16973e-06 -2.47215e-06 4.45262e-07
 9.66883e-06 9.32917e-07 1.6411e-06 -1.8884e-06 3.18639e-07
 7.27559e-06 6.90969e-07 1.21251e-06 -1.40873e-06 2.18088e-07
 5.60686e-06 5.29191e-07 9.40908e-07 -1.09832e-06 1.70398e-07
 4.28356e-06 3.97329e-07 7.10392e-07 -8.359e-07 1.08849e-07
 0 0 0 0 0
 0 0 0 0 0
 0 0 0 0 0
 0 0 0 0 0
 0 0 0 0 0
 0 0 0 0 0
 0 0 0 0 0
 0 0 0 0 0
 0 0 0 0 0
 0 0 0 0 0
 0 0 0 0 0
 0 0 0 0 0
 0.243498 0.0645694 0.0166152 -0.0413723 -0.0137535
 0.230933 0.0611872 0.0190014 -0.0442072 -0.0161158
 0.222144 0.0584563 0.0224807 -0.0479707 -0.0171682
 0.212038 0.0552281 0.0259227 -0.0510844 -0.0208157
 0.208177 0.0541051 0.0265645 -0.053863 -0.0197155
 0.201192 0.0517072 0.0292584 -0.0564763 -0.021071
 0.200212 0.0507897 0.0334007 -0.059865 -0.02075
 0.197852 0.050315 0.0368314 -0.0629057 -0.0197619
 0.197015 0.0498549 0.0381708 -0.0654572 -0.0202723
 0.194875 0.0492822 0.0405485 -0.0670413 -0.0213065
 0.196142 0.0493724 0.044043 -0.0698116 -0.0199083
 0.193807 0.0486473 0.0482353 -0.0719752 -0.019947
 0.193722 0.0484087 0.050855 -0.0749433 -0.0198574
 0.193507 0.0482368 0.0570866 -0.0786858 -0.0190357
 0.187512 0.0460477 0.0618304 -0.0816917 -0.0191045
 0.185845 0.0451507 0.067811 -0.0867017 -0.0195285
 0.182185 0.0440224 0.0757052 -0.0929542 -0.01665
 0.176701 0.0419814 0.0814211 -0.0971125 -0.017771
 0.172308 0.0402511 0.0920792 -0.105021 -0.0176381
 0.167542 0.038495 0.100044 -0.110937 -0.0175636
 0.15969 0.0361493 0.107524 -0.116763 -0.0162422
 0.15533 0.0348062 0.117743 -0.124711 -0.0168684
 0.149484 0.0330133 0.125992 -0.133249 -0.0162656
 0.142197 0.0307538 0.135061 -0.139982 -0.0152412
 0.136436 0.0292643 0.143302 -0.146636 -0.0138582
 0.129682 0.0272659 0.150462 -0.153352 -0.0138919
 0.124614 0.0256613 0.1587 -0.160956 -0.0147095
 0.119222 0.0243357 0.170162 -0.170878 -0.0129158
 0.113702 0.0230041 0.173903 -0.174389 -0.0125495
 0.106728 0.0214789 0.176094 -0.175844 -0.0107837
 0.101771 0.0203243 0.185272 -0.18392 -0.0096155
 0.0959683 0.0186809 0.185976 -0.184459 -0.0107203
 0.0902217 0.0176248 0.187095 -0.185125 -0.00841775
 0.0840042 0.0161307 0.185154 -0.183123 -0.00819
 0.0790374 0.0151302 0.185987 -0.183838 -0.00728412
 0.0726723 0.0137863 0.179433 -0.177474 -0.0068375
 0.0682183 0.0127615 0.175841 -0.173596 -0.00664239
 0.0628114 0.0117821 0.170329 -0.168088 -0.00518047
 0.0579797 0.0106338 0.164075 -0.161798 -0.00522816
 0.0543494 0.00993883 0.15996 -0.157879 -0.00477208
 0.0488809 0.00882258 0.146391 -0.144361 -0.00450733
 0.0457816 0.00819088 0.139153 -0.137126 -0.00410957
 0.0417287 0.00727301 0.129293 -0.126989 -0.00394878
 0.0377177 0.00663442 0.119423 -0.117183 -0.00283102
 0.0346404 0.00598087 0.110466 -0.108297 -0.00309735
 0.0318113 0.00551744 0.101389 -0.0993283 -0.00244421
 0.0288343 0.00489953 0.092025 -0.0899508 -0.00233078
 0.0260969 0.00443453 0.0828523 -0.0808908 -0.00185662
 0.0240416 0.00409084 0.07624 -0.0744559 -0.00143991
 0.0221651 0.00373461 0.068241 -0.0664334 -0.00113579
 0.020188 0.00335997 0.0610572 -0.0593574 -0.00101482
 0.0184955 0.00306552 0.0544248 -0.0528185 -0.000882608
 0.0170253 0.00279881 0.0476371 -0.0461858 -0.000720604
 0.015556 0.00253007 0.0424583 -0.0410217 -0.000577795
 0.0143098 0.00231281 0.0368052 -0.0354458 -0.000481622
 0.0129238 0.00207621 0.031995 -0.0307342 -0.000334807
 0.0121203 0.00194807 0.0284591 -0.0272851 -0.00019598
 0.0109217 0.0017415 0.0243851 -0.0232718 -0.000139057
 0.0101041 0.0016101 0.0210379 -0.0200719 -5.69503e-05
 0.0092705 0.00146951 0.0183225 -0.0174197 1.26212e-05
 0.00852417 0.0013403 0.0157092 -0.0148711 4.88944e-05
 0.00774159 0.00122029 0.0133366 -0.0125925 0.00010111
 0.00724 0.00113349 0.0115932 -0.0109032 0.000107516
 0.00668263 0.0010493 0.00983358 -0.00920192 0.000191211
 0.00600451 0.000934133 0.00817357 -0.00762746 0.000144066
 0.00551272 0.000858425 0.00701193 -0.0065117 0.000155648
 0.00499012 0.000771023 0.00586188 -0.00543304 0.000151883
 0.0045624 0.000702059 0.00487387 -0.0044955 0.000169584
 0.00413824 0.000635246 0.00416438 -0.00382367 0.00017578
 0.00368796 0.000561887 0.00343989 -0.00315628 0.000154091
 0.00343866 0.000522843 0.00295911 -0.00271064 0.000168219
 0.00304943 0.0004591 0.002465 -0.00224468 0.000154592
 0.00273625 0.000409766 0.00204703 -0.00186205 0.000150461
 0.0024917 0.000368664 0.00173214 -0.00156974 0.000134609
 0.00217953 0.000319344 0.00141338 -0.00128231 0.000117545
 0.00196734 0.000286196 0.00119092 -0.00107729 0.0001128
 0.00175911 0.000253488 0.000989583 -0.000896442 0.000102944
 0.00153436 0.000218759 0.00081226 -0.000733945 8.9555e-05
 0.00137829 0.000194342 0.000688293 -0.000625214 8.01042e-05
 0.00123238 0.000172632 0.000576473 -0.000523529 7.45339e-05
 0.00110807 0.000153438 0.000483952 -0.000440647 6.73212e-05
 0.000946283 0.00012994 0.000392356 -0.000358868 5.78839e-05
 0.000847 0.000114968 0.000331642 -0.000305805 5.19796e-05
 0.000738337 9.91492e-05 0.000276824 -0.000255865 4.41245e-05
 0.000641408 8.527e-05 0.000222817 -0.000207468 3.83355e-05
 0.000569608 7.47944e-05 0.000189848 -0.000178034 3.35579e-05
 0.000481047 6.2772e-05 0.000152438 -0.000144133 2.8528e-05
 0.000415773 5.34565e-05 0.000124341 -0.000118238 2.37963e-05
 0.000364753 4.63252e-05 0.000104398 -0.000100379 2.04241e-05
 0.000313805 3.9463e-05 8.61125e-05 -8.34667e-05 1.76547e-05
 0.000261399 3.24254e-05 6.92362e-05 -6.79223e-05 1.38586e-05
 0.000229937 2.82572e-05 5.82953e-05 -5.73858e-05 1.23031e-05
 0.000197061 2.39795e-05 4.7906e-05 -4.78311e-05 1.05295e-05
 0.000169179 2.03433e-05 3.95767e-05 -4.00014e-05 8.76892e-06
 0.000141402 1.68122e-05 3.19664e-05 -3.25574e-05 7.11481e-06
 0.000119588 1.40251e-05 2.61393e-05 -2.69185e-05 5.84176e-06
 0.00010186 1.18139e-05 2.16305e-05 -2.25305e-05 4.77015e-06
 8.20379e-05 9.42258e-06 1.68989e-05 -1.78302e-05 3.75534e-06
 6.81874e-05 7.7302e-06 1.37093e-05 -1.45877e-05 2.98459e-06
 5.70564e-05 6.41207e-06 1.11519e-05 -1.20032e-05 2.42266e-06
 4.69076e-05 5.21717e-06 9.05133e-06 -9.82408e-06 2.02493e-06
 3.91771e-05 4.29784e-06 7.39888e-06 -8.12153e-06 1.55853e-06
 3.27125e-05 3.55832e-06 6.02824e-06 -6.70364e-06 1.30607e-06
 2.64003e-05 2.83788e-06 4.78068e-06 -5.38297e-06 1.00348e-06
 2.03433e-05 2.15949e-06 3.60127e-06 -4.08102e-06 6.95616e-07
 1.63311e-05 1.71181e-06 2.86257e-06 -3.26851e-06 5.50708e-07
 1.27372e-05 1.32334e-06 2.21679e-06 -2.54459e-06 4.15407e-07
 1.03469e-05 1.06406e-06 1.77698e-06 -2.06039e-06 3.27194e-07
 7.85212e-06 7.95724e-07 1.32112e-06 -1.54613e-06 2.19684e-07
 0 0 0 0 0
 0 0 0 0 0
 0 0 0 0 0
 0 0 0 0 0
 0 0 0 0 0
 0 0 0 0 0
 0 0 0 0 0
 0 0 0 0 0
 0 0 0 0 0
 0 0 0 0 0
 0 0 0 0 0
 0 0 0 0 0
 0 0 0 0 0
 0.268587 0.0800874 0.0289969 -0.0480544 -0.00124188
 0.246962 0.0727559 0.0302993 -0.0511319 -0.00607008
 0.231828 0.0669518 0.0331899 -0.0542397 -0.009641
 0.217523 0.0620302 0.034178 -0.0563032 -0.0116875
 0.209947 0.0587974 0.0365338 -0.0598558 -0.0143706
 0.203189 0.0560843 0.0401179 -0.0621523 -0.0159727
 0.198862 0.0542128 0.0433453 -0.0658126 -0.0153941
 0.194787 0.0524798 0.0452113 -0.0676293 -0.0176431
 0.189649 0.0508423 0.0463639 -0.0691212 -0.0171205
 0.191099 0.0512171 0.0488999 -0.0723774 -0.0162879
 0.185722 0.0492423 0.0511379 -0.0732224 -0.0165232
 0.184137 0.0487713 0.0530479 -0.0744554 -0.0173256
 0.185009 0.0490142 0.0541396 -0.076835 -0.0169699
 0.183227 0.0484215 0.0594677 -0.0790337 -0.0164096
 0.180943 0.0474714 0.0631355 -0.0814938 -0.0159395
 0.175756 0.0453602 0.0662373 -0.0838067 -0.0154445
 0.174638 0.0451469 0.0710983 -0.0880933 -0.0151624
 0.170387 0.0430292 0.0758532 -0.0921783 -0.0170695
 0.162724 0.0406583 0.0831148 -0.0967025 -0.0151013
 0.161303 0.0397438 0.0931725 -0.10384 -0.0157972
 0.156305 0.0380448 0.100412 -0.109464 -0.0144587
 0.150521 0.0362068 0.107098 -0.114947 -0.0143337
 0.145239 0.0344543 0.115247 -0.121829 -0.0134592
 0.139276 0.0323948 0.121863 -0.1272 -0.0135656
 0.132409 0.030476 0.130573 -0.135952 -0.0125043
 0.128875 0.0293147 0.141455 -0.144637 -0.0114992
 0.122834 0.0272931 0.146517 -0.148499 -0.0119754
 0.117052 0.0256311 0.155112 -0.156434 -0.0116671
 0.111048 0.0239173 0.16086 -0.161553 -0.0117962
 0.104509 0.0224488 0.16648 -0.1664 -0.0099695
 0.100593 0.0210597 0.170106 -0.169782 -0.0106282
 0.0941867 0.01963 0.174392 -0.173473 -0.00899492
 0.09008 0.0186807 0.177611 -0.176399 -0.00849992
 0.0845825 0.0174104 0.178587 -0.176772 -0.00737383
 0.0788572 0.0159769 0.177217 -0.175297 -0.00753163
 0.0740836 0.0148877 0.176149 -0.174178 -0.00675102
 0.0687828 0.0137845 0.17502 -0.172568 -0.00581097
 0.0643093 0.0127083 0.16958 -0.16738 -0.00557157
 0.0598757 0.0116503 0.165997 -0.163608 -0.00543799
 0.0552257 0.0106616 0.156738 -0.154452 -0.00480098
 0.0512141 0.00986375 0.149666 -0.147414 -0.00370087
 0.0466503 0.00880017 0.140708 -0.138288 -0.00381946
 0.0436951 0.00820648 0.132893 -0.130871 -0.00359093
 0.0399828 0.00738772 0.124598 -0.122392 -0.0031212
 0.036714 0.00682008 0.117043 -0.114838 -0.00255669
 0.0334752 0.00614494 0.105863 -0.103791 -0.00233137
 0.0310944 0.0056058 0.0971983 -0.0952467 -0.00215787
 0.0280969 0.00501689 0.0890875 -0.0871708 -0.00191992
 0.0257171 0.00460193 0.0795263 -0.0776822 -0.00138478
 0.0240215 0.00424302 0.0731868 -0.071332 -0.00131866
 0.0218295 0.00383117 0.0657316 -0.06402 -0.00119007
 0.0197746 0.00342495 0.0573132 -0.0556448 -0.000873442
 0.0182022 0.00317598 0.0525531 -0.0509398 -0.00068961
 0.0169199 0.00293468 0.0467928 -0.045274 -0.000548454
 0.0156391 0.00267628 0.0415347 -0.0401321 -0.000420668
 0.0140722 0.00239739 0.0354618 -0.0341667 -0.000281386
 0.0131086 0.00222163 0.0314373 -0.030165 -0.000153837
 0.0120475 0.00204719 0.0276962 -0.026529 -7.50898e-06
 0.0110163 0.00185181 0.0238844 -0.022803 8.06732e-06
 0.0101581 0.00169054 0.0206083 -0.0196421 -3.45832e-05
 0.00952017 0.00158593 0.0180885 -0.017163 0.000109735
 0.00866883 0.00142507 0.0152952 -0.0144831 5.85626e-05
 0.00797361 0.00131888 0.0132137 -0.0124413 0.000150539
 0.00726952 0.00119576 0.0112284 -0.0105511 0.000192217
 0.00670999 0.00110335 0.00948575 -0.00887608 0.000184639
 0.00612584 0.00100103 0.00802092 -0.00749223 0.000178727
 0.00550428 0.0008983 0.00666501 -0.00621092 0.000186512
 0.00504231 0.000820843 0.00566727 -0.00524844 0.000204452
 0.00458473 0.000739731 0.00484938 -0.00448808 0.000172353
 0.00422495 0.000680286 0.00407557 -0.00375573 0.000197273
 0.00378431 0.000606521 0.0034175 -0.00314016 0.0001835
 0.00344147 0.0005469 0.00285592 -0.00261857 0.000172787
 0.00316314 0.000500387 0.00244675 -0.00224238 0.000162357
 0.00286662 0.000448247 0.00205933 -0.00188068 0.000148094
 0.00249637 0.000387847 0.00168568 -0.0015365 0.000134838
 0.00222263 0.000341463 0.00138187 -0.0012602 0.000118678
 0.00200866 0.000306398 0.00117914 -0.00107518 0.000112033
 0.00176804 0.000267249 0.000963258 -0.000880508 0.000100706
 0.00159984 0.000238966 0.000820544 -0.00074986 9.24117e-05
 0.00139527 0.000206394 0.000668538 -0.00061281 7.9206e-05
 0.00124859 0.000183397 0.00056122 -0.000516246 7.28727e-05
 0.00110895 0.000160871 0.000473833 -0.00043694 6.30124e-05
 0.000954325 0.000137233 0.000386259 -0.000358228 5.42787e-05
 0.000848233 0.000120751 0.000319967 -0.000297837 4.87736e-05
 0.000759153 0.000107133 0.000271232 -0.000254226 4.40458e-05
 0.000662713 9.24717e-05 0.000225325 -0.000212299 3.80377e-05
 0.000569274 7.84721e-05 0.000183573 -0.000174026 3.15734e-05
 0.000497243 6.78218e-05 0.000152721 -0.000146377 2.73133e-05
 0.000428557 5.80202e-05 0.000125892 -0.000121616 2.38422e-05
 0.000376219 5.03079e-05 0.000106224 -0.000103693 2.00474e-05
 0.000316596 4.18577e-05 8.44358e-05 -8.30247e-05 1.68222e-05
 0.000271425 3.55558e-05 6.9673e-05 -6.92898e-05 1.42016e-05
 0.000237768 3.07711e-05 5.85873e-05 -5.87102e-05 1.21865e-05
 0.000202064 2.587e-05 4.78757e-05 -4.85496e-05 1.01043e-05
 0.000173242 2.19401e-05 3.97691e-05 -4.07022e-05 8.45658e-06
 0.000144134 1.80269e-05 3.17369e-05 -3.29134e-05 6.74819e-06
 0.000122763 1.51937e-05 2.63012e-05 -2.75293e-05 5.65879e-06
 0.000101776 1.24733e-05 2.14178e-05 -2.26503e-05 4.54083e-06
 8.65642e-05 1.04844e-05 1.74869e-05 -1.87298e-05 3.78777e-06
 7.08193e-05 8.47058e-06 1.41457e-05 -1.52787e-05 2.91165e-06
 6.00398e-05 7.10707e-06 1.15491e-05 -1.26111e-05 2.44528e-06
 4.90575e-05 5.76102e-06 9.40858e-06 -1.03536e-05 1.98312e-06
 4.013e-05 4.66278e-06 7.56018e-06 -8.40425e-06 1.55377e-06
 3.29115e-05 3.7735e-06 6.08041e-06 -6.79828e-06 1.20372e-06
 2.63014e-05 2.97995e-06 4.74741e-06 -5.37386e-06 9.03008e-07
 2.13216e-05 2.3997e-06 3.82586e-06 -4.36087e-06 7.54094e-07
 1.72347e-05 1.90999e-06 3.04357e-06 -3.49346e-06 5.31968e-07
 1.41372e-05 1.55676e-06 2.47005e-06 -2.86123e-06 4.36095e-07
 0 0 0 0 0
 0 0 0 0 0
 0 0 0 0 0
 0 0 0 0 0
 0 0 0 0 0
 0 0 0 0 0
 0 0 0 0 0
 0 0 0 0 0
 0 0 0 0 0
 0 0 0 0 0
 0 0 0 0 0
 0 0 0 0 0
 0 0 0 0 0
 0 0 0 0 0
 0.298995 0.0986208 0.0428636 -0.0557527 0.0105895
 0.268414 0.0865142 0.0435062 -0.0580778 0.00360639
 0.243631 0.0770999 0.0461274 -0.0607302 1.88854e-05
 0.22715 0.070213 0.04758 -0.0633492 -0.00437278
 0.214804 0.0649657 0.0485297 -0.0662692 -0.00798813
 0.204443 0.060783 0.0499006 -0.0684807 -0.00806532
 0.195273 0.056864 0.0534632 -0.0703277 -0.0120265
 0.189737 0.0545499 0.0527042 -0.0725947 -0.0123283
 0.183638 0.0518219 0.0541487 -0.0735364 -0.0124713
 0.180202 0.0506006 0.0559572 -0.0753339 -0.0136192
 0.182127 0.0510512 0.0589477 -0.0784059 -0.0125438
 0.175807 0.0489038 0.0587127 -0.0782545 -0.0137763
 0.172023 0.0478484 0.0613084 -0.0789724 -0.0127419
 0.176115 0.0490384 0.0626463 -0.0817157 -0.0111593
 0.172234 0.0476113 0.0659854 -0.0824036 -0.0133244
 0.170452 0.0467539 0.0687413 -0.085125 -0.0122184
 0.166706 0.0454587 0.0720884 -0.0869083 -0.0134703
 0.161059 0.0433731 0.0747945 -0.0894792 -0.0128408
 0.157553 0.0418013 0.0811484 -0.0928392 -0.0131853
 0.153964 0.0406038 0.0867275 -0.0974567 -0.0123694
 0.150777 0.0394701 0.0946408 -0.103006 -0.0113212
 0.146054 0.0375591 0.101104 -0.109096 -0.0118543
 0.138697 0.0347052 0.106109 -0.112157 -0.0133565
 0.135972 0.0340337 0.114059 -0.119801 -0.0114458
 0.130094 0.0318316 0.122533 -0.126244 -0.0120404
 0.123784 0.0299704 0.12665 -0.130574 -0.0110731
 0.118642 0.0279419 0.134328 -0.136778 -0.0122484
 0.114 0.026909 0.143562 -0.145087 -0.0092305
 0.110078 0.025429 0.149678 -0.150755 -0.009825
 0.104191 0.0238215 0.155068 -0.155249 -0.00887783
 0.097235 0.0217962 0.155663 -0.156004 -0.00912017
 0.0933242 0.020785 0.162238 -0.16214 -0.00848367
 0.087425 0.0192283 0.164819 -0.163614 -0.00745319
 0.0834 0.0180898 0.168417 -0.167102 -0.00750799
 0.0782395 0.0168542 0.169275 -0.167644 -0.00679578
 0.0735209 0.0157791 0.168769 -0.166957 -0.0054944
 0.0691187 0.0146935 0.167657 -0.165427 -0.00514724
 0.0641635 0.0133392 0.163449 -0.161155 -0.00557431
 0.0602481 0.0124323 0.161053 -0.15906 -0.00503293
 0.0557669 0.0114143 0.153569 -0.151444 -0.00459523
 0.0517927 0.0104935 0.148711 -0.146572 -0.00379675
 0.0488319 0.0098115 0.144418 -0.142244 -0.00344789
 0.0447229 0.00888008 0.134872 -0.132517 -0.00308512
 0.0407672 0.00802139 0.126318 -0.124022 -0.00272783
 0.0377872 0.00736323 0.118453 -0.116089 -0.00262861
 0.0352448 0.00681025 0.110694 -0.108548 -0.0022343
 0.0324643 0.00625957 0.103087 -0.101003 -0.00188677
 0.0300486 0.0057029 0.0938575 -0.0916717 -0.0017839
 0.0279397 0.00526765 0.0864633 -0.0843808 -0.00132453
 0.0250756 0.00475219 0.0777363 -0.0759254 -0.00100964
 0.0231148 0.00433625 0.0700803 -0.0682917 -0.000793441
 0.0211132 0.00390795 0.0627621 -0.0610235 -0.000748032
 0.0194514 0.00356332 0.0556272 -0.0539173 -0.000651591
 0.0177976 0.0032595 0.0497403 -0.0481864 -0.000383485
 0.0166656 0.00301003 0.0440165 -0.0424995 -0.000367534
 0.0152466 0.00274482 0.0388807 -0.0374703 -0.000237747
 0.0140554 0.00251078 0.0342731 -0.0329331 -5.95465e-05
 0.0128825 0.00228897 0.0295453 -0.0283771 -4.49008e-05
 0.0119022 0.00210033 0.0260015 -0.0248536 -1.67763e-05
 0.0110703 0.00195115 0.0228547 -0.0218375 0.000110576
 0.010189 0.00178381 0.0198894 -0.0189276 0.000137193
 0.00942617 0.0016405 0.0173677 -0.0164962 0.000154498
 0.00869417 0.00151377 0.0148068 -0.0140371 0.000178301
 0.00783221 0.0013468 0.0125246 -0.0118421 0.000153887
 0.00733698 0.00126456 0.0107341 -0.0100966 0.000206732
 0.00669297 0.00115006 0.00916408 -0.00859792 0.000209203
 0.00610843 0.00104297 0.00772851 -0.00722732 0.000198625
 0.00559863 0.000951117 0.00661116 -0.00616336 0.000195913
 0.00512622 0.00086685 0.00547422 -0.0050855 0.000192887
 0.00469538 0.000791175 0.00465912 -0.00431327 0.000191973
 0.00426201 0.000714717 0.00397133 -0.00366852 0.000186606
 0.00385852 0.000642729 0.00332517 -0.00306099 0.000179688
 0.00352057 0.000584508 0.00280533 -0.00258411 0.000173896
 0.00315882 0.000521035 0.00235844 -0.00216924 0.000164266
 0.00281374 0.000457634 0.0019321 -0.00177268 0.000142649
 0.00253251 0.000410308 0.00162748 -0.00149425 0.000135604
 0.0022785 0.000364416 0.00137153 -0.00125657 0.000121764
 0.00202213 0.000321919 0.00113952 -0.00104675 0.000109368
 0.00182744 0.000288103 0.000957642 -0.0008807 0.000101121
 0.00160644 0.000250571 0.000793302 -0.000731225 8.72358e-05
 0.00144132 0.000223377 0.000663657 -0.000613234 8.04695e-05
 0.00128114 0.000196589 0.000558589 -0.000519188 7.18062e-05
 0.00113422 0.000172314 0.000467829 -0.000434939 6.36265e-05
 0.000970433 0.000146048 0.000373274 -0.000349375 5.52593e-05
 0.000884208 0.000131812 0.000322266 -0.000302929 5.02452e-05
 0.000764727 0.000112733 0.000265276 -0.000251518 4.17033e-05
 0.000661551 9.65958e-05 0.000219359 -0.000209593 3.68954e-05
 0.000579347 8.3765e-05 0.000182623 -0.000175421 3.17263e-05
 0.000513319 7.36252e-05 0.000154072 -0.000149408 2.79865e-05
 0.000431607 6.10905e-05 0.00012319 -0.000120652 2.24383e-05
 0.000384315 5.39404e-05 0.000104225 -0.000102817 2.03744e-05
 0.000324475 4.49385e-05 8.41683e-05 -8.39633e-05 1.65198e-05
 0.000281898 3.8685e-05 7.14972e-05 -7.19935e-05 1.40441e-05
 0.000241855 3.28182e-05 5.87568e-05 -5.98033e-05 1.16673e-05
 0.000204788 2.74746e-05 4.80648e-05 -4.93924e-05 9.71383e-06
 0.00017325 2.30413e-05 3.86906e-05 -4.01955e-05 8.2618e-06
 0.000152803 2.0114e-05 3.33528e-05 -3.50247e-05 7.25725e-06
 0.000121684 1.58438e-05 2.62633e-05 -2.78102e-05 5.38702e-06
 0.000105596 1.35835e-05 2.2058e-05 -2.36356e-05 4.47501e-06
 8.95267e-05 1.141e-05 1.82094e-05 -1.96714e-05 3.80286e-06
 7.27546e-05 9.148e-06 1.43017e-05 -1.56523e-05 2.88733e-06
 5.93447e-05 7.39147e-06 1.14705e-05 -1.26772e-05 2.29223e-06
 5.04847e-05 6.22972e-06 9.60992e-06 -1.07029e-05 1.89391e-06
 4.18346e-05 5.09864e-06 7.81321e-06 -8.78483e-06 1.48312e-06
 3.31177e-05 3.9906e-06 6.12609e-06 -6.94682e-06 1.11547e-06
 2.73222e-05 3.26257e-06 4.98705e-06 -5.69321e-06 8.81442e-07
 2.18932e-05 2.59123e-06 3.90231e-06 -4.49516e-06 6.95124e-07
 0 0 0 0 0
 0 0 0 0 0
 0 0 0 0 0
 0 0 0 0 0
 0 0 0 0 0
 0 0 0 0 0
 0 0 0 0 0
 0 0 0 0 0
 0 0 0 0 0
 0 0 0 0 0
 0 0 0 0 0
 0 0 0 0 0
 0 0 0 0 0
 0 0 0 0 0
 0 0 0 0 0
 0.337389 0.123249 0.058285 -0.0643337 0.0270566
 0.290899 0.103182 0.058245 -0.0658243 0.0162
 0.260303 0.0895942 0.0589945 -0.0683183 0.00953842
 0.237999 0.0797994 0.0600772 -0.0707687 0.00402498
 0.218112 0.0710737 0.0615097 -0.0723595 0.000279195
 0.203722 0.0649347 0.0588488 -0.0739571 -0.00199297
 0.196024 0.0614522 0.0610854 -0.0764009 -0.00477152
 0.186126 0.0567407 0.0617809 -0.077864 -0.00682074
 0.181988 0.054574 0.0634379 -0.0797587 -0.00915033
 0.173503 0.0513708 0.0644584 -0.0798743 -0.0112398
 0.170074 0.0499523 0.0654918 -0.080718 -0.00940683
 0.169509 0.0496523 0.0650619 -0.0825846 -0.009739
 0.165092 0.0479815 0.065275 -0.082526 -0.00952475
 0.165147 0.0476854 0.0692284 -0.0840067 -0.0118827
 0.162627 0.0471429 0.0692078 -0.0842667 -0.00933358
 0.161193 0.0465544 0.0705107 -0.0849733 -0.0100453
 0.157419 0.0451018 0.0703832 -0.0855058 -0.0111886
 0.154223 0.0441163 0.0741153 -0.087745 -0.00877492
 0.151657 0.0426773 0.0799276 -0.0909225 -0.0100936
 0.146838 0.0410718 0.08402 -0.0937517 -0.00952192
 0.143094 0.039497 0.0893025 -0.0971308 -0.0102037
 0.139298 0.0379638 0.0944442 -0.101689 -0.00962042
 0.134038 0.0359593 0.0993167 -0.106105 -0.00988733
 0.128697 0.0339513 0.104975 -0.109914 -0.0100112
 0.12375 0.0323029 0.110074 -0.114912 -0.0100702
 0.119731 0.0310028 0.119104 -0.121941 -0.00860533
 0.115937 0.0293632 0.124627 -0.12699 -0.009374
 0.110622 0.0275987 0.132352 -0.134083 -0.0091345
 0.105503 0.0257768 0.136925 -0.138231 -0.00894225
 0.101632 0.0245816 0.142952 -0.143573 -0.00888283
 0.0957867 0.0231005 0.149123 -0.149616 -0.00728782
 0.0911525 0.0214911 0.155689 -0.154738 -0.00743003
 0.0885392 0.0205924 0.158103 -0.157273 -0.00756723
 0.0815055 0.0188494 0.158679 -0.15718 -0.00603843
 0.077584 0.0177493 0.158732 -0.157477 -0.00587222
 0.0730705 0.0164352 0.160153 -0.158228 -0.00572634
 0.0697066 0.0155237 0.16058 -0.158475 -0.00544684
 0.065304 0.0145854 0.161348 -0.158823 -0.00422353
 0.0602882 0.0131237 0.156488 -0.154158 -0.00440538
 0.0565787 0.0122227 0.152375 -0.15013 -0.00436207
 0.0523892 0.0111293 0.144467 -0.142373 -0.00374963
 0.0489181 0.010436 0.141352 -0.138982 -0.00272845
 0.0452802 0.00959217 0.133372 -0.131172 -0.00256008
 0.0418616 0.00870708 0.127799 -0.125552 -0.00262483
 0.0396501 0.0081211 0.120248 -0.117878 -0.0023502
 0.0362178 0.00746084 0.112292 -0.11003 -0.00173697
 0.0334896 0.00679644 0.103978 -0.101697 -0.00156288
 0.0305471 0.00607399 0.0952792 -0.093105 -0.00163996
 0.0287152 0.00572125 0.0901342 -0.0880942 -0.00123298
 0.0263192 0.00523583 0.0811273 -0.0791503 -0.000873533
 0.0244298 0.00480799 0.0729005 -0.07087 -0.000667905
 0.0223443 0.00438252 0.0660765 -0.0641791 -0.000478634
 0.0208091 0.00399607 0.0596957 -0.0578972 -0.000628294
 0.0189312 0.00361708 0.0521439 -0.0505442 -0.000424232
 0.017418 0.00332759 0.0470505 -0.0454811 -0.000246009
 0.0163471 0.00312349 0.0427375 -0.0412858 -6.44399e-05
 0.0149592 0.00279711 0.0367755 -0.0354007 -8.22122e-05
 0.0139804 0.00260902 0.0329722 -0.0316861 1.349e-05
 0.0127559 0.00236369 0.028375 -0.0272098 2.86216e-05
 0.011698 0.00213816 0.0249202 -0.0238148 3.88968e-05
 0.0109617 0.00200767 0.0218246 -0.0207991 0.00012381
 0.0101346 0.00185836 0.0187053 -0.0178129 0.000193019
 0.00935217 0.00168615 0.0164876 -0.0156242 0.000119244
 0.00859908 0.0015566 0.0140616 -0.0133082 0.000199403
 0.00785131 0.00140437 0.0118632 -0.0111977 0.000165104
 0.00726857 0.00129926 0.0102648 -0.00966925 0.000193272
 0.00660881 0.00118053 0.00870042 -0.0081584 0.000229342
 0.00605843 0.00107676 0.00730481 -0.00684035 0.00022893
 0.00556473 0.000982892 0.00625167 -0.00583699 0.000191543
 0.00506931 0.000894692 0.00521946 -0.00486029 0.000209194
 0.00462672 0.000811132 0.0044327 -0.00411557 0.000202338
 0.0042245 0.000735311 0.00375283 -0.00347484 0.000185097
 0.00389242 0.000675145 0.00324038 -0.00300126 0.000179797
 0.0034844 0.000600923 0.00267204 -0.00247003 0.00017383
 0.00307613 0.000524536 0.00220556 -0.00203579 0.000146495
 0.00274553 0.000464905 0.00183619 -0.00169684 0.000133123
 0.00253667 0.000427735 0.00158102 -0.00146041 0.000132287
 0.00223542 0.000373278 0.00128743 -0.00119047 0.000120756
 0.00201428 0.000333027 0.00109697 -0.00101456 0.000107832
 0.00180159 0.000295358 0.000915842 -0.00085 9.84775e-05
 0.0016224 0.000264179 0.000766478 -0.000714952 8.94592e-05
 0.00142978 0.000230539 0.000637594 -0.000595766 7.77976e-05
 0.00126126 0.000201538 0.000531392 -0.000497336 6.95501e-05
 0.001128 0.000178704 0.000450918 -0.000424532 6.15369e-05
 0.000990567 0.000155203 0.000371168 -0.000352365 5.37017e-05
 0.000863875 0.000134318 0.000306549 -0.000292686 4.63708e-05
 0.000761638 0.000117247 0.000256982 -0.000246848 4.12482e-05
 0.000675876 0.000102944 0.000215154 -0.000208248 3.60195e-05
 0.000589797 8.8895e-05 0.000179977 -0.000175902 3.15168e-05
 0.000506834 7.56594e-05 0.000148945 -0.000146116 2.71076e-05
 0.000448413 6.61303e-05 0.000123934 -0.000122965 2.29435e-05
 0.000380678 5.55156e-05 0.000102013 -0.000102024 1.84309e-05
 0.000328787 4.75312e-05 8.51758e-05 -8.59725e-05 1.61444e-05
 0.000281312 4.02598e-05 6.93286e-05 -7.07003e-05 1.34459e-05
 0.000237889 3.37091e-05 5.68545e-05 -5.85834e-05 1.11432e-05
 0.000204933 2.87262e-05 4.73753e-05 -4.93278e-05 9.30508e-06
 0.00017429 2.41932e-05 3.84174e-05 -4.05507e-05 7.81112e-06
 0.000148955 2.04724e-05 3.21849e-05 -3.42883e-05 6.46038e-06
 0.000126777 1.72384e-05 2.6742e-05 -2.86784e-05 5.36954e-06
 0.000103169 1.38798e-05 2.13387e-05 -2.30918e-05 4.25302e-06
 8.75642e-05 1.16388e-05 1.76023e-05 -1.92628e-05 3.40169e-06
 7.28982e-05 9.604e-06 1.41859e-05 -1.5721e-05 2.8053e-06
 6.39365e-05 8.36025e-06 1.24062e-05 -1.38312e-05 2.41754e-06
 4.93618e-05 6.35971e-06 9.30617e-06 -1.04735e-05 1.72511e-06
 4.13652e-05 5.28934e-06 7.79418e-06 -8.82325e-06 1.42522e-06
 3.31369e-05 4.18703e-06 6.0338e-06 -6.90287e-06 1.03802e-06
 0 0 0 0 0
 0 0 0 0 0
 0 0 0 0 0
 0 0 0 0 0
 0 0 0 0 0
 0 0 0 0 0
 0 0 0 0 0
 0 0 0 0 0
 0 0 0 0 0
 0 0 0 0 0
 0 0 0 0 0
 0 0 0 0 0
 0 0 0 0 0
 0 0 0 0 0
 0 0 0 0 0
 0 0 0 0 0
 0.377346 0.151159 0.0717668 -0.0720514 0.0452843
 0.321454 0.124374 0.0711859 -0.0749151 0.032149
 0.280953 0.10511 0.0729427 -0.0771542 0.0215163
 0.250562 0.0908 0.0734203 -0.0790348 0.0151622
 0.229178 0.0804927 0.0740187 -0.0811455 0.007968
 0.211952 0.0722732 0.0716361 -0.0824904 0.00373131
 0.198388 0.0659222 0.0725064 -0.0840342 0.00163106
 0.183805 0.059699 0.0722254 -0.0835625 -0.00261934
 0.176943 0.0562075 0.0729096 -0.0850783 -0.00416744
 0.169455 0.05289 0.0737182 -0.0856775 -0.00618641
 0.163276 0.0504623 0.0720155 -0.0848725 -0.00689473
 0.160017 0.048976 0.0745155 -0.0859517 -0.00768201
 0.158489 0.0484411 0.0734686 -0.0874267 -0.00606187
 0.155748 0.0466576 0.0730751 -0.0866375 -0.0102898
 0.153672 0.046552 0.0736919 -0.0867167 -0.00661957
 0.150811 0.0456918 0.0737429 -0.086075 -0.00838083
 0.147551 0.044269 0.0729838 -0.0855933 -0.00849375
 0.146245 0.0434381 0.0772158 -0.0876558 -0.00908325
 0.143904 0.0425039 0.0797049 -0.0896292 -0.00876433
 0.140258 0.0409003 0.0814049 -0.0911892 -0.00888483
 0.136312 0.0393496 0.0844492 -0.0935083 -0.00954733
 0.134079 0.0385935 0.0913108 -0.0977658 -0.00765363
 0.128834 0.0365244 0.0933767 -0.099715 -0.00786543
 0.122983 0.0341616 0.0984142 -0.103697 -0.00929033
 0.119624 0.0328397 0.103407 -0.107368 -0.00829564
 0.115357 0.0311632 0.110631 -0.113221 -0.0084575
 0.110758 0.0296877 0.113548 -0.116567 -0.00797987
 0.104375 0.0275876 0.119797 -0.121401 -0.00741716
 0.101336 0.0262989 0.125362 -0.126738 -0.00811367
 0.0986742 0.0251962 0.130222 -0.13078 -0.00756551
 0.0926867 0.0231247 0.137532 -0.137145 -0.00806078
 0.0895867 0.0222466 0.142147 -0.14208 -0.00697591
 0.0847642 0.0206921 0.145349 -0.144512 -0.00669198
 0.0809183 0.0197051 0.150325 -0.148871 -0.00574506
 0.0770641 0.0186072 0.152127 -0.150881 -0.00510453
 0.0716341 0.0168798 0.153183 -0.151164 -0.00537364
 0.067891 0.0159485 0.154204 -0.152197 -0.00486178
 0.0640815 0.014893 0.154158 -0.15219 -0.00408448
 0.0601743 0.0138287 0.151121 -0.148808 -0.00373831
 0.0564772 0.0127779 0.145359 -0.143257 -0.003614
 0.0523529 0.0117833 0.143723 -0.141468 -0.00329259
 0.0491465 0.010856 0.137626 -0.135392 -0.00314473
 0.046311 0.0101654 0.134128 -0.131753 -0.00272514
 0.0426738 0.00934608 0.126961 -0.124708 -0.00214078
 0.0404129 0.00879242 0.123702 -0.121257 -0.00188233
 0.0371176 0.00796185 0.115668 -0.113318 -0.00167449
 0.0347101 0.00741439 0.106997 -0.104773 -0.00151692
 0.0318798 0.00676074 0.0990892 -0.09692 -0.000992442
 0.0295049 0.0062302 0.0916158 -0.0894758 -0.000904633
 0.0272787 0.00569872 0.0831447 -0.081086 -0.000579639
 0.0251856 0.00522864 0.075394 -0.0734923 -0.000592739
 0.0231799 0.0047414 0.0689023 -0.0670406 -0.00047231
 0.0215084 0.00438288 0.0619899 -0.0601898 -0.000371389
 0.0199642 0.00401686 0.0558608 -0.0541719 -0.00031208
 0.0183423 0.00363099 0.0497891 -0.048169 -0.000337514
 0.0170455 0.00338303 0.0446509 -0.043135 -0.000108702
 0.0156241 0.00305247 0.03865 -0.0373236 -0.000125801
 0.0144332 0.00282437 0.034552 -0.0332698 -2.91612e-05
 0.0134754 0.00261563 0.0305206 -0.0293321 4.70829e-05
 0.0124512 0.00239724 0.0270587 -0.0259459 9.10658e-05
 0.0116529 0.00224409 0.0237762 -0.0227161 0.000177945
 0.0106937 0.00204466 0.0206289 -0.0196743 0.00017167
 0.00998292 0.00188785 0.0179383 -0.0170882 0.000157552
 0.00918433 0.00173854 0.015466 -0.0146732 0.000266228
 0.00829816 0.00156118 0.0130809 -0.0124023 0.000263018
 0.00777787 0.00145047 0.0113037 -0.0106797 0.000221022
 0.0070564 0.00131479 0.00954717 -0.0089935 0.000252167
 0.00654121 0.00121393 0.00817868 -0.00767409 0.000232661
 0.00605338 0.00112168 0.00704144 -0.00659947 0.000244817
 0.00551067 0.0010161 0.00589047 -0.0055145 0.000238234
 0.00504507 0.0009248 0.00500054 -0.00466764 0.000225544
 0.00453137 0.000823944 0.00412829 -0.00385341 0.000198272
 0.00415698 0.000752537 0.00355512 -0.00330639 0.000191783
 0.0037602 0.000678127 0.00298871 -0.00277728 0.000177383
 0.00340755 0.000608935 0.00248559 -0.00230607 0.000162965
 0.00313118 0.000556892 0.00214049 -0.00198836 0.00016005
 0.00282392 0.000499123 0.00180187 -0.00167285 0.000146778
 0.00251762 0.000439598 0.00148798 -0.00138251 0.000130091
 0.00220783 0.000382159 0.00123065 -0.00114484 0.000112764
 0.00200742 0.000345248 0.00103493 -0.000964892 0.000108028
 0.00180242 0.000307347 0.000881292 -0.000823866 9.6285e-05
 0.00158693 0.000268384 0.000723032 -0.000678496 8.51667e-05
 0.00140785 0.000235835 0.00060408 -0.00056937 7.45977e-05
 0.00127063 0.000210341 0.000517135 -0.000489237 6.58445e-05
 0.00112248 0.000184551 0.000432169 -0.000411332 6.03373e-05
 0.0009924 0.000161193 0.000357932 -0.000343031 5.11407e-05
 0.000863792 0.000139362 0.000296098 -0.000285487 4.57685e-05
 0.000752616 0.000119956 0.000243402 -0.000236637 3.85879e-05
 0.000664562 0.000105086 0.000206302 -0.000202085 3.35318e-05
 0.000583997 9.14867e-05 0.000172839 -0.00017069 2.97239e-05
 0.000505323 7.85182e-05 0.000144068 -0.000143372 2.5295e-05
 0.000442127 6.79745e-05 0.000120895 -0.000121481 2.22027e-05
 0.000377704 5.74017e-05 9.82742e-05 -9.95325e-05 1.81002e-05
 0.000323382 4.86006e-05 7.98986e-05 -8.20017e-05 1.47393e-05
 0.000276528 4.12686e-05 6.79479e-05 -7.00807e-05 1.32193e-05
 0.000240453 3.54687e-05 5.66754e-05 -5.91252e-05 1.08617e-05
 0.000202828 2.96641e-05 4.60981e-05 -4.85657e-05 9.0305e-06
 0.000174942 2.53233e-05 3.86083e-05 -4.11222e-05 7.71288e-06
 0.000151805 2.17532e-05 3.28852e-05 -3.52717e-05 6.50667e-06
 0.000125502 1.77927e-05 2.62368e-05 -2.85025e-05 5.14232e-06
 0.000105482 1.47859e-05 2.13656e-05 -2.34272e-05 4.1383e-06
 8.829e-05 1.22728e-05 1.74507e-05 -1.93191e-05 3.4056e-06
 7.19975e-05 9.91008e-06 1.4145e-05 -1.57695e-05 2.73651e-06
 6.0526e-05 8.24583e-06 1.15579e-05 -1.29968e-05 2.15139e-06
 5.00965e-05 6.76049e-06 9.54642e-06 -1.08034e-05 1.74632e-06
 0 0 0 0 0
 0 0 0 0 0
 0 0 0 0 0
 0 0 0 0 0
 0 0 0 0 0
 0 0 0 0 0
 0 0 0 0 0
 0 0 0 0 0
 0 0 0 0 0
 0 0 0 0 0
 0 0 0 0 0
 0 0 0 0 0
 0 0 0 0 0
 0 0 0 0 0
 0 0 0 0 0
 0 0 0 0 0
 0 0 0 0 0
 0.439706 0.192325 0.0892183 -0.0836742 0.0734979
 0.363634 0.152595 0.0884692 -0.086135 0.0510266
 0.309874 0.125504 0.0879742 -0.0879167 0.0375042
 0.267546 0.104435 0.0866458 -0.0885167 0.0270227
 0.239668 0.0904025 0.085705 -0.0902183 0.0176976
 0.217078 0.0790679 0.0857633 -0.0904358 0.0105217
 0.199175 0.0705073 0.0829457 -0.090945 0.00633175
 0.185533 0.0638323 0.0835433 -0.0913267 0.0021085
 0.177846 0.0598753 0.0844758 -0.0931117 -0.000112176
 0.167912 0.0554704 0.082051 -0.092035 -0.0013012
 0.160713 0.0521531 0.0798549 -0.0916217 -0.00281116
 0.154057 0.0492305 0.0801044 -0.0907242 -0.00503119
 0.151669 0.0482929 0.0796118 -0.09057 -0.00535615
 0.148523 0.0468273 0.0789388 -0.0907325 -0.00627083
 0.145059 0.0456272 0.0804776 -0.0898725 -0.0060813
 0.140992 0.0439892 0.077151 -0.087945 -0.00730152
 0.140632 0.0440593 0.0780533 -0.0882125 -0.00550938
 0.137823 0.0429026 0.0780912 -0.087855 -0.00623326
 0.136587 0.0426251 0.0809728 -0.0890975 -0.00449937
 0.134099 0.0415745 0.0816431 -0.0896242 -0.00486883
 0.128563 0.0389904 0.0836183 -0.0906283 -0.00800033
 0.125564 0.0380755 0.0867808 -0.0926125 -0.00582051
 0.12212 0.036366 0.0888633 -0.0944358 -0.00672513
 0.118942 0.0348382 0.0951925 -0.0995675 -0.00642287
 0.113981 0.0329131 0.09813 -0.10157 -0.00684112
 0.110484 0.0316638 0.103365 -0.105939 -0.00640667
 0.107112 0.0305716 0.108397 -0.110232 -0.00486267
 0.10224 0.0285727 0.111898 -0.113718 -0.00596196
 0.0966442 0.0264342 0.116378 -0.117287 -0.0063512
 0.0953533 0.0256103 0.123093 -0.123837 -0.00701777
 0.0897925 0.0240872 0.128873 -0.128157 -0.00490254
 0.0868133 0.0228526 0.132777 -0.131895 -0.00539965
 0.0810631 0.0211286 0.134717 -0.133672 -0.00473645
 0.0782501 0.0198414 0.140242 -0.13904 -0.00551558
 0.0750029 0.0189662 0.144507 -0.142458 -0.00464897
 0.0690428 0.0170092 0.142704 -0.140798 -0.00496971
 0.065586 0.0160324 0.14478 -0.143236 -0.00460679
 0.0637569 0.0154898 0.146121 -0.143813 -0.00375199
 0.0585657 0.0140566 0.144699 -0.142408 -0.00374733
 0.0563853 0.0133488 0.141841 -0.1395 -0.00358706
 0.0525044 0.0123283 0.137534 -0.135168 -0.00311316
 0.0491657 0.0114474 0.136298 -0.134101 -0.00266001
 0.0457651 0.0107051 0.130582 -0.128223 -0.00187956
 0.0437725 0.0100038 0.128061 -0.125566 -0.00211415
 0.0404246 0.00919567 0.120157 -0.117912 -0.00161008
 0.0378294 0.00851175 0.113825 -0.111491 -0.0015352
 0.0349048 0.00787833 0.105855 -0.103585 -0.00102859
 0.0323017 0.00709371 0.09826 -0.096115 -0.00130231
 0.0297683 0.00650282 0.0914208 -0.0893683 -0.0010144
 0.0279318 0.00607401 0.08612 -0.084045 -0.00067073
 0.0255864 0.00557812 0.0778078 -0.0758044 -0.000316315
 0.0242119 0.00514796 0.0718599 -0.0699382 -0.00050671
 0.0223501 0.0047519 0.0649756 -0.0631726 -0.000376116
 0.020994 0.00444647 0.0591163 -0.0573237 -0.000161998
 0.0192105 0.00399552 0.0530198 -0.0514485 -0.000210703
 0.0177406 0.00370377 0.0472958 -0.0457348 5.86827e-06
 0.0163763 0.00338818 0.0420469 -0.040581 0.000157185
 0.0152838 0.00313845 0.0365822 -0.0352938 4.66258e-05
 0.0142114 0.00290338 0.0329632 -0.0317333 0.000154898
 0.0130401 0.00261972 0.0284498 -0.0273147 0.000147887
 0.012035 0.0024157 0.0248884 -0.0238388 0.000178235
 0.0112797 0.00225973 0.022147 -0.0211589 0.000254602
 0.0105434 0.00209062 0.0193149 -0.0184145 0.000242229
 0.00955142 0.00187943 0.016401 -0.0156133 0.000265742
 0.008946 0.00176001 0.0144729 -0.0137559 0.000281953
 0.00837275 0.00162212 0.0124133 -0.0117745 0.00023315
 0.00768249 0.00149178 0.0108022 -0.0102061 0.000256925
 0.00705888 0.00136764 0.00903592 -0.00851858 0.000286951
 0.00638007 0.00122796 0.00761114 -0.00716558 0.000246047
 0.0058461 0.00112274 0.00638439 -0.00600518 0.000254771
 0.00543588 0.00103835 0.00548806 -0.00514708 0.000234639
 0.00498275 0.000946508 0.00467877 -0.00437733 0.000223694
 0.00451567 0.000855433 0.00397294 -0.00371903 0.000209394
 0.00410374 0.000770357 0.00335281 -0.00312847 0.000195375
 0.00363999 0.000676995 0.00274443 -0.00256266 0.000166682
 0.00336222 0.000621486 0.00238679 -0.00222908 0.000159563
 0.00300058 0.000549274 0.00197366 -0.00183991 0.000144142
 0.00275123 0.000501521 0.00169047 -0.00157885 0.000141682
 0.00251375 0.00045481 0.00143195 -0.00133512 0.000131812
 0.00223223 0.000400491 0.00117891 -0.00110546 0.000117113
 0.00196475 0.000349083 0.00097545 -0.0009172 0.000100579
 0.00178699 0.000315594 0.000839408 -0.000791706 9.31442e-05
 0.00155218 0.000271508 0.000685337 -0.000648423 8.30342e-05
 0.00140027 0.000243312 0.000577688 -0.000549674 7.55069e-05
 0.00124705 0.000214491 0.00049342 -0.000471214 6.63887e-05
 0.00108541 0.000184657 0.000396912 -0.000383047 5.59518e-05
 0.000984542 0.000166372 0.000344241 -0.000333639 5.24386e-05
 0.000865208 0.000144675 0.000285692 -0.00027847 4.50574e-05
 0.000739444 0.000122361 0.00023296 -0.000229302 3.71957e-05
 0.000656559 0.000107537 0.000198026 -0.000196127 3.27945e-05
 0.000576384 9.37075e-05 0.000166615 -0.000166144 2.88964e-05
 0.000491672 7.89608e-05 0.000136219 -0.000137202 2.34073e-05
 0.000437381 6.96908e-05 0.000115073 -0.000117224 2.08813e-05
 0.000375299 5.92541e-05 9.69692e-05 -9.93958e-05 1.76398e-05
 0.000321421 5.03044e-05 7.91813e-05 -8.19774e-05 1.51425e-05
 0.000277621 4.28928e-05 6.64222e-05 -6.94994e-05 1.22936e-05
 0.000237657 3.64578e-05 5.56067e-05 -5.86791e-05 1.05498e-05
 0.000202821 3.07836e-05 4.58294e-05 -4.87548e-05 8.83708e-06
 0.000170294 2.56124e-05 3.69702e-05 -3.9924e-05 7.17532e-06
 0.00014861 2.20947e-05 3.15948e-05 -3.42941e-05 6.06384e-06
 0.000121079 1.7892e-05 2.50962e-05 -2.75239e-05 4.9737e-06
 0.000101109 1.47443e-05 2.06268e-05 -2.28159e-05 3.83922e-06
 8.61267e-05 1.24417e-05 1.71219e-05 -1.91363e-05 3.15823e-06
 7.11836e-05 1.01568e-05 1.39288e-05 -1.56559e-05 2.40158e-06
 0 0 0 0 0
 0 0 0 0 0
 0 0 0 0 0
 0 0 0 0 0
 0 0 0 0 0
 0 0 0 0 0
 0 0 0 0 0
 0 0 0 0 0
 0 0 0 0 0
 0 0 0 0 0
 0 0 0 0 0
 0 0 0 0 0
 0 0 0 0 0
 0 0 0 0 0
 0 0 0 0 0
 0 0 0 0 0
 0 0 0 0 0
 0 0 0 0 0
 0.521744 0.246738 0.109274 -0.0965792 0.107195
 0.415398 0.188102 0.10769 -0.0981183 0.0749663
 0.343271 0.149227 0.105102 -0.0999033 0.0533317
 0.294224 0.122933 0.104566 -0.101187 0.0392849
 0.255888 0.102874 0.101714 -0.101007 0.0273396
 0.22669 0.08814 0.0991808 -0.100946 0.0194784
 0.204903 0.0767526 0.0967758 -0.100498 0.0117423
 0.188875 0.069127 0.0949567 -0.10006 0.00817538
 0.177936 0.0631407 0.0948358 -0.101061 0.00426251
 0.165686 0.0577659 0.0935083 -0.0993183 0.00226787
 0.155916 0.0531432 0.0891933 -0.0972533 -0.000160711
 0.150833 0.0502566 0.0886917 -0.0971817 -0.00319016
 0.144537 0.0476827 0.0880692 -0.0963533 -0.00372167
 0.142116 0.0466692 0.0875683 -0.0962692 -0.00293113
 0.136972 0.044458 0.084625 -0.0928692 -0.0052001
 0.133687 0.0434196 0.0829438 -0.0920333 -0.00382077
 0.131796 0.0426391 0.0837433 -0.0910683 -0.00438979
 0.131228 0.0424164 0.0828263 -0.0908175 -0.00538717
 0.130044 0.0421367 0.0824932 -0.0897942 -0.00358543
 0.124917 0.0400125 0.0811068 -0.0884392 -0.00465978
 0.121662 0.0385883 0.0827593 -0.0887758 -0.00518843
 0.119527 0.0375633 0.0843633 -0.0900592 -0.00531255
 0.116624 0.0364257 0.0876492 -0.0920517 -0.00513558
 0.111717 0.0343552 0.0891058 -0.0934425 -0.00543982
 0.109313 0.033176 0.0933642 -0.096235 -0.00533464
 0.104586 0.0314228 0.0955392 -0.0981075 -0.00482471
 0.101607 0.0299119 0.100804 -0.102417 -0.0060223
 0.0980433 0.0284517 0.105382 -0.107101 -0.00563635
 0.0937625 0.0265616 0.112207 -0.112503 -0.00630742
 0.0902433 0.0254523 0.116164 -0.116161 -0.00499424
 0.0853825 0.0237516 0.117088 -0.116859 -0.00526218
 0.0840292 0.0228985 0.127342 -0.126346 -0.00549791
 0.079428 0.021504 0.131038 -0.129783 -0.00486774
 0.0756368 0.0202613 0.13204 -0.130654 -0.00448183
 0.0719369 0.0190102 0.134372 -0.13271 -0.00395805
 0.0680236 0.017822 0.135954 -0.133938 -0.00358717
 0.0653332 0.0166915 0.138741 -0.136619 -0.00401456
 0.0626075 0.015923 0.139708 -0.137485 -0.00353847
 0.0583141 0.0145303 0.138016 -0.136035 -0.00372508
 0.054987 0.0135934 0.138215 -0.135813 -0.00324592
 0.0514685 0.0127267 0.13502 -0.132492 -0.00251226
 0.0489086 0.0119707 0.133154 -0.130696 -0.0023286
 0.0459003 0.0109278 0.127751 -0.125408 -0.00258884
 0.0435116 0.0104063 0.124768 -0.122205 -0.00187688
 0.0404177 0.00963175 0.118687 -0.116238 -0.00149736
 0.0376895 0.00882392 0.113771 -0.11134 -0.00155273
 0.0348788 0.00807501 0.106123 -0.103755 -0.00124283
 0.0323121 0.00745272 0.0972492 -0.0949625 -0.00102654
 0.0306031 0.00698772 0.0925017 -0.0903425 -0.000803345
 0.028722 0.00656983 0.0875208 -0.085445 -0.000423846
 0.026524 0.00594003 0.0796824 -0.0777595 -0.000703175
 0.0245952 0.00548722 0.0720772 -0.0701876 -0.000436659
 0.0227102 0.00502971 0.0658189 -0.0639313 -0.000185494
 0.0211628 0.00464942 0.0596023 -0.0579612 -0.000215049
 0.0198438 0.00437031 0.0538816 -0.0522443 1.46088e-05
 0.0182429 0.00393817 0.0481128 -0.0465354 -3.45538e-06
 0.0171571 0.00367488 0.0437483 -0.0423198 -2.9092e-05
 0.01571 0.00333342 0.0385244 -0.0371818 1.48296e-05
 0.0145787 0.00308157 0.0342538 -0.0329858 0.000119002
 0.013589 0.00286018 0.0299688 -0.0288122 0.000218795
 0.0127445 0.00265539 0.0270509 -0.0259441 0.000214062
 0.0117978 0.00246236 0.0235192 -0.0225165 0.000299967
 0.0107857 0.00222162 0.0203264 -0.0194363 0.00022913
 0.0101405 0.00207627 0.0178785 -0.0170476 0.000273852
 0.00952425 0.00194857 0.0157447 -0.0150078 0.000289993
 0.008773 0.0017856 0.0134494 -0.0127983 0.00031051
 0.00798986 0.00162035 0.0114566 -0.0108738 0.000316905
 0.00749001 0.0015084 0.00996142 -0.009419 0.000282622
 0.00682582 0.00136578 0.00845125 -0.00798543 0.000279602
 0.00629234 0.00125101 0.00714781 -0.00674314 0.000260498
 0.00576819 0.00114402 0.00605343 -0.00569184 0.000251868
 0.00527367 0.00104023 0.00508084 -0.00477035 0.000240882
 0.00477389 0.000934942 0.00430802 -0.00403879 0.000214457
 0.00445307 0.000869142 0.00372755 -0.00349287 0.000211508
 0.00404079 0.000783312 0.00312555 -0.00292556 0.000198256
 0.00363838 0.000697998 0.00260715 -0.00244071 0.000171798
 0.00326229 0.000624182 0.00218953 -0.0020536 0.000165337
 0.00301432 0.000572165 0.00186714 -0.00175115 0.000155006
 0.00268561 0.000504441 0.00157171 -0.00147492 0.000129673
 0.0024116 0.000451281 0.00133062 -0.00125296 0.000127263
 0.0021505 0.000397767 0.00109797 -0.00103647 0.000108967
 0.00195338 0.000359182 0.000936925 -0.000886258 0.000101464
 0.00173996 0.000317176 0.000775686 -0.000737858 8.885e-05
 0.00157221 0.000284102 0.000665958 -0.000635544 8.14467e-05
 0.00138061 0.000246959 0.000549233 -0.000527593 7.06717e-05
 0.00123018 0.000218573 0.000467898 -0.00045228 6.32488e-05
 0.00107224 0.000188932 0.000386898 -0.000375473 5.62283e-05
 0.000945375 0.000164924 0.000327302 -0.000319924 4.80377e-05
 0.000824117 0.000142397 0.000267317 -0.000263657 4.0958e-05
 0.000747597 0.000128119 0.000230934 -0.000229478 3.68674e-05
 0.000646829 0.000109749 0.000193483 -0.000193438 3.18553e-05
 0.000558129 9.374e-05 0.000156827 -0.000158482 2.70224e-05
 0.00047495 7.89425e-05 0.000128841 -0.000131301 2.23217e-05
 0.000425688 7.02268e-05 0.000110754 -0.000113897 2.02251e-05
 0.000359378 5.86174e-05 8.88692e-05 -9.24242e-05 1.64053e-05
 0.000313776 5.08537e-05 7.57326e-05 -7.93695e-05 1.44543e-05
 0.000273998 4.39427e-05 6.49705e-05 -6.88845e-05 1.21091e-05
 0.000231194 3.66961e-05 5.25328e-05 -5.60812e-05 9.90092e-06
 0.000191887 3.01388e-05 4.2723e-05 -4.60111e-05 8.00955e-06
 0.000163322 2.54382e-05 3.59663e-05 -3.90076e-05 6.60069e-06
 0.000141623 2.18128e-05 2.99655e-05 -3.2809e-05 5.51767e-06
 0.000122783 1.87108e-05 2.51978e-05 -2.78482e-05 4.60351e-06
 0.000101785 1.54375e-05 2.06245e-05 -2.29831e-05 3.91801e-06
 0 0 0 0 0
 0 0 0 0 0
 0 0 0 0 0
 0 0 0 0 0
 0 0 0 0 0
 0 0 0 0 0
 0 0 0 0 0
 0 0 0 0 0
 0 0 0 0 0
 0 0 0 0 0
 0 0 0 0 0
 0 0 0 0 0
 0 0 0 0 0
 0 0 0 0 0
 0 0 0 0 0
 0 0 0 0 0
 0 0 0 0 0
 0 0 0 0 0
 0 0 0 0 0
 0.635077 0.323033 0.131832 -0.113216 0.15882
 0.485174 0.235887 0.128015 -0.113357 0.10806
 0.385574 0.179259 0.124072 -0.112681 0.0735108
 0.321557 0.143241 0.120436 -0.113181 0.0536442
 0.275528 0.118149 0.117296 -0.113455 0.0400913
 0.240603 0.0993992 0.115053 -0.112984 0.0283182
 0.216322 0.086205 0.113057 -0.113003 0.0197421
 0.194717 0.0753162 0.109945 -0.110876 0.0147902
 0.177685 0.0666398 0.106437 -0.109331 0.00892725
 0.166326 0.060905 0.102689 -0.107884 0.00614286
 0.157512 0.0561503 0.103195 -0.107612 0.00240085
 0.148137 0.0521253 0.0995275 -0.104435 0.001302
 0.14272 0.0495487 0.097625 -0.103606 0.000558541
 0.135834 0.0460627 0.0945692 -0.101029 -0.00233757
 0.132055 0.0447594 0.0923658 -0.0993883 -0.00164128
 0.130054 0.0437167 0.09121 -0.09801 -0.00254041
 0.125176 0.0418888 0.0882458 -0.0945467 -0.00307251
 0.122833 0.0410328 0.0873758 -0.0933742 -0.00284171
 0.120254 0.0400582 0.0852975 -0.0903825 -0.00312368
 0.118527 0.0392198 0.0840408 -0.0894417 -0.00393009
 0.11493 0.0379659 0.083318 -0.0888292 -0.00325957
 0.112761 0.0366992 0.0856075 -0.0896908 -0.00451397
 0.109465 0.0354367 0.085665 -0.0892258 -0.00417517
 0.106775 0.0342348 0.0870317 -0.0909583 -0.00407578
 0.103842 0.0329285 0.0905442 -0.0932458 -0.00430479
 0.0994975 0.0310087 0.0941183 -0.0954142 -0.00433291
 0.0972433 0.0300015 0.0956675 -0.09694 -0.00421104
 0.0926658 0.0279457 0.0985475 -0.0996517 -0.00441467
 0.08861 0.0264627 0.102313 -0.102489 -0.00462836
 0.0858175 0.0250556 0.107657 -0.107465 -0.00516543
 0.0826878 0.0239251 0.111146 -0.110672 -0.0048218
 0.0802406 0.0230007 0.115555 -0.114576 -0.00427819
 0.0752942 0.0214177 0.121106 -0.119327 -0.00353415
 0.0728652 0.020434 0.123286 -0.121751 -0.00325965
 0.0690892 0.0190153 0.125386 -0.12367 -0.00337029
 0.0660751 0.0179138 0.128437 -0.126438 -0.00355597
 0.0633616 0.0168629 0.130322 -0.128332 -0.00387223
 0.0598927 0.0157692 0.130906 -0.12869 -0.00346525
 0.0565045 0.014691 0.130395 -0.128302 -0.00297161
 0.0544502 0.0142893 0.133364 -0.130998 -0.00207165
 0.0513108 0.0131407 0.130747 -0.128144 -0.00220153
 0.0478084 0.0121957 0.128191 -0.125705 -0.00173717
 0.0455913 0.0114957 0.124974 -0.122781 -0.00158789
 0.0430295 0.0107078 0.120736 -0.118231 -0.00175163
 0.0402565 0.00979342 0.115459 -0.113198 -0.00187587
 0.0376854 0.00915867 0.111752 -0.109402 -0.0013163
 0.0349167 0.00850008 0.104669 -0.102438 -0.000809438
 0.033202 0.00800283 0.100681 -0.0983258 -0.000621353
 0.0311342 0.00742447 0.09448 -0.0922533 -0.000710349
 0.0288833 0.00682252 0.0869525 -0.0849108 -0.000567049
 0.027117 0.006392 0.0811223 -0.079073 -0.000271171
 0.0247121 0.00576523 0.0734102 -0.0715742 -0.000223088
 0.0231273 0.00539717 0.0671139 -0.0652117 7.15088e-06
 0.0216396 0.00493583 0.0620802 -0.0602996 -0.000150496
 0.0201544 0.00457493 0.055516 -0.0538309 -1.9584e-05
 0.0189344 0.00429238 0.0506017 -0.0490298 7.5246e-05
 0.0176717 0.0039628 0.045602 -0.0441112 0.000156947
 0.0164905 0.00366665 0.0407959 -0.0394016 0.00014871
 0.0152994 0.00339458 0.0369943 -0.0356341 0.000305983
 0.0142318 0.00311889 0.0317525 -0.0305728 0.000284912
 0.0132613 0.00290596 0.0284428 -0.0273496 0.000372438
 0.0121858 0.00263906 0.0245924 -0.0235754 0.000301046
 0.0115429 0.00249052 0.0221482 -0.0212282 0.000339149
 0.0106748 0.00228663 0.0189235 -0.0180868 0.000342928
 0.00974617 0.00206892 0.016434 -0.0156842 0.000320617
 0.00906317 0.00189981 0.0141861 -0.0135053 0.000267704
 0.00843517 0.00176652 0.0123772 -0.0117686 0.000302384
 0.0078888 0.00164889 0.0107244 -0.0101938 0.000302482
 0.0072144 0.00149763 0.00907792 -0.00860383 0.000313154
 0.0067307 0.00139121 0.00788337 -0.00745792 0.00029345
 0.00614851 0.00126463 0.00664842 -0.00628047 0.000279973
 0.00566325 0.0011583 0.00567703 -0.00535442 0.000254217
 0.00517709 0.00105309 0.0047941 -0.00451612 0.000236589
 0.00471631 0.000955025 0.00399871 -0.00376053 0.000228082
 0.00432293 0.000869842 0.00338962 -0.00319038 0.0002154
 0.0039092 0.000781933 0.00288682 -0.00271542 0.000195316
 0.00356507 0.000707012 0.00242877 -0.00228415 0.000175508
 0.00317762 0.00062685 0.00204736 -0.00192829 0.000160129
 0.00290875 0.000570563 0.00175383 -0.00165625 0.000149141
 0.0026472 0.000514363 0.00147389 -0.00139458 0.000137833
 0.00234697 0.000451898 0.0012216 -0.00115815 0.000120713
 0.00207003 0.000395117 0.00100908 -0.0009598 0.000106457
 0.00187673 0.000356345 0.000864817 -0.000825934 9.88417e-05
 0.00167308 0.000314427 0.00071773 -0.00068873 8.68775e-05
 0.00149673 0.000278996 0.000610728 -0.000589208 7.76028e-05
 0.00133017 0.000245534 0.000510336 -0.000495311 6.755e-05
 0.00118108 0.000216198 0.000427089 -0.000416799 5.94613e-05
 0.00105367 0.000191341 0.000363867 -0.000357062 5.31958e-05
 0.000926217 0.00016659 0.000307331 -0.00030395 4.65982e-05
 0.000803053 0.000143086 0.000249988 -0.00024936 3.98072e-05
 0.000706606 0.000124911 0.000212665 -0.000213951 3.49972e-05
 0.000623502 0.000109177 0.000177599 -0.000180293 3.03413e-05
 0.000538934 9.35725e-05 0.000147419 -0.000150575 2.6494e-05
 0.00047486 8.14988e-05 0.000125548 -0.000129614 2.19781e-05
 0.000404785 6.89108e-05 0.000103267 -0.000107398 1.85402e-05
 0.000358608 6.05343e-05 8.78433e-05 -9.22633e-05 1.62356e-05
 0.000304142 5.08432e-05 7.227e-05 -7.66914e-05 1.34787e-05
 0.000261992 4.33316e-05 6.00678e-05 -6.41992e-05 1.11605e-05
 0.000227664 3.7368e-05 5.1295e-05 -5.52402e-05 9.70625e-06
 0.000191427 3.11171e-05 4.20877e-05 -4.57799e-05 7.94482e-06
 0.000163593 2.63535e-05 3.52201e-05 -3.86803e-05 6.65282e-06
 0.000139115 2.2205e-05 2.9322e-05 -3.24009e-05 5.44164e-06
 0 0 0 0 0
 0 0 0 0 0
 0 0 0 0 0
 0 0 0 0 0
 0 0 0 0 0
 0 0 0 0 0
 0 0 0 0 0
 0 0 0 0 0
 0 0 0 0 0
 0 0 0 0 0
 0 0 0 0 0
 0 0 0 0 0
 0 0 0 0 0
 0 0 0 0 0
 0 0 0 0 0
 0 0 0 0 0
 0 0 0 0 0
 0 0 0 0 0
 0 0 0 0 0
 0 0 0 0 0
 0.778459 0.422353 0.156388 -0.131478 0.224945
 0.57699 0.298892 0.152101 -0.131304 0.149233
 0.451586 0.223341 0.145963 -0.131196 0.10295
 0.368134 0.17443 0.144806 -0.131296 0.0741511
 0.308238 0.140427 0.139998 -0.13054 0.0542668
 0.263905 0.115703 0.13452 -0.128767 0.0411437
 0.228814 0.0965792 0.129621 -0.125937 0.0292223
 0.202342 0.0827187 0.125155 -0.122892 0.0218435
 0.184145 0.0730549 0.122178 -0.121513 0.0157926
 0.17059 0.0655877 0.118278 -0.119507 0.0102087
 0.156461 0.0588641 0.11316 -0.115652 0.0075031
 0.147269 0.0540052 0.111443 -0.114142 0.00470616
 0.140187 0.0504383 0.109221 -0.112259 0.00220474
 0.130739 0.0463828 0.101863 -0.106397 0.000184262
 0.128521 0.0452552 0.101127 -0.106084 0.000457698
 0.124175 0.0432836 0.0982875 -0.103216 -0.000966817
 0.119817 0.0416534 0.0951475 -0.0998058 -0.00100165
 0.116407 0.0400327 0.0917767 -0.09638 -0.00248095
 0.113883 0.039132 0.0895133 -0.0937475 -0.00208784
 0.110971 0.0379885 0.0863167 -0.0910775 -0.00226792
 0.108205 0.0367464 0.0853083 -0.0893633 -0.00287773
 0.106133 0.0359614 0.0856292 -0.0887375 -0.002179
 0.102537 0.0341035 0.0847767 -0.0876442 -0.00375113
 0.100226 0.0333948 0.0863242 -0.0884808 -0.00314639
 0.0979733 0.0319182 0.0884008 -0.0902217 -0.00474829
 0.0959533 0.0310518 0.0890175 -0.0908033 -0.00380999
 0.0928383 0.029726 0.0933858 -0.0939283 -0.00385813
 0.088885 0.0280809 0.0952925 -0.0954758 -0.00319297
 0.0845767 0.0264541 0.0981242 -0.0973667 -0.00343375
 0.0829533 0.0253796 0.101882 -0.101252 -0.00376845
 0.0787305 0.0236151 0.103701 -0.102915 -0.00408643
 0.0761783 0.0228916 0.109136 -0.108152 -0.00297812
 0.0732983 0.0215794 0.112004 -0.110352 -0.00313258
 0.0699917 0.0201313 0.116625 -0.114948 -0.00403557
 0.0670286 0.0190842 0.118283 -0.116313 -0.00324643
 0.0636853 0.0177494 0.121196 -0.119191 -0.00382231
 0.0609876 0.0168435 0.122914 -0.120888 -0.00322091
 0.0585833 0.0161568 0.125189 -0.122836 -0.00236559
 0.0551322 0.0152136 0.124913 -0.122658 -0.00156029
 0.0519968 0.0138873 0.126126 -0.123553 -0.00261857
 0.0500733 0.0133134 0.125278 -0.122899 -0.00184944
 0.0474073 0.0124454 0.122234 -0.119593 -0.00177181
 0.0448154 0.0117599 0.122564 -0.120042 -0.00127564
 0.0426789 0.0109827 0.118017 -0.115605 -0.00152574
 0.0398059 0.0101952 0.113211 -0.110632 -0.00115721
 0.0372953 0.0095005 0.108062 -0.10575 -0.000955433
 0.0348506 0.00880875 0.104022 -0.101712 -0.000703738
 0.0334893 0.00843117 0.100844 -0.0985633 -0.000465142
 0.0306054 0.00759945 0.0914758 -0.0892842 -0.000435475
 0.0287583 0.00704867 0.0861775 -0.0839742 -0.000460263
 0.0270493 0.00668078 0.0808452 -0.0788542 -7.73859e-05
 0.0253578 0.00615723 0.0742227 -0.072238 -0.000151636
 0.0237245 0.00571537 0.0673547 -0.0654623 -1.38776e-05
 0.0220613 0.00529812 0.0628069 -0.0610565 0.000160723
 0.0206021 0.00482996 0.0569573 -0.0552949 -6.91571e-05
 0.0192066 0.00446749 0.0510323 -0.0494909 2.51594e-05
 0.0178106 0.00416753 0.0459607 -0.0444789 0.000292322
 0.0166921 0.00386613 0.0417131 -0.0403068 0.000273723
 0.0156458 0.00357348 0.0372278 -0.0359388 0.00019845
 0.0145769 0.00332592 0.0338449 -0.0326159 0.000302832
 0.0135083 0.00304722 0.0295159 -0.0284117 0.000299463
 0.0124139 0.00279775 0.0252178 -0.0242089 0.000368215
 0.0116269 0.00260653 0.0224345 -0.0214917 0.000402858
 0.0108967 0.00241264 0.0200287 -0.0191741 0.000314948
 0.0102158 0.00224438 0.0173201 -0.0165531 0.00034538
 0.0094535 0.00206119 0.0150459 -0.0143692 0.000338906
 0.00896058 0.00195113 0.0132564 -0.0126208 0.000371127
 0.00810686 0.00175374 0.0113717 -0.0108346 0.000325621
 0.00757477 0.00162946 0.00983983 -0.00934717 0.000320082
 0.00693397 0.00148683 0.00841142 -0.00798657 0.000319057
 0.0064509 0.00137253 0.00721407 -0.00683994 0.000284107
 0.00597156 0.00126692 0.00609488 -0.00576847 0.000287446
 0.00543802 0.00115158 0.0051547 -0.00487531 0.000284064
 0.00495957 0.00104148 0.00436777 -0.00412642 0.000239783
 0.0045279 0.00094485 0.00371305 -0.00351092 0.000225474
 0.00412763 0.000856025 0.00315659 -0.00298652 0.000206853
 0.00377197 0.00077713 0.00264865 -0.00250355 0.000195422
 0.00344763 0.000705737 0.00228303 -0.00215805 0.000179546
 0.00314893 0.000639783 0.00194099 -0.00183907 0.00016332
 0.00281895 0.000567468 0.00159863 -0.00151601 0.000145355
 0.00254127 0.000508431 0.00136134 -0.00129521 0.000133459
 0.00228326 0.000452219 0.00114053 -0.00108851 0.000115986
 0.00205204 0.000403714 0.00096625 -0.000925642 0.00010833
 0.00185808 0.00036279 0.000815111 -0.000783779 9.70283e-05
 0.00163769 0.000316949 0.000680105 -0.000657553 8.58992e-05
 0.00146002 0.000280384 0.000576082 -0.000560361 7.63773e-05
 0.00129019 0.000245779 0.000485008 -0.000474914 6.63493e-05
 0.00117109 0.000220876 0.000416029 -0.000410019 6.03915e-05
 0.00101537 0.000189667 0.000336646 -0.000334415 5.10154e-05
 0.000896683 0.000166294 0.000285099 -0.000284821 4.51837e-05
 0.000793989 0.000145255 0.000245415 -0.000246588 3.73839e-05
 0.000692217 0.000125918 0.000199987 -0.000203644 3.38944e-05
 0.000595608 0.000107442 0.000165369 -0.000169546 2.8754e-05
 0.000518503 9.27142e-05 0.000139617 -0.000144289 2.45671e-05
 0.000460648 8.15188e-05 0.000119662 -0.000124804 2.12492e-05
 0.000396103 6.94431e-05 9.89e-05 -0.000104078 1.77964e-05
 0.000338758 5.8903e-05 8.19848e-05 -8.70267e-05 1.50315e-05
 0.000287038 4.94272e-05 6.68727e-05 -7.17127e-05 1.2279e-05
 0.000246258 4.20641e-05 5.74775e-05 -6.19468e-05 1.04106e-05
 0.00021714 3.67472e-05 4.8397e-05 -5.25543e-05 8.98842e-06
 0.000184084 3.08236e-05 3.99639e-05 -4.38205e-05 7.32069e-06
 0 0 0 0 0
 0 0 0 0 0
 0 0 0 0 0
 0 0 0 0 0
 0 0 0 0 0
 0 0 0 0 0
 0 0 0 0 0
 0 0 0 0 0
 0 0 0 0 0
 0 0 0 0 0
 0 0 0 0 0
 0 0 0 0 0
 0 0 0 0 0
 0 0 0 0 0
 0 0 0 0 0
 0 0 0 0 0
 0 0 0 0 0
 0 0 0 0 0
 0 0 0 0 0
 0 0 0 0 0
 0 0 0 0 0
 0.984292 0.566598 0.18786 -0.155335 0.324418
 0.708774 0.389381 0.181744 -0.154524 0.210183
 0.532381 0.279428 0.173377 -0.151754 0.141553
 0.421592 0.211929 0.168251 -0.150461 0.100336
 0.342559 0.165011 0.161931 -0.147392 0.0715392
 0.287463 0.133103 0.156633 -0.144817 0.0532601
 0.247372 0.11029 0.150553 -0.142326 0.0398218
 0.216713 0.0927458 0.145182 -0.139294 0.0285189
 0.194799 0.0809662 0.140775 -0.137755 0.0221395
 0.173963 0.0702063 0.134182 -0.132016 0.0159027
 0.157548 0.0619188 0.127233 -0.127004 0.0110827
 0.146978 0.0560836 0.123343 -0.12395 0.00636524
 0.136099 0.0509613 0.117442 -0.118979 0.00379255
 0.131519 0.0486978 0.116457 -0.118128 0.00407181
 0.124204 0.0453947 0.11121 -0.113829 0.00245102
 0.117797 0.0425772 0.106736 -0.109046 0.00124367
 0.114695 0.0410604 0.103292 -0.106025 0.00057918
 0.110608 0.0391693 0.0983525 -0.101428 -0.00124132
 0.107315 0.0382208 0.0942308 -0.0982092 0.000171867
 0.106493 0.0375957 0.0925233 -0.09565 -0.00118974
 0.103196 0.0361136 0.0896592 -0.0924583 -0.00193645
 0.101415 0.0354889 0.08842 -0.0905592 -0.00175334
 0.098705 0.0340507 0.0871083 -0.0892075 -0.00191746
 0.0961967 0.0328367 0.086725 -0.0883192 -0.00233044
 0.09376 0.0318308 0.087155 -0.0883925 -0.00241518
 0.0895433 0.0301863 0.0869125 -0.0880333 -0.00203317
 0.0875942 0.0286153 0.0912142 -0.0910042 -0.00421221
 0.0847708 0.0278163 0.09158 -0.0914858 -0.0023079
 0.0812878 0.0261845 0.0937092 -0.0929058 -0.00296338
 0.0798527 0.0254465 0.0984433 -0.0968475 -0.00280708
 0.0760059 0.0237918 0.0995567 -0.0982925 -0.00302553
 0.0717957 0.0222417 0.100695 -0.09964 -0.00251701
 0.0699256 0.0211743 0.104901 -0.103102 -0.00328166
 0.0677489 0.0201688 0.109871 -0.107895 -0.00350512
 0.0646697 0.0193686 0.110553 -0.108703 -0.00205135
 0.0611538 0.0179503 0.111929 -0.109773 -0.00240151
 0.0596435 0.0170772 0.115553 -0.113342 -0.00317212
 0.0570563 0.0165821 0.118946 -0.116394 -0.00121813
 0.0539648 0.015271 0.119269 -0.116611 -0.00172402
 0.0505348 0.014104 0.116394 -0.113907 -0.00174843
 0.0484714 0.0133691 0.118284 -0.115775 -0.00157665
 0.0462492 0.0127701 0.119658 -0.117028 -0.00115101
 0.0438788 0.0118568 0.114692 -0.11215 -0.00128113
 0.0415008 0.0111613 0.112551 -0.109943 -0.000952317
 0.0398267 0.0106227 0.111888 -0.109284 -0.00088635
 0.0372693 0.00985608 0.107518 -0.104996 -0.000503132
 0.0345928 0.00903383 0.101736 -0.0993792 -0.000587648
 0.0328167 0.00857692 0.0967508 -0.094465 -0.00024171
 0.0312306 0.00807662 0.0924983 -0.0902283 -0.000184902
 0.0291356 0.00749362 0.0861442 -0.083975 -4.32933e-05
 0.0272337 0.00692874 0.0806067 -0.0785517 -4.20543e-05
 0.0255067 0.00642852 0.0756788 -0.0736458 3.52739e-05
 0.0239211 0.00596208 0.0690567 -0.0671949 4.74368e-06
 0.0223173 0.00554442 0.0640622 -0.0622789 0.000240512
 0.0209184 0.00516507 0.0583334 -0.0566107 0.000267868
 0.0196471 0.00480269 0.053261 -0.0516349 0.000273807
 0.0183014 0.00444192 0.0478047 -0.0463445 0.000327102
 0.0170145 0.00408588 0.0427447 -0.041343 0.000345013
 0.0160289 0.00381394 0.0385888 -0.0372915 0.00031048
 0.0148537 0.00352799 0.034179 -0.0329635 0.000449403
 0.0139744 0.00328448 0.0305735 -0.0294352 0.000401474
 0.0131275 0.00306842 0.0268833 -0.0258437 0.000420068
 0.0123037 0.00284522 0.0241549 -0.0232061 0.000380877
 0.0113052 0.00259042 0.021007 -0.0201357 0.000362414
 0.0106231 0.0024336 0.0186033 -0.0178013 0.000438803
 0.00999492 0.00226736 0.0162906 -0.0155932 0.000410545
 0.0092 0.00208172 0.0141303 -0.0134999 0.000389407
 0.00851142 0.00190837 0.0121077 -0.0115372 0.000389949
 0.00782824 0.00173747 0.0104937 -0.00999675 0.000320793
 0.00727575 0.0016111 0.00902558 -0.00859433 0.000329714
 0.00677043 0.00148788 0.00774295 -0.0073524 0.000311213
 0.00615924 0.00134934 0.00658712 -0.00625702 0.000288004
 0.00571772 0.00124607 0.0055614 -0.00527423 0.000276353
 0.00530787 0.00115058 0.00480845 -0.00455763 0.000263351
 0.00479126 0.00103532 0.00408504 -0.00386866 0.000245395
 0.00441166 0.000948467 0.00345277 -0.00327748 0.000231314
 0.00399486 0.000849883 0.00290644 -0.00275592 0.000200585
 0.00364314 0.000770696 0.00244492 -0.00231774 0.000192032
 0.00330767 0.000694523 0.0020864 -0.00198296 0.000170154
 0.00299164 0.000623693 0.00173985 -0.00165624 0.000157333
 0.00272231 0.000563117 0.00148332 -0.00141717 0.000142893
 0.00245962 0.000504076 0.001262 -0.0012084 0.000127613
 0.00218686 0.000445316 0.00105383 -0.00101297 0.000115318
 0.00197573 0.000399194 0.000891758 -0.000860908 0.000105983
 0.00177305 0.000355923 0.000754332 -0.000732164 9.51517e-05
 0.00158792 0.000315191 0.000644755 -0.000628158 8.17743e-05
 0.001392 0.00027439 0.000531239 -0.000521152 7.22415e-05
 0.00122679 0.000240046 0.000440786 -0.000436024 6.32422e-05
 0.00111131 0.000215513 0.000380055 -0.000377864 5.74082e-05
 0.000970517 0.000186349 0.000314351 -0.000314675 4.90912e-05
 0.000869292 0.000165469 0.000272732 -0.000275141 4.26156e-05
 0.000739912 0.000139417 0.000217797 -0.000221991 3.55442e-05
 0.000668308 0.000124888 0.000192582 -0.00019738 3.17672e-05
 0.000579023 0.000107261 0.000159143 -0.000164566 2.69891e-05
 0.000495573 9.08675e-05 0.000130359 -0.000136142 2.21578e-05
 0.000439803 8.01901e-05 0.000112229 -0.000118318 2.04696e-05
 0.000377548 6.81238e-05 9.42133e-05 -9.97417e-05 1.68225e-05
 0.000330672 5.91207e-05 7.81663e-05 -8.37775e-05 1.43537e-05
 0.000285039 5.05944e-05 6.56709e-05 -7.10237e-05 1.25788e-05
 0.000245338 4.31888e-05 5.59083e-05 -6.07731e-05 1.06141e-05
 0 0 0 0 0
 0 0 0 0 0
 0 0 0 0 0
 0 0 0 0 0
 0 0 0 0 0
 0 0 0 0 0
 0 0 0 0 0
 0 0 0 0 0
 0 0 0 0 0
 0 0 0 0 0
 0 0 0 0 0
 0 0 0 0 0
 0 0 0 0 0
 0 0 0 0 0
 0 0 0 0 0
 0 0 0 0 0
 0 0 0 0 0
 0 0 0 0 0
 0 0 0 0 0
 0 0 0 0 0
 0 0 0 0 0
 0 0 0 0 0
 1.27108 0.770887 0.226028 -0.185255 0.468748
 0.879258 0.509442 0.216553 -0.181494 0.292913
 0.654742 0.362803 0.208922 -0.180615 0.197225
 0.500228 0.265271 0.199221 -0.17596 0.135719
 0.396305 0.201372 0.190231 -0.170745 0.0960783
 0.329983 0.161068 0.183909 -0.168715 0.0709485
 0.277226 0.130078 0.175751 -0.164754 0.0531954
 0.236362 0.106871 0.168925 -0.158972 0.0387588
 0.206934 0.0904383 0.160618 -0.154026 0.0294483
 0.182571 0.0775556 0.152768 -0.148413 0.023128
 0.164808 0.0678685 0.146103 -0.143149 0.0166526
 0.151033 0.0605753 0.140384 -0.138411 0.0122187
 0.139269 0.0547717 0.133797 -0.133164 0.00936892
 0.130817 0.0501497 0.129529 -0.129326 0.00598132
 0.121434 0.0456917 0.122155 -0.122347 0.00358212
 0.116781 0.0435959 0.11702 -0.118243 0.00288031
 0.111656 0.0410412 0.112172 -0.113121 0.0009758
 0.106194 0.038726 0.107461 -0.108584 0.00038249
 0.104662 0.0381153 0.104033 -0.105708 0.000216382
 0.100479 0.0360914 0.0988025 -0.10061 -0.00102804
 0.09853 0.0354345 0.0943842 -0.0961625 -0.00100481
 0.0962092 0.0345427 0.0919467 -0.0933333 -0.00069544
 0.0931467 0.0330796 0.0895142 -0.0901725 -0.00137518
 0.090395 0.0317398 0.0882683 -0.0888575 -0.00168637
 0.0881892 0.0309472 0.0870725 -0.0869475 -0.00111261
 0.0848783 0.0296615 0.0869042 -0.0867583 -0.00100947
 0.0832752 0.02852 0.0877717 -0.08763 -0.00199454
 0.079982 0.0271414 0.0881592 -0.0870408 -0.00155563
 0.0780232 0.0259989 0.0898367 -0.08871 -0.00197818
 0.0747454 0.0244343 0.0930167 -0.0918708 -0.00288792
 0.0726382 0.0235415 0.0943858 -0.0926375 -0.00237708
 0.0703691 0.0224611 0.0977033 -0.09584 -0.00228735
 0.0672987 0.0211697 0.099185 -0.0971333 -0.00219836
 0.064452 0.0202609 0.10199 -0.0997717 -0.00149857
 0.06212 0.0192025 0.105722 -0.103385 -0.00155343
 0.0599986 0.0179723 0.106808 -0.104274 -0.00254288
 0.0569557 0.0169972 0.109055 -0.106786 -0.00195576
 0.0546835 0.0163227 0.112336 -0.109768 -0.00113992
 0.0524953 0.0153026 0.111984 -0.109513 -0.00173308
 0.0497716 0.0143312 0.113615 -0.110976 -0.00118978
 0.0473018 0.0135912 0.11518 -0.112632 -0.00117592
 0.0457621 0.0130632 0.114174 -0.111747 -0.000676426
 0.0430848 0.0120337 0.110258 -0.107719 -0.00118818
 0.0407266 0.0113632 0.107892 -0.10521 -0.000662039
 0.0389048 0.0107283 0.106822 -0.104285 -0.000583242
 0.0364941 0.00992342 0.104485 -0.102022 -0.000567903
 0.0345763 0.0094465 0.100843 -0.0985433 -1.36855e-05
 0.0329304 0.00894842 0.0960142 -0.0937258 5.06134e-05
 0.0308695 0.008295 0.0913233 -0.08925 2.11263e-06
 0.0291017 0.00775792 0.0859208 -0.0837067 0.000146779
 0.0271565 0.00709527 0.0805489 -0.0784904 -2.46407e-05
 0.0254529 0.00668361 0.0754346 -0.07344 0.000315718
 0.0241498 0.00624723 0.0699045 -0.0679979 0.000219218
 0.0224842 0.00577408 0.0638662 -0.0620551 0.000310435
 0.0211385 0.00538623 0.059281 -0.0575352 0.000346172
 0.0199451 0.00503541 0.0551005 -0.0533953 0.000310379
 0.0187487 0.00474072 0.0496009 -0.0480816 0.000520041
 0.0173912 0.00434942 0.0443262 -0.042918 0.000436327
 0.0161594 0.00399596 0.039199 -0.0378828 0.000456304
 0.0154153 0.00376482 0.0356202 -0.0343819 0.000403357
 0.0141082 0.003451 0.0311172 -0.0299862 0.000521987
 0.0133358 0.00321671 0.0278049 -0.0268101 0.000442049
 0.0124754 0.00298293 0.024908 -0.0239627 0.000427147
 0.011713 0.0027908 0.0221352 -0.0212571 0.000442288
 0.0107572 0.0025494 0.018904 -0.0181554 0.000452225
 0.0102297 0.00239952 0.0170813 -0.0163575 0.000403887
 0.00939783 0.00218552 0.0147168 -0.0140774 0.000400048
 0.0087855 0.00203823 0.0126687 -0.0121061 0.000408226
 0.00819643 0.00188976 0.011101 -0.0105904 0.000378577
 0.00757549 0.0017378 0.00954 -0.00910375 0.000373591
 0.00699279 0.00159024 0.00821472 -0.00783031 0.000347335
 0.00651431 0.00147745 0.00707229 -0.00672324 0.000332493
 0.00595967 0.00133943 0.0060155 -0.00572807 0.00029093
 0.00551941 0.00123772 0.00515473 -0.00490105 0.000288122
 0.00506829 0.00112853 0.00435518 -0.00413941 0.000260971
 0.00460412 0.00102177 0.00368335 -0.00350245 0.000245171
 0.00425818 0.000936433 0.00317118 -0.00301772 0.00022279
 0.00387108 0.000845083 0.00264392 -0.00251649 0.000196388
 0.00350351 0.000761097 0.00223386 -0.00213256 0.000188417
 0.00318618 0.00068626 0.00193317 -0.00184581 0.000168319
 0.00289627 0.000620405 0.00160418 -0.00153719 0.000155353
 0.00264491 0.000562229 0.00138681 -0.00133189 0.000145787
 0.00235798 0.000496206 0.00115248 -0.00111107 0.000124328
 0.00206246 0.000430292 0.000945958 -0.000915425 0.000107977
 0.00190021 0.000393723 0.000820308 -0.000798666 0.000100417
 0.00169045 0.000347119 0.000692727 -0.000676634 8.85008e-05
 0.00152085 0.000309982 0.000592621 -0.000582343 7.88716e-05
 0.00136454 0.000275938 0.000491942 -0.000487687 7.13158e-05
 0.00120141 0.000240777 0.000412753 -0.000411382 6.23983e-05
 0.00106505 0.000211867 0.000354987 -0.00035646 5.47376e-05
 0.000929842 0.000183399 0.000291962 -0.000295593 4.69339e-05
 0.000821472 0.000160248 0.000246407 -0.000251267 4.00153e-05
 0.000731325 0.00014177 0.000211148 -0.000216835 3.62001e-05
 0.000624444 0.000119816 0.000174141 -0.000180158 2.95376e-05
 0.000558158 0.000106481 0.000151148 -0.000157748 2.73915e-05
 0.000483676 9.13083e-05 0.000123017 -0.000129905 2.28238e-05
 0.000423129 7.91397e-05 0.000105892 -0.000112549 1.93926e-05
 0.000358916 6.66068e-05 8.71808e-05 -9.32858e-05 1.63212e-05
 0.00031419 5.76993e-05 7.35733e-05 -7.94809e-05 1.3746e-05
 0 0 0 0 0
 0 0 0 0 0
 0 0 0 0 0
 0 0 0 0 0
 0 0 0 0 0
 0 0 0 0 0
 0 0 0 0 0
 0 0 0 0 0
 0 0 0 0 0
 0 0 0 0 0
 0 0 0 0 0
 0 0 0 0 0
 0 0 0 0 0
 0 0 0 0 0
 0 0 0 0 0
 0 0 0 0 0
 0 0 0 0 0
 0 0 0 0 0
 0 0 0 0 0
 0 0 0 0 0
 0 0 0 0 0
 0 0 0 0 0
 0 0 0 0 0
 1.66254 1.05665 0.270482 -0.221881 0.673443
 1.14013 0.692937 0.26344 -0.221363 0.42073
 0.803269 0.466953 0.247233 -0.212457 0.269453
 0.606845 0.337817 0.238038 -0.208331 0.183717
 0.48103 0.25717 0.230228 -0.205621 0.133241
 0.378262 0.194178 0.213899 -0.195264 0.0935708
 0.312642 0.154328 0.205528 -0.189316 0.068848
 0.263205 0.125192 0.195584 -0.182741 0.0519041
 0.227409 0.104506 0.186609 -0.176696 0.0389223
 0.19974 0.0888108 0.179472 -0.170788 0.0299645
 0.1762 0.0761202 0.169267 -0.163566 0.0238343
 0.157905 0.0663319 0.161021 -0.15647 0.0175908
 0.14275 0.0585343 0.150795 -0.148676 0.0137732
 0.130893 0.0522836 0.142127 -0.140172 0.008773
 0.122656 0.04792 0.136863 -0.136032 0.00640363
 0.114742 0.0440022 0.128694 -0.129127 0.00362934
 0.109227 0.0417917 0.123991 -0.123977 0.0041176
 0.103412 0.0386943 0.117568 -0.117592 0.00130857
 0.0998142 0.0374319 0.111877 -0.112045 0.00190944
 0.095985 0.0352878 0.105921 -0.106542 -6.66983e-05
 0.0934508 0.0345932 0.0997958 -0.100754 0.000508021
 0.0914608 0.0334472 0.0969417 -0.0973083 -0.00109487
 0.0884942 0.0323934 0.0936633 -0.0937733 8.91608e-05
 0.0869 0.0319737 0.0906733 -0.0905442 0.000994183
 0.0838175 0.0304026 0.0884317 -0.0877533 0.000275644
 0.0817458 0.0292397 0.0868667 -0.0859667 -0.000513892
 0.0799325 0.0283889 0.0871092 -0.0863767 -0.000474062
 0.0765391 0.0267646 0.0869733 -0.0855658 -0.000888767
 0.073678 0.025215 0.0885492 -0.0870792 -0.00165727
 0.0714007 0.0244012 0.089315 -0.0875542 -0.000776976
 0.0692147 0.0229478 0.0904983 -0.088585 -0.00221427
 0.0665392 0.0218281 0.0919225 -0.0898558 -0.00226335
 0.0644909 0.0210191 0.09616 -0.0935125 -0.00120652
 0.0632216 0.0202615 0.0985275 -0.0958775 -0.0016661
 0.0597897 0.0189472 0.101272 -0.0986375 -0.0014094
 0.0579412 0.0180255 0.10227 -0.0997333 -0.00177833
 0.0550093 0.0168387 0.102648 -0.100019 -0.00199225
 0.0524331 0.0159043 0.103447 -0.100943 -0.00161383
 0.0509907 0.0155617 0.108978 -0.106042 -0.000771367
 0.0482164 0.0145225 0.108091 -0.105631 -0.000539238
 0.0465786 0.0139003 0.109157 -0.106587 -0.000482427
 0.0436647 0.0126144 0.108068 -0.105331 -0.00105265
 0.0424617 0.0123728 0.108947 -0.106446 -0.000411251
 0.0405067 0.0116163 0.107167 -0.104452 -0.000629398
 0.0380413 0.0108931 0.103711 -0.101297 -0.000328982
 0.0363127 0.0102721 0.100973 -0.0984592 -0.000264682
 0.0345112 0.009714 0.0995283 -0.0971183 0.000111974
 0.031851 0.00882325 0.0926533 -0.0904108 -0.000140432
 0.0308161 0.00847267 0.0895442 -0.0873508 -4.95788e-06
 0.0286908 0.00786881 0.0848325 -0.0826629 0.000282451
 0.0270818 0.00728609 0.0804873 -0.0782672 5.35602e-05
 0.0255779 0.00689262 0.0748891 -0.0729922 0.000212063
 0.0241451 0.00646995 0.07021 -0.0683543 0.000403475
 0.022858 0.00607166 0.0656883 -0.0638807 0.000389908
 0.0214914 0.00568182 0.0609387 -0.0591601 0.000480837
 0.0202182 0.00527386 0.0553664 -0.0536445 0.000432288
 0.0189079 0.00493823 0.0506277 -0.0491086 0.000545266
 0.0176332 0.00451501 0.0446488 -0.0432505 0.000428706
 0.0165039 0.00423438 0.0407967 -0.039427 0.000520658
 0.015612 0.00395625 0.0365312 -0.0352573 0.000498118
 0.0145022 0.00367265 0.0323781 -0.0312435 0.000573837
 0.0136103 0.00339991 0.0290086 -0.0279649 0.00049532
 0.0127343 0.00316181 0.0253347 -0.0244089 0.000524182
 0.0119174 0.00294083 0.0224798 -0.0216137 0.000536591
 0.0111593 0.00272345 0.0202738 -0.0194833 0.000468055
 0.0103433 0.00253098 0.0175761 -0.0168454 0.000533271
 0.00987617 0.00238392 0.0155816 -0.0149272 0.000475041
 0.00912092 0.00218088 0.0134867 -0.0129152 0.000427062
 0.0083745 0.00199612 0.0115694 -0.0110752 0.000419042
 0.00775768 0.00183827 0.0100135 -0.00957967 0.000409054
 0.00729483 0.00171334 0.00876467 -0.00836175 0.000367834
 0.00679643 0.00158605 0.00747209 -0.00714283 0.000350303
 0.00625457 0.00145313 0.00641454 -0.00612331 0.00033469
 0.00577259 0.00133125 0.00546958 -0.00521073 0.000302708
 0.00523736 0.00120043 0.00457638 -0.00435756 0.00027209
 0.00481764 0.00110033 0.00395732 -0.00377589 0.000259818
 0.00445713 0.00100971 0.00341103 -0.00325068 0.000233747
 0.00411533 0.000929 0.0029111 -0.00277808 0.000225885
 0.00368573 0.000825015 0.0024299 -0.00232629 0.000202027
 0.00336477 0.000747902 0.00206153 -0.00197408 0.000182414
 0.00305181 0.000673142 0.00173823 -0.00167168 0.000162133
 0.00275032 0.00060356 0.00145983 -0.00140682 0.000155622
 0.00251691 0.000548556 0.00125944 -0.00121807 0.000141393
 0.00227861 0.00049163 0.00106951 -0.00103816 0.000122793
 0.00199431 0.000426397 0.000887158 -0.000864958 0.000104724
 0.00186062 0.000394996 0.000769593 -0.000753445 0.000100612
 0.00165036 0.000347457 0.000652317 -0.000643229 8.73917e-05
 0.00143278 0.000298692 0.000534869 -0.000531197 7.39125e-05
 0.00129042 0.000266813 0.000462965 -0.000462543 6.60639e-05
 0.0011445 0.000234995 0.000384004 -0.000385971 5.86282e-05
 0.00100814 0.00020541 0.000321556 -0.000326387 5.16551e-05
 0.000887425 0.000179274 0.000271079 -0.000277179 4.48042e-05
 0.000782447 0.000156721 0.000229195 -0.000235844 3.8884e-05
 0.000697055 0.00013874 0.000196026 -0.000203352 3.56571e-05
 0.000598225 0.000117746 0.000161457 -0.000169051 2.88628e-05
 0.000534079 0.000104318 0.000138982 -0.000146767 2.56763e-05
 0.000451864 8.73708e-05 0.000114199 -0.000121427 2.09265e-05
 0.000397347 7.6209e-05 9.80533e-05 -0.000105 1.80899e-05
 0 0 0 0 0
 0 0 0 0 0
 0 0 0 0 0
 0 0 0 0 0
 0 0 0 0 0
 0 0 0 0 0
 0 0 0 0 0
 0 0 0 0 0
 0 0 0 0 0
 0 0 0 0 0
 0 0 0 0 0
 0 0 0 0 0
 0 0 0 0 0
 0 0 0 0 0
 0 0 0 0 0
 0 0 0 0 0
 0 0 0 0 0
 0 0 0 0 0
 0 0 0 0 0
 0 0 0 0 0
 0 0 0 0 0
 0 0 0 0 0
 0 0 0 0 0
 0 0 0 0 0
 2.22612 1.47482 0.330243 -0.270086 0.979725
 1.45597 0.9235 0.313287 -0.262717 0.586765
 1.0276 0.624607 0.300768 -0.256984 0.378817
 0.748463 0.43669 0.283151 -0.246823 0.253117
 0.574397 0.321398 0.269873 -0.240049 0.176705
 0.450118 0.242156 0.254845 -0.229871 0.125928
 0.367454 0.190209 0.2439 -0.223133 0.0927225
 0.305141 0.152326 0.232142 -0.215215 0.0702722
 0.253514 0.122272 0.217236 -0.203441 0.0522253
 0.213871 0.0993625 0.201943 -0.191438 0.0374355
 0.19251 0.0868208 0.197312 -0.188944 0.030789
 0.168885 0.0739165 0.184507 -0.177142 0.0226569
 0.149828 0.063691 0.172304 -0.167455 0.0163429
 0.137712 0.0574316 0.165823 -0.162327 0.0144137
 0.124186 0.0507173 0.152013 -0.149464 0.00991625
 0.116746 0.0466058 0.145455 -0.143788 0.00707868
 0.108084 0.0420653 0.136455 -0.135056 0.00349747
 0.102932 0.0396501 0.129568 -0.128323 0.00256389
 0.097045 0.037146 0.121483 -0.12085 0.00263379
 0.094795 0.0362716 0.117174 -0.115608 0.00233563
 0.0898583 0.033771 0.109127 -0.10833 0.000637758
 0.0878483 0.0334256 0.103221 -0.102897 0.00231674
 0.0856783 0.0322485 0.0989725 -0.0981625 0.00115659
 0.0825876 0.0304938 0.09449 -0.0938208 -0.000544797
 0.0798629 0.0293473 0.089885 -0.0890417 -0.000523646
 0.077629 0.0283971 0.0884817 -0.0870583 -0.000311058
 0.0764158 0.0278757 0.0886283 -0.087095 0.000422854
 0.0729216 0.0258213 0.0862692 -0.0845658 -0.00175853
 0.0698258 0.0246512 0.0854208 -0.0831988 -0.000845975
 0.0684629 0.0238768 0.0881183 -0.0860108 -0.000878692
 0.0669328 0.0231199 0.0891517 -0.0868742 -0.0009079
 0.0643833 0.021872 0.0889558 -0.0868142 -0.00086305
 0.0615631 0.0204688 0.0900083 -0.08729 -0.00189892
 0.0590231 0.0193473 0.0906017 -0.0884408 -0.0020824
 0.0568177 0.0183917 0.0938067 -0.0911233 -0.0015514
 0.0545086 0.0175976 0.0967542 -0.0938708 -0.000708484
 0.0535919 0.0171968 0.0984 -0.095565 -0.000621086
 0.0506782 0.0162382 0.0993 -0.0964542 1.19047e-05
 0.0489491 0.0151105 0.100571 -0.0981225 -0.00127248
 0.0465588 0.0143528 0.101498 -0.0988467 -0.000584137
 0.0450917 0.0137111 0.103162 -0.100388 -0.000725437
 0.0430733 0.0130356 0.1041 -0.101188 -0.000446834
 0.0411625 0.0123686 0.101788 -0.0991617 -0.000158519
 0.0390687 0.0115976 0.100932 -0.0983375 -0.000167488
 0.0370996 0.010933 0.0994017 -0.0969425 -0.000155442
 0.0352106 0.0102677 0.0971367 -0.0946367 6.85877e-05
 0.0341302 0.0100289 0.0967533 -0.0943925 0.000594525
 0.0319167 0.00911325 0.0915267 -0.0892025 -2.85173e-05
 0.0301187 0.00855517 0.0882242 -0.0860167 0.000296507
 0.0284999 0.00806296 0.0835583 -0.0813558 0.000238714
 0.0272687 0.00762536 0.0789196 -0.0767728 0.000322691
 0.025538 0.007153 0.0734701 -0.0714812 0.000548283
 0.0240994 0.00666938 0.0693726 -0.0674774 0.000460601
 0.0225102 0.00615452 0.0637568 -0.0619543 0.000463023
 0.0211765 0.00575597 0.0595376 -0.0579377 0.000512137
 0.0200872 0.00544112 0.0541774 -0.0526023 0.000585555
 0.0190863 0.00509918 0.050153 -0.0486288 0.000527118
 0.0178979 0.00478934 0.0457248 -0.0442503 0.00071041
 0.0167743 0.00443069 0.0412078 -0.0398542 0.000614592
 0.0155866 0.00407024 0.0373445 -0.0361364 0.000562877
 0.0146965 0.00381808 0.0325918 -0.0314392 0.000590433
 0.0137807 0.00356479 0.0294725 -0.0284195 0.000599579
 0.0130258 0.00334001 0.0264707 -0.0254815 0.000564605
 0.0121408 0.00307739 0.0234383 -0.0225646 0.000518773
 0.0113083 0.00284398 0.0202784 -0.01951 0.000518757
 0.0104463 0.00261134 0.0180382 -0.0173628 0.000474554
 0.0099405 0.00247578 0.0159601 -0.0152997 0.00050586
 0.00923467 0.00227686 0.0138924 -0.0133221 0.000448232
 0.00858292 0.00210007 0.0118908 -0.0113832 0.000431492
 0.00809908 0.00196779 0.0105642 -0.0101231 0.000406884
 0.00749089 0.00181419 0.00923258 -0.00883292 0.00038531
 0.00701613 0.00168994 0.00795382 -0.00760764 0.000372014
 0.00637767 0.0015258 0.00668467 -0.0063929 0.000342507
 0.00588592 0.00140156 0.00569882 -0.00544564 0.000335218
 0.00545285 0.00129444 0.00501693 -0.00479731 0.000311798
 0.00502903 0.00118415 0.00419888 -0.00401144 0.000282926
 0.00459792 0.00107647 0.00357061 -0.00341237 0.000264962
 0.00422725 0.000984558 0.00305953 -0.0029306 0.000245014
 0.00385191 0.000890125 0.00261105 -0.0025051 0.000215713
 0.00357819 0.000820527 0.00223879 -0.00215119 0.000201151
 0.00322188 0.000734017 0.00186 -0.00179363 0.000183934
 0.00290458 0.000654795 0.0015779 -0.00152443 0.000158473
 0.00264682 0.000594134 0.00136548 -0.00132404 0.000151599
 0.00241213 0.000536472 0.00115968 -0.00112872 0.000134439
 0.00219227 0.000483444 0.000994708 -0.000971758 0.000119732
 0.00190461 0.000416734 0.000805467 -0.000792112 0.000103033
 0.00176108 0.000383148 0.000700274 -0.000692783 9.90392e-05
 0.00154381 0.000333009 0.000584219 -0.000581518 8.44808e-05
 0.00138279 0.000295391 0.00050492 -0.000504854 7.40372e-05
 0.00122087 0.000258237 0.000416159 -0.000420124 6.34407e-05
 0.00108492 0.000228401 0.000355764 -0.000361022 5.79369e-05
 0.000959825 0.000199957 0.00029761 -0.000304699 4.87518e-05
 0.000850742 0.00017559 0.000254769 -0.000262284 4.28833e-05
 0.000750455 0.000153727 0.000213473 -0.000221784 3.72013e-05
 0.000642585 0.000130692 0.000178808 -0.000186764 3.20094e-05
 0.000578557 0.00011665 0.000153633 -0.000161887 2.83002e-05
 0.000493545 9.86808e-05 0.000127032 -0.000134963 2.38274e-05
 0 0 0 0 0
 0 0 0 0 0
 0 0 0 0 0
 0 0 0 0 0
 0 0 0 0 0
 0 0 0 0 0
 0 0 0 0 0
 0 0 0 0 0
 0 0 0 0 0
 0 0 0 0 0
 0 0 0 0 0
 0 0 0 0 0
 0 0 0 0 0
 0 0 0 0 0
 0 0 0 0 0
 0 0 0 0 0
 0 0 0 0 0
 0 0 0 0 0
 0 0 0 0 0
 0 0 0 0 0
 0 0 0 0 0
 0 0 0 0 0
 0 0 0 0 0
 0 0 0 0 0
 0 0 0 0 0
 3.06803 2.10791 0.406686 -0.334747 1.45191
 1.9055 1.25557 0.378348 -0.317871 0.829077
 1.32665 0.8394 0.362883 -0.311562 0.532769
 0.954633 0.580188 0.34467 -0.300588 0.351683
 0.708668 0.41402 0.322788 -0.286348 0.240225
 0.550896 0.309626 0.306674 -0.275936 0.17054
 0.431702 0.233326 0.286285 -0.260867 0.120929
 0.354696 0.185153 0.271783 -0.251023 0.0909633
 0.293612 0.148009 0.256516 -0.23889 0.0684008
 0.244458 0.118625 0.239046 -0.225849 0.0500512
 0.208756 0.0984108 0.224679 -0.213161 0.0381714
 0.182831 0.083585 0.211902 -0.202509 0.0294856
 0.161289 0.0714189 0.199759 -0.192448 0.0222911
 0.143644 0.0618225 0.187182 -0.181472 0.0164998
 0.131121 0.0555814 0.175889 -0.171109 0.0140576
 0.118291 0.0488168 0.163573 -0.160249 0.00953033
 0.110567 0.0449788 0.154186 -0.151688 0.00788688
 0.102844 0.041062 0.144039 -0.141794 0.00523788
 0.0962442 0.0378003 0.135168 -0.133047 0.00395298
 0.0918325 0.0354914 0.127836 -0.12609 0.00214628
 0.0881158 0.0341843 0.1204 -0.118607 0.0030127
 0.0844867 0.0326545 0.11191 -0.110741 0.00255492
 0.0820405 0.0313287 0.105738 -0.104619 0.00117862
 0.0801482 0.0302851 0.101106 -0.0994942 0.000664834
 0.0772142 0.0295602 0.0962708 -0.0941392 0.00180532
 0.0737933 0.0276508 0.091115 -0.0895958 0.000385865
 0.0719987 0.0267799 0.089805 -0.0875467 0.000174717
 0.0700997 0.0257853 0.0874208 -0.085215 9.4065e-05
 0.0684432 0.0250902 0.0861033 -0.0835458 0.000506516
 0.0660946 0.0237947 0.0874192 -0.0850433 -0.000437518
 0.063104 0.0224407 0.086025 -0.083465 -2.16117e-05
 0.0611247 0.0214979 0.0860725 -0.0840417 -0.000300392
 0.0590766 0.0205086 0.0876308 -0.0848508 8.72683e-06
 0.0575225 0.0192591 0.0897525 -0.086925 -0.00165925
 0.0552186 0.0186888 0.0901533 -0.0871092 -0.000239282
 0.0525679 0.0175152 0.0912867 -0.0882575 -0.000322152
 0.0508744 0.0168186 0.0940283 -0.0909325 -0.000233077
 0.0494605 0.0160601 0.0962608 -0.0932492 -0.000588506
 0.0465498 0.0147898 0.0963767 -0.0934742 -0.000995383
 0.0457896 0.0146499 0.09879 -0.0958217 -9.75417e-05
 0.0434179 0.013655 0.0997908 -0.0968433 -0.000384331
 0.0415541 0.0128013 0.0992325 -0.096475 -0.000683558
 0.039933 0.0123613 0.0993042 -0.0966208 3.15369e-05
 0.0377965 0.0113795 0.09714 -0.0945942 -0.00054234
 0.0364158 0.0111112 0.097335 -0.0948092 0.000253126
 0.0345751 0.0104106 0.0942683 -0.0918083 0.000125463
 0.0333142 0.00997675 0.093465 -0.0909425 0.000515264
 0.031093 0.0092695 0.0881017 -0.0857258 0.000579944
 0.0300534 0.00890633 0.0862658 -0.0839975 0.000641792
 0.0283544 0.00829209 0.0830382 -0.0808595 0.000443582
 0.0269769 0.00778577 0.0788002 -0.0767142 0.000452613
 0.0253707 0.00727311 0.0738322 -0.0717618 0.000535394
 0.0242621 0.00684935 0.0708643 -0.0688839 0.000379805
 0.0226201 0.00641883 0.0639002 -0.0619892 0.000713087
 0.0215806 0.00602192 0.0610498 -0.0593012 0.000522327
 0.0200549 0.00554464 0.0544389 -0.0528099 0.000560259
 0.0190966 0.00530115 0.0504985 -0.0489593 0.000685163
 0.0178688 0.00488739 0.0459927 -0.0445956 0.000606818
 0.0168037 0.00456788 0.0418277 -0.0405143 0.000638109
 0.015834 0.0042713 0.0378004 -0.036578 0.000650205
 0.0148832 0.0039876 0.0338922 -0.0327339 0.000661397
 0.0138603 0.00369261 0.0299689 -0.0289104 0.000641703
 0.0130471 0.00344275 0.0267266 -0.0257662 0.000618421
 0.0123317 0.00325382 0.0242107 -0.0233439 0.000692675
 0.0116023 0.00301099 0.0215522 -0.020731 0.000546681
 0.0108827 0.00282223 0.0187268 -0.0179978 0.000601563
 0.0100234 0.00257937 0.0162586 -0.0156328 0.000566458
 0.00959675 0.00244911 0.0146321 -0.0140551 0.000523664
 0.00890742 0.00224538 0.0126618 -0.0121479 0.000470645
 0.00822351 0.00207139 0.011043 -0.0105874 0.000478862
 0.00768369 0.0019145 0.00944992 -0.00905067 0.000435098
 0.007122 0.00176463 0.00821338 -0.00786835 0.000403788
 0.00664582 0.00163269 0.00702361 -0.00672211 0.00037214
 0.00613713 0.00149911 0.00611395 -0.00585644 0.000345332
 0.00571261 0.00139082 0.00525871 -0.00503462 0.000341266
 0.00520455 0.00125922 0.00437078 -0.00418422 0.000304465
 0.00484104 0.0011652 0.00389738 -0.00373446 0.000283959
 0.00452751 0.0010855 0.00334845 -0.00320843 0.000272472
 0.00409464 0.000971258 0.00277477 -0.00266712 0.000234433
 0.00372512 0.000880775 0.00238497 -0.00229838 0.000218007
 0.00336388 0.000789805 0.00203273 -0.00196331 0.000197821
 0.00307277 0.00071568 0.00168603 -0.00163136 0.000183911
 0.00278445 0.000643657 0.00143727 -0.00139733 0.000161958
 0.00256111 0.000587005 0.00125995 -0.00122955 0.000147973
 0.00229643 0.000522502 0.00105282 -0.00103183 0.000133877
 0.00203708 0.000459581 0.000863817 -0.000851417 0.000115735
 0.00183888 0.000411271 0.000746037 -0.000739371 0.000101953
 0.0016573 0.000367794 0.000649066 -0.000646853 9.14375e-05
 0.00147387 0.000323399 0.000529716 -0.00053165 7.72717e-05
 0.00129202 0.000281684 0.000449167 -0.000454307 6.7749e-05
 0.00116848 0.000252917 0.00038257 -0.000389367 6.18729e-05
 0.00101603 0.000217948 0.000317708 -0.000325793 5.25199e-05
 0.000918242 0.00019553 0.000278175 -0.000286624 4.76052e-05
 0.000800029 0.000169166 0.000232652 -0.000241809 4.1133e-05
 0.000704909 0.000147549 0.000196503 -0.000205724 3.46985e-05
 0.000616305 0.000128097 0.000166102 -0.000175251 3.06919e-05
 0 0 0 0 0
 0 0 0 0 0
 0 0 0 0 0
 0 0 0 0 0
 0 0 0 0 0
 0 0 0 0 0
 0 0 0 0 0
 0 0 0 0 0
 0 0 0 0 0
 0 0 0 0 0
 0 0 0 0 0
 0 0 0 0 0
 0 0 0 0 0
 0 0 0 0 0
 0 0 0 0 0
 0 0 0 0 0
 0 0 0 0 0
 0 0 0 0 0
 0 0 0 0 0
 0 0 0 0 0
 0 0 0 0 0
 0 0 0 0 0
 0 0 0 0 0
 0 0 0 0 0
 0 0 0 0 0
 0 0 0 0 0
 4.09329 2.90437 0.488146 -0.403353 2.06588
 2.55492 1.74162 0.463523 -0.391832 1.19098
 1.72249 1.12916 0.439041 -0.376821 0.741658
 1.22283 0.77134 0.417738 -0.363938 0.487076
 0.894358 0.542957 0.390999 -0.346198 0.328374
 0.683698 0.400262 0.369433 -0.331891 0.231679
 0.535732 0.30256 0.346953 -0.315585 0.168265
 0.433953 0.236297 0.331343 -0.304469 0.124172
 0.347286 0.182622 0.305394 -0.283698 0.0915183
 0.285627 0.14512 0.283847 -0.265673 0.0674673
 0.240183 0.118152 0.265231 -0.250733 0.0514082
 0.204389 0.09744 0.247688 -0.235737 0.0390676
 0.179472 0.083161 0.234678 -0.22479 0.0308047
 0.158557 0.0715182 0.220633 -0.212448 0.0241708
 0.139323 0.06124 0.20098 -0.194439 0.0179248
 0.124532 0.0533378 0.187558 -0.182251 0.0136811
 0.11371 0.0479 0.175211 -0.170605 0.0108984
 0.104765 0.0431901 0.162225 -0.158821 0.00805711
 0.0970083 0.0393392 0.151045 -0.148199 0.00600043
 0.0923733 0.037012 0.142568 -0.139867 0.00499202
 0.086045 0.0339183 0.130263 -0.127913 0.00292254
 0.0825303 0.0324287 0.123298 -0.120896 0.00275836
 0.0795558 0.031096 0.115438 -0.113209 0.00184437
 0.0758826 0.0294216 0.106751 -0.104592 0.00144416
 0.0740697 0.0286855 0.100984 -0.0989583 0.00167243
 0.0710716 0.0271038 0.0964333 -0.0937967 0.000557798
 0.0693316 0.0263653 0.0927883 -0.0902575 0.000806271
 0.0674623 0.0255985 0.0907 -0.087785 0.00114549
 0.0651672 0.0243631 0.0874642 -0.0847367 0.000658598
 0.0630719 0.0230952 0.0876675 -0.0842875 0.000147311
 0.0609321 0.0223574 0.0858008 -0.0831417 0.000770557
 0.0592806 0.0213687 0.0854183 -0.0822572 0.000443948
 0.0572023 0.0202633 0.0859675 -0.0830575 -2.49091e-05
 0.0552698 0.0191255 0.0871008 -0.0837875 -0.000955517
 0.0527344 0.0181882 0.0867075 -0.0835575 -0.000157328
 0.0510999 0.0175196 0.08772 -0.0846358 -0.000132198
 0.0490377 0.0165238 0.0889267 -0.085845 -0.000424418
 0.048094 0.0160865 0.0902992 -0.0871983 8.27958e-05
 0.0459142 0.0151144 0.0929175 -0.0896225 -0.000195601
 0.0437491 0.0142566 0.0916892 -0.0888375 -0.000125768
 0.0419044 0.0134728 0.0927742 -0.0900042 -8.83183e-06
 0.0406017 0.0128983 0.0938092 -0.0910233 -8.02988e-05
 0.0387251 0.0121444 0.0935117 -0.09093 -0.000108315
 0.0371376 0.0115799 0.0935333 -0.0908833 -8.66592e-05
 0.035139 0.0108541 0.0917 -0.089195 0.000101101
 0.0343575 0.0105882 0.0913125 -0.0888325 0.000260367
 0.0327763 0.0100419 0.0905892 -0.0880267 0.000344333
 0.0312221 0.00952508 0.086945 -0.0846358 0.000556121
 0.0298245 0.0090845 0.0840825 -0.081775 0.000780266
 0.0279676 0.0084205 0.0796538 -0.077396 0.000764636
 0.0266167 0.00796752 0.0764158 -0.0742911 0.000837633
 0.0250266 0.00741468 0.0715374 -0.0695383 0.000766348
 0.0236062 0.00690562 0.0674468 -0.0655663 0.000669293
 0.0225154 0.00654743 0.0636467 -0.0618349 0.000783912
 0.0211691 0.00609613 0.0600578 -0.0583316 0.000683165
 0.0200905 0.00580092 0.0562902 -0.054712 0.00082233
 0.0188688 0.00534107 0.0502896 -0.0487578 0.000657715
 0.0179424 0.00507698 0.0462279 -0.0447825 0.000792629
 0.0167966 0.00468238 0.0412627 -0.0399569 0.000655673
 0.0160641 0.00448677 0.0384613 -0.0372314 0.000761463
 0.014852 0.0040834 0.0338421 -0.0327371 0.000656952
 0.0139424 0.0038468 0.0306109 -0.029537 0.00075853
 0.0132463 0.00360157 0.0277316 -0.0268075 0.000669299
 0.0124156 0.00335357 0.0244809 -0.023587 0.000676068
 0.0116692 0.00313594 0.0221201 -0.0213367 0.000671359
 0.0110402 0.00293092 0.0193426 -0.0186226 0.000596247
 0.0103364 0.00272132 0.0169449 -0.016284 0.00057578
 0.00968117 0.00253107 0.0152763 -0.0147035 0.000521629
 0.00895658 0.00233096 0.0130635 -0.0125498 0.000517798
 0.00843942 0.00218123 0.0114502 -0.0110052 0.000500892
 0.00785309 0.00202101 0.0100068 -0.00960375 0.000479612
 0.00734134 0.00187603 0.00862317 -0.00826973 0.000455642
 0.00683947 0.00173371 0.00739675 -0.00709582 0.00041323
 0.00637571 0.00160405 0.00648587 -0.00622803 0.000376743
 0.00595818 0.00149338 0.00556464 -0.00534294 0.000369207
 0.00542965 0.00135107 0.00477736 -0.00458532 0.000326947
 0.00500735 0.00123928 0.00408535 -0.00392515 0.000305748
 0.00461657 0.00113649 0.00345351 -0.00332126 0.000285047
 0.00423737 0.00103529 0.00294757 -0.0028397 0.000254258
 0.00385353 0.000935058 0.00249763 -0.00241164 0.000235119
 0.00356574 0.000859275 0.00216337 -0.00209443 0.000214843
 0.00324164 0.000775867 0.00185081 -0.00179645 0.00019506
 0.00293558 0.000698527 0.00156123 -0.00152023 0.000178945
 0.00266733 0.000628484 0.00132833 -0.00129905 0.00015665
 0.00238289 0.000557986 0.0011095 -0.00108881 0.000143707
 0.0021323 0.000494379 0.000938483 -0.000926733 0.000121809
 0.00191063 0.000440175 0.000792265 -0.00078673 0.000110539
 0.00175648 0.000401113 0.00067941 -0.000679743 0.000100428
 0.00157126 0.000355971 0.000588633 -0.00059078 8.838e-05
 0.00138384 0.000310467 0.000487897 -0.000493548 7.50767e-05
 0.00123487 0.00027512 0.000411636 -0.000419834 6.77128e-05
 0.00110585 0.000244374 0.00035576 -0.000364411 5.99394e-05
 0.000983458 0.000215789 0.000300411 -0.000310292 5.3023e-05
 0.000863525 0.00018772 0.000251704 -0.000262308 4.51035e-05
 0.000757177 0.00016357 0.000214547 -0.00022508 3.9815e-05
 0 0 0 0 0
 0 0 0 0 0
 0 0 0 0 0
 0 0 0 0 0
 0 0 0 0 0
 0 0 0 0 0
 0 0 0 0 0
 0 0 0 0 0
 0 0 0 0 0
 0 0 0 0 0
 0 0 0 0 0
 0 0 0 0 0
 0 0 0 0 0
 0 0 0 0 0
 0 0 0 0 0
 0 0 0 0 0
 0 0 0 0 0
 0 0 0 0 0
 0 0 0 0 0
 0 0 0 0 0
 0 0 0 0 0
 0 0 0 0 0
 0 0 0 0 0
 0 0 0 0 0
 0 0 0 0 0
 0 0 0 0 0
 0 0 0 0 0
 5.63041 4.10989 0.598119 -0.498663 3.00566
 3.33068 2.33904 0.554403 -0.470006 1.64661
 2.22567 1.50517 0.528262 -0.455621 1.01983
 1.53591 1.00105 0.493148 -0.432221 0.653587
 1.13617 0.713921 0.471708 -0.419069 0.448487
 0.8525 0.516889 0.442382 -0.397884 0.31149
 0.66195 0.387769 0.417275 -0.379139 0.224723
 0.524215 0.296351 0.391387 -0.3601 0.163346
 0.419438 0.229327 0.366398 -0.33964 0.121204
 0.337252 0.178066 0.337118 -0.31539 0.0877983
 0.282944 0.144815 0.317921 -0.299617 0.068251
 0.242592 0.120567 0.301478 -0.286122 0.0537423
 0.198845 0.0957358 0.268439 -0.256396 0.0384119
 0.176731 0.0829088 0.256934 -0.24707 0.0317633
 0.152289 0.0694975 0.234496 -0.225806 0.0235546
 0.133972 0.0592692 0.216088 -0.208967 0.0169928
 0.120575 0.0524923 0.20017 -0.194492 0.0143556
 0.109489 0.0466272 0.186524 -0.181652 0.0109144
 0.100596 0.0419978 0.173656 -0.169009 0.00796352
 0.092255 0.0377773 0.159733 -0.155711 0.00601929
 0.0863075 0.0350543 0.147394 -0.14397 0.00543082
 0.0820612 0.0327948 0.137656 -0.134657 0.00345063
 0.0767883 0.0305211 0.124887 -0.122307 0.00281518
 0.0746403 0.0294809 0.117286 -0.114586 0.00238107
 0.0715639 0.0281097 0.108995 -0.106607 0.00180072
 0.0700634 0.0275028 0.104204 -0.101315 0.00221004
 0.067334 0.0262254 0.0981542 -0.0951792 0.00182007
 0.0648785 0.0248869 0.0948458 -0.0915267 0.00120257
 0.0627434 0.0239609 0.090225 -0.0870283 0.00138936
 0.0604777 0.0227286 0.0875275 -0.0842733 0.000779463
 0.0574247 0.0211546 0.0843867 -0.0815581 -1.78627e-05
 0.0565105 0.0209881 0.0848592 -0.0814867 0.00102253
 0.054516 0.0196295 0.0827427 -0.0794853 -0.000199871
 0.0529404 0.0190633 0.0841158 -0.0810209 0.000658049
 0.0505378 0.0179103 0.0832973 -0.0802338 0.000659518
 0.0495845 0.0173725 0.085515 -0.0822032 0.000163695
 0.0468457 0.0159998 0.0862625 -0.0828644 -0.000415736
 0.0452782 0.0153861 0.086135 -0.0831325 -5.63691e-05
 0.0434662 0.0145324 0.0882317 -0.0852075 -0.000268035
 0.0428296 0.0142735 0.0896458 -0.0867358 0.000117228
 0.0409469 0.0136981 0.090895 -0.0879783 0.000724266
 0.0386768 0.0127648 0.0872408 -0.0844292 0.000597997
 0.0376922 0.012276 0.0890108 -0.0864083 0.000382912
 0.0359798 0.0117173 0.0893692 -0.0865258 0.000684599
 0.0348443 0.0111197 0.08999 -0.0873167 0.000535851
 0.0330432 0.0103607 0.0890067 -0.0864775 0.000178944
 0.0322055 0.0101227 0.0876 -0.085125 0.000538153
 0.0301337 0.00939308 0.0829345 -0.0804871 0.000569789
 0.0283833 0.00877992 0.0805764 -0.0784478 0.000533058
 0.0274657 0.008495 0.0784861 -0.0762301 0.000925842
 0.026553 0.00813642 0.0766562 -0.0744292 0.000838733
 0.0250169 0.00762947 0.072094 -0.0700917 0.000991258
 0.0236134 0.00711731 0.0680358 -0.0660172 0.000810604
 0.0224171 0.00672624 0.0638461 -0.0620472 0.000906025
 0.0212638 0.00632538 0.0592512 -0.0575215 0.000839167
 0.0201139 0.00592418 0.0547861 -0.0531734 0.000845008
 0.0190005 0.00557752 0.0511897 -0.0497065 0.000889625
 0.0177889 0.0051423 0.0456688 -0.0442545 0.000775243
 0.017003 0.00491021 0.0424548 -0.0410693 0.000824982
 0.0158989 0.00456256 0.0383492 -0.0371225 0.000888083
 0.0152526 0.00433769 0.0351429 -0.0339306 0.000849325
 0.0141644 0.00399177 0.0315257 -0.0304724 0.000757359
 0.0132646 0.00370853 0.0280258 -0.0270684 0.000747727
 0.0125627 0.00349027 0.0252073 -0.0243372 0.000724481
 0.011856 0.00325152 0.0226258 -0.0218267 0.000652492
 0.0112283 0.00306052 0.0196499 -0.018959 0.000635221
 0.0104623 0.00283666 0.0177058 -0.0170619 0.000619506
 0.00977025 0.00263783 0.0153474 -0.0147743 0.000610357
 0.00927367 0.00248747 0.0136683 -0.0131363 0.000591784
 0.00869917 0.00231117 0.0120338 -0.0115751 0.000527141
 0.00812074 0.00214642 0.0104217 -0.0100164 0.000526703
 0.00747677 0.00196292 0.00908808 -0.00874533 0.000478886
 0.00700509 0.00182424 0.00799075 -0.0076898 0.000443632
 0.00646384 0.00166661 0.0066303 -0.0063735 0.000397009
 0.00605761 0.00154842 0.00583554 -0.00561398 0.000357587
 0.00563985 0.00144442 0.00498317 -0.00479387 0.000369624
 0.00512618 0.00130099 0.0041754 -0.00402472 0.000324916
 0.00476025 0.00120517 0.00362758 -0.00350115 0.00030588
 0.00441654 0.00110833 0.00312897 -0.00301973 0.000277603
 0.00398708 0.000992008 0.00260049 -0.00251874 0.000244428
 0.00367401 0.000909992 0.0022823 -0.0022155 0.000229879
 0.00339913 0.000836333 0.00193237 -0.00188023 0.000212873
 0.00304711 0.000742792 0.00163557 -0.0015937 0.00018713
 0.00277063 0.000670843 0.00137791 -0.00135254 0.000168442
 0.00250508 0.000601927 0.00118555 -0.00116707 0.000152067
 0.00226597 0.000540824 0.00100981 -0.000998492 0.000136723
 0.00205817 0.000487305 0.000867667 -0.000861342 0.000121613
 0.00183103 0.00042919 0.00072607 -0.000726245 0.000106522
 0.00164412 0.000383126 0.000617883 -0.000621706 9.74042e-05
 0.00146494 0.000337497 0.000525641 -0.000532109 7.97807e-05
 0.00133292 0.000305347 0.000453065 -0.000461618 7.45426e-05
 0.00116328 0.000264387 0.000376557 -0.000386392 6.4869e-05
 0.00104421 0.000235735 0.000324056 -0.000334663 5.87364e-05
 0.000915608 0.000204715 0.000269942 -0.000281143 4.98085e-05
 0 0 0 0 0
 0 0 0 0 0
 0 0 0 0 0
 0 0 0 0 0
 0 0 0 0 0
 0 0 0 0 0
 0 0 0 0 0
 0 0 0 0 0
 0 0 0 0 0
 0 0 0 0 0
 0 0 0 0 0
 0 0 0 0 0
 0 0 0 0 0
 0 0 0 0 0
 0 0 0 0 0
 0 0 0 0 0
 0 0 0 0 0
 0 0 0 0 0
 0 0 0 0 0
 0 0 0 0 0
 0 0 0 0 0
 0 0 0 0 0
 0 0 0 0 0
 0 0 0 0 0
 0 0 0 0 0
 0 0 0 0 0
 0 0 0 0 0
 0 0 0 0 0
 7.50817 5.61872 0.715595 -0.599688 4.21126
 4.46659 3.22076 0.67607 -0.577651 2.32681
 2.87967 2.00203 0.633847 -0.549839 1.39509
 1.97051 1.32218 0.592093 -0.520326 0.888508
 1.43777 0.931767 0.563988 -0.502824 0.604131
 1.0603 0.663784 0.526578 -0.474699 0.414768
 0.817926 0.495046 0.496934 -0.452512 0.297812
 0.636288 0.372598 0.463432 -0.426546 0.214987
 0.508633 0.288222 0.434567 -0.403451 0.159678
 0.407583 0.223548 0.40225 -0.375883 0.117514
 0.330983 0.175962 0.372123 -0.350393 0.0885525
 0.275377 0.142135 0.344921 -0.327084 0.0677728
 0.234262 0.117288 0.324532 -0.308944 0.0525641
 0.197627 0.0961667 0.297677 -0.285223 0.0403263
 0.170982 0.0810782 0.275975 -0.265579 0.0316086
 0.147362 0.0679308 0.251605 -0.242891 0.0236148
 0.129197 0.0582032 0.230582 -0.222864 0.0187049
 0.11504 0.0506827 0.211451 -0.205122 0.0144143
 0.105182 0.045446 0.197284 -0.191876 0.0115811
 0.0954108 0.0402859 0.181072 -0.176041 0.00828794
 0.0878867 0.036439 0.1656 -0.161374 0.00621547
 0.0823909 0.034301 0.15359 -0.149475 0.00681523
 0.0766781 0.0313519 0.139735 -0.136029 0.00445987
 0.0728797 0.0295382 0.129645 -0.12574 0.00391926
 0.0706138 0.0284398 0.121018 -0.11768 0.00325927
 0.0682479 0.0273553 0.112668 -0.109111 0.00312833
 0.0640597 0.0255142 0.103329 -0.099965 0.00258153
 0.0621324 0.0242024 0.0980975 -0.094755 0.00119702
 0.0604844 0.0237963 0.0938392 -0.0904817 0.00245676
 0.0572046 0.0220178 0.0895842 -0.0862258 0.00138706
 0.0559192 0.0211399 0.0858258 -0.0825713 0.000902542
 0.0540213 0.0201615 0.0854683 -0.0819481 0.000355926
 0.0529871 0.0196298 0.0838992 -0.0804251 0.000481997
 0.0501571 0.0183141 0.0820284 -0.0786707 0.000299773
 0.0486907 0.0173071 0.0815518 -0.0784672 -0.000539186
 0.0467806 0.0167233 0.0811764 -0.0778915 0.000402368
 0.0460561 0.0163496 0.0833467 -0.0800089 0.000546758
 0.0440097 0.0153363 0.0840208 -0.0807222 0.000264566
 0.0424898 0.0147025 0.0842675 -0.0811053 0.000450072
 0.0407477 0.0139433 0.0845642 -0.0815216 0.000328228
 0.039429 0.0132138 0.0862292 -0.0830558 0.000289249
 0.037417 0.0124031 0.08537 -0.0825938 0.000142573
 0.036625 0.0121777 0.08753 -0.0846208 0.000597587
 0.0350962 0.0115402 0.0865 -0.0836725 0.00053964
 0.0335419 0.0110344 0.0845517 -0.0819455 0.000855508
 0.03217 0.0104634 0.0833358 -0.0806876 0.000788692
 0.0308456 0.0099955 0.0824898 -0.0800384 0.000908375
 0.0300262 0.0095445 0.0824455 -0.0800093 0.00062543
 0.0281283 0.00879633 0.0784617 -0.0762152 0.000405554
 0.0270328 0.00860433 0.0769803 -0.0747829 0.00119712
 0.0259235 0.00817226 0.0737145 -0.0715718 0.00104034
 0.0243196 0.00758195 0.0695408 -0.0675243 0.00101276
 0.0233566 0.007246 0.0649013 -0.0630893 0.00104647
 0.0221327 0.00678203 0.0611277 -0.0593258 0.000910533
 0.0210933 0.00645238 0.05831 -0.0566523 0.00106483
 0.0199031 0.00603111 0.0540456 -0.0524704 0.0009573
 0.0187986 0.00563527 0.0498562 -0.0483216 0.000922242
 0.0180852 0.00545013 0.0473662 -0.0459225 0.00106573
 0.0168047 0.00499746 0.0422395 -0.0409173 0.000996492
 0.0161467 0.00474688 0.038879 -0.0376498 0.000891767
 0.0151772 0.00444414 0.0356912 -0.0345662 0.000881592
 0.0140725 0.00404998 0.0311351 -0.0301007 0.000757802
 0.0135235 0.00388291 0.0290539 -0.0280717 0.000811937
 0.012757 0.00363782 0.0255261 -0.0246109 0.000791043
 0.0120167 0.00339538 0.0230913 -0.0222993 0.00073488
 0.011232 0.00316931 0.0206607 -0.019951 0.000753204
 0.0105138 0.00294342 0.0176373 -0.0169883 0.000708423
 0.0098525 0.00274007 0.0158524 -0.0152787 0.000685273
 0.00932208 0.00256846 0.0140154 -0.0135048 0.000622242
 0.00877492 0.00239817 0.0123849 -0.0119289 0.000594418
 0.00820577 0.00222477 0.0106518 -0.0102618 0.000553268
 0.00764921 0.00205524 0.00924933 -0.00889733 0.000501168
 0.00722597 0.00193772 0.00819842 -0.00789482 0.000499652
 0.00672647 0.00178908 0.00704433 -0.00678417 0.000452859
 0.00618694 0.00163107 0.0060495 -0.00582937 0.000413213
 0.0056999 0.00149552 0.00516561 -0.00498061 0.000382434
 0.00528576 0.00137538 0.00442628 -0.00427162 0.000341554
 0.00500984 0.00130221 0.00390008 -0.00376421 0.000345132
 0.0045126 0.00116352 0.00324668 -0.00314239 0.000304434
 0.0041446 0.00106063 0.00279653 -0.00271049 0.000270615
 0.00381998 0.000968592 0.00239637 -0.00232834 0.000243941
 0.00349301 0.000880167 0.00205781 -0.00200513 0.000221387
 0.00319078 0.000799918 0.00175264 -0.00171283 0.000208415
 0.0028914 0.000718217 0.00147907 -0.00145082 0.00018259
 0.00263493 0.00065083 0.00127486 -0.00125788 0.000168676
 0.00241666 0.000592339 0.0011043 -0.0010933 0.000153446
 0.00215792 0.000525404 0.000924592 -0.000920592 0.000137091
 0.00192534 0.000463903 0.000782185 -0.000782535 0.000116778
 0.0017434 0.000416663 0.000664023 -0.000668841 0.000103325
 0.0015699 0.000372345 0.000570181 -0.000578042 9.27092e-05
 0.00138353 0.000325101 0.000476546 -0.000486872 7.94693e-05
 0.00124442 0.000290702 0.000407892 -0.000418957 7.29975e-05
 0.00110647 0.000256053 0.000346971 -0.000359212 6.20617e-05
 0 0 0 0 0
 0 0 0 0 0
 0 0 0 0 0
 0 0 0 0 0
 0 0 0 0 0
 0 0 0 0 0
 0 0 0 0 0
 0 0 0 0 0
 0 0 0 0 0
 0 0 0 0 0
 0 0 0 0 0
 0 0 0 0 0
 0 0 0 0 0
 0 0 0 0 0
 0 0 0 0 0
 0 0 0 0 0
 0 0 0 0 0
 0 0 0 0 0
 0 0 0 0 0
 0 0 0 0 0
 0 0 0 0 0
 0 0 0 0 0
 0 0 0 0 0
 0 0 0 0 0
 0 0 0 0 0
 0 0 0 0 0
 0 0 0 0 0
 0 0 0 0 0
 0 0 0 0 0
 9.67608 7.4021 0.829798 -0.701727 5.66969
 5.48708 4.04893 0.768259 -0.659335 2.99242
 3.56882 2.54289 0.73553 -0.640744 1.81528
 2.47262 1.70278 0.698698 -0.616686 1.17483
 1.75174 1.16652 0.653403 -0.58465 0.778056
 1.28596 0.828518 0.609917 -0.551287 0.534138
 0.980292 0.611348 0.572895 -0.523082 0.379589
 0.766343 0.462646 0.541933 -0.499038 0.276725
 0.600974 0.351683 0.501518 -0.466222 0.202544
 0.487763 0.276944 0.473466 -0.443294 0.153328
 0.387533 0.213366 0.431928 -0.406851 0.113497
 0.322788 0.172643 0.405037 -0.384239 0.0875325
 0.264953 0.137328 0.370244 -0.352923 0.0653322
 0.222283 0.112023 0.341593 -0.326646 0.0505085
 0.191405 0.093755 0.318475 -0.306081 0.0394167
 0.164763 0.0788086 0.293887 -0.283226 0.0309208
 0.143131 0.0668588 0.269005 -0.260202 0.0247793
 0.126375 0.057302 0.247848 -0.240147 0.0183218
 0.112179 0.0499685 0.225747 -0.218909 0.0148081
 0.100744 0.0442051 0.206918 -0.201092 0.0126664
 0.0917858 0.0393044 0.19042 -0.185466 0.00898158
 0.0850008 0.0361228 0.174327 -0.169493 0.00808985
 0.0769747 0.0322565 0.157292 -0.152911 0.00634573
 0.0741806 0.0307631 0.147064 -0.142594 0.00523047
 0.0700396 0.0287801 0.133795 -0.129854 0.00400627
 0.0663382 0.0271058 0.123178 -0.119408 0.00369534
 0.0638213 0.0256925 0.112928 -0.109324 0.00233975
 0.0615431 0.0247012 0.106692 -0.102998 0.00273544
 0.0579811 0.0228638 0.0992717 -0.09554 0.00184674
 0.0571622 0.0225304 0.0936808 -0.0901467 0.00209047
 0.0539532 0.0209018 0.0882317 -0.0843775 0.00130643
 0.0521213 0.0198766 0.08712 -0.0833692 0.00100584
 0.0502128 0.0189161 0.0838283 -0.0802309 0.000787289
 0.0483439 0.0179703 0.0819397 -0.0785073 0.000400462
 0.0474083 0.0174862 0.0818699 -0.0782272 0.000792212
 0.0446527 0.0163552 0.0789472 -0.0755748 0.000919942
 0.0437676 0.0158991 0.080832 -0.0772313 0.000871408
 0.0425259 0.0150659 0.0812631 -0.0778929 0.000511294
 0.0405362 0.0141846 0.0802717 -0.0770402 0.000230623
 0.0394527 0.0138492 0.0811667 -0.0780886 0.000913842
 0.0381796 0.0133357 0.0820939 -0.0789495 0.00101447
 0.0365493 0.0124478 0.0822643 -0.0791232 0.000467472
 0.0359385 0.012356 0.0838533 -0.0805485 0.0011157
 0.0338547 0.0114681 0.0838117 -0.0808497 0.00103302
 0.0328278 0.0109652 0.0813548 -0.0784988 0.000838008
 0.0312209 0.010348 0.0807813 -0.0782651 0.000931308
 0.0303475 0.0100539 0.0800292 -0.0775274 0.00110537
 0.028862 0.00944925 0.0779573 -0.0755834 0.00091235
 0.027808 0.00915142 0.0762647 -0.0739018 0.00127363
 0.0266856 0.00853592 0.0740713 -0.0718447 0.000743091
 0.0256217 0.00835375 0.0725768 -0.0703892 0.00134462
 0.0238527 0.00758518 0.0663603 -0.0644007 0.00101685
 0.0230431 0.00729205 0.0647913 -0.0627981 0.00105739
 0.0217476 0.00682198 0.0613874 -0.0596123 0.000999417
 0.0207793 0.00647008 0.0579079 -0.0561437 0.00103304
 0.0197702 0.00612398 0.0541562 -0.0525086 0.00101576
 0.018637 0.00577524 0.0493116 -0.047799 0.00113443
 0.0174431 0.00532888 0.0453569 -0.0439821 0.00091915
 0.0168132 0.00510987 0.0420692 -0.0407502 0.000996983
 0.0156753 0.0046995 0.0382595 -0.0370641 0.000869325
 0.015082 0.00451183 0.0351366 -0.034006 0.000903275
 0.0142803 0.00425395 0.0319078 -0.0308655 0.000943558
 0.0135013 0.00399743 0.0286197 -0.0276593 0.00090665
 0.0127662 0.00372445 0.0258763 -0.024984 0.000783689
 0.0119953 0.00349929 0.0230441 -0.0222457 0.000837108
 0.011303 0.00326791 0.0206863 -0.0199802 0.000789849
 0.0106328 0.00303827 0.0180495 -0.0174116 0.000717334
 0.0100716 0.00285403 0.0162089 -0.0156378 0.000670804
 0.00934158 0.00264357 0.0143407 -0.0138295 0.000669952
 0.00888267 0.00249596 0.0124637 -0.0120366 0.000642082
 0.00841142 0.00234058 0.0111398 -0.0107402 0.000589498
 0.00769974 0.00212602 0.00946275 -0.00911675 0.000546923
 0.0072687 0.00199182 0.00835242 -0.00805318 0.000507372
 0.0067824 0.0018444 0.00720603 -0.00695158 0.000471752
 0.00625827 0.00169337 0.00623613 -0.00601423 0.000439729
 0.00591525 0.00159317 0.00539803 -0.00520839 0.000426886
 0.00543157 0.00145139 0.00473964 -0.00457927 0.000377836
 0.00503718 0.00133693 0.00399596 -0.00386797 0.000344437
 0.00465306 0.00122717 0.00340043 -0.00329402 0.000315442
 0.0042198 0.00110462 0.00289601 -0.00281076 0.000283161
 0.00391702 0.00102162 0.00247666 -0.00241169 0.000271051
 0.00362719 0.000940608 0.00216191 -0.00210854 0.000252956
 0.00325688 0.000836042 0.00181379 -0.00178021 0.000215514
 0.00300261 0.000764725 0.00155678 -0.00153232 0.000196563
 0.00272984 0.000691038 0.00133005 -0.00131498 0.000179363
 0.0024454 0.00061474 0.00111887 -0.00111077 0.000158667
 0.00222987 0.000555645 0.00096335 -0.000960683 0.000141163
 0.00202168 0.000500702 0.000835817 -0.000837625 0.000129894
 0.00181314 0.000444665 0.000700522 -0.000706533 0.00011215
 0.00165317 0.000402318 0.000605098 -0.000613571 0.000101397
 0.00147256 0.000355383 0.000512284 -0.000523665 8.78875e-05
 0.00130372 0.000312293 0.000429538 -0.000442031 7.83588e-05
 0 0 0 0 0
 0 0 0 0 0
 0 0 0 0 0
 0 0 0 0 0
 0 0 0 0 0
 0 0 0 0 0
 0 0 0 0 0
 0 0 0 0 0
 0 0 0 0 0
 0 0 0 0 0
 0 0 0 0 0
 0 0 0 0 0
 0 0 0 0 0
 0 0 0 0 0
 0 0 0 0 0
 0 0 0 0 0
 0 0 0 0 0
 0 0 0 0 0
 0 0 0 0 0
 0 0 0 0 0
 0 0 0 0 0
 0 0 0 0 0
 0 0 0 0 0
 0 0 0 0 0
 0 0 0 0 0
 0 0 0 0 0
 0 0 0 0 0
 0 0 0 0 0
 0 0 0 0 0
 0 0 0 0 0
 11.8446 9.23775 0.924575 -0.786336 7.21175
 6.86508 5.17188 0.885967 -0.764554 3.90188
 4.33692 3.1587 0.835417 -0.730833 2.30493
 2.92018 2.05707 0.78489 -0.695487 1.45159
 2.06801 1.41063 0.735761 -0.659451 0.963383
 1.53238 1.0121 0.697485 -0.63158 0.668708
 1.13675 0.72781 0.644003 -0.589437 0.466118
 0.887733 0.551192 0.609381 -0.562714 0.340804
 0.697085 0.419757 0.56953 -0.530138 0.250704
 0.554402 0.323953 0.529575 -0.496166 0.186119
 0.460616 0.261419 0.504373 -0.475901 0.14481
 0.370621 0.204247 0.462982 -0.43908 0.108041
 0.308328 0.165142 0.430422 -0.410269 0.0831067
 0.254892 0.132782 0.394893 -0.378256 0.0637186
 0.212507 0.107871 0.358217 -0.343948 0.0493887
 0.184474 0.0911008 0.336733 -0.324869 0.0390838
 0.157265 0.0758352 0.307291 -0.296855 0.0305981
 0.140734 0.0658398 0.288885 -0.279519 0.0232159
 0.120442 0.055149 0.257757 -0.250353 0.0180823
 0.107094 0.0479813 0.234858 -0.227869 0.0140835
 0.0966875 0.0428292 0.214735 -0.208895 0.0120595
 0.087645 0.0378477 0.196549 -0.191188 0.00880192
 0.0803577 0.0341653 0.179801 -0.174732 0.00721712
 0.0745377 0.0314415 0.162924 -0.158379 0.00627607
 0.070151 0.029151 0.149391 -0.144933 0.00493137
 0.0663958 0.0277457 0.136242 -0.131728 0.00513261
 0.0633368 0.0261063 0.124942 -0.120501 0.00385379
 0.0601087 0.0246011 0.113822 -0.109634 0.00360849
 0.0562423 0.022716 0.105085 -0.100929 0.00266984
 0.0551508 0.0220464 0.100149 -0.09606 0.00229729
 0.0530963 0.0210033 0.0929483 -0.0887925 0.00174356
 0.0514194 0.0198787 0.0903283 -0.0863708 0.000995758
 0.0489247 0.0189376 0.0862633 -0.0822476 0.00170218
 0.0460481 0.0174848 0.081861 -0.0782912 0.000893983
 0.0448327 0.0167453 0.0806558 -0.0769021 0.000633792
 0.0433363 0.0162377 0.0784187 -0.0748599 0.00101326
 0.0421129 0.0155937 0.079099 -0.0756485 0.00120591
 0.0411448 0.0150209 0.0785624 -0.0750334 0.0008843
 0.0396327 0.0142976 0.0779778 -0.0745347 0.000799892
 0.0376793 0.0132427 0.0778966 -0.0746767 0.000303476
 0.0365483 0.0129821 0.0767991 -0.0736798 0.000984392
 0.0356963 0.0126703 0.0784921 -0.075312 0.00130682
 0.0337796 0.0118134 0.0799137 -0.0771138 0.00117918
 0.0332712 0.0113944 0.0790938 -0.0763069 0.000751065
 0.0318873 0.0109764 0.0788841 -0.0761817 0.00129953
 0.0303551 0.010318 0.07688 -0.0741852 0.00112914
 0.0298347 0.0100851 0.0772308 -0.0747667 0.00112893
 0.0283381 0.00955208 0.0770821 -0.0746137 0.00127774
 0.0268483 0.00889092 0.0724701 -0.0701346 0.000963842
 0.0259301 0.00861817 0.0717034 -0.0694934 0.00127003
 0.0245603 0.00803814 0.0683582 -0.0663873 0.00102587
 0.0236569 0.00777423 0.06682 -0.0648991 0.00134016
 0.0227579 0.00738416 0.0633103 -0.0613771 0.00119733
 0.0214858 0.00692507 0.0605687 -0.0587931 0.00117059
 0.0206743 0.00665117 0.056356 -0.0546449 0.00122081
 0.0196583 0.0062769 0.0534034 -0.0518026 0.00124436
 0.0186088 0.00588153 0.050285 -0.0487661 0.0011524
 0.0177048 0.00555822 0.0464823 -0.0450844 0.00115958
 0.0167302 0.00522617 0.0421558 -0.0408988 0.00107818
 0.015708 0.00485205 0.0377542 -0.0365849 0.00104289
 0.0150542 0.00463892 0.0350344 -0.0338804 0.00108335
 0.0142948 0.00437056 0.0320243 -0.0310094 0.00103552
 0.0134636 0.00405133 0.0288737 -0.0279256 0.000871575
 0.0127645 0.00383563 0.0263407 -0.0254792 0.000935875
 0.0120782 0.00359988 0.0232537 -0.0224595 0.000856958
 0.011421 0.00338102 0.0209897 -0.020265 0.000830303
 0.0106443 0.00312259 0.018438 -0.017787 0.000777208
 0.0101328 0.00295345 0.0162721 -0.015699 0.000754044
 0.0095315 0.00274646 0.0146679 -0.014141 0.000656829
 0.00893875 0.00256981 0.0128918 -0.0124387 0.000679998
 0.00838625 0.00239436 0.0111773 -0.0107944 0.000641447
 0.00797019 0.00226194 0.0098195 -0.00946625 0.000620118
 0.00738197 0.00208057 0.00864558 -0.0083485 0.000566616
 0.00701617 0.00195353 0.0076202 -0.00735984 0.000503442
 0.00645084 0.00179118 0.00645389 -0.00623547 0.000482623
 0.00596338 0.00164082 0.00566771 -0.00548186 0.000428887
 0.00551659 0.00150773 0.00476857 -0.00461673 0.000396017
 0.00513579 0.0013975 0.00416314 -0.00403581 0.000374155
 0.00469207 0.00126768 0.00351196 -0.00341011 0.000335223
 0.00437829 0.00117644 0.00303873 -0.00295584 0.00031325
 0.00400786 0.00106884 0.00257923 -0.0025137 0.000283963
 0.00365223 0.000966367 0.00219556 -0.00214992 0.000248676
 0.00338487 0.000890417 0.00195183 -0.0019139 0.000234768
 0.00312155 0.000815127 0.00163912 -0.00161274 0.000215006
 0.00281258 0.000729183 0.00140043 -0.00138427 0.000190717
 0.00252728 0.000649908 0.00117391 -0.00116655 0.000169464
 0.00235998 0.000602058 0.00103773 -0.00103607 0.000155505
 0.002081 0.000526841 0.00087185 -0.000874575 0.000136496
 0.00189231 0.000476002 0.000739136 -0.000747559 0.000123371
 0.00174713 0.000436148 0.000656067 -0.000666425 0.000112534
 0.00155258 0.000384162 0.000551462 -0.000563748 9.697e-05
 0 0 0 0 0
 0 0 0 0 0
 0 0 0 0 0
 0 0 0 0 0
 0 0 0 0 0
 0 0 0 0 0
 0 0 0 0 0
 0 0 0 0 0
 0 0 0 0 0
 0 0 0 0 0
 0 0 0 0 0
 0 0 0 0 0
 0 0 0 0 0
 0 0 0 0 0
 0 0 0 0 0
 0 0 0 0 0
 0 0 0 0 0
 0 0 0 0 0
 0 0 0 0 0
 0 0 0 0 0
 0 0 0 0 0
 0 0 0 0 0
 0 0 0 0 0
 0 0 0 0 0
 0 0 0 0 0
 0 0 0 0 0
 0 0 0 0 0
 0 0 0 0 0
 0 0 0 0 0
 0 0 0 0 0
 0 0 0 0 0
 14.3641 11.3974 1.02642 -0.876517 9.05075
 7.99956 6.13786 0.962992 -0.833683 4.71498
 5.10402 3.7901 0.924183 -0.811827 2.81918
 3.46354 2.49097 0.8786 -0.781638 1.79501
 2.44382 1.70313 0.829623 -0.746396 1.18951
 1.79862 1.21549 0.785408 -0.713752 0.822896
 1.34752 0.88295 0.737408 -0.675908 0.578533
 1.03306 0.657224 0.686572 -0.634631 0.416732
 0.822952 0.508849 0.653258 -0.6087 0.313626
 0.652852 0.39197 0.609344 -0.571605 0.232841
 0.512725 0.29919 0.554568 -0.523308 0.171671
 0.431108 0.245003 0.530562 -0.503694 0.136456
 0.346587 0.191316 0.483392 -0.461227 0.101493
 0.284531 0.152839 0.440097 -0.421401 0.077161
 0.248274 0.129985 0.423422 -0.40689 0.0634611
 0.20509 0.1045 0.38025 -0.366583 0.0477747
 0.174499 0.0870542 0.349202 -0.33759 0.0386957
 0.152093 0.0736574 0.324074 -0.314053 0.0299922
 0.132643 0.0630021 0.295405 -0.286407 0.024322
 0.115349 0.053576 0.266904 -0.259216 0.0189084
 0.103665 0.0470923 0.248193 -0.241681 0.0152839
 0.0917283 0.0407504 0.220492 -0.21426 0.0113057
 0.0833508 0.0363411 0.202847 -0.197389 0.00901308
 0.0764838 0.0327772 0.184239 -0.178893 0.00697162
 0.0710129 0.030479 0.166364 -0.161433 0.00675607
 0.0672596 0.0282343 0.153937 -0.149342 0.00492219
 0.0628624 0.0260695 0.140391 -0.135797 0.00396978
 0.0597042 0.024675 0.126991 -0.122759 0.0037114
 0.0555566 0.0227143 0.115432 -0.111404 0.0028397
 0.053503 0.0217658 0.107182 -0.102937 0.00274474
 0.0514868 0.020893 0.0989067 -0.0947442 0.00261405
 0.0494258 0.0194589 0.0949908 -0.09082 0.00141957
 0.0467523 0.0184891 0.0874333 -0.0836917 0.00205387
 0.0457968 0.0179841 0.0847108 -0.0806815 0.00203303
 0.0445253 0.0171586 0.0824939 -0.0783931 0.00155187
 0.0423996 0.0162332 0.0798931 -0.0759611 0.00158978
 0.0407791 0.015259 0.077532 -0.0738206 0.00101104
 0.0396753 0.0146491 0.0759407 -0.0723191 0.000849808
 0.0379461 0.0139168 0.0770593 -0.0735372 0.00114312
 0.0367979 0.0134127 0.0768288 -0.073567 0.00106721
 0.0353059 0.0127356 0.0745373 -0.0712934 0.000989808
 0.0342804 0.0124039 0.0758156 -0.0725412 0.00146502
 0.0330774 0.0117203 0.0753903 -0.0724724 0.000937542
 0.0319625 0.0111968 0.0752112 -0.0722986 0.000958517
 0.0308057 0.0107385 0.0761798 -0.0734418 0.00108601
 0.0301726 0.0104654 0.0759221 -0.0734309 0.00115774
 0.028674 0.00985333 0.0733064 -0.0707411 0.00108181
 0.0277874 0.00957775 0.07269 -0.070258 0.00131434
 0.0261391 0.00893967 0.0704558 -0.0680829 0.00136242
 0.0253127 0.00863958 0.0696839 -0.067521 0.00150384
 0.0242237 0.00810153 0.0663098 -0.0642108 0.00114932
 0.0232765 0.0078044 0.0646658 -0.0627 0.0013492
 0.0220368 0.00724324 0.0610331 -0.0591596 0.000995883
 0.0211645 0.00697933 0.0583847 -0.0566633 0.00128836
 0.0204164 0.00668912 0.0556928 -0.0539957 0.00129767
 0.01944 0.00633838 0.0534434 -0.0518173 0.00124986
 0.0184026 0.00597312 0.0488868 -0.0474197 0.00123871
 0.0173302 0.00553223 0.0454838 -0.0440502 0.00109677
 0.0167925 0.00536765 0.0425248 -0.0411718 0.00119024
 0.0157016 0.00496027 0.0375229 -0.0363298 0.00109496
 0.0149122 0.00468785 0.0354618 -0.034352 0.00108487
 0.0140772 0.00438573 0.0320845 -0.0310423 0.00101787
 0.0133876 0.00414695 0.028701 -0.0277328 0.000985875
 0.0127007 0.00390908 0.026178 -0.0253373 0.000985542
 0.0120287 0.00366571 0.0229743 -0.0221899 0.000902458
 0.011403 0.00345798 0.021151 -0.0204418 0.000891725
 0.0109169 0.00329869 0.0190596 -0.0183839 0.000882967
 0.0101908 0.00303771 0.0169038 -0.0163399 0.000778112
 0.00968567 0.00288028 0.0149409 -0.0144383 0.000785371
 0.00908925 0.00267406 0.0130163 -0.0125808 0.000718045
 0.00849392 0.00248143 0.0114139 -0.0110286 0.000667748
 0.0080327 0.00233042 0.0102969 -0.00995333 0.000630158
 0.00758619 0.00218868 0.00887458 -0.0085755 0.000601412
 0.00707204 0.00202232 0.00786052 -0.00759802 0.000539542
 0.00654257 0.00185593 0.00657555 -0.00636111 0.000509058
 0.00615635 0.00173074 0.00586358 -0.00567301 0.00045904
 0.00567829 0.00159506 0.00504768 -0.00489272 0.000443022
 0.00527799 0.0014746 0.00439543 -0.00426464 0.000418565
 0.00486912 0.00134638 0.00374726 -0.00364189 0.000364454
 0.00446485 0.00122671 0.00314274 -0.00306248 0.000333949
 0.00408309 0.00111449 0.00267885 -0.00261511 0.000300816
 0.00380438 0.00103314 0.00234028 -0.00229248 0.000282776
 0.00354853 0.00095685 0.00204367 -0.00200787 0.000260408
 0.00320291 0.000854592 0.00169891 -0.00167568 0.000224129
 0.00288563 0.000764337 0.00143726 -0.00142452 0.000200493
 0.0026789 0.000705971 0.00127418 -0.00126612 0.000187341
 0.00242683 0.00063452 0.00107363 -0.00107192 0.000167883
 0.00225844 0.000585092 0.000946442 -0.000949867 0.000151026
 0.00197927 0.000509023 0.000784602 -0.000793752 0.000131957
 0.00181657 0.000463778 0.000691223 -0.000701382 0.000119735
 0 0 0 0 0
 0 0 0 0 0
 0 0 0 0 0
 0 0 0 0 0
 0 0 0 0 0
 0 0 0 0 0
 0 0 0 0 0
 0 0 0 0 0
 0 0 0 0 0
 0 0 0 0 0
 0 0 0 0 0
 0 0 0 0 0
 0 0 0 0 0
 0 0 0 0 0
 0 0 0 0 0
 0 0 0 0 0
 0 0 0 0 0
 0 0 0 0 0
 0 0 0 0 0
 0 0 0 0 0
 0 0 0 0 0
 0 0 0 0 0
 0 0 0 0 0
 0 0 0 0 0
 0 0 0 0 0
 0 0 0 0 0
 0 0 0 0 0
 0 0 0 0 0
 0 0 0 0 0
 0 0 0 0 0
 0 0 0 0 0
 0 0 0 0 0
 16.4122 13.2243 1.07704 -0.923808 10.6632
 9.17033 7.15237 1.03133 -0.897408 5.58517
 5.74108 4.33696 0.9824 -0.866208 3.28147
 3.82989 2.80436 0.931425 -0.830851 2.05683
 2.71097 1.92565 0.885642 -0.798429 1.36993
 2.01683 1.39071 0.850658 -0.774617 0.96095
 1.54015 1.03139 0.812215 -0.747018 0.691162
 1.17008 0.761454 0.753451 -0.698055 0.495384
 0.941942 0.595869 0.727395 -0.678687 0.375832
 0.734867 0.452255 0.668973 -0.628382 0.276543
 0.578692 0.346219 0.61853 -0.584146 0.204864
 0.476945 0.277541 0.582018 -0.552599 0.158036
 0.402907 0.228571 0.553963 -0.52871 0.126062
 0.319219 0.17591 0.494638 -0.474195 0.0922675
 0.271062 0.145768 0.462899 -0.444997 0.0734562
 0.226464 0.118753 0.425669 -0.410961 0.0573599
 0.196185 0.100857 0.398114 -0.384999 0.0480523
 0.165623 0.0824333 0.361163 -0.349898 0.0349585
 0.14548 0.0710852 0.335846 -0.326051 0.0294162
 0.126007 0.0601373 0.305028 -0.296558 0.0230503
 0.110609 0.0514742 0.27642 -0.268638 0.0180909
 0.0988383 0.0450959 0.253551 -0.246497 0.0144526
 0.087845 0.0392948 0.228136 -0.222131 0.0112453
 0.0784511 0.0344541 0.203388 -0.197907 0.00883842
 0.0725479 0.0312839 0.185669 -0.180153 0.0066318
 0.0683823 0.0294851 0.173101 -0.167681 0.00691247
 0.0628936 0.0265532 0.153937 -0.149117 0.00478327
 0.0593243 0.0251267 0.139499 -0.134752 0.0047823
 0.0567025 0.0237783 0.12819 -0.123586 0.00411693
 0.0535882 0.0223087 0.117467 -0.112758 0.00386805
 0.0504033 0.0208004 0.106387 -0.101988 0.00329885
 0.0485989 0.0199465 0.100013 -0.095495 0.00340537
 0.0460062 0.0183918 0.0926433 -0.0883233 0.00212273
 0.0437547 0.0173051 0.0874567 -0.0833967 0.00192688
 0.0428473 0.0168342 0.0829839 -0.0787771 0.00180227
 0.0406412 0.0154712 0.0804212 -0.0766489 0.000672573
 0.0397926 0.0150913 0.0779567 -0.074092 0.00114313
 0.0378883 0.0142789 0.076623 -0.0730317 0.00106579
 0.0367604 0.013775 0.074119 -0.0704288 0.00115828
 0.0352559 0.0131861 0.0731042 -0.0697747 0.00139805
 0.034691 0.0127512 0.0745299 -0.0710847 0.00104978
 0.0331393 0.0121002 0.0734278 -0.0703353 0.00139452
 0.032315 0.0117652 0.0732092 -0.0702089 0.00125997
 0.03087 0.0111855 0.0725298 -0.0695785 0.00156477
 0.0303721 0.0107824 0.0737169 -0.0708245 0.00112772
 0.0290268 0.0103564 0.0727642 -0.0700454 0.00147238
 0.0278978 0.009867 0.0706045 -0.0682008 0.0015687
 0.0270216 0.00946425 0.0704302 -0.0680628 0.00138318
 0.0258778 0.00903017 0.0698903 -0.0675927 0.00142629
 0.0246887 0.00851733 0.0658796 -0.0636402 0.00138504
 0.0236804 0.00818653 0.0655343 -0.0634317 0.00151182
 0.0229539 0.00790342 0.0636018 -0.0615487 0.00154221
 0.0219709 0.00740042 0.0600727 -0.0581577 0.00125033
 0.0208442 0.00708068 0.0573444 -0.0555923 0.00153702
 0.0199371 0.00672281 0.0547827 -0.0531584 0.00145002
 0.0194457 0.00647056 0.052632 -0.0509993 0.00137167
 0.0180989 0.00598222 0.0481267 -0.0466489 0.00129892
 0.0172838 0.0057114 0.0444166 -0.0430083 0.00137303
 0.0163219 0.00532267 0.0410418 -0.0397689 0.00122289
 0.0157525 0.00510338 0.0383332 -0.0371037 0.00121299
 0.0147762 0.00474382 0.0350812 -0.0339768 0.00113158
 0.0141694 0.00454126 0.0320212 -0.0309867 0.00116849
 0.0133989 0.00426872 0.029452 -0.0285074 0.00110867
 0.0128558 0.00404993 0.0263664 -0.0255003 0.00103562
 0.0121229 0.00379083 0.0240918 -0.0233342 0.000983542
 0.0114323 0.0035438 0.0215498 -0.0208391 0.000929667
 0.0107894 0.00332734 0.0191872 -0.0185487 0.000903892
 0.0102336 0.00312825 0.0172758 -0.0167169 0.000833575
 0.00958633 0.00290114 0.0151656 -0.0146547 0.000773424
 0.00913325 0.00274805 0.0133704 -0.0129298 0.000748102
 0.00850483 0.00254095 0.011802 -0.0113962 0.000700065
 0.00806731 0.00238537 0.0103883 -0.0100453 0.000632813
 0.00761206 0.00224414 0.00923633 -0.00893958 0.000626124
 0.00706148 0.00206209 0.0078538 -0.00759733 0.000566546
 0.00663217 0.00192682 0.00679787 -0.00658425 0.000537282
 0.00624147 0.00180107 0.0059469 -0.00576483 0.000504406
 0.00576925 0.00164975 0.0051551 -0.0050065 0.00044825
 0.00537783 0.00153145 0.00450143 -0.00437582 0.000429982
 0.00495659 0.00140351 0.00383792 -0.00374085 0.000392265
 0.00461582 0.00130107 0.00327881 -0.00320111 0.000373421
 0.0042422 0.00118018 0.00285059 -0.00278501 0.000316719
 0.00388998 0.00107854 0.00243968 -0.00239161 0.000296278
 0.00357781 0.000984442 0.00210138 -0.00206502 0.000266144
 0.00333959 0.000912558 0.00182258 -0.00179727 0.000247072
 0.00303669 0.000824433 0.00154514 -0.00153198 0.000224193
 0.00282026 0.00076185 0.00134707 -0.00134121 0.000210417
 0.00251106 0.000669693 0.00113686 -0.00113679 0.000175264
 0.00229795 0.000609955 0.00098465 -0.0009903 0.000162067
 0.00204662 0.000538178 0.000825223 -0.000835042 0.000140042
 0 0 0 0 0
 0 0 0 0 0
 0 0 0 0 0
 0 0 0 0 0
 0 0 0 0 0
 0 0 0 0 0
 0 0 0 0 0
 0 0 0 0 0
 0 0 0 0 0
 0 0 0 0 0
 0 0 0 0 0
 0 0 0 0 0
 0 0 0 0 0
 0 0 0 0 0
 0 0 0 0 0
 0 0 0 0 0
 0 0 0 0 0
 0 0 0 0 0
 0 0 0 0 0
 0 0 0 0 0
 0 0 0 0 0
 0 0 0 0 0
 0 0 0 0 0
 0 0 0 0 0
 0 0 0 0 0
 0 0 0 0 0
 0 0 0 0 0
 0 0 0 0 0
 0 0 0 0 0
 0 0 0 0 0
 0 0 0 0 0
 0 0 0 0 0
 0 0 0 0 0
 18.0854 14.7763 1.09776 -0.945883 12.0807
 10.2071 8.07971 1.07388 -0.938425 6.40174
 6.38381 4.89951 1.03738 -0.917308 3.76601
 4.24509 3.16081 0.990167 -0.886842 2.35783
 3.02789 2.18894 0.950125 -0.859625 1.58581
 2.22658 1.56383 0.906808 -0.828052 1.10081
 1.6611 1.13369 0.853158 -0.78582 0.775169
 1.28257 0.85135 0.808071 -0.749702 0.565327
 1.00128 0.646465 0.760222 -0.710593 0.416678
 0.797081 0.501047 0.717856 -0.675924 0.314415
 0.640355 0.391937 0.668667 -0.632575 0.238293
 0.52624 0.313713 0.632377 -0.601338 0.184425
 0.432965 0.251266 0.590748 -0.564466 0.142005
 0.35565 0.201328 0.546932 -0.524134 0.110729
 0.297594 0.164219 0.508624 -0.489168 0.0866208
 0.251012 0.135457 0.472104 -0.455777 0.0695516
 0.211777 0.11134 0.433449 -0.419172 0.0543301
 0.183827 0.0941733 0.405431 -0.392635 0.0429747
 0.154518 0.0772983 0.365161 -0.354569 0.0334539
 0.136444 0.0670882 0.338283 -0.328793 0.0284781
 0.118113 0.0566582 0.307027 -0.298753 0.0220435
 0.105234 0.0494692 0.282843 -0.275372 0.0178526
 0.0929108 0.0424752 0.255107 -0.248291 0.0134107
 0.0831648 0.0377192 0.231529 -0.225198 0.0118218
 0.0760681 0.0338111 0.211983 -0.20613 0.00931908
 0.0703282 0.0310194 0.190937 -0.185173 0.00822899
 0.064149 0.0279006 0.169945 -0.164777 0.00669815
 0.0600174 0.0257986 0.154898 -0.150182 0.00557685
 0.0561203 0.0235935 0.13997 -0.135338 0.00372648
 0.052178 0.0219329 0.126097 -0.121338 0.00398257
 0.0494874 0.0205122 0.114817 -0.110517 0.00294971
 0.0472177 0.0194463 0.105521 -0.101219 0.00298758
 0.0446482 0.0180977 0.0962983 -0.0920225 0.00215741
 0.0429852 0.0173914 0.0904742 -0.0862808 0.00246631
 0.0420666 0.0167946 0.0862683 -0.0823085 0.00216087
 0.0400929 0.0157989 0.0821083 -0.0783614 0.0017026
 0.0380836 0.0147759 0.0785578 -0.0747126 0.00152976
 0.0365814 0.0141367 0.0747639 -0.0711382 0.00157079
 0.0359347 0.0137144 0.0742751 -0.0706464 0.00134661
 0.0347501 0.0132659 0.0731148 -0.0694823 0.00172455
 0.0334079 0.0125833 0.0718947 -0.0685211 0.00159091
 0.0323328 0.0120678 0.0715069 -0.0682668 0.00142769
 0.0310562 0.0115733 0.0709364 -0.0676521 0.00163838
 0.0303842 0.0110418 0.0698455 -0.0668889 0.00119338
 0.0292301 0.0106762 0.0709163 -0.0678775 0.0015559
 0.0282125 0.0103252 0.0707276 -0.0680569 0.0018568
 0.0270388 0.00969542 0.0681012 -0.0655645 0.00140601
 0.0260478 0.00936442 0.0682974 -0.0658669 0.00159178
 0.0251239 0.00892492 0.0668912 -0.0645333 0.00155196
 0.0242878 0.00848458 0.0651333 -0.0628523 0.00129934
 0.0233972 0.00826716 0.0646903 -0.0625698 0.00163011
 0.0224636 0.00784282 0.0622667 -0.0603165 0.00152733
 0.0214688 0.00749475 0.0585295 -0.0566828 0.00163761
 0.0204408 0.00698335 0.0564364 -0.0546904 0.00130747
 0.0197973 0.00678693 0.0535939 -0.0519331 0.00149772
 0.0188102 0.00639629 0.0514892 -0.0499652 0.00141182
 0.0179737 0.00603671 0.04742 -0.045869 0.001293
 0.0172647 0.00583021 0.0447656 -0.0433667 0.00144001
 0.0162427 0.00542227 0.0414367 -0.0401449 0.00131874
 0.0156371 0.00519157 0.0384516 -0.0372313 0.00131712
 0.0146758 0.00482491 0.0349591 -0.0338582 0.00120611
 0.0141673 0.00466048 0.032367 -0.0313042 0.00130217
 0.0131924 0.00426929 0.0293404 -0.0284021 0.001085
 0.0125429 0.00404937 0.0261577 -0.0253061 0.00112024
 0.0119646 0.00382447 0.0239825 -0.0232416 0.00103435
 0.0114135 0.00362414 0.0214213 -0.0207388 0.00100347
 0.0107325 0.00337625 0.0192077 -0.0185752 0.000931833
 0.0102753 0.00320763 0.0170931 -0.0165289 0.000880575
 0.00964742 0.00298224 0.0153096 -0.0148032 0.000797095
 0.00917833 0.00283214 0.01356 -0.0131193 0.000820237
 0.00858758 0.00263191 0.0118079 -0.0114132 0.00076493
 0.00809638 0.00246095 0.0106581 -0.0103073 0.000706217
 0.00763351 0.00229731 0.009347 -0.00904783 0.000649542
 0.00719023 0.00214727 0.00822017 -0.00796305 0.000607899
 0.00672035 0.00199335 0.00703819 -0.00682913 0.000567836
 0.00619199 0.00182698 0.00608552 -0.00590864 0.000527654
 0.00584478 0.00171143 0.00528079 -0.00513077 0.000479283
 0.00545338 0.00158673 0.00461436 -0.00449205 0.000449867
 0.00512091 0.00147619 0.00404694 -0.00394326 0.000409437
 0.00470477 0.00135037 0.00343648 -0.0033552 0.000381992
 0.00435885 0.00124223 0.00292025 -0.00286043 0.000347552
 0.00404516 0.00114929 0.00259737 -0.00255026 0.000328533
 0.00371903 0.00104637 0.00221715 -0.00218354 0.000289705
 0.00338747 0.000944425 0.00186027 -0.00184052 0.000255294
 0.00312014 0.00086495 0.00162927 -0.00161682 0.000237324
 0.00284673 0.000784146 0.00137582 -0.00137097 0.000215947
 0.00259485 0.000707529 0.00117784 -0.00117921 0.000189274
 0.00235737 0.000637726 0.00103287 -0.00103862 0.000167336
 0 0 0 0 0
 0 0 0 0 0
 0 0 0 0 0
 0 0 0 0 0
 0 0 0 0 0
 0 0 0 0 0
 0 0 0 0 0
 0 0 0 0 0
 0 0 0 0 0
 0 0 0 0 0
 0 0 0 0 0
 0 0 0 0 0
 0 0 0 0 0
 0 0 0 0 0
 0 0 0 0 0
 0 0 0 0 0
 0 0 0 0 0
 0 0 0 0 0
 0 0 0 0 0
 0 0 0 0 0
 0 0 0 0 0
 0 0 0 0 0
 0 0 0 0 0
 0 0 0 0 0
 0 0 0 0 0
 0 0 0 0 0
 0 0 0 0 0
 0 0 0 0 0
 0 0 0 0 0
 0 0 0 0 0
 0 0 0 0 0
 0 0 0 0 0
 0 0 0 0 0
 0 0 0 0 0
 20.2916 16.7878 1.14323 -0.987792 13.897
 10.877 8.72592 1.0885 -0.953617 7.00751
 6.82892 5.31573 1.05775 -0.93865 4.14332
 4.52229 3.41788 1.01048 -0.906258 2.58757
 3.23542 2.37587 0.983583 -0.890858 1.74767
 2.36963 1.69173 0.940142 -0.859575 1.21036
 1.78438 1.23913 0.890417 -0.821627 0.86155
 1.39839 0.945025 0.860842 -0.799865 0.639328
 1.09327 0.719614 0.81129 -0.760054 0.473658
 0.863067 0.552929 0.759962 -0.715872 0.353213
 0.691633 0.432042 0.712828 -0.67478 0.267936
 0.569964 0.347125 0.678076 -0.645267 0.209486
 0.474035 0.281397 0.641783 -0.614146 0.164628
 0.38689 0.223903 0.592103 -0.568281 0.126419
 0.327624 0.185139 0.557892 -0.537482 0.101642
 0.270584 0.14937 0.511302 -0.493986 0.0793067
 0.227642 0.122467 0.46967 -0.454812 0.0619264
 0.196778 0.103555 0.438738 -0.425443 0.0504363
 0.169034 0.0866983 0.404604 -0.392947 0.0397243
 0.145061 0.0725119 0.367991 -0.357867 0.0309517
 0.127769 0.0627207 0.341362 -0.332263 0.025676
 0.112388 0.054208 0.311843 -0.303736 0.0213734
 0.0988658 0.0467268 0.284768 -0.277359 0.017249
 0.087085 0.0400964 0.254601 -0.248238 0.0128909
 0.0790793 0.035944 0.233262 -0.227225 0.011051
 0.0716138 0.0322352 0.209252 -0.203327 0.00965433
 0.0653961 0.0291958 0.188663 -0.183342 0.00847525
 0.0605859 0.0264562 0.170062 -0.164832 0.00623266
 0.0564976 0.0242467 0.153556 -0.148661 0.00485911
 0.0525218 0.022408 0.137524 -0.132787 0.00444192
 0.0495983 0.0209848 0.124968 -0.12038 0.00396745
 0.0472721 0.0197065 0.114914 -0.110212 0.00314681
 0.0444646 0.0183093 0.106187 -0.101773 0.00273803
 0.0422903 0.0175214 0.096455 -0.0919842 0.00314545
 0.0406373 0.0166829 0.089925 -0.0857942 0.0029971
 0.0389891 0.0155169 0.0862033 -0.0822128 0.00169042
 0.0380838 0.0152898 0.0813647 -0.0771549 0.00239763
 0.0358971 0.0140908 0.0770892 -0.0733219 0.00182169
 0.0348511 0.0136332 0.0741339 -0.0705354 0.00188244
 0.0334638 0.0130387 0.0709871 -0.0676827 0.00212265
 0.0320291 0.0121708 0.0706316 -0.0672688 0.00144637
 0.0310168 0.0116422 0.0691003 -0.0659762 0.00126281
 0.0300203 0.0113977 0.0679547 -0.0648702 0.00182459
 0.0294229 0.0110226 0.0688924 -0.0659738 0.00163037
 0.0280417 0.0103153 0.0668436 -0.0639887 0.00138695
 0.0271498 0.0100163 0.0658027 -0.063251 0.00167094
 0.0263227 0.00956325 0.0657478 -0.0633225 0.00141744
 0.0250602 0.00912467 0.0639935 -0.0616442 0.00165294
 0.0246846 0.00897525 0.0638562 -0.061497 0.00174273
 0.0234502 0.00857525 0.0632782 -0.0611205 0.00193412
 0.0228288 0.00822593 0.0610174 -0.0589295 0.00182362
 0.0218468 0.00777732 0.0586039 -0.0565487 0.00167051
 0.0210397 0.0074874 0.05778 -0.0559119 0.00170847
 0.0200872 0.00702992 0.0538063 -0.0520195 0.00148751
 0.0195281 0.00682143 0.0526428 -0.0509519 0.00153718
 0.0184559 0.00641656 0.049087 -0.0475339 0.00153513
 0.0178506 0.00615381 0.0467926 -0.0452742 0.0014707
 0.0169712 0.00584664 0.0429468 -0.0415868 0.00151357
 0.0162151 0.00551765 0.0409208 -0.0396477 0.00142564
 0.0154078 0.00523885 0.0375337 -0.0363089 0.00142219
 0.014623 0.00491104 0.03522 -0.0341068 0.001257
 0.0139773 0.00465547 0.0326113 -0.031614 0.00120511
 0.0133045 0.00441113 0.0285672 -0.0276431 0.00120877
 0.0126852 0.00420552 0.0266272 -0.025797 0.00122889
 0.0120886 0.00394517 0.0244125 -0.0236322 0.00107178
 0.011376 0.00368939 0.0213833 -0.0206867 0.00103393
 0.010553 0.00338988 0.0189668 -0.018376 0.000945242
 0.0103194 0.00329627 0.0175355 -0.0169692 0.000954642
 0.00968533 0.00306675 0.0152521 -0.0147704 0.0008859
 0.00910267 0.00284813 0.0135697 -0.0131325 0.000792075
 0.00875858 0.00273078 0.0122038 -0.0118217 0.000790735
 0.0081108 0.0025115 0.0105816 -0.0102415 0.000721634
 0.00765247 0.00235462 0.00948075 -0.00919442 0.000679146
 0.00723354 0.0022158 0.00823702 -0.00798293 0.000665624
 0.00681865 0.00206706 0.00729088 -0.00708429 0.000600001
 0.00632537 0.00190513 0.00639839 -0.006221 0.000558942
 0.00602612 0.00179772 0.00557999 -0.00542969 0.000511845
 0.00554885 0.00164834 0.00484189 -0.00471806 0.000480226
 0.00508685 0.00150142 0.00405567 -0.00395706 0.000436241
 0.00480058 0.00140375 0.00358868 -0.00351093 0.000396708
 0.00440811 0.00128332 0.00306808 -0.00300636 0.000365612
 0.00406147 0.00117311 0.00264248 -0.00259646 0.000330122
 0.00386694 0.00111344 0.00235002 -0.00231605 0.000321607
 0.00346608 0.000987958 0.00195157 -0.0019312 0.000274162
 0.00316571 0.000897558 0.00167743 -0.00166395 0.000254366
 0.00288854 0.00081247 0.00143647 -0.0014323 0.000225399
 0.00266938 0.000745889 0.00124968 -0.00125129 0.000208422
 0 0 0 0 0
 0 0 0 0 0
 0 0 0 0 0
 0 0 0 0 0
 0 0 0 0 0
 0 0 0 0 0
 0 0 0 0 0
 0 0 0 0 0
 0 0 0 0 0
 0 0 0 0 0
 0 0 0 0 0
 0 0 0 0 0
 0 0 0 0 0
 0 0 0 0 0
 0 0 0 0 0
 0 0 0 0 0
 0 0 0 0 0
 0 0 0 0 0
 0 0 0 0 0
 0 0 0 0 0
 0 0 0 0 0
 0 0 0 0 0
 0 0 0 0 0
 0 0 0 0 0
 0 0 0 0 0
 0 0 0 0 0
 0 0 0 0 0
 0 0 0 0 0
 0 0 0 0 0
 0 0 0 0 0
 0 0 0 0 0
 0 0 0 0 0
 0 0 0 0 0
 0 0 0 0 0
 0 0 0 0 0
 21.4736 17.9687 1.12283 -0.972892 15.0431
 11.6517 9.46192 1.09732 -0.964517 7.69038
 7.22004 5.69378 1.07162 -0.952267 4.496
 4.81807 3.69237 1.03301 -0.928808 2.83458
 3.40217 2.53502 1.002 -0.91005 1.89269
 2.47713 1.79597 0.95095 -0.872208 1.30495
 1.85441 1.30849 0.905208 -0.836683 0.924875
 1.47971 1.01693 0.8914 -0.830583 0.699983
 1.15331 0.772472 0.841658 -0.788904 0.517856
 0.925733 0.603875 0.801643 -0.756128 0.392976
 0.725431 0.461587 0.740687 -0.702265 0.292926
 0.599103 0.371734 0.702646 -0.669427 0.228987
 0.493775 0.299216 0.665383 -0.636432 0.179844
 0.406982 0.240698 0.619251 -0.594933 0.14031
 0.348156 0.20094 0.591278 -0.569999 0.113273
 0.287127 0.161819 0.54071 -0.522266 0.0878225
 0.248526 0.136789 0.515023 -0.498982 0.0716927
 0.207243 0.111553 0.466628 -0.45278 0.0565224
 0.17933 0.094365 0.434456 -0.422417 0.0457331
 0.156393 0.0804039 0.404238 -0.393518 0.0370267
 0.134521 0.0676528 0.367143 -0.357617 0.0295771
 0.117452 0.057815 0.337024 -0.328646 0.0237504
 0.104878 0.0505044 0.311791 -0.303737 0.0193111
 0.0919275 0.0435661 0.281773 -0.274748 0.0161523
 0.0821809 0.0384479 0.253768 -0.247204 0.0137432
 0.073953 0.0337238 0.229348 -0.223103 0.0103257
 0.0665733 0.0300043 0.206536 -0.201048 0.008741
 0.0616133 0.0274686 0.186048 -0.180507 0.00751762
 0.0579367 0.0256229 0.171343 -0.166061 0.00664921
 0.052442 0.0228143 0.150555 -0.145528 0.00520507
 0.0495903 0.0216679 0.137631 -0.132882 0.00564248
 0.0465603 0.0198131 0.122758 -0.11801 0.00386338
 0.043993 0.0188162 0.113259 -0.108648 0.00431148
 0.0412661 0.017151 0.103607 -0.0993008 0.00295199
 0.039938 0.0164866 0.0955183 -0.0910367 0.0026313
 0.0379308 0.0155635 0.0887517 -0.0846883 0.00248462
 0.0360197 0.0146282 0.0826382 -0.0786432 0.00240399
 0.0350249 0.0140363 0.0783469 -0.0744275 0.0021695
 0.0335911 0.0134363 0.0747032 -0.0710398 0.00237307
 0.0326305 0.0127288 0.0731747 -0.0696224 0.00169209
 0.0318597 0.0123822 0.0709177 -0.0673573 0.0018792
 0.0302836 0.0117414 0.0684287 -0.0652796 0.00193228
 0.0292358 0.0113497 0.0669795 -0.0639462 0.00213043
 0.0286537 0.0108201 0.0658061 -0.062927 0.00146067
 0.027726 0.0106162 0.0658593 -0.063016 0.00214278
 0.0263949 0.00996475 0.0642131 -0.0615455 0.00192185
 0.0254139 0.00943808 0.0629365 -0.0603349 0.00154217
 0.0252487 0.00942583 0.064254 -0.0616084 0.00187677
 0.0242707 0.00902467 0.063315 -0.0609018 0.00188258
 0.0230536 0.00849975 0.0615834 -0.0593277 0.00187003
 0.0221357 0.0081934 0.0580997 -0.0560237 0.00199504
 0.021543 0.00782856 0.0572522 -0.0553303 0.00170633
 0.0205143 0.00736848 0.0546894 -0.0527925 0.0015931
 0.0197669 0.00710534 0.0536135 -0.0519546 0.00169372
 0.0187138 0.00668867 0.0503091 -0.048654 0.00164225
 0.0181918 0.00644793 0.0492737 -0.0477573 0.00157257
 0.017451 0.00619632 0.0464179 -0.0449586 0.0016484
 0.0167912 0.00587731 0.0432638 -0.0418792 0.00149828
 0.0158871 0.00552653 0.0399491 -0.0386861 0.00147151
 0.0152369 0.00523963 0.0375507 -0.0363817 0.0013737
 0.0145868 0.00499397 0.0348723 -0.0337836 0.00136051
 0.0138174 0.00468953 0.0318746 -0.030896 0.00125931
 0.0132512 0.00448386 0.0292405 -0.0283404 0.00127024
 0.0126883 0.00426738 0.0266133 -0.0257716 0.00122885
 0.0118671 0.00396897 0.0238509 -0.0230814 0.00117328
 0.0114242 0.00378159 0.0215872 -0.0208973 0.00112417
 0.010887 0.00356978 0.0195827 -0.018941 0.00102653
 0.0102245 0.00334 0.017766 -0.0172018 0.000992
 0.00981158 0.00318503 0.0157968 -0.0152836 0.000959492
 0.00911775 0.00292222 0.0137658 -0.0133228 0.000846925
 0.00868 0.00276722 0.0122831 -0.0118976 0.000833708
 0.00821629 0.00259884 0.0108586 -0.0105384 0.000778447
 0.00775081 0.00243712 0.00960142 -0.00930358 0.000738422
 0.00714 0.00222449 0.00829571 -0.00804883 0.000654511
 0.00689646 0.00213045 0.0075421 -0.00732507 0.000627797
 0.00640138 0.00196722 0.00648371 -0.00630302 0.000590054
 0.00602568 0.00183998 0.00556045 -0.00541022 0.000547137
 0.00566844 0.00171758 0.00494426 -0.00481955 0.000507614
 0.00523886 0.00157965 0.00418317 -0.00408944 0.000472174
 0.00486728 0.00145929 0.00365955 -0.00358374 0.000436168
 0.00451704 0.00134034 0.00320731 -0.00314523 0.000387945
 0.00414246 0.00122278 0.00269118 -0.00265157 0.000357881
 0.00386652 0.00113323 0.00238265 -0.00234974 0.000324845
 0.00352964 0.00102819 0.00202822 -0.00200826 0.000295085
 0.00328113 0.000949283 0.00178698 -0.0017749 0.000271823
 0.0029631 0.000849792 0.00148196 -0.00147865 0.000238959
 0 0 0 0 0
 0 0 0 0 0
 0 0 0 0 0
 0 0 0 0 0
 0 0 0 0 0
 0 0 0 0 0
 0 0 0 0 0
 0 0 0 0 0
 0 0 0 0 0
 0 0 0 0 0
 0 0 0 0 0
 0 0 0 0 0
 0 0 0 0 0
 0 0 0 0 0
 0 0 0 0 0
 0 0 0 0 0
 0 0 0 0 0
 0 0 0 0 0
 0 0 0 0 0
 0 0 0 0 0
 0 0 0 0 0
 0 0 0 0 0
 0 0 0 0 0
 0 0 0 0 0
 0 0 0 0 0
 0 0 0 0 0
 0 0 0 0 0
 0 0 0 0 0
 0 0 0 0 0
 0 0 0 0 0
 0 0 0 0 0
 0 0 0 0 0
 0 0 0 0 0
 0 0 0 0 0
 0 0 0 0 0
 0 0 0 0 0
 22.5412 19.0591 1.09917 -0.956308 16.1231
 12.0354 9.883 1.07803 -0.949258 8.12277
 7.30557 5.82967 1.04242 -0.929542 4.65767
 4.95088 3.84192 1.02986 -0.927483 2.98594
 3.52567 2.66233 1.00496 -0.914425 2.01436
 2.55527 1.87819 0.960617 -0.881842 1.38342
 1.93963 1.38903 0.927983 -0.858392 0.997333
 1.51457 1.05724 0.897967 -0.837325 0.739966
 1.18412 0.805335 0.853442 -0.800618 0.548227
 0.949025 0.629577 0.814052 -0.768702 0.417663
 0.783604 0.507388 0.783173 -0.743649 0.327957
 0.642473 0.406053 0.745771 -0.710913 0.255476
 0.530525 0.327403 0.706611 -0.676952 0.200707
 0.441321 0.265883 0.664616 -0.638568 0.158053
 0.36377 0.214211 0.615009 -0.593183 0.124049
 0.306646 0.176203 0.576119 -0.557147 0.0982192
 0.261541 0.14718 0.542907 -0.526574 0.0801975
 0.219615 0.120839 0.497808 -0.483067 0.0636812
 0.186597 0.100284 0.458527 -0.446005 0.0505504
 0.164265 0.0864742 0.432062 -0.421025 0.0422026
 0.141482 0.0726163 0.39521 -0.385034 0.0329589
 0.125441 0.0630562 0.368468 -0.358927 0.027426
 0.106915 0.0528963 0.327189 -0.319275 0.0223556
 0.0950325 0.0458903 0.300881 -0.293558 0.0179059
 0.0854875 0.0405924 0.276111 -0.269454 0.0148635
 0.0759712 0.0357649 0.247907 -0.241665 0.0131096
 0.0692892 0.0318545 0.226208 -0.220024 0.0102371
 0.0643003 0.0291375 0.209912 -0.204096 0.00878583
 0.0583983 0.0261124 0.186129 -0.180943 0.00702657
 0.0527585 0.0232873 0.164301 -0.15927 0.00579487
 0.0499547 0.0219958 0.148673 -0.143625 0.00543401
 0.0464634 0.020369 0.133335 -0.128459 0.00535455
 0.0435332 0.0184325 0.121104 -0.11657 0.00317893
 0.0413964 0.0174859 0.110569 -0.106319 0.00321427
 0.0388042 0.0162597 0.10017 -0.0960058 0.00298693
 0.0374901 0.0157012 0.0937933 -0.0894742 0.00310956
 0.0358182 0.0149309 0.0876267 -0.0835683 0.00310091
 0.0343216 0.0140867 0.0804043 -0.0765298 0.00266452
 0.0326536 0.0131823 0.0764084 -0.0726955 0.00228133
 0.0318891 0.0128532 0.0732181 -0.0694613 0.00240469
 0.0309591 0.0125098 0.0703711 -0.0668241 0.0025616
 0.0294735 0.0116387 0.0667487 -0.0635835 0.00206557
 0.0284749 0.0111113 0.0665554 -0.0633131 0.0019351
 0.0273457 0.0107036 0.0645538 -0.0614986 0.00218168
 0.027045 0.0103209 0.0649988 -0.0622235 0.00156785
 0.0260662 0.00993033 0.0630291 -0.0602217 0.00170157
 0.0250908 0.00954942 0.0615824 -0.0590132 0.00192717
 0.0240156 0.00912058 0.0613085 -0.0588154 0.00198228
 0.0234243 0.00879667 0.060846 -0.0584473 0.00180656
 0.0227077 0.008482 0.0584542 -0.0562035 0.00191292
 0.0219812 0.00811962 0.0582064 -0.056121 0.00166666
 0.0209019 0.00771358 0.0552418 -0.0534109 0.00180522
 0.0201721 0.00740681 0.0537464 -0.0519093 0.00175392
 0.0196188 0.00723255 0.0529255 -0.0511772 0.0019185
 0.0186143 0.00672312 0.0501867 -0.0485402 0.00156426
 0.0177415 0.0063607 0.0464233 -0.0449165 0.00152622
 0.0171786 0.00617042 0.0453777 -0.0439188 0.00161285
 0.0163651 0.0058308 0.0417089 -0.040356 0.00158063
 0.0159689 0.00568072 0.0397747 -0.0384828 0.00161182
 0.0150161 0.00530728 0.0362263 -0.0350665 0.00154624
 0.0144282 0.00503123 0.034403 -0.0332558 0.00136518
 0.0138837 0.00482148 0.0321082 -0.0310947 0.00139359
 0.013115 0.00454127 0.0284765 -0.0276049 0.0013503
 0.0127197 0.00436423 0.0266393 -0.0257955 0.00130689
 0.0118692 0.00404099 0.0242602 -0.0235283 0.00119807
 0.0112518 0.00380368 0.0214207 -0.0207759 0.00113906
 0.0107143 0.00358942 0.0197739 -0.0191504 0.00107506
 0.0101807 0.00339289 0.0175665 -0.0170051 0.00103613
 0.00961408 0.00315789 0.0156786 -0.0151911 0.000919592
 0.00924617 0.00303139 0.0140484 -0.0136113 0.00093095
 0.00870842 0.00283233 0.0124068 -0.0120329 0.000872442
 0.00819873 0.00264421 0.0109227 -0.010581 0.000803681
 0.00770253 0.00246502 0.00973867 -0.00945533 0.000747337
 0.00727706 0.00231532 0.00852925 -0.00828276 0.000711451
 0.00678673 0.00214611 0.00744892 -0.00724691 0.000660638
 0.00642069 0.00201728 0.00659113 -0.00641498 0.000626695
 0.00609344 0.00189997 0.00579725 -0.00564896 0.000580715
 0.00567196 0.00175541 0.00507829 -0.00495956 0.000536542
 0.00529607 0.00162753 0.00432147 -0.00422278 0.000493
 0.00491803 0.00150438 0.00377444 -0.00369909 0.00046229
 0.00458834 0.00138998 0.00330636 -0.00324808 0.000414123
 0.00431871 0.00130031 0.00288302 -0.0028384 0.000386525
 0.00389754 0.00116593 0.00240803 -0.0023779 0.000345519
 0.00361611 0.00107127 0.00208746 -0.00206769 0.000308636
 0.00333677 0.000981517 0.00178848 -0.00177938 0.000279517
 0 0 0 0 0
 0 0 0 0 0
 0 0 0 0 0
 0 0 0 0 0
 0 0 0 0 0
 0 0 0 0 0
 0 0 0 0 0
 0 0 0 0 0
 0 0 0 0 0
 0 0 0 0 0
 0 0 0 0 0
 0 0 0 0 0
 0 0 0 0 0
 0 0 0 0 0
 0 0 0 0 0
 0 0 0 0 0
 0 0 0 0 0
 0 0 0 0 0
 0 0 0 0 0
 0 0 0 0 0
 0 0 0 0 0
 0 0 0 0 0
 0 0 0 0 0
 0 0 0 0 0
 0 0 0 0 0
 0 0 0 0 0
 0 0 0 0 0
 0 0 0 0 0
 0 0 0 0 0
 0 0 0 0 0
 0 0 0 0 0
 0 0 0 0 0
 0 0 0 0 0
 0 0 0 0 0
 0 0 0 0 0
 0 0 0 0 0
 0 0 0 0 0
 23.5475 20.0989 1.07308 -0.935258 17.1637
 12.2822 10.1887 1.04596 -0.9232 8.45908
 7.48881 6.04151 1.02593 -0.916233 4.88012
 5.02051 3.94157 1.00891 -0.910983 3.09958
 3.54879 2.7125 0.986425 -0.898675 2.07751
 2.64173 1.96707 0.968117 -0.89075 1.46782
 2.00142 1.45252 0.933325 -0.864667 1.05628
 1.55028 1.09719 0.90015 -0.840725 0.778582
 1.21887 0.841575 0.861517 -0.80995 0.582133
 0.9759 0.657327 0.82295 -0.777442 0.44305
 0.797548 0.524817 0.795864 -0.756054 0.345662
 0.649632 0.417255 0.748857 -0.714826 0.267282
 0.534498 0.335473 0.708642 -0.678865 0.209523
 0.449007 0.275407 0.675144 -0.649553 0.167397
 0.377291 0.22604 0.634897 -0.612628 0.133307
 0.321893 0.188707 0.60237 -0.583226 0.108223
 0.270405 0.15518 0.560202 -0.543098 0.0868858
 0.230593 0.129352 0.524233 -0.509006 0.0699869
 0.198079 0.108391 0.487209 -0.473863 0.0556921
 0.173141 0.0931192 0.458857 -0.447511 0.0471468
 0.151189 0.0794674 0.424734 -0.414614 0.0383313
 0.129628 0.066763 0.38656 -0.377373 0.0306395
 0.11353 0.0572535 0.354485 -0.346013 0.0250461
 0.0983333 0.0483582 0.319433 -0.311933 0.0195836
 0.0889592 0.042873 0.298235 -0.291304 0.016117
 0.0799138 0.0378405 0.272975 -0.266393 0.0133761
 0.071076 0.0332291 0.243564 -0.237453 0.0113303
 0.0642472 0.0298627 0.218591 -0.212797 0.0100988
 0.0582865 0.0264886 0.195622 -0.19017 0.00776768
 0.0554045 0.0251306 0.184007 -0.178649 0.00770656
 0.0504418 0.0225538 0.162827 -0.157592 0.00624121
 0.0471017 0.0207305 0.147573 -0.142585 0.00507786
 0.0434321 0.0187472 0.130998 -0.126273 0.00399073
 0.0401648 0.0173128 0.115691 -0.111493 0.00387028
 0.0389804 0.0167688 0.10855 -0.104116 0.00385476
 0.0367818 0.0156066 0.0988125 -0.0944225 0.00323844
 0.0349362 0.0143409 0.0911625 -0.0870733 0.00210837
 0.0342394 0.0142781 0.0862317 -0.0822033 0.00303348
 0.0321907 0.013081 0.0787187 -0.0750312 0.00205829
 0.0311046 0.0126407 0.0750656 -0.0715158 0.00238667
 0.0304619 0.0124471 0.071828 -0.0683003 0.00268158
 0.0288847 0.0115292 0.0681836 -0.064891 0.00213157
 0.0278241 0.0112466 0.0659959 -0.0627892 0.00259808
 0.0272518 0.0106927 0.0649724 -0.0619187 0.00184306
 0.0256293 0.0100956 0.0621431 -0.0593486 0.00222403
 0.0250352 0.009823 0.0609255 -0.0581684 0.00223733
 0.0241317 0.00941142 0.0592082 -0.0566609 0.00220452
 0.0234328 0.00902808 0.0585347 -0.0561029 0.00195718
 0.0226495 0.00867408 0.0594449 -0.0571514 0.00199008
 0.0217157 0.00827782 0.0560007 -0.0538436 0.00194068
 0.0213906 0.00808803 0.0558988 -0.0538614 0.00192211
 0.0205867 0.00780963 0.0542647 -0.0523382 0.0020275
 0.0197831 0.00743228 0.0537607 -0.0518301 0.00194639
 0.0189838 0.00709442 0.0510224 -0.0492638 0.00192338
 0.0182002 0.00671885 0.0480689 -0.0464308 0.00172811
 0.0175887 0.00650057 0.0462324 -0.0446799 0.00181915
 0.0167677 0.00613695 0.0432392 -0.0417352 0.00170777
 0.0164834 0.00602179 0.0426629 -0.0412879 0.00176578
 0.0155877 0.00563525 0.0397757 -0.0385432 0.00163874
 0.0149456 0.00536648 0.0371248 -0.0359231 0.0015498
 0.0142403 0.00506625 0.0338535 -0.0327915 0.00144803
 0.0136746 0.00483208 0.0312333 -0.0302527 0.00140681
 0.0130697 0.00460058 0.0287602 -0.0278582 0.00138932
 0.0124488 0.00433912 0.0260744 -0.0252582 0.00130718
 0.0117834 0.00406399 0.0239013 -0.0231451 0.00118997
 0.0113203 0.00390186 0.0217451 -0.0210707 0.00122483
 0.0106913 0.00363779 0.0196247 -0.0190413 0.00109892
 0.0101257 0.00344084 0.0176674 -0.017109 0.00106878
 0.00974458 0.00329695 0.0158734 -0.0153494 0.00106852
 0.00902783 0.0030077 0.0140954 -0.0136749 0.000918967
 0.00876842 0.00291047 0.0125928 -0.012209 0.000930083
 0.00819153 0.00269744 0.0110732 -0.0107423 0.000845442
 0.00779406 0.00254911 0.0098035 -0.00951358 0.000810377
 0.00729864 0.00236862 0.00867675 -0.00844258 0.000744732
 0.0069616 0.00224264 0.00774305 -0.00752334 0.000705537
 0.0065307 0.00208452 0.00677794 -0.00659527 0.000642386
 0.00616068 0.00195279 0.00596623 -0.00582392 0.000595175
 0.00573534 0.00180862 0.00508947 -0.00497116 0.000561058
 0.00532327 0.00166748 0.00444042 -0.00434387 0.000519445
 0.00502096 0.00156011 0.0039441 -0.00386522 0.00047851
 0.0046415 0.00143727 0.00336682 -0.00330841 0.000446528
 0.00430411 0.00131691 0.00285835 -0.0028175 0.000389986
 0.00399527 0.00121652 0.00250629 -0.0024772 0.000360532
 0.00366664 0.00110927 0.00213287 -0.00211596 0.000330567
 0 0 0 0 0
 0 0 0 0 0
 0 0 0 0 0
 0 0 0 0 0
 0 0 0 0 0
 0 0 0 0 0
 0 0 0 0 0
 0 0 0 0 0
 0 0 0 0 0
 0 0 0 0 0
 0 0 0 0 0
 0 0 0 0 0
 0 0 0 0 0
 0 0 0 0 0
 0 0 0 0 0
 0 0 0 0 0
 0 0 0 0 0
 0 0 0 0 0
 0 0 0 0 0
 0 0 0 0 0
 0 0 0 0 0
 0 0 0 0 0
 0 0 0 0 0
 0 0 0 0 0
 0 0 0 0 0
 0 0 0 0 0
 0 0 0 0 0
 0 0 0 0 0
 0 0 0 0 0
 0 0 0 0 0
 0 0 0 0 0
 0 0 0 0 0
 0 0 0 0 0
 0 0 0 0 0
 0 0 0 0 0
 0 0 0 0 0
 0 0 0 0 0
 0 0 0 0 0
 23.6299 20.3476 1.00348 -0.8773 17.5291
 12.4084 10.3904 1.00917 -0.892358 8.70767
 7.66385 6.24538 1.00869 -0.902892 5.09501
 5.09104 4.03973 0.984433 -0.890275 3.2103
 3.56026 2.75202 0.9622 -0.877992 2.13133
 2.66425 2.00773 0.951467 -0.876108 1.51614
 1.98847 1.46122 0.910392 -0.845692 1.07655
 1.58169 1.13397 0.900208 -0.841467 0.814796
 1.24077 0.868575 0.864475 -0.813344 0.609588
 0.996508 0.681147 0.833191 -0.787897 0.466457
 0.797674 0.53257 0.784059 -0.745445 0.355925
 0.666901 0.435226 0.762779 -0.728325 0.283942
 0.544128 0.3468 0.713852 -0.684461 0.219878
 0.461626 0.287737 0.691249 -0.665003 0.178147
 0.386573 0.235753 0.65172 -0.629444 0.142503
 0.326923 0.195 0.613008 -0.593424 0.114603
 0.278272 0.162379 0.576972 -0.560042 0.0925833
 0.238852 0.136358 0.54418 -0.529001 0.0753968
 0.207256 0.115642 0.510708 -0.496936 0.0614311
 0.178327 0.0973617 0.475989 -0.464193 0.0497699
 0.153549 0.0823728 0.437673 -0.426824 0.041221
 0.135063 0.0710139 0.408168 -0.398748 0.0342703
 0.120384 0.0618423 0.384601 -0.375882 0.0280839
 0.103948 0.0523102 0.345627 -0.337833 0.0223828
 0.09161 0.0452017 0.316944 -0.309557 0.0184637
 0.0806078 0.0392502 0.28565 -0.279141 0.0156677
 0.0735176 0.0350951 0.262371 -0.256003 0.012917
 0.066335 0.031272 0.238201 -0.232312 0.0110343
 0.0607142 0.0280952 0.216418 -0.210855 0.00898017
 0.0554678 0.0257128 0.191693 -0.186303 0.00855358
 0.0511803 0.0232883 0.176667 -0.171428 0.00708094
 0.0470921 0.0210337 0.156373 -0.151484 0.00557343
 0.0440596 0.0195313 0.142435 -0.137491 0.00510984
 0.0412167 0.0181667 0.129072 -0.124362 0.00470732
 0.0390357 0.0170056 0.116117 -0.111612 0.00420568
 0.036633 0.0156593 0.104465 -0.100147 0.00330687
 0.0347628 0.0149436 0.09673 -0.0925008 0.00370478
 0.0330289 0.0138027 0.089165 -0.0851375 0.00264848
 0.0314931 0.0131983 0.0819596 -0.0781011 0.00297173
 0.0304273 0.0124598 0.0770807 -0.0734485 0.00222829
 0.0290327 0.0119343 0.0719232 -0.0683498 0.00255753
 0.0280397 0.0113232 0.0690353 -0.0656738 0.00206948
 0.027103 0.0110567 0.0661246 -0.0629437 0.00250392
 0.0262846 0.0104951 0.0631942 -0.0601876 0.00208033
 0.0253897 0.0102633 0.0630055 -0.0600832 0.00259865
 0.0243194 0.00951708 0.0593121 -0.0565829 0.00184656
 0.0239951 0.00942783 0.059509 -0.0569009 0.00209166
 0.0228536 0.00893767 0.0567141 -0.0543168 0.00204615
 0.0222572 0.00875667 0.0575412 -0.0552719 0.00230397
 0.0218007 0.00850942 0.0557312 -0.0535702 0.00223512
 0.0210417 0.00811733 0.0542353 -0.0521764 0.00213099
 0.0201903 0.00777902 0.0538821 -0.0518812 0.00210408
 0.0191995 0.00732146 0.0507833 -0.0490395 0.00194892
 0.0187563 0.00712462 0.0496826 -0.0478711 0.00195636
 0.0179893 0.00676349 0.0474643 -0.0458964 0.00183246
 0.0173657 0.0065262 0.0448909 -0.0434433 0.00191044
 0.0166467 0.00622257 0.0432057 -0.0417762 0.00183753
 0.0160337 0.0059378 0.0412424 -0.0399178 0.00174946
 0.015292 0.00567748 0.0377336 -0.0365024 0.00177879
 0.0144256 0.00529424 0.0352642 -0.0341069 0.00167291
 0.0141828 0.00513546 0.0335528 -0.0324565 0.00154664
 0.0135145 0.0049062 0.031407 -0.0304198 0.00157923
 0.0128039 0.00459753 0.0278776 -0.0269978 0.00145991
 0.012363 0.00438747 0.0261496 -0.0253163 0.00132634
 0.0116736 0.00411253 0.0235355 -0.0227882 0.00127183
 0.0111468 0.00389762 0.0213163 -0.020638 0.00121749
 0.0106308 0.00371726 0.0195956 -0.0189782 0.00120863
 0.0102527 0.00353133 0.0179634 -0.0174265 0.00110072
 0.00965767 0.00332202 0.0156247 -0.0151488 0.00108557
 0.00921375 0.00313084 0.0142657 -0.0138423 0.000980908
 0.00873767 0.0029523 0.0127977 -0.0124162 0.000946058
 0.00827253 0.00277502 0.011122 -0.0107979 0.000898675
 0.00780904 0.00260419 0.00993092 -0.00964183 0.000835342
 0.00739439 0.0024448 0.00891225 -0.00866467 0.000779306
 0.00694778 0.00227528 0.00785642 -0.00764366 0.00071476
 0.00655443 0.00213146 0.00681197 -0.00664083 0.000675077
 0.0061526 0.00198908 0.00604617 -0.00589688 0.000633265
 0.00579655 0.00185858 0.00522713 -0.00511123 0.000586723
 0.00544042 0.00172846 0.00454235 -0.00444872 0.000530415
 0.00504084 0.00159744 0.00395195 -0.0038759 0.00050143
 0.00470248 0.00148142 0.00344167 -0.00338069 0.000466348
 0.00437016 0.00136673 0.00293455 -0.00289182 0.000426806
 0.00407177 0.00126322 0.00257547 -0.00254907 0.000386984
 0 0 0 0 0
 0 0 0 0 0
 0 0 0 0 0
 0 0 0 0 0
 0 0 0 0 0
 0 0 0 0 0
 0 0 0 0 0
 0 0 0 0 0
 0 0 0 0 0
 0 0 0 0 0
 0 0 0 0 0
 0 0 0 0 0
 0 0 0 0 0
 0 0 0 0 0
 0 0 0 0 0
 0 0 0 0 0
 0 0 0 0 0
 0 0 0 0 0
 0 0 0 0 0
 0 0 0 0 0
 0 0 0 0 0
 0 0 0 0 0
 0 0 0 0 0
 0 0 0 0 0
 0 0 0 0 0
 0 0 0 0 0
 0 0 0 0 0
 0 0 0 0 0
 0 0 0 0 0
 0 0 0 0 0
 0 0 0 0 0
 0 0 0 0 0
 0 0 0 0 0
 0 0 0 0 0
 0 0 0 0 0
 0 0 0 0 0
 0 0 0 0 0
 0 0 0 0 0
 0 0 0 0 0
 23.8313 20.6848 0.958033 -0.839042 17.9621
 12.0956 10.2174 0.936283 -0.830544 8.638
 7.46113 6.1371 0.948542 -0.850967 5.05379
 5.01759 4.02107 0.952683 -0.862658 3.22795
 3.58408 2.79978 0.945225 -0.864792 2.19109
 2.6189 1.99553 0.920692 -0.848675 1.52399
 2.01134 1.49517 0.908408 -0.843667 1.11388
 1.5779 1.14538 0.891733 -0.833558 0.834
 1.25072 0.886442 0.859317 -0.808747 0.629724
 1.00947 0.699003 0.833742 -0.788934 0.485172
 0.817218 0.553319 0.794957 -0.756487 0.375571
 0.689273 0.456148 0.780596 -0.746021 0.301651
 0.572038 0.370252 0.746825 -0.71639 0.239554
 0.469861 0.297488 0.700838 -0.674492 0.187619
 0.399847 0.24759 0.669964 -0.646898 0.152155
 0.340378 0.206557 0.634376 -0.614075 0.124301
 0.283693 0.168428 0.587136 -0.570022 0.0982958
 0.243378 0.141298 0.553793 -0.538479 0.0799031
 0.21056 0.119776 0.522982 -0.509127 0.0658846
 0.182453 0.10139 0.488382 -0.476373 0.0534046
 0.155963 0.0853992 0.450234 -0.439371 0.0445682
 0.138307 0.0740715 0.423186 -0.413202 0.0370505
 0.119042 0.0625427 0.387096 -0.378323 0.0300743
 0.105446 0.0543043 0.35953 -0.351542 0.0250088
 0.0935408 0.0470337 0.331634 -0.324116 0.0200413
 0.084595 0.0420227 0.306111 -0.298882 0.0176082
 0.075891 0.0369486 0.280858 -0.274312 0.0143487
 0.0667885 0.0321836 0.251066 -0.245037 0.0125901
 0.0617193 0.028919 0.231517 -0.225772 0.00960233
 0.0558579 0.0260417 0.205821 -0.200407 0.00866858
 0.0515936 0.0237623 0.188258 -0.182944 0.00746526
 0.0485806 0.0222376 0.172581 -0.167294 0.00683157
 0.0441052 0.0199412 0.150687 -0.145826 0.00572843
 0.0412638 0.0186628 0.137717 -0.133084 0.00565673
 0.0382764 0.0169126 0.124228 -0.119763 0.00449709
 0.0357002 0.0156323 0.110154 -0.105918 0.0038713
 0.0348638 0.0152458 0.104148 -0.0999283 0.00417258
 0.0326718 0.014028 0.0930175 -0.0889667 0.00327478
 0.0311059 0.0130268 0.0860358 -0.0822293 0.00252226
 0.0297432 0.0125172 0.079664 -0.0761232 0.00289808
 0.0281873 0.0117597 0.0733398 -0.0698783 0.00262564
 0.0273678 0.0114317 0.0700911 -0.0667046 0.00274153
 0.0265811 0.0108808 0.0663953 -0.0632013 0.0023713
 0.0252987 0.0102642 0.0636626 -0.0607386 0.00222954
 0.0247957 0.0100253 0.0605687 -0.0576302 0.00228202
 0.0238696 0.00954975 0.0594129 -0.0566403 0.00211208
 0.0229141 0.00905325 0.0577702 -0.0552278 0.00197432
 0.0222133 0.00872108 0.0568437 -0.0544327 0.00187596
 0.0214967 0.00843442 0.0550749 -0.0527526 0.00194354
 0.0207094 0.00806551 0.0524855 -0.0503782 0.00192277
 0.0202907 0.00794752 0.0526049 -0.050592 0.00215297
 0.0196553 0.00758722 0.0508596 -0.0489071 0.00192905
 0.0188252 0.00729677 0.0490353 -0.0471788 0.00204457
 0.0180532 0.00700346 0.0472452 -0.0455275 0.00210728
 0.0175503 0.00674976 0.0464872 -0.044811 0.00194223
 0.016932 0.00645365 0.043712 -0.0421575 0.00190518
 0.0162674 0.00612966 0.0408618 -0.0394759 0.0017598
 0.0158262 0.00595722 0.0392614 -0.037966 0.00178005
 0.0150331 0.0056375 0.037679 -0.0364608 0.00174177
 0.0143641 0.00534723 0.0350463 -0.033886 0.00167264
 0.0137838 0.0050945 0.0324875 -0.0314332 0.00163157
 0.0133654 0.00490817 0.0303799 -0.0294403 0.00157176
 0.0126254 0.0046246 0.0280447 -0.0271609 0.00152326
 0.0121078 0.00439222 0.0257887 -0.0250125 0.00142283
 0.0117247 0.00422132 0.0236207 -0.0228883 0.00137758
 0.0112598 0.00402408 0.0219495 -0.0212711 0.00131873
 0.0105139 0.00372591 0.0196167 -0.0190368 0.00121095
 0.0101258 0.00356372 0.0178014 -0.0172592 0.00117072
 0.00959775 0.00336701 0.0156145 -0.0151577 0.00113325
 0.00922758 0.00319914 0.0143989 -0.0139707 0.00104629
 0.00867367 0.00299361 0.0126137 -0.0122355 0.00100325
 0.00811182 0.00277076 0.0111571 -0.0108316 0.000904925
 0.00774054 0.00262082 0.00992667 -0.00965617 0.000854775
 0.0073212 0.0024655 0.00879833 -0.00854492 0.000812154
 0.00696927 0.00233046 0.00790136 -0.00769177 0.000764022
 0.00655262 0.00216999 0.00692552 -0.00675659 0.000694659
 0.00625136 0.00206406 0.00605227 -0.00591382 0.000684027
 0.00578696 0.0018948 0.00528829 -0.00517101 0.000619844
 0.00543488 0.00176252 0.0046917 -0.00459852 0.000563966
 0.00496026 0.00159843 0.00394423 -0.00387493 0.000507878
 0.0047717 0.00152568 0.00352083 -0.00346357 0.000479034
 0.00441616 0.0014038 0.00306833 -0.00302694 0.000441826
 0 0 0 0 0
 0 0 0 0 0
 0 0 0 0 0
 0 0 0 0 0
 0 0 0 0 0
 0 0 0 0 0
 0 0 0 0 0
 0 0 0 0 0
 0 0 0 0 0
 0 0 0 0 0
 0 0 0 0 0
 0 0 0 0 0
 0 0 0 0 0
 0 0 0 0 0
 0 0 0 0 0
 0 0 0 0 0
 0 0 0 0 0
 0 0 0 0 0
 0 0 0 0 0
 0 0 0 0 0
 0 0 0 0 0
 0 0 0 0 0
 0 0 0 0 0
 0 0 0 0 0
 0 0 0 0 0
 0 0 0 0 0
 0 0 0 0 0
 0 0 0 0 0
 0 0 0 0 0
 0 0 0 0 0
 0 0 0 0 0
 0 0 0 0 0
 0 0 0 0 0
 0 0 0 0 0
 0 0 0 0 0
 0 0 0 0 0
 0 0 0 0 0
 0 0 0 0 0
 0 0 0 0 0
 0 0 0 0 0
 23.4949 20.5443 0.881683 -0.774406 17.9717
 12.1644 10.3587 0.898525 -0.799159 8.82825
 7.35559 6.10276 0.901125 -0.809185 5.06953
 4.96031 4.01193 0.909958 -0.825743 3.25001
 3.4738 2.74039 0.8902 -0.814414 2.16591
 2.6271 2.02216 0.902817 -0.832918 1.56035
 1.98975 1.4954 0.880858 -0.819186 1.12702
 1.52914 1.12236 0.847875 -0.793666 0.826039
 1.22825 0.880975 0.830931 -0.782216 0.633453
 1.00561 0.704896 0.821952 -0.778282 0.495265
 0.828913 0.568114 0.79769 -0.760032 0.389926
 0.684471 0.459072 0.77332 -0.739623 0.308555
 0.567318 0.372081 0.738179 -0.708567 0.243872
 0.473652 0.304231 0.701915 -0.676014 0.195452
 0.39631 0.249005 0.663978 -0.641031 0.155663
 0.345141 0.212581 0.646345 -0.62572 0.130203
 0.290041 0.174656 0.601441 -0.584017 0.103568
 0.254351 0.150253 0.579875 -0.56418 0.0871842
 0.217117 0.125466 0.539149 -0.525247 0.0702565
 0.188817 0.107192 0.508733 -0.496064 0.0589775
 0.163313 0.0909892 0.474196 -0.463247 0.0488826
 0.142903 0.0777834 0.443213 -0.433022 0.0396525
 0.121564 0.0649002 0.399085 -0.390187 0.0319064
 0.110158 0.0577868 0.381518 -0.372839 0.0276564
 0.0966675 0.0496099 0.347371 -0.339802 0.0225058
 0.0851158 0.0429002 0.313908 -0.306881 0.0184894
 0.0764418 0.0381141 0.292643 -0.285958 0.0163519
 0.0695323 0.033992 0.270235 -0.263733 0.0136805
 0.0624572 0.0300814 0.242845 -0.236934 0.0113333
 0.0564436 0.0268118 0.218283 -0.212709 0.00966442
 0.0524097 0.0245742 0.19967 -0.194235 0.0082742
 0.0470188 0.0218592 0.177082 -0.171972 0.00715844
 0.0444664 0.0205703 0.165173 -0.1601 0.00682852
 0.0406898 0.0183726 0.14569 -0.140989 0.00507359
 0.0385298 0.0170155 0.133222 -0.128625 0.00421835
 0.0361774 0.0160723 0.117839 -0.113358 0.00443161
 0.0337441 0.0147994 0.108388 -0.104329 0.00391088
 0.0328315 0.0142867 0.101337 -0.0971633 0.00364585
 0.0303338 0.0131775 0.0894617 -0.08569 0.00355343
 0.0296547 0.0127546 0.0833842 -0.0796453 0.00327328
 0.0282362 0.0119844 0.0776626 -0.0740058 0.00293203
 0.026474 0.0110325 0.072068 -0.0686434 0.00247655
 0.0257019 0.0105883 0.0667343 -0.0635513 0.00216539
 0.0250307 0.0103258 0.06466 -0.0615634 0.00240203
 0.0241784 0.0100721 0.0612862 -0.0583437 0.00281077
 0.0228749 0.00935058 0.0583403 -0.0555974 0.0022855
 0.0226984 0.0092055 0.0583081 -0.0556202 0.00227418
 0.0216932 0.00873858 0.0551676 -0.0527782 0.00218865
 0.0211305 0.00858767 0.0537445 -0.0514428 0.00252588
 0.0204037 0.00819245 0.0520873 -0.0499122 0.00231231
 0.0198302 0.00786672 0.0517625 -0.0496636 0.00213577
 0.019074 0.00753095 0.0506223 -0.0486544 0.00204966
 0.0184681 0.00729451 0.0490848 -0.0472252 0.00207142
 0.0182191 0.00709913 0.0482755 -0.0465365 0.00201478
 0.0172553 0.00669857 0.0448031 -0.0432573 0.00197428
 0.0166947 0.00647736 0.0433306 -0.0418155 0.00195413
 0.0159323 0.00613354 0.041694 -0.0402849 0.00188844
 0.0153981 0.00592153 0.0388723 -0.0375409 0.00190224
 0.0149805 0.00571546 0.0365692 -0.0353267 0.00184969
 0.0143123 0.00540412 0.0353286 -0.0341618 0.00169182
 0.0137424 0.00515347 0.0322552 -0.0312328 0.00165984
 0.0130103 0.00487025 0.0295906 -0.0286758 0.00162108
 0.0125455 0.00464475 0.0278209 -0.0269421 0.00151304
 0.0120358 0.00443367 0.0258177 -0.0250373 0.00146635
 0.0114339 0.00418365 0.0235118 -0.0227814 0.00138463
 0.0110557 0.00400651 0.0213729 -0.0207235 0.0013071
 0.0105243 0.00380702 0.0193917 -0.0188005 0.00130098
 0.0100962 0.00360992 0.0175103 -0.0169876 0.00120648
 0.0095675 0.00340651 0.0157391 -0.0152782 0.00114986
 0.00927458 0.00326932 0.0146219 -0.014205 0.00109521
 0.00876292 0.00305912 0.0126277 -0.0122683 0.00100228
 0.00823138 0.00286068 0.0112749 -0.0109503 0.000958425
 0.00773633 0.00267287 0.0100498 -0.00976517 0.000896367
 0.00730818 0.00250424 0.00894308 -0.00870067 0.000839917
 0.00703095 0.00239402 0.00799313 -0.00779576 0.000805817
 0.00668744 0.00225967 0.00708799 -0.00692199 0.000751405
 0.00612587 0.0020507 0.0061157 -0.00597132 0.000677727
 0.00574619 0.00191215 0.00531404 -0.00520447 0.000630736
 0.00546741 0.00180592 0.00469046 -0.00459697 0.00059512
 0.00517797 0.00169716 0.00422899 -0.00415771 0.000546658
 0.00481662 0.00156997 0.00361612 -0.00355934 0.000510098
 0 0 0 0 0
 0 0 0 0 0
 0 0 0 0 0
 0 0 0 0 0
 0 0 0 0 0
 0 0 0 0 0
 0 0 0 0 0
 0 0 0 0 0
 0 0 0 0 0
 0 0 0 0 0
 0 0 0 0 0
 0 0 0 0 0
 0 0 0 0 0
 0 0 0 0 0
 0 0 0 0 0
 0 0 0 0 0
 0 0 0 0 0
 0 0 0 0 0
 0 0 0 0 0
 0 0 0 0 0
 0 0 0 0 0
 0 0 0 0 0
 0 0 0 0 0
 0 0 0 0 0
 0 0 0 0 0
 0 0 0 0 0
 0 0 0 0 0
 0 0 0 0 0
 0 0 0 0 0
 0 0 0 0 0
 0 0 0 0 0
 0 0 0 0 0
 0 0 0 0 0
 0 0 0 0 0
 0 0 0 0 0
 0 0 0 0 0
 0 0 0 0 0
 0 0 0 0 0
 0 0 0 0 0
 0 0 0 0 0
 0 0 0 0 0
 23.1398 20.3739 0.819618 -0.721335 17.9463
 11.9543 10.2556 0.844808 -0.752139 8.80492
 7.10946 5.94664 0.840633 -0.756698 4.97991
 4.87991 3.98117 0.872242 -0.793048 3.25305
 3.41634 2.71996 0.857683 -0.786025 2.17006
 2.5238 1.96182 0.845633 -0.781242 1.52871
 1.9741 1.49892 0.858725 -0.799447 1.14138
 1.52196 1.12913 0.833101 -0.780302 0.840208
 1.2084 0.876425 0.812299 -0.766272 0.63779
 0.995933 0.706413 0.804257 -0.762275 0.502751
 0.817622 0.567275 0.779628 -0.742104 0.394834
 0.676817 0.459427 0.759126 -0.726164 0.312538
 0.579502 0.38512 0.744914 -0.71488 0.255917
 0.485378 0.315888 0.711204 -0.685363 0.205407
 0.405915 0.258657 0.673177 -0.650472 0.164377
 0.342572 0.213893 0.637341 -0.617098 0.132677
 0.295208 0.180616 0.610904 -0.593132 0.109441
 0.251444 0.150697 0.571268 -0.555982 0.0888542
 0.215802 0.126721 0.536876 -0.522924 0.0727763
 0.188772 0.109059 0.511847 -0.499592 0.0618405
 0.167264 0.09441 0.486342 -0.474947 0.0510967
 0.147313 0.081725 0.458898 -0.448632 0.04344
 0.128202 0.0698072 0.42744 -0.418129 0.0360191
 0.113958 0.0608317 0.398096 -0.389234 0.030211
 0.097395 0.0512163 0.357034 -0.349333 0.0248563
 0.0866275 0.0447263 0.327632 -0.320383 0.0207251
 0.0785933 0.039942 0.306728 -0.299897 0.0178898
 0.0697972 0.0348081 0.276601 -0.270248 0.0148677
 0.0631345 0.0310161 0.25384 -0.247778 0.0126043
 0.0577086 0.0278439 0.232501 -0.22674 0.0105133
 0.0521002 0.0249507 0.205539 -0.200094 0.00931683
 0.0485878 0.0227915 0.193102 -0.187915 0.00772302
 0.0445632 0.020874 0.171964 -0.166893 0.00714901
 0.0409912 0.0187464 0.154535 -0.149979 0.00565305
 0.0382059 0.0174398 0.139383 -0.134689 0.00532618
 0.0365408 0.0164998 0.128337 -0.123834 0.00485669
 0.0339367 0.0152803 0.114893 -0.110537 0.00462094
 0.0315848 0.0139506 0.104209 -0.100357 0.00381553
 0.0301999 0.0130764 0.0946583 -0.09081 0.00316919
 0.0292122 0.0127256 0.0873417 -0.0836558 0.00345803
 0.0276262 0.0119132 0.0799916 -0.0765756 0.0031453
 0.0266219 0.0114773 0.0755837 -0.0720698 0.00329191
 0.0251897 0.0106013 0.0686371 -0.0654497 0.00259354
 0.023953 0.010088 0.0639179 -0.0609548 0.00264979
 0.023464 0.00981758 0.0606555 -0.0578218 0.00254609
 0.0227668 0.0094465 0.0594265 -0.0566749 0.00253015
 0.0218719 0.00904858 0.0561971 -0.0537183 0.0024283
 0.0210349 0.00861092 0.0543888 -0.0519686 0.0022724
 0.0205 0.00834083 0.0523121 -0.0500694 0.0022763
 0.0199389 0.00813393 0.0505884 -0.0483472 0.00241217
 0.0192145 0.00772268 0.0499179 -0.0478107 0.00210479
 0.0185231 0.00735521 0.0488361 -0.0468975 0.00196919
 0.0182213 0.00729474 0.0475582 -0.0457267 0.0021975
 0.017546 0.00698096 0.0462095 -0.0445118 0.00213145
 0.0168037 0.00660797 0.0433207 -0.0417835 0.00195685
 0.016354 0.00641854 0.0425643 -0.0410519 0.00199802
 0.0156414 0.00612383 0.0401211 -0.0387453 0.00194077
 0.0149541 0.00579496 0.0379721 -0.0367103 0.00185042
 0.0147266 0.00571509 0.0361388 -0.0348991 0.00189229
 0.0141929 0.00547422 0.0345637 -0.0333753 0.00183562
 0.0135544 0.00519528 0.0319387 -0.0309382 0.00174403
 0.0129574 0.00489158 0.0298948 -0.0289498 0.00156734
 0.0124623 0.00468426 0.027035 -0.0260865 0.0015534
 0.0119799 0.00448467 0.0254261 -0.0246433 0.00150481
 0.0115224 0.00429488 0.0230632 -0.0223177 0.00147266
 0.0109021 0.00403062 0.0208961 -0.0202612 0.00139596
 0.0104051 0.00381668 0.0195931 -0.0190165 0.00130175
 0.00995083 0.00363513 0.0174215 -0.016898 0.00127246
 0.00958908 0.00347869 0.0159568 -0.0154693 0.00122883
 0.00893108 0.00321456 0.0143073 -0.0138794 0.00112527
 0.00847158 0.00300944 0.0126387 -0.0122869 0.00101963
 0.00811947 0.00287805 0.0114618 -0.0111434 0.00100577
 0.00778415 0.00272997 0.0100671 -0.00979392 0.000933192
 0.00731705 0.00254105 0.00900175 -0.008775 0.000841233
 0.0070366 0.00243372 0.0081173 -0.00791326 0.000829726
 0.00652276 0.00223844 0.00709808 -0.00692272 0.00075229
 0.00632459 0.00215414 0.00644298 -0.00630457 0.000721464
 0.00579801 0.00195746 0.00550436 -0.005389 0.000644107
 0.00551822 0.00185327 0.00478401 -0.00469025 0.000616266
 0.00507411 0.00169182 0.00412084 -0.0040501 0.000557941
 0 0 0 0 0
 0 0 0 0 0
 0 0 0 0 0
 0 0 0 0 0
 0 0 0 0 0
 0 0 0 0 0
 0 0 0 0 0
 0 0 0 0 0
 0 0 0 0 0
 0 0 0 0 0
 0 0 0 0 0
 0 0 0 0 0
 0 0 0 0 0
 0 0 0 0 0
 0 0 0 0 0
 0 0 0 0 0
 0 0 0 0 0
 0 0 0 0 0
 0 0 0 0 0
 0 0 0 0 0
 0 0 0 0 0
 0 0 0 0 0
 0 0 0 0 0
 0 0 0 0 0
 0 0 0 0 0
 0 0 0 0 0
 0 0 0 0 0
 0 0 0 0 0
 0 0 0 0 0
 0 0 0 0 0
 0 0 0 0 0
 0 0 0 0 0
 0 0 0 0 0
 0 0 0 0 0
 0 0 0 0 0
 0 0 0 0 0
 0 0 0 0 0
 0 0 0 0 0
 0 0 0 0 0
 0 0 0 0 0
 0 0 0 0 0
 0 0 0 0 0
 22.5416 19.9739 0.752648 -0.663082 17.7068
 11.4838 9.92083 0.774504 -0.690373 8.57742
 7.03846 5.93102 0.80354 -0.72367 5.00372
 4.64764 3.82243 0.803695 -0.731597 3.14937
 3.26823 2.62429 0.799905 -0.733537 2.11203
 2.44247 1.91594 0.801358 -0.740992 1.5067
 1.89026 1.44902 0.809616 -0.753777 1.11409
 1.51613 1.13611 0.816211 -0.765168 0.853892
 1.18635 0.869367 0.785701 -0.741342 0.639208
 0.995 0.713459 0.795392 -0.754495 0.513355
 0.805228 0.564851 0.762757 -0.726607 0.397375
 0.671582 0.461323 0.741838 -0.710074 0.317683
 0.567507 0.381742 0.728212 -0.699736 0.257373
 0.478344 0.315104 0.702317 -0.677153 0.207492
 0.398865 0.257453 0.660492 -0.638472 0.165877
 0.349242 0.221097 0.649337 -0.629426 0.139943
 0.293678 0.181982 0.606088 -0.588656 0.111622
 0.257004 0.156383 0.586245 -0.570569 0.0942825
 0.221729 0.13211 0.552569 -0.538839 0.0771022
 0.193073 0.112885 0.525571 -0.512828 0.0644652
 0.166186 0.0951925 0.48541 -0.474143 0.0525262
 0.147014 0.0828278 0.460591 -0.450311 0.0450404
 0.128965 0.0710778 0.431435 -0.422119 0.0368171
 0.112381 0.0609494 0.397587 -0.389015 0.0309368
 0.101589 0.0542806 0.375393 -0.367185 0.0269414
 0.0897117 0.0470129 0.344057 -0.336575 0.0223643
 0.0783588 0.0401137 0.311579 -0.304736 0.017656
 0.0708821 0.0358187 0.290412 -0.283872 0.0155919
 0.0639642 0.0318279 0.267444 -0.261552 0.0132695
 0.057994 0.0285166 0.243472 -0.237654 0.0114687
 0.0526153 0.0256882 0.220136 -0.214677 0.0103456
 0.0486212 0.023373 0.19928 -0.194067 0.00874658
 0.0445142 0.0211776 0.180272 -0.175325 0.00770532
 0.0418072 0.0197015 0.165317 -0.160412 0.00695502
 0.0383816 0.0180048 0.146767 -0.142089 0.00639168
 0.035714 0.0163556 0.133602 -0.129066 0.00507686
 0.0338598 0.0153343 0.122686 -0.118385 0.00465263
 0.0311652 0.0137168 0.107951 -0.103966 0.00339052
 0.0300157 0.0132785 0.100552 -0.0966258 0.0036298
 0.0284233 0.0125218 0.0900408 -0.086365 0.00348823
 0.0271932 0.0119318 0.0827696 -0.0792753 0.00342219
 0.0256197 0.0110035 0.0763359 -0.0729378 0.00284312
 0.0247026 0.0106577 0.0702096 -0.0669548 0.0030071
 0.0237653 0.0101437 0.0663126 -0.0632835 0.00285995
 0.0228362 0.00967725 0.0619869 -0.0590727 0.00275469
 0.0222248 0.00937842 0.0585201 -0.0558012 0.00266425
 0.0213573 0.00891908 0.0559098 -0.0533181 0.00241174
 0.0204516 0.00845383 0.0531006 -0.0507794 0.00228794
 0.0201513 0.00836967 0.0518811 -0.0496125 0.00241046
 0.0191093 0.00789894 0.0488921 -0.0467649 0.00235768
 0.0188511 0.00774865 0.0483474 -0.0463072 0.00233067
 0.0182081 0.0073541 0.0476852 -0.0458013 0.00207002
 0.0176448 0.00722146 0.0458174 -0.0440791 0.00235497
 0.0170883 0.00687348 0.0440027 -0.0424036 0.00210883
 0.0166035 0.00666332 0.0424244 -0.0408844 0.00211812
 0.0160012 0.00637228 0.0415005 -0.0400633 0.00199435
 0.0154177 0.00614432 0.039666 -0.0382788 0.00205098
 0.0146742 0.00577736 0.0365647 -0.0353 0.00187828
 0.0142627 0.00562173 0.0349819 -0.0338161 0.00190933
 0.013809 0.00540328 0.0332143 -0.0321086 0.00186606
 0.0132613 0.00516318 0.0314317 -0.0304188 0.00177692
 0.0126572 0.00485332 0.0288769 -0.0279475 0.00159907
 0.0122141 0.00469442 0.027146 -0.026308 0.00163902
 0.011735 0.0044679 0.0255628 -0.0247661 0.00155315
 0.0112587 0.00424968 0.0232207 -0.0225299 0.00145828
 0.0107551 0.00404306 0.0210893 -0.0204503 0.00141583
 0.0103525 0.00386303 0.0195381 -0.0189549 0.00136174
 0.00987717 0.00364005 0.0175573 -0.0170403 0.00123822
 0.00929333 0.00340434 0.0154379 -0.0149837 0.00116119
 0.00899042 0.00328618 0.0142882 -0.0138661 0.0011579
 0.00856308 0.00309754 0.0125083 -0.0121556 0.00107789
 0.00815093 0.0029287 0.0116103 -0.0112976 0.0010181
 0.00785464 0.00280794 0.0103962 -0.0101173 0.000993292
 0.00726163 0.00257832 0.00913783 -0.00890983 0.000907742
 0.00693647 0.00243747 0.00814628 -0.00794497 0.000836458
 0.00653341 0.00227126 0.00705306 -0.00689397 0.000761684
 0.00618158 0.00213978 0.00641213 -0.00626334 0.000733678
 0.00587494 0.00202348 0.00551148 -0.0053939 0.000699363
 0.00549083 0.0018778 0.00491512 -0.00482265 0.000641406
 0 0 0 0 0
 0 0 0 0 0
 0 0 0 0 0
 0 0 0 0 0
 0 0 0 0 0
 0 0 0 0 0
 0 0 0 0 0
 0 0 0 0 0
 0 0 0 0 0
 0 0 0 0 0
 0 0 0 0 0
 0 0 0 0 0
 0 0 0 0 0
 0 0 0 0 0
 0 0 0 0 0
 0 0 0 0 0
 0 0 0 0 0
 0 0 0 0 0
 0 0 0 0 0
 0 0 0 0 0
 0 0 0 0 0
 0 0 0 0 0
 0 0 0 0 0
 0 0 0 0 0
 0 0 0 0 0
 0 0 0 0 0
 0 0 0 0 0
 0 0 0 0 0
 0 0 0 0 0
 0 0 0 0 0
 0 0 0 0 0
 0 0 0 0 0
 0 0 0 0 0
 0 0 0 0 0
 0 0 0 0 0
 0 0 0 0 0
 0 0 0 0 0
 0 0 0 0 0
 0 0 0 0 0
 0 0 0 0 0
 0 0 0 0 0
 0 0 0 0 0
 0 0 0 0 0
 22.031 19.6375 0.688432 -0.608216 17.5118
 10.9423 9.51458 0.705201 -0.63053 8.2804
 6.69603 5.68268 0.736509 -0.664162 4.82873
 4.55097 3.77102 0.766823 -0.698669 3.13008
 3.17137 2.5669 0.766186 -0.704037 2.08254
 2.39377 1.89375 0.773158 -0.715667 1.50283
 1.83952 1.42254 0.774828 -0.722053 1.10345
 1.45474 1.10036 0.771793 -0.724911 0.835675
 1.16564 0.862692 0.758643 -0.716562 0.641025
 0.981458 0.710971 0.772224 -0.733021 0.517227
 0.785933 0.557207 0.738455 -0.704162 0.396403
 0.661757 0.459825 0.731539 -0.699876 0.32139
 0.563987 0.383703 0.718433 -0.690439 0.261748
 0.46553 0.310394 0.680125 -0.65542 0.207661
 0.401382 0.26224 0.664835 -0.642687 0.171138
 0.345522 0.221401 0.64075 -0.620777 0.141616
 0.295098 0.18555 0.611028 -0.593913 0.116373
 0.259236 0.159735 0.589453 -0.573414 0.0975733
 0.225202 0.136128 0.56178 -0.547824 0.0813926
 0.193987 0.115216 0.526103 -0.51366 0.0674761
 0.170082 0.0990633 0.49829 -0.486972 0.0564398
 0.147726 0.0844217 0.463946 -0.453913 0.0468837
 0.129311 0.0726582 0.434763 -0.425517 0.0393011
 0.114513 0.0630433 0.407555 -0.39912 0.0328747
 0.10178 0.0549571 0.381762 -0.373667 0.0274045
 0.0906 0.0482997 0.354404 -0.346931 0.0239068
 0.0793277 0.0414024 0.321736 -0.314947 0.0194793
 0.0716299 0.0368765 0.298977 -0.292457 0.0167711
 0.0651718 0.0330477 0.276192 -0.270102 0.0145458
 0.0582005 0.0289976 0.251776 -0.245952 0.0120193
 0.0542549 0.0266407 0.234076 -0.228433 0.0106407
 0.0489397 0.0239182 0.209077 -0.203701 0.00954183
 0.0450237 0.0218082 0.18967 -0.184443 0.00856608
 0.0415283 0.0198617 0.172933 -0.168164 0.00746773
 0.0393356 0.0185923 0.159333 -0.154533 0.0066252
 0.0355589 0.0163712 0.139783 -0.135419 0.00512333
 0.0337955 0.0155499 0.128652 -0.124222 0.00499608
 0.0317334 0.0144213 0.11554 -0.111295 0.00435276
 0.0298663 0.0135106 0.104747 -0.100749 0.00411141
 0.0281868 0.0125609 0.095065 -0.0914925 0.00377368
 0.0269435 0.011899 0.0872942 -0.0837408 0.00333894
 0.0250473 0.0109413 0.0787534 -0.0755803 0.0031047
 0.0243577 0.0107177 0.0728396 -0.0696408 0.00328476
 0.023422 0.0101953 0.0683662 -0.0653111 0.00307387
 0.0225747 0.00968967 0.0632248 -0.0603504 0.00278787
 0.0217997 0.00940683 0.0593339 -0.0565593 0.00289295
 0.0208869 0.00881667 0.0557739 -0.0532339 0.00249645
 0.0205775 0.00866033 0.0547774 -0.0522179 0.00249579
 0.0196984 0.00829769 0.0515211 -0.0491179 0.00251508
 0.0188697 0.00788505 0.0492302 -0.0471228 0.00238581
 0.0184348 0.00767648 0.0474367 -0.0453765 0.0024232
 0.017723 0.00724681 0.0465335 -0.0446676 0.00205559
 0.0173415 0.00713032 0.0450133 -0.0432216 0.00222348
 0.016696 0.00684972 0.0438367 -0.0421315 0.00222454
 0.0161518 0.0065297 0.0414412 -0.0398003 0.00200186
 0.0156907 0.00635269 0.040353 -0.0389241 0.0020475
 0.0149742 0.00604461 0.0383492 -0.0369707 0.00202691
 0.0145949 0.00584106 0.0362477 -0.0349645 0.00194129
 0.0141722 0.00566962 0.0352645 -0.0340386 0.00197792
 0.0136048 0.00539422 0.0332617 -0.0321398 0.00186267
 0.0130838 0.00516819 0.030635 -0.0296457 0.00182963
 0.0124929 0.00490197 0.0288122 -0.0278653 0.00173928
 0.0121542 0.00473353 0.0270819 -0.0262002 0.00168422
 0.0116307 0.00447418 0.025029 -0.0242363 0.00153264
 0.0112289 0.00432708 0.0234142 -0.0227119 0.00156167
 0.0106884 0.00407478 0.0209718 -0.0203063 0.00145198
 0.0103696 0.00393007 0.0193987 -0.0187877 0.0014261
 0.00983375 0.00369287 0.0176618 -0.0171342 0.00130813
 0.00942775 0.00351511 0.0159421 -0.0154898 0.00125073
 0.00896008 0.00332834 0.0143607 -0.0139772 0.00119479
 0.00847258 0.00310903 0.0127323 -0.0123654 0.00109598
 0.00807878 0.00296278 0.0114815 -0.0111669 0.00108021
 0.00765613 0.00277278 0.0100539 -0.00977417 0.000979725
 0.00749668 0.00270728 0.0093815 -0.00914483 0.000982208
 0.00684007 0.00244252 0.00782674 -0.00763518 0.000856892
 0.00654927 0.00232725 0.00711943 -0.00695491 0.000834158
 0.00622297 0.00219308 0.00642459 -0.00628783 0.000776291
 0.00592953 0.00207136 0.00566887 -0.00555623 0.000719323
 0 0 0 0 0
 0 0 0 0 0
 0 0 0 0 0
 0 0 0 0 0
 0 0 0 0 0
 0 0 0 0 0
 0 0 0 0 0
 0 0 0 0 0
 0 0 0 0 0
 0 0 0 0 0
 0 0 0 0 0
 0 0 0 0 0
 0 0 0 0 0
 0 0 0 0 0
 0 0 0 0 0
 0 0 0 0 0
 0 0 0 0 0
 0 0 0 0 0
 0 0 0 0 0
 0 0 0 0 0
 0 0 0 0 0
 0 0 0 0 0
 0 0 0 0 0
 0 0 0 0 0
 0 0 0 0 0
 0 0 0 0 0
 0 0 0 0 0
 0 0 0 0 0
 0 0 0 0 0
 0 0 0 0 0
 0 0 0 0 0
 0 0 0 0 0
 0 0 0 0 0
 0 0 0 0 0
 0 0 0 0 0
 0 0 0 0 0
 0 0 0 0 0
 0 0 0 0 0
 0 0 0 0 0
 0 0 0 0 0
 0 0 0 0 0
 0 0 0 0 0
 0 0 0 0 0
 0 0 0 0 0
 21.3583 19.1415 0.635107 -0.561747 17.1628
 10.3943 9.09333 0.641988 -0.574389 7.96211
 6.34243 5.41785 0.680998 -0.614793 4.6345
 4.21268 3.51572 0.69235 -0.630847 2.93935
 3.07452 2.50742 0.717391 -0.659567 2.04977
 2.31347 1.84493 0.735055 -0.680807 1.47585
 1.79032 1.39623 0.738447 -0.689317 1.09238
 1.38937 1.06027 0.728739 -0.683656 0.812396
 1.12556 0.8407 0.724751 -0.684771 0.630748
 0.9406 0.68793 0.735807 -0.698611 0.505373
 0.765576 0.548571 0.71236 -0.678962 0.395176
 0.648692 0.455287 0.70734 -0.677833 0.320994
 0.551678 0.379265 0.698971 -0.672201 0.261672
 0.4629 0.312162 0.672619 -0.648823 0.211368
 0.395978 0.261944 0.653328 -0.631753 0.173866
 0.345906 0.224356 0.637986 -0.618603 0.145575
 0.300635 0.191206 0.6199 -0.602466 0.121418
 0.253513 0.158118 0.578838 -0.563625 0.09813
 0.225728 0.138352 0.563403 -0.549363 0.0843033
 0.194738 0.116955 0.533486 -0.520853 0.0689843
 0.167254 0.0986992 0.492352 -0.480982 0.0571286
 0.149028 0.0863925 0.474302 -0.464228 0.048939
 0.131525 0.074863 0.443488 -0.434021 0.0410868
 0.114856 0.0643019 0.411545 -0.402779 0.0346632
 0.102785 0.0564861 0.387606 -0.379396 0.0293076
 0.0899592 0.0486182 0.355095 -0.347836 0.0246154
 0.0818413 0.043412 0.337246 -0.330317 0.0211587
 0.0742378 0.0385242 0.315233 -0.308702 0.0175835
 0.064733 0.0333513 0.281247 -0.275133 0.0152677
 0.0599817 0.0304188 0.264289 -0.258197 0.0134002
 0.0534917 0.0264975 0.235098 -0.229377 0.0105542
 0.0492197 0.0242459 0.218061 -0.212844 0.00971467
 0.0453882 0.0223278 0.19879 -0.193659 0.00919233
 0.0418524 0.0202703 0.180886 -0.175857 0.00783739
 0.0390776 0.0187022 0.166163 -0.161333 0.00695204
 0.0360311 0.01691 0.148022 -0.143408 0.0057393
 0.0336669 0.0157968 0.132755 -0.128418 0.00553594
 0.0312693 0.0145305 0.120257 -0.116112 0.00499583
 0.0295469 0.0136637 0.111348 -0.107397 0.00465458
 0.0282188 0.0127577 0.10018 -0.096445 0.00395681
 0.0266692 0.0119466 0.0913975 -0.0878792 0.00359988
 0.0253827 0.0112212 0.0823779 -0.0788835 0.00319068
 0.0236856 0.0104991 0.0749921 -0.0718286 0.00325537
 0.0228925 0.00983108 0.0701962 -0.0671701 0.00250403
 0.0219076 0.00959958 0.0644376 -0.0615612 0.00303859
 0.0210475 0.00902375 0.0600979 -0.0574674 0.00256852
 0.0205633 0.00889283 0.0569813 -0.0543632 0.00276926
 0.0199054 0.0084545 0.0536269 -0.0512124 0.00246898
 0.0189443 0.00801216 0.0505749 -0.0483556 0.00233337
 0.0182635 0.0077033 0.0474948 -0.045329 0.0023139
 0.0178002 0.00754585 0.0467546 -0.0447772 0.002487
 0.0172281 0.0071315 0.0446943 -0.0427803 0.00208623
 0.0170318 0.00706237 0.0450582 -0.0432713 0.00222676
 0.0162624 0.00675053 0.0409152 -0.0393141 0.00226557
 0.0159032 0.00659318 0.0402004 -0.038615 0.00224779
 0.0153764 0.00634335 0.0390968 -0.0376515 0.00219302
 0.0149353 0.00612577 0.0380338 -0.0366742 0.00217462
 0.0142488 0.00579207 0.0358973 -0.034651 0.0020055
 0.0140186 0.00566146 0.0341355 -0.0329902 0.00197129
 0.0133327 0.00534826 0.0320364 -0.0309365 0.00186363
 0.012942 0.00517608 0.0308292 -0.0297701 0.00185653
 0.0124596 0.00493948 0.0291084 -0.028212 0.00176607
 0.0119516 0.00474605 0.0272123 -0.0263745 0.00175472
 0.011414 0.00447517 0.024484 -0.0237202 0.00162747
 0.0110945 0.00431282 0.0225463 -0.0218146 0.00155284
 0.0105433 0.0040807 0.0203307 -0.0196968 0.00147797
 0.0101077 0.00388587 0.0190363 -0.0184672 0.00141308
 0.00970392 0.00370749 0.0172242 -0.0167016 0.00135929
 0.00923533 0.00349417 0.0155636 -0.0150949 0.00125837
 0.00887417 0.0033537 0.0143127 -0.0138993 0.00124692
 0.00847017 0.00315724 0.0130685 -0.0126997 0.00112799
 0.00803673 0.00298001 0.0113794 -0.0110563 0.0010812
 0.00766043 0.00282004 0.0102125 -0.009942 0.00102498
 0.00729915 0.00266835 0.00924383 -0.00902425 0.000964942
 0.00691495 0.00250985 0.00820068 -0.00800423 0.000904158
 0.00656964 0.00236906 0.00733913 -0.00716977 0.000854425
 0.00626641 0.00223763 0.00652456 -0.00638822 0.000790662
 0 0 0 0 0
 0 0 0 0 0
 0 0 0 0 0
 0 0 0 0 0
 0 0 0 0 0
 0 0 0 0 0
 0 0 0 0 0
 0 0 0 0 0
 0 0 0 0 0
 0 0 0 0 0
 0 0 0 0 0
 0 0 0 0 0
 0 0 0 0 0
 0 0 0 0 0
 0 0 0 0 0
 0 0 0 0 0
 0 0 0 0 0
 0 0 0 0 0
 0 0 0 0 0
 0 0 0 0 0
 0 0 0 0 0
 0 0 0 0 0
 0 0 0 0 0
 0 0 0 0 0
 0 0 0 0 0
 0 0 0 0 0
 0 0 0 0 0
 0 0 0 0 0
 0 0 0 0 0
 0 0 0 0 0
 0 0 0 0 0
 0 0 0 0 0
 0 0 0 0 0
 0 0 0 0 0
 0 0 0 0 0
 0 0 0 0 0
 0 0 0 0 0
 0 0 0 0 0
 0 0 0 0 0
 0 0 0 0 0
 0 0 0 0 0
 0 0 0 0 0
 0 0 0 0 0
 0 0 0 0 0
 0 0 0 0 0
 20.2996 18.2866 0.566632 -0.502297 16.4809
 9.94483 8.7495 0.592477 -0.53066 7.70498
 6.11015 5.25185 0.632369 -0.571402 4.5206
 4.02773 3.38402 0.643098 -0.586867 2.84907
 2.89786 2.38048 0.662067 -0.609563 1.96061
 2.19789 1.76583 0.686987 -0.635988 1.42294
 1.68033 1.32096 0.687042 -0.641257 1.04279
 1.36926 1.05368 0.708675 -0.665547 0.814294
 1.10092 0.829388 0.706735 -0.667923 0.627312
 0.899733 0.664313 0.694482 -0.659192 0.493386
 0.736542 0.532579 0.678802 -0.647273 0.387128
 0.633815 0.449238 0.688829 -0.660033 0.320113
 0.531024 0.368924 0.667419 -0.641353 0.257277
 0.456718 0.311383 0.659401 -0.636118 0.213629
 0.388535 0.25974 0.639508 -0.618734 0.174633
 0.3389 0.222349 0.622952 -0.604475 0.146338
 0.291142 0.187359 0.599956 -0.582877 0.120542
 0.255954 0.161561 0.582408 -0.567357 0.10169
 0.222575 0.137989 0.554295 -0.540392 0.0850033
 0.194509 0.118538 0.529599 -0.517159 0.0717835
 0.170269 0.101818 0.503234 -0.491783 0.0599791
 0.14933 0.0877317 0.476693 -0.466112 0.0505933
 0.131782 0.07617 0.448183 -0.438677 0.0430985
 0.117602 0.066778 0.423362 -0.414618 0.0367435
 0.104412 0.0580741 0.398601 -0.390589 0.0306404
 0.0912558 0.0498246 0.365374 -0.357787 0.0252402
 0.0827552 0.0446602 0.344402 -0.337318 0.0225738
 0.0734512 0.0389265 0.316599 -0.309851 0.0188698
 0.0659831 0.0346664 0.292384 -0.286197 0.0169028
 0.0596941 0.0305749 0.267353 -0.261422 0.0135139
 0.0546059 0.0278395 0.248828 -0.24305 0.0124807
 0.0498067 0.0251739 0.228148 -0.222753 0.0111151
 0.0454518 0.0225153 0.206721 -0.201574 0.00922925
 0.0421055 0.0206742 0.187303 -0.182463 0.00831327
 0.0381758 0.0183382 0.168406 -0.163614 0.00673682
 0.0359191 0.0172465 0.154927 -0.15038 0.00656543
 0.0334977 0.0157959 0.138747 -0.134522 0.0054367
 0.031272 0.0145682 0.125932 -0.121888 0.00484746
 0.0289915 0.0135198 0.113634 -0.109753 0.00478715
 0.0275562 0.0127312 0.103806 -0.100065 0.00439317
 0.0258363 0.0117968 0.0940092 -0.0904967 0.00390004
 0.0246101 0.0112043 0.0842142 -0.0808865 0.00376748
 0.0234176 0.0105436 0.0780336 -0.0748221 0.00350512
 0.0225422 0.0100893 0.0720603 -0.0689644 0.00326887
 0.0219214 0.00955258 0.067381 -0.0645053 0.00274992
 0.0206117 0.00910725 0.0607416 -0.0580025 0.00300138
 0.0198945 0.00846025 0.0569997 -0.0543767 0.00226058
 0.0191807 0.00827618 0.0532319 -0.0507877 0.00252312
 0.01869 0.00803482 0.0510169 -0.0487491 0.00249391
 0.0180371 0.0077324 0.0476732 -0.0457189 0.00252972
 0.017649 0.00757993 0.0469241 -0.0449362 0.00255654
 0.0170269 0.00716217 0.0442012 -0.0423575 0.00223147
 0.0163077 0.00688915 0.0422714 -0.0405028 0.00230103
 0.0160102 0.00677854 0.0421736 -0.04049 0.00237073
 0.015513 0.0064922 0.0396931 -0.0382048 0.00226295
 0.0151955 0.00636071 0.0388832 -0.0374308 0.00228747
 0.0146937 0.00613354 0.0372717 -0.0358985 0.00228472
 0.0140303 0.00578251 0.0349205 -0.0336817 0.00203678
 0.0136468 0.00561556 0.0337347 -0.0324957 0.00204132
 0.0130091 0.00529992 0.0315578 -0.0305262 0.00191256
 0.0126225 0.00511433 0.0298898 -0.0288752 0.00187412
 0.0123956 0.00501298 0.0289065 -0.0279638 0.0018515
 0.0117724 0.0047251 0.0256989 -0.0248854 0.00176578
 0.011563 0.00459322 0.0247783 -0.0240004 0.00169449
 0.0109448 0.00433818 0.0224267 -0.0217341 0.00162708
 0.0104811 0.00411197 0.0204084 -0.0197654 0.00152375
 0.0102233 0.00400321 0.0196325 -0.0190512 0.00149604
 0.00958775 0.00372894 0.0172177 -0.0167117 0.00142319
 0.0092255 0.00355213 0.0156113 -0.0151621 0.00133043
 0.00883225 0.00336916 0.0140562 -0.01365 0.00123747
 0.00835192 0.00317397 0.0128192 -0.0124727 0.00118983
 0.0080161 0.00301843 0.0114753 -0.0111643 0.00110936
 0.0076436 0.00285358 0.0104007 -0.0101188 0.00104104
 0.00729763 0.0027172 0.0092545 -0.00901683 0.00101794
 0.00696647 0.00256112 0.00821901 -0.0080176 0.000924117
 0.00662335 0.00242146 0.00721392 -0.00705112 0.000878975
 0 0 0 0 0
 0 0 0 0 0
 0 0 0 0 0
 0 0 0 0 0
 0 0 0 0 0
 0 0 0 0 0
 0 0 0 0 0
 0 0 0 0 0
 0 0 0 0 0
 0 0 0 0 0
 0 0 0 0 0
 0 0 0 0 0
 0 0 0 0 0
 0 0 0 0 0
 0 0 0 0 0
 0 0 0 0 0
 0 0 0 0 0
 0 0 0 0 0
 0 0 0 0 0
 0 0 0 0 0
 0 0 0 0 0
 0 0 0 0 0
 0 0 0 0 0
 0 0 0 0 0
 0 0 0 0 0
 0 0 0 0 0
 0 0 0 0 0
 0 0 0 0 0
 0 0 0 0 0
 0 0 0 0 0
 0 0 0 0 0
 0 0 0 0 0
 0 0 0 0 0
 0 0 0 0 0
 0 0 0 0 0
 0 0 0 0 0
 0 0 0 0 0
 0 0 0 0 0
 0 0 0 0 0
 0 0 0 0 0
 0 0 0 0 0
 0 0 0 0 0
 0 0 0 0 0
 0 0 0 0 0
 0 0 0 0 0
 0 0 0 0 0
 19.2593 17.4331 0.507283 -0.449774 15.7877
 9.47375 8.37992 0.535965 -0.480216 7.41942
 5.79436 5.00936 0.58057 -0.525423 4.33693
 3.78243 3.19768 0.588462 -0.537128 2.70862
 2.74027 2.26595 0.610732 -0.562059 1.87872
 2.06381 1.66991 0.63195 -0.585862 1.3555
 1.60751 1.27358 0.641668 -0.599017 1.01335
 1.28864 0.999408 0.655476 -0.61592 0.778854
 1.05985 0.805302 0.667782 -0.631228 0.615056
 0.8774 0.653265 0.671925 -0.638133 0.48911
 0.733542 0.535412 0.671427 -0.640883 0.393308
 0.619877 0.44343 0.664876 -0.637273 0.319103
 0.522658 0.366769 0.653056 -0.627944 0.258915
 0.442663 0.304651 0.639023 -0.616002 0.210789
 0.385454 0.260447 0.62728 -0.606781 0.176823
 0.330857 0.219233 0.608858 -0.590497 0.145734
 0.287299 0.187012 0.589257 -0.572616 0.122223
 0.254808 0.162824 0.576523 -0.561523 0.104055
 0.219176 0.137583 0.549063 -0.535479 0.0864575
 0.193135 0.119129 0.528907 -0.516456 0.0732433
 0.169042 0.102443 0.502262 -0.491126 0.0617718
 0.150682 0.0898142 0.482753 -0.472358 0.0531123
 0.13478 0.0787795 0.46086 -0.451313 0.0448717
 0.115014 0.0660058 0.420457 -0.411693 0.0366718
 0.103296 0.0586314 0.394498 -0.386177 0.0324225
 0.0935992 0.0519714 0.379538 -0.371898 0.0274058
 0.0823398 0.0451426 0.347103 -0.340241 0.0234993
 0.0735443 0.0394907 0.32331 -0.316843 0.0195453
 0.065499 0.0347422 0.295896 -0.28976 0.0169715
 0.0594919 0.0311607 0.275088 -0.268953 0.0148982
 0.0544992 0.0278368 0.254417 -0.248841 0.0121198
 0.0495547 0.0253335 0.230757 -0.225302 0.0114724
 0.045426 0.0226233 0.211102 -0.205882 0.009236
 0.04191 0.0209069 0.193937 -0.188768 0.00888033
 0.0384068 0.0189459 0.176037 -0.171308 0.0077603
 0.0358859 0.0173369 0.161853 -0.157369 0.0064971
 0.0332132 0.0157739 0.145814 -0.141415 0.00558858
 0.0305998 0.0144709 0.128751 -0.124653 0.00506898
 0.0292685 0.0138576 0.118936 -0.114987 0.00515966
 0.0272144 0.0126591 0.10832 -0.104536 0.00439999
 0.0261434 0.0121207 0.100336 -0.0966667 0.00430074
 0.0246473 0.0113817 0.0897142 -0.0864267 0.00394182
 0.023395 0.0105967 0.0811309 -0.0780061 0.00345353
 0.0226344 0.010177 0.074467 -0.0714638 0.00324585
 0.021372 0.0095565 0.0685021 -0.0656059 0.00307007
 0.0204898 0.00908892 0.0631492 -0.0603904 0.00291627
 0.0195251 0.00848217 0.0581044 -0.0555502 0.00255277
 0.018897 0.00826514 0.054019 -0.0516473 0.00260761
 0.0179743 0.00780977 0.0501813 -0.0478993 0.00244792
 0.0177521 0.00770574 0.0484421 -0.0462806 0.00254304
 0.0170048 0.00738733 0.0456916 -0.0437436 0.00256782
 0.0167578 0.00723641 0.0436053 -0.0417092 0.00256107
 0.0161299 0.00684133 0.0428246 -0.0410663 0.00221234
 0.0158678 0.00678433 0.0404502 -0.0388179 0.00243273
 0.0153151 0.00646182 0.0396308 -0.0380991 0.00222064
 0.0146369 0.00614684 0.0376296 -0.0361612 0.00210851
 0.0142269 0.00596868 0.0364547 -0.0351382 0.00214113
 0.0139353 0.00580532 0.0349618 -0.0337102 0.00206458
 0.0133688 0.00560631 0.0328318 -0.0316498 0.00215792
 0.0129764 0.00537122 0.030924 -0.0298852 0.00202303
 0.0124747 0.00514038 0.0296481 -0.0286486 0.00194308
 0.0119581 0.00491255 0.0275502 -0.0266648 0.00189099
 0.0113622 0.00461858 0.0251127 -0.0242918 0.00175632
 0.0111684 0.00450793 0.0235523 -0.0228048 0.00170263
 0.0106863 0.00428788 0.0219837 -0.0212775 0.00163034
 0.0103916 0.00416098 0.0210098 -0.0203813 0.00159692
 0.00977117 0.00386595 0.0179827 -0.0174106 0.00147484
 0.00960325 0.00376872 0.017227 -0.0167345 0.00140594
 0.00902167 0.00350887 0.015377 -0.0149328 0.00129397
 0.00876117 0.00339498 0.014398 -0.0140106 0.0012753
 0.00836733 0.00322137 0.0130319 -0.0126902 0.00121068
 0.0079725 0.00303987 0.0114091 -0.0111257 0.00113943
 0.00767857 0.00291527 0.0105632 -0.0102947 0.00109947
 0.00724624 0.00272699 0.00930775 -0.00908167 0.0010191
 0.00691216 0.00258857 0.00831311 -0.00811587 0.000970075
 0 0 0 0 0
 0 0 0 0 0
 0 0 0 0 0
 0 0 0 0 0
 0 0 0 0 0
 0 0 0 0 0
 0 0 0 0 0
 0 0 0 0 0
 0 0 0 0 0
 0 0 0 0 0
 0 0 0 0 0
 0 0 0 0 0
 0 0 0 0 0
 0 0 0 0 0
 0 0 0 0 0
 0 0 0 0 0
 0 0 0 0 0
 0 0 0 0 0
 0 0 0 0 0
 0 0 0 0 0
 0 0 0 0 0
 0 0 0 0 0
 0 0 0 0 0
 0 0 0 0 0
 0 0 0 0 0
 0 0 0 0 0
 0 0 0 0 0
 0 0 0 0 0
 0 0 0 0 0
 0 0 0 0 0
 0 0 0 0 0
 0 0 0 0 0
 0 0 0 0 0
 0 0 0 0 0
 0 0 0 0 0
 0 0 0 0 0
 0 0 0 0 0
 0 0 0 0 0
 0 0 0 0 0
 0 0 0 0 0
 0 0 0 0 0
 0 0 0 0 0
 0 0 0 0 0
 0 0 0 0 0
 0 0 0 0 0
 0 0 0 0 0
 0 0 0 0 0
 18.6563 16.9629 0.4645 -0.412001 15.4308
 8.96033 7.96469 0.488857 -0.438712 7.08657
 5.37449 4.67212 0.518461 -0.469317 4.06813
 3.58854 3.05177 0.544055 -0.49748 2.60133
 2.57226 2.14078 0.562025 -0.517543 1.78666
 1.95876 1.59579 0.587016 -0.544944 1.30467
 1.55313 1.23898 0.610477 -0.570365 0.992483
 1.25017 0.976808 0.626242 -0.588795 0.766716
 1.01249 0.775242 0.633098 -0.598698 0.596797
 0.841642 0.631662 0.639116 -0.607598 0.476967
 0.69717 0.513073 0.629326 -0.600923 0.379964
 0.598689 0.432148 0.642048 -0.614939 0.314129
 0.504815 0.357469 0.628749 -0.604659 0.254972
 0.432137 0.300213 0.617244 -0.595552 0.209919
 0.372409 0.254037 0.605262 -0.585853 0.174388
 0.332047 0.22229 0.606835 -0.588563 0.149548
 0.282643 0.185778 0.577669 -0.561272 0.122747
 0.248444 0.160331 0.565865 -0.550922 0.103563
 0.216933 0.137628 0.542968 -0.52908 0.0873817
 0.189291 0.117951 0.517173 -0.505009 0.0732252
 0.172127 0.105669 0.511827 -0.500525 0.0648771
 0.149048 0.0897392 0.478478 -0.468193 0.053473
 0.126964 0.0750009 0.438641 -0.429494 0.0432897
 0.113647 0.0658231 0.416185 -0.407753 0.0368647
 0.103123 0.0591476 0.39963 -0.391713 0.0331733
 0.0904292 0.0505999 0.369196 -0.361755 0.0268081
 0.0832521 0.0460209 0.353677 -0.346554 0.0240389
 0.0733907 0.0401367 0.324275 -0.317549 0.0207752
 0.0656372 0.0350446 0.298727 -0.292632 0.0169942
 0.0602062 0.0317826 0.280963 -0.275062 0.0152109
 0.0550788 0.0288552 0.26067 -0.254918 0.0137557
 0.0503279 0.0261337 0.239522 -0.233972 0.0122892
 0.0454438 0.0231112 0.217945 -0.212817 0.0101658
 0.0417053 0.020923 0.196608 -0.191614 0.00879925
 0.0382514 0.0191083 0.178977 -0.174143 0.00806683
 0.0357573 0.0176101 0.166435 -0.161902 0.00716134
 0.033412 0.0163342 0.149157 -0.144868 0.0064959
 0.0310157 0.0150457 0.136271 -0.132056 0.00598152
 0.0286299 0.0135903 0.12249 -0.118618 0.00493088
 0.0272492 0.0130127 0.113018 -0.109295 0.00506921
 0.025671 0.0121832 0.102007 -0.0984492 0.0046688
 0.023789 0.0109848 0.0900583 -0.0867758 0.00373028
 0.0232411 0.0106945 0.0852583 -0.0820362 0.0036879
 0.022148 0.0101242 0.0777934 -0.0747272 0.00354249
 0.0209655 0.00954358 0.071217 -0.0683614 0.00339161
 0.0197118 0.00889875 0.0630691 -0.0604709 0.00308885
 0.0191303 0.00850158 0.0599011 -0.0573316 0.0027644
 0.0189052 0.008435 0.0557796 -0.0533507 0.00293787
 0.0176658 0.00780383 0.0503741 -0.0481814 0.00264616
 0.0170718 0.00739303 0.0478348 -0.0458531 0.00231158
 0.0168813 0.00744621 0.046513 -0.044591 0.00270946
 0.016257 0.0070742 0.0440104 -0.0421518 0.00250858
 0.015586 0.00674342 0.0421583 -0.0405418 0.00235334
 0.0153103 0.0066005 0.0396395 -0.0380227 0.00236338
 0.0147075 0.00626473 0.0376458 -0.0361762 0.00216408
 0.0142831 0.00609885 0.0359026 -0.0345402 0.00220688
 0.0137914 0.00584936 0.0347777 -0.0335336 0.00212846
 0.0133511 0.00562976 0.0330571 -0.0318478 0.00206019
 0.0129203 0.0054205 0.0311834 -0.0300768 0.00199797
 0.0127813 0.00538577 0.0312496 -0.0301726 0.00209424
 0.0122868 0.00512417 0.0290274 -0.0280356 0.00195196
 0.0118485 0.00491795 0.0271498 -0.0262894 0.00190299
 0.0114526 0.00473993 0.0256682 -0.0248219 0.00186673
 0.0108405 0.00444763 0.0233073 -0.0225673 0.00172558
 0.0105557 0.00428959 0.0213896 -0.0207015 0.00165925
 0.0101977 0.00414068 0.0201838 -0.0195668 0.00164897
 0.00985417 0.00395288 0.0185903 -0.0180088 0.00151436
 0.00933625 0.00372478 0.0169249 -0.0164236 0.00143957
 0.0089315 0.00354221 0.0151538 -0.0147227 0.00138383
 0.00858775 0.00336827 0.0141629 -0.0137546 0.00128037
 0.00820818 0.00319393 0.0127895 -0.0124397 0.00121245
 0.0078758 0.00306914 0.0114463 -0.0111384 0.00120838
 0.00764287 0.00293527 0.0106373 -0.0103647 0.00110939
 0.00716051 0.00273441 0.00923708 -0.00901125 0.00104248
 0 0 0 0 0
 0 0 0 0 0
 0 0 0 0 0
 0 0 0 0 0
 0 0 0 0 0
 0 0 0 0 0
 0 0 0 0 0
 0 0 0 0 0
 0 0 0 0 0
 0 0 0 0 0
 0 0 0 0 0
 0 0 0 0 0
 0 0 0 0 0
 0 0 0 0 0
 0 0 0 0 0
 0 0 0 0 0
 0 0 0 0 0
 0 0 0 0 0
 0 0 0 0 0
 0 0 0 0 0
 0 0 0 0 0
 0 0 0 0 0
 0 0 0 0 0
 0 0 0 0 0
 0 0 0 0 0
 0 0 0 0 0
 0 0 0 0 0
 0 0 0 0 0
 0 0 0 0 0
 0 0 0 0 0
 0 0 0 0 0
 0 0 0 0 0
 0 0 0 0 0
 0 0 0 0 0
 0 0 0 0 0
 0 0 0 0 0
 0 0 0 0 0
 0 0 0 0 0
 0 0 0 0 0
 0 0 0 0 0
 0 0 0 0 0
 0 0 0 0 0
 0 0 0 0 0
 0 0 0 0 0
 0 0 0 0 0
 0 0 0 0 0
 0 0 0 0 0
 0 0 0 0 0
 18.0653 16.4945 0.422363 -0.375022 15.0679
 8.60667 7.68618 0.449612 -0.403914 6.87109
 5.07884 4.43762 0.474221 -0.429674 3.88342
 3.43498 2.93739 0.504923 -0.461328 2.51789
 2.446 2.04787 0.522181 -0.480909 1.71986
 1.83608 1.50551 0.534106 -0.495903 1.2392
 1.46336 1.17537 0.563487 -0.526427 0.948575
 1.17522 0.92495 0.577762 -0.54327 0.731901
 0.954967 0.736746 0.587046 -0.555041 0.571898
 0.798057 0.603623 0.597402 -0.567202 0.459213
 0.686413 0.509426 0.617408 -0.589274 0.380965
 0.581446 0.423203 0.617537 -0.591682 0.310102
 0.498324 0.355896 0.613083 -0.589818 0.255848
 0.427807 0.300082 0.608879 -0.587388 0.212168
 0.365507 0.251699 0.592177 -0.572732 0.174501
 0.323824 0.218997 0.590535 -0.572791 0.148996
 0.277793 0.184512 0.567079 -0.55132 0.123307
 0.241198 0.157423 0.544627 -0.530194 0.103226
 0.213712 0.137022 0.534511 -0.521292 0.0879533
 0.189499 0.11953 0.520283 -0.507923 0.0755068
 0.167 0.103351 0.495987 -0.485164 0.0636376
 0.144658 0.0881108 0.464634 -0.454602 0.053355
 0.128627 0.0769008 0.443479 -0.434452 0.0452153
 0.114326 0.0673628 0.421676 -0.413102 0.0391489
 0.103346 0.0598348 0.404667 -0.396678 0.0337588
 0.0917842 0.0522248 0.37538 -0.367602 0.0285481
 0.0825808 0.0463519 0.356729 -0.349547 0.0250912
 0.0733296 0.0403788 0.328265 -0.321674 0.0208487
 0.0672902 0.0366702 0.311378 -0.305017 0.0188711
 0.0601878 0.03224 0.284947 -0.278989 0.0158543
 0.0542853 0.0285903 0.262142 -0.25646 0.0134778
 0.0506854 0.0265443 0.246672 -0.241161 0.0125824
 0.0458182 0.0237688 0.225424 -0.220223 0.011188
 0.0416666 0.0213243 0.204514 -0.199513 0.009687
 0.0382722 0.019179 0.185939 -0.181167 0.00800386
 0.0362355 0.0182082 0.174228 -0.169774 0.00802438
 0.0334827 0.0164957 0.157874 -0.153492 0.00667496
 0.0310208 0.0151134 0.142519 -0.138184 0.00601765
 0.02917 0.0142491 0.130578 -0.126614 0.00584678
 0.0270508 0.0130652 0.11716 -0.113338 0.00519365
 0.0253049 0.0119195 0.10576 -0.102241 0.00424937
 0.0244143 0.0113423 0.0984608 -0.0950267 0.00387865
 0.0228892 0.0106257 0.0874008 -0.084205 0.00372586
 0.0217602 0.010044 0.0801092 -0.077061 0.00355575
 0.0208604 0.00965142 0.0732534 -0.0702578 0.00357138
 0.0197887 0.00895517 0.0653968 -0.062728 0.00305325
 0.0191728 0.00868383 0.0613379 -0.0588159 0.00302787
 0.0181142 0.0081599 0.0552441 -0.0529277 0.00288115
 0.0174647 0.00774824 0.0517251 -0.0494415 0.00261024
 0.0168009 0.00741456 0.0479198 -0.045852 0.00251751
 0.0165845 0.00732353 0.0455052 -0.0435387 0.00259267
 0.0161528 0.0071062 0.0437566 -0.0418337 0.00252078
 0.0157187 0.00687885 0.0426921 -0.0408817 0.00245022
 0.0149115 0.00650634 0.0394369 -0.0378619 0.00235146
 0.0145076 0.00632755 0.0369985 -0.0354824 0.0024008
 0.0140402 0.00608174 0.0360239 -0.0346061 0.00224888
 0.0137132 0.00592295 0.0338928 -0.0325803 0.00226032
 0.0132857 0.00570852 0.0332652 -0.0320466 0.00219477
 0.012765 0.00542448 0.0309475 -0.0298083 0.00204946
 0.0125621 0.00532467 0.030362 -0.0293025 0.00204669
 0.0119192 0.00503745 0.0280112 -0.0270307 0.00196498
 0.0116173 0.00486641 0.0268708 -0.0259651 0.00186606
 0.0112617 0.00467555 0.0252742 -0.0244626 0.00176355
 0.0108198 0.00447929 0.023133 -0.022362 0.00173363
 0.0104745 0.00430482 0.021637 -0.0209572 0.00166282
 0.00999067 0.00408389 0.0197547 -0.0191558 0.00158653
 0.00959208 0.00390901 0.0182148 -0.0176601 0.00155113
 0.00920117 0.00372863 0.0165577 -0.0160603 0.00148787
 0.00889167 0.00356762 0.0151202 -0.0146858 0.0014005
 0.00864875 0.00345571 0.0142872 -0.0139062 0.00137184
 0.00828545 0.00328804 0.0125502 -0.0122078 0.0013101
 0.00776749 0.00304259 0.0114357 -0.0111313 0.00116648
 0.00749225 0.00292429 0.0103422 -0.0100652 0.00113684
 0 0 0 0 0
 0 0 0 0 0
 0 0 0 0 0
 0 0 0 0 0
 0 0 0 0 0
 0 0 0 0 0
 0 0 0 0 0
 0 0 0 0 0
 0 0 0 0 0
 0 0 0 0 0
 0 0 0 0 0
 0 0 0 0 0
 0 0 0 0 0
 0 0 0 0 0
 0 0 0 0 0
 0 0 0 0 0
 0 0 0 0 0
 0 0 0 0 0
 0 0 0 0 0
 0 0 0 0 0
 0 0 0 0 0
 0 0 0 0 0
 0 0 0 0 0
 0 0 0 0 0
 0 0 0 0 0
 0 0 0 0 0
 0 0 0 0 0
 0 0 0 0 0
 0 0 0 0 0
 0 0 0 0 0
 0 0 0 0 0
 0 0 0 0 0
 0 0 0 0 0
 0 0 0 0 0
 0 0 0 0 0
 0 0 0 0 0
 0 0 0 0 0
 0 0 0 0 0
 0 0 0 0 0
 0 0 0 0 0
 0 0 0 0 0
 0 0 0 0 0
 0 0 0 0 0
 0 0 0 0 0
 0 0 0 0 0
 0 0 0 0 0
 0 0 0 0 0
 0 0 0 0 0
 0 0 0 0 0
 17.2252 15.7899 0.379608 -0.336948 14.482
 8.1045 7.26988 0.406764 -0.364603 6.52823
 4.75905 4.17865 0.42957 -0.389135 3.67542
 3.13889 2.69855 0.448667 -0.409786 2.32567
 2.2897 1.92802 0.477169 -0.43945 1.62904
 1.75946 1.45128 0.503862 -0.467535 1.20195
 1.3689 1.10645 0.518382 -0.484759 0.8988
 1.11133 0.880592 0.539433 -0.507078 0.701889
 0.919342 0.714261 0.556827 -0.526763 0.558383
 0.779083 0.593679 0.577128 -0.548593 0.45541
 0.649575 0.485749 0.576087 -0.549738 0.366159
 0.542789 0.398281 0.571551 -0.547567 0.294565
 0.469952 0.338374 0.573703 -0.551448 0.24555
 0.411003 0.290701 0.580541 -0.560011 0.207322
 0.358056 0.248717 0.570802 -0.55243 0.17431
 0.310735 0.212074 0.564087 -0.547298 0.145923
 0.275361 0.184521 0.558341 -0.543015 0.124441
 0.238248 0.157018 0.536549 -0.522313 0.104152
 0.211132 0.136629 0.528348 -0.515189 0.0885158
 0.183754 0.11704 0.503652 -0.491952 0.0747172
 0.163247 0.10232 0.486961 -0.475813 0.064323
 0.146798 0.0904258 0.473528 -0.463324 0.0555868
 0.130105 0.0788643 0.446648 -0.437384 0.0475335
 0.114208 0.0680223 0.42147 -0.413019 0.0399457
 0.103083 0.0604759 0.405608 -0.397596 0.0349032
 0.0902175 0.0521214 0.374133 -0.366939 0.0294781
 0.0837667 0.0474274 0.364672 -0.357457 0.0255826
 0.0714522 0.0400708 0.321459 -0.315232 0.0217549
 0.0664045 0.0365606 0.311516 -0.305346 0.0189574
 0.0593211 0.0322272 0.287493 -0.281492 0.0164933
 0.0547553 0.0293835 0.271552 -0.265725 0.0146533
 0.0500395 0.0264953 0.249508 -0.244141 0.0128733
 0.0450642 0.0235463 0.225502 -0.220319 0.0111277
 0.0416391 0.0215853 0.209504 -0.204667 0.0100663
 0.0384653 0.0198039 0.191772 -0.187033 0.009193
 0.0355659 0.0179945 0.175042 -0.170493 0.00788033
 0.0329705 0.0165344 0.158887 -0.154646 0.00715773
 0.0302373 0.014954 0.143997 -0.139975 0.00620657
 0.028575 0.0140423 0.130408 -0.126381 0.00574748
 0.0271991 0.0131883 0.121648 -0.117887 0.00519154
 0.0253785 0.0121709 0.110243 -0.106671 0.00471167
 0.0235842 0.0112155 0.0973267 -0.0940733 0.00420856
 0.0224298 0.0105747 0.0901175 -0.0869775 0.00394398
 0.0211443 0.00989733 0.0811673 -0.0781472 0.00364912
 0.0204487 0.00940283 0.0742981 -0.0714632 0.00325689
 0.0195242 0.0090415 0.0676547 -0.0649659 0.00333339
 0.0187237 0.0086355 0.0627765 -0.0602748 0.00326331
 0.0179326 0.00823838 0.0574173 -0.0551038 0.00315747
 0.0172631 0.00778937 0.0532241 -0.0510021 0.00274422
 0.0165334 0.00749238 0.0487897 -0.0466377 0.0028127
 0.0160648 0.00717189 0.0456948 -0.0437042 0.00257355
 0.0156736 0.0070241 0.0435434 -0.0416893 0.00263354
 0.0150264 0.00663211 0.0404848 -0.0388293 0.00238888
 0.0146642 0.00642086 0.0388712 -0.0372627 0.00230039
 0.0143245 0.00628527 0.0375288 -0.0360157 0.00233923
 0.01386 0.00604453 0.0361765 -0.0348426 0.00228698
 0.0135073 0.0058859 0.0343346 -0.0330063 0.00225557
 0.0129501 0.00566101 0.032774 -0.0316128 0.00227652
 0.0127916 0.00549789 0.0310115 -0.0298712 0.00207703
 0.0121459 0.00521137 0.0293063 -0.0282974 0.00205484
 0.0117029 0.00499283 0.0273037 -0.0263063 0.00197111
 0.0114106 0.00483236 0.0257162 -0.0248576 0.00186373
 0.010894 0.00461016 0.0241056 -0.0233261 0.00185972
 0.0106649 0.00447601 0.022572 -0.0218492 0.00178165
 0.0103934 0.00435792 0.0216459 -0.0209851 0.00178232
 0.00993558 0.00410027 0.0203483 -0.0197252 0.00160379
 0.00945033 0.00389218 0.0180657 -0.0175217 0.00156238
 0.00916967 0.00372985 0.0166823 -0.0162006 0.00145028
 0.00879583 0.00357666 0.0152097 -0.0147831 0.00143476
 0.00849283 0.00342427 0.0138334 -0.0134405 0.00136206
 0.0081629 0.00326898 0.0127025 -0.0123578 0.00129038
 0.00770553 0.00307283 0.0112533 -0.0109524 0.00122347
 0 0 0 0 0
 0 0 0 0 0
 0 0 0 0 0
 0 0 0 0 0
 0 0 0 0 0
 0 0 0 0 0
 0 0 0 0 0
 0 0 0 0 0
 0 0 0 0 0
 0 0 0 0 0
 0 0 0 0 0
 0 0 0 0 0
 0 0 0 0 0
 0 0 0 0 0
 0 0 0 0 0
 0 0 0 0 0
 0 0 0 0 0
 0 0 0 0 0
 0 0 0 0 0
 0 0 0 0 0
 0 0 0 0 0
 0 0 0 0 0
 0 0 0 0 0
 0 0 0 0 0
 0 0 0 0 0
 0 0 0 0 0
 0 0 0 0 0
 0 0 0 0 0
 0 0 0 0 0
 0 0 0 0 0
 0 0 0 0 0
 0 0 0 0 0
 0 0 0 0 0
 0 0 0 0 0
 0 0 0 0 0
 0 0 0 0 0
 0 0 0 0 0
 0 0 0 0 0
 0 0 0 0 0
 0 0 0 0 0
 0 0 0 0 0
 0 0 0 0 0
 0 0 0 0 0
 0 0 0 0 0
 0 0 0 0 0
 0 0 0 0 0
 0 0 0 0 0
 0 0 0 0 0
 0 0 0 0 0
 0 0 0 0 0
 16.5532 15.2295 0.347217 -0.308587 14.0192
 7.68052 6.91832 0.370619 -0.332492 6.23911
 4.57103 4.03183 0.399659 -0.361948 3.56292
 2.95238 2.5508 0.40879 -0.373334 2.20948
 2.13043 1.80343 0.431206 -0.396987 1.53183
 1.6455 1.36533 0.456144 -0.423391 1.13795
 1.2655 1.0292 0.470228 -0.438966 0.84135
 1.05593 0.842125 0.503256 -0.47289 0.675749
 0.861558 0.673912 0.514194 -0.486022 0.530726
 0.732026 0.561675 0.537221 -0.510708 0.434013
 0.626699 0.472078 0.550172 -0.525097 0.358687
 0.531902 0.39334 0.5532 -0.529802 0.293647
 0.454203 0.329741 0.552993 -0.531895 0.241535
 0.401061 0.28598 0.561544 -0.542191 0.205741
 0.345538 0.242095 0.552521 -0.53476 0.171202
 0.299224 0.205992 0.541676 -0.525138 0.143227
 0.268734 0.181984 0.546479 -0.531123 0.124406
 0.231389 0.153797 0.520698 -0.507089 0.102918
 0.203395 0.133127 0.506939 -0.494298 0.0878817
 0.176473 0.11368 0.483369 -0.471807 0.0739192
 0.160281 0.10135 0.477189 -0.466597 0.0641717
 0.145433 0.0905475 0.469681 -0.459518 0.0564512
 0.127567 0.0780771 0.441695 -0.432518 0.047597
 0.113588 0.0683708 0.419898 -0.41136 0.0406969
 0.101148 0.0600936 0.397148 -0.389044 0.0353845
 0.0909383 0.0531936 0.375838 -0.368291 0.0307687
 0.0801919 0.0461795 0.349691 -0.342937 0.0261013
 0.073178 0.0414 0.334548 -0.327985 0.0225495
 0.066405 0.0370041 0.313322 -0.307113 0.0196447
 0.0604417 0.0333465 0.294061 -0.288031 0.0175598
 0.0549081 0.0297682 0.2736 -0.267883 0.0150977
 0.0500532 0.0268184 0.254161 -0.248587 0.0133323
 0.0455994 0.0240818 0.231336 -0.226402 0.0115378
 0.0416893 0.0217934 0.21405 -0.209146 0.0102575
 0.038212 0.0198013 0.195158 -0.190415 0.0091615
 0.0355169 0.0181452 0.177736 -0.173154 0.00808798
 0.0326787 0.0165776 0.162138 -0.157913 0.00735848
 0.0305282 0.0152686 0.150487 -0.146422 0.00649152
 0.0284938 0.0141897 0.137016 -0.133099 0.00606368
 0.0270043 0.0131428 0.126557 -0.122803 0.00516796
 0.0248422 0.0121503 0.111732 -0.108203 0.00507938
 0.0232538 0.0111527 0.0996167 -0.0963317 0.00427516
 0.0224612 0.0107977 0.0924625 -0.08921 0.00432096
 0.0212187 0.0100031 0.0846825 -0.0817492 0.00371528
 0.0197356 0.00925917 0.0763497 -0.073617 0.00349888
 0.0189994 0.008948 0.0694029 -0.0667605 0.00351862
 0.0184346 0.00848558 0.0633928 -0.0608519 0.00307921
 0.0174847 0.00798286 0.0584063 -0.0561059 0.00281575
 0.0170807 0.00784581 0.0542918 -0.0520281 0.00295618
 0.0161207 0.00728058 0.0498128 -0.0477151 0.00259174
 0.0156209 0.00706372 0.0463327 -0.0444339 0.00259334
 0.0155727 0.00706726 0.0437972 -0.0419138 0.00275786
 0.0149903 0.00671278 0.0412869 -0.0395368 0.00253019
 0.0142316 0.00635351 0.0389664 -0.0373941 0.00242493
 0.0137432 0.00615639 0.0357692 -0.0342593 0.00245258
 0.0136883 0.00612309 0.0356142 -0.0342063 0.00246505
 0.0128184 0.00560764 0.0329752 -0.0316758 0.00211317
 0.0126469 0.00554458 0.0319535 -0.0307641 0.00218777
 0.0123984 0.00541032 0.0303423 -0.0292148 0.00213357
 0.0122351 0.00534837 0.0296807 -0.0286333 0.00220565
 0.0115706 0.0050279 0.027259 -0.0263027 0.00205708
 0.0111768 0.00479598 0.0251952 -0.0243185 0.00193279
 0.0108353 0.00463539 0.0240123 -0.0232192 0.00188267
 0.010533 0.00447138 0.0226763 -0.0219469 0.00180676
 0.0100775 0.0042447 0.0208452 -0.0201822 0.00169042
 0.00982275 0.00411868 0.0191044 -0.0184989 0.00165681
 0.00932742 0.00389174 0.0182387 -0.0176983 0.00157712
 0.00894067 0.00368473 0.0164912 -0.0159954 0.00144979
 0.00877767 0.00362378 0.0151782 -0.0147488 0.00149073
 0.00841108 0.00343937 0.0138313 -0.0134339 0.00139217
 0.00789201 0.00320298 0.0124569 -0.0121139 0.0012793
 0 0 0 0 0
 0 0 0 0 0
 0 0 0 0 0
 0 0 0 0 0
 0 0 0 0 0
 0 0 0 0 0
 0 0 0 0 0
 0 0 0 0 0
 0 0 0 0 0
 0 0 0 0 0
 0 0 0 0 0
 0 0 0 0 0
 0 0 0 0 0
 0 0 0 0 0
 0 0 0 0 0
 0 0 0 0 0
 0 0 0 0 0
 0 0 0 0 0
 0 0 0 0 0
 0 0 0 0 0
 0 0 0 0 0
 0 0 0 0 0
 0 0 0 0 0
 0 0 0 0 0
 0 0 0 0 0
 0 0 0 0 0
 0 0 0 0 0
 0 0 0 0 0
 0 0 0 0 0
 0 0 0 0 0
 0 0 0 0 0
 0 0 0 0 0
 0 0 0 0 0
 0 0 0 0 0
 0 0 0 0 0
 0 0 0 0 0
 0 0 0 0 0
 0 0 0 0 0
 0 0 0 0 0
 0 0 0 0 0
 0 0 0 0 0
 0 0 0 0 0
 0 0 0 0 0
 0 0 0 0 0
 0 0 0 0 0
 0 0 0 0 0
 0 0 0 0 0
 0 0 0 0 0
 0 0 0 0 0
 0 0 0 0 0
 0 0 0 0 0
 15.8359 14.6198 0.316453 -0.280998 13.5047
 7.35938 6.65492 0.340758 -0.305643 6.02491
 4.21933 3.73773 0.355905 -0.321847 3.31751
 2.79222 2.42407 0.372941 -0.340536 2.11052
 2.03066 1.72783 0.397884 -0.366562 1.47571
 1.57269 1.31179 0.430263 -0.398962 1.09907
 1.235 1.01022 0.449688 -0.419887 0.830882
 1.00887 0.809415 0.473513 -0.444721 0.653695
 0.817622 0.643621 0.484112 -0.456998 0.510357
 0.708132 0.547108 0.508969 -0.483313 0.426013
 0.595143 0.451396 0.516718 -0.49306 0.345289
 0.512666 0.381698 0.526209 -0.504243 0.286528
 0.439647 0.321628 0.527906 -0.507838 0.237625
 0.373255 0.268225 0.518152 -0.499687 0.194749
 0.328727 0.232167 0.523018 -0.505776 0.165617
 0.28877 0.200501 0.523207 -0.5074 0.140935
 0.256702 0.17522 0.517436 -0.503017 0.120902
 0.229025 0.153649 0.516183 -0.502925 0.104159
 0.201561 0.133046 0.505833 -0.493348 0.0886
 0.180202 0.116985 0.492329 -0.480665 0.0764103
 0.159707 0.102144 0.474508 -0.463632 0.0658805
 0.141224 0.08876 0.453118 -0.443548 0.0559433
 0.12666 0.0784228 0.439588 -0.430574 0.0486662
 0.113167 0.0688853 0.418771 -0.410402 0.0416583
 0.10109 0.0604851 0.400141 -0.392023 0.0357104
 0.0905783 0.0534445 0.379757 -0.372146 0.031017
 0.0802779 0.046479 0.352585 -0.345704 0.0260574
 0.0734397 0.0419897 0.33683 -0.330296 0.0231873
 0.066767 0.0376069 0.318448 -0.312126 0.0202869
 0.059786 0.0333076 0.295513 -0.289648 0.01777
 0.0547602 0.0301096 0.276711 -0.270906 0.0158049
 0.0500327 0.0272269 0.2579 -0.252466 0.014082
 0.0453281 0.0240793 0.235379 -0.230152 0.0115383
 0.0416013 0.022123 0.218053 -0.213139 0.0109764
 0.0386345 0.0202172 0.202024 -0.197197 0.00956442
 0.035147 0.0182279 0.183437 -0.178956 0.00853483
 0.0331274 0.0169948 0.170515 -0.16625 0.00770643
 0.0300783 0.0152668 0.15093 -0.146863 0.00671766
 0.0287055 0.0143877 0.14337 -0.139419 0.00620492
 0.0263206 0.0131372 0.125227 -0.121566 0.00570409
 0.0245137 0.012171 0.113058 -0.109483 0.00525906
 0.0235516 0.0115415 0.105628 -0.102183 0.00482763
 0.0218629 0.0106316 0.095045 -0.0918817 0.00442012
 0.0209742 0.0101358 0.0871775 -0.0841358 0.00417501
 0.0196833 0.00935358 0.0779876 -0.075261 0.0036409
 0.0192267 0.00904633 0.0730057 -0.0702822 0.0034586
 0.018085 0.00841708 0.0653601 -0.0627916 0.00312045
 0.0171935 0.00806938 0.0582731 -0.0560606 0.00321511
 0.0167299 0.00774533 0.0552969 -0.0531865 0.00294834
 0.0160802 0.00736804 0.0500374 -0.0479431 0.00273172
 0.0156012 0.00719719 0.0474249 -0.0455102 0.00284885
 0.014976 0.0068276 0.043765 -0.0419687 0.00263643
 0.0143612 0.00652818 0.040273 -0.0386048 0.00255646
 0.0141091 0.00638491 0.0382712 -0.0366889 0.00250922
 0.0136758 0.00613901 0.0368828 -0.0354582 0.00240135
 0.0133938 0.00602057 0.0347957 -0.033432 0.00241661
 0.012812 0.00572055 0.0332895 -0.0320254 0.00227016
 0.0124715 0.00553071 0.0312376 -0.0300827 0.00220523
 0.0120927 0.00530661 0.0289526 -0.0278441 0.0020761
 0.0115742 0.00509696 0.0280706 -0.0270596 0.00207645
 0.0114073 0.00501251 0.0272183 -0.0262974 0.00207919
 0.0109588 0.00476421 0.0252329 -0.0243467 0.00192583
 0.010598 0.00458331 0.0238983 -0.0231192 0.00186938
 0.0102664 0.00442815 0.0225377 -0.0218063 0.00183356
 0.0100331 0.00427412 0.0213108 -0.0206423 0.00172413
 0.00957358 0.00407644 0.0193035 -0.0187154 0.00169718
 0.00924583 0.00390433 0.0173839 -0.0168265 0.00160157
 0.00882683 0.00368006 0.0162135 -0.015744 0.00147949
 0.00858025 0.00356343 0.0150045 -0.0145623 0.0014466
 0.00817044 0.00338847 0.0135102 -0.0131429 0.00140074
 0 0 0 0 0
 0 0 0 0 0
 0 0 0 0 0
 0 0 0 0 0
 0 0 0 0 0
 0 0 0 0 0
 0 0 0 0 0
 0 0 0 0 0
 0 0 0 0 0
 0 0 0 0 0
 0 0 0 0 0
 0 0 0 0 0
 0 0 0 0 0
 0 0 0 0 0
 0 0 0 0 0
 0 0 0 0 0
 0 0 0 0 0
 0 0 0 0 0
 0 0 0 0 0
 0 0 0 0 0
 0 0 0 0 0
 0 0 0 0 0
 0 0 0 0 0
 0 0 0 0 0
 0 0 0 0 0
 0 0 0 0 0
 0 0 0 0 0
 0 0 0 0 0
 0 0 0 0 0
 0 0 0 0 0
 0 0 0 0 0
 0 0 0 0 0
 0 0 0 0 0
 0 0 0 0 0
 0 0 0 0 0
 0 0 0 0 0
 0 0 0 0 0
 0 0 0 0 0
 0 0 0 0 0
 0 0 0 0 0
 0 0 0 0 0
 0 0 0 0 0
 0 0 0 0 0
 0 0 0 0 0
 0 0 0 0 0
 0 0 0 0 0
 0 0 0 0 0
 0 0 0 0 0
 0 0 0 0 0
 0 0 0 0 0
 0 0 0 0 0
 0 0 0 0 0
 15.3177 14.1875 0.289898 -0.257486 13.1488
 6.84364 6.21138 0.302387 -0.271214 5.64455
 3.97539 3.53629 0.32386 -0.292917 3.15239
 2.61334 2.27896 0.340598 -0.310616 1.99351
 1.92548 1.64629 0.368073 -0.339292 1.41321
 1.42723 1.19672 0.381727 -0.353758 1.00847
 1.14149 0.939025 0.407618 -0.380572 0.777371
 0.960317 0.775085 0.438686 -0.411962 0.629738
 0.770384 0.610249 0.44516 -0.420857 0.487383
 0.658019 0.511664 0.465877 -0.44207 0.401268
 0.560657 0.428129 0.477824 -0.455333 0.329996
 0.490484 0.367831 0.498283 -0.477663 0.278464
 0.427663 0.315111 0.505411 -0.485662 0.234639
 0.366163 0.265038 0.50716 -0.489747 0.193983
 0.32682 0.232524 0.510764 -0.493623 0.16718
 0.276513 0.19345 0.494861 -0.479462 0.136869
 0.254991 0.175414 0.511559 -0.496918 0.12184
 0.221938 0.150076 0.500117 -0.486768 0.10232
 0.193437 0.128731 0.479404 -0.467264 0.0864933
 0.173033 0.113384 0.473447 -0.461983 0.0749213
 0.152808 0.098315 0.454372 -0.44407 0.0634566
 0.137257 0.0869867 0.444627 -0.435213 0.0552597
 0.121949 0.0762729 0.423092 -0.414165 0.0479764
 0.112197 0.0690138 0.414664 -0.406267 0.0424848
 0.100805 0.0609985 0.400314 -0.392373 0.0366108
 0.09003 0.0537508 0.379133 -0.37171 0.0318292
 0.079677 0.0468159 0.352755 -0.345827 0.0270695
 0.072659 0.042026 0.337096 -0.330564 0.0236636
 0.0655626 0.0372829 0.311408 -0.305296 0.0203884
 0.0584459 0.0329065 0.29023 -0.284382 0.017875
 0.0539037 0.0299665 0.275515 -0.269892 0.0160417
 0.0494214 0.0270688 0.259055 -0.253612 0.0140298
 0.0450199 0.0244015 0.239282 -0.23425 0.0124312
 0.041101 0.0220436 0.219569 -0.21476 0.0110199
 0.0378991 0.0200249 0.201688 -0.197176 0.00961708
 0.0356208 0.0186153 0.190326 -0.18576 0.008765
 0.0326135 0.0168612 0.173493 -0.169246 0.00777199
 0.030049 0.0155108 0.155157 -0.151032 0.00727102
 0.0282628 0.0144039 0.143327 -0.139434 0.00652176
 0.0259952 0.0130564 0.12859 -0.124909 0.00569913
 0.0243331 0.0121704 0.117479 -0.113953 0.00532407
 0.0232871 0.0114195 0.108567 -0.105175 0.00463053
 0.021891 0.0106072 0.098095 -0.0949758 0.00413626
 0.0208293 0.0101452 0.0893342 -0.086365 0.0042224
 0.0195277 0.0093995 0.0807437 -0.0780069 0.00378468
 0.0186851 0.00888917 0.0744432 -0.0717854 0.00350785
 0.0176232 0.00838933 0.0659502 -0.0635592 0.00339146
 0.0170984 0.0080443 0.0615711 -0.0592467 0.0031536
 0.0166687 0.00784899 0.0568431 -0.0546419 0.00317735
 0.015714 0.00729941 0.0514839 -0.0494212 0.00283464
 0.0152613 0.00706271 0.0472973 -0.0453924 0.00277213
 0.0146567 0.0067379 0.0446936 -0.0428668 0.00258352
 0.0142356 0.00653397 0.0415181 -0.0398208 0.00258592
 0.0140329 0.00641465 0.0390662 -0.0374798 0.00255923
 0.0132206 0.00600863 0.036616 -0.0352038 0.00238048
 0.0127817 0.00574783 0.0335498 -0.0322142 0.00225184
 0.0126463 0.00569265 0.0326493 -0.031357 0.00229858
 0.0120491 0.00541129 0.0299033 -0.0287155 0.0022331
 0.0118518 0.00530532 0.0293891 -0.0282694 0.00221123
 0.0114515 0.00508081 0.0278144 -0.0268247 0.00208428
 0.0112105 0.00496749 0.0264679 -0.02554 0.00207125
 0.010818 0.00478395 0.0248808 -0.0240405 0.0020436
 0.010361 0.00453034 0.0234266 -0.0226202 0.00187695
 0.00991642 0.0043154 0.0211513 -0.0204755 0.00181077
 0.00984258 0.00425699 0.0205489 -0.0199197 0.0017737
 0.00946808 0.00405649 0.0186376 -0.018068 0.00167026
 0.0091415 0.00390293 0.0173338 -0.0167972 0.00162771
 0.0087525 0.00371131 0.0161198 -0.0156283 0.00153813
 0.008404 0.00353276 0.0151056 -0.014671 0.00145338
 0 0 0 0 0
 0 0 0 0 0
 0 0 0 0 0
 0 0 0 0 0
 0 0 0 0 0
 0 0 0 0 0
 0 0 0 0 0
 0 0 0 0 0
 0 0 0 0 0
 0 0 0 0 0
 0 0 0 0 0
 0 0 0 0 0
 0 0 0 0 0
 0 0 0 0 0
 0 0 0 0 0
 0 0 0 0 0
 0 0 0 0 0
 0 0 0 0 0
 0 0 0 0 0
 0 0 0 0 0
 0 0 0 0 0
 0 0 0 0 0
 0 0 0 0 0
 0 0 0 0 0
 0 0 0 0 0
 0 0 0 0 0
 0 0 0 0 0
 0 0 0 0 0
 0 0 0 0 0
 0 0 0 0 0
 0 0 0 0 0
 0 0 0 0 0
 0 0 0 0 0
 0 0 0 0 0
 0 0 0 0 0
 0 0 0 0 0
 0 0 0 0 0
 0 0 0 0 0
 0 0 0 0 0
 0 0 0 0 0
 0 0 0 0 0
 0 0 0 0 0
 0 0 0 0 0
 0 0 0 0 0
 0 0 0 0 0
 0 0 0 0 0
 0 0 0 0 0
 0 0 0 0 0
 0 0 0 0 0
 0 0 0 0 0
 0 0 0 0 0
 0 0 0 0 0
 0 0 0 0 0
 14.8462 13.7929 0.266171 -0.236282 12.8223
 6.75084 6.14846 0.287807 -0.257593 5.60713
 3.78427 3.37944 0.295864 -0.26745 3.02458
 2.46013 2.15437 0.309767 -0.282283 1.89264
 1.80219 1.54802 0.337457 -0.309833 1.33549
 1.38792 1.16958 0.359757 -0.333162 0.990867
 1.09762 0.907633 0.380445 -0.35511 0.755342
 0.888933 0.721448 0.399481 -0.375194 0.589909
 0.733013 0.584069 0.413255 -0.389994 0.46942
 0.620976 0.48575 0.431468 -0.40967 0.383133
 0.528457 0.406042 0.442468 -0.421844 0.31511
 0.462723 0.349348 0.463445 -0.444084 0.266738
 0.405908 0.301143 0.475015 -0.456801 0.225917
 0.350239 0.255354 0.477738 -0.460469 0.188345
 0.314636 0.225523 0.489173 -0.473073 0.163522
 0.267034 0.188198 0.474872 -0.460261 0.13417
 0.242822 0.168477 0.485838 -0.471812 0.118475
 0.215845 0.147315 0.479533 -0.466873 0.101857
 0.19053 0.127979 0.471477 -0.459342 0.0871358
 0.171479 0.113215 0.465081 -0.454124 0.0753817
 0.154132 0.100357 0.454482 -0.444156 0.0660474
 0.135885 0.087045 0.438378 -0.428892 0.0562266
 0.122663 0.0773386 0.422637 -0.413582 0.0489637
 0.108108 0.0672505 0.402847 -0.394732 0.0420848
 0.0983142 0.0601398 0.389445 -0.381422 0.0367812
 0.088385 0.0534186 0.371766 -0.364451 0.03231
 0.080229 0.0475758 0.357197 -0.350104 0.0278654
 0.0726751 0.0424833 0.335303 -0.328717 0.0243572
 0.0648346 0.0373581 0.316227 -0.309974 0.0210383
 0.0600792 0.0340699 0.301257 -0.295402 0.0185472
 0.053896 0.030206 0.278441 -0.272929 0.0161947
 0.0485968 0.0269352 0.255836 -0.25054 0.0142298
 0.0449565 0.0246606 0.239576 -0.234537 0.0128767
 0.0412981 0.0223662 0.223512 -0.218626 0.0113683
 0.0373577 0.0200078 0.202612 -0.198082 0.00996367
 0.0345378 0.0182273 0.188433 -0.184097 0.00873417
 0.0322727 0.0168957 0.172816 -0.168633 0.00800861
 0.0297496 0.0153529 0.160806 -0.156715 0.00699787
 0.0277518 0.0141103 0.144267 -0.140443 0.00612428
 0.0261522 0.0133228 0.134639 -0.13098 0.00606382
 0.0242941 0.0123124 0.119134 -0.115645 0.00554519
 0.0230483 0.0114297 0.110767 -0.107377 0.00481341
 0.021854 0.0109432 0.100862 -0.0977142 0.00494325
 0.0206432 0.0100885 0.0926492 -0.089735 0.00419922
 0.018968 0.0092275 0.0819283 -0.0792036 0.00384348
 0.018463 0.0088915 0.0753944 -0.0727952 0.00357331
 0.0173843 0.00833093 0.0682521 -0.0658317 0.00339315
 0.016961 0.00809992 0.063736 -0.0613948 0.00330677
 0.0160329 0.00754544 0.0570751 -0.0549366 0.00297324
 0.0156123 0.00740457 0.0530095 -0.0508973 0.00304331
 0.0150287 0.00702162 0.0485967 -0.0466948 0.0027957
 0.0144186 0.00669485 0.0448057 -0.0429923 0.00266043
 0.0139242 0.0064479 0.0411386 -0.0395114 0.0025814
 0.0134633 0.00618638 0.0387254 -0.0371906 0.00246947
 0.0130012 0.00595791 0.0361216 -0.0346751 0.00240967
 0.0126135 0.00575584 0.0339176 -0.0325838 0.00235009
 0.0124743 0.00570726 0.0323653 -0.0310757 0.00240944
 0.0121434 0.00550506 0.0303113 -0.0291602 0.00230138
 0.0114578 0.00514131 0.0284509 -0.027395 0.00209403
 0.0112903 0.00505587 0.0274288 -0.0264341 0.00209363
 0.0107209 0.00478897 0.0248797 -0.0239936 0.00201215
 0.0105956 0.00470147 0.0239751 -0.0231217 0.00196585
 0.0101973 0.00451121 0.0225392 -0.0217933 0.0019059
 0.00988392 0.00436448 0.0215212 -0.0208052 0.00187172
 0.00971275 0.00425058 0.0196924 -0.0190821 0.00181168
 0.00930192 0.00404868 0.0185963 -0.018027 0.0017347
 0.00894442 0.00385977 0.0170905 -0.0165653 0.00161722
 0.00876175 0.00373948 0.0161981 -0.0157233 0.0015418
 0 0 0 0 0
 0 0 0 0 0
 0 0 0 0 0
 0 0 0 0 0
 0 0 0 0 0
 0 0 0 0 0
 0 0 0 0 0
 0 0 0 0 0
 0 0 0 0 0
 0 0 0 0 0
 0 0 0 0 0
 0 0 0 0 0
 0 0 0 0 0
 0 0 0 0 0
 0 0 0 0 0
 0 0 0 0 0
 0 0 0 0 0
 0 0 0 0 0
 0 0 0 0 0
 0 0 0 0 0
 0 0 0 0 0
 0 0 0 0 0
 0 0 0 0 0
 0 0 0 0 0
 0 0 0 0 0
 0 0 0 0 0
 0 0 0 0 0
 0 0 0 0 0
 0 0 0 0 0
 0 0 0 0 0
 0 0 0 0 0
 0 0 0 0 0
 0 0 0 0 0
 0 0 0 0 0
 0 0 0 0 0
 0 0 0 0 0
 0 0 0 0 0
 0 0 0 0 0
 0 0 0 0 0
 0 0 0 0 0
 0 0 0 0 0
 0 0 0 0 0
 0 0 0 0 0
 0 0 0 0 0
 0 0 0 0 0
 0 0 0 0 0
 0 0 0 0 0
 0 0 0 0 0
 0 0 0 0 0
 0 0 0 0 0
 0 0 0 0 0
 0 0 0 0 0
 0 0 0 0 0
 0 0 0 0 0
 14.6787 13.6768 0.248356 -0.219973 12.7515
 6.41428 5.86107 0.262058 -0.234567 5.3629
 3.62747 3.25126 0.276774 -0.249752 2.92082
 2.43427 2.14023 0.299464 -0.272506 1.88804
 1.70412 1.47014 0.307841 -0.282729 1.27398
 1.29256 1.09446 0.327534 -0.302787 0.932175
 1.02708 0.853617 0.348612 -0.324748 0.714307
 0.826493 0.674477 0.362968 -0.340063 0.554872
 0.690839 0.553556 0.385349 -0.36336 0.447538
 0.588061 0.46276 0.400654 -0.379889 0.367647
 0.516174 0.399151 0.427084 -0.406596 0.31199
 0.435719 0.331003 0.43453 -0.415842 0.254394
 0.386591 0.288741 0.448306 -0.430554 0.218272
 0.339585 0.249425 0.459867 -0.443082 0.185748
 0.296896 0.214332 0.460421 -0.444943 0.156594
 0.263767 0.187283 0.463453 -0.449222 0.134723
 0.233655 0.163272 0.464045 -0.45068 0.115656
 0.206993 0.142475 0.459997 -0.447481 0.0995858
 0.185872 0.125796 0.456026 -0.444716 0.0863425
 0.170195 0.113439 0.460348 -0.449521 0.0765675
 0.148282 0.0973017 0.437925 -0.427907 0.0646271
 0.132366 0.0854733 0.42403 -0.414579 0.0556348
 0.120195 0.0764487 0.416694 -0.408007 0.0489872
 0.107445 0.0673501 0.399635 -0.391439 0.042376
 0.0978592 0.0604851 0.388668 -0.380845 0.0375389
 0.0872758 0.0531709 0.369612 -0.362369 0.03237
 0.078477 0.0471378 0.350148 -0.343372 0.028268
 0.0705121 0.0415864 0.330734 -0.324338 0.0241375
 0.0642393 0.0375188 0.312864 -0.306737 0.0216872
 0.0583545 0.0335304 0.295077 -0.289272 0.0188061
 0.0535432 0.0302979 0.279574 -0.27389 0.0165407
 0.0492783 0.0276562 0.262953 -0.257592 0.0150058
 0.0452677 0.0250623 0.246331 -0.241158 0.0132752
 0.0399615 0.021765 0.220463 -0.2157 0.0111346
 0.0370465 0.0200428 0.205063 -0.200562 0.0101553
 0.0347521 0.0186495 0.192343 -0.187898 0.00933592
 0.0321573 0.0170408 0.177587 -0.173343 0.008348
 0.029573 0.0155353 0.159243 -0.155226 0.00745112
 0.0275135 0.0142317 0.147444 -0.143729 0.00656356
 0.025902 0.0133135 0.136189 -0.132618 0.00612987
 0.0244673 0.0124556 0.124736 -0.121292 0.00563232
 0.0228468 0.011502 0.113258 -0.110021 0.00500752
 0.0217384 0.0109573 0.104222 -0.101152 0.00498037
 0.0205416 0.0101617 0.0944425 -0.0915133 0.00428072
 0.0194447 0.00957125 0.0858325 -0.0830097 0.00409813
 0.0182463 0.00885442 0.0784312 -0.0758817 0.00363306
 0.0174534 0.00857075 0.070773 -0.0683018 0.00379942
 0.0165035 0.00800662 0.0625833 -0.0603214 0.00342977
 0.0160268 0.00769532 0.0583001 -0.056128 0.003247
 0.0150912 0.0071397 0.0532986 -0.0513373 0.00287852
 0.014731 0.00700528 0.0495136 -0.0476614 0.00295817
 0.0142002 0.00662884 0.0452195 -0.0434541 0.0026246
 0.0135694 0.00630835 0.0415677 -0.0399429 0.00250296
 0.0133028 0.00621935 0.0389622 -0.0374108 0.00261432
 0.0129173 0.00595412 0.0370879 -0.0356482 0.00239603
 0.0123834 0.00571712 0.0345904 -0.0332426 0.00237932
 0.0120828 0.00553411 0.0326017 -0.0313991 0.00227965
 0.0116879 0.0053597 0.030084 -0.0289734 0.00228612
 0.0113356 0.00518462 0.0284327 -0.0274038 0.00221002
 0.0110066 0.00500785 0.0272735 -0.0262833 0.00215119
 0.0105974 0.00478828 0.0257305 -0.0248424 0.0020329
 0.0103856 0.00465777 0.0235784 -0.0227661 0.00198275
 0.0101246 0.00455078 0.0225572 -0.0217906 0.00199599
 0.00982217 0.00437944 0.0210473 -0.0203329 0.00190049
 0.00946525 0.00418798 0.019945 -0.0193013 0.00180037
 0.00907525 0.00398232 0.0181212 -0.0175637 0.00169528
 0.00884525 0.00385734 0.0166673 -0.0161635 0.00165682
 0 0 0 0 0
 0 0 0 0 0
 0 0 0 0 0
 0 0 0 0 0
 0 0 0 0 0
 0 0 0 0 0
 0 0 0 0 0
 0 0 0 0 0
 0 0 0 0 0
 0 0 0 0 0
 0 0 0 0 0
 0 0 0 0 0
 0 0 0 0 0
 0 0 0 0 0
 0 0 0 0 0
 0 0 0 0 0
 0 0 0 0 0
 0 0 0 0 0
 0 0 0 0 0
 0 0 0 0 0
 0 0 0 0 0
 0 0 0 0 0
 0 0 0 0 0
 0 0 0 0 0
 0 0 0 0 0
 0 0 0 0 0
 0 0 0 0 0
 0 0 0 0 0
 0 0 0 0 0
 0 0 0 0 0
 0 0 0 0 0
 0 0 0 0 0
 0 0 0 0 0
 0 0 0 0 0
 0 0 0 0 0
 0 0 0 0 0
 0 0 0 0 0
 0 0 0 0 0
 0 0 0 0 0
 0 0 0 0 0
 0 0 0 0 0
 0 0 0 0 0
 0 0 0 0 0
 0 0 0 0 0
 0 0 0 0 0
 0 0 0 0 0
 0 0 0 0 0
 0 0 0 0 0
 0 0 0 0 0
 0 0 0 0 0
 0 0 0 0 0
 0 0 0 0 0
 0 0 0 0 0
 0 0 0 0 0
 0 0 0 0 0
 14.5612 13.6037 0.234768 -0.207639 12.7171
 6.24973 5.72837 0.246447 -0.220134 5.25792
 3.50512 3.15231 0.258285 -0.232753 2.84142
 2.29709 2.02747 0.271467 -0.246922 1.79571
 1.63512 1.41643 0.288627 -0.264599 1.23259
 1.22188 1.03912 0.304241 -0.281084 0.888892
 0.972217 0.811812 0.325027 -0.302077 0.682774
 0.784405 0.643296 0.336162 -0.314766 0.531972
 0.669906 0.53954 0.365049 -0.344128 0.438503
 0.560597 0.443691 0.378449 -0.358323 0.354877
 0.481627 0.374512 0.396037 -0.377396 0.294382
 0.416343 0.318284 0.407985 -0.389927 0.246476
 0.369128 0.277407 0.423418 -0.406573 0.211113
 0.324597 0.239929 0.431883 -0.416214 0.179802
 0.285137 0.207288 0.438442 -0.423493 0.152903
 0.257287 0.184088 0.448592 -0.434867 0.133673
 0.223793 0.157611 0.441728 -0.428694 0.112802
 0.20047 0.138912 0.446539 -0.434428 0.0975825
 0.179563 0.122476 0.439428 -0.428231 0.08475
 0.163278 0.109722 0.441067 -0.430329 0.0747411
 0.144778 0.0957267 0.426724 -0.416853 0.0640922
 0.131208 0.0854808 0.421045 -0.411584 0.0563207
 0.115627 0.0741315 0.402793 -0.394168 0.0478392
 0.103538 0.0654104 0.387887 -0.379897 0.0415913
 0.0965158 0.0601076 0.382891 -0.375277 0.0375557
 0.0853933 0.0524897 0.361183 -0.354077 0.0324197
 0.0782952 0.0474827 0.350809 -0.343865 0.0288443
 0.0700178 0.0417151 0.328482 -0.322245 0.0246834
 0.0634912 0.0372284 0.310679 -0.304577 0.0212856
 0.0583662 0.0339005 0.294217 -0.288418 0.0193201
 0.0524453 0.0300062 0.276641 -0.271218 0.0166736
 0.0484347 0.0274777 0.261572 -0.256277 0.0152052
 0.0441064 0.0246084 0.241975 -0.236978 0.0131009
 0.0400682 0.022225 0.222588 -0.217957 0.0118669
 0.0376121 0.0207376 0.20986 -0.205186 0.0111269
 0.0344178 0.0185408 0.19313 -0.188667 0.00923442
 0.0317707 0.0170625 0.177387 -0.173136 0.00862308
 0.0295697 0.0158138 0.163817 -0.159867 0.00804477
 0.0274486 0.0144151 0.149796 -0.146088 0.00693824
 0.0254637 0.0131243 0.136738 -0.133138 0.00594141
 0.0241672 0.012492 0.126292 -0.122825 0.00587538
 0.0227683 0.0116508 0.116397 -0.113223 0.00534747
 0.0209711 0.0105414 0.103668 -0.100634 0.00462693
 0.0198382 0.0099045 0.0940958 -0.091235 0.00428901
 0.0188131 0.00924842 0.08703 -0.0843225 0.0038247
 0.0179003 0.00885867 0.0788091 -0.0761956 0.0039044
 0.0173158 0.008468 0.072745 -0.0703131 0.00359412
 0.0163507 0.00792407 0.06489 -0.0625978 0.00330835
 0.0156238 0.00754728 0.0592886 -0.0571828 0.00318404
 0.0149284 0.0072147 0.0554809 -0.0535058 0.00312247
 0.0145652 0.00694461 0.0499657 -0.0480433 0.00289719
 0.0139593 0.00661987 0.0454594 -0.0437924 0.00275051
 0.0134092 0.00639181 0.0426314 -0.0409734 0.00278168
 0.0129588 0.00609196 0.0393428 -0.0378463 0.00256771
 0.0127551 0.00597748 0.0371276 -0.035666 0.00251824
 0.0122687 0.00575336 0.0336342 -0.0323139 0.00249154
 0.0119683 0.00557982 0.0320966 -0.0308732 0.00242149
 0.01151 0.00531557 0.0291298 -0.0279566 0.00225769
 0.0110997 0.00512767 0.0271215 -0.0260873 0.00223069
 0.0107872 0.0049485 0.0264312 -0.0254348 0.00213592
 0.0103913 0.00472832 0.0250665 -0.0242066 0.00200899
 0.0102279 0.00462658 0.0241962 -0.0233453 0.0019718
 0.00979608 0.00441564 0.0220942 -0.0213683 0.00190011
 0.00965708 0.00433003 0.0211818 -0.0204576 0.0018612
 0.00932825 0.00417921 0.019728 -0.0190672 0.00183687
 0.00917017 0.00407906 0.0183466 -0.0177761 0.0017912
 0 0 0 0 0
 0 0 0 0 0
 0 0 0 0 0
 0 0 0 0 0
 0 0 0 0 0
 0 0 0 0 0
 0 0 0 0 0
 0 0 0 0 0
 0 0 0 0 0
 0 0 0 0 0
 0 0 0 0 0
 0 0 0 0 0
 0 0 0 0 0
 0 0 0 0 0
 0 0 0 0 0
 0 0 0 0 0
 0 0 0 0 0
 0 0 0 0 0
 0 0 0 0 0
 0 0 0 0 0
 0 0 0 0 0
 0 0 0 0 0
 0 0 0 0 0
 0 0 0 0 0
 0 0 0 0 0
 0 0 0 0 0
 0 0 0 0 0
 0 0 0 0 0
 0 0 0 0 0
 0 0 0 0 0
 0 0 0 0 0
 0 0 0 0 0
 0 0 0 0 0
 0 0 0 0 0
 0 0 0 0 0
 0 0 0 0 0
 0 0 0 0 0
 0 0 0 0 0
 0 0 0 0 0
 0 0 0 0 0
 0 0 0 0 0
 0 0 0 0 0
 0 0 0 0 0
 0 0 0 0 0
 0 0 0 0 0
 0 0 0 0 0
 0 0 0 0 0
 0 0 0 0 0
 0 0 0 0 0
 0 0 0 0 0
 0 0 0 0 0
 0 0 0 0 0
 0 0 0 0 0
 0 0 0 0 0
 0 0 0 0 0
 0 0 0 0 0
 14.3257 13.4178 0.221553 -0.195188 12.5755
 6.00559 5.52074 0.227178 -0.202788 5.08253
 3.34422 3.01767 0.237886 -0.214205 2.72993
 2.17703 1.92841 0.253043 -0.229772 1.71441
 1.5519 1.3498 0.266436 -0.243926 1.18004
 1.14777 0.980292 0.276605 -0.255153 0.842383
 0.921242 0.772777 0.297766 -0.276763 0.652997
 0.744393 0.613385 0.312323 -0.292277 0.509852
 0.624042 0.505399 0.329588 -0.30987 0.413556
 0.535772 0.426325 0.351937 -0.332721 0.34308
 0.456782 0.357142 0.366432 -0.348582 0.282484
 0.398261 0.306225 0.379989 -0.362798 0.238353
 0.350774 0.265188 0.396002 -0.379988 0.20318
 0.311734 0.231829 0.411863 -0.396229 0.174858
 0.281916 0.206308 0.427172 -0.412283 0.153073
 0.249198 0.179388 0.428925 -0.415445 0.131012
 0.217373 0.153973 0.426874 -0.414122 0.110662
 0.198476 0.138416 0.434704 -0.423102 0.0978392
 0.176883 0.121578 0.432565 -0.421405 0.08487
 0.158457 0.107282 0.428925 -0.418292 0.0737772
 0.142903 0.0951633 0.422663 -0.412675 0.064025
 0.127292 0.083625 0.40982 -0.400832 0.055735
 0.116548 0.0754392 0.403747 -0.395187 0.049365
 0.102519 0.0652953 0.381742 -0.373938 0.0419056
 0.0944633 0.059407 0.376563 -0.36897 0.0376359
 0.0829548 0.0513539 0.352547 -0.345571 0.0318576
 0.0744351 0.0454537 0.333171 -0.326635 0.0277877
 0.0695834 0.041988 0.327982 -0.32166 0.0253587
 0.0635874 0.0378558 0.31272 -0.306732 0.0224284
 0.0576827 0.0339218 0.296798 -0.291003 0.0198707
 0.0522092 0.0302669 0.27482 -0.26932 0.0172631
 0.047277 0.0269083 0.255828 -0.250807 0.0147826
 0.0441008 0.0249541 0.244594 -0.239522 0.0137477
 0.0403547 0.0225956 0.227358 -0.222587 0.0122882
 0.037216 0.0205422 0.213986 -0.209382 0.0107711
 0.0341328 0.0186508 0.197432 -0.193096 0.00966525
 0.0317082 0.0170958 0.181648 -0.177539 0.0086125
 0.0293774 0.0157139 0.166259 -0.162387 0.00780487
 0.0276493 0.0146624 0.155187 -0.151325 0.00719766
 0.025381 0.0133442 0.139597 -0.136054 0.00647812
 0.0241097 0.0125706 0.12889 -0.125444 0.00597343
 0.022261 0.0114825 0.115963 -0.112746 0.00538009
 0.0211693 0.010839 0.106543 -0.103501 0.00502118
 0.0197149 0.00996417 0.0956775 -0.0928008 0.00444352
 0.0187688 0.00946275 0.09025 -0.0875308 0.00429127
 0.0175825 0.00870483 0.0798182 -0.0772919 0.00370703
 0.0167968 0.00832815 0.0720782 -0.0697412 0.00367971
 0.016221 0.00793458 0.0683006 -0.066003 0.00339195
 0.0157214 0.00768704 0.0628411 -0.0606565 0.0033228
 0.0149323 0.00720071 0.0562312 -0.0541768 0.00301451
 0.0141252 0.00683072 0.0502616 -0.048448 0.00297642
 0.01373 0.006561 0.0471916 -0.0455091 0.00275646
 0.0130742 0.006233 0.0420341 -0.0404564 0.00263857
 0.0129688 0.00617177 0.0404374 -0.0388693 0.00263317
 0.0122669 0.00580468 0.036284 -0.034899 0.00247879
 0.0120225 0.00566666 0.0342863 -0.0329802 0.00244338
 0.0115828 0.00544983 0.0319167 -0.0307496 0.00238697
 0.0113182 0.00529461 0.0293888 -0.0282783 0.00230339
 0.0109941 0.00512454 0.0280956 -0.0270569 0.00225072
 0.0106655 0.00493686 0.026318 -0.0253726 0.00214458
 0.0102882 0.00473728 0.0242175 -0.0233292 0.00208421
 0.010101 0.00460573 0.0234947 -0.0226912 0.00197148
 0.00975717 0.00443706 0.0213672 -0.0206243 0.00193778
 0.00949733 0.00429774 0.0205713 -0.0198684 0.00187202
 0.00905108 0.0040739 0.019231 -0.0186257 0.00175912
 0 0 0 0 0
 0 0 0 0 0
 0 0 0 0 0
 0 0 0 0 0
 0 0 0 0 0
 0 0 0 0 0
 0 0 0 0 0
 0 0 0 0 0
 0 0 0 0 0
 0 0 0 0 0
 0 0 0 0 0
 0 0 0 0 0
 0 0 0 0 0
 0 0 0 0 0
 0 0 0 0 0
 0 0 0 0 0
 0 0 0 0 0
 0 0 0 0 0
 0 0 0 0 0
 0 0 0 0 0
 0 0 0 0 0
 0 0 0 0 0
 0 0 0 0 0
 0 0 0 0 0
 0 0 0 0 0
 0 0 0 0 0
 0 0 0 0 0
 0 0 0 0 0
 0 0 0 0 0
 0 0 0 0 0
 0 0 0 0 0
 0 0 0 0 0
 0 0 0 0 0
 0 0 0 0 0
 0 0 0 0 0
 0 0 0 0 0
 0 0 0 0 0
 0 0 0 0 0
 0 0 0 0 0
 0 0 0 0 0
 0 0 0 0 0
 0 0 0 0 0
 0 0 0 0 0
 0 0 0 0 0
 0 0 0 0 0
 0 0 0 0 0
 0 0 0 0 0
 0 0 0 0 0
 0 0 0 0 0
 0 0 0 0 0
 0 0 0 0 0
 0 0 0 0 0
 0 0 0 0 0
 0 0 0 0 0
 0 0 0 0 0
 0 0 0 0 0
 0 0 0 0 0
 14.2905 13.4175 0.207484 -0.182866 12.606
 5.89391 5.43299 0.217015 -0.193295 5.01573
 3.21892 2.91356 0.223602 -0.200648 2.64406
 2.08196 1.85065 0.23326 -0.211462 1.65133
 1.48625 1.29746 0.249779 -0.228245 1.13844
 1.1063 0.948825 0.259803 -0.239462 0.819422
 0.864892 0.728697 0.269943 -0.250395 0.618717
 0.711698 0.589272 0.290773 -0.271301 0.492619
 0.587808 0.478301 0.30318 -0.284784 0.393286
 0.495964 0.396782 0.318429 -0.301062 0.321321
 0.435576 0.34246 0.343828 -0.326642 0.27267
 0.380561 0.294203 0.357608 -0.341084 0.230503
 0.330646 0.251497 0.368215 -0.353067 0.194066
 0.297957 0.222932 0.388588 -0.373898 0.169305
 0.269851 0.198672 0.406057 -0.392008 0.148511
 0.239672 0.173685 0.408934 -0.395548 0.127788
 0.211428 0.150895 0.410342 -0.398221 0.109691
 0.192014 0.134963 0.415369 -0.403618 0.0966108
 0.170934 0.118296 0.41461 -0.403727 0.0832587
 0.153243 0.10445 0.411437 -0.401162 0.0723137
 0.138979 0.0932967 0.409307 -0.399795 0.0635847
 0.126356 0.0837233 0.401977 -0.393043 0.0564333
 0.112012 0.0730722 0.387867 -0.379503 0.0482896
 0.100306 0.0644801 0.373882 -0.366108 0.0419315
 0.0920483 0.058307 0.366906 -0.359668 0.0372309
 0.0820332 0.0513395 0.345884 -0.338973 0.0324798
 0.0767021 0.0472927 0.345763 -0.338876 0.0293464
 0.0700409 0.0425108 0.330675 -0.324261 0.0256893
 0.0624048 0.0372455 0.308403 -0.302425 0.0218357
 0.0556846 0.0329649 0.2861 -0.280361 0.0193728
 0.0516203 0.0301335 0.272845 -0.267417 0.0172742
 0.0461023 0.0265343 0.253531 -0.248466 0.0149093
 0.0428578 0.0245153 0.238671 -0.233824 0.013771
 0.0405461 0.0228003 0.230717 -0.225919 0.0123393
 0.0364822 0.0203817 0.208785 -0.204282 0.0110265
 0.0338025 0.0187459 0.191489 -0.187272 0.0100978
 0.0313724 0.0172323 0.180676 -0.176543 0.009112
 0.02945 0.0159996 0.168681 -0.164729 0.00823854
 0.0270877 0.0145173 0.154904 -0.151154 0.00727632
 0.025601 0.0136472 0.145568 -0.141955 0.00685862
 0.024109 0.0127411 0.131938 -0.128542 0.00631475
 0.0217261 0.0113601 0.116145 -0.112954 0.00549465
 0.0209147 0.0108587 0.107613 -0.104499 0.00521181
 0.019655 0.0101143 0.0983 -0.0954775 0.00476343
 0.0187593 0.00950525 0.0915267 -0.0887917 0.00429983
 0.0173539 0.00861933 0.0818514 -0.0793549 0.00365609
 0.0165447 0.00829163 0.0742646 -0.07198 0.00374978
 0.0157894 0.00785895 0.0690364 -0.0667813 0.00353329
 0.0150765 0.00743852 0.0616639 -0.0595425 0.00328109
 0.0145735 0.00711893 0.0571763 -0.0551797 0.00305567
 0.0140132 0.00683753 0.0519097 -0.0500629 0.00301063
 0.0131182 0.00632928 0.0467524 -0.0451072 0.00268437
 0.0128117 0.00613168 0.0437003 -0.0420614 0.00259233
 0.0124502 0.0059985 0.0395833 -0.0380563 0.00266817
 0.0118765 0.00562438 0.0359512 -0.0345578 0.00237476
 0.0116939 0.00558946 0.0336232 -0.0323424 0.00250055
 0.0112734 0.00534336 0.0313452 -0.0301774 0.0023613
 0.0110617 0.00520858 0.0299658 -0.0288862 0.00227131
 0.0107133 0.00503611 0.0275846 -0.0265222 0.00223799
 0.0105567 0.00493792 0.0261011 -0.0251085 0.00219409
 0.0100701 0.00467474 0.0241911 -0.0233154 0.00205425
 0.00986142 0.00456114 0.0228255 -0.0220098 0.00202974
 0.00957483 0.00439928 0.0213732 -0.0206432 0.00194216
 0.00919525 0.00422731 0.0201328 -0.0194677 0.00191165
 0 0 0 0 0
 0 0 0 0 0
 0 0 0 0 0
 0 0 0 0 0
 0 0 0 0 0
 0 0 0 0 0
 0 0 0 0 0
 0 0 0 0 0
 0 0 0 0 0
 0 0 0 0 0
 0 0 0 0 0
 0 0 0 0 0
 0 0 0 0 0
 0 0 0 0 0
 0 0 0 0 0
 0 0 0 0 0
 0 0 0 0 0
 0 0 0 0 0
 0 0 0 0 0
 0 0 0 0 0
 0 0 0 0 0
 0 0 0 0 0
 0 0 0 0 0
 0 0 0 0 0
 0 0 0 0 0
 0 0 0 0 0
 0 0 0 0 0
 0 0 0 0 0
 0 0 0 0 0
 0 0 0 0 0
 0 0 0 0 0
 0 0 0 0 0
 0 0 0 0 0
 0 0 0 0 0
 0 0 0 0 0
 0 0 0 0 0
 0 0 0 0 0
 0 0 0 0 0
 0 0 0 0 0
 0 0 0 0 0
 0 0 0 0 0
 0 0 0 0 0
 0 0 0 0 0
 0 0 0 0 0
 0 0 0 0 0
 0 0 0 0 0
 0 0 0 0 0
 0 0 0 0 0
 0 0 0 0 0
 0 0 0 0 0
 0 0 0 0 0
 0 0 0 0 0
 0 0 0 0 0
 0 0 0 0 0
 0 0 0 0 0
 0 0 0 0 0
 0 0 0 0 0
 0 0 0 0 0
 14.0508 13.222 0.195418 -0.172164 12.4503
 5.88013 5.43437 0.207897 -0.184677 5.02982
 3.15716 2.86611 0.210668 -0.189044 2.60888
 2.00643 1.78937 0.217534 -0.196798 1.60221
 1.41949 1.24364 0.231174 -0.21081 1.09543
 1.05891 0.91155 0.242436 -0.222972 0.789896
 0.818771 0.692583 0.253191 -0.234305 0.590474
 0.676946 0.562841 0.272076 -0.253557 0.47239
 0.558988 0.457013 0.283766 -0.266295 0.377923
 0.48344 0.388529 0.304005 -0.286993 0.31602
 0.420911 0.332619 0.324012 -0.307841 0.266113
 0.356794 0.277349 0.329168 -0.313733 0.21859
 0.319567 0.24444 0.347668 -0.332869 0.189847
 0.284282 0.213908 0.361685 -0.347478 0.163542
 0.252577 0.186922 0.372282 -0.358977 0.140308
 0.224284 0.163426 0.381773 -0.369356 0.120868
 0.204001 0.146473 0.394198 -0.382257 0.106972
 0.184252 0.130203 0.395449 -0.384351 0.0933275
 0.160775 0.111957 0.386747 -0.376346 0.0793516
 0.147424 0.101253 0.392302 -0.382322 0.0708461
 0.133597 0.0902858 0.390006 -0.380668 0.0619208
 0.121881 0.0811869 0.386136 -0.377427 0.054787
 0.108303 0.0711774 0.372912 -0.365015 0.0474931
 0.0982717 0.0637353 0.363308 -0.35563 0.0420243
 0.0897267 0.0573161 0.356884 -0.349502 0.0370431
 0.0810876 0.051004 0.343692 -0.336975 0.0322173
 0.0741771 0.0460987 0.333765 -0.327302 0.0288468
 0.0665748 0.0409259 0.313418 -0.307159 0.0253919
 0.0607833 0.0367502 0.302121 -0.296146 0.0221773
 0.0560471 0.0333843 0.293007 -0.287188 0.0196688
 0.0513693 0.0302377 0.273497 -0.26814 0.0175273
 0.0469042 0.0273124 0.259589 -0.254386 0.0156607
 0.0428247 0.0246297 0.240032 -0.235081 0.0138665
 0.0403582 0.0229763 0.233012 -0.228178 0.0127791
 0.0365651 0.0205591 0.210548 -0.206106 0.0111518
 0.0332206 0.0184607 0.194362 -0.190045 0.00979942
 0.0308327 0.0169048 0.183611 -0.179546 0.00874742
 0.0289318 0.0157079 0.170935 -0.167091 0.00801038
 0.0269643 0.0145811 0.157773 -0.153948 0.00741144
 0.0249428 0.013313 0.142618 -0.139172 0.00654997
 0.0231603 0.0122251 0.131261 -0.128013 0.005896
 0.022106 0.0116123 0.121921 -0.118712 0.00560817
 0.0202435 0.0105163 0.108931 -0.106049 0.00496603
 0.019273 0.00990492 0.100182 -0.0973892 0.00456043
 0.0184887 0.0094715 0.0922942 -0.0895883 0.00440872
 0.0173487 0.00883917 0.0837142 -0.0812634 0.00412396
 0.016729 0.00849875 0.0761777 -0.0737983 0.00396188
 0.015399 0.00769322 0.0684164 -0.0663012 0.00343863
 0.0152458 0.00761134 0.0646282 -0.0624953 0.00343084
 0.0143447 0.00708842 0.0572917 -0.0553782 0.00312839
 0.0136361 0.0067201 0.0530386 -0.0512387 0.00300683
 0.0134897 0.00658743 0.0492253 -0.0474978 0.00293618
 0.0128214 0.0062712 0.0436387 -0.0420241 0.00284214
 0.0122874 0.00601027 0.0399741 -0.0384732 0.00278779
 0.0118552 0.00572054 0.0367172 -0.035379 0.00255171
 0.0114728 0.00551192 0.0351943 -0.0339196 0.00245214
 0.0111816 0.00535876 0.03175 -0.0305743 0.00241212
 0.0108797 0.00519097 0.0300164 -0.0288803 0.00233572
 0.0104856 0.00496065 0.0279548 -0.0269187 0.0022091
 0.0101827 0.00480132 0.0258821 -0.024921 0.00213832
 0.00990592 0.00468442 0.0239892 -0.023124 0.00216032
 0.00944925 0.00439032 0.0218544 -0.0210788 0.00193878
 0.00930325 0.00432056 0.021138 -0.0204062 0.00192977
 0 0 0 0 0
 0 0 0 0 0
 0 0 0 0 0
 0 0 0 0 0
 0 0 0 0 0
 0 0 0 0 0
 0 0 0 0 0
 0 0 0 0 0
 0 0 0 0 0
 0 0 0 0 0
 0 0 0 0 0
 0 0 0 0 0
 0 0 0 0 0
 0 0 0 0 0
 0 0 0 0 0
 0 0 0 0 0
 0 0 0 0 0
 0 0 0 0 0
 0 0 0 0 0
 0 0 0 0 0
 0 0 0 0 0
 0 0 0 0 0
 0 0 0 0 0
 0 0 0 0 0
 0 0 0 0 0
 0 0 0 0 0
 0 0 0 0 0
 0 0 0 0 0
 0 0 0 0 0
 0 0 0 0 0
 0 0 0 0 0
 0 0 0 0 0
 0 0 0 0 0
 0 0 0 0 0
 0 0 0 0 0
 0 0 0 0 0
 0 0 0 0 0
 0 0 0 0 0
 0 0 0 0 0
 0 0 0 0 0
 0 0 0 0 0
 0 0 0 0 0
 0 0 0 0 0
 0 0 0 0 0
 0 0 0 0 0
 0 0 0 0 0
 0 0 0 0 0
 0 0 0 0 0
 0 0 0 0 0
 0 0 0 0 0
 0 0 0 0 0
 0 0 0 0 0
 0 0 0 0 0
 0 0 0 0 0
 0 0 0 0 0
 0 0 0 0 0
 0 0 0 0 0
 0 0 0 0 0
 0 0 0 0 0
 14.135 13.3302 0.187123 -0.164319 12.5791
 5.58751 5.17686 0.190728 -0.169318 4.80375
 3.07533 2.7996 0.200576 -0.179647 2.55566
 1.94573 1.74068 0.205248 -0.185699 1.56389
 1.37398 1.20783 0.216471 -0.197074 1.06758
 1.02608 0.886625 0.227653 -0.208838 0.771498
 0.786917 0.668378 0.234292 -0.216482 0.57243
 0.640991 0.535295 0.248938 -0.231433 0.451538
 0.548606 0.450446 0.27152 -0.254057 0.373889
 0.456584 0.368694 0.281383 -0.264847 0.301459
 0.392161 0.311568 0.293338 -0.277782 0.251126
 0.343251 0.268298 0.308998 -0.294266 0.213054
 0.304251 0.233939 0.327146 -0.313043 0.182726
 0.26779 0.202729 0.336508 -0.322912 0.156209
 0.243108 0.181112 0.352804 -0.339901 0.137162
 0.217609 0.159488 0.367413 -0.355043 0.118759
 0.196437 0.141896 0.372753 -0.361097 0.104313
 0.174306 0.123982 0.373047 -0.36243 0.0897458
 0.161585 0.113267 0.385212 -0.374663 0.0807337
 0.144865 0.100029 0.380437 -0.370952 0.0702181
 0.131904 0.0897658 0.386466 -0.377316 0.0620562
 0.117552 0.0789334 0.370703 -0.362142 0.0539208
 0.106973 0.070757 0.368377 -0.360179 0.0474844
 0.0970792 0.0633163 0.36031 -0.352803 0.0418721
 0.0876967 0.0564414 0.349821 -0.342752 0.0367427
 0.0798699 0.0506055 0.341888 -0.334987 0.0322203
 0.0718123 0.0450247 0.31881 -0.312471 0.0285472
 0.0667279 0.0412589 0.31635 -0.310137 0.0256237
 0.059896 0.0364609 0.295898 -0.290222 0.0220508
 0.0551577 0.0332128 0.285256 -0.279667 0.0199647
 0.0506206 0.0301481 0.274352 -0.268989 0.0179162
 0.0466828 0.0275287 0.257759 -0.252809 0.0161733
 0.0423861 0.0246158 0.241693 -0.236799 0.0140768
 0.0387559 0.022177 0.225358 -0.220852 0.0123082
 0.0360728 0.0205864 0.210891 -0.206381 0.0115961
 0.0332152 0.0186383 0.197325 -0.193176 0.0100634
 0.0308995 0.017149 0.184302 -0.180328 0.00910125
 0.0289883 0.0159585 0.171086 -0.167179 0.00834792
 0.0265904 0.014495 0.157324 -0.15366 0.00746125
 0.0245323 0.0132696 0.141592 -0.138085 0.00677257
 0.0231012 0.0123978 0.132045 -0.128806 0.0062772
 0.0217855 0.0115526 0.122938 -0.119789 0.00568772
 0.0201505 0.010623 0.11166 -0.108713 0.00524006
 0.0192552 0.0100282 0.102433 -0.0996133 0.00479631
 0.0182385 0.00941617 0.0956875 -0.0929575 0.00447683
 0.0170086 0.00864967 0.0857692 -0.0832942 0.00393891
 0.0163776 0.00838908 0.0785968 -0.0762451 0.00399016
 0.0153242 0.00777876 0.0703676 -0.0682332 0.003624
 0.0146968 0.00737432 0.0636867 -0.0616023 0.00336963
 0.0141043 0.00704592 0.0592043 -0.0573044 0.00322208
 0.0134912 0.00668028 0.0536175 -0.0518496 0.00299992
 0.0133239 0.00659277 0.0498292 -0.0481395 0.00299228
 0.0122315 0.00593663 0.0435278 -0.041973 0.0025311
 0.01186 0.00572855 0.0404354 -0.0390383 0.00245986
 0.0117942 0.00573179 0.0381149 -0.0367286 0.00255143
 0.0113797 0.00550464 0.0349193 -0.0336513 0.00246678
 0.010837 0.00522955 0.0320849 -0.030961 0.00236063
 0.0105506 0.00509747 0.0293773 -0.0282927 0.00236298
 0.010305 0.00495505 0.0271739 -0.0261868 0.00230659
 0.0100278 0.00474409 0.0254894 -0.0245603 0.00211438
 0.00973908 0.00462377 0.0239231 -0.0230687 0.00212537
 0.00933225 0.00440811 0.0217602 -0.020986 0.00201997
 0 0 0 0 0
 0 0 0 0 0
 0 0 0 0 0
 0 0 0 0 0
 0 0 0 0 0
 0 0 0 0 0
 0 0 0 0 0
 0 0 0 0 0
 0 0 0 0 0
 0 0 0 0 0
 0 0 0 0 0
 0 0 0 0 0
 0 0 0 0 0
 0 0 0 0 0
 0 0 0 0 0
 0 0 0 0 0
 0 0 0 0 0
 0 0 0 0 0
 0 0 0 0 0
 0 0 0 0 0
 0 0 0 0 0
 0 0 0 0 0
 0 0 0 0 0
 0 0 0 0 0
 0 0 0 0 0
 0 0 0 0 0
 0 0 0 0 0
 0 0 0 0 0
 0 0 0 0 0
 0 0 0 0 0
 0 0 0 0 0
 0 0 0 0 0
 0 0 0 0 0
 0 0 0 0 0
 0 0 0 0 0
 0 0 0 0 0
 0 0 0 0 0
 0 0 0 0 0
 0 0 0 0 0
 0 0 0 0 0
 0 0 0 0 0
 0 0 0 0 0
 0 0 0 0 0
 0 0 0 0 0
 0 0 0 0 0
 0 0 0 0 0
 0 0 0 0 0
 0 0 0 0 0
 0 0 0 0 0
 0 0 0 0 0
 0 0 0 0 0
 0 0 0 0 0
 0 0 0 0 0
 0 0 0 0 0
 0 0 0 0 0
 0 0 0 0 0
 0 0 0 0 0
 0 0 0 0 0
 0 0 0 0 0
 0 0 0 0 0
 14.1197 13.3428 0.177973 -0.156292 12.6168
 5.58579 5.18738 0.183998 -0.163058 4.82483
 2.95951 2.70143 0.186098 -0.166338 2.47284
 1.91248 1.71595 0.196928 -0.177402 1.54604
 1.33238 1.17514 0.206193 -0.187051 1.04234
 0.977325 0.847367 0.2116 -0.193443 0.739915
 0.762183 0.649904 0.222667 -0.205317 0.559208
 0.626332 0.525167 0.240109 -0.222883 0.44496
 0.521735 0.430204 0.249811 -0.233612 0.358911
 0.439882 0.356788 0.261952 -0.246477 0.293177
 0.380578 0.303714 0.281373 -0.266421 0.245951
 0.326852 0.256604 0.288783 -0.274535 0.204489
 0.294757 0.227857 0.307123 -0.293084 0.179137
 0.264107 0.200858 0.325784 -0.312451 0.155267
 0.230558 0.172742 0.33127 -0.318797 0.131797
 0.209552 0.154557 0.346107 -0.334147 0.116095
 0.188887 0.137277 0.352893 -0.34169 0.101683
 0.169742 0.121464 0.357897 -0.34715 0.088465
 0.154014 0.10864 0.36525 -0.355144 0.0780257
 0.141013 0.0980225 0.369439 -0.35997 0.0693318
 0.124741 0.0854692 0.358649 -0.34981 0.0595582
 0.111349 0.075301 0.35054 -0.342445 0.0519456
 0.103689 0.0690643 0.35481 -0.34679 0.0467561
 0.0939267 0.0617879 0.349132 -0.341656 0.0413558
 0.0847675 0.0549935 0.335218 -0.32821 0.0363032
 0.0783056 0.0501008 0.332212 -0.325454 0.0324602
 0.0735024 0.046463 0.327663 -0.320977 0.0297672
 0.0661865 0.0412 0.315256 -0.30907 0.0257337
 0.0590342 0.0363282 0.29366 -0.287842 0.0225037
 0.0539075 0.0326278 0.277545 -0.272112 0.0196447
 0.0494109 0.0296524 0.265547 -0.260358 0.017787
 0.0455002 0.0269433 0.253148 -0.248102 0.015838
 0.0417375 0.0244522 0.239028 -0.234173 0.0142002
 0.0381675 0.0221297 0.220854 -0.21634 0.0127151
 0.0357207 0.0204359 0.213145 -0.208664 0.0113923
 0.0326525 0.0184057 0.195719 -0.191523 0.00995267
 0.0303483 0.0170194 0.183118 -0.179117 0.00921467
 0.0285707 0.0159232 0.172197 -0.168356 0.00859483
 0.0260542 0.0143062 0.156572 -0.152985 0.00748587
 0.0242212 0.0132389 0.144013 -0.140654 0.00688847
 0.0229875 0.0122911 0.135506 -0.132247 0.00598892
 0.0215718 0.0115377 0.122695 -0.119608 0.0057652
 0.0201214 0.010708 0.112038 -0.109073 0.00533442
 0.0188597 0.0100024 0.103 -0.100127 0.00505404
 0.0179292 0.00929892 0.0946325 -0.0919817 0.00437027
 0.0165876 0.00857967 0.0855467 -0.0830822 0.00409691
 0.0158049 0.00812635 0.0776873 -0.0754403 0.00384713
 0.0153655 0.00777931 0.071911 -0.0696947 0.00351088
 0.0143759 0.00724929 0.0648462 -0.0628445 0.00329543
 0.0139388 0.00707612 0.0591613 -0.0572536 0.00337
 0.0133498 0.00668734 0.0538264 -0.0520661 0.0030796
 0.0129475 0.00642423 0.0501665 -0.0485236 0.00290812
 0.0122016 0.00604514 0.0447486 -0.0431984 0.002763
 0.0118355 0.00584448 0.0409632 -0.0394846 0.00267691
 0.0112337 0.00553314 0.0366506 -0.0353564 0.00255797
 0.0110878 0.00544177 0.0350889 -0.033823 0.00253164
 0.0106893 0.00516356 0.0319164 -0.0307357 0.00229666
 0.0104345 0.0050627 0.0300236 -0.0289375 0.00232968
 0.0102103 0.00494208 0.0276365 -0.0265978 0.002299
 0.00994908 0.00477955 0.0256457 -0.0247527 0.00220231
 0.00954983 0.00456367 0.0235243 -0.0226992 0.00209726
 0 0 0 0 0
 0 0 0 0 0
 0 0 0 0 0
 0 0 0 0 0
 0 0 0 0 0
 0 0 0 0 0
 0 0 0 0 0
 0 0 0 0 0
 0 0 0 0 0
 0 0 0 0 0
 0 0 0 0 0
 0 0 0 0 0
 0 0 0 0 0
 0 0 0 0 0
 0 0 0 0 0
 0 0 0 0 0
 0 0 0 0 0
 0 0 0 0 0
 0 0 0 0 0
 0 0 0 0 0
 0 0 0 0 0
 0 0 0 0 0
 0 0 0 0 0
 0 0 0 0 0
 0 0 0 0 0
 0 0 0 0 0
 0 0 0 0 0
 0 0 0 0 0
 0 0 0 0 0
 0 0 0 0 0
 0 0 0 0 0
 0 0 0 0 0
 0 0 0 0 0
 0 0 0 0 0
 0 0 0 0 0
 0 0 0 0 0
 0 0 0 0 0
 0 0 0 0 0
 0 0 0 0 0
 0 0 0 0 0
 0 0 0 0 0
 0 0 0 0 0
 0 0 0 0 0
 0 0 0 0 0
 0 0 0 0 0
 0 0 0 0 0
 0 0 0 0 0
 0 0 0 0 0
 0 0 0 0 0
 0 0 0 0 0
 0 0 0 0 0
 0 0 0 0 0
 0 0 0 0 0
 0 0 0 0 0
 0 0 0 0 0
 0 0 0 0 0
 0 0 0 0 0
 0 0 0 0 0
 0 0 0 0 0
 0 0 0 0 0
 0 0 0 0 0
 14.3123 13.5509 0.172246 -0.150358 12.8385
 5.57112 5.1854 0.176568 -0.156026 4.83416
 2.94699 2.69678 0.178523 -0.159398 2.47463
 1.87687 1.68862 0.188429 -0.169321 1.52557
 1.29672 1.14724 0.194595 -0.17634 1.02091
 0.9525 0.828679 0.201468 -0.183797 0.726358
 0.736104 0.629908 0.209012 -0.192288 0.54412
 0.590294 0.496883 0.217311 -0.201248 0.422975
 0.496574 0.411257 0.233556 -0.217712 0.344963
 0.418482 0.340961 0.245843 -0.230736 0.281619
 0.358718 0.287609 0.253823 -0.239687 0.233993
 0.314632 0.248248 0.273034 -0.259135 0.199062
 0.283388 0.22021 0.292277 -0.278583 0.174117
 0.248084 0.189673 0.301038 -0.28836 0.147477
 0.221052 0.166483 0.314195 -0.302061 0.127699
 0.198826 0.147556 0.324136 -0.312712 0.111778
 0.18548 0.135672 0.343589 -0.332638 0.101281
 0.163127 0.11752 0.339688 -0.329465 0.0863758
 0.15151 0.107519 0.357633 -0.347743 0.0777119
 0.136672 0.0956233 0.354881 -0.345563 0.0681324
 0.123613 0.0852225 0.354419 -0.345581 0.0598696
 0.110843 0.0753944 0.347124 -0.339053 0.052197
 0.0999192 0.0670198 0.340701 -0.333082 0.0458286
 0.0938458 0.0621748 0.344448 -0.336909 0.0419726
 0.0852817 0.055716 0.336411 -0.329438 0.0369912
 0.0767576 0.0494273 0.322887 -0.316308 0.0322297
 0.0704564 0.0448596 0.314587 -0.308234 0.0289753
 0.0651574 0.0408754 0.308477 -0.302374 0.0258012
 0.0596015 0.0369497 0.29458 -0.288869 0.0230493
 0.0534475 0.0326534 0.276005 -0.270534 0.0199462
 0.0483532 0.0291578 0.263496 -0.258307 0.0175003
 0.0445653 0.0266576 0.248753 -0.24387 0.0159716
 0.0416573 0.0244797 0.241147 -0.236394 0.0141277
 0.0383606 0.0223333 0.225484 -0.22091 0.0127666
 0.0351375 0.020375 0.209171 -0.204828 0.0117161
 0.0321664 0.0183758 0.193729 -0.1896 0.0102453
 0.0301216 0.0169903 0.183566 -0.179592 0.00923775
 0.0279516 0.0156742 0.169542 -0.165773 0.00849533
 0.0256772 0.0141949 0.155712 -0.152163 0.00745153
 0.0245292 0.0133802 0.148263 -0.144818 0.00683542
 0.0228254 0.0124138 0.136934 -0.133693 0.00641188
 0.0214985 0.0116075 0.124745 -0.121643 0.00592191
 0.0199249 0.0106698 0.114752 -0.111817 0.0053945
 0.0187435 0.00997283 0.103576 -0.100847 0.00500987
 0.0174995 0.00916725 0.0957142 -0.0931892 0.0044254
 0.0167862 0.00881383 0.0851792 -0.0827242 0.00437185
 0.0156503 0.00811877 0.0793753 -0.0771103 0.00393069
 0.0151733 0.00782791 0.0724814 -0.0702045 0.0037746
 0.0145594 0.00741958 0.0674311 -0.0654381 0.00345292
 0.0137068 0.00693825 0.0601729 -0.0583069 0.00320006
 0.0132933 0.00675106 0.0557881 -0.0539598 0.00322978
 0.0125162 0.00623413 0.0499582 -0.0483272 0.00279786
 0.011953 0.00597719 0.0447834 -0.0433101 0.00280031
 0.0116686 0.00579558 0.0415293 -0.0401004 0.00267002
 0.0112749 0.00558172 0.0390344 -0.0377006 0.00257383
 0.0107286 0.0052345 0.0350938 -0.0338777 0.00234241
 0.0105852 0.00519017 0.0315125 -0.0303902 0.00239023
 0.0103278 0.00502874 0.0306117 -0.0295402 0.00229995
 0.00990592 0.00480535 0.0274882 -0.026467 0.0022114
 0.00961158 0.00466338 0.0254599 -0.0246134 0.0021818
 0 0 0 0 0
 0 0 0 0 0
 0 0 0 0 0
 0 0 0 0 0
 0 0 0 0 0
 0 0 0 0 0
 0 0 0 0 0
 0 0 0 0 0
 0 0 0 0 0
 0 0 0 0 0
 0 0 0 0 0
 0 0 0 0 0
 0 0 0 0 0
 0 0 0 0 0
 0 0 0 0 0
 0 0 0 0 0
 0 0 0 0 0
 0 0 0 0 0
 0 0 0 0 0
 0 0 0 0 0
 0 0 0 0 0
 0 0 0 0 0
 0 0 0 0 0
 0 0 0 0 0
 0 0 0 0 0
 0 0 0 0 0
 0 0 0 0 0
 0 0 0 0 0
 0 0 0 0 0
 0 0 0 0 0
 0 0 0 0 0
 0 0 0 0 0
 0 0 0 0 0
 0 0 0 0 0
 0 0 0 0 0
 0 0 0 0 0
 0 0 0 0 0
 0 0 0 0 0
 0 0 0 0 0
 0 0 0 0 0
 0 0 0 0 0
 0 0 0 0 0
 0 0 0 0 0
 0 0 0 0 0
 0 0 0 0 0
 0 0 0 0 0
 0 0 0 0 0
 0 0 0 0 0
 0 0 0 0 0
 0 0 0 0 0
 0 0 0 0 0
 0 0 0 0 0
 0 0 0 0 0
 0 0 0 0 0
 0 0 0 0 0
 0 0 0 0 0
 0 0 0 0 0
 0 0 0 0 0
 0 0 0 0 0
 0 0 0 0 0
 0 0 0 0 0
 0 0 0 0 0
 14.4444 13.7009 0.166844 -0.145798 13.0039
 5.51481 5.14386 0.168673 -0.14836 4.80538
 2.92549 2.68355 0.172395 -0.153032 2.4686
 1.84213 1.6619 0.178759 -0.160103 1.50579
 1.24168 1.10181 0.181012 -0.163501 0.983558
 0.920233 0.803281 0.188861 -0.171997 0.706778
 0.720067 0.618263 0.200168 -0.183548 0.535862
 0.578599 0.488864 0.206858 -0.190997 0.417802
 0.485733 0.4038 0.221277 -0.206063 0.339917
 0.40397 0.330505 0.230281 -0.215702 0.274247
 0.349169 0.281124 0.243597 -0.229584 0.229687
 0.299228 0.237204 0.253837 -0.240162 0.191217
 0.268733 0.209824 0.270451 -0.257721 0.166867
 0.236551 0.18175 0.279549 -0.267386 0.142208
 0.213236 0.161362 0.29599 -0.284168 0.124382
 0.194882 0.145328 0.309862 -0.298508 0.11055
 0.170737 0.125481 0.309969 -0.299503 0.0941833
 0.160997 0.116525 0.333639 -0.323652 0.085865
 0.142303 0.101568 0.33167 -0.322198 0.0740065
 0.129415 0.0911017 0.334708 -0.325762 0.0654636
 0.119509 0.0829742 0.339903 -0.331166 0.0588168
 0.109589 0.0750245 0.341693 -0.333528 0.0523586
 0.0996617 0.0673191 0.335133 -0.327441 0.0463688
 0.08927 0.0595449 0.327873 -0.320708 0.0405889
 0.0828932 0.0545103 0.328718 -0.321647 0.0364579
 0.0754017 0.048951 0.316023 -0.30936 0.0322883
 0.0687818 0.044074 0.311081 -0.304877 0.0286333
 0.0619383 0.0391953 0.29249 -0.286778 0.0251714
 0.0579973 0.0361887 0.288167 -0.282443 0.0227315
 0.0526865 0.0323969 0.274793 -0.269324 0.0198974
 0.0480492 0.0292052 0.26067 -0.255537 0.0177272
 0.0446558 0.0269524 0.24947 -0.244597 0.0163059
 0.0412764 0.0245839 0.237974 -0.233243 0.0145936
 0.0377141 0.0220983 0.22293 -0.218397 0.0127488
 0.0348763 0.0203003 0.209459 -0.205214 0.0116628
 0.0321041 0.018435 0.196471 -0.192386 0.0103395
 0.0300688 0.0171739 0.183752 -0.179828 0.00965608
 0.0270814 0.0153457 0.164888 -0.161235 0.00851183
 0.0259662 0.0144788 0.158838 -0.155288 0.00772828
 0.0243045 0.0135372 0.148128 -0.144737 0.00733143
 0.0223722 0.0123142 0.134418 -0.131243 0.00649447
 0.0206811 0.0112258 0.123113 -0.120125 0.00574902
 0.0198163 0.0106933 0.115258 -0.112399 0.00543961
 0.0184252 0.00988475 0.104088 -0.10139 0.00503471
 0.0178408 0.00945167 0.10062 -0.0980517 0.00469108
 0.0163073 0.00858408 0.0861275 -0.0838108 0.00420979
 0.0158801 0.00828413 0.0813418 -0.0790492 0.00400953
 0.014938 0.00776427 0.0730678 -0.0709287 0.00375914
 0.0141625 0.0073019 0.0667514 -0.0647862 0.00350678
 0.013358 0.0068197 0.0604817 -0.0586152 0.00319712
 0.0130908 0.00663358 0.0563844 -0.0546807 0.00309045
 0.0125457 0.00633902 0.0515409 -0.0499039 0.00297093
 0.0121679 0.00613337 0.0466149 -0.0451143 0.00287848
 0.0116135 0.00583992 0.0429262 -0.0415045 0.00277539
 0.011119 0.00554682 0.0389541 -0.0376763 0.00260621
 0.0108081 0.00534608 0.0355777 -0.0343337 0.00244885
 0.0104906 0.00521899 0.0332398 -0.0320842 0.00249083
 0.0100182 0.00492532 0.0303558 -0.029321 0.0022967
 0.00971342 0.00475646 0.0270643 -0.0261128 0.00221779
 0 0 0 0 0
 0 0 0 0 0
 0 0 0 0 0
 0 0 0 0 0
 0 0 0 0 0
 0 0 0 0 0
 0 0 0 0 0
 0 0 0 0 0
 0 0 0 0 0
 0 0 0 0 0
 0 0 0 0 0
 0 0 0 0 0
 0 0 0 0 0
 0 0 0 0 0
 0 0 0 0 0
 0 0 0 0 0
 0 0 0 0 0
 0 0 0 0 0
 0 0 0 0 0
 0 0 0 0 0
 0 0 0 0 0
 0 0 0 0 0
 0 0 0 0 0
 0 0 0 0 0
 0 0 0 0 0
 0 0 0 0 0
 0 0 0 0 0
 0 0 0 0 0
 0 0 0 0 0
 0 0 0 0 0
 0 0 0 0 0
 0 0 0 0 0
 0 0 0 0 0
 0 0 0 0 0
 0 0 0 0 0
 0 0 0 0 0
 0 0 0 0 0
 0 0 0 0 0
 0 0 0 0 0
 0 0 0 0 0
 0 0 0 0 0
 0 0 0 0 0
 0 0 0 0 0
 0 0 0 0 0
 0 0 0 0 0
 0 0 0 0 0
 0 0 0 0 0
 0 0 0 0 0
 0 0 0 0 0
 0 0 0 0 0
 0 0 0 0 0
 0 0 0 0 0
 0 0 0 0 0
 0 0 0 0 0
 0 0 0 0 0
 0 0 0 0 0
 0 0 0 0 0
 0 0 0 0 0
 0 0 0 0 0
 0 0 0 0 0
 0 0 0 0 0
 0 0 0 0 0
 0 0 0 0 0
 14.6428 13.9133 0.160248 -0.13981 13.2286
 5.65279 5.28327 0.166003 -0.146105 4.94576
 2.90858 2.67414 0.167104 -0.14829 2.46551
 1.81792 1.64425 0.171838 -0.153676 1.49372
 1.23933 1.10274 0.177491 -0.16 0.9871
 0.888183 0.77759 0.177869 -0.161663 0.686142
 0.696535 0.600095 0.188227 -0.172314 0.52205
 0.558543 0.473528 0.196387 -0.181222 0.406047
 0.453941 0.378783 0.202638 -0.18805 0.320273
 0.385633 0.316728 0.21522 -0.200889 0.263956
 0.334402 0.270432 0.228129 -0.214342 0.222358
 0.290219 0.231045 0.238662 -0.225759 0.187127
 0.258855 0.202882 0.254375 -0.2418 0.161789
 0.227486 0.175689 0.263363 -0.251541 0.138314
 0.208113 0.158387 0.283079 -0.271201 0.122985
 0.186455 0.139788 0.292148 -0.281192 0.107022
 0.166746 0.123184 0.300695 -0.290244 0.0929308
 0.149352 0.108747 0.303118 -0.293497 0.0809684
 0.142188 0.10216 0.324831 -0.315194 0.075071
 0.126655 0.0896608 0.321465 -0.312502 0.064854
 0.115151 0.0804172 0.321203 -0.312819 0.0574046
 0.105877 0.0729548 0.326971 -0.318921 0.0513137
 0.0953383 0.0648873 0.319033 -0.311623 0.0452288
 0.0895083 0.0600398 0.324438 -0.317078 0.0410163
 0.0813116 0.0538242 0.319402 -0.312482 0.0362757
 0.0741889 0.0484277 0.311306 -0.304713 0.0320965
 0.0679333 0.0438027 0.30436 -0.298209 0.0286568
 0.0615219 0.0391628 0.291856 -0.285934 0.0252101
 0.0563303 0.0353747 0.280096 -0.274392 0.0223954
 0.0525461 0.0326209 0.275263 -0.269866 0.0203405
 0.0479543 0.0294839 0.260377 -0.255251 0.0183481
 0.0442823 0.026855 0.248664 -0.243781 0.0163605
 0.0401318 0.0240522 0.232748 -0.228078 0.0143419
 0.0368258 0.0218112 0.217529 -0.213164 0.0128375
 0.0343689 0.0201307 0.207335 -0.203067 0.0116083
 0.0319547 0.0185805 0.195333 -0.191161 0.0106913
 0.0296626 0.0171088 0.183448 -0.179544 0.0097745
 0.0272982 0.0155737 0.169324 -0.165614 0.00869967
 0.0254465 0.0143155 0.157801 -0.154254 0.00775144
 0.0235178 0.0130787 0.144315 -0.141072 0.00694372
 0.0225972 0.0124437 0.138374 -0.135123 0.00647759
 0.0208162 0.0114579 0.126777 -0.123758 0.0060745
 0.0197835 0.0107689 0.115213 -0.112407 0.00557987
 0.0183292 0.009944 0.106618 -0.103902 0.00519106
 0.0173138 0.00922775 0.0984083 -0.09585 0.00458043
 0.0162949 0.00866358 0.0901308 -0.0877592 0.00434526
 0.0154801 0.00813964 0.0827163 -0.0804697 0.00399157
 0.0144713 0.0075385 0.0739701 -0.0719157 0.00364967
 0.0141303 0.0072864 0.0685899 -0.0666071 0.00342973
 0.0133565 0.00692836 0.0612074 -0.0593871 0.00340216
 0.0129188 0.00665797 0.0567568 -0.0550261 0.00324553
 0.0124143 0.00632674 0.0516137 -0.0500389 0.00298522
 0.0117981 0.0059771 0.0473444 -0.0458732 0.00283512
 0.0113277 0.00572853 0.0436884 -0.0422657 0.00272852
 0.0107747 0.00542131 0.038664 -0.0373437 0.00257251
 0.0104617 0.00521677 0.035459 -0.0342509 0.00243647
 0.0100501 0.00502904 0.0329932 -0.0318862 0.00242067
 0.00979983 0.00485294 0.0304688 -0.0294627 0.00228662
 0 0 0 0 0
 0 0 0 0 0
 0 0 0 0 0
 0 0 0 0 0
 0 0 0 0 0
 0 0 0 0 0
 0 0 0 0 0
 0 0 0 0 0
 0 0 0 0 0
 0 0 0 0 0
 0 0 0 0 0
 0 0 0 0 0
 0 0 0 0 0
 0 0 0 0 0
 0 0 0 0 0
 0 0 0 0 0
 0 0 0 0 0
 0 0 0 0 0
 0 0 0 0 0
 0 0 0 0 0
 0 0 0 0 0
 0 0 0 0 0
 0 0 0 0 0
 0 0 0 0 0
 0 0 0 0 0
 0 0 0 0 0
 0 0 0 0 0
 0 0 0 0 0
 0 0 0 0 0
 0 0 0 0 0
 0 0 0 0 0
 0 0 0 0 0
 0 0 0 0 0
 0 0 0 0 0
 0 0 0 0 0
 0 0 0 0 0
 0 0 0 0 0
 0 0 0 0 0
 0 0 0 0 0
 0 0 0 0 0
 0 0 0 0 0
 0 0 0 0 0
 0 0 0 0 0
 0 0 0 0 0
 0 0 0 0 0
 0 0 0 0 0
 0 0 0 0 0
 0 0 0 0 0
 0 0 0 0 0
 0 0 0 0 0
 0 0 0 0 0
 0 0 0 0 0
 0 0 0 0 0
 0 0 0 0 0
 0 0 0 0 0
 0 0 0 0 0
 0 0 0 0 0
 0 0 0 0 0
 0 0 0 0 0
 0 0 0 0 0
 0 0 0 0 0
 0 0 0 0 0
 0 0 0 0 0
 0 0 0 0 0
 15.0312 14.3061 0.156806 -0.13697 13.624
 5.58591 5.23093 0.159363 -0.140057 4.90626
 2.90182 2.67373 0.161687 -0.142935 2.47054
 1.79933 1.63134 0.166895 -0.148836 1.4856
 1.21717 1.08598 0.169149 -0.152086 0.974883
 0.897133 0.787737 0.175501 -0.158952 0.697214
 0.687348 0.594033 0.181128 -0.16524 0.518419
 0.534981 0.45516 0.183697 -0.168738 0.391933
 0.439474 0.367978 0.192407 -0.177825 0.312106
 0.37519 0.309345 0.201598 -0.187843 0.258881
 0.315183 0.255909 0.209438 -0.196502 0.211273
 0.2814 0.224988 0.226293 -0.213381 0.183097
 0.24596 0.193661 0.23615 -0.223863 0.15522
 0.217314 0.168618 0.248314 -0.236852 0.133494
 0.196261 0.149972 0.258902 -0.247853 0.116964
 0.18022 0.135763 0.276646 -0.266094 0.104468
 0.164428 0.12215 0.290472 -0.280329 0.09274
 0.14652 0.10721 0.294138 -0.284496 0.0801716
 0.132484 0.0955833 0.297161 -0.288 0.0704989
 0.121978 0.0868892 0.306367 -0.297441 0.0633728
 0.113414 0.0796172 0.31844 -0.310021 0.0571294
 0.102213 0.0707961 0.31354 -0.305659 0.0500566
 0.0936575 0.064018 0.313953 -0.306563 0.0446963
 0.08526 0.0575664 0.308075 -0.301009 0.0397068
 0.0793644 0.0529294 0.311137 -0.304334 0.0361051
 0.0720403 0.0473902 0.301177 -0.294801 0.0317635
 0.0662257 0.0429812 0.295032 -0.288873 0.0283172
 0.059718 0.0383143 0.281514 -0.275663 0.024994
 0.0556708 0.0352746 0.274466 -0.268938 0.0226529
 0.0513001 0.0321609 0.266355 -0.26119 0.0204806
 0.0467836 0.0289022 0.251615 -0.246707 0.0179529
 0.0437454 0.0267207 0.245687 -0.240713 0.0163626
 0.039982 0.0241679 0.232154 -0.227528 0.0146859
 0.036432 0.0218095 0.217249 -0.212848 0.0131148
 0.0338208 0.0199638 0.205909 -0.201769 0.0116304
 0.0315278 0.0184752 0.195439 -0.191426 0.0107214
 0.0290862 0.0168455 0.183359 -0.179498 0.0096235
 0.0275155 0.0157594 0.173083 -0.169422 0.00881433
 0.0252402 0.0143223 0.158187 -0.154738 0.00789857
 0.0231168 0.0130288 0.14185 -0.138588 0.00711587
 0.0219175 0.0122428 0.136018 -0.132896 0.00658806
 0.0209119 0.0116261 0.128397 -0.125333 0.00629992
 0.0194828 0.0106837 0.116434 -0.113551 0.00562158
 0.0178626 0.00971033 0.104027 -0.101377 0.00501112
 0.0168373 0.00901842 0.0953158 -0.0928517 0.00448225
 0.0162133 0.00861717 0.08881 -0.086475 0.00425875
 0.015073 0.00799529 0.0814259 -0.0792349 0.00396872
 0.0145511 0.00773851 0.0750787 -0.0730386 0.00394471
 0.0138781 0.00730093 0.0686374 -0.0666837 0.00364406
 0.0131917 0.00690696 0.0622346 -0.0604397 0.00345157
 0.012756 0.00658667 0.0590878 -0.057375 0.0031901
 0.0118772 0.00606106 0.0519444 -0.0503667 0.00284584
 0.0116822 0.0059936 0.0481653 -0.0467067 0.00289715
 0.0109751 0.00555115 0.0435759 -0.0422463 0.00259124
 0.0108011 0.00550041 0.040634 -0.0393417 0.00267557
 0.01036 0.00522721 0.0368789 -0.0357121 0.00250276
 0.00990758 0.00496805 0.0327683 -0.0316779 0.00235338
 0 0 0 0 0
 0 0 0 0 0
 0 0 0 0 0
 0 0 0 0 0
 0 0 0 0 0
 0 0 0 0 0
 0 0 0 0 0
 0 0 0 0 0
 0 0 0 0 0
 0 0 0 0 0
 0 0 0 0 0
 0 0 0 0 0
 0 0 0 0 0
 0 0 0 0 0
 0 0 0 0 0
 0 0 0 0 0
 0 0 0 0 0
 0 0 0 0 0
 0 0 0 0 0
 0 0 0 0 0
 0 0 0 0 0
 0 0 0 0 0
 0 0 0 0 0
 0 0 0 0 0
 0 0 0 0 0
 0 0 0 0 0
 0 0 0 0 0
 0 0 0 0 0
 0 0 0 0 0
 0 0 0 0 0
 0 0 0 0 0
 0 0 0 0 0
 0 0 0 0 0
 0 0 0 0 0
 0 0 0 0 0
 0 0 0 0 0
 0 0 0 0 0
 0 0 0 0 0
 0 0 0 0 0
 0 0 0 0 0
 0 0 0 0 0
 0 0 0 0 0
 0 0 0 0 0
 0 0 0 0 0
 0 0 0 0 0
 0 0 0 0 0
 0 0 0 0 0
 0 0 0 0 0
 0 0 0 0 0
 0 0 0 0 0
 0 0 0 0 0
 0 0 0 0 0
 0 0 0 0 0
 0 0 0 0 0
 0 0 0 0 0
 0 0 0 0 0
 0 0 0 0 0
 0 0 0 0 0
 0 0 0 0 0
 0 0 0 0 0
 0 0 0 0 0
 0 0 0 0 0
 0 0 0 0 0
 0 0 0 0 0
 0 0 0 0 0
 14.9963 14.2955 0.150193 -0.130473 13.6354
 5.52884 5.18682 0.152586 -0.133406 4.87346
 2.88992 2.66848 0.155341 -0.137387 2.47107
 1.74286 1.58392 0.156625 -0.139447 1.44579
 1.19539 1.06937 0.161851 -0.145068 0.962492
 0.8675 0.763945 0.165216 -0.149264 0.678153
 0.656249 0.568904 0.16846 -0.153337 0.498181
 0.527722 0.450411 0.175071 -0.160652 0.38909
 0.435735 0.36627 0.185187 -0.171063 0.312194
 0.357504 0.295841 0.187594 -0.174336 0.248577
 0.309332 0.252111 0.200931 -0.187797 0.208938
 0.271673 0.218152 0.211655 -0.198897 0.178486
 0.235142 0.185869 0.219947 -0.207761 0.149641
 0.209496 0.16329 0.231605 -0.220278 0.129911
 0.191403 0.146986 0.248313 -0.237355 0.115276
 0.169873 0.128576 0.257328 -0.247127 0.0995717
 0.155402 0.115912 0.268762 -0.258737 0.0883558
 0.141326 0.103941 0.279277 -0.269883 0.0781117
 0.130733 0.0948733 0.289955 -0.28085 0.0704942
 0.118172 0.084605 0.294149 -0.285682 0.0619843
 0.106774 0.0754939 0.291867 -0.283808 0.0547671
 0.0996783 0.0694493 0.304551 -0.296852 0.0494732
 0.092865 0.0638822 0.307918 -0.300475 0.0449146
 0.0841875 0.0570968 0.30301 -0.296057 0.0394586
 0.0767133 0.0514468 0.296217 -0.289627 0.03521
 0.0701883 0.0464923 0.291287 -0.285008 0.0314582
 0.0655318 0.0429117 0.289653 -0.283512 0.0287658
 0.0594832 0.0384691 0.278789 -0.273042 0.0253895
 0.0532368 0.0339601 0.263769 -0.258398 0.0220525
 0.0502738 0.0316543 0.262875 -0.257648 0.0201249
 0.0464438 0.0289257 0.250856 -0.245858 0.0182097
 0.0418563 0.025773 0.2349 -0.230122 0.0159742
 0.0389807 0.0236764 0.227758 -0.223165 0.0143401
 0.0363198 0.0218477 0.214686 -0.210219 0.0131151
 0.0337309 0.0201172 0.205418 -0.201303 0.0119613
 0.0306398 0.0180648 0.189969 -0.186007 0.0106029
 0.0287941 0.0168136 0.180642 -0.176914 0.00972592
 0.0263632 0.0152451 0.165291 -0.161738 0.00867133
 0.0251776 0.0143877 0.158976 -0.155557 0.00799977
 0.023441 0.013333 0.146352 -0.143064 0.00738699
 0.0220262 0.0124684 0.137571 -0.134528 0.00694032
 0.0203089 0.0113673 0.125015 -0.122033 0.00619039
 0.0192714 0.0106435 0.116728 -0.113994 0.00564574
 0.0180567 0.00989775 0.108081 -0.105415 0.0052013
 0.0169663 0.00926017 0.0998308 -0.09734 0.0048705
 0.0158917 0.00863425 0.0895033 -0.0871992 0.00452514
 0.0149344 0.00804251 0.0817906 -0.0795809 0.00414378
 0.0143581 0.00764174 0.0756036 -0.0735115 0.00385581
 0.0136491 0.00723825 0.0696977 -0.0677966 0.00365467
 0.0128425 0.00671081 0.0635022 -0.0617307 0.00326436
 0.0124538 0.00653708 0.0594312 -0.0577592 0.00329684
 0.0118654 0.00617097 0.0529575 -0.0514226 0.00306515
 0.0112307 0.00575312 0.0474953 -0.0460543 0.00273458
 0.0107437 0.00551396 0.0438928 -0.0425758 0.00269094
 0.0105982 0.00541904 0.0402381 -0.0390101 0.00263777
 0.0100628 0.00512712 0.0357727 -0.034657 0.00251558
 0 0 0 0 0
 0 0 0 0 0
 0 0 0 0 0
 0 0 0 0 0
 0 0 0 0 0
 0 0 0 0 0
 0 0 0 0 0
 0 0 0 0 0
 0 0 0 0 0
 0 0 0 0 0
 0 0 0 0 0
 0 0 0 0 0
 0 0 0 0 0
 0 0 0 0 0
 0 0 0 0 0
 0 0 0 0 0
 0 0 0 0 0
 0 0 0 0 0
 0 0 0 0 0
 0 0 0 0 0
 0 0 0 0 0
 0 0 0 0 0
 0 0 0 0 0
 0 0 0 0 0
 0 0 0 0 0
 0 0 0 0 0
 0 0 0 0 0
 0 0 0 0 0
 0 0 0 0 0
 0 0 0 0 0
 0 0 0 0 0
 0 0 0 0 0
 0 0 0 0 0
 0 0 0 0 0
 0 0 0 0 0
 0 0 0 0 0
 0 0 0 0 0
 0 0 0 0 0
 0 0 0 0 0
 0 0 0 0 0
 0 0 0 0 0
 0 0 0 0 0
 0 0 0 0 0
 0 0 0 0 0
 0 0 0 0 0
 0 0 0 0 0
 0 0 0 0 0
 0 0 0 0 0
 0 0 0 0 0
 0 0 0 0 0
 0 0 0 0 0
 0 0 0 0 0
 0 0 0 0 0
 0 0 0 0 0
 0 0 0 0 0
 0 0 0 0 0
 0 0 0 0 0
 0 0 0 0 0
 0 0 0 0 0
 0 0 0 0 0
 0 0 0 0 0
 0 0 0 0 0
 0 0 0 0 0
 0 0 0 0 0
 0 0 0 0 0
 0 0 0 0 0
 15.8022 15.0863 0.150176 -0.130406 14.411
 5.59738 5.2604 0.149752 -0.13105 4.95123
 2.84877 2.63563 0.150665 -0.132628 2.44534
 1.73278 1.57827 0.152067 -0.13497 1.44386
 1.1888 1.06605 0.157563 -0.140808 0.961767
 0.853967 0.753949 0.160214 -0.144522 0.671047
 0.643907 0.559798 0.162576 -0.147477 0.491543
 0.514439 0.440425 0.169204 -0.154813 0.381553
 0.414643 0.349599 0.172974 -0.158917 0.29887
 0.353209 0.293349 0.182113 -0.169016 0.247449
 0.29861 0.244294 0.188197 -0.175664 0.203442
 0.257649 0.207721 0.19714 -0.1852 0.170734
 0.226984 0.180272 0.205882 -0.194196 0.146034
 0.205285 0.160619 0.222744 -0.211437 0.128197
 0.185437 0.14314 0.233539 -0.22274 0.11306
 0.163925 0.124722 0.244162 -0.233865 0.0971658
 0.147365 0.11055 0.247239 -0.237518 0.08494
 0.136821 0.101114 0.265048 -0.255706 0.0763613
 0.12678 0.0924167 0.277298 -0.26846 0.0688863
 0.113913 0.081972 0.27836 -0.270054 0.0604893
 0.103252 0.0733173 0.281572 -0.273723 0.053351
 0.0986683 0.0692184 0.29615 -0.288532 0.0497341
 0.09008 0.062373 0.295211 -0.287974 0.0442708
 0.0805975 0.0550872 0.287747 -0.28104 0.0385664
 0.0757324 0.0510202 0.291861 -0.285263 0.0350702
 0.069768 0.0464576 0.288984 -0.282707 0.0315132
 0.0623677 0.0410342 0.275417 -0.26943 0.027576
 0.0583755 0.0378969 0.272243 -0.266503 0.0249475
 0.0542878 0.0348826 0.267267 -0.261785 0.0227742
 0.0482167 0.0306028 0.252398 -0.247339 0.019714
 0.0446957 0.0280295 0.241725 -0.236905 0.0177824
 0.0417565 0.0259413 0.23441 -0.229732 0.0163561
 0.0380443 0.0234011 0.221513 -0.217048 0.0145833
 0.0358938 0.0217724 0.214005 -0.20968 0.0132278
 0.0334559 0.0200768 0.20442 -0.200284 0.0120513
 0.0311992 0.0185375 0.196188 -0.192188 0.0109718
 0.0283679 0.0166563 0.178372 -0.174603 0.00964633
 0.0264824 0.0153808 0.169054 -0.165509 0.008761
 0.0249598 0.0143965 0.160313 -0.156826 0.00814214
 0.0227767 0.0129967 0.143732 -0.140526 0.00720463
 0.0214508 0.0122399 0.136738 -0.133626 0.00689535
 0.0204183 0.0115399 0.127778 -0.124862 0.00643527
 0.0189923 0.0106231 0.117211 -0.114495 0.00581325
 0.0175539 0.00973058 0.104255 -0.10173 0.00523093
 0.016721 0.0091775 0.0992825 -0.0968108 0.00482904
 0.0158452 0.00859908 0.0921642 -0.0898692 0.00442971
 0.0150183 0.00811728 0.0845942 -0.0824277 0.00419247
 0.0141636 0.00752095 0.0771777 -0.0751921 0.00372736
 0.0134932 0.00711717 0.0707322 -0.0688238 0.00346926
 0.0128151 0.00681797 0.0645799 -0.0627881 0.00350241
 0.0124051 0.00650096 0.0583457 -0.0566988 0.00322025
 0.0115436 0.00603961 0.0518618 -0.0504133 0.00301475
 0.0112225 0.00583609 0.0485118 -0.0470702 0.00288498
 0.0107773 0.00556763 0.0443199 -0.042982 0.00272093
 0.0104176 0.00540698 0.0403552 -0.0391277 0.00272137
 0 0 0 0 0
 0 0 0 0 0
 0 0 0 0 0
 0 0 0 0 0
 0 0 0 0 0
 0 0 0 0 0
 0 0 0 0 0
 0 0 0 0 0
 0 0 0 0 0
 0 0 0 0 0
 0 0 0 0 0
 0 0 0 0 0
 0 0 0 0 0
 0 0 0 0 0
 0 0 0 0 0
 0 0 0 0 0
 0 0 0 0 0
 0 0 0 0 0
 0 0 0 0 0
 0 0 0 0 0
 0 0 0 0 0
 0 0 0 0 0
 0 0 0 0 0
 0 0 0 0 0
 0 0 0 0 0
 0 0 0 0 0
 0 0 0 0 0
 0 0 0 0 0
 0 0 0 0 0
 0 0 0 0 0
 0 0 0 0 0
 0 0 0 0 0
 0 0 0 0 0
 0 0 0 0 0
 0 0 0 0 0
 0 0 0 0 0
 0 0 0 0 0
 0 0 0 0 0
 0 0 0 0 0
 0 0 0 0 0
 0 0 0 0 0
 0 0 0 0 0
 0 0 0 0 0
 0 0 0 0 0
 0 0 0 0 0
 0 0 0 0 0
 0 0 0 0 0
 0 0 0 0 0
 0 0 0 0 0
 0 0 0 0 0
 0 0 0 0 0
 0 0 0 0 0
 0 0 0 0 0
 0 0 0 0 0
 0 0 0 0 0
 0 0 0 0 0
 0 0 0 0 0
 0 0 0 0 0
 0 0 0 0 0
 0 0 0 0 0
 0 0 0 0 0
 0 0 0 0 0
 0 0 0 0 0
 0 0 0 0 0
 0 0 0 0 0
 0 0 0 0 0
 0 0 0 0 0
 15.6563 14.9682 0.143664 -0.123969 14.3184
 5.65682 5.32518 0.146815 -0.127796 5.02057
 2.86237 2.65322 0.14665 -0.129148 2.46618
 1.7597 1.60622 0.149303 -0.132227 1.4725
 1.17414 1.05547 0.150956 -0.134564 0.954692
 0.834133 0.738368 0.152409 -0.137145 0.658848
 0.635608 0.554094 0.156323 -0.141656 0.487838
 0.500641 0.429895 0.159742 -0.145588 0.373607
 0.406104 0.343568 0.164598 -0.151106 0.294905
 0.332472 0.277109 0.166429 -0.153522 0.234833
 0.288452 0.236849 0.177179 -0.164641 0.197981
 0.253163 0.204828 0.189002 -0.177076 0.168892
 0.218464 0.174196 0.194087 -0.182675 0.14184
 0.194512 0.152907 0.206487 -0.195748 0.122917
 0.17714 0.137271 0.218367 -0.207922 0.10883
 0.157358 0.120216 0.227993 -0.218121 0.0940283
 0.146345 0.110225 0.24329 -0.233658 0.08493
 0.13203 0.0980683 0.25022 -0.241187 0.0745844
 0.12098 0.0886533 0.258982 -0.250239 0.0665443
 0.110909 0.0802048 0.266564 -0.258171 0.0594521
 0.0993517 0.0708358 0.267554 -0.259763 0.0516876
 0.0944058 0.0665187 0.279287 -0.271468 0.0480294
 0.08689 0.0605188 0.283393 -0.276122 0.0432687
 0.0786645 0.0540211 0.276388 -0.269677 0.0380055
 0.0727019 0.0493477 0.276469 -0.270068 0.0343412
 0.0668129 0.0447307 0.275769 -0.269732 0.0306003
 0.0612422 0.0404867 0.271536 -0.265626 0.0272411
 0.0569168 0.0371475 0.265923 -0.260311 0.0245963
 0.0524396 0.0339413 0.2579 -0.252463 0.0224398
 0.0477777 0.0305451 0.247257 -0.242125 0.0198862
 0.0445327 0.028169 0.239966 -0.235065 0.0181625
 0.0411931 0.025715 0.233338 -0.228701 0.0161857
 0.0377872 0.0232826 0.22132 -0.216855 0.0144273
 0.0347426 0.0212717 0.206447 -0.202256 0.0131773
 0.0328926 0.0198607 0.201133 -0.196944 0.0119946
 0.0300138 0.0178459 0.187957 -0.184176 0.0104715
 0.028221 0.016766 0.178348 -0.174606 0.00996017
 0.0258653 0.0152448 0.164589 -0.161062 0.00897675
 0.0244908 0.0142672 0.157227 -0.153852 0.00822548
 0.0228241 0.0131376 0.146228 -0.14303 0.00739983
 0.0215388 0.0122846 0.137633 -0.134546 0.00680459
 0.0198978 0.0112639 0.126703 -0.1238 0.00620116
 0.0186896 0.0104903 0.116984 -0.114238 0.00571453
 0.0175959 0.00974825 0.107598 -0.105017 0.00515039
 0.0164273 0.00906125 0.0971392 -0.0947917 0.00481684
 0.0158872 0.00874675 0.092985 -0.0906767 0.0046697
 0.0146321 0.00800312 0.0837442 -0.0816724 0.0042485
 0.0140992 0.00767542 0.0786336 -0.0766289 0.00408678
 0.0133163 0.00709907 0.0718922 -0.0699862 0.00355089
 0.0125263 0.00667641 0.0633587 -0.0616389 0.00337918
 0.0121304 0.00641631 0.0603271 -0.0585981 0.00321304
 0.0116876 0.00619048 0.0541449 -0.0526329 0.00316655
 0.0110233 0.00577461 0.0486172 -0.0472509 0.00288763
 0.0105133 0.00545702 0.0453509 -0.044032 0.00267822
 0 0 0 0 0
 0 0 0 0 0
 0 0 0 0 0
 0 0 0 0 0
 0 0 0 0 0
 0 0 0 0 0
 0 0 0 0 0
 0 0 0 0 0
 0 0 0 0 0
 0 0 0 0 0
 0 0 0 0 0
 0 0 0 0 0
 0 0 0 0 0
 0 0 0 0 0
 0 0 0 0 0
 0 0 0 0 0
 0 0 0 0 0
 0 0 0 0 0
 0 0 0 0 0
 0 0 0 0 0
 0 0 0 0 0
 0 0 0 0 0
 0 0 0 0 0
 0 0 0 0 0
 0 0 0 0 0
 0 0 0 0 0
 0 0 0 0 0
 0 0 0 0 0
 0 0 0 0 0
 0 0 0 0 0
 0 0 0 0 0
 0 0 0 0 0
 0 0 0 0 0
 0 0 0 0 0
 0 0 0 0 0
 0 0 0 0 0
 0 0 0 0 0
 0 0 0 0 0
 0 0 0 0 0
 0 0 0 0 0
 0 0 0 0 0
 0 0 0 0 0
 0 0 0 0 0
 0 0 0 0 0
 0 0 0 0 0
 0 0 0 0 0
 0 0 0 0 0
 0 0 0 0 0
 0 0 0 0 0
 0 0 0 0 0
 0 0 0 0 0
 0 0 0 0 0
 0 0 0 0 0
 0 0 0 0 0
 0 0 0 0 0
 0 0 0 0 0
 0 0 0 0 0
 0 0 0 0 0
 0 0 0 0 0
 0 0 0 0 0
 0 0 0 0 0
 0 0 0 0 0
 0 0 0 0 0
 0 0 0 0 0
 0 0 0 0 0
 0 0 0 0 0
 0 0 0 0 0
 0 0 0 0 0
 16.4069 15.7072 0.142855 -0.123367 15.0457
 5.68479 5.36004 0.142632 -0.123798 5.06133
 2.87525 2.67009 0.143508 -0.125544 2.48637
 1.73017 1.58249 0.144851 -0.127967 1.45361
 1.17392 1.05756 0.147526 -0.131509 0.958383
 0.832437 0.73868 0.148574 -0.133246 0.660741
 0.637506 0.557345 0.152294 -0.137538 0.492287
 0.490755 0.422668 0.153701 -0.13978 0.368563
 0.405404 0.344031 0.160371 -0.146817 0.296137
 0.331297 0.277007 0.161647 -0.148907 0.235447
 0.280981 0.231497 0.169871 -0.15753 0.194202
 0.240184 0.195072 0.173663 -0.162161 0.16165
 0.214954 0.172008 0.185258 -0.17396 0.140516
 0.190944 0.150641 0.195865 -0.184832 0.12151
 0.168017 0.130776 0.202486 -0.19221 0.104356
 0.153037 0.117432 0.21685 -0.206984 0.0922933
 0.139692 0.105677 0.226495 -0.216999 0.0818897
 0.127113 0.094925 0.237159 -0.228183 0.0727285
 0.116136 0.0855308 0.242697 -0.234233 0.0646184
 0.107142 0.0778953 0.2569 -0.248748 0.0580793
 0.0983075 0.0705823 0.259807 -0.251964 0.0520198
 0.0902933 0.0639375 0.263314 -0.255966 0.0464121
 0.0838167 0.0585799 0.268283 -0.261415 0.0419496
 0.0772148 0.0533477 0.272877 -0.266278 0.0377583
 0.071394 0.0487424 0.270677 -0.264368 0.0341722
 0.0654796 0.0441351 0.269927 -0.263848 0.0304493
 0.0605083 0.0402391 0.265061 -0.259232 0.027292
 0.0546134 0.0359373 0.254584 -0.249132 0.0241572
 0.0504419 0.0328573 0.246171 -0.240932 0.0219064
 0.047818 0.0307369 0.246527 -0.241498 0.0200837
 0.0431051 0.0273893 0.235889 -0.231164 0.0176712
 0.0403289 0.0253248 0.225933 -0.221388 0.0160555
 0.0365352 0.022728 0.214127 -0.209756 0.0143257
 0.0345427 0.0211509 0.210158 -0.205935 0.0129139
 0.0318738 0.0194079 0.197288 -0.193319 0.011889
 0.0292376 0.0175584 0.184367 -0.180571 0.0104788
 0.0276291 0.016458 0.175901 -0.172238 0.00974258
 0.0262197 0.0154804 0.171068 -0.167476 0.00905525
 0.0235092 0.0137799 0.152871 -0.149586 0.00801126
 0.0223816 0.0129988 0.145109 -0.141991 0.00745292
 0.0211369 0.0121812 0.135179 -0.132152 0.0069288
 0.0193658 0.0110422 0.12474 -0.121927 0.00615276
 0.0184925 0.0104342 0.116506 -0.113789 0.00569532
 0.0176868 0.00991258 0.110129 -0.107577 0.00536355
 0.0163666 0.00913117 0.100583 -0.0981892 0.00495234
 0.0152121 0.00837425 0.0905758 -0.0883358 0.00439144
 0.0145792 0.00796167 0.084235 -0.0821735 0.00413068
 0.013942 0.00763013 0.0790296 -0.0770243 0.00405893
 0.0130794 0.00709067 0.0704545 -0.0686366 0.00371176
 0.0124807 0.00666465 0.0649826 -0.0632341 0.00334395
 0.0118282 0.00632403 0.0590864 -0.0574401 0.00324175
 0.0112439 0.0059574 0.0545923 -0.0531269 0.00301098
 0.0110592 0.00585956 0.0497227 -0.0483104 0.00300607
 0 0 0 0 0
 0 0 0 0 0
 0 0 0 0 0
 0 0 0 0 0
 0 0 0 0 0
 0 0 0 0 0
 0 0 0 0 0
 0 0 0 0 0
 0 0 0 0 0
 0 0 0 0 0
 0 0 0 0 0
 0 0 0 0 0
 0 0 0 0 0
 0 0 0 0 0
 0 0 0 0 0
 0 0 0 0 0
 0 0 0 0 0
 0 0 0 0 0
 0 0 0 0 0
 0 0 0 0 0
 0 0 0 0 0
 0 0 0 0 0
 0 0 0 0 0
 0 0 0 0 0
 0 0 0 0 0
 0 0 0 0 0
 0 0 0 0 0
 0 0 0 0 0
 0 0 0 0 0
 0 0 0 0 0
 0 0 0 0 0
 0 0 0 0 0
 0 0 0 0 0
 0 0 0 0 0
 0 0 0 0 0
 0 0 0 0 0
 0 0 0 0 0
 0 0 0 0 0
 0 0 0 0 0
 0 0 0 0 0
 0 0 0 0 0
 0 0 0 0 0
 0 0 0 0 0
 0 0 0 0 0
 0 0 0 0 0
 0 0 0 0 0
 0 0 0 0 0
 0 0 0 0 0
 0 0 0 0 0
 0 0 0 0 0
 0 0 0 0 0
 0 0 0 0 0
 0 0 0 0 0
 0 0 0 0 0
 0 0 0 0 0
 0 0 0 0 0
 0 0 0 0 0
 0 0 0 0 0
 0 0 0 0 0
 0 0 0 0 0
 0 0 0 0 0
 0 0 0 0 0
 0 0 0 0 0
 0 0 0 0 0
 0 0 0 0 0
 0 0 0 0 0
 0 0 0 0 0
 0 0 0 0 0
 0 0 0 0 0
 16.7362 16.0432 0.140046 -0.120003 15.387
 5.73451 5.4153 0.138669 -0.120054 5.12147
 2.97637 2.76899 0.143408 -0.12537 2.58328
 1.76161 1.61449 0.142609 -0.125626 1.48597
 1.17917 1.06472 0.143858 -0.127805 0.967275
 0.83251 0.740628 0.143229 -0.128026 0.664358
 0.622493 0.545645 0.145813 -0.131058 0.483317
 0.491777 0.424785 0.148877 -0.134939 0.371484
 0.394618 0.335844 0.152442 -0.139228 0.28999
 0.326833 0.274133 0.156215 -0.143726 0.233627
 0.278606 0.230349 0.161537 -0.149508 0.193935
 0.234548 0.191169 0.166494 -0.155091 0.159051
 0.206433 0.165839 0.17332 -0.162141 0.136129
 0.181474 0.143845 0.180204 -0.169676 0.116758
 0.164637 0.128619 0.192859 -0.182963 0.102892
 0.148088 0.114176 0.202926 -0.193346 0.0903358
 0.132553 0.100762 0.208565 -0.199471 0.0786177
 0.123204 0.0923975 0.225563 -0.216785 0.0710844
 0.111209 0.0823327 0.228928 -0.220647 0.0626773
 0.104831 0.0765929 0.246481 -0.238505 0.0574852
 0.0954217 0.0688377 0.247895 -0.240275 0.0510146
 0.08847 0.0630305 0.252778 -0.245573 0.0461899
 0.0821173 0.0577817 0.260414 -0.253421 0.0417697
 0.0740017 0.051324 0.256959 -0.250265 0.0364357
 0.0677196 0.0464199 0.25573 -0.24949 0.0325705
 0.0630328 0.042769 0.256345 -0.250471 0.0298166
 0.0577328 0.0386627 0.250422 -0.244823 0.0264874
 0.0533755 0.0353431 0.245257 -0.239913 0.0239926
 0.0505502 0.0331105 0.246355 -0.241018 0.0221467
 0.0467731 0.0302728 0.241089 -0.236055 0.0199915
 0.0422455 0.0270761 0.229524 -0.22481 0.0177462
 0.0390938 0.0247476 0.219824 -0.215387 0.0159257
 0.0367123 0.0229849 0.216267 -0.211898 0.0145973
 0.0338327 0.0208848 0.205433 -0.201281 0.0129439
 0.0311026 0.0189842 0.192703 -0.188779 0.0115628
 0.0289725 0.0175277 0.181431 -0.177748 0.0105748
 0.0270139 0.0162137 0.17091 -0.167351 0.00972617
 0.0253339 0.0150561 0.164487 -0.161078 0.00889167
 0.0231238 0.0136419 0.151197 -0.14801 0.00801785
 0.021684 0.012534 0.140749 -0.137714 0.00699362
 0.0204225 0.011912 0.133302 -0.130372 0.00693176
 0.0193817 0.0110617 0.126085 -0.123358 0.00610909
 0.0183484 0.0105039 0.118364 -0.115666 0.00594731
 0.0170903 0.0096635 0.108812 -0.106338 0.00535918
 0.0164777 0.00924008 0.101658 -0.0992483 0.00501418
 0.0150009 0.00834325 0.0904008 -0.0882625 0.00449508
 0.0145795 0.00807969 0.0845233 -0.0824518 0.00434772
 0.0137534 0.00753596 0.0788066 -0.0768605 0.00395712
 0.0131428 0.0071942 0.0724093 -0.0705843 0.0038276
 0.0122513 0.0066421 0.0651314 -0.063453 0.00348868
 0.0117063 0.00628678 0.05974 -0.0581484 0.00324467
 0.0111686 0.00597968 0.0536129 -0.0521502 0.00309598
 0 0 0 0 0
 0 0 0 0 0
 0 0 0 0 0
 0 0 0 0 0
 0 0 0 0 0
 0 0 0 0 0
 0 0 0 0 0
 0 0 0 0 0
 0 0 0 0 0
 0 0 0 0 0
 0 0 0 0 0
 0 0 0 0 0
 0 0 0 0 0
 0 0 0 0 0
 0 0 0 0 0
 0 0 0 0 0
 0 0 0 0 0
 0 0 0 0 0
 0 0 0 0 0
 0 0 0 0 0
 0 0 0 0 0
 0 0 0 0 0
 0 0 0 0 0
 0 0 0 0 0
 0 0 0 0 0
 0 0 0 0 0
 0 0 0 0 0
 0 0 0 0 0
 0 0 0 0 0
 0 0 0 0 0
 0 0 0 0 0
 0 0 0 0 0
 0 0 0 0 0
 0 0 0 0 0
 0 0 0 0 0
 0 0 0 0 0
 0 0 0 0 0
 0 0 0 0 0
 0 0 0 0 0
 0 0 0 0 0
 0 0 0 0 0
 0 0 0 0 0
 0 0 0 0 0
 0 0 0 0 0
 0 0 0 0 0
 0 0 0 0 0
 0 0 0 0 0
 0 0 0 0 0
 0 0 0 0 0
 0 0 0 0 0
 0 0 0 0 0
 0 0 0 0 0
 0 0 0 0 0
 0 0 0 0 0
 0 0 0 0 0
 0 0 0 0 0
 0 0 0 0 0
 0 0 0 0 0
 0 0 0 0 0
 0 0 0 0 0
 0 0 0 0 0
 0 0 0 0 0
 0 0 0 0 0
 0 0 0 0 0
 0 0 0 0 0
 0 0 0 0 0
 0 0 0 0 0
 0 0 0 0 0
 0 0 0 0 0
 0 0 0 0 0
 17.1875 16.4965 0.137174 -0.117365 15.8415
 5.84226 5.52504 0.137114 -0.118538 5.23237
 2.92081 2.72172 0.137298 -0.119588 2.54294
 1.73932 1.59707 0.138101 -0.121052 1.47285
 1.16258 1.05193 0.138607 -0.122706 0.9577
 0.816965 0.728514 0.137745 -0.122558 0.655028
 0.617324 0.542424 0.141032 -0.126381 0.481461
 0.485952 0.420822 0.14412 -0.130216 0.368824
 0.392109 0.334689 0.147332 -0.134042 0.289833
 0.325178 0.273587 0.151253 -0.138652 0.234025
 0.271317 0.225044 0.154289 -0.142216 0.190145
 0.230459 0.188492 0.15778 -0.146293 0.157431
 0.202843 0.163581 0.165819 -0.154872 0.134915
 0.176368 0.140213 0.171164 -0.160971 0.114116
 0.158856 0.124583 0.18243 -0.172634 0.100098
 0.139986 0.108293 0.187313 -0.177965 0.0859392
 0.130043 0.0992325 0.19984 -0.190769 0.0777323
 0.119206 0.0897883 0.212462 -0.203834 0.0694907
 0.108276 0.0804639 0.218314 -0.210043 0.0614481
 0.100682 0.0738888 0.230343 -0.222399 0.0557219
 0.0920083 0.0666819 0.236552 -0.229104 0.0496967
 0.08481 0.0606061 0.241042 -0.23401 0.0444104
 0.0783799 0.0553203 0.244395 -0.237615 0.040017
 0.0731527 0.0510241 0.251986 -0.245511 0.0364879
 0.0682338 0.047007 0.254728 -0.248583 0.0331879
 0.0623247 0.0424832 0.250539 -0.244712 0.0297166
 0.058207 0.0392019 0.252111 -0.246468 0.0270328
 0.0528478 0.0352088 0.242302 -0.23688 0.0240447
 0.0486527 0.0320036 0.237844 -0.232772 0.0214946
 0.0451039 0.0293816 0.232097 -0.227128 0.0195751
 0.0407956 0.0262993 0.220369 -0.215778 0.0173352
 0.0382036 0.0242763 0.216077 -0.21164 0.0156867
 0.0360105 0.0226838 0.210664 -0.206329 0.0145252
 0.0330529 0.0205827 0.199453 -0.195428 0.0129963
 0.0308014 0.0190131 0.190314 -0.186406 0.0118825
 0.0289287 0.0176557 0.184713 -0.180954 0.0108283
 0.027125 0.0164038 0.174926 -0.171293 0.00991217
 0.0249092 0.0149254 0.162691 -0.159299 0.00893908
 0.0231256 0.0137737 0.151627 -0.148425 0.00821588
 0.0220109 0.0129726 0.144638 -0.141573 0.00760232
 0.020609 0.0121033 0.134743 -0.131854 0.00713434
 0.0191666 0.0111316 0.124122 -0.121358 0.00643457
 0.0182205 0.0104302 0.117132 -0.114517 0.00581257
 0.0168794 0.00959667 0.108617 -0.106157 0.00532812
 0.0161368 0.00915833 0.100865 -0.09854 0.00510358
 0.0152091 0.00853658 0.0938883 -0.0916683 0.00466832
 0.0141412 0.00784407 0.0837742 -0.0817191 0.00420559
 0.0133201 0.00735558 0.0767577 -0.0749078 0.00393387
 0.0127747 0.00697633 0.0724815 -0.0706824 0.00366278
 0.0121273 0.00658935 0.0660456 -0.0643317 0.00343674
 0.0117124 0.00635748 0.0604548 -0.0589127 0.00334602
 0 0 0 0 0
 0 0 0 0 0
 0 0 0 0 0
 0 0 0 0 0
 0 0 0 0 0
 0 0 0 0 0
 0 0 0 0 0
 0 0 0 0 0
 0 0 0 0 0
 0 0 0 0 0
 0 0 0 0 0
 0 0 0 0 0
 0 0 0 0 0
 0 0 0 0 0
 0 0 0 0 0
 0 0 0 0 0
 0 0 0 0 0
 0 0 0 0 0
 0 0 0 0 0
 0 0 0 0 0
 0 0 0 0 0
 0 0 0 0 0
 0 0 0 0 0
 0 0 0 0 0
 0 0 0 0 0
 0 0 0 0 0
 0 0 0 0 0
 0 0 0 0 0
 0 0 0 0 0
 0 0 0 0 0
 0 0 0 0 0
 0 0 0 0 0
 0 0 0 0 0
 0 0 0 0 0
 0 0 0 0 0
 0 0 0 0 0
 0 0 0 0 0
 0 0 0 0 0
 0 0 0 0 0
 0 0 0 0 0
 0 0 0 0 0
 0 0 0 0 0
 0 0 0 0 0
 0 0 0 0 0
 0 0 0 0 0
 0 0 0 0 0
 0 0 0 0 0
 0 0 0 0 0
 0 0 0 0 0
 0 0 0 0 0
 0 0 0 0 0
 0 0 0 0 0
 0 0 0 0 0
 0 0 0 0 0
 0 0 0 0 0
 0 0 0 0 0
 0 0 0 0 0
 0 0 0 0 0
 0 0 0 0 0
 0 0 0 0 0
 0 0 0 0 0
 0 0 0 0 0
 0 0 0 0 0
 0 0 0 0 0
 0 0 0 0 0
 0 0 0 0 0
 0 0 0 0 0
 0 0 0 0 0
 0 0 0 0 0
 0 0 0 0 0
 0 0 0 0 0
 17.7562 17.0626 0.135705 -0.116256 16.4042
 6.028 5.70877 0.136775 -0.117819 5.41398
 2.96037 2.76315 0.134525 -0.116805 2.58601
 1.74677 1.60685 0.134412 -0.117758 1.48432
 1.17525 1.06551 0.136991 -0.121027 0.971808
 0.818565 0.731487 0.135157 -0.120148 0.65905
 0.611752 0.538868 0.136066 -0.121889 0.479621
 0.4827 0.419077 0.1397 -0.125944 0.368303
 0.380678 0.325864 0.138787 -0.125986 0.283102
 0.306658 0.258766 0.14026 -0.127985 0.221997
 0.263526 0.219263 0.147747 -0.135793 0.185877
 0.225077 0.184678 0.150126 -0.138917 0.154765
 0.195289 0.15807 0.155462 -0.144724 0.130856
 0.171133 0.13658 0.161715 -0.151522 0.111675
 0.152298 0.119891 0.169477 -0.159818 0.0967742
 0.137244 0.106613 0.179064 -0.169749 0.085035
 0.126548 0.09699 0.190427 -0.18148 0.0763009
 0.112572 0.0851608 0.193888 -0.185433 0.0662495
 0.105966 0.0790887 0.210768 -0.202668 0.0606571
 0.0969483 0.0714088 0.219014 -0.211254 0.0540714
 0.0896983 0.0652315 0.226663 -0.219095 0.0486637
 0.0808398 0.0581294 0.226279 -0.2192 0.0430557
 0.0763008 0.0542063 0.236583 -0.229801 0.039621
 0.0703593 0.049371 0.237945 -0.231454 0.0356171
 0.0644551 0.0447379 0.237289 -0.231302 0.0319733
 0.0612881 0.0419888 0.244608 -0.238711 0.0295206
 0.0551369 0.0373367 0.238677 -0.233204 0.0259429
 0.0513123 0.0342938 0.235594 -0.230371 0.0234307
 0.0463285 0.0306414 0.227757 -0.222642 0.0207489
 0.0435789 0.0285309 0.221895 -0.217143 0.0190759
 0.0412298 0.0267022 0.222397 -0.217803 0.0176233
 0.0378239 0.0242222 0.21211 -0.207762 0.0158329
 0.0350072 0.0221732 0.203372 -0.199109 0.0142503
 0.0321247 0.020138 0.193536 -0.189578 0.0128208
 0.0300415 0.0187218 0.187084 -0.183236 0.011899
 0.0287163 0.0176593 0.183211 -0.179463 0.0109629
 0.0262272 0.0159378 0.16799 -0.16444 0.00969283
 0.0251042 0.0151592 0.163543 -0.160156 0.00919458
 0.0230613 0.0137808 0.152384 -0.149167 0.0082039
 0.021118 0.0125592 0.138502 -0.135505 0.00748906
 0.0204271 0.0120291 0.135501 -0.13258 0.00705054
 0.0191267 0.0111512 0.125137 -0.122454 0.00643018
 0.017731 0.0102524 0.114815 -0.112249 0.00582358
 0.0170083 0.0096965 0.111042 -0.108588 0.00536136
 0.015694 0.00896967 0.0982792 -0.0960117 0.00507919
 0.0149559 0.0084225 0.0944867 -0.0923458 0.00460774
 0.0139932 0.0078765 0.0848217 -0.0827981 0.00437331
 0.0135067 0.00753197 0.0787191 -0.0768352 0.00409066
 0.0125519 0.00695064 0.0703003 -0.0685451 0.00374887
 0.0118601 0.00650721 0.0654286 -0.0638077 0.00347392
 0 0 0 0 0
 0 0 0 0 0
 0 0 0 0 0
 0 0 0 0 0
 0 0 0 0 0
 0 0 0 0 0
 0 0 0 0 0
 0 0 0 0 0
 0 0 0 0 0
 0 0 0 0 0
 0 0 0 0 0
 0 0 0 0 0
 0 0 0 0 0
 0 0 0 0 0
 0 0 0 0 0
 0 0 0 0 0
 0 0 0 0 0
 0 0 0 0 0
 0 0 0 0 0
 0 0 0 0 0
 0 0 0 0 0
 0 0 0 0 0
 0 0 0 0 0
 0 0 0 0 0
 0 0 0 0 0
 0 0 0 0 0
 0 0 0 0 0
 0 0 0 0 0
 0 0 0 0 0
 0 0 0 0 0
 0 0 0 0 0
 0 0 0 0 0
 0 0 0 0 0
 0 0 0 0 0
 0 0 0 0 0
 0 0 0 0 0
 0 0 0 0 0
 0 0 0 0 0
 0 0 0 0 0
 0 0 0 0 0
 0 0 0 0 0
 0 0 0 0 0
 0 0 0 0 0
 0 0 0 0 0
 0 0 0 0 0
 0 0 0 0 0
 0 0 0 0 0
 0 0 0 0 0
 0 0 0 0 0
 0 0 0 0 0
 0 0 0 0 0
 0 0 0 0 0
 0 0 0 0 0
 0 0 0 0 0
 0 0 0 0 0
 0 0 0 0 0
 0 0 0 0 0
 0 0 0 0 0
 0 0 0 0 0
 0 0 0 0 0
 0 0 0 0 0
 0 0 0 0 0
 0 0 0 0 0
 0 0 0 0 0
 0 0 0 0 0
 0 0 0 0 0
 0 0 0 0 0
 0 0 0 0 0
 0 0 0 0 0
 0 0 0 0 0
 0 0 0 0 0
 0 0 0 0 0
 18.3272 17.6311 0.134682 -0.114853 16.9693
 6.08294 5.76858 0.134018 -0.114828 5.47801
 3.01092 2.81465 0.133896 -0.11603 2.63798
 1.76697 1.62828 0.132632 -0.115952 1.50683
 1.15437 1.04862 0.131904 -0.115898 0.958242
 0.808542 0.723997 0.131122 -0.115966 0.653413
 0.597637 0.527644 0.130428 -0.116319 0.470506
 0.473805 0.412411 0.134005 -0.120282 0.363448
 0.38057 0.326587 0.136552 -0.123713 0.284249
 0.304266 0.257523 0.134892 -0.122827 0.221677
 0.261438 0.218176 0.142337 -0.130555 0.185432
 0.218824 0.18009 0.143254 -0.132162 0.151322
 0.19278 0.156552 0.150607 -0.13997 0.130053
 0.169101 0.135475 0.155422 -0.145113 0.111254
 0.150251 0.118723 0.16365 -0.154076 0.0961567
 0.133859 0.104402 0.169062 -0.159925 0.0836075
 0.123793 0.0952508 0.181012 -0.172131 0.0753208
 0.111213 0.0844742 0.186644 -0.178243 0.0659642
 0.100648 0.0754492 0.194529 -0.186578 0.0581739
 0.0939283 0.0695332 0.205316 -0.197648 0.0529733
 0.0881308 0.0644197 0.217043 -0.209772 0.0483983
 0.0786413 0.0567417 0.215784 -0.209011 0.0420928
 0.0737003 0.0525139 0.224503 -0.217956 0.0384342
 0.0689973 0.0485958 0.231357 -0.225017 0.0351313
 0.0637938 0.0444151 0.232757 -0.22669 0.0317378
 0.0589543 0.0406514 0.232597 -0.226836 0.0288605
 0.0555571 0.0377762 0.237149 -0.231573 0.0262727
 0.0500396 0.0336501 0.228356 -0.223111 0.0232093
 0.0461032 0.0306422 0.222768 -0.217842 0.0208371
 0.0436633 0.0286912 0.222223 -0.217379 0.0192334
 0.0399837 0.0259696 0.215722 -0.211219 0.017101
 0.0367966 0.0236633 0.205711 -0.201368 0.0154357
 0.0345527 0.0221157 0.200938 -0.196773 0.0144983
 0.0318116 0.0200811 0.190275 -0.186241 0.0128595
 0.0300495 0.0187464 0.186917 -0.183212 0.0118047
 0.0275197 0.0169997 0.174842 -0.171166 0.0105633
 0.0264005 0.0162177 0.170243 -0.166821 0.0100815
 0.0239149 0.0144985 0.156923 -0.153666 0.00882633
 0.0229687 0.0138457 0.151156 -0.147968 0.00837525
 0.0213268 0.0127183 0.141644 -0.138662 0.00759261
 0.0201685 0.0118649 0.133322 -0.130432 0.00685465
 0.018494 0.0108255 0.121536 -0.118891 0.00625881
 0.0173822 0.0101046 0.114912 -0.11247 0.00578332
 0.0165882 0.00957933 0.107962 -0.105599 0.00545941
 0.0153636 0.00877475 0.0975858 -0.0953692 0.00491681
 0.0145877 0.00831493 0.0918808 -0.0897308 0.00467267
 0.0137312 0.00778737 0.08395 -0.0819602 0.00436791
 0.0130503 0.00730417 0.0781486 -0.0762792 0.00398492
 0.0125044 0.00699798 0.0719943 -0.070288 0.00385614
 0 0 0 0 0
 0 0 0 0 0
 0 0 0 0 0
 0 0 0 0 0
 0 0 0 0 0
 0 0 0 0 0
 0 0 0 0 0
 0 0 0 0 0
 0 0 0 0 0
 0 0 0 0 0
 0 0 0 0 0
 0 0 0 0 0
 0 0 0 0 0
 0 0 0 0 0
 0 0 0 0 0
 0 0 0 0 0
 0 0 0 0 0
 0 0 0 0 0
 0 0 0 0 0
 0 0 0 0 0
 0 0 0 0 0
 0 0 0 0 0
 0 0 0 0 0
 0 0 0 0 0
 0 0 0 0 0
 0 0 0 0 0
 0 0 0 0 0
 0 0 0 0 0
 0 0 0 0 0
 0 0 0 0 0
 0 0 0 0 0
 0 0 0 0 0
 0 0 0 0 0
 0 0 0 0 0
 0 0 0 0 0
 0 0 0 0 0
 0 0 0 0 0
 0 0 0 0 0
 0 0 0 0 0
 0 0 0 0 0
 0 0 0 0 0
 0 0 0 0 0
 0 0 0 0 0
 0 0 0 0 0
 0 0 0 0 0
 0 0 0 0 0
 0 0 0 0 0
 0 0 0 0 0
 0 0 0 0 0
 0 0 0 0 0
 0 0 0 0 0
 0 0 0 0 0
 0 0 0 0 0
 0 0 0 0 0
 0 0 0 0 0
 0 0 0 0 0
 0 0 0 0 0
 0 0 0 0 0
 0 0 0 0 0
 0 0 0 0 0
 0 0 0 0 0
 0 0 0 0 0
 0 0 0 0 0
 0 0 0 0 0
 0 0 0 0 0
 0 0 0 0 0
 0 0 0 0 0
 0 0 0 0 0
 0 0 0 0 0
 0 0 0 0 0
 0 0 0 0 0
 0 0 0 0 0
 0 0 0 0 0
 19.1186 18.4125 0.134744 -0.114299 17.7406
 6.23271 5.91825 0.133028 -0.113821 5.62708
 3.00998 2.81797 0.130743 -0.11304 2.64488
 1.77363 1.63717 0.130162 -0.11349 1.51738
 1.16779 1.06287 0.130396 -0.114079 0.973192
 0.82531 0.740633 0.130254 -0.115321 0.669957
 0.608192 0.538189 0.129789 -0.115547 0.480976
 0.472347 0.412116 0.131587 -0.117769 0.363953
 0.371558 0.319686 0.130632 -0.117999 0.278983
 0.302117 0.256397 0.13208 -0.119827 0.221319
 0.253255 0.211947 0.134238 -0.122682 0.180765
 0.218455 0.18038 0.138754 -0.127466 0.152093
 0.185208 0.150854 0.140965 -0.13056 0.125762
 0.165054 0.132621 0.148239 -0.138269 0.109109
 0.14533 0.11528 0.152166 -0.142638 0.09386
 0.130321 0.102004 0.160016 -0.151055 0.0820942
 0.119344 0.0922158 0.170222 -0.161422 0.0732539
 0.108579 0.0827405 0.178697 -0.170442 0.064804
 0.0986617 0.0742757 0.186587 -0.178575 0.0575472
 0.0902075 0.0670089 0.19175 -0.184288 0.0511667
 0.0830883 0.0609962 0.20169 -0.194603 0.0460661
 0.0777847 0.0564208 0.212604 -0.205743 0.0421083
 0.0718107 0.0514395 0.216206 -0.209703 0.0379044
 0.0659476 0.0466512 0.220827 -0.214498 0.033892
 0.0610964 0.0427915 0.220482 -0.214542 0.0308809
 0.0571126 0.0395264 0.223704 -0.218053 0.0281639
 0.0528307 0.036158 0.225228 -0.219867 0.0254715
 0.049155 0.0332372 0.221504 -0.216292 0.0230329
 0.0457408 0.0306607 0.218181 -0.213178 0.0211068
 0.0416656 0.027588 0.209528 -0.204817 0.0186993
 0.03907 0.025542 0.209177 -0.204703 0.017002
 0.0368562 0.0238853 0.207264 -0.202908 0.0157502
 0.0344946 0.0220991 0.200063 -0.195895 0.0143557
 0.0319399 0.0203047 0.192285 -0.188297 0.0131303
 0.0295352 0.0185498 0.183055 -0.179355 0.0117698
 0.0277787 0.0172931 0.177756 -0.174126 0.0108798
 0.0256403 0.015853 0.164861 -0.161494 0.00992383
 0.0243119 0.0147851 0.159734 -0.156449 0.00894275
 0.0222531 0.0134828 0.146462 -0.143333 0.00819391
 0.0211179 0.0126082 0.140813 -0.137817 0.0074348
 0.0190964 0.0113826 0.126568 -0.123797 0.00677902
 0.0182772 0.0107672 0.122667 -0.120048 0.00628098
 0.0173468 0.0102194 0.11642 -0.113881 0.00604203
 0.0165527 0.00962808 0.108388 -0.106019 0.00553852
 0.0154815 0.008894 0.101885 -0.0996342 0.00500669
 0.0146543 0.00835392 0.0928475 -0.0907442 0.00463696
 0.0136163 0.00776327 0.0833342 -0.0813982 0.00436832
 0.0129123 0.00727955 0.0780123 -0.0761698 0.00401485
 0 0 0 0 0
 0 0 0 0 0
 0 0 0 0 0
 0 0 0 0 0
 0 0 0 0 0
 0 0 0 0 0
 0 0 0 0 0
 0 0 0 0 0
 0 0 0 0 0
 0 0 0 0 0
 0 0 0 0 0
 0 0 0 0 0
 0 0 0 0 0
 0 0 0 0 0
 0 0 0 0 0
 0 0 0 0 0
 0 0 0 0 0
 0 0 0 0 0
 0 0 0 0 0
 0 0 0 0 0
 0 0 0 0 0
 0 0 0 0 0
 0 0 0 0 0
 0 0 0 0 0
 0 0 0 0 0
 0 0 0 0 0
 0 0 0 0 0
 0 0 0 0 0
 0 0 0 0 0
 0 0 0 0 0
 0 0 0 0 0
 0 0 0 0 0
 0 0 0 0 0
 0 0 0 0 0
 0 0 0 0 0
 0 0 0 0 0
 0 0 0 0 0
 0 0 0 0 0
 0 0 0 0 0
 0 0 0 0 0
 0 0 0 0 0
 0 0 0 0 0
 0 0 0 0 0
 0 0 0 0 0
 0 0 0 0 0
 0 0 0 0 0
 0 0 0 0 0
 0 0 0 0 0
 0 0 0 0 0
 0 0 0 0 0
 0 0 0 0 0
 0 0 0 0 0
 0 0 0 0 0
 0 0 0 0 0
 0 0 0 0 0
 0 0 0 0 0
 0 0 0 0 0
 0 0 0 0 0
 0 0 0 0 0
 0 0 0 0 0
 0 0 0 0 0
 0 0 0 0 0
 0 0 0 0 0
 0 0 0 0 0
 0 0 0 0 0
 0 0 0 0 0
 0 0 0 0 0
 0 0 0 0 0
 0 0 0 0 0
 0 0 0 0 0
 0 0 0 0 0
 0 0 0 0 0
 0 0 0 0 0
 0 0 0 0 0
 19.4535 18.7546 0.131317 -0.11119 18.0888
 6.32283 6.01122 0.130847 -0.111819 5.72225
 3.10543 2.91151 0.131258 -0.112924 2.73656
 1.7779 1.64383 0.127549 -0.110726 1.52612
 1.13445 1.03437 0.123378 -0.107701 0.948742
 0.816456 0.734089 0.126587 -0.111623 0.665246
 0.614016 0.544509 0.128229 -0.113879 0.487667
 0.468022 0.409315 0.127079 -0.113669 0.36234
 0.369091 0.318407 0.126493 -0.113588 0.278719
 0.299244 0.254693 0.127568 -0.115416 0.220611
 0.253302 0.212638 0.131425 -0.11977 0.181879
 0.209697 0.173683 0.130825 -0.11986 0.146948
 0.178183 0.145562 0.132151 -0.121918 0.121662
 0.158674 0.127871 0.1396 -0.129851 0.105463
 0.142993 0.113806 0.145152 -0.135785 0.0929783
 0.126337 0.0992308 0.15073 -0.141881 0.0801031
 0.112887 0.0875717 0.156625 -0.148099 0.0699652
 0.105125 0.0804551 0.168564 -0.160355 0.0633622
 0.0958592 0.0724891 0.175875 -0.167903 0.0564592
 0.0878708 0.0655885 0.184694 -0.177302 0.0503947
 0.0807153 0.059548 0.19251 -0.185373 0.0453066
 0.0742723 0.054074 0.196784 -0.190148 0.0405372
 0.0703984 0.050685 0.205584 -0.199119 0.0376019
 0.0635966 0.045261 0.20843 -0.202421 0.0332363
 0.0589413 0.041477 0.210291 -0.204486 0.0300833
 0.0561585 0.0390292 0.218254 -0.21267 0.0278997
 0.0509576 0.0350682 0.209899 -0.204617 0.0248793
 0.0482765 0.0328104 0.215937 -0.210823 0.0228963
 0.0441864 0.0296546 0.211606 -0.206904 0.0203439
 0.0422076 0.0281382 0.214099 -0.209415 0.0192541
 0.0389482 0.025626 0.208582 -0.204075 0.0172229
 0.0355545 0.0231726 0.197398 -0.193132 0.0154278
 0.0336539 0.0216771 0.195659 -0.191603 0.0141977
 0.0307308 0.0196231 0.184478 -0.180561 0.0127705
 0.0283385 0.0179045 0.174849 -0.171238 0.0114804
 0.0264653 0.0165287 0.168003 -0.164483 0.0104288
 0.025203 0.0156188 0.164812 -0.161476 0.00977317
 0.0234517 0.0144059 0.154881 -0.151707 0.00890583
 0.0222085 0.0134893 0.147152 -0.144062 0.00819941
 0.0202442 0.0121997 0.135887 -0.133054 0.00734828
 0.0190755 0.0114208 0.127738 -0.125029 0.00681698
 0.0181223 0.0108002 0.120592 -0.117972 0.00645958
 0.0173642 0.0101843 0.116357 -0.113861 0.00589807
 0.0162411 0.00950367 0.10719 -0.104888 0.00553178
 0.0151664 0.00883333 0.0989308 -0.0967325 0.00511299
 0.0141846 0.00818545 0.0902075 -0.0881933 0.00466864
 0.0136716 0.00778287 0.0870092 -0.0850483 0.00431313
 0 0 0 0 0
 0 0 0 0 0
 0 0 0 0 0
 0 0 0 0 0
 0 0 0 0 0
 0 0 0 0 0
 0 0 0 0 0
 0 0 0 0 0
 0 0 0 0 0
 0 0 0 0 0
 0 0 0 0 0
 0 0 0 0 0
 0 0 0 0 0
 0 0 0 0 0
 0 0 0 0 0
 0 0 0 0 0
 0 0 0 0 0
 0 0 0 0 0
 0 0 0 0 0
 0 0 0 0 0
 0 0 0 0 0
 0 0 0 0 0
 0 0 0 0 0
 0 0 0 0 0
 0 0 0 0 0
 0 0 0 0 0
 0 0 0 0 0
 0 0 0 0 0
 0 0 0 0 0
 0 0 0 0 0
 0 0 0 0 0
 0 0 0 0 0
 0 0 0 0 0
 0 0 0 0 0
 0 0 0 0 0
 0 0 0 0 0
 0 0 0 0 0
 0 0 0 0 0
 0 0 0 0 0
 0 0 0 0 0
 0 0 0 0 0
 0 0 0 0 0
 0 0 0 0 0
 0 0 0 0 0
 0 0 0 0 0
 0 0 0 0 0
 0 0 0 0 0
 0 0 0 0 0
 0 0 0 0 0
 0 0 0 0 0
 0 0 0 0 0
 0 0 0 0 0
 0 0 0 0 0
 0 0 0 0 0
 0 0 0 0 0
 0 0 0 0 0
 0 0 0 0 0
 0 0 0 0 0
 0 0 0 0 0
 0 0 0 0 0
 0 0 0 0 0
 0 0 0 0 0
 0 0 0 0 0
 0 0 0 0 0
 0 0 0 0 0
 0 0 0 0 0
 0 0 0 0 0
 0 0 0 0 0
 0 0 0 0 0
 0 0 0 0 0
 0 0 0 0 0
 0 0 0 0 0
 0 0 0 0 0
 0 0 0 0 0
 0 0 0 0 0
 20.1172 19.4138 0.130619 -0.109984 18.743
 6.35671 6.0507 0.127638 -0.108393 5.76675
 3.10797 2.91799 0.126982 -0.108848 2.74643
 1.80392 1.67041 0.126757 -0.109727 1.55282
 1.13795 1.03937 0.121945 -0.106074 0.954858
 0.793027 0.714492 0.119946 -0.105222 0.648915
 0.594219 0.52801 0.121216 -0.107305 0.473726
 0.460713 0.403858 0.121596 -0.108193 0.358289
 0.363855 0.314651 0.122451 -0.109659 0.276029
 0.293058 0.25003 0.122701 -0.110623 0.216927
 0.246963 0.207889 0.124642 -0.113261 0.178414
 0.21005 0.174457 0.12778 -0.116738 0.147922
 0.179632 0.147279 0.129938 -0.119551 0.123677
 0.158282 0.128053 0.135016 -0.125029 0.106232
 0.13798 0.110162 0.137771 -0.12843 0.0902967
 0.124232 0.0979158 0.145103 -0.136147 0.0793475
 0.112014 0.087185 0.151577 -0.143049 0.0698344
 0.09997 0.076833 0.15504 -0.147008 0.060894
 0.0938092 0.0711122 0.169503 -0.161867 0.0554652
 0.0862958 0.0646371 0.176676 -0.169286 0.0498704
 0.077208 0.0571738 0.179145 -0.172308 0.0436565
 0.0724867 0.053072 0.18906 -0.182425 0.0401009
 0.0682242 0.0492827 0.200464 -0.194027 0.0366171
 0.0624834 0.0445917 0.199114 -0.192993 0.0326848
 0.0572016 0.0404137 0.199469 -0.193748 0.0294593
 0.0543892 0.0379578 0.207065 -0.201606 0.0272309
 0.0513046 0.0354287 0.210683 -0.205296 0.0251437
 0.0464161 0.0317225 0.205943 -0.200952 0.0222962
 0.0429253 0.0289838 0.203232 -0.198496 0.0200839
 0.0405021 0.0271147 0.206818 -0.202228 0.0186088
 0.0379631 0.0251334 0.200126 -0.195712 0.0170482
 0.0343956 0.0224854 0.191573 -0.187506 0.0149752
 0.0326987 0.0212492 0.187957 -0.183933 0.0141427
 0.0305266 0.0195936 0.182643 -0.178816 0.0128134
 0.0283207 0.0180233 0.176421 -0.172723 0.0116852
 0.0265123 0.016725 0.166081 -0.162611 0.0107526
 0.0246756 0.0154476 0.160468 -0.157153 0.00985575
 0.0228341 0.014132 0.152292 -0.149241 0.00884858
 0.0219077 0.0134303 0.145667 -0.142663 0.00828448
 0.0203367 0.0123447 0.13793 -0.13506 0.00750839
 0.0192121 0.0116288 0.129195 -0.126472 0.00709648
 0.0181172 0.0108711 0.121612 -0.119005 0.00653972
 0.0167279 0.00995458 0.112663 -0.110207 0.00593499
 0.0160541 0.00949208 0.106078 -0.10379 0.0056202
 0.0148301 0.00863333 0.096875 -0.0947658 0.00494268
 0.0142601 0.00826133 0.0932308 -0.0911675 0.00473201
 0 0 0 0 0
 0 0 0 0 0
 0 0 0 0 0
 0 0 0 0 0
 0 0 0 0 0
 0 0 0 0 0
 0 0 0 0 0
 0 0 0 0 0
 0 0 0 0 0
 0 0 0 0 0
 0 0 0 0 0
 0 0 0 0 0
 0 0 0 0 0
 0 0 0 0 0
 0 0 0 0 0
 0 0 0 0 0
 0 0 0 0 0
 0 0 0 0 0
 0 0 0 0 0
 0 0 0 0 0
 0 0 0 0 0
 0 0 0 0 0
 0 0 0 0 0
 0 0 0 0 0
 0 0 0 0 0
 0 0 0 0 0
 0 0 0 0 0
 0 0 0 0 0
 0 0 0 0 0
 0 0 0 0 0
 0 0 0 0 0
 0 0 0 0 0
 0 0 0 0 0
 0 0 0 0 0
 0 0 0 0 0
 0 0 0 0 0
 0 0 0 0 0
 0 0 0 0 0
 0 0 0 0 0
 0 0 0 0 0
 0 0 0 0 0
 0 0 0 0 0
 0 0 0 0 0
 0 0 0 0 0
 0 0 0 0 0
 0 0 0 0 0
 0 0 0 0 0
 0 0 0 0 0
 0 0 0 0 0
 0 0 0 0 0
 0 0 0 0 0
 0 0 0 0 0
 0 0 0 0 0
 0 0 0 0 0
 0 0 0 0 0
 0 0 0 0 0
 0 0 0 0 0
 0 0 0 0 0
 0 0 0 0 0
 0 0 0 0 0
 0 0 0 0 0
 0 0 0 0 0
 0 0 0 0 0
 0 0 0 0 0
 0 0 0 0 0
 0 0 0 0 0
 0 0 0 0 0
 0 0 0 0 0
 0 0 0 0 0
 0 0 0 0 0
 0 0 0 0 0
 0 0 0 0 0
 0 0 0 0 0
 0 0 0 0 0
 0 0 0 0 0
 0 0 0 0 0
 20.7601 20.0534 0.128907 -0.108244 19.3788
 6.59797 6.28771 0.127511 -0.108117 5.99947
 3.07788 2.89354 0.123329 -0.105353 2.72699
 1.81701 1.68516 0.124014 -0.106844 1.56896
 1.17399 1.07408 0.123174 -0.106833 0.98835
 0.836608 0.755122 0.123645 -0.108053 0.686869
 0.601778 0.53585 0.120118 -0.105796 0.481836
 0.464682 0.408262 0.120756 -0.107102 0.363044
 0.371342 0.321902 0.121882 -0.108891 0.283092
 0.294441 0.251789 0.119142 -0.107263 0.218847
 0.247265 0.208689 0.12324 -0.111498 0.179429
 0.210098 0.174989 0.125101 -0.114222 0.148819
 0.176008 0.144679 0.124042 -0.113912 0.121722
 0.154932 0.125714 0.12871 -0.118955 0.104601
 0.134659 0.107828 0.13041 -0.121132 0.08865
 0.119274 0.0943117 0.134912 -0.126258 0.0766771
 0.10806 0.0843967 0.142431 -0.134028 0.0678833
 0.0975817 0.0752668 0.147957 -0.139964 0.0599027
 0.090695 0.0690537 0.159039 -0.151431 0.0541551
 0.0824529 0.0620131 0.163235 -0.156067 0.0480992
 0.0765039 0.0568436 0.172021 -0.165064 0.0435227
 0.0704785 0.0517841 0.179026 -0.172425 0.0393127
 0.0653153 0.0474455 0.185819 -0.179603 0.0355693
 0.0597077 0.0428925 0.188457 -0.182505 0.0318165
 0.058322 0.0413984 0.203032 -0.197195 0.0302784
 0.0533951 0.0374882 0.201587 -0.196083 0.0271137
 0.0484188 0.0335462 0.200706 -0.195555 0.0238623
 0.0457891 0.0314534 0.199978 -0.194989 0.0222212
 0.0429453 0.0292288 0.200369 -0.195586 0.0205154
 0.0400911 0.0269694 0.197933 -0.193365 0.018641
 0.0360092 0.0239288 0.189163 -0.184885 0.0162868
 0.0342782 0.0225706 0.192388 -0.18828 0.015227
 0.0322832 0.0210512 0.186204 -0.182251 0.0140178
 0.0296814 0.0191483 0.177762 -0.174056 0.0125842
 0.0277143 0.0177468 0.169613 -0.166001 0.0116005
 0.0252632 0.0160096 0.16062 -0.157262 0.010318
 0.0238538 0.0149724 0.154611 -0.151387 0.00953758
 0.0224469 0.0139394 0.14787 -0.144744 0.00873233
 0.0213125 0.0131643 0.141564 -0.138623 0.00823909
 0.0199837 0.0121605 0.13467 -0.131815 0.00738471
 0.0185892 0.0112827 0.126002 -0.1233 0.00688644
 0.0176696 0.0106527 0.119339 -0.116797 0.00645223
 0.0169625 0.010125 0.114222 -0.111804 0.00602792
 0.0154456 0.00920808 0.102208 -0.0999642 0.00553975
 0.014801 0.00869875 0.0977383 -0.0956133 0.00507368
 0 0 0 0 0
 0 0 0 0 0
 0 0 0 0 0
 0 0 0 0 0
 0 0 0 0 0
 0 0 0 0 0
 0 0 0 0 0
 0 0 0 0 0
 0 0 0 0 0
 0 0 0 0 0
 0 0 0 0 0
 0 0 0 0 0
 0 0 0 0 0
 0 0 0 0 0
 0 0 0 0 0
 0 0 0 0 0
 0 0 0 0 0
 0 0 0 0 0
 0 0 0 0 0
 0 0 0 0 0
 0 0 0 0 0
 0 0 0 0 0
 0 0 0 0 0
 0 0 0 0 0
 0 0 0 0 0
 0 0 0 0 0
 0 0 0 0 0
 0 0 0 0 0
 0 0 0 0 0
 0 0 0 0 0
 0 0 0 0 0
 0 0 0 0 0
 0 0 0 0 0
 0 0 0 0 0
 0 0 0 0 0
 0 0 0 0 0
 0 0 0 0 0
 0 0 0 0 0
 0 0 0 0 0
 0 0 0 0 0
 0 0 0 0 0
 0 0 0 0 0
 0 0 0 0 0
 0 0 0 0 0
 0 0 0 0 0
 0 0 0 0 0
 0 0 0 0 0
 0 0 0 0 0
 0 0 0 0 0
 0 0 0 0 0
 0 0 0 0 0
 0 0 0 0 0
 0 0 0 0 0
 0 0 0 0 0
 0 0 0 0 0
 0 0 0 0 0
 0 0 0 0 0
 0 0 0 0 0
 0 0 0 0 0
 0 0 0 0 0
 0 0 0 0 0
 0 0 0 0 0
 0 0 0 0 0
 0 0 0 0 0
 0 0 0 0 0
 0 0 0 0 0
 0 0 0 0 0
 0 0 0 0 0
 0 0 0 0 0
 0 0 0 0 0
 0 0 0 0 0
 0 0 0 0 0
 0 0 0 0 0
 0 0 0 0 0
 0 0 0 0 0
 0 0 0 0 0
 0 0 0 0 0
 21.2228 20.5193 0.126052 -0.105463 19.8471
 6.60348 6.29969 0.125176 -0.105535 6.01708
 3.09511 2.91344 0.121838 -0.103708 2.74889
 1.79977 1.67162 0.119609 -0.102667 1.55864
 1.17063 1.07275 0.119099 -0.103089 0.988533
 0.82698 0.747882 0.118769 -0.103742 0.681542
 0.601705 0.536807 0.11725 -0.102987 0.483533
 0.462248 0.406957 0.118212 -0.10449 0.362582
 0.359229 0.312136 0.115502 -0.102911 0.275108
 0.293203 0.25142 0.116442 -0.104563 0.219224
 0.239361 0.202502 0.115909 -0.104741 0.17457
 0.202757 0.16933 0.117844 -0.10697 0.144411
 0.176878 0.145817 0.122498 -0.112015 0.122908
 0.148888 0.121145 0.121405 -0.111851 0.101027
 0.137188 0.110261 0.129669 -0.120189 0.0910525
 0.119397 0.094725 0.131694 -0.122763 0.0773071
 0.107026 0.0838467 0.136994 -0.128649 0.0676087
 0.0959317 0.0742622 0.141426 -0.133528 0.0592772
 0.0874042 0.0668658 0.149763 -0.142157 0.0528166
 0.0807124 0.0609887 0.158358 -0.15117 0.0475853
 0.0718116 0.0535705 0.157817 -0.151146 0.0412864
 0.0681473 0.0502415 0.168445 -0.161907 0.038218
 0.0646423 0.0472041 0.179253 -0.172974 0.0356617
 0.059101 0.0425904 0.183215 -0.177319 0.0316022
 0.0555437 0.0395878 0.189845 -0.184252 0.0290992
 0.0510102 0.0358964 0.190492 -0.18512 0.0260077
 0.0482022 0.0336282 0.194604 -0.189344 0.0241593
 0.0440072 0.0303223 0.189317 -0.184476 0.0214746
 0.041824 0.0285469 0.195455 -0.190689 0.0200211
 0.0390339 0.0263183 0.192993 -0.188408 0.0181584
 0.0365751 0.0244508 0.192912 -0.188677 0.0167777
 0.0339091 0.0224122 0.186918 -0.182916 0.0151565
 0.0318486 0.0209028 0.18291 -0.178964 0.0140442
 0.0288598 0.0187137 0.172113 -0.168471 0.0123962
 0.0268897 0.0173485 0.165131 -0.161583 0.0114841
 0.0259176 0.0165132 0.163364 -0.159887 0.0107093
 0.0236869 0.0149016 0.152902 -0.149645 0.00948867
 0.0226692 0.0142036 0.149869 -0.146728 0.00905092
 0.0209339 0.0129988 0.141298 -0.138362 0.0082012
 0.0199367 0.0122957 0.135294 -0.132488 0.00767598
 0.0183173 0.0112014 0.123972 -0.121352 0.00692935
 0.0174688 0.0105906 0.119511 -0.11699 0.00646022
 0.0164258 0.00988017 0.112653 -0.110253 0.00595013
 0.0155968 0.00932775 0.10477 -0.102507 0.00560118
 0 0 0 0 0
 0 0 0 0 0
 0 0 0 0 0
 0 0 0 0 0
 0 0 0 0 0
 0 0 0 0 0
 0 0 0 0 0
 0 0 0 0 0
 0 0 0 0 0
 0 0 0 0 0
 0 0 0 0 0
 0 0 0 0 0
 0 0 0 0 0
 0 0 0 0 0
 0 0 0 0 0
 0 0 0 0 0
 0 0 0 0 0
 0 0 0 0 0
 0 0 0 0 0
 0 0 0 0 0
 0 0 0 0 0
 0 0 0 0 0
 0 0 0 0 0
 0 0 0 0 0
 0 0 0 0 0
 0 0 0 0 0
 0 0 0 0 0
 0 0 0 0 0
 0 0 0 0 0
 0 0 0 0 0
 0 0 0 0 0
 0 0 0 0 0
 0 0 0 0 0
 0 0 0 0 0
 0 0 0 0 0
 0 0 0 0 0
 0 0 0 0 0
 0 0 0 0 0
 0 0 0 0 0
 0 0 0 0 0
 0 0 0 0 0
 0 0 0 0 0
 0 0 0 0 0
 0 0 0 0 0
 0 0 0 0 0
 0 0 0 0 0
 0 0 0 0 0
 0 0 0 0 0
 0 0 0 0 0
 0 0 0 0 0
 0 0 0 0 0
 0 0 0 0 0
 0 0 0 0 0
 0 0 0 0 0
 0 0 0 0 0
 0 0 0 0 0
 0 0 0 0 0
 0 0 0 0 0
 0 0 0 0 0
 0 0 0 0 0
 0 0 0 0 0
 0 0 0 0 0
 0 0 0 0 0
 0 0 0 0 0
 0 0 0 0 0
 0 0 0 0 0
 0 0 0 0 0
 0 0 0 0 0
 0 0 0 0 0
 0 0 0 0 0
 0 0 0 0 0
 0 0 0 0 0
 0 0 0 0 0
 0 0 0 0 0
 0 0 0 0 0
 0 0 0 0 0
 0 0 0 0 0
 0 0 0 0 0
 22.4087 21.685 0.127282 -0.106075 20.9929
 6.86492 6.55611 0.125901 -0.106227 6.26837
 3.20909 3.02445 0.123064 -0.104362 2.85695
 1.83196 1.70382 0.119654 -0.102158 1.59055
 1.18237 1.08523 0.117939 -0.101778 1.00157
 0.817885 0.740841 0.115518 -0.100266 0.6761
 0.602645 0.538733 0.114208 -0.0997333 0.486391
 0.448506 0.395707 0.111716 -0.0982842 0.353307
 0.362024 0.315203 0.113219 -0.100588 0.278282
 0.294751 0.253345 0.114205 -0.102118 0.22142
 0.237648 0.201621 0.112263 -0.100987 0.17432
 0.201103 0.168417 0.113946 -0.103118 0.144102
 0.174248 0.144095 0.117598 -0.107258 0.122013
 0.147531 0.120452 0.117268 -0.107609 0.100917
 0.129321 0.104256 0.119298 -0.110231 0.0863792
 0.114377 0.0910067 0.122516 -0.113937 0.0744564
 0.104668 0.0823345 0.130178 -0.121862 0.0667775
 0.09273 0.0720451 0.134031 -0.126308 0.0577683
 0.0837033 0.0641692 0.139505 -0.132071 0.0506829
 0.0786832 0.0596323 0.14766 -0.140595 0.0466249
 0.0725883 0.0543723 0.15634 -0.149582 0.0420214
 0.0677678 0.0501674 0.166354 -0.159969 0.0383168
 0.0609683 0.0445731 0.167439 -0.161289 0.0335736
 0.0566923 0.0410147 0.173236 -0.167534 0.0305942
 0.0536228 0.0383793 0.17914 -0.173634 0.0283406
 0.0507506 0.0359157 0.184978 -0.179618 0.0262175
 0.0461705 0.0323594 0.184494 -0.179533 0.0233829
 0.0432495 0.0299715 0.18724 -0.182367 0.0213882
 0.0411653 0.0281957 0.187393 -0.182749 0.0198325
 0.0377254 0.0256247 0.185572 -0.18123 0.0179133
 0.0352512 0.0236517 0.184434 -0.180222 0.0162591
 0.0331604 0.0220686 0.180668 -0.176516 0.0150717
 0.0307172 0.0202086 0.176606 -0.172739 0.0135605
 0.0286423 0.0186855 0.171053 -0.167399 0.0124814
 0.0273536 0.0176674 0.167939 -0.164339 0.0116193
 0.0249898 0.016015 0.158713 -0.15535 0.0104522
 0.0228667 0.0145815 0.147488 -0.144381 0.00955542
 0.0219305 0.0137798 0.145833 -0.142768 0.00876475
 0.0201691 0.0125885 0.135071 -0.132201 0.00796673
 0.0196113 0.0121468 0.134472 -0.131678 0.00760296
 0.0182844 0.0112203 0.124301 -0.121686 0.00693818
 0.0172105 0.0105079 0.117519 -0.115087 0.00647403
 0.0163139 0.00985067 0.110483 -0.108116 0.00595912
 0 0 0 0 0
 0 0 0 0 0
 0 0 0 0 0
 0 0 0 0 0
 0 0 0 0 0
 0 0 0 0 0
 0 0 0 0 0
 0 0 0 0 0
 0 0 0 0 0
 0 0 0 0 0
 0 0 0 0 0
 0 0 0 0 0
 0 0 0 0 0
 0 0 0 0 0
 0 0 0 0 0
 0 0 0 0 0
 0 0 0 0 0
 0 0 0 0 0
 0 0 0 0 0
 0 0 0 0 0
 0 0 0 0 0
 0 0 0 0 0
 0 0 0 0 0
 0 0 0 0 0
 0 0 0 0 0
 0 0 0 0 0
 0 0 0 0 0
 0 0 0 0 0
 0 0 0 0 0
 0 0 0 0 0
 0 0 0 0 0
 0 0 0 0 0
 0 0 0 0 0
 0 0 0 0 0
 0 0 0 0 0
 0 0 0 0 0
 0 0 0 0 0
 0 0 0 0 0
 0 0 0 0 0
 0 0 0 0 0
 0 0 0 0 0
 0 0 0 0 0
 0 0 0 0 0
 0 0 0 0 0
 0 0 0 0 0
 0 0 0 0 0
 0 0 0 0 0
 0 0 0 0 0
 0 0 0 0 0
 0 0 0 0 0
 0 0 0 0 0
 0 0 0 0 0
 0 0 0 0 0
 0 0 0 0 0
 0 0 0 0 0
 0 0 0 0 0
 0 0 0 0 0
 0 0 0 0 0
 0 0 0 0 0
 0 0 0 0 0
 0 0 0 0 0
 0 0 0 0 0
 0 0 0 0 0
 0 0 0 0 0
 0 0 0 0 0
 0 0 0 0 0
 0 0 0 0 0
 0 0 0 0 0
 0 0 0 0 0
 0 0 0 0 0
 0 0 0 0 0
 0 0 0 0 0
 0 0 0 0 0
 0 0 0 0 0
 0 0 0 0 0
 0 0 0 0 0
 0 0 0 0 0
 0 0 0 0 0
 0 0 0 0 0
 23.265 22.5329 0.126642 -0.105289 21.8318
 6.94906 6.64323 0.124104 -0.104165 6.35794
 3.19322 3.01308 0.119453 -0.100812 2.84957
 1.84282 1.71636 0.117422 -0.100163 1.60459
 1.18034 1.08498 0.11568 -0.0995567 1.00259
 0.81857 0.742689 0.11301 -0.09805 0.678791
 0.601543 0.538697 0.112461 -0.0980258 0.486859
 0.45988 0.406511 0.111151 -0.0975492 0.363583
 0.3569 0.311445 0.109457 -0.0969333 0.27565
 0.285301 0.24575 0.108762 -0.0967958 0.215165
 0.237271 0.201809 0.109353 -0.0980425 0.174939
 0.199468 0.167477 0.110178 -0.0994533 0.143596
 0.169117 0.140219 0.111455 -0.101353 0.11895
 0.146112 0.119595 0.113402 -0.103785 0.100338
 0.127559 0.103109 0.116277 -0.107351 0.0855967
 0.110686 0.0883683 0.116591 -0.108077 0.0725524
 0.102111 0.0805109 0.124053 -0.115782 0.0653844
 0.09086 0.0707994 0.127581 -0.119919 0.0569337
 0.0817568 0.0629305 0.131997 -0.124778 0.0499598
 0.0758088 0.0576464 0.140522 -0.133558 0.0452551
 0.0705779 0.0531133 0.149261 -0.142563 0.0413373
 0.0643487 0.0478422 0.151203 -0.144889 0.0367869
 0.0605813 0.0445188 0.162918 -0.156778 0.0337902
 0.0556108 0.04043 0.166412 -0.160668 0.0303783
 0.0511821 0.0367526 0.169026 -0.163591 0.027182
 0.0481658 0.034228 0.174344 -0.169137 0.0250947
 0.0455596 0.032045 0.180012 -0.175042 0.0232327
 0.0417175 0.0290317 0.178041 -0.173225 0.0208088
 0.0396851 0.0274066 0.181505 -0.176887 0.0195602
 0.0367191 0.0250632 0.178811 -0.174603 0.0176367
 0.0339114 0.0228354 0.174392 -0.170314 0.0157617
 0.0320656 0.0214263 0.174524 -0.170513 0.0146727
 0.0301196 0.0199414 0.172028 -0.168197 0.0135331
 0.0282634 0.018533 0.166529 -0.162853 0.012426
 0.0263709 0.017108 0.161651 -0.158158 0.0113088
 0.0243745 0.0157222 0.153978 -0.150655 0.0103944
 0.0231692 0.0148062 0.148887 -0.145786 0.00964775
 0.0217111 0.0137823 0.143042 -0.140079 0.00894317
 0.0200942 0.0126628 0.135517 -0.1327 0.00813933
 0.0192312 0.0119802 0.130651 -0.127939 0.00757199
 0.0179736 0.0110827 0.123185 -0.120669 0.00689698
 0.0169456 0.0103939 0.115946 -0.113516 0.00641965
 0 0 0 0 0
 0 0 0 0 0
 0 0 0 0 0
 0 0 0 0 0
 0 0 0 0 0
 0 0 0 0 0
 0 0 0 0 0
 0 0 0 0 0
 0 0 0 0 0
 0 0 0 0 0
 0 0 0 0 0
 0 0 0 0 0
 0 0 0 0 0
 0 0 0 0 0
 0 0 0 0 0
 0 0 0 0 0
 0 0 0 0 0
 0 0 0 0 0
 0 0 0 0 0
 0 0 0 0 0
 0 0 0 0 0
 0 0 0 0 0
 0 0 0 0 0
 0 0 0 0 0
 0 0 0 0 0
 0 0 0 0 0
 0 0 0 0 0
 0 0 0 0 0
 0 0 0 0 0
 0 0 0 0 0
 0 0 0 0 0
 0 0 0 0 0
 0 0 0 0 0
 0 0 0 0 0
 0 0 0 0 0
 0 0 0 0 0
 0 0 0 0 0
 0 0 0 0 0
 0 0 0 0 0
 0 0 0 0 0
 0 0 0 0 0
 0 0 0 0 0
 0 0 0 0 0
 0 0 0 0 0
 0 0 0 0 0
 0 0 0 0 0
 0 0 0 0 0
 0 0 0 0 0
 0 0 0 0 0
 0 0 0 0 0
 0 0 0 0 0
 0 0 0 0 0
 0 0 0 0 0
 0 0 0 0 0
 0 0 0 0 0
 0 0 0 0 0
 0 0 0 0 0
 0 0 0 0 0
 0 0 0 0 0
 0 0 0 0 0
 0 0 0 0 0
 0 0 0 0 0
 0 0 0 0 0
 0 0 0 0 0
 0 0 0 0 0
 0 0 0 0 0
 0 0 0 0 0
 0 0 0 0 0
 0 0 0 0 0
 0 0 0 0 0
 0 0 0 0 0
 0 0 0 0 0
 0 0 0 0 0
 0 0 0 0 0
 0 0 0 0 0
 0 0 0 0 0
 0 0 0 0 0
 0 0 0 0 0
 0 0 0 0 0
 0 0 0 0 0
 24.3618 23.6142 0.128218 -0.10628 22.8976
 7.01201 6.70991 0.122678 -0.102326 6.42767
 3.3269 3.14287 0.120848 -0.101735 2.97563
 1.84318 1.71886 0.115565 -0.0980458 1.6088
 1.19552 1.10059 0.114598 -0.0980992 1.01854
 0.800816 0.727805 0.108117 -0.0932083 0.666258
 0.599566 0.53793 0.110067 -0.0956675 0.4871
 0.447622 0.396466 0.107295 -0.0938433 0.355215
 0.362877 0.317362 0.109637 -0.0967642 0.28142
 0.286495 0.247343 0.107259 -0.0953292 0.217015
 0.235768 0.201002 0.106688 -0.0953233 0.174637
 0.197137 0.165895 0.108055 -0.0972875 0.142577
 0.162205 0.134796 0.104846 -0.0948275 0.11462
 0.143854 0.118097 0.108494 -0.0990158 0.0994558
 0.124879 0.101192 0.110552 -0.101459 0.084185
 0.110124 0.0881733 0.113283 -0.104723 0.0726157
 0.0996725 0.0788073 0.119022 -0.110853 0.0641183
 0.0865075 0.0676131 0.11866 -0.111133 0.0544927
 0.0813702 0.0628601 0.128549 -0.121204 0.0501281
 0.07439 0.0567967 0.133076 -0.126066 0.0448322
 0.0675485 0.0509794 0.13837 -0.13166 0.0397813
 0.0629835 0.0470019 0.144954 -0.138772 0.0362771
 0.0576958 0.0425587 0.151987 -0.146004 0.0324252
 0.0543226 0.0396573 0.159702 -0.153963 0.0299383
 0.0507298 0.0366004 0.165808 -0.160267 0.0272456
 0.0472541 0.0336935 0.168373 -0.163163 0.0247696
 0.0447429 0.0315601 0.175783 -0.170774 0.0228993
 0.0410814 0.028719 0.171963 -0.167277 0.0206768
 0.0387456 0.0267807 0.173557 -0.169067 0.019055
 0.0360642 0.024687 0.174476 -0.170221 0.0173599
 0.0341509 0.023144 0.173515 -0.169312 0.0161186
 0.0312978 0.0210383 0.169022 -0.165071 0.0145458
 0.0288824 0.0191753 0.164579 -0.160859 0.0130258
 0.0274292 0.0180882 0.160415 -0.156824 0.0122265
 0.0258304 0.0168511 0.15899 -0.155566 0.0112309
 0.0241815 0.0155965 0.153027 -0.149746 0.0102064
 0.0222444 0.0142401 0.143713 -0.140713 0.00926275
 0.0208818 0.0132615 0.138189 -0.135261 0.00855583
 0.0194773 0.0123006 0.130992 -0.128232 0.00789476
 0.0188045 0.0117584 0.12729 -0.12463 0.00744385
 0.0177 0.0109807 0.121243 -0.118702 0.00687869
 0 0 0 0 0
 0 0 0 0 0
 0 0 0 0 0
 0 0 0 0 0
 0 0 0 0 0
 0 0 0 0 0
 0 0 0 0 0
 0 0 0 0 0
 0 0 0 0 0
 0 0 0 0 0
 0 0 0 0 0
 0 0 0 0 0
 0 0 0 0 0
 0 0 0 0 0
 0 0 0 0 0
 0 0 0 0 0
 0 0 0 0 0
 0 0 0 0 0
 0 0 0 0 0
 0 0 0 0 0
 0 0 0 0 0
 0 0 0 0 0
 0 0 0 0 0
 0 0 0 0 0
 0 0 0 0 0
 0 0 0 0 0
 0 0 0 0 0
 0 0 0 0 0
 0 0 0 0 0
 0 0 0 0 0
 0 0 0 0 0
 0 0 0 0 0
 0 0 0 0 0
 0 0 0 0 0
 0 0 0 0 0
 0 0 0 0 0
 0 0 0 0 0
 0 0 0 0 0
 0 0 0 0 0
 0 0 0 0 0
 0 0 0 0 0
 0 0 0 0 0
 0 0 0 0 0
 0 0 0 0 0
 0 0 0 0 0
 0 0 0 0 0
 0 0 0 0 0
 0 0 0 0 0
 0 0 0 0 0
 0 0 0 0 0
 0 0 0 0 0
 0 0 0 0 0
 0 0 0 0 0
 0 0 0 0 0
 0 0 0 0 0
 0 0 0 0 0
 0 0 0 0 0
 0 0 0 0 0
 0 0 0 0 0
 0 0 0 0 0
 0 0 0 0 0
 0 0 0 0 0
 0 0 0 0 0
 0 0 0 0 0
 0 0 0 0 0
 0 0 0 0 0
 0 0 0 0 0
 0 0 0 0 0
 0 0 0 0 0
 0 0 0 0 0
 0 0 0 0 0
 0 0 0 0 0
 0 0 0 0 0
 0 0 0 0 0
 0 0 0 0 0
 0 0 0 0 0
 0 0 0 0 0
 0 0 0 0 0
 0 0 0 0 0
 0 0 0 0 0
 0 0 0 0 0
 25.0438 24.2942 0.127113 -0.105187 23.5749
 7.18852 6.88547 0.121375 -0.100832 6.60232
 3.28616 3.10783 0.116577 -0.097825 2.9455
 1.90628 1.77999 0.115923 -0.0982442 1.66784
 1.20211 1.1083 0.111959 -0.09557 1.02723
 0.841667 0.766132 0.111978 -0.0961833 0.702353
 0.597324 0.536803 0.107094 -0.0926083 0.48687
 0.45632 0.404924 0.10664 -0.0929892 0.363398
 0.361611 0.316877 0.106897 -0.0939525 0.281509
 0.287716 0.248952 0.104024 -0.092025 0.218923
 0.237697 0.203097 0.105172 -0.0937242 0.176749
 0.195391 0.164892 0.103846 -0.09324 0.142077
 0.166169 0.138494 0.104936 -0.0947975 0.118148
 0.141999 0.116878 0.104983 -0.0955058 0.0986383
 0.122088 0.0992642 0.105372 -0.0964358 0.0829017
 0.107144 0.0860558 0.107606 -0.0992592 0.0711418
 0.0968117 0.0768644 0.111074 -0.102961 0.0629445
 0.0868767 0.0681107 0.114978 -0.10743 0.0550647
 0.0772906 0.0599052 0.118622 -0.111457 0.0479724
 0.0706077 0.0540378 0.123377 -0.116559 0.0427057
 0.0665261 0.050376 0.133343 -0.126766 0.0394352
 0.0609926 0.045623 0.138389 -0.132248 0.0352409
 0.0556472 0.0412246 0.143166 -0.137426 0.0316021
 0.0526678 0.0385463 0.150697 -0.145013 0.0291458
 0.0499277 0.0361873 0.158861 -0.153535 0.0271102
 0.0469077 0.0336082 0.165596 -0.16038 0.0248338
 0.0435415 0.0308884 0.168537 -0.163591 0.0225963
 0.0397827 0.0279039 0.168238 -0.16367 0.0201765
 0.0369372 0.0256652 0.165713 -0.16133 0.0183765
 0.0349306 0.0240538 0.167563 -0.163388 0.0170701
 0.032697 0.0222583 0.166645 -0.162614 0.0155767
 0.0311251 0.0209841 0.168512 -0.1646 0.014512
 0.0285244 0.0190857 0.159681 -0.155993 0.0131328
 0.0270617 0.0179362 0.156642 -0.153006 0.0121708
 0.0250409 0.0164307 0.152412 -0.149071 0.0110337
 0.0236782 0.0153853 0.149123 -0.145924 0.0102027
 0.0224663 0.0144963 0.14538 -0.142333 0.009556
 0.0208996 0.0133502 0.1369 -0.133974 0.00865733
 0.0197009 0.0124867 0.132182 -0.129411 0.0080284
 0.0183863 0.0115518 0.124901 -0.122245 0.00735123
 0 0 0 0 0
 0 0 0 0 0
 0 0 0 0 0
 0 0 0 0 0
 0 0 0 0 0
 0 0 0 0 0
 0 0 0 0 0
 0 0 0 0 0
 0 0 0 0 0
 0 0 0 0 0
 0 0 0 0 0
 0 0 0 0 0
 0 0 0 0 0
 0 0 0 0 0
 0 0 0 0 0
 0 0 0 0 0
 0 0 0 0 0
 0 0 0 0 0
 0 0 0 0 0
 0 0 0 0 0
 0 0 0 0 0
 0 0 0 0 0
 0 0 0 0 0
 0 0 0 0 0
 0 0 0 0 0
 0 0 0 0 0
 0 0 0 0 0
 0 0 0 0 0
 0 0 0 0 0
 0 0 0 0 0
 0 0 0 0 0
 0 0 0 0 0
 0 0 0 0 0
 0 0 0 0 0
 0 0 0 0 0
 0 0 0 0 0
 0 0 0 0 0
 0 0 0 0 0
 0 0 0 0 0
 0 0 0 0 0
 0 0 0 0 0
 0 0 0 0 0
 0 0 0 0 0
 0 0 0 0 0
 0 0 0 0 0
 0 0 0 0 0
 0 0 0 0 0
 0 0 0 0 0
 0 0 0 0 0
 0 0 0 0 0
 0 0 0 0 0
 0 0 0 0 0
 0 0 0 0 0
 0 0 0 0 0
 0 0 0 0 0
 0 0 0 0 0
 0 0 0 0 0
 0 0 0 0 0
 0 0 0 0 0
 0 0 0 0 0
 0 0 0 0 0
 0 0 0 0 0
 0 0 0 0 0
 0 0 0 0 0
 0 0 0 0 0
 0 0 0 0 0
 0 0 0 0 0
 0 0 0 0 0
 0 0 0 0 0
 0 0 0 0 0
 0 0 0 0 0
 0 0 0 0 0
 0 0 0 0 0
 0 0 0 0 0
 0 0 0 0 0
 0 0 0 0 0
 0 0 0 0 0
 0 0 0 0 0
 0 0 0 0 0
 0 0 0 0 0
 0 0 0 0 0
 0 0 0 0 0
 25.8198 25.066 0.126446 -0.103882 24.3418
 7.31467 7.01271 0.12023 -0.0997817 6.73016
 3.41867 3.23662 0.117867 -0.0985158 3.07073
 1.88987 1.76686 0.113068 -0.0951408 1.65769
 1.22993 1.13551 0.111485 -0.0950175 1.05369
 0.826253 0.753234 0.107267 -0.0917708 0.691473
 0.608662 0.547938 0.106227 -0.0916533 0.497692
 0.450048 0.400076 0.102941 -0.0894133 0.359657
 0.353063 0.309963 0.102488 -0.0897383 0.27581
 0.288706 0.250343 0.102867 -0.0908842 0.220596
 0.23368 0.200136 0.101187 -0.0901117 0.174633
 0.194089 0.164169 0.101325 -0.0907117 0.141746
 0.16143 0.134882 0.0994583 -0.0893867 0.115313
 0.139652 0.115237 0.102257 -0.0928192 0.0974625
 0.121837 0.0993725 0.102013 -0.0931258 0.0833008
 0.107844 0.0868833 0.105888 -0.0972783 0.0720171
 0.0942792 0.0750353 0.105972 -0.0980567 0.0615157
 0.0869133 0.0684008 0.112762 -0.104967 0.0555455
 0.0780278 0.0606816 0.115575 -0.108359 0.0487522
 0.0698325 0.0536176 0.118732 -0.111877 0.0424646
 0.0644798 0.0490248 0.124507 -0.118082 0.0385538
 0.0590525 0.0443562 0.129986 -0.123875 0.0344423
 0.0553707 0.0411582 0.138153 -0.13235 0.0316726
 0.051039 0.0375642 0.142468 -0.136867 0.0286488
 0.0486567 0.0353896 0.151913 -0.146512 0.0265981
 0.0442402 0.0318347 0.152972 -0.147933 0.0236835
 0.0428209 0.0305131 0.162909 -0.157943 0.0224318
 0.0383984 0.0270662 0.158442 -0.153948 0.0197183
 0.0369406 0.0257836 0.16167 -0.157201 0.0185645
 0.0344167 0.0237926 0.163646 -0.159497 0.0169741
 0.0327814 0.0224677 0.16552 -0.161472 0.0158686
 0.0297992 0.0201722 0.158653 -0.154837 0.0140014
 0.028454 0.0191422 0.157104 -0.153425 0.01327
 0.0262625 0.0174638 0.153697 -0.150242 0.011876
 0.0250855 0.0165701 0.152474 -0.149102 0.0112187
 0.0232002 0.0151979 0.144665 -0.141535 0.0102213
 0.0218913 0.0141694 0.140748 -0.137703 0.00934733
 0.0205511 0.0131992 0.134842 -0.131974 0.00862525
 0.019248 0.0122556 0.128501 -0.125797 0.00793891
 0 0 0 0 0
 0 0 0 0 0
 0 0 0 0 0
 0 0 0 0 0
 0 0 0 0 0
 0 0 0 0 0
 0 0 0 0 0
 0 0 0 0 0
 0 0 0 0 0
 0 0 0 0 0
 0 0 0 0 0
 0 0 0 0 0
 0 0 0 0 0
 0 0 0 0 0
 0 0 0 0 0
 0 0 0 0 0
 0 0 0 0 0
 0 0 0 0 0
 0 0 0 0 0
 0 0 0 0 0
 0 0 0 0 0
 0 0 0 0 0
 0 0 0 0 0
 0 0 0 0 0
 0 0 0 0 0
 0 0 0 0 0
 0 0 0 0 0
 0 0 0 0 0
 0 0 0 0 0
 0 0 0 0 0
 0 0 0 0 0
 0 0 0 0 0
 0 0 0 0 0
 0 0 0 0 0
 0 0 0 0 0
 0 0 0 0 0
 0 0 0 0 0
 0 0 0 0 0
 0 0 0 0 0
 0 0 0 0 0
 0 0 0 0 0
 0 0 0 0 0
 0 0 0 0 0
 0 0 0 0 0
 0 0 0 0 0
 0 0 0 0 0
 0 0 0 0 0
 0 0 0 0 0
 0 0 0 0 0
 0 0 0 0 0
 0 0 0 0 0
 0 0 0 0 0
 0 0 0 0 0
 0 0 0 0 0
 0 0 0 0 0
 0 0 0 0 0
 0 0 0 0 0
 0 0 0 0 0
 0 0 0 0 0
 0 0 0 0 0
 0 0 0 0 0
 0 0 0 0 0
 0 0 0 0 0
 0 0 0 0 0
 0 0 0 0 0
 0 0 0 0 0
 0 0 0 0 0
 0 0 0 0 0
 0 0 0 0 0
 0 0 0 0 0
 0 0 0 0 0
 0 0 0 0 0
 0 0 0 0 0
 0 0 0 0 0
 0 0 0 0 0
 0 0 0 0 0
 0 0 0 0 0
 0 0 0 0 0
 0 0 0 0 0
 0 0 0 0 0
 0 0 0 0 0
 0 0 0 0 0
 0 0 0 0 0
 26.299 25.5497 0.124294 -0.101719 24.8295
 7.6231 7.31486 0.121761 -0.100757 7.02613
 3.42159 3.24277 0.116253 -0.0968625 3.0795
 1.95899 1.83372 0.11356 -0.0955292 1.7224
 1.22132 1.12901 0.110049 -0.0932475 1.04888
 0.843875 0.770485 0.107539 -0.0918117 0.708374
 0.616855 0.556248 0.105897 -0.0913433 0.505973
 0.468593 0.417343 0.105194 -0.09124 0.37586
 0.355242 0.312472 0.100561 -0.0876733 0.278487
 0.27978 0.24307 0.0978408 -0.0860067 0.214551
 0.233538 0.200379 0.0995025 -0.0880933 0.175029
 0.191589 0.162408 0.0977858 -0.0872158 0.140475
 0.162617 0.136185 0.0983117 -0.0882842 0.116659
 0.137231 0.113522 0.0978067 -0.0885767 0.0962242
 0.121195 0.09908 0.100944 -0.0919433 0.0831762
 0.104523 0.084425 0.10063 -0.0922408 0.0701212
 0.092635 0.0739344 0.10137 -0.0935292 0.0608251
 0.0832859 0.0657108 0.10571 -0.0982758 0.0535026
 0.0735612 0.0573934 0.106623 -0.0995433 0.0462688
 0.0684589 0.0527864 0.112825 -0.106096 0.0420919
 0.062331 0.0475591 0.117889 -0.111436 0.0375746
 0.0580654 0.0437751 0.126598 -0.120481 0.0341029
 0.0539826 0.0402749 0.131518 -0.125755 0.0311061
 0.05034 0.0371298 0.136708 -0.131242 0.0283032
 0.0459437 0.0335593 0.140597 -0.135464 0.0253853
 0.0428833 0.0309859 0.144914 -0.139899 0.0231227
 0.0404757 0.0289469 0.149551 -0.144851 0.0214308
 0.0387346 0.0273954 0.157563 -0.152881 0.0199512
 0.0358152 0.0250924 0.15667 -0.152367 0.0181243
 0.0331885 0.0230392 0.155469 -0.151341 0.0164711
 0.0312545 0.0215419 0.154288 -0.150392 0.0153494
 0.0293153 0.0199423 0.154307 -0.150518 0.0139344
 0.0270203 0.0181972 0.147482 -0.143913 0.012582
 0.0254017 0.0169787 0.14738 -0.144011 0.0116482
 0.0236773 0.015667 0.142601 -0.139349 0.0106017
 0.0228795 0.0150348 0.142767 -0.139609 0.0101059
 0.0215986 0.0140827 0.139688 -0.136729 0.00939367
 0.0200667 0.0129632 0.131921 -0.129096 0.00855042
 0 0 0 0 0
 0 0 0 0 0
 0 0 0 0 0
 0 0 0 0 0
 0 0 0 0 0
 0 0 0 0 0
 0 0 0 0 0
 0 0 0 0 0
 0 0 0 0 0
 0 0 0 0 0
 0 0 0 0 0
 0 0 0 0 0
 0 0 0 0 0
 0 0 0 0 0
 0 0 0 0 0
 0 0 0 0 0
 0 0 0 0 0
 0 0 0 0 0
 0 0 0 0 0
 0 0 0 0 0
 0 0 0 0 0
 0 0 0 0 0
 0 0 0 0 0
 0 0 0 0 0
 0 0 0 0 0
 0 0 0 0 0
 0 0 0 0 0
 0 0 0 0 0
 0 0 0 0 0
 0 0 0 0 0
 0 0 0 0 0
 0 0 0 0 0
 0 0 0 0 0
 0 0 0 0 0
 0 0 0 0 0
 0 0 0 0 0
 0 0 0 0 0
 0 0 0 0 0
 0 0 0 0 0
 0 0 0 0 0
 0 0 0 0 0
 0 0 0 0 0
 0 0 0 0 0
 0 0 0 0 0
 0 0 0 0 0
 0 0 0 0 0
 0 0 0 0 0
 0 0 0 0 0
 0 0 0 0 0
 0 0 0 0 0
 0 0 0 0 0
 0 0 0 0 0
 0 0 0 0 0
 0 0 0 0 0
 0 0 0 0 0
 0 0 0 0 0
 0 0 0 0 0
 0 0 0 0 0
 0 0 0 0 0
 0 0 0 0 0
 0 0 0 0 0
 0 0 0 0 0
 0 0 0 0 0
 0 0 0 0 0
 0 0 0 0 0
 0 0 0 0 0
 0 0 0 0 0
 0 0 0 0 0
 0 0 0 0 0
 0 0 0 0 0
 0 0 0 0 0
 0 0 0 0 0
 0 0 0 0 0
 0 0 0 0 0
 0 0 0 0 0
 0 0 0 0 0
 0 0 0 0 0
 0 0 0 0 0
 0 0 0 0 0
 0 0 0 0 0
 0 0 0 0 0
 0 0 0 0 0
 0 0 0 0 0
 0 0 0 0 0
 27.4679 26.7042 0.124634 -0.101416 25.9693
 7.71739 7.41177 0.119295 -0.0981158 7.12515
 3.49121 3.31202 0.115893 -0.09636 3.1482
 1.96896 1.84514 0.112428 -0.0940767 1.73491
 1.22565 1.1345 0.107972 -0.0910817 1.05521
 0.846233 0.773761 0.10522 -0.0895342 0.712277
 0.606735 0.547933 0.101658 -0.087115 0.499095
 0.454729 0.405688 0.100132 -0.0865383 0.36586
 0.359071 0.316447 0.0994542 -0.086605 0.28254
 0.286037 0.248997 0.0991792 -0.0870758 0.220072
 0.228909 0.196894 0.0950317 -0.0839042 0.172432
 0.190809 0.16213 0.0958092 -0.0852092 0.140532
 0.157989 0.132618 0.0927825 -0.0830107 0.113887
 0.138668 0.115024 0.0963475 -0.0869708 0.097775
 0.11592 0.0950042 0.0940292 -0.0852775 0.0799457
 0.102764 0.083271 0.0958733 -0.0875383 0.0694694
 0.0902133 0.072212 0.0968625 -0.0890408 0.0595922
 0.0814499 0.064476 0.100409 -0.0929683 0.052701
 0.0747619 0.0584633 0.106019 -0.0989067 0.0472066
 0.067266 0.0520442 0.108464 -0.101784 0.0416337
 0.0611036 0.0467662 0.109711 -0.103379 0.037085
 0.0566104 0.0428405 0.119567 -0.113563 0.0335597
 0.0519031 0.0388451 0.122725 -0.117028 0.0301258
 0.0486582 0.0359893 0.130809 -0.125422 0.0275123
 0.0451926 0.0331184 0.133526 -0.128451 0.0251247
 0.0421129 0.0305477 0.139628 -0.13472 0.0229463
 0.0399249 0.028659 0.145898 -0.141244 0.0212474
 0.0376866 0.0267885 0.152438 -0.147872 0.0196363
 0.03481 0.0244982 0.150182 -0.145953 0.0177948
 0.0326213 0.0227576 0.151143 -0.147091 0.0164024
 0.0303969 0.0209795 0.152262 -0.148297 0.0148974
 0.0290997 0.0198963 0.152133 -0.148422 0.013993
 0.0266851 0.0181184 0.146964 -0.143476 0.0126955
 0.0250847 0.0168223 0.144518 -0.141194 0.0115641
 0.0238249 0.015844 0.143598 -0.140316 0.0107915
 0.0221754 0.01459 0.138662 -0.135616 0.0097825
 0.0208454 0.0135607 0.133334 -0.130446 0.00893867
 0 0 0 0 0
 0 0 0 0 0
 0 0 0 0 0
 0 0 0 0 0
 0 0 0 0 0
 0 0 0 0 0
 0 0 0 0 0
 0 0 0 0 0
 0 0 0 0 0
 0 0 0 0 0
 0 0 0 0 0
 0 0 0 0 0
 0 0 0 0 0
 0 0 0 0 0
 0 0 0 0 0
 0 0 0 0 0
 0 0 0 0 0
 0 0 0 0 0
 0 0 0 0 0
 0 0 0 0 0
 0 0 0 0 0
 0 0 0 0 0
 0 0 0 0 0
 0 0 0 0 0
 0 0 0 0 0
 0 0 0 0 0
 0 0 0 0 0
 0 0 0 0 0
 0 0 0 0 0
 0 0 0 0 0
 0 0 0 0 0
 0 0 0 0 0
 0 0 0 0 0
 0 0 0 0 0
 0 0 0 0 0
 0 0 0 0 0
 0 0 0 0 0
 0 0 0 0 0
 0 0 0 0 0
 0 0 0 0 0
 0 0 0 0 0
 0 0 0 0 0
 0 0 0 0 0
 0 0 0 0 0
 0 0 0 0 0
 0 0 0 0 0
 0 0 0 0 0
 0 0 0 0 0
 0 0 0 0 0
 0 0 0 0 0
 0 0 0 0 0
 0 0 0 0 0
 0 0 0 0 0
 0 0 0 0 0
 0 0 0 0 0
 0 0 0 0 0
 0 0 0 0 0
 0 0 0 0 0
 0 0 0 0 0
 0 0 0 0 0
 0 0 0 0 0
 0 0 0 0 0
 0 0 0 0 0
 0 0 0 0 0
 0 0 0 0 0
 0 0 0 0 0
 0 0 0 0 0
 0 0 0 0 0
 0 0 0 0 0
 0 0 0 0 0
 0 0 0 0 0
 0 0 0 0 0
 0 0 0 0 0
 0 0 0 0 0
 0 0 0 0 0
 0 0 0 0 0
 0 0 0 0 0
 0 0 0 0 0
 0 0 0 0 0
 0 0 0 0 0
 0 0 0 0 0
 0 0 0 0 0
 0 0 0 0 0
 0 0 0 0 0
 0 0 0 0 0
 28.3082 27.5396 0.123627 -0.100208 26.7993
 7.9488 7.64029 0.119894 -0.0982708 7.35063
 3.5026 3.32612 0.113032 -0.0933583 3.16468
 1.96338 1.84193 0.109918 -0.0916592 1.73359
 1.25417 1.16241 0.107308 -0.0901783 1.08257
 0.852058 0.780187 0.104208 -0.0882767 0.719148
 0.614615 0.555949 0.101174 -0.08636 0.507268
 0.449134 0.401333 0.0973842 -0.08369 0.362452
 0.353522 0.312113 0.096285 -0.0834025 0.279135
 0.285912 0.24938 0.0962342 -0.0840808 0.220771
 0.231782 0.199767 0.0954817 -0.0840817 0.175218
 0.189105 0.161029 0.0928558 -0.082137 0.139925
 0.159377 0.134132 0.09188 -0.0820377 0.115408
 0.136421 0.113444 0.0928758 -0.0834883 0.0966833
 0.117403 0.09645 0.092385 -0.0835658 0.0813479
 0.104054 0.0844925 0.0947067 -0.0863267 0.0705802
 0.0904875 0.0726357 0.0955875 -0.0876642 0.0600557
 0.0809811 0.0642534 0.09849 -0.09103 0.0525651
 0.0717689 0.0563267 0.0989592 -0.092 0.0456834
 0.0660452 0.0512649 0.103227 -0.0965833 0.0411496
 0.0589742 0.0452268 0.10785 -0.101553 0.0358447
 0.0543227 0.0412077 0.111853 -0.10588 0.032308
 0.0508165 0.038172 0.117648 -0.112031 0.0297149
 0.0469731 0.0349258 0.123225 -0.117877 0.0268845
 0.0442261 0.0325466 0.128406 -0.123366 0.0248312
 0.041352 0.0301125 0.136362 -0.131507 0.0227003
 0.0387454 0.0279393 0.139614 -0.134959 0.0208708
 0.0361392 0.0257794 0.141819 -0.137401 0.0189957
 0.0336033 0.0237604 0.143783 -0.139519 0.01735
 0.0320728 0.0224735 0.146462 -0.142403 0.0162783
 0.0300364 0.0208234 0.145602 -0.141752 0.0149012
 0.0279922 0.0192205 0.146313 -0.14271 0.0135869
 0.026051 0.0177347 0.142483 -0.139056 0.0124309
 0.0247543 0.0167049 0.140903 -0.137605 0.0115856
 0.0236268 0.015818 0.141287 -0.13806 0.010906
 0.0216126 0.0143177 0.133817 -0.130805 0.00972575
 0 0 0 0 0
 0 0 0 0 0
 0 0 0 0 0
 0 0 0 0 0
 0 0 0 0 0
 0 0 0 0 0
 0 0 0 0 0
 0 0 0 0 0
 0 0 0 0 0
 0 0 0 0 0
 0 0 0 0 0
 0 0 0 0 0
 0 0 0 0 0
 0 0 0 0 0
 0 0 0 0 0
 0 0 0 0 0
 0 0 0 0 0
 0 0 0 0 0
 0 0 0 0 0
 0 0 0 0 0
 0 0 0 0 0
 0 0 0 0 0
 0 0 0 0 0
 0 0 0 0 0
 0 0 0 0 0
 0 0 0 0 0
 0 0 0 0 0
 0 0 0 0 0
 0 0 0 0 0
 0 0 0 0 0
 0 0 0 0 0
 0 0 0 0 0
 0 0 0 0 0
 0 0 0 0 0
 0 0 0 0 0
 0 0 0 0 0
 0 0 0 0 0
 0 0 0 0 0
 0 0 0 0 0
 0 0 0 0 0
 0 0 0 0 0
 0 0 0 0 0
 0 0 0 0 0
 0 0 0 0 0
 0 0 0 0 0
 0 0 0 0 0
 0 0 0 0 0
 0 0 0 0 0
 0 0 0 0 0
 0 0 0 0 0
 0 0 0 0 0
 0 0 0 0 0
 0 0 0 0 0
 0 0 0 0 0
 0 0 0 0 0
 0 0 0 0 0
 0 0 0 0 0
 0 0 0 0 0
 0 0 0 0 0
 0 0 0 0 0
 0 0 0 0 0
 0 0 0 0 0
 0 0 0 0 0
 0 0 0 0 0
 0 0 0 0 0
 0 0 0 0 0
 0 0 0 0 0
 0 0 0 0 0
 0 0 0 0 0
 0 0 0 0 0
 0 0 0 0 0
 0 0 0 0 0
 0 0 0 0 0
 0 0 0 0 0
 0 0 0 0 0
 0 0 0 0 0
 0 0 0 0 0
 0 0 0 0 0
 0 0 0 0 0
 0 0 0 0 0
 0 0 0 0 0
 0 0 0 0 0
 0 0 0 0 0
 0 0 0 0 0
 0 0 0 0 0
 0 0 0 0 0
 28.7762 28.0132 0.121273 -0.0978367 27.2777
 7.92584 7.62422 0.11678 -0.095405 7.34077
 3.67716 3.49516 0.116026 -0.0954508 3.32841
 1.97113 1.85122 0.108138 -0.0896133 1.74403
 1.26371 1.17268 0.106472 -0.089315 1.09333
 0.852283 0.781394 0.10272 -0.0868292 0.720948
 0.610792 0.553337 0.0992558 -0.084625 0.505415
 0.458434 0.410294 0.09747 -0.0835992 0.370995
 0.357835 0.316528 0.0952492 -0.0824695 0.283568
 0.278071 0.242976 0.0926233 -0.0806868 0.215449
 0.229006 0.197742 0.0927525 -0.0814313 0.173722
 0.186748 0.159358 0.0894942 -0.0790521 0.138676
 0.160952 0.135735 0.0920933 -0.082061 0.116954
 0.133677 0.111399 0.0893208 -0.0800262 0.0950208
 0.117229 0.0965858 0.0903442 -0.0815094 0.081721
 0.0997633 0.0812508 0.0885592 -0.0804677 0.0681109
 0.0910333 0.073279 0.0936258 -0.0857342 0.0607196
 0.0789264 0.0628429 0.092445 -0.0851358 0.0516883
 0.0703995 0.0554023 0.0945125 -0.087715 0.0450613
 0.0640507 0.0498592 0.0973175 -0.09073 0.0401773
 0.0585347 0.0450738 0.102443 -0.0961767 0.0359581
 0.0531797 0.0404888 0.105278 -0.0993425 0.0319122
 0.0489445 0.0368583 0.112695 -0.107184 0.0287012
 0.0465791 0.0347572 0.118908 -0.113529 0.0268721
 0.0426665 0.0315078 0.124228 -0.119217 0.0241297
 0.039576 0.0289246 0.127048 -0.122224 0.0219206
 0.0373458 0.0269657 0.13316 -0.12853 0.0200974
 0.0347642 0.0249109 0.132102 -0.127752 0.0184758
 0.0325272 0.0230406 0.136008 -0.13189 0.0168483
 0.0316748 0.0222486 0.144159 -0.140212 0.0161252
 0.0285882 0.0198922 0.137139 -0.133356 0.0142871
 0.0266304 0.0184082 0.13416 -0.130606 0.0131733
 0.025993 0.0177532 0.140435 -0.136959 0.0124879
 0.0244892 0.0165722 0.139187 -0.13591 0.0115037
 0.0223208 0.0149834 0.132632 -0.129586 0.0103045
 0 0 0 0 0
 0 0 0 0 0
 0 0 0 0 0
 0 0 0 0 0
 0 0 0 0 0
 0 0 0 0 0
 0 0 0 0 0
 0 0 0 0 0
 0 0 0 0 0
 0 0 0 0 0
 0 0 0 0 0
 0 0 0 0 0
 0 0 0 0 0
 0 0 0 0 0
 0 0 0 0 0
 0 0 0 0 0
 0 0 0 0 0
 0 0 0 0 0
 0 0 0 0 0
 0 0 0 0 0
 0 0 0 0 0
 0 0 0 0 0
 0 0 0 0 0
 0 0 0 0 0
 0 0 0 0 0
 0 0 0 0 0
 0 0 0 0 0
 0 0 0 0 0
 0 0 0 0 0
 0 0 0 0 0
 0 0 0 0 0
 0 0 0 0 0
 0 0 0 0 0
 0 0 0 0 0
 0 0 0 0 0
 0 0 0 0 0
 0 0 0 0 0
 0 0 0 0 0
 0 0 0 0 0
 0 0 0 0 0
 0 0 0 0 0
 0 0 0 0 0
 0 0 0 0 0
 0 0 0 0 0
 0 0 0 0 0
 0 0 0 0 0
 0 0 0 0 0
 0 0 0 0 0
 0 0 0 0 0
 0 0 0 0 0
 0 0 0 0 0
 0 0 0 0 0
 0 0 0 0 0
 0 0 0 0 0
 0 0 0 0 0
 0 0 0 0 0
 0 0 0 0 0
 0 0 0 0 0
 0 0 0 0 0
 0 0 0 0 0
 0 0 0 0 0
 0 0 0 0 0
 0 0 0 0 0
 0 0 0 0 0
 0 0 0 0 0
 0 0 0 0 0
 0 0 0 0 0
 0 0 0 0 0
 0 0 0 0 0
 0 0 0 0 0
 0 0 0 0 0
 0 0 0 0 0
 0 0 0 0 0
 0 0 0 0 0
 0 0 0 0 0
 0 0 0 0 0
 0 0 0 0 0
 0 0 0 0 0
 0 0 0 0 0
 0 0 0 0 0
 0 0 0 0 0
 0 0 0 0 0
 0 0 0 0 0
 0 0 0 0 0
 0 0 0 0 0
 0 0 0 0 0
 0 0 0 0 0
 30.0055 29.2282 0.122502 -0.0985458 28.4783
 8.25847 7.95031 0.119306 -0.096855 7.66039
 3.60281 3.42763 0.110772 -0.0908583 3.26696
 2.03631 1.91447 0.108652 -0.0900258 1.8056
 1.26417 1.17452 0.104448 -0.0872275 1.0962
 0.851617 0.781815 0.101114 -0.0849925 0.722214
 0.596786 0.541395 0.0958583 -0.0811223 0.495143
 0.464924 0.416799 0.096545 -0.0826397 0.377396
 0.353514 0.31316 0.09224 -0.0792976 0.280932
 0.282066 0.246961 0.0915667 -0.0794923 0.219406
 0.227279 0.196642 0.0895383 -0.0781957 0.173074
 0.188209 0.160928 0.0885808 -0.0779904 0.140265
 0.15614 0.131983 0.0862558 -0.0764325 0.113999
 0.13075 0.109214 0.0851742 -0.0759993 0.0934292
 0.115822 0.0956667 0.0872842 -0.0786277 0.0810296
 0.100192 0.0817807 0.0882608 -0.0799528 0.0686217
 0.08719 0.0703478 0.0884558 -0.0806457 0.0584352
 0.0782951 0.0625128 0.0897942 -0.0823629 0.0515384
 0.0682873 0.0538945 0.0895792 -0.0827142 0.0439244
 0.0635172 0.049608 0.0948908 -0.0882917 0.0400838
 0.0589277 0.0455263 0.0989892 -0.09281 0.0364197
 0.0527319 0.0402963 0.101584 -0.0956508 0.0319108
 0.0485296 0.036689 0.107445 -0.101927 0.0287462
 0.0446376 0.0333834 0.110774 -0.105544 0.0258564
 0.0419028 0.0310513 0.116387 -0.111394 0.0238624
 0.0388037 0.0284664 0.122149 -0.11734 0.0216653
 0.0367696 0.0266957 0.126485 -0.121922 0.0200816
 0.0339161 0.0243787 0.128953 -0.124748 0.0181303
 0.032233 0.0229423 0.13246 -0.128292 0.0169005
 0.0302262 0.0213226 0.135154 -0.131256 0.0155473
 0.0281277 0.0196636 0.135536 -0.131797 0.0141981
 0.0266687 0.0184778 0.135252 -0.131707 0.013197
 0.024759 0.0170229 0.133983 -0.130678 0.0120872
 0.0239465 0.0163323 0.133793 -0.130523 0.0115064
 0 0 0 0 0
 0 0 0 0 0
 0 0 0 0 0
 0 0 0 0 0
 0 0 0 0 0
 0 0 0 0 0
 0 0 0 0 0
 0 0 0 0 0
 0 0 0 0 0
 0 0 0 0 0
 0 0 0 0 0
 0 0 0 0 0
 0 0 0 0 0
 0 0 0 0 0
 0 0 0 0 0
 0 0 0 0 0
 0 0 0 0 0
 0 0 0 0 0
 0 0 0 0 0
 0 0 0 0 0
 0 0 0 0 0
 0 0 0 0 0
 0 0 0 0 0
 0 0 0 0 0
 0 0 0 0 0
 0 0 0 0 0
 0 0 0 0 0
 0 0 0 0 0
 0 0 0 0 0
 0 0 0 0 0
 0 0 0 0 0
 0 0 0 0 0
 0 0 0 0 0
 0 0 0 0 0
 0 0 0 0 0
 0 0 0 0 0
 0 0 0 0 0
 0 0 0 0 0
 0 0 0 0 0
 0 0 0 0 0
 0 0 0 0 0
 0 0 0 0 0
 0 0 0 0 0
 0 0 0 0 0
 0 0 0 0 0
 0 0 0 0 0
 0 0 0 0 0
 0 0 0 0 0
 0 0 0 0 0
 0 0 0 0 0
 0 0 0 0 0
 0 0 0 0 0
 0 0 0 0 0
 0 0 0 0 0
 0 0 0 0 0
 0 0 0 0 0
 0 0 0 0 0
 0 0 0 0 0
 0 0 0 0 0
 0 0 0 0 0
 0 0 0 0 0
 0 0 0 0 0
 0 0 0 0 0
 0 0 0 0 0
 0 0 0 0 0
 0 0 0 0 0
 0 0 0 0 0
 0 0 0 0 0
 0 0 0 0 0
 0 0 0 0 0
 0 0 0 0 0
 0 0 0 0 0
 0 0 0 0 0
 0 0 0 0 0
 0 0 0 0 0
 0 0 0 0 0
 0 0 0 0 0
 0 0 0 0 0
 0 0 0 0 0
 0 0 0 0 0
 0 0 0 0 0
 0 0 0 0 0
 0 0 0 0 0
 0 0 0 0 0
 0 0 0 0 0
 0 0 0 0 0
 0 0 0 0 0
 0 0 0 0 0
 31.7567 30.9528 0.124257 -0.099715 30.1768
 8.47367 8.16358 0.118997 -0.0960908 7.87159
 3.67316 3.49755 0.111326 -0.09092 3.33632
 2.05608 1.93509 0.107067 -0.0884167 1.82681
 1.28972 1.19959 0.104133 -0.0866517 1.12068
 0.865683 0.795783 0.0997067 -0.0836392 0.735957
 0.616631 0.560223 0.0963325 -0.0813663 0.513125
 0.459173 0.412278 0.0938833 -0.0798872 0.373927
 0.359142 0.318742 0.0916958 -0.0787574 0.286393
 0.279433 0.245096 0.0889358 -0.0770613 0.218115
 0.223494 0.193753 0.0868667 -0.0756687 0.170803
 0.187087 0.160309 0.087035 -0.0762463 0.139998
 0.157267 0.13323 0.0851842 -0.0754305 0.115284
 0.13362 0.111878 0.0853942 -0.0761219 0.0958692
 0.116269 0.0962492 0.0862692 -0.0775256 0.0817047
 0.0986575 0.0807403 0.0855367 -0.0773147 0.0679123
 0.0878458 0.0710997 0.0863917 -0.0786005 0.0592541
 0.0770813 0.0616829 0.0862292 -0.0788942 0.0509369
 0.0695732 0.055064 0.0883667 -0.0815202 0.0450156
 0.0617271 0.0483122 0.0909883 -0.0844875 0.0390645
 0.0562668 0.0435848 0.0940508 -0.08794 0.0349715
 0.050736 0.0388891 0.0953 -0.0895242 0.0308792
 0.0474788 0.035988 0.102248 -0.0967767 0.0282278
 0.0444068 0.0333574 0.108508 -0.103268 0.0260017
 0.040756 0.0302748 0.113078 -0.108131 0.0232672
 0.0388348 0.0285697 0.118636 -0.113927 0.0217673
 0.0351445 0.0255943 0.117661 -0.11315 0.0192991
 0.0332183 0.0239287 0.123737 -0.119511 0.0178066
 0.030842 0.0220405 0.125217 -0.121199 0.0162818
 0.0295128 0.0209172 0.130975 -0.12708 0.0153252
 0.0275099 0.0192783 0.130752 -0.127006 0.0139377
 0.0262757 0.0182634 0.132642 -0.12917 0.0130873
 0.0244657 0.0168697 0.130702 -0.127417 0.0119979
 0 0 0 0 0
 0 0 0 0 0
 0 0 0 0 0
 0 0 0 0 0
 0 0 0 0 0
 0 0 0 0 0
 0 0 0 0 0
 0 0 0 0 0
 0 0 0 0 0
 0 0 0 0 0
 0 0 0 0 0
 0 0 0 0 0
 0 0 0 0 0
 0 0 0 0 0
 0 0 0 0 0
 0 0 0 0 0
 0 0 0 0 0
 0 0 0 0 0
 0 0 0 0 0
 0 0 0 0 0
 0 0 0 0 0
 0 0 0 0 0
 0 0 0 0 0
 0 0 0 0 0
 0 0 0 0 0
 0 0 0 0 0
 0 0 0 0 0
 0 0 0 0 0
 0 0 0 0 0
 0 0 0 0 0
 0 0 0 0 0
 0 0 0 0 0
 0 0 0 0 0
 0 0 0 0 0
 0 0 0 0 0
 0 0 0 0 0
 0 0 0 0 0
 0 0 0 0 0
 0 0 0 0 0
 0 0 0 0 0
 0 0 0 0 0
 0 0 0 0 0
 0 0 0 0 0
 0 0 0 0 0
 0 0 0 0 0
 0 0 0 0 0
 0 0 0 0 0
 0 0 0 0 0
 0 0 0 0 0
 0 0 0 0 0
 0 0 0 0 0
 0 0 0 0 0
 0 0 0 0 0
 0 0 0 0 0
 0 0 0 0 0
 0 0 0 0 0
 0 0 0 0 0
 0 0 0 0 0
 0 0 0 0 0
 0 0 0 0 0
 0 0 0 0 0
 0 0 0 0 0
 0 0 0 0 0
 0 0 0 0 0
 0 0 0 0 0
 0 0 0 0 0
 0 0 0 0 0
 0 0 0 0 0
 0 0 0 0 0
 0 0 0 0 0
 0 0 0 0 0
 0 0 0 0 0
 0 0 0 0 0
 0 0 0 0 0
 0 0 0 0 0
 0 0 0 0 0
 0 0 0 0 0
 0 0 0 0 0
 0 0 0 0 0
 0 0 0 0 0
 0 0 0 0 0
 0 0 0 0 0
 0 0 0 0 0
 0 0 0 0 0
 0 0 0 0 0
 0 0 0 0 0
 0 0 0 0 0
 0 0 0 0 0
 0 0 0 0 0
 32.7931 31.9816 0.124282 -0.0989983 31.1976
 8.5815 8.27342 0.117278 -0.0943975 7.98303
 3.73139 3.55612 0.110253 -0.0893883 3.39513
 2.04411 1.9257 0.105165 -0.08636 1.81952
 1.28057 1.19243 0.101687 -0.0841992 1.11529
 0.861558 0.792973 0.0979733 -0.0817691 0.734264
 0.626455 0.569959 0.0958167 -0.0807285 0.522743
 0.469311 0.422056 0.0939133 -0.0797442 0.383319
 0.355197 0.315707 0.0904758 -0.077163 0.284028
 0.285508 0.2509 0.0881892 -0.0760153 0.223697
 0.228461 0.198423 0.0867425 -0.0754073 0.175159
 0.188081 0.161466 0.0850367 -0.0745259 0.1412
 0.158199 0.134297 0.0844258 -0.0744428 0.116466
 0.131111 0.110033 0.081887 -0.072809 0.0945133
 0.111031 0.0921342 0.0812791 -0.0726513 0.0784649
 0.100039 0.0821081 0.083705 -0.0755027 0.0692932
 0.0844342 0.0685266 0.0815674 -0.0738396 0.0572903
 0.0759962 0.0609832 0.083023 -0.0759068 0.050461
 0.0676317 0.0536964 0.0848208 -0.0779254 0.0440579
 0.0601499 0.0472376 0.0849458 -0.0786118 0.0384015
 0.0548688 0.0426237 0.0889742 -0.0829235 0.0342458
 0.0504421 0.0387841 0.0930592 -0.0873358 0.0308744
 0.0470102 0.0357581 0.0985975 -0.0931342 0.0281335
 0.0423214 0.0318664 0.100564 -0.0954633 0.0248668
 0.03989 0.0297359 0.106543 -0.101618 0.0229962
 0.0377561 0.027864 0.113022 -0.10845 0.0212959
 0.0351398 0.025696 0.115437 -0.110963 0.0194608
 0.0325363 0.0235571 0.119923 -0.11567 0.0176594
 0.0305908 0.0219576 0.122952 -0.118912 0.0163151
 0.0293463 0.0208553 0.126815 -0.122969 0.0153111
 0.0270102 0.0190332 0.127528 -0.123918 0.0138425
 0.0250976 0.0175536 0.124413 -0.120952 0.012725
 0 0 0 0 0
 0 0 0 0 0
 0 0 0 0 0
 0 0 0 0 0
 0 0 0 0 0
 0 0 0 0 0
 0 0 0 0 0
 0 0 0 0 0
 0 0 0 0 0
 0 0 0 0 0
 0 0 0 0 0
 0 0 0 0 0
 0 0 0 0 0
 0 0 0 0 0
 0 0 0 0 0
 0 0 0 0 0
 0 0 0 0 0
 0 0 0 0 0
 0 0 0 0 0
 0 0 0 0 0
 0 0 0 0 0
 0 0 0 0 0
 0 0 0 0 0
 0 0 0 0 0
 0 0 0 0 0
 0 0 0 0 0
 0 0 0 0 0
 0 0 0 0 0
 0 0 0 0 0
 0 0 0 0 0
 0 0 0 0 0
 0 0 0 0 0
 0 0 0 0 0
 0 0 0 0 0
 0 0 0 0 0
 0 0 0 0 0
 0 0 0 0 0
 0 0 0 0 0
 0 0 0 0 0
 0 0 0 0 0
 0 0 0 0 0
 0 0 0 0 0
 0 0 0 0 0
 0 0 0 0 0
 0 0 0 0 0
 0 0 0 0 0
 0 0 0 0 0
 0 0 0 0 0
 0 0 0 0 0
 0 0 0 0 0
 0 0 0 0 0
 0 0 0 0 0
 0 0 0 0 0
 0 0 0 0 0
 0 0 0 0 0
 0 0 0 0 0
 0 0 0 0 0
 0 0 0 0 0
 0 0 0 0 0
 0 0 0 0 0
 0 0 0 0 0
 0 0 0 0 0
 0 0 0 0 0
 0 0 0 0 0
 0 0 0 0 0
 0 0 0 0 0
 0 0 0 0 0
 0 0 0 0 0
 0 0 0 0 0
 0 0 0 0 0
 0 0 0 0 0
 0 0 0 0 0
 0 0 0 0 0
 0 0 0 0 0
 0 0 0 0 0
 0 0 0 0 0
 0 0 0 0 0
 0 0 0 0 0
 0 0 0 0 0
 0 0 0 0 0
 0 0 0 0 0
 0 0 0 0 0
 0 0 0 0 0
 0 0 0 0 0
 0 0 0 0 0
 0 0 0 0 0
 0 0 0 0 0
 0 0 0 0 0
 0 0 0 0 0
 0 0 0 0 0
 33.6972 32.8822 0.122869 -0.0973858 32.0942
 8.72658 8.41917 0.116525 -0.0935383 8.12906
 3.76443 3.59057 0.108652 -0.0879425 3.43053
 2.0992 1.97949 0.105508 -0.0862358 1.87199
 1.29192 1.20431 0.100659 -0.0832188 1.12748
 0.876858 0.808044 0.0976667 -0.0812593 0.74904
 0.635038 0.578542 0.0961917 -0.0808496 0.531076
 0.457885 0.41236 0.0901408 -0.0762185 0.374998
 0.357212 0.318011 0.0885542 -0.0754954 0.286522
 0.2863 0.251991 0.0874 -0.0750829 0.224962
 0.228341 0.198692 0.0845867 -0.0733623 0.175742
 0.183892 0.158199 0.0819929 -0.0715629 0.138673
 0.155979 0.132686 0.0817663 -0.0718127 0.115228
 0.130327 0.109632 0.0801313 -0.0709378 0.0944025
 0.110152 0.0916083 0.0788733 -0.0704107 0.0781378
 0.0946192 0.0778042 0.0774579 -0.0695682 0.0657727
 0.0840825 0.0683988 0.0792414 -0.0716844 0.0573208
 0.0738811 0.0594527 0.0787765 -0.0717411 0.0493435
 0.0656705 0.0522628 0.0796719 -0.0730332 0.0429656
 0.0592071 0.0466221 0.0816129 -0.0752681 0.0379727
 0.053429 0.0416073 0.0836675 -0.0776946 0.0335406
 0.0492388 0.0379653 0.0884642 -0.0828308 0.0303251
 0.0451607 0.034451 0.0925383 -0.0871475 0.0272242
 0.0413772 0.0312507 0.0950325 -0.0899508 0.0244718
 0.0389983 0.0291408 0.100304 -0.0954025 0.0225435
 0.0349053 0.0258333 0.102515 -0.0979708 0.0198152
 0.0334317 0.0245085 0.108744 -0.104405 0.018602
 0.0320003 0.0232561 0.116171 -0.11194 0.0175043
 0.029749 0.0214178 0.115532 -0.111585 0.0159485
 0.0279242 0.0199102 0.117801 -0.114028 0.0146772
 0.0266821 0.0188888 0.122869 -0.11924 0.0138435
 0 0 0 0 0
 0 0 0 0 0
 0 0 0 0 0
 0 0 0 0 0
 0 0 0 0 0
 0 0 0 0 0
 0 0 0 0 0
 0 0 0 0 0
 0 0 0 0 0
 0 0 0 0 0
 0 0 0 0 0
 0 0 0 0 0
 0 0 0 0 0
 0 0 0 0 0
 0 0 0 0 0
 0 0 0 0 0
 0 0 0 0 0
 0 0 0 0 0
 0 0 0 0 0
 0 0 0 0 0
 0 0 0 0 0
 0 0 0 0 0
 0 0 0 0 0
 0 0 0 0 0
 0 0 0 0 0
 0 0 0 0 0
 0 0 0 0 0
 0 0 0 0 0
 0 0 0 0 0
 0 0 0 0 0
 0 0 0 0 0
 0 0 0 0 0
 0 0 0 0 0
 0 0 0 0 0
 0 0 0 0 0
 0 0 0 0 0
 0 0 0 0 0
 0 0 0 0 0
 0 0 0 0 0
 0 0 0 0 0
 0 0 0 0 0
 0 0 0 0 0
 0 0 0 0 0
 0 0 0 0 0
 0 0 0 0 0
 0 0 0 0 0
 0 0 0 0 0
 0 0 0 0 0
 0 0 0 0 0
 0 0 0 0 0
 0 0 0 0 0
 0 0 0 0 0
 0 0 0 0 0
 0 0 0 0 0
 0 0 0 0 0
 0 0 0 0 0
 0 0 0 0 0
 0 0 0 0 0
 0 0 0 0 0
 0 0 0 0 0
 0 0 0 0 0
 0 0 0 0 0
 0 0 0 0 0
 0 0 0 0 0
 0 0 0 0 0
 0 0 0 0 0
 0 0 0 0 0
 0 0 0 0 0
 0 0 0 0 0
 0 0 0 0 0
 0 0 0 0 0
 0 0 0 0 0
 0 0 0 0 0
 0 0 0 0 0
 0 0 0 0 0
 0 0 0 0 0
 0 0 0 0 0
 0 0 0 0 0
 0 0 0 0 0
 0 0 0 0 0
 0 0 0 0 0
 0 0 0 0 0
 0 0 0 0 0
 0 0 0 0 0
 0 0 0 0 0
 0 0 0 0 0
 0 0 0 0 0
 0 0 0 0 0
 0 0 0 0 0
 0 0 0 0 0
 0 0 0 0 0
 34.3662 33.5531 0.122527 -0.096495 32.7663
 8.85408 8.54783 0.115547 -0.0923208 8.25865
 3.88994 3.71328 0.110148 -0.0887008 3.55053
 2.12758 2.00805 0.105597 -0.0858975 1.90053
 1.30071 1.21376 0.0997008 -0.0818105 1.13736
 0.88425 0.815837 0.0970492 -0.0803821 0.757066
 0.63556 0.579739 0.0938342 -0.078369 0.532871
 0.457847 0.412912 0.0880225 -0.0740019 0.376009
 0.356317 0.317697 0.0871825 -0.0741039 0.286574
 0.280962 0.247721 0.0845708 -0.0725057 0.221421
 0.220687 0.192351 0.0812918 -0.0700738 0.170338
 0.183094 0.157798 0.0798308 -0.0695027 0.138487
 0.152421 0.129958 0.0780548 -0.0684538 0.11316
 0.12953 0.10916 0.0788834 -0.069575 0.0941125
 0.10906 0.0908858 0.0766422 -0.0681197 0.0776488
 0.0958308 0.0790101 0.0771404 -0.0690942 0.0669091
 0.0837592 0.0682911 0.0773178 -0.0696213 0.0573096
 0.0727515 0.0586478 0.0764582 -0.0694415 0.0487202
 0.0641454 0.0511858 0.0767092 -0.0700587 0.0422056
 0.0586516 0.0462795 0.0799568 -0.0736084 0.0377459
 0.0525396 0.0410687 0.0809247 -0.0750203 0.0332684
 0.0476107 0.0368184 0.0819306 -0.0763038 0.0295159
 0.0441151 0.0337862 0.0874608 -0.0821115 0.0268397
 0.0409245 0.0310138 0.0904017 -0.0854175 0.0243863
 0.0370187 0.0277728 0.0945342 -0.0897733 0.0216117
 0.0347524 0.0257783 0.0995783 -0.0951192 0.0197902
 0.0323863 0.023833 0.104248 -0.0999933 0.0181825
 0.0301736 0.0220482 0.105499 -0.101438 0.0167504
 0.0289924 0.0209328 0.112063 -0.108142 0.015632
 0.0270293 0.0193195 0.11446 -0.110739 0.014255
 0 0 0 0 0
 0 0 0 0 0
 0 0 0 0 0
 0 0 0 0 0
 0 0 0 0 0
 0 0 0 0 0
 0 0 0 0 0
 0 0 0 0 0
 0 0 0 0 0
 0 0 0 0 0
 0 0 0 0 0
 0 0 0 0 0
 0 0 0 0 0
 0 0 0 0 0
 0 0 0 0 0
 0 0 0 0 0
 0 0 0 0 0
 0 0 0 0 0
 0 0 0 0 0
 0 0 0 0 0
 0 0 0 0 0
 0 0 0 0 0
 0 0 0 0 0
 0 0 0 0 0
 0 0 0 0 0
 0 0 0 0 0
 0 0 0 0 0
 0 0 0 0 0
 0 0 0 0 0
 0 0 0 0 0
 0 0 0 0 0
 0 0 0 0 0
 0 0 0 0 0
 0 0 0 0 0
 0 0 0 0 0
 0 0 0 0 0
 0 0 0 0 0
 0 0 0 0 0
 0 0 0 0 0
 0 0 0 0 0
 0 0 0 0 0
 0 0 0 0 0
 0 0 0 0 0
 0 0 0 0 0
 0 0 0 0 0
 0 0 0 0 0
 0 0 0 0 0
 0 0 0 0 0
 0 0 0 0 0
 0 0 0 0 0
 0 0 0 0 0
 0 0 0 0 0
 0 0 0 0 0
 0 0 0 0 0
 0 0 0 0 0
 0 0 0 0 0
 0 0 0 0 0
 0 0 0 0 0
 0 0 0 0 0
 0 0 0 0 0
 0 0 0 0 0
 0 0 0 0 0
 0 0 0 0 0
 0 0 0 0 0
 0 0 0 0 0
 0 0 0 0 0
 0 0 0 0 0
 0 0 0 0 0
 0 0 0 0 0
 0 0 0 0 0
 0 0 0 0 0
 0 0 0 0 0
 0 0 0 0 0
 0 0 0 0 0
 0 0 0 0 0
 0 0 0 0 0
 0 0 0 0 0
 0 0 0 0 0
 0 0 0 0 0
 0 0 0 0 0
 0 0 0 0 0
 0 0 0 0 0
 0 0 0 0 0
 0 0 0 0 0
 0 0 0 0 0
 0 0 0 0 0
 0 0 0 0 0
 0 0 0 0 0
 0 0 0 0 0
 0 0 0 0 0
 0 0 0 0 0
 0 0 0 0 0
 35.5068 34.6852 0.121374 -0.0953575 33.8894
 8.97417 8.66958 0.114336 -0.0908083 8.38158
 3.7931 3.62361 0.106184 -0.0852233 3.46719
 2.12457 2.00707 0.102686 -0.0832132 1.90125
 1.31507 1.22845 0.0982108 -0.0803733 1.15225
 0.881283 0.814044 0.0946642 -0.0781179 0.756231
 0.620837 0.56704 0.0907225 -0.0755472 0.521742
 0.468624 0.423221 0.0885525 -0.0742907 0.385792
 0.359221 0.320792 0.0857367 -0.0726817 0.289713
 0.281418 0.248536 0.0830863 -0.071052 0.222483
 0.224088 0.195669 0.0802572 -0.0691858 0.173527
 0.17749 0.153282 0.0768643 -0.0665697 0.134858
 0.154893 0.132271 0.0783237 -0.0684995 0.115254
 0.128117 0.108204 0.0755302 -0.0664572 0.0934767
 0.110391 0.0922025 0.076361 -0.0676035 0.0789647
 0.0942175 0.0778319 0.0745591 -0.0666192 0.0660241
 0.0817193 0.0667753 0.0735923 -0.0661173 0.0561752
 0.0709818 0.0573583 0.0738016 -0.0667742 0.0477439
 0.0655572 0.0524828 0.0760417 -0.0693469 0.0434361
 0.0588885 0.0466203 0.0780456 -0.0717169 0.0381669
 0.0519244 0.0406891 0.0790232 -0.0730568 0.0330003
 0.0461699 0.0358232 0.0779642 -0.0724302 0.0288214
 0.0433473 0.0332888 0.0828032 -0.0775664 0.0265047
 0.0396242 0.0300873 0.0860967 -0.081091 0.0236594
 0.0369727 0.0278454 0.0902533 -0.0854975 0.021782
 0.0347907 0.0259248 0.0962942 -0.0918708 0.0200071
 0.0325766 0.0241041 0.100577 -0.0963242 0.0185562
 0.0297083 0.0217207 0.10361 -0.0995708 0.0164517
 0.0284614 0.0206547 0.105919 -0.102135 0.0155633
 0 0 0 0 0
 0 0 0 0 0
 0 0 0 0 0
 0 0 0 0 0
 0 0 0 0 0
 0 0 0 0 0
 0 0 0 0 0
 0 0 0 0 0
 0 0 0 0 0
 0 0 0 0 0
 0 0 0 0 0
 0 0 0 0 0
 0 0 0 0 0
 0 0 0 0 0
 0 0 0 0 0
 0 0 0 0 0
 0 0 0 0 0
 0 0 0 0 0
 0 0 0 0 0
 0 0 0 0 0
 0 0 0 0 0
 0 0 0 0 0
 0 0 0 0 0
 0 0 0 0 0
 0 0 0 0 0
 0 0 0 0 0
 0 0 0 0 0
 0 0 0 0 0
 0 0 0 0 0
 0 0 0 0 0
 0 0 0 0 0
 0 0 0 0 0
 0 0 0 0 0
 0 0 0 0 0
 0 0 0 0 0
 0 0 0 0 0
 0 0 0 0 0
 0 0 0 0 0
 0 0 0 0 0
 0 0 0 0 0
 0 0 0 0 0
 0 0 0 0 0
 0 0 0 0 0
 0 0 0 0 0
 0 0 0 0 0
 0 0 0 0 0
 0 0 0 0 0
 0 0 0 0 0
 0 0 0 0 0
 0 0 0 0 0
 0 0 0 0 0
 0 0 0 0 0
 0 0 0 0 0
 0 0 0 0 0
 0 0 0 0 0
 0 0 0 0 0
 0 0 0 0 0
 0 0 0 0 0
 0 0 0 0 0
 0 0 0 0 0
 0 0 0 0 0
 0 0 0 0 0
 0 0 0 0 0
 0 0 0 0 0
 0 0 0 0 0
 0 0 0 0 0
 0 0 0 0 0
 0 0 0 0 0
 0 0 0 0 0
 0 0 0 0 0
 0 0 0 0 0
 0 0 0 0 0
 0 0 0 0 0
 0 0 0 0 0
 0 0 0 0 0
 0 0 0 0 0
 0 0 0 0 0
 0 0 0 0 0
 0 0 0 0 0
 0 0 0 0 0
 0 0 0 0 0
 0 0 0 0 0
 0 0 0 0 0
 0 0 0 0 0
 0 0 0 0 0
 0 0 0 0 0
 0 0 0 0 0
 0 0 0 0 0
 0 0 0 0 0
 0 0 0 0 0
 0 0 0 0 0
 0 0 0 0 0
 0 0 0 0 0
 36.8932 36.0577 0.121834 -0.0956475 35.2481
 9.20958 8.90258 0.11463 -0.0908933 8.61208
 4.07214 3.89323 0.110624 -0.0884842 3.72796
 2.12722 2.01129 0.10152 -0.0818973 1.9068
 1.33094 1.24452 0.0987792 -0.0805907 1.16833
 0.900592 0.832797 0.0946875 -0.0779093 0.774382
 0.634771 0.5805 0.090775 -0.0755142 0.534716
 0.464767 0.42032 0.0859517 -0.0718697 0.383644
 0.357494 0.319722 0.0839008 -0.070954 0.289192
 0.280796 0.248328 0.0821056 -0.0699114 0.222477
 0.221982 0.194168 0.0788275 -0.0675439 0.172481
 0.188964 0.163486 0.0793833 -0.0687457 0.143938
 0.156948 0.134294 0.0771928 -0.0673383 0.117212
 0.127983 0.108323 0.0745796 -0.0654248 0.0937517
 0.109599 0.0917733 0.073896 -0.0652342 0.0787503
 0.0946608 0.0784005 0.0728147 -0.0648331 0.0667236
 0.080672 0.0660912 0.0718985 -0.0644418 0.0557312
 0.0714417 0.0579175 0.0722747 -0.065328 0.0484089
 0.0648922 0.0520474 0.0740726 -0.0674248 0.0430783
 0.0570251 0.0452793 0.0741138 -0.0679131 0.0371987
 0.0514432 0.0404117 0.0764264 -0.0705398 0.0328459
 0.0463534 0.0360543 0.0767062 -0.0711651 0.0290728
 0.0425151 0.0327401 0.0792857 -0.0741282 0.026166
 0.0384325 0.0292948 0.0822934 -0.0773757 0.0231617
 0.0359148 0.0271106 0.0857833 -0.0811843 0.0212237
 0.0338832 0.0253554 0.0918675 -0.0874292 0.0197087
 0.031279 0.023147 0.095235 -0.09109 0.0177475
 0.0290923 0.0213617 0.0987683 -0.09477 0.0162705
 0 0 0 0 0
 0 0 0 0 0
 0 0 0 0 0
 0 0 0 0 0
 0 0 0 0 0
 0 0 0 0 0
 0 0 0 0 0
 0 0 0 0 0
 0 0 0 0 0
 0 0 0 0 0
 0 0 0 0 0
 0 0 0 0 0
 0 0 0 0 0
 0 0 0 0 0
 0 0 0 0 0
 0 0 0 0 0
 0 0 0 0 0
 0 0 0 0 0
 0 0 0 0 0
 0 0 0 0 0
 0 0 0 0 0
 0 0 0 0 0
 0 0 0 0 0
 0 0 0 0 0
 0 0 0 0 0
 0 0 0 0 0
 0 0 0 0 0
 0 0 0 0 0
 0 0 0 0 0
 0 0 0 0 0
 0 0 0 0 0
 0 0 0 0 0
 0 0 0 0 0
 0 0 0 0 0
 0 0 0 0 0
 0 0 0 0 0
 0 0 0 0 0
 0 0 0 0 0
 0 0 0 0 0
 0 0 0 0 0
 0 0 0 0 0
 0 0 0 0 0
 0 0 0 0 0
 0 0 0 0 0
 0 0 0 0 0
 0 0 0 0 0
 0 0 0 0 0
 0 0 0 0 0
 0 0 0 0 0
 0 0 0 0 0
 0 0 0 0 0
 0 0 0 0 0
 0 0 0 0 0
 0 0 0 0 0
 0 0 0 0 0
 0 0 0 0 0
 0 0 0 0 0
 0 0 0 0 0
 0 0 0 0 0
 0 0 0 0 0
 0 0 0 0 0
 0 0 0 0 0
 0 0 0 0 0
 0 0 0 0 0
 0 0 0 0 0
 0 0 0 0 0
 0 0 0 0 0
 0 0 0 0 0
 0 0 0 0 0
 0 0 0 0 0
 0 0 0 0 0
 0 0 0 0 0
 0 0 0 0 0
 0 0 0 0 0
 0 0 0 0 0
 0 0 0 0 0
 0 0 0 0 0
 0 0 0 0 0
 0 0 0 0 0
 0 0 0 0 0
 0 0 0 0 0
 0 0 0 0 0
 0 0 0 0 0
 0 0 0 0 0
 0 0 0 0 0
 0 0 0 0 0
 0 0 0 0 0
 0 0 0 0 0
 0 0 0 0 0
 0 0 0 0 0
 0 0 0 0 0
 0 0 0 0 0
 0 0 0 0 0
 0 0 0 0 0
 38.1398 37.2945 0.121658 -0.094735 36.4749
 9.35483 9.04858 0.113688 -0.0896175 8.7585
 3.98838 3.81593 0.106461 -0.0847542 3.65651
 2.17785 2.06098 0.101957 -0.0818818 1.95552
 1.36429 1.27699 0.0985625 -0.0800393 1.19995
 0.89505 0.828547 0.0927108 -0.0759467 0.771196
 0.633243 0.579758 0.0891667 -0.0737008 0.534558
 0.465753 0.421761 0.0851967 -0.0709822 0.385437
 0.354817 0.317801 0.0818782 -0.0687979 0.287833
 0.279813 0.247894 0.0796012 -0.0675202 0.222535
 0.224406 0.196613 0.077882 -0.0665956 0.174888
 0.183088 0.158659 0.0755635 -0.0650185 0.139944
 0.152207 0.130473 0.0744925 -0.0647258 0.114081
 0.129473 0.109812 0.0729533 -0.0638271 0.0952292
 0.106172 0.0890608 0.0700584 -0.0616806 0.0765508
 0.0924117 0.076701 0.0706202 -0.0626941 0.0653264
 0.0807938 0.0663257 0.0701887 -0.0626865 0.0560208
 0.0717251 0.0583031 0.070859 -0.0638507 0.0488291
 0.0625627 0.0503241 0.0699842 -0.0634848 0.0417963
 0.0553063 0.0440135 0.0695106 -0.0633342 0.0362597
 0.0496285 0.0390745 0.0718239 -0.0660997 0.0318197
 0.0455936 0.0355437 0.0735344 -0.0681107 0.0287038
 0.0411433 0.031776 0.07506 -0.0699822 0.0254527
 0.0377323 0.0288411 0.0774201 -0.0724958 0.0228815
 0.035279 0.0267275 0.0830946 -0.0784144 0.0210176
 0.0321973 0.0241294 0.086995 -0.0827299 0.0187308
 0.0311233 0.0231237 0.0920992 -0.087945 0.0178342
 0 0 0 0 0
 0 0 0 0 0
 0 0 0 0 0
 0 0 0 0 0
 0 0 0 0 0
 0 0 0 0 0
 0 0 0 0 0
 0 0 0 0 0
 0 0 0 0 0
 0 0 0 0 0
 0 0 0 0 0
 0 0 0 0 0
 0 0 0 0 0
 0 0 0 0 0
 0 0 0 0 0
 0 0 0 0 0
 0 0 0 0 0
 0 0 0 0 0
 0 0 0 0 0
 0 0 0 0 0
 0 0 0 0 0
 0 0 0 0 0
 0 0 0 0 0
 0 0 0 0 0
 0 0 0 0 0
 0 0 0 0 0
 0 0 0 0 0
 0 0 0 0 0
 0 0 0 0 0
 0 0 0 0 0
 0 0 0 0 0
 0 0 0 0 0
 0 0 0 0 0
 0 0 0 0 0
 0 0 0 0 0
 0 0 0 0 0
 0 0 0 0 0
 0 0 0 0 0
 0 0 0 0 0
 0 0 0 0 0
 0 0 0 0 0
 0 0 0 0 0
 0 0 0 0 0
 0 0 0 0 0
 0 0 0 0 0
 0 0 0 0 0
 0 0 0 0 0
 0 0 0 0 0
 0 0 0 0 0
 0 0 0 0 0
 0 0 0 0 0
 0 0 0 0 0
 0 0 0 0 0
 0 0 0 0 0
 0 0 0 0 0
 0 0 0 0 0
 0 0 0 0 0
 0 0 0 0 0
 0 0 0 0 0
 0 0 0 0 0
 0 0 0 0 0
 0 0 0 0 0
 0 0 0 0 0
 0 0 0 0 0
 0 0 0 0 0
 0 0 0 0 0
 0 0 0 0 0
 0 0 0 0 0
 0 0 0 0 0
 0 0 0 0 0
 0 0 0 0 0
 0 0 0 0 0
 0 0 0 0 0
 0 0 0 0 0
 0 0 0 0 0
 0 0 0 0 0
 0 0 0 0 0
 0 0 0 0 0
 0 0 0 0 0
 0 0 0 0 0
 0 0 0 0 0
 0 0 0 0 0
 0 0 0 0 0
 0 0 0 0 0
 0 0 0 0 0
 0 0 0 0 0
 0 0 0 0 0
 0 0 0 0 0
 0 0 0 0 0
 0 0 0 0 0
 0 0 0 0 0
 0 0 0 0 0
 0 0 0 0 0
 0 0 0 0 0
 0 0 0 0 0
 37.8817 37.0598 0.117212 -0.0904792 36.2626
 9.79225 9.47742 0.114848 -0.0902833 9.179
 4.02308 3.85184 0.105425 -0.0834675 3.69334
 2.15842 2.04429 0.0987692 -0.0785011 1.94126
 1.34705 1.26202 0.0956875 -0.0773299 1.18692
 0.915858 0.848783 0.0927117 -0.0756947 0.790842
 0.62453 0.572408 0.0869542 -0.07137 0.528311
 0.471798 0.427797 0.0844908 -0.0701575 0.39138
 0.359985 0.322907 0.0812457 -0.0680951 0.292825
 0.282704 0.250787 0.0786671 -0.0665272 0.225337
 0.225631 0.198012 0.0766964 -0.0653634 0.176391
 0.182942 0.158807 0.0747104 -0.0641925 0.140221
 0.150158 0.128955 0.0720672 -0.0623277 0.112939
 0.125092 0.1063 0.0703072 -0.0612802 0.0923242
 0.108329 0.0910625 0.0708475 -0.0623431 0.0783698
 0.0928025 0.0771834 0.0689709 -0.0609877 0.0658741
 0.0792513 0.0652123 0.0678937 -0.0605712 0.0551645
 0.0700661 0.0570832 0.0677524 -0.0607718 0.0479658
 0.0614356 0.0494775 0.0671128 -0.0606043 0.0410971
 0.0541472 0.0431792 0.0672997 -0.0612343 0.0355744
 0.0494091 0.0389994 0.0685879 -0.0628508 0.0318759
 0.0438099 0.0342475 0.0698451 -0.0645627 0.0277332
 0.0402414 0.0311655 0.0719948 -0.0668938 0.0250611
 0.0372674 0.0285769 0.0743253 -0.0696008 0.0227537
 0.0340213 0.0258503 0.0775192 -0.0729962 0.0204119
 0.0314221 0.0236288 0.0811271 -0.0768525 0.018426
 0 0 0 0 0
 0 0 0 0 0
 0 0 0 0 0
 0 0 0 0 0
 0 0 0 0 0
 0 0 0 0 0
 0 0 0 0 0
 0 0 0 0 0
 0 0 0 0 0
 0 0 0 0 0
 0 0 0 0 0
 0 0 0 0 0
 0 0 0 0 0
 0 0 0 0 0
 0 0 0 0 0
 0 0 0 0 0
 0 0 0 0 0
 0 0 0 0 0
 0 0 0 0 0
 0 0 0 0 0
 0 0 0 0 0
 0 0 0 0 0
 0 0 0 0 0
 0 0 0 0 0
 0 0 0 0 0
 0 0 0 0 0
 0 0 0 0 0
 0 0 0 0 0
 0 0 0 0 0
 0 0 0 0 0
 0 0 0 0 0
 0 0 0 0 0
 0 0 0 0 0
 0 0 0 0 0
 0 0 0 0 0
 0 0 0 0 0
 0 0 0 0 0
 0 0 0 0 0
 0 0 0 0 0
 0 0 0 0 0
 0 0 0 0 0
 0 0 0 0 0
 0 0 0 0 0
 0 0 0 0 0
 0 0 0 0 0
 0 0 0 0 0
 0 0 0 0 0
 0 0 0 0 0
 0 0 0 0 0
 0 0 0 0 0
 0 0 0 0 0
 0 0 0 0 0
 0 0 0 0 0
 0 0 0 0 0
 0 0 0 0 0
 0 0 0 0 0
 0 0 0 0 0
 0 0 0 0 0
 0 0 0 0 0
 0 0 0 0 0
 0 0 0 0 0
 0 0 0 0 0
 0 0 0 0 0
 0 0 0 0 0
 0 0 0 0 0
 0 0 0 0 0
 0 0 0 0 0
 0 0 0 0 0
 0 0 0 0 0
 0 0 0 0 0
 0 0 0 0 0
 0 0 0 0 0
 0 0 0 0 0
 0 0 0 0 0
 0 0 0 0 0
 0 0 0 0 0
 0 0 0 0 0
 0 0 0 0 0
 0 0 0 0 0
 0 0 0 0 0
 0 0 0 0 0
 0 0 0 0 0
 0 0 0 0 0
 0 0 0 0 0
 0 0 0 0 0
 0 0 0 0 0
 0 0 0 0 0
 0 0 0 0 0
 0 0 0 0 0
 0 0 0 0 0
 0 0 0 0 0
 0 0 0 0 0
 0 0 0 0 0
 0 0 0 0 0
 0 0 0 0 0
 0 0 0 0 0
 40.5688 39.7071 0.121163 -0.0937042 38.8705
 9.71242 9.40558 0.111918 -0.0873583 9.11442
 4.11119 3.93896 0.105739 -0.0831567 3.77953
 2.20373 2.08886 0.0993575 -0.0792547 1.98492
 1.37796 1.29218 0.0961508 -0.0775679 1.21627
 0.920992 0.854408 0.0918533 -0.0747322 0.796743
 0.63553 0.583224 0.0863908 -0.0709241 0.538881
 0.466749 0.423763 0.0826424 -0.0684215 0.388063
 0.348398 0.312945 0.0783215 -0.0654292 0.284152
 0.278657 0.247602 0.0772553 -0.0650042 0.222857
 0.222352 0.195398 0.0750082 -0.0637683 0.174191
 0.176623 0.153585 0.071205 -0.0608762 0.135858
 0.147198 0.126632 0.0697666 -0.0601055 0.111032
 0.126107 0.10734 0.0700634 -0.0609628 0.0933192
 0.104549 0.0880633 0.0669331 -0.0585721 0.0759352
 0.0929958 0.0775009 0.0670432 -0.0591208 0.0663173
 0.0798384 0.0658407 0.0664992 -0.0591168 0.0558135
 0.0679493 0.0554765 0.065051 -0.058285 0.0466458
 0.0611554 0.0493969 0.0661586 -0.0596944 0.0411549
 0.0547853 0.0438074 0.0662556 -0.0601071 0.0362045
 0.0481435 0.038125 0.0654254 -0.0597964 0.0312759
 0.0427419 0.0335136 0.067098 -0.0618219 0.0272342
 0.0385902 0.0299207 0.0677103 -0.0627499 0.0240212
 0.036273 0.0278867 0.0717202 -0.0669149 0.0222348
 0.0329633 0.0251068 0.0727466 -0.0683079 0.0198757
 0 0 0 0 0
 0 0 0 0 0
 0 0 0 0 0
 0 0 0 0 0
 0 0 0 0 0
 0 0 0 0 0
 0 0 0 0 0
 0 0 0 0 0
 0 0 0 0 0
 0 0 0 0 0
 0 0 0 0 0
 0 0 0 0 0
 0 0 0 0 0
 0 0 0 0 0
 0 0 0 0 0
 0 0 0 0 0
 0 0 0 0 0
 0 0 0 0 0
 0 0 0 0 0
 0 0 0 0 0
 0 0 0 0 0
 0 0 0 0 0
 0 0 0 0 0
 0 0 0 0 0
 0 0 0 0 0
 0 0 0 0 0
 0 0 0 0 0
 0 0 0 0 0
 0 0 0 0 0
 0 0 0 0 0
 0 0 0 0 0
 0 0 0 0 0
 0 0 0 0 0
 0 0 0 0 0
 0 0 0 0 0
 0 0 0 0 0
 0 0 0 0 0
 0 0 0 0 0
 0 0 0 0 0
 0 0 0 0 0
 0 0 0 0 0
 0 0 0 0 0
 0 0 0 0 0
 0 0 0 0 0
 0 0 0 0 0
 0 0 0 0 0
 0 0 0 0 0
 0 0 0 0 0
 0 0 0 0 0
 0 0 0 0 0
 0 0 0 0 0
 0 0 0 0 0
 0 0 0 0 0
 0 0 0 0 0
 0 0 0 0 0
 0 0 0 0 0
 0 0 0 0 0
 0 0 0 0 0
 0 0 0 0 0
 0 0 0 0 0
 0 0 0 0 0
 0 0 0 0 0
 0 0 0 0 0
 0 0 0 0 0
 0 0 0 0 0
 0 0 0 0 0
 0 0 0 0 0
 0 0 0 0 0
 0 0 0 0 0
 0 0 0 0 0
 0 0 0 0 0
 0 0 0 0 0
 0 0 0 0 0
 0 0 0 0 0
 0 0 0 0 0
 0 0 0 0 0
 0 0 0 0 0
 0 0 0 0 0
 0 0 0 0 0
 0 0 0 0 0
 0 0 0 0 0
 0 0 0 0 0
 0 0 0 0 0
 0 0 0 0 0
 0 0 0 0 0
 0 0 0 0 0
 0 0 0 0 0
 0 0 0 0 0
 0 0 0 0 0
 0 0 0 0 0
 0 0 0 0 0
 0 0 0 0 0
 0 0 0 0 0
 0 0 0 0 0
 0 0 0 0 0
 0 0 0 0 0
 0 0 0 0 0
 41.7929 40.9236 0.121541 -0.09346 40.079
 9.9725 9.66283 0.113547 -0.0881967 9.36875
 4.1892 4.01643 0.105447 -0.0828214 3.85623
 2.28762 2.1701 0.101142 -0.0805105 2.06357
 1.37822 1.29358 0.0941267 -0.0753937 1.21864
 0.917033 0.851617 0.09017 -0.0729798 0.794941
 0.647014 0.594466 0.0863925 -0.0704171 0.549872
 0.464566 0.422289 0.0809902 -0.0668298 0.387141
 0.357713 0.321704 0.0782611 -0.0650172 0.292357
 0.275138 0.244837 0.074334 -0.0623611 0.220613
 0.226298 0.199201 0.0748148 -0.063442 0.17789
 0.178058 0.155079 0.0698936 -0.0595983 0.137308
 0.148417 0.127906 0.0691278 -0.0594848 0.112353
 0.123553 0.105357 0.0670598 -0.0581333 0.0917292
 0.103897 0.0877125 0.0646397 -0.056471 0.0758127
 0.0920075 0.0768348 0.0656575 -0.0577144 0.0658083
 0.0779637 0.0644109 0.0635908 -0.056277 0.0546815
 0.067575 0.0552872 0.0627925 -0.0560178 0.0465699
 0.0598213 0.0484547 0.063156 -0.0567263 0.0404763
 0.0525394 0.0421087 0.0633575 -0.0574075 0.0348546
 0.0469045 0.0372158 0.0631668 -0.0575732 0.0305486
 0.0428715 0.0337067 0.0651683 -0.0598008 0.0274673
 0.0397044 0.0308936 0.0676951 -0.0626854 0.0249001
 0.0346132 0.0266894 0.0659949 -0.0614085 0.0213821
 0 0 0 0 0
 0 0 0 0 0
 0 0 0 0 0
 0 0 0 0 0
 0 0 0 0 0
 0 0 0 0 0
 0 0 0 0 0
 0 0 0 0 0
 0 0 0 0 0
 0 0 0 0 0
 0 0 0 0 0
 0 0 0 0 0
 0 0 0 0 0
 0 0 0 0 0
 0 0 0 0 0
 0 0 0 0 0
 0 0 0 0 0
 0 0 0 0 0
 0 0 0 0 0
 0 0 0 0 0
 0 0 0 0 0
 0 0 0 0 0
 0 0 0 0 0
 0 0 0 0 0
 0 0 0 0 0
 0 0 0 0 0
 0 0 0 0 0
 0 0 0 0 0
 0 0 0 0 0
 0 0 0 0 0
 0 0 0 0 0
 0 0 0 0 0
 0 0 0 0 0
 0 0 0 0 0
 0 0 0 0 0
 0 0 0 0 0
 0 0 0 0 0
 0 0 0 0 0
 0 0 0 0 0
 0 0 0 0 0
 0 0 0 0 0
 0 0 0 0 0
 0 0 0 0 0
 0 0 0 0 0
 0 0 0 0 0
 0 0 0 0 0
 0 0 0 0 0
 0 0 0 0 0
 0 0 0 0 0
 0 0 0 0 0
 0 0 0 0 0
 0 0 0 0 0
 0 0 0 0 0
 0 0 0 0 0
 0 0 0 0 0
 0 0 0 0 0
 0 0 0 0 0
 0 0 0 0 0
 0 0 0 0 0
 0 0 0 0 0
 0 0 0 0 0
 0 0 0 0 0
 0 0 0 0 0
 0 0 0 0 0
 0 0 0 0 0
 0 0 0 0 0
 0 0 0 0 0
 0 0 0 0 0
 0 0 0 0 0
 0 0 0 0 0
 0 0 0 0 0
 0 0 0 0 0
 0 0 0 0 0
 0 0 0 0 0
 0 0 0 0 0
 0 0 0 0 0
 0 0 0 0 0
 0 0 0 0 0
 0 0 0 0 0
 0 0 0 0 0
 0 0 0 0 0
 0 0 0 0 0
 0 0 0 0 0
 0 0 0 0 0
 0 0 0 0 0
 0 0 0 0 0
 0 0 0 0 0
 0 0 0 0 0
 0 0 0 0 0
 0 0 0 0 0
 0 0 0 0 0
 0 0 0 0 0
 0 0 0 0 0
 0 0 0 0 0
 0 0 0 0 0
 0 0 0 0 0
 0 0 0 0 0
 0 0 0 0 0
 42.0951 41.2372 0.118473 -0.0903842 40.4034
 9.89408 9.592 0.110015 -0.0849775 9.30492
 4.18077 4.01093 0.104481 -0.0816893 3.85323
 2.31582 2.19858 0.100738 -0.079477 2.0923
 1.37699 1.29359 0.0936258 -0.0746934 1.2196
 0.897942 0.834675 0.0869483 -0.0701443 0.779785
 0.650617 0.598438 0.0856258 -0.0697763 0.554046
 0.470635 0.428302 0.0809667 -0.0664708 0.392986
 0.353945 0.318737 0.0760632 -0.0629869 0.290023
 0.283097 0.252257 0.0751153 -0.0627467 0.227549
 0.222691 0.196347 0.0722952 -0.0610793 0.17561
 0.18134 0.158198 0.0699132 -0.0595749 0.140252
 0.149398 0.129026 0.0677997 -0.0581363 0.113558
 0.126349 0.107968 0.0666327 -0.0576497 0.0942342
 0.106444 0.0899942 0.0650597 -0.0566905 0.077872
 0.09013 0.0754272 0.0633119 -0.0555347 0.0647312
 0.0779555 0.0645585 0.0625764 -0.0553513 0.0549263
 0.0671972 0.0550965 0.0614652 -0.054684 0.0465064
 0.0591326 0.0480108 0.0618135 -0.0554926 0.0401953
 0.0524249 0.0421143 0.0610563 -0.0550753 0.0349543
 0.0470343 0.0374287 0.0614784 -0.0558756 0.0308319
 0.0430098 0.0338841 0.0634545 -0.0581335 0.0276288
 0.0383815 0.0299722 0.0637799 -0.0587962 0.0242842
 0 0 0 0 0
 0 0 0 0 0
 0 0 0 0 0
 0 0 0 0 0
 0 0 0 0 0
 0 0 0 0 0
 0 0 0 0 0
 0 0 0 0 0
 0 0 0 0 0
 0 0 0 0 0
 0 0 0 0 0
 0 0 0 0 0
 0 0 0 0 0
 0 0 0 0 0
 0 0 0 0 0
 0 0 0 0 0
 0 0 0 0 0
 0 0 0 0 0
 0 0 0 0 0
 0 0 0 0 0
 0 0 0 0 0
 0 0 0 0 0
 0 0 0 0 0
 0 0 0 0 0
 0 0 0 0 0
 0 0 0 0 0
 0 0 0 0 0
 0 0 0 0 0
 0 0 0 0 0
 0 0 0 0 0
 0 0 0 0 0
 0 0 0 0 0
 0 0 0 0 0
 0 0 0 0 0
 0 0 0 0 0
 0 0 0 0 0
 0 0 0 0 0
 0 0 0 0 0
 0 0 0 0 0
 0 0 0 0 0
 0 0 0 0 0
 0 0 0 0 0
 0 0 0 0 0
 0 0 0 0 0
 0 0 0 0 0
 0 0 0 0 0
 0 0 0 0 0
 0 0 0 0 0
 0 0 0 0 0
 0 0 0 0 0
 0 0 0 0 0
 0 0 0 0 0
 0 0 0 0 0
 0 0 0 0 0
 0 0 0 0 0
 0 0 0 0 0
 0 0 0 0 0
 0 0 0 0 0
 0 0 0 0 0
 0 0 0 0 0
 0 0 0 0 0
 0 0 0 0 0
 0 0 0 0 0
 0 0 0 0 0
 0 0 0 0 0
 0 0 0 0 0
 0 0 0 0 0
 0 0 0 0 0
 0 0 0 0 0
 0 0 0 0 0
 0 0 0 0 0
 0 0 0 0 0
 0 0 0 0 0
 0 0 0 0 0
 0 0 0 0 0
 0 0 0 0 0
 0 0 0 0 0
 0 0 0 0 0
 0 0 0 0 0
 0 0 0 0 0
 0 0 0 0 0
 0 0 0 0 0
 0 0 0 0 0
 0 0 0 0 0
 0 0 0 0 0
 0 0 0 0 0
 0 0 0 0 0
 0 0 0 0 0
 0 0 0 0 0
 0 0 0 0 0
 0 0 0 0 0
 0 0 0 0 0
 0 0 0 0 0
 0 0 0 0 0
 0 0 0 0 0
 0 0 0 0 0
 0 0 0 0 0
 0 0 0 0 0
 0 0 0 0 0
 43.6224 42.7515 0.118366 -0.0900733 41.9045
 10.1583 9.85342 0.110093 -0.0844742 9.5635
 4.34445 4.17069 0.105505 -0.0819143 4.00928
 2.27976 2.16587 0.0980192 -0.076887 2.06241
 1.36017 1.27881 0.0907133 -0.0721684 1.20648
 0.909308 0.846083 0.0868067 -0.0693963 0.791135
 0.656176 0.604168 0.0848592 -0.0687268 0.559879
 0.471427 0.429533 0.0796534 -0.0651023 0.394568
 0.362768 0.327079 0.0772324 -0.0638466 0.297862
 0.28002 0.249847 0.0737148 -0.0614331 0.225582
 0.219866 0.194118 0.0703182 -0.0591816 0.173761
 0.183619 0.160465 0.0696575 -0.0590867 0.142539
 0.145183 0.125543 0.0653933 -0.0557898 0.110564
 0.122884 0.105172 0.0639687 -0.0550919 0.0919017
 0.103948 0.0880583 0.0629458 -0.0546583 0.0763451
 0.0890025 0.0746247 0.0613284 -0.0537273 0.0641504
 0.0755292 0.0626977 0.0599628 -0.0528878 0.0534618
 0.0661238 0.0543191 0.0590465 -0.0523666 0.0459245
 0.0583131 0.0474187 0.0591393 -0.0528378 0.0397377
 0.0517013 0.041634 0.0595972 -0.0536881 0.0346117
 0.0458897 0.0365782 0.0596146 -0.0540346 0.0301453
 0.0414143 0.0326888 0.059706 -0.0545003 0.0266928
 0 0 0 0 0
 0 0 0 0 0
 0 0 0 0 0
 0 0 0 0 0
 0 0 0 0 0
 0 0 0 0 0
 0 0 0 0 0
 0 0 0 0 0
 0 0 0 0 0
 0 0 0 0 0
 0 0 0 0 0
 0 0 0 0 0
 0 0 0 0 0
 0 0 0 0 0
 0 0 0 0 0
 0 0 0 0 0
 0 0 0 0 0
 0 0 0 0 0
 0 0 0 0 0
 0 0 0 0 0
 0 0 0 0 0
 0 0 0 0 0
 0 0 0 0 0
 0 0 0 0 0
 0 0 0 0 0
 0 0 0 0 0
 0 0 0 0 0
 0 0 0 0 0
 0 0 0 0 0
 0 0 0 0 0
 0 0 0 0 0
 0 0 0 0 0
 0 0 0 0 0
 0 0 0 0 0
 0 0 0 0 0
 0 0 0 0 0
 0 0 0 0 0
 0 0 0 0 0
 0 0 0 0 0
 0 0 0 0 0
 0 0 0 0 0
 0 0 0 0 0
 0 0 0 0 0
 0 0 0 0 0
 0 0 0 0 0
 0 0 0 0 0
 0 0 0 0 0
 0 0 0 0 0
 0 0 0 0 0
 0 0 0 0 0
 0 0 0 0 0
 0 0 0 0 0
 0 0 0 0 0
 0 0 0 0 0
 0 0 0 0 0
 0 0 0 0 0
 0 0 0 0 0
 0 0 0 0 0
 0 0 0 0 0
 0 0 0 0 0
 0 0 0 0 0
 0 0 0 0 0
 0 0 0 0 0
 0 0 0 0 0
 0 0 0 0 0
 0 0 0 0 0
 0 0 0 0 0
 0 0 0 0 0
 0 0 0 0 0
 0 0 0 0 0
 0 0 0 0 0
 0 0 0 0 0
 0 0 0 0 0
 0 0 0 0 0
 0 0 0 0 0
 0 0 0 0 0
 0 0 0 0 0
 0 0 0 0 0
 0 0 0 0 0
 0 0 0 0 0
 0 0 0 0 0
 0 0 0 0 0
 0 0 0 0 0
 0 0 0 0 0
 0 0 0 0 0
 0 0 0 0 0
 0 0 0 0 0
 0 0 0 0 0
 0 0 0 0 0
 0 0 0 0 0
 0 0 0 0 0
 0 0 0 0 0
 0 0 0 0 0
 0 0 0 0 0
 0 0 0 0 0
 0 0 0 0 0
 0 0 0 0 0
 0 0 0 0 0
 0 0 0 0 0
 0 0 0 0 0
 45.1587 44.2752 0.118498 -0.0894317 43.4155
 10.5125 10.2022 0.110988 -0.084995 9.907
 4.37772 4.20527 0.103745 -0.0803648 4.0448
 2.33343 2.21851 0.0977125 -0.0763411 2.11408
 1.3587 1.27848 0.0893842 -0.0705172 1.2071
 0.932758 0.868742 0.0868233 -0.0695238 0.812972
 0.649377 0.598551 0.0821497 -0.0663621 0.555218
 0.482672 0.440332 0.0792825 -0.0646206 0.404942
 0.348001 0.314155 0.0732258 -0.0601348 0.286362
 0.279343 0.249572 0.0722115 -0.0598962 0.225609
 0.219883 0.194438 0.0689859 -0.0577763 0.174323
 0.183082 0.160237 0.0679685 -0.0575323 0.142496
 0.145891 0.126369 0.0637702 -0.0543275 0.111449
 0.123184 0.105607 0.0634362 -0.0545635 0.0923642
 0.103369 0.0877417 0.0612258 -0.0530108 0.0761788
 0.0869442 0.0730546 0.059166 -0.0515887 0.0629315
 0.0770251 0.0640643 0.0595042 -0.0523073 0.054732
 0.0657523 0.0541464 0.0583337 -0.051607 0.0458567
 0.0579442 0.0472537 0.0578465 -0.0516762 0.039747
 0.0506451 0.0408897 0.0570964 -0.0512966 0.0341135
 0.0450361 0.0360002 0.0569323 -0.0514516 0.0297729
 0 0 0 0 0
 0 0 0 0 0
 0 0 0 0 0
 0 0 0 0 0
 0 0 0 0 0
 0 0 0 0 0
 0 0 0 0 0
 0 0 0 0 0
 0 0 0 0 0
 0 0 0 0 0
 0 0 0 0 0
 0 0 0 0 0
 0 0 0 0 0
 0 0 0 0 0
 0 0 0 0 0
 0 0 0 0 0
 0 0 0 0 0
 0 0 0 0 0
 0 0 0 0 0
 0 0 0 0 0
 0 0 0 0 0
 0 0 0 0 0
 0 0 0 0 0
 0 0 0 0 0
 0 0 0 0 0
 0 0 0 0 0
 0 0 0 0 0
 0 0 0 0 0
 0 0 0 0 0
 0 0 0 0 0
 0 0 0 0 0
 0 0 0 0 0
 0 0 0 0 0
 0 0 0 0 0
 0 0 0 0 0
 0 0 0 0 0
 0 0 0 0 0
 0 0 0 0 0
 0 0 0 0 0
 0 0 0 0 0
 0 0 0 0 0
 0 0 0 0 0
 0 0 0 0 0
 0 0 0 0 0
 0 0 0 0 0
 0 0 0 0 0
 0 0 0 0 0
 0 0 0 0 0
 0 0 0 0 0
 0 0 0 0 0
 0 0 0 0 0
 0 0 0 0 0
 0 0 0 0 0
 0 0 0 0 0
 0 0 0 0 0
 0 0 0 0 0
 0 0 0 0 0
 0 0 0 0 0
 0 0 0 0 0
 0 0 0 0 0
 0 0 0 0 0
 0 0 0 0 0
 0 0 0 0 0
 0 0 0 0 0
 0 0 0 0 0
 0 0 0 0 0
 0 0 0 0 0
 0 0 0 0 0
 0 0 0 0 0
 0 0 0 0 0
 0 0 0 0 0
 0 0 0 0 0
 0 0 0 0 0
 0 0 0 0 0
 0 0 0 0 0
 0 0 0 0 0
 0 0 0 0 0
 0 0 0 0 0
 0 0 0 0 0
 0 0 0 0 0
 0 0 0 0 0
 0 0 0 0 0
 0 0 0 0 0
 0 0 0 0 0
 0 0 0 0 0
 0 0 0 0 0
 0 0 0 0 0
 0 0 0 0 0
 0 0 0 0 0
 0 0 0 0 0
 0 0 0 0 0
 0 0 0 0 0
 0 0 0 0 0
 0 0 0 0 0
 0 0 0 0 0
 0 0 0 0 0
 0 0 0 0 0
 0 0 0 0 0
 0 0 0 0 0
 0 0 0 0 0
 0 0 0 0 0
 47.2541 46.348 0.120581 -0.0905633 45.4657
 10.2872 9.98858 0.107268 -0.0817548 9.70417
 4.29025 4.12364 0.100462 -0.0772746 3.96854
 2.35418 2.23989 0.0975792 -0.0760382 2.13585
 1.4202 1.33749 0.0916017 -0.0722088 1.26378
 0.95125 0.88675 0.0867308 -0.0690736 0.830509
 0.643501 0.59378 0.0795358 -0.063931 0.551306
 0.481656 0.43987 0.0782297 -0.0635157 0.404898
 0.354698 0.320603 0.0732003 -0.0600099 0.292609
 0.279139 0.249713 0.0712628 -0.0590241 0.225968
 0.216454 0.191677 0.0666021 -0.0554684 0.172051
 0.176533 0.154745 0.0643869 -0.0543368 0.137763
 0.145177 0.125937 0.0632815 -0.0537738 0.111183
 0.122917 0.105565 0.0617865 -0.0530595 0.0924675
 0.102828 0.0874167 0.0598308 -0.0516098 0.0759396
 0.0879808 0.07405 0.0595117 -0.0517864 0.0638453
 0.0751012 0.062598 0.057638 -0.0504928 0.0535832
 0.0662256 0.0546486 0.0571605 -0.0504763 0.0464003
 0.0565962 0.0462348 0.0558272 -0.0496392 0.0389348
 0.0510511 0.0413088 0.056045 -0.0501673 0.0345022
 0 0 0 0 0
 0 0 0 0 0
 0 0 0 0 0
 0 0 0 0 0
 0 0 0 0 0
 0 0 0 0 0
 0 0 0 0 0
 0 0 0 0 0
 0 0 0 0 0
 0 0 0 0 0
 0 0 0 0 0
 0 0 0 0 0
 0 0 0 0 0
 0 0 0 0 0
 0 0 0 0 0
 0 0 0 0 0
 0 0 0 0 0
 0 0 0 0 0
 0 0 0 0 0
 0 0 0 0 0
 0 0 0 0 0
 0 0 0 0 0
 0 0 0 0 0
 0 0 0 0 0
 0 0 0 0 0
 0 0 0 0 0
 0 0 0 0 0
 0 0 0 0 0
 0 0 0 0 0
 0 0 0 0 0
 0 0 0 0 0
 0 0 0 0 0
 0 0 0 0 0
 0 0 0 0 0
 0 0 0 0 0
 0 0 0 0 0
 0 0 0 0 0
 0 0 0 0 0
 0 0 0 0 0
 0 0 0 0 0
 0 0 0 0 0
 0 0 0 0 0
 0 0 0 0 0
 0 0 0 0 0
 0 0 0 0 0
 0 0 0 0 0
 0 0 0 0 0
 0 0 0 0 0
 0 0 0 0 0
 0 0 0 0 0
 0 0 0 0 0
 0 0 0 0 0
 0 0 0 0 0
 0 0 0 0 0
 0 0 0 0 0
 0 0 0 0 0
 0 0 0 0 0
 0 0 0 0 0
 0 0 0 0 0
 0 0 0 0 0
 0 0 0 0 0
 0 0 0 0 0
 0 0 0 0 0
 0 0 0 0 0
 0 0 0 0 0
 0 0 0 0 0
 0 0 0 0 0
 0 0 0 0 0
 0 0 0 0 0
 0 0 0 0 0
 0 0 0 0 0
 0 0 0 0 0
 0 0 0 0 0
 0 0 0 0 0
 0 0 0 0 0
 0 0 0 0 0
 0 0 0 0 0
 0 0 0 0 0
 0 0 0 0 0
 0 0 0 0 0
 0 0 0 0 0
 0 0 0 0 0
 0 0 0 0 0
 0 0 0 0 0
 0 0 0 0 0
 0 0 0 0 0
 0 0 0 0 0
 0 0 0 0 0
 0 0 0 0 0
 0 0 0 0 0
 0 0 0 0 0
 0 0 0 0 0
 0 0 0 0 0
 0 0 0 0 0
 0 0 0 0 0
 0 0 0 0 0
 0 0 0 0 0
 0 0 0 0 0
 0 0 0 0 0
 0 0 0 0 0
 0 0 0 0 0
 0 0 0 0 0
 49.093 48.1701 0.121978 -0.0915425 47.271
 10.8254 10.5162 0.111338 -0.0843542 10.2216
 4.51506 4.34232 0.103054 -0.0790641 4.18137
 2.36319 2.24994 0.0971992 -0.0752781 2.14668
 1.40651 1.32565 0.0884008 -0.0693616 1.25355
 0.92995 0.867667 0.0836375 -0.0661162 0.813362
 0.670498 0.619272 0.0821794 -0.0659248 0.575391
 0.483263 0.441839 0.0773918 -0.062731 0.407054
 0.363898 0.329339 0.073536 -0.0599993 0.300867
 0.277267 0.248372 0.0697432 -0.0573323 0.224989
 0.218163 0.193457 0.0669785 -0.0556314 0.173843
 0.181092 0.15896 0.0653018 -0.0546822 0.141704
 0.148427 0.129003 0.0637965 -0.0540321 0.114083
 0.120094 0.103324 0.0594443 -0.0506718 0.0906667
 0.101203 0.0861933 0.0580871 -0.049898 0.0750338
 0.0870325 0.0733945 0.0572 -0.0495338 0.06339
 0.0765795 0.0639578 0.0574197 -0.0502937 0.0547968
 0.0630278 0.052103 0.0542517 -0.0478588 0.0442825
 0.0559808 0.045831 0.053934 -0.047842 0.0386571
 0 0 0 0 0
 0 0 0 0 0
 0 0 0 0 0
 0 0 0 0 0
 0 0 0 0 0
 0 0 0 0 0
 0 0 0 0 0
 0 0 0 0 0
 0 0 0 0 0
 0 0 0 0 0
 0 0 0 0 0
 0 0 0 0 0
 0 0 0 0 0
 0 0 0 0 0
 0 0 0 0 0
 0 0 0 0 0
 0 0 0 0 0
 0 0 0 0 0
 0 0 0 0 0
 0 0 0 0 0
 0 0 0 0 0
 0 0 0 0 0
 0 0 0 0 0
 0 0 0 0 0
 0 0 0 0 0
 0 0 0 0 0
 0 0 0 0 0
 0 0 0 0 0
 0 0 0 0 0
 0 0 0 0 0
 0 0 0 0 0
 0 0 0 0 0
 0 0 0 0 0
 0 0 0 0 0
 0 0 0 0 0
 0 0 0 0 0
 0 0 0 0 0
 0 0 0 0 0
 0 0 0 0 0
 0 0 0 0 0
 0 0 0 0 0
 0 0 0 0 0
 0 0 0 0 0
 0 0 0 0 0
 0 0 0 0 0
 0 0 0 0 0
 0 0 0 0 0
 0 0 0 0 0
 0 0 0 0 0
 0 0 0 0 0
 0 0 0 0 0
 0 0 0 0 0
 0 0 0 0 0
 0 0 0 0 0
 0 0 0 0 0
 0 0 0 0 0
 0 0 0 0 0
 0 0 0 0 0
 0 0 0 0 0
 0 0 0 0 0
 0 0 0 0 0
 0 0 0 0 0
 0 0 0 0 0
 0 0 0 0 0
 0 0 0 0 0
 0 0 0 0 0
 0 0 0 0 0
 0 0 0 0 0
 0 0 0 0 0
 0 0 0 0 0
 0 0 0 0 0
 0 0 0 0 0
 0 0 0 0 0
 0 0 0 0 0
 0 0 0 0 0
 0 0 0 0 0
 0 0 0 0 0
 0 0 0 0 0
 0 0 0 0 0
 0 0 0 0 0
 0 0 0 0 0
 0 0 0 0 0
 0 0 0 0 0
 0 0 0 0 0
 0 0 0 0 0
 0 0 0 0 0
 0 0 0 0 0
 0 0 0 0 0
 0 0 0 0 0
 0 0 0 0 0
 0 0 0 0 0
 0 0 0 0 0
 0 0 0 0 0
 0 0 0 0 0
 0 0 0 0 0
 0 0 0 0 0
 0 0 0 0 0
 0 0 0 0 0
 0 0 0 0 0
 0 0 0 0 0
 0 0 0 0 0
 0 0 0 0 0
 0 0 0 0 0
 47.5357 46.6593 0.115379 -0.0857808 45.8051
 10.9126 10.6059 0.109082 -0.0824085 10.3134
 4.44152 4.27404 0.100628 -0.0769139 4.11788
 2.37399 2.2618 0.09441 -0.0728957 2.15947
 1.44953 1.36727 0.0899583 -0.0704353 1.29372
 0.939483 0.877308 0.0836767 -0.0659864 0.822958
 0.64426 0.595581 0.0778064 -0.062152 0.553861
 0.479815 0.439153 0.0752171 -0.0607006 0.404971
 0.361687 0.327713 0.0715237 -0.0583429 0.299718
 0.281311 0.252335 0.0688457 -0.0565007 0.228913
 0.224616 0.199512 0.0661803 -0.0548459 0.179592
 0.17534 0.154124 0.062075 -0.051813 0.137557
 0.147707 0.128548 0.0619562 -0.0521492 0.113818
 0.120383 0.103745 0.0589044 -0.0501925 0.0911575
 0.09915 0.0846042 0.0563901 -0.0484462 0.0737563
 0.0867225 0.0732658 0.0564027 -0.0488831 0.0633558
 0.0733648 0.0613648 0.0547026 -0.0476383 0.0526614
 0.0641302 0.0531334 0.0538489 -0.0473958 0.0452333
 0 0 0 0 0
 0 0 0 0 0
 0 0 0 0 0
 0 0 0 0 0
 0 0 0 0 0
 0 0 0 0 0
 0 0 0 0 0
 0 0 0 0 0
 0 0 0 0 0
 0 0 0 0 0
 0 0 0 0 0
 0 0 0 0 0
 0 0 0 0 0
 0 0 0 0 0
 0 0 0 0 0
 0 0 0 0 0
 0 0 0 0 0
 0 0 0 0 0
 0 0 0 0 0
 0 0 0 0 0
 0 0 0 0 0
 0 0 0 0 0
 0 0 0 0 0
 0 0 0 0 0
 0 0 0 0 0
 0 0 0 0 0
 0 0 0 0 0
 0 0 0 0 0
 0 0 0 0 0
 0 0 0 0 0
 0 0 0 0 0
 0 0 0 0 0
 0 0 0 0 0
 0 0 0 0 0
 0 0 0 0 0
 0 0 0 0 0
 0 0 0 0 0
 0 0 0 0 0
 0 0 0 0 0
 0 0 0 0 0
 0 0 0 0 0
 0 0 0 0 0
 0 0 0 0 0
 0 0 0 0 0
 0 0 0 0 0
 0 0 0 0 0
 0 0 0 0 0
 0 0 0 0 0
 0 0 0 0 0
 0 0 0 0 0
 0 0 0 0 0
 0 0 0 0 0
 0 0 0 0 0
 0 0 0 0 0
 0 0 0 0 0
 0 0 0 0 0
 0 0 0 0 0
 0 0 0 0 0
 0 0 0 0 0
 0 0 0 0 0
 0 0 0 0 0
 0 0 0 0 0
 0 0 0 0 0
 0 0 0 0 0
 0 0 0 0 0
 0 0 0 0 0
 0 0 0 0 0
 0 0 0 0 0
 0 0 0 0 0
 0 0 0 0 0
 0 0 0 0 0
 0 0 0 0 0
 0 0 0 0 0
 0 0 0 0 0
 0 0 0 0 0
 0 0 0 0 0
 0 0 0 0 0
 0 0 0 0 0
 0 0 0 0 0
 0 0 0 0 0
 0 0 0 0 0
 0 0 0 0 0
 0 0 0 0 0
 0 0 0 0 0
 0 0 0 0 0
 0 0 0 0 0
 0 0 0 0 0
 0 0 0 0 0
 0 0 0 0 0
 0 0 0 0 0
 0 0 0 0 0
 0 0 0 0 0
 0 0 0 0 0
 0 0 0 0 0
 0 0 0 0 0
 0 0 0 0 0
 0 0 0 0 0
 0 0 0 0 0
 0 0 0 0 0
 0 0 0 0 0
 0 0 0 0 0
 0 0 0 0 0
 0 0 0 0 0
 0 0 0 0 0
 51.1962 50.2707 0.119677 -0.0887942 49.3681
 11.2473 10.9363 0.110441 -0.0827788 10.6396
 4.58492 4.41451 0.101174 -0.0769236 4.25539
 2.42453 2.31146 0.0958833 -0.0738077 2.20812
 1.46586 1.38373 0.0886467 -0.0690735 1.31024
 0.905292 0.846025 0.0804958 -0.0632909 0.794054
 0.65916 0.609958 0.0780757 -0.0619789 0.567736
 0.480839 0.440561 0.0746399 -0.0600402 0.406662
 0.357742 0.3245 0.0703007 -0.0570278 0.297025
 0.275339 0.247244 0.0677796 -0.0554672 0.224437
 0.218366 0.194149 0.0643657 -0.0532368 0.174834
 0.176713 0.155564 0.0619784 -0.0517605 0.138978
 0.143958 0.125483 0.0591703 -0.0498286 0.11125
 0.120368 0.10388 0.0582526 -0.0495426 0.091345
 0.10123 0.0865192 0.0559386 -0.0478135 0.0755176
 0.081609 0.0690456 0.0531533 -0.0458124 0.0597914
 0.0716294 0.0600156 0.0524436 -0.0455366 0.0515821
 0 0 0 0 0
 0 0 0 0 0
 0 0 0 0 0
 0 0 0 0 0
 0 0 0 0 0
 0 0 0 0 0
 0 0 0 0 0
 0 0 0 0 0
 0 0 0 0 0
 0 0 0 0 0
 0 0 0 0 0
 0 0 0 0 0
 0 0 0 0 0
 0 0 0 0 0
 0 0 0 0 0
 0 0 0 0 0
 0 0 0 0 0
 0 0 0 0 0
 0 0 0 0 0
 0 0 0 0 0
 0 0 0 0 0
 0 0 0 0 0
 0 0 0 0 0
 0 0 0 0 0
 0 0 0 0 0
 0 0 0 0 0
 0 0 0 0 0
 0 0 0 0 0
 0 0 0 0 0
 0 0 0 0 0
 0 0 0 0 0
 0 0 0 0 0
 0 0 0 0 0
 0 0 0 0 0
 0 0 0 0 0
 0 0 0 0 0
 0 0 0 0 0
 0 0 0 0 0
 0 0 0 0 0
 0 0 0 0 0
 0 0 0 0 0
 0 0 0 0 0
 0 0 0 0 0
 0 0 0 0 0
 0 0 0 0 0
 0 0 0 0 0
 0 0 0 0 0
 0 0 0 0 0
 0 0 0 0 0
 0 0 0 0 0
 0 0 0 0 0
 0 0 0 0 0
 0 0 0 0 0
 0 0 0 0 0
 0 0 0 0 0
 0 0 0 0 0
 0 0 0 0 0
 0 0 0 0 0
 0 0 0 0 0
 0 0 0 0 0
 0 0 0 0 0
 0 0 0 0 0
 0 0 0 0 0
 0 0 0 0 0
 0 0 0 0 0
 0 0 0 0 0
 0 0 0 0 0
 0 0 0 0 0
 0 0 0 0 0
 0 0 0 0 0
 0 0 0 0 0
 0 0 0 0 0
 0 0 0 0 0
 0 0 0 0 0
 0 0 0 0 0
 0 0 0 0 0
 0 0 0 0 0
 0 0 0 0 0
 0 0 0 0 0
 0 0 0 0 0
 0 0 0 0 0
 0 0 0 0 0
 0 0 0 0 0
 0 0 0 0 0
 0 0 0 0 0
 0 0 0 0 0
 0 0 0 0 0
 0 0 0 0 0
 0 0 0 0 0
 0 0 0 0 0
 0 0 0 0 0
 0 0 0 0 0
 0 0 0 0 0
 0 0 0 0 0
 0 0 0 0 0
 0 0 0 0 0
 0 0 0 0 0
 0 0 0 0 0
 0 0 0 0 0
 0 0 0 0 0
 0 0 0 0 0
 0 0 0 0 0
 0 0 0 0 0
 0 0 0 0 0
 0 0 0 0 0
 52.0339 51.1111 0.117442 -0.0864967 50.2108
 11.4777 11.1653 0.110401 -0.0828017 10.8669
 4.52864 4.36269 0.0981167 -0.0740424 4.20764
 2.40602 2.2953 0.0929325 -0.0713237 2.19406
 1.44346 1.36357 0.0871392 -0.0675571 1.29203
 0.984733 0.92115 0.0849467 -0.0667648 0.865333
 0.666569 0.617359 0.0781133 -0.0619108 0.575053
 0.482385 0.442424 0.0735401 -0.0589482 0.408736
 0.354995 0.322369 0.0684017 -0.0552119 0.295381
 0.278044 0.249999 0.0664193 -0.0541841 0.227198
 0.215214 0.191609 0.0616852 -0.0508433 0.172777
 0.177941 0.156865 0.0613443 -0.0511156 0.140296
 0.145223 0.126767 0.0586952 -0.049267 0.112528
 0.119423 0.103268 0.0562218 -0.0476146 0.0910058
 0.0983292 0.0841642 0.0538902 -0.0459126 0.0735459
 0.0849808 0.0720458 0.0532918 -0.045785 0.0624908
 0 0 0 0 0
 0 0 0 0 0
 0 0 0 0 0
 0 0 0 0 0
 0 0 0 0 0
 0 0 0 0 0
 0 0 0 0 0
 0 0 0 0 0
 0 0 0 0 0
 0 0 0 0 0
 0 0 0 0 0
 0 0 0 0 0
 0 0 0 0 0
 0 0 0 0 0
 0 0 0 0 0
 0 0 0 0 0
 0 0 0 0 0
 0 0 0 0 0
 0 0 0 0 0
 0 0 0 0 0
 0 0 0 0 0
 0 0 0 0 0
 0 0 0 0 0
 0 0 0 0 0
 0 0 0 0 0
 0 0 0 0 0
 0 0 0 0 0
 0 0 0 0 0
 0 0 0 0 0
 0 0 0 0 0
 0 0 0 0 0
 0 0 0 0 0
 0 0 0 0 0
 0 0 0 0 0
 0 0 0 0 0
 0 0 0 0 0
 0 0 0 0 0
 0 0 0 0 0
 0 0 0 0 0
 0 0 0 0 0
 0 0 0 0 0
 0 0 0 0 0
 0 0 0 0 0
 0 0 0 0 0
 0 0 0 0 0
 0 0 0 0 0
 0 0 0 0 0
 0 0 0 0 0
 0 0 0 0 0
 0 0 0 0 0
 0 0 0 0 0
 0 0 0 0 0
 0 0 0 0 0
 0 0 0 0 0
 0 0 0 0 0
 0 0 0 0 0
 0 0 0 0 0
 0 0 0 0 0
 0 0 0 0 0
 0 0 0 0 0
 0 0 0 0 0
 0 0 0 0 0
 0 0 0 0 0
 0 0 0 0 0
 0 0 0 0 0
 0 0 0 0 0
 0 0 0 0 0
 0 0 0 0 0
 0 0 0 0 0
 0 0 0 0 0
 0 0 0 0 0
 0 0 0 0 0
 0 0 0 0 0
 0 0 0 0 0
 0 0 0 0 0
 0 0 0 0 0
 0 0 0 0 0
 0 0 0 0 0
 0 0 0 0 0
 0 0 0 0 0
 0 0 0 0 0
 0 0 0 0 0
 0 0 0 0 0
 0 0 0 0 0
 0 0 0 0 0
 0 0 0 0 0
 0 0 0 0 0
 0 0 0 0 0
 0 0 0 0 0
 0 0 0 0 0
 0 0 0 0 0
 0 0 0 0 0
 0 0 0 0 0
 0 0 0 0 0
 0 0 0 0 0
 0 0 0 0 0
 0 0 0 0 0
 0 0 0 0 0
 0 0 0 0 0
 0 0 0 0 0
 0 0 0 0 0
 0 0 0 0 0
 0 0 0 0 0
 0 0 0 0 0
 0 0 0 0 0
 0 0 0 0 0
 51.5286 50.6318 0.114074 -0.0834067 49.7566
 11.5093 11.201 0.108749 -0.0809616 10.9062
 4.67268 4.50383 0.100347 -0.0755403 4.34589
 2.43658 2.32587 0.0929017 -0.0710405 2.22455
 1.47737 1.39661 0.0877092 -0.0675771 1.32423
 0.973183 0.911067 0.082735 -0.0644029 0.8565
 0.653969 0.606227 0.0766767 -0.0605865 0.565069
 0.478403 0.439168 0.0716832 -0.056923 0.40607
 0.362642 0.329706 0.0686593 -0.0553406 0.302384
 0.283217 0.254982 0.0663602 -0.0539676 0.232004
 0.216351 0.192862 0.0618807 -0.0508362 0.174083
 0.177081 0.1563 0.0603742 -0.0499504 0.13994
 0.142232 0.124344 0.0565701 -0.0472387 0.110536
 0.119542 0.103491 0.0550801 -0.0464286 0.0912675
 0.09961 0.0854075 0.0534576 -0.0455134 0.0747447
 0 0 0 0 0
 0 0 0 0 0
 0 0 0 0 0
 0 0 0 0 0
 0 0 0 0 0
 0 0 0 0 0
 0 0 0 0 0
 0 0 0 0 0
 0 0 0 0 0
 0 0 0 0 0
 0 0 0 0 0
 0 0 0 0 0
 0 0 0 0 0
 0 0 0 0 0
 0 0 0 0 0
 0 0 0 0 0
 0 0 0 0 0
 0 0 0 0 0
 0 0 0 0 0
 0 0 0 0 0
 0 0 0 0 0
 0 0 0 0 0
 0 0 0 0 0
 0 0 0 0 0
 0 0 0 0 0
 0 0 0 0 0
 0 0 0 0 0
 0 0 0 0 0
 0 0 0 0 0
 0 0 0 0 0
 0 0 0 0 0
 0 0 0 0 0
 0 0 0 0 0
 0 0 0 0 0
 0 0 0 0 0
 0 0 0 0 0
 0 0 0 0 0
 0 0 0 0 0
 0 0 0 0 0
 0 0 0 0 0
 0 0 0 0 0
 0 0 0 0 0
 0 0 0 0 0
 0 0 0 0 0
 0 0 0 0 0
 0 0 0 0 0
 0 0 0 0 0
 0 0 0 0 0
 0 0 0 0 0
 0 0 0 0 0
 0 0 0 0 0
 0 0 0 0 0
 0 0 0 0 0
 0 0 0 0 0
 0 0 0 0 0
 0 0 0 0 0
 0 0 0 0 0
 0 0 0 0 0
 0 0 0 0 0
 0 0 0 0 0
 0 0 0 0 0
 0 0 0 0 0
 0 0 0 0 0
 0 0 0 0 0
 0 0 0 0 0
 0 0 0 0 0
 0 0 0 0 0
 0 0 0 0 0
 0 0 0 0 0
 0 0 0 0 0
 0 0 0 0 0
 0 0 0 0 0
 0 0 0 0 0
 0 0 0 0 0
 0 0 0 0 0
 0 0 0 0 0
 0 0 0 0 0
 0 0 0 0 0
 0 0 0 0 0
 0 0 0 0 0
 0 0 0 0 0
 0 0 0 0 0
 0 0 0 0 0
 0 0 0 0 0
 0 0 0 0 0
 0 0 0 0 0
 0 0 0 0 0
 0 0 0 0 0
 0 0 0 0 0
 0 0 0 0 0
 0 0 0 0 0
 0 0 0 0 0
 0 0 0 0 0
 0 0 0 0 0
 0 0 0 0 0
 0 0 0 0 0
 0 0 0 0 0
 0 0 0 0 0
 0 0 0 0 0
 0 0 0 0 0
 0 0 0 0 0
 0 0 0 0 0
 0 0 0 0 0
 0 0 0 0 0
 0 0 0 0 0
 0 0 0 0 0
 0 0 0 0 0
 56.3884 55.4257 0.119763 -0.0872975 54.4857
 11.5903 11.2845 0.106664 -0.078809 10.9922
 4.99303 4.81515 0.104719 -0.0787066 4.64862
 2.45796 2.34772 0.0922625 -0.0700338 2.24662
 1.49516 1.4144 0.087675 -0.0671289 1.34188
 0.959167 0.898658 0.0798732 -0.062115 0.845442
 0.670076 0.621774 0.0761382 -0.05992 0.580081
 0.480348 0.441375 0.0716148 -0.0567777 0.408388
 0.353035 0.321273 0.0663287 -0.0531325 0.294886
 0.277279 0.249913 0.0644637 -0.0522704 0.227618
 0.216315 0.193082 0.0606931 -0.0497052 0.174462
 0.181019 0.160057 0.0601583 -0.0496672 0.143547
 0.137017 0.119937 0.0541215 -0.0451115 0.106661
 0.11693 0.101391 0.0539011 -0.0452627 0.0895175
 0 0 0 0 0
 0 0 0 0 0
 0 0 0 0 0
 0 0 0 0 0
 0 0 0 0 0
 0 0 0 0 0
 0 0 0 0 0
 0 0 0 0 0
 0 0 0 0 0
 0 0 0 0 0
 0 0 0 0 0
 0 0 0 0 0
 0 0 0 0 0
 0 0 0 0 0
 0 0 0 0 0
 0 0 0 0 0
 0 0 0 0 0
 0 0 0 0 0
 0 0 0 0 0
 0 0 0 0 0
 0 0 0 0 0
 0 0 0 0 0
 0 0 0 0 0
 0 0 0 0 0
 0 0 0 0 0
 0 0 0 0 0
 0 0 0 0 0
 0 0 0 0 0
 0 0 0 0 0
 0 0 0 0 0
 0 0 0 0 0
 0 0 0 0 0
 0 0 0 0 0
 0 0 0 0 0
 0 0 0 0 0
 0 0 0 0 0
 0 0 0 0 0
 0 0 0 0 0
 0 0 0 0 0
 0 0 0 0 0
 0 0 0 0 0
 0 0 0 0 0
 0 0 0 0 0
 0 0 0 0 0
 0 0 0 0 0
 0 0 0 0 0
 0 0 0 0 0
 0 0 0 0 0
 0 0 0 0 0
 0 0 0 0 0
 0 0 0 0 0
 0 0 0 0 0
 0 0 0 0 0
 0 0 0 0 0
 0 0 0 0 0
 0 0 0 0 0
 0 0 0 0 0
 0 0 0 0 0
 0 0 0 0 0
 0 0 0 0 0
 0 0 0 0 0
 0 0 0 0 0
 0 0 0 0 0
 0 0 0 0 0
 0 0 0 0 0
 0 0 0 0 0
 0 0 0 0 0
 0 0 0 0 0
 0 0 0 0 0
 0 0 0 0 0
 0 0 0 0 0
 0 0 0 0 0
 0 0 0 0 0
 0 0 0 0 0
 0 0 0 0 0
 0 0 0 0 0
 0 0 0 0 0
 0 0 0 0 0
 0 0 0 0 0
 0 0 0 0 0
 0 0 0 0 0
 0 0 0 0 0
 0 0 0 0 0
 0 0 0 0 0
 0 0 0 0 0
 0 0 0 0 0
 0 0 0 0 0
 0 0 0 0 0
 0 0 0 0 0
 0 0 0 0 0
 0 0 0 0 0
 0 0 0 0 0
 0 0 0 0 0
 0 0 0 0 0
 0 0 0 0 0
 0 0 0 0 0
 0 0 0 0 0
 0 0 0 0 0
 0 0 0 0 0
 0 0 0 0 0
 0 0 0 0 0
 0 0 0 0 0
 0 0 0 0 0
 0 0 0 0 0
 0 0 0 0 0
 0 0 0 0 0
 0 0 0 0 0
 0 0 0 0 0
 57.0492 56.0934 0.118125 -0.0856875 55.1596
 11.688 11.3843 0.105928 -0.0779566 11.0938
 4.75473 4.5876 0.0982508 -0.0733841 4.43102
 2.49185 2.38147 0.0921192 -0.0694776 2.28015
 1.46547 1.38729 0.0837225 -0.0640844 1.31703
 0.982583 0.921292 0.0811271 -0.0626718 0.867317
 0.659681 0.612622 0.0739776 -0.0578275 0.571968
 0.485212 0.446283 0.070867 -0.0560033 0.413262
 0.367883 0.335167 0.0674976 -0.0540537 0.307957
 0.278293 0.251091 0.0636504 -0.0514232 0.228859
 0.220263 0.196856 0.0607453 -0.0495493 0.178053
 0.172162 0.152382 0.056683 -0.0467668 0.136767
 0.138092 0.121028 0.0541118 -0.0448973 0.107748
 0 0 0 0 0
 0 0 0 0 0
 0 0 0 0 0
 0 0 0 0 0
 0 0 0 0 0
 0 0 0 0 0
 0 0 0 0 0
 0 0 0 0 0
 0 0 0 0 0
 0 0 0 0 0
 0 0 0 0 0
 0 0 0 0 0
 0 0 0 0 0
 0 0 0 0 0
 0 0 0 0 0
 0 0 0 0 0
 0 0 0 0 0
 0 0 0 0 0
 0 0 0 0 0
 0 0 0 0 0
 0 0 0 0 0
 0 0 0 0 0
 0 0 0 0 0
 0 0 0 0 0
 0 0 0 0 0
 0 0 0 0 0
 0 0 0 0 0
 0 0 0 0 0
 0 0 0 0 0
 0 0 0 0 0
 0 0 0 0 0
 0 0 0 0 0
 0 0 0 0 0
 0 0 0 0 0
 0 0 0 0 0
 0 0 0 0 0
 0 0 0 0 0
 0 0 0 0 0
 0 0 0 0 0
 0 0 0 0 0
 0 0 0 0 0
 0 0 0 0 0
 0 0 0 0 0
 0 0 0 0 0
 0 0 0 0 0
 0 0 0 0 0
 0 0 0 0 0
 0 0 0 0 0
 0 0 0 0 0
 0 0 0 0 0
 0 0 0 0 0
 0 0 0 0 0
 0 0 0 0 0
 0 0 0 0 0
 0 0 0 0 0
 0 0 0 0 0
 0 0 0 0 0
 0 0 0 0 0
 0 0 0 0 0
 0 0 0 0 0
 0 0 0 0 0
 0 0 0 0 0
 0 0 0 0 0
 0 0 0 0 0
 0 0 0 0 0
 0 0 0 0 0
 0 0 0 0 0
 0 0 0 0 0
 0 0 0 0 0
 0 0 0 0 0
 0 0 0 0 0
 0 0 0 0 0
 0 0 0 0 0
 0 0 0 0 0
 0 0 0 0 0
 0 0 0 0 0
 0 0 0 0 0
 0 0 0 0 0
 0 0 0 0 0
 0 0 0 0 0
 0 0 0 0 0
 0 0 0 0 0
 0 0 0 0 0
 0 0 0 0 0
 0 0 0 0 0
 0 0 0 0 0
 0 0 0 0 0
 0 0 0 0 0
 0 0 0 0 0
 0 0 0 0 0
 0 0 0 0 0
 0 0 0 0 0
 0 0 0 0 0
 0 0 0 0 0
 0 0 0 0 0
 0 0 0 0 0
 0 0 0 0 0
 0 0 0 0 0
 0 0 0 0 0
 0 0 0 0 0
 0 0 0 0 0
 0 0 0 0 0
 0 0 0 0 0
 0 0 0 0 0
 0 0 0 0 0
 0 0 0 0 0
 0 0 0 0 0
 0 0 0 0 0
 0 0 0 0 0
 57.6371 56.689 0.116457 -0.0838433 55.7624
 11.8756 11.5718 0.10547 -0.0770286 11.2809
 4.66206 4.50034 0.09566 -0.0708951 4.34867
 2.46707 2.35914 0.0896408 -0.0671919 2.26008
 1.46507 1.38777 0.0832179 -0.0633484 1.31821
 0.966767 0.907167 0.0783707 -0.0605314 0.854558
 0.68314 0.634983 0.0750734 -0.058737 0.593267
 0.482911 0.444617 0.0693501 -0.0547732 0.412081
 0.356974 0.325534 0.0647366 -0.0516179 0.299291
 0.274876 0.248314 0.0619179 -0.0499218 0.226572
 0.211057 0.188807 0.0578571 -0.0470657 0.170876
 0.17105 0.1516 0.0553267 -0.0453154 0.136235
 0 0 0 0 0
 0 0 0 0 0
 0 0 0 0 0
 0 0 0 0 0
 0 0 0 0 0
 0 0 0 0 0
 0 0 0 0 0
 0 0 0 0 0
 0 0 0 0 0
 0 0 0 0 0
 0 0 0 0 0
 0 0 0 0 0
 0 0 0 0 0
 0 0 0 0 0
 0 0 0 0 0
 0 0 0 0 0
 0 0 0 0 0
 0 0 0 0 0
 0 0 0 0 0
 0 0 0 0 0
 0 0 0 0 0
 0 0 0 0 0
 0 0 0 0 0
 0 0 0 0 0
 0 0 0 0 0
 0 0 0 0 0
 0 0 0 0 0
 0 0 0 0 0
 0 0 0 0 0
 0 0 0 0 0
 0 0 0 0 0
 0 0 0 0 0
 0 0 0 0 0
 0 0 0 0 0
 0 0 0 0 0
 0 0 0 0 0
 0 0 0 0 0
 0 0 0 0 0
 0 0 0 0 0
 0 0 0 0 0
 0 0 0 0 0
 0 0 0 0 0
 0 0 0 0 0
 0 0 0 0 0
 0 0 0 0 0
 0 0 0 0 0
 0 0 0 0 0
 0 0 0 0 0
 0 0 0 0 0
 0 0 0 0 0
 0 0 0 0 0
 0 0 0 0 0
 0 0 0 0 0
 0 0 0 0 0
 0 0 0 0 0
 0 0 0 0 0
 0 0 0 0 0
 0 0 0 0 0
 0 0 0 0 0
 0 0 0 0 0
 0 0 0 0 0
 0 0 0 0 0
 0 0 0 0 0
 0 0 0 0 0
 0 0 0 0 0
 0 0 0 0 0
 0 0 0 0 0
 0 0 0 0 0
 0 0 0 0 0
 0 0 0 0 0
 0 0 0 0 0
 0 0 0 0 0
 0 0 0 0 0
 0 0 0 0 0
 0 0 0 0 0
 0 0 0 0 0
 0 0 0 0 0
 0 0 0 0 0
 0 0 0 0 0
 0 0 0 0 0
 0 0 0 0 0
 0 0 0 0 0
 0 0 0 0 0
 0 0 0 0 0
 0 0 0 0 0
 0 0 0 0 0
 0 0 0 0 0
 0 0 0 0 0
 0 0 0 0 0
 0 0 0 0 0
 0 0 0 0 0
 0 0 0 0 0
 0 0 0 0 0
 0 0 0 0 0
 0 0 0 0 0
 0 0 0 0 0
 0 0 0 0 0
 0 0 0 0 0
 0 0 0 0 0
 0 0 0 0 0
 0 0 0 0 0
 0 0 0 0 0
 0 0 0 0 0
 0 0 0 0 0
 0 0 0 0 0
 0 0 0 0 0
 0 0 0 0 0
 0 0 0 0 0
 0 0 0 0 0
 0 0 0 0 0
 60.484 59.5073 0.118737 -0.0852967 58.5522
 12.2861 11.9764 0.107223 -0.0779322 11.6798
 4.74733 4.58482 0.0954408 -0.0706142 4.43232
 2.4752 2.36829 0.08885 -0.0664818 2.27003
 1.49357 1.41575 0.0837183 -0.0634049 1.34564
 0.992658 0.932167 0.0788717 -0.0605692 0.878792
 0.690797 0.642636 0.0743462 -0.0578889 0.600857
 0.488661 0.45033 0.0694595 -0.0546768 0.417716
 0.359975 0.328614 0.0644403 -0.0512239 0.302418
 0.273582 0.247395 0.0609171 -0.0488478 0.22591
 0.210283 0.188376 0.0562185 -0.0454071 0.170735
 0 0 0 0 0
 0 0 0 0 0
 0 0 0 0 0
 0 0 0 0 0
 0 0 0 0 0
 0 0 0 0 0
 0 0 0 0 0
 0 0 0 0 0
 0 0 0 0 0
 0 0 0 0 0
 0 0 0 0 0
 0 0 0 0 0
 0 0 0 0 0
 0 0 0 0 0
 0 0 0 0 0
 0 0 0 0 0
 0 0 0 0 0
 0 0 0 0 0
 0 0 0 0 0
 0 0 0 0 0
 0 0 0 0 0
 0 0 0 0 0
 0 0 0 0 0
 0 0 0 0 0
 0 0 0 0 0
 0 0 0 0 0
 0 0 0 0 0
 0 0 0 0 0
 0 0 0 0 0
 0 0 0 0 0
 0 0 0 0 0
 0 0 0 0 0
 0 0 0 0 0
 0 0 0 0 0
 0 0 0 0 0
 0 0 0 0 0
 0 0 0 0 0
 0 0 0 0 0
 0 0 0 0 0
 0 0 0 0 0
 0 0 0 0 0
 0 0 0 0 0
 0 0 0 0 0
 0 0 0 0 0
 0 0 0 0 0
 0 0 0 0 0
 0 0 0 0 0
 0 0 0 0 0
 0 0 0 0 0
 0 0 0 0 0
 0 0 0 0 0
 0 0 0 0 0
 0 0 0 0 0
 0 0 0 0 0
 0 0 0 0 0
 0 0 0 0 0
 0 0 0 0 0
 0 0 0 0 0
 0 0 0 0 0
 0 0 0 0 0
 0 0 0 0 0
 0 0 0 0 0
 0 0 0 0 0
 0 0 0 0 0
 0 0 0 0 0
 0 0 0 0 0
 0 0 0 0 0
 0 0 0 0 0
 0 0 0 0 0
 0 0 0 0 0
 0 0 0 0 0
 0 0 0 0 0
 0 0 0 0 0
 0 0 0 0 0
 0 0 0 0 0
 0 0 0 0 0
 0 0 0 0 0
 0 0 0 0 0
 0 0 0 0 0
 0 0 0 0 0
 0 0 0 0 0
 0 0 0 0 0
 0 0 0 0 0
 0 0 0 0 0
 0 0 0 0 0
 0 0 0 0 0
 0 0 0 0 0
 0 0 0 0 0
 0 0 0 0 0
 0 0 0 0 0
 0 0 0 0 0
 0 0 0 0 0
 0 0 0 0 0
 0 0 0 0 0
 0 0 0 0 0
 0 0 0 0 0
 0 0 0 0 0
 0 0 0 0 0
 0 0 0 0 0
 0 0 0 0 0
 0 0 0 0 0
 0 0 0 0 0
 0 0 0 0 0
 0 0 0 0 0
 0 0 0 0 0
 0 0 0 0 0
 0 0 0 0 0
 0 0 0 0 0
 0 0 0 0 0
 0 0 0 0 0
 0 0 0 0 0
 60.261 59.3053 0.115619 -0.0825021 58.3704
 11.9302 11.6339 0.102524 -0.0742987 11.3499
 4.81828 4.6556 0.0951808 -0.0696496 4.50283
 2.56722 2.45778 0.0897683 -0.0670175 2.3571
 1.47315 1.39728 0.0814124 -0.061479 1.32887
 0.963958 0.905875 0.0763875 -0.058483 0.854492
 0.665252 0.619354 0.0710048 -0.0548902 0.579533
 0.48406 0.446469 0.0678097 -0.0531399 0.414434
 0.361795 0.330582 0.0639552 -0.0505922 0.304486
 0.270201 0.244561 0.0593557 -0.0473774 0.223482
 0 0 0 0 0
 0 0 0 0 0
 0 0 0 0 0
 0 0 0 0 0
 0 0 0 0 0
 0 0 0 0 0
 0 0 0 0 0
 0 0 0 0 0
 0 0 0 0 0
 0 0 0 0 0
 0 0 0 0 0
 0 0 0 0 0
 0 0 0 0 0
 0 0 0 0 0
 0 0 0 0 0
 0 0 0 0 0
 0 0 0 0 0
 0 0 0 0 0
 0 0 0 0 0
 0 0 0 0 0
 0 0 0 0 0
 0 0 0 0 0
 0 0 0 0 0
 0 0 0 0 0
 0 0 0 0 0
 0 0 0 0 0
 0 0 0 0 0
 0 0 0 0 0
 0 0 0 0 0
 0 0 0 0 0
 0 0 0 0 0
 0 0 0 0 0
 0 0 0 0 0
 0 0 0 0 0
 0 0 0 0 0
 0 0 0 0 0
 0 0 0 0 0
 0 0 0 0 0
 0 0 0 0 0
 0 0 0 0 0
 0 0 0 0 0
 0 0 0 0 0
 0 0 0 0 0
 0 0 0 0 0
 0 0 0 0 0
 0 0 0 0 0
 0 0 0 0 0
 0 0 0 0 0
 0 0 0 0 0
 0 0 0 0 0
 0 0 0 0 0
 0 0 0 0 0
 0 0 0 0 0
 0 0 0 0 0
 0 0 0 0 0
 0 0 0 0 0
 0 0 0 0 0
 0 0 0 0 0
 0 0 0 0 0
 0 0 0 0 0
 0 0 0 0 0
 0 0 0 0 0
 0 0 0 0 0
 0 0 0 0 0
 0 0 0 0 0
 0 0 0 0 0
 0 0 0 0 0
 0 0 0 0 0
 0 0 0 0 0
 0 0 0 0 0
 0 0 0 0 0
 0 0 0 0 0
 0 0 0 0 0
 0 0 0 0 0
 0 0 0 0 0
 0 0 0 0 0
 0 0 0 0 0
 0 0 0 0 0
 0 0 0 0 0
 0 0 0 0 0
 0 0 0 0 0
 0 0 0 0 0
 0 0 0 0 0
 0 0 0 0 0
 0 0 0 0 0
 0 0 0 0 0
 0 0 0 0 0
 0 0 0 0 0
 0 0 0 0 0
 0 0 0 0 0
 0 0 0 0 0
 0 0 0 0 0
 0 0 0 0 0
 0 0 0 0 0
 0 0 0 0 0
 0 0 0 0 0
 0 0 0 0 0
 0 0 0 0 0
 0 0 0 0 0
 0 0 0 0 0
 0 0 0 0 0
 0 0 0 0 0
 0 0 0 0 0
 0 0 0 0 0
 0 0 0 0 0
 0 0 0 0 0
 0 0 0 0 0
 0 0 0 0 0
 0 0 0 0 0
 0 0 0 0 0
 0 0 0 0 0
 0 0 0 0 0
 63.2843 62.2987 0.116703 -0.0832143 61.3341
 12.7217 12.4104 0.106527 -0.0770256 12.1118
 4.97968 4.81379 0.0965867 -0.0705397 4.65784
 2.53915 2.43213 0.0887192 -0.0660907 2.3335
 1.50489 1.42833 0.0812418 -0.0610538 1.35918
 0.9547 0.897783 0.0746687 -0.0570574 0.847367
 0.669131 0.623458 0.0708582 -0.0544273 0.583776
 0.48707 0.449648 0.0667643 -0.0521877 0.417696
 0.355114 0.324796 0.0621815 -0.0490628 0.299382
 0 0 0 0 0
 0 0 0 0 0
 0 0 0 0 0
 0 0 0 0 0
 0 0 0 0 0
 0 0 0 0 0
 0 0 0 0 0
 0 0 0 0 0
 0 0 0 0 0
 0 0 0 0 0
 0 0 0 0 0
 0 0 0 0 0
 0 0 0 0 0
 0 0 0 0 0
 0 0 0 0 0
 0 0 0 0 0
 0 0 0 0 0
 0 0 0 0 0
 0 0 0 0 0
 0 0 0 0 0
 0 0 0 0 0
 0 0 0 0 0
 0 0 0 0 0
 0 0 0 0 0
 0 0 0 0 0
 0 0 0 0 0
 0 0 0 0 0
 0 0 0 0 0
 0 0 0 0 0
 0 0 0 0 0
 0 0 0 0 0
 0 0 0 0 0
 0 0 0 0 0
 0 0 0 0 0
 0 0 0 0 0
 0 0 0 0 0
 0 0 0 0 0
 0 0 0 0 0
 0 0 0 0 0
 0 0 0 0 0
 0 0 0 0 0
 0 0 0 0 0
 0 0 0 0 0
 0 0 0 0 0
 0 0 0 0 0
 0 0 0 0 0
 0 0 0 0 0
 0 0 0 0 0
 0 0 0 0 0
 0 0 0 0 0
 0 0 0 0 0
 0 0 0 0 0
 0 0 0 0 0
 0 0 0 0 0
 0 0 0 0 0
 0 0 0 0 0
 0 0 0 0 0
 0 0 0 0 0
 0 0 0 0 0
 0 0 0 0 0
 0 0 0 0 0
 0 0 0 0 0
 0 0 0 0 0
 0 0 0 0 0
 0 0 0 0 0
 0 0 0 0 0
 0 0 0 0 0
 0 0 0 0 0
 0 0 0 0 0
 0 0 0 0 0
 0 0 0 0 0
 0 0 0 0 0
 0 0 0 0 0
 0 0 0 0 0
 0 0 0 0 0
 0 0 0 0 0
 0 0 0 0 0
 0 0 0 0 0
 0 0 0 0 0
 0 0 0 0 0
 0 0 0 0 0
 0 0 0 0 0
 0 0 0 0 0
 0 0 0 0 0
 0 0 0 0 0
 0 0 0 0 0
 0 0 0 0 0
 0 0 0 0 0
 0 0 0 0 0
 0 0 0 0 0
 0 0 0 0 0
 0 0 0 0 0
 0 0 0 0 0
 0 0 0 0 0
 0 0 0 0 0
 0 0 0 0 0
 0 0 0 0 0
 0 0 0 0 0
 0 0 0 0 0
 0 0 0 0 0
 0 0 0 0 0
 0 0 0 0 0
 0 0 0 0 0
 0 0 0 0 0
 0 0 0 0 0
 0 0 0 0 0
 0 0 0 0 0
 0 0 0 0 0
 0 0 0 0 0
 0 0 0 0 0
 0 0 0 0 0
 0 0 0 0 0
 0 0 0 0 0
 63.5577 62.5853 0.1151 -0.0809859 61.6334
 12.6239 12.3196 0.104714 -0.0751036 12.0273
 5.00454 4.83989 0.0962758 -0.0699743 4.6851
 2.55409 2.44774 0.0874942 -0.0645978 2.34972
 1.48719 1.41232 0.0799116 -0.0596777 1.34458
 0.988217 0.929933 0.076253 -0.0579778 0.878225
 0.675437 0.629815 0.0705656 -0.0541728 0.590117
 0.476511 0.440252 0.0648878 -0.050472 0.409282
 0 0 0 0 0
 0 0 0 0 0
 0 0 0 0 0
 0 0 0 0 0
 0 0 0 0 0
 0 0 0 0 0
 0 0 0 0 0
 0 0 0 0 0
 0 0 0 0 0
 0 0 0 0 0
 0 0 0 0 0
 0 0 0 0 0
 0 0 0 0 0
 0 0 0 0 0
 0 0 0 0 0
 0 0 0 0 0
 0 0 0 0 0
 0 0 0 0 0
 0 0 0 0 0
 0 0 0 0 0
 0 0 0 0 0
 0 0 0 0 0
 0 0 0 0 0
 0 0 0 0 0
 0 0 0 0 0
 0 0 0 0 0
 0 0 0 0 0
 0 0 0 0 0
 0 0 0 0 0
 0 0 0 0 0
 0 0 0 0 0
 0 0 0 0 0
 0 0 0 0 0
 0 0 0 0 0
 0 0 0 0 0
 0 0 0 0 0
 0 0 0 0 0
 0 0 0 0 0
 0 0 0 0 0
 0 0 0 0 0
 0 0 0 0 0
 0 0 0 0 0
 0 0 0 0 0
 0 0 0 0 0
 0 0 0 0 0
 0 0 0 0 0
 0 0 0 0 0
 0 0 0 0 0
 0 0 0 0 0
 0 0 0 0 0
 0 0 0 0 0
 0 0 0 0 0
 0 0 0 0 0
 0 0 0 0 0
 0 0 0 0 0
 0 0 0 0 0
 0 0 0 0 0
 0 0 0 0 0
 0 0 0 0 0
 0 0 0 0 0
 0 0 0 0 0
 0 0 0 0 0
 0 0 0 0 0
 0 0 0 0 0
 0 0 0 0 0
 0 0 0 0 0
 0 0 0 0 0
 0 0 0 0 0
 0 0 0 0 0
 0 0 0 0 0
 0 0 0 0 0
 0 0 0 0 0
 0 0 0 0 0
 0 0 0 0 0
 0 0 0 0 0
 0 0 0 0 0
 0 0 0 0 0
 0 0 0 0 0
 0 0 0 0 0
 0 0 0 0 0
 0 0 0 0 0
 0 0 0 0 0
 0 0 0 0 0
 0 0 0 0 0
 0 0 0 0 0
 0 0 0 0 0
 0 0 0 0 0
 0 0 0 0 0
 0 0 0 0 0
 0 0 0 0 0
 0 0 0 0 0
 0 0 0 0 0
 0 0 0 0 0
 0 0 0 0 0
 0 0 0 0 0
 0 0 0 0 0
 0 0 0 0 0
 0 0 0 0 0
 0 0 0 0 0
 0 0 0 0 0
 0 0 0 0 0
 0 0 0 0 0
 0 0 0 0 0
 0 0 0 0 0
 0 0 0 0 0
 0 0 0 0 0
 0 0 0 0 0
 0 0 0 0 0
 0 0 0 0 0
 0 0 0 0 0
 0 0 0 0 0
 0 0 0 0 0
 0 0 0 0 0
 0 0 0 0 0
 63.4026 62.4495 0.11225 -0.078883 61.5162
 12.719 12.4167 0.103259 -0.0734121 12.1263
 4.96632 4.80506 0.0936008 -0.0679216 4.65323
 2.49147 2.38898 0.0848767 -0.0624967 2.29435
 1.5134 1.43808 0.0803727 -0.0598832 1.36993
 0.975742 0.918825 0.0744438 -0.0562736 0.868275
 0.68307 0.637456 0.0699961 -0.0535098 0.597696
 0 0 0 0 0
 0 0 0 0 0
 0 0 0 0 0
 0 0 0 0 0
 0 0 0 0 0
 0 0 0 0 0
 0 0 0 0 0
 0 0 0 0 0
 0 0 0 0 0
 0 0 0 0 0
 0 0 0 0 0
 0 0 0 0 0
 0 0 0 0 0
 0 0 0 0 0
 0 0 0 0 0
 0 0 0 0 0
 0 0 0 0 0
 0 0 0 0 0
 0 0 0 0 0
 0 0 0 0 0
 0 0 0 0 0
 0 0 0 0 0
 0 0 0 0 0
 0 0 0 0 0
 0 0 0 0 0
 0 0 0 0 0
 0 0 0 0 0
 0 0 0 0 0
 0 0 0 0 0
 0 0 0 0 0
 0 0 0 0 0
 0 0 0 0 0
 0 0 0 0 0
 0 0 0 0 0
 0 0 0 0 0
 0 0 0 0 0
 0 0 0 0 0
 0 0 0 0 0
 0 0 0 0 0
 0 0 0 0 0
 0 0 0 0 0
 0 0 0 0 0
 0 0 0 0 0
 0 0 0 0 0
 0 0 0 0 0
 0 0 0 0 0
 0 0 0 0 0
 0 0 0 0 0
 0 0 0 0 0
 0 0 0 0 0
 0 0 0 0 0
 0 0 0 0 0
 0 0 0 0 0
 0 0 0 0 0
 0 0 0 0 0
 0 0 0 0 0
 0 0 0 0 0
 0 0 0 0 0
 0 0 0 0 0
 0 0 0 0 0
 0 0 0 0 0
 0 0 0 0 0
 0 0 0 0 0
 0 0 0 0 0
 0 0 0 0 0
 0 0 0 0 0
 0 0 0 0 0
 0 0 0 0 0
 0 0 0 0 0
 0 0 0 0 0
 0 0 0 0 0
 0 0 0 0 0
 0 0 0 0 0
 0 0 0 0 0
 0 0 0 0 0
 0 0 0 0 0
 0 0 0 0 0
 0 0 0 0 0
 0 0 0 0 0
 0 0 0 0 0
 0 0 0 0 0
 0 0 0 0 0
 0 0 0 0 0
 0 0 0 0 0
 0 0 0 0 0
 0 0 0 0 0
 0 0 0 0 0
 0 0 0 0 0
 0 0 0 0 0
 0 0 0 0 0
 0 0 0 0 0
 0 0 0 0 0
 0 0 0 0 0
 0 0 0 0 0
 0 0 0 0 0
 0 0 0 0 0
 0 0 0 0 0
 0 0 0 0 0
 0 0 0 0 0
 0 0 0 0 0
 0 0 0 0 0
 0 0 0 0 0
 0 0 0 0 0
 0 0 0 0 0
 0 0 0 0 0
 0 0 0 0 0
 0 0 0 0 0
 0 0 0 0 0
 0 0 0 0 0
 0 0 0 0 0
 0 0 0 0 0
 0 0 0 0 0
 0 0 0 0 0
 0 0 0 0 0
 0 0 0 0 0
 65.7208 64.7502 0.112182 -0.0785576 63.7992
 13.1797 12.8709 0.104875 -0.0748039 12.5743
 5.09984 4.93637 0.0939817 -0.0679882 4.78234
 2.52139 2.41882 0.0843233 -0.0614875 2.32408
 1.55743 1.48085 0.0805723 -0.0600261 1.41143
 0.983492 0.926783 0.0727086 -0.0546822 0.876417
 0 0 0 0 0
 0 0 0 0 0
 0 0 0 0 0
 0 0 0 0 0
 0 0 0 0 0
 0 0 0 0 0
 0 0 0 0 0
 0 0 0 0 0
 0 0 0 0 0
 0 0 0 0 0
 0 0 0 0 0
 0 0 0 0 0
 0 0 0 0 0
 0 0 0 0 0
 0 0 0 0 0
 0 0 0 0 0
 0 0 0 0 0
 0 0 0 0 0
 0 0 0 0 0
 0 0 0 0 0
 0 0 0 0 0
 0 0 0 0 0
 0 0 0 0 0
 0 0 0 0 0
 0 0 0 0 0
 0 0 0 0 0
 0 0 0 0 0
 0 0 0 0 0
 0 0 0 0 0
 0 0 0 0 0
 0 0 0 0 0
 0 0 0 0 0
 0 0 0 0 0
 0 0 0 0 0
 0 0 0 0 0
 0 0 0 0 0
 0 0 0 0 0
 0 0 0 0 0
 0 0 0 0 0
 0 0 0 0 0
 0 0 0 0 0
 0 0 0 0 0
 0 0 0 0 0
 0 0 0 0 0
 0 0 0 0 0
 0 0 0 0 0
 0 0 0 0 0
 0 0 0 0 0
 0 0 0 0 0
 0 0 0 0 0
 0 0 0 0 0
 0 0 0 0 0
 0 0 0 0 0
 0 0 0 0 0
 0 0 0 0 0
 0 0 0 0 0
 0 0 0 0 0
 0 0 0 0 0
 0 0 0 0 0
 0 0 0 0 0
 0 0 0 0 0
 0 0 0 0 0
 0 0 0 0 0
 0 0 0 0 0
 0 0 0 0 0
 0 0 0 0 0
 0 0 0 0 0
 0 0 0 0 0
 0 0 0 0 0
 0 0 0 0 0
 0 0 0 0 0
 0 0 0 0 0
 0 0 0 0 0
 0 0 0 0 0
 0 0 0 0 0
 0 0 0 0 0
 0 0 0 0 0
 0 0 0 0 0
 0 0 0 0 0
 0 0 0 0 0
 0 0 0 0 0
 0 0 0 0 0
 0 0 0 0 0
 0 0 0 0 0
 0 0 0 0 0
 0 0 0 0 0
 0 0 0 0 0
 0 0 0 0 0
 0 0 0 0 0
 0 0 0 0 0
 0 0 0 0 0
 0 0 0 0 0
 0 0 0 0 0
 0 0 0 0 0
 0 0 0 0 0
 0 0 0 0 0
 0 0 0 0 0
 0 0 0 0 0
 0 0 0 0 0
 0 0 0 0 0
 0 0 0 0 0
 0 0 0 0 0
 0 0 0 0 0
 0 0 0 0 0
 0 0 0 0 0
 0 0 0 0 0
 0 0 0 0 0
 0 0 0 0 0
 0 0 0 0 0
 0 0 0 0 0
 0 0 0 0 0
 0 0 0 0 0
 0 0 0 0 0
 0 0 0 0 0
 0 0 0 0 0
 0 0 0 0 0
 65.739 64.7848 0.109165 -0.0759598 63.8497
 12.8509 12.554 0.0996167 -0.0705135 12.2686
 5.28967 5.12226 0.095735 -0.068741 4.96448
 2.6392 2.53319 0.0860092 -0.0627551 2.43518
 1.52931 1.45488 0.0784143 -0.0582259 1.38735
 0 0 0 0 0
 0 0 0 0 0
 0 0 0 0 0
 0 0 0 0 0
 0 0 0 0 0
 0 0 0 0 0
 0 0 0 0 0
 0 0 0 0 0
 0 0 0 0 0
 0 0 0 0 0
 0 0 0 0 0
 0 0 0 0 0
 0 0 0 0 0
 0 0 0 0 0
 0 0 0 0 0
 0 0 0 0 0
 0 0 0 0 0
 0 0 0 0 0
 0 0 0 0 0
 0 0 0 0 0
 0 0 0 0 0
 0 0 0 0 0
 0 0 0 0 0
 0 0 0 0 0
 0 0 0 0 0
 0 0 0 0 0
 0 0 0 0 0
 0 0 0 0 0
 0 0 0 0 0
 0 0 0 0 0
 0 0 0 0 0
 0 0 0 0 0
 0 0 0 0 0
 0 0 0 0 0
 0 0 0 0 0
 0 0 0 0 0
 0 0 0 0 0
 0 0 0 0 0
 0 0 0 0 0
 0 0 0 0 0
 0 0 0 0 0
 0 0 0 0 0
 0 0 0 0 0
 0 0 0 0 0
 0 0 0 0 0
 0 0 0 0 0
 0 0 0 0 0
 0 0 0 0 0
 0 0 0 0 0
 0 0 0 0 0
 0 0 0 0 0
 0 0 0 0 0
 0 0 0 0 0
 0 0 0 0 0
 0 0 0 0 0
 0 0 0 0 0
 0 0 0 0 0
 0 0 0 0 0
 0 0 0 0 0
 0 0 0 0 0
 0 0 0 0 0
 0 0 0 0 0
 0 0 0 0 0
 0 0 0 0 0
 0 0 0 0 0
 0 0 0 0 0
 0 0 0 0 0
 0 0 0 0 0
 0 0 0 0 0
 0 0 0 0 0
 0 0 0 0 0
 0 0 0 0 0
 0 0 0 0 0
 0 0 0 0 0
 0 0 0 0 0
 0 0 0 0 0
 0 0 0 0 0
 0 0 0 0 0
 0 0 0 0 0
 0 0 0 0 0
 0 0 0 0 0
 0 0 0 0 0
 0 0 0 0 0
 0 0 0 0 0
 0 0 0 0 0
 0 0 0 0 0
 0 0 0 0 0
 0 0 0 0 0
 0 0 0 0 0
 0 0 0 0 0
 0 0 0 0 0
 0 0 0 0 0
 0 0 0 0 0
 0 0 0 0 0
 0 0 0 0 0
 0 0 0 0 0
 0 0 0 0 0
 0 0 0 0 0
 0 0 0 0 0
 0 0 0 0 0
 0 0 0 0 0
 0 0 0 0 0
 0 0 0 0 0
 0 0 0 0 0
 0 0 0 0 0
 0 0 0 0 0
 0 0 0 0 0
 0 0 0 0 0
 0 0 0 0 0
 0 0 0 0 0
 0 0 0 0 0
 0 0 0 0 0
 0 0 0 0 0
 0 0 0 0 0
 0 0 0 0 0
 0 0 0 0 0
 0 0 0 0 0
 67.6531 66.6879 0.109291 -0.0758762 65.7417
 13.3285 13.0249 0.101807 -0.0713863 12.733
 5.14766 4.98673 0.0923275 -0.0661748 4.83491
 2.59235 2.48941 0.0840083 -0.0610256 2.39416
 0 0 0 0 0
 0 0 0 0 0
 0 0 0 0 0
 0 0 0 0 0
 0 0 0 0 0
 0 0 0 0 0
 0 0 0 0 0
 0 0 0 0 0
 0 0 0 0 0
 0 0 0 0 0
 0 0 0 0 0
 0 0 0 0 0
 0 0 0 0 0
 0 0 0 0 0
 0 0 0 0 0
 0 0 0 0 0
 0 0 0 0 0
 0 0 0 0 0
 0 0 0 0 0
 0 0 0 0 0
 0 0 0 0 0
 0 0 0 0 0
 0 0 0 0 0
 0 0 0 0 0
 0 0 0 0 0
 0 0 0 0 0
 0 0 0 0 0
 0 0 0 0 0
 0 0 0 0 0
 0 0 0 0 0
 0 0 0 0 0
 0 0 0 0 0
 0 0 0 0 0
 0 0 0 0 0
 0 0 0 0 0
 0 0 0 0 0
 0 0 0 0 0
 0 0 0 0 0
 0 0 0 0 0
 0 0 0 0 0
 0 0 0 0 0
 0 0 0 0 0
 0 0 0 0 0
 0 0 0 0 0
 0 0 0 0 0
 0 0 0 0 0
 0 0 0 0 0
 0 0 0 0 0
 0 0 0 0 0
 0 0 0 0 0
 0 0 0 0 0
 0 0 0 0 0
 0 0 0 0 0
 0 0 0 0 0
 0 0 0 0 0
 0 0 0 0 0
 0 0 0 0 0
 0 0 0 0 0
 0 0 0 0 0
 0 0 0 0 0
 0 0 0 0 0
 0 0 0 0 0
 0 0 0 0 0
 0 0 0 0 0
 0 0 0 0 0
 0 0 0 0 0
 0 0 0 0 0
 0 0 0 0 0
 0 0 0 0 0
 0 0 0 0 0
 0 0 0 0 0
 0 0 0 0 0
 0 0 0 0 0
 0 0 0 0 0
 0 0 0 0 0
 0 0 0 0 0
 0 0 0 0 0
 0 0 0 0 0
 0 0 0 0 0
 0 0 0 0 0
 0 0 0 0 0
 0 0 0 0 0
 0 0 0 0 0
 0 0 0 0 0
 0 0 0 0 0
 0 0 0 0 0
 0 0 0 0 0
 0 0 0 0 0
 0 0 0 0 0
 0 0 0 0 0
 0 0 0 0 0
 0 0 0 0 0
 0 0 0 0 0
 0 0 0 0 0
 0 0 0 0 0
 0 0 0 0 0
 0 0 0 0 0
 0 0 0 0 0
 0 0 0 0 0
 0 0 0 0 0
 0 0 0 0 0
 0 0 0 0 0
 0 0 0 0 0
 0 0 0 0 0
 0 0 0 0 0
 0 0 0 0 0
 0 0 0 0 0
 0 0 0 0 0
 0 0 0 0 0
 0 0 0 0 0
 0 0 0 0 0
 0 0 0 0 0
 0 0 0 0 0
 0 0 0 0 0
 0 0 0 0 0
 0 0 0 0 0
 0 0 0 0 0
 0 0 0 0 0
 72.6902 71.6708 0.114556 -0.0786807 70.6713
 13.3723 13.0719 0.100711 -0.0706925 12.7828
 5.15592 4.99672 0.0907942 -0.0646226 4.84648
 0 0 0 0 0
 0 0 0 0 0
 0 0 0 0 0
 0 0 0 0 0
 0 0 0 0 0
 0 0 0 0 0
 0 0 0 0 0
 0 0 0 0 0
 0 0 0 0 0
 0 0 0 0 0
 0 0 0 0 0
 0 0 0 0 0
 0 0 0 0 0
 0 0 0 0 0
 0 0 0 0 0
 0 0 0 0 0
 0 0 0 0 0
 0 0 0 0 0
 0 0 0 0 0
 0 0 0 0 0
 0 0 0 0 0
 0 0 0 0 0
 0 0 0 0 0
 0 0 0 0 0
 0 0 0 0 0
 0 0 0 0 0
 0 0 0 0 0
 0 0 0 0 0
 0 0 0 0 0
 0 0 0 0 0
 0 0 0 0 0
 0 0 0 0 0
 0 0 0 0 0
 0 0 0 0 0
 0 0 0 0 0
 0 0 0 0 0
 0 0 0 0 0
 0 0 0 0 0
 0 0 0 0 0
 0 0 0 0 0
 0 0 0 0 0
 0 0 0 0 0
 0 0 0 0 0
 0 0 0 0 0
 0 0 0 0 0
 0 0 0 0 0
 0 0 0 0 0
 0 0 0 0 0
 0 0 0 0 0
 0 0 0 0 0
 0 0 0 0 0
 0 0 0 0 0
 0 0 0 0 0
 0 0 0 0 0
 0 0 0 0 0
 0 0 0 0 0
 0 0 0 0 0
 0 0 0 0 0
 0 0 0 0 0
 0 0 0 0 0
 0 0 0 0 0
 0 0 0 0 0
 0 0 0 0 0
 0 0 0 0 0
 0 0 0 0 0
 0 0 0 0 0
 0 0 0 0 0
 0 0 0 0 0
 0 0 0 0 0
 0 0 0 0 0
 0 0 0 0 0
 0 0 0 0 0
 0 0 0 0 0
 0 0 0 0 0
 0 0 0 0 0
 0 0 0 0 0
 0 0 0 0 0
 0 0 0 0 0
 0 0 0 0 0
 0 0 0 0 0
 0 0 0 0 0
 0 0 0 0 0
 0 0 0 0 0
 0 0 0 0 0
 0 0 0 0 0
 0 0 0 0 0
 0 0 0 0 0
 0 0 0 0 0
 0 0 0 0 0
 0 0 0 0 0
 0 0 0 0 0
 0 0 0 0 0
 0 0 0 0 0
 0 0 0 0 0
 0 0 0 0 0
 0 0 0 0 0
 0 0 0 0 0
 0 0 0 0 0
 0 0 0 0 0
 0 0 0 0 0
 0 0 0 0 0
 0 0 0 0 0
 0 0 0 0 0
 0 0 0 0 0
 0 0 0 0 0
 0 0 0 0 0
 0 0 0 0 0
 0 0 0 0 0
 0 0 0 0 0
 0 0 0 0 0
 0 0 0 0 0
 0 0 0 0 0
 0 0 0 0 0
 0 0 0 0 0
 0 0 0 0 0
 0 0 0 0 0
 0 0 0 0 0
 0 0 0 0 0
 0 0 0 0 0
 70.073 69.1067 0.108747 -0.0745051 68.1587
 13.5721 13.2714 0.101191 -0.0703301 12.9818
 0 0 0 0 0
 0 0 0 0 0
 0 0 0 0 0
 0 0 0 0 0
 0 0 0 0 0
 0 0 0 0 0
 0 0 0 0 0
 0 0 0 0 0
 0 0 0 0 0
 0 0 0 0 0
 0 0 0 0 0
 0 0 0 0 0
 0 0 0 0 0
 0 0 0 0 0
 0 0 0 0 0
 0 0 0 0 0
 0 0 0 0 0
 0 0 0 0 0
 0 0 0 0 0
 0 0 0 0 0
 0 0 0 0 0
 0 0 0 0 0
 0 0 0 0 0
 0 0 0 0 0
 0 0 0 0 0
 0 0 0 0 0
 0 0 0 0 0
 0 0 0 0 0
 0 0 0 0 0
 0 0 0 0 0
 0 0 0 0 0
 0 0 0 0 0
 0 0 0 0 0
 0 0 0 0 0
 0 0 0 0 0
 0 0 0 0 0
 0 0 0 0 0
 0 0 0 0 0
 0 0 0 0 0
 0 0 0 0 0
 0 0 0 0 0
 0 0 0 0 0
 0 0 0 0 0
 0 0 0 0 0
 0 0 0 0 0
 0 0 0 0 0
 0 0 0 0 0
 0 0 0 0 0
 0 0 0 0 0
 0 0 0 0 0
 0 0 0 0 0
 0 0 0 0 0
 0 0 0 0 0
 0 0 0 0 0
 0 0 0 0 0
 0 0 0 0 0
 0 0 0 0 0
 0 0 0 0 0
 0 0 0 0 0
 0 0 0 0 0
 0 0 0 0 0
 0 0 0 0 0
 0 0 0 0 0
 0 0 0 0 0
 0 0 0 0 0
 0 0 0 0 0
 0 0 0 0 0
 0 0 0 0 0
 0 0 0 0 0
 0 0 0 0 0
 0 0 0 0 0
 0 0 0 0 0
 0 0 0 0 0
 0 0 0 0 0
 0 0 0 0 0
 0 0 0 0 0
 0 0 0 0 0
 0 0 0 0 0
 0 0 0 0 0
 0 0 0 0 0
 0 0 0 0 0
 0 0 0 0 0
 0 0 0 0 0
 0 0 0 0 0
 0 0 0 0 0
 0 0 0 0 0
 0 0 0 0 0
 0 0 0 0 0
 0 0 0 0 0
 0 0 0 0 0
 0 0 0 0 0
 0 0 0 0 0
 0 0 0 0 0
 0 0 0 0 0
 0 0 0 0 0
 0 0 0 0 0
 0 0 0 0 0
 0 0 0 0 0
 0 0 0 0 0
 0 0 0 0 0
 0 0 0 0 0
 0 0 0 0 0
 0 0 0 0 0
 0 0 0 0 0
 0 0 0 0 0
 0 0 0 0 0
 0 0 0 0 0
 0 0 0 0 0
 0 0 0 0 0
 0 0 0 0 0
 0 0 0 0 0
 0 0 0 0 0
 0 0 0 0 0
 0 0 0 0 0
 0 0 0 0 0
 0 0 0 0 0
 0 0 0 0 0
 0 0 0 0 0
 0 0 0 0 0
 0 0 0 0 0
 73.0057 72.0159 0.109152 -0.0744929 71.0445
